Time_ms,X,Y,Z
0.0,9,-9,279
2.5,9,-6,304
5.0,8,-8,302
7.5,9,-9,305
10.0,10,-7,302
12.5,11,-9,302
15.0,10,-6,300
17.5,10,-6,300
20.0,11,-8,302
22.5,10,-7,302
25.0,10,-8,306
27.5,12,-9,303
30.0,12,-7,302
32.5,9,-3,303
35.0,11,-7,306
37.5,12,-7,303
40.0,8,-6,303
42.5,10,-10,305
45.0,9,-7,306
47.5,9,-8,301
50.0,9,-7,302
52.5,13,-10,303
55.0,12,-10,304
57.5,9,-8,303
60.0,10,-8,305
62.5,11,-8,301
65.0,8,-8,306
67.5,8,-8,306
70.0,9,-5,307
72.5,8,-6,300
75.0,9,-8,303
77.5,7,-6,302
80.0,10,-8,304
82.5,10,-7,302
85.0,9,-7,302
87.5,10,-5,302
90.0,10,-9,300
92.5,10,-9,301
95.0,8,-7,305
97.5,10,-7,302
100.0,7,-8,303
102.5,10,-6,306
105.0,8,-7,300
107.5,10,-9,303
110.0,10,-8,303
112.5,8,-7,304
115.0,8,-7,299
117.5,8,-7,299
120.0,10,-9,304
122.5,10,-7,302
125.0,11,-9,302
127.5,8,-8,304
130.0,11,-9,304
132.5,10,-7,304
135.0,11,-7,304
137.5,12,-9,303
140.0,9,-9,304
142.5,7,-8,302
145.0,10,-6,302
147.5,8,-8,302
150.0,9,-7,304
152.5,12,-7,304
155.0,8,-8,302
157.5,10,-7,301
160.0,10,-6,304
162.5,10,-8,302
165.0,9,-9,304
167.5,9,-9,304
170.0,11,-10,305
172.5,9,-7,302
175.0,7,-7,300
177.5,10,-6,304
180.0,11,-9,301
182.5,11,-9,301
185.0,9,-5,303
187.5,12,-7,307
190.0,9,-5,303
192.5,9,-6,304
195.0,11,-9,305
197.5,9,-7,305
200.0,10,-8,305
202.5,11,-9,305
205.0,11,-9,301
207.5,8,-6,303
210.0,12,-9,302
212.5,10,-9,301
215.0,9,-5,300
217.5,9,-5,300
220.0,11,-7,300
222.5,10,-7,304
225.0,9,-6,306
227.5,8,-7,300
230.0,9,-8,303
232.5,12,-8,304
235.0,12,-6,303
237.5,13,-7,306
240.0,8,-7,304
242.5,7,-8,303
245.0,10,-9,303
247.5,10,-7,305
250.0,10,-8,305
252.5,11,-9,304
255.0,9,-9,301
257.5,10,-8,302
260.0,9,-8,300
262.5,10,-9,303
265.0,12,-9,305
267.5,12,-9,305
270.0,10,-9,303
272.5,11,-6,301
275.0,10,-6,302
277.5,10,-3,305
280.0,11,-9,308
282.5,11,-8,305
285.0,10,-5,301
287.5,9,-6,303
290.0,12,-8,305
292.5,9,-7,306
295.0,11,-9,303
297.5,8,-6,304
300.0,8,-9,305
302.5,9,-7,300
305.0,9,-8,304
307.5,10,-7,304
310.0,9,-8,304
312.5,12,-10,306
315.0,10,-9,305
317.5,10,-9,305
320.0,7,-7,301
322.5,9,-8,302
325.0,11,-5,304
327.5,12,-7,301
330.0,11,-6,302
332.5,14,-7,300
335.0,11,-5,302
337.5,8,-5,302
340.0,10,-8,306
342.5,7,-8,305
345.0,9,-7,304
347.5,10,-6,301
350.0,8,-8,306
352.5,11,-8,305
355.0,11,-8,304
357.5,11,-9,305
360.0,10,-6,303
362.5,11,-8,306
365.0,9,-8,304
367.5,9,-8,304
370.0,11,-7,299
372.5,8,-6,307
375.0,9,-7,303
377.5,8,-8,301
380.0,13,-9,303
382.5,11,-11,303
385.0,10,-8,302
387.5,9,-6,304
390.0,10,-6,306
392.5,11,-7,301
395.0,11,-8,301
397.5,10,-8,302
400.0,12,-8,301
402.5,8,-7,303
405.0,8,-7,304
407.5,10,-9,304
410.0,10,-9,300
412.5,10,-7,300
415.0,9,-8,304
417.5,9,-8,304
420.0,11,-7,302
422.5,12,-11,305
425.0,9,-7,303
427.5,11,-6,305
430.0,9,-7,301
432.5,15,-9,306
435.0,11,-5,303
437.5,11,-7,305
440.0,10,-7,304
442.5,9,-10,303
445.0,8,-8,307
447.5,11,-7,304
450.0,10,-8,303
452.5,11,-8,302
455.0,8,-7,304
457.5,11,-8,303
460.0,10,-8,304
462.5,10,-9,305
465.0,10,-10,303
467.5,10,-10,303
470.0,10,-9,305
472.5,10,-8,302
475.0,10,-7,302
477.5,9,-6,304
480.0,9,-8,304
482.5,12,-6,300
485.0,11,-6,304
487.5,11,-7,306
490.0,10,-7,304
492.5,9,-6,304
495.0,9,-5,305
497.5,8,-8,301
500.0,10,-8,305
502.5,11,-8,304
505.0,10,-10,299
507.5,11,-7,303
510.0,8,-5,305
512.5,9,-12,301
515.0,9,-12,301
517.5,11,-9,303
520.0,11,-8,305
522.5,10,-10,303
525.0,11,-6,307
527.5,9,-7,302
530.0,9,-9,303
532.5,10,-4,305
535.0,11,-7,305
537.5,11,-9,305
540.0,10,-9,303
542.5,11,-7,306
545.0,9,-6,305
547.5,9,-6,304
550.0,10,-5,304
552.5,11,-9,303
555.0,10,-8,303
557.5,10,-7,304
560.0,8,-6,302
562.5,10,-9,300
565.0,10,-9,300
567.5,9,-7,303
570.0,10,-8,305
572.5,13,-9,307
575.0,11,-9,305
577.5,8,-7,303
580.0,11,-5,300
582.5,10,-4,304
585.0,9,-7,304
587.5,10,-7,308
590.0,14,-9,306
592.5,10,-8,302
595.0,10,-7,303
597.5,10,-6,300
600.0,11,-6,303
602.5,12,-9,304
605.0,11,-9,304
607.5,10,-9,305
610.0,11,-10,306
612.5,11,-9,304
615.0,11,-9,304
617.5,10,-8,304
620.0,9,-5,300
622.5,7,-8,303
625.0,10,-6,304
627.5,10,-7,304
630.0,9,-5,305
632.5,10,-5,303
635.0,9,-5,303
637.5,11,-9,301
640.0,10,-4,304
642.5,11,-9,305
645.0,9,-9,305
647.5,10,-8,302
650.0,9,-8,303
652.5,9,-8,302
655.0,9,-9,300
657.5,9,-7,303
660.0,9,-6,304
662.5,10,-7,306
665.0,10,-7,306
667.5,11,-7,306
670.0,10,-6,306
672.5,9,-7,301
675.0,13,-7,301
677.5,9,-9,307
680.0,9,-8,308
682.5,10,-6,305
685.0,9,-6,301
687.5,12,-5,303
690.0,10,-6,303
692.5,9,-8,308
695.0,9,-6,305
697.5,9,-8,304
700.0,10,-8,302
702.5,10,-10,304
705.0,9,-7,302
707.5,10,-7,304
710.0,9,-8,304
712.5,9,-8,302
715.0,9,-8,302
717.5,7,-7,305
720.0,10,-8,303
722.5,9,-5,304
725.0,10,-7,304
727.5,11,-8,304
730.0,10,-7,303
732.5,8,-7,303
735.0,10,-7,305
737.5,11,-9,305
740.0,8,-8,304
742.5,10,-7,302
745.0,11,-5,305
747.5,11,-9,305
750.0,10,-10,300
752.5,9,-9,305
755.0,9,-9,304
757.5,11,-9,301
760.0,8,-9,301
762.5,10,-9,302
765.0,10,-9,302
767.5,10,-11,303
770.0,10,-8,304
772.5,11,-8,303
775.0,13,-8,300
777.5,8,-6,303
780.0,11,-8,305
782.5,12,-5,304
785.0,10,-9,303
787.5,9,-5,302
790.0,9,-6,303
792.5,11,-7,301
795.0,11,-8,302
797.5,10,-11,301
800.0,9,-7,301
802.5,10,-9,301
805.0,11,-10,304
807.5,9,-5,303
810.0,10,-10,303
812.5,9,-9,302
815.0,9,-9,302
817.5,8,-7,302
820.0,8,-3,302
822.5,10,-8,308
825.0,12,-8,302
827.5,9,-6,305
830.0,13,-6,305
832.5,10,-4,299
835.0,7,-7,302
837.5,10,-6,303
840.0,9,-7,301
842.5,10,-6,302
845.0,9,-8,304
847.5,10,-8,303
850.0,10,-8,302
852.5,9,-6,300
855.0,8,-7,302
857.5,10,-9,302
860.0,11,-8,303
862.5,10,-9,301
865.0,10,-9,301
867.5,8,-8,301
870.0,9,-8,301
872.5,10,-7,301
875.0,7,-6,301
877.5,10,-6,302
880.0,14,-11,303
882.5,11,-5,298
885.0,9,-10,302
887.5,11,-7,302
890.0,9,-6,303
892.5,8,-4,306
895.0,10,-7,304
897.5,8,-8,304
900.0,12,-9,302
902.5,11,-9,298
905.0,10,-8,302
907.5,9,-7,304
910.0,10,-10,303
912.5,13,-9,302
915.0,13,-9,302
917.5,8,-7,303
920.0,11,-8,303
922.5,12,-7,304
925.0,12,-6,301
927.5,9,-5,301
930.0,12,-9,306
932.5,9,-5,300
935.0,10,-7,307
937.5,11,-8,306
940.0,10,-4,302
942.5,11,-6,303
945.0,10,-8,304
947.5,8,-9,304
950.0,9,-9,304
952.5,10,-6,303
955.0,11,-9,301
957.5,9,-5,302
960.0,7,-7,300
962.5,9,-10,301
965.0,9,-10,301
967.5,9,-8,305
970.0,9,-9,305
972.5,10,-7,303
975.0,10,-7,303
977.5,8,-5,301
980.0,10,-5,302
982.5,6,-7,301
985.0,9,-7,307
987.5,10,-6,304
990.0,10,-6,306
992.5,10,-7,301
995.0,10,-8,301
997.5,7,-6,306
1000.0,10,-8,303
1002.5,9,-9,305
1005.0,8,-7,303
1007.5,11,-11,306
1010.0,8,-9,303
1012.5,11,-10,302
1015.0,11,-10,302
1017.5,7,-9,302
1020.0,9,-11,303
1022.5,12,-6,298
1025.0,8,-7,304
1027.5,13,-10,307
1030.0,12,-7,304
1032.5,9,-3,302
1035.0,9,-4,300
1037.5,9,-7,304
1040.0,10,-8,304
1042.5,8,-6,303
1045.0,11,-9,305
1047.5,10,-9,304
1050.0,10,-8,300
1052.5,9,-9,302
1055.0,8,-9,303
1057.5,8,-6,305
1060.0,10,-9,301
1062.5,10,-9,301
1065.0,9,-8,305
1067.5,9,-7,303
1070.0,9,-8,302
1072.5,8,-5,304
1075.0,10,-8,303
1077.5,9,-6,301
1080.0,11,-7,303
1082.5,7,-9,302
1085.0,9,-8,304
1087.5,10,-8,305
1090.0,8,-6,303
1092.5,10,-7,304
1095.0,8,-5,303
1097.5,10,-9,305
1100.0,9,-10,304
1102.5,9,-8,302
1105.0,9,-9,303
1107.5,9,-9,300
1110.0,8,-9,305
1112.5,8,-9,305
1115.0,11,-8,303
1117.5,12,-9,303
1120.0,12,-9,301
1122.5,11,-6,300
1125.0,9,-5,305
1127.5,8,-8,304
1130.0,8,-6,304
1132.5,10,-6,303
1135.0,11,-7,303
1137.5,12,-9,302
1140.0,7,-5,301
1142.5,8,-4,303
1145.0,11,-8,304
1147.5,11,-7,303
1150.0,10,-8,305
1152.5,9,-8,303
1155.0,11,-9,305
1157.5,9,-8,303
1160.0,11,-9,302
1162.5,11,-9,302
1165.0,9,-7,302
1167.5,8,-5,303
1170.0,9,-9,302
1172.5,10,-8,304
1175.0,11,-7,305
1177.5,12,-5,304
1180.0,12,-5,302
1182.5,10,-9,300
1185.0,10,-5,306
1187.5,10,-8,304
1190.0,9,-8,305
1192.5,9,-5,301
1195.0,9,-6,302
1197.5,10,-10,302
1200.0,11,-7,303
1202.5,11,-8,303
1205.0,11,-9,304
1207.5,8,-7,304
1210.0,10,-9,307
1212.5,10,-9,307
1215.0,11,-10,301
1217.5,10,-9,301
1220.0,11,-4,301
1222.5,10,-4,301
1225.0,8,-5,303
1227.5,9,-6,305
1230.0,10,-8,302
1232.5,8,-6,303
1235.0,11,-6,306
1237.5,11,-7,304
1240.0,10,-8,300
1242.5,9,-7,304
1245.0,9,-5,302
1247.5,10,-8,303
1250.0,10,-9,303
1252.5,9,-9,303
1255.0,11,-6,304
1257.5,12,-8,303
1260.0,12,-10,298
1262.5,12,-10,298
1265.0,8,-7,305
1267.5,10,-8,307
1270.0,9,-8,304
1272.5,12,-8,304
1275.0,11,-5,306
1277.5,10,-6,306
1280.0,9,-8,304
1282.5,8,-8,306
1285.0,9,-7,306
1287.5,9,-7,304
1290.0,11,-7,306
1292.5,9,-7,308
1295.0,10,-9,304
1297.5,11,-10,302
1300.0,9,-9,301
1302.5,9,-6,306
1305.0,10,-8,304
1307.5,11,-9,305
1310.0,10,-9,301
1312.5,10,-9,301
1315.0,14,-9,301
1317.5,8,-9,305
1320.0,9,-9,303
1322.5,8,-9,302
1325.0,9,-8,304
1327.5,11,-7,304
1330.0,10,-6,301
1332.5,9,-5,300
1335.0,10,-8,304
1337.5,9,-10,303
1340.0,12,-10,301
1342.5,11,-6,298
1345.0,9,-8,305
1347.5,9,-8,302
1350.0,9,-8,302
1352.5,9,-7,302
1355.0,9,-6,303
1357.5,9,-7,304
1360.0,9,-10,306
1362.5,9,-10,306
1365.0,11,-8,303
1367.5,9,-6,304
1370.0,9,-8,305
1372.5,14,-8,303
1375.0,11,-7,306
1377.5,15,-6,306
1380.0,8,-5,302
1382.5,9,-7,304
1385.0,12,-9,304
1387.5,9,-7,302
1390.0,9,-7,306
1392.5,10,-2,303
1395.0,12,-7,303
1397.5,9,-7,305
1400.0,11,-7,302
1402.5,10,-7,304
1405.0,9,-7,302
1407.5,9,-8,306
1410.0,10,-8,302
1412.5,10,-8,302
1415.0,10,-8,300
1417.5,10,-7,300
1420.0,11,-5,304
1422.5,10,-7,301
1425.0,10,-11,303
1427.5,9,-4,307
1430.0,12,-9,306
1432.5,10,-9,302
1435.0,10,-8,303
1437.5,8,-7,302
1440.0,9,-7,302
1442.5,9,-7,302
1445.0,9,-8,301
1447.5,10,-5,305
1450.0,8,-8,304
1452.5,8,-6,302
1455.0,10,-8,303
1457.5,11,-9,306
1460.0,8,-7,304
1462.5,8,-7,304
1465.0,11,-9,304
1467.5,13,-9,305
1470.0,8,-6,306
1472.5,8,-6,305
1475.0,9,-5,302
1477.5,12,-9,305
1480.0,8,-9,305
1482.5,11,-8,303
1485.0,8,-7,300
1487.5,11,-9,303
1490.0,9,-10,306
1492.5,10,-8,304
1495.0,9,-6,303
1497.5,11,-7,305
1500.0,10,-8,302
1502.5,11,-9,305
1505.0,11,-9,303
1507.5,9,-8,304
1510.0,10,-8,302
1512.5,10,-8,302
1515.0,10,-8,300
1517.5,7,-6,300
1520.0,9,-7,304
1522.5,11,-8,306
1525.0,11,-11,307
1527.5,10,-7,304
1530.0,11,-6,305
1532.5,9,-5,305
1535.0,11,-6,302
1537.5,10,-8,304
1540.0,9,-8,302
1542.5,9,-8,304
1545.0,10,-7,303
1547.5,11,-8,305
1550.0,9,-10,306
1552.5,9,-6,303
1555.0,10,-8,302
1557.5,8,-6,305
1560.0,8,-6,305
1562.5,12,-9,303
1565.0,10,-7,302
1567.5,11,-6,301
1570.0,12,-7,302
1572.5,12,-10,301
1575.0,9,-9,306
1577.5,10,-8,305
1580.0,10,-5,303
1582.5,10,-6,304
1585.0,11,-9,304
1587.5,11,-6,302
1590.0,10,-8,304
1592.5,9,-8,302
1595.0,11,-9,303
1597.5,11,-8,305
1600.0,10,-8,303
1602.5,9,-8,303
1605.0,8,-6,303
1607.5,9,-8,303
1610.0,9,-8,303
1612.5,10,-8,304
1615.0,11,-8,303
1617.5,9,-8,302
1620.0,11,-5,299
1622.5,11,-2,304
1625.0,10,-6,305
1627.5,8,-4,300
1630.0,9,-7,304
1632.5,12,-6,306
1635.0,11,-6,302
1637.5,10,-9,302
1640.0,9,-7,304
1642.5,8,-8,302
1645.0,10,-8,302
1647.5,10,-9,303
1650.0,11,-8,304
1652.5,10,-9,303
1655.0,8,-9,301
1657.5,9,-7,302
1660.0,9,-7,302
1662.5,8,-8,303
1665.0,10,-8,303
1667.5,12,-7,306
1670.0,11,-5,305
1672.5,10,-6,298
1675.0,9,-8,303
1677.5,11,-7,306
1680.0,10,-8,305
1682.5,10,-7,304
1685.0,10,-8,306
1687.5,10,-7,303
1690.0,9,-10,303
1692.5,10,-7,301
1695.0,11,-8,303
1697.5,9,-7,305
1700.0,11,-8,305
1702.5,10,-8,303
1705.0,10,-9,301
1707.5,11,-6,300
1710.0,11,-6,300
1712.5,10,-9,302
1715.0,8,-6,303
1717.5,12,-6,305
1720.0,11,-5,304
1722.5,12,-10,306
1725.0,9,-8,302
1727.5,10,-5,304
1730.0,10,-7,302
1732.5,11,-6,301
1735.0,9,-9,303
1737.5,9,-7,307
1740.0,11,-8,301
1742.5,12,-9,304
1745.0,13,-9,304
1747.5,9,-8,303
1750.0,9,-8,302
1752.5,9,-8,304
1755.0,9,-9,300
1757.5,11,-8,305
1760.0,11,-8,305
1762.5,9,-6,301
1765.0,9,-6,302
1767.5,9,-8,302
1770.0,10,-6,305
1772.5,12,-8,304
1775.0,9,-8,302
1777.5,12,-8,305
1780.0,9,-7,303
1782.5,14,-7,303
1785.0,10,-7,302
1787.5,7,-7,304
1790.0,9,-9,306
1792.5,9,-9,302
1795.0,12,-8,305
1797.5,12,-9,303
1800.0,10,-9,304
1802.5,9,-8,304
1805.0,8,-9,305
1807.5,10,-9,300
1810.0,10,-9,300
1812.5,10,-6,305
1815.0,11,-7,304
1817.5,11,-9,305
1820.0,10,-7,305
1822.5,8,-6,301
1825.0,9,-4,302
1827.5,11,-7,305
1830.0,9,-7,301
1832.5,10,-8,304
1835.0,11,-10,302
1837.5,12,-9,306
1840.0,10,-7,300
1842.5,9,-6,305
1845.0,12,-6,305
1847.5,11,-9,304
1850.0,10,-9,303
1852.5,9,-9,303
1855.0,12,-9,305
1857.5,9,-8,305
1860.0,9,-8,305
1862.5,9,-7,300
1865.0,12,-6,301
1867.5,10,-6,301
1870.0,14,-7,304
1872.5,11,-8,305
1875.0,14,-7,308
1877.5,11,-6,304
1880.0,9,-7,305
1882.5,12,-7,304
1885.0,11,-7,303
1887.5,10,-8,303
1890.0,9,-9,303
1892.5,10,-8,306
1895.0,10,-7,301
1897.5,10,-8,300
1900.0,9,-9,303
1902.5,10,-8,305
1905.0,8,-7,304
1907.5,11,-9,300
1910.0,11,-9,300
1912.5,9,-8,306
1915.0,8,-10,304
1917.5,11,-9,304
1920.0,9,-7,300
1922.5,9,-6,303
1925.0,11,-9,304
1927.5,10,-9,305
1930.0,9,-8,304
1932.5,10,-8,305
1935.0,9,-6,303
1937.5,9,-6,304
1940.0,9,-7,305
1942.5,9,-8,304
1945.0,8,-7,306
1947.5,9,-8,304
1950.0,8,-8,306
1952.5,10,-7,306
1955.0,8,-7,306
1957.5,7,-8,304
1960.0,7,-8,304
1962.5,8,-7,302
1965.0,9,-8,302
1967.5,12,-6,302
1970.0,10,-6,305
1972.5,10,-8,302
1975.0,9,-9,307
1977.5,9,-8,300
1980.0,11,-6,302
1982.5,10,-8,301
1985.0,8,-6,305
1987.5,10,-8,304
1990.0,10,-9,304
1992.5,9,-8,302
1995.0,9,-8,304
1997.5,10,-9,303
2000.0,10,-5,304
2002.5,7,-7,305
2005.0,9,-10,301
2007.5,9,-8,303
2010.0,9,-8,303
2012.5,12,-8,305
2015.0,10,-6,303
2017.5,13,-8,303
2020.0,11,-6,303
2022.5,8,-6,303
2025.0,12,-9,304
2027.5,12,-6,302
2030.0,11,-4,301
2032.5,10,-7,303
2035.0,9,-7,304
2037.5,8,-7,305
2040.0,8,-6,305
2042.5,12,-8,301
2045.0,9,-9,302
2047.5,9,-9,303
2050.0,11,-8,305
2052.5,9,-9,304
2055.0,8,-9,302
2057.5,13,-8,307
2060.0,13,-8,307
2062.5,9,-8,304
2065.0,11,-6,303
2067.5,11,-6,299
2070.0,8,-7,303
2072.5,9,-9,306
2075.0,10,-8,305
2077.5,12,-7,303
2080.0,10,-6,307
2082.5,9,-10,301
2085.0,9,-6,299
2087.5,10,-7,302
2090.0,7,-7,303
2092.5,7,-8,304
2095.0,10,-7,303
2097.5,9,-7,305
2100.0,8,-7,305
2102.5,10,-9,300
2105.0,10,-8,304
2107.5,10,-8,304
2110.0,9,-7,301
2112.5,10,-8,308
2115.0,9,-6,305
2117.5,13,-4,304
2120.0,11,-5,299
2122.5,9,-6,303
2125.0,9,-5,305
2127.5,7,-6,304
2130.0,12,-8,304
2132.5,10,-8,303
2135.0,10,-9,306
2137.5,10,-8,304
2140.0,10,-7,298
2142.5,10,-7,302
2145.0,10,-9,301
2147.5,9,-9,303
2150.0,10,-8,304
2152.5,10,-8,302
2155.0,9,-9,306
2157.5,9,-9,306
2160.0,9,-8,306
2162.5,8,-9,305
2165.0,10,-7,304
2167.5,9,-4,311
2170.0,10,-8,304
2172.5,8,-6,304
2175.0,10,-7,306
2177.5,10,-9,301
2180.0,10,-7,304
2182.5,8,-6,307
2185.0,10,-5,300
2187.5,11,-8,300
2190.0,11,-8,302
2192.5,11,-9,303
2195.0,11,-9,305
2197.5,9,-9,301
2200.0,10,-9,303
2202.5,10,-8,302
2205.0,11,-9,304
2207.5,11,-9,304
2210.0,9,-5,306
2212.5,10,-7,304
2215.0,12,-7,305
2217.5,10,-8,304
2220.0,8,-6,298
2222.5,10,-6,301
2225.0,11,-5,302
2227.5,10,-9,302
2230.0,10,-8,304
2232.5,11,-10,302
2235.0,11,-6,303
2237.5,12,-7,304
2240.0,12,-8,302
2242.5,11,-5,305
2245.0,8,-8,302
2247.5,9,-5,307
2250.0,10,-8,305
2252.5,11,-11,307
2255.0,10,-9,306
2257.5,10,-9,306
2260.0,10,-8,302
2262.5,10,-6,299
2265.0,9,-6,301
2267.5,9,-7,302
2270.0,10,-7,304
2272.5,10,-8,303
2275.0,12,-8,303
2277.5,11,-8,305
2280.0,9,-9,305
2282.5,9,-7,301
2285.0,10,-7,305
2287.5,8,-7,302
2290.0,8,-8,304
2292.5,10,-4,303
2295.0,10,-11,304
2297.5,10,-7,302
2300.0,12,-11,302
2302.5,11,-7,304
2305.0,12,-7,302
2307.5,12,-7,302
2310.0,10,-7,300
2312.5,11,-10,303
2315.0,8,-5,304
2317.5,12,-6,303
2320.0,10,-5,304
2322.5,14,-8,302
2325.0,9,-7,301
2327.5,9,-10,306
2330.0,9,-10,305
2332.5,11,-9,303
2335.0,11,-8,304
2337.5,10,-10,301
2340.0,11,-8,301
2342.5,10,-8,301
2345.0,10,-5,305
2347.5,12,-9,302
2350.0,11,-8,301
2352.5,10,-9,303
2355.0,11,-8,305
2357.5,11,-8,305
2360.0,9,-7,303
2362.5,9,-7,302
2365.0,12,-8,303
2367.5,12,-8,306
2370.0,10,-7,306
2372.5,9,-6,304
2375.0,11,-9,307
2377.5,10,-9,302
2380.0,9,-7,306
2382.5,10,-9,301
2385.0,10,-7,302
2387.5,6,-4,304
2390.0,8,-5,302
2392.5,11,-8,305
2395.0,10,-8,305
2397.5,10,-7,305
2400.0,11,-8,304
2402.5,12,-7,303
2405.0,11,-10,304
2407.5,11,-10,304
2410.0,11,-8,303
2412.5,9,-8,306
2415.0,9,-6,305
2417.5,10,-9,303
2420.0,11,-6,302
2422.5,11,-7,305
2425.0,7,-7,302
2427.5,10,-7,306
2430.0,11,-8,303
2432.5,9,-7,299
2435.0,9,-6,302
2437.5,11,-8,302
2440.0,11,-9,304
2442.5,9,-8,302
2445.0,10,-9,303
2447.5,11,-8,303
2450.0,10,-10,303
2452.5,11,-8,303
2455.0,10,-10,303
2457.5,10,-10,303
2460.0,9,-6,307
2462.5,10,-8,300
2465.0,10,-4,301
2467.5,11,-7,303
2470.0,11,-9,305
2472.5,8,-4,301
2475.0,9,-8,307
2477.5,11,-7,304
2480.0,11,-7,305
2482.5,10,-5,306
2485.0,10,-8,303
2487.5,10,-7,303
2490.0,8,-6,302
2492.5,10,-6,305
2495.0,8,-8,304
2497.5,11,-8,303
2500.0,12,-10,303
2502.5,11,-9,304
2505.0,11,-9,304
2507.5,8,-7,301
2510.0,11,-10,303
2512.5,10,-10,300
2515.0,9,-7,304
2517.5,10,-9,309
2520.0,13,-7,303
2522.5,10,-9,303
2525.0,10,-8,301
2527.5,9,-4,303
2530.0,9,-9,303
2532.5,9,-7,300
2535.0,10,-9,306
2537.5,13,-10,303
2540.0,11,-4,300
2542.5,11,-7,302
2545.0,9,-6,302
2547.5,10,-7,303
2550.0,10,-8,303
2552.5,9,-8,303
2555.0,9,-8,303
2557.5,8,-8,304
2560.0,11,-7,302
2562.5,7,-6,301
2565.0,10,-8,301
2567.5,9,-8,304
2570.0,10,-9,307
2572.5,10,-9,306
2575.0,8,-3,301
2577.5,10,-7,303
2580.0,11,-5,303
2582.5,11,-8,307
2585.0,10,-8,303
2587.5,10,-9,304
2590.0,10,-9,303
2592.5,10,-8,304
2595.0,9,-7,304
2597.5,10,-7,301
2600.0,10,-10,304
2602.5,9,-7,301
2605.0,9,-7,301
2607.5,8,-9,305
2610.0,11,-7,304
2612.5,11,-10,306
2615.0,9,-8,304
2617.5,9,-5,300
2620.0,9,-8,306
2622.5,11,-8,301
2625.0,9,-8,301
2627.5,12,-6,304
2630.0,8,-7,304
2632.5,8,-7,304
2635.0,9,-8,304
2637.5,9,-9,301
2640.0,11,-9,307
2642.5,11,-9,302
2645.0,11,-9,301
2647.5,8,-8,300
2650.0,11,-12,302
2652.5,11,-9,304
2655.0,11,-9,304
2657.5,9,-4,304
2660.0,10,-8,303
2662.5,11,-8,301
2665.0,10,-8,303
2667.5,9,-8,307
2670.0,11,-8,308
2672.5,9,-5,303
2675.0,12,-8,302
2677.5,11,-6,304
2680.0,8,-6,305
2682.5,11,-9,303
2685.0,10,-8,305
2687.5,8,-9,305
2690.0,11,-11,304
2692.5,9,-8,301
2695.0,11,-9,306
2697.5,10,-7,303
2700.0,8,-7,306
2702.5,10,-9,301
2705.0,10,-9,301
2707.5,9,-9,298
2710.0,9,-8,303
2712.5,9,-8,300
2715.0,8,-7,302
2717.5,10,-9,306
2720.0,10,-7,307
2722.5,11,-7,306
2725.0,9,-7,301
2727.5,10,-7,303
2730.0,9,-7,305
2732.5,10,-9,306
2735.0,8,-7,304
2737.5,9,-8,304
2740.0,9,-10,302
2742.5,9,-8,302
2745.0,7,-9,304
2747.5,10,-9,303
2750.0,9,-10,303
2752.5,10,-5,302
2755.0,10,-5,302
2757.5,10,-9,304
2760.0,10,-6,303
2762.5,11,-9,304
2765.0,10,-7,303
2767.5,12,-8,302
2770.0,11,-4,300
2772.5,11,-8,304
2775.0,10,-7,304
2777.5,10,-9,304
2780.0,7,-6,305
2782.5,8,-7,303
2785.0,9,-8,304
2787.5,13,-11,304
2790.0,12,-10,304
2792.5,6,-4,305
2795.0,9,-7,301
2797.5,10,-8,301
2800.0,11,-9,305
2802.5,9,-4,305
2805.0,9,-4,305
2807.5,10,-7,305
2810.0,9,-9,302
2812.5,8,-7,301
2815.0,9,-11,306
2817.5,9,-9,307
2820.0,11,-10,303
2822.5,10,-7,302
2825.0,12,-8,302
2827.5,12,-6,305
2830.0,8,-8,302
2832.5,8,-8,304
2835.0,11,-9,305
2837.5,9,-7,304
2840.0,11,-9,303
2842.5,10,-6,304
2845.0,10,-8,302
2847.5,8,-5,303
2850.0,9,-9,304
2852.5,8,-9,303
2855.0,8,-9,303
2857.5,10,-8,303
2860.0,10,-8,303
2862.5,12,-8,305
2865.0,9,-6,302
2867.5,9,-6,300
2870.0,13,-8,303
2872.5,10,-6,303
2875.0,10,-8,304
2877.5,10,-11,303
2880.0,9,-7,302
2882.5,10,-6,302
2885.0,11,-5,305
2887.5,10,-9,303
2890.0,10,-8,304
2892.5,10,-9,302
2895.0,8,-9,303
2897.5,10,-7,301
2900.0,10,-8,300
2902.5,9,-7,303
2905.0,9,-7,303
2907.5,10,-9,304
2910.0,9,-10,306
2912.5,10,-9,304
2915.0,10,-6,302
2917.5,11,-9,303
2920.0,8,-6,305
2922.5,11,-9,303
2925.0,9,-8,306
2927.5,12,-8,308
2930.0,12,-9,304
2932.5,10,-5,306
2935.0,11,-7,303
2937.5,11,-6,303
2940.0,8,-7,303
2942.5,9,-8,305
2945.0,11,-9,301
2947.5,8,-7,301
2950.0,11,-9,301
2952.5,12,-11,301
2955.0,12,-11,301
2957.5,9,-9,303
2960.0,10,-9,304
2962.5,9,-8,306
2965.0,9,-7,300
2967.5,10,-7,304
2970.0,11,-5,303
2972.5,11,-8,303
2975.0,9,-6,300
2977.5,10,-6,304
2980.0,7,-8,304
2982.5,8,-8,306
2985.0,8,-7,304
2987.5,10,-8,302
2990.0,9,-8,303
2992.5,9,-7,303
2995.0,10,-9,303
2997.5,10,-8,302
3000.0,10,-8,305
3002.5,11,-8,305
3005.0,11,-8,305
3007.5,10,-7,301
3010.0,9,-5,302
3012.5,9,-9,304
3015.0,10,-9,307
3017.5,10,-8,303
3020.0,12,-8,306
3022.5,12,-6,300
3025.0,10,-6,305
3027.5,11,-6,305
3030.0,8,-8,304
3032.5,11,-8,305
3035.0,10,-10,305
3037.5,11,-10,306
3040.0,10,-9,303
3042.5,9,-7,303
3045.0,9,-10,301
3047.5,11,-8,304
3050.0,9,-9,307
3052.5,9,-9,307
3055.0,8,-9,306
3057.5,10,-12,302
3060.0,11,-5,301
3062.5,13,-6,305
3065.0,9,-8,304
3067.5,9,-9,304
3070.0,12,-8,304
3072.5,9,-9,304
3075.0,10,-10,303
3077.5,10,-7,303
3080.0,9,-8,304
3082.5,11,-10,303
3085.0,10,-8,301
3087.5,9,-8,301
3090.0,11,-7,306
3092.5,10,-9,304
3095.0,10,-8,304
3097.5,9,-8,302
3100.0,11,-8,302
3102.5,11,-8,302
3105.0,11,-7,309
3107.5,10,-5,306
3110.0,9,-7,305
3112.5,13,-8,304
3115.0,11,-9,298
3117.5,9,-8,304
3120.0,11,-5,303
3122.5,8,-5,301
3125.0,10,-6,303
3127.5,9,-5,302
3130.0,11,-9,303
3132.5,10,-9,303
3135.0,10,-4,301
3137.5,10,-6,306
3140.0,9,-9,301
3142.5,10,-9,301
3145.0,9,-6,302
3147.5,10,-7,303
3150.0,8,-8,303
3152.5,8,-8,303
3155.0,9,-8,304
3157.5,9,-8,302
3160.0,11,-9,302
3162.5,10,-10,306
3165.0,9,-11,304
3167.5,10,-8,306
3170.0,12,-8,302
3172.5,9,-6,303
3175.0,11,-8,301
3177.5,11,-5,306
3180.0,11,-8,305
3182.5,10,-9,302
3185.0,8,-6,303
3187.5,8,-6,302
3190.0,10,-6,304
3192.5,9,-8,302
3195.0,11,-8,305
3197.5,7,-6,303
3200.0,10,-8,300
3202.5,10,-8,300
3205.0,11,-10,304
3207.5,8,-7,305
3210.0,9,-9,303
3212.5,8,-7,301
3215.0,10,-8,304
3217.5,11,-8,299
3220.0,10,-8,299
3222.5,9,-7,300
3225.0,9,-6,305
3227.5,9,-6,306
3230.0,10,-11,304
3232.5,11,-9,304
3235.0,11,-9,301
3237.5,8,-6,303
3240.0,8,-7,303
3242.5,12,-9,306
3245.0,10,-10,304
3247.5,7,-9,304
3250.0,9,-9,301
3252.5,9,-9,301
3255.0,10,-7,304
3257.5,11,-8,303
3260.0,12,-8,305
3262.5,10,-7,302
3265.0,11,-10,305
3267.5,10,-4,307
3270.0,12,-8,302
3272.5,10,-4,301
3275.0,10,-5,300
3277.5,10,-7,303
3280.0,10,-9,304
3282.5,9,-9,301
3285.0,10,-8,304
3287.5,10,-8,307
3290.0,9,-8,304
3292.5,11,-10,301
3295.0,10,-7,305
3297.5,9,-6,300
3300.0,11,-7,302
3302.5,11,-7,302
3305.0,12,-9,302
3307.5,10,-6,299
3310.0,10,-8,301
3312.5,12,-7,304
3315.0,7,-7,306
3317.5,11,-8,302
3320.0,12,-10,304
3322.5,11,-9,304
3325.0,10,-7,306
3327.5,11,-8,308
3330.0,11,-6,304
3332.5,10,-7,300
3335.0,10,-8,301
3337.5,11,-10,304
3340.0,9,-5,303
3342.5,10,-8,304
3345.0,10,-5,303
3347.5,11,-8,301
3350.0,11,-8,303
3352.5,11,-8,303
3355.0,12,-9,302
3357.5,9,-7,307
3360.0,8,-5,307
3362.5,11,-8,305
3365.0,10,-5,303
3367.5,10,-5,302
3370.0,11,-8,303
3372.5,11,-7,303
3375.0,10,-7,302
3377.5,10,-9,301
3380.0,7,-8,303
3382.5,10,-5,299
3385.0,11,-9,303
3387.5,10,-6,304
3390.0,7,-9,301
3392.5,8,-7,304
3395.0,11,-9,303
3397.5,12,-9,303
3400.0,10,-7,302
3402.5,10,-7,302
3405.0,12,-8,304
3407.5,8,-7,301
3410.0,11,-10,304
3412.5,12,-9,303
3415.0,10,-8,301
3417.5,11,-6,306
3420.0,12,-7,302
3422.5,10,-8,302
3425.0,10,-10,303
3427.5,9,-10,304
3430.0,10,-9,304
3432.5,11,-8,303
3435.0,11,-7,304
3437.5,10,-7,301
3440.0,9,-8,303
3442.5,10,-6,302
3445.0,10,-7,302
3447.5,7,-9,303
3450.0,9,-9,302
3452.5,9,-9,302
3455.0,12,-9,302
3457.5,11,-9,301
3460.0,11,-7,301
3462.5,9,-8,303
3465.0,8,-5,304
3467.5,9,-8,305
3470.0,11,-6,302
3472.5,9,-7,306
3475.0,12,-8,304
3477.5,12,-9,301
3480.0,13,-10,306
3482.5,9,-7,305
3485.0,7,-9,301
3487.5,9,-8,305
3490.0,9,-9,306
3492.5,9,-9,305
3495.0,9,-8,304
3497.5,11,-7,301
3500.0,9,-6,302
3502.5,9,-6,302
3505.0,12,-9,302
3507.5,10,-7,305
3510.0,10,-8,306
3512.5,9,-8,303
3515.0,12,-8,305
3517.5,11,-3,302
3520.0,12,-8,302
3522.5,9,-7,307
3525.0,12,-7,305
3527.5,10,-6,304
3530.0,9,-8,304
3532.5,10,-9,300
3535.0,11,-7,304
3537.5,9,-8,304
3540.0,8,-9,302
3542.5,11,-7,303
3545.0,9,-8,303
3547.5,10,-11,304
3550.0,10,-11,304
3552.5,11,-8,303
3555.0,12,-7,304
3557.5,8,-7,306
3560.0,11,-6,304
3562.5,10,-8,308
3565.0,10,-9,306
3567.5,12,-7,300
3570.0,13,-8,301
3572.5,11,-5,302
3575.0,7,-6,300
3577.5,8,-8,301
3580.0,9,-7,302
3582.5,9,-7,304
3585.0,11,-8,305
3587.5,10,-7,303
3590.0,10,-6,304
3592.5,12,-8,301
3595.0,9,-9,303
3597.5,9,-7,304
3600.0,9,-7,304
3602.5,10,-8,305
3605.0,10,-8,304
3607.5,8,-7,298
3610.0,13,-6,303
3612.5,8,-4,304
3615.0,11,-9,306
3617.5,9,-9,304
3620.0,11,-9,302
3622.5,12,-9,304
3625.0,11,-7,305
3627.5,9,-8,305
3630.0,10,-8,304
3632.5,10,-10,305
3635.0,9,-8,300
3637.5,9,-7,300
3640.0,10,-8,305
3642.5,8,-8,301
3645.0,7,-8,305
3647.5,8,-8,303
3650.0,8,-8,303
3652.5,9,-10,306
3655.0,10,-8,301
3657.5,8,-9,303
3660.0,10,-10,307
3662.5,8,-10,308
3665.0,9,-9,308
3667.5,8,-5,304
3670.0,12,-9,300
3672.5,11,-8,302
3675.0,11,-8,303
3677.5,10,-8,303
3680.0,12,-11,305
3682.5,10,-8,304
3685.0,10,-7,304
3687.5,9,-7,303
3690.0,10,-9,304
3692.5,12,-11,302
3695.0,10,-12,306
3697.5,9,-8,306
3700.0,9,-8,306
3702.5,9,-7,300
3705.0,11,-9,304
3707.5,10,-7,302
3710.0,10,-10,301
3712.5,10,-8,304
3715.0,11,-8,305
3717.5,7,-6,303
3720.0,10,-7,304
3722.5,11,-5,303
3725.0,11,-7,301
3727.5,11,-5,300
3730.0,10,-6,302
3732.5,9,-9,303
3735.0,9,-8,303
3737.5,10,-7,303
3740.0,12,-9,303
3742.5,11,-9,303
3745.0,9,-8,301
3747.5,13,-10,302
3750.0,13,-10,302
3752.5,9,-7,308
3755.0,8,-9,306
3757.5,8,-7,304
3760.0,11,-8,304
3762.5,8,-6,302
3765.0,9,-7,302
3767.5,11,-8,308
3770.0,12,-9,306
3772.5,10,-8,304
3775.0,9,-8,302
3777.5,11,-7,305
3780.0,11,-10,305
3782.5,10,-8,304
3785.0,10,-8,305
3787.5,10,-8,304
3790.0,11,-9,304
3792.5,7,-7,302
3795.0,9,-9,304
3797.5,9,-8,302
3800.0,9,-8,302
3802.5,11,-8,302
3805.0,10,-7,307
3807.5,12,-8,304
3810.0,10,-9,304
3812.5,8,-8,302
3815.0,13,-6,300
3817.5,10,-8,302
3820.0,10,-6,302
3822.5,9,-8,305
3825.0,11,-7,303
3827.5,10,-7,304
3830.0,12,-9,306
3832.5,10,-7,304
3835.0,10,-6,305
3837.5,9,-8,300
3840.0,10,-8,302
3842.5,11,-9,300
3845.0,9,-7,297
3847.5,10,-8,300
3850.0,10,-8,300
3852.5,8,-10,303
3855.0,11,-8,304
3857.5,11,-9,306
3860.0,13,-7,304
3862.5,11,-7,304
3865.0,10,-5,300
3867.5,10,-8,300
3870.0,7,-7,303
3872.5,9,-7,305
3875.0,13,-8,306
3877.5,12,-9,305
3880.0,11,-9,304
3882.5,10,-7,306
3885.0,10,-10,306
3887.5,8,-8,307
3890.0,9,-9,304
3892.5,9,-8,304
3895.0,9,-6,304
3897.5,8,-8,304
3900.0,8,-8,304
3902.5,11,-9,302
3905.0,10,-8,304
3907.5,9,-9,307
3910.0,12,-7,301
3912.5,12,-10,307
3915.0,13,-6,306
3917.5,11,-9,302
3920.0,9,-7,302
3922.5,12,-7,304
3925.0,9,-9,303
3927.5,12,-8,306
3930.0,10,-9,303
3932.5,10,-10,302
3935.0,11,-9,306
3937.5,10,-7,302
3940.0,9,-6,302
3942.5,11,-11,304
3945.0,12,-8,306
3947.5,12,-7,301
3950.0,12,-7,301
3952.5,11,-9,304
3955.0,9,-6,298
3957.5,8,-7,303
3960.0,10,-10,303
3962.5,11,-9,307
3965.0,11,-6,303
3967.5,8,-6,299
3970.0,12,-6,304
3972.5,10,-6,303
3975.0,8,-9,303
3977.5,9,-8,306
3980.0,11,-9,305
3982.5,8,-4,306
3985.0,11,-7,304
3987.5,10,-8,305
3990.0,9,-8,304
3992.5,8,-6,305
3995.0,9,-9,305
3997.5,11,-9,304
4000.0,11,-9,304
4002.5,10,-9,301
4005.0,10,-9,303
4007.5,10,-7,304
4010.0,11,-9,304
4012.5,9,-8,305
4015.0,12,-8,305
4017.5,11,-8,306
4020.0,9,-4,306
4022.5,11,-7,305
4025.0,10,-7,302
4027.5,12,-9,302
4030.0,10,-9,304
4032.5,10,-8,304
4035.0,10,-8,303
4037.5,11,-9,306
4040.0,8,-8,302
4042.5,8,-7,305
4045.0,9,-8,301
4047.5,11,-9,298
4050.0,11,-9,298
4052.5,9,-10,301
4055.0,10,-9,303
4057.5,11,-8,303
4060.0,9,-6,302
4062.5,9,-8,304
4065.0,11,-6,305
4067.5,9,-5,303
4070.0,9,-4,304
4072.5,8,-6,302
4075.0,8,-9,302
4077.5,11,-8,305
4080.0,10,-9,306
4082.5,9,-5,305
4085.0,11,-6,302
4087.5,11,-8,301
4090.0,9,-6,302
4092.5,9,-8,300
4095.0,8,-10,303
4097.5,8,-10,303
4100.0,10,-9,305
4102.5,10,-9,302
4105.0,10,-8,300
4107.5,11,-7,302
4110.0,10,-8,305
4112.5,10,-7,306
4115.0,8,-8,304
4117.5,8,-6,303
4120.0,11,-7,304
4122.5,11,-8,301
4125.0,12,-7,302
4127.5,9,-9,304
4130.0,10,-9,304
4132.5,11,-8,305
4135.0,9,-7,303
4137.5,9,-7,303
4140.0,10,-9,304
4142.5,8,-7,299
4145.0,9,-9,304
4147.5,9,-9,304
4150.0,12,-10,302
4152.5,9,-7,308
4155.0,12,-7,310
4157.5,10,-7,301
4160.0,7,-6,304
4162.5,8,-7,303
4165.0,10,-8,305
4167.5,11,-5,304
4170.0,12,-6,301
4172.5,10,-8,304
4175.0,9,-8,301
4177.5,10,-7,303
4180.0,9,-8,303
4182.5,12,-8,301
4185.0,10,-8,300
4187.5,10,-9,304
4190.0,10,-8,302
4192.5,12,-10,302
4195.0,9,-7,301
4197.5,9,-7,301
4200.0,10,-9,302
4202.5,12,-7,304
4205.0,12,-7,307
4207.5,11,-9,305
4210.0,12,-8,301
4212.5,8,-6,304
4215.0,10,-5,301
4217.5,13,-7,304
4220.0,12,-8,305
4222.5,9,-10,303
4225.0,11,-9,302
4227.5,10,-7,305
4230.0,9,-7,303
4232.5,11,-8,304
4235.0,9,-8,302
4237.5,11,-8,304
4240.0,11,-8,305
4242.5,8,-8,302
4245.0,8,-9,302
4247.5,8,-9,302
4250.0,12,-9,305
4252.5,9,-8,301
4255.0,9,-9,302
4257.5,10,-7,302
4260.0,10,-7,301
4262.5,8,-3,305
4265.0,8,-5,304
4267.5,10,-8,304
4270.0,11,-7,303
4272.5,10,-8,305
4275.0,10,-6,302
4277.5,9,-5,305
4280.0,9,-8,305
4282.5,9,-7,304
4285.0,11,-8,304
4287.5,10,-9,303
4290.0,10,-8,302
4292.5,10,-9,301
4295.0,9,-7,304
4297.5,9,-7,304
4300.0,9,-9,302
4302.5,11,-9,303
4305.0,11,-9,303
4307.5,10,-11,307
4310.0,10,-9,302
4312.5,8,-4,302
4315.0,9,-5,305
4317.5,11,-9,302
4320.0,11,-7,305
4322.5,12,-8,303
4325.0,12,-6,303
4327.5,10,-8,301
4330.0,10,-8,303
4332.5,10,-9,305
4335.0,9,-9,304
4337.5,8,-7,304
4340.0,8,-8,302
4342.5,10,-9,303
4345.0,12,-9,304
4347.5,12,-9,304
4350.0,11,-10,303
4352.5,9,-7,305
4355.0,10,-8,304
4357.5,11,-5,304
4360.0,9,-5,305
4362.5,11,-6,303
4365.0,10,-8,306
4367.5,9,-6,302
4370.0,10,-8,303
4372.5,13,-9,302
4375.0,10,-8,302
4377.5,11,-8,306
4380.0,9,-9,303
4382.5,8,-7,303
4385.0,8,-9,304
4387.5,9,-7,302
4390.0,9,-7,301
4392.5,9,-8,304
4395.0,8,-3,303
4397.5,8,-3,303
4400.0,11,-8,299
4402.5,10,-7,302
4405.0,11,-9,304
4407.5,11,-7,305
4410.0,12,-7,304
4412.5,13,-8,308
4415.0,9,-7,304
4417.5,11,-9,302
4420.0,9,-7,301
4422.5,12,-8,303
4425.0,9,-6,304
4427.5,8,-6,305
4430.0,9,-7,302
4432.5,9,-7,303
4435.0,8,-9,304
4437.5,9,-6,302
4440.0,8,-8,302
4442.5,10,-10,302
4445.0,9,-7,301
4447.5,9,-7,301
4450.0,8,-7,300
4452.5,10,-8,305
4455.0,9,-6,302
4457.5,8,-7,305
4460.0,12,-8,303
4462.5,14,-7,300
4465.0,10,-5,302
4467.5,8,-5,306
4470.0,8,-4,301
4472.5,9,-7,302
4475.0,11,-8,298
4477.5,11,-9,303
4480.0,9,-7,305
4482.5,10,-7,304
4485.0,8,-7,302
4487.5,10,-6,302
4490.0,8,-7,304
4492.5,11,-10,305
4495.0,12,-9,302
4497.5,12,-9,302
4500.0,10,-7,301
4502.5,7,-6,303
4505.0,10,-9,303
4507.5,11,-8,306
4510.0,10,-9,305
4512.5,12,-8,305
4515.0,9,-4,303
4517.5,11,-7,306
4520.0,11,-7,301
4522.5,9,-7,301
4525.0,8,-7,303
4527.5,9,-8,303
4530.0,10,-10,305
4532.5,9,-7,301
4535.0,11,-10,305
4537.5,9,-9,304
4540.0,10,-9,307
4542.5,9,-10,301
4545.0,10,-8,304
4547.5,10,-8,304
4550.0,11,-6,303
4552.5,11,-7,302
4555.0,10,-6,307
4557.5,8,-5,302
4560.0,8,-6,306
4562.5,12,-8,304
4565.0,8,-9,307
4567.5,10,-6,307
4570.0,10,-7,303
4572.5,10,-10,301
4575.0,11,-9,302
4577.5,10,-8,304
4580.0,11,-9,302
4582.5,10,-10,304
4585.0,10,-9,302
4587.5,9,-9,302
4590.0,10,-8,301
4592.5,10,-7,303
4595.0,9,-4,306
4597.5,9,-4,306
4600.0,10,-7,302
4602.5,10,-7,302
4605.0,12,-7,302
4607.5,9,-9,305
4610.0,10,-8,299
4612.5,8,-6,306
4615.0,12,-10,303
4617.5,10,-8,306
4620.0,10,-9,300
4622.5,12,-8,302
4625.0,10,-6,300
4627.5,10,-8,301
4630.0,8,-7,303
4632.5,9,-9,304
4635.0,10,-7,300
4637.5,13,-9,305
4640.0,8,-6,303
4642.5,8,-7,303
4645.0,10,-9,301
4647.5,10,-9,301
4650.0,11,-12,300
4652.5,10,-8,303
4655.0,7,-4,302
4657.5,12,-8,303
4660.0,9,-6,304
4662.5,10,-7,303
4665.0,8,-9,302
4667.5,10,-8,304
4670.0,9,-9,305
4672.5,10,-7,303
4675.0,10,-6,306
4677.5,9,-7,302
4680.0,9,-7,300
4682.5,9,-7,303
4685.0,8,-7,304
4687.5,10,-9,301
4690.0,12,-8,302
4692.5,9,-7,303
4695.0,9,-7,303
4697.5,10,-7,303
4700.0,9,-10,303
4702.5,11,-9,300
4705.0,10,-7,305
4707.5,8,-7,299
4710.0,10,-5,302
4712.5,10,-6,307
4715.0,10,-10,305
4717.5,9,-9,304
4720.0,9,-7,302
4722.5,10,-9,303
4725.0,9,-7,301
4727.5,8,-6,305
4730.0,9,-11,302
4732.5,9,-7,301
4735.0,10,-9,302
4737.5,10,-7,303
4740.0,8,-7,306
4742.5,8,-7,304
4745.0,8,-7,304
4747.5,8,-10,304
4750.0,10,-9,306
4752.5,10,-8,307
4755.0,10,-7,302
4757.5,13,-7,302
4760.0,9,-7,300
4762.5,8,-10,300
4765.0,10,-8,304
4767.5,11,-6,305
4770.0,11,-7,303
4772.5,10,-6,303
4775.0,10,-10,304
4777.5,8,-8,303
4780.0,11,-7,303
4782.5,9,-10,304
4785.0,10,-6,303
4787.5,9,-7,304
4790.0,10,-8,302
4792.5,11,-8,303
4795.0,11,-8,303
4797.5,10,-9,304
4800.0,9,-8,307
4802.5,8,-6,305
4805.0,11,-9,304
4807.5,8,-6,300
4810.0,10,-8,304
4812.5,11,-9,305
4815.0,8,-5,302
4817.5,8,-8,303
4820.0,11,-7,302
4822.5,10,-7,307
4825.0,12,-7,303
4827.5,10,-8,302
4830.0,9,-10,301
4832.5,9,-8,304
4835.0,8,-9,304
4837.5,10,-8,302
4840.0,9,-8,303
4842.5,7,-6,301
4845.0,7,-6,301
4847.5,10,-9,304
4850.0,13,-10,302
4852.5,8,-7,304
4855.0,12,-7,306
4857.5,11,-4,300
4860.0,8,-6,306
4862.5,8,-7,303
4865.0,10,-8,302
4867.5,11,-8,304
4870.0,13,-9,299
4872.5,10,-7,302
4875.0,10,-7,305
4877.5,13,-9,303
4880.0,9,-10,306
4882.5,11,-7,303
4885.0,8,-7,305
4887.5,10,-8,300
4890.0,8,-9,302
4892.5,10,-7,303
4895.0,10,-7,303
4897.5,9,-5,304
4900.0,11,-9,304
4902.5,11,-9,302
4905.0,11,-10,303
4907.5,11,-7,301
4910.0,12,-7,306
4912.5,13,-8,301
4915.0,9,-9,304
4917.5,7,-7,303
4920.0,12,-10,305
4922.5,10,-8,302
4925.0,10,-8,304
4927.5,11,-9,304
4930.0,11,-8,304
4932.5,10,-7,302
4935.0,10,-7,302
4937.5,10,-7,307
4940.0,11,-10,304
4942.5,12,-9,303
4945.0,12,-9,303
4947.5,11,-7,304
4950.0,9,-8,303
4952.5,9,-8,305
4955.0,9,-9,302
4957.5,11,-7,301
4960.0,12,-4,302
4962.5,14,-7,305
4965.0,11,-8,304
4967.5,11,-8,304
4970.0,9,-8,304
4972.5,10,-10,303
4975.0,11,-9,304
4977.5,8,-9,304
4980.0,10,-8,301
4982.5,9,-6,305
4985.0,10,-9,303
4987.5,10,-10,303
4990.0,10,-8,303
4992.5,9,-9,304
4995.0,9,-9,304
4997.5,12,-7,298
5000.0,9,-7,300
5002.5,10,-7,305
5005.0,9,-7,304
5007.5,8,-6,305
5010.0,11,-5,304
5012.5,10,-7,302
5015.0,9,-6,305
5017.5,10,-7,306
5020.0,10,-9,305
5022.5,13,-8,304
5025.0,10,-8,299
5027.5,7,-9,303
5030.0,10,-8,305
5032.5,9,-8,301
5035.0,10,-10,305
5037.5,9,-8,303
5040.0,12,-8,301
5042.5,9,-11,304
5045.0,9,-11,304
5047.5,9,-7,302
5050.0,8,-8,303
5052.5,12,-9,304
5055.0,12,-7,303
5057.5,12,-7,304
5060.0,9,-5,302
5062.5,10,-7,302
5065.0,9,-7,304
5067.5,9,-10,304
5070.0,12,-11,304
5072.5,9,-9,302
5075.0,9,-7,302
5077.5,11,-9,305
5080.0,9,-6,303
5082.5,9,-9,306
5085.0,8,-8,299
5087.5,9,-8,304
5090.0,8,-9,299
5092.5,9,-7,305
5095.0,9,-7,305
5097.5,11,-8,303
5100.0,11,-10,306
5102.5,10,-7,309
5105.0,12,-8,304
5107.5,7,-3,306
5110.0,10,-6,304
5112.5,8,-7,303
5115.0,10,-10,303
5117.5,9,-10,303
5120.0,10,-8,303
5122.5,12,-7,303
5125.0,11,-7,301
5127.5,8,-9,303
5130.0,8,-7,302
5132.5,11,-9,304
5135.0,10,-9,304
5137.5,11,-10,301
5140.0,9,-9,301
5142.5,10,-8,302
5145.0,10,-8,302
5147.5,10,-9,301
5150.0,11,-8,303
5152.5,13,-8,304
5155.0,10,-9,301
5157.5,9,-6,304
5160.0,10,-5,304
5162.5,13,-9,304
5165.0,7,-6,307
5167.5,10,-8,301
5170.0,10,-8,300
5172.5,9,-7,303
5175.0,8,-8,303
5177.5,9,-9,304
5180.0,9,-8,303
5182.5,9,-10,303
5185.0,10,-8,302
5187.5,11,-7,302
5190.0,9,-9,303
5192.5,10,-7,303
5195.0,10,-7,303
5197.5,11,-9,303
5200.0,11,-8,302
5202.5,10,-5,305
5205.0,11,-6,303
5207.5,13,-5,301
5210.0,11,-9,302
5212.5,8,-6,302
5215.0,10,-10,306
5217.5,10,-7,300
5220.0,11,-8,302
5222.5,9,-7,306
5225.0,8,-7,303
5227.5,10,-8,306
5230.0,9,-7,305
5232.5,11,-9,307
5235.0,9,-6,306
5237.5,9,-9,303
5240.0,9,-9,303
5242.5,9,-8,303
5245.0,9,-8,303
5247.5,11,-11,300
5250.0,11,-7,302
5252.5,10,-7,304
5255.0,9,-7,303
5257.5,8,-10,302
5260.0,7,-6,304
5262.5,10,-7,303
5265.0,13,-8,300
5267.5,12,-9,299
5270.0,7,-6,302
5272.5,9,-5,304
5275.0,12,-8,302
5277.5,9,-8,304
5280.0,9,-8,305
5282.5,11,-9,304
5285.0,11,-10,300
5287.5,8,-10,304
5290.0,10,-11,306
5292.5,10,-8,303
5295.0,10,-8,303
5297.5,12,-6,307
5300.0,11,-8,302
5302.5,10,-6,304
5305.0,8,-7,300
5307.5,9,-8,306
5310.0,11,-8,303
5312.5,12,-8,305
5315.0,9,-7,302
5317.5,8,-6,302
5320.0,8,-7,304
5322.5,10,-7,303
5325.0,11,-9,305
5327.5,11,-9,305
5330.0,9,-8,304
5332.5,11,-7,303
5335.0,9,-7,304
5337.5,8,-8,305
5340.0,9,-7,304
5342.5,9,-7,304
5345.0,10,-11,301
5347.5,10,-9,303
5350.0,11,-9,301
5352.5,11,-7,307
5355.0,10,-8,302
5357.5,9,-6,303
5360.0,8,-7,304
5362.5,9,-7,304
5365.0,11,-9,304
5367.5,11,-9,304
5370.0,8,-4,302
5372.5,10,-10,305
5375.0,10,-9,303
5377.5,11,-9,302
5380.0,11,-9,300
5382.5,10,-7,302
5385.0,9,-6,301
5387.5,11,-10,304
5390.0,9,-7,302
5392.5,9,-7,302
5395.0,8,-8,305
5397.5,12,-7,304
5400.0,13,-10,302
5402.5,11,-8,301
5405.0,9,-7,303
5407.5,8,-5,301
5410.0,10,-8,305
5412.5,12,-7,310
5415.0,12,-6,305
5417.5,10,-9,302
5420.0,7,-7,304
5422.5,12,-8,306
5425.0,10,-9,303
5427.5,11,-8,304
5430.0,10,-9,305
5432.5,10,-7,304
5435.0,11,-9,302
5437.5,9,-9,302
5440.0,7,-8,305
5442.5,7,-8,305
5445.0,11,-9,304
5447.5,10,-5,303
5450.0,8,-7,302
5452.5,10,-7,304
5455.0,10,-8,303
5457.5,6,-8,304
5460.0,8,-5,305
5462.5,12,-9,300
5465.0,12,-9,307
5467.5,11,-9,303
5470.0,10,-7,303
5472.5,9,-6,303
5475.0,12,-7,306
5477.5,10,-8,301
5480.0,10,-8,303
5482.5,8,-7,300
5485.0,7,-7,304
5487.5,10,-8,306
5490.0,9,-7,305
5492.5,9,-7,305
5495.0,7,-9,305
5497.5,7,-9,302
5500.0,9,-6,301
5502.5,9,-6,306
5505.0,9,-8,305
5507.5,11,-10,306
5510.0,13,-8,305
5512.5,11,-5,301
5515.0,10,-9,304
5517.5,8,-10,305
5520.0,8,-8,304
5522.5,9,-8,304
5525.0,10,-8,303
5527.5,11,-7,303
5530.0,11,-8,303
5532.5,10,-9,305
5535.0,8,-7,305
5537.5,9,-11,303
5540.0,9,-8,303
5542.5,9,-8,303
5545.0,11,-9,303
5547.5,12,-7,302
5550.0,10,-8,305
5552.5,11,-8,303
5555.0,10,-9,304
5557.5,10,-9,304
5560.0,11,-7,302
5562.5,11,-7,301
5565.0,10,-6,300
5567.5,9,-8,306
5570.0,10,-7,307
5572.5,11,-10,302
5575.0,11,-7,304
5577.5,11,-7,302
5580.0,11,-8,304
5582.5,8,-7,302
5585.0,9,-10,305
5587.5,9,-8,301
5590.0,10,-10,299
5592.5,10,-10,299
5595.0,11,-8,301
5597.5,8,-7,304
5600.0,9,-7,304
5602.5,10,-10,302
5605.0,13,-6,299
5607.5,10,-5,300
5610.0,9,-9,302
5612.5,9,-9,305
5615.0,10,-7,305
5617.5,9,-7,303
5620.0,9,-7,304
5622.5,11,-7,301
5625.0,10,-5,304
5627.5,8,-8,304
5630.0,9,-7,306
5632.5,10,-9,304
5635.0,9,-7,305
5637.5,11,-8,304
5640.0,10,-9,300
5642.5,10,-9,300
5645.0,9,-8,303
5647.5,8,-6,306
5650.0,11,-8,307
5652.5,11,-7,303
5655.0,11,-5,304
5657.5,13,-8,304
5660.0,10,-7,300
5662.5,10,-7,306
5665.0,12,-9,302
5667.5,11,-9,299
5670.0,11,-7,302
5672.5,8,-7,303
5675.0,11,-8,303
5677.5,9,-7,303
5680.0,11,-6,302
5682.5,11,-7,303
5685.0,10,-10,302
5687.5,9,-8,304
5690.0,9,-9,305
5692.5,9,-9,305
5695.0,11,-8,302
5697.5,8,-8,303
5700.0,9,-8,303
5702.5,9,-7,303
5705.0,11,-7,303
5707.5,11,-5,304
5710.0,8,-6,301
5712.5,9,-9,303
5715.0,10,-9,304
5717.5,7,-8,305
5720.0,11,-9,306
5722.5,10,-6,304
5725.0,9,-9,305
5727.5,10,-8,304
5730.0,8,-9,303
5732.5,10,-7,305
5735.0,9,-6,303
5737.5,12,-10,303
5740.0,10,-10,303
5742.5,10,-10,303
5745.0,11,-6,297
5747.5,9,-5,303
5750.0,10,-8,302
5752.5,12,-7,303
5755.0,13,-6,303
5757.5,12,-4,299
5760.0,9,-4,304
5762.5,8,-7,305
5765.0,9,-6,306
5767.5,10,-5,303
5770.0,12,-8,304
5772.5,10,-8,304
5775.0,10,-8,302
5777.5,9,-6,304
5780.0,8,-6,301
5782.5,9,-7,304
5785.0,9,-9,304
5787.5,10,-8,301
5790.0,9,-6,306
5792.5,9,-6,306
5795.0,9,-9,304
5797.5,8,-8,301
5800.0,9,-6,304
5802.5,9,-5,303
5805.0,10,-7,303
5807.5,10,-7,305
5810.0,11,-7,300
5812.5,8,-7,302
5815.0,11,-7,304
5817.5,8,-7,303
5820.0,8,-9,307
5822.5,11,-8,303
5825.0,11,-9,303
5827.5,10,-8,302
5830.0,9,-9,304
5832.5,10,-7,305
5835.0,11,-10,305
5837.5,8,-9,304
5840.0,7,-8,302
5842.5,7,-8,302
5845.0,11,-10,305
5847.5,11,-7,305
5850.0,9,-6,303
5852.5,9,-7,302
5855.0,10,-8,305
5857.5,13,-10,304
5860.0,11,-7,301
5862.5,9,-7,303
5865.0,11,-6,307
5867.5,12,-6,301
5870.0,10,-9,304
5872.5,12,-9,305
5875.0,11,-9,304
5877.5,9,-5,303
5880.0,9,-6,304
5882.5,9,-7,301
5885.0,9,-9,301
5887.5,7,-7,304
5890.0,8,-8,304
5892.5,8,-8,304
5895.0,7,-5,306
5897.5,10,-7,303
5900.0,9,-9,301
5902.5,12,-8,305
5905.0,11,-9,305
5907.5,10,-7,306
5910.0,10,-9,304
5912.5,9,-9,303
5915.0,13,-7,302
5917.5,11,-9,300
5920.0,11,-9,302
5922.5,9,-7,304
5925.0,9,-9,305
5927.5,8,-7,302
5930.0,9,-9,304
5932.5,10,-9,304
5935.0,8,-5,303
5937.5,8,-6,304
5940.0,9,-9,302
5942.5,9,-9,302
5945.0,8,-8,300
5947.5,12,-9,304
5950.0,10,-6,304
5952.5,10,-6,304
5955.0,10,-6,303
5957.5,11,-7,296
5960.0,9,-9,304
5962.5,9,-8,305
5965.0,9,-7,300
5967.5,12,-7,303
5970.0,10,-5,305
5972.5,9,-7,303
5975.0,8,-9,303
5977.5,12,-10,305
5980.0,11,-10,303
5982.5,9,-7,303
5985.0,12,-7,302
5987.5,8,-8,303
5990.0,8,-8,303
5992.5,11,-9,303
5995.0,9,-9,303
5997.5,9,-6,305
6000.0,11,-6,303
6002.5,10,-6,303
6005.0,7,-7,303
6007.5,9,-5,302
6010.0,9,-9,301
6012.5,12,-10,303
6015.0,11,-8,305
6017.5,10,-7,303
6020.0,11,-8,304
6022.5,9,-6,304
6025.0,12,-7,303
6027.5,10,-7,302
6030.0,10,-9,302
6032.5,11,-9,305
6035.0,9,-9,299
6037.5,7,-8,302
6040.0,7,-8,302
6042.5,10,-7,304
6045.0,11,-6,302
6047.5,10,-7,308
6050.0,12,-5,304
6052.5,10,-5,297
6055.0,8,-5,302
6057.5,9,-4,304
6060.0,11,-8,303
6062.5,13,-9,303
6065.0,11,-9,304
6067.5,10,-8,303
6070.0,11,-10,306
6072.5,10,-7,304
6075.0,9,-7,302
6077.5,9,-8,305
6080.0,9,-8,304
6082.5,9,-9,302
6085.0,9,-7,304
6087.5,11,-6,303
6090.0,11,-6,303
6092.5,9,-9,301
6095.0,12,-10,302
6097.5,7,-8,302
6100.0,9,-7,304
6102.5,10,-7,307
6105.0,10,-9,307
6107.5,10,-7,305
6110.0,8,-6,300
6112.5,11,-8,304
6115.0,9,-5,303
6117.5,10,-7,305
6120.0,11,-8,303
6122.5,10,-8,301
6125.0,11,-10,302
6127.5,11,-7,302
6130.0,10,-10,303
6132.5,9,-9,303
6135.0,12,-10,305
6137.5,11,-8,304
6140.0,11,-8,304
6142.5,10,-7,300
6145.0,11,-8,302
6147.5,9,-5,304
6150.0,10,-6,300
6152.5,8,-7,307
6155.0,10,-7,307
6157.5,11,-10,305
6160.0,10,-8,301
6162.5,10,-8,304
6165.0,10,-8,302
6167.5,9,-5,303
6170.0,12,-8,302
6172.5,9,-10,304
6175.0,8,-9,304
6177.5,10,-7,300
6180.0,9,-8,304
6182.5,10,-9,303
6185.0,8,-8,302
6187.5,10,-8,300
6190.0,10,-8,300
6192.5,9,-9,305
6195.0,9,-9,302
6197.5,10,-7,305
6200.0,10,-5,307
6202.5,8,-6,304
6205.0,10,-5,308
6207.5,10,-6,302
6210.0,9,-7,306
6212.5,8,-7,302
6215.0,10,-3,301
6217.5,8,-8,305
6220.0,9,-6,303
6222.5,10,-9,304
6225.0,9,-8,299
6227.5,10,-8,304
6230.0,8,-9,304
6232.5,10,-7,306
6235.0,9,-9,304
6237.5,11,-8,303
6240.0,11,-8,303
6242.5,11,-8,300
6245.0,8,-8,305
6247.5,10,-7,304
6250.0,10,-7,304
6252.5,7,-6,302
6255.0,11,-5,303
6257.5,11,-7,306
6260.0,8,-8,300
6262.5,9,-6,304
6265.0,13,-8,302
6267.5,11,-9,301
6270.0,10,-8,301
6272.5,10,-9,306
6275.0,10,-8,302
6277.5,8,-11,301
6280.0,10,-7,304
6282.5,9,-8,302
6285.0,9,-8,302
6287.5,11,-10,305
6290.0,11,-10,305
6292.5,8,-6,302
6295.0,11,-6,303
6297.5,9,-5,303
6300.0,8,-7,303
6302.5,8,-6,304
6305.0,11,-6,304
6307.5,11,-11,304
6310.0,11,-7,307
6312.5,10,-7,304
6315.0,10,-9,305
6317.5,11,-7,301
6320.0,11,-8,305
6322.5,11,-6,305
6325.0,9,-7,304
6327.5,8,-8,303
6330.0,8,-8,302
6332.5,9,-8,301
6335.0,10,-9,304
6337.5,11,-9,302
6340.0,11,-9,302
6342.5,9,-6,305
6345.0,8,-5,302
6347.5,10,-8,306
6350.0,13,-11,301
6352.5,12,-10,300
6355.0,10,-4,307
6357.5,12,-7,301
6360.0,7,-7,307
6362.5,9,-9,305
6365.0,10,-10,307
6367.5,9,-8,301
6370.0,11,-8,303
6372.5,10,-9,304
6375.0,9,-10,301
6377.5,9,-8,305
6380.0,10,-8,302
6382.5,9,-6,303
6385.0,8,-8,300
6387.5,8,-8,302
6390.0,8,-8,302
6392.5,8,-8,302
6395.0,10,-9,301
6397.5,10,-8,298
6400.0,10,-5,303
6402.5,8,-6,305
6405.0,10,-8,305
6407.5,9,-6,304
6410.0,9,-5,304
6412.5,9,-8,306
6415.0,8,-6,304
6417.5,11,-8,305
6420.0,11,-8,305
6422.5,11,-7,304
6425.0,10,-7,302
6427.5,9,-8,303
6430.0,8,-8,302
6432.5,8,-10,304
6435.0,9,-11,304
6437.5,9,-11,304
6440.0,9,-9,303
6442.5,11,-7,306
6445.0,11,-8,304
6447.5,11,-8,306
6450.0,11,-9,303
6452.5,9,-8,301
6455.0,9,-7,306
6457.5,9,-5,304
6460.0,10,-10,303
6462.5,9,-6,303
6465.0,10,-8,304
6467.5,11,-9,305
6470.0,9,-9,304
6472.5,9,-9,304
6475.0,9,-6,304
6477.5,9,-8,303
6480.0,9,-8,305
6482.5,8,-6,304
6485.0,12,-8,302
6487.5,12,-8,302
6490.0,9,-9,305
6492.5,11,-5,304
6495.0,7,-6,305
6497.5,11,-6,306
6500.0,8,-7,302
6502.5,10,-7,307
6505.0,10,-11,304
6507.5,9,-8,300
6510.0,10,-8,302
6512.5,9,-7,302
6515.0,11,-9,303
6517.5,9,-7,305
6520.0,10,-6,305
6522.5,10,-8,306
6525.0,9,-8,307
6527.5,10,-10,303
6530.0,11,-8,303
6532.5,7,-8,302
6535.0,7,-6,304
6537.5,7,-6,304
6540.0,10,-7,302
6542.5,9,-7,307
6545.0,11,-10,305
6547.5,11,-9,304
6550.0,9,-4,301
6552.5,9,-5,302
6555.0,11,-7,305
6557.5,11,-8,306
6560.0,11,-7,302
6562.5,11,-10,302
6565.0,11,-10,307
6567.5,10,-5,303
6570.0,8,-6,302
6572.5,10,-10,302
6575.0,10,-9,303
6577.5,10,-9,303
6580.0,10,-9,305
6582.5,11,-8,299
6585.0,10,-7,300
6587.5,10,-7,300
6590.0,10,-7,303
6592.5,10,-8,302
6595.0,9,-7,304
6597.5,10,-7,303
6600.0,11,-10,307
6602.5,14,-7,300
6605.0,10,-7,302
6607.5,11,-7,303
6610.0,12,-8,304
6612.5,11,-10,304
6615.0,8,-7,304
6617.5,9,-8,304
6620.0,12,-9,301
6622.5,8,-7,303
6625.0,9,-7,302
6627.5,10,-8,302
6630.0,9,-8,302
6632.5,9,-9,301
6635.0,9,-8,303
6637.5,9,-8,303
6640.0,9,-7,305
6642.5,12,-9,301
6645.0,10,-7,306
6647.5,11,-7,304
6650.0,9,-8,304
6652.5,11,-6,305
6655.0,7,-7,306
6657.5,9,-7,303
6660.0,9,-7,302
6662.5,11,-7,304
6665.0,11,-7,304
6667.5,12,-9,302
6670.0,9,-8,301
6672.5,9,-8,307
6675.0,9,-8,304
6677.5,8,-8,304
6680.0,11,-8,306
6682.5,10,-9,304
6685.0,10,-8,301
6687.5,10,-8,301
6690.0,11,-8,300
6692.5,9,-8,301
6695.0,10,-8,305
6697.5,12,-6,302
6700.0,11,-7,307
6702.5,13,-8,305
6705.0,9,-5,299
6707.5,10,-7,302
6710.0,10,-8,302
6712.5,10,-7,302
6715.0,11,-8,303
6717.5,9,-9,300
6720.0,11,-6,305
6722.5,9,-7,300
6725.0,9,-11,300
6727.5,11,-8,304
6730.0,9,-9,302
6732.5,9,-8,303
6735.0,9,-6,306
6737.5,9,-6,306
6740.0,12,-7,300
6742.5,10,-7,299
6745.0,9,-8,302
6747.5,11,-10,304
6750.0,10,-7,302
6752.5,8,-5,300
6755.0,10,-7,303
6757.5,8,-6,305
6760.0,11,-10,304
6762.5,8,-7,303
6765.0,10,-6,304
6767.5,11,-6,302
6770.0,11,-8,306
6772.5,10,-7,304
6775.0,9,-5,303
6777.5,13,-7,303
6780.0,8,-8,302
6782.5,10,-8,305
6785.0,10,-8,304
6787.5,10,-8,304
6790.0,10,-9,302
6792.5,13,-8,302
6795.0,11,-9,303
6797.5,9,-6,303
6800.0,10,-5,302
6802.5,10,-8,300
6805.0,9,-5,305
6807.5,10,-8,303
6810.0,10,-4,303
6812.5,10,-9,303
6815.0,11,-9,304
6817.5,10,-10,302
6820.0,10,-8,303
6822.5,10,-7,304
6825.0,9,-7,302
6827.5,10,-9,304
6830.0,9,-7,303
6832.5,11,-7,304
6835.0,11,-7,303
6837.5,11,-7,303
6840.0,10,-8,300
6842.5,10,-10,302
6845.0,12,-11,302
6847.5,10,-7,304
6850.0,9,-7,302
6852.5,14,-9,305
6855.0,10,-6,305
6857.5,9,-8,305
6860.0,9,-6,307
6862.5,12,-10,305
6865.0,9,-7,302
6867.5,12,-7,303
6870.0,12,-8,306
6872.5,9,-6,303
6875.0,9,-8,303
6877.5,11,-8,301
6880.0,10,-7,305
6882.5,11,-9,304
6885.0,10,-8,302
6887.5,10,-8,302
6890.0,9,-8,302
6892.5,11,-9,304
6895.0,12,-8,302
6897.5,9,-6,302
6900.0,9,-10,304
6902.5,12,-9,304
6905.0,11,-7,306
6907.5,10,-6,303
6910.0,10,-6,302
6912.5,9,-8,301
6915.0,10,-8,303
6917.5,8,-7,303
6920.0,9,-7,303
6922.5,9,-7,303
6925.0,10,-8,306
6927.5,9,-8,304
6930.0,9,-9,300
6932.5,10,-8,304
6935.0,10,-8,304
6937.5,8,-8,301
6940.0,12,-8,301
6942.5,13,-7,306
6945.0,12,-6,305
6947.5,10,-5,303
6950.0,9,-4,306
6952.5,9,-4,301
6955.0,8,-7,305
6957.5,12,-7,304
6960.0,9,-5,305
6962.5,7,-6,301
6965.0,10,-9,303
6967.5,10,-9,303
6970.0,13,-10,303
6972.5,10,-8,301
6975.0,9,-6,305
6977.5,8,-6,302
6980.0,10,-9,307
6982.5,8,-8,302
6985.0,8,-8,302
6987.5,11,-10,304
6990.0,10,-7,305
6992.5,8,-7,306
6995.0,8,-8,308
6997.5,10,-8,309
7000.0,8,-8,310
7002.5,9,-6,304
7005.0,9,-7,301
7007.5,11,-9,302
7010.0,9,-7,303
7012.5,8,-6,302
7015.0,12,-9,305
7017.5,9,-8,302
7020.0,11,-8,304
7022.5,11,-7,302
7025.0,8,-8,303
7027.5,9,-8,301
7030.0,9,-10,302
7032.5,9,-10,306
7035.0,9,-10,306
7037.5,8,-8,302
7040.0,9,-8,304
7042.5,11,-6,303
7045.0,9,-8,300
7047.5,9,-5,303
7050.0,7,-5,308
7052.5,10,-6,302
7055.0,12,-9,304
7057.5,10,-9,305
7060.0,10,-7,302
7062.5,11,-7,302
7065.0,12,-9,303
7067.5,10,-9,301
7070.0,11,-8,302
7072.5,10,-9,305
7075.0,8,-9,303
7077.5,10,-8,303
7080.0,10,-9,301
7082.5,9,-5,303
7085.0,9,-5,303
7087.5,9,-8,304
7090.0,8,-6,304
7092.5,8,-5,301
7095.0,12,-6,304
7097.5,12,-6,306
7100.0,11,-5,305
7102.5,12,-7,304
7105.0,10,-8,301
7107.5,8,-5,302
7110.0,9,-7,301
7112.5,11,-9,300
7115.0,10,-7,305
7117.5,9,-8,305
7120.0,9,-7,303
7122.5,10,-8,300
7125.0,11,-9,299
7127.5,9,-10,302
7130.0,11,-8,304
7132.5,10,-6,303
7135.0,10,-6,303
7137.5,10,-9,302
7140.0,13,-7,303
7142.5,10,-7,305
7145.0,11,-9,305
7147.5,9,-6,304
7150.0,9,-9,305
7152.5,10,-7,299
7155.0,12,-9,299
7157.5,11,-9,300
7160.0,9,-6,304
7162.5,9,-9,304
7165.0,11,-9,304
7167.5,7,-5,304
7170.0,11,-9,304
7172.5,8,-10,304
7175.0,9,-9,301
7177.5,9,-6,303
7180.0,9,-8,305
7182.5,11,-9,304
7185.0,11,-9,304
7187.5,12,-5,301
7190.0,12,-9,306
7192.5,8,-6,302
7195.0,11,-6,303
7197.5,8,-4,305
7200.0,10,-8,304
7202.5,9,-7,304
7205.0,9,-8,307
7207.5,11,-9,304
7210.0,9,-8,305
7212.5,10,-6,304
7215.0,12,-9,303
7217.5,9,-9,302
7220.0,9,-8,304
7222.5,9,-7,303
7225.0,9,-10,302
7227.5,9,-10,302
7230.0,9,-9,304
7232.5,9,-8,303
7235.0,9,-8,303
7237.5,11,-8,303
7240.0,10,-7,306
7242.5,11,-8,305
7245.0,12,-8,303
7247.5,10,-9,303
7250.0,9,-5,308
7252.5,9,-6,305
7255.0,9,-7,309
7257.5,10,-8,304
7260.0,9,-7,303
7262.5,10,-7,303
7265.0,10,-7,302
7267.5,11,-8,303
7270.0,12,-7,305
7272.5,11,-9,301
7275.0,12,-6,303
7277.5,11,-9,308
7280.0,9,-8,303
7282.5,9,-6,304
7285.0,9,-6,304
7287.5,10,-9,304
7290.0,10,-8,304
7292.5,11,-8,304
7295.0,9,-7,303
7297.5,10,-6,302
7300.0,9,-7,305
7302.5,10,-9,304
7305.0,10,-7,302
7307.5,10,-6,304
7310.0,10,-6,302
7312.5,12,-9,303
7315.0,9,-7,303
7317.5,12,-7,307
7320.0,9,-9,303
7322.5,8,-8,304
7325.0,10,-8,305
7327.5,9,-7,302
7330.0,10,-9,304
7332.5,10,-7,306
7335.0,10,-7,306
7337.5,9,-7,306
7340.0,9,-8,304
7342.5,9,-7,305
7345.0,8,-7,309
7347.5,10,-9,302
7350.0,10,-6,303
7352.5,11,-7,301
7355.0,12,-9,304
7357.5,9,-6,299
7360.0,9,-7,302
7362.5,10,-9,304
7365.0,11,-9,304
7367.5,9,-7,303
7370.0,10,-8,302
7372.5,10,-6,304
7375.0,8,-8,305
7377.5,10,-8,304
7380.0,10,-11,303
7382.5,10,-11,303
7385.0,8,-8,305
7387.5,12,-11,301
7390.0,9,-8,302
7392.5,12,-5,304
7395.0,10,-11,303
7397.5,9,-6,302
7400.0,10,-5,303
7402.5,10,-7,305
7405.0,12,-6,303
7407.5,9,-7,300
7410.0,10,-5,304
7412.5,11,-6,305
7415.0,9,-9,303
7417.5,9,-6,304
7420.0,8,-8,302
7422.5,7,-7,303
7425.0,11,-8,303
7427.5,8,-5,304
7430.0,8,-8,303
7432.5,8,-8,303
7435.0,8,-10,304
7437.5,13,-10,302
7440.0,10,-9,305
7442.5,12,-4,304
7445.0,9,-3,302
7447.5,8,-7,305
7450.0,10,-6,302
7452.5,10,-7,303
7455.0,12,-8,304
7457.5,12,-8,304
7460.0,10,-9,305
7462.5,11,-11,305
7465.0,7,-8,301
7467.5,10,-7,303
7470.0,8,-7,303
7472.5,9,-8,304
7475.0,8,-9,301
7477.5,10,-9,300
7480.0,11,-10,301
7482.5,11,-10,301
7485.0,11,-10,304
7487.5,7,-7,301
7490.0,7,-9,303
7492.5,10,-7,301
7495.0,12,-10,309
7497.5,10,-10,307
7500.0,9,-6,303
7502.5,9,-5,301
7505.0,10,-6,303
7507.5,11,-8,303
7510.0,9,-9,304
7512.5,10,-7,300
7515.0,9,-9,303
7517.5,10,-8,307
7520.0,12,-9,306
7522.5,7,-9,306
7525.0,10,-9,304
7527.5,9,-10,302
7530.0,10,-8,301
7532.5,10,-8,301
7535.0,10,-7,301
7537.5,8,-8,308
7540.0,11,-10,302
7542.5,9,-8,305
7545.0,10,-4,303
7547.5,11,-6,305
7550.0,9,-8,302
7552.5,7,-6,300
7555.0,8,-5,305
7557.5,9,-8,305
7560.0,11,-9,301
7562.5,10,-8,305
7565.0,10,-8,302
7567.5,9,-6,304
7570.0,8,-8,301
7572.5,9,-8,303
7575.0,7,-8,305
7577.5,9,-7,302
7580.0,6,-6,305
7582.5,6,-6,305
7585.0,9,-5,303
7587.5,9,-7,302
7590.0,10,-3,303
7592.5,9,-7,299
7595.0,10,-10,308
7597.5,12,-10,304
7600.0,10,-8,306
7602.5,10,-8,304
7605.0,11,-6,305
7607.5,9,-5,303
7610.0,10,-7,302
7612.5,9,-9,303
7615.0,8,-8,301
7617.5,9,-9,303
7620.0,10,-9,305
7622.5,11,-11,305
7625.0,10,-9,302
7627.5,9,-10,302
7630.0,8,-8,299
7632.5,8,-8,299
7635.0,7,-6,302
7637.5,10,-8,303
7640.0,9,-7,305
7642.5,10,-7,303
7645.0,10,-8,307
7647.5,10,-6,304
7650.0,7,-7,301
7652.5,8,-9,300
7655.0,9,-7,300
7657.5,12,-8,304
7660.0,12,-7,305
7662.5,10,-8,304
7665.0,11,-9,300
7667.5,10,-8,306
7670.0,8,-6,300
7672.5,11,-10,301
7675.0,10,-10,301
7677.5,11,-9,303
7680.0,9,-9,303
7682.5,9,-9,303
7685.0,9,-7,301
7687.5,10,-6,300
7690.0,11,-9,302
7692.5,10,-8,305
7695.0,10,-10,302
7697.5,7,-7,304
7700.0,9,-7,306
7702.5,11,-8,303
7705.0,11,-8,301
7707.5,11,-9,298
7710.0,11,-8,302
7712.5,11,-8,303
7715.0,11,-8,302
7717.5,10,-8,305
7720.0,10,-6,305
7722.5,9,-7,304
7725.0,9,-7,304
7727.5,9,-8,302
7730.0,10,-9,302
7732.5,10,-9,302
7735.0,10,-9,304
7737.5,12,-8,305
7740.0,11,-9,302
7742.5,12,-9,306
7745.0,7,-7,299
7747.5,9,-11,299
7750.0,9,-7,307
7752.5,8,-7,309
7755.0,8,-7,304
7757.5,10,-7,303
7760.0,11,-8,305
7762.5,8,-8,301
7765.0,9,-7,302
7767.5,11,-8,303
7770.0,10,-8,303
7772.5,9,-10,303
7775.0,9,-8,304
7777.5,9,-7,301
7780.0,8,-8,301
7782.5,8,-8,301
7785.0,10,-9,305
7787.5,9,-8,302
7790.0,8,-6,304
7792.5,12,-8,302
7795.0,11,-8,302
7797.5,13,-8,300
7800.0,11,-4,302
7802.5,9,-3,303
7805.0,10,-6,304
7807.5,7,-8,302
7810.0,9,-6,306
7812.5,11,-7,304
7815.0,9,-8,303
7817.5,11,-8,304
7820.0,9,-9,304
7822.5,11,-9,306
7825.0,10,-8,302
7827.5,7,-6,302
7830.0,9,-7,301
7832.5,9,-7,301
7835.0,10,-8,304
7837.5,10,-5,300
7840.0,10,-9,301
7842.5,9,-6,307
7845.0,7,-8,304
7847.5,10,-9,302
7850.0,9,-8,307
7852.5,11,-9,303
7855.0,11,-9,302
7857.5,11,-7,303
7860.0,10,-8,305
7862.5,8,-6,303
7865.0,10,-7,302
7867.5,10,-9,305
7870.0,10,-9,302
7872.5,11,-8,301
7875.0,10,-7,303
7877.5,11,-7,304
7880.0,11,-7,304
7882.5,11,-8,302
7885.0,11,-11,301
7887.5,9,-7,304
7890.0,10,-3,307
7892.5,9,-9,303
7895.0,10,-6,307
7897.5,11,-6,305
7900.0,9,-8,304
7902.5,9,-8,305
7905.0,12,-9,301
7907.5,10,-10,308
7910.0,10,-9,304
7912.5,10,-8,301
7915.0,11,-8,303
7917.5,9,-8,301
7920.0,8,-8,304
7922.5,8,-8,303
7925.0,12,-6,302
7927.5,9,-8,301
7930.0,9,-8,301
7932.5,8,-7,301
7935.0,9,-7,305
7937.5,8,-8,304
7940.0,8,-7,307
7942.5,10,-7,305
7945.0,9,-8,307
7947.5,11,-7,306
7950.0,10,-8,300
7952.5,9,-9,302
7955.0,8,-5,303
7957.5,10,-9,306
7960.0,10,-8,305
7962.5,9,-7,303
7965.0,9,-6,302
7967.5,11,-10,304
7970.0,10,-7,305
7972.5,10,-8,302
7975.0,10,-10,303
7977.5,10,-8,304
7980.0,10,-8,304
7982.5,10,-7,302
7985.0,10,-9,302
7987.5,10,-7,304
7990.0,13,-8,302
7992.5,8,-5,305
7995.0,12,-8,304
7997.5,9,-7,303
8000.0,9,-5,300
8002.5,9,-5,303
8005.0,7,-5,303
8007.5,11,-6,303
8010.0,10,-7,304
8012.5,9,-10,303
8015.0,9,-10,305
8017.5,8,-6,303
8020.0,8,-7,302
8022.5,10,-8,303
8025.0,11,-8,303
8027.5,10,-8,299
8030.0,10,-8,299
8032.5,9,-7,305
8035.0,10,-10,308
8037.5,8,-9,303
8040.0,9,-3,308
8042.5,8,-5,305
8045.0,10,-4,301
8047.5,13,-9,302
8050.0,12,-8,305
8052.5,11,-5,306
8055.0,8,-9,304
8057.5,10,-8,305
8060.0,11,-6,302
8062.5,11,-10,304
8065.0,10,-9,302
8067.5,10,-9,301
8070.0,9,-7,303
8072.5,9,-7,302
8075.0,9,-10,303
8077.5,10,-8,304
8080.0,10,-8,304
8082.5,11,-8,303
8085.0,8,-7,304
8087.5,10,-8,304
8090.0,8,-7,303
8092.5,11,-7,308
8095.0,12,-10,304
8097.5,10,-9,302
8100.0,12,-8,300
8102.5,12,-7,301
8105.0,9,-8,301
8107.5,9,-9,307
8110.0,11,-8,305
8112.5,10,-6,303
8115.0,9,-7,301
8117.5,12,-10,298
8120.0,12,-8,302
8122.5,9,-9,305
8125.0,8,-8,303
8127.5,8,-10,303
8130.0,8,-10,303
8132.5,10,-6,305
8135.0,11,-8,299
8137.5,10,-8,304
8140.0,11,-6,301
8142.5,8,-5,304
8145.0,9,-6,299
8147.5,11,-3,303
8150.0,12,-8,307
8152.5,12,-9,303
8155.0,11,-7,300
8157.5,10,-5,302
8160.0,11,-8,305
8162.5,9,-7,302
8165.0,9,-6,304
8167.5,8,-9,307
8170.0,10,-9,303
8172.5,8,-8,303
8175.0,9,-7,300
8177.5,8,-6,303
8180.0,8,-6,303
8182.5,8,-8,306
8185.0,9,-9,304
8187.5,11,-8,308
8190.0,10,-5,304
8192.5,8,-7,302
8195.0,8,-6,302
8197.5,6,-8,300
8200.0,10,-10,303
8202.5,11,-9,306
8205.0,11,-8,301
8207.5,9,-5,303
8210.0,11,-5,306
8212.5,10,-7,302
8215.0,9,-8,304
8217.5,10,-8,303
8220.0,10,-8,303
8222.5,11,-7,304
8225.0,10,-9,301
8227.5,10,-8,306
8230.0,10,-8,306
8232.5,11,-9,305
8235.0,9,-5,304
8237.5,10,-4,303
8240.0,10,-5,301
8242.5,12,-7,303
8245.0,11,-10,306
8247.5,9,-8,304
8250.0,10,-5,301
8252.5,9,-7,302
8255.0,9,-9,302
8257.5,8,-10,302
8260.0,10,-9,303
8262.5,10,-8,302
8265.0,11,-8,304
8267.5,10,-9,304
8270.0,8,-6,304
8272.5,9,-9,306
8275.0,9,-9,304
8277.5,8,-8,302
8280.0,8,-8,302
8282.5,9,-8,302
8285.0,10,-7,303
8287.5,11,-5,308
8290.0,10,-8,305
8292.5,9,-8,306
8295.0,11,-7,306
8297.5,12,-7,303
8300.0,11,-7,302
8302.5,9,-6,301
8305.0,8,-8,301
8307.5,9,-6,303
8310.0,9,-9,306
8312.5,10,-9,307
8315.0,10,-8,305
8317.5,10,-10,304
8320.0,9,-9,305
8322.5,9,-7,302
8325.0,9,-9,303
8327.5,9,-9,303
8330.0,10,-9,299
8332.5,9,-8,300
8335.0,10,-8,302
8337.5,12,-8,307
8340.0,9,-7,301
8342.5,10,-6,304
8345.0,9,-6,305
8347.5,10,-8,303
8350.0,10,-8,304
8352.5,10,-8,304
8355.0,9,-8,307
8357.5,8,-8,306
8360.0,12,-10,303
8362.5,8,-9,304
8365.0,8,-6,303
8367.5,10,-9,304
8370.0,10,-8,302
8372.5,12,-8,302
8375.0,10,-10,305
8377.5,10,-10,305
8380.0,11,-5,305
8382.5,8,-7,302
8385.0,7,-4,305
8387.5,13,-6,307
8390.0,13,-5,304
8392.5,10,-5,306
8395.0,10,-5,309
8397.5,10,-6,300
8400.0,10,-7,301
8402.5,7,-8,304
8405.0,10,-8,302
8407.5,11,-9,303
8410.0,9,-6,302
8412.5,10,-9,302
8415.0,11,-8,299
8417.5,10,-10,299
8420.0,10,-9,303
8422.5,10,-9,303
8425.0,9,-7,303
8427.5,9,-7,303
8430.0,11,-9,304
8432.5,9,-5,305
8435.0,7,-8,305
8437.5,11,-8,302
8440.0,10,-10,304
8442.5,8,-8,307
8445.0,10,-7,303
8447.5,10,-8,302
8450.0,10,-8,304
8452.5,9,-6,301
8455.0,8,-7,302
8457.5,11,-10,302
8460.0,10,-8,301
8462.5,10,-7,301
8465.0,9,-8,301
8467.5,10,-8,303
8470.0,10,-8,303
8472.5,8,-10,302
8475.0,10,-9,303
8477.5,10,-9,303
8480.0,8,-8,303
8482.5,9,-10,302
8485.0,10,-7,302
8487.5,10,-6,301
8490.0,8,-7,306
8492.5,11,-7,307
8495.0,10,-7,302
8497.5,10,-9,304
8500.0,11,-8,303
8502.5,9,-8,301
8505.0,9,-6,303
8507.5,10,-7,304
8510.0,10,-10,306
8512.5,11,-8,305
8515.0,10,-8,303
8517.5,8,-6,302
8520.0,11,-7,305
8522.5,10,-6,301
8525.0,9,-8,303
8527.5,9,-8,303
8530.0,10,-7,304
8532.5,9,-9,305
8535.0,10,-7,301
8537.5,11,-6,306
8540.0,13,-7,304
8542.5,12,-7,302
8545.0,9,-7,303
8547.5,10,-8,304
8550.0,11,-8,302
8552.5,10,-7,304
8555.0,10,-7,302
8557.5,11,-9,302
8560.0,10,-10,304
8562.5,10,-9,303
8565.0,9,-9,304
8567.5,9,-7,302
8570.0,9,-7,305
8572.5,9,-9,305
8575.0,10,-6,305
8577.5,10,-6,305
8580.0,13,-8,304
8582.5,9,-11,303
8585.0,9,-7,304
8587.5,9,-5,301
8590.0,10,-8,307
8592.5,11,-9,304
8595.0,11,-7,300
8597.5,9,-5,304
8600.0,10,-7,306
8602.5,7,-9,303
8605.0,8,-7,302
8607.5,9,-7,304
8610.0,10,-7,301
8612.5,10,-8,303
8615.0,9,-8,302
8617.5,11,-9,303
8620.0,10,-8,304
8622.5,11,-11,304
8625.0,11,-9,303
8627.5,11,-9,303
8630.0,10,-5,303
8632.5,11,-8,305
8635.0,11,-8,305
8637.5,10,-7,301
8640.0,8,-5,304
8642.5,12,-4,303
8645.0,12,-9,306
8647.5,11,-9,305
8650.0,9,-9,302
8652.5,10,-9,304
8655.0,11,-6,307
8657.5,10,-8,304
8660.0,8,-9,302
8662.5,10,-8,302
8665.0,11,-9,302
8667.5,11,-9,304
8670.0,9,-7,302
8672.5,10,-7,301
8675.0,9,-8,304
8677.5,9,-8,304
8680.0,6,-6,305
8682.5,8,-8,305
8685.0,11,-10,305
8687.5,11,-6,307
8690.0,10,-7,303
8692.5,13,-9,307
8695.0,10,-9,305
8697.5,10,-7,306
8700.0,10,-9,308
8702.5,10,-9,298
8705.0,10,-8,300
8707.5,8,-9,302
8710.0,9,-9,300
8712.5,11,-10,302
8715.0,8,-9,304
8717.5,9,-8,304
8720.0,10,-9,302
8722.5,10,-9,301
8725.0,12,-9,302
8727.5,12,-9,302
8730.0,9,-8,302
8732.5,11,-7,305
8735.0,9,-7,304
8737.5,11,-7,303
8740.0,10,-8,301
8742.5,10,-7,306
8745.0,7,-5,301
8747.5,11,-7,305
8750.0,8,-7,302
8752.5,9,-10,302
8755.0,9,-7,302
8757.5,10,-9,300
8760.0,10,-4,303
8762.5,12,-7,303
8765.0,10,-9,303
8767.5,8,-7,305
8770.0,10,-9,302
8772.5,10,-9,304
8775.0,11,-8,302
8777.5,11,-8,302
8780.0,7,-6,300
8782.5,8,-4,303
8785.0,9,-7,305
8787.5,9,-7,307
8790.0,9,-7,304
8792.5,9,-8,309
8795.0,10,-5,304
8797.5,11,-6,305
8800.0,12,-8,302
8802.5,8,-6,302
8805.0,9,-7,302
8807.5,11,-9,304
8810.0,10,-8,304
8812.5,8,-7,304
8815.0,9,-7,302
8817.5,11,-7,305
8820.0,11,-8,305
8822.5,10,-9,305
8825.0,10,-7,303
8827.5,10,-7,303
8830.0,10,-12,301
8832.5,9,-6,301
8835.0,13,-7,302
8837.5,12,-7,302
8840.0,10,-8,305
8842.5,7,-7,307
8845.0,10,-6,307
8847.5,10,-8,304
8850.0,9,-6,301
8852.5,9,-9,304
8855.0,12,-10,305
8857.5,8,-8,304
8860.0,8,-8,302
8862.5,10,-9,305
8865.0,10,-7,301
8867.5,10,-10,305
8870.0,9,-7,301
8872.5,8,-6,302
8875.0,8,-6,302
8877.5,9,-7,302
8880.0,11,-9,305
8882.5,12,-8,301
8885.0,10,-6,300
8887.5,10,-7,303
8890.0,11,-7,305
8892.5,13,-7,304
8895.0,9,-7,304
8897.5,8,-6,303
8900.0,10,-7,303
8902.5,9,-7,304
8905.0,11,-10,303
8907.5,10,-6,303
8910.0,8,-8,306
8912.5,10,-9,304
8915.0,9,-7,305
8917.5,9,-7,301
8920.0,10,-7,303
8922.5,9,-8,302
8925.0,9,-8,302
8927.5,9,-8,306
8930.0,9,-6,302
8932.5,8,-7,301
8935.0,8,-6,307
8937.5,10,-8,309
8940.0,14,-9,307
8942.5,11,-7,301
8945.0,10,-5,303
8947.5,11,-5,300
8950.0,8,-7,301
8952.5,9,-9,305
8955.0,11,-8,305
8957.5,9,-8,302
8960.0,10,-8,306
8962.5,10,-9,301
8965.0,7,-7,297
8967.5,11,-8,301
8970.0,8,-8,304
8972.5,9,-7,305
8975.0,9,-7,305
8977.5,10,-7,301
8980.0,10,-8,304
8982.5,12,-8,303
8985.0,10,-6,308
8987.5,8,-7,300
8990.0,10,-3,303
8992.5,10,-7,307
8995.0,8,-6,304
8997.5,9,-10,303
9000.0,11,-9,307
9002.5,12,-9,304
9005.0,10,-6,304
9007.5,9,-9,304
9010.0,10,-8,302
9012.5,9,-8,304
9015.0,10,-9,301
9017.5,9,-8,302
9020.0,10,-7,301
9022.5,10,-9,303
9025.0,10,-9,303
9027.5,10,-7,301
9030.0,10,-7,304
9032.5,9,-6,301
9035.0,9,-7,302
9037.5,8,-9,306
9040.0,11,-7,309
9042.5,10,-8,306
9045.0,10,-7,303
9047.5,10,-8,308
9050.0,10,-7,304
9052.5,10,-6,302
9055.0,11,-9,304
9057.5,9,-9,302
9060.0,10,-8,304
9062.5,9,-9,302
9065.0,10,-6,300
9067.5,10,-10,303
9070.0,8,-7,302
9072.5,9,-8,305
9075.0,9,-8,305
9077.5,8,-6,302
9080.0,10,-8,303
9082.5,10,-8,302
9085.0,11,-6,306
9087.5,9,-5,301
9090.0,9,-6,297
9092.5,10,-5,299
9095.0,11,-7,302
9097.5,10,-7,302
9100.0,10,-7,307
9102.5,11,-9,300
9105.0,10,-4,305
9107.5,11,-7,300
9110.0,11,-7,301
9112.5,8,-6,302
9115.0,11,-7,302
9117.5,10,-8,303
9120.0,11,-9,304
9122.5,10,-10,301
9125.0,10,-10,301
9127.5,12,-9,299
9130.0,9,-8,303
9132.5,10,-7,304
9135.0,11,-9,302
9137.5,7,-6,302
9140.0,10,-6,302
9142.5,10,-6,306
9145.0,9,-7,305
9147.5,10,-7,305
9150.0,12,-7,302
9152.5,10,-6,304
9155.0,11,-7,300
9157.5,10,-6,304
9160.0,8,-8,303
9162.5,10,-10,302
9165.0,9,-9,305
9167.5,9,-9,302
9170.0,8,-8,302
9172.5,9,-10,304
9175.0,9,-10,304
9177.5,8,-9,305
9180.0,6,-8,302
9182.5,9,-9,304
9185.0,10,-7,304
9187.5,9,-6,304
9190.0,10,-7,302
9192.5,11,-7,301
9195.0,10,-9,306
9197.5,8,-8,302
9200.0,12,-7,302
9202.5,11,-7,304
9205.0,9,-7,301
9207.5,10,-7,305
9210.0,10,-10,303
9212.5,8,-9,300
9215.0,9,-8,302
9217.5,9,-9,302
9220.0,10,-11,303
9222.5,10,-6,304
9225.0,10,-6,304
9227.5,11,-9,305
9230.0,9,-8,304
9232.5,11,-7,304
9235.0,7,-8,301
9237.5,12,-10,306
9240.0,12,-10,308
9242.5,11,-10,306
9245.0,11,-6,303
9247.5,11,-6,303
9250.0,12,-9,301
9252.5,8,-5,302
9255.0,9,-9,302
9257.5,11,-12,301
9260.0,12,-8,305
9262.5,10,-10,301
9265.0,9,-8,301
9267.5,10,-10,303
9270.0,11,-8,305
9272.5,11,-8,303
9275.0,11,-8,303
9277.5,10,-6,301
9280.0,9,-7,306
9282.5,11,-6,310
9285.0,12,-9,307
9287.5,10,-8,299
9290.0,11,-9,307
9292.5,11,-8,300
9295.0,12,-7,305
9297.5,11,-7,306
9300.0,9,-10,305
9302.5,9,-11,303
9305.0,9,-9,302
9307.5,10,-9,304
9310.0,9,-7,303
9312.5,8,-8,304
9315.0,11,-7,304
9317.5,9,-9,304
9320.0,10,-10,305
9322.5,10,-10,305
9325.0,9,-8,303
9327.5,8,-7,301
9330.0,10,-5,303
9332.5,11,-5,304
9335.0,11,-8,299
9337.5,11,-9,300
9340.0,11,-6,305
9342.5,9,-6,300
9345.0,9,-8,306
9347.5,12,-6,306
9350.0,11,-9,305
9352.5,10,-7,304
9355.0,12,-9,303
9357.5,9,-9,302
9360.0,10,-6,304
9362.5,8,-8,302
9365.0,8,-7,304
9367.5,11,-8,297
9370.0,8,-9,304
9372.5,8,-9,304
9375.0,8,-8,305
9377.5,11,-7,302
9380.0,10,-7,301
9382.5,12,-3,302
9385.0,10,-7,306
9387.5,10,-7,304
9390.0,10,-6,305
9392.5,11,-9,302
9395.0,10,-6,305
9397.5,10,-6,304
9400.0,11,-8,306
9402.5,10,-8,305
9405.0,8,-9,301
9407.5,10,-7,303
9410.0,10,-8,304
9412.5,10,-10,303
9415.0,12,-11,302
9417.5,11,-10,303
9420.0,10,-9,302
9422.5,10,-9,302
9425.0,11,-7,306
9427.5,11,-7,301
9430.0,10,-6,302
9432.5,11,-6,295
9435.0,8,-8,306
9437.5,12,-7,305
9440.0,9,-4,303
9442.5,11,-7,304
9445.0,10,-7,304
9447.5,9,-6,303
9450.0,10,-9,305
9452.5,9,-7,304
9455.0,9,-8,304
9457.5,8,-9,304
9460.0,11,-9,302
9462.5,10,-8,300
9465.0,10,-7,302
9467.5,11,-9,303
9470.0,11,-7,304
9472.5,11,-7,304
9475.0,10,-7,302
9477.5,9,-7,300
9480.0,9,-7,304
9482.5,12,-10,304
9485.0,12,-9,306
9487.5,10,-5,307
9490.0,11,-7,303
9492.5,10,-7,301
9495.0,9,-8,302
9497.5,9,-8,302
9500.0,11,-7,302
9502.5,12,-9,304
9505.0,11,-8,306
9507.5,12,-9,304
9510.0,9,-7,301
9512.5,9,-5,303
9515.0,8,-9,306
9517.5,8,-9,302
9520.0,9,-8,300
9522.5,9,-8,300
9525.0,8,-7,306
9527.5,11,-9,307
9530.0,10,-10,305
9532.5,12,-6,306
9535.0,12,-7,306
9537.5,11,-5,303
9540.0,7,-6,304
9542.5,9,-8,307
9545.0,11,-8,304
9547.5,11,-7,304
9550.0,12,-9,303
9552.5,10,-8,301
9555.0,10,-8,302
9557.5,9,-8,301
9560.0,8,-7,303
9562.5,10,-10,301
9565.0,10,-9,303
9567.5,8,-9,301
9570.0,9,-9,303
9572.5,9,-9,303
9575.0,9,-9,303
9577.5,10,-7,304
9580.0,9,-6,306
9582.5,10,-7,301
9585.0,9,-5,299
9587.5,8,-4,306
9590.0,10,-7,303
9592.5,9,-7,303
9595.0,10,-9,305
9597.5,9,-9,302
9600.0,10,-7,305
9602.5,8,-7,304
9605.0,12,-8,305
9607.5,9,-8,307
9610.0,8,-10,303
9612.5,9,-8,302
9615.0,11,-10,302
9617.5,10,-8,304
9620.0,10,-9,303
9622.5,10,-9,303
9625.0,12,-9,301
9627.5,10,-7,301
9630.0,11,-7,304
9632.5,10,-6,301
9635.0,9,-9,302
9637.5,11,-4,304
9640.0,8,-8,304
9642.5,12,-9,307
9645.0,9,-6,304
9647.5,8,-9,300
9650.0,11,-7,302
9652.5,9,-6,305
9655.0,9,-8,304
9657.5,10,-7,303
9660.0,9,-6,301
9662.5,9,-8,303
9665.0,10,-7,303
9667.5,8,-6,303
9670.0,10,-8,303
9672.5,10,-8,303
9675.0,10,-10,302
9677.5,9,-9,305
9680.0,11,-6,304
9682.5,12,-8,303
9685.0,12,-7,304
9687.5,10,-4,303
9690.0,9,-9,305
9692.5,11,-9,301
9695.0,12,-8,301
9697.5,10,-8,306
9700.0,12,-11,302
9702.5,11,-9,299
9705.0,12,-7,305
9707.5,11,-6,302
9710.0,7,-8,303
9712.5,9,-7,303
9715.0,10,-8,302
9717.5,10,-9,300
9720.0,10,-9,300
9722.5,11,-7,302
9725.0,9,-9,304
9727.5,8,-9,305
9730.0,12,-7,304
9732.5,9,-6,303
9735.0,10,-7,304
9737.5,10,-5,302
9740.0,8,-6,305
9742.5,11,-8,305
9745.0,9,-7,303
9747.5,10,-9,303
9750.0,10,-6,305
9752.5,10,-9,301
9755.0,9,-9,300
9757.5,9,-8,302
9760.0,8,-6,303
9762.5,9,-8,302
9765.0,12,-9,305
9767.5,10,-9,305
9770.0,10,-9,305
9772.5,11,-9,301
9775.0,8,-7,299
9777.5,8,-7,302
9780.0,9,-5,303
9782.5,8,-9,302
9785.0,11,-7,307
9787.5,10,-7,303
9790.0,9,-7,299
9792.5,10,-4,303
9795.0,9,-5,304
9797.5,9,-5,306
9800.0,8,-8,302
9802.5,6,-5,307
9805.0,10,-6,305
9807.5,10,-10,304
9810.0,9,-8,301
9812.5,7,-9,303
9815.0,10,-8,308
9817.5,10,-9,303
9820.0,10,-9,303
9822.5,11,-9,303
9825.0,9,-5,301
9827.5,7,-8,305
9830.0,8,-5,304
9832.5,13,-9,309
9835.0,12,-8,306
9837.5,13,-7,305
9840.0,10,-5,301
9842.5,9,-8,303
9845.0,10,-7,303
9847.5,9,-8,304
9850.0,10,-8,303
9852.5,10,-8,304
9855.0,10,-7,303
9857.5,8,-4,303
9860.0,10,-8,302
9862.5,9,-8,304
9865.0,10,-8,303
9867.5,11,-9,301
9870.0,11,-9,301
9872.5,11,-8,304
9875.0,9,-6,305
9877.5,8,-6,302
9880.0,11,-7,303
9882.5,12,-7,300
9885.0,10,-4,305
9887.5,11,-8,303
9890.0,10,-9,302
9892.5,8,-5,303
9895.0,12,-7,302
9897.5,10,-9,305
9900.0,12,-8,304
9902.5,11,-8,301
9905.0,9,-7,303
9907.5,10,-7,302
9910.0,9,-7,302
9912.5,9,-5,304
9915.0,10,-8,304
9917.5,11,-8,305
9920.0,11,-8,305
9922.5,9,-8,300
9925.0,11,-9,305
9927.5,11,-7,301
9930.0,12,-8,302
9932.5,10,-9,307
9935.0,12,-7,305
9937.5,8,-7,302
9940.0,9,-8,306
9942.5,12,-6,307
9945.0,8,-7,303
9947.5,10,-6,301
9950.0,10,-7,304
9952.5,10,-10,305
9955.0,12,-11,302
9957.5,8,-8,300
9960.0,11,-8,302
9962.5,10,-9,304
9965.0,9,-9,303
9967.5,10,-9,301
9970.0,10,-9,301
9972.5,11,-10,304
9975.0,10,-7,304
9977.5,7,-8,302
9980.0,12,-7,304
9982.5,12,-12,303
9985.0,11,-9,301
9987.5,11,-8,306
9990.0,11,-6,304
9992.5,10,-6,304
9995.0,11,-6,303
9997.5,9,-7,304
10000.0,10,-8,305
10002.5,8,-10,303
10005.0,10,-11,304
10007.5,12,-8,299
10010.0,10,-9,304
10012.5,10,-6,302
10015.0,9,-8,304
10017.5,10,-9,303
10020.0,10,-9,303
10022.5,9,-8,304
10025.0,8,-7,303
10027.5,10,-7,303
10030.0,10,-5,303
10032.5,9,-8,305
10035.0,10,-7,305
10037.5,9,-8,303
10040.0,10,-9,305
10042.5,12,-6,304
10045.0,11,-8,304
10047.5,10,-7,302
10050.0,12,-8,300
10052.5,9,-7,304
10055.0,10,-9,303
10057.5,9,-8,304
10060.0,10,-7,301
10062.5,10,-7,303
10065.0,10,-8,300
10067.5,11,-7,303
10070.0,11,-7,303
10072.5,9,-10,305
10075.0,10,-8,306
10077.5,9,-4,304
10080.0,10,-5,303
10082.5,11,-6,302
10085.0,11,-8,304
10087.5,9,-6,302
10090.0,10,-9,303
10092.5,12,-8,302
10095.0,10,-8,305
10097.5,10,-9,303
10100.0,8,-7,301
10102.5,10,-7,300
10105.0,9,-7,298
10107.5,10,-10,305
10110.0,10,-7,302
10112.5,10,-9,303
10115.0,11,-8,304
10117.5,9,-7,301
10120.0,9,-7,301
10122.5,10,-9,305
10125.0,11,-7,304
10127.5,10,-10,306
10130.0,11,-8,306
10132.5,8,-6,303
10135.0,9,-7,302
10137.5,10,-7,302
10140.0,9,-9,306
10142.5,10,-10,305
10145.0,9,-8,303
10147.5,12,-9,302
10150.0,9,-4,302
10152.5,10,-7,304
10155.0,9,-7,306
10157.5,10,-9,304
10160.0,11,-9,302
10162.5,9,-9,302
10165.0,9,-8,301
10167.5,11,-8,299
10170.0,11,-8,299
10172.5,8,-8,304
10175.0,8,-9,304
10177.5,9,-10,307
10180.0,9,-8,302
10182.5,9,-9,301
10185.0,11,-8,307
10187.5,11,-8,303
10190.0,9,-5,304
10192.5,10,-7,304
10195.0,11,-7,305
10197.5,8,-9,301
10200.0,11,-6,304
10202.5,10,-8,303
10205.0,9,-8,306
10207.5,8,-7,303
10210.0,10,-9,302
10212.5,7,-9,303
10215.0,8,-8,303
10217.5,8,-8,304
10220.0,8,-8,304
10222.5,9,-7,304
10225.0,11,-7,300
10227.5,11,-7,301
10230.0,11,-7,302
10232.5,9,-6,302
10235.0,9,-9,304
10237.5,10,-10,305
10240.0,10,-8,300
10242.5,13,-9,302
10245.0,11,-7,301
10247.5,10,-5,304
10250.0,10,-9,304
10252.5,12,-7,303
10255.0,10,-8,303
10257.5,9,-7,301
10260.0,12,-9,302
10262.5,9,-7,300
10265.0,10,-9,298
10267.5,8,-8,304
10270.0,8,-8,304
10272.5,9,-9,302
10275.0,10,-8,305
10277.5,9,-6,303
10280.0,10,-5,301
10282.5,9,-8,302
10285.0,10,-6,303
10287.5,10,-10,305
10290.0,11,-8,306
10292.5,10,-7,305
10295.0,11,-8,301
10297.5,11,-7,301
10300.0,9,-6,303
10302.5,8,-9,304
10305.0,10,-8,304
10307.5,10,-9,308
10310.0,9,-7,304
10312.5,10,-6,303
10315.0,8,-5,303
10317.5,9,-7,300
10320.0,9,-7,300
10322.5,10,-10,302
10325.0,8,-6,302
10327.5,12,-7,304
10330.0,10,-5,301
10332.5,9,-6,302
10335.0,6,-9,303
10337.5,9,-8,305
10340.0,12,-8,304
10342.5,11,-8,303
10345.0,9,-7,305
10347.5,9,-3,301
10350.0,10,-9,300
10352.5,11,-7,302
10355.0,8,-8,304
10357.5,10,-8,299
10360.0,9,-6,305
10362.5,9,-10,307
10365.0,10,-8,301
10367.5,10,-8,301
10370.0,9,-7,303
10372.5,8,-8,301
10375.0,8,-9,303
10377.5,8,-6,304
10380.0,12,-7,305
10382.5,10,-10,306
10385.0,9,-4,304
10387.5,11,-6,302
10390.0,10,-7,303
10392.5,10,-6,305
10395.0,9,-9,302
10397.5,11,-7,302
10400.0,11,-9,303
10402.5,10,-6,302
10405.0,10,-6,303
10407.5,7,-8,300
10410.0,9,-5,302
10412.5,9,-9,300
10415.0,10,-9,301
10417.5,10,-9,301
10420.0,9,-9,301
10422.5,10,-8,301
10425.0,9,-6,303
10427.5,9,-6,300
10430.0,10,-7,300
10432.5,8,-8,306
10435.0,9,-5,302
10437.5,13,-9,305
10440.0,13,-8,304
10442.5,11,-8,300
10445.0,11,-7,303
10447.5,11,-9,304
10450.0,8,-7,307
10452.5,9,-8,304
10455.0,10,-7,304
10457.5,10,-9,304
10460.0,10,-7,302
10462.5,9,-9,304
10465.0,11,-10,303
10467.5,11,-10,303
10470.0,9,-8,302
10472.5,11,-8,304
10475.0,8,-6,303
10477.5,11,-8,303
10480.0,12,-7,305
10482.5,10,-4,306
10485.0,10,-8,303
10487.5,11,-6,302
10490.0,10,-6,300
10492.5,9,-8,306
10495.0,11,-10,303
10497.5,10,-7,302
10500.0,11,-7,304
10502.5,10,-8,303
10505.0,9,-8,302
10507.5,9,-7,302
10510.0,11,-9,303
10512.5,8,-8,306
10515.0,9,-8,301
10517.5,9,-8,301
10520.0,10,-8,304
10522.5,8,-4,305
10525.0,7,-6,304
10527.5,12,-6,303
10530.0,8,-8,304
10532.5,9,-6,305
10535.0,11,-6,308
10537.5,11,-9,308
10540.0,10,-9,307
10542.5,12,-9,302
10545.0,10,-7,301
10547.5,10,-8,303
10550.0,8,-7,302
10552.5,12,-8,305
10555.0,9,-5,302
10557.5,10,-7,306
10560.0,9,-7,305
10562.5,11,-8,304
10565.0,10,-7,304
10567.5,10,-7,304
10570.0,12,-8,306
10572.5,9,-5,303
10575.0,10,-9,304
10577.5,4,-8,302
10580.0,9,-10,307
10582.5,11,-9,306
10585.0,8,-6,302
10587.5,9,-8,304
10590.0,11,-6,302
10592.5,9,-9,302
10595.0,7,-5,302
10597.5,9,-9,302
10600.0,10,-10,301
10602.5,10,-5,301
10605.0,10,-9,303
10607.5,10,-8,304
10610.0,8,-9,302
10612.5,8,-7,307
10615.0,11,-10,302
10617.5,11,-10,302
10620.0,12,-4,304
10622.5,10,-9,304
10625.0,10,-9,303
10627.5,9,-8,304
10630.0,8,-6,303
10632.5,9,-8,302
10635.0,12,-9,299
10637.5,10,-9,307
10640.0,9,-10,301
10642.5,8,-9,305
10645.0,11,-7,303
10647.5,10,-7,300
10650.0,10,-8,304
10652.5,10,-7,304
10655.0,12,-8,307
10657.5,10,-7,305
10660.0,10,-7,302
10662.5,9,-7,297
10665.0,10,-10,302
10667.5,10,-10,302
10670.0,8,-8,307
10672.5,10,-8,301
10675.0,10,-7,303
10677.5,10,-7,304
10680.0,12,-4,302
10682.5,9,-6,305
10685.0,9,-9,304
10687.5,9,-8,302
10690.0,9,-8,302
10692.5,7,-8,299
10695.0,11,-8,301
10697.5,10,-5,303
10700.0,7,-5,303
10702.5,9,-6,300
10705.0,10,-10,301
10707.5,10,-9,302
10710.0,10,-8,304
10712.5,11,-7,304
10715.0,11,-7,300
10717.5,11,-7,300
10720.0,13,-8,299
10722.5,8,-8,305
10725.0,10,-7,306
10727.5,7,-6,303
10730.0,13,-7,304
10732.5,10,-6,305
10735.0,9,-7,301
10737.5,11,-10,302
10740.0,9,-6,302
10742.5,9,-9,302
10745.0,9,-9,303
10747.5,10,-8,301
10750.0,9,-8,300
10752.5,11,-9,302
10755.0,9,-5,303
10757.5,12,-9,303
10760.0,12,-9,305
10762.5,11,-10,305
10765.0,11,-9,305
10767.5,11,-9,305
10770.0,8,-9,302
10772.5,11,-8,305
10775.0,9,-6,306
10777.5,8,-8,304
10780.0,10,-7,308
10782.5,11,-7,305
10785.0,10,-6,301
10787.5,10,-6,307
10790.0,11,-8,307
10792.5,8,-7,305
10795.0,10,-9,304
10797.5,10,-8,302
10800.0,13,-10,301
10802.5,12,-8,303
10805.0,8,-8,303
10807.5,9,-9,302
10810.0,10,-9,305
10812.5,7,-9,304
10815.0,11,-9,302
10817.5,11,-9,302
10820.0,9,-8,304
10822.5,9,-5,299
10825.0,10,-5,303
10827.5,9,-5,305
10830.0,9,-9,302
10832.5,9,-8,304
10835.0,11,-7,306
10837.5,12,-8,304
10840.0,11,-7,303
10842.5,9,-5,304
10845.0,12,-9,303
10847.5,9,-9,304
10850.0,11,-8,302
10852.5,12,-8,302
10855.0,11,-9,302
10857.5,9,-6,303
10860.0,10,-8,302
10862.5,10,-9,302
10865.0,10,-9,302
10867.5,10,-8,304
10870.0,10,-7,301
10872.5,9,-7,304
10875.0,11,-7,300
10877.5,10,-5,303
10880.0,10,-8,303
10882.5,10,-5,299
10885.0,9,-6,302
10887.5,10,-3,306
10890.0,9,-5,299
10892.5,11,-7,305
10895.0,9,-7,303
10897.5,10,-8,302
10900.0,10,-7,302
10902.5,11,-9,304
10905.0,11,-10,303
10907.5,10,-9,305
10910.0,9,-8,301
10912.5,10,-6,302
10915.0,10,-6,302
10917.5,11,-9,303
10920.0,9,-7,306
10922.5,11,-11,305
10925.0,9,-7,304
10927.5,10,-7,305
10930.0,11,-3,305
10932.5,13,-8,303
10935.0,9,-9,303
10937.5,8,-5,304
10940.0,10,-8,305
10942.5,10,-8,303
10945.0,10,-8,301
10947.5,8,-7,301
10950.0,11,-7,303
10952.5,10,-7,301
10955.0,10,-9,304
10957.5,11,-9,304
10960.0,11,-10,303
10962.5,9,-10,304
10965.0,9,-10,304
10967.5,10,-8,304
10970.0,10,-7,303
10972.5,9,-6,301
10975.0,9,-6,301
10977.5,11,-10,301
10980.0,10,-7,300
10982.5,9,-5,306
10985.0,9,-10,303
10987.5,10,-9,303
10990.0,11,-9,305
10992.5,10,-6,300
10995.0,9,-8,300
10997.5,11,-10,302
11000.0,9,-5,302
11002.5,9,-7,304
11005.0,8,-9,302
11007.5,10,-8,306
11010.0,11,-9,305
11012.5,10,-9,304
11015.0,10,-9,304
11017.5,9,-7,303
11020.0,10,-5,301
11022.5,11,-6,306
11025.0,11,-8,299
11027.5,9,-8,305
11030.0,11,-5,305
11032.5,10,-9,303
11035.0,10,-6,300
11037.5,9,-8,304
11040.0,8,-8,301
11042.5,9,-7,301
11045.0,11,-8,303
11047.5,10,-8,304
11050.0,10,-7,304
11052.5,9,-7,303
11055.0,9,-8,304
11057.5,9,-5,301
11060.0,8,-9,300
11062.5,11,-10,301
11065.0,11,-10,301
11067.5,8,-7,305
11070.0,9,-9,304
11072.5,10,-8,304
11075.0,10,-5,304
11077.5,10,-7,301
11080.0,13,-7,303
11082.5,10,-6,302
11085.0,11,-6,303
11087.5,11,-9,304
11090.0,11,-7,302
11092.5,11,-6,305
11095.0,10,-6,302
11097.5,11,-10,305
11100.0,10,-7,304
11102.5,10,-9,303
11105.0,10,-10,303
11107.5,8,-6,305
11110.0,9,-7,302
11112.5,9,-9,303
11115.0,9,-9,303
11117.5,9,-7,302
11120.0,9,-6,299
11122.5,10,-9,304
11125.0,10,-7,309
11127.5,10,-9,304
11130.0,9,-9,304
11132.5,11,-8,307
11135.0,13,-8,303
11137.5,11,-7,300
11140.0,9,-5,303
11142.5,10,-9,303
11145.0,9,-9,303
11147.5,12,-10,304
11150.0,9,-8,305
11152.5,10,-8,302
11155.0,10,-7,304
11157.5,10,-7,301
11160.0,10,-8,305
11162.5,8,-6,305
11165.0,8,-6,305
11167.5,11,-8,303
11170.0,12,-6,300
11172.5,11,-10,304
11175.0,11,-9,304
11177.5,9,-8,304
11180.0,8,-6,301
11182.5,10,-7,306
11185.0,9,-6,307
11187.5,9,-6,304
11190.0,12,-8,302
11192.5,10,-6,305
11195.0,8,-8,306
11197.5,10,-10,304
11200.0,13,-9,304
11202.5,11,-9,300
11205.0,9,-8,304
11207.5,9,-7,307
11210.0,9,-6,303
11212.5,9,-7,303
11215.0,9,-7,303
11217.5,10,-5,302
11220.0,8,-6,298
11222.5,8,-7,303
11225.0,14,-11,307
11227.5,10,-8,303
11230.0,10,-5,306
11232.5,11,-6,305
11235.0,10,-4,303
11237.5,8,-8,303
11240.0,10,-8,303
11242.5,10,-10,304
11245.0,11,-9,304
11247.5,9,-9,305
11250.0,10,-6,304
11252.5,11,-8,303
11255.0,8,-6,303
11257.5,10,-8,304
11260.0,10,-6,303
11262.5,10,-6,303
11265.0,11,-9,304
11267.5,11,-8,302
11270.0,10,-9,301
11272.5,12,-6,305
11275.0,10,-7,300
11277.5,8,-8,301
11280.0,8,-8,305
11282.5,9,-8,305
11285.0,11,-11,301
11287.5,11,-8,304
11290.0,11,-9,302
11292.5,10,-9,303
11295.0,10,-8,301
11297.5,8,-8,306
11300.0,10,-9,304
11302.5,10,-9,305
11305.0,11,-8,304
11307.5,10,-7,302
11310.0,9,-7,302
11312.5,9,-7,302
11315.0,9,-8,301
11317.5,10,-8,303
11320.0,9,-7,308
11322.5,11,-6,304
11325.0,10,-5,301
11327.5,10,-6,303
11330.0,9,-6,302
11332.5,7,-6,301
11335.0,12,-9,302
11337.5,10,-5,304
11340.0,12,-10,305
11342.5,10,-8,304
11345.0,9,-9,302
11347.5,9,-6,303
11350.0,11,-9,305
11352.5,8,-9,304
11355.0,9,-8,303
11357.5,9,-6,306
11360.0,10,-8,302
11362.5,10,-8,302
11365.0,10,-8,301
11367.5,10,-7,308
11370.0,12,-8,299
11372.5,9,-7,302
11375.0,8,-4,304
11377.5,12,-7,304
11380.0,11,-3,303
11382.5,10,-5,304
11385.0,10,-8,307
11387.5,11,-10,303
11390.0,11,-7,303
11392.5,10,-7,302
11395.0,9,-10,303
11397.5,10,-7,305
11400.0,10,-7,302
11402.5,10,-8,302
11405.0,11,-9,300
11407.5,11,-10,305
11410.0,9,-9,304
11412.5,9,-9,304
11415.0,8,-7,305
11417.5,10,-10,303
11420.0,10,-7,303
11422.5,10,-5,302
11425.0,10,-8,306
11427.5,9,-6,302
11430.0,10,-6,301
11432.5,11,-8,304
11435.0,12,-9,302
11437.5,10,-7,302
11440.0,10,-8,301
11442.5,10,-9,305
11445.0,8,-8,306
11447.5,9,-8,301
11450.0,10,-8,304
11452.5,11,-8,302
11455.0,11,-8,302
11457.5,10,-9,306
11460.0,9,-6,305
11462.5,9,-6,305
11465.0,11,-8,304
11467.5,9,-7,302
11470.0,11,-8,305
11472.5,12,-8,305
11475.0,11,-9,305
11477.5,9,-4,305
11480.0,9,-5,304
11482.5,11,-7,302
11485.0,8,-6,303
11487.5,8,-10,304
11490.0,10,-7,301
11492.5,9,-8,304
11495.0,10,-8,304
11497.5,11,-8,304
11500.0,7,-7,302
11502.5,10,-8,302
11505.0,12,-6,306
11507.5,9,-8,303
11510.0,11,-9,302
11512.5,11,-9,302
11515.0,11,-10,300
11517.5,10,-7,303
11520.0,10,-7,297
11522.5,10,-8,307
11525.0,10,-10,305
11527.5,10,-7,308
11530.0,12,-7,306
11532.5,13,-8,304
11535.0,9,-8,301
11537.5,11,-10,302
11540.0,9,-10,309
11542.5,12,-8,303
11545.0,11,-10,304
11547.5,10,-8,303
11550.0,10,-8,307
11552.5,10,-8,301
11555.0,11,-8,302
11557.5,9,-9,302
11560.0,10,-8,301
11562.5,10,-8,301
11565.0,9,-6,302
11567.5,12,-7,299
11570.0,9,-7,309
11572.5,9,-7,302
11575.0,8,-6,308
11577.5,12,-6,307
11580.0,10,-9,304
11582.5,9,-7,308
11585.0,12,-9,305
11587.5,9,-8,303
11590.0,10,-7,304
11592.5,9,-8,303
11595.0,12,-9,302
11597.5,10,-8,304
11600.0,10,-9,304
11602.5,10,-9,303
11605.0,8,-8,300
11607.5,9,-10,302
11610.0,10,-9,303
11612.5,10,-9,303
11615.0,10,-8,305
11617.5,9,-6,304
11620.0,8,-6,307
11622.5,11,-5,302
11625.0,10,-7,302
11627.5,9,-5,304
11630.0,10,-9,308
11632.5,10,-8,304
11635.0,12,-6,303
11637.5,10,-8,306
11640.0,8,-6,304
11642.5,10,-8,302
11645.0,10,-7,303
11647.5,11,-9,308
11650.0,11,-8,302
11652.5,11,-8,298
11655.0,10,-9,303
11657.5,9,-8,303
11660.0,9,-9,304
11662.5,9,-9,304
11665.0,10,-8,301
11667.5,10,-8,301
11670.0,10,-8,307
11672.5,9,-6,297
11675.0,9,-8,303
11677.5,12,-10,304
11680.0,11,-7,305
11682.5,11,-7,303
11685.0,10,-7,304
11687.5,9,-4,302
11690.0,12,-8,303
11692.5,10,-7,303
11695.0,10,-8,303
11697.5,11,-9,303
11700.0,9,-7,307
11702.5,11,-8,303
11705.0,9,-7,306
11707.5,10,-9,302
11710.0,8,-8,302
11712.5,8,-8,302
11715.0,9,-9,303
11717.5,10,-9,301
11720.0,13,-7,303
11722.5,10,-7,305
11725.0,9,-4,303
11727.5,8,-5,305
11730.0,11,-10,304
11732.5,12,-10,302
11735.0,13,-9,300
11737.5,9,-4,303
11740.0,11,-8,304
11742.5,10,-9,305
11745.0,9,-7,305
11747.5,8,-8,301
11750.0,10,-5,304
11752.5,9,-7,304
11755.0,9,-7,304
11757.5,10,-9,305
11760.0,8,-8,304
11762.5,8,-8,304
11765.0,12,-6,304
11767.5,11,-5,303
11770.0,11,-6,311
11772.5,10,-5,304
11775.0,11,-8,305
11777.5,12,-7,305
11780.0,10,-7,304
11782.5,11,-6,303
11785.0,10,-7,305
11787.5,7,-7,303
11790.0,10,-9,305
11792.5,11,-10,301
11795.0,10,-6,304
11797.5,8,-7,306
11800.0,9,-9,303
11802.5,10,-7,303
11805.0,9,-7,305
11807.5,10,-10,302
11810.0,10,-8,303
11812.5,10,-8,303
11815.0,10,-6,302
11817.5,10,-10,302
11820.0,15,-8,303
11822.5,10,-9,303
11825.0,10,-7,304
11827.5,12,-8,306
11830.0,8,-4,302
11832.5,10,-8,305
11835.0,9,-8,303
11837.5,9,-9,304
11840.0,10,-9,304
11842.5,8,-7,302
11845.0,11,-6,305
11847.5,10,-9,306
11850.0,11,-11,303
11852.5,10,-9,302
11855.0,10,-8,300
11857.5,9,-8,303
11860.0,9,-8,303
11862.5,9,-9,302
11865.0,11,-8,302
11867.5,11,-9,306
11870.0,10,-10,304
11872.5,9,-8,301
11875.0,10,-8,301
11877.5,10,-5,303
11880.0,9,-6,306
11882.5,12,-9,308
11885.0,9,-8,304
11887.5,9,-8,305
11890.0,10,-8,303
11892.5,9,-8,304
11895.0,6,-9,304
11897.5,10,-8,303
11900.0,9,-8,304
11902.5,11,-7,303
11905.0,7,-8,300
11907.5,8,-7,304
11910.0,8,-7,304
11912.5,9,-9,303
11915.0,11,-8,304
11917.5,9,-4,306
11920.0,12,-6,303
11922.5,10,-6,304
11925.0,9,-8,303
11927.5,9,-8,302
11930.0,11,-7,301
11932.5,12,-7,301
11935.0,10,-7,301
11937.5,8,-5,305
11940.0,11,-6,304
11942.5,10,-11,304
11945.0,9,-9,305
11947.5,11,-10,300
11950.0,10,-8,300
11952.5,10,-8,302
11955.0,11,-9,303
11957.5,8,-9,302
11960.0,8,-9,302
11962.5,10,-10,304
11965.0,10,-8,302
11967.5,9,-8,304
11970.0,11,-6,304
11972.5,10,-5,304
11975.0,10,-4,308
11977.5,12,-10,303
11980.0,9,-7,299
11982.5,10,-6,304
11985.0,10,-7,304
11987.5,11,-8,307
11990.0,7,-8,304
11992.5,9,-9,304
11995.0,11,-6,305
11997.5,10,-8,303
12000.0,10,-8,303
12002.5,10,-9,300
12005.0,10,-5,305
12007.5,9,-7,302
12010.0,9,-7,302
12012.5,8,-9,298
12015.0,9,-7,302
12017.5,11,-9,303
12020.0,9,-10,304
12022.5,7,-6,298
12025.0,11,-9,305
12027.5,8,-5,305
12030.0,12,-8,304
12032.5,10,-8,305
12035.0,9,-6,305
12037.5,10,-8,304
12040.0,9,-7,301
12042.5,10,-9,303
12045.0,10,-5,306
12047.5,10,-8,303
12050.0,11,-9,303
12052.5,11,-8,303
12055.0,9,-7,303
12057.5,8,-8,302
12060.0,8,-8,302
12062.5,9,-10,302
12065.0,11,-9,303
12067.5,12,-8,301
12070.0,10,-7,304
12072.5,9,-4,302
12075.0,8,-5,305
12077.5,10,-7,304
12080.0,12,-9,305
12082.5,10,-9,304
12085.0,11,-7,303
12087.5,10,-9,303
12090.0,10,-6,302
12092.5,8,-6,302
12095.0,11,-9,306
12097.5,11,-9,303
12100.0,10,-9,303
12102.5,10,-7,303
12105.0,11,-10,304
12107.5,10,-8,302
12110.0,10,-8,302
12112.5,10,-9,302
12115.0,12,-8,304
12117.5,11,-6,302
12120.0,8,-11,300
12122.5,10,-8,304
12125.0,10,-5,306
12127.5,9,-7,304
12130.0,10,-8,301
12132.5,10,-7,305
12135.0,8,-7,303
12137.5,10,-6,304
12140.0,10,-7,303
12142.5,10,-8,304
12145.0,11,-8,301
12147.5,11,-8,300
12150.0,9,-8,300
12152.5,10,-7,304
12155.0,9,-9,302
12157.5,10,-10,300
12160.0,10,-10,300
12162.5,9,-9,303
12165.0,11,-7,305
12167.5,10,-8,302
12170.0,10,-8,300
12172.5,5,-4,302
12175.0,10,-7,303
12177.5,10,-8,302
12180.0,11,-7,305
12182.5,10,-7,306
12185.0,11,-8,301
12187.5,11,-6,302
12190.0,11,-7,302
12192.5,10,-9,304
12195.0,10,-8,303
12197.5,10,-7,302
12200.0,11,-10,301
12202.5,11,-10,303
12205.0,11,-9,300
12207.5,11,-8,305
12210.0,11,-8,305
12212.5,8,-6,301
12215.0,10,-10,303
12217.5,7,-7,302
12220.0,10,-5,301
12222.5,9,-8,306
12225.0,11,-10,304
12227.5,12,-7,300
12230.0,13,-7,303
12232.5,11,-7,306
12235.0,9,-9,304
12237.5,10,-7,303
12240.0,11,-8,305
12242.5,10,-6,303
12245.0,10,-7,304
12247.5,11,-8,304
12250.0,10,-7,302
12252.5,8,-9,302
12255.0,6,-6,302
12257.5,9,-8,303
12260.0,9,-8,303
12262.5,12,-7,301
12265.0,11,-6,302
12267.5,12,-5,302
12270.0,10,-6,303
12272.5,9,-5,305
12275.0,12,-8,304
12277.5,11,-8,301
12280.0,9,-10,305
12282.5,9,-7,304
12285.0,10,-9,301
12287.5,9,-9,302
12290.0,9,-6,303
12292.5,10,-10,304
12295.0,10,-6,303
12297.5,9,-8,303
12300.0,10,-9,303
12302.5,9,-8,301
12305.0,8,-9,304
12307.5,7,-7,302
12310.0,7,-7,302
12312.5,11,-6,304
12315.0,10,-7,305
12317.5,8,-8,304
12320.0,10,-7,306
12322.5,12,-9,304
12325.0,9,-8,301
12327.5,8,-8,306
12330.0,11,-6,307
12332.5,11,-8,303
12335.0,8,-8,304
12337.5,10,-6,307
12340.0,11,-10,303
12342.5,9,-8,300
12345.0,10,-8,301
12347.5,9,-6,303
12350.0,11,-7,301
12352.5,11,-6,301
12355.0,10,-9,302
12357.5,9,-6,304
12360.0,9,-6,304
12362.5,9,-9,301
12365.0,13,-7,300
12367.5,11,-5,307
12370.0,10,-8,305
12372.5,11,-6,302
12375.0,11,-8,304
12377.5,10,-9,306
12380.0,11,-9,305
12382.5,11,-8,304
12385.0,10,-8,301
12387.5,8,-8,301
12390.0,9,-8,303
12392.5,10,-8,298
12395.0,9,-8,302
12397.5,8,-6,303
12400.0,8,-7,304
12402.5,9,-9,301
12405.0,7,-9,302
12407.5,10,-9,304
12410.0,10,-9,304
12412.5,9,-7,301
12415.0,10,-8,298
12417.5,11,-9,304
12420.0,9,-7,303
12422.5,10,-9,303
12425.0,9,-6,306
12427.5,9,-10,304
12430.0,9,-8,304
12432.5,10,-7,305
12435.0,10,-7,303
12437.5,9,-6,301
12440.0,10,-8,304
12442.5,9,-5,305
12445.0,9,-8,302
12447.5,10,-8,305
12450.0,8,-9,304
12452.5,10,-8,303
12455.0,8,-6,300
12457.5,8,-7,303
12460.0,8,-7,303
12462.5,10,-9,305
12465.0,11,-9,302
12467.5,10,-5,306
12470.0,10,-6,303
12472.5,10,-5,303
12475.0,10,-8,301
12477.5,9,-9,304
12480.0,13,-7,306
12482.5,11,-6,303
12485.0,9,-7,304
12487.5,10,-8,304
12490.0,8,-8,302
12492.5,9,-8,302
12495.0,11,-9,304
12497.5,9,-7,306
12500.0,9,-10,303
12502.5,8,-7,299
12505.0,10,-7,300
12507.5,10,-7,300
12510.0,10,-10,302
12512.5,10,-9,305
12515.0,9,-8,304
12517.5,10,-6,307
12520.0,8,-8,299
12522.5,10,-9,299
12525.0,10,-5,307
12527.5,10,-9,302
12530.0,9,-10,305
12532.5,10,-10,303
12535.0,11,-8,301
12537.5,11,-9,304
12540.0,8,-8,302
12542.5,10,-9,305
12545.0,11,-9,302
12547.5,10,-8,307
12550.0,8,-7,304
12552.5,11,-10,303
12555.0,9,-7,302
12557.5,9,-7,302
12560.0,11,-8,302
12562.5,10,-8,304
12565.0,10,-10,305
12567.5,11,-6,304
12570.0,11,-8,300
12572.5,10,-7,305
12575.0,10,-6,302
12577.5,7,-7,305
12580.0,10,-7,303
12582.5,9,-8,303
12585.0,11,-11,303
12587.5,11,-6,302
12590.0,9,-8,299
12592.5,9,-8,304
12595.0,11,-11,307
12597.5,9,-10,300
12600.0,11,-9,304
12602.5,8,-7,304
12605.0,10,-7,305
12607.5,10,-7,305
12610.0,9,-8,302
12612.5,8,-7,304
12615.0,13,-8,304
12617.5,10,-8,302
12620.0,9,-5,299
12622.5,10,-8,302
12625.0,9,-4,305
12627.5,11,-6,305
12630.0,11,-11,305
12632.5,11,-8,304
12635.0,8,-11,310
12637.5,11,-9,303
12640.0,8,-9,300
12642.5,9,-10,305
12645.0,9,-7,302
12647.5,12,-9,301
12650.0,10,-6,301
12652.5,9,-8,301
12655.0,9,-8,304
12657.5,9,-8,304
12660.0,8,-10,302
12662.5,9,-4,304
12665.0,10,-7,301
12667.5,10,-8,307
12670.0,10,-8,302
12672.5,9,-7,308
12675.0,9,-7,305
12677.5,12,-8,303
12680.0,13,-6,303
12682.5,10,-7,305
12685.0,9,-7,304
12687.5,10,-9,302
12690.0,8,-4,305
12692.5,11,-8,306
12695.0,10,-8,303
12697.5,10,-7,305
12700.0,11,-7,302
12702.5,10,-9,303
12705.0,12,-11,303
12707.5,12,-11,303
12710.0,8,-7,300
12712.5,10,-8,303
12715.0,10,-6,301
12717.5,10,-7,298
12720.0,8,-10,307
12722.5,9,-5,305
12725.0,10,-7,306
12727.5,11,-12,303
12730.0,12,-8,306
12732.5,9,-10,302
12735.0,9,-8,303
12737.5,10,-9,303
12740.0,10,-10,305
12742.5,9,-9,301
12745.0,12,-8,302
12747.5,12,-8,303
12750.0,11,-9,306
12752.5,11,-9,302
12755.0,8,-10,299
12757.5,8,-10,299
12760.0,7,-8,303
12762.5,9,-8,309
12765.0,10,-10,302
12767.5,10,-6,299
12770.0,7,-5,302
12772.5,9,-4,304
12775.0,10,-7,304
12777.5,10,-8,303
12780.0,10,-7,302
12782.5,10,-7,305
12785.0,9,-8,302
12787.5,11,-8,305
12790.0,10,-7,303
12792.5,9,-6,304
12795.0,9,-7,302
12797.5,9,-9,301
12800.0,8,-6,303
12802.5,10,-7,304
12805.0,10,-7,301
12807.5,10,-7,301
12810.0,10,-7,301
12812.5,9,-8,305
12815.0,10,-7,304
12817.5,10,-8,303
12820.0,12,-7,302
12822.5,12,-6,308
12825.0,9,-4,304
12827.5,9,-6,301
12830.0,10,-7,301
12832.5,8,-7,306
12835.0,11,-10,301
12837.5,9,-6,301
12840.0,10,-10,303
12842.5,11,-10,303
12845.0,9,-8,303
12847.5,9,-8,301
12850.0,9,-8,308
12852.5,10,-10,304
12855.0,11,-8,306
12857.5,11,-8,306
12860.0,9,-6,303
12862.5,11,-7,304
12865.0,8,-8,305
12867.5,10,-5,300
12870.0,9,-7,303
12872.5,14,-6,306
12875.0,8,-4,303
12877.5,8,-7,304
12880.0,10,-7,309
12882.5,9,-8,302
12885.0,10,-8,302
12887.5,10,-8,305
12890.0,9,-9,303
12892.5,11,-10,303
12895.0,9,-7,304
12897.5,9,-9,302
12900.0,9,-7,304
12902.5,8,-7,302
12905.0,9,-6,304
12907.5,9,-6,304
12910.0,8,-8,302
12912.5,8,-9,299
12915.0,11,-8,305
12917.5,8,-6,304
12920.0,10,-11,300
12922.5,9,-6,304
12925.0,12,-6,306
12927.5,11,-7,307
12930.0,10,-4,302
12932.5,10,-9,303
12935.0,12,-9,300
12937.5,9,-8,300
12940.0,9,-9,304
12942.5,9,-8,303
12945.0,10,-8,303
12947.5,10,-11,305
12950.0,11,-7,299
12952.5,8,-8,298
12955.0,9,-9,305
12957.5,9,-9,305
12960.0,10,-9,301
12962.5,10,-8,301
12965.0,12,-9,304
12967.5,9,-7,303
12970.0,9,-5,303
12972.5,11,-8,305
12975.0,10,-10,302
12977.5,11,-5,304
12980.0,11,-7,302
12982.5,9,-9,301
12985.0,7,-7,303
12987.5,10,-7,305
12990.0,10,-7,304
12992.5,10,-9,300
12995.0,8,-6,301
12997.5,11,-7,307
13000.0,10,-8,302
13002.5,10,-9,307
13005.0,10,-8,302
13007.5,10,-8,302
13010.0,11,-7,306
13012.5,11,-6,307
13015.0,10,-4,307
13017.5,10,-4,302
13020.0,11,-9,304
13022.5,9,-8,305
13025.0,10,-8,305
13027.5,11,-5,301
13030.0,10,-8,302
13032.5,10,-7,301
13035.0,10,-7,304
13037.5,11,-7,304
13040.0,11,-6,303
13042.5,10,-9,302
13045.0,10,-7,303
13047.5,10,-7,304
13050.0,11,-7,303
13052.5,8,-8,303
13055.0,8,-8,303
13057.5,9,-7,301
13060.0,9,-8,302
13062.5,9,-5,304
13065.0,11,-6,304
13067.5,9,-8,300
13070.0,10,-8,304
13072.5,7,-7,302
13075.0,10,-8,306
13077.5,9,-9,306
13080.0,9,-8,304
13082.5,10,-5,304
13085.0,10,-7,302
13087.5,8,-5,302
13090.0,9,-4,305
13092.5,9,-7,302
13095.0,8,-7,305
13097.5,11,-6,303
13100.0,9,-6,304
13102.5,11,-8,304
13105.0,11,-8,304
13107.5,10,-8,304
13110.0,10,-7,300
13112.5,10,-9,303
13115.0,12,-6,301
13117.5,10,-8,299
13120.0,9,-7,305
13122.5,10,-8,306
13125.0,12,-8,301
13127.5,12,-5,302
13130.0,9,-6,302
13132.5,8,-7,301
13135.0,11,-8,304
13137.5,8,-10,302
13140.0,9,-7,303
13142.5,8,-7,304
13145.0,10,-10,301
13147.5,10,-7,302
13150.0,8,-6,302
13152.5,9,-7,303
13155.0,9,-7,303
13157.5,10,-8,303
13160.0,9,-9,301
13162.5,10,-7,302
13165.0,10,-7,304
13167.5,11,-9,299
13170.0,12,-6,305
13172.5,9,-7,300
13175.0,11,-7,301
13177.5,8,-6,300
13180.0,8,-9,309
13182.5,9,-6,303
13185.0,10,-6,303
13187.5,9,-7,300
13190.0,10,-8,302
13192.5,10,-9,301
13195.0,10,-9,304
13197.5,11,-8,303
13200.0,8,-8,304
13202.5,10,-10,303
13205.0,10,-10,303
13207.5,11,-7,304
13210.0,10,-7,305
13212.5,8,-10,303
13215.0,11,-7,307
13217.5,11,-5,303
13220.0,10,-6,302
13222.5,8,-6,303
13225.0,9,-8,303
13227.5,10,-8,302
13230.0,10,-9,301
13232.5,9,-6,306
13235.0,11,-7,307
13237.5,11,-9,304
13240.0,10,-7,306
13242.5,9,-8,302
13245.0,11,-9,303
13247.5,9,-9,301
13250.0,10,-8,304
13252.5,8,-8,300
13255.0,8,-8,300
13257.5,8,-9,303
13260.0,10,-7,304
13262.5,11,-8,301
13265.0,11,-5,302
13267.5,11,-7,305
13270.0,12,-6,303
13272.5,11,-7,302
13275.0,8,-8,306
13277.5,12,-7,304
13280.0,9,-7,301
13282.5,10,-6,302
13285.0,10,-7,305
13287.5,9,-7,302
13290.0,9,-6,302
13292.5,11,-9,300
13295.0,8,-8,304
13297.5,10,-8,303
13300.0,9,-8,304
13302.5,9,-8,301
13305.0,9,-8,301
13307.5,10,-8,302
13310.0,10,-8,307
13312.5,8,-8,303
13315.0,8,-5,301
13317.5,11,-6,302
13320.0,11,-8,306
13322.5,9,-6,301
13325.0,9,-6,301
13327.5,10,-8,304
13330.0,12,-9,305
13332.5,11,-9,303
13335.0,11,-9,304
13337.5,9,-9,304
13340.0,9,-8,302
13342.5,9,-8,303
13345.0,11,-8,303
13347.5,9,-8,302
13350.0,8,-8,302
13352.5,10,-9,304
13355.0,10,-9,304
13357.5,10,-10,306
13360.0,11,-9,300
13362.5,10,-9,304
13365.0,11,-8,303
13367.5,10,-4,299
13370.0,9,-5,297
13372.5,10,-7,303
13375.0,9,-7,305
13377.5,11,-7,301
13380.0,9,-10,303
13382.5,10,-8,303
13385.0,10,-8,302
13387.5,11,-8,304
13390.0,12,-8,301
13392.5,8,-7,303
13395.0,11,-8,303
13397.5,11,-10,303
13400.0,11,-9,303
13402.5,7,-7,307
13405.0,7,-7,307
13407.5,10,-6,304
13410.0,10,-7,300
13412.5,10,-7,308
13415.0,12,-7,308
13417.5,13,-11,304
13420.0,9,-9,304
13422.5,11,-7,306
13425.0,11,-5,300
13427.5,10,-9,303
13430.0,10,-9,303
13432.5,12,-11,303
13435.0,10,-8,303
13437.5,10,-8,304
13440.0,9,-8,304
13442.5,9,-9,301
13445.0,11,-10,301
13447.5,11,-9,302
13450.0,10,-10,304
13452.5,10,-10,304
13455.0,11,-7,304
13457.5,11,-8,302
13460.0,10,-5,300
13462.5,12,-7,305
13465.0,10,-6,304
13467.5,9,-9,302
13470.0,10,-5,306
13472.5,11,-8,306
13475.0,9,-8,302
13477.5,11,-9,300
13480.0,9,-6,301
13482.5,10,-9,303
13485.0,9,-9,301
13487.5,11,-9,302
13490.0,12,-7,303
13492.5,11,-9,305
13495.0,9,-8,302
13497.5,10,-8,304
13500.0,9,-8,304
13502.5,9,-8,304
13505.0,10,-8,302
13507.5,10,-7,303
13510.0,12,-9,305
13512.5,9,-4,305
13515.0,9,-8,303
13517.5,9,-6,305
13520.0,11,-7,304
13522.5,7,-7,301
13525.0,10,-8,304
13527.5,9,-7,306
13530.0,11,-8,303
13532.5,13,-9,305
13535.0,10,-8,305
13537.5,8,-8,300
13540.0,8,-6,302
13542.5,12,-9,304
13545.0,10,-8,300
13547.5,11,-9,303
13550.0,11,-7,301
13552.5,11,-7,301
13555.0,8,-7,305
13557.5,10,-7,306
13560.0,12,-8,304
13562.5,12,-10,306
13565.0,9,-6,299
13567.5,9,-6,304
13570.0,10,-8,304
13572.5,9,-8,302
13575.0,10,-6,302
13577.5,8,-7,304
13580.0,9,-8,302
13582.5,10,-7,303
13585.0,8,-8,303
13587.5,9,-7,306
13590.0,10,-10,302
13592.5,9,-9,301
13595.0,11,-9,301
13597.5,8,-7,303
13600.0,10,-8,301
13602.5,10,-8,301
13605.0,11,-10,303
13607.5,10,-7,304
13610.0,10,-8,303
13612.5,10,-5,300
13615.0,8,-7,301
13617.5,9,-9,306
13620.0,11,-9,303
13622.5,8,-8,300
13625.0,9,-5,304
13627.5,10,-5,302
13630.0,11,-8,305
13632.5,11,-6,304
13635.0,9,-8,301
13637.5,10,-8,302
13640.0,11,-7,302
13642.5,10,-7,302
13645.0,9,-7,301
13647.5,10,-8,303
13650.0,8,-8,305
13652.5,8,-8,305
13655.0,11,-9,305
13657.5,11,-9,301
13660.0,12,-7,304
13662.5,10,-8,303
13665.0,9,-8,304
13667.5,11,-7,301
13670.0,9,-7,310
13672.5,9,-10,305
13675.0,10,-9,306
13677.5,9,-4,302
13680.0,11,-7,303
13682.5,12,-7,304
13685.0,9,-9,302
13687.5,11,-8,304
13690.0,11,-8,303
13692.5,12,-9,304
13695.0,9,-5,305
13697.5,9,-8,303
13700.0,9,-10,304
13702.5,9,-10,304
13705.0,9,-7,304
13707.5,9,-8,304
13710.0,10,-9,300
13712.5,10,-6,303
13715.0,12,-8,304
13717.5,8,-5,301
13720.0,10,-6,304
13722.5,10,-10,303
13725.0,11,-9,306
13727.5,11,-10,302
13730.0,11,-9,304
13732.5,11,-7,305
13735.0,11,-8,302
13737.5,9,-8,301
13740.0,9,-7,305
13742.5,9,-7,304
13745.0,10,-8,303
13747.5,11,-8,301
13750.0,11,-10,301
13752.5,11,-10,301
13755.0,10,-8,303
13757.5,9,-8,307
13760.0,12,-10,304
13762.5,10,-6,304
13765.0,9,-6,305
13767.5,12,-7,305
13770.0,8,-7,302
13772.5,9,-6,304
13775.0,10,-7,302
13777.5,11,-6,303
13780.0,10,-8,303
13782.5,11,-8,301
13785.0,10,-8,304
13787.5,9,-8,304
13790.0,9,-7,304
13792.5,9,-7,302
13795.0,9,-8,304
13797.5,9,-8,302
13800.0,9,-8,303
13802.5,9,-8,303
13805.0,10,-7,300
13807.5,11,-7,302
13810.0,12,-8,301
13812.5,10,-6,306
13815.0,10,-8,309
13817.5,13,-5,305
13820.0,10,-5,304
13822.5,8,-6,304
13825.0,9,-8,302
13827.5,11,-7,304
13830.0,10,-9,306
13832.5,11,-8,303
13835.0,9,-7,303
13837.5,10,-9,302
13840.0,10,-8,301
13842.5,11,-9,302
13845.0,11,-9,304
13847.5,9,-9,303
13850.0,10,-10,299
13852.5,10,-10,299
13855.0,7,-7,303
13857.5,10,-8,301
13860.0,10,-8,304
13862.5,9,-8,302
13865.0,7,-8,302
13867.5,9,-6,304
13870.0,9,-8,306
13872.5,10,-11,306
13875.0,10,-6,303
13877.5,11,-9,302
13880.0,11,-6,299
13882.5,11,-7,303
13885.0,8,-8,301
13887.5,10,-8,305
13890.0,8,-6,303
13892.5,10,-7,303
13895.0,9,-7,300
13897.5,10,-6,298
13900.0,11,-8,304
13902.5,11,-8,304
13905.0,8,-9,301
13907.5,10,-7,304
13910.0,9,-5,305
13912.5,9,-8,304
13915.0,11,-8,302
13917.5,10,-9,305
13920.0,9,-4,301
13922.5,10,-6,302
13925.0,11,-7,304
13927.5,10,-8,300
13930.0,9,-8,305
13932.5,10,-7,303
13935.0,9,-8,304
13937.5,13,-9,304
13940.0,9,-7,302
13942.5,8,-7,304
13945.0,10,-7,301
13947.5,10,-8,301
13950.0,10,-7,303
13952.5,10,-7,303
13955.0,9,-10,302
13957.5,11,-7,303
13960.0,11,-9,306
13962.5,9,-8,303
13965.0,10,-9,304
13967.5,13,-7,303
13970.0,11,-8,305
13972.5,10,-8,301
13975.0,8,-7,305
13977.5,9,-9,305
13980.0,9,-9,306
13982.5,11,-7,301
13985.0,10,-6,304
13987.5,10,-7,300
13990.0,7,-7,303
13992.5,9,-8,303
13995.0,9,-7,303
13997.5,9,-9,303
14000.0,9,-9,303
14002.5,8,-7,301
14005.0,10,-6,305
14007.5,12,-8,303
14010.0,12,-6,301
14012.5,10,-9,302
14015.0,8,-6,305
14017.5,13,-6,304
14020.0,9,-7,303
14022.5,10,-6,305
14025.0,12,-10,300
14027.5,11,-8,302
14030.0,8,-8,304
14032.5,10,-5,304
14035.0,11,-7,301
14037.5,10,-7,304
14040.0,10,-10,303
14042.5,11,-7,302
14045.0,8,-9,305
14047.5,11,-8,305
14050.0,11,-8,305
14052.5,11,-9,307
14055.0,7,-7,302
14057.5,7,-5,303
14060.0,11,-7,304
14062.5,9,-9,306
14065.0,11,-8,307
14067.5,10,-8,305
14070.0,12,-9,301
14072.5,10,-7,299
14075.0,11,-7,304
14077.5,9,-7,303
14080.0,9,-7,304
14082.5,11,-8,304
14085.0,12,-8,304
14087.5,10,-9,304
14090.0,10,-4,304
14092.5,10,-8,304
14095.0,7,-6,301
14097.5,8,-7,301
14100.0,8,-7,301
14102.5,10,-8,304
14105.0,8,-8,305
14107.5,9,-5,301
14110.0,10,-7,304
14112.5,10,-6,303
14115.0,11,-6,303
14117.5,10,-4,300
14120.0,9,-4,302
14122.5,10,-5,304
14125.0,10,-7,303
14127.5,8,-8,305
14130.0,10,-7,302
14132.5,10,-8,304
14135.0,11,-9,303
14137.5,9,-8,302
14140.0,10,-7,306
14142.5,9,-6,304
14145.0,10,-11,302
14147.5,9,-9,305
14150.0,9,-9,305
14152.5,9,-7,302
14155.0,12,-8,302
14157.5,11,-7,301
14160.0,10,-9,302
14162.5,9,-9,301
14165.0,12,-7,305
14167.5,11,-7,301
14170.0,9,-7,301
14172.5,7,-5,303
14175.0,8,-6,300
14177.5,10,-8,302
14180.0,11,-7,302
14182.5,11,-8,304
14185.0,10,-7,305
14187.5,9,-6,305
14190.0,8,-6,301
14192.5,9,-8,302
14195.0,10,-10,302
14197.5,9,-8,303
14200.0,9,-8,303
14202.5,9,-7,302
14205.0,11,-8,303
14207.5,10,-7,302
14210.0,10,-5,302
14212.5,9,-5,301
14215.0,11,-5,303
14217.5,10,-7,303
14220.0,8,-9,304
14222.5,12,-7,305
14225.0,11,-8,306
14227.5,11,-6,306
14230.0,10,-7,303
14232.5,11,-7,304
14235.0,11,-7,306
14237.5,9,-8,303
14240.0,11,-7,302
14242.5,9,-8,305
14245.0,10,-8,304
14247.5,9,-7,304
14250.0,9,-7,304
14252.5,7,-7,304
14255.0,9,-8,302
14257.5,10,-9,305
14260.0,9,-6,305
14262.5,9,-4,302
14265.0,10,-5,305
14267.5,12,-6,308
14270.0,10,-8,306
14272.5,11,-7,302
14275.0,8,-8,304
14277.5,6,-6,303
14280.0,8,-6,305
14282.5,11,-8,302
14285.0,10,-10,305
14287.5,9,-8,301
14290.0,8,-7,301
14292.5,10,-10,302
14295.0,11,-7,302
14297.5,9,-8,301
14300.0,9,-8,301
14302.5,10,-7,305
14305.0,8,-9,305
14307.5,9,-4,303
14310.0,12,-8,303
14312.5,11,-7,302
14315.0,9,-10,300
14317.5,8,-8,302
14320.0,11,-8,306
14322.5,9,-7,303
14325.0,11,-8,301
14327.5,8,-4,304
14330.0,10,-8,303
14332.5,9,-6,303
14335.0,9,-5,305
14337.5,9,-9,306
14340.0,9,-6,303
14342.5,9,-7,302
14345.0,9,-8,300
14347.5,8,-6,302
14350.0,8,-6,302
14352.5,8,-9,305
14355.0,11,-11,303
14357.5,12,-9,301
14360.0,11,-6,301
14362.5,9,-8,299
14365.0,12,-7,301
14367.5,10,-9,305
14370.0,8,-8,306
14372.5,12,-10,305
14375.0,12,-7,302
14377.5,9,-8,302
14380.0,10,-7,305
14382.5,8,-7,305
14385.0,10,-8,304
14387.5,9,-8,305
14390.0,10,-7,304
14392.5,10,-7,304
14395.0,9,-7,300
14397.5,9,-7,300
14400.0,9,-7,300
14402.5,7,-6,305
14405.0,12,-8,305
14407.5,12,-8,302
14410.0,10,-7,305
14412.5,10,-8,301
14415.0,8,-6,301
14417.5,9,-9,303
14420.0,11,-8,308
14422.5,11,-7,303
14425.0,10,-9,304
14427.5,12,-7,307
14430.0,11,-7,302
14432.5,10,-8,301
14435.0,9,-10,303
14437.5,9,-8,302
14440.0,9,-10,302
14442.5,12,-7,300
14445.0,9,-9,304
14447.5,9,-9,304
14450.0,10,-6,304
14452.5,5,-6,302
14455.0,9,-5,298
14457.5,11,-6,305
14460.0,10,-9,302
14462.5,11,-7,301
14465.0,12,-6,306
14467.5,9,-8,304
14470.0,10,-8,301
14472.5,11,-7,305
14475.0,10,-7,300
14477.5,12,-9,302
14480.0,9,-8,302
14482.5,9,-7,306
14485.0,10,-8,305
14487.5,11,-7,303
14490.0,9,-8,302
14492.5,10,-10,300
14495.0,11,-7,302
14497.5,11,-7,302
14500.0,9,-9,305
14502.5,11,-6,301
14505.0,13,-8,307
14507.5,12,-4,304
14510.0,11,-6,301
14512.5,9,-5,304
14515.0,10,-5,303
14517.5,10,-7,302
14520.0,10,-6,303
14522.5,9,-7,303
14525.0,10,-8,306
14527.5,11,-9,306
14530.0,10,-9,303
14532.5,10,-9,304
14535.0,10,-8,305
14537.5,9,-8,303
14540.0,8,-8,304
14542.5,11,-8,305
14545.0,12,-8,301
14547.5,12,-8,301
14550.0,10,-8,303
14552.5,11,-8,306
14555.0,11,-7,300
14557.5,13,-9,305
14560.0,9,-6,302
14562.5,10,-6,304
14565.0,11,-6,303
14567.5,9,-8,306
14570.0,7,-3,304
14572.5,10,-9,307
14575.0,10,-9,304
14577.5,11,-8,302
14580.0,8,-7,305
14582.5,9,-7,305
14585.0,11,-7,305
14587.5,9,-8,305
14590.0,8,-4,302
14592.5,8,-7,301
14595.0,9,-7,305
14597.5,9,-7,305
14600.0,9,-5,306
14602.5,10,-9,302
14605.0,11,-9,304
14607.5,10,-6,301
14610.0,7,-8,301
14612.5,10,-8,305
14615.0,11,-6,307
14617.5,11,-8,303
14620.0,10,-7,305
14622.5,9,-6,304
14625.0,9,-6,303
14627.5,8,-7,301
14630.0,10,-7,304
14632.5,10,-10,302
14635.0,10,-8,302
14637.5,9,-8,301
14640.0,10,-7,303
14642.5,10,-9,304
14645.0,8,-7,305
14647.5,8,-7,305
14650.0,9,-8,302
14652.5,12,-7,299
14655.0,10,-7,302
14657.5,11,-8,303
14660.0,10,-9,307
14662.5,9,-7,304
14665.0,8,-6,302
14667.5,12,-9,303
14670.0,11,-7,307
14672.5,9,-7,302
14675.0,9,-9,302
14677.5,10,-7,307
14680.0,7,-8,303
14682.5,10,-9,304
14685.0,10,-9,306
14687.5,9,-7,305
14690.0,9,-5,301
14692.5,9,-9,301
14695.0,11,-9,300
14697.5,11,-9,300
14700.0,9,-9,303
14702.5,9,-7,306
14705.0,9,-8,303
14707.5,11,-7,305
14710.0,9,-5,303
14712.5,10,-7,308
14715.0,11,-8,306
14717.5,10,-8,300
14720.0,12,-7,303
14722.5,10,-5,304
14725.0,10,-6,300
14727.5,8,-6,304
14730.0,9,-8,303
14732.5,11,-7,301
14735.0,11,-7,304
14737.5,10,-7,300
14740.0,12,-10,304
14742.5,10,-8,302
14745.0,10,-9,306
14747.5,10,-9,306
14750.0,11,-7,304
14752.5,9,-7,303
14755.0,11,-7,304
14757.5,11,-10,304
14760.0,9,-4,305
14762.5,13,-6,304
14765.0,10,-7,301
14767.5,9,-8,304
14770.0,9,-10,304
14772.5,8,-5,304
14775.0,10,-9,303
14777.5,9,-9,302
14780.0,10,-8,305
14782.5,10,-10,302
14785.0,9,-8,302
14787.5,11,-10,304
14790.0,10,-8,298
14792.5,9,-6,303
14795.0,10,-7,304
14797.5,10,-7,304
14800.0,10,-9,305
14802.5,10,-6,303
14805.0,9,-6,304
14807.5,10,-8,302
14810.0,12,-9,303
14812.5,11,-7,300
14815.0,9,-5,304
14817.5,8,-7,304
14820.0,10,-8,303
14822.5,10,-7,304
14825.0,11,-7,308
14827.5,10,-9,302
14830.0,10,-8,301
14832.5,10,-7,302
14835.0,8,-8,304
14837.5,8,-6,303
14840.0,8,-7,303
14842.5,10,-8,306
14845.0,10,-8,305
14847.5,10,-8,305
14850.0,11,-7,304
14852.5,9,-4,302
14855.0,10,-8,302
14857.5,8,-6,303
14860.0,9,-5,303
14862.5,12,-10,304
14865.0,11,-3,300
14867.5,10,-7,306
14870.0,11,-7,301
14872.5,10,-7,302
14875.0,10,-6,302
14877.5,11,-10,304
14880.0,8,-9,302
14882.5,10,-6,303
14885.0,8,-8,302
14887.5,8,-6,306
14890.0,8,-9,302
14892.5,9,-9,303
14895.0,10,-8,306
14897.5,10,-8,306
14900.0,10,-8,300
14902.5,11,-8,303
14905.0,10,-3,305
14907.5,12,-6,304
14910.0,9,-7,307
14912.5,11,-5,305
14915.0,10,-5,300
14917.5,11,-8,304
14920.0,10,-7,301
14922.5,8,-7,303
14925.0,11,-8,302
14927.5,11,-9,303
14930.0,11,-8,304
14932.5,8,-6,302
14935.0,11,-9,305
14937.5,9,-7,300
14940.0,8,-6,301
14942.5,8,-9,301
14945.0,9,-7,302
14947.5,9,-7,302
14950.0,11,-7,298
14952.5,11,-9,300
14955.0,12,-3,303
14957.5,10,-6,302
14960.0,9,-8,305
14962.5,9,-8,304
14965.0,9,-6,303
14967.5,10,-5,303
14970.0,11,-7,303
14972.5,11,-7,303
14975.0,8,-8,305
14977.5,9,-9,304
14980.0,9,-8,304
14982.5,10,-8,303
14985.0,9,-8,300
14987.5,12,-8,299
14990.0,11,-10,301
14992.5,11,-10,303
14995.0,10,-9,302
14997.5,10,-9,302
15000.0,11,-8,301
15002.5,10,-8,301
15005.0,10,-5,302
15007.5,8,-8,304
15010.0,9,-6,304
15012.5,7,-6,306
15015.0,11,-7,307
15017.5,11,-5,305
15020.0,9,-7,303
15022.5,11,-9,302
15025.0,10,-6,304
15027.5,8,-8,303
15030.0,11,-8,305
15032.5,10,-10,303
15035.0,10,-10,303
15037.5,10,-6,303
15040.0,11,-7,302
15042.5,9,-7,300
15045.0,9,-7,300
15047.5,9,-7,303
15050.0,9,-8,304
15052.5,10,-7,302
15055.0,9,-6,305
15057.5,10,-9,304
15060.0,9,-5,300
15062.5,10,-7,305
15065.0,12,-9,306
15067.5,11,-10,303
15070.0,10,-7,301
15072.5,12,-7,302
15075.0,11,-9,304
15077.5,8,-7,302
15080.0,9,-8,302
15082.5,10,-9,304
15085.0,10,-9,301
15087.5,9,-9,304
15090.0,9,-6,299
15092.5,9,-7,302
15095.0,9,-7,302
15097.5,10,-9,302
15100.0,11,-8,302
15102.5,10,-9,302
15105.0,10,-5,304
15107.5,13,-5,307
15110.0,10,-5,303
15112.5,7,-5,301
15115.0,9,-8,299
15117.5,12,-10,302
15120.0,10,-9,302
15122.5,9,-7,303
15125.0,12,-9,302
15127.5,9,-10,303
15130.0,10,-9,302
15132.5,11,-8,305
15135.0,10,-8,303
15137.5,8,-9,303
15140.0,10,-8,305
15142.5,10,-5,299
15145.0,10,-5,299
15147.5,9,-6,303
15150.0,9,-9,307
15152.5,9,-7,302
15155.0,9,-7,305
15157.5,8,-5,305
15160.0,11,-6,304
15162.5,12,-7,304
15165.0,9,-5,303
15167.5,11,-7,305
15170.0,12,-7,302
15172.5,9,-8,303
15175.0,11,-8,301
15177.5,9,-7,301
15180.0,8,-6,304
15182.5,10,-8,300
15185.0,10,-8,304
15187.5,10,-7,305
15190.0,11,-9,305
15192.5,11,-7,303
15195.0,11,-7,303
15197.5,9,-9,304
15200.0,9,-5,300
15202.5,9,-7,300
15205.0,12,-8,303
15207.5,11,-8,303
15210.0,11,-7,306
15212.5,13,-7,307
15215.0,10,-9,304
15217.5,10,-6,301
15220.0,10,-8,302
15222.5,11,-8,304
15225.0,10,-10,305
15227.5,11,-9,300
15230.0,10,-8,302
15232.5,9,-7,302
15235.0,12,-7,307
15237.5,9,-9,303
15240.0,10,-8,303
15242.5,11,-9,303
15245.0,11,-9,303
15247.5,8,-5,302
15250.0,9,-9,302
15252.5,10,-9,304
15255.0,7,-6,304
15257.5,10,-6,299
15260.0,9,-6,303
15262.5,10,-8,303
15265.0,10,-9,304
15267.5,9,-8,304
15270.0,13,-10,303
15272.5,11,-6,303
15275.0,11,-6,305
15277.5,9,-9,305
15280.0,9,-8,307
15282.5,9,-9,303
15285.0,8,-6,305
15287.5,11,-9,304
15290.0,11,-8,303
15292.5,11,-8,302
15295.0,11,-8,302
15297.5,10,-7,305
15300.0,10,-9,305
15302.5,10,-5,303
15305.0,11,-6,306
15307.5,11,-7,304
15310.0,12,-6,301
15312.5,12,-8,302
15315.0,10,-7,300
15317.5,10,-10,299
15320.0,10,-8,302
15322.5,12,-9,302
15325.0,10,-7,302
15327.5,12,-10,304
15330.0,11,-8,305
15332.5,11,-6,306
15335.0,8,-8,302
15337.5,9,-7,302
15340.0,11,-10,301
15342.5,9,-9,304
15345.0,9,-9,304
15347.5,12,-9,304
15350.0,9,-7,300
15352.5,10,-5,303
15355.0,11,-4,304
15357.5,8,-6,302
15360.0,11,-8,305
15362.5,14,-4,305
15365.0,10,-9,303
15367.5,8,-4,302
15370.0,12,-7,305
15372.5,9,-6,305
15375.0,10,-7,303
15377.5,9,-6,302
15380.0,8,-9,303
15382.5,9,-7,304
15385.0,9,-8,302
15387.5,9,-8,304
15390.0,10,-9,304
15392.5,7,-7,303
15395.0,7,-7,303
15397.5,8,-7,305
15400.0,12,-8,303
15402.5,9,-8,304
15405.0,10,-7,304
15407.5,11,-6,306
15410.0,11,-9,305
15412.5,11,-8,302
15415.0,10,-7,305
15417.5,9,-7,303
15420.0,11,-6,301
15422.5,9,-6,303
15425.0,9,-9,305
15427.5,6,-6,305
15430.0,9,-8,303
15432.5,11,-8,300
15435.0,9,-7,303
15437.5,9,-8,303
15440.0,12,-10,302
15442.5,10,-5,304
15445.0,10,-5,304
15447.5,10,-7,297
15450.0,11,-8,306
15452.5,9,-7,304
15455.0,12,-8,301
15457.5,12,-7,303
15460.0,11,-9,306
15462.5,10,-9,299
15465.0,12,-7,305
15467.5,11,-9,305
15470.0,10,-7,301
15472.5,10,-7,303
15475.0,11,-8,303
15477.5,9,-8,305
15480.0,12,-8,306
15482.5,9,-8,303
15485.0,11,-9,305
15487.5,9,-4,304
15490.0,8,-6,302
15492.5,11,-9,302
15495.0,11,-9,302
15497.5,8,-9,301
15500.0,11,-8,305
15502.5,12,-6,303
15505.0,10,-8,304
15507.5,11,-6,304
15510.0,10,-7,306
15512.5,10,-9,304
15515.0,11,-7,302
15517.5,9,-6,305
15520.0,8,-8,306
15522.5,11,-10,304
15525.0,11,-5,305
15527.5,11,-8,302
15530.0,8,-8,304
15532.5,9,-8,303
15535.0,11,-10,305
15537.5,12,-8,305
15540.0,8,-9,303
15542.5,8,-9,303
15545.0,11,-7,303
15547.5,11,-10,299
15550.0,10,-4,302
15552.5,12,-8,305
15555.0,11,-7,304
15557.5,11,-8,307
15560.0,13,-9,307
15562.5,13,-7,304
15565.0,11,-7,304
15567.5,11,-5,303
15570.0,9,-5,301
15572.5,10,-6,301
15575.0,8,-7,303
15577.5,10,-6,302
15580.0,10,-7,302
15582.5,10,-11,304
15585.0,12,-9,304
15587.5,9,-8,301
15590.0,8,-6,303
15592.5,8,-6,303
15595.0,11,-8,304
15597.5,9,-10,304
15600.0,9,-8,304
15602.5,9,-6,307
15605.0,9,-7,305
15607.5,12,-7,304
15610.0,10,-6,301
15612.5,8,-6,302
15615.0,11,-6,305
15617.5,10,-9,299
15620.0,11,-6,301
15622.5,11,-10,305
15625.0,10,-10,304
15627.5,9,-5,307
15630.0,10,-7,302
15632.5,11,-10,303
15635.0,10,-6,302
15637.5,8,-7,301
15640.0,9,-9,303
15642.5,9,-9,303
15645.0,10,-7,302
15647.5,11,-9,303
15650.0,10,-8,306
15652.5,10,-7,300
15655.0,9,-8,307
15657.5,12,-6,303
15660.0,12,-9,303
15662.5,12,-8,304
15665.0,12,-8,303
15667.5,9,-8,301
15670.0,11,-8,303
15672.5,10,-6,302
15675.0,9,-7,301
15677.5,8,-5,301
15680.0,10,-9,303
15682.5,8,-9,303
15685.0,10,-7,303
15687.5,11,-9,304
15690.0,9,-9,302
15692.5,9,-9,302
15695.0,10,-8,303
15697.5,10,-9,304
15700.0,10,-10,303
15702.5,13,-5,305
15705.0,8,-5,302
15707.5,11,-5,305
15710.0,10,-6,304
15712.5,8,-7,305
15715.0,11,-8,304
15717.5,12,-9,305
15720.0,11,-9,300
15722.5,10,-7,304
15725.0,10,-7,302
15727.5,11,-8,305
15730.0,11,-10,301
15732.5,10,-10,300
15735.0,9,-7,302
15737.5,9,-8,302
15740.0,9,-5,302
15742.5,9,-5,302
15745.0,12,-8,304
15747.5,10,-9,304
15750.0,9,-7,303
15752.5,8,-5,302
15755.0,10,-6,303
15757.5,11,-4,306
15760.0,9,-8,302
15762.5,10,-6,303
15765.0,9,-5,307
15767.5,8,-8,304
15770.0,10,-10,307
15772.5,11,-10,304
15775.0,11,-8,303
15777.5,11,-7,303
15780.0,10,-8,302
15782.5,8,-8,302
15785.0,8,-7,306
15787.5,9,-9,305
15790.0,9,-9,301
15792.5,9,-9,301
15795.0,9,-6,302
15797.5,14,-7,303
15800.0,9,-5,303
15802.5,8,-7,303
15805.0,8,-6,305
15807.5,12,-8,307
15810.0,10,-9,304
15812.5,10,-6,307
15815.0,9,-9,306
15817.5,8,-8,304
15820.0,9,-7,306
15822.5,11,-9,301
15825.0,9,-7,303
15827.5,9,-6,302
15830.0,10,-9,304
15832.5,10,-9,304
15835.0,10,-9,300
15837.5,10,-9,303
15840.0,10,-7,304
15842.5,10,-7,304
15845.0,8,-8,306
15847.5,9,-10,307
15850.0,8,-9,306
15852.5,12,-7,303
15855.0,10,-7,302
15857.5,9,-8,301
15860.0,9,-7,302
15862.5,9,-7,305
15865.0,10,-7,304
15867.5,9,-8,303
15870.0,10,-8,305
15872.5,10,-6,302
15875.0,11,-10,305
15877.5,11,-8,305
15880.0,10,-10,304
15882.5,10,-8,301
15885.0,9,-10,303
15887.5,10,-9,301
15890.0,9,-8,303
15892.5,9,-8,303
15895.0,8,-7,301
15897.5,9,-7,305
15900.0,10,-5,305
15902.5,11,-9,308
15905.0,9,-9,306
15907.5,9,-6,303
15910.0,11,-7,303
15912.5,12,-8,302
15915.0,11,-6,302
15917.5,9,-6,301
15920.0,10,-8,306
15922.5,8,-7,301
15925.0,10,-6,301
15927.5,8,-8,302
15930.0,10,-9,303
15932.5,11,-9,303
15935.0,10,-7,302
15937.5,11,-7,303
15940.0,10,-8,302
15942.5,10,-8,302
15945.0,10,-9,303
15947.5,9,-7,304
15950.0,9,-8,306
15952.5,12,-9,305
15955.0,13,-10,310
15957.5,12,-6,303
15960.0,10,-6,305
15962.5,8,-3,302
15965.0,10,-7,305
15967.5,11,-8,302
15970.0,8,-6,304
15972.5,9,-8,304
15975.0,9,-7,303
15977.5,8,-6,301
15980.0,8,-9,303
15982.5,11,-8,305
15985.0,10,-8,304
15987.5,10,-11,301
15990.0,10,-11,301
15992.5,10,-9,302
15995.0,10,-8,302
15997.5,12,-9,302
16000.0,11,-8,307
16002.5,10,-8,303
16005.0,9,-9,304
16007.5,11,-9,303
16010.0,12,-8,303
16012.5,12,-7,298
16015.0,10,-5,306
16017.5,10,-10,304
16020.0,9,-5,302
16022.5,12,-8,301
16025.0,9,-8,304
16027.5,10,-9,302
16030.0,11,-8,305
16032.5,11,-10,302
16035.0,10,-8,306
16037.5,10,-9,305
16040.0,10,-9,305
16042.5,9,-9,305
16045.0,11,-5,302
16047.5,8,-6,301
16050.0,10,-9,298
16052.5,8,-4,304
16055.0,10,-8,307
16057.5,11,-10,305
16060.0,8,-4,300
16062.5,9,-7,302
16065.0,11,-7,303
16067.5,7,-5,303
16070.0,9,-7,303
16072.5,9,-9,305
16075.0,11,-9,305
16077.5,10,-6,303
16080.0,10,-10,306
16082.5,9,-9,304
16085.0,9,-5,302
16087.5,11,-9,302
16090.0,11,-9,302
16092.5,8,-10,306
16095.0,9,-8,305
16097.5,9,-9,304
16100.0,10,-7,303
16102.5,9,-6,301
16105.0,9,-6,304
16107.5,9,-6,305
16110.0,6,-7,303
16112.5,9,-7,306
16115.0,11,-6,303
16117.5,9,-8,306
16120.0,11,-8,305
16122.5,10,-8,301
16125.0,8,-6,303
16127.5,10,-8,302
16130.0,9,-9,299
16132.5,9,-6,302
16135.0,11,-7,302
16137.5,13,-10,303
16140.0,13,-10,303
16142.5,11,-6,304
16145.0,9,-9,303
16147.5,8,-9,305
16150.0,8,-7,303
16152.5,10,-5,303
16155.0,11,-8,299
16157.5,13,-7,302
16160.0,8,-7,302
16162.5,11,-6,303
16165.0,12,-10,304
16167.5,8,-8,303
16170.0,10,-8,305
16172.5,8,-8,303
16175.0,11,-9,300
16177.5,10,-8,302
16180.0,8,-7,303
16182.5,10,-5,306
16185.0,9,-10,304
16187.5,10,-9,303
16190.0,10,-9,303
16192.5,10,-6,304
16195.0,9,-5,304
16197.5,10,-9,302
16200.0,10,-9,301
16202.5,12,-7,304
16205.0,12,-6,304
16207.5,10,-8,305
16210.0,12,-7,306
16212.5,13,-6,302
16215.0,11,-7,304
16217.5,11,-7,304
16220.0,10,-6,302
16222.5,9,-9,300
16225.0,11,-9,302
16227.5,9,-9,301
16230.0,11,-9,301
16232.5,8,-8,302
16235.0,9,-8,304
16237.5,10,-8,301
16240.0,10,-8,301
16242.5,10,-12,302
16245.0,10,-10,304
16247.5,10,-8,306
16250.0,14,-8,303
16252.5,10,-6,305
16255.0,10,-5,304
16257.5,9,-6,303
16260.0,10,-7,301
16262.5,10,-7,305
16265.0,11,-10,303
16267.5,10,-5,302
16270.0,10,-6,306
16272.5,10,-8,308
16275.0,9,-9,299
16277.5,10,-7,307
16280.0,11,-8,302
16282.5,11,-10,303
16285.0,11,-7,301
16287.5,9,-7,306
16290.0,9,-7,306
16292.5,9,-8,303
16295.0,9,-6,301
16297.5,7,-6,303
16300.0,10,-6,304
16302.5,11,-8,303
16305.0,11,-9,305
16307.5,9,-5,306
16310.0,10,-7,304
16312.5,10,-6,303
16315.0,9,-9,301
16317.5,10,-10,303
16320.0,9,-10,304
16322.5,10,-7,303
16325.0,9,-8,307
16327.5,9,-8,303
16330.0,9,-7,302
16332.5,8,-9,303
16335.0,9,-7,304
16337.5,9,-8,300
16340.0,9,-8,300
16342.5,9,-8,306
16345.0,10,-7,303
16347.5,9,-6,302
16350.0,9,-8,302
16352.5,12,-6,304
16355.0,8,-5,303
16357.5,9,-4,307
16360.0,10,-7,307
16362.5,10,-8,303
16365.0,10,-7,305
16367.5,11,-7,299
16370.0,10,-7,304
16372.5,9,-8,304
16375.0,12,-11,301
16377.5,10,-9,304
16380.0,10,-9,305
16382.5,11,-9,305
16385.0,9,-11,304
16387.5,9,-8,305
16390.0,9,-8,305
16392.5,10,-7,302
16395.0,8,-7,300
16397.5,11,-7,305
16400.0,10,-6,306
16402.5,9,-7,301
16405.0,10,-6,305
16407.5,12,-9,309
16410.0,11,-5,300
16412.5,10,-4,302
16415.0,10,-8,305
16417.5,12,-6,300
16420.0,12,-10,304
16422.5,10,-8,303
16425.0,11,-8,305
16427.5,10,-10,303
16430.0,8,-8,304
16432.5,12,-10,299
16435.0,11,-10,301
16437.5,11,-10,301
16440.0,11,-7,304
16442.5,11,-10,302
16445.0,10,-9,305
16447.5,11,-9,303
16450.0,9,-6,302
16452.5,8,-6,305
16455.0,8,-5,302
16457.5,8,-6,302
16460.0,9,-8,305
16462.5,10,-9,304
16465.0,9,-9,303
16467.5,10,-8,304
16470.0,10,-8,301
16472.5,11,-8,300
16475.0,9,-3,302
16477.5,8,-7,303
16480.0,9,-9,303
16482.5,10,-8,306
16485.0,9,-9,304
16487.5,9,-9,304
16490.0,11,-8,307
16492.5,12,-8,301
16495.0,10,-6,302
16497.5,11,-9,304
16500.0,11,-8,303
16502.5,7,-6,301
16505.0,8,-6,302
16507.5,10,-9,306
16510.0,10,-7,303
16512.5,8,-5,306
16515.0,10,-9,305
16517.5,10,-9,303
16520.0,11,-7,303
16522.5,8,-10,301
16525.0,10,-7,299
16527.5,11,-8,301
16530.0,9,-8,306
16532.5,9,-9,301
16535.0,11,-9,302
16537.5,11,-9,302
16540.0,8,-8,303
16542.5,11,-8,303
16545.0,10,-8,303
16547.5,11,-8,304
16550.0,12,-11,305
16552.5,10,-9,305
16555.0,9,-7,301
16557.5,12,-8,306
16560.0,11,-8,304
16562.5,11,-6,303
16565.0,10,-7,302
16567.5,12,-9,302
16570.0,8,-7,303
16572.5,11,-9,304
16575.0,11,-8,304
16577.5,11,-9,303
16580.0,8,-8,300
16582.5,9,-6,300
16585.0,11,-9,300
16587.5,11,-9,300
16590.0,9,-7,302
16592.5,12,-8,299
16595.0,10,-9,303
16597.5,14,-9,302
16600.0,8,-3,302
16602.5,11,-5,306
16605.0,8,-7,303
16607.5,10,-8,303
16610.0,11,-6,305
16612.5,10,-8,304
16615.0,11,-7,299
16617.5,10,-9,303
16620.0,10,-9,299
16622.5,9,-6,302
16625.0,9,-8,302
16627.5,9,-9,303
16630.0,9,-6,299
16632.5,9,-8,302
16635.0,9,-8,303
16637.5,9,-8,303
16640.0,8,-8,302
16642.5,11,-8,305
16645.0,10,-5,305
16647.5,12,-8,301
16650.0,12,-6,301
16652.5,11,-4,300
16655.0,10,-6,303
16657.5,11,-8,304
16660.0,10,-6,303
16662.5,9,-5,303
16665.0,10,-8,302
16667.5,11,-9,300
16670.0,8,-8,302
16672.5,10,-8,306
16675.0,9,-9,305
16677.5,11,-8,306
16680.0,11,-7,303
16682.5,10,-7,303
16685.0,9,-8,303
16687.5,9,-8,303
16690.0,11,-8,307
16692.5,10,-8,302
16695.0,12,-7,306
16697.5,11,-9,303
16700.0,8,-5,304
16702.5,9,-5,306
16705.0,8,-7,307
16707.5,8,-8,306
16710.0,10,-7,305
16712.5,9,-7,302
16715.0,12,-9,305
16717.5,8,-6,302
16720.0,11,-9,304
16722.5,11,-8,303
16725.0,11,-9,304
16727.5,10,-8,302
16730.0,10,-9,304
16732.5,11,-9,300
16735.0,11,-9,303
16737.5,11,-9,303
16740.0,10,-8,303
16742.5,9,-8,308
16745.0,7,-5,307
16747.5,9,-7,306
16750.0,9,-7,305
16752.5,13,-6,305
16755.0,12,-10,302
16757.5,10,-5,302
16760.0,12,-8,305
16762.5,8,-9,302
16765.0,11,-9,305
16767.5,11,-8,307
16770.0,11,-9,306
16772.5,9,-8,302
16775.0,9,-8,303
16777.5,11,-7,304
16780.0,10,-7,302
16782.5,9,-9,303
16785.0,7,-6,304
16787.5,7,-6,304
16790.0,8,-8,307
16792.5,10,-7,306
16795.0,12,-7,306
16797.5,11,-6,303
16800.0,11,-7,303
16802.5,10,-6,304
16805.0,9,-6,303
16807.5,8,-7,302
16810.0,8,-7,303
16812.5,9,-9,306
16815.0,10,-9,303
16817.5,11,-9,303
16820.0,11,-7,308
16822.5,9,-8,300
16825.0,9,-8,304
16827.5,9,-8,303
16830.0,7,-9,302
16832.5,9,-8,300
16835.0,9,-8,300
16837.5,8,-10,302
16840.0,12,-7,304
16842.5,10,-8,304
16845.0,12,-9,302
16847.5,11,-8,303
16850.0,9,-6,303
16852.5,10,-3,302
16855.0,8,-5,303
16857.5,10,-3,307
16860.0,10,-9,303
16862.5,11,-8,302
16865.0,11,-8,305
16867.5,7,-8,303
16870.0,9,-9,301
16872.5,8,-7,303
16875.0,10,-8,303
16877.5,11,-11,305
16880.0,8,-7,302
16882.5,9,-7,305
16885.0,9,-7,305
16887.5,11,-6,301
16890.0,9,-7,306
16892.5,11,-7,302
16895.0,10,-8,306
16897.5,11,-3,302
16900.0,11,-5,305
16902.5,9,-5,303
16905.0,9,-6,300
16907.5,10,-7,302
16910.0,11,-7,303
16912.5,9,-8,305
16915.0,7,-7,304
16917.5,10,-6,303
16920.0,10,-9,301
16922.5,8,-8,305
16925.0,10,-8,306
16927.5,11,-7,303
16930.0,10,-11,305
16932.5,10,-8,303
16935.0,10,-8,303
16937.5,9,-12,303
16940.0,11,-7,303
16942.5,10,-5,303
16945.0,11,-8,299
16947.5,7,-6,306
16950.0,10,-6,304
16952.5,11,-10,304
16955.0,9,-7,303
16957.5,10,-9,307
16960.0,9,-8,301
16962.5,12,-7,303
16965.0,10,-8,304
16967.5,10,-10,303
16970.0,8,-8,300
16972.5,10,-6,302
16975.0,10,-7,304
16977.5,11,-7,301
16980.0,8,-7,301
16982.5,8,-8,303
16985.0,8,-8,303
16987.5,11,-9,302
16990.0,9,-7,305
16992.5,10,-8,303
16995.0,12,-8,300
16997.5,8,-5,304
17000.0,11,-5,306
17002.5,9,-4,307
17005.0,9,-9,304
17007.5,10,-10,304
17010.0,10,-7,304
17012.5,10,-7,305
17015.0,10,-8,301
17017.5,10,-6,304
17020.0,10,-9,302
17022.5,10,-5,301
17025.0,11,-8,305
17027.5,11,-9,303
17030.0,9,-8,304
17032.5,9,-9,304
17035.0,9,-9,304
17037.5,9,-5,305
17040.0,8,-7,302
17042.5,10,-8,305
17045.0,9,-9,304
17047.5,11,-8,302
17050.0,13,-6,305
17052.5,8,-7,305
17055.0,10,-7,300
17057.5,10,-7,307
17060.0,8,-8,306
17062.5,9,-9,306
17065.0,10,-6,305
17067.5,9,-8,306
17070.0,10,-5,303
17072.5,10,-7,304
17075.0,10,-7,304
17077.5,9,-6,304
17080.0,10,-10,307
17082.5,9,-9,303
17085.0,9,-9,303
17087.5,9,-6,302
17090.0,10,-7,302
17092.5,11,-10,303
17095.0,11,-6,303
17097.5,8,-5,310
17100.0,10,-7,306
17102.5,11,-8,305
17105.0,10,-9,306
17107.5,9,-6,306
17110.0,9,-6,303
17112.5,9,-7,306
17115.0,10,-9,303
17117.5,9,-6,307
17120.0,8,-8,305
17122.5,10,-9,305
17125.0,11,-6,302
17127.5,10,-8,302
17130.0,10,-8,305
17132.5,12,-9,303
17135.0,12,-9,303
17137.5,8,-5,300
17140.0,8,-7,305
17142.5,9,-8,307
17145.0,9,-8,303
17147.5,10,-6,301
17150.0,10,-7,306
17152.5,7,-8,302
17155.0,9,-7,303
17157.5,11,-9,304
17160.0,9,-10,302
17162.5,11,-7,303
17165.0,8,-5,302
17167.5,11,-9,303
17170.0,9,-8,301
17172.5,7,-8,303
17175.0,10,-9,304
17177.5,9,-8,302
17180.0,11,-9,302
17182.5,13,-10,308
17185.0,13,-10,308
17187.5,11,-8,301
17190.0,10,-10,304
17192.5,8,-4,302
17195.0,10,-5,303
17197.5,10,-9,305
17200.0,9,-10,301
17202.5,11,-8,302
17205.0,12,-7,305
17207.5,11,-7,303
17210.0,9,-7,301
17212.5,10,-8,303
17215.0,10,-10,302
17217.5,7,-8,305
17220.0,9,-7,303
17222.5,9,-7,300
17225.0,10,-9,301
17227.5,9,-7,302
17230.0,8,-7,304
17232.5,10,-7,307
17235.0,10,-7,307
17237.5,11,-8,304
17240.0,11,-11,303
17242.5,10,-6,306
17245.0,12,-9,300
17247.5,11,-9,304
17250.0,8,-5,302
17252.5,8,-5,305
17255.0,8,-5,304
17257.5,12,-9,302
17260.0,10,-7,303
17262.5,10,-7,307
17265.0,11,-7,302
17267.5,12,-8,301
17270.0,9,-7,299
17272.5,9,-10,302
17275.0,8,-9,302
17277.5,12,-7,303
17280.0,9,-7,301
17282.5,9,-7,301
17285.0,11,-8,299
17287.5,9,-8,304
17290.0,9,-10,301
17292.5,9,-8,303
17295.0,10,-7,304
17297.5,12,-11,303
17300.0,11,-8,305
17302.5,10,-7,303
17305.0,12,-8,304
17307.5,10,-7,304
17310.0,11,-9,302
17312.5,11,-7,310
17315.0,11,-8,300
17317.5,11,-7,303
17320.0,10,-8,304
17322.5,9,-9,304
17325.0,11,-10,303
17327.5,11,-8,303
17330.0,10,-6,303
17332.5,10,-6,303
17335.0,8,-9,304
17337.5,11,-9,303
17340.0,8,-8,302
17342.5,11,-6,300
17345.0,9,-10,305
17347.5,8,-5,306
17350.0,7,-3,306
17352.5,12,-9,305
17355.0,10,-6,302
17357.5,10,-7,302
17360.0,9,-5,302
17362.5,10,-8,305
17365.0,8,-6,303
17367.5,13,-9,304
17370.0,11,-7,301
17372.5,11,-11,303
17375.0,9,-9,305
17377.5,11,-9,302
17380.0,11,-7,303
17382.5,11,-7,303
17385.0,10,-7,303
17387.5,9,-6,301
17390.0,9,-6,302
17392.5,12,-8,300
17395.0,13,-9,303
17397.5,9,-6,302
17400.0,11,-7,307
17402.5,10,-7,302
17405.0,9,-9,299
17407.5,10,-8,303
17410.0,9,-8,308
17412.5,7,-4,302
17415.0,10,-7,303
17417.5,9,-7,303
17420.0,11,-9,304
17422.5,9,-10,302
17425.0,10,-6,304
17427.5,10,-9,304
17430.0,9,-9,304
17432.5,9,-9,304
17435.0,10,-9,300
17437.5,11,-7,302
17440.0,11,-8,306
17442.5,11,-7,303
17445.0,9,-7,307
17447.5,8,-7,302
17450.0,10,-9,305
17452.5,11,-8,304
17455.0,10,-7,306
17457.5,12,-9,302
17460.0,11,-8,304
17462.5,9,-7,304
17465.0,11,-8,303
17467.5,9,-6,298
17470.0,7,-9,304
17472.5,9,-7,302
17475.0,10,-10,303
17477.5,9,-8,303
17480.0,11,-8,305
17482.5,11,-8,305
17485.0,10,-9,303
17487.5,8,-8,301
17490.0,10,-8,301
17492.5,12,-7,307
17495.0,10,-7,304
17497.5,9,-8,301
17500.0,10,-5,307
17502.5,11,-9,305
17505.0,9,-7,307
17507.5,8,-7,304
17510.0,9,-6,301
17512.5,10,-8,306
17515.0,9,-8,306
17517.5,10,-8,302
17520.0,8,-7,306
17522.5,11,-8,305
17525.0,7,-6,304
17527.5,9,-7,304
17530.0,10,-9,303
17532.5,10,-9,303
17535.0,11,-7,301
17537.5,11,-8,304
17540.0,9,-7,302
17542.5,10,-10,304
17545.0,9,-6,301
17547.5,12,-8,305
17550.0,9,-8,302
17552.5,9,-9,302
17555.0,10,-7,301
17557.5,10,-8,304
17560.0,9,-6,308
17562.5,11,-6,300
17565.0,10,-9,303
17567.5,9,-8,301
17570.0,10,-9,303
17572.5,10,-8,305
17575.0,9,-10,305
17577.5,10,-10,306
17580.0,10,-7,303
17582.5,10,-7,303
17585.0,9,-9,305
17587.5,12,-9,301
17590.0,10,-8,305
17592.5,9,-7,299
17595.0,12,-9,304
17597.5,11,-7,306
17600.0,12,-6,302
17602.5,12,-8,305
17605.0,10,-6,300
17607.5,9,-6,299
17610.0,9,-6,302
17612.5,7,-5,305
17615.0,11,-7,302
17617.5,10,-7,301
17620.0,8,-8,303
17622.5,10,-7,305
17625.0,10,-8,304
17627.5,11,-10,300
17630.0,10,-7,303
17632.5,10,-7,303
17635.0,8,-11,303
17637.5,10,-6,307
17640.0,10,-6,301
17642.5,11,-5,301
17645.0,6,-5,304
17647.5,9,-7,306
17650.0,10,-10,303
17652.5,8,-8,304
17655.0,11,-7,304
17657.5,10,-7,302
17660.0,9,-8,299
17662.5,10,-9,302
17665.0,9,-7,304
17667.5,10,-8,306
17670.0,9,-9,300
17672.5,9,-9,305
17675.0,10,-6,303
17677.5,12,-8,303
17680.0,12,-11,302
17682.5,12,-11,302
17685.0,10,-8,302
17687.5,9,-9,306
17690.0,11,-7,303
17692.5,11,-9,305
17695.0,8,-7,301
17697.5,11,-6,305
17700.0,8,-6,303
17702.5,10,-7,301
17705.0,11,-9,302
17707.5,10,-9,305
17710.0,12,-8,304
17712.5,8,-5,303
17715.0,10,-9,303
17717.5,10,-9,304
17720.0,8,-9,302
17722.5,11,-8,304
17725.0,11,-9,304
17727.5,11,-9,301
17730.0,11,-9,301
17732.5,12,-11,305
17735.0,10,-9,302
17737.5,8,-9,301
17740.0,8,-7,303
17742.5,12,-8,303
17745.0,12,-9,308
17747.5,10,-6,305
17750.0,11,-7,301
17752.5,10,-5,303
17755.0,9,-8,300
17757.5,8,-9,306
17760.0,10,-8,302
17762.5,8,-10,303
17765.0,9,-9,304
17767.5,9,-6,305
17770.0,9,-7,305
17772.5,10,-7,304
17775.0,11,-8,305
17777.5,11,-6,303
17780.0,11,-6,303
17782.5,10,-9,305
17785.0,11,-8,304
17787.5,9,-7,304
17790.0,10,-5,304
17792.5,8,-6,303
17795.0,10,-9,305
17797.5,10,-8,305
17800.0,10,-7,304
17802.5,11,-6,303
17805.0,11,-8,304
17807.5,9,-7,303
17810.0,9,-5,303
17812.5,7,-7,303
17815.0,9,-7,304
17817.5,12,-10,303
17820.0,9,-8,302
17822.5,11,-8,303
17825.0,8,-9,304
17827.5,8,-8,302
17830.0,8,-8,302
17832.5,8,-10,303
17835.0,12,-8,304
17837.5,10,-8,303
17840.0,12,-8,300
17842.5,12,-3,303
17845.0,10,-7,306
17847.5,10,-10,304
17850.0,9,-9,302
17852.5,14,-10,306
17855.0,12,-6,302
17857.5,10,-8,303
17860.0,10,-7,305
17862.5,9,-8,304
17865.0,8,-8,303
17867.5,9,-7,304
17870.0,9,-7,302
17872.5,9,-7,304
17875.0,10,-9,304
17877.5,11,-11,303
17880.0,11,-11,303
17882.5,9,-7,301
17885.0,9,-7,303
17887.5,8,-7,303
17890.0,11,-5,306
17892.5,11,-10,305
17895.0,8,-6,304
17897.5,11,-7,301
17900.0,11,-8,303
17902.5,12,-7,304
17905.0,10,-6,303
17907.5,10,-6,303
17910.0,12,-7,302
17912.5,9,-7,304
17915.0,11,-10,303
17917.5,9,-7,300
17920.0,9,-6,303
17922.5,12,-9,303
17925.0,9,-4,298
17927.5,8,-8,301
17930.0,8,-8,301
17932.5,11,-8,302
17935.0,9,-8,303
17937.5,9,-8,301
17940.0,9,-7,303
17942.5,7,-5,300
17945.0,11,-6,305
17947.5,8,-7,303
17950.0,8,-5,300
17952.5,8,-8,306
17955.0,9,-7,302
17957.5,11,-8,305
17960.0,10,-8,305
17962.5,9,-7,303
17965.0,9,-7,302
17967.5,11,-9,305
17970.0,11,-10,305
17972.5,11,-9,304
17975.0,8,-10,304
17977.5,9,-7,303
17980.0,9,-7,303
17982.5,11,-8,303
17985.0,9,-9,303
17987.5,8,-7,304
17990.0,10,-7,301
17992.5,7,-9,305
17995.0,11,-9,303
17997.5,12,-11,301
18000.0,10,-8,306
18002.5,11,-8,305
18005.0,11,-7,302
18007.5,10,-7,302
18010.0,11,-9,304
18012.5,10,-10,305
18015.0,11,-9,302
18017.5,11,-8,300
18020.0,11,-8,306
18022.5,8,-7,304
18025.0,9,-8,303
18027.5,7,-10,302
18030.0,7,-10,302
18032.5,8,-9,307
18035.0,8,-10,307
18037.5,8,-8,307
18040.0,9,-7,309
18042.5,10,-8,303
18045.0,12,-5,299
18047.5,11,-4,303
18050.0,9,-6,303
18052.5,12,-10,301
18055.0,10,-7,304
18057.5,11,-9,305
18060.0,9,-8,305
18062.5,9,-7,306
18065.0,10,-7,304
18067.5,10,-8,305
18070.0,8,-7,302
18072.5,10,-5,303
18075.0,10,-9,307
18077.5,11,-8,305
18080.0,11,-8,305
18082.5,12,-9,303
18085.0,13,-8,302
18087.5,11,-7,300
18090.0,12,-7,307
18092.5,9,-8,307
18095.0,10,-6,304
18097.5,12,-10,302
18100.0,13,-6,303
18102.5,11,-9,304
18105.0,10,-7,304
18107.5,9,-7,302
18110.0,9,-10,303
18112.5,10,-8,303
18115.0,11,-9,304
18117.5,9,-9,305
18120.0,8,-6,302
18122.5,9,-7,302
18125.0,9,-7,303
18127.5,10,-9,304
18130.0,10,-9,304
18132.5,9,-10,303
18135.0,11,-8,305
18137.5,12,-7,303
18140.0,10,-6,302
18142.5,9,-4,302
18145.0,6,-6,302
18147.5,11,-9,305
18150.0,10,-7,303
18152.5,9,-8,301
18155.0,9,-8,305
18157.5,11,-8,304
18160.0,9,-9,300
18162.5,10,-6,303
18165.0,12,-9,305
18167.5,10,-9,304
18170.0,9,-8,305
18172.5,9,-5,303
18175.0,9,-7,302
18177.5,9,-7,302
18180.0,10,-9,303
18182.5,9,-8,304
18185.0,9,-9,303
18187.5,8,-8,304
18190.0,10,-8,302
18192.5,12,-8,302
18195.0,11,-11,297
18197.5,8,-5,303
18200.0,9,-5,308
18202.5,8,-7,307
18205.0,8,-8,301
18207.5,9,-6,305
18210.0,10,-8,301
18212.5,9,-7,302
18215.0,10,-7,303
18217.5,9,-7,305
18220.0,10,-8,302
18222.5,12,-9,303
18225.0,11,-9,305
18227.5,11,-9,305
18230.0,11,-12,305
18232.5,10,-9,301
18235.0,9,-9,302
18237.5,11,-8,303
18240.0,10,-7,304
18242.5,12,-8,304
18245.0,11,-10,304
18247.5,9,-5,303
18250.0,10,-9,302
18252.5,7,-8,305
18255.0,8,-6,303
18257.5,9,-7,300
18260.0,12,-11,303
18262.5,10,-8,304
18265.0,11,-7,300
18267.5,10,-8,303
18270.0,11,-7,307
18272.5,10,-7,300
18275.0,8,-9,305
18277.5,8,-9,305
18280.0,9,-8,304
18282.5,10,-7,303
18285.0,9,-6,303
18287.5,10,-6,305
18290.0,10,-6,300
18292.5,10,-8,306
18295.0,10,-9,305
18297.5,11,-7,305
18300.0,9,-6,303
18302.5,10,-7,302
18305.0,11,-8,302
18307.5,11,-7,305
18310.0,10,-10,302
18312.5,11,-9,303
18315.0,10,-8,305
18317.5,8,-7,302
18320.0,10,-8,305
18322.5,12,-9,302
18325.0,9,-9,306
18327.5,9,-9,306
18330.0,10,-8,303
18332.5,9,-9,307
18335.0,12,-9,307
18337.5,11,-6,303
18340.0,12,-8,302
18342.5,11,-9,303
18345.0,14,-6,305
18347.5,8,-7,305
18350.0,9,-11,303
18352.5,9,-7,307
18355.0,12,-7,305
18357.5,10,-6,303
18360.0,10,-8,304
18362.5,10,-8,303
18365.0,9,-8,303
18367.5,12,-8,303
18370.0,9,-9,304
18372.5,9,-9,305
18375.0,9,-10,304
18377.5,9,-10,304
18380.0,8,-6,306
18382.5,9,-8,302
18385.0,11,-9,307
18387.5,11,-8,303
18390.0,10,-10,306
18392.5,10,-8,301
18395.0,10,-9,304
18397.5,11,-9,303
18400.0,9,-7,306
18402.5,11,-8,303
18405.0,11,-7,303
18407.5,10,-6,303
18410.0,9,-8,304
18412.5,9,-8,303
18415.0,10,-6,303
18417.5,10,-7,304
18420.0,10,-6,304
18422.5,9,-9,303
18425.0,10,-10,300
18427.5,10,-10,300
18430.0,9,-9,302
18432.5,11,-8,305
18435.0,9,-8,304
18437.5,11,-7,305
18440.0,8,-6,303
18442.5,8,-7,304
18445.0,12,-9,308
18447.5,11,-7,303
18450.0,12,-5,305
18452.5,9,-8,299
18455.0,9,-8,303
18457.5,11,-8,306
18460.0,9,-9,301
18462.5,9,-7,307
18465.0,9,-10,306
18467.5,12,-8,303
18470.0,9,-8,302
18472.5,8,-7,304
18475.0,10,-9,304
18477.5,10,-9,304
18480.0,12,-9,305
18482.5,10,-7,305
18485.0,10,-7,305
18487.5,13,-11,300
18490.0,8,-6,301
18492.5,10,-6,302
18495.0,11,-9,306
18497.5,10,-8,307
18500.0,10,-5,303
18502.5,12,-11,306
18505.0,10,-10,302
18507.5,11,-8,305
18510.0,7,-7,301
18512.5,10,-9,300
18515.0,9,-8,302
18517.5,9,-7,303
18520.0,9,-9,305
18522.5,6,-7,305
18525.0,9,-7,303
18527.5,9,-7,303
18530.0,9,-9,300
18532.5,9,-6,302
18535.0,9,-7,304
18537.5,9,-5,305
18540.0,9,-8,301
18542.5,12,-8,305
18545.0,12,-6,303
18547.5,12,-6,304
18550.0,11,-8,304
18552.5,11,-6,301
18555.0,11,-9,303
18557.5,9,-6,304
18560.0,10,-10,304
18562.5,9,-8,305
18565.0,10,-10,303
18567.5,11,-9,303
18570.0,9,-7,303
18572.5,8,-9,301
18575.0,10,-8,300
18577.5,10,-8,300
18580.0,10,-8,305
18582.5,11,-10,302
18585.0,10,-7,305
18587.5,11,-6,305
18590.0,8,-6,303
18592.5,10,-7,301
18595.0,9,-4,306
18597.5,7,-7,305
18600.0,10,-7,304
18602.5,9,-7,307
18605.0,10,-8,307
18607.5,9,-10,305
18610.0,10,-9,303
18612.5,11,-8,303
18615.0,10,-10,300
18617.5,8,-7,303
18620.0,9,-9,302
18622.5,9,-11,300
18625.0,10,-9,303
18627.5,10,-9,303
18630.0,9,-11,302
18632.5,10,-5,304
18635.0,12,-5,302
18637.5,10,-8,305
18640.0,9,-7,301
18642.5,9,-6,301
18645.0,9,-8,303
18647.5,10,-7,304
18650.0,9,-8,304
18652.5,11,-9,304
18655.0,9,-9,303
18657.5,10,-6,304
18660.0,12,-9,304
18662.5,9,-8,302
18665.0,12,-9,303
18667.5,8,-10,304
18670.0,11,-6,302
18672.5,8,-8,303
18675.0,8,-8,303
18677.5,10,-6,302
18680.0,8,-4,298
18682.5,9,-8,303
18685.0,10,-6,304
18687.5,11,-7,302
18690.0,10,-6,302
18692.5,11,-7,308
18695.0,8,-9,300
18697.5,9,-7,303
18700.0,10,-6,304
18702.5,10,-7,304
18705.0,9,-6,306
18707.5,9,-8,300
18710.0,10,-7,306
18712.5,8,-8,303
18715.0,10,-8,302
18717.5,10,-9,302
18720.0,10,-10,300
18722.5,9,-11,302
18725.0,9,-11,302
18727.5,11,-12,307
18730.0,11,-7,306
18732.5,12,-8,309
18735.0,8,-5,303
18737.5,10,-8,302
18740.0,9,-5,311
18742.5,10,-4,304
18745.0,10,-9,302
18747.5,10,-8,305
18750.0,9,-9,305
18752.5,11,-8,305
18755.0,13,-12,306
18757.5,10,-9,303
18760.0,11,-9,300
18762.5,8,-7,302
18765.0,10,-9,304
18767.5,10,-8,301
18770.0,13,-8,299
18772.5,10,-10,301
18775.0,10,-10,301
18777.5,10,-7,300
18780.0,11,-8,303
18782.5,10,-9,303
18785.0,8,-6,302
18787.5,11,-8,305
18790.0,9,-6,301
18792.5,8,-6,303
18795.0,8,-8,305
18797.5,10,-8,306
18800.0,9,-9,303
18802.5,8,-6,307
18805.0,10,-7,306
18807.5,9,-6,304
18810.0,8,-6,306
18812.5,7,-6,303
18815.0,10,-8,302
18817.5,9,-5,306
18820.0,9,-8,302
18822.5,12,-8,303
18825.0,12,-8,303
18827.5,9,-8,303
18830.0,10,-8,304
18832.5,11,-6,304
18835.0,10,-7,305
18837.5,10,-10,302
18840.0,11,-8,300
18842.5,9,-9,299
18845.0,11,-8,306
18847.5,11,-9,302
18850.0,9,-9,301
18852.5,10,-7,304
18855.0,11,-10,303
18857.5,10,-10,302
18860.0,9,-6,302
18862.5,10,-10,305
18865.0,10,-9,304
18867.5,10,-7,303
18870.0,10,-7,301
18872.5,10,-6,300
18875.0,10,-6,300
18877.5,9,-9,305
18880.0,10,-7,305
18882.5,10,-9,305
18885.0,12,-6,304
18887.5,11,-7,303
18890.0,10,-4,299
18892.5,8,-4,298
18895.0,6,-3,304
18897.5,12,-6,304
18900.0,11,-5,304
18902.5,10,-7,303
18905.0,11,-9,304
18907.5,11,-9,302
18910.0,8,-7,304
18912.5,8,-7,302
18915.0,9,-7,303
18917.5,12,-9,302
18920.0,9,-9,302
18922.5,9,-8,302
18925.0,9,-8,302
18927.5,9,-8,300
18930.0,10,-5,300
18932.5,11,-5,305
18935.0,11,-11,308
18937.5,8,-6,301
18940.0,11,-8,304
18942.5,12,-8,306
18945.0,11,-10,304
18947.5,12,-8,302
18950.0,8,-5,304
18952.5,10,-9,304
18955.0,10,-8,303
18957.5,9,-7,303
18960.0,9,-6,304
18962.5,9,-8,305
18965.0,10,-8,305
18967.5,8,-9,302
18970.0,9,-7,304
18972.5,9,-6,302
18975.0,9,-6,302
18977.5,12,-10,305
18980.0,12,-9,304
18982.5,11,-8,303
18985.0,13,-7,303
18987.5,12,-7,302
18990.0,7,-6,301
18992.5,10,-6,301
18995.0,11,-8,303
18997.5,10,-6,304
19000.0,12,-8,303
19002.5,8,-6,306
19005.0,10,-10,300
19007.5,10,-8,303
19010.0,8,-6,303
19012.5,10,-6,304
19015.0,10,-7,301
19017.5,11,-8,302
19020.0,10,-9,302
19022.5,10,-9,301
19025.0,10,-9,301
19027.5,10,-7,305
19030.0,9,-9,303
19032.5,7,-7,304
19035.0,9,-9,307
19037.5,9,-5,304
19040.0,9,-6,304
19042.5,11,-7,305
19045.0,11,-6,306
19047.5,10,-6,304
19050.0,9,-6,302
19052.5,11,-10,305
19055.0,10,-7,302
19057.5,11,-8,302
19060.0,9,-8,303
19062.5,9,-6,303
19065.0,8,-9,304
19067.5,10,-6,304
19070.0,10,-9,305
19072.5,10,-9,305
19075.0,8,-6,304
19077.5,10,-8,301
19080.0,10,-5,302
19082.5,12,-6,304
19085.0,10,-8,299
19087.5,10,-7,299
19090.0,12,-10,306
19092.5,8,-9,304
19095.0,12,-9,303
19097.5,9,-5,304
19100.0,10,-7,304
19102.5,12,-7,301
19105.0,9,-7,304
19107.5,8,-6,303
19110.0,10,-10,302
19112.5,10,-7,303
19115.0,9,-7,303
19117.5,10,-7,304
19120.0,11,-8,303
19122.5,11,-8,303
19125.0,8,-5,307
19127.5,9,-8,297
19130.0,9,-7,302
19132.5,11,-8,304
19135.0,8,-6,304
19137.5,9,-6,305
19140.0,12,-9,303
19142.5,11,-7,300
19145.0,15,-9,302
19147.5,11,-8,303
19150.0,9,-7,306
19152.5,9,-7,306
19155.0,10,-9,304
19157.5,10,-7,304
19160.0,9,-5,303
19162.5,8,-7,303
19165.0,9,-8,302
19167.5,9,-7,302
19170.0,7,-9,303
19172.5,7,-9,303
19175.0,11,-11,304
19177.5,9,-9,302
19180.0,9,-9,303
19182.5,11,-8,304
19185.0,11,-7,310
19187.5,11,-10,306
19190.0,11,-7,306
19192.5,12,-7,304
19195.0,9,-5,303
19197.5,9,-8,305
19200.0,12,-11,303
19202.5,11,-8,303
19205.0,9,-7,305
19207.5,9,-8,300
19210.0,10,-9,303
19212.5,11,-9,305
19215.0,9,-9,303
19217.5,10,-11,303
19220.0,10,-9,302
19222.5,10,-9,302
19225.0,10,-9,305
19227.5,11,-8,299
19230.0,11,-7,300
19232.5,12,-9,303
19235.0,8,-7,301
19237.5,9,-5,307
19240.0,11,-9,304
19242.5,11,-8,303
19245.0,10,-9,303
19247.5,8,-6,305
19250.0,9,-7,304
19252.5,9,-7,305
19255.0,8,-7,304
19257.5,10,-7,306
19260.0,8,-8,302
19262.5,9,-9,304
19265.0,9,-6,303
19267.5,10,-8,302
19270.0,8,-7,303
19272.5,8,-7,303
19275.0,11,-8,304
19277.5,8,-6,301
19280.0,9,-7,300
19282.5,10,-6,302
19285.0,12,-7,300
19287.5,12,-7,301
19290.0,11,-7,299
19292.5,9,-6,304
19295.0,11,-5,302
19297.5,9,-9,302
19300.0,9,-9,304
19302.5,11,-6,306
19305.0,9,-10,305
19307.5,11,-8,303
19310.0,10,-7,304
19312.5,9,-9,304
19315.0,8,-10,301
19317.5,11,-8,305
19320.0,11,-10,304
19322.5,11,-10,304
19325.0,9,-8,303
19327.5,8,-6,302
19330.0,10,-6,304
19332.5,9,-7,299
19335.0,12,-9,304
19337.5,11,-5,307
19340.0,12,-5,303
19342.5,11,-7,302
19345.0,10,-8,302
19347.5,10,-9,301
19350.0,10,-7,301
19352.5,9,-8,301
19355.0,9,-7,303
19357.5,8,-7,307
19360.0,8,-9,302
19362.5,11,-9,303
19365.0,10,-7,303
19367.5,9,-10,304
19370.0,7,-9,305
19372.5,7,-9,305
19375.0,10,-9,303
19377.5,9,-8,301
19380.0,10,-7,301
19382.5,11,-7,306
19385.0,8,-9,307
19387.5,8,-5,302
19390.0,12,-7,307
19392.5,12,-9,304
19395.0,11,-6,307
19397.5,11,-7,303
19400.0,12,-8,304
19402.5,11,-10,303
19405.0,11,-9,304
19407.5,9,-7,305
19410.0,11,-9,302
19412.5,9,-8,302
19415.0,10,-6,302
19417.5,9,-6,302
19420.0,9,-8,306
19422.5,9,-8,306
19425.0,11,-8,302
19427.5,10,-7,303
19430.0,9,-9,308
19432.5,11,-8,301
19435.0,10,-6,301
19437.5,10,-7,301
19440.0,11,-7,306
19442.5,10,-8,304
19445.0,8,-7,300
19447.5,11,-10,303
19450.0,11,-8,303
19452.5,12,-8,301
19455.0,12,-9,302
19457.5,12,-7,305
19460.0,11,-8,303
19462.5,10,-9,304
19465.0,10,-9,304
19467.5,10,-10,307
19470.0,9,-8,305
19472.5,9,-8,305
19475.0,7,-9,301
19477.5,9,-7,301
19480.0,9,-9,305
19482.5,10,-7,302
19485.0,10,-6,300
19487.5,12,-7,305
19490.0,12,-7,300
19492.5,10,-8,304
19495.0,10,-5,300
19497.5,9,-6,299
19500.0,9,-9,304
19502.5,11,-9,305
19505.0,9,-11,305
19507.5,10,-9,305
19510.0,11,-7,301
19512.5,10,-8,303
19515.0,9,-8,303
19517.5,8,-9,303
19520.0,8,-9,302
19522.5,8,-9,302
19525.0,7,-6,305
19527.5,12,-9,302
19530.0,12,-8,303
19532.5,10,-8,301
19535.0,8,-8,300
19537.5,12,-8,304
19540.0,8,-7,304
19542.5,8,-7,305
19545.0,10,-8,305
19547.5,10,-8,304
19550.0,12,-7,301
19552.5,9,-7,304
19555.0,11,-8,304
19557.5,10,-7,301
19560.0,11,-9,305
19562.5,11,-7,304
19565.0,10,-8,303
19567.5,8,-8,305
19570.0,10,-10,302
19572.5,10,-10,302
19575.0,11,-8,304
19577.5,8,-9,306
19580.0,11,-9,300
19582.5,9,-8,306
19585.0,11,-8,302
19587.5,10,-10,304
19590.0,11,-7,301
19592.5,12,-7,303
19595.0,9,-7,303
19597.5,8,-6,298
19600.0,10,-9,305
19602.5,9,-9,301
19605.0,11,-10,300
19607.5,9,-8,304
19610.0,9,-9,303
19612.5,9,-9,304
19615.0,11,-7,302
19617.5,10,-9,303
19620.0,10,-9,303
19622.5,10,-5,302
19625.0,14,-9,303
19627.5,13,-10,303
19630.0,12,-5,302
19632.5,10,-6,304
19635.0,10,-6,303
19637.5,8,-5,302
19640.0,9,-7,302
19642.5,9,-7,305
19645.0,9,-8,302
19647.5,11,-9,303
19650.0,11,-9,305
19652.5,9,-8,304
19655.0,9,-6,303
19657.5,10,-8,304
19660.0,8,-7,302
19662.5,10,-8,305
19665.0,12,-7,306
19667.5,11,-9,304
19670.0,11,-9,304
19672.5,11,-9,303
19675.0,10,-9,304
19677.5,8,-8,302
19680.0,8,-6,308
19682.5,11,-9,303
19685.0,12,-10,303
19687.5,11,-8,303
19690.0,7,-4,300
19692.5,11,-7,303
19695.0,9,-5,308
19697.5,10,-8,307
19700.0,11,-5,303
19702.5,9,-7,299
19705.0,9,-9,305
19707.5,7,-8,302
19710.0,9,-7,307
19712.5,11,-5,301
19715.0,9,-7,303
19717.5,10,-8,298
19720.0,10,-8,298
19722.5,10,-7,304
19725.0,13,-8,301
19727.5,12,-6,303
19730.0,11,-8,300
19732.5,8,-7,309
19735.0,11,-6,303
19737.5,10,-7,304
19740.0,10,-7,303
19742.5,12,-11,305
19745.0,11,-6,304
19747.5,11,-7,302
19750.0,11,-7,305
19752.5,10,-7,302
19755.0,8,-7,303
19757.5,10,-8,304
19760.0,11,-10,304
19762.5,11,-9,302
19765.0,10,-9,302
19767.5,8,-7,302
19770.0,8,-7,302
19772.5,11,-8,303
19775.0,10,-9,308
19777.5,10,-7,303
19780.0,11,-5,306
19782.5,10,-5,303
19785.0,10,-6,300
19787.5,10,-8,304
19790.0,7,-8,303
19792.5,10,-10,308
19795.0,12,-7,305
19797.5,10,-8,305
19800.0,9,-7,302
19802.5,11,-7,303
19805.0,9,-6,303
19807.5,9,-6,302
19810.0,8,-8,303
19812.5,8,-7,303
19815.0,9,-9,301
19817.5,10,-7,301
19820.0,10,-7,301
19822.5,12,-10,300
19825.0,10,-10,304
19827.5,9,-7,304
19830.0,9,-6,306
19832.5,10,-6,303
19835.0,11,-8,306
19837.5,10,-8,295
19840.0,10,-7,301
19842.5,11,-5,305
19845.0,10,-9,303
19847.5,8,-7,303
19850.0,9,-6,303
19852.5,10,-9,302
19855.0,10,-10,303
19857.5,8,-7,305
19860.0,11,-9,303
19862.5,9,-9,300
19865.0,9,-11,304
19867.5,9,-8,301
19870.0,9,-8,301
19872.5,11,-8,304
19875.0,9,-8,302
19877.5,11,-7,303
19880.0,11,-8,301
19882.5,7,-6,304
19885.0,9,-6,302
19887.5,12,-6,304
19890.0,10,-9,306
19892.5,12,-9,306
19895.0,8,-4,299
19897.5,11,-5,302
19900.0,11,-10,304
19902.5,9,-10,304
19905.0,9,-9,304
19907.5,10,-7,303
19910.0,9,-9,301
19912.5,11,-9,303
19915.0,7,-6,303
19917.5,8,-7,303
19920.0,8,-7,303
19922.5,10,-10,304
19925.0,8,-9,302
19927.5,11,-10,305
19930.0,9,-8,306
19932.5,9,-7,306
19935.0,8,-7,304
19937.5,9,-10,304
19940.0,8,-7,305
19942.5,11,-8,305
19945.0,9,-8,301
19947.5,10,-7,301
19950.0,9,-9,303
19952.5,10,-9,300
19955.0,10,-9,301
19957.5,8,-7,305
19960.0,10,-9,305
19962.5,11,-9,300
19965.0,11,-9,302
19967.5,9,-8,303
19970.0,9,-8,303
19972.5,14,-9,302
19975.0,10,-10,305
19977.5,9,-4,304
19980.0,8,-8,302
19982.5,10,-6,299
19985.0,10,-7,304
19987.5,9,-9,305
19990.0,11,-8,304
19992.5,10,-7,304
19995.0,10,-8,304
19997.5,11,-7,303
20000.0,9,-7,302
20002.5,8,-8,301
20005.0,11,-7,303
20007.5,10,-9,301
20010.0,10,-7,304
20012.5,10,-9,301
20015.0,9,-7,305
20017.5,9,-9,304
20020.0,9,-9,304
20022.5,9,-7,302
20025.0,8,-10,302
20027.5,10,-9,303
20030.0,12,-6,304
20032.5,7,-4,302
20035.0,12,-6,300
20037.5,8,-8,303
20040.0,10,-9,305
20042.5,11,-8,304
20045.0,11,-8,304
20047.5,11,-9,304
20050.0,9,-8,305
20052.5,10,-9,302
20055.0,8,-6,301
20057.5,9,-7,301
20060.0,11,-6,303
20062.5,9,-10,304
20065.0,9,-9,303
20067.5,10,-8,304
20070.0,10,-8,304
20072.5,7,-7,300
20075.0,10,-10,299
20077.5,13,-8,305
20080.0,10,-7,301
20082.5,10,-6,302
20085.0,11,-10,309
20087.5,11,-5,305
20090.0,9,-7,304
20092.5,10,-5,302
20095.0,9,-9,304
20097.5,10,-9,304
20100.0,10,-7,306
20102.5,11,-7,302
20105.0,9,-8,304
20107.5,10,-9,302
20110.0,11,-10,302
20112.5,10,-9,305
20115.0,11,-10,304
20117.5,11,-10,304
20120.0,10,-10,304
20122.5,11,-7,300
20125.0,10,-7,301
20127.5,10,-7,306
20130.0,9,-4,300
20132.5,10,-7,304
20135.0,12,-8,305
20137.5,11,-8,308
20140.0,13,-8,304
20142.5,10,-5,303
20145.0,9,-8,305
20147.5,8,-6,302
20150.0,10,-7,305
20152.5,11,-9,304
20155.0,10,-5,302
20157.5,8,-7,301
20160.0,10,-8,304
20162.5,9,-7,302
20165.0,9,-7,301
20167.5,9,-7,301
20170.0,9,-6,304
20172.5,11,-7,304
20175.0,12,-8,306
20177.5,9,-6,305
20180.0,9,-6,300
20182.5,9,-5,301
20185.0,10,-5,305
20187.5,9,-6,303
20190.0,8,-8,306
20192.5,10,-7,304
20195.0,9,-6,303
20197.5,10,-8,303
20200.0,12,-9,303
20202.5,9,-6,303
20205.0,10,-7,304
20207.5,8,-6,301
20210.0,10,-9,303
20212.5,10,-5,302
20215.0,12,-7,304
20217.5,12,-7,304
20220.0,11,-11,302
20222.5,10,-9,299
20225.0,10,-5,304
20227.5,13,-9,304
20230.0,12,-8,301
20232.5,12,-8,301
20235.0,11,-8,300
20237.5,11,-6,303
20240.0,11,-6,302
20242.5,8,-9,305
20245.0,9,-6,308
20247.5,9,-7,303
20250.0,9,-7,303
20252.5,11,-7,305
20255.0,10,-7,303
20257.5,10,-6,301
20260.0,10,-6,302
20262.5,9,-8,304
20265.0,9,-9,303
20267.5,9,-9,303
20270.0,9,-8,306
20272.5,8,-7,304
20275.0,7,-6,303
20277.5,8,-6,305
20280.0,10,-10,302
20282.5,8,-8,304
20285.0,11,-5,307
20287.5,11,-9,304
20290.0,10,-7,302
20292.5,9,-7,306
20295.0,9,-7,302
20297.5,10,-7,302
20300.0,10,-9,304
20302.5,11,-8,304
20305.0,11,-6,302
20307.5,9,-9,301
20310.0,10,-10,303
20312.5,9,-9,303
20315.0,8,-9,303
20317.5,8,-9,303
20320.0,11,-6,302
20322.5,8,-8,305
20325.0,6,-9,305
20327.5,10,-7,303
20330.0,11,-6,305
20332.5,11,-4,301
20335.0,10,-9,304
20337.5,10,-6,302
20340.0,10,-5,305
20342.5,11,-11,304
20345.0,11,-11,304
20347.5,8,-6,303
20350.0,9,-7,300
20352.5,10,-8,301
20355.0,8,-9,301
20357.5,10,-7,301
20360.0,9,-8,302
20362.5,9,-10,303
20365.0,9,-8,301
20367.5,9,-8,301
20370.0,10,-6,303
20372.5,11,-9,301
20375.0,10,-8,306
20377.5,9,-6,300
20380.0,8,-4,301
20382.5,10,-7,301
20385.0,11,-9,302
20387.5,10,-9,305
20390.0,12,-8,305
20392.5,12,-8,302
20395.0,11,-8,306
20397.5,11,-6,302
20400.0,8,-6,306
20402.5,10,-5,302
20405.0,11,-7,304
20407.5,11,-9,301
20410.0,11,-7,303
20412.5,9,-9,305
20415.0,9,-8,302
20417.5,9,-8,302
20420.0,9,-8,304
20422.5,8,-7,305
20425.0,10,-8,305
20427.5,10,-4,304
20430.0,7,-7,301
20432.5,10,-8,303
20435.0,10,-10,304
20437.5,10,-7,304
20440.0,10,-8,303
20442.5,11,-6,303
20445.0,10,-8,303
20447.5,9,-8,303
20450.0,10,-9,304
20452.5,10,-9,303
20455.0,10,-9,304
20457.5,12,-7,303
20460.0,10,-9,302
20462.5,11,-9,301
20465.0,11,-8,301
20467.5,11,-8,301
20470.0,10,-8,302
20472.5,8,-5,307
20475.0,9,-6,304
20477.5,10,-8,304
20480.0,12,-6,301
20482.5,10,-8,300
20485.0,10,-9,304
20487.5,11,-7,300
20490.0,10,-10,302
20492.5,10,-8,302
20495.0,10,-8,302
20497.5,12,-9,305
20500.0,12,-10,304
20502.5,11,-8,305
20505.0,9,-8,302
20507.5,10,-7,302
20510.0,10,-9,305
20512.5,9,-9,303
20515.0,9,-8,304
20517.5,9,-8,304
20520.0,9,-8,308
20522.5,12,-8,303
20525.0,12,-5,302
20527.5,9,-7,305
20530.0,10,-7,306
20532.5,10,-5,302
20535.0,9,-8,306
20537.5,11,-7,305
20540.0,13,-9,304
20542.5,10,-7,302
20545.0,9,-7,307
20547.5,11,-9,299
20550.0,10,-7,300
20552.5,11,-9,304
20555.0,7,-6,304
20557.5,11,-10,303
20560.0,8,-7,302
20562.5,12,-11,302
20565.0,12,-11,302
20567.5,10,-8,305
20570.0,10,-9,300
20572.5,6,-8,304
20575.0,7,-7,303
20577.5,12,-9,305
20580.0,10,-7,305
20582.5,12,-8,305
20585.0,11,-7,304
20587.5,10,-7,302
20590.0,8,-3,302
20592.5,9,-9,304
20595.0,9,-6,300
20597.5,8,-7,306
20600.0,10,-7,306
20602.5,9,-7,304
20605.0,8,-9,301
20607.5,12,-8,300
20610.0,10,-6,303
20612.5,8,-8,304
20615.0,8,-8,304
20617.5,7,-8,306
20620.0,10,-8,304
20622.5,11,-8,306
20625.0,10,-9,306
20627.5,9,-7,299
20630.0,9,-5,302
20632.5,10,-6,306
20635.0,10,-8,305
20637.5,10,-7,305
20640.0,11,-7,303
20642.5,11,-8,305
20645.0,9,-8,302
20647.5,10,-8,302
20650.0,11,-8,305
20652.5,10,-8,304
20655.0,9,-5,302
20657.5,8,-8,304
20660.0,10,-9,301
20662.5,10,-8,302
20665.0,10,-8,302
20667.5,10,-5,302
20670.0,10,-8,302
20672.5,9,-10,303
20675.0,9,-8,304
20677.5,10,-5,307
20680.0,13,-8,303
20682.5,9,-7,302
20685.0,10,-5,301
20687.5,11,-6,301
20690.0,9,-8,303
20692.5,11,-6,304
20695.0,8,-6,302
20697.5,10,-8,302
20700.0,12,-9,302
20702.5,10,-8,302
20705.0,11,-7,302
20707.5,9,-4,303
20710.0,10,-9,305
20712.5,10,-10,302
20715.0,10,-10,302
20717.5,10,-10,300
20720.0,11,-9,304
20722.5,9,-7,302
20725.0,11,-7,306
20727.5,10,-9,306
20730.0,10,-8,303
20732.5,8,-5,301
20735.0,10,-6,299
20737.5,12,-9,301
20740.0,10,-7,304
20742.5,10,-8,307
20745.0,12,-7,305
20747.5,11,-8,300
20750.0,9,-8,303
20752.5,11,-8,301
20755.0,11,-8,299
20757.5,10,-7,305
20760.0,9,-6,303
20762.5,10,-9,302
20765.0,10,-9,302
20767.5,9,-7,301
20770.0,12,-10,302
20772.5,11,-8,304
20775.0,7,-9,299
20777.5,9,-10,308
20780.0,11,-7,304
20782.5,10,-6,304
20785.0,13,-9,300
20787.5,9,-8,304
20790.0,7,-7,305
20792.5,9,-8,303
20795.0,10,-6,303
20797.5,11,-8,304
20800.0,9,-9,304
20802.5,9,-8,298
20805.0,9,-8,304
20807.5,11,-6,304
20810.0,9,-8,299
20812.5,10,-8,301
20815.0,10,-8,301
20817.5,9,-9,304
20820.0,11,-8,305
20822.5,9,-9,305
20825.0,11,-9,303
20827.5,8,-5,306
20830.0,9,-6,307
20832.5,10,-7,309
20835.0,11,-9,306
20837.5,11,-7,307
20840.0,12,-9,302
20842.5,12,-8,302
20845.0,11,-7,306
20847.5,9,-11,302
20850.0,8,-6,302
20852.5,11,-9,302
20855.0,11,-7,301
20857.5,11,-8,303
20860.0,9,-8,305
20862.5,9,-7,306
20865.0,9,-7,306
20867.5,10,-8,303
20870.0,10,-10,302
20872.5,11,-6,301
20875.0,11,-8,306
20877.5,10,-4,298
20880.0,14,-9,306
20882.5,12,-8,302
20885.0,9,-7,302
20887.5,8,-4,303
20890.0,12,-9,305
20892.5,13,-10,304
20895.0,10,-9,303
20897.5,8,-7,304
20900.0,9,-8,301
20902.5,12,-9,303
20905.0,9,-8,300
20907.5,10,-9,305
20910.0,8,-9,304
20912.5,9,-9,304
20915.0,9,-9,304
20917.5,9,-7,303
20920.0,9,-9,306
20922.5,10,-8,307
20925.0,11,-6,304
20927.5,9,-4,304
20930.0,11,-7,302
20932.5,11,-9,303
20935.0,12,-9,304
20937.5,12,-9,306
20940.0,8,-9,303
20942.5,10,-8,304
20945.0,11,-9,301
20947.5,8,-7,302
20950.0,9,-7,303
20952.5,11,-8,302
20955.0,9,-7,304
20957.5,10,-9,302
20960.0,11,-9,303
20962.5,7,-8,303
20965.0,7,-8,303
20967.5,9,-11,306
20970.0,10,-7,306
20972.5,11,-5,305
20975.0,10,-8,303
20977.5,12,-7,302
20980.0,11,-9,304
20982.5,10,-6,306
20985.0,10,-7,303
20987.5,9,-9,304
20990.0,8,-8,306
20992.5,9,-9,303
20995.0,10,-7,299
20997.5,9,-7,303
21000.0,9,-9,303
21002.5,9,-9,302
21005.0,10,-8,302
21007.5,11,-9,302
21010.0,10,-9,302
21012.5,10,-9,301
21015.0,10,-9,301
21017.5,11,-8,303
21020.0,9,-8,302
21022.5,11,-8,308
21025.0,10,-8,306
21027.5,11,-10,304
21030.0,8,-4,307
21032.5,11,-5,303
21035.0,10,-5,303
21037.5,7,-5,301
21040.0,9,-9,302
21042.5,11,-9,304
21045.0,11,-7,301
21047.5,10,-8,303
21050.0,11,-8,304
21052.5,10,-9,301
21055.0,11,-9,303
21057.5,10,-9,306
21060.0,8,-7,304
21062.5,8,-7,304
21065.0,9,-8,301
21067.5,11,-9,301
21070.0,11,-7,303
21072.5,11,-5,302
21075.0,14,-7,302
21077.5,10,-8,300
21080.0,10,-8,306
21082.5,11,-9,304
21085.0,9,-8,306
21087.5,7,-7,304
21090.0,11,-9,304
21092.5,12,-7,302
21095.0,10,-9,305
21097.5,9,-9,305
21100.0,9,-10,306
21102.5,9,-8,305
21105.0,10,-7,306
21107.5,9,-6,304
21110.0,11,-7,302
21112.5,11,-7,302
21115.0,10,-8,301
21117.5,12,-10,304
21120.0,10,-8,305
21122.5,11,-5,305
21125.0,10,-5,303
21127.5,11,-7,300
21130.0,10,-4,301
21132.5,11,-7,305
21135.0,10,-5,305
21137.5,12,-8,303
21140.0,10,-5,305
21142.5,11,-7,302
21145.0,10,-8,303
21147.5,12,-7,302
21150.0,12,-8,303
21152.5,10,-8,302
21155.0,9,-7,302
21157.5,10,-4,300
21160.0,9,-9,303
21162.5,9,-9,303
21165.0,8,-7,301
21167.5,8,-7,304
21170.0,11,-9,305
21172.5,11,-9,305
21175.0,8,-5,307
21177.5,12,-9,302
21180.0,12,-5,301
21182.5,8,-6,299
21185.0,7,-8,306
21187.5,8,-7,302
21190.0,9,-11,304
21192.5,9,-8,305
21195.0,10,-9,305
21197.5,11,-7,303
21200.0,11,-11,303
21202.5,8,-8,303
21205.0,11,-8,303
21207.5,9,-9,303
21210.0,12,-8,302
21212.5,12,-8,302
21215.0,9,-5,303
21217.5,11,-7,301
21220.0,10,-9,302
21222.5,11,-9,305
21225.0,11,-8,302
21227.5,12,-7,303
21230.0,12,-6,305
21232.5,9,-5,302
21235.0,10,-5,301
21237.5,10,-8,302
21240.0,10,-7,304
21242.5,10,-7,303
21245.0,10,-8,304
21247.5,9,-6,303
21250.0,10,-9,304
21252.5,9,-8,303
21255.0,9,-9,306
21257.5,12,-8,304
21260.0,10,-6,300
21262.5,10,-6,300
21265.0,10,-8,302
21267.5,11,-9,304
21270.0,11,-9,308
21272.5,11,-10,301
21275.0,10,-7,303
21277.5,11,-7,303
21280.0,12,-9,304
21282.5,11,-9,304
21285.0,10,-8,304
21287.5,10,-9,303
21290.0,10,-9,301
21292.5,9,-5,301
21295.0,9,-6,301
21297.5,11,-7,301
21300.0,9,-7,303
21302.5,11,-8,301
21305.0,9,-7,300
21307.5,10,-8,300
21310.0,10,-8,301
21312.5,10,-8,301
21315.0,9,-7,305
21317.5,9,-7,305
21320.0,11,-7,303
21322.5,13,-6,305
21325.0,10,-5,305
21327.5,8,-5,307
21330.0,8,-5,304
21332.5,11,-11,305
21335.0,10,-7,307
21337.5,12,-9,301
21340.0,10,-8,302
21342.5,9,-9,305
21345.0,9,-8,302
21347.5,10,-9,302
21350.0,10,-4,303
21352.5,9,-8,301
21355.0,12,-9,301
21357.5,10,-9,302
21360.0,11,-7,300
21362.5,11,-7,300
21365.0,10,-9,302
21367.5,8,-7,303
21370.0,13,-9,305
21372.5,10,-6,304
21375.0,8,-7,301
21377.5,12,-6,301
21380.0,10,-8,302
21382.5,11,-9,302
21385.0,10,-8,307
21387.5,11,-7,302
21390.0,11,-9,302
21392.5,11,-9,302
21395.0,8,-8,304
21397.5,9,-9,303
21400.0,10,-7,306
21402.5,10,-8,305
21405.0,11,-9,304
21407.5,8,-8,304
21410.0,11,-10,304
21412.5,11,-10,304
21415.0,8,-9,304
21417.5,10,-8,303
21420.0,8,-8,304
21422.5,11,-6,302
21425.0,8,-8,303
21427.5,11,-8,304
21430.0,9,-8,307
21432.5,11,-8,305
21435.0,12,-8,302
21437.5,12,-8,306
21440.0,9,-9,302
21442.5,10,-9,302
21445.0,11,-8,302
21447.5,9,-7,302
21450.0,10,-8,301
21452.5,10,-9,303
21455.0,9,-8,303
21457.5,9,-6,300
21460.0,10,-7,303
21462.5,10,-7,303
21465.0,11,-7,302
21467.5,9,-7,303
21470.0,12,-9,306
21472.5,9,-8,301
21475.0,10,-6,300
21477.5,10,-6,304
21480.0,10,-8,302
21482.5,8,-9,305
21485.0,7,-6,303
21487.5,12,-9,303
21490.0,10,-6,304
21492.5,10,-7,303
21495.0,11,-5,304
21497.5,11,-9,304
21500.0,9,-10,302
21502.5,9,-8,303
21505.0,9,-5,305
21507.5,7,-8,304
21510.0,9,-8,304
21512.5,9,-8,304
21515.0,11,-7,306
21517.5,9,-9,304
21520.0,8,-6,306
21522.5,10,-7,300
21525.0,12,-9,303
21527.5,7,-6,299
21530.0,10,-8,303
21532.5,9,-5,304
21535.0,12,-9,305
21537.5,12,-11,302
21540.0,11,-9,303
21542.5,10,-7,303
21545.0,8,-7,303
21547.5,8,-7,302
21550.0,10,-9,306
21552.5,10,-10,304
21555.0,11,-6,303
21557.5,11,-9,304
21560.0,10,-9,303
21562.5,10,-9,303
21565.0,11,-9,301
21567.5,12,-7,301
21570.0,11,-6,306
21572.5,9,-7,304
21575.0,11,-6,302
21577.5,9,-7,302
21580.0,9,-6,304
21582.5,9,-9,306
21585.0,10,-10,299
21587.5,10,-9,303
21590.0,11,-9,304
21592.5,11,-7,302
21595.0,10,-8,304
21597.5,9,-7,302
21600.0,10,-10,301
21602.5,9,-9,303
21605.0,9,-6,301
21607.5,8,-9,303
21610.0,8,-9,300
21612.5,8,-9,300
21615.0,9,-8,306
21617.5,11,-8,303
21620.0,13,-9,302
21622.5,9,-7,305
21625.0,10,-5,304
21627.5,11,-5,301
21630.0,8,-6,302
21632.5,8,-6,302
21635.0,9,-8,304
21637.5,9,-8,302
21640.0,10,-7,302
21642.5,11,-8,304
21645.0,8,-8,304
21647.5,11,-9,301
21650.0,11,-8,304
21652.5,10,-9,301
21655.0,10,-8,302
21657.5,10,-9,304
21660.0,11,-9,304
21662.5,11,-9,304
21665.0,9,-9,302
21667.5,10,-9,305
21670.0,12,-7,302
21672.5,10,-7,304
21675.0,11,-7,305
21677.5,12,-10,301
21680.0,8,-6,303
21682.5,10,-4,301
21685.0,9,-5,303
21687.5,10,-9,304
21690.0,10,-5,303
21692.5,9,-11,304
21695.0,13,-9,301
21697.5,9,-8,304
21700.0,10,-6,303
21702.5,11,-8,302
21705.0,11,-9,304
21707.5,10,-10,304
21710.0,10,-10,304
21712.5,9,-11,304
21715.0,9,-8,302
21717.5,8,-7,303
21720.0,11,-7,303
21722.5,10,-9,306
21725.0,10,-7,304
21727.5,11,-7,306
21730.0,13,-6,302
21732.5,13,-8,300
21735.0,9,-6,303
21737.5,10,-10,301
21740.0,10,-8,302
21742.5,12,-8,304
21745.0,11,-5,303
21747.5,11,-8,302
21750.0,10,-7,301
21752.5,10,-8,302
21755.0,10,-8,303
21757.5,9,-7,303
21760.0,9,-7,303
21762.5,9,-8,302
21765.0,11,-6,299
21767.5,9,-6,303
21770.0,10,-9,303
21772.5,8,-6,302
21775.0,10,-8,304
21777.5,8,-4,302
21780.0,10,-6,304
21782.5,11,-8,306
21785.0,8,-8,303
21787.5,10,-8,305
21790.0,10,-7,302
21792.5,7,-8,299
21795.0,7,-3,304
21797.5,10,-8,304
21800.0,10,-9,303
21802.5,11,-8,303
21805.0,8,-7,299
21807.5,7,-6,305
21810.0,7,-6,305
21812.5,10,-8,302
21815.0,11,-7,304
21817.5,10,-8,305
21820.0,12,-9,306
21822.5,13,-8,303
21825.0,12,-5,300
21827.5,12,-6,302
21830.0,11,-4,304
21832.5,10,-6,300
21835.0,8,-6,308
21837.5,8,-8,304
21840.0,10,-8,301
21842.5,11,-6,300
21845.0,8,-7,303
21847.5,10,-9,306
21850.0,9,-8,303
21852.5,10,-7,303
21855.0,10,-10,304
21857.5,9,-10,302
21860.0,9,-10,302
21862.5,9,-9,303
21865.0,10,-8,306
21867.5,10,-7,305
21870.0,11,-7,298
21872.5,7,-5,303
21875.0,8,-10,303
21877.5,9,-9,304
21880.0,9,-9,301
21882.5,10,-8,307
21885.0,13,-8,303
21887.5,11,-8,304
21890.0,10,-9,305
21892.5,10,-10,305
21895.0,10,-7,301
21897.5,9,-9,303
21900.0,9,-9,298
21902.5,11,-7,302
21905.0,10,-7,304
21907.5,10,-7,300
21910.0,10,-7,300
21912.5,11,-6,300
21915.0,8,-7,307
21917.5,9,-8,307
21920.0,11,-9,304
21922.5,8,-6,304
21925.0,13,-6,303
21927.5,10,-10,301
21930.0,9,-8,301
21932.5,10,-8,305
21935.0,9,-6,303
21937.5,11,-9,303
21940.0,11,-7,303
21942.5,10,-6,304
21945.0,11,-9,302
21947.5,10,-8,301
21950.0,10,-8,301
21952.5,11,-8,301
21955.0,9,-9,304
21957.5,9,-9,302
21960.0,9,-9,302
21962.5,11,-8,303
21965.0,11,-5,303
21967.5,8,-8,307
21970.0,9,-7,302
21972.5,9,-6,301
21975.0,12,-8,303
21977.5,11,-9,303
21980.0,9,-9,304
21982.5,12,-6,304
21985.0,7,-8,304
21987.5,10,-8,304
21990.0,10,-8,305
21992.5,10,-11,304
21995.0,9,-10,306
21997.5,9,-8,306
22000.0,10,-9,300
22002.5,9,-10,303
22005.0,10,-10,300
22007.5,8,-8,303
22010.0,8,-8,303
22012.5,10,-7,304
22015.0,8,-8,307
22017.5,11,-8,304
22020.0,12,-8,303
22022.5,11,-9,302
22025.0,11,-8,308
22027.5,10,-8,304
22030.0,11,-8,306
22032.5,10,-9,304
22035.0,12,-8,299
22037.5,11,-6,300
22040.0,11,-7,303
22042.5,11,-7,305
22045.0,10,-8,305
22047.5,9,-8,301
22050.0,11,-7,305
22052.5,9,-7,303
22055.0,11,-7,304
22057.5,10,-7,302
22060.0,10,-7,302
22062.5,10,-6,300
22065.0,9,-7,304
22067.5,12,-8,305
22070.0,10,-7,301
22072.5,8,-6,303
22075.0,9,-9,304
22077.5,11,-8,301
22080.0,11,-7,301
22082.5,9,-7,303
22085.0,9,-9,302
22087.5,8,-8,302
22090.0,8,-8,302
22092.5,12,-8,304
22095.0,11,-9,304
22097.5,9,-8,307
22100.0,9,-9,304
22102.5,9,-9,305
22105.0,10,-9,306
22107.5,8,-7,300
22110.0,8,-7,300
22112.5,10,-5,299
22115.0,9,-8,300
22117.5,8,-8,309
22120.0,12,-8,308
22122.5,11,-6,305
22125.0,11,-6,306
22127.5,12,-7,302
22130.0,9,-7,301
22132.5,11,-6,301
22135.0,10,-7,301
22137.5,7,-7,302
22140.0,9,-7,304
22142.5,9,-7,304
22145.0,12,-8,303
22147.5,8,-9,306
22150.0,10,-8,302
22152.5,10,-6,301
22155.0,8,-8,304
22157.5,8,-8,303
22160.0,8,-8,303
22162.5,10,-5,305
22165.0,11,-7,302
22167.5,10,-5,299
22170.0,10,-7,306
22172.5,11,-9,305
22175.0,12,-11,305
22177.5,9,-4,304
22180.0,13,-5,303
22182.5,10,-6,305
22185.0,9,-9,304
22187.5,9,-7,302
22190.0,8,-9,302
22192.5,11,-8,304
22195.0,11,-8,302
22197.5,10,-9,302
22200.0,10,-9,304
22202.5,8,-10,305
22205.0,9,-9,304
22207.5,9,-9,304
22210.0,11,-9,302
22212.5,8,-7,301
22215.0,10,-10,303
22217.5,11,-9,308
22220.0,8,-5,307
22222.5,8,-8,304
22225.0,13,-8,306
22227.5,13,-7,303
22230.0,11,-7,301
22232.5,7,-5,302
22235.0,8,-6,302
22237.5,10,-8,304
22240.0,10,-9,304
22242.5,9,-9,305
22245.0,10,-8,301
22247.5,10,-8,303
22250.0,12,-8,302
22252.5,10,-9,302
22255.0,9,-10,303
22257.5,9,-10,303
22260.0,7,-6,305
22262.5,9,-7,303
22265.0,11,-8,304
22267.5,13,-7,303
22270.0,9,-3,302
22272.5,10,-6,306
22275.0,6,-5,302
22277.5,11,-5,301
22280.0,12,-9,303
22282.5,11,-7,300
22285.0,8,-7,302
22287.5,9,-8,304
22290.0,9,-7,300
22292.5,7,-7,306
22295.0,9,-7,302
22297.5,10,-10,306
22300.0,10,-9,302
22302.5,8,-8,298
22305.0,9,-8,306
22307.5,9,-8,306
22310.0,11,-8,305
22312.5,10,-9,304
22315.0,12,-8,302
22317.5,9,-7,304
22320.0,9,-7,304
22322.5,10,-9,305
22325.0,11,-6,302
22327.5,9,-9,305
22330.0,11,-8,304
22332.5,9,-6,302
22335.0,11,-7,303
22337.5,11,-8,301
22340.0,9,-8,302
22342.5,10,-8,305
22345.0,9,-9,303
22347.5,10,-7,304
22350.0,9,-10,303
22352.5,10,-6,301
22355.0,13,-9,302
22357.5,13,-9,302
22360.0,9,-7,300
22362.5,12,-10,302
22365.0,13,-7,302
22367.5,11,-6,306
22370.0,9,-7,301
22372.5,10,-4,302
22375.0,13,-8,304
22377.5,8,-8,304
22380.0,9,-6,304
22382.5,12,-9,303
22385.0,11,-9,300
22387.5,10,-8,304
22390.0,11,-8,302
22392.5,11,-8,307
22395.0,8,-8,302
22397.5,9,-7,303
22400.0,9,-7,303
22402.5,10,-10,301
22405.0,9,-8,303
22407.5,9,-8,303
22410.0,11,-9,301
22412.5,10,-6,301
22415.0,11,-10,303
22417.5,10,-7,303
22420.0,10,-9,304
22422.5,10,-4,306
22425.0,10,-7,304
22427.5,11,-9,305
22430.0,10,-7,301
22432.5,11,-7,302
22435.0,12,-10,305
22437.5,11,-8,303
22440.0,12,-8,302
22442.5,7,-8,304
22445.0,10,-7,300
22447.5,9,-7,303
22450.0,9,-7,303
22452.5,8,-10,305
22455.0,10,-8,301
22457.5,10,-8,301
22460.0,10,-11,302
22462.5,9,-9,302
22465.0,10,-9,299
22467.5,11,-9,305
22470.0,10,-11,306
22472.5,12,-8,304
22475.0,9,-8,301
22477.5,13,-8,302
22480.0,9,-7,298
22482.5,8,-6,303
22485.0,10,-9,304
22487.5,12,-9,304
22490.0,9,-8,304
22492.5,9,-7,302
22495.0,12,-10,302
22497.5,9,-9,302
22500.0,11,-7,304
22502.5,9,-6,300
22505.0,7,-10,302
22507.5,7,-10,302
22510.0,11,-7,307
22512.5,11,-8,302
22515.0,9,-6,304
22517.5,11,-6,303
22520.0,8,-8,303
22522.5,11,-8,304
22525.0,11,-6,302
22527.5,10,-8,306
22530.0,10,-11,304
22532.5,9,-7,304
22535.0,9,-6,303
22537.5,11,-8,302
22540.0,9,-7,303
22542.5,10,-8,305
22545.0,11,-9,305
22547.5,10,-9,303
22550.0,9,-9,301
22552.5,10,-10,301
22555.0,9,-9,303
22557.5,9,-9,303
22560.0,7,-9,305
22562.5,9,-10,306
22565.0,11,-8,307
22567.5,10,-6,303
22570.0,9,-6,302
22572.5,11,-6,302
22575.0,11,-7,303
22577.5,12,-8,301
22580.0,10,-6,304
22582.5,9,-9,303
22585.0,9,-7,308
22587.5,10,-8,301
22590.0,11,-8,301
22592.5,9,-6,302
22595.0,10,-8,302
22597.5,10,-8,301
22600.0,10,-8,301
22602.5,9,-7,305
22605.0,10,-7,304
22607.5,10,-7,304
22610.0,10,-9,300
22612.5,9,-9,307
22615.0,10,-8,304
22617.5,7,-7,303
22620.0,10,-5,304
22622.5,11,-10,298
22625.0,9,-5,299
22627.5,10,-4,301
22630.0,9,-7,306
22632.5,9,-9,306
22635.0,10,-9,303
22637.5,12,-7,302
22640.0,11,-9,302
22642.5,9,-7,303
22645.0,11,-10,302
22647.5,9,-8,304
22650.0,10,-10,302
22652.5,10,-8,303
22655.0,7,-7,303
22657.5,7,-7,303
22660.0,11,-9,303
22662.5,8,-7,301
22665.0,12,-6,307
22667.5,11,-6,307
22670.0,9,-9,308
22672.5,9,-8,306
22675.0,12,-5,305
22677.5,11,-6,304
22680.0,11,-8,304
22682.5,11,-9,304
22685.0,10,-8,300
22687.5,11,-12,304
22690.0,10,-8,304
22692.5,10,-7,305
22695.0,10,-9,304
22697.5,11,-8,304
22700.0,7,-7,302
22702.5,9,-9,303
22705.0,11,-10,304
22707.5,11,-10,304
22710.0,9,-9,300
22712.5,8,-7,301
22715.0,11,-6,303
22717.5,10,-8,305
22720.0,9,-7,304
22722.5,10,-10,304
22725.0,9,-9,303
22727.5,10,-4,303
22730.0,10,-7,301
22732.5,9,-7,300
22735.0,12,-10,305
22737.5,8,-9,303
22740.0,7,-8,304
22742.5,11,-9,304
22745.0,12,-9,301
22747.5,9,-9,306
22750.0,6,-5,303
22752.5,7,-7,304
22755.0,7,-7,304
22757.5,9,-7,302
22760.0,11,-8,303
22762.5,10,-9,302
22765.0,11,-3,302
22767.5,8,-6,299
22770.0,10,-5,303
22772.5,9,-5,304
22775.0,11,-8,305
22777.5,12,-7,306
22780.0,10,-5,304
22782.5,10,-7,305
22785.0,9,-6,303
22787.5,8,-9,301
22790.0,12,-7,302
22792.5,10,-10,305
22795.0,7,-6,307
22797.5,9,-10,303
22800.0,11,-8,302
22802.5,11,-10,303
22805.0,11,-10,303
22807.5,10,-8,302
22810.0,10,-10,305
22812.5,9,-8,303
22815.0,10,-8,304
22817.5,11,-6,303
22820.0,8,-8,302
22822.5,10,-6,302
22825.0,11,-9,303
22827.5,10,-9,304
22830.0,8,-7,302
22832.5,10,-6,306
22835.0,9,-7,301
22837.5,10,-7,304
22840.0,8,-8,303
22842.5,11,-7,306
22845.0,10,-9,304
22847.5,9,-8,304
22850.0,11,-9,301
22852.5,10,-9,302
22855.0,10,-9,302
22857.5,8,-6,302
22860.0,11,-11,302
22862.5,11,-9,304
22865.0,11,-5,305
22867.5,11,-6,300
22870.0,9,-5,304
22872.5,9,-7,306
22875.0,8,-5,303
22877.5,11,-8,301
22880.0,11,-7,304
22882.5,9,-7,303
22885.0,10,-9,303
22887.5,7,-7,304
22890.0,9,-8,305
22892.5,10,-6,305
22895.0,10,-7,302
22897.5,11,-9,303
22900.0,8,-11,303
22902.5,10,-8,302
22905.0,10,-8,302
22907.5,9,-9,301
22910.0,11,-9,305
22912.5,12,-7,304
22915.0,10,-7,302
22917.5,10,-9,308
22920.0,11,-6,301
22922.5,9,-8,303
22925.0,10,-7,303
22927.5,11,-9,303
22930.0,10,-7,299
22932.5,13,-10,303
22935.0,10,-8,306
22937.5,10,-9,301
22940.0,8,-8,305
22942.5,10,-8,303
22945.0,11,-9,302
22947.5,11,-8,304
22950.0,9,-7,300
22952.5,8,-9,302
22955.0,8,-9,302
22957.5,11,-6,305
22960.0,9,-9,304
22962.5,9,-7,303
22965.0,9,-7,305
22967.5,11,-6,302
22970.0,9,-5,302
22972.5,9,-5,303
22975.0,10,-8,303
22977.5,9,-6,302
22980.0,11,-6,306
22982.5,11,-7,303
22985.0,11,-8,302
22987.5,9,-8,303
22990.0,10,-5,303
22992.5,9,-6,302
22995.0,9,-6,303
22997.5,11,-9,304
23000.0,8,-9,303
23002.5,9,-9,304
23005.0,9,-9,304
23007.5,9,-9,304
23010.0,10,-9,300
23012.5,9,-7,298
23015.0,11,-5,303
23017.5,8,-10,305
23020.0,7,-6,307
23022.5,11,-5,305
23025.0,14,-8,304
23027.5,12,-5,305
23030.0,11,-6,303
23032.5,11,-6,303
23035.0,9,-5,303
23037.5,11,-11,302
23040.0,10,-10,305
23042.5,9,-8,302
23045.0,13,-9,302
23047.5,9,-8,302
23050.0,10,-7,303
23052.5,9,-9,302
23055.0,9,-9,302
23057.5,7,-7,301
23060.0,10,-6,303
23062.5,9,-7,301
23065.0,10,-5,304
23067.5,10,-10,304
23070.0,11,-8,303
23072.5,10,-6,306
23075.0,10,-8,306
23077.5,12,-8,303
23080.0,9,-7,301
23082.5,11,-9,305
23085.0,9,-7,303
23087.5,9,-6,306
23090.0,8,-7,303
23092.5,8,-8,302
23095.0,9,-7,302
23097.5,9,-7,302
23100.0,9,-7,302
23102.5,9,-8,302
23105.0,9,-8,302
23107.5,9,-10,304
23110.0,8,-10,305
23112.5,10,-4,306
23115.0,8,-9,303
23117.5,10,-6,304
23120.0,9,-7,301
23122.5,10,-8,306
23125.0,9,-6,304
23127.5,11,-5,302
23130.0,10,-9,304
23132.5,10,-8,303
23135.0,10,-9,309
23137.5,10,-9,303
23140.0,10,-6,302
23142.5,8,-8,302
23145.0,10,-8,301
23147.5,9,-8,304
23150.0,8,-9,303
23152.5,9,-7,303
23155.0,9,-7,303
23157.5,7,-8,303
23160.0,12,-9,303
23162.5,9,-6,302
23165.0,11,-7,301
23167.5,11,-5,301
23170.0,9,-7,305
23172.5,9,-9,302
23175.0,10,-6,302
23177.5,11,-7,304
23180.0,9,-10,304
23182.5,10,-8,303
23185.0,10,-9,304
23187.5,9,-6,303
23190.0,9,-5,303
23192.5,9,-9,303
23195.0,10,-8,301
23197.5,9,-8,303
23200.0,11,-7,303
23202.5,11,-7,303
23205.0,9,-9,305
23207.5,11,-8,302
23210.0,9,-7,308
23212.5,15,-6,302
23215.0,10,-4,302
23217.5,9,-6,305
23220.0,11,-5,304
23222.5,9,-7,303
23225.0,9,-9,298
23227.5,9,-4,304
23230.0,9,-8,303
23232.5,11,-8,303
23235.0,11,-7,301
23237.5,11,-9,302
23240.0,11,-7,304
23242.5,10,-8,301
23245.0,9,-7,305
23247.5,9,-8,305
23250.0,9,-8,305
23252.5,9,-8,305
23255.0,9,-7,304
23257.5,7,-7,302
23260.0,8,-3,301
23262.5,10,-6,306
23265.0,4,-7,304
23267.5,9,-8,304
23270.0,11,-6,303
23272.5,8,-8,301
23275.0,11,-8,304
23277.5,9,-7,302
23280.0,9,-7,302
23282.5,10,-7,304
23285.0,9,-9,304
23287.5,9,-6,303
23290.0,10,-6,304
23292.5,9,-7,303
23295.0,10,-8,302
23297.5,10,-7,302
23300.0,10,-9,302
23302.5,10,-9,302
23305.0,9,-5,303
23307.5,11,-9,307
23310.0,12,-9,306
23312.5,10,-8,303
23315.0,10,-7,299
23317.5,10,-5,303
23320.0,11,-5,301
23322.5,8,-8,303
23325.0,7,-6,304
23327.5,9,-8,305
23330.0,11,-8,307
23332.5,12,-8,302
23335.0,12,-8,304
23337.5,9,-8,304
23340.0,9,-9,303
23342.5,10,-7,304
23345.0,9,-8,303
23347.5,9,-10,302
23350.0,10,-10,305
23352.5,10,-10,305
23355.0,11,-7,303
23357.5,11,-6,304
23360.0,10,-6,304
23362.5,8,-8,300
23365.0,9,-10,304
23367.5,11,-6,303
23370.0,11,-8,303
23372.5,10,-8,305
23375.0,13,-10,302
23377.5,8,-6,302
23380.0,11,-7,302
23382.5,11,-8,303
23385.0,8,-8,304
23387.5,9,-7,306
23390.0,10,-7,303
23392.5,10,-9,302
23395.0,11,-7,303
23397.5,10,-7,304
23400.0,10,-7,303
23402.5,10,-7,303
23405.0,9,-9,305
23407.5,10,-10,304
23410.0,8,-6,306
23412.5,11,-5,305
23415.0,12,-8,302
23417.5,13,-8,301
23420.0,11,-6,304
23422.5,9,-6,305
23425.0,10,-4,302
23427.5,11,-9,301
23430.0,11,-7,305
23432.5,10,-11,303
23435.0,9,-9,305
23437.5,10,-7,304
23440.0,11,-8,304
23442.5,9,-9,304
23445.0,8,-7,307
23447.5,11,-8,303
23450.0,9,-10,301
23452.5,9,-10,301
23455.0,9,-7,305
23457.5,10,-8,303
23460.0,9,-6,302
23462.5,11,-8,306
23465.0,12,-8,305
23467.5,12,-7,305
23470.0,10,-6,301
23472.5,10,-8,303
23475.0,12,-7,302
23477.5,8,-8,302
23480.0,9,-5,304
23482.5,11,-6,306
23485.0,10,-8,304
23487.5,10,-9,306
23490.0,11,-9,299
23492.5,10,-7,302
23495.0,7,-8,305
23497.5,9,-8,301
23500.0,9,-6,301
23502.5,9,-6,301
23505.0,13,-10,303
23507.5,13,-9,300
23510.0,10,-10,304
23512.5,11,-7,303
23515.0,10,-6,297
23517.5,10,-6,301
23520.0,9,-10,303
23522.5,9,-7,304
23525.0,8,-6,305
23527.5,9,-9,303
23530.0,10,-8,302
23532.5,10,-10,303
23535.0,10,-7,303
23537.5,9,-8,303
23540.0,8,-8,301
23542.5,8,-8,303
23545.0,12,-12,305
23547.5,10,-10,302
23550.0,10,-9,303
23552.5,10,-9,303
23555.0,10,-7,306
23557.5,10,-9,305
23560.0,9,-7,300
23562.5,10,-6,300
23565.0,8,-5,300
23567.5,9,-6,305
23570.0,8,-8,304
23572.5,10,-6,306
23575.0,11,-8,307
23577.5,11,-7,305
23580.0,10,-7,302
23582.5,10,-6,303
23585.0,11,-8,306
23587.5,8,-7,303
23590.0,10,-8,303
23592.5,8,-8,304
23595.0,10,-9,307
23597.5,12,-11,304
23600.0,12,-11,304
23602.5,9,-9,304
23605.0,10,-7,304
23607.5,11,-8,304
23610.0,11,-7,301
23612.5,10,-7,301
23615.0,8,-9,307
23617.5,9,-6,302
23620.0,10,-6,304
23622.5,12,-9,301
23625.0,10,-8,303
23627.5,10,-6,307
23630.0,10,-9,303
23632.5,10,-8,304
23635.0,12,-7,303
23637.5,9,-9,301
23640.0,10,-8,304
23642.5,11,-7,306
23645.0,9,-7,304
23647.5,7,-7,304
23650.0,7,-7,304
23652.5,6,-7,305
23655.0,9,-8,305
23657.5,8,-5,302
23660.0,10,-7,303
23662.5,10,-5,301
23665.0,9,-6,306
23667.5,8,-4,302
23670.0,11,-5,305
23672.5,9,-7,306
23675.0,9,-6,308
23677.5,11,-7,306
23680.0,9,-8,302
23682.5,8,-3,303
23685.0,11,-8,305
23687.5,9,-9,302
23690.0,10,-8,304
23692.5,9,-9,306
23695.0,8,-9,303
23697.5,11,-7,304
23700.0,11,-7,304
23702.5,8,-8,300
23705.0,11,-8,303
23707.5,11,-9,307
23710.0,9,-6,301
23712.5,7,-8,300
23715.0,8,-6,306
23717.5,12,-8,308
23720.0,10,-8,302
23722.5,10,-7,307
23725.0,9,-9,301
23727.5,11,-9,298
23730.0,9,-9,302
23732.5,9,-9,302
23735.0,9,-8,302
23737.5,7,-6,303
23740.0,9,-8,306
23742.5,11,-7,300
23745.0,8,-7,304
23747.5,10,-8,303
23750.0,10,-8,303
23752.5,12,-10,300
23755.0,11,-9,303
23757.5,10,-7,303
23760.0,7,-9,299
23762.5,10,-7,306
23765.0,12,-9,306
23767.5,10,-8,298
23770.0,9,-6,302
23772.5,10,-6,303
23775.0,8,-6,300
23777.5,10,-8,303
23780.0,11,-9,305
23782.5,10,-9,302
23785.0,10,-8,302
23787.5,10,-10,301
23790.0,11,-9,303
23792.5,10,-7,305
23795.0,7,-6,302
23797.5,10,-10,302
23800.0,10,-10,302
23802.5,12,-10,307
23805.0,13,-10,306
23807.5,11,-8,307
23810.0,10,-9,304
23812.5,9,-8,303
23815.0,10,-5,302
23817.5,10,-5,305
23820.0,8,-5,304
23822.5,9,-7,306
23825.0,11,-10,307
23827.5,11,-8,304
23830.0,10,-7,302
23832.5,10,-8,303
23835.0,11,-8,305
23837.5,8,-6,302
23840.0,10,-7,304
23842.5,10,-9,302
23845.0,10,-9,304
23847.5,8,-8,305
23850.0,8,-8,305
23852.5,11,-11,305
23855.0,10,-7,302
23857.5,11,-8,303
23860.0,9,-9,304
23862.5,9,-6,308
23865.0,11,-7,303
23867.5,11,-6,304
23870.0,11,-8,304
23872.5,9,-6,305
23875.0,12,-9,302
23877.5,10,-7,304
23880.0,9,-7,302
23882.5,10,-4,306
23885.0,9,-8,304
23887.5,11,-9,304
23890.0,10,-8,304
23892.5,9,-9,305
23895.0,9,-6,302
23897.5,9,-7,305
23900.0,9,-7,305
23902.5,7,-8,304
23905.0,12,-10,303
23907.5,9,-7,303
23910.0,12,-6,304
23912.5,8,-6,304
23915.0,11,-3,303
23917.5,9,-6,302
23920.0,10,-6,304
23922.5,8,-7,302
23925.0,9,-9,303
23927.5,11,-9,303
23930.0,10,-10,300
23932.5,12,-7,302
23935.0,10,-8,302
23937.5,11,-8,301
23940.0,10,-7,303
23942.5,9,-9,302
23945.0,10,-8,302
23947.5,10,-8,302
23950.0,9,-6,302
23952.5,9,-9,301
23955.0,10,-7,304
23957.5,12,-4,305
23960.0,12,-9,301
23962.5,8,-6,301
23965.0,11,-4,306
23967.5,10,-9,303
23970.0,11,-10,305
23972.5,11,-8,304
23975.0,11,-8,305
23977.5,9,-8,303
23980.0,11,-10,300
23982.5,10,-7,306
23985.0,9,-9,301
23987.5,10,-9,303
23990.0,10,-9,306
23992.5,11,-10,302
23995.0,11,-8,303
23997.5,11,-8,303
24000.0,9,-8,303
24002.5,9,-5,301
24005.0,8,-9,304
24007.5,11,-8,301
24010.0,11,-11,306
24012.5,10,-9,306
24015.0,8,-8,305
24017.5,12,-5,302
24020.0,11,-8,307
24022.5,9,-7,302
24025.0,11,-8,302
24027.5,12,-6,302
24030.0,9,-5,302
24032.5,9,-8,306
24035.0,10,-10,305
24037.5,10,-10,304
24040.0,9,-7,306
24042.5,10,-8,303
24045.0,11,-9,303
24047.5,11,-9,303
24050.0,13,-11,301
24052.5,9,-7,304
24055.0,9,-7,305
24057.5,12,-6,305
24060.0,12,-9,301
24062.5,11,-6,302
24065.0,14,-6,305
24067.5,9,-5,301
24070.0,9,-8,304
24072.5,10,-10,305
24075.0,11,-7,303
24077.5,9,-8,300
24080.0,10,-7,302
24082.5,11,-8,305
24085.0,10,-10,304
24087.5,10,-10,302
24090.0,11,-9,304
24092.5,9,-10,305
24095.0,10,-9,303
24097.5,10,-9,303
24100.0,10,-10,302
24102.5,10,-6,306
24105.0,8,-5,308
24107.5,9,-5,300
24110.0,9,-5,303
24112.5,7,-5,306
24115.0,9,-7,307
24117.5,10,-9,305
24120.0,8,-8,306
24122.5,12,-6,302
24125.0,9,-5,300
24127.5,10,-3,303
24130.0,8,-6,300
24132.5,10,-8,303
24135.0,11,-9,305
24137.5,9,-8,301
24140.0,9,-7,304
24142.5,11,-9,304
24145.0,9,-8,300
24147.5,9,-8,300
24150.0,12,-7,299
24152.5,9,-7,305
24155.0,9,-9,302
24157.5,12,-9,300
24160.0,9,-7,303
24162.5,12,-7,303
24165.0,11,-8,301
24167.5,10,-5,298
24170.0,12,-9,306
24172.5,9,-9,304
24175.0,8,-8,305
24177.5,9,-6,304
24180.0,9,-8,305
24182.5,12,-10,302
24185.0,9,-7,303
24187.5,11,-11,304
24190.0,10,-10,302
24192.5,9,-7,302
24195.0,9,-7,302
24197.5,9,-7,302
24200.0,11,-8,298
24202.5,11,-6,303
24205.0,8,-7,305
24207.5,9,-3,306
24210.0,12,-10,304
24212.5,10,-4,305
24215.0,12,-9,300
24217.5,10,-5,305
24220.0,9,-9,303
24222.5,9,-9,301
24225.0,10,-4,305
24227.5,8,-6,302
24230.0,10,-10,301
24232.5,10,-8,303
24235.0,10,-8,304
24237.5,10,-8,303
24240.0,11,-10,304
24242.5,11,-10,303
24245.0,11,-8,302
24247.5,11,-8,302
24250.0,7,-7,303
24252.5,7,-4,301
24255.0,9,-6,306
24257.5,14,-9,303
24260.0,9,-8,306
24262.5,13,-9,306
24265.0,12,-6,297
24267.5,11,-8,302
24270.0,12,-6,307
24272.5,9,-6,301
24275.0,7,-4,301
24277.5,9,-8,303
24280.0,12,-9,302
24282.5,8,-6,301
24285.0,8,-9,303
24287.5,10,-8,301
24290.0,11,-8,303
24292.5,9,-7,303
24295.0,11,-7,301
24297.5,11,-7,301
24300.0,8,-8,302
24302.5,11,-9,301
24305.0,11,-10,304
24307.5,10,-9,302
24310.0,8,-6,302
24312.5,10,-5,306
24315.0,13,-9,302
24317.5,8,-8,302
24320.0,10,-7,306
24322.5,9,-8,303
24325.0,10,-9,301
24327.5,11,-8,304
24330.0,10,-7,302
24332.5,9,-8,302
24335.0,8,-7,303
24337.5,10,-9,303
24340.0,8,-7,301
24342.5,8,-8,303
24345.0,9,-8,305
24347.5,9,-8,305
24350.0,10,-7,303
24352.5,11,-6,301
24355.0,12,-5,299
24357.5,9,-6,303
24360.0,9,-7,301
24362.5,10,-7,305
24365.0,10,-6,301
24367.5,11,-5,305
24370.0,9,-8,301
24372.5,9,-6,300
24375.0,11,-9,301
24377.5,8,-7,302
24380.0,11,-7,303
24382.5,12,-9,302
24385.0,11,-7,302
24387.5,12,-7,303
24390.0,9,-9,300
24392.5,9,-9,302
24395.0,9,-9,302
24397.5,9,-8,301
24400.0,10,-6,304
24402.5,12,-9,309
24405.0,13,-6,303
24407.5,9,-4,304
24410.0,12,-8,304
24412.5,11,-5,304
24415.0,7,-5,305
24417.5,12,-8,305
24420.0,10,-10,305
24422.5,10,-8,305
24425.0,10,-8,302
24427.5,9,-10,301
24430.0,12,-10,304
24432.5,9,-8,302
24435.0,12,-7,303
24437.5,11,-5,301
24440.0,9,-9,300
24442.5,9,-8,304
24445.0,9,-8,304
24447.5,11,-10,307
24450.0,11,-10,307
24452.5,9,-9,305
24455.0,8,-7,304
24457.5,10,-8,302
24460.0,9,-7,303
24462.5,10,-9,307
24465.0,10,-7,302
24467.5,13,-8,303
24470.0,13,-8,304
24472.5,11,-6,302
24475.0,11,-8,302
24477.5,10,-6,301
24480.0,10,-8,302
24482.5,11,-11,307
24485.0,10,-9,304
24487.5,10,-8,302
24490.0,8,-9,302
24492.5,12,-8,300
24495.0,12,-8,300
24497.5,11,-8,303
24500.0,9,-8,300
24502.5,12,-8,303
24505.0,12,-8,304
24507.5,11,-6,302
24510.0,12,-9,305
24512.5,9,-7,302
24515.0,12,-7,300
24517.5,12,-8,305
24520.0,10,-8,304
24522.5,11,-6,307
24525.0,10,-5,303
24527.5,10,-7,302
24530.0,9,-8,303
24532.5,10,-9,305
24535.0,10,-7,305
24537.5,8,-8,302
24540.0,9,-9,303
24542.5,10,-9,305
24545.0,10,-9,305
24547.5,9,-9,303
24550.0,10,-9,304
24552.5,9,-10,300
24555.0,9,-7,304
24557.5,10,-8,301
24560.0,12,-4,299
24562.5,11,-6,304
24565.0,7,-9,302
24567.5,10,-8,300
24570.0,10,-7,300
24572.5,10,-7,306
24575.0,9,-7,305
24577.5,8,-8,301
24580.0,9,-9,301
24582.5,11,-10,306
24585.0,10,-7,301
24587.5,12,-7,301
24590.0,10,-7,302
24592.5,8,-7,302
24595.0,8,-7,302
24597.5,9,-7,308
24600.0,9,-8,309
24602.5,8,-9,303
24605.0,10,-6,302
24607.5,8,-7,301
24610.0,11,-7,305
24612.5,14,-7,304
24615.0,11,-11,304
24617.5,11,-8,307
24620.0,10,-8,306
24622.5,11,-5,301
24625.0,10,-7,301
24627.5,8,-7,304
24630.0,8,-8,304
24632.5,10,-7,303
24635.0,9,-6,305
24637.5,10,-8,306
24640.0,10,-8,303
24642.5,8,-7,304
24645.0,8,-7,304
24647.5,8,-5,300
24650.0,10,-7,305
24652.5,9,-7,304
24655.0,9,-6,304
24657.5,11,-6,303
24660.0,10,-11,307
24662.5,13,-7,300
24665.0,9,-6,305
24667.5,9,-8,307
24670.0,10,-9,303
24672.5,8,-5,302
24675.0,11,-10,303
24677.5,10,-10,305
24680.0,12,-9,304
24682.5,9,-8,303
24685.0,10,-10,304
24687.5,10,-8,300
24690.0,9,-11,304
24692.5,9,-10,302
24695.0,9,-10,302
24697.5,10,-8,303
24700.0,13,-7,305
24702.5,10,-10,304
24705.0,10,-9,304
24707.5,10,-8,304
24710.0,9,-6,301
24712.5,8,-7,304
24715.0,11,-8,307
24717.5,9,-9,305
24720.0,8,-8,303
24722.5,11,-6,306
24725.0,10,-8,303
24727.5,11,-6,306
24730.0,10,-8,303
24732.5,9,-9,302
24735.0,8,-7,304
24737.5,10,-10,304
24740.0,9,-8,303
24742.5,10,-8,305
24745.0,10,-8,305
24747.5,11,-8,304
24750.0,9,-8,303
24752.5,9,-7,305
24755.0,9,-7,308
24757.5,12,-11,303
24760.0,9,-8,304
24762.5,11,-8,303
24765.0,11,-6,305
24767.5,11,-5,301
24770.0,10,-8,302
24772.5,8,-6,303
24775.0,11,-10,302
24777.5,9,-8,305
24780.0,9,-7,304
24782.5,9,-7,304
24785.0,10,-6,302
24787.5,9,-5,304
24790.0,9,-9,305
24792.5,9,-9,305
24795.0,10,-9,303
24797.5,12,-12,305
24800.0,11,-5,303
24802.5,12,-6,304
24805.0,11,-5,305
24807.5,10,-7,303
24810.0,6,-4,305
24812.5,8,-8,306
24815.0,10,-6,306
24817.5,9,-5,303
24820.0,11,-8,302
24822.5,10,-6,307
24825.0,8,-7,305
24827.5,8,-8,301
24830.0,11,-9,305
24832.5,10,-9,304
24835.0,9,-10,304
24837.5,11,-8,300
24840.0,9,-6,305
24842.5,9,-6,305
24845.0,10,-9,304
24847.5,11,-9,303
24850.0,11,-10,304
24852.5,11,-7,305
24855.0,11,-6,301
24857.5,11,-6,303
24860.0,8,-7,304
24862.5,8,-6,303
24865.0,9,-7,305
24867.5,13,-8,302
24870.0,11,-8,305
24872.5,10,-7,300
24875.0,9,-8,301
24877.5,10,-10,304
24880.0,8,-6,302
24882.5,8,-8,300
24885.0,10,-8,302
24887.5,10,-8,304
24890.0,9,-9,303
24892.5,9,-9,303
24895.0,9,-9,304
24897.5,9,-10,299
24900.0,10,-9,303
24902.5,8,-5,309
24905.0,11,-8,307
24907.5,10,-9,302
24910.0,11,-5,304
24912.5,11,-7,304
24915.0,10,-8,304
24917.5,8,-6,303
24920.0,8,-7,300
24922.5,9,-8,303
24925.0,9,-9,305
24927.5,11,-8,304
24930.0,9,-8,303
24932.5,10,-8,305
24935.0,12,-9,304
24937.5,9,-8,306
24940.0,9,-8,305
24942.5,9,-8,305
24945.0,9,-9,302
24947.5,11,-8,303
24950.0,12,-9,303
24952.5,10,-6,299
24955.0,8,-8,308
24957.5,12,-8,306
24960.0,12,-6,303
24962.5,11,-8,301
24965.0,10,-8,306
24967.5,10,-8,301
24970.0,11,-7,303
24972.5,11,-7,305
24975.0,9,-9,306
24977.5,10,-11,303
24980.0,11,-5,303
24982.5,12,-9,304
24985.0,11,-9,304
24987.5,10,-9,301
24990.0,9,-9,302
24992.5,9,-9,302
24995.0,9,-8,303
24997.5,10,-8,305
25000.0,9,-6,307
25002.5,11,-5,306
25005.0,8,-7,305
25007.5,8,-6,306
25010.0,11,-8,307
25012.5,9,-6,306
25015.0,10,-7,301
25017.5,9,-5,303
25020.0,10,-6,306
25022.5,9,-10,303
25025.0,10,-10,304
25027.5,9,-5,303
25030.0,10,-7,305
25032.5,10,-10,304
25035.0,10,-9,302
25037.5,8,-6,304
25040.0,10,-10,304
25042.5,10,-10,304
25045.0,8,-7,301
25047.5,9,-8,299
25050.0,11,-7,304
25052.5,8,-6,304
25055.0,8,-9,305
25057.5,10,-6,306
25060.0,10,-8,302
25062.5,12,-10,305
25065.0,12,-7,302
25067.5,11,-7,299
25070.0,8,-7,304
25072.5,10,-7,308
25075.0,10,-8,304
25077.5,10,-7,302
25080.0,10,-7,306
25082.5,10,-8,305
25085.0,10,-9,302
25087.5,9,-9,301
25090.0,8,-10,301
25092.5,8,-10,301
25095.0,10,-4,301
25097.5,11,-9,306
25100.0,12,-8,306
25102.5,9,-7,303
25105.0,10,-7,302
25107.5,10,-6,306
25110.0,9,-9,303
25112.5,11,-10,301
25115.0,8,-5,305
25117.5,14,-8,301
25120.0,11,-6,301
25122.5,11,-10,303
25125.0,8,-6,300
25127.5,11,-9,302
25130.0,9,-9,304
25132.5,11,-10,303
25135.0,9,-8,303
25137.5,8,-6,300
25140.0,8,-4,305
25142.5,8,-4,305
25145.0,11,-8,303
25147.5,10,-8,302
25150.0,9,-8,303
25152.5,11,-5,301
25155.0,8,-7,305
25157.5,11,-7,304
25160.0,10,-9,303
25162.5,7,-8,303
25165.0,13,-8,305
25167.5,10,-8,301
25170.0,10,-8,302
25172.5,8,-7,303
25175.0,8,-9,303
25177.5,12,-9,305
25180.0,10,-8,302
25182.5,10,-6,301
25185.0,10,-7,302
25187.5,9,-9,306
25190.0,9,-9,303
25192.5,9,-9,303
25195.0,10,-8,304
25197.5,11,-8,304
25200.0,10,-7,304
25202.5,6,-5,303
25205.0,14,-11,301
25207.5,13,-8,306
25210.0,9,-5,301
25212.5,9,-7,303
25215.0,10,-7,304
25217.5,13,-9,306
25220.0,11,-11,303
25222.5,7,-7,302
25225.0,8,-6,303
25227.5,9,-6,301
25230.0,11,-9,304
25232.5,10,-11,306
25235.0,9,-9,302
25237.5,8,-4,303
25240.0,11,-8,302
25242.5,11,-8,302
25245.0,9,-10,306
25247.5,8,-9,306
25250.0,11,-10,306
25252.5,12,-7,305
25255.0,10,-6,301
25257.5,11,-4,308
25260.0,9,-7,302
25262.5,8,-6,305
25265.0,9,-4,304
25267.5,11,-8,304
25270.0,11,-9,303
25272.5,9,-8,304
25275.0,9,-9,304
25277.5,11,-6,304
25280.0,9,-10,303
25282.5,9,-8,303
25285.0,10,-8,302
25287.5,11,-7,303
25290.0,9,-9,302
25292.5,9,-9,302
25295.0,10,-9,306
25297.5,10,-8,301
25300.0,11,-6,303
25302.5,13,-8,304
25305.0,10,-6,301
25307.5,8,-6,300
25310.0,9,-8,306
25312.5,10,-8,307
25315.0,8,-5,304
25317.5,11,-9,303
25320.0,11,-10,304
25322.5,7,-8,301
25325.0,8,-8,302
25327.5,10,-6,303
25330.0,12,-10,301
25332.5,11,-8,302
25335.0,10,-9,301
25337.5,12,-9,304
25340.0,7,-6,305
25342.5,7,-6,305
25345.0,10,-9,303
25347.5,10,-11,304
25350.0,9,-6,305
25352.5,10,-5,308
25355.0,9,-5,307
25357.5,10,-5,304
25360.0,10,-10,302
25362.5,9,-6,306
25365.0,10,-7,305
25367.5,10,-8,305
25370.0,12,-8,304
25372.5,9,-4,303
25375.0,10,-7,301
25377.5,12,-7,303
25380.0,11,-10,301
25382.5,8,-8,301
25385.0,11,-8,301
25387.5,11,-6,300
25390.0,9,-4,305
25392.5,9,-4,305
25395.0,8,-8,303
25397.5,12,-11,307
25400.0,11,-7,303
25402.5,10,-7,303
25405.0,8,-6,305
25407.5,11,-8,305
25410.0,10,-4,302
25412.5,11,-7,303
25415.0,7,-4,306
25417.5,11,-9,299
25420.0,11,-8,304
25422.5,10,-6,305
25425.0,10,-8,303
25427.5,8,-7,302
25430.0,12,-9,301
25432.5,9,-8,306
25435.0,9,-8,302
25437.5,6,-6,302
25440.0,6,-6,302
25442.5,8,-6,301
25445.0,12,-10,304
25447.5,11,-8,302
25450.0,11,-6,302
25452.5,13,-5,302
25455.0,9,-7,304
25457.5,11,-5,303
25460.0,8,-6,303
25462.5,10,-7,303
25465.0,10,-9,304
25467.5,12,-9,305
25470.0,12,-9,302
25472.5,9,-8,303
25475.0,10,-8,305
25477.5,10,-8,304
25480.0,9,-4,303
25482.5,11,-10,305
25485.0,9,-8,300
25487.5,9,-10,304
25490.0,9,-10,304
25492.5,10,-9,305
25495.0,11,-9,307
25497.5,10,-9,303
25500.0,11,-5,303
25502.5,11,-7,300
25505.0,9,-6,307
25507.5,10,-6,303
25510.0,9,-9,303
25512.5,11,-10,307
25515.0,10,-8,303
25517.5,8,-9,304
25520.0,11,-8,302
25522.5,9,-10,303
25525.0,11,-6,304
25527.5,11,-5,301
25530.0,10,-8,303
25532.5,12,-7,301
25535.0,12,-8,304
25537.5,10,-9,303
25540.0,10,-9,303
25542.5,9,-8,305
25545.0,8,-7,302
25547.5,10,-7,305
25550.0,10,-6,305
25552.5,8,-6,304
25555.0,9,-7,306
25557.5,10,-10,308
25560.0,8,-9,305
25562.5,13,-9,305
25565.0,12,-7,303
25567.5,9,-4,303
25570.0,10,-6,300
25572.5,9,-5,302
25575.0,11,-8,303
25577.5,11,-9,305
25580.0,10,-8,304
25582.5,9,-7,305
25585.0,9,-8,304
25587.5,10,-6,301
25590.0,10,-6,301
25592.5,10,-8,301
25595.0,9,-9,304
25597.5,9,-8,304
25600.0,9,-8,306
25602.5,11,-4,305
25605.0,12,-10,306
25607.5,10,-5,301
25610.0,9,-7,306
25612.5,11,-6,302
25615.0,7,-8,300
25617.5,8,-7,304
25620.0,9,-9,304
25622.5,9,-9,304
25625.0,10,-8,303
25627.5,12,-9,303
25630.0,10,-9,302
25632.5,9,-8,303
25635.0,10,-10,302
25637.5,10,-10,304
25640.0,10,-10,304
25642.5,11,-7,301
25645.0,12,-8,303
25647.5,11,-7,304
25650.0,11,-8,304
25652.5,9,-7,303
25655.0,10,-6,303
25657.5,12,-7,303
25660.0,9,-9,304
25662.5,11,-8,303
25665.0,9,-5,301
25667.5,11,-8,301
25670.0,9,-8,303
25672.5,10,-8,302
25675.0,11,-7,302
25677.5,12,-10,304
25680.0,9,-7,302
25682.5,10,-8,303
25685.0,9,-9,307
25687.5,10,-8,304
25690.0,10,-8,304
25692.5,8,-10,303
25695.0,8,-7,304
25697.5,10,-9,304
25700.0,9,-6,299
25702.5,9,-6,307
25705.0,11,-7,306
25707.5,12,-8,302
25710.0,12,-8,302
25712.5,11,-7,307
25715.0,11,-8,301
25717.5,9,-8,301
25720.0,10,-9,305
25722.5,10,-8,307
25725.0,10,-8,305
25727.5,10,-9,302
25730.0,11,-8,300
25732.5,9,-7,303
25735.0,11,-6,303
25737.5,10,-8,302
25740.0,10,-8,302
25742.5,10,-7,301
25745.0,12,-9,303
25747.5,11,-8,303
25750.0,10,-8,303
25752.5,10,-7,302
25755.0,10,-6,302
25757.5,11,-8,306
25760.0,10,-6,306
25762.5,11,-9,307
25765.0,11,-9,304
25767.5,10,-8,305
25770.0,11,-9,304
25772.5,11,-8,304
25775.0,10,-7,302
25777.5,9,-7,303
25780.0,9,-7,304
25782.5,10,-8,303
25785.0,11,-7,304
25787.5,10,-10,304
25790.0,10,-10,304
25792.5,7,-8,302
25795.0,11,-10,305
25797.5,11,-5,304
25800.0,9,-6,305
25802.5,14,-9,303
25805.0,12,-7,305
25807.5,9,-7,300
25810.0,10,-7,301
25812.5,11,-8,303
25815.0,10,-10,307
25817.5,11,-11,304
25820.0,9,-8,304
25822.5,9,-6,304
25825.0,8,-5,303
25827.5,9,-8,302
25830.0,9,-9,306
25832.5,11,-9,304
25835.0,8,-7,302
25837.5,8,-7,302
25840.0,10,-10,298
25842.5,8,-10,303
25845.0,11,-10,303
25847.5,11,-9,303
25850.0,11,-7,303
25852.5,14,-7,303
25855.0,13,-10,303
25857.5,9,-11,304
25860.0,10,-8,301
25862.5,9,-5,307
25865.0,10,-6,302
25867.5,10,-6,299
25870.0,10,-7,301
25872.5,8,-7,304
25875.0,9,-9,302
25877.5,9,-10,303
25880.0,9,-9,304
25882.5,10,-8,302
25885.0,9,-8,302
25887.5,9,-8,302
25890.0,9,-5,303
25892.5,11,-8,305
25895.0,9,-10,304
25897.5,11,-4,300
25900.0,10,-6,299
25902.5,10,-7,301
25905.0,9,-5,300
25907.5,9,-7,301
25910.0,10,-7,303
25912.5,8,-8,301
25915.0,13,-8,304
25917.5,12,-9,303
25920.0,9,-10,304
25922.5,10,-8,302
25925.0,10,-10,303
25927.5,10,-8,304
25930.0,8,-7,303
25932.5,11,-8,302
25935.0,9,-8,301
25937.5,9,-8,301
25940.0,7,-8,305
25942.5,10,-10,303
25945.0,11,-10,301
25947.5,10,-10,306
25950.0,9,-5,301
25952.5,11,-7,301
25955.0,10,-8,305
25957.5,8,-6,302
25960.0,6,-6,306
25962.5,10,-6,304
25965.0,10,-7,304
25967.5,10,-6,306
25970.0,8,-7,302
25972.5,10,-9,305
25975.0,9,-8,305
25977.5,9,-9,303
25980.0,10,-8,303
25982.5,9,-10,304
25985.0,10,-9,302
25987.5,10,-9,302
25990.0,9,-9,304
25992.5,12,-6,303
25995.0,9,-6,302
25997.5,10,-8,303
26000.0,8,-8,307
26002.5,10,-6,307
26005.0,11,-10,301
26007.5,11,-5,302
26010.0,11,-8,306
26012.5,12,-9,303
26015.0,11,-7,305
26017.5,11,-9,301
26020.0,9,-8,304
26022.5,10,-7,303
26025.0,11,-8,302
26027.5,9,-6,305
26030.0,9,-8,303
26032.5,8,-7,302
26035.0,10,-10,302
26037.5,10,-10,302
26040.0,11,-10,305
26042.5,10,-6,304
26045.0,9,-7,305
26047.5,12,-6,304
26050.0,8,-10,304
26052.5,8,-7,304
26055.0,10,-7,304
26057.5,12,-7,303
26060.0,10,-7,304
26062.5,9,-7,303
26065.0,8,-8,306
26067.5,10,-6,305
26070.0,9,-9,303
26072.5,8,-8,306
26075.0,10,-8,304
26077.5,8,-7,305
26080.0,9,-9,300
26082.5,9,-6,302
26085.0,9,-10,305
26087.5,9,-10,305
26090.0,9,-6,307
26092.5,10,-9,305
26095.0,10,-8,304
26097.5,10,-7,300
26100.0,10,-8,305
26102.5,12,-6,304
26105.0,11,-6,305
26107.5,13,-9,302
26110.0,11,-7,306
26112.5,9,-4,299
26115.0,9,-7,306
26117.5,11,-8,304
26120.0,10,-8,305
26122.5,11,-9,304
26125.0,9,-10,304
26127.5,10,-8,303
26130.0,9,-8,300
26132.5,9,-9,302
26135.0,10,-10,304
26137.5,10,-10,304
26140.0,10,-7,300
26142.5,9,-9,298
26145.0,10,-8,301
26147.5,10,-8,306
26150.0,9,-9,306
26152.5,11,-10,304
26155.0,7,-5,302
26157.5,11,-7,305
26160.0,12,-9,305
26162.5,8,-6,304
26165.0,10,-10,304
26167.5,10,-10,304
26170.0,9,-8,301
26172.5,8,-7,304
26175.0,10,-7,301
26177.5,10,-8,302
26180.0,9,-8,301
26182.5,10,-7,301
26185.0,11,-9,302
26187.5,11,-9,302
26190.0,11,-6,301
26192.5,11,-7,300
26195.0,12,-9,306
26197.5,7,-8,305
26200.0,10,-8,306
26202.5,12,-5,306
26205.0,11,-8,301
26207.5,11,-9,302
26210.0,12,-8,303
26212.5,9,-6,304
26215.0,13,-8,303
26217.5,10,-7,305
26220.0,11,-9,304
26222.5,11,-9,303
26225.0,9,-9,301
26227.5,9,-9,302
26230.0,10,-9,304
26232.5,10,-10,303
26235.0,11,-8,303
26237.5,11,-8,303
26240.0,10,-10,303
26242.5,11,-7,301
26245.0,9,-7,303
26247.5,11,-8,305
26250.0,12,-9,305
26252.5,10,-5,306
26255.0,8,-6,305
26257.5,12,-7,304
26260.0,10,-7,303
26262.5,10,-8,303
26265.0,10,-7,305
26267.5,9,-6,303
26270.0,10,-7,305
26272.5,8,-8,302
26275.0,9,-7,299
26277.5,11,-10,300
26280.0,7,-6,303
26282.5,10,-10,306
26285.0,12,-9,306
26287.5,12,-9,306
26290.0,10,-12,303
26292.5,10,-7,305
26295.0,12,-6,306
26297.5,10,-9,302
26300.0,10,-9,304
26302.5,12,-6,307
26305.0,11,-5,302
26307.5,9,-6,307
26310.0,9,-6,306
26312.5,9,-8,302
26315.0,11,-9,304
26317.5,10,-9,304
26320.0,12,-8,308
26322.5,11,-8,304
26325.0,9,-7,302
26327.5,10,-7,304
26330.0,7,-7,306
26332.5,11,-10,302
26335.0,10,-6,304
26337.5,10,-6,304
26340.0,9,-8,300
26342.5,9,-8,303
26345.0,10,-7,302
26347.5,10,-6,307
26350.0,11,-8,305
26352.5,8,-8,304
26355.0,9,-7,303
26357.5,11,-7,305
26360.0,10,-9,304
26362.5,9,-6,300
26365.0,9,-6,304
26367.5,8,-7,305
26370.0,10,-9,303
26372.5,9,-7,302
26375.0,11,-9,302
26377.5,12,-9,301
26380.0,10,-7,303
26382.5,8,-7,302
26385.0,10,-9,303
26387.5,10,-9,303
26390.0,9,-8,307
26392.5,12,-7,304
26395.0,10,-6,303
26397.5,10,-6,306
26400.0,9,-5,304
26402.5,9,-10,304
26405.0,10,-9,303
26407.5,10,-6,304
26410.0,9,-6,302
26412.5,10,-7,302
26415.0,8,-8,304
26417.5,10,-10,303
26420.0,9,-9,303
26422.5,8,-8,305
26425.0,9,-8,303
26427.5,11,-6,303
26430.0,9,-9,303
26432.5,10,-10,301
26435.0,10,-10,301
26437.5,9,-8,303
26440.0,9,-8,302
26442.5,9,-6,303
26445.0,13,-9,304
26447.5,8,-7,302
26450.0,7,-8,305
26452.5,10,-6,301
26455.0,10,-5,302
26457.5,10,-7,306
26460.0,10,-9,301
26462.5,8,-7,302
26465.0,9,-7,304
26467.5,9,-9,303
26470.0,11,-8,305
26472.5,9,-8,301
26475.0,11,-8,302
26477.5,12,-10,303
26480.0,10,-8,303
26482.5,11,-9,306
26485.0,11,-9,306
26487.5,9,-8,305
26490.0,9,-7,300
26492.5,9,-9,305
26495.0,10,-9,305
26497.5,14,-8,306
26500.0,9,-8,305
26502.5,11,-8,304
26505.0,9,-4,302
26507.5,11,-8,301
26510.0,9,-7,302
26512.5,8,-9,304
26515.0,9,-8,303
26517.5,10,-7,305
26520.0,10,-7,304
26522.5,12,-8,302
26525.0,9,-9,300
26527.5,11,-10,301
26530.0,10,-4,303
26532.5,10,-8,303
26535.0,10,-8,303
26537.5,9,-8,308
26540.0,9,-6,304
26542.5,9,-6,304
26545.0,11,-6,303
26547.5,10,-9,301
26550.0,9,-7,305
26552.5,13,-8,302
26555.0,7,-5,303
26557.5,11,-6,305
26560.0,10,-8,304
26562.5,12,-8,303
26565.0,10,-7,303
26567.5,11,-9,301
26570.0,8,-6,302
26572.5,10,-8,304
26575.0,10,-8,301
26577.5,9,-8,305
26580.0,9,-6,304
26582.5,10,-7,301
26585.0,10,-7,301
26587.5,11,-6,300
26590.0,9,-9,304
26592.5,8,-5,303
26595.0,9,-4,302
26597.5,9,-7,305
26600.0,11,-6,306
26602.5,12,-9,302
26605.0,7,-5,303
26607.5,10,-6,302
26610.0,11,-9,303
26612.5,11,-9,305
26615.0,9,-7,304
26617.5,10,-6,303
26620.0,12,-10,301
26622.5,11,-9,303
26625.0,10,-10,305
26627.5,11,-10,305
26630.0,9,-12,307
26632.5,10,-8,304
26635.0,10,-8,304
26637.5,9,-8,305
26640.0,11,-8,301
26642.5,12,-7,300
26645.0,11,-7,305
26647.5,9,-8,306
26650.0,9,-6,305
26652.5,9,-7,301
26655.0,11,-8,305
26657.5,11,-11,307
26660.0,9,-5,301
26662.5,10,-8,305
26665.0,8,-7,307
26667.5,8,-8,304
26670.0,7,-8,304
26672.5,9,-7,305
26675.0,10,-8,301
26677.5,10,-7,302
26680.0,8,-7,301
26682.5,7,-8,299
26685.0,7,-8,299
26687.5,8,-9,305
26690.0,10,-7,304
26692.5,10,-9,301
26695.0,10,-6,305
26697.5,10,-7,305
26700.0,10,-5,304
26702.5,9,-7,302
26705.0,8,-8,301
26707.5,12,-8,306
26710.0,12,-5,303
26712.5,12,-8,304
26715.0,8,-4,303
26717.5,11,-8,305
26720.0,9,-9,305
26722.5,12,-8,302
26725.0,8,-7,301
26727.5,7,-7,303
26730.0,9,-8,303
26732.5,10,-7,302
26735.0,10,-7,302
26737.5,9,-7,305
26740.0,10,-8,301
26742.5,11,-9,301
26745.0,8,-5,301
26747.5,10,-9,301
26750.0,10,-6,307
26752.5,8,-7,306
26755.0,10,-7,301
26757.5,10,-6,303
26760.0,10,-9,302
26762.5,10,-7,301
26765.0,11,-7,304
26767.5,11,-7,303
26770.0,8,-6,303
26772.5,9,-8,300
26775.0,10,-6,303
26777.5,10,-8,304
26780.0,8,-9,303
26782.5,11,-10,301
26785.0,11,-10,301
26787.5,11,-9,302
26790.0,12,-7,302
26792.5,11,-8,302
26795.0,12,-7,305
26797.5,8,-6,303
26800.0,9,-8,306
26802.5,11,-6,307
26805.0,11,-9,303
26807.5,12,-7,303
26810.0,10,-9,304
26812.5,11,-8,303
26815.0,8,-8,304
26817.5,12,-9,304
26820.0,10,-10,302
26822.5,11,-10,304
26825.0,10,-7,300
26827.5,8,-8,305
26830.0,8,-6,305
26832.5,9,-8,303
26835.0,9,-8,303
26837.5,10,-8,304
26840.0,11,-9,307
26842.5,10,-6,303
26845.0,8,-5,305
26847.5,10,-6,304
26850.0,9,-5,300
26852.5,10,-7,300
26855.0,9,-7,305
26857.5,9,-8,305
26860.0,11,-9,301
26862.5,11,-8,303
26865.0,11,-8,304
26867.5,8,-7,302
26870.0,9,-8,305
26872.5,9,-6,304
26875.0,11,-8,299
26877.5,9,-7,301
26880.0,10,-8,302
26882.5,11,-9,301
26885.0,11,-9,301
26887.5,11,-9,306
26890.0,8,-10,308
26892.5,10,-8,308
26895.0,12,-7,304
26897.5,10,-6,301
26900.0,8,-5,301
26902.5,10,-10,303
26905.0,10,-9,305
26907.5,11,-8,304
26910.0,11,-10,303
26912.5,12,-7,305
26915.0,10,-6,307
26917.5,10,-7,304
26920.0,9,-8,302
26922.5,10,-9,302
26925.0,9,-9,303
26927.5,10,-9,306
26930.0,9,-6,302
26932.5,8,-6,304
26935.0,8,-6,304
26937.5,9,-7,303
26940.0,10,-7,306
26942.5,9,-6,302
26945.0,10,-8,302
26947.5,12,-7,300
26950.0,10,-9,305
26952.5,11,-8,305
26955.0,11,-9,304
26957.5,10,-8,304
26960.0,12,-11,303
26962.5,8,-9,305
26965.0,10,-7,303
26967.5,11,-7,306
26970.0,11,-10,304
26972.5,10,-8,303
26975.0,10,-7,304
26977.5,11,-8,304
26980.0,8,-7,303
26982.5,8,-8,303
26985.0,8,-8,303
26987.5,10,-7,301
26990.0,10,-8,304
26992.5,10,-9,303
26995.0,10,-6,299
26997.5,8,-8,303
27000.0,12,-10,304
27002.5,10,-10,308
27005.0,8,-8,306
27007.5,10,-7,306
27010.0,10,-5,301
27012.5,10,-10,303
27015.0,7,-6,300
27017.5,8,-7,303
27020.0,9,-9,304
27022.5,10,-10,303
27025.0,10,-8,304
27027.5,11,-7,302
27030.0,9,-8,301
27032.5,10,-8,302
27035.0,10,-8,302
27037.5,13,-9,303
27040.0,10,-8,303
27042.5,11,-6,302
27045.0,10,-6,304
27047.5,11,-7,305
27050.0,9,-7,301
27052.5,11,-8,303
27055.0,10,-7,302
27057.5,11,-6,303
27060.0,9,-7,303
27062.5,8,-8,304
27065.0,9,-9,303
27067.5,8,-7,303
27070.0,11,-9,304
27072.5,9,-9,301
27075.0,9,-9,302
27077.5,9,-9,301
27080.0,10,-8,303
27082.5,10,-8,303
27085.0,11,-9,303
27087.5,11,-9,304
27090.0,10,-5,303
27092.5,11,-6,304
27095.0,10,-9,303
27097.5,10,-8,302
27100.0,7,-6,302
27102.5,9,-7,303
27105.0,12,-8,303
27107.5,11,-5,302
27110.0,10,-6,302
27112.5,12,-8,305
27115.0,9,-6,300
27117.5,9,-8,304
27120.0,9,-8,303
27122.5,12,-10,302
27125.0,11,-9,303
27127.5,9,-9,305
27130.0,11,-10,305
27132.5,11,-10,305
27135.0,10,-7,302
27137.5,12,-8,303
27140.0,11,-10,304
27142.5,9,-9,307
27145.0,11,-7,308
27147.5,10,-8,305
27150.0,10,-6,305
27152.5,8,-9,305
27155.0,11,-6,305
27157.5,11,-9,306
27160.0,10,-9,303
27162.5,10,-8,305
27165.0,9,-5,300
27167.5,10,-6,303
27170.0,8,-7,305
27172.5,10,-9,303
27175.0,10,-8,305
27177.5,10,-9,302
27180.0,8,-6,301
27182.5,8,-6,301
27185.0,10,-8,304
27187.5,10,-7,299
27190.0,8,-8,303
27192.5,11,-7,302
27195.0,10,-5,300
27197.5,11,-6,302
27200.0,9,-7,305
27202.5,8,-6,305
27205.0,10,-7,305
27207.5,10,-8,303
27210.0,10,-9,305
27212.5,10,-9,304
27215.0,10,-8,304
27217.5,11,-9,303
27220.0,7,-8,305
27222.5,9,-8,302
27225.0,10,-7,301
27227.5,11,-9,300
27230.0,10,-7,300
27232.5,10,-7,300
27235.0,10,-7,303
27237.5,8,-4,306
27240.0,10,-9,304
27242.5,12,-11,306
27245.0,8,-4,299
27247.5,9,-5,302
27250.0,11,-6,302
27252.5,10,-10,304
27255.0,11,-7,302
27257.5,11,-10,304
27260.0,8,-9,301
27262.5,7,-7,304
27265.0,8,-6,301
27267.5,10,-9,305
27270.0,9,-8,302
27272.5,10,-8,301
27275.0,11,-8,302
27277.5,12,-9,302
27280.0,10,-9,302
27282.5,10,-9,302
27285.0,9,-7,301
27287.5,8,-5,302
27290.0,9,-8,301
27292.5,12,-9,303
27295.0,9,-8,301
27297.5,9,-8,304
27300.0,11,-7,304
27302.5,11,-8,301
27305.0,8,-5,302
27307.5,9,-7,304
27310.0,9,-10,304
27312.5,9,-8,304
27315.0,9,-8,302
27317.5,9,-9,304
27320.0,10,-7,305
27322.5,9,-9,303
27325.0,10,-6,303
27327.5,9,-7,304
27330.0,9,-9,303
27332.5,9,-9,303
27335.0,9,-10,304
27337.5,12,-9,303
27340.0,10,-8,302
27342.5,11,-5,300
27345.0,9,-6,303
27347.5,7,-5,305
27350.0,11,-6,305
27352.5,9,-9,306
27355.0,10,-8,306
27357.5,10,-6,306
27360.0,11,-8,302
27362.5,10,-6,301
27365.0,9,-8,301
27367.5,8,-8,303
27370.0,9,-7,305
27372.5,9,-7,304
27375.0,9,-8,302
27377.5,10,-11,301
27380.0,11,-8,305
27382.5,11,-8,305
27385.0,9,-7,303
27387.5,9,-7,307
27390.0,8,-7,303
27392.5,8,-8,306
27395.0,10,-7,301
27397.5,12,-9,303
27400.0,8,-8,300
27402.5,8,-7,304
27405.0,10,-6,303
27407.5,8,-9,304
27410.0,9,-9,302
27412.5,11,-9,305
27415.0,8,-6,303
27417.5,10,-9,305
27420.0,11,-10,302
27422.5,11,-6,300
27425.0,9,-7,304
27427.5,8,-8,302
27430.0,10,-8,303
27432.5,10,-8,303
27435.0,10,-7,304
27437.5,9,-11,300
27440.0,10,-6,304
27442.5,11,-6,304
27445.0,8,-4,303
27447.5,10,-7,299
27450.0,13,-10,306
27452.5,9,-9,306
27455.0,9,-6,303
27457.5,12,-10,302
27460.0,11,-4,306
27462.5,10,-8,301
27465.0,9,-7,304
27467.5,10,-8,301
27470.0,12,-10,301
27472.5,9,-9,304
27475.0,10,-9,304
27477.5,10,-11,301
27480.0,9,-9,302
27482.5,9,-9,302
27485.0,11,-8,305
27487.5,8,-10,306
27490.0,7,-6,305
27492.5,8,-7,306
27495.0,9,-7,302
27497.5,12,-7,302
27500.0,11,-8,300
27502.5,9,-7,304
27505.0,10,-8,304
27507.5,8,-8,305
27510.0,11,-9,305
27512.5,11,-8,304
27515.0,10,-8,305
27517.5,11,-10,303
27520.0,11,-10,303
27522.5,10,-8,306
27525.0,10,-8,305
27527.5,10,-10,303
27530.0,9,-7,301
27532.5,9,-7,301
27535.0,11,-9,303
27537.5,9,-9,304
27540.0,10,-8,305
27542.5,11,-10,302
27545.0,10,-5,304
27547.5,9,-4,301
27550.0,9,-6,304
27552.5,11,-6,306
27555.0,10,-6,301
27557.5,8,-5,301
27560.0,12,-9,302
27562.5,11,-8,302
27565.0,8,-9,306
27567.5,11,-9,303
27570.0,9,-8,301
27572.5,11,-9,300
27575.0,10,-6,303
27577.5,9,-10,305
27580.0,9,-7,303
27582.5,9,-7,303
27585.0,9,-8,304
27587.5,9,-8,306
27590.0,10,-8,303
27592.5,12,-6,305
27595.0,9,-5,304
27597.5,11,-6,304
27600.0,9,-10,306
27602.5,10,-8,305
27605.0,10,-7,305
27607.5,9,-8,305
27610.0,9,-6,306
27612.5,11,-8,303
27615.0,8,-6,304
27617.5,12,-11,304
27620.0,10,-7,305
27622.5,9,-8,305
27625.0,10,-9,306
27627.5,10,-9,302
27630.0,9,-10,305
27632.5,9,-10,305
27635.0,7,-8,306
27637.5,8,-6,304
27640.0,11,-8,305
27642.5,11,-8,304
27645.0,10,-6,303
27647.5,11,-10,303
27650.0,10,-9,307
27652.5,11,-7,305
27655.0,10,-7,304
27657.5,10,-8,303
27660.0,11,-7,304
27662.5,9,-11,300
27665.0,10,-9,299
27667.5,8,-8,302
27670.0,9,-8,305
27672.5,9,-7,300
27675.0,10,-7,303
27677.5,11,-10,304
27680.0,11,-10,304
27682.5,8,-6,303
27685.0,9,-9,304
27687.5,10,-5,302
27690.0,12,-7,305
27692.5,10,-8,303
27695.0,7,-6,304
27697.5,9,-9,304
27700.0,11,-8,306
27702.5,10,-5,304
27705.0,12,-6,304
27707.5,11,-10,302
27710.0,10,-8,304
27712.5,8,-9,301
27715.0,11,-9,305
27717.5,11,-8,303
27720.0,11,-10,305
27722.5,9,-7,303
27725.0,9,-7,304
27727.5,10,-8,307
27730.0,10,-8,307
27732.5,9,-9,304
27735.0,10,-6,303
27737.5,11,-8,306
27740.0,13,-7,303
27742.5,10,-7,305
27745.0,10,-7,301
27747.5,10,-5,301
27750.0,10,-8,305
27752.5,11,-7,305
27755.0,8,-7,304
27757.5,13,-10,305
27760.0,12,-9,303
27762.5,8,-6,303
27765.0,11,-9,300
27767.5,10,-7,304
27770.0,11,-9,302
27772.5,11,-7,308
27775.0,10,-5,301
27777.5,10,-7,301
27780.0,10,-7,301
27782.5,8,-5,303
27785.0,8,-9,304
27787.5,11,-11,306
27790.0,12,-6,305
27792.5,10,-8,304
27795.0,10,-5,307
27797.5,10,-7,304
27800.0,8,-6,303
27802.5,8,-8,305
27805.0,9,-7,304
27807.5,13,-8,303
27810.0,9,-9,302
27812.5,11,-6,301
27815.0,10,-9,304
27817.5,8,-8,303
27820.0,10,-8,303
27822.5,9,-9,305
27825.0,9,-6,303
27827.5,9,-8,303
27830.0,9,-8,303
27832.5,10,-7,303
27835.0,10,-7,301
27837.5,9,-6,304
27840.0,13,-8,305
27842.5,11,-7,302
27845.0,10,-6,301
27847.5,10,-7,299
27850.0,11,-7,303
27852.5,10,-9,301
27855.0,10,-10,307
27857.5,11,-9,306
27860.0,8,-6,303
27862.5,10,-7,300
27865.0,10,-8,304
27867.5,10,-9,302
27870.0,10,-8,302
27872.5,9,-7,303
27875.0,7,-6,303
27877.5,8,-6,301
27880.0,8,-6,301
27882.5,9,-7,301
27885.0,9,-7,300
27887.5,10,-6,299
27890.0,10,-7,307
27892.5,9,-9,305
27895.0,11,-4,305
27897.5,8,-7,305
27900.0,13,-10,300
27902.5,11,-7,300
27905.0,8,-6,305
27907.5,9,-10,305
27910.0,8,-7,302
27912.5,10,-6,301
27915.0,9,-5,302
27917.5,8,-7,302
27920.0,9,-9,301
27922.5,9,-9,304
27925.0,7,-8,304
27927.5,11,-8,305
27930.0,11,-8,305
27932.5,10,-8,306
27935.0,9,-8,304
27937.5,11,-10,306
27940.0,11,-9,306
27942.5,9,-9,301
27945.0,11,-6,303
27947.5,9,-8,305
27950.0,8,-8,305
27952.5,10,-9,305
27955.0,10,-8,299
27957.5,12,-6,307
27960.0,10,-8,300
27962.5,9,-7,305
27965.0,8,-9,303
27967.5,8,-8,302
27970.0,9,-6,301
27972.5,8,-7,304
27975.0,9,-8,304
27977.5,11,-7,303
27980.0,11,-7,303
27982.5,9,-5,306
27985.0,10,-8,303
27987.5,9,-6,305
27990.0,10,-7,302
27992.5,11,-7,306
27995.0,13,-7,306
27997.5,12,-8,301
28000.0,10,-8,301
28002.5,11,-5,304
28005.0,8,-7,300
28007.5,9,-5,305
28010.0,10,-8,303
28012.5,10,-10,302
28015.0,10,-10,300
28017.5,11,-9,303
28020.0,9,-9,307
28022.5,10,-8,303
28025.0,10,-10,302
28027.5,9,-8,300
28030.0,9,-8,300
28032.5,9,-9,303
28035.0,9,-8,300
28037.5,11,-7,306
28040.0,10,-8,305
28042.5,11,-9,303
28045.0,9,-5,307
28047.5,10,-8,310
28050.0,10,-7,307
28052.5,10,-8,302
28055.0,11,-8,300
28057.5,10,-7,303
28060.0,9,-9,302
28062.5,9,-7,304
28065.0,8,-7,307
28067.5,9,-8,303
28070.0,10,-7,306
28072.5,9,-4,304
28075.0,10,-9,303
28077.5,10,-9,302
28080.0,10,-9,302
28082.5,9,-4,300
28085.0,11,-5,301
28087.5,10,-6,305
28090.0,11,-6,304
28092.5,12,-8,302
28095.0,12,-10,304
28097.5,9,-4,305
28100.0,9,-5,306
28102.5,10,-8,305
28105.0,10,-9,302
28107.5,12,-7,304
28110.0,10,-8,303
28112.5,11,-10,303
28115.0,11,-8,303
28117.5,10,-9,305
28120.0,11,-8,303
28122.5,10,-10,301
28125.0,9,-5,303
28127.5,9,-9,304
28130.0,9,-9,304
28132.5,10,-9,303
28135.0,8,-10,304
28137.5,10,-10,303
28140.0,10,-7,303
28142.5,11,-9,303
28145.0,11,-8,302
28147.5,8,-5,302
28150.0,8,-5,305
28152.5,10,-10,304
28155.0,10,-7,304
28157.5,9,-4,305
28160.0,12,-6,303
28162.5,11,-7,304
28165.0,11,-9,303
28167.5,11,-8,302
28170.0,10,-8,303
28172.5,11,-9,304
28175.0,9,-7,305
28177.5,11,-8,303
28180.0,11,-8,303
28182.5,7,-5,302
28185.0,9,-9,303
28187.5,9,-5,304
28190.0,8,-8,302
28192.5,10,-7,303
28195.0,11,-10,307
28197.5,9,-4,302
28200.0,11,-7,301
28202.5,12,-8,303
28205.0,8,-8,303
28207.5,9,-8,305
28210.0,9,-8,306
28212.5,12,-7,303
28215.0,10,-8,301
28217.5,8,-8,301
28220.0,10,-6,304
28222.5,10,-7,303
28225.0,8,-12,304
28227.5,8,-12,304
28230.0,11,-12,304
28232.5,13,-8,307
28235.0,12,-9,305
28237.5,13,-7,303
28240.0,8,-5,303
28242.5,10,-7,304
28245.0,11,-6,300
28247.5,10,-8,307
28250.0,12,-7,304
28252.5,12,-8,301
28255.0,10,-8,303
28257.5,9,-7,303
28260.0,8,-7,306
28262.5,10,-5,307
28265.0,8,-8,303
28267.5,9,-9,306
28270.0,9,-9,305
28272.5,11,-9,302
28275.0,11,-10,302
28277.5,11,-10,302
28280.0,10,-9,304
28282.5,7,-6,305
28285.0,11,-7,301
28287.5,12,-11,306
28290.0,11,-4,297
28292.5,8,-8,301
28295.0,8,-4,308
28297.5,9,-9,303
28300.0,10,-6,306
28302.5,10,-10,308
28305.0,10,-8,305
28307.5,10,-4,304
28310.0,8,-8,304
28312.5,10,-6,304
28315.0,10,-8,304
28317.5,11,-7,304
28320.0,10,-8,304
28322.5,9,-6,300
28325.0,10,-9,301
28327.5,10,-9,301
28330.0,10,-7,307
28332.5,9,-7,304
28335.0,10,-7,305
28337.5,10,-6,306
28340.0,11,-7,303
28342.5,12,-8,307
28345.0,13,-7,303
28347.5,12,-7,304
28350.0,11,-7,301
28352.5,12,-9,302
28355.0,11,-9,306
28357.5,9,-4,302
28360.0,10,-6,301
28362.5,10,-7,301
28365.0,10,-8,301
28367.5,10,-7,304
28370.0,9,-4,303
28372.5,10,-7,302
28375.0,9,-6,303
28377.5,9,-6,303
28380.0,9,-5,304
28382.5,7,-5,302
28385.0,11,-8,302
28387.5,8,-8,302
28390.0,11,-4,300
28392.5,11,-7,302
28395.0,10,-8,300
28397.5,9,-5,299
28400.0,10,-5,302
28402.5,11,-11,304
28405.0,9,-8,305
28407.5,10,-8,302
28410.0,10,-10,301
28412.5,12,-8,302
28415.0,12,-9,302
28417.5,10,-9,304
28420.0,9,-9,302
28422.5,10,-8,302
28425.0,9,-8,302
28427.5,9,-8,302
28430.0,8,-5,308
28432.5,7,-6,301
28435.0,10,-11,299
28437.5,12,-8,306
28440.0,11,-7,300
28442.5,10,-5,302
28445.0,10,-6,306
28447.5,11,-8,303
28450.0,9,-6,303
28452.5,9,-8,307
28455.0,11,-8,303
28457.5,10,-7,304
28460.0,7,-6,301
28462.5,9,-8,301
28465.0,11,-10,300
28467.5,9,-8,304
28470.0,9,-7,303
28472.5,10,-9,300
28475.0,8,-8,303
28477.5,8,-8,303
28480.0,12,-8,304
28482.5,9,-7,306
28485.0,11,-8,306
28487.5,10,-8,308
28490.0,10,-7,303
28492.5,11,-4,299
28495.0,9,-6,303
28497.5,8,-6,308
28500.0,9,-8,307
28502.5,10,-5,304
28505.0,11,-9,302
28507.5,11,-7,302
28510.0,8,-6,303
28512.5,9,-8,303
28515.0,8,-8,302
28517.5,8,-9,304
28520.0,10,-8,301
28522.5,9,-9,301
28525.0,11,-8,304
28527.5,11,-8,304
28530.0,9,-7,302
28532.5,8,-6,303
28535.0,9,-5,304
28537.5,10,-9,305
28540.0,11,-8,304
28542.5,12,-7,305
28545.0,11,-9,303
28547.5,9,-8,304
28550.0,10,-6,302
28552.5,11,-8,302
28555.0,10,-7,302
28557.5,10,-8,300
28560.0,10,-9,306
28562.5,10,-8,303
28565.0,10,-9,300
28567.5,11,-9,304
28570.0,9,-9,304
28572.5,10,-8,304
28575.0,8,-9,304
28577.5,8,-9,304
28580.0,9,-7,304
28582.5,10,-6,305
28585.0,10,-7,308
28587.5,9,-4,301
28590.0,9,-6,302
28592.5,7,-6,304
28595.0,11,-9,310
28597.5,11,-7,306
28600.0,10,-7,305
28602.5,10,-8,304
28605.0,10,-8,302
28607.5,9,-6,304
28610.0,8,-8,306
28612.5,10,-8,303
28615.0,9,-8,305
28617.5,10,-7,303
28620.0,11,-9,302
28622.5,9,-7,299
28625.0,9,-6,301
28627.5,9,-6,301
28630.0,12,-10,303
28632.5,12,-7,305
28635.0,11,-7,308
28637.5,11,-9,302
28640.0,9,-9,304
28642.5,9,-7,302
28645.0,10,-8,304
28647.5,10,-8,305
28650.0,9,-7,306
28652.5,10,-9,302
28655.0,11,-7,304
28657.5,10,-9,303
28660.0,10,-7,303
28662.5,11,-9,305
28665.0,11,-9,303
28667.5,11,-8,305
28670.0,10,-8,302
28672.5,11,-6,302
28675.0,9,-8,304
28677.5,9,-8,304
28680.0,7,-8,306
28682.5,11,-7,302
28685.0,10,-6,302
28687.5,10,-9,299
28690.0,7,-5,301
28692.5,9,-4,303
28695.0,11,-11,306
28697.5,10,-9,303
28700.0,10,-8,302
28702.5,12,-9,301
28705.0,11,-10,304
28707.5,10,-8,306
28710.0,10,-7,302
28712.5,10,-9,304
28715.0,13,-10,304
28717.5,11,-9,305
28720.0,10,-7,304
28722.5,11,-8,303
28725.0,11,-11,300
28727.5,11,-11,300
28730.0,11,-11,301
28732.5,10,-8,301
28735.0,10,-4,306
28737.5,11,-8,302
28740.0,10,-5,302
28742.5,10,-8,301
28745.0,11,-10,305
28747.5,10,-7,306
28750.0,7,-7,303
28752.5,9,-6,303
28755.0,11,-5,307
28757.5,9,-8,301
28760.0,9,-8,302
28762.5,10,-7,303
28765.0,9,-9,301
28767.5,8,-8,307
28770.0,10,-7,304
28772.5,11,-8,301
28775.0,11,-8,301
28777.5,8,-6,301
28780.0,10,-11,303
28782.5,9,-10,304
28785.0,10,-8,303
28787.5,10,-8,300
28790.0,9,-9,304
28792.5,10,-9,303
28795.0,9,-3,302
28797.5,10,-5,305
28800.0,11,-8,307
28802.5,9,-8,307
28805.0,11,-8,306
28807.5,8,-7,301
28810.0,10,-7,304
28812.5,9,-6,302
28815.0,11,-9,303
28817.5,12,-9,303
28820.0,11,-11,303
28822.5,10,-9,305
28825.0,10,-9,305
28827.5,8,-7,306
28830.0,11,-11,304
28832.5,10,-7,304
28835.0,11,-9,304
28837.5,11,-10,303
28840.0,9,-8,305
28842.5,9,-11,304
28845.0,12,-10,310
28847.5,13,-9,306
28850.0,9,-8,302
28852.5,8,-6,302
28855.0,12,-10,302
28857.5,9,-10,301
28860.0,11,-9,303
28862.5,11,-9,303
28865.0,9,-8,302
28867.5,12,-8,303
28870.0,10,-9,304
28872.5,8,-5,306
28875.0,8,-5,306
28877.5,10,-8,306
28880.0,11,-8,305
28882.5,9,-7,303
28885.0,7,-7,306
28887.5,8,-4,305
28890.0,8,-7,306
28892.5,12,-9,306
28895.0,10,-8,304
28897.5,11,-6,303
28900.0,11,-6,300
28902.5,9,-6,305
28905.0,10,-6,303
28907.5,9,-10,304
28910.0,12,-6,305
28912.5,11,-8,301
28915.0,11,-10,302
28917.5,10,-10,301
28920.0,8,-7,303
28922.5,10,-9,302
28925.0,10,-9,302
28927.5,9,-5,305
28930.0,10,-10,302
28932.5,11,-6,300
28935.0,11,-8,304
28937.5,8,-9,306
28940.0,8,-5,308
28942.5,11,-6,302
28945.0,11,-8,302
28947.5,11,-6,307
28950.0,8,-8,303
28952.5,9,-7,305
28955.0,8,-9,306
28957.5,11,-10,304
28960.0,10,-7,305
28962.5,8,-8,301
28965.0,11,-7,303
28967.5,12,-8,303
28970.0,10,-9,302
28972.5,8,-9,304
28975.0,8,-9,304
28977.5,8,-6,306
28980.0,11,-9,302
28982.5,10,-8,304
28985.0,11,-7,302
28987.5,7,-6,305
28990.0,10,-7,301
28992.5,11,-6,303
28995.0,12,-7,302
28997.5,12,-7,303
29000.0,7,-6,301
29002.5,11,-7,299
29005.0,8,-8,305
29007.5,9,-8,302
29010.0,8,-9,304
29012.5,12,-8,306
29015.0,11,-7,303
29017.5,11,-9,300
29020.0,9,-8,304
29022.5,9,-9,304
29025.0,9,-9,304
29027.5,10,-7,304
29030.0,9,-9,303
29032.5,10,-8,307
29035.0,10,-8,301
29037.5,10,-7,306
29040.0,10,-8,307
29042.5,11,-9,303
29045.0,8,-9,302
29047.5,11,-8,309
29050.0,8,-6,304
29052.5,9,-6,301
29055.0,10,-9,304
29057.5,10,-8,305
29060.0,10,-8,304
29062.5,9,-7,303
29065.0,9,-9,305
29067.5,9,-9,302
29070.0,10,-10,302
29072.5,8,-10,303
29075.0,8,-10,303
29077.5,9,-8,303
29080.0,10,-8,305
29082.5,9,-9,304
29085.0,10,-8,301
29087.5,8,-7,303
29090.0,8,-8,305
29092.5,10,-7,304
29095.0,8,-8,303
29097.5,10,-7,306
29100.0,10,-4,303
29102.5,10,-10,299
29105.0,10,-7,301
29107.5,7,-5,300
29110.0,10,-8,303
29112.5,11,-10,305
29115.0,7,-3,306
29117.5,11,-9,306
29120.0,9,-8,303
29122.5,8,-7,308
29125.0,8,-7,308
29127.5,10,-8,303
29130.0,11,-8,303
29132.5,8,-8,304
29135.0,11,-7,303
29137.5,8,-9,302
29140.0,11,-11,302
29142.5,12,-7,301
29145.0,10,-6,305
29147.5,12,-9,302
29150.0,9,-8,302
29152.5,7,-6,300
29155.0,11,-5,303
29157.5,10,-9,305
29160.0,10,-5,304
29162.5,10,-8,302
29165.0,10,-8,302
29167.5,9,-7,303
29170.0,10,-8,303
29172.5,9,-11,303
29175.0,9,-11,303
29177.5,10,-9,303
29180.0,11,-6,303
29182.5,11,-10,304
29185.0,10,-6,306
29187.5,12,-9,305
29190.0,8,-7,303
29192.5,9,-5,303
29195.0,10,-8,304
29197.5,10,-5,302
29200.0,8,-8,302
29202.5,10,-4,306
29205.0,11,-9,305
29207.5,11,-10,301
29210.0,9,-7,302
29212.5,9,-7,301
29215.0,9,-7,303
29217.5,10,-7,300
29220.0,9,-9,304
29222.5,8,-7,299
29225.0,8,-7,299
29227.5,8,-5,302
29230.0,11,-5,303
29232.5,11,-6,305
29235.0,8,-8,303
29237.5,7,-6,307
29240.0,12,-9,304
29242.5,12,-7,306
29245.0,11,-7,304
29247.5,10,-7,301
29250.0,11,-7,299
29252.5,10,-9,303
29255.0,12,-9,305
29257.5,12,-10,304
29260.0,12,-8,305
29262.5,11,-7,302
29265.0,10,-10,302
29267.5,10,-8,303
29270.0,10,-9,303
29272.5,11,-10,302
29275.0,11,-10,302
29277.5,9,-11,301
29280.0,10,-7,302
29282.5,12,-8,301
29285.0,11,-6,302
29287.5,8,-6,302
29290.0,10,-6,305
29292.5,11,-9,303
29295.0,11,-9,302
29297.5,10,-9,305
29300.0,13,-6,300
29302.5,12,-6,304
29305.0,8,-8,299
29307.5,11,-5,305
29310.0,10,-8,306
29312.5,11,-11,303
29315.0,10,-9,302
29317.5,10,-9,301
29320.0,12,-7,301
29322.5,11,-9,304
29325.0,11,-9,304
29327.5,9,-8,303
29330.0,11,-7,304
29332.5,10,-7,304
29335.0,9,-9,305
29337.5,10,-7,304
29340.0,11,-8,308
29342.5,8,-7,302
29345.0,9,-7,302
29347.5,10,-5,303
29350.0,10,-6,306
29352.5,9,-8,305
29355.0,9,-8,302
29357.5,11,-9,305
29360.0,9,-6,301
29362.5,10,-8,302
29365.0,10,-7,304
29367.5,11,-8,303
29370.0,10,-6,302
29372.5,10,-6,302
29375.0,12,-11,303
29377.5,11,-8,301
29380.0,7,-8,301
29382.5,10,-9,302
29385.0,13,-9,306
29387.5,13,-11,301
29390.0,10,-8,302
29392.5,12,-5,303
29395.0,10,-6,303
29397.5,8,-7,302
29400.0,10,-8,302
29402.5,10,-9,305
29405.0,10,-8,302
29407.5,11,-9,302
29410.0,11,-7,301
29412.5,9,-8,304
29415.0,9,-8,305
29417.5,11,-6,305
29420.0,10,-8,304
29422.5,10,-8,304
29425.0,8,-7,306
29427.5,11,-8,302
29430.0,9,-8,301
29432.5,10,-7,301
29435.0,10,-8,306
29437.5,8,-5,303
29440.0,10,-5,303
29442.5,11,-8,303
29445.0,12,-8,306
29447.5,11,-7,302
29450.0,9,-7,306
29452.5,10,-8,305
29455.0,11,-9,302
29457.5,13,-8,302
29460.0,10,-10,308
29462.5,10,-10,304
29465.0,11,-8,302
29467.5,9,-7,297
29470.0,9,-8,300
29472.5,9,-8,300
29475.0,12,-9,306
29477.5,9,-8,302
29480.0,9,-8,304
29482.5,13,-8,303
29485.0,12,-6,304
29487.5,10,-6,303
29490.0,13,-8,304
29492.5,13,-10,305
29495.0,10,-6,305
29497.5,10,-5,306
29500.0,11,-8,302
29502.5,11,-7,302
29505.0,11,-8,302
29507.5,10,-9,305
29510.0,10,-6,302
29512.5,9,-4,302
29515.0,10,-6,302
29517.5,9,-9,303
29520.0,10,-11,299
29522.5,10,-11,299
29525.0,11,-9,305
29527.5,9,-8,299
29530.0,10,-8,302
29532.5,9,-7,306
29535.0,11,-10,305
29537.5,12,-9,305
29540.0,11,-5,305
29542.5,9,-5,303
29545.0,12,-8,306
29547.5,9,-8,300
29550.0,10,-9,303
29552.5,10,-10,304
29555.0,10,-9,304
29557.5,10,-9,303
29560.0,11,-7,302
29562.5,10,-7,306
29565.0,8,-8,303
29567.5,9,-8,303
29570.0,11,-10,301
29572.5,11,-10,301
29575.0,10,-7,305
29577.5,10,-6,301
29580.0,12,-6,306
29582.5,9,-8,303
29585.0,10,-10,303
29587.5,10,-6,302
29590.0,11,-7,303
29592.5,11,-5,305
29595.0,11,-5,302
29597.5,11,-10,300
29600.0,9,-7,304
29602.5,10,-7,302
29605.0,10,-8,304
29607.5,9,-10,304
29610.0,7,-7,301
29612.5,10,-8,307
29615.0,9,-10,303
29617.5,8,-8,302
29620.0,7,-7,304
29622.5,7,-7,304
29625.0,11,-10,303
29627.5,11,-10,299
29630.0,11,-7,304
29632.5,11,-7,304
29635.0,7,-7,306
29637.5,11,-9,304
29640.0,12,-7,305
29642.5,11,-7,302
29645.0,10,-8,303
29647.5,10,-6,304
29650.0,12,-11,304
29652.5,10,-8,303
29655.0,7,-8,302
29657.5,11,-7,304
29660.0,10,-9,304
29662.5,10,-8,299
29665.0,10,-8,305
29667.5,8,-6,300
29670.0,10,-8,305
29672.5,10,-8,305
29675.0,13,-6,306
29677.5,13,-8,304
29680.0,12,-11,304
29682.5,10,-9,302
29685.0,10,-4,301
29687.5,13,-7,302
29690.0,12,-9,301
29692.5,11,-9,303
29695.0,12,-8,301
29697.5,11,-10,305
29700.0,10,-7,300
29702.5,9,-6,301
29705.0,10,-7,304
29707.5,11,-8,305
29710.0,12,-10,300
29712.5,9,-8,303
29715.0,10,-9,301
29717.5,11,-9,304
29720.0,10,-9,303
29722.5,10,-9,303
29725.0,9,-7,302
29727.5,11,-7,301
29730.0,10,-9,305
29732.5,11,-8,299
29735.0,9,-8,300
29737.5,11,-9,305
29740.0,9,-8,301
29742.5,11,-6,304
29745.0,9,-8,304
29747.5,10,-9,302
29750.0,10,-7,299
29752.5,10,-10,304
29755.0,9,-8,305
29757.5,12,-9,304
29760.0,10,-10,303
29762.5,11,-7,302
29765.0,10,-8,301
29767.5,10,-8,302
29770.0,10,-7,302
29772.5,10,-7,302
29775.0,8,-5,305
29777.5,9,-8,300
29780.0,9,-7,301
29782.5,12,-6,302
29785.0,10,-6,302
29787.5,10,-8,299
29790.0,9,-5,305
29792.5,11,-5,305
29795.0,9,-7,303
29797.5,9,-8,304
29800.0,10,-9,305
29802.5,10,-7,302
29805.0,11,-7,303
29807.5,12,-9,304
29810.0,9,-7,304
29812.5,11,-8,303
29815.0,11,-8,305
29817.5,8,-8,301
29820.0,8,-8,301
29822.5,9,-7,302
29825.0,9,-11,304
29827.5,11,-7,299
29830.0,12,-7,302
29832.5,13,-8,302
29835.0,10,-9,305
29837.5,8,-6,303
29840.0,10,-8,305
29842.5,11,-8,303
29845.0,10,-7,302
29847.5,12,-7,303
29850.0,12,-7,303
29852.5,7,-7,302
29855.0,10,-7,303
29857.5,11,-9,303
29860.0,11,-9,303
29862.5,9,-12,304
29865.0,9,-9,301
29867.5,12,-7,301
29870.0,12,-7,301
29872.5,11,-6,303
29875.0,6,-5,300
29877.5,9,-9,305
29880.0,11,-7,302
29882.5,12,-9,303
29885.0,10,-8,301
29887.5,12,-5,304
29890.0,8,-5,303
29892.5,8,-8,303
29895.0,10,-7,303
29897.5,12,-9,303
29900.0,8,-9,305
29902.5,9,-9,306
29905.0,11,-9,301
29907.5,12,-9,306
29910.0,10,-10,303
29912.5,9,-9,304
29915.0,8,-9,305
29917.5,10,-8,305
29920.0,10,-8,305
29922.5,10,-9,307
29925.0,9,-8,302
29927.5,9,-9,302
29930.0,9,-7,303
29932.5,7,-10,304
29935.0,11,-8,308
29937.5,10,-7,301
29940.0,10,-8,302
29942.5,10,-8,301
29945.0,10,-8,303
29947.5,9,-7,305
29950.0,9,-6,302
29952.5,9,-6,304
29955.0,11,-11,301
29957.5,11,-10,307
29960.0,12,-9,304
29962.5,9,-10,302
29965.0,11,-8,303
29967.5,9,-7,304
29970.0,9,-7,304
29972.5,10,-7,304
29975.0,8,-9,302
29977.5,9,-7,304
29980.0,9,-4,305
29982.5,9,-6,302
29985.0,11,-6,303
29987.5,12,-7,304
29990.0,7,-7,301
29992.5,9,-4,302
29995.0,10,-9,305
29997.5,11,-5,303
30000.0,9,-5,302
30002.5,10,-7,302
30005.0,9,-7,304
30007.5,11,-8,304
30010.0,10,-8,306
30012.5,11,-11,305
30015.0,12,-8,305
30017.5,11,-7,305
30020.0,11,-7,305
30022.5,10,-7,304
30025.0,11,-6,304
30027.5,12,-9,302
30030.0,10,-7,305
30032.5,8,-8,304
30035.0,10,-7,304
30037.5,10,-8,303
30040.0,12,-9,304
30042.5,11,-9,303
30045.0,10,-8,299
30047.5,10,-7,301
30050.0,11,-8,304
30052.5,12,-11,303
30055.0,7,-7,302
30057.5,9,-8,303
30060.0,11,-8,303
30062.5,11,-8,304
30065.0,9,-10,299
30067.5,9,-8,302
30070.0,9,-8,302
30072.5,8,-5,304
30075.0,8,-7,303
30077.5,13,-7,305
30080.0,11,-7,304
30082.5,7,-5,302
30085.0,10,-7,306
30087.5,13,-8,306
30090.0,10,-8,305
30092.5,10,-6,301
30095.0,11,-8,303
30097.5,13,-8,302
30100.0,9,-5,300
30102.5,8,-6,301
30105.0,10,-9,303
30107.5,10,-9,302
30110.0,10,-8,303
30112.5,10,-9,306
30115.0,9,-7,303
30117.5,8,-7,305
30120.0,8,-7,305
30122.5,9,-5,304
30125.0,9,-8,304
30127.5,9,-8,304
30130.0,9,-9,304
30132.5,9,-7,301
30135.0,12,-9,306
30137.5,9,-5,298
30140.0,9,-5,300
30142.5,10,-10,305
30145.0,11,-8,302
30147.5,9,-5,306
30150.0,11,-10,306
30152.5,9,-8,303
30155.0,9,-7,299
30157.5,9,-9,301
30160.0,7,-8,306
30162.5,9,-8,305
30165.0,9,-11,303
30167.5,8,-9,304
30170.0,8,-9,304
30172.5,10,-8,301
30175.0,10,-9,303
30177.5,9,-7,304
30180.0,10,-8,301
30182.5,9,-8,301
30185.0,10,-9,304
30187.5,10,-7,302
30190.0,12,-8,305
30192.5,10,-7,303
30195.0,10,-10,303
30197.5,11,-8,304
30200.0,9,-10,304
30202.5,11,-9,304
30205.0,10,-5,300
30207.5,9,-8,303
30210.0,13,-8,304
30212.5,9,-8,304
30215.0,7,-7,302
30217.5,10,-6,305
30220.0,10,-6,305
30222.5,10,-9,304
30225.0,13,-8,304
30227.5,11,-7,302
30230.0,8,-6,300
30232.5,9,-8,302
30235.0,11,-5,302
30237.5,9,-11,301
30240.0,10,-9,306
30242.5,10,-9,305
30245.0,11,-8,300
30247.5,12,-7,302
30250.0,11,-7,303
30252.5,11,-10,303
30255.0,13,-9,303
30257.5,10,-9,301
30260.0,10,-7,304
30262.5,11,-7,302
30265.0,9,-9,300
30267.5,10,-9,300
30270.0,10,-9,300
30272.5,11,-9,303
30275.0,9,-10,307
30277.5,11,-7,307
30280.0,10,-10,304
30282.5,12,-8,304
30285.0,12,-9,305
30287.5,9,-7,305
30290.0,9,-7,302
30292.5,10,-6,305
30295.0,9,-7,306
30297.5,11,-9,305
30300.0,11,-9,303
30302.5,10,-8,304
30305.0,11,-7,303
30307.5,9,-9,300
30310.0,9,-10,302
30312.5,8,-10,303
30315.0,10,-10,304
30317.5,10,-10,304
30320.0,8,-8,305
30322.5,9,-8,304
30325.0,9,-9,305
30327.5,11,-9,304
30330.0,10,-6,303
30332.5,11,-8,306
30335.0,13,-8,305
30337.5,10,-4,300
30340.0,11,-7,304
30342.5,10,-6,304
30345.0,10,-4,306
30347.5,9,-7,302
30350.0,9,-8,306
30352.5,10,-8,300
30355.0,9,-8,303
30357.5,8,-6,305
30360.0,10,-9,301
30362.5,9,-8,306
30365.0,9,-10,303
30367.5,9,-10,303
30370.0,9,-7,307
30372.5,9,-8,303
30375.0,12,-10,302
30377.5,13,-8,303
30380.0,8,-4,301
30382.5,11,-6,302
30385.0,14,-7,301
30387.5,10,-5,305
30390.0,9,-7,306
30392.5,8,-6,304
30395.0,9,-7,304
30397.5,11,-10,306
30400.0,9,-8,303
30402.5,10,-9,305
30405.0,12,-8,301
30407.5,11,-7,300
30410.0,12,-7,303
30412.5,10,-9,304
30415.0,10,-7,303
30417.5,10,-7,303
30420.0,9,-9,302
30422.5,11,-9,305
30425.0,10,-8,304
30427.5,13,-6,303
30430.0,10,-9,307
30432.5,9,-6,304
30435.0,8,-5,306
30437.5,10,-10,304
30440.0,10,-10,305
30442.5,11,-8,305
30445.0,12,-7,302
30447.5,10,-10,303
30450.0,9,-11,304
30452.5,10,-9,301
30455.0,9,-8,305
30457.5,10,-8,302
30460.0,9,-8,304
30462.5,9,-8,305
30465.0,9,-7,304
30467.5,9,-7,304
30470.0,9,-7,304
30472.5,7,-7,306
30475.0,11,-9,303
30477.5,11,-7,304
30480.0,10,-8,302
30482.5,13,-6,304
30485.0,10,-6,301
30487.5,8,-6,300
30490.0,11,-7,301
30492.5,9,-11,303
30495.0,8,-9,304
30497.5,9,-8,300
30500.0,12,-10,304
30502.5,11,-8,304
30505.0,11,-7,303
30507.5,9,-9,303
30510.0,11,-9,301
30512.5,10,-9,300
30515.0,8,-9,302
30517.5,8,-9,302
30520.0,10,-8,305
30522.5,12,-8,300
30525.0,10,-7,306
30527.5,10,-5,300
30530.0,8,-9,306
30532.5,10,-6,305
30535.0,10,-7,304
30537.5,11,-11,306
30540.0,11,-8,304
30542.5,12,-10,302
30545.0,9,-5,304
30547.5,10,-6,305
30550.0,9,-7,304
30552.5,10,-6,303
30555.0,8,-8,303
30557.5,10,-7,299
30560.0,8,-7,304
30562.5,9,-9,300
30565.0,9,-9,301
30567.5,9,-9,301
30570.0,9,-9,303
30572.5,9,-9,304
30575.0,10,-7,305
30577.5,10,-9,301
30580.0,8,-7,301
30582.5,11,-8,302
30585.0,10,-7,306
30587.5,7,-7,302
30590.0,10,-8,302
30592.5,12,-9,303
30595.0,11,-8,303
30597.5,10,-8,302
30600.0,11,-7,300
30602.5,11,-9,304
30605.0,10,-6,305
30607.5,11,-7,304
30610.0,10,-8,306
30612.5,9,-8,301
30615.0,11,-7,303
30617.5,11,-7,303
30620.0,8,-9,304
30622.5,8,-8,302
30625.0,9,-9,307
30627.5,9,-7,302
30630.0,8,-4,304
30632.5,11,-7,301
30635.0,11,-6,301
30637.5,11,-6,306
30640.0,13,-8,303
30642.5,8,-7,305
30645.0,9,-6,302
30647.5,10,-7,305
30650.0,9,-10,303
30652.5,8,-6,305
30655.0,9,-8,300
30657.5,10,-8,302
30660.0,10,-8,303
30662.5,10,-6,305
30665.0,13,-9,300
30667.5,13,-9,300
30670.0,10,-9,301
30672.5,9,-6,301
30675.0,11,-6,305
30677.5,9,-8,302
30680.0,10,-7,300
30682.5,11,-9,303
30685.0,9,-7,303
30687.5,8,-5,306
30690.0,10,-6,305
30692.5,9,-10,303
30695.0,12,-5,306
30697.5,12,-7,305
30700.0,10,-7,303
30702.5,11,-8,303
30705.0,9,-8,306
30707.5,8,-9,303
30710.0,10,-11,305
30712.5,11,-8,302
30715.0,10,-9,306
30717.5,10,-9,306
30720.0,9,-8,306
30722.5,10,-9,304
30725.0,9,-8,307
30727.5,8,-6,305
30730.0,8,-9,301
30732.5,10,-7,303
30735.0,10,-4,304
30737.5,8,-7,305
30740.0,10,-6,307
30742.5,9,-7,302
30745.0,10,-8,304
30747.5,11,-8,302
30750.0,10,-8,303
30752.5,10,-9,303
30755.0,10,-11,302
30757.5,10,-9,306
30760.0,8,-9,303
30762.5,11,-7,304
30765.0,9,-6,305
30767.5,9,-6,305
30770.0,8,-8,303
30772.5,11,-8,301
30775.0,11,-7,303
30777.5,9,-5,306
30780.0,11,-8,304
30782.5,8,-7,303
30785.0,11,-7,302
30787.5,12,-6,306
30790.0,9,-7,302
30792.5,9,-7,300
30795.0,10,-7,306
30797.5,8,-6,304
30800.0,9,-7,305
30802.5,11,-8,305
30805.0,11,-10,305
30807.5,8,-9,305
30810.0,10,-7,301
30812.5,10,-7,303
30815.0,10,-7,303
30817.5,12,-8,300
30820.0,10,-7,304
30822.5,10,-9,306
30825.0,11,-4,302
30827.5,8,-4,299
30830.0,9,-7,303
30832.5,9,-6,307
30835.0,10,-8,304
30837.5,11,-8,306
30840.0,8,-9,304
30842.5,9,-7,303
30845.0,12,-10,306
30847.5,10,-7,304
30850.0,10,-8,301
30852.5,10,-6,303
30855.0,9,-7,304
30857.5,10,-8,302
30860.0,10,-8,300
30862.5,11,-9,301
30865.0,11,-9,301
30867.5,12,-9,303
30870.0,9,-7,301
30872.5,7,-8,303
30875.0,10,-7,307
30877.5,12,-10,307
30880.0,11,-8,311
30882.5,11,-7,307
30885.0,9,-8,304
30887.5,10,-7,306
30890.0,10,-6,303
30892.5,9,-8,303
30895.0,9,-6,306
30897.5,9,-9,304
30900.0,11,-8,305
30902.5,10,-7,303
30905.0,10,-9,304
30907.5,12,-9,304
30910.0,10,-11,304
30912.5,9,-8,305
30915.0,9,-8,305
30917.5,9,-8,304
30920.0,12,-9,303
30922.5,12,-7,304
30925.0,12,-9,304
30927.5,7,-6,303
30930.0,8,-7,304
30932.5,11,-8,305
30935.0,11,-8,301
30937.5,9,-9,303
30940.0,11,-7,307
30942.5,12,-9,302
30945.0,12,-8,302
30947.5,8,-7,305
30950.0,11,-7,304
30952.5,10,-8,301
30955.0,8,-7,303
30957.5,10,-8,301
30960.0,10,-9,309
30962.5,11,-6,303
30965.0,11,-6,303
30967.5,10,-8,304
30970.0,7,-6,301
30972.5,8,-7,304
30975.0,11,-9,305
30977.5,11,-7,305
30980.0,11,-5,302
30982.5,11,-7,303
30985.0,9,-6,304
30987.5,10,-8,305
30990.0,11,-9,304
30992.5,10,-7,301
30995.0,9,-8,303
30997.5,9,-9,299
31000.0,12,-8,303
31002.5,11,-10,304
31005.0,9,-7,303
31007.5,9,-5,302
31010.0,8,-6,304
31012.5,9,-6,302
31015.0,9,-6,302
31017.5,11,-7,301
31020.0,10,-8,302
31022.5,9,-7,301
31025.0,9,-7,303
31027.5,11,-7,307
31030.0,13,-6,302
31032.5,9,-6,300
31035.0,10,-9,298
31037.5,11,-7,306
31040.0,10,-11,303
31042.5,9,-10,303
31045.0,11,-9,304
31047.5,10,-9,304
31050.0,12,-5,304
31052.5,10,-9,304
31055.0,10,-8,300
31057.5,8,-7,301
31060.0,8,-8,304
31062.5,11,-9,305
31065.0,11,-9,305
31067.5,11,-8,301
31070.0,11,-9,303
31072.5,10,-7,306
31075.0,11,-7,302
31077.5,9,-6,303
31080.0,12,-8,303
31082.5,12,-11,304
31085.0,10,-8,310
31087.5,10,-6,303
31090.0,10,-6,301
31092.5,9,-6,301
31095.0,9,-9,303
31097.5,12,-10,304
31100.0,11,-9,304
31102.5,9,-9,303
31105.0,11,-8,303
31107.5,9,-7,303
31110.0,9,-7,304
31112.5,10,-9,302
31115.0,10,-9,302
31117.5,9,-10,303
31120.0,8,-6,303
31122.5,9,-5,304
31125.0,12,-8,305
31127.5,11,-9,303
31130.0,12,-8,307
31132.5,11,-7,299
31135.0,12,-7,302
31137.5,12,-7,306
31140.0,10,-8,303
31142.5,11,-9,303
31145.0,12,-10,304
31147.5,9,-8,308
31150.0,10,-9,304
31152.5,10,-8,304
31155.0,11,-8,302
31157.5,9,-8,302
31160.0,10,-6,300
31162.5,10,-5,303
31165.0,10,-5,303
31167.5,9,-9,304
31170.0,11,-9,306
31172.5,11,-9,303
31175.0,9,-4,305
31177.5,10,-8,301
31180.0,12,-8,303
31182.5,9,-4,307
31185.0,9,-6,305
31187.5,11,-8,304
31190.0,11,-11,302
31192.5,10,-7,306
31195.0,8,-8,304
31197.5,11,-9,304
31200.0,9,-9,301
31202.5,12,-8,303
31205.0,9,-9,305
31207.5,10,-9,303
31210.0,9,-8,304
31212.5,9,-8,304
31215.0,9,-8,300
31217.5,8,-10,303
31220.0,10,-8,303
31222.5,11,-8,303
31225.0,12,-8,299
31227.5,10,-5,304
31230.0,8,-6,304
31232.5,8,-8,304
31235.0,10,-8,303
31237.5,11,-7,303
31240.0,10,-8,303
31242.5,10,-8,302
31245.0,8,-6,303
31247.5,10,-6,304
31250.0,11,-9,304
31252.5,9,-9,303
31255.0,10,-10,307
31257.5,11,-9,302
31260.0,11,-8,306
31262.5,11,-8,306
31265.0,12,-9,305
31267.5,12,-8,303
31270.0,6,-6,301
31272.5,12,-7,302
31275.0,11,-7,303
31277.5,10,-5,308
31280.0,10,-8,303
31282.5,11,-5,303
31285.0,10,-6,306
31287.5,8,-5,301
31290.0,9,-7,301
31292.5,8,-6,306
31295.0,10,-9,301
31297.5,9,-6,301
31300.0,10,-10,305
31302.5,9,-9,303
31305.0,10,-5,304
31307.5,11,-7,303
31310.0,10,-7,300
31312.5,10,-7,300
31315.0,11,-6,307
31317.5,9,-7,304
31320.0,11,-9,302
31322.5,13,-8,305
31325.0,12,-6,303
31327.5,12,-7,301
31330.0,9,-8,301
31332.5,11,-7,303
31335.0,9,-8,301
31337.5,9,-6,305
31340.0,8,-5,305
31342.5,9,-7,302
31345.0,10,-9,305
31347.5,11,-9,302
31350.0,9,-7,300
31352.5,10,-5,301
31355.0,8,-7,300
31357.5,10,-7,301
31360.0,7,-7,303
31362.5,7,-7,303
31365.0,10,-8,304
31367.5,9,-7,305
31370.0,10,-7,303
31372.5,11,-8,299
31375.0,9,-6,302
31377.5,12,-7,305
31380.0,9,-5,305
31382.5,12,-8,304
31385.0,10,-8,306
31387.5,11,-9,302
31390.0,9,-5,305
31392.5,10,-6,301
31395.0,10,-8,306
31397.5,11,-9,306
31400.0,10,-7,302
31402.5,9,-7,305
31405.0,11,-8,302
31407.5,9,-8,302
31410.0,10,-10,303
31412.5,10,-10,303
31415.0,11,-8,299
31417.5,7,-6,306
31420.0,7,-7,305
31422.5,11,-9,301
31425.0,10,-4,304
31427.5,14,-7,305
31430.0,11,-7,302
31432.5,10,-8,301
31435.0,11,-7,305
31437.5,7,-6,302
31440.0,10,-8,302
31442.5,10,-9,304
31445.0,10,-11,304
31447.5,11,-8,304
31450.0,10,-9,305
31452.5,9,-8,306
31455.0,10,-7,307
31457.5,9,-7,301
31460.0,8,-7,299
31462.5,8,-7,299
31465.0,10,-8,302
31467.5,11,-12,305
31470.0,11,-9,303
31472.5,10,-8,303
31475.0,11,-7,303
31477.5,12,-6,305
31480.0,10,-6,303
31482.5,11,-7,301
31485.0,11,-7,304
31487.5,10,-7,299
31490.0,11,-7,301
31492.5,9,-8,305
31495.0,10,-8,303
31497.5,9,-9,301
31500.0,9,-4,301
31502.5,8,-8,302
31505.0,9,-8,304
31507.5,8,-6,303
31510.0,9,-8,301
31512.5,9,-8,301
31515.0,9,-7,304
31517.5,11,-8,302
31520.0,10,-8,302
31522.5,10,-8,303
31525.0,12,-7,299
31527.5,10,-6,304
31530.0,10,-9,307
31532.5,9,-5,303
31535.0,11,-4,303
31537.5,12,-9,303
31540.0,10,-7,299
31542.5,10,-10,299
31545.0,12,-10,304
31547.5,10,-9,301
31550.0,9,-9,302
31552.5,8,-7,303
31555.0,8,-8,303
31557.5,11,-10,302
31560.0,10,-9,304
31562.5,10,-9,304
31565.0,7,-4,304
31567.5,9,-7,300
31570.0,11,-6,306
31572.5,11,-7,301
31575.0,10,-9,308
31577.5,12,-8,303
31580.0,13,-6,305
31582.5,12,-6,306
31585.0,10,-7,304
31587.5,9,-9,303
31590.0,9,-7,303
31592.5,9,-8,303
31595.0,10,-8,304
31597.5,10,-7,301
31600.0,11,-10,307
31602.5,12,-8,303
31605.0,10,-6,303
31607.5,10,-9,303
31610.0,10,-9,303
31612.5,10,-9,303
31615.0,9,-6,305
31617.5,10,-6,300
31620.0,9,-7,303
31622.5,9,-8,298
31625.0,10,-6,305
31627.5,10,-5,302
31630.0,6,-7,304
31632.5,9,-7,305
31635.0,11,-6,303
31637.5,10,-9,306
31640.0,9,-8,301
31642.5,9,-8,303
31645.0,9,-9,301
31647.5,10,-7,303
31650.0,10,-7,302
31652.5,11,-9,305
31655.0,10,-10,304
31657.5,9,-11,306
31660.0,9,-11,306
31662.5,9,-6,304
31665.0,9,-8,301
31667.5,9,-6,301
31670.0,10,-5,303
31672.5,10,-6,309
31675.0,9,-8,308
31677.5,10,-4,304
31680.0,11,-7,306
31682.5,12,-10,302
31685.0,10,-5,300
31687.5,9,-5,307
31690.0,10,-5,303
31692.5,9,-6,299
31695.0,11,-6,304
31697.5,9,-5,304
31700.0,9,-7,304
31702.5,11,-8,303
31705.0,7,-5,299
31707.5,11,-7,302
31710.0,11,-7,302
31712.5,12,-9,303
31715.0,10,-6,303
31717.5,10,-8,303
31720.0,12,-10,305
31722.5,12,-10,301
31725.0,11,-6,305
31727.5,11,-6,304
31730.0,9,-5,300
31732.5,11,-7,304
31735.0,11,-8,306
31737.5,12,-7,302
31740.0,11,-8,304
31742.5,9,-10,302
31745.0,8,-9,302
31747.5,9,-8,303
31750.0,8,-6,301
31752.5,10,-7,303
31755.0,9,-9,299
31757.5,9,-8,303
31760.0,9,-8,303
31762.5,6,-8,303
31765.0,9,-9,302
31767.5,9,-7,302
31770.0,10,-8,301
31772.5,10,-5,305
31775.0,11,-5,305
31777.5,10,-6,303
31780.0,9,-7,303
31782.5,10,-8,305
31785.0,11,-9,303
31787.5,9,-8,304
31790.0,10,-7,301
31792.5,12,-9,304
31795.0,10,-7,304
31797.5,9,-8,306
31800.0,7,-6,301
31802.5,10,-9,305
31805.0,10,-8,302
31807.5,10,-9,303
31810.0,10,-9,303
31812.5,10,-8,303
31815.0,11,-7,295
31817.5,10,-8,300
31820.0,13,-6,307
31822.5,9,-7,308
31825.0,10,-9,302
31827.5,12,-8,305
31830.0,12,-8,305
31832.5,12,-9,305
31835.0,11,-10,304
31837.5,11,-8,303
31840.0,10,-7,303
31842.5,10,-8,303
31845.0,10,-8,303
31847.5,8,-8,304
31850.0,11,-8,303
31852.5,8,-8,303
31855.0,12,-9,301
31857.5,11,-9,302
31860.0,11,-9,302
31862.5,10,-10,305
31865.0,8,-6,304
31867.5,9,-7,302
31870.0,10,-8,303
31872.5,11,-7,302
31875.0,10,-7,309
31877.5,8,-7,302
31880.0,8,-7,304
31882.5,12,-6,303
31885.0,9,-7,303
31887.5,10,-10,302
31890.0,12,-9,302
31892.5,10,-9,304
31895.0,8,-10,304
31897.5,10,-8,304
31900.0,7,-7,304
31902.5,10,-6,304
31905.0,10,-10,304
31907.5,10,-10,305
31910.0,10,-10,305
31912.5,10,-7,303
31915.0,10,-7,305
31917.5,8,-6,303
31920.0,14,-8,301
31922.5,11,-6,303
31925.0,8,-7,301
31927.5,9,-6,304
31930.0,11,-9,304
31932.5,9,-9,305
31935.0,8,-6,301
31937.5,9,-9,301
31940.0,9,-8,303
31942.5,11,-10,304
31945.0,9,-10,302
31947.5,11,-9,304
31950.0,9,-8,302
31952.5,8,-6,303
31955.0,9,-7,303
31957.5,7,-8,303
31960.0,7,-8,303
31962.5,8,-9,305
31965.0,10,-8,301
31967.5,10,-9,305
31970.0,11,-6,307
31972.5,9,-8,304
31975.0,12,-7,306
31977.5,9,-4,304
31980.0,9,-5,306
31982.5,10,-7,303
31985.0,10,-9,304
31987.5,13,-10,302
31990.0,11,-9,302
31992.5,11,-9,304
31995.0,11,-7,299
31997.5,10,-8,303
32000.0,9,-6,302
32002.5,11,-10,300
32005.0,11,-8,305
32007.5,11,-8,305
32010.0,9,-8,301
32012.5,10,-8,304
32015.0,11,-7,304
32017.5,10,-7,303
32020.0,10,-8,299
32022.5,8,-7,298
32025.0,10,-6,306
32027.5,9,-8,304
32030.0,12,-8,303
32032.5,9,-8,302
32035.0,10,-8,300
32037.5,11,-7,305
32040.0,10,-9,302
32042.5,10,-9,304
32045.0,10,-9,304
32047.5,10,-10,304
32050.0,10,-9,305
32052.5,10,-7,302
32055.0,11,-10,301
32057.5,11,-10,301
32060.0,10,-7,303
32062.5,12,-8,303
32065.0,11,-9,305
32067.5,12,-6,302
32070.0,12,-7,303
32072.5,6,-7,302
32075.0,9,-5,301
32077.5,10,-6,300
32080.0,11,-8,304
32082.5,12,-10,305
32085.0,10,-8,303
32087.5,11,-9,302
32090.0,8,-7,302
32092.5,10,-7,302
32095.0,10,-8,305
32097.5,10,-9,304
32100.0,9,-7,302
32102.5,11,-9,302
32105.0,13,-9,303
32107.5,13,-9,303
32110.0,11,-9,296
32112.5,9,-7,303
32115.0,9,-6,303
32117.5,10,-8,305
32120.0,9,-4,302
32122.5,11,-7,304
32125.0,10,-8,300
32127.5,9,-8,301
32130.0,8,-4,302
32132.5,11,-9,304
32135.0,11,-6,302
32137.5,10,-9,303
32140.0,10,-6,301
32142.5,8,-6,303
32145.0,8,-10,303
32147.5,7,-8,302
32150.0,9,-8,299
32152.5,9,-7,302
32155.0,10,-7,303
32157.5,10,-7,303
32160.0,10,-9,302
32162.5,8,-5,301
32165.0,8,-5,305
32167.5,10,-6,305
32170.0,9,-6,305
32172.5,9,-6,304
32175.0,9,-8,300
32177.5,11,-7,300
32180.0,11,-5,303
32182.5,10,-9,301
32185.0,11,-5,302
32187.5,12,-9,302
32190.0,11,-9,300
32192.5,8,-7,301
32195.0,10,-7,306
32197.5,11,-8,303
32200.0,9,-8,303
32202.5,9,-7,301
32205.0,9,-8,303
32207.5,9,-8,303
32210.0,11,-9,306
32212.5,9,-6,306
32215.0,8,-8,305
32217.5,9,-7,302
32220.0,12,-7,299
32222.5,11,-6,302
32225.0,9,-6,305
32227.5,8,-7,305
32230.0,9,-9,304
32232.5,9,-9,304
32235.0,10,-9,302
32237.5,11,-7,302
32240.0,10,-7,304
32242.5,12,-9,303
32245.0,9,-7,302
32247.5,9,-6,301
32250.0,9,-9,302
32252.5,9,-9,304
32255.0,10,-9,305
32257.5,10,-9,305
32260.0,10,-7,302
32262.5,7,-5,301
32265.0,10,-8,301
32267.5,7,-7,309
32270.0,9,-9,306
32272.5,13,-9,302
32275.0,12,-6,304
32277.5,9,-6,305
32280.0,11,-8,303
32282.5,9,-5,303
32285.0,10,-4,307
32287.5,10,-8,302
32290.0,10,-10,304
32292.5,9,-8,304
32295.0,12,-9,303
32297.5,8,-9,302
32300.0,10,-8,304
32302.5,10,-8,301
32305.0,11,-9,303
32307.5,11,-9,303
32310.0,8,-8,302
32312.5,10,-9,303
32315.0,9,-7,302
32317.5,11,-6,301
32320.0,13,-5,303
32322.5,12,-8,308
32325.0,10,-8,299
32327.5,11,-9,305
32330.0,10,-8,303
32332.5,9,-9,300
32335.0,11,-6,303
32337.5,8,-8,302
32340.0,7,-7,305
32342.5,9,-7,303
32345.0,12,-9,303
32347.5,10,-8,305
32350.0,10,-8,301
32352.5,11,-10,303
32355.0,10,-9,303
32357.5,10,-9,303
32360.0,10,-6,299
32362.5,10,-9,308
32365.0,10,-7,304
32367.5,10,-12,303
32370.0,10,-6,304
32372.5,10,-7,303
32375.0,9,-6,302
32377.5,11,-4,302
32380.0,13,-7,305
32382.5,9,-7,305
32385.0,9,-10,303
32387.5,10,-9,302
32390.0,11,-8,307
32392.5,9,-8,302
32395.0,9,-7,303
32397.5,10,-8,303
32400.0,10,-8,302
32402.5,9,-9,299
32405.0,8,-9,306
32407.5,8,-9,306
32410.0,10,-7,302
32412.5,8,-6,303
32415.0,12,-3,304
32417.5,9,-6,303
32420.0,11,-6,303
32422.5,9,-9,305
32425.0,11,-9,305
32427.5,10,-5,302
32430.0,12,-7,300
32432.5,9,-9,301
32435.0,11,-6,303
32437.5,10,-9,304
32440.0,9,-7,303
32442.5,9,-9,303
32445.0,9,-8,302
32447.5,11,-7,305
32450.0,8,-8,301
32452.5,10,-8,304
32455.0,10,-8,304
32457.5,10,-9,300
32460.0,9,-7,304
32462.5,11,-8,303
32465.0,10,-7,303
32467.5,12,-6,301
32470.0,10,-7,304
32472.5,9,-7,303
32475.0,7,-7,299
32477.5,9,-8,304
32480.0,10,-6,307
32482.5,10,-9,303
32485.0,9,-7,304
32487.5,9,-7,300
32490.0,12,-8,307
32492.5,12,-10,301
32495.0,9,-8,306
32497.5,10,-9,303
32500.0,11,-10,301
32502.5,8,-7,306
32505.0,8,-7,306
32507.5,8,-10,303
32510.0,9,-4,301
32512.5,8,-5,302
32515.0,11,-6,298
32517.5,9,-8,303
32520.0,9,-9,300
32522.5,12,-7,302
32525.0,11,-5,301
32527.5,10,-8,304
32530.0,10,-8,302
32532.5,10,-7,300
32535.0,9,-7,306
32537.5,10,-8,302
32540.0,9,-7,304
32542.5,8,-9,304
32545.0,9,-8,304
32547.5,9,-7,304
32550.0,9,-6,302
32552.5,8,-4,302
32555.0,8,-4,302
32557.5,11,-7,302
32560.0,10,-9,299
32562.5,9,-8,301
32565.0,10,-7,306
32567.5,12,-8,303
32570.0,11,-7,307
32572.5,11,-7,303
32575.0,10,-8,304
32577.5,9,-7,301
32580.0,8,-8,305
32582.5,10,-9,306
32585.0,8,-8,302
32587.5,10,-7,304
32590.0,9,-5,306
32592.5,10,-9,301
32595.0,8,-8,302
32597.5,11,-7,303
32600.0,10,-11,304
32602.5,10,-11,302
32605.0,10,-11,302
32607.5,9,-9,303
32610.0,10,-8,301
32612.5,9,-7,305
32615.0,10,-7,303
32617.5,8,-7,303
32620.0,9,-7,307
32622.5,10,-8,306
32625.0,9,-7,306
32627.5,10,-8,303
32630.0,10,-8,304
32632.5,10,-5,303
32635.0,8,-6,304
32637.5,9,-6,305
32640.0,11,-9,305
32642.5,9,-10,303
32645.0,8,-9,304
32647.5,10,-9,305
32650.0,10,-7,303
32652.5,8,-7,303
32655.0,8,-7,303
32657.5,12,-8,303
32660.0,11,-10,300
32662.5,8,-8,304
32665.0,9,-8,304
32667.5,10,-7,300
32670.0,10,-7,305
32672.5,10,-7,304
32675.0,12,-7,304
32677.5,13,-6,301
32680.0,6,-6,305
32682.5,11,-5,303
32685.0,9,-8,305
32687.5,10,-9,304
32690.0,10,-9,303
32692.5,9,-10,301
32695.0,11,-7,301
32697.5,10,-6,304
32700.0,10,-5,302
32702.5,8,-6,304
32705.0,8,-6,304
32707.5,11,-9,305
32710.0,9,-8,306
32712.5,8,-7,307
32715.0,10,-8,304
32717.5,12,-10,300
32720.0,13,-6,306
32722.5,11,-7,303
32725.0,10,-7,304
32727.5,8,-7,303
32730.0,10,-9,304
32732.5,10,-8,302
32735.0,9,-7,302
32737.5,8,-7,303
32740.0,11,-6,302
32742.5,10,-7,303
32745.0,10,-9,302
32747.5,9,-8,303
32750.0,9,-8,302
32752.5,9,-10,303
32755.0,9,-10,303
32757.5,10,-10,303
32760.0,7,-7,303
32762.5,10,-4,307
32765.0,12,-9,305
32767.5,13,-8,304
32770.0,12,-9,306
32772.5,10,-3,302
32775.0,12,-9,301
32777.5,10,-7,303
32780.0,10,-8,300
32782.5,12,-9,305
32785.0,13,-9,303
32787.5,9,-7,304
32790.0,12,-10,303
32792.5,11,-8,305
32795.0,10,-7,302
32797.5,9,-7,305
32800.0,8,-9,301
32802.5,9,-7,304
32805.0,9,-7,304
32807.5,11,-8,302
32810.0,11,-10,299
32812.5,12,-7,299
32815.0,12,-8,306
32817.5,7,-9,305
32820.0,10,-10,303
32822.5,12,-8,306
32825.0,11,-7,302
32827.5,10,-6,306
32830.0,11,-8,301
32832.5,13,-9,305
32835.0,11,-8,303
32837.5,12,-8,303
32840.0,10,-8,303
32842.5,10,-7,302
32845.0,8,-10,302
32847.5,11,-8,304
32850.0,11,-10,305
32852.5,11,-10,302
32855.0,11,-10,302
32857.5,12,-9,306
32860.0,11,-8,303
32862.5,11,-7,303
32865.0,9,-8,305
32867.5,8,-8,302
32870.0,9,-5,305
32872.5,11,-8,304
32875.0,10,-9,301
32877.5,10,-8,303
32880.0,13,-10,307
32882.5,9,-8,303
32885.0,9,-7,305
32887.5,9,-10,302
32890.0,10,-9,301
32892.5,8,-7,304
32895.0,10,-9,303
32897.5,12,-8,305
32900.0,9,-6,300
32902.5,9,-6,300
32905.0,10,-9,302
32907.5,10,-9,302
32910.0,7,-4,305
32912.5,9,-9,300
32915.0,10,-8,299
32917.5,9,-6,305
32920.0,9,-8,306
32922.5,10,-9,304
32925.0,10,-10,302
32927.5,8,-4,305
32930.0,10,-7,303
32932.5,9,-7,303
32935.0,11,-10,301
32937.5,10,-9,302
32940.0,11,-10,304
32942.5,9,-8,302
32945.0,7,-8,301
32947.5,12,-9,304
32950.0,10,-8,302
32952.5,10,-8,302
32955.0,9,-6,302
32957.5,10,-7,303
32960.0,10,-8,302
32962.5,8,-7,300
32965.0,7,-7,305
32967.5,9,-4,307
32970.0,9,-6,301
32972.5,12,-8,303
32975.0,9,-7,304
32977.5,10,-7,303
32980.0,12,-8,304
32982.5,10,-8,300
32985.0,10,-9,304
32987.5,10,-9,303
32990.0,11,-8,301
32992.5,12,-10,303
32995.0,11,-9,304
32997.5,9,-8,306
33000.0,9,-7,303
33002.5,9,-7,303
33005.0,11,-8,303
33007.5,12,-9,303
33010.0,13,-9,305
33012.5,9,-6,306
33015.0,10,-9,304
33017.5,10,-6,303
33020.0,10,-4,306
33022.5,11,-10,305
33025.0,11,-9,305
33027.5,11,-8,303
33030.0,10,-9,307
33032.5,11,-8,305
33035.0,8,-7,303
33037.5,10,-6,304
33040.0,9,-10,302
33042.5,8,-8,303
33045.0,8,-9,303
33047.5,8,-7,303
33050.0,9,-7,305
33052.5,9,-7,305
33055.0,9,-6,304
33057.5,11,-7,303
33060.0,10,-8,303
33062.5,10,-8,307
33065.0,10,-7,300
33067.5,9,-4,302
33070.0,9,-6,303
33072.5,6,-4,304
33075.0,11,-8,306
33077.5,11,-9,303
33080.0,10,-8,301
33082.5,10,-8,305
33085.0,11,-10,305
33087.5,11,-9,304
33090.0,11,-10,303
33092.5,9,-7,305
33095.0,10,-8,304
33097.5,8,-5,302
33100.0,10,-8,301
33102.5,10,-8,301
33105.0,10,-9,301
33107.5,9,-8,304
33110.0,11,-9,304
33112.5,10,-9,301
33115.0,9,-5,301
33117.5,11,-8,302
33120.0,14,-8,303
33122.5,9,-8,305
33125.0,8,-9,305
33127.5,9,-8,305
33130.0,10,-8,303
33132.5,9,-5,302
33135.0,12,-9,303
33137.5,10,-7,305
33140.0,9,-9,303
33142.5,11,-9,303
33145.0,10,-9,305
33147.5,9,-7,304
33150.0,11,-8,303
33152.5,11,-8,303
33155.0,10,-8,301
33157.5,9,-9,307
33160.0,10,-7,301
33162.5,9,-9,303
33165.0,10,-5,303
33167.5,9,-8,302
33170.0,8,-8,301
33172.5,11,-7,303
33175.0,10,-6,304
33177.5,9,-8,305
33180.0,11,-9,305
33182.5,11,-9,305
33185.0,12,-9,303
33187.5,9,-8,305
33190.0,9,-8,304
33192.5,11,-8,301
33195.0,10,-7,303
33197.5,10,-9,304
33200.0,10,-9,304
33202.5,8,-9,304
33205.0,10,-5,303
33207.5,7,-6,304
33210.0,11,-7,299
33212.5,9,-9,303
33215.0,12,-9,305
33217.5,11,-7,302
33220.0,9,-5,301
33222.5,11,-6,305
33225.0,10,-6,301
33227.5,10,-7,304
33230.0,8,-6,302
33232.5,10,-9,301
33235.0,10,-10,299
33237.5,10,-8,304
33240.0,11,-7,304
33242.5,8,-6,304
33245.0,10,-10,303
33247.5,10,-10,303
33250.0,10,-10,303
33252.5,10,-7,305
33255.0,13,-11,301
33257.5,11,-8,302
33260.0,9,-6,302
33262.5,11,-6,299
33265.0,11,-6,302
33267.5,10,-5,303
33270.0,11,-7,302
33272.5,12,-10,303
33275.0,9,-7,304
33277.5,10,-9,303
33280.0,10,-7,302
33282.5,10,-9,304
33285.0,11,-9,307
33287.5,11,-9,304
33290.0,11,-9,303
33292.5,10,-9,305
33295.0,8,-9,303
33297.5,9,-9,304
33300.0,9,-9,304
33302.5,10,-10,303
33305.0,11,-8,306
33307.5,9,-8,303
33310.0,11,-8,306
33312.5,11,-4,308
33315.0,10,-4,304
33317.5,11,-5,300
33320.0,10,-7,303
33322.5,11,-8,304
33325.0,10,-8,303
33327.5,9,-8,303
33330.0,10,-7,303
33332.5,10,-8,303
33335.0,10,-9,303
33337.5,9,-7,302
33340.0,11,-8,302
33342.5,9,-8,303
33345.0,9,-8,303
33347.5,7,-9,301
33350.0,7,-9,301
33352.5,9,-7,301
33355.0,9,-9,305
33357.5,11,-8,304
33360.0,11,-6,302
33362.5,7,-6,301
33365.0,11,-6,303
33367.5,8,-8,304
33370.0,9,-8,304
33372.5,10,-8,300
33375.0,11,-8,305
33377.5,11,-7,303
33380.0,10,-6,306
33382.5,10,-10,305
33385.0,10,-7,304
33387.5,11,-7,306
33390.0,9,-6,304
33392.5,8,-8,299
33395.0,10,-10,304
33397.5,9,-8,303
33400.0,9,-8,303
33402.5,9,-9,301
33405.0,11,-8,302
33407.5,9,-9,302
33410.0,10,-8,305
33412.5,11,-10,300
33415.0,9,-4,303
33417.5,9,-8,308
33420.0,11,-10,306
33422.5,10,-5,302
33425.0,9,-7,304
33427.5,9,-6,302
33430.0,10,-8,302
33432.5,10,-7,304
33435.0,10,-7,302
33437.5,10,-7,302
33440.0,11,-8,304
33442.5,10,-8,305
33445.0,9,-9,303
33447.5,8,-8,306
33450.0,8,-8,306
33452.5,10,-10,306
33455.0,9,-8,300
33457.5,11,-7,303
33460.0,11,-8,303
33462.5,10,-5,304
33465.0,10,-5,299
33467.5,9,-6,304
33470.0,9,-9,305
33472.5,11,-6,305
33475.0,12,-8,303
33477.5,10,-6,305
33480.0,10,-8,301
33482.5,9,-8,304
33485.0,9,-7,302
33487.5,11,-10,305
33490.0,10,-9,304
33492.5,11,-8,302
33495.0,10,-7,305
33497.5,10,-8,304
33500.0,10,-8,304
33502.5,8,-9,304
33505.0,12,-10,303
33507.5,11,-10,305
33510.0,9,-6,304
33512.5,9,-5,304
33515.0,11,-5,303
33517.5,6,-7,305
33520.0,8,-8,304
33522.5,10,-7,309
33525.0,10,-10,300
33527.5,9,-6,301
33530.0,12,-9,301
33532.5,10,-8,302
33535.0,6,-7,302
33537.5,10,-10,302
33540.0,9,-8,302
33542.5,9,-7,303
33545.0,12,-7,304
33547.5,12,-10,304
33550.0,12,-10,304
33552.5,8,-9,302
33555.0,9,-6,305
33557.5,13,-7,304
33560.0,11,-10,301
33562.5,10,-6,302
33565.0,12,-10,310
33567.5,10,-9,303
33570.0,11,-7,303
33572.5,12,-8,306
33575.0,8,-8,303
33577.5,11,-7,306
33580.0,9,-9,304
33582.5,11,-9,302
33585.0,8,-8,302
33587.5,9,-11,303
33590.0,11,-6,302
33592.5,9,-9,303
33595.0,9,-9,303
33597.5,9,-9,303
33600.0,10,-7,302
33602.5,13,-8,301
33605.0,11,-8,305
33607.5,9,-6,302
33610.0,10,-3,302
33612.5,12,-7,305
33615.0,10,-6,307
33617.5,12,-8,304
33620.0,12,-8,305
33622.5,9,-10,300
33625.0,9,-8,303
33627.5,10,-6,304
33630.0,8,-8,303
33632.5,9,-7,300
33635.0,11,-6,302
33637.5,8,-7,305
33640.0,11,-11,303
33642.5,8,-6,305
33645.0,12,-9,303
33647.5,12,-9,303
33650.0,10,-11,306
33652.5,9,-9,304
33655.0,8,-8,303
33657.5,8,-8,306
33660.0,11,-10,307
33662.5,11,-8,307
33665.0,9,-6,302
33667.5,11,-8,302
33670.0,12,-8,306
33672.5,11,-8,304
33675.0,10,-5,304
33677.5,10,-10,304
33680.0,11,-8,303
33682.5,11,-8,303
33685.0,10,-7,304
33687.5,10,-8,306
33690.0,8,-9,303
33692.5,12,-8,301
33695.0,9,-9,301
33697.5,9,-9,301
33700.0,11,-9,302
33702.5,6,-9,301
33705.0,11,-9,303
33707.5,9,-10,301
33710.0,10,-8,301
33712.5,13,-6,305
33715.0,7,-8,302
33717.5,8,-8,300
33720.0,7,-6,304
33722.5,11,-7,303
33725.0,11,-7,302
33727.5,10,-8,305
33730.0,10,-8,304
33732.5,9,-9,302
33735.0,8,-6,300
33737.5,9,-7,305
33740.0,8,-8,305
33742.5,10,-11,305
33745.0,12,-9,304
33747.5,12,-9,304
33750.0,9,-7,303
33752.5,9,-7,303
33755.0,11,-10,306
33757.5,8,-7,305
33760.0,8,-7,306
33762.5,13,-6,303
33765.0,10,-8,305
33767.5,9,-8,307
33770.0,11,-8,303
33772.5,11,-7,303
33775.0,10,-7,304
33777.5,9,-9,305
33780.0,9,-7,302
33782.5,11,-10,302
33785.0,10,-9,303
33787.5,9,-8,307
33790.0,10,-5,304
33792.5,11,-8,304
33795.0,9,-7,304
33797.5,9,-7,304
33800.0,10,-7,300
33802.5,13,-8,302
33805.0,9,-7,306
33807.5,11,-8,303
33810.0,10,-7,304
33812.5,11,-8,306
33815.0,12,-9,301
33817.5,10,-7,306
33820.0,13,-6,307
33822.5,10,-6,303
33825.0,10,-8,301
33827.5,9,-8,304
33830.0,11,-8,306
33832.5,9,-7,304
33835.0,10,-8,302
33837.5,9,-7,304
33840.0,11,-7,298
33842.5,8,-6,307
33845.0,9,-8,302
33847.5,9,-8,302
33850.0,8,-7,306
33852.5,9,-9,305
33855.0,9,-8,306
33857.5,8,-7,302
33860.0,9,-7,303
33862.5,12,-7,302
33865.0,9,-5,302
33867.5,10,-8,301
33870.0,11,-4,301
33872.5,9,-9,301
33875.0,10,-8,301
33877.5,10,-9,304
33880.0,9,-9,304
33882.5,11,-10,300
33885.0,10,-9,303
33887.5,10,-8,300
33890.0,10,-8,304
33892.5,8,-6,305
33895.0,8,-7,300
33897.5,8,-7,300
33900.0,10,-6,302
33902.5,10,-10,300
33905.0,12,-9,307
33907.5,10,-6,303
33910.0,9,-9,303
33912.5,11,-7,302
33915.0,7,-6,302
33917.5,8,-4,303
33920.0,9,-9,304
33922.5,10,-7,304
33925.0,11,-7,305
33927.5,11,-8,301
33930.0,10,-6,301
33932.5,11,-7,302
33935.0,8,-8,305
33937.5,10,-8,303
33940.0,11,-7,303
33942.5,10,-8,304
33945.0,11,-9,304
33947.5,11,-9,304
33950.0,9,-9,301
33952.5,11,-10,304
33955.0,12,-9,305
33957.5,8,-6,305
33960.0,11,-7,301
33962.5,10,-9,302
33965.0,9,-9,300
33967.5,10,-6,302
33970.0,11,-10,305
33972.5,9,-10,305
33975.0,10,-11,303
33977.5,9,-7,301
33980.0,9,-8,305
33982.5,9,-8,303
33985.0,11,-9,302
33987.5,9,-8,304
33990.0,8,-5,304
33992.5,10,-9,304
33995.0,10,-9,304
33997.5,9,-9,304
34000.0,10,-9,303
34002.5,9,-9,300
34005.0,8,-7,306
34007.5,10,-8,305
34010.0,10,-7,303
34012.5,11,-8,303
34015.0,11,-9,302
34017.5,10,-8,303
34020.0,9,-9,301
34022.5,10,-9,303
34025.0,11,-7,303
34027.5,11,-9,304
34030.0,10,-5,305
34032.5,9,-8,305
34035.0,9,-6,304
34037.5,11,-7,305
34040.0,8,-8,299
34042.5,10,-8,298
34045.0,10,-8,298
34047.5,10,-8,305
34050.0,10,-9,301
34052.5,11,-9,301
34055.0,9,-5,305
34057.5,11,-7,305
34060.0,10,-5,306
34062.5,11,-7,307
34065.0,8,-5,301
34067.5,8,-6,300
34070.0,11,-7,302
34072.5,9,-7,304
34075.0,8,-7,304
34077.5,11,-9,300
34080.0,11,-8,302
34082.5,11,-8,303
34085.0,11,-9,303
34087.5,9,-8,303
34090.0,9,-6,303
34092.5,10,-8,304
34095.0,10,-8,304
34097.5,9,-9,304
34100.0,9,-9,305
34102.5,12,-9,308
34105.0,12,-9,302
34107.5,10,-5,298
34110.0,8,-7,301
34112.5,8,-6,304
34115.0,9,-9,302
34117.5,12,-8,306
34120.0,9,-7,302
34122.5,9,-7,303
34125.0,10,-9,301
34127.5,10,-9,306
34130.0,8,-5,304
34132.5,11,-8,306
34135.0,10,-9,306
34137.5,9,-8,304
34140.0,8,-7,301
34142.5,9,-10,303
34145.0,9,-10,303
34147.5,8,-8,305
34150.0,11,-10,305
34152.5,11,-8,305
34155.0,11,-8,302
34157.5,10,-6,303
34160.0,8,-6,306
34162.5,11,-7,304
34165.0,10,-8,300
34167.5,12,-7,301
34170.0,11,-6,303
34172.5,11,-8,302
34175.0,11,-9,306
34177.5,10,-8,304
34180.0,12,-8,305
34182.5,10,-9,304
34185.0,10,-7,303
34187.5,11,-8,305
34190.0,11,-9,303
34192.5,11,-8,303
34195.0,11,-8,303
34197.5,11,-7,305
34200.0,11,-8,303
34202.5,9,-5,299
34205.0,10,-10,302
34207.5,7,-7,302
34210.0,11,-6,305
34212.5,12,-9,305
34215.0,10,-8,301
34217.5,12,-7,302
34220.0,11,-7,306
34222.5,9,-6,306
34225.0,8,-6,302
34227.5,11,-9,300
34230.0,12,-8,304
34232.5,8,-8,304
34235.0,10,-8,303
34237.5,11,-9,303
34240.0,12,-8,303
34242.5,10,-9,303
34245.0,10,-9,303
34247.5,10,-9,298
34250.0,10,-6,304
34252.5,11,-5,303
34255.0,8,-5,304
34257.5,11,-9,301
34260.0,13,-8,303
34262.5,10,-8,301
34265.0,7,-5,303
34267.5,7,-7,303
34270.0,8,-9,304
34272.5,10,-8,303
34275.0,11,-5,304
34277.5,11,-9,301
34280.0,10,-7,303
34282.5,8,-9,301
34285.0,9,-9,304
34287.5,11,-8,304
34290.0,11,-10,306
34292.5,11,-9,303
34295.0,11,-9,303
34297.5,10,-6,301
34300.0,9,-7,302
34302.5,10,-10,303
34305.0,13,-11,303
34307.5,12,-7,300
34310.0,12,-6,303
34312.5,11,-7,303
34315.0,9,-6,305
34317.5,10,-8,304
34320.0,9,-10,303
34322.5,10,-7,304
34325.0,11,-8,304
34327.5,10,-9,303
34330.0,8,-8,304
34332.5,11,-8,303
34335.0,10,-8,304
34337.5,9,-7,306
34340.0,9,-8,303
34342.5,9,-6,305
34345.0,9,-6,305
34347.5,12,-7,304
34350.0,9,-9,307
34352.5,10,-9,304
34355.0,6,-4,305
34357.5,10,-6,304
34360.0,13,-7,303
34362.5,10,-10,303
34365.0,7,-9,299
34367.5,10,-6,304
34370.0,9,-7,302
34372.5,11,-10,304
34375.0,12,-10,303
34377.5,12,-8,303
34380.0,9,-5,305
34382.5,9,-10,302
34385.0,11,-8,302
34387.5,10,-10,306
34390.0,10,-8,302
34392.5,10,-6,303
34395.0,10,-6,303
34397.5,10,-10,306
34400.0,9,-6,305
34402.5,10,-8,301
34405.0,13,-10,302
34407.5,14,-8,302
34410.0,12,-4,298
34412.5,10,-7,303
34415.0,9,-7,304
34417.5,9,-7,303
34420.0,7,-8,302
34422.5,10,-8,302
34425.0,9,-6,306
34427.5,9,-8,303
34430.0,8,-8,302
34432.5,10,-8,302
34435.0,11,-9,302
34437.5,10,-8,304
34440.0,10,-11,304
34442.5,9,-7,302
34445.0,9,-7,302
34447.5,9,-9,301
34450.0,9,-8,303
34452.5,9,-7,303
34455.0,10,-8,301
34457.5,11,-5,303
34460.0,11,-8,301
34462.5,9,-6,304
34465.0,8,-8,305
34467.5,10,-9,303
34470.0,9,-8,301
34472.5,9,-9,304
34475.0,10,-7,304
34477.5,10,-8,304
34480.0,9,-7,303
34482.5,11,-8,304
34485.0,11,-9,304
34487.5,12,-10,298
34490.0,10,-10,299
34492.5,11,-9,304
34495.0,11,-9,304
34497.5,8,-9,304
34500.0,9,-6,304
34502.5,12,-7,305
34505.0,8,-6,303
34507.5,8,-10,301
34510.0,8,-6,308
34512.5,9,-10,305
34515.0,11,-9,306
34517.5,11,-9,303
34520.0,9,-6,302
34522.5,9,-7,305
34525.0,13,-9,304
34527.5,11,-6,303
34530.0,10,-8,302
34532.5,11,-10,299
34535.0,11,-9,300
34537.5,10,-8,303
34540.0,9,-8,302
34542.5,9,-9,302
34545.0,9,-9,302
34547.5,10,-10,304
34550.0,11,-7,302
34552.5,9,-7,306
34555.0,9,-6,302
34557.5,8,-8,305
34560.0,13,-9,304
34562.5,11,-7,300
34565.0,10,-7,304
34567.5,12,-6,305
34570.0,10,-6,302
34572.5,11,-8,302
34575.0,11,-8,303
34577.5,9,-10,305
34580.0,8,-7,303
34582.5,10,-9,303
34585.0,9,-8,305
34587.5,9,-7,299
34590.0,11,-8,303
34592.5,9,-7,301
34595.0,9,-7,301
34597.5,10,-10,302
34600.0,10,-10,307
34602.5,10,-8,303
34605.0,11,-7,302
34607.5,10,-6,302
34610.0,10,-5,300
34612.5,7,-10,303
34615.0,7,-5,304
34617.5,10,-10,306
34620.0,8,-8,301
34622.5,11,-8,304
34625.0,10,-6,303
34627.5,8,-7,305
34630.0,9,-6,302
34632.5,10,-7,301
34635.0,10,-9,303
34637.5,11,-9,305
34640.0,9,-5,303
34642.5,10,-6,302
34645.0,10,-6,302
34647.5,11,-8,298
34650.0,11,-10,305
34652.5,10,-6,306
34655.0,8,-6,306
34657.5,15,-8,305
34660.0,10,-6,301
34662.5,10,-6,301
34665.0,11,-8,302
34667.5,9,-7,307
34670.0,12,-11,303
34672.5,9,-10,303
34675.0,7,-6,302
34677.5,9,-8,304
34680.0,8,-8,305
34682.5,9,-6,303
34685.0,10,-8,303
34687.5,9,-9,306
34690.0,11,-9,305
34692.5,11,-9,305
34695.0,8,-5,303
34697.5,13,-8,301
34700.0,10,-8,305
34702.5,12,-8,309
34705.0,10,-7,304
34707.5,10,-8,305
34710.0,13,-12,306
34712.5,13,-7,300
34715.0,10,-8,298
34717.5,11,-7,304
34720.0,11,-7,302
34722.5,9,-6,305
34725.0,10,-9,303
34727.5,12,-10,303
34730.0,10,-10,302
34732.5,11,-8,304
34735.0,9,-7,307
34737.5,8,-7,300
34740.0,9,-9,305
34742.5,9,-9,305
34745.0,8,-7,304
34747.5,9,-9,304
34750.0,9,-8,305
34752.5,11,-8,304
34755.0,9,-9,305
34757.5,11,-8,303
34760.0,8,-7,304
34762.5,11,-10,303
34765.0,12,-8,305
34767.5,9,-9,302
34770.0,10,-7,305
34772.5,13,-7,304
34775.0,10,-10,304
34777.5,10,-8,303
34780.0,8,-5,304
34782.5,11,-7,302
34785.0,11,-7,303
34787.5,8,-8,302
34790.0,9,-10,301
34792.5,9,-10,301
34795.0,10,-6,309
34797.5,10,-6,304
34800.0,9,-8,305
34802.5,9,-7,302
34805.0,10,-7,303
34807.5,9,-8,306
34810.0,7,-6,306
34812.5,10,-9,305
34815.0,11,-6,308
34817.5,13,-9,304
34820.0,9,-8,303
34822.5,12,-8,302
34825.0,10,-7,303
34827.5,11,-9,301
34830.0,9,-9,301
34832.5,9,-8,306
34835.0,8,-9,304
34837.5,9,-10,300
34840.0,9,-4,303
34842.5,9,-4,303
34845.0,11,-9,307
34847.5,10,-7,304
34850.0,8,-9,302
34852.5,11,-8,303
34855.0,10,-8,303
34857.5,11,-7,303
34860.0,12,-8,303
34862.5,8,-7,304
34865.0,7,-4,306
34867.5,9,-7,304
34870.0,10,-5,303
34872.5,11,-7,303
34875.0,11,-10,303
34877.5,12,-9,301
34880.0,9,-7,304
34882.5,8,-8,304
34885.0,10,-8,300
34887.5,11,-9,306
34890.0,11,-9,306
34892.5,11,-9,306
34895.0,12,-7,303
34897.5,9,-8,300
34900.0,12,-8,304
34902.5,10,-5,307
34905.0,9,-5,302
34907.5,12,-5,302
34910.0,10,-6,305
34912.5,9,-10,304
34915.0,11,-9,307
34917.5,11,-10,303
34920.0,12,-7,304
34922.5,10,-8,302
34925.0,10,-9,303
34927.5,11,-9,301
34930.0,12,-10,301
34932.5,10,-10,305
34935.0,10,-8,304
34937.5,10,-10,305
34940.0,11,-8,305
34942.5,11,-8,305
34945.0,10,-6,303
34947.5,11,-7,302
34950.0,10,-9,305
34952.5,9,-7,297
34955.0,7,-9,303
34957.5,12,-9,301
34960.0,10,-9,304
34962.5,10,-8,307
34965.0,11,-9,304
34967.5,10,-6,303
34970.0,13,-10,303
34972.5,10,-10,306
34975.0,10,-8,303
34977.5,8,-7,303
34980.0,9,-8,304
34982.5,11,-9,302
34985.0,8,-9,306
34987.5,9,-8,305
34990.0,10,-6,303
34992.5,10,-6,303
34995.0,9,-8,305
34997.5,8,-8,301
35000.0,9,-6,305
35002.5,11,-6,304
35005.0,9,-7,306
35007.5,11,-9,305
35010.0,12,-7,299
35012.5,12,-7,302
35015.0,11,-7,302
35017.5,10,-8,304
35020.0,10,-6,303
35022.5,12,-9,305
35025.0,11,-8,301
35027.5,10,-9,307
35030.0,11,-11,304
35032.5,10,-9,308
35035.0,11,-8,303
35037.5,10,-9,302
35040.0,10,-10,303
35042.5,10,-10,303
35045.0,9,-9,301
35047.5,10,-9,302
35050.0,9,-5,301
35052.5,9,-6,305
35055.0,9,-8,301
35057.5,8,-5,305
35060.0,10,-11,306
35062.5,10,-7,302
35065.0,11,-7,304
35067.5,12,-10,304
35070.0,9,-9,302
35072.5,8,-7,305
35075.0,10,-8,304
35077.5,10,-9,303
35080.0,9,-9,303
35082.5,10,-8,305
35085.0,9,-7,304
35087.5,10,-10,305
35090.0,11,-9,306
35092.5,11,-9,306
35095.0,9,-6,301
35097.5,10,-9,303
35100.0,10,-9,302
35102.5,8,-7,305
35105.0,9,-5,305
35107.5,10,-7,304
35110.0,8,-7,306
35112.5,13,-7,304
35115.0,9,-7,304
35117.5,8,-6,301
35120.0,7,-8,304
35122.5,9,-10,303
35125.0,10,-8,305
35127.5,11,-9,303
35130.0,10,-10,304
35132.5,9,-9,305
35135.0,7,-6,301
35137.5,8,-8,303
35140.0,8,-8,303
35142.5,9,-6,303
35145.0,9,-8,304
35147.5,10,-7,307
35150.0,9,-5,303
35152.5,10,-6,301
35155.0,9,-6,308
35157.5,10,-4,304
35160.0,10,-5,305
35162.5,11,-8,304
35165.0,9,-8,303
35167.5,9,-8,306
35170.0,11,-6,305
35172.5,9,-7,303
35175.0,10,-7,301
35177.5,9,-9,303
35180.0,10,-6,305
35182.5,11,-8,303
35185.0,8,-8,302
35187.5,9,-7,304
35190.0,9,-7,304
35192.5,10,-8,303
35195.0,11,-10,306
35197.5,10,-7,306
35200.0,11,-8,306
35202.5,10,-6,305
35205.0,10,-7,306
35207.5,11,-7,301
35210.0,11,-9,302
35212.5,12,-9,303
35215.0,12,-11,306
35217.5,12,-10,303
35220.0,10,-9,304
35222.5,10,-7,300
35225.0,9,-7,302
35227.5,10,-7,302
35230.0,11,-9,307
35232.5,10,-10,304
35235.0,9,-9,301
35237.5,9,-8,303
35240.0,9,-8,303
35242.5,9,-8,303
35245.0,10,-7,304
35247.5,9,-6,303
35250.0,11,-9,302
35252.5,9,-8,302
35255.0,12,-7,305
35257.5,11,-9,305
35260.0,10,-8,305
35262.5,11,-5,306
35265.0,11,-10,302
35267.5,10,-6,301
35270.0,9,-8,304
35272.5,9,-9,302
35275.0,9,-9,301
35277.5,12,-8,304
35280.0,10,-7,304
35282.5,10,-8,301
35285.0,10,-7,303
35287.5,9,-9,301
35290.0,9,-9,301
35292.5,10,-11,302
35295.0,10,-8,303
35297.5,8,-8,304
35300.0,11,-7,303
35302.5,8,-8,301
35305.0,9,-6,304
35307.5,10,-9,305
35310.0,10,-9,303
35312.5,9,-5,303
35315.0,10,-4,300
35317.5,9,-7,303
35320.0,10,-6,303
35322.5,8,-7,305
35325.0,7,-8,305
35327.5,9,-8,303
35330.0,12,-10,303
35332.5,10,-11,299
35335.0,8,-11,305
35337.5,11,-9,301
35340.0,11,-9,301
35342.5,10,-7,304
35345.0,10,-9,307
35347.5,11,-7,305
35350.0,11,-8,301
35352.5,11,-6,302
35355.0,10,-6,304
35357.5,12,-9,307
35360.0,10,-9,302
35362.5,9,-10,304
35365.0,9,-10,304
35367.5,11,-7,304
35370.0,10,-9,303
35372.5,7,-8,302
35375.0,10,-9,305
35377.5,10,-9,303
35380.0,9,-6,302
35382.5,10,-8,303
35385.0,12,-9,302
35387.5,10,-7,302
35390.0,10,-7,302
35392.5,10,-9,307
35395.0,9,-5,306
35397.5,11,-6,305
35400.0,12,-9,301
35402.5,13,-9,304
35405.0,10,-7,305
35407.5,10,-5,302
35410.0,9,-8,304
35412.5,11,-4,302
35415.0,10,-6,302
35417.5,10,-7,303
35420.0,9,-5,302
35422.5,11,-8,301
35425.0,10,-8,303
35427.5,11,-9,303
35430.0,9,-7,302
35432.5,10,-8,302
35435.0,10,-10,303
35437.5,10,-7,304
35440.0,10,-7,304
35442.5,11,-6,301
35445.0,10,-7,302
35447.5,11,-8,301
35450.0,9,-8,305
35452.5,9,-8,303
35455.0,9,-10,305
35457.5,9,-5,301
35460.0,10,-8,304
35462.5,10,-7,302
35465.0,8,-6,302
35467.5,11,-7,303
35470.0,11,-10,303
35472.5,10,-9,302
35475.0,8,-8,301
35477.5,10,-8,299
35480.0,10,-8,301
35482.5,9,-7,299
35485.0,8,-9,301
35487.5,9,-6,305
35490.0,9,-6,305
35492.5,9,-5,301
35495.0,11,-8,301
35497.5,10,-6,305
35500.0,13,-7,306
35502.5,10,-9,306
35505.0,13,-9,304
35507.5,11,-9,301
35510.0,9,-8,306
35512.5,9,-9,305
35515.0,10,-8,302
35517.5,10,-6,301
35520.0,7,-9,303
35522.5,11,-9,305
35525.0,10,-7,306
35527.5,9,-9,306
35530.0,10,-6,302
35532.5,10,-7,303
35535.0,11,-9,301
35537.5,10,-8,302
35540.0,10,-8,302
35542.5,7,-9,304
35545.0,11,-9,306
35547.5,12,-7,303
35550.0,8,-8,302
35552.5,7,-6,306
35555.0,11,-5,306
35557.5,9,-11,307
35560.0,11,-7,306
35562.5,10,-7,308
35565.0,10,-6,302
35567.5,11,-6,301
35570.0,8,-7,303
35572.5,9,-7,303
35575.0,11,-8,300
35577.5,9,-9,307
35580.0,9,-9,304
35582.5,9,-8,300
35585.0,9,-9,302
35587.5,9,-7,303
35590.0,9,-7,303
35592.5,9,-7,300
35595.0,11,-6,302
35597.5,11,-9,300
35600.0,12,-8,303
35602.5,8,-7,305
35605.0,9,-8,305
35607.5,8,-8,301
35610.0,10,-6,303
35612.5,10,-7,302
35615.0,12,-10,306
35617.5,11,-6,302
35620.0,8,-7,305
35622.5,9,-7,302
35625.0,9,-8,301
35627.5,9,-10,303
35630.0,8,-7,306
35632.5,13,-10,305
35635.0,11,-10,302
35637.5,11,-10,302
35640.0,10,-7,304
35642.5,7,-6,302
35645.0,9,-8,302
35647.5,11,-6,304
35650.0,10,-5,304
35652.5,10,-9,307
35655.0,9,-8,303
35657.5,11,-6,300
35660.0,11,-7,307
35662.5,8,-5,302
35665.0,8,-7,306
35667.5,10,-6,300
35670.0,8,-10,301
35672.5,8,-7,305
35675.0,9,-8,305
35677.5,11,-11,306
35680.0,11,-10,304
35682.5,9,-10,304
35685.0,9,-6,302
35687.5,9,-6,302
35690.0,8,-8,304
35692.5,11,-8,302
35695.0,11,-6,298
35697.5,13,-9,303
35700.0,10,-9,302
35702.5,12,-5,302
35705.0,10,-6,302
35707.5,11,-10,302
35710.0,9,-5,303
35712.5,10,-9,302
35715.0,9,-9,304
35717.5,11,-8,307
35720.0,10,-9,305
35722.5,9,-7,304
35725.0,10,-4,304
35727.5,9,-5,304
35730.0,9,-7,302
35732.5,8,-9,302
35735.0,7,-7,303
35737.5,7,-7,303
35740.0,11,-7,302
35742.5,9,-7,305
35745.0,11,-7,305
35747.5,11,-8,304
35750.0,8,-4,302
35752.5,10,-4,303
35755.0,11,-6,307
35757.5,9,-7,308
35760.0,8,-7,304
35762.5,10,-9,306
35765.0,9,-9,304
35767.5,8,-7,302
35770.0,9,-6,305
35772.5,11,-10,305
35775.0,11,-9,301
35777.5,11,-8,305
35780.0,10,-8,304
35782.5,9,-7,302
35785.0,10,-8,304
35787.5,10,-8,304
35790.0,11,-7,305
35792.5,10,-7,305
35795.0,9,-7,307
35797.5,11,-8,303
35800.0,11,-6,301
35802.5,13,-8,306
35805.0,9,-7,301
35807.5,11,-6,305
35810.0,9,-5,304
35812.5,10,-6,306
35815.0,10,-8,307
35817.5,11,-10,304
35820.0,9,-9,305
35822.5,9,-7,303
35825.0,9,-9,303
35827.5,12,-12,300
35830.0,9,-8,301
35832.5,7,-9,304
35835.0,9,-6,301
35837.5,9,-6,301
35840.0,10,-9,308
35842.5,9,-8,303
35845.0,8,-7,304
35847.5,9,-6,302
35850.0,13,-7,304
35852.5,10,-8,303
35855.0,10,-5,301
35857.5,13,-5,301
35860.0,13,-7,303
35862.5,8,-4,303
35865.0,9,-9,303
35867.5,11,-10,303
35870.0,8,-9,301
35872.5,8,-8,306
35875.0,11,-9,301
35877.5,10,-11,302
35880.0,12,-7,303
35882.5,9,-8,302
35885.0,9,-7,302
35887.5,9,-7,302
35890.0,9,-8,304
35892.5,10,-9,303
35895.0,13,-6,304
35897.5,9,-7,301
35900.0,13,-9,302
35902.5,12,-9,307
35905.0,8,-8,305
35907.5,12,-5,303
35910.0,10,-6,303
35912.5,9,-8,302
35915.0,11,-8,300
35917.5,11,-8,302
35920.0,11,-7,305
35922.5,9,-10,304
35925.0,12,-9,304
35927.5,12,-9,301
35930.0,10,-7,302
35932.5,9,-8,304
35935.0,9,-8,304
35937.5,10,-8,303
35940.0,11,-8,306
35942.5,9,-9,305
35945.0,11,-8,303
35947.5,10,-7,302
35950.0,10,-6,305
35952.5,9,-7,305
35955.0,10,-6,300
35957.5,10,-9,303
35960.0,10,-6,305
35962.5,9,-9,302
35965.0,11,-9,305
35967.5,10,-8,300
35970.0,12,-9,300
35972.5,11,-5,304
35975.0,11,-8,302
35977.5,10,-8,302
35980.0,11,-8,301
35982.5,9,-6,302
35985.0,9,-6,302
35987.5,9,-8,304
35990.0,10,-9,303
35992.5,8,-9,299
35995.0,12,-6,305
35997.5,10,-8,304
36000.0,12,-8,304
36002.5,9,-8,305
36005.0,11,-5,302
36007.5,9,-7,301
36010.0,11,-7,304
36012.5,9,-8,303
36015.0,8,-8,305
36017.5,11,-7,301
36020.0,10,-9,305
36022.5,10,-8,302
36025.0,10,-8,305
36027.5,8,-9,304
36030.0,7,-9,303
36032.5,9,-9,303
36035.0,9,-9,303
36037.5,8,-9,304
36040.0,10,-7,303
36042.5,9,-7,303
36045.0,12,-8,305
36047.5,10,-6,302
36050.0,9,-6,307
36052.5,8,-5,304
36055.0,9,-8,302
36057.5,10,-10,306
36060.0,9,-7,302
36062.5,11,-8,304
36065.0,11,-7,301
36067.5,9,-8,304
36070.0,11,-8,301
36072.5,11,-10,301
36075.0,9,-7,305
36077.5,10,-8,305
36080.0,10,-10,304
36082.5,8,-8,302
36085.0,8,-8,302
36087.5,10,-9,302
36090.0,11,-7,299
36092.5,9,-7,306
36095.0,10,-7,302
36097.5,8,-9,307
36100.0,9,-9,303
36102.5,11,-8,304
36105.0,9,-8,303
36107.5,10,-8,305
36110.0,10,-8,304
36112.5,9,-7,304
36115.0,10,-10,303
36117.5,8,-5,302
36120.0,8,-7,304
36122.5,11,-9,303
36125.0,10,-6,303
36127.5,9,-8,302
36130.0,9,-6,304
36132.5,10,-8,301
36135.0,10,-8,301
36137.5,10,-6,303
36140.0,9,-8,305
36142.5,10,-8,305
36145.0,9,-9,304
36147.5,10,-5,307
36150.0,10,-7,309
36152.5,9,-6,298
36155.0,10,-6,303
36157.5,12,-9,305
36160.0,10,-8,302
36162.5,10,-6,304
36165.0,10,-9,304
36167.5,10,-8,304
36170.0,11,-10,305
36172.5,10,-10,303
36175.0,10,-8,303
36177.5,11,-9,303
36180.0,10,-8,302
36182.5,10,-9,301
36185.0,10,-9,301
36187.5,11,-8,300
36190.0,10,-9,305
36192.5,10,-7,305
36195.0,8,-7,304
36197.5,10,-6,304
36200.0,9,-8,301
36202.5,10,-8,302
36205.0,8,-6,301
36207.5,11,-9,307
36210.0,10,-7,304
36212.5,8,-7,301
36215.0,10,-8,303
36217.5,11,-8,304
36220.0,11,-7,304
36222.5,11,-6,304
36225.0,9,-8,303
36227.5,8,-7,303
36230.0,10,-10,304
36232.5,9,-8,302
36235.0,9,-8,302
36237.5,10,-10,305
36240.0,10,-7,307
36242.5,9,-3,305
36245.0,9,-6,299
36247.5,10,-6,301
36250.0,10,-7,300
36252.5,10,-8,306
36255.0,10,-7,305
36257.5,11,-7,302
36260.0,8,-6,303
36262.5,8,-6,302
36265.0,9,-8,304
36267.5,10,-9,303
36270.0,11,-8,301
36272.5,8,-7,301
36275.0,9,-8,304
36277.5,9,-6,301
36280.0,9,-7,304
36282.5,9,-7,304
36285.0,8,-7,304
36287.5,9,-10,303
36290.0,10,-9,303
36292.5,12,-9,305
36295.0,12,-8,305
36297.5,10,-8,304
36300.0,12,-5,302
36302.5,8,-7,301
36305.0,10,-8,301
36307.5,11,-8,300
36310.0,8,-9,304
36312.5,11,-9,302
36315.0,11,-9,300
36317.5,9,-7,299
36320.0,9,-6,303
36322.5,8,-8,303
36325.0,9,-9,303
36327.5,11,-9,301
36330.0,9,-7,305
36332.5,9,-7,305
36335.0,8,-6,304
36337.5,11,-10,303
36340.0,10,-8,303
36342.5,12,-9,305
36345.0,9,-7,302
36347.5,9,-7,302
36350.0,11,-6,304
36352.5,11,-9,302
36355.0,9,-9,304
36357.5,10,-8,307
36360.0,11,-9,303
36362.5,10,-8,306
36365.0,9,-7,302
36367.5,10,-9,303
36370.0,9,-8,303
36372.5,8,-7,303
36375.0,8,-6,304
36377.5,10,-9,304
36380.0,8,-8,305
36382.5,8,-8,305
36385.0,10,-8,305
36387.5,12,-8,301
36390.0,10,-6,300
36392.5,10,-8,299
36395.0,9,-9,306
36397.5,12,-7,304
36400.0,9,-6,304
36402.5,12,-9,304
36405.0,11,-8,304
36407.5,12,-8,304
36410.0,10,-7,305
36412.5,9,-7,300
36415.0,8,-6,301
36417.5,10,-7,304
36420.0,11,-11,305
36422.5,9,-9,306
36425.0,9,-8,302
36427.5,10,-8,305
36430.0,12,-8,306
36432.5,12,-8,306
36435.0,10,-8,304
36437.5,10,-6,303
36440.0,11,-7,304
36442.5,10,-6,297
36445.0,9,-9,306
36447.5,11,-6,306
36450.0,12,-7,306
36452.5,11,-8,306
36455.0,9,-8,302
36457.5,8,-8,302
36460.0,8,-7,305
36462.5,10,-7,305
36465.0,10,-7,303
36467.5,8,-7,302
36470.0,8,-6,304
36472.5,10,-9,302
36475.0,10,-5,305
36477.5,10,-10,304
36480.0,10,-8,302
36482.5,10,-8,302
36485.0,8,-7,300
36487.5,8,-7,303
36490.0,10,-7,307
36492.5,14,-9,302
36495.0,9,-8,304
36497.5,12,-8,307
36500.0,9,-8,300
36502.5,9,-7,305
36505.0,11,-8,304
36507.5,9,-7,302
36510.0,8,-3,303
36512.5,12,-8,305
36515.0,9,-8,306
36517.5,11,-9,307
36520.0,10,-9,304
36522.5,9,-5,306
36525.0,10,-8,302
36527.5,10,-9,303
36530.0,9,-10,302
36532.5,9,-10,302
36535.0,9,-10,303
36537.5,10,-7,303
36540.0,11,-8,305
36542.5,10,-6,302
36545.0,7,-8,302
36547.5,11,-7,305
36550.0,7,-6,305
36552.5,7,-9,308
36555.0,10,-7,304
36557.5,10,-9,301
36560.0,10,-7,304
36562.5,8,-6,303
36565.0,11,-10,300
36567.5,11,-8,302
36570.0,10,-9,302
36572.5,11,-10,302
36575.0,10,-8,300
36577.5,12,-10,302
36580.0,10,-6,304
36582.5,10,-6,304
36585.0,9,-9,301
36587.5,8,-5,302
36590.0,9,-8,301
36592.5,10,-8,304
36595.0,10,-8,304
36597.5,8,-4,304
36600.0,12,-10,304
36602.5,11,-7,300
36605.0,9,-8,303
36607.5,10,-7,303
36610.0,10,-7,304
36612.5,8,-4,303
36615.0,10,-8,302
36617.5,10,-6,304
36620.0,8,-7,302
36622.5,10,-9,303
36625.0,9,-7,302
36627.5,10,-9,303
36630.0,13,-8,304
36632.5,13,-8,304
36635.0,11,-9,302
36637.5,8,-8,301
36640.0,11,-5,300
36642.5,9,-5,305
36645.0,11,-7,303
36647.5,9,-7,304
36650.0,10,-5,305
36652.5,12,-8,302
36655.0,10,-7,297
36657.5,9,-7,304
36660.0,9,-6,301
36662.5,11,-10,300
36665.0,8,-6,305
36667.5,10,-8,301
36670.0,9,-9,301
36672.5,10,-9,303
36675.0,11,-12,301
36677.5,9,-7,303
36680.0,9,-7,303
36682.5,8,-7,304
36685.0,10,-6,303
36687.5,7,-5,303
36690.0,10,-4,303
36692.5,9,-7,306
36695.0,10,-8,307
36697.5,7,-7,305
36700.0,10,-9,305
36702.5,11,-7,303
36705.0,10,-6,302
36707.5,11,-8,302
36710.0,11,-9,300
36712.5,8,-8,302
36715.0,9,-7,303
36717.5,9,-6,303
36720.0,11,-7,303
36722.5,7,-8,304
36725.0,9,-6,306
36727.5,11,-7,300
36730.0,11,-7,300
36732.5,10,-9,305
36735.0,11,-8,302
36737.5,10,-7,300
36740.0,9,-8,297
36742.5,9,-8,303
36745.0,11,-9,302
36747.5,8,-5,302
36750.0,11,-10,301
36752.5,12,-8,302
36755.0,9,-7,301
36757.5,11,-6,304
36760.0,10,-6,301
36762.5,9,-6,301
36765.0,9,-5,301
36767.5,9,-9,302
36770.0,10,-7,305
36772.5,10,-7,305
36775.0,10,-8,307
36777.5,8,-7,303
36780.0,8,-7,303
36782.5,10,-7,304
36785.0,11,-9,300
36787.5,12,-9,304
36790.0,10,-7,300
36792.5,10,-8,305
36795.0,9,-7,304
36797.5,10,-5,304
36800.0,13,-8,301
36802.5,11,-10,308
36805.0,10,-9,303
36807.5,9,-5,302
36810.0,10,-10,303
36812.5,10,-8,301
36815.0,11,-8,305
36817.5,8,-8,303
36820.0,9,-5,305
36822.5,11,-8,304
36825.0,9,-6,307
36827.5,11,-8,302
36830.0,11,-8,302
36832.5,11,-7,303
36835.0,10,-6,301
36837.5,10,-8,304
36840.0,10,-9,302
36842.5,10,-9,303
36845.0,11,-7,300
36847.5,9,-6,305
36850.0,9,-5,306
36852.5,10,-6,305
36855.0,11,-10,303
36857.5,11,-8,305
36860.0,9,-6,303
36862.5,10,-8,303
36865.0,10,-6,300
36867.5,8,-7,302
36870.0,10,-9,303
36872.5,8,-8,305
36875.0,10,-8,303
36877.5,9,-5,308
36880.0,9,-5,308
36882.5,11,-10,304
36885.0,12,-7,303
36887.5,11,-9,304
36890.0,8,-6,305
36892.5,9,-6,300
36895.0,9,-8,303
36897.5,9,-7,306
36900.0,9,-5,305
36902.5,10,-8,301
36905.0,11,-8,303
36907.5,11,-8,304
36910.0,9,-5,302
36912.5,9,-7,306
36915.0,9,-7,302
36917.5,9,-6,301
36920.0,10,-8,303
36922.5,7,-8,306
36925.0,9,-7,308
36927.5,10,-9,303
36930.0,10,-9,303
36932.5,9,-6,306
36935.0,11,-9,306
36937.5,10,-6,303
36940.0,9,-4,302
36942.5,10,-7,301
36945.0,8,-4,300
36947.5,9,-8,304
36950.0,10,-6,305
36952.5,9,-7,307
36955.0,9,-7,304
36957.5,9,-9,304
36960.0,8,-7,298
36962.5,10,-9,301
36965.0,8,-6,303
36967.5,11,-9,300
36970.0,9,-8,302
36972.5,10,-9,303
36975.0,9,-7,306
36977.5,9,-7,306
36980.0,7,-6,305
36982.5,8,-9,304
36985.0,9,-7,309
36987.5,12,-5,301
36990.0,10,-7,302
36992.5,7,-7,303
36995.0,9,-8,307
36997.5,8,-7,306
37000.0,10,-6,305
37002.5,11,-7,302
37005.0,9,-7,303
37007.5,12,-8,306
37010.0,9,-6,302
37012.5,10,-6,302
37015.0,10,-7,300
37017.5,9,-7,305
37020.0,10,-8,305
37022.5,10,-8,303
37025.0,10,-8,302
37027.5,10,-8,302
37030.0,10,-9,302
37032.5,8,-6,300
37035.0,8,-9,305
37037.5,9,-7,307
37040.0,10,-11,304
37042.5,9,-6,306
37045.0,11,-11,303
37047.5,11,-6,301
37050.0,11,-8,306
37052.5,11,-5,301
37055.0,9,-5,301
37057.5,12,-9,303
37060.0,11,-10,303
37062.5,9,-9,304
37065.0,9,-10,305
37067.5,12,-8,302
37070.0,9,-9,304
37072.5,9,-8,303
37075.0,11,-9,303
37077.5,11,-9,303
37080.0,8,-8,302
37082.5,9,-6,303
37085.0,7,-6,303
37087.5,9,-7,301
37090.0,11,-10,306
37092.5,10,-7,305
37095.0,9,-8,303
37097.5,12,-8,301
37100.0,11,-7,306
37102.5,10,-6,307
37105.0,9,-8,304
37107.5,10,-10,302
37110.0,10,-9,307
37112.5,9,-9,305
37115.0,11,-9,305
37117.5,11,-8,306
37120.0,9,-8,300
37122.5,9,-8,302
37125.0,10,-7,303
37127.5,10,-7,303
37130.0,11,-8,303
37132.5,9,-8,304
37135.0,10,-9,305
37137.5,6,-7,302
37140.0,10,-10,306
37142.5,13,-8,301
37145.0,12,-9,301
37147.5,9,-7,301
37150.0,11,-8,306
37152.5,7,-7,302
37155.0,8,-7,309
37157.5,12,-6,304
37160.0,11,-8,306
37162.5,11,-10,305
37165.0,10,-9,298
37167.5,11,-9,303
37170.0,10,-8,303
37172.5,8,-7,300
37175.0,12,-8,303
37177.5,12,-8,303
37180.0,10,-7,301
37182.5,11,-11,301
37185.0,10,-9,307
37187.5,11,-8,304
37190.0,8,-7,303
37192.5,12,-8,301
37195.0,10,-8,304
37197.5,12,-8,304
37200.0,12,-8,303
37202.5,10,-8,304
37205.0,9,-8,306
37207.5,14,-8,305
37210.0,8,-7,302
37212.5,9,-6,302
37215.0,10,-9,301
37217.5,10,-10,302
37220.0,9,-9,304
37222.5,9,-8,303
37225.0,9,-7,305
37227.5,9,-7,305
37230.0,11,-11,304
37232.5,10,-8,305
37235.0,10,-5,305
37237.5,12,-9,304
37240.0,12,-7,302
37242.5,9,-5,302
37245.0,10,-11,302
37247.5,11,-7,304
37250.0,9,-7,308
37252.5,7,-8,302
37255.0,10,-8,305
37257.5,12,-7,307
37260.0,11,-8,303
37262.5,13,-9,302
37265.0,10,-7,303
37267.5,10,-9,303
37270.0,11,-10,305
37272.5,8,-8,305
37275.0,9,-8,304
37277.5,9,-8,304
37280.0,10,-9,302
37282.5,10,-8,304
37285.0,11,-7,303
37287.5,12,-10,302
37290.0,12,-7,301
37292.5,10,-5,302
37295.0,12,-8,304
37297.5,12,-9,304
37300.0,10,-5,305
37302.5,11,-9,304
37305.0,12,-10,305
37307.5,13,-9,300
37310.0,10,-7,301
37312.5,10,-7,302
37315.0,9,-8,301
37317.5,9,-9,304
37320.0,9,-9,300
37322.5,11,-8,303
37325.0,11,-8,303
37327.5,11,-11,305
37330.0,11,-7,306
37332.5,9,-6,306
37335.0,13,-8,305
37337.5,9,-7,301
37340.0,8,-8,303
37342.5,9,-7,301
37345.0,9,-9,305
37347.5,14,-8,304
37350.0,10,-7,304
37352.5,8,-8,302
37355.0,10,-7,303
37357.5,9,-8,302
37360.0,10,-8,304
37362.5,9,-8,305
37365.0,11,-7,306
37367.5,11,-10,301
37370.0,9,-8,301
37372.5,10,-8,304
37375.0,10,-8,304
37377.5,9,-7,302
37380.0,9,-7,302
37382.5,9,-9,303
37385.0,11,-6,303
37387.5,11,-7,307
37390.0,12,-6,302
37392.5,12,-7,302
37395.0,9,-4,304
37397.5,10,-5,306
37400.0,8,-8,304
37402.5,9,-7,307
37405.0,10,-8,303
37407.5,8,-8,300
37410.0,11,-5,305
37412.5,9,-8,303
37415.0,10,-9,303
37417.5,9,-6,306
37420.0,10,-11,305
37422.5,9,-8,302
37425.0,9,-8,302
37427.5,9,-8,303
37430.0,11,-8,303
37432.5,12,-10,297
37435.0,11,-6,301
37437.5,8,-7,305
37440.0,10,-8,307
37442.5,10,-6,304
37445.0,12,-9,305
37447.5,11,-8,303
37450.0,10,-9,302
37452.5,10,-6,300
37455.0,11,-8,303
37457.5,9,-9,304
37460.0,10,-7,303
37462.5,9,-9,304
37465.0,9,-8,301
37467.5,9,-10,304
37470.0,10,-9,304
37472.5,12,-8,305
37475.0,12,-8,305
37477.5,9,-8,303
37480.0,9,-7,302
37482.5,10,-8,305
37485.0,13,-7,304
37487.5,11,-7,305
37490.0,11,-8,307
37492.5,10,-9,303
37495.0,10,-8,304
37497.5,12,-8,301
37500.0,10,-8,303
37502.5,10,-8,304
37505.0,9,-4,307
37507.5,7,-9,303
37510.0,10,-8,304
37512.5,9,-9,302
37515.0,10,-8,303
37517.5,9,-9,304
37520.0,9,-9,300
37522.5,9,-10,303
37525.0,9,-10,303
37527.5,9,-10,302
37530.0,10,-8,306
37532.5,10,-7,303
37535.0,10,-7,301
37537.5,10,-6,301
37540.0,11,-5,305
37542.5,11,-8,304
37545.0,10,-9,304
37547.5,14,-8,304
37550.0,12,-9,306
37552.5,12,-6,302
37555.0,11,-6,306
37557.5,9,-7,304
37560.0,10,-10,303
37562.5,11,-8,305
37565.0,10,-9,301
37567.5,12,-10,304
37570.0,11,-8,304
37572.5,10,-10,305
37575.0,10,-10,305
37577.5,10,-9,300
37580.0,10,-8,302
37582.5,8,-8,304
37585.0,8,-7,302
37587.5,12,-10,307
37590.0,12,-9,306
37592.5,10,-8,298
37595.0,8,-8,300
37597.5,10,-5,304
37600.0,9,-10,303
37602.5,9,-8,303
37605.0,11,-9,303
37607.5,12,-8,303
37610.0,11,-8,301
37612.5,9,-9,304
37615.0,9,-5,300
37617.5,10,-8,305
37620.0,9,-10,304
37622.5,9,-4,304
37625.0,9,-4,304
37627.5,11,-10,306
37630.0,7,-6,303
37632.5,11,-7,306
37635.0,10,-6,303
37637.5,10,-6,304
37640.0,11,-7,300
37642.5,9,-8,304
37645.0,11,-6,305
37647.5,11,-7,303
37650.0,10,-7,301
37652.5,9,-6,303
37655.0,8,-7,304
37657.5,11,-9,302
37660.0,9,-6,304
37662.5,9,-8,303
37665.0,11,-9,305
37667.5,10,-10,299
37670.0,9,-9,299
37672.5,9,-7,302
37675.0,9,-7,302
37677.5,9,-10,303
37680.0,9,-9,305
37682.5,11,-7,303
37685.0,8,-7,299
37687.5,7,-8,299
37690.0,9,-5,301
37692.5,10,-7,303
37695.0,11,-7,304
37697.5,10,-7,303
37700.0,9,-6,304
37702.5,10,-6,305
37705.0,8,-6,303
37707.5,9,-7,299
37710.0,9,-8,303
37712.5,8,-7,305
37715.0,8,-7,306
37717.5,10,-7,300
37720.0,7,-7,301
37722.5,9,-7,301
37725.0,9,-7,301
37727.5,9,-11,303
37730.0,10,-8,298
37732.5,11,-4,302
37735.0,10,-7,304
37737.5,10,-5,302
37740.0,9,-6,302
37742.5,10,-8,305
37745.0,11,-6,302
37747.5,10,-7,304
37750.0,9,-8,305
37752.5,11,-8,304
37755.0,8,-6,300
37757.5,12,-8,304
37760.0,9,-8,301
37762.5,8,-7,301
37765.0,9,-7,303
37767.5,10,-8,303
37770.0,11,-10,301
37772.5,11,-10,301
37775.0,11,-8,304
37777.5,8,-7,304
37780.0,6,-9,304
37782.5,9,-6,301
37785.0,8,-6,307
37787.5,8,-10,307
37790.0,12,-10,305
37792.5,13,-9,301
37795.0,11,-7,301
37797.5,11,-6,299
37800.0,11,-6,303
37802.5,8,-9,303
37805.0,10,-9,302
37807.5,9,-10,302
37810.0,9,-9,302
37812.5,8,-8,303
37815.0,10,-7,305
37817.5,11,-8,302
37820.0,8,-9,302
37822.5,8,-9,302
37825.0,10,-8,304
37827.5,10,-7,304
37830.0,10,-5,306
37832.5,11,-8,306
37835.0,9,-7,297
37837.5,9,-5,303
37840.0,10,-6,303
37842.5,11,-8,298
37845.0,9,-5,304
37847.5,10,-5,302
37850.0,12,-9,304
37852.5,10,-8,305
37855.0,11,-9,303
37857.5,10,-6,302
37860.0,8,-8,303
37862.5,10,-9,306
37865.0,9,-8,304
37867.5,10,-12,302
37870.0,10,-8,300
37872.5,10,-8,300
37875.0,6,-6,303
37877.5,7,-7,301
37880.0,10,-6,300
37882.5,14,-11,304
37885.0,10,-7,297
37887.5,10,-5,305
37890.0,9,-8,302
37892.5,12,-6,305
37895.0,8,-6,303
37897.5,8,-8,307
37900.0,9,-8,304
37902.5,10,-9,302
37905.0,10,-8,300
37907.5,9,-7,305
37910.0,9,-8,303
37912.5,9,-7,302
37915.0,9,-7,304
37917.5,11,-9,303
37920.0,11,-9,302
37922.5,11,-9,302
37925.0,11,-10,304
37927.5,10,-8,301
37930.0,8,-6,299
37932.5,12,-7,307
37935.0,11,-11,305
37937.5,10,-6,305
37940.0,11,-6,305
37942.5,8,-5,303
37945.0,12,-7,300
37947.5,8,-7,304
37950.0,7,-9,303
37952.5,9,-7,306
37955.0,12,-8,303
37957.5,9,-8,305
37960.0,11,-9,304
37962.5,8,-8,300
37965.0,11,-10,305
37967.5,8,-8,303
37970.0,9,-9,302
37972.5,9,-9,302
37975.0,9,-7,302
37977.5,11,-9,299
37980.0,11,-10,301
37982.5,9,-6,302
37985.0,9,-8,300
37987.5,10,-7,306
37990.0,9,-6,305
37992.5,12,-9,303
37995.0,10,-7,306
37997.5,9,-7,300
38000.0,11,-7,304
38002.5,10,-8,303
38005.0,9,-8,305
38007.5,9,-7,303
38010.0,10,-9,304
38012.5,9,-9,303
38015.0,10,-9,301
38017.5,10,-8,299
38020.0,9,-9,304
38022.5,9,-9,304
38025.0,9,-9,302
38027.5,13,-7,306
38030.0,12,-8,303
38032.5,10,-8,302
38035.0,9,-9,303
38037.5,10,-7,302
38040.0,9,-9,307
38042.5,9,-10,306
38045.0,8,-9,307
38047.5,13,-7,303
38050.0,9,-6,301
38052.5,11,-7,300
38055.0,8,-8,304
38057.5,10,-7,304
38060.0,11,-8,304
38062.5,9,-9,301
38065.0,10,-9,304
38067.5,10,-8,304
38070.0,9,-8,304
38072.5,9,-8,304
38075.0,7,-8,303
38077.5,11,-7,303
38080.0,10,-7,305
38082.5,11,-8,300
38085.0,9,-4,302
38087.5,10,-8,302
38090.0,11,-7,305
38092.5,10,-9,303
38095.0,11,-6,300
38097.5,12,-8,299
38100.0,11,-7,306
38102.5,10,-8,302
38105.0,8,-6,305
38107.5,11,-8,304
38110.0,8,-8,300
38112.5,7,-9,304
38115.0,10,-8,303
38117.5,10,-8,304
38120.0,11,-8,302
38122.5,11,-8,302
38125.0,8,-7,305
38127.5,9,-9,302
38130.0,11,-8,305
38132.5,9,-8,304
38135.0,12,-10,304
38137.5,12,-8,309
38140.0,11,-6,300
38142.5,11,-6,307
38145.0,11,-6,301
38147.5,8,-8,300
38150.0,10,-6,304
38152.5,11,-6,300
38155.0,11,-9,301
38157.5,8,-8,303
38160.0,9,-7,302
38162.5,10,-11,304
38165.0,9,-8,304
38167.5,10,-8,304
38170.0,11,-8,301
38172.5,11,-8,301
38175.0,10,-8,301
38177.5,10,-9,306
38180.0,11,-8,305
38182.5,8,-6,300
38185.0,12,-10,305
38187.5,12,-9,302
38190.0,7,-3,301
38192.5,10,-4,302
38195.0,12,-6,306
38197.5,12,-10,300
38200.0,10,-6,305
38202.5,12,-8,304
38205.0,9,-7,304
38207.5,10,-10,306
38210.0,9,-8,303
38212.5,10,-8,304
38215.0,9,-8,306
38217.5,9,-9,306
38220.0,9,-8,305
38222.5,9,-8,305
38225.0,10,-9,302
38227.5,6,-8,303
38230.0,9,-8,306
38232.5,9,-7,302
38235.0,10,-8,303
38237.5,11,-7,301
38240.0,7,-7,304
38242.5,10,-7,306
38245.0,11,-8,307
38247.5,10,-9,304
38250.0,9,-5,306
38252.5,10,-6,304
38255.0,11,-9,306
38257.5,11,-10,304
38260.0,8,-5,303
38262.5,10,-7,304
38265.0,12,-9,300
38267.5,11,-7,302
38270.0,10,-8,300
38272.5,10,-8,300
38275.0,10,-9,302
38277.5,11,-8,303
38280.0,11,-6,302
38282.5,11,-9,306
38285.0,9,-8,303
38287.5,7,-6,303
38290.0,7,-7,304
38292.5,10,-8,305
38295.0,10,-6,302
38297.5,12,-10,305
38300.0,10,-8,302
38302.5,10,-9,300
38305.0,11,-6,302
38307.5,9,-8,304
38310.0,8,-8,300
38312.5,11,-10,302
38315.0,12,-9,305
38317.5,11,-9,301
38320.0,11,-9,301
38322.5,10,-9,300
38325.0,8,-7,303
38327.5,7,-7,302
38330.0,11,-8,306
38332.5,11,-9,301
38335.0,9,-5,302
38337.5,11,-5,302
38340.0,9,-9,307
38342.5,7,-9,304
38345.0,10,-9,305
38347.5,10,-8,303
38350.0,10,-5,302
38352.5,8,-8,301
38355.0,7,-7,304
38357.5,10,-8,303
38360.0,12,-10,304
38362.5,9,-8,302
38365.0,10,-10,303
38367.5,8,-6,303
38370.0,8,-6,303
38372.5,10,-8,301
38375.0,10,-7,302
38377.5,12,-7,305
38380.0,12,-5,306
38382.5,7,-4,305
38385.0,7,-7,305
38387.5,11,-6,303
38390.0,14,-10,304
38392.5,10,-8,303
38395.0,14,-6,302
38397.5,9,-7,304
38400.0,11,-7,302
38402.5,9,-8,306
38405.0,9,-6,306
38407.5,12,-9,305
38410.0,11,-9,304
38412.5,9,-9,302
38415.0,9,-9,302
38417.5,9,-7,302
38420.0,9,-7,302
38422.5,8,-9,305
38425.0,10,-8,304
38427.5,8,-6,301
38430.0,9,-6,301
38432.5,7,-7,306
38435.0,10,-8,306
38437.5,9,-8,305
38440.0,11,-8,306
38442.5,11,-8,302
38445.0,12,-8,301
38447.5,9,-7,303
38450.0,9,-9,302
38452.5,12,-9,305
38455.0,9,-9,300
38457.5,12,-10,301
38460.0,9,-9,304
38462.5,9,-8,302
38465.0,12,-9,306
38467.5,10,-8,302
38470.0,10,-8,302
38472.5,10,-8,301
38475.0,7,-6,307
38477.5,9,-8,304
38480.0,8,-7,303
38482.5,9,-8,303
38485.0,12,-8,304
38487.5,10,-5,301
38490.0,9,-8,301
38492.5,12,-8,305
38495.0,11,-8,308
38497.5,9,-9,305
38500.0,11,-8,307
38502.5,10,-7,302
38505.0,10,-11,304
38507.5,10,-8,303
38510.0,8,-7,304
38512.5,10,-8,303
38515.0,11,-8,302
38517.5,10,-7,303
38520.0,10,-7,303
38522.5,10,-8,303
38525.0,10,-8,300
38527.5,10,-8,307
38530.0,11,-6,306
38532.5,9,-5,301
38535.0,10,-7,300
38537.5,9,-7,304
38540.0,10,-7,307
38542.5,10,-7,306
38545.0,11,-4,304
38547.5,10,-7,306
38550.0,11,-8,306
38552.5,11,-8,303
38555.0,9,-8,303
38557.5,9,-7,307
38560.0,10,-8,302
38562.5,9,-6,302
38565.0,10,-9,302
38567.5,9,-7,306
38570.0,9,-7,306
38572.5,10,-7,304
38575.0,9,-6,303
38577.5,12,-11,301
38580.0,8,-8,300
38582.5,11,-8,300
38585.0,9,-5,301
38587.5,12,-9,305
38590.0,10,-7,302
38592.5,9,-7,304
38595.0,11,-9,306
38597.5,11,-11,304
38600.0,8,-7,305
38602.5,10,-9,303
38605.0,10,-8,303
38607.5,10,-9,305
38610.0,10,-8,304
38612.5,11,-8,303
38615.0,9,-7,301
38617.5,10,-8,302
38620.0,10,-8,302
38622.5,11,-8,304
38625.0,9,-9,306
38627.5,8,-6,303
38630.0,10,-6,307
38632.5,10,-9,306
38635.0,10,-4,300
38637.5,11,-6,304
38640.0,10,-7,304
38642.5,9,-7,301
38645.0,10,-10,304
38647.5,10,-8,304
38650.0,9,-6,303
38652.5,10,-7,303
38655.0,9,-8,300
38657.5,11,-9,304
38660.0,10,-7,303
38662.5,11,-8,305
38665.0,9,-8,303
38667.5,10,-7,304
38670.0,10,-7,304
38672.5,9,-9,303
38675.0,10,-9,302
38677.5,10,-6,299
38680.0,10,-7,306
38682.5,10,-8,306
38685.0,11,-9,303
38687.5,10,-7,298
38690.0,11,-8,303
38692.5,12,-9,300
38695.0,9,-8,303
38697.5,10,-9,306
38700.0,8,-9,305
38702.5,9,-8,303
38705.0,9,-7,302
38707.5,8,-9,304
38710.0,10,-5,303
38712.5,9,-6,306
38715.0,10,-10,302
38717.5,10,-9,302
38720.0,10,-9,302
38722.5,9,-8,302
38725.0,10,-6,299
38727.5,11,-7,304
38730.0,9,-5,303
38732.5,9,-5,305
38735.0,12,-8,306
38737.5,11,-10,303
38740.0,9,-6,303
38742.5,12,-7,306
38745.0,9,-7,302
38747.5,8,-6,305
38750.0,11,-8,303
38752.5,9,-7,307
38755.0,8,-8,305
38757.5,10,-9,304
38760.0,11,-8,304
38762.5,11,-8,305
38765.0,10,-9,302
38767.5,11,-10,303
38770.0,11,-10,303
38772.5,9,-7,304
38775.0,11,-9,305
38777.5,10,-7,307
38780.0,10,-5,303
38782.5,7,-7,302
38785.0,12,-6,303
38787.5,11,-8,306
38790.0,8,-9,305
38792.5,8,-6,304
38795.0,11,-8,303
38797.5,10,-8,301
38800.0,9,-7,302
38802.5,11,-8,303
38805.0,9,-6,303
38807.5,11,-8,303
38810.0,9,-8,307
38812.5,11,-9,303
38815.0,11,-7,302
38817.5,9,-7,300
38820.0,9,-7,300
38822.5,8,-8,306
38825.0,10,-8,301
38827.5,9,-4,303
38830.0,11,-7,303
38832.5,9,-6,302
38835.0,10,-7,307
38837.5,9,-8,308
38840.0,10,-8,308
38842.5,12,-9,304
38845.0,10,-7,304
38847.5,10,-7,306
38850.0,10,-8,305
38852.5,10,-9,306
38855.0,11,-7,300
38857.5,9,-9,303
38860.0,10,-10,304
38862.5,8,-8,303
38865.0,11,-6,302
38867.5,10,-9,301
38870.0,10,-9,301
38872.5,9,-10,305
38875.0,12,-8,303
38877.5,9,-8,304
38880.0,10,-5,306
38882.5,11,-6,306
38885.0,9,-6,305
38887.5,9,-7,302
38890.0,8,-8,304
38892.5,11,-7,304
38895.0,11,-8,304
38897.5,10,-7,303
38900.0,8,-6,300
38902.5,10,-7,305
38905.0,9,-8,304
38907.5,9,-9,304
38910.0,11,-7,304
38912.5,10,-6,303
38915.0,11,-9,301
38917.5,11,-9,301
38920.0,11,-9,301
38922.5,9,-8,302
38925.0,8,-8,305
38927.5,13,-8,302
38930.0,8,-6,304
38932.5,8,-9,300
38935.0,9,-8,306
38937.5,8,-5,303
38940.0,11,-7,306
38942.5,13,-9,301
38945.0,11,-7,301
38947.5,9,-6,301
38950.0,9,-10,303
38952.5,12,-9,306
38955.0,11,-8,303
38957.5,10,-8,302
38960.0,11,-7,306
38962.5,8,-9,303
38965.0,13,-10,303
38967.5,13,-10,303
38970.0,8,-8,304
38972.5,10,-4,303
38975.0,11,-7,305
38977.5,11,-8,307
38980.0,11,-8,300
38982.5,11,-8,307
38985.0,11,-9,307
38987.5,14,-10,302
38990.0,12,-6,301
38992.5,10,-6,303
38995.0,10,-8,303
38997.5,9,-8,301
39000.0,9,-8,303
39002.5,10,-7,304
39005.0,9,-6,301
39007.5,8,-8,302
39010.0,10,-7,304
39012.5,10,-9,302
39015.0,11,-7,303
39017.5,11,-7,303
39020.0,9,-8,303
39022.5,11,-9,304
39025.0,7,-6,303
39027.5,8,-8,306
39030.0,10,-7,303
39032.5,9,-9,305
39035.0,11,-9,302
39037.5,10,-6,302
39040.0,11,-9,306
39042.5,10,-6,300
39045.0,9,-8,304
39047.5,12,-8,304
39050.0,12,-8,304
39052.5,11,-8,303
39055.0,10,-6,302
39057.5,9,-8,305
39060.0,9,-6,301
39062.5,8,-7,304
39065.0,9,-11,302
39067.5,9,-11,302
39070.0,9,-10,304
39072.5,9,-8,306
39075.0,9,-9,302
39077.5,10,-8,303
39080.0,10,-9,301
39082.5,10,-7,306
39085.0,12,-10,306
39087.5,13,-7,302
39090.0,10,-8,300
39092.5,11,-7,302
39095.0,11,-7,303
39097.5,9,-7,302
39100.0,10,-9,302
39102.5,11,-7,302
39105.0,9,-8,303
39107.5,12,-8,301
39110.0,12,-9,303
39112.5,9,-12,304
39115.0,10,-7,304
39117.5,10,-7,304
39120.0,10,-6,304
39122.5,11,-8,305
39125.0,11,-6,302
39127.5,11,-6,304
39130.0,8,-9,305
39132.5,11,-8,305
39135.0,12,-9,307
39137.5,10,-9,305
39140.0,11,-8,304
39142.5,10,-7,298
39145.0,12,-6,303
39147.5,10,-6,304
39150.0,8,-7,301
39152.5,11,-8,304
39155.0,10,-8,304
39157.5,9,-9,303
39160.0,11,-9,303
39162.5,9,-8,297
39165.0,8,-7,303
39167.5,8,-7,303
39170.0,8,-9,303
39172.5,10,-9,304
39175.0,10,-7,303
39177.5,11,-4,304
39180.0,10,-4,307
39182.5,11,-4,306
39185.0,9,-7,305
39187.5,9,-8,301
39190.0,11,-8,306
39192.5,12,-9,300
39195.0,11,-8,300
39197.5,10,-5,303
39200.0,10,-6,302
39202.5,10,-9,301
39205.0,12,-11,302
39207.5,10,-7,303
39210.0,10,-10,300
39212.5,11,-10,301
39215.0,10,-7,303
39217.5,10,-7,303
39220.0,11,-8,302
39222.5,11,-8,303
39225.0,10,-8,301
39227.5,7,-10,303
39230.0,11,-6,299
39232.5,12,-9,307
39235.0,12,-9,304
39237.5,10,-6,303
39240.0,13,-9,305
39242.5,8,-9,301
39245.0,11,-10,305
39247.5,10,-10,305
39250.0,9,-8,306
39252.5,12,-9,305
39255.0,10,-7,303
39257.5,12,-8,301
39260.0,11,-9,300
39262.5,10,-9,300
39265.0,10,-8,300
39267.5,10,-8,300
39270.0,11,-5,302
39272.5,10,-8,303
39275.0,9,-8,304
39277.5,12,-9,300
39280.0,10,-9,306
39282.5,12,-9,302
39285.0,10,-6,304
39287.5,11,-8,302
39290.0,9,-7,302
39292.5,11,-7,305
39295.0,11,-7,303
39297.5,10,-8,303
39300.0,8,-8,302
39302.5,10,-7,302
39305.0,10,-9,303
39307.5,10,-8,302
39310.0,10,-7,302
39312.5,9,-7,301
39315.0,10,-9,302
39317.5,10,-9,302
39320.0,8,-8,304
39322.5,12,-10,305
39325.0,10,-8,304
39327.5,12,-8,305
39330.0,10,-10,304
39332.5,11,-7,301
39335.0,10,-6,303
39337.5,9,-7,305
39340.0,10,-6,305
39342.5,8,-7,303
39345.0,11,-8,306
39347.5,11,-10,304
39350.0,9,-8,304
39352.5,9,-5,303
39355.0,10,-11,304
39357.5,10,-8,304
39360.0,12,-8,304
39362.5,10,-12,300
39365.0,10,-8,303
39367.5,10,-8,303
39370.0,11,-10,301
39372.5,12,-8,306
39375.0,12,-4,301
39377.5,10,-7,301
39380.0,7,-7,302
39382.5,10,-5,305
39385.0,11,-6,304
39387.5,9,-7,305
39390.0,10,-5,305
39392.5,10,-7,300
39395.0,10,-6,301
39397.5,9,-7,303
39400.0,11,-8,302
39402.5,11,-8,304
39405.0,10,-8,299
39407.5,9,-9,302
39410.0,9,-9,302
39412.5,12,-8,304
39415.0,10,-10,304
39417.5,10,-10,304
39420.0,10,-7,300
39422.5,10,-8,303
39425.0,11,-8,301
39427.5,11,-9,309
39430.0,9,-7,304
39432.5,13,-10,303
39435.0,11,-5,305
39437.5,9,-6,305
39440.0,11,-7,303
39442.5,8,-6,302
39445.0,11,-7,303
39447.5,8,-7,301
39450.0,10,-8,299
39452.5,11,-9,304
39455.0,10,-11,301
39457.5,10,-9,304
39460.0,9,-7,303
39462.5,9,-7,301
39465.0,9,-7,301
39467.5,9,-8,303
39470.0,9,-6,304
39472.5,9,-8,307
39475.0,13,-8,305
39477.5,11,-8,304
39480.0,9,-8,304
39482.5,9,-7,302
39485.0,11,-6,307
39487.5,10,-8,306
39490.0,11,-5,304
39492.5,10,-8,306
39495.0,9,-9,303
39497.5,9,-8,302
39500.0,8,-8,303
39502.5,9,-9,304
39505.0,9,-7,305
39507.5,8,-8,303
39510.0,8,-9,303
39512.5,10,-6,302
39515.0,10,-6,302
39517.5,8,-9,302
39520.0,9,-7,303
39522.5,11,-10,304
39525.0,11,-12,305
39527.5,11,-6,297
39530.0,9,-6,302
39532.5,12,-9,306
39535.0,11,-9,305
39537.5,9,-7,304
39540.0,10,-7,304
39542.5,10,-8,303
39545.0,9,-7,301
39547.5,9,-6,303
39550.0,10,-7,304
39552.5,11,-8,304
39555.0,9,-8,303
39557.5,9,-8,302
39560.0,11,-8,301
39562.5,7,-9,302
39565.0,7,-9,302
39567.5,12,-9,306
39570.0,11,-8,303
39572.5,8,-9,304
39575.0,10,-6,300
39577.5,10,-8,301
39580.0,11,-8,308
39582.5,12,-5,303
39585.0,9,-7,307
39587.5,9,-5,302
39590.0,11,-6,307
39592.5,10,-5,304
39595.0,8,-7,303
39597.5,11,-11,304
39600.0,8,-7,305
39602.5,11,-9,301
39605.0,7,-8,302
39607.5,10,-8,304
39610.0,11,-9,300
39612.5,10,-8,304
39615.0,10,-8,304
39617.5,9,-6,306
39620.0,12,-10,302
39622.5,9,-8,304
39625.0,10,-7,302
39627.5,10,-8,304
39630.0,9,-7,304
39632.5,10,-8,302
39635.0,10,-7,303
39637.5,10,-5,305
39640.0,10,-5,304
39642.5,10,-8,304
39645.0,7,-5,302
39647.5,8,-8,303
39650.0,9,-8,303
39652.5,8,-5,300
39655.0,9,-10,302
39657.5,9,-9,305
39660.0,11,-6,304
39662.5,10,-10,304
39665.0,10,-10,304
39667.5,10,-7,300
39670.0,12,-9,304
39672.5,12,-8,304
39675.0,10,-7,302
39677.5,10,-8,297
39680.0,9,-3,304
39682.5,11,-9,305
39685.0,9,-6,302
39687.5,9,-6,303
39690.0,11,-9,303
39692.5,9,-8,303
39695.0,10,-9,303
39697.5,7,-7,302
39700.0,7,-7,302
39702.5,11,-10,302
39705.0,10,-7,305
39707.5,9,-7,307
39710.0,12,-9,302
39712.5,9,-8,304
39715.0,9,-8,304
39717.5,8,-8,301
39720.0,10,-8,305
39722.5,10,-8,306
39725.0,10,-6,303
39727.5,9,-6,303
39730.0,10,-4,306
39732.5,11,-7,305
39735.0,10,-9,303
39737.5,11,-7,303
39740.0,11,-8,303
39742.5,11,-7,303
39745.0,10,-7,304
39747.5,10,-7,303
39750.0,11,-7,304
39752.5,11,-10,304
39755.0,11,-7,305
39757.5,9,-7,304
39760.0,9,-7,301
39762.5,10,-8,303
39765.0,10,-8,303
39767.5,11,-9,302
39770.0,9,-9,304
39772.5,11,-8,303
39775.0,9,-9,301
39777.5,8,-5,301
39780.0,9,-6,303
39782.5,10,-7,302
39785.0,9,-7,302
39787.5,9,-6,304
39790.0,11,-7,299
39792.5,11,-8,300
39795.0,11,-9,300
39797.5,10,-9,303
39800.0,11,-9,302
39802.5,10,-8,301
39805.0,11,-8,304
39807.5,11,-10,304
39810.0,11,-10,302
39812.5,10,-7,304
39815.0,10,-7,304
39817.5,9,-9,303
39820.0,10,-6,305
39822.5,11,-8,304
39825.0,12,-7,302
39827.5,10,-7,305
39830.0,12,-5,303
39832.5,10,-5,304
39835.0,12,-6,302
39837.5,9,-6,304
39840.0,10,-8,300
39842.5,8,-5,299
39845.0,11,-9,300
39847.5,13,-10,306
39850.0,11,-8,302
39852.5,9,-9,303
39855.0,11,-9,302
39857.5,9,-8,303
39860.0,12,-8,301
39862.5,10,-9,304
39865.0,10,-9,304
39867.5,8,-8,304
39870.0,9,-10,302
39872.5,10,-10,305
39875.0,9,-6,305
39877.5,9,-6,302
39880.0,8,-6,304
39882.5,10,-8,303
39885.0,13,-8,302
39887.5,10,-7,303
39890.0,9,-8,303
39892.5,10,-9,307
39895.0,10,-9,301
39897.5,9,-9,307
39900.0,8,-8,304
39902.5,11,-10,303
39905.0,8,-8,302
39907.5,8,-7,302
39910.0,8,-10,305
39912.5,9,-8,303
39915.0,9,-8,303
39917.5,11,-9,299
39920.0,10,-7,304
39922.5,12,-8,304
39925.0,10,-8,304
39927.5,7,-9,301
39930.0,10,-6,300
39932.5,12,-8,306
39935.0,11,-8,304
39937.5,11,-8,302
39940.0,9,-9,304
39942.5,9,-7,301
39945.0,8,-8,306
39947.5,10,-8,305
39950.0,9,-8,303
39952.5,8,-8,304
39955.0,10,-8,304
39957.5,10,-8,302
39960.0,8,-4,304
39962.5,10,-9,305
39965.0,10,-9,305
39967.5,8,-6,299
39970.0,10,-9,308
39972.5,12,-9,308
39975.0,10,-9,302
39977.5,9,-8,304
39980.0,14,-8,308
39982.5,10,-7,302
39985.0,10,-6,303
39987.5,10,-8,305
39990.0,9,-8,305
39992.5,11,-9,304
39995.0,12,-9,308
39997.5,11,-10,303
40000.0,12,-8,303
40002.5,9,-7,303
40005.0,10,-11,299
40007.5,9,-10,303
40010.0,9,-11,302
40012.5,9,-11,302
40015.0,10,-9,302
40017.5,13,-9,305
40020.0,11,-7,304
40022.5,11,-4,300
40025.0,9,-8,300
40027.5,10,-6,305
40030.0,8,-7,304
40032.5,9,-7,305
40035.0,11,-9,306
40037.5,10,-8,302
40040.0,11,-7,303
40042.5,11,-8,305
40045.0,9,-7,301
40047.5,11,-8,302
40050.0,10,-7,302
40052.5,12,-11,304
40055.0,9,-8,302
40057.5,9,-9,305
40060.0,9,-8,306
40062.5,9,-8,306
40065.0,11,-9,304
40067.5,9,-8,301
40070.0,9,-7,305
40072.5,8,-8,302
40075.0,7,-4,305
40077.5,10,-7,309
40080.0,13,-7,304
40082.5,11,-10,301
40085.0,11,-7,306
40087.5,11,-7,301
40090.0,9,-7,302
40092.5,11,-7,304
40095.0,8,-8,300
40097.5,10,-6,304
40100.0,8,-8,304
40102.5,7,-6,303
40105.0,9,-9,303
40107.5,10,-9,302
40110.0,9,-8,302
40112.5,9,-8,302
40115.0,10,-10,303
40117.5,8,-8,299
40120.0,11,-8,306
40122.5,9,-3,305
40125.0,8,-6,305
40127.5,10,-8,307
40130.0,10,-8,306
40132.5,8,-9,306
40135.0,11,-6,305
40137.5,11,-9,304
40140.0,13,-8,304
40142.5,9,-8,302
40145.0,11,-9,302
40147.5,9,-7,305
40150.0,8,-9,302
40152.5,10,-10,305
40155.0,9,-9,304
40157.5,9,-10,307
40160.0,8,-8,304
40162.5,8,-8,304
40165.0,9,-8,304
40167.5,10,-7,304
40170.0,11,-9,302
40172.5,10,-8,301
40175.0,11,-8,303
40177.5,11,-7,305
40180.0,12,-8,302
40182.5,9,-10,303
40185.0,9,-8,303
40187.5,11,-9,305
40190.0,10,-8,304
40192.5,10,-7,303
40195.0,9,-8,308
40197.5,9,-9,303
40200.0,11,-8,301
40202.5,9,-7,304
40205.0,9,-8,301
40207.5,12,-10,303
40210.0,12,-10,302
40212.5,12,-10,302
40215.0,9,-7,303
40217.5,9,-6,301
40220.0,10,-7,307
40222.5,10,-9,307
40225.0,10,-9,304
40227.5,10,-8,309
40230.0,11,-9,308
40232.5,11,-9,302
40235.0,11,-6,304
40237.5,9,-8,302
40240.0,10,-8,301
40242.5,9,-6,305
40245.0,10,-7,305
40247.5,11,-7,300
40250.0,9,-8,301
40252.5,9,-9,305
40255.0,11,-7,304
40257.5,11,-8,306
40260.0,10,-10,299
40262.5,10,-10,299
40265.0,11,-7,300
40267.5,9,-8,306
40270.0,9,-6,305
40272.5,10,-7,302
40275.0,12,-7,303
40277.5,11,-7,304
40280.0,9,-6,301
40282.5,10,-7,302
40285.0,13,-9,302
40287.5,8,-6,299
40290.0,9,-8,303
40292.5,10,-8,304
40295.0,10,-11,301
40297.5,11,-9,300
40300.0,11,-8,305
40302.5,8,-8,300
40305.0,10,-6,304
40307.5,7,-10,302
40310.0,7,-6,302
40312.5,7,-6,302
40315.0,9,-8,301
40317.5,9,-6,302
40320.0,11,-5,305
40322.5,10,-7,301
40325.0,9,-8,303
40327.5,11,-9,304
40330.0,11,-8,304
40332.5,9,-6,304
40335.0,10,-8,303
40337.5,11,-7,304
40340.0,9,-7,302
40342.5,11,-9,303
40345.0,8,-10,305
40347.5,11,-9,300
40350.0,10,-9,303
40352.5,9,-8,300
40355.0,10,-8,304
40357.5,10,-9,301
40360.0,10,-10,302
40362.5,10,-10,302
40365.0,8,-9,303
40367.5,8,-8,303
40370.0,11,-5,305
40372.5,10,-7,305
40375.0,9,-9,305
40377.5,10,-9,307
40380.0,8,-8,308
40382.5,10,-8,302
40385.0,11,-6,302
40387.5,10,-6,302
40390.0,10,-6,304
40392.5,10,-10,303
40395.0,9,-6,305
40397.5,11,-8,303
40400.0,10,-11,304
40402.5,9,-4,305
40405.0,8,-8,303
40407.5,9,-6,303
40410.0,9,-6,303
40412.5,9,-9,303
40415.0,10,-9,303
40417.5,11,-9,298
40420.0,11,-5,304
40422.5,11,-5,301
40425.0,8,-5,302
40427.5,10,-5,303
40430.0,9,-7,304
40432.5,11,-8,302
40435.0,9,-7,302
40437.5,9,-6,304
40440.0,10,-5,302
40442.5,10,-7,302
40445.0,10,-8,301
40447.5,11,-8,304
40450.0,8,-8,305
40452.5,10,-10,304
40455.0,11,-7,303
40457.5,9,-9,303
40460.0,9,-9,303
40462.5,11,-10,302
40465.0,7,-8,303
40467.5,11,-7,304
40470.0,12,-8,303
40472.5,9,-5,299
40475.0,10,-8,300
40477.5,12,-9,303
40480.0,9,-8,301
40482.5,9,-7,304
40485.0,10,-8,301
40487.5,9,-8,305
40490.0,10,-9,306
40492.5,10,-7,303
40495.0,9,-6,306
40497.5,9,-6,302
40500.0,11,-8,302
40502.5,10,-9,301
40505.0,11,-7,303
40507.5,10,-7,302
40510.0,10,-7,302
40512.5,10,-7,304
40515.0,8,-6,302
40517.5,9,-6,305
40520.0,12,-7,303
40522.5,11,-8,302
40525.0,13,-7,302
40527.5,11,-8,305
40530.0,10,-4,304
40532.5,11,-7,303
40535.0,8,-7,307
40537.5,7,-6,304
40540.0,9,-7,303
40542.5,8,-6,302
40545.0,11,-7,301
40547.5,11,-8,307
40550.0,8,-8,304
40552.5,9,-9,304
40555.0,9,-9,305
40557.5,9,-9,304
40560.0,9,-9,304
40562.5,10,-9,300
40565.0,9,-8,302
40567.5,7,-7,301
40570.0,10,-5,303
40572.5,11,-10,302
40575.0,9,-8,304
40577.5,10,-8,305
40580.0,9,-9,302
40582.5,11,-7,306
40585.0,10,-4,303
40587.5,9,-6,302
40590.0,8,-6,304
40592.5,11,-9,301
40595.0,13,-8,303
40597.5,12,-8,305
40600.0,11,-10,302
40602.5,10,-8,303
40605.0,8,-7,301
40607.5,9,-8,302
40610.0,9,-8,302
40612.5,11,-8,307
40615.0,7,-9,303
40617.5,10,-10,305
40620.0,11,-11,301
40622.5,9,-8,303
40625.0,8,-5,306
40627.5,12,-8,306
40630.0,10,-9,305
40632.5,8,-7,304
40635.0,10,-7,306
40637.5,10,-5,305
40640.0,10,-5,301
40642.5,11,-7,303
40645.0,11,-9,304
40647.5,9,-10,303
40650.0,10,-9,299
40652.5,8,-7,305
40655.0,10,-8,303
40657.5,11,-7,306
40660.0,11,-7,306
40662.5,9,-6,304
40665.0,10,-5,301
40667.5,9,-8,305
40670.0,12,-6,304
40672.5,10,-8,304
40675.0,12,-6,308
40677.5,13,-9,301
40680.0,10,-8,306
40682.5,11,-8,307
40685.0,9,-7,303
40687.5,11,-8,301
40690.0,9,-7,302
40692.5,10,-8,305
40695.0,11,-10,302
40697.5,10,-7,304
40700.0,10,-8,303
40702.5,11,-10,304
40705.0,11,-7,301
40707.5,9,-6,302
40710.0,9,-6,302
40712.5,8,-8,305
40715.0,11,-8,304
40717.5,9,-9,304
40720.0,11,-7,301
40722.5,8,-4,304
40725.0,8,-6,305
40727.5,11,-10,305
40730.0,9,-5,309
40732.5,10,-8,304
40735.0,10,-9,301
40737.5,8,-6,303
40740.0,11,-6,304
40742.5,9,-6,304
40745.0,11,-9,305
40747.5,10,-8,302
40750.0,8,-8,303
40752.5,11,-7,302
40755.0,8,-7,302
40757.5,10,-7,304
40760.0,10,-7,304
40762.5,11,-10,306
40765.0,11,-9,300
40767.5,12,-8,303
40770.0,11,-7,303
40772.5,10,-8,305
40775.0,12,-6,305
40777.5,9,-7,306
40780.0,10,-6,302
40782.5,11,-5,309
40785.0,8,-5,300
40787.5,8,-7,301
40790.0,10,-8,304
40792.5,9,-9,305
40795.0,10,-9,304
40797.5,8,-4,301
40800.0,11,-7,303
40802.5,8,-7,303
40805.0,9,-8,304
40807.5,11,-8,303
40810.0,11,-8,303
40812.5,11,-9,299
40815.0,10,-5,301
40817.5,9,-6,305
40820.0,10,-9,305
40822.5,9,-4,304
40825.0,9,-7,304
40827.5,9,-11,304
40830.0,11,-8,304
40832.5,11,-6,304
40835.0,8,-6,302
40837.5,9,-5,301
40840.0,9,-6,300
40842.5,11,-7,305
40845.0,10,-6,304
40847.5,11,-10,303
40850.0,10,-8,303
40852.5,9,-6,305
40855.0,11,-10,306
40857.5,10,-9,303
40860.0,10,-9,303
40862.5,9,-8,301
40865.0,11,-10,300
40867.5,11,-7,305
40870.0,8,-7,303
40872.5,12,-7,304
40875.0,11,-6,305
40877.5,8,-5,301
40880.0,11,-8,300
40882.5,11,-8,307
40885.0,9,-8,304
40887.5,10,-8,303
40890.0,9,-8,299
40892.5,10,-9,303
40895.0,8,-6,304
40897.5,9,-6,303
40900.0,11,-6,306
40902.5,9,-8,304
40905.0,10,-7,305
40907.5,10,-7,305
40910.0,10,-7,301
40912.5,10,-7,305
40915.0,9,-8,302
40917.5,7,-5,301
40920.0,11,-7,302
40922.5,11,-9,301
40925.0,11,-7,304
40927.5,10,-4,303
40930.0,12,-8,304
40932.5,9,-7,303
40935.0,9,-9,301
40937.5,11,-7,305
40940.0,13,-9,302
40942.5,11,-8,301
40945.0,9,-7,306
40947.5,8,-6,302
40950.0,9,-7,302
40952.5,12,-10,303
40955.0,11,-8,305
40957.5,11,-8,305
40960.0,10,-7,308
40962.5,11,-10,300
40965.0,9,-6,302
40967.5,11,-7,304
40970.0,12,-9,306
40972.5,10,-8,305
40975.0,8,-7,299
40977.5,10,-7,304
40980.0,11,-9,301
40982.5,10,-7,302
40985.0,11,-8,305
40987.5,10,-5,301
40990.0,8,-9,306
40992.5,9,-8,306
40995.0,11,-11,306
40997.5,12,-6,302
41000.0,11,-8,300
41002.5,10,-8,302
41005.0,10,-6,303
41007.5,10,-6,303
41010.0,9,-8,306
41012.5,9,-7,300
41015.0,11,-6,304
41017.5,12,-7,306
41020.0,11,-6,302
41022.5,9,-5,304
41025.0,12,-7,303
41027.5,10,-6,305
41030.0,10,-6,303
41032.5,7,-7,307
41035.0,9,-7,307
41037.5,11,-9,302
41040.0,11,-9,306
41042.5,11,-6,302
41045.0,9,-9,304
41047.5,8,-6,301
41050.0,9,-9,301
41052.5,10,-11,302
41055.0,7,-7,307
41057.5,7,-7,307
41060.0,10,-10,303
41062.5,7,-6,302
41065.0,7,-8,303
41067.5,13,-8,306
41070.0,8,-7,302
41072.5,8,-7,305
41075.0,11,-6,307
41077.5,10,-8,306
41080.0,11,-6,308
41082.5,11,-6,304
41085.0,12,-6,305
41087.5,10,-8,301
41090.0,10,-9,303
41092.5,12,-7,302
41095.0,9,-10,304
41097.5,9,-8,302
41100.0,11,-8,301
41102.5,11,-7,300
41105.0,9,-9,302
41107.5,9,-9,302
41110.0,10,-7,301
41112.5,10,-8,305
41115.0,11,-10,307
41117.5,11,-10,304
41120.0,10,-9,303
41122.5,12,-7,301
41125.0,10,-8,306
41127.5,11,-7,307
41130.0,11,-9,306
41132.5,9,-9,300
41135.0,12,-8,305
41137.5,10,-7,302
41140.0,8,-8,303
41142.5,8,-7,303
41145.0,8,-8,303
41147.5,7,-9,300
41150.0,10,-8,302
41152.5,10,-7,303
41155.0,8,-8,301
41157.5,8,-8,301
41160.0,8,-8,302
41162.5,11,-8,305
41165.0,9,-7,303
41167.5,10,-6,302
41170.0,8,-10,304
41172.5,12,-9,305
41175.0,10,-4,307
41177.5,10,-8,306
41180.0,11,-7,307
41182.5,9,-10,304
41185.0,10,-4,303
41187.5,8,-6,303
41190.0,10,-8,301
41192.5,8,-7,305
41195.0,11,-8,300
41197.5,8,-9,303
41200.0,10,-8,303
41202.5,10,-6,302
41205.0,11,-8,303
41207.5,11,-8,303
41210.0,8,-7,300
41212.5,9,-10,307
41215.0,10,-8,305
41217.5,7,-8,303
41220.0,12,-8,300
41222.5,11,-8,305
41225.0,10,-7,304
41227.5,10,-9,305
41230.0,9,-7,300
41232.5,10,-7,305
41235.0,8,-9,304
41237.5,9,-8,305
41240.0,12,-9,300
41242.5,10,-6,305
41245.0,10,-6,302
41247.5,11,-8,301
41250.0,10,-8,303
41252.5,9,-8,303
41255.0,8,-7,300
41257.5,8,-7,300
41260.0,12,-8,304
41262.5,13,-8,303
41265.0,12,-8,304
41267.5,13,-9,303
41270.0,10,-5,300
41272.5,8,-5,297
41275.0,8,-6,304
41277.5,10,-10,304
41280.0,10,-6,300
41282.5,12,-7,303
41285.0,13,-10,305
41287.5,9,-9,303
41290.0,10,-7,306
41292.5,11,-9,302
41295.0,9,-7,303
41297.5,10,-7,304
41300.0,8,-7,305
41302.5,9,-9,303
41305.0,11,-9,303
41307.5,11,-9,303
41310.0,8,-7,304
41312.5,11,-9,301
41315.0,11,-3,305
41317.5,11,-7,306
41320.0,10,-10,303
41322.5,8,-7,302
41325.0,9,-9,305
41327.5,12,-9,307
41330.0,9,-6,303
41332.5,9,-10,305
41335.0,11,-8,303
41337.5,10,-8,303
41340.0,10,-7,302
41342.5,11,-9,304
41345.0,8,-8,304
41347.5,11,-10,303
41350.0,11,-9,304
41352.5,9,-8,298
41355.0,9,-8,298
41357.5,11,-8,299
41360.0,12,-10,307
41362.5,9,-8,305
41365.0,12,-9,305
41367.5,10,-8,302
41370.0,11,-7,303
41372.5,13,-9,305
41375.0,9,-7,301
41377.5,10,-7,304
41380.0,11,-5,305
41382.5,8,-7,306
41385.0,11,-9,304
41387.5,10,-5,303
41390.0,11,-9,301
41392.5,8,-8,302
41395.0,8,-6,304
41397.5,11,-8,306
41400.0,7,-6,302
41402.5,10,-8,304
41405.0,10,-8,304
41407.5,9,-9,306
41410.0,9,-7,300
41412.5,9,-5,303
41415.0,10,-8,302
41417.5,11,-10,305
41420.0,11,-8,305
41422.5,8,-7,301
41425.0,14,-9,306
41427.5,14,-6,300
41430.0,8,-6,303
41432.5,7,-3,303
41435.0,10,-8,302
41437.5,8,-7,300
41440.0,9,-8,303
41442.5,12,-9,304
41445.0,10,-7,305
41447.5,10,-8,303
41450.0,9,-9,303
41452.5,9,-5,303
41455.0,9,-5,303
41457.5,12,-7,303
41460.0,10,-8,302
41462.5,8,-8,304
41465.0,11,-8,303
41467.5,11,-9,302
41470.0,10,-7,304
41472.5,11,-7,302
41475.0,11,-8,301
41477.5,10,-8,301
41480.0,8,-7,305
41482.5,9,-10,304
41485.0,9,-7,301
41487.5,9,-9,301
41490.0,8,-6,302
41492.5,9,-9,302
41495.0,12,-9,302
41497.5,9,-6,302
41500.0,6,-6,303
41502.5,11,-9,302
41505.0,11,-9,302
41507.5,10,-8,304
41510.0,10,-7,302
41512.5,10,-8,303
41515.0,11,-8,309
41517.5,8,-9,303
41520.0,8,-6,304
41522.5,11,-8,304
41525.0,11,-7,306
41527.5,10,-8,304
41530.0,10,-6,305
41532.5,10,-5,303
41535.0,8,-6,299
41537.5,11,-9,303
41540.0,9,-8,306
41542.5,9,-6,304
41545.0,9,-8,304
41547.5,11,-8,301
41550.0,10,-9,300
41552.5,12,-9,304
41555.0,12,-9,304
41557.5,11,-8,303
41560.0,9,-10,305
41562.5,11,-8,305
41565.0,7,-8,301
41567.5,8,-6,304
41570.0,9,-7,302
41572.5,12,-9,307
41575.0,10,-7,305
41577.5,9,-6,303
41580.0,10,-5,302
41582.5,10,-9,303
41585.0,10,-8,303
41587.5,9,-7,302
41590.0,12,-9,304
41592.5,9,-8,302
41595.0,9,-6,302
41597.5,11,-8,303
41600.0,10,-9,303
41602.5,10,-8,301
41605.0,10,-8,301
41607.5,9,-6,304
41610.0,8,-6,304
41612.5,9,-7,303
41615.0,11,-7,303
41617.5,11,-9,302
41620.0,12,-4,302
41622.5,11,-7,304
41625.0,9,-8,302
41627.5,8,-4,307
41630.0,9,-7,304
41632.5,10,-8,303
41635.0,10,-8,303
41637.5,10,-9,302
41640.0,9,-7,304
41642.5,11,-9,303
41645.0,12,-8,301
41647.5,10,-8,301
41650.0,7,-9,304
41652.5,8,-9,304
41655.0,8,-9,304
41657.5,9,-7,305
41660.0,8,-8,302
41662.5,9,-7,305
41665.0,7,-6,305
41667.5,9,-8,304
41670.0,9,-6,303
41672.5,11,-12,303
41675.0,10,-11,305
41677.5,10,-5,305
41680.0,8,-8,301
41682.5,11,-9,304
41685.0,8,-7,306
41687.5,10,-9,305
41690.0,8,-8,305
41692.5,10,-9,303
41695.0,10,-10,304
41697.5,9,-7,305
41700.0,10,-9,303
41702.5,10,-8,301
41705.0,10,-8,301
41707.5,10,-8,302
41710.0,10,-8,304
41712.5,9,-5,305
41715.0,9,-11,304
41717.5,11,-9,308
41720.0,9,-9,302
41722.5,9,-8,298
41725.0,11,-6,304
41727.5,10,-7,301
41730.0,8,-7,300
41732.5,9,-8,304
41735.0,7,-8,305
41737.5,10,-6,301
41740.0,11,-8,304
41742.5,8,-8,303
41745.0,9,-8,304
41747.5,10,-7,303
41750.0,10,-8,301
41752.5,11,-9,301
41755.0,11,-9,301
41757.5,10,-7,302
41760.0,8,-7,301
41762.5,10,-7,299
41765.0,9,-7,303
41767.5,8,-8,304
41770.0,8,-7,304
41772.5,10,-7,305
41775.0,10,-7,305
41777.5,10,-6,303
41780.0,9,-6,302
41782.5,10,-8,304
41785.0,8,-7,300
41787.5,9,-8,305
41790.0,8,-7,304
41792.5,11,-10,301
41795.0,9,-9,302
41797.5,10,-9,301
41800.0,9,-8,303
41802.5,9,-8,303
41805.0,8,-9,304
41807.5,9,-9,301
41810.0,8,-8,302
41812.5,11,-5,303
41815.0,11,-6,306
41817.5,11,-8,302
41820.0,8,-6,302
41822.5,12,-9,303
41825.0,10,-8,304
41827.5,9,-6,302
41830.0,9,-7,303
41832.5,11,-8,301
41835.0,10,-7,303
41837.5,12,-8,303
41840.0,11,-10,305
41842.5,8,-7,302
41845.0,9,-8,303
41847.5,10,-7,305
41850.0,11,-8,304
41852.5,11,-8,304
41855.0,11,-5,304
41857.5,11,-10,298
41860.0,11,-7,301
41862.5,12,-11,301
41865.0,12,-12,304
41867.5,10,-8,305
41870.0,11,-8,306
41872.5,11,-5,301
41875.0,11,-10,301
41877.5,9,-6,301
41880.0,13,-9,305
41882.5,9,-7,304
41885.0,9,-8,302
41887.5,9,-7,303
41890.0,10,-7,302
41892.5,10,-7,304
41895.0,11,-10,305
41897.5,9,-8,306
41900.0,11,-8,304
41902.5,11,-8,304
41905.0,10,-6,301
41907.5,11,-8,303
41910.0,12,-9,303
41912.5,11,-9,302
41915.0,9,-6,302
41917.5,9,-5,303
41920.0,10,-9,303
41922.5,11,-7,304
41925.0,11,-6,307
41927.5,8,-9,302
41930.0,11,-7,304
41932.5,12,-10,306
41935.0,9,-7,303
41937.5,9,-7,303
41940.0,9,-9,304
41942.5,11,-9,302
41945.0,9,-8,303
41947.5,10,-9,305
41950.0,10,-7,304
41952.5,10,-7,304
41955.0,10,-9,305
41957.5,10,-7,301
41960.0,9,-6,304
41962.5,12,-8,304
41965.0,12,-9,306
41967.5,11,-8,304
41970.0,12,-5,300
41972.5,9,-5,301
41975.0,9,-5,302
41977.5,9,-7,303
41980.0,11,-10,305
41982.5,10,-9,305
41985.0,10,-9,306
41987.5,10,-8,303
41990.0,10,-7,302
41992.5,9,-9,305
41995.0,11,-9,303
41997.5,11,-10,304
42000.0,12,-11,302
42002.5,12,-11,302
42005.0,9,-7,306
42007.5,9,-6,305
42010.0,11,-8,309
42012.5,9,-6,307
42015.0,8,-6,305
42017.5,8,-5,303
42020.0,6,-8,302
42022.5,8,-9,305
42025.0,11,-7,305
42027.5,10,-9,301
42030.0,10,-8,305
42032.5,11,-6,303
42035.0,11,-9,304
42037.5,10,-9,302
42040.0,8,-10,306
42042.5,8,-7,303
42045.0,10,-9,303
42047.5,9,-9,302
42050.0,10,-8,306
42052.5,10,-8,306
42055.0,10,-9,304
42057.5,12,-8,305
42060.0,10,-4,304
42062.5,8,-6,305
42065.0,12,-8,306
42067.5,11,-9,303
42070.0,7,-5,300
42072.5,10,-6,304
42075.0,12,-9,304
42077.5,7,-7,302
42080.0,9,-6,301
42082.5,10,-7,305
42085.0,10,-8,302
42087.5,10,-7,304
42090.0,9,-9,303
42092.5,11,-8,301
42095.0,8,-8,305
42097.5,9,-7,301
42100.0,11,-9,303
42102.5,11,-9,303
42105.0,10,-8,301
42107.5,9,-9,303
42110.0,12,-8,304
42112.5,10,-6,301
42115.0,14,-8,304
42117.5,12,-6,305
42120.0,9,-6,302
42122.5,10,-4,307
42125.0,10,-5,307
42127.5,11,-10,301
42130.0,9,-9,305
42132.5,9,-9,303
42135.0,11,-9,304
42137.5,13,-10,305
42140.0,11,-9,303
42142.5,11,-7,302
42145.0,10,-7,302
42147.5,11,-10,304
42150.0,11,-10,304
42152.5,10,-8,301
42155.0,11,-7,304
42157.5,9,-7,304
42160.0,11,-7,299
42162.5,9,-9,302
42165.0,11,-10,307
42167.5,13,-7,305
42170.0,9,-5,300
42172.5,13,-7,306
42175.0,10,-7,300
42177.5,10,-7,301
42180.0,11,-8,305
42182.5,9,-7,303
42185.0,10,-8,302
42187.5,9,-9,305
42190.0,10,-6,305
42192.5,8,-8,303
42195.0,8,-6,304
42197.5,9,-5,305
42200.0,9,-5,305
42202.5,10,-9,303
42205.0,10,-4,305
42207.5,10,-9,302
42210.0,10,-5,305
42212.5,14,-8,306
42215.0,9,-8,309
42217.5,9,-8,302
42220.0,11,-6,301
42222.5,10,-7,300
42225.0,8,-7,300
42227.5,9,-8,302
42230.0,10,-8,301
42232.5,11,-10,300
42235.0,10,-9,304
42237.5,10,-8,303
42240.0,10,-8,303
42242.5,10,-8,300
42245.0,7,-6,303
42247.5,10,-9,301
42250.0,10,-9,301
42252.5,11,-8,302
42255.0,8,-7,300
42257.5,10,-8,307
42260.0,12,-11,303
42262.5,9,-6,298
42265.0,11,-6,306
42267.5,11,-6,305
42270.0,7,-8,304
42272.5,9,-9,308
42275.0,9,-7,300
42277.5,11,-9,306
42280.0,11,-8,303
42282.5,9,-11,303
42285.0,10,-8,303
42287.5,12,-8,303
42290.0,10,-6,304
42292.5,12,-9,304
42295.0,9,-10,302
42297.5,9,-8,303
42300.0,9,-8,303
42302.5,11,-8,303
42305.0,11,-10,301
42307.5,12,-10,304
42310.0,11,-6,303
42312.5,9,-9,304
42315.0,10,-7,299
42317.5,9,-8,305
42320.0,9,-6,303
42322.5,11,-7,306
42325.0,10,-5,305
42327.5,10,-7,302
42330.0,12,-7,304
42332.5,11,-9,304
42335.0,8,-9,302
42337.5,7,-8,301
42340.0,9,-6,303
42342.5,8,-10,302
42345.0,9,-9,303
42347.5,10,-9,302
42350.0,10,-9,302
42352.5,9,-9,304
42355.0,10,-10,306
42357.5,10,-9,304
42360.0,11,-5,304
42362.5,12,-8,306
42365.0,12,-6,303
42367.5,11,-3,300
42370.0,8,-9,304
42372.5,10,-6,304
42375.0,10,-7,304
42377.5,11,-9,305
42380.0,12,-9,299
42382.5,9,-8,304
42385.0,8,-9,302
42387.5,10,-6,305
42390.0,9,-10,302
42392.5,9,-8,303
42395.0,10,-9,303
42397.5,11,-6,306
42400.0,11,-6,306
42402.5,10,-8,304
42405.0,9,-7,300
42407.5,10,-8,300
42410.0,12,-10,307
42412.5,8,-9,306
42415.0,10,-8,306
42417.5,10,-6,308
42420.0,11,-8,306
42422.5,11,-7,305
42425.0,10,-7,300
42427.5,11,-8,302
42430.0,9,-8,302
42432.5,9,-8,303
42435.0,11,-7,305
42437.5,9,-8,302
42440.0,11,-7,305
42442.5,8,-7,303
42445.0,9,-8,302
42447.5,11,-8,302
42450.0,11,-8,302
42452.5,11,-10,299
42455.0,9,-10,310
42457.5,11,-7,304
42460.0,10,-9,301
42462.5,10,-7,304
42465.0,11,-10,304
42467.5,8,-8,300
42470.0,10,-6,302
42472.5,12,-8,304
42475.0,9,-9,304
42477.5,10,-9,303
42480.0,11,-9,303
42482.5,11,-9,302
42485.0,9,-7,302
42487.5,10,-9,304
42490.0,11,-9,304
42492.5,9,-9,303
42495.0,9,-11,305
42497.5,10,-10,303
42500.0,10,-10,303
42502.5,9,-7,303
42505.0,9,-5,301
42507.5,12,-6,307
42510.0,11,-6,305
42512.5,10,-9,303
42515.0,12,-10,303
42517.5,12,-7,302
42520.0,11,-9,304
42522.5,10,-7,305
42525.0,9,-7,301
42527.5,9,-8,302
42530.0,8,-6,300
42532.5,10,-8,303
42535.0,11,-8,303
42537.5,10,-7,301
42540.0,11,-10,304
42542.5,11,-8,302
42545.0,8,-8,303
42547.5,8,-8,303
42550.0,9,-7,301
42552.5,9,-9,304
42555.0,10,-7,305
42557.5,11,-8,302
42560.0,11,-8,297
42562.5,9,-8,303
42565.0,12,-7,304
42567.5,9,-7,306
42570.0,10,-8,304
42572.5,12,-8,305
42575.0,9,-10,306
42577.5,10,-9,303
42580.0,12,-9,305
42582.5,10,-7,304
42585.0,10,-8,303
42587.5,9,-8,306
42590.0,8,-9,303
42592.5,10,-8,300
42595.0,9,-10,304
42597.5,9,-10,304
42600.0,9,-9,303
42602.5,9,-9,304
42605.0,8,-7,303
42607.5,9,-7,302
42610.0,9,-6,308
42612.5,9,-7,304
42615.0,9,-6,305
42617.5,11,-9,305
42620.0,10,-8,305
42622.5,10,-5,304
42625.0,11,-8,304
42627.5,10,-9,301
42630.0,9,-7,301
42632.5,7,-8,302
42635.0,8,-8,302
42637.5,11,-11,301
42640.0,11,-9,301
42642.5,12,-8,304
42645.0,11,-7,303
42647.5,11,-7,303
42650.0,10,-8,302
42652.5,9,-7,303
42655.0,10,-8,299
42657.5,11,-5,301
42660.0,8,-5,306
42662.5,10,-7,306
42665.0,10,-8,303
42667.5,12,-7,303
42670.0,8,-8,307
42672.5,9,-8,300
42675.0,10,-6,300
42677.5,11,-9,304
42680.0,10,-8,303
42682.5,10,-7,304
42685.0,10,-9,303
42687.5,11,-7,303
42690.0,9,-9,302
42692.5,9,-7,303
42695.0,13,-9,305
42697.5,13,-9,305
42700.0,9,-8,303
42702.5,8,-6,303
42705.0,10,-8,304
42707.5,8,-7,302
42710.0,8,-6,304
42712.5,11,-5,305
42715.0,10,-6,304
42717.5,10,-9,303
42720.0,11,-9,304
42722.5,12,-9,302
42725.0,11,-10,302
42727.5,11,-7,307
42730.0,7,-8,303
42732.5,8,-8,302
42735.0,9,-6,302
42737.5,9,-7,303
42740.0,8,-6,302
42742.5,8,-8,303
42745.0,9,-8,302
42747.5,9,-8,302
42750.0,12,-7,304
42752.5,10,-9,305
42755.0,9,-7,303
42757.5,11,-6,307
42760.0,13,-10,302
42762.5,9,-8,305
42765.0,10,-7,301
42767.5,11,-6,304
42770.0,15,-8,307
42772.5,8,-7,302
42775.0,11,-8,301
42777.5,9,-9,305
42780.0,11,-11,301
42782.5,12,-9,303
42785.0,12,-8,302
42787.5,10,-6,304
42790.0,10,-8,303
42792.5,8,-8,301
42795.0,10,-8,302
42797.5,10,-8,302
42800.0,12,-6,302
42802.5,9,-7,304
42805.0,9,-8,305
42807.5,10,-6,302
42810.0,8,-6,304
42812.5,11,-7,303
42815.0,10,-8,304
42817.5,9,-8,305
42820.0,11,-9,302
42822.5,11,-10,302
42825.0,12,-9,305
42827.5,10,-5,302
42830.0,11,-7,302
42832.5,9,-8,303
42835.0,11,-9,304
42837.5,10,-9,304
42840.0,9,-8,303
42842.5,9,-8,303
42845.0,10,-9,303
42847.5,10,-9,303
42850.0,11,-9,303
42852.5,12,-8,304
42855.0,8,-6,305
42857.5,11,-7,303
42860.0,11,-8,305
42862.5,13,-8,302
42865.0,15,-8,302
42867.5,11,-7,304
42870.0,11,-9,302
42872.5,9,-6,304
42875.0,10,-9,303
42877.5,10,-8,302
42880.0,9,-8,305
42882.5,6,-7,303
42885.0,11,-8,304
42887.5,10,-9,302
42890.0,9,-8,301
42892.5,9,-9,300
42895.0,10,-9,301
42897.5,10,-9,301
42900.0,10,-7,303
42902.5,9,-9,302
42905.0,7,-7,306
42907.5,9,-6,306
42910.0,10,-8,305
42912.5,12,-6,305
42915.0,10,-6,302
42917.5,9,-5,303
42920.0,8,-6,304
42922.5,9,-8,304
42925.0,11,-7,304
42927.5,10,-7,305
42930.0,9,-10,303
42932.5,12,-9,303
42935.0,10,-8,303
42937.5,7,-8,302
42940.0,9,-8,302
42942.5,9,-6,304
42945.0,9,-6,304
42947.5,9,-7,303
42950.0,9,-9,300
42952.5,8,-8,305
42955.0,12,-7,302
42957.5,9,-5,302
42960.0,8,-8,304
42962.5,9,-7,308
42965.0,9,-9,307
42967.5,10,-6,304
42970.0,9,-7,303
42972.5,11,-6,302
42975.0,12,-7,302
42977.5,8,-6,304
42980.0,10,-7,305
42982.5,10,-9,306
42985.0,12,-10,303
42987.5,11,-7,304
42990.0,11,-7,302
42992.5,12,-7,302
42995.0,12,-7,302
42997.5,10,-9,306
43000.0,8,-7,302
43002.5,9,-6,305
43005.0,13,-8,304
43007.5,9,-9,303
43010.0,10,-6,307
43012.5,10,-10,303
43015.0,10,-8,303
43017.5,10,-9,303
43020.0,10,-7,302
43022.5,12,-7,302
43025.0,10,-6,302
43027.5,9,-9,303
43030.0,8,-8,306
43032.5,9,-9,304
43035.0,9,-9,304
43037.5,8,-7,304
43040.0,9,-6,303
43042.5,10,-5,303
43045.0,10,-5,303
43047.5,9,-9,305
43050.0,12,-9,301
43052.5,10,-8,304
43055.0,11,-6,306
43057.5,9,-6,307
43060.0,9,-7,302
43062.5,9,-6,303
43065.0,10,-6,303
43067.5,10,-5,302
43070.0,9,-7,302
43072.5,11,-8,308
43075.0,9,-7,301
43077.5,8,-7,304
43080.0,9,-5,304
43082.5,11,-7,305
43085.0,10,-10,302
43087.5,9,-8,303
43090.0,11,-10,302
43092.5,10,-7,303
43095.0,10,-7,303
43097.5,11,-8,302
43100.0,9,-8,303
43102.5,10,-8,301
43105.0,10,-7,306
43107.5,10,-6,307
43110.0,10,-8,301
43112.5,11,-7,302
43115.0,9,-5,303
43117.5,10,-8,303
43120.0,9,-9,303
43122.5,11,-8,301
43125.0,8,-6,304
43127.5,9,-9,303
43130.0,8,-8,303
43132.5,9,-7,304
43135.0,11,-8,305
43137.5,9,-8,303
43140.0,9,-9,302
43142.5,9,-8,304
43145.0,9,-8,304
43147.5,10,-7,303
43150.0,10,-9,304
43152.5,12,-8,305
43155.0,9,-7,304
43157.5,9,-5,304
43160.0,10,-5,300
43162.5,11,-7,305
43165.0,8,-7,304
43167.5,8,-7,306
43170.0,9,-6,307
43172.5,12,-11,307
43175.0,10,-8,301
43177.5,7,-6,304
43180.0,10,-7,306
43182.5,7,-8,303
43185.0,10,-7,302
43187.5,9,-9,306
43190.0,12,-10,306
43192.5,12,-11,302
43195.0,12,-11,302
43197.5,10,-8,301
43200.0,9,-5,304
43202.5,10,-7,305
43205.0,10,-7,299
43207.5,8,-7,302
43210.0,12,-9,304
43212.5,9,-8,301
43215.0,10,-7,303
43217.5,11,-7,306
43220.0,9,-6,303
43222.5,10,-9,299
43225.0,8,-9,303
43227.5,9,-7,302
43230.0,9,-6,303
43232.5,11,-8,304
43235.0,11,-10,306
43237.5,10,-8,304
43240.0,9,-10,302
43242.5,11,-8,302
43245.0,11,-8,302
43247.5,10,-7,305
43250.0,7,-6,303
43252.5,11,-9,306
43255.0,10,-8,302
43257.5,8,-6,303
43260.0,10,-5,304
43262.5,10,-7,303
43265.0,10,-9,306
43267.5,11,-9,306
43270.0,13,-7,301
43272.5,11,-7,303
43275.0,9,-8,305
43277.5,9,-8,303
43280.0,10,-9,303
43282.5,7,-8,302
43285.0,9,-5,303
43287.5,10,-7,302
43290.0,9,-10,303
43292.5,9,-9,303
43295.0,9,-9,303
43297.5,9,-8,307
43300.0,9,-8,303
43302.5,9,-3,305
43305.0,12,-10,302
43307.5,11,-10,305
43310.0,10,-10,303
43312.5,12,-8,304
43315.0,10,-6,299
43317.5,9,-9,304
43320.0,10,-4,303
43322.5,10,-9,303
43325.0,9,-6,306
43327.5,10,-7,303
43330.0,9,-9,301
43332.5,8,-9,301
43335.0,11,-9,303
43337.5,9,-6,308
43340.0,10,-7,302
43342.5,10,-9,305
43345.0,10,-9,305
43347.5,8,-11,299
43350.0,9,-6,300
43352.5,10,-6,305
43355.0,9,-8,302
43357.5,9,-9,301
43360.0,12,-7,305
43362.5,11,-10,304
43365.0,9,-8,304
43367.5,10,-7,310
43370.0,9,-9,305
43372.5,10,-8,307
43375.0,11,-9,303
43377.5,10,-8,303
43380.0,10,-9,304
43382.5,9,-8,303
43385.0,10,-6,303
43387.5,9,-6,306
43390.0,11,-10,304
43392.5,11,-10,304
43395.0,11,-7,303
43397.5,11,-9,303
43400.0,9,-7,302
43402.5,12,-7,302
43405.0,8,-5,301
43407.5,8,-6,302
43410.0,9,-6,302
43412.5,11,-9,305
43415.0,10,-8,305
43417.5,10,-8,305
43420.0,10,-10,301
43422.5,11,-7,304
43425.0,11,-7,304
43427.5,9,-8,305
43430.0,8,-7,303
43432.5,9,-9,304
43435.0,12,-10,303
43437.5,10,-10,300
43440.0,10,-8,300
43442.5,10,-8,300
43445.0,9,-8,306
43447.5,11,-6,302
43450.0,11,-8,303
43452.5,11,-9,297
43455.0,9,-8,304
43457.5,11,-5,302
43460.0,11,-10,301
43462.5,10,-6,302
43465.0,10,-7,304
43467.5,10,-8,302
43470.0,9,-6,301
43472.5,9,-6,304
43475.0,9,-9,300
43477.5,10,-8,301
43480.0,9,-9,302
43482.5,8,-8,306
43485.0,12,-8,306
43487.5,11,-9,305
43490.0,13,-9,305
43492.5,13,-9,305
43495.0,9,-7,304
43497.5,10,-7,304
43500.0,10,-7,301
43502.5,9,-9,303
43505.0,9,-6,303
43507.5,11,-8,307
43510.0,12,-8,302
43512.5,11,-9,303
43515.0,12,-9,303
43517.5,8,-6,301
43520.0,9,-6,304
43522.5,11,-8,301
43525.0,11,-8,300
43527.5,9,-10,306
43530.0,7,-8,305
43532.5,10,-9,303
43535.0,11,-9,304
43537.5,10,-11,302
43540.0,10,-8,300
43542.5,10,-8,300
43545.0,10,-7,301
43547.5,11,-8,298
43550.0,13,-10,302
43552.5,13,-9,306
43555.0,10,-7,306
43557.5,9,-4,308
43560.0,11,-10,303
43562.5,11,-8,303
43565.0,11,-7,302
43567.5,10,-9,300
43570.0,10,-7,304
43572.5,11,-6,302
43575.0,10,-9,302
43577.5,9,-7,304
43580.0,10,-9,301
43582.5,10,-9,304
43585.0,8,-7,301
43587.5,8,-7,300
43590.0,9,-7,304
43592.5,9,-7,304
43595.0,10,-7,304
43597.5,8,-8,302
43600.0,10,-6,305
43602.5,13,-7,303
43605.0,10,-6,305
43607.5,12,-8,306
43610.0,11,-4,304
43612.5,9,-6,307
43615.0,13,-9,307
43617.5,10,-9,303
43620.0,8,-5,301
43622.5,10,-9,306
43625.0,11,-7,304
43627.5,11,-7,303
43630.0,10,-7,302
43632.5,9,-8,302
43635.0,9,-7,303
43637.5,9,-8,304
43640.0,8,-6,304
43642.5,8,-6,304
43645.0,10,-8,304
43647.5,11,-10,304
43650.0,11,-8,305
43652.5,9,-7,304
43655.0,12,-8,304
43657.5,12,-8,304
43660.0,9,-5,301
43662.5,8,-5,302
43665.0,10,-8,303
43667.5,11,-7,301
43670.0,10,-9,303
43672.5,11,-10,302
43675.0,9,-7,302
43677.5,12,-8,301
43680.0,11,-7,301
43682.5,11,-6,301
43685.0,11,-7,302
43687.5,10,-9,303
43690.0,10,-9,303
43692.5,10,-8,304
43695.0,8,-7,301
43697.5,9,-10,306
43700.0,11,-8,303
43702.5,10,-6,302
43705.0,10,-7,306
43707.5,11,-7,300
43710.0,9,-5,300
43712.5,10,-6,302
43715.0,9,-8,304
43717.5,8,-8,304
43720.0,10,-4,305
43722.5,11,-9,303
43725.0,11,-10,305
43727.5,11,-10,301
43730.0,11,-9,305
43732.5,10,-8,301
43735.0,10,-8,301
43737.5,8,-7,302
43740.0,8,-7,302
43742.5,10,-9,305
43745.0,9,-8,303
43747.5,10,-8,304
43750.0,11,-10,304
43752.5,9,-4,303
43755.0,12,-5,303
43757.5,12,-9,302
43760.0,7,-5,303
43762.5,11,-6,302
43765.0,10,-9,303
43767.5,9,-8,307
43770.0,10,-5,303
43772.5,10,-7,308
43775.0,10,-6,303
43777.5,11,-6,304
43780.0,9,-8,304
43782.5,12,-8,301
43785.0,10,-10,308
43787.5,9,-7,304
43790.0,9,-7,304
43792.5,9,-7,304
43795.0,12,-9,303
43797.5,10,-8,303
43800.0,9,-7,305
43802.5,9,-7,304
43805.0,8,-3,304
43807.5,8,-5,305
43810.0,8,-9,305
43812.5,12,-8,301
43815.0,11,-7,303
43817.5,10,-8,301
43820.0,8,-6,300
43822.5,8,-7,299
43825.0,11,-8,303
43827.5,9,-8,307
43830.0,9,-8,301
43832.5,9,-7,304
43835.0,9,-10,303
43837.5,11,-6,301
43840.0,11,-6,301
43842.5,8,-4,306
43845.0,11,-5,304
43847.5,10,-7,305
43850.0,12,-10,305
43852.5,12,-7,304
43855.0,13,-7,303
43857.5,11,-6,301
43860.0,9,-5,304
43862.5,10,-7,302
43865.0,7,-9,302
43867.5,8,-7,304
43870.0,10,-9,304
43872.5,8,-8,304
43875.0,11,-8,301
43877.5,10,-7,301
43880.0,10,-8,303
43882.5,10,-7,304
43885.0,8,-8,302
43887.5,10,-9,303
43890.0,10,-9,303
43892.5,9,-8,305
43895.0,10,-8,302
43897.5,10,-8,302
43900.0,10,-7,306
43902.5,8,-9,304
43905.0,7,-7,304
43907.5,8,-9,305
43910.0,11,-9,306
43912.5,12,-5,308
43915.0,13,-5,300
43917.5,8,-5,301
43920.0,12,-8,301
43922.5,10,-7,303
43925.0,10,-7,307
43927.5,10,-10,301
43930.0,9,-9,302
43932.5,12,-10,304
43935.0,9,-8,304
43937.5,10,-7,301
43940.0,10,-7,301
43942.5,9,-7,301
43945.0,9,-8,301
43947.5,10,-8,305
43950.0,10,-6,305
43952.5,11,-10,303
43955.0,10,-9,302
43957.5,8,-5,302
43960.0,10,-6,302
43962.5,13,-7,298
43965.0,9,-6,303
43967.5,9,-6,305
43970.0,9,-6,304
43972.5,9,-8,305
43975.0,10,-9,305
43977.5,11,-10,300
43980.0,8,-6,302
43982.5,10,-7,303
43985.0,9,-8,302
43987.5,8,-9,304
43990.0,8,-9,304
43992.5,11,-10,302
43995.0,10,-9,303
43997.5,11,-6,305
44000.0,11,-7,304
44002.5,10,-7,305
44005.0,9,-6,303
44007.5,10,-4,303
44010.0,9,-6,304
44012.5,11,-10,300
44015.0,9,-8,303
44017.5,9,-9,302
44020.0,9,-8,307
44022.5,10,-8,304
44025.0,12,-10,302
44027.5,8,-5,303
44030.0,8,-7,302
44032.5,10,-9,307
44035.0,11,-12,302
44037.5,8,-7,303
44040.0,8,-7,303
44042.5,9,-8,303
44045.0,13,-8,303
44047.5,12,-7,303
44050.0,9,-5,304
44052.5,10,-8,303
44055.0,10,-9,305
44057.5,10,-11,305
44060.0,11,-8,306
44062.5,11,-8,305
44065.0,10,-9,305
44067.5,11,-7,302
44070.0,12,-9,301
44072.5,9,-7,304
44075.0,13,-11,306
44077.5,11,-9,305
44080.0,10,-10,304
44082.5,9,-8,303
44085.0,12,-9,302
44087.5,12,-9,302
44090.0,12,-9,303
44092.5,8,-10,300
44095.0,8,-7,301
44097.5,11,-8,306
44100.0,11,-7,305
44102.5,12,-9,304
44105.0,11,-8,306
44107.5,12,-8,303
44110.0,12,-6,301
44112.5,10,-7,305
44115.0,9,-6,302
44117.5,9,-8,301
44120.0,9,-6,302
44122.5,10,-10,304
44125.0,11,-8,302
44127.5,8,-6,305
44130.0,10,-8,303
44132.5,10,-9,304
44135.0,10,-8,302
44137.5,10,-8,302
44140.0,8,-6,305
44142.5,10,-9,303
44145.0,10,-10,305
44147.5,12,-11,304
44150.0,8,-8,302
44152.5,13,-9,305
44155.0,9,-5,304
44157.5,8,-8,303
44160.0,9,-6,302
44162.5,10,-7,305
44165.0,11,-9,304
44167.5,8,-9,300
44170.0,12,-8,303
44172.5,9,-6,303
44175.0,11,-9,299
44177.5,11,-6,304
44180.0,9,-6,303
44182.5,9,-8,304
44185.0,10,-10,307
44187.5,10,-10,307
44190.0,10,-8,304
44192.5,11,-11,304
44195.0,10,-7,305
44197.5,10,-5,307
44200.0,9,-8,307
44202.5,7,-6,306
44205.0,12,-8,302
44207.5,11,-8,302
44210.0,9,-8,302
44212.5,12,-9,300
44215.0,12,-8,301
44217.5,10,-8,300
44220.0,10,-9,305
44222.5,10,-8,306
44225.0,8,-6,302
44227.5,10,-9,304
44230.0,9,-9,302
44232.5,9,-10,306
44235.0,8,-7,303
44237.5,8,-7,303
44240.0,10,-6,304
44242.5,10,-7,300
44245.0,9,-7,302
44247.5,9,-7,304
44250.0,12,-9,302
44252.5,12,-7,302
44255.0,11,-5,302
44257.5,11,-10,304
44260.0,11,-6,308
44262.5,8,-8,303
44265.0,11,-8,306
44267.5,11,-9,303
44270.0,8,-7,299
44272.5,8,-6,302
44275.0,8,-8,303
44277.5,9,-8,306
44280.0,9,-8,302
44282.5,9,-8,304
44285.0,11,-9,304
44287.5,11,-9,304
44290.0,9,-7,300
44292.5,9,-7,301
44295.0,9,-6,306
44297.5,7,-6,302
44300.0,9,-7,302
44302.5,11,-9,304
44305.0,11,-5,301
44307.5,9,-8,306
44310.0,8,-8,303
44312.5,9,-4,304
44315.0,10,-9,305
44317.5,10,-7,303
44320.0,8,-9,301
44322.5,7,-8,302
44325.0,7,-9,303
44327.5,10,-9,303
44330.0,9,-7,306
44332.5,9,-12,303
44335.0,10,-9,301
44337.5,10,-9,301
44340.0,11,-5,302
44342.5,10,-7,305
44345.0,7,-7,306
44347.5,11,-5,302
44350.0,11,-8,307
44352.5,11,-6,305
44355.0,9,-8,308
44357.5,9,-10,305
44360.0,10,-7,300
44362.5,10,-7,304
44365.0,10,-8,301
44367.5,8,-7,302
44370.0,10,-8,304
44372.5,9,-8,303
44375.0,10,-10,304
44377.5,10,-9,304
44380.0,10,-7,302
44382.5,10,-7,301
44385.0,8,-7,302
44387.5,8,-7,302
44390.0,11,-9,303
44392.5,12,-8,307
44395.0,9,-8,302
44397.5,10,-6,299
44400.0,11,-8,305
44402.5,12,-6,306
44405.0,10,-10,301
44407.5,9,-6,305
44410.0,9,-8,305
44412.5,10,-8,305
44415.0,10,-8,306
44417.5,9,-6,301
44420.0,9,-7,302
44422.5,10,-9,301
44425.0,10,-9,303
44427.5,11,-8,303
44430.0,9,-9,305
44432.5,11,-8,303
44435.0,11,-8,303
44437.5,10,-6,301
44440.0,7,-8,303
44442.5,8,-5,305
44445.0,10,-9,304
44447.5,10,-5,301
44450.0,11,-6,304
44452.5,11,-6,301
44455.0,8,-8,302
44457.5,11,-7,303
44460.0,11,-7,300
44462.5,9,-5,303
44465.0,9,-7,302
44467.5,9,-7,304
44470.0,12,-9,301
44472.5,11,-9,303
44475.0,10,-9,304
44477.5,9,-6,305
44480.0,10,-11,302
44482.5,9,-5,302
44485.0,9,-5,302
44487.5,9,-9,304
44490.0,10,-9,303
44492.5,10,-7,303
44495.0,12,-10,304
44497.5,10,-8,300
44500.0,10,-7,303
44502.5,12,-7,303
44505.0,8,-5,299
44507.5,7,-7,304
44510.0,9,-9,305
44512.5,9,-10,304
44515.0,10,-6,305
44517.5,10,-8,302
44520.0,8,-7,302
44522.5,9,-7,304
44525.0,8,-6,304
44527.5,12,-8,303
44530.0,11,-10,304
44532.5,10,-8,302
44535.0,10,-8,302
44537.5,8,-7,302
44540.0,13,-8,303
44542.5,12,-5,301
44545.0,10,-4,301
44547.5,9,-6,309
44550.0,9,-7,305
44552.5,9,-9,303
44555.0,9,-8,305
44557.5,10,-7,301
44560.0,10,-3,303
44562.5,12,-8,304
44565.0,10,-8,300
44567.5,6,-8,304
44570.0,9,-8,306
44572.5,10,-10,304
44575.0,9,-10,305
44577.5,11,-9,305
44580.0,10,-8,305
44582.5,12,-8,305
44585.0,12,-8,305
44587.5,10,-8,304
44590.0,10,-6,301
44592.5,9,-7,305
44595.0,9,-10,304
44597.5,10,-7,305
44600.0,11,-7,306
44602.5,10,-7,299
44605.0,13,-10,301
44607.5,9,-7,303
44610.0,8,-9,302
44612.5,10,-8,300
44615.0,10,-7,302
44617.5,10,-6,305
44620.0,11,-8,301
44622.5,10,-9,305
44625.0,11,-8,304
44627.5,8,-8,305
44630.0,11,-7,297
44632.5,8,-8,303
44635.0,8,-8,303
44637.5,8,-8,302
44640.0,9,-10,308
44642.5,11,-10,306
44645.0,13,-9,304
44647.5,12,-9,301
44650.0,14,-6,304
44652.5,12,-6,302
44655.0,8,-8,303
44657.5,10,-5,301
44660.0,8,-8,304
44662.5,12,-7,301
44665.0,9,-9,303
44667.5,12,-8,304
44670.0,11,-10,301
44672.5,11,-7,301
44675.0,8,-8,302
44677.5,11,-9,303
44680.0,8,-8,302
44682.5,11,-8,304
44685.0,11,-8,304
44687.5,8,-5,303
44690.0,10,-8,304
44692.5,9,-7,305
44695.0,10,-6,303
44697.5,8,-6,305
44700.0,10,-6,302
44702.5,9,-8,303
44705.0,9,-6,306
44707.5,10,-9,304
44710.0,8,-9,301
44712.5,11,-5,303
44715.0,10,-8,300
44717.5,9,-6,303
44720.0,11,-7,300
44722.5,10,-9,300
44725.0,11,-9,303
44727.5,10,-10,305
44730.0,10,-11,305
44732.5,9,-9,304
44735.0,9,-9,304
44737.5,8,-7,303
44740.0,11,-8,300
44742.5,11,-6,303
44745.0,11,-9,304
44747.5,8,-9,303
44750.0,6,-6,304
44752.5,11,-10,304
44755.0,11,-9,305
44757.5,10,-7,303
44760.0,12,-7,305
44762.5,11,-9,305
44765.0,8,-6,302
44767.5,8,-7,304
44770.0,10,-8,302
44772.5,8,-7,300
44775.0,10,-9,306
44777.5,11,-8,303
44780.0,9,-7,302
44782.5,8,-8,302
44785.0,8,-8,302
44787.5,9,-9,301
44790.0,9,-9,305
44792.5,11,-9,304
44795.0,11,-7,303
44797.5,11,-5,304
44800.0,7,-6,303
44802.5,10,-8,304
44805.0,11,-6,305
44807.5,11,-8,305
44810.0,11,-6,304
44812.5,9,-6,307
44815.0,10,-5,305
44817.5,10,-6,302
44820.0,8,-7,303
44822.5,7,-7,305
44825.0,11,-9,303
44827.5,9,-5,300
44830.0,9,-8,303
44832.5,9,-8,303
44835.0,9,-7,302
44837.5,8,-10,302
44840.0,9,-11,305
44842.5,11,-9,301
44845.0,9,-4,304
44847.5,12,-10,306
44850.0,11,-8,303
44852.5,8,-6,303
44855.0,11,-7,302
44857.5,11,-9,305
44860.0,9,-9,303
44862.5,11,-9,305
44865.0,11,-7,303
44867.5,10,-8,301
44870.0,9,-10,301
44872.5,10,-8,302
44875.0,8,-6,303
44877.5,8,-8,303
44880.0,9,-10,303
44882.5,9,-10,303
44885.0,10,-10,303
44887.5,10,-7,300
44890.0,9,-7,301
44892.5,10,-7,301
44895.0,9,-10,304
44897.5,8,-7,308
44900.0,10,-8,306
44902.5,11,-7,306
44905.0,10,-9,304
44907.5,11,-7,301
44910.0,9,-7,303
44912.5,10,-7,306
44915.0,9,-9,301
44917.5,12,-9,303
44920.0,12,-8,307
44922.5,10,-10,306
44925.0,8,-9,305
44927.5,11,-5,299
44930.0,9,-7,301
44932.5,9,-7,301
44935.0,12,-8,302
44937.5,8,-8,304
44940.0,12,-10,307
44942.5,12,-8,303
44945.0,12,-5,302
44947.5,11,-9,303
44950.0,11,-5,305
44952.5,11,-8,301
44955.0,11,-9,303
44957.5,9,-7,300
44960.0,10,-7,306
44962.5,11,-8,307
44965.0,11,-9,303
44967.5,10,-8,300
44970.0,8,-9,304
44972.5,9,-8,304
44975.0,9,-9,307
44977.5,13,-9,297
44980.0,13,-5,304
44982.5,13,-5,304
44985.0,11,-7,302
44987.5,9,-9,305
44990.0,10,-9,303
44992.5,11,-8,303
44995.0,10,-5,305
44997.5,10,-8,304
45000.0,9,-7,303
45002.5,11,-7,299
45005.0,11,-6,305
45007.5,10,-9,303
45010.0,8,-8,304
45012.5,11,-10,302
45015.0,13,-7,301
45017.5,9,-7,302
45020.0,7,-7,301
45022.5,7,-8,301
45025.0,12,-8,302
45027.5,10,-8,303
45030.0,7,-9,304
45032.5,7,-9,304
45035.0,8,-9,301
45037.5,10,-8,306
45040.0,11,-6,305
45042.5,6,-5,302
45045.0,9,-11,302
45047.5,9,-6,305
45050.0,13,-8,306
45052.5,12,-7,304
45055.0,9,-10,307
45057.5,9,-9,301
45060.0,12,-7,303
45062.5,10,-5,305
45065.0,12,-8,303
45067.5,8,-10,304
45070.0,8,-6,305
45072.5,10,-6,301
45075.0,11,-8,305
45077.5,9,-10,301
45080.0,9,-7,304
45082.5,9,-7,304
45085.0,9,-8,301
45087.5,10,-8,302
45090.0,8,-8,303
45092.5,9,-5,300
45095.0,12,-7,301
45097.5,11,-5,304
45100.0,8,-7,302
45102.5,8,-7,303
45105.0,12,-7,307
45107.5,11,-8,301
45110.0,12,-6,303
45112.5,9,-8,302
45115.0,9,-6,301
45117.5,10,-7,303
45120.0,9,-7,303
45122.5,8,-8,304
45125.0,9,-9,306
45127.5,9,-6,304
45130.0,7,-6,302
45132.5,7,-6,302
45135.0,10,-9,302
45137.5,10,-9,299
45140.0,9,-9,307
45142.5,10,-9,300
45145.0,10,-8,299
45147.5,9,-7,303
45150.0,9,-5,303
45152.5,10,-8,305
45155.0,9,-7,302
45157.5,10,-9,306
45160.0,9,-8,304
45162.5,11,-6,304
45165.0,10,-9,302
45167.5,11,-5,307
45170.0,12,-8,302
45172.5,11,-4,305
45175.0,10,-8,304
45177.5,9,-9,303
45180.0,11,-8,304
45182.5,11,-8,304
45185.0,11,-7,303
45187.5,8,-9,304
45190.0,8,-6,305
45192.5,11,-7,304
45195.0,10,-8,301
45197.5,12,-9,301
45200.0,9,-4,303
45202.5,13,-9,303
45205.0,10,-7,305
45207.5,9,-10,302
45210.0,11,-8,305
45212.5,9,-8,304
45215.0,9,-8,304
45217.5,10,-8,301
45220.0,11,-6,301
45222.5,9,-8,303
45225.0,10,-9,304
45227.5,11,-10,307
45230.0,11,-9,306
45232.5,11,-9,306
45235.0,9,-5,300
45237.5,10,-8,302
45240.0,10,-6,300
45242.5,11,-7,309
45245.0,9,-9,304
45247.5,8,-9,303
45250.0,10,-8,301
45252.5,10,-5,303
45255.0,9,-7,304
45257.5,11,-9,301
45260.0,11,-8,306
45262.5,11,-11,303
45265.0,10,-8,304
45267.5,11,-8,302
45270.0,12,-9,301
45272.5,11,-8,306
45275.0,8,-8,304
45277.5,10,-6,303
45280.0,10,-6,303
45282.5,10,-6,303
45285.0,10,-9,302
45287.5,9,-11,303
45290.0,9,-8,305
45292.5,11,-6,300
45295.0,9,-5,302
45297.5,5,-6,304
45300.0,9,-8,304
45302.5,12,-6,306
45305.0,11,-7,304
45307.5,10,-9,303
45310.0,13,-10,306
45312.5,13,-7,307
45315.0,9,-4,303
45317.5,10,-7,302
45320.0,10,-7,303
45322.5,9,-10,304
45325.0,10,-9,304
45327.5,9,-9,303
45330.0,9,-9,303
45332.5,8,-8,301
45335.0,8,-9,308
45337.5,9,-10,306
45340.0,8,-9,303
45342.5,9,-9,305
45345.0,9,-10,304
45347.5,13,-9,303
45350.0,10,-4,303
45352.5,10,-7,305
45355.0,10,-10,304
45357.5,8,-6,302
45360.0,10,-6,304
45362.5,10,-9,305
45365.0,8,-8,303
45367.5,9,-6,299
45370.0,10,-7,301
45372.5,12,-6,304
45375.0,9,-10,303
45377.5,10,-8,303
45380.0,10,-8,303
45382.5,9,-8,304
45385.0,12,-10,302
45387.5,10,-9,305
45390.0,10,-7,297
45392.5,10,-8,302
45395.0,10,-8,305
45397.5,9,-9,304
45400.0,9,-10,303
45402.5,13,-8,304
45405.0,10,-8,301
45407.5,11,-8,301
45410.0,11,-7,305
45412.5,12,-9,305
45415.0,10,-8,304
45417.5,11,-8,305
45420.0,11,-7,307
45422.5,11,-7,302
45425.0,10,-6,300
45427.5,8,-8,304
45430.0,8,-8,304
45432.5,8,-6,306
45435.0,12,-11,307
45437.5,12,-10,304
45440.0,11,-7,305
45442.5,10,-7,303
45445.0,11,-8,302
45447.5,10,-8,307
45450.0,12,-7,301
45452.5,10,-4,301
45455.0,9,-9,303
45457.5,9,-8,305
45460.0,10,-9,303
45462.5,11,-7,304
45465.0,10,-9,304
45467.5,10,-8,304
45470.0,10,-9,304
45472.5,8,-9,303
45475.0,9,-8,303
45477.5,9,-8,304
45480.0,9,-8,304
45482.5,9,-9,306
45485.0,12,-9,306
45487.5,10,-10,305
45490.0,11,-5,304
45492.5,9,-6,302
45495.0,10,-5,305
45497.5,9,-6,301
45500.0,8,-9,303
45502.5,11,-9,304
45505.0,12,-6,306
45507.5,12,-7,302
45510.0,13,-8,303
45512.5,9,-9,300
45515.0,9,-5,302
45517.5,9,-7,304
45520.0,10,-10,305
45522.5,11,-8,301
45525.0,9,-7,303
45527.5,11,-7,303
45530.0,11,-7,303
45532.5,10,-8,301
45535.0,9,-9,305
45537.5,8,-8,304
45540.0,9,-6,305
45542.5,11,-5,301
45545.0,10,-9,303
45547.5,8,-5,301
45550.0,12,-8,303
45552.5,11,-6,305
45555.0,10,-8,304
45557.5,11,-9,301
45560.0,9,-9,305
45562.5,8,-8,303
45565.0,11,-10,301
45567.5,9,-8,300
45570.0,10,-8,300
45572.5,10,-8,301
45575.0,10,-9,300
45577.5,8,-5,302
45580.0,8,-5,302
45582.5,12,-9,301
45585.0,13,-11,305
45587.5,11,-8,306
45590.0,10,-8,306
45592.5,10,-4,298
45595.0,11,-4,302
45597.5,10,-6,300
45600.0,10,-6,307
45602.5,10,-7,300
45605.0,9,-8,303
45607.5,10,-9,305
45610.0,9,-8,301
45612.5,9,-7,300
45615.0,12,-7,299
45617.5,9,-7,300
45620.0,10,-7,303
45622.5,10,-10,301
45625.0,10,-10,305
45627.5,9,-9,301
45630.0,9,-9,301
45632.5,9,-5,302
45635.0,10,-8,298
45637.5,9,-8,304
45640.0,11,-8,303
45642.5,10,-3,302
45645.0,9,-7,299
45647.5,9,-6,304
45650.0,9,-7,306
45652.5,9,-8,302
45655.0,11,-7,304
45657.5,13,-10,302
45660.0,12,-10,300
45662.5,11,-8,304
45665.0,11,-6,301
45667.5,7,-7,303
45670.0,10,-9,301
45672.5,11,-7,304
45675.0,7,-8,306
45677.5,9,-8,305
45680.0,9,-8,305
45682.5,10,-7,303
45685.0,11,-7,302
45687.5,11,-7,305
45690.0,9,-6,304
45692.5,11,-8,302
45695.0,10,-7,302
45697.5,11,-8,302
45700.0,10,-7,304
45702.5,11,-8,302
45705.0,10,-7,305
45707.5,11,-9,304
45710.0,9,-10,301
45712.5,10,-9,303
45715.0,11,-6,305
45717.5,12,-10,304
45720.0,8,-7,302
45722.5,11,-8,301
45725.0,11,-9,302
45727.5,11,-9,302
45730.0,10,-9,303
45732.5,9,-7,303
45735.0,7,-7,304
45737.5,8,-7,303
45740.0,10,-6,305
45742.5,11,-9,305
45745.0,13,-7,305
45747.5,12,-7,301
45750.0,9,-7,306
45752.5,8,-7,304
45755.0,12,-9,302
45757.5,12,-10,303
45760.0,11,-9,303
45762.5,10,-7,302
45765.0,11,-7,303
45767.5,10,-9,300
45770.0,9,-9,300
45772.5,10,-9,303
45775.0,10,-9,306
45777.5,10,-9,306
45780.0,10,-7,304
45782.5,12,-10,306
45785.0,8,-8,303
45787.5,10,-8,306
45790.0,10,-8,299
45792.5,8,-6,302
45795.0,11,-7,303
45797.5,9,-9,303
45800.0,7,-7,300
45802.5,9,-10,304
45805.0,11,-10,301
45807.5,11,-9,304
45810.0,10,-7,301
45812.5,10,-8,302
45815.0,9,-5,302
45817.5,10,-9,303
45820.0,9,-10,301
45822.5,9,-10,302
45825.0,9,-9,305
45827.5,9,-9,305
45830.0,11,-8,303
45832.5,9,-9,302
45835.0,11,-8,305
45837.5,13,-13,301
45840.0,9,-8,300
45842.5,9,-7,304
45845.0,11,-10,306
45847.5,11,-9,303
45850.0,8,-5,304
45852.5,11,-10,303
45855.0,12,-9,302
45857.5,10,-7,304
45860.0,10,-9,305
45862.5,11,-7,305
45865.0,8,-7,303
45867.5,10,-7,303
45870.0,10,-8,303
45872.5,9,-7,305
45875.0,10,-9,302
45877.5,10,-9,302
45880.0,10,-9,304
45882.5,10,-8,305
45885.0,10,-8,305
45887.5,9,-11,301
45890.0,9,-6,300
45892.5,10,-5,302
45895.0,10,-6,303
45897.5,9,-8,302
45900.0,10,-8,304
45902.5,8,-8,303
45905.0,9,-7,306
45907.5,10,-8,303
45910.0,10,-10,302
45912.5,10,-9,300
45915.0,11,-7,306
45917.5,10,-7,303
45920.0,10,-9,303
45922.5,8,-6,303
45925.0,8,-9,306
45927.5,8,-9,306
45930.0,10,-8,303
45932.5,8,-8,304
45935.0,8,-5,308
45937.5,10,-8,303
45940.0,10,-6,302
45942.5,10,-8,305
45945.0,9,-9,307
45947.5,10,-9,303
45950.0,9,-4,303
45952.5,8,-5,303
45955.0,12,-9,303
45957.5,11,-8,303
45960.0,10,-8,304
45962.5,11,-7,303
45965.0,11,-9,301
45967.5,10,-7,302
45970.0,9,-8,301
45972.5,10,-6,302
45975.0,9,-8,306
45977.5,9,-8,306
45980.0,10,-9,302
45982.5,11,-8,306
45985.0,10,-5,304
45987.5,10,-11,302
45990.0,7,-8,302
45992.5,8,-9,307
45995.0,9,-6,300
45997.5,10,-6,302
46000.0,10,-9,309
46002.5,9,-9,305
46005.0,9,-9,306
46007.5,10,-7,303
46010.0,11,-8,303
46012.5,11,-9,302
46015.0,10,-8,302
46017.5,10,-8,306
46020.0,9,-8,303
46022.5,8,-9,305
46025.0,8,-8,304
46027.5,8,-8,304
46030.0,11,-8,304
46032.5,9,-6,306
46035.0,12,-7,305
46037.5,10,-9,302
46040.0,11,-9,304
46042.5,10,-7,303
46045.0,11,-6,302
46047.5,13,-9,304
46050.0,11,-6,305
46052.5,10,-8,304
46055.0,11,-7,305
46057.5,11,-8,301
46060.0,10,-10,302
46062.5,11,-8,304
46065.0,7,-8,303
46067.5,9,-8,304
46070.0,10,-9,303
46072.5,9,-8,298
46075.0,9,-8,298
46077.5,12,-10,300
46080.0,8,-9,306
46082.5,8,-8,304
46085.0,9,-6,304
46087.5,11,-10,302
46090.0,11,-9,302
46092.5,10,-6,301
46095.0,12,-9,299
46097.5,11,-8,302
46100.0,9,-7,303
46102.5,9,-8,305
46105.0,10,-6,304
46107.5,10,-8,305
46110.0,12,-9,306
46112.5,10,-9,301
46115.0,10,-9,303
46117.5,11,-7,304
46120.0,9,-8,302
46122.5,10,-7,300
46125.0,10,-7,300
46127.5,10,-7,303
46130.0,9,-8,303
46132.5,10,-8,303
46135.0,10,-9,307
46137.5,8,-6,300
46140.0,9,-7,301
46142.5,8,-7,307
46145.0,8,-9,300
46147.5,10,-8,303
46150.0,11,-8,303
46152.5,11,-7,301
46155.0,8,-6,302
46157.5,8,-7,304
46160.0,7,-6,302
46162.5,9,-9,302
46165.0,10,-9,303
46167.5,10,-10,303
46170.0,8,-8,307
46172.5,11,-9,303
46175.0,11,-9,303
46177.5,10,-10,304
46180.0,9,-7,302
46182.5,11,-6,303
46185.0,11,-9,300
46187.5,9,-7,302
46190.0,9,-8,308
46192.5,12,-7,305
46195.0,13,-7,302
46197.5,10,-6,304
46200.0,11,-9,304
46202.5,10,-8,302
46205.0,10,-6,304
46207.5,10,-8,304
46210.0,11,-8,306
46212.5,11,-10,300
46215.0,10,-8,299
46217.5,9,-7,303
46220.0,10,-7,302
46222.5,10,-8,303
46225.0,10,-8,303
46227.5,10,-9,303
46230.0,11,-9,306
46232.5,10,-10,304
46235.0,10,-7,301
46237.5,9,-6,303
46240.0,10,-4,302
46242.5,8,-6,303
46245.0,10,-10,304
46247.5,10,-8,304
46250.0,9,-7,302
46252.5,10,-6,305
46255.0,9,-7,302
46257.5,11,-8,303
46260.0,8,-6,305
46262.5,8,-7,305
46265.0,12,-10,306
46267.5,10,-7,303
46270.0,11,-9,305
46272.5,11,-9,302
46275.0,11,-9,302
46277.5,11,-7,302
46280.0,9,-5,304
46282.5,9,-6,299
46285.0,12,-7,303
46287.5,8,-10,306
46290.0,9,-5,305
46292.5,11,-7,302
46295.0,10,-7,303
46297.5,9,-5,299
46300.0,10,-8,302
46302.5,10,-6,306
46305.0,12,-8,305
46307.5,12,-9,302
46310.0,10,-8,305
46312.5,11,-6,304
46315.0,9,-8,303
46317.5,10,-8,306
46320.0,9,-9,306
46322.5,10,-10,305
46325.0,10,-10,305
46327.5,11,-8,301
46330.0,10,-7,300
46332.5,7,-7,304
46335.0,11,-9,306
46337.5,9,-8,305
46340.0,11,-8,306
46342.5,11,-9,304
46345.0,11,-7,303
46347.5,12,-6,303
46350.0,10,-7,298
46352.5,10,-7,302
46355.0,11,-7,303
46357.5,7,-7,306
46360.0,9,-9,303
46362.5,9,-9,303
46365.0,10,-8,300
46367.5,11,-6,303
46370.0,8,-10,303
46372.5,7,-7,301
46375.0,7,-7,301
46377.5,9,-8,305
46380.0,10,-9,307
46382.5,11,-8,306
46385.0,10,-7,301
46387.5,7,-6,302
46390.0,11,-9,304
46392.5,10,-6,306
46395.0,10,-6,307
46397.5,11,-9,303
46400.0,10,-8,303
46402.5,11,-7,302
46405.0,9,-4,303
46407.5,10,-8,304
46410.0,9,-6,301
46412.5,8,-8,305
46415.0,9,-9,304
46417.5,13,-9,305
46420.0,10,-10,303
46422.5,11,-11,304
46425.0,11,-11,304
46427.5,10,-6,302
46430.0,12,-9,303
46432.5,11,-7,304
46435.0,12,-5,307
46437.5,10,-8,304
46440.0,7,-8,304
46442.5,11,-9,301
46445.0,11,-9,299
46447.5,11,-8,300
46450.0,10,-9,302
46452.5,11,-8,305
46455.0,10,-9,301
46457.5,9,-6,303
46460.0,11,-7,303
46462.5,10,-9,304
46465.0,8,-8,302
46467.5,9,-6,304
46470.0,10,-7,303
46472.5,10,-8,303
46475.0,10,-8,303
46477.5,8,-8,304
46480.0,10,-7,304
46482.5,10,-6,305
46485.0,8,-7,303
46487.5,10,-8,302
46490.0,7,-5,302
46492.5,10,-7,305
46495.0,11,-6,300
46497.5,12,-8,305
46500.0,11,-7,302
46502.5,11,-10,304
46505.0,11,-10,303
46507.5,11,-6,305
46510.0,11,-7,305
46512.5,8,-9,301
46515.0,9,-8,305
46517.5,10,-10,303
46520.0,9,-8,303
46522.5,9,-8,303
46525.0,11,-11,302
46527.5,12,-7,305
46530.0,11,-9,305
46532.5,11,-6,304
46535.0,11,-7,303
46537.5,7,-6,303
46540.0,9,-7,305
46542.5,8,-5,306
46545.0,13,-9,306
46547.5,11,-8,300
46550.0,9,-8,303
46552.5,11,-8,307
46555.0,8,-8,304
46557.5,11,-11,302
46560.0,7,-8,301
46562.5,10,-10,306
46565.0,7,-7,302
46567.5,11,-10,303
46570.0,9,-7,302
46572.5,9,-7,302
46575.0,10,-6,301
46577.5,10,-9,307
46580.0,10,-8,302
46582.5,9,-9,308
46585.0,10,-9,302
46587.5,10,-9,305
46590.0,10,-7,305
46592.5,10,-9,301
46595.0,12,-7,305
46597.5,9,-7,302
46600.0,10,-8,303
46602.5,10,-11,303
46605.0,9,-8,304
46607.5,10,-5,304
46610.0,9,-10,303
46612.5,10,-8,301
46615.0,10,-9,304
46617.5,8,-8,299
46620.0,10,-8,301
46622.5,10,-8,301
46625.0,10,-10,300
46627.5,8,-6,301
46630.0,11,-8,307
46632.5,10,-7,303
46635.0,11,-8,300
46637.5,11,-6,303
46640.0,11,-6,301
46642.5,10,-7,302
46645.0,11,-8,303
46647.5,9,-8,303
46650.0,10,-5,305
46652.5,11,-7,305
46655.0,11,-6,304
46657.5,10,-8,301
46660.0,9,-6,302
46662.5,9,-8,301
46665.0,10,-9,302
46667.5,9,-8,301
46670.0,10,-7,303
46672.5,10,-7,303
46675.0,10,-7,302
46677.5,10,-6,304
46680.0,9,-7,302
46682.5,11,-8,304
46685.0,9,-6,302
46687.5,12,-7,306
46690.0,10,-6,298
46692.5,13,-9,302
46695.0,14,-9,305
46697.5,9,-7,302
46700.0,9,-6,307
46702.5,11,-8,305
46705.0,8,-6,305
46707.5,10,-6,304
46710.0,10,-10,305
46712.5,13,-8,303
46715.0,11,-9,303
46717.5,8,-8,303
46720.0,7,-6,301
46722.5,7,-6,301
46725.0,8,-7,302
46727.5,10,-10,304
46730.0,9,-8,306
46732.5,10,-8,302
46735.0,10,-6,300
46737.5,11,-8,302
46740.0,11,-5,301
46742.5,8,-5,304
46745.0,9,-7,304
46747.5,11,-7,307
46750.0,11,-8,305
46752.5,10,-8,305
46755.0,8,-7,303
46757.5,10,-8,306
46760.0,9,-8,300
46762.5,10,-10,305
46765.0,9,-10,306
46767.5,8,-11,302
46770.0,8,-9,304
46772.5,8,-9,304
46775.0,10,-7,300
46777.5,12,-9,300
46780.0,8,-8,304
46782.5,9,-7,303
46785.0,9,-6,303
46787.5,12,-7,301
46790.0,10,-9,306
46792.5,12,-7,304
46795.0,11,-7,302
46797.5,9,-9,306
46800.0,8,-8,303
46802.5,9,-10,303
46805.0,10,-7,301
46807.5,10,-8,303
46810.0,10,-9,302
46812.5,8,-7,304
46815.0,10,-9,303
46817.5,8,-8,304
46820.0,9,-8,305
46822.5,9,-8,305
46825.0,10,-6,307
46827.5,10,-6,303
46830.0,11,-5,303
46832.5,11,-5,302
46835.0,10,-9,304
46837.5,11,-8,302
46840.0,9,-7,304
46842.5,12,-9,305
46845.0,9,-6,301
46847.5,10,-5,301
46850.0,10,-7,305
46852.5,11,-8,304
46855.0,9,-4,304
46857.5,8,-8,302
46860.0,8,-9,303
46862.5,9,-9,305
46865.0,10,-9,303
46867.5,9,-9,302
46870.0,9,-9,302
46872.5,10,-9,304
46875.0,10,-7,305
46877.5,11,-9,305
46880.0,13,-8,299
46882.5,9,-7,303
46885.0,9,-7,303
46887.5,7,-7,303
46890.0,11,-8,302
46892.5,9,-6,304
46895.0,11,-8,303
46897.5,9,-5,301
46900.0,11,-8,299
46902.5,10,-8,301
46905.0,9,-8,301
46907.5,9,-5,300
46910.0,10,-10,303
46912.5,10,-9,302
46915.0,9,-8,305
46917.5,7,-7,304
46920.0,7,-7,304
46922.5,10,-7,304
46925.0,8,-9,300
46927.5,10,-9,303
46930.0,10,-7,308
46932.5,8,-10,303
46935.0,9,-7,304
46937.5,10,-8,301
46940.0,10,-6,303
46942.5,12,-8,299
46945.0,10,-7,304
46947.5,10,-9,305
46950.0,8,-7,303
46952.5,7,-8,298
46955.0,8,-8,301
46957.5,9,-6,305
46960.0,10,-6,303
46962.5,10,-9,302
46965.0,9,-7,304
46967.5,9,-7,303
46970.0,9,-7,303
46972.5,10,-6,305
46975.0,8,-10,304
46977.5,10,-8,304
46980.0,9,-12,304
46982.5,12,-8,299
46985.0,10,-8,301
46987.5,13,-7,301
46990.0,11,-7,301
46992.5,10,-5,307
46995.0,9,-8,305
46997.5,9,-7,300
47000.0,10,-7,304
47002.5,9,-10,301
47005.0,10,-10,304
47007.5,10,-6,301
47010.0,9,-8,301
47012.5,10,-7,303
47015.0,8,-9,303
47017.5,7,-7,304
47020.0,7,-7,304
47022.5,10,-8,304
47025.0,11,-8,303
47027.5,10,-8,302
47030.0,9,-6,303
47032.5,9,-10,303
47035.0,11,-8,306
47037.5,10,-6,303
47040.0,10,-6,304
47042.5,10,-7,302
47045.0,9,-7,300
47047.5,9,-6,303
47050.0,11,-9,304
47052.5,8,-8,304
47055.0,9,-9,303
47057.5,9,-8,302
47060.0,9,-9,305
47062.5,9,-9,303
47065.0,10,-8,299
47067.5,9,-9,303
47070.0,9,-9,303
47072.5,8,-7,302
47075.0,8,-8,302
47077.5,8,-8,306
47080.0,12,-6,304
47082.5,10,-6,304
47085.0,10,-4,304
47087.5,8,-6,302
47090.0,10,-6,305
47092.5,13,-6,306
47095.0,11,-8,306
47097.5,11,-6,303
47100.0,10,-5,301
47102.5,9,-8,304
47105.0,10,-9,304
47107.5,9,-7,306
47110.0,9,-8,302
47112.5,12,-10,302
47115.0,11,-9,305
47117.5,11,-7,308
47120.0,11,-7,308
47122.5,11,-10,302
47125.0,10,-9,302
47127.5,9,-6,304
47130.0,9,-4,304
47132.5,9,-7,302
47135.0,13,-8,307
47137.5,9,-7,301
47140.0,10,-6,304
47142.5,10,-7,302
47145.0,10,-9,302
47147.5,8,-6,303
47150.0,12,-9,303
47152.5,10,-10,302
47155.0,12,-9,301
47157.5,8,-5,305
47160.0,8,-7,304
47162.5,10,-6,307
47165.0,11,-10,302
47167.5,8,-9,304
47170.0,8,-9,304
47172.5,11,-9,301
47175.0,10,-7,302
47177.5,9,-7,304
47180.0,10,-7,303
47182.5,10,-8,303
47185.0,11,-8,308
47187.5,10,-8,302
47190.0,12,-8,302
47192.5,9,-8,307
47195.0,8,-5,299
47197.5,10,-8,301
47200.0,10,-7,303
47202.5,10,-9,306
47205.0,11,-8,305
47207.5,8,-8,303
47210.0,9,-8,304
47212.5,12,-7,302
47215.0,10,-8,306
47217.5,10,-7,301
47220.0,10,-7,301
47222.5,8,-7,304
47225.0,11,-8,300
47227.5,10,-8,300
47230.0,11,-8,299
47232.5,10,-8,298
47235.0,10,-7,304
47237.5,10,-10,306
47240.0,10,-8,303
47242.5,9,-8,304
47245.0,11,-8,303
47247.5,12,-7,304
47250.0,10,-7,303
47252.5,10,-9,303
47255.0,12,-8,304
47257.5,10,-8,302
47260.0,11,-9,302
47262.5,11,-9,303
47265.0,10,-8,303
47267.5,12,-9,302
47270.0,12,-9,302
47272.5,10,-10,303
47275.0,10,-10,304
47277.5,12,-8,303
47280.0,10,-7,300
47282.5,12,-10,304
47285.0,11,-7,305
47287.5,9,-5,306
47290.0,10,-6,303
47292.5,11,-6,301
47295.0,9,-8,301
47297.5,11,-9,303
47300.0,9,-9,301
47302.5,8,-7,304
47305.0,9,-8,299
47307.5,9,-8,306
47310.0,9,-9,305
47312.5,9,-7,303
47315.0,9,-7,303
47317.5,9,-7,303
47320.0,9,-9,305
47322.5,11,-8,305
47325.0,11,-10,304
47327.5,12,-4,304
47330.0,10,-6,303
47332.5,8,-4,305
47335.0,11,-6,299
47337.5,9,-8,301
47340.0,11,-8,299
47342.5,11,-9,302
47345.0,9,-8,306
47347.5,9,-7,306
47350.0,9,-6,302
47352.5,12,-9,301
47355.0,10,-9,304
47357.5,10,-10,301
47360.0,11,-9,305
47362.5,10,-7,302
47365.0,8,-4,302
47367.5,8,-4,302
47370.0,10,-8,304
47372.5,6,-5,303
47375.0,7,-7,301
47377.5,12,-7,303
47380.0,6,-8,301
47382.5,10,-7,307
47385.0,11,-6,303
47387.5,9,-7,305
47390.0,10,-7,305
47392.5,11,-8,303
47395.0,10,-8,303
47397.5,11,-8,304
47400.0,10,-7,302
47402.5,10,-7,300
47405.0,9,-8,304
47407.5,10,-9,304
47410.0,9,-9,302
47412.5,8,-9,301
47415.0,9,-8,300
47417.5,9,-8,300
47420.0,10,-8,303
47422.5,11,-7,303
47425.0,8,-7,301
47427.5,10,-6,306
47430.0,11,-11,304
47432.5,9,-8,304
47435.0,9,-7,305
47437.5,11,-8,303
47440.0,10,-7,304
47442.5,10,-6,302
47445.0,10,-7,301
47447.5,10,-9,305
47450.0,10,-9,303
47452.5,12,-11,300
47455.0,11,-9,302
47457.5,10,-8,304
47460.0,10,-9,306
47462.5,8,-4,300
47465.0,9,-8,303
47467.5,9,-8,303
47470.0,11,-7,301
47472.5,8,-6,303
47475.0,9,-5,304
47477.5,11,-8,304
47480.0,10,-5,301
47482.5,9,-5,302
47485.0,12,-7,305
47487.5,10,-8,305
47490.0,8,-7,304
47492.5,11,-7,308
47495.0,10,-8,303
47497.5,11,-7,301
47500.0,10,-8,302
47502.5,12,-10,306
47505.0,12,-8,303
47507.5,9,-6,303
47510.0,9,-7,299
47512.5,9,-5,304
47515.0,9,-7,304
47517.5,9,-7,304
47520.0,12,-6,302
47522.5,10,-6,301
47525.0,10,-9,304
47527.5,13,-8,301
47530.0,11,-7,304
47532.5,11,-6,307
47535.0,10,-8,303
47537.5,10,-8,300
47540.0,10,-5,306
47542.5,10,-8,301
47545.0,9,-7,302
47547.5,11,-7,306
47550.0,11,-9,303
47552.5,9,-7,306
47555.0,10,-9,302
47557.5,10,-9,302
47560.0,11,-10,303
47562.5,8,-9,304
47565.0,10,-8,303
47567.5,10,-8,303
47570.0,10,-9,305
47572.5,11,-8,300
47575.0,10,-7,305
47577.5,9,-6,303
47580.0,9,-8,303
47582.5,10,-7,302
47585.0,10,-10,306
47587.5,9,-7,303
47590.0,10,-8,302
47592.5,8,-5,301
47595.0,10,-10,302
47597.5,8,-7,301
47600.0,10,-8,305
47602.5,8,-5,301
47605.0,7,-9,303
47607.5,10,-9,305
47610.0,9,-5,301
47612.5,9,-7,300
47615.0,11,-8,302
47617.5,11,-8,302
47620.0,11,-10,303
47622.5,9,-7,305
47625.0,9,-8,306
47627.5,10,-10,302
47630.0,11,-6,305
47632.5,10,-7,305
47635.0,11,-9,301
47637.5,11,-5,301
47640.0,9,-8,306
47642.5,9,-7,307
47645.0,10,-7,304
47647.5,7,-7,302
47650.0,10,-6,303
47652.5,10,-7,303
47655.0,9,-6,304
47657.5,9,-9,306
47660.0,9,-8,303
47662.5,9,-8,305
47665.0,10,-7,301
47667.5,10,-7,301
47670.0,10,-7,303
47672.5,10,-7,302
47675.0,10,-4,303
47677.5,10,-8,302
47680.0,11,-8,304
47682.5,10,-6,301
47685.0,9,-9,304
47687.5,12,-7,305
47690.0,10,-8,303
47692.5,12,-10,300
47695.0,11,-7,303
47697.5,10,-7,303
47700.0,11,-8,302
47702.5,10,-8,305
47705.0,10,-7,306
47707.5,11,-10,304
47710.0,9,-8,304
47712.5,9,-8,303
47715.0,9,-8,303
47717.5,10,-9,306
47720.0,10,-11,305
47722.5,7,-8,299
47725.0,9,-9,304
47727.5,11,-10,308
47730.0,10,-7,302
47732.5,12,-6,304
47735.0,11,-8,303
47737.5,11,-7,301
47740.0,9,-8,303
47742.5,9,-6,302
47745.0,11,-9,304
47747.5,12,-9,304
47750.0,9,-7,304
47752.5,11,-9,306
47755.0,9,-7,305
47757.5,9,-8,300
47760.0,9,-8,302
47762.5,9,-5,303
47765.0,9,-5,303
47767.5,8,-7,304
47770.0,8,-8,306
47772.5,11,-8,306
47775.0,11,-9,304
47777.5,9,-5,297
47780.0,12,-7,304
47782.5,9,-4,306
47785.0,8,-5,303
47787.5,8,-6,307
47790.0,8,-8,307
47792.5,9,-9,305
47795.0,9,-7,302
47797.5,9,-9,304
47800.0,11,-7,305
47802.5,11,-7,302
47805.0,7,-6,302
47807.5,10,-8,305
47810.0,9,-9,302
47812.5,9,-8,301
47815.0,9,-8,301
47817.5,11,-7,301
47820.0,9,-8,304
47822.5,10,-5,300
47825.0,11,-9,304
47827.5,9,-6,301
47830.0,12,-6,304
47832.5,7,-7,301
47835.0,10,-8,304
47837.5,10,-8,306
47840.0,10,-9,300
47842.5,10,-8,307
47845.0,10,-9,303
47847.5,11,-11,302
47850.0,9,-7,300
47852.5,9,-8,301
47855.0,8,-6,303
47857.5,9,-7,303
47860.0,10,-7,302
47862.5,7,-7,307
47865.0,7,-7,307
47867.5,8,-6,306
47870.0,9,-7,304
47872.5,11,-8,302
47875.0,9,-7,304
47877.5,11,-8,302
47880.0,10,-4,301
47882.5,9,-8,303
47885.0,10,-8,306
47887.5,12,-8,301
47890.0,9,-6,301
47892.5,11,-6,303
47895.0,9,-8,304
47897.5,12,-8,304
47900.0,7,-8,302
47902.5,9,-8,304
47905.0,9,-7,304
47907.5,8,-6,303
47910.0,10,-7,303
47912.5,9,-9,301
47915.0,9,-9,301
47917.5,7,-8,306
47920.0,10,-8,305
47922.5,11,-8,303
47925.0,12,-6,304
47927.5,11,-8,306
47930.0,11,-7,304
47932.5,12,-7,302
47935.0,9,-7,305
47937.5,9,-6,302
47940.0,10,-7,304
47942.5,10,-6,301
47945.0,10,-7,303
47947.5,10,-9,305
47950.0,9,-6,305
47952.5,9,-8,300
47955.0,10,-11,306
47957.5,10,-9,302
47960.0,10,-8,303
47962.5,8,-6,304
47965.0,8,-6,304
47967.5,9,-8,304
47970.0,9,-8,304
47972.5,9,-9,303
47975.0,10,-6,303
47977.5,9,-6,300
47980.0,9,-7,301
47982.5,12,-6,299
47985.0,10,-8,303
47987.5,9,-7,306
47990.0,9,-8,303
47992.5,12,-7,306
47995.0,12,-10,302
47997.5,10,-8,301
48000.0,11,-9,303
48002.5,11,-7,306
48005.0,8,-5,303
48007.5,9,-8,302
48010.0,10,-8,301
48012.5,9,-6,305
48015.0,9,-6,305
48017.5,9,-8,306
48020.0,9,-8,301
48022.5,11,-10,305
48025.0,11,-7,305
48027.5,11,-6,304
48030.0,10,-6,302
48032.5,9,-4,304
48035.0,9,-8,305
48037.5,9,-9,307
48040.0,10,-9,305
48042.5,10,-8,305
48045.0,12,-8,304
48047.5,11,-8,303
48050.0,14,-8,307
48052.5,11,-9,305
48055.0,9,-9,302
48057.5,10,-5,304
48060.0,10,-9,307
48062.5,11,-9,304
48065.0,11,-9,304
48067.5,8,-6,301
48070.0,11,-6,301
48072.5,9,-5,302
48075.0,10,-7,304
48077.5,9,-8,302
48080.0,11,-5,302
48082.5,10,-7,305
48085.0,10,-8,305
48087.5,8,-6,304
48090.0,9,-8,301
48092.5,9,-8,302
48095.0,9,-7,303
48097.5,10,-9,304
48100.0,8,-7,305
48102.5,9,-10,302
48105.0,9,-9,306
48107.5,11,-7,305
48110.0,10,-10,305
48112.5,10,-10,305
48115.0,9,-7,302
48117.5,9,-8,300
48120.0,8,-6,301
48122.5,10,-8,302
48125.0,11,-9,306
48127.5,11,-6,308
48130.0,9,-5,305
48132.5,13,-9,303
48135.0,12,-8,306
48137.5,9,-7,304
48140.0,10,-8,304
48142.5,11,-6,303
48145.0,9,-9,301
48147.5,11,-10,304
48150.0,10,-8,303
48152.5,9,-7,305
48155.0,10,-11,301
48157.5,11,-9,303
48160.0,11,-7,303
48162.5,11,-7,303
48165.0,11,-9,304
48167.5,8,-6,302
48170.0,10,-7,305
48172.5,10,-7,304
48175.0,9,-6,306
48177.5,10,-6,307
48180.0,15,-8,302
48182.5,12,-10,303
48185.0,10,-7,304
48187.5,10,-9,305
48190.0,10,-9,306
48192.5,8,-6,302
48195.0,10,-11,303
48197.5,12,-7,303
48200.0,10,-7,304
48202.5,8,-6,303
48205.0,8,-7,303
48207.5,8,-10,304
48210.0,10,-10,302
48212.5,10,-10,302
48215.0,9,-9,303
48217.5,8,-8,304
48220.0,11,-8,305
48222.5,11,-6,306
48225.0,12,-5,304
48227.5,9,-6,304
48230.0,10,-6,305
48232.5,10,-9,302
48235.0,10,-6,302
48237.5,11,-6,306
48240.0,10,-6,305
48242.5,11,-9,305
48245.0,11,-9,303
48247.5,11,-7,305
48250.0,10,-7,302
48252.5,8,-7,300
48255.0,8,-7,305
48257.5,9,-9,306
48260.0,9,-8,302
48262.5,9,-8,302
48265.0,11,-10,305
48267.5,10,-6,305
48270.0,10,-9,303
48272.5,11,-5,302
48275.0,10,-7,308
48277.5,10,-6,302
48280.0,8,-8,303
48282.5,9,-7,306
48285.0,10,-6,305
48287.5,10,-7,302
48290.0,11,-8,305
48292.5,7,-4,302
48295.0,9,-8,301
48297.5,10,-7,305
48300.0,9,-9,305
48302.5,8,-5,303
48305.0,10,-8,304
48307.5,10,-10,304
48310.0,9,-7,302
48312.5,9,-7,302
48315.0,9,-8,306
48317.5,9,-8,305
48320.0,11,-7,303
48322.5,10,-6,304
48325.0,9,-9,302
48327.5,10,-4,309
48330.0,9,-7,307
48332.5,11,-9,303
48335.0,8,-8,306
48337.5,9,-7,306
48340.0,11,-7,304
48342.5,9,-7,302
48345.0,10,-10,303
48347.5,10,-9,301
48350.0,9,-7,302
48352.5,10,-9,303
48355.0,12,-8,303
48357.5,10,-7,302
48360.0,11,-8,302
48362.5,11,-8,302
48365.0,11,-8,303
48367.5,10,-10,305
48370.0,8,-7,305
48372.5,11,-10,302
48375.0,11,-8,300
48377.5,12,-8,299
48380.0,11,-7,300
48382.5,10,-5,304
48385.0,8,-5,303
48387.5,9,-9,304
48390.0,11,-8,304
48392.5,10,-8,303
48395.0,10,-7,305
48397.5,13,-11,303
48400.0,9,-7,303
48402.5,11,-6,305
48405.0,9,-8,303
48407.5,12,-8,305
48410.0,10,-9,303
48412.5,10,-9,303
48415.0,11,-7,302
48417.5,10,-6,303
48420.0,12,-7,307
48422.5,10,-7,302
48425.0,10,-9,305
48427.5,10,-6,302
48430.0,12,-9,304
48432.5,9,-6,305
48435.0,11,-6,302
48437.5,8,-7,303
48440.0,9,-10,303
48442.5,8,-9,305
48445.0,8,-8,304
48447.5,11,-9,300
48450.0,9,-7,302
48452.5,11,-10,306
48455.0,10,-6,302
48457.5,9,-8,302
48460.0,9,-8,302
48462.5,10,-8,305
48465.0,10,-7,305
48467.5,12,-7,302
48470.0,12,-6,305
48472.5,10,-9,301
48475.0,8,-7,300
48477.5,9,-6,304
48480.0,8,-8,302
48482.5,10,-8,304
48485.0,10,-6,306
48487.5,10,-9,306
48490.0,12,-9,301
48492.5,9,-8,300
48495.0,9,-9,304
48497.5,9,-8,303
48500.0,11,-11,304
48502.5,9,-6,305
48505.0,11,-8,303
48507.5,10,-8,300
48510.0,10,-8,300
48512.5,10,-10,304
48515.0,11,-7,302
48517.5,8,-7,305
48520.0,10,-5,306
48522.5,12,-7,299
48525.0,11,-9,303
48527.5,10,-7,302
48530.0,9,-8,304
48532.5,10,-8,306
48535.0,9,-6,303
48537.5,9,-8,305
48540.0,12,-8,303
48542.5,10,-7,300
48545.0,9,-7,302
48547.5,9,-5,305
48550.0,10,-8,304
48552.5,9,-8,304
48555.0,11,-9,304
48557.5,8,-8,304
48560.0,8,-8,304
48562.5,11,-9,304
48565.0,7,-9,302
48567.5,11,-6,304
48570.0,10,-7,307
48572.5,10,-10,305
48575.0,8,-9,307
48577.5,10,-7,305
48580.0,11,-9,302
48582.5,10,-7,303
48585.0,9,-6,301
48587.5,10,-9,304
48590.0,11,-8,305
48592.5,11,-9,302
48595.0,10,-8,304
48597.5,11,-10,303
48600.0,11,-9,303
48602.5,11,-10,305
48605.0,9,-8,305
48607.5,10,-7,302
48610.0,10,-7,302
48612.5,10,-9,304
48615.0,8,-8,303
48617.5,11,-7,303
48620.0,10,-8,303
48622.5,11,-8,304
48625.0,10,-4,305
48627.5,10,-4,308
48630.0,9,-8,303
48632.5,10,-6,303
48635.0,12,-10,303
48637.5,9,-8,306
48640.0,9,-7,304
48642.5,8,-7,300
48645.0,9,-5,301
48647.5,10,-7,302
48650.0,9,-9,303
48652.5,11,-9,306
48655.0,10,-10,305
48657.5,11,-9,306
48660.0,11,-9,306
48662.5,9,-7,304
48665.0,9,-7,306
48667.5,12,-7,305
48670.0,10,-7,303
48672.5,11,-9,307
48675.0,11,-6,305
48677.5,9,-8,302
48680.0,10,-8,303
48682.5,10,-9,306
48685.0,10,-8,302
48687.5,10,-6,302
48690.0,12,-8,302
48692.5,10,-7,304
48695.0,10,-9,305
48697.5,11,-6,305
48700.0,11,-9,303
48702.5,8,-8,303
48705.0,8,-9,299
48707.5,8,-7,306
48710.0,8,-7,306
48712.5,10,-7,306
48715.0,10,-8,305
48717.5,10,-10,304
48720.0,9,-5,305
48722.5,9,-6,302
48725.0,14,-6,299
48727.5,10,-5,301
48730.0,9,-7,304
48732.5,9,-7,302
48735.0,12,-7,301
48737.5,12,-7,306
48740.0,12,-7,303
48742.5,11,-9,302
48745.0,10,-5,304
48747.5,10,-9,303
48750.0,12,-9,302
48752.5,9,-7,303
48755.0,9,-6,302
48757.5,12,-10,303
48760.0,12,-10,303
48762.5,9,-8,304
48765.0,8,-8,304
48767.5,11,-10,307
48770.0,9,-7,303
48772.5,8,-6,298
48775.0,11,-6,301
48777.5,7,-6,302
48780.0,7,-5,305
48782.5,10,-5,307
48785.0,10,-6,304
48787.5,12,-8,304
48790.0,8,-5,302
48792.5,11,-7,307
48795.0,12,-7,305
48797.5,11,-7,302
48800.0,11,-9,302
48802.5,10,-5,304
48805.0,10,-9,303
48807.5,10,-8,301
48810.0,10,-8,301
48812.5,11,-9,303
48815.0,9,-8,303
48817.5,11,-7,303
48820.0,7,-7,306
48822.5,7,-8,306
48825.0,11,-9,303
48827.5,9,-7,305
48830.0,11,-7,303
48832.5,10,-8,304
48835.0,9,-6,306
48837.5,9,-6,304
48840.0,10,-9,302
48842.5,10,-9,303
48845.0,9,-8,302
48847.5,10,-7,301
48850.0,12,-8,303
48852.5,10,-8,301
48855.0,11,-6,302
48857.5,11,-8,305
48860.0,11,-8,305
48862.5,9,-9,301
48865.0,10,-8,303
48867.5,11,-9,307
48870.0,6,-6,306
48872.5,11,-8,303
48875.0,10,-5,305
48877.5,7,-6,302
48880.0,11,-5,304
48882.5,8,-7,304
48885.0,11,-8,303
48887.5,11,-7,304
48890.0,12,-9,302
48892.5,8,-9,304
48895.0,10,-9,303
48897.5,9,-9,303
48900.0,9,-9,303
48902.5,8,-9,301
48905.0,10,-8,305
48907.5,10,-8,305
48910.0,10,-5,303
48912.5,14,-7,306
48915.0,12,-8,301
48917.5,13,-9,302
48920.0,12,-6,302
48922.5,12,-7,303
48925.0,11,-7,301
48927.5,8,-6,301
48930.0,12,-7,304
48932.5,10,-8,303
48935.0,11,-8,307
48937.5,10,-8,301
48940.0,12,-9,303
48942.5,11,-8,304
48945.0,11,-9,302
48947.5,7,-9,305
48950.0,9,-8,304
48952.5,7,-9,302
48955.0,9,-7,305
48957.5,9,-7,305
48960.0,11,-10,305
48962.5,11,-7,301
48965.0,10,-6,306
48967.5,10,-8,304
48970.0,9,-8,303
48972.5,11,-8,310
48975.0,11,-10,304
48977.5,9,-9,303
48980.0,9,-9,305
48982.5,10,-6,302
48985.0,11,-10,302
48987.5,8,-8,305
48990.0,11,-9,302
48992.5,9,-8,303
48995.0,10,-7,305
48997.5,12,-7,302
49000.0,10,-9,301
49002.5,9,-6,305
49005.0,10,-8,306
49007.5,10,-8,306
49010.0,10,-6,301
49012.5,8,-6,303
49015.0,9,-6,301
49017.5,8,-6,304
49020.0,10,-11,302
49022.5,15,-10,303
49025.0,12,-5,304
49027.5,12,-9,303
49030.0,12,-8,305
49032.5,11,-6,303
49035.0,10,-6,303
49037.5,11,-8,303
49040.0,8,-4,301
49042.5,9,-7,305
49045.0,11,-9,304
49047.5,10,-6,301
49050.0,11,-8,304
49052.5,9,-9,304
49055.0,9,-7,304
49057.5,9,-7,304
49060.0,10,-9,304
49062.5,8,-7,304
49065.0,11,-9,305
49067.5,10,-9,306
49070.0,8,-5,305
49072.5,11,-5,300
49075.0,10,-8,306
49077.5,8,-8,303
49080.0,10,-7,306
49082.5,10,-9,304
49085.0,10,-8,304
49087.5,11,-7,301
49090.0,9,-8,303
49092.5,11,-8,301
49095.0,9,-7,304
49097.5,9,-11,304
49100.0,11,-8,306
49102.5,9,-10,304
49105.0,11,-11,299
49107.5,11,-11,299
49110.0,10,-7,303
49112.5,11,-7,304
49115.0,11,-8,307
49117.5,11,-9,304
49120.0,10,-7,305
49122.5,11,-6,305
49125.0,10,-9,302
49127.5,8,-7,301
49130.0,11,-7,300
49132.5,7,-4,302
49135.0,10,-5,304
49137.5,12,-9,306
49140.0,11,-8,303
49142.5,8,-6,305
49145.0,8,-7,301
49147.5,10,-5,302
49150.0,10,-8,302
49152.5,8,-9,302
49155.0,10,-9,304
49157.5,10,-9,304
49160.0,8,-9,306
49162.5,10,-9,305
49165.0,10,-9,305
49167.5,11,-7,306
49170.0,10,-6,300
49172.5,11,-6,302
49175.0,11,-6,303
49177.5,9,-7,303
49180.0,10,-5,302
49182.5,10,-5,303
49185.0,10,-8,302
49187.5,13,-8,304
49190.0,8,-3,303
49192.5,11,-5,303
49195.0,10,-7,302
49197.5,10,-9,303
49200.0,12,-11,300
49202.5,11,-8,305
49205.0,10,-8,304
49207.5,10,-8,304
49210.0,9,-8,305
49212.5,11,-7,306
49215.0,7,-6,306
49217.5,11,-7,302
49220.0,10,-11,305
49222.5,11,-11,307
49225.0,9,-8,301
49227.5,11,-6,304
49230.0,12,-9,303
49232.5,9,-8,301
49235.0,9,-9,303
49237.5,8,-8,305
49240.0,11,-9,302
49242.5,10,-9,302
49245.0,10,-9,302
49247.5,9,-7,301
49250.0,10,-7,304
49252.5,11,-10,305
49255.0,10,-9,302
49257.5,10,-9,302
49260.0,10,-8,300
49262.5,9,-7,302
49265.0,8,-3,305
49267.5,12,-7,306
49270.0,10,-10,307
49272.5,10,-6,305
49275.0,11,-7,301
49277.5,9,-6,301
49280.0,9,-5,305
49282.5,9,-9,302
49285.0,9,-8,304
49287.5,11,-8,305
49290.0,11,-7,306
49292.5,10,-9,301
49295.0,9,-8,303
49297.5,10,-9,305
49300.0,12,-7,305
49302.5,9,-7,303
49305.0,9,-7,303
49307.5,8,-8,302
49310.0,10,-8,303
49312.5,10,-6,303
49315.0,13,-7,304
49317.5,9,-9,301
49320.0,10,-5,302
49322.5,11,-7,304
49325.0,9,-10,303
49327.5,11,-8,305
49330.0,8,-6,305
49332.5,9,-9,302
49335.0,11,-11,301
49337.5,9,-7,301
49340.0,11,-8,303
49342.5,10,-9,303
49345.0,10,-8,301
49347.5,10,-6,305
49350.0,10,-8,306
49352.5,11,-10,304
49355.0,11,-10,304
49357.5,10,-9,303
49360.0,10,-8,300
49362.5,8,-9,306
49365.0,13,-8,298
49367.5,13,-9,304
49370.0,12,-8,307
49372.5,9,-9,302
49375.0,9,-8,302
49377.5,11,-7,300
49380.0,10,-7,303
49382.5,11,-10,300
49385.0,12,-8,303
49387.5,10,-7,303
49390.0,12,-11,303
49392.5,11,-9,302
49395.0,9,-9,303
49397.5,11,-7,303
49400.0,10,-8,302
49402.5,9,-10,301
49405.0,9,-10,301
49407.5,8,-8,302
49410.0,10,-10,303
49412.5,11,-5,304
49415.0,10,-7,304
49417.5,10,-7,302
49420.0,9,-7,307
49422.5,8,-6,305
49425.0,9,-8,306
49427.5,9,-8,303
49430.0,11,-7,302
49432.5,10,-7,300
49435.0,9,-7,303
49437.5,10,-9,301
49440.0,11,-9,302
49442.5,11,-8,301
49445.0,10,-10,304
49447.5,10,-7,304
49450.0,11,-8,302
49452.5,9,-7,300
49455.0,9,-7,300
49457.5,9,-6,302
49460.0,9,-7,305
49462.5,10,-7,301
49465.0,10,-8,304
49467.5,8,-5,305
49470.0,9,-5,303
49472.5,12,-8,302
49475.0,11,-11,304
49477.5,11,-10,306
49480.0,10,-7,304
49482.5,12,-7,306
49485.0,10,-7,302
49487.5,8,-8,303
49490.0,10,-8,306
49492.5,9,-6,303
49495.0,8,-9,303
49497.5,10,-9,307
49500.0,10,-9,305
49502.5,9,-10,303
49505.0,9,-10,303
49507.5,9,-8,305
49510.0,9,-9,306
49512.5,11,-8,305
49515.0,10,-7,305
49517.5,9,-7,300
49520.0,9,-6,307
49522.5,8,-7,306
49525.0,11,-8,302
49527.5,10,-8,304
49530.0,12,-6,302
49532.5,9,-5,303
49535.0,10,-7,302
49537.5,10,-8,304
49540.0,10,-8,304
49542.5,11,-6,303
49545.0,10,-6,302
49547.5,7,-8,303
49550.0,7,-10,303
49552.5,9,-9,305
49555.0,9,-9,305
49557.5,11,-9,304
49560.0,8,-9,304
49562.5,11,-9,306
49565.0,11,-8,307
49567.5,9,-5,304
49570.0,10,-6,305
49572.5,7,-6,307
49575.0,9,-9,305
49577.5,11,-8,305
49580.0,7,-6,303
49582.5,8,-7,302
49585.0,10,-6,303
49587.5,8,-8,305
49590.0,9,-9,303
49592.5,10,-8,306
49595.0,11,-7,303
49597.5,10,-7,304
49600.0,10,-8,301
49602.5,11,-8,303
49605.0,11,-8,303
49607.5,9,-8,302
49610.0,10,-8,304
49612.5,10,-7,306
49615.0,10,-6,301
49617.5,10,-9,301
49620.0,11,-8,309
49622.5,9,-6,308
49625.0,9,-10,306
49627.5,12,-7,304
49630.0,13,-8,304
49632.5,11,-6,300
49635.0,9,-6,305
49637.5,9,-7,304
49640.0,11,-7,304
49642.5,12,-8,306
49645.0,9,-8,304
49647.5,9,-8,304
49650.0,10,-9,301
49652.5,10,-7,301
49655.0,10,-7,301
49657.5,9,-6,301
49660.0,9,-7,304
49662.5,10,-6,306
49665.0,8,-9,302
49667.5,10,-9,304
49670.0,14,-11,301
49672.5,9,-5,302
49675.0,9,-4,305
49677.5,11,-6,304
49680.0,11,-10,303
49682.5,9,-9,305
49685.0,10,-8,307
49687.5,11,-8,303
49690.0,10,-10,302
49692.5,10,-8,300
49695.0,10,-6,305
49697.5,10,-10,304
49700.0,7,-8,302
49702.5,6,-7,305
49705.0,6,-7,305
49707.5,8,-7,303
49710.0,10,-7,302
49712.5,10,-7,306
49715.0,10,-9,300
49717.5,9,-9,305
49720.0,11,-9,305
49722.5,10,-9,298
49725.0,11,-7,304
49727.5,11,-6,301
49730.0,9,-4,305
49732.5,9,-8,303
49735.0,9,-8,306
49737.5,11,-9,304
49740.0,10,-6,302
49742.5,10,-6,299
49745.0,10,-9,305
49747.5,11,-9,303
49750.0,9,-7,303
49752.5,9,-9,306
49755.0,9,-9,306
49757.5,11,-8,304
49760.0,9,-9,303
49762.5,9,-6,305
49765.0,10,-7,301
49767.5,7,-7,301
49770.0,10,-6,305
49772.5,14,-12,303
49775.0,10,-9,306
49777.5,11,-6,304
49780.0,10,-7,301
49782.5,11,-6,302
49785.0,9,-10,301
49787.5,10,-8,303
49790.0,12,-8,306
49792.5,9,-10,300
49795.0,11,-8,302
49797.5,10,-10,302
49800.0,9,-9,304
49802.5,8,-9,305
49805.0,8,-9,305
49807.5,11,-9,306
49810.0,9,-8,304
49812.5,10,-6,303
49815.0,9,-6,303
49817.5,9,-6,302
49820.0,11,-10,305
49822.5,9,-4,304
49825.0,11,-6,303
49827.5,10,-5,302
49830.0,9,-7,304
49832.5,9,-7,305
49835.0,10,-8,302
49837.5,9,-7,303
49840.0,11,-9,305
49842.5,10,-11,303
49845.0,11,-8,304
49847.5,9,-7,302
49850.0,9,-7,305
49852.5,9,-7,305
49855.0,8,-9,302
49857.5,9,-8,301
49860.0,8,-6,303
49862.5,11,-8,304
49865.0,9,-8,303
49867.5,9,-6,306
49870.0,10,-5,306
49872.5,11,-7,303
49875.0,12,-10,304
49877.5,11,-6,297
49880.0,10,-7,301
49882.5,11,-7,306
49885.0,10,-9,302
49887.5,8,-7,303
49890.0,9,-8,302
49892.5,9,-8,304
49895.0,9,-6,303
49897.5,7,-8,302
49900.0,10,-9,304
49902.5,10,-9,304
49905.0,10,-9,302
49907.5,11,-7,301
49910.0,11,-8,303
49912.5,13,-7,304
49915.0,9,-6,303
49917.5,8,-9,303
49920.0,11,-9,304
49922.5,12,-9,304
49925.0,11,-6,303
49927.5,9,-7,303
49930.0,9,-7,305
49932.5,11,-7,303
49935.0,7,-6,303
49937.5,11,-7,301
49940.0,9,-10,301
49942.5,9,-8,303
49945.0,11,-9,304
49947.5,9,-7,303
49950.0,9,-8,302
49952.5,9,-8,302
49955.0,9,-8,302
49957.5,10,-9,302
49960.0,13,-8,305
49962.5,12,-7,305
49965.0,11,-5,304
49967.5,10,-7,301
49970.0,11,-7,306
49972.5,11,-6,303
49975.0,9,-5,303
49977.5,10,-5,307
49980.0,10,-10,305
49982.5,10,-7,304
49985.0,8,-8,303
49987.5,11,-9,300
49990.0,9,-10,305
49992.5,7,-7,304
49995.0,9,-6,304
49997.5,10,-9,307
50000.0,11,-9,303
50002.5,11,-9,303
50005.0,10,-12,303
50007.5,12,-7,305
50010.0,12,-10,303
50012.5,12,-11,301
50015.0,10,-9,301
50017.5,11,-4,306
50020.0,13,-7,303
50022.5,9,-7,302
50025.0,11,-6,301
50027.5,10,-6,305
50030.0,10,-7,306
50032.5,10,-7,305
50035.0,11,-8,303
50037.5,9,-9,303
50040.0,9,-6,302
50042.5,11,-11,304
50045.0,11,-8,305
50047.5,11,-10,303
50050.0,8,-7,302
50052.5,8,-7,302
50055.0,10,-9,302
50057.5,11,-9,302
50060.0,10,-6,302
50062.5,10,-8,309
50065.0,13,-7,304
50067.5,9,-8,303
50070.0,10,-8,302
50072.5,8,-5,303
50075.0,14,-8,303
50077.5,9,-8,302
50080.0,7,-4,305
50082.5,10,-7,302
50085.0,9,-8,303
50087.5,10,-6,305
50090.0,10,-6,302
50092.5,10,-8,305
50095.0,9,-8,303
50097.5,10,-8,305
50100.0,10,-10,303
50102.5,10,-10,303
50105.0,9,-8,304
50107.5,11,-6,303
50110.0,12,-7,302
50112.5,11,-8,303
50115.0,9,-8,307
50117.5,10,-6,304
50120.0,10,-6,300
50122.5,11,-6,304
50125.0,10,-4,307
50127.5,9,-7,304
50130.0,13,-7,300
50132.5,12,-7,305
50135.0,12,-8,303
50137.5,11,-8,303
50140.0,11,-8,302
50142.5,9,-6,304
50145.0,10,-7,303
50147.5,9,-8,300
50150.0,10,-10,303
50152.5,10,-10,303
50155.0,10,-9,302
50157.5,12,-12,305
50160.0,11,-9,304
50162.5,9,-6,303
50165.0,8,-8,302
50167.5,8,-9,305
50170.0,11,-6,306
50172.5,10,-9,307
50175.0,12,-7,303
50177.5,12,-7,303
50180.0,10,-8,305
50182.5,11,-8,303
50185.0,8,-8,302
50187.5,11,-11,304
50190.0,10,-7,303
50192.5,11,-7,304
50195.0,9,-8,306
50197.5,8,-9,302
50200.0,10,-5,300
50202.5,10,-5,300
50205.0,12,-7,303
50207.5,9,-10,302
50210.0,8,-9,303
50212.5,9,-9,302
50215.0,7,-5,303
50217.5,14,-7,299
50220.0,11,-5,300
50222.5,9,-7,306
50225.0,9,-6,301
50227.5,11,-8,306
50230.0,10,-9,305
50232.5,8,-7,300
50235.0,9,-7,304
50237.5,10,-7,302
50240.0,9,-6,301
50242.5,10,-9,305
50245.0,12,-8,304
50247.5,9,-10,304
50250.0,11,-9,307
50252.5,11,-9,307
50255.0,10,-7,304
50257.5,10,-8,302
50260.0,10,-8,301
50262.5,8,-7,301
50265.0,9,-8,299
50267.5,12,-10,303
50270.0,11,-10,302
50272.5,10,-6,304
50275.0,13,-8,302
50277.5,11,-7,302
50280.0,11,-8,304
50282.5,9,-9,304
50285.0,10,-8,302
50287.5,9,-6,303
50290.0,11,-9,302
50292.5,8,-8,302
50295.0,11,-10,305
50297.5,9,-9,301
50300.0,10,-9,304
50302.5,10,-9,304
50305.0,11,-7,301
50307.5,7,-8,304
50310.0,10,-5,305
50312.5,11,-7,308
50315.0,12,-9,304
50317.5,9,-5,306
50320.0,11,-7,305
50322.5,9,-4,303
50325.0,8,-5,302
50327.5,9,-8,301
50330.0,12,-8,307
50332.5,12,-10,304
50335.0,11,-8,305
50337.5,10,-7,304
50340.0,8,-9,304
50342.5,9,-7,301
50345.0,9,-9,305
50347.5,8,-7,305
50350.0,8,-7,305
50352.5,10,-10,303
50355.0,9,-7,301
50357.5,10,-7,303
50360.0,11,-7,307
50362.5,9,-6,301
50365.0,10,-10,304
50367.5,12,-8,305
50370.0,9,-8,306
50372.5,10,-8,303
50375.0,11,-5,304
50377.5,12,-9,304
50380.0,11,-8,303
50382.5,10,-8,302
50385.0,10,-8,304
50387.5,11,-9,303
50390.0,11,-8,303
50392.5,8,-8,301
50395.0,9,-8,303
50397.5,10,-6,300
50400.0,10,-6,300
50402.5,13,-9,304
50405.0,10,-7,304
50407.5,11,-6,303
50410.0,9,-9,301
50412.5,10,-8,302
50415.0,10,-8,306
50417.5,11,-4,301
50420.0,12,-7,302
50422.5,11,-8,304
50425.0,11,-6,298
50427.5,10,-9,302
50430.0,9,-7,304
50432.5,8,-9,306
50435.0,11,-7,306
50437.5,9,-8,304
50440.0,9,-8,304
50442.5,9,-8,303
50445.0,10,-7,305
50447.5,8,-8,306
50450.0,8,-8,306
50452.5,10,-8,305
50455.0,10,-9,302
50457.5,11,-10,304
50460.0,12,-8,300
50462.5,11,-8,305
50465.0,9,-6,305
50467.5,12,-5,303
50470.0,11,-8,303
50472.5,10,-6,307
50475.0,11,-7,302
50477.5,10,-8,305
50480.0,12,-8,304
50482.5,10,-11,304
50485.0,10,-10,304
50487.5,10,-8,304
50490.0,9,-9,303
50492.5,9,-8,303
50495.0,9,-8,301
50497.5,10,-8,304
50500.0,10,-8,304
50502.5,8,-7,305
50505.0,9,-7,308
50507.5,10,-7,302
50510.0,9,-3,303
50512.5,8,-7,304
50515.0,8,-7,304
50517.5,8,-6,308
50520.0,10,-10,300
50522.5,11,-7,304
50525.0,11,-8,307
50527.5,10,-9,305
50530.0,12,-8,302
50532.5,11,-7,302
50535.0,9,-6,304
50537.5,10,-6,304
50540.0,11,-8,305
50542.5,10,-7,304
50545.0,12,-10,302
50547.5,10,-9,304
50550.0,10,-9,304
50552.5,10,-8,305
50555.0,10,-9,299
50557.5,11,-8,300
50560.0,13,-6,306
50562.5,9,-9,308
50565.0,9,-6,302
50567.5,12,-9,306
50570.0,13,-7,301
50572.5,12,-10,300
50575.0,13,-8,302
50577.5,8,-8,304
50580.0,10,-5,303
50582.5,9,-8,305
50585.0,7,-7,305
50587.5,10,-9,304
50590.0,10,-9,304
50592.5,11,-7,304
50595.0,9,-10,304
50597.5,9,-9,305
50600.0,9,-9,305
50602.5,11,-8,300
50605.0,9,-6,306
50607.5,9,-4,306
50610.0,10,-5,304
50612.5,10,-6,303
50615.0,12,-12,305
50617.5,11,-7,301
50620.0,10,-5,305
50622.5,8,-9,303
50625.0,9,-10,301
50627.5,9,-6,303
50630.0,11,-7,304
50632.5,10,-9,305
50635.0,9,-7,306
50637.5,9,-9,305
50640.0,10,-8,305
50642.5,10,-8,303
50645.0,10,-9,300
50647.5,8,-8,302
50650.0,8,-8,302
50652.5,12,-10,304
50655.0,10,-8,303
50657.5,13,-8,300
50660.0,9,-5,303
50662.5,11,-8,302
50665.0,11,-9,302
50667.5,9,-7,308
50670.0,10,-8,303
50672.5,9,-9,304
50675.0,11,-8,304
50677.5,9,-8,300
50680.0,9,-5,302
50682.5,11,-8,302
50685.0,12,-8,304
50687.5,9,-9,304
50690.0,11,-10,302
50692.5,9,-8,305
50695.0,10,-5,304
50697.5,9,-8,302
50700.0,9,-8,302
50702.5,10,-9,305
50705.0,8,-8,301
50707.5,8,-7,305
50710.0,12,-8,307
50712.5,10,-7,301
50715.0,11,-4,307
50717.5,8,-4,303
50720.0,9,-6,304
50722.5,11,-7,309
50725.0,9,-9,303
50727.5,11,-9,303
50730.0,12,-8,305
50732.5,11,-9,306
50735.0,9,-9,306
50737.5,11,-7,301
50740.0,8,-8,302
50742.5,11,-9,302
50745.0,9,-7,307
50747.5,9,-7,307
50750.0,12,-9,302
50752.5,10,-9,305
50755.0,9,-7,303
50757.5,12,-7,301
50760.0,7,-7,298
50762.5,9,-7,302
50765.0,8,-5,302
50767.5,11,-7,303
50770.0,9,-6,305
50772.5,10,-8,304
50775.0,10,-10,303
50777.5,11,-7,301
50780.0,9,-7,302
50782.5,9,-9,303
50785.0,11,-10,305
50787.5,10,-10,304
50790.0,11,-9,307
50792.5,10,-8,300
50795.0,10,-7,302
50797.5,10,-7,302
50800.0,13,-9,304
50802.5,10,-5,302
50805.0,10,-8,306
50807.5,13,-9,305
50810.0,11,-6,303
50812.5,10,-5,303
50815.0,12,-9,305
50817.5,11,-9,304
50820.0,10,-6,303
50822.5,10,-7,304
50825.0,7,-5,303
50827.5,12,-7,302
50830.0,11,-9,302
50832.5,10,-8,305
50835.0,11,-7,301
50837.5,9,-8,301
50840.0,10,-7,303
50842.5,8,-7,302
50845.0,9,-8,304
50847.5,9,-8,304
50850.0,11,-10,305
50852.5,11,-10,303
50855.0,10,-9,304
50857.5,12,-7,303
50860.0,13,-6,303
50862.5,11,-6,304
50865.0,13,-10,301
50867.5,12,-9,304
50870.0,10,-6,303
50872.5,8,-7,304
50875.0,9,-5,305
50877.5,8,-6,302
50880.0,10,-9,304
50882.5,10,-7,303
50885.0,12,-11,303
50887.5,9,-7,303
50890.0,9,-11,299
50892.5,11,-10,302
50895.0,11,-10,303
50897.5,11,-10,303
50900.0,10,-8,305
50902.5,9,-7,303
50905.0,10,-6,304
50907.5,10,-6,307
50910.0,11,-10,305
50912.5,12,-10,304
50915.0,10,-9,305
50917.5,11,-6,299
50920.0,12,-7,301
50922.5,10,-7,304
50925.0,9,-9,304
50927.5,10,-9,305
50930.0,9,-10,303
50932.5,9,-9,305
50935.0,12,-8,305
50937.5,10,-8,306
50940.0,9,-5,305
50942.5,7,-8,302
50945.0,9,-8,307
50947.5,9,-8,307
50950.0,12,-10,302
50952.5,9,-9,307
50955.0,12,-9,305
50957.5,12,-9,304
50960.0,9,-8,302
50962.5,8,-4,301
50965.0,10,-6,305
50967.5,10,-8,304
50970.0,10,-8,305
50972.5,10,-7,303
50975.0,9,-7,304
50977.5,9,-5,300
50980.0,9,-5,301
50982.5,9,-9,303
50985.0,9,-10,307
50987.5,11,-10,306
50990.0,9,-8,303
50992.5,9,-9,305
50995.0,9,-5,301
50997.5,9,-5,301
51000.0,10,-9,302
51002.5,11,-8,303
51005.0,10,-6,308
51007.5,13,-6,303
51010.0,12,-9,308
51012.5,13,-7,306
51015.0,9,-4,308
51017.5,10,-8,301
51020.0,11,-8,304
51022.5,10,-9,304
51025.0,10,-8,303
51027.5,11,-8,304
51030.0,9,-9,301
51032.5,10,-9,305
51035.0,11,-7,303
51037.5,9,-9,301
51040.0,10,-7,302
51042.5,10,-6,302
51045.0,9,-8,305
51047.5,9,-8,305
51050.0,10,-10,306
51052.5,8,-7,306
51055.0,9,-6,304
51057.5,11,-9,299
51060.0,8,-6,302
51062.5,12,-8,305
51065.0,12,-9,302
51067.5,9,-9,305
51070.0,9,-6,304
51072.5,11,-9,302
51075.0,9,-5,306
51077.5,8,-3,303
51080.0,10,-7,301
51082.5,11,-8,301
51085.0,9,-8,303
51087.5,10,-9,302
51090.0,8,-6,303
51092.5,10,-6,309
51095.0,10,-8,303
51097.5,10,-8,303
51100.0,10,-9,302
51102.5,11,-9,304
51105.0,8,-5,303
51107.5,11,-9,304
51110.0,9,-10,307
51112.5,9,-8,303
51115.0,12,-7,301
51117.5,10,-6,305
51120.0,10,-8,301
51122.5,9,-9,301
51125.0,10,-8,302
51127.5,10,-10,304
51130.0,8,-7,300
51132.5,9,-8,300
51135.0,10,-8,302
51137.5,12,-9,307
51140.0,9,-7,304
51142.5,9,-10,305
51145.0,9,-8,304
51147.5,9,-8,304
51150.0,10,-6,306
51152.5,10,-7,302
51155.0,9,-4,304
51157.5,9,-6,302
51160.0,10,-6,304
51162.5,10,-7,305
51165.0,11,-9,301
51167.5,11,-8,307
51170.0,8,-6,300
51172.5,13,-7,304
51175.0,11,-9,304
51177.5,11,-10,303
51180.0,10,-8,300
51182.5,8,-8,305
51185.0,9,-8,300
51187.5,9,-8,301
51190.0,10,-7,304
51192.5,8,-5,300
51195.0,8,-5,300
51197.5,8,-8,303
51200.0,8,-11,306
51202.5,10,-8,304
51205.0,10,-9,305
51207.5,11,-9,299
51210.0,10,-6,303
51212.5,13,-8,306
51215.0,10,-8,306
51217.5,8,-10,307
51220.0,10,-7,307
51222.5,9,-7,301
51225.0,10,-9,303
51227.5,9,-6,303
51230.0,8,-6,303
51232.5,12,-7,304
51235.0,9,-9,303
51237.5,9,-8,303
51240.0,9,-8,302
51242.5,13,-8,305
51245.0,13,-8,305
51247.5,9,-11,305
51250.0,10,-9,299
51252.5,11,-8,304
51255.0,12,-9,302
51257.5,9,-6,303
51260.0,8,-8,301
51262.5,11,-7,306
51265.0,11,-7,299
51267.5,12,-7,304
51270.0,11,-6,302
51272.5,7,-7,302
51275.0,9,-7,304
51277.5,9,-9,307
51280.0,9,-6,302
51282.5,8,-5,301
51285.0,11,-9,303
51287.5,13,-9,304
51290.0,7,-8,300
51292.5,8,-10,305
51295.0,8,-10,305
51297.5,11,-8,308
51300.0,10,-8,306
51302.5,9,-10,302
51305.0,10,-6,301
51307.5,7,-5,303
51310.0,9,-6,304
51312.5,8,-6,305
51315.0,8,-9,303
51317.5,10,-8,308
51320.0,11,-8,299
51322.5,10,-7,303
51325.0,12,-7,302
51327.5,9,-7,301
51330.0,10,-8,302
51332.5,10,-8,302
51335.0,9,-9,301
51337.5,11,-10,303
51340.0,11,-8,302
51342.5,9,-9,303
51345.0,9,-9,303
51347.5,11,-10,303
51350.0,7,-5,303
51352.5,9,-8,304
51355.0,9,-8,306
51357.5,9,-7,305
51360.0,10,-9,307
51362.5,11,-8,306
51365.0,11,-9,303
51367.5,12,-9,304
51370.0,10,-6,304
51372.5,10,-7,307
51375.0,10,-8,301
51377.5,9,-9,302
51380.0,10,-9,304
51382.5,11,-9,302
51385.0,10,-8,304
51387.5,10,-8,302
51390.0,11,-8,304
51392.5,9,-7,305
51395.0,9,-7,305
51397.5,11,-9,303
51400.0,8,-7,304
51402.5,11,-9,305
51405.0,10,-9,303
51407.5,9,-5,297
51410.0,10,-5,303
51412.5,12,-5,307
51415.0,11,-10,304
51417.5,9,-10,305
51420.0,10,-9,303
51422.5,10,-9,306
51425.0,11,-7,303
51427.5,10,-7,304
51430.0,9,-7,302
51432.5,7,-8,303
51435.0,8,-7,305
51437.5,9,-8,303
51440.0,10,-10,305
51442.5,8,-6,302
51445.0,8,-6,302
51447.5,9,-6,301
51450.0,10,-6,301
51452.5,9,-6,303
51455.0,10,-6,302
51457.5,11,-7,306
51460.0,12,-9,306
51462.5,12,-6,304
51465.0,10,-8,304
51467.5,10,-9,304
51470.0,7,-4,300
51472.5,12,-7,306
51475.0,10,-7,302
51477.5,13,-8,304
51480.0,9,-8,303
51482.5,10,-9,302
51485.0,10,-7,301
51487.5,11,-7,305
51490.0,10,-7,304
51492.5,9,-9,301
51495.0,9,-9,301
51497.5,8,-6,302
51500.0,11,-9,303
51502.5,9,-9,307
51505.0,9,-6,303
51507.5,11,-8,301
51510.0,12,-11,307
51512.5,12,-9,301
51515.0,10,-7,306
51517.5,10,-6,305
51520.0,12,-7,303
51522.5,9,-9,303
51525.0,9,-9,305
51527.5,8,-7,304
51530.0,9,-6,302
51532.5,8,-6,303
51535.0,10,-8,300
51537.5,12,-8,302
51540.0,10,-9,304
51542.5,9,-9,305
51545.0,9,-9,305
51547.5,11,-9,300
51550.0,10,-8,304
51552.5,10,-5,305
51555.0,9,-7,301
51557.5,12,-8,301
51560.0,9,-6,302
51562.5,13,-11,305
51565.0,10,-9,304
51567.5,9,-7,305
51570.0,8,-7,303
51572.5,11,-8,306
51575.0,9,-8,304
51577.5,11,-6,301
51580.0,9,-7,305
51582.5,9,-8,303
51585.0,9,-9,303
51587.5,9,-7,302
51590.0,10,-9,300
51592.5,10,-9,300
51595.0,10,-9,303
51597.5,10,-6,301
51600.0,7,-9,303
51602.5,12,-9,304
51605.0,11,-8,305
51607.5,10,-7,305
51610.0,11,-5,305
51612.5,11,-8,303
51615.0,11,-6,307
51617.5,12,-6,304
51620.0,10,-8,304
51622.5,10,-10,304
51625.0,11,-8,303
51627.5,10,-10,303
51630.0,10,-9,304
51632.5,9,-8,306
51635.0,9,-10,302
51637.5,12,-10,304
51640.0,9,-8,304
51642.5,9,-8,304
51645.0,12,-10,307
51647.5,9,-10,304
51650.0,9,-7,301
51652.5,10,-5,305
51655.0,9,-9,303
51657.5,10,-9,310
51660.0,9,-7,303
51662.5,10,-8,303
51665.0,10,-6,306
51667.5,12,-8,305
51670.0,12,-9,304
51672.5,11,-9,307
51675.0,13,-10,303
51677.5,9,-8,301
51680.0,8,-8,302
51682.5,10,-9,303
51685.0,9,-8,304
51687.5,9,-7,300
51690.0,10,-7,302
51692.5,10,-7,302
51695.0,10,-7,300
51697.5,10,-7,306
51700.0,10,-9,304
51702.5,8,-7,302
51705.0,12,-9,302
51707.5,8,-7,303
51710.0,11,-7,305
51712.5,10,-7,304
51715.0,9,-6,306
51717.5,9,-5,305
51720.0,9,-5,305
51722.5,10,-8,303
51725.0,9,-7,304
51727.5,9,-6,305
51730.0,10,-6,303
51732.5,10,-9,303
51735.0,13,-9,305
51737.5,9,-7,302
51740.0,10,-8,301
51742.5,10,-8,301
51745.0,11,-7,304
51747.5,10,-7,301
51750.0,8,-6,300
51752.5,10,-7,306
51755.0,9,-8,304
51757.5,11,-8,305
51760.0,10,-8,306
51762.5,11,-7,301
51765.0,10,-8,304
51767.5,9,-6,302
51770.0,10,-7,304
51772.5,9,-7,302
51775.0,9,-8,304
51777.5,10,-9,303
51780.0,10,-9,303
51782.5,10,-11,302
51785.0,9,-9,301
51787.5,11,-11,304
51790.0,10,-9,303
51792.5,10,-9,303
51795.0,11,-8,303
51797.5,9,-6,301
51800.0,11,-10,299
51802.5,12,-9,307
51805.0,10,-10,303
51807.5,11,-6,307
51810.0,11,-7,307
51812.5,9,-8,304
51815.0,10,-8,304
51817.5,10,-10,305
51820.0,11,-7,305
51822.5,10,-7,303
51825.0,12,-10,301
51827.5,11,-9,303
51830.0,10,-8,304
51832.5,9,-8,304
51835.0,10,-7,302
51837.5,11,-11,302
51840.0,12,-10,305
51842.5,12,-10,305
51845.0,10,-9,301
51847.5,11,-7,301
51850.0,11,-7,300
51852.5,10,-8,305
51855.0,10,-9,306
51857.5,6,-8,304
51860.0,11,-9,304
51862.5,9,-9,305
51865.0,11,-7,303
51867.5,10,-8,303
51870.0,11,-8,302
51872.5,9,-6,304
51875.0,12,-7,306
51877.5,9,-8,304
51880.0,11,-8,303
51882.5,9,-7,304
51885.0,10,-9,302
51887.5,9,-7,306
51890.0,10,-9,304
51892.5,10,-9,304
51895.0,10,-8,305
51897.5,11,-5,301
51900.0,13,-5,304
51902.5,11,-8,305
51905.0,9,-9,303
51907.5,8,-6,307
51910.0,10,-7,302
51912.5,10,-8,307
51915.0,11,-10,306
51917.5,10,-8,302
51920.0,10,-8,300
51922.5,8,-8,304
51925.0,10,-6,302
51927.5,11,-8,303
51930.0,10,-8,305
51932.5,8,-7,301
51935.0,11,-9,302
51937.5,8,-9,305
51940.0,8,-9,305
51942.5,10,-6,308
51945.0,11,-8,303
51947.5,10,-5,303
51950.0,11,-6,306
51952.5,9,-5,302
51955.0,7,-6,305
51957.5,8,-4,308
51960.0,8,-6,307
51962.5,8,-3,303
51965.0,11,-9,306
51967.5,10,-7,306
51970.0,10,-7,306
51972.5,11,-8,300
51975.0,10,-8,305
51977.5,9,-6,305
51980.0,10,-7,304
51982.5,11,-8,303
51985.0,8,-8,300
51987.5,8,-8,301
51990.0,8,-8,301
51992.5,11,-8,305
51995.0,11,-11,304
51997.5,10,-10,304
52000.0,13,-12,300
52002.5,11,-8,302
52005.0,10,-5,301
52007.5,11,-6,304
52010.0,9,-6,302
52012.5,7,-6,304
52015.0,11,-8,305
52017.5,11,-11,306
52020.0,12,-10,304
52022.5,11,-9,303
52025.0,10,-7,304
52027.5,8,-5,303
52030.0,11,-7,304
52032.5,10,-8,303
52035.0,9,-7,301
52037.5,11,-9,300
52040.0,11,-9,300
52042.5,7,-6,305
52045.0,10,-9,304
52047.5,13,-9,307
52050.0,11,-8,304
52052.5,11,-7,299
52055.0,11,-5,306
52057.5,12,-8,302
52060.0,10,-8,302
52062.5,12,-7,305
52065.0,8,-7,301
52067.5,11,-9,302
52070.0,10,-7,302
52072.5,10,-10,301
52075.0,10,-9,305
52077.5,10,-7,302
52080.0,11,-8,304
52082.5,11,-8,299
52085.0,11,-9,303
52087.5,7,-8,303
52090.0,7,-8,303
52092.5,10,-10,304
52095.0,9,-10,304
52097.5,10,-9,308
52100.0,8,-6,301
52102.5,11,-7,304
52105.0,13,-10,305
52107.5,11,-6,303
52110.0,9,-7,303
52112.5,11,-7,303
52115.0,10,-10,303
52117.5,11,-7,303
52120.0,12,-8,302
52122.5,11,-9,304
52125.0,9,-7,304
52127.5,10,-6,303
52130.0,10,-6,300
52132.5,8,-6,306
52135.0,10,-10,301
52137.5,8,-10,303
52140.0,8,-10,303
52142.5,10,-8,304
52145.0,10,-6,304
52147.5,12,-8,303
52150.0,12,-8,305
52152.5,11,-6,303
52155.0,9,-8,300
52157.5,10,-6,305
52160.0,11,-7,305
52162.5,10,-8,301
52165.0,11,-7,303
52167.5,9,-7,306
52170.0,9,-6,302
52172.5,10,-8,304
52175.0,11,-6,299
52177.5,10,-8,304
52180.0,9,-10,302
52182.5,11,-10,302
52185.0,7,-7,304
52187.5,8,-8,303
52190.0,8,-8,303
52192.5,9,-6,303
52195.0,10,-8,305
52197.5,10,-4,306
52200.0,10,-7,303
52202.5,10,-8,303
52205.0,12,-9,306
52207.5,11,-9,301
52210.0,10,-6,306
52212.5,11,-6,303
52215.0,9,-7,304
52217.5,11,-6,304
52220.0,10,-7,304
52222.5,10,-9,305
52225.0,9,-8,302
52227.5,9,-7,306
52230.0,9,-8,304
52232.5,11,-7,302
52235.0,9,-7,303
52237.5,9,-7,303
52240.0,10,-7,300
52242.5,11,-9,304
52245.0,10,-9,305
52247.5,10,-7,304
52250.0,14,-11,304
52252.5,14,-10,303
52255.0,13,-7,304
52257.5,13,-7,303
52260.0,10,-6,303
52262.5,7,-6,300
52265.0,8,-7,301
52267.5,9,-5,302
52270.0,8,-5,303
52272.5,12,-7,303
52275.0,9,-6,302
52277.5,9,-9,303
52280.0,9,-7,301
52282.5,8,-8,301
52285.0,8,-8,302
52287.5,8,-8,302
52290.0,8,-9,303
52292.5,7,-7,302
52295.0,12,-8,302
52297.5,11,-8,303
52300.0,12,-7,302
52302.5,9,-7,302
52305.0,15,-8,301
52307.5,10,-7,302
52310.0,9,-6,306
52312.5,11,-8,306
52315.0,11,-8,307
52317.5,9,-6,304
52320.0,8,-8,302
52322.5,8,-9,303
52325.0,9,-6,301
52327.5,8,-9,303
52330.0,10,-8,304
52332.5,10,-10,301
52335.0,9,-7,302
52337.5,9,-7,302
52340.0,10,-9,303
52342.5,9,-3,304
52345.0,10,-9,302
52347.5,11,-6,297
52350.0,11,-9,305
52352.5,11,-9,306
52355.0,11,-7,304
52357.5,9,-6,304
52360.0,8,-6,302
52362.5,11,-7,307
52365.0,10,-8,305
52367.5,12,-9,304
52370.0,10,-11,304
52372.5,10,-9,303
52375.0,10,-7,304
52377.5,11,-8,301
52380.0,11,-8,305
52382.5,9,-6,300
52385.0,10,-8,301
52387.5,10,-8,301
52390.0,8,-7,306
52392.5,10,-6,303
52395.0,10,-8,303
52397.5,10,-5,302
52400.0,10,-7,302
52402.5,10,-2,303
52405.0,10,-7,300
52407.5,9,-8,303
52410.0,9,-8,304
52412.5,11,-8,305
52415.0,11,-6,301
52417.5,11,-7,303
52420.0,10,-7,303
52422.5,9,-8,304
52425.0,9,-6,303
52427.5,12,-10,302
52430.0,10,-6,303
52432.5,11,-8,303
52435.0,9,-8,305
52437.5,9,-8,305
52440.0,12,-11,303
52442.5,8,-9,299
52445.0,9,-7,299
52447.5,9,-6,303
52450.0,10,-8,307
52452.5,14,-13,307
52455.0,10,-7,306
52457.5,10,-9,299
52460.0,12,-10,303
52462.5,9,-7,303
52465.0,9,-7,300
52467.5,11,-7,303
52470.0,8,-7,303
52472.5,10,-7,305
52475.0,11,-7,303
52477.5,11,-6,302
52480.0,11,-9,302
52482.5,10,-7,303
52485.0,7,-7,305
52487.5,7,-7,305
52490.0,12,-8,301
52492.5,8,-9,304
52495.0,11,-9,304
52497.5,12,-8,302
52500.0,9,-7,301
52502.5,12,-8,303
52505.0,12,-9,303
52507.5,11,-8,303
52510.0,8,-6,301
52512.5,11,-9,299
52515.0,10,-10,301
52517.5,10,-9,302
52520.0,12,-9,303
52522.5,11,-7,302
52525.0,8,-6,302
52527.5,9,-9,304
52530.0,11,-7,303
52532.5,10,-9,303
52535.0,9,-8,302
52537.5,9,-8,302
52540.0,10,-5,304
52542.5,10,-5,301
52545.0,10,-5,305
52547.5,9,-5,302
52550.0,9,-8,303
52552.5,12,-8,305
52555.0,9,-10,305
52557.5,12,-10,307
52560.0,11,-7,305
52562.5,10,-9,301
52565.0,10,-8,304
52567.5,11,-7,303
52570.0,10,-7,302
52572.5,9,-6,305
52575.0,10,-7,304
52577.5,10,-7,302
52580.0,10,-7,303
52582.5,9,-10,306
52585.0,10,-7,303
52587.5,10,-7,303
52590.0,12,-7,300
52592.5,9,-5,303
52595.0,11,-7,304
52597.5,9,-6,301
52600.0,11,-7,303
52602.5,12,-10,305
52605.0,12,-7,306
52607.5,10,-10,301
52610.0,9,-7,302
52612.5,9,-9,303
52615.0,11,-8,303
52617.5,11,-9,304
52620.0,10,-8,303
52622.5,10,-7,304
52625.0,12,-10,303
52627.5,10,-9,302
52630.0,11,-8,303
52632.5,9,-8,300
52635.0,9,-8,300
52637.5,12,-9,302
52640.0,11,-9,302
52642.5,10,-9,303
52645.0,12,-10,307
52647.5,10,-9,306
52650.0,11,-10,305
52652.5,8,-4,303
52655.0,13,-7,305
52657.5,11,-9,303
52660.0,13,-8,307
52662.5,9,-7,305
52665.0,11,-7,302
52667.5,9,-8,303
52670.0,11,-6,304
52672.5,8,-8,305
52675.0,11,-9,305
52677.5,11,-9,302
52680.0,11,-10,303
52682.5,9,-7,301
52685.0,9,-7,301
52687.5,10,-7,300
52690.0,9,-7,304
52692.5,10,-10,301
52695.0,8,-8,308
52697.5,11,-8,306
52700.0,11,-9,310
52702.5,14,-9,302
52705.0,13,-8,304
52707.5,11,-7,300
52710.0,12,-7,304
52712.5,10,-6,305
52715.0,10,-9,303
52717.5,10,-7,303
52720.0,9,-10,302
52722.5,10,-7,305
52725.0,10,-8,303
52727.5,11,-6,303
52730.0,10,-8,300
52732.5,11,-8,299
52735.0,11,-8,299
52737.5,11,-7,305
52740.0,11,-8,304
52742.5,9,-9,303
52745.0,11,-9,301
52747.5,12,-9,300
52750.0,12,-9,301
52752.5,11,-8,302
52755.0,9,-4,302
52757.5,9,-7,305
52760.0,9,-8,304
52762.5,9,-7,306
52765.0,11,-7,303
52767.5,9,-7,301
52770.0,8,-6,305
52772.5,10,-8,304
52775.0,7,-5,300
52777.5,9,-9,304
52780.0,9,-8,305
52782.5,7,-8,303
52785.0,7,-8,303
52787.5,9,-7,306
52790.0,9,-9,306
52792.5,9,-5,302
52795.0,10,-3,307
52797.5,10,-6,299
52800.0,10,-5,302
52802.5,13,-9,307
52805.0,8,-6,303
52807.5,6,-6,304
52810.0,10,-7,306
52812.5,10,-9,305
52815.0,9,-8,303
52817.5,10,-9,301
52820.0,9,-9,301
52822.5,9,-7,302
52825.0,11,-8,300
52827.5,10,-10,301
52830.0,8,-9,301
52832.5,9,-7,304
52835.0,9,-7,304
52837.5,11,-8,303
52840.0,9,-8,304
52842.5,11,-7,305
52845.0,11,-9,301
52847.5,8,-7,303
52850.0,13,-5,306
52852.5,9,-5,298
52855.0,9,-4,306
52857.5,11,-7,306
52860.0,8,-9,304
52862.5,9,-9,306
52865.0,12,-8,305
52867.5,9,-7,306
52870.0,10,-8,301
52872.5,10,-9,302
52875.0,11,-9,304
52877.5,10,-7,302
52880.0,9,-8,302
52882.5,9,-5,304
52885.0,9,-5,304
52887.5,12,-10,302
52890.0,10,-10,304
52892.5,9,-8,303
52895.0,11,-6,301
52897.5,12,-6,300
52900.0,9,-8,301
52902.5,8,-7,304
52905.0,9,-5,302
52907.5,10,-6,302
52910.0,10,-7,306
52912.5,10,-7,307
52915.0,8,-7,305
52917.5,9,-8,303
52920.0,10,-9,303
52922.5,9,-8,299
52925.0,10,-9,300
52927.5,10,-8,302
52930.0,9,-10,304
52932.5,7,-8,301
52935.0,7,-8,301
52937.5,9,-7,308
52940.0,9,-9,303
52942.5,12,-5,304
52945.0,11,-8,301
52947.5,10,-8,302
52950.0,9,-9,301
52952.5,11,-8,303
52955.0,11,-8,304
52957.5,11,-8,305
52960.0,11,-8,304
52962.5,10,-7,305
52965.0,10,-6,303
52967.5,10,-8,302
52970.0,9,-6,302
52972.5,7,-7,305
52975.0,9,-6,306
52977.5,9,-11,302
52980.0,8,-8,304
52982.5,8,-8,304
52985.0,8,-6,304
52987.5,11,-8,305
52990.0,9,-8,308
52992.5,12,-7,301
52995.0,9,-8,301
52997.5,8,-5,305
53000.0,11,-6,303
53002.5,9,-6,305
53005.0,8,-8,306
53007.5,10,-6,303
53010.0,7,-7,303
53012.5,10,-7,304
53015.0,12,-8,305
53017.5,11,-7,303
53020.0,12,-8,306
53022.5,10,-9,303
53025.0,8,-8,303
53027.5,11,-8,300
53030.0,9,-9,304
53032.5,9,-9,304
53035.0,8,-8,304
53037.5,10,-8,299
53040.0,9,-6,304
53042.5,11,-7,303
53045.0,12,-7,302
53047.5,11,-8,303
53050.0,13,-8,304
53052.5,11,-6,302
53055.0,9,-4,303
53057.5,11,-7,305
53060.0,8,-7,306
53062.5,9,-7,305
53065.0,11,-9,305
53067.5,11,-7,304
53070.0,9,-8,305
53072.5,12,-9,303
53075.0,10,-7,301
53077.5,10,-8,303
53080.0,9,-7,301
53082.5,9,-7,301
53085.0,10,-8,303
53087.5,12,-7,304
53090.0,10,-8,305
53092.5,12,-5,305
53095.0,11,-4,304
53097.5,11,-8,303
53100.0,9,-7,301
53102.5,8,-6,303
53105.0,8,-8,301
53107.5,11,-7,300
53110.0,10,-6,304
53112.5,9,-8,304
53115.0,11,-8,305
53117.5,10,-8,302
53120.0,10,-7,300
53122.5,10,-8,303
53125.0,11,-8,305
53127.5,9,-8,302
53130.0,11,-5,304
53132.5,11,-5,304
53135.0,8,-7,303
53137.5,11,-9,301
53140.0,10,-7,304
53142.5,10,-7,302
53145.0,9,-10,305
53147.5,8,-7,303
53150.0,11,-8,305
53152.5,9,-7,304
53155.0,10,-8,303
53157.5,10,-8,301
53160.0,9,-6,305
53162.5,9,-7,302
53165.0,8,-8,305
53167.5,9,-10,301
53170.0,7,-7,302
53172.5,8,-6,304
53175.0,9,-7,305
53177.5,10,-10,302
53180.0,9,-8,301
53182.5,9,-8,301
53185.0,11,-6,303
53187.5,7,-8,306
53190.0,10,-7,304
53192.5,8,-7,303
53195.0,12,-6,302
53197.5,10,-5,306
53200.0,11,-7,300
53202.5,11,-6,302
53205.0,10,-6,306
53207.5,10,-8,304
53210.0,10,-7,304
53212.5,11,-8,305
53215.0,8,-8,302
53217.5,8,-8,303
53220.0,9,-8,302
53222.5,9,-9,303
53225.0,9,-8,303
53227.5,10,-8,301
53230.0,7,-8,300
53232.5,7,-8,300
53235.0,10,-10,306
53237.5,10,-9,301
53240.0,10,-6,306
53242.5,12,-10,304
53245.0,12,-8,301
53247.5,9,-8,301
53250.0,9,-9,304
53252.5,9,-7,308
53255.0,10,-7,304
53257.5,10,-11,305
53260.0,11,-8,305
53262.5,11,-10,304
53265.0,11,-7,303
53267.5,10,-5,303
53270.0,9,-6,300
53272.5,9,-7,304
53275.0,11,-9,304
53277.5,9,-10,305
53280.0,7,-8,304
53282.5,7,-8,304
53285.0,10,-9,304
53287.5,12,-8,306
53290.0,12,-5,304
53292.5,10,-3,303
53295.0,9,-6,303
53297.5,6,-7,303
53300.0,9,-9,303
53302.5,10,-9,303
53305.0,6,-6,305
53307.5,11,-7,301
53310.0,11,-9,302
53312.5,8,-7,301
53315.0,11,-7,303
53317.5,10,-6,305
53320.0,7,-8,304
53322.5,8,-6,304
53325.0,11,-10,303
53327.5,8,-9,301
53330.0,8,-9,301
53332.5,10,-8,303
53335.0,10,-7,301
53337.5,9,-10,304
53340.0,9,-8,307
53342.5,10,-6,304
53345.0,8,-9,307
53347.5,12,-6,300
53350.0,9,-10,306
53352.5,10,-4,302
53355.0,11,-7,305
53357.5,9,-8,305
53360.0,8,-6,301
53362.5,9,-8,304
53365.0,11,-10,302
53367.5,9,-9,301
53370.0,11,-9,302
53372.5,10,-7,304
53375.0,9,-6,301
53377.5,12,-7,300
53380.0,12,-7,300
53382.5,10,-7,301
53385.0,10,-9,303
53387.5,11,-10,302
53390.0,8,-7,304
53392.5,10,-8,304
53395.0,12,-11,308
53397.5,10,-3,304
53400.0,10,-5,298
53402.5,10,-7,301
53405.0,9,-8,302
53407.5,8,-8,305
53410.0,11,-7,305
53412.5,8,-8,302
53415.0,10,-8,303
53417.5,9,-6,301
53420.0,10,-8,303
53422.5,9,-8,304
53425.0,12,-6,301
53427.5,10,-10,303
53430.0,10,-10,303
53432.5,11,-4,301
53435.0,8,-6,305
53437.5,10,-8,302
53440.0,6,-8,303
53442.5,12,-7,304
53445.0,11,-7,300
53447.5,9,-8,301
53450.0,9,-7,302
53452.5,9,-6,305
53455.0,10,-10,305
53457.5,8,-7,305
53460.0,9,-6,305
53462.5,7,-6,303
53465.0,10,-9,303
53467.5,9,-9,303
53470.0,9,-8,304
53472.5,8,-5,300
53475.0,7,-9,302
53477.5,10,-7,302
53480.0,10,-7,302
53482.5,10,-9,305
53485.0,9,-8,305
53487.5,11,-5,304
53490.0,11,-7,304
53492.5,9,-5,305
53495.0,9,-7,301
53497.5,12,-9,300
53500.0,11,-7,306
53502.5,9,-9,304
53505.0,10,-8,305
53507.5,9,-6,303
53510.0,10,-8,301
53512.5,9,-8,304
53515.0,10,-8,304
53517.5,8,-10,303
53520.0,11,-11,303
53522.5,10,-9,303
53525.0,10,-9,305
53527.5,8,-10,303
53530.0,8,-10,303
53532.5,11,-6,303
53535.0,10,-9,306
53537.5,11,-8,303
53540.0,10,-6,303
53542.5,9,-6,303
53545.0,11,-5,305
53547.5,9,-8,305
53550.0,9,-8,305
53552.5,11,-9,304
53555.0,11,-8,307
53557.5,11,-7,304
53560.0,11,-8,306
53562.5,10,-9,303
53565.0,10,-7,301
53567.5,10,-9,307
53570.0,7,-7,300
53572.5,9,-10,302
53575.0,10,-10,304
53577.5,11,-11,303
53580.0,11,-11,303
53582.5,11,-9,301
53585.0,10,-8,304
53587.5,11,-7,302
53590.0,9,-7,304
53592.5,10,-8,303
53595.0,10,-5,299
53597.5,9,-8,304
53600.0,11,-9,307
53602.5,8,-6,303
53605.0,11,-8,304
53607.5,10,-10,304
53610.0,9,-8,303
53612.5,9,-6,305
53615.0,11,-9,302
53617.5,9,-9,301
53620.0,10,-8,302
53622.5,12,-7,302
53625.0,9,-8,301
53627.5,8,-8,304
53630.0,8,-8,304
53632.5,9,-6,298
53635.0,9,-5,302
53637.5,13,-6,305
53640.0,10,-6,305
53642.5,10,-6,302
53645.0,11,-9,305
53647.5,11,-7,305
53650.0,11,-6,304
53652.5,10,-9,299
53655.0,11,-9,303
53657.5,10,-6,302
53660.0,10,-9,305
53662.5,9,-9,299
53665.0,10,-9,304
53667.5,9,-9,303
53670.0,8,-8,303
53672.5,9,-6,304
53675.0,11,-10,302
53677.5,11,-10,302
53680.0,10,-8,300
53682.5,10,-8,301
53685.0,8,-7,303
53687.5,11,-9,303
53690.0,11,-9,307
53692.5,9,-6,304
53695.0,11,-7,306
53697.5,14,-7,305
53700.0,12,-7,300
53702.5,10,-7,302
53705.0,7,-7,305
53707.5,11,-6,305
53710.0,8,-8,300
53712.5,10,-8,304
53715.0,8,-6,302
53717.5,9,-7,303
53720.0,10,-10,303
53722.5,8,-6,301
53725.0,10,-9,303
53727.5,10,-9,303
53730.0,10,-7,300
53732.5,8,-5,304
53735.0,12,-10,303
53737.5,10,-6,306
53740.0,10,-6,302
53742.5,11,-8,304
53745.0,10,-6,305
53747.5,10,-9,301
53750.0,10,-8,307
53752.5,10,-8,303
53755.0,10,-7,303
53757.5,10,-7,303
53760.0,9,-9,302
53762.5,11,-8,303
53765.0,11,-9,302
53767.5,10,-7,301
53770.0,10,-9,306
53772.5,10,-11,303
53775.0,9,-9,304
53777.5,9,-9,304
53780.0,11,-8,303
53782.5,12,-11,305
53785.0,8,-7,305
53787.5,10,-7,304
53790.0,8,-8,303
53792.5,8,-6,299
53795.0,9,-5,303
53797.5,10,-9,303
53800.0,8,-8,300
53802.5,11,-9,306
53805.0,11,-10,304
53807.5,11,-8,303
53810.0,9,-7,302
53812.5,9,-7,302
53815.0,8,-9,302
53817.5,8,-8,306
53820.0,11,-8,304
53822.5,11,-9,305
53825.0,10,-7,304
53827.5,10,-7,304
53830.0,9,-7,304
53832.5,10,-8,299
53835.0,12,-8,301
53837.5,10,-7,300
53840.0,11,-10,305
53842.5,11,-7,306
53845.0,10,-8,303
53847.5,9,-6,301
53850.0,11,-8,305
53852.5,10,-7,303
53855.0,12,-8,306
53857.5,10,-8,303
53860.0,9,-8,303
53862.5,10,-9,306
53865.0,9,-11,301
53867.5,9,-8,303
53870.0,11,-9,305
53872.5,13,-9,306
53875.0,11,-9,301
53877.5,11,-9,301
53880.0,10,-7,300
53882.5,10,-6,303
53885.0,10,-5,302
53887.5,13,-9,304
53890.0,13,-9,303
53892.5,10,-5,305
53895.0,10,-8,302
53897.5,10,-6,302
53900.0,12,-4,306
53902.5,8,-7,302
53905.0,10,-7,300
53907.5,10,-7,302
53910.0,10,-7,305
53912.5,10,-7,304
53915.0,11,-8,303
53917.5,9,-8,302
53920.0,10,-9,299
53922.5,12,-8,303
53925.0,10,-9,302
53927.5,10,-9,302
53930.0,10,-8,300
53932.5,7,-7,303
53935.0,8,-7,304
53937.5,10,-7,302
53940.0,9,-8,302
53942.5,10,-8,306
53945.0,12,-8,302
53947.5,11,-5,305
53950.0,11,-8,307
53952.5,11,-6,303
53955.0,11,-8,306
53957.5,9,-8,302
53960.0,10,-8,302
53962.5,12,-8,304
53965.0,11,-7,302
53967.5,10,-8,305
53970.0,10,-9,304
53972.5,10,-6,303
53975.0,10,-8,303
53977.5,10,-8,303
53980.0,10,-7,303
53982.5,11,-5,304
53985.0,10,-6,303
53987.5,9,-8,300
53990.0,8,-8,301
53992.5,8,-9,305
53995.0,11,-7,306
53997.5,10,-9,306
54000.0,11,-9,303
54002.5,10,-6,306
54005.0,9,-6,305
54007.5,9,-8,303
54010.0,9,-8,303
54012.5,9,-7,305
54015.0,9,-10,305
54017.5,11,-9,304
54020.0,11,-11,306
54022.5,11,-10,303
54025.0,11,-10,303
54027.5,10,-8,303
54030.0,13,-8,303
54032.5,11,-8,302
54035.0,10,-5,296
54037.5,7,-4,303
54040.0,9,-7,306
54042.5,11,-6,304
54045.0,8,-7,305
54047.5,10,-9,306
54050.0,10,-7,304
54052.5,10,-11,305
54055.0,9,-9,304
54057.5,12,-10,301
54060.0,12,-8,301
54062.5,8,-7,299
54065.0,10,-9,302
54067.5,11,-9,302
54070.0,8,-8,302
54072.5,10,-7,303
54075.0,10,-7,303
54077.5,8,-9,305
54080.0,10,-9,303
54082.5,9,-7,306
54085.0,10,-10,302
54087.5,12,-9,304
54090.0,13,-9,305
54092.5,13,-7,305
54095.0,10,-6,301
54097.5,12,-5,303
54100.0,9,-8,305
54102.5,10,-7,305
54105.0,10,-7,302
54107.5,9,-10,303
54110.0,8,-8,303
54112.5,11,-6,304
54115.0,12,-9,306
54117.5,9,-7,302
54120.0,9,-8,300
54122.5,11,-9,299
54125.0,11,-9,299
54127.5,11,-9,306
54130.0,10,-7,306
54132.5,8,-7,303
54135.0,10,-8,306
54137.5,11,-10,305
54140.0,11,-4,302
54142.5,12,-5,302
54145.0,9,-7,302
54147.5,9,-7,304
54150.0,11,-9,306
54152.5,9,-6,305
54155.0,11,-8,304
54157.5,8,-9,305
54160.0,10,-9,304
54162.5,10,-8,302
54165.0,8,-8,303
54167.5,10,-10,302
54170.0,9,-8,303
54172.5,8,-8,305
54175.0,8,-8,305
54177.5,11,-8,303
54180.0,12,-8,303
54182.5,11,-9,304
54185.0,12,-8,306
54187.5,7,-7,301
54190.0,10,-6,305
54192.5,11,-7,307
54195.0,10,-8,303
54197.5,12,-9,304
54200.0,12,-9,305
54202.5,10,-6,302
54205.0,11,-6,302
54207.5,8,-7,305
54210.0,10,-6,304
54212.5,10,-9,300
54215.0,11,-9,302
54217.5,10,-7,301
54220.0,9,-8,303
54222.5,10,-8,303
54225.0,10,-8,303
54227.5,9,-7,303
54230.0,10,-9,304
54232.5,10,-7,303
54235.0,9,-7,304
54237.5,13,-7,306
54240.0,14,-8,305
54242.5,10,-6,302
54245.0,11,-7,304
54247.5,9,-7,304
54250.0,11,-7,301
54252.5,8,-4,300
54255.0,10,-9,304
54257.5,8,-8,305
54260.0,10,-6,303
54262.5,9,-6,303
54265.0,7,-8,303
54267.5,8,-5,307
54270.0,10,-9,304
54272.5,10,-10,306
54275.0,10,-10,306
54277.5,10,-9,303
54280.0,11,-7,300
54282.5,11,-5,304
54285.0,10,-8,302
54287.5,7,-6,301
54290.0,11,-7,302
54292.5,11,-9,302
54295.0,8,-7,307
54297.5,11,-5,306
54300.0,10,-8,306
54302.5,10,-4,303
54305.0,10,-10,301
54307.5,8,-10,302
54310.0,12,-9,303
54312.5,9,-9,302
54315.0,9,-9,303
54317.5,10,-7,301
54320.0,9,-8,306
54322.5,9,-8,306
54325.0,8,-5,306
54327.5,8,-8,306
54330.0,8,-8,302
54332.5,9,-8,303
54335.0,10,-7,305
54337.5,11,-7,303
54340.0,12,-9,299
54342.5,14,-8,303
54345.0,10,-7,303
54347.5,9,-6,303
54350.0,10,-8,303
54352.5,9,-5,304
54355.0,9,-9,304
54357.5,11,-8,307
54360.0,10,-10,305
54362.5,9,-8,302
54365.0,11,-7,305
54367.5,11,-7,301
54370.0,8,-4,303
54372.5,8,-4,303
54375.0,8,-7,303
54377.5,11,-8,305
54380.0,11,-9,303
54382.5,9,-9,305
54385.0,7,-5,306
54387.5,11,-9,307
54390.0,10,-4,307
54392.5,10,-5,305
54395.0,8,-5,306
54397.5,10,-8,304
54400.0,9,-9,305
54402.5,9,-9,307
54405.0,8,-8,303
54407.5,9,-8,305
54410.0,12,-9,300
54412.5,9,-7,302
54415.0,11,-8,304
54417.5,9,-8,304
54420.0,8,-9,303
54422.5,8,-9,303
54425.0,10,-8,306
54427.5,10,-7,305
54430.0,13,-9,302
54432.5,11,-9,304
54435.0,9,-10,306
54437.5,8,-5,299
54440.0,9,-5,305
54442.5,9,-8,304
54445.0,10,-8,304
54447.5,9,-11,302
54450.0,11,-7,298
54452.5,9,-9,303
54455.0,11,-6,301
54457.5,10,-9,302
54460.0,9,-9,304
54462.5,9,-7,306
54465.0,11,-8,304
54467.5,11,-8,298
54470.0,10,-8,302
54472.5,10,-8,302
54475.0,10,-8,305
54477.5,8,-7,305
54480.0,10,-9,303
54482.5,11,-6,306
54485.0,11,-6,302
54487.5,10,-6,307
54490.0,12,-8,303
54492.5,9,-7,304
54495.0,9,-8,307
54497.5,11,-9,303
54500.0,11,-6,305
54502.5,11,-8,306
54505.0,10,-9,301
54507.5,9,-9,305
54510.0,9,-6,302
54512.5,10,-6,305
54515.0,9,-7,303
54517.5,8,-9,306
54520.0,9,-8,300
54522.5,9,-8,300
54525.0,13,-8,303
54527.5,9,-9,304
54530.0,9,-7,302
54532.5,9,-6,302
54535.0,10,-8,300
54537.5,12,-9,305
54540.0,8,-5,304
54542.5,11,-6,304
54545.0,8,-5,303
54547.5,8,-6,304
54550.0,9,-8,305
54552.5,11,-8,303
54555.0,12,-8,304
54557.5,10,-8,303
54560.0,10,-8,304
54562.5,10,-6,307
54565.0,10,-7,305
54567.5,10,-9,303
54570.0,7,-8,306
54572.5,7,-8,306
54575.0,12,-9,300
54577.5,9,-8,302
54580.0,10,-6,304
54582.5,9,-6,303
54585.0,10,-6,299
54587.5,10,-6,296
54590.0,9,-9,303
54592.5,7,-6,307
54595.0,9,-6,303
54597.5,13,-9,302
54600.0,10,-8,303
54602.5,11,-9,302
54605.0,10,-8,302
54607.5,10,-8,305
54610.0,11,-11,304
54612.5,10,-7,303
54615.0,10,-9,304
54617.5,9,-10,304
54620.0,10,-9,306
54622.5,10,-9,306
54625.0,9,-8,305
54627.5,10,-7,302
54630.0,9,-7,303
54632.5,8,-6,301
54635.0,8,-7,303
54637.5,12,-7,303
54640.0,12,-6,301
54642.5,10,-6,301
54645.0,10,-5,300
54647.5,9,-5,300
54650.0,10,-9,305
54652.5,10,-9,306
54655.0,10,-9,309
54657.5,8,-9,303
54660.0,9,-10,304
54662.5,8,-9,302
54665.0,10,-6,304
54667.5,9,-9,304
54670.0,9,-10,303
54672.5,9,-10,303
54675.0,8,-8,304
54677.5,10,-10,305
54680.0,12,-8,303
54682.5,11,-8,303
54685.0,8,-6,303
54687.5,10,-6,302
54690.0,6,-5,301
54692.5,9,-6,304
54695.0,11,-11,307
54697.5,9,-10,302
54700.0,10,-7,306
54702.5,11,-8,303
54705.0,9,-7,302
54707.5,12,-7,304
54710.0,10,-8,304
54712.5,10,-7,301
54715.0,9,-9,304
54717.5,8,-9,304
54720.0,8,-9,304
54722.5,12,-9,303
54725.0,10,-7,304
54727.5,9,-5,301
54730.0,12,-8,303
54732.5,12,-9,305
54735.0,8,-7,301
54737.5,8,-8,306
54740.0,10,-9,303
54742.5,13,-9,305
54745.0,9,-7,304
54747.5,11,-9,305
54750.0,10,-9,304
54752.5,11,-4,304
54755.0,7,-7,301
54757.5,10,-9,303
54760.0,10,-7,304
54762.5,10,-8,302
54765.0,11,-10,303
54767.5,9,-9,305
54770.0,9,-9,305
54772.5,10,-8,303
54775.0,8,-8,302
54777.5,9,-7,303
54780.0,10,-3,303
54782.5,11,-9,305
54785.0,11,-8,308
54787.5,9,-8,305
54790.0,12,-8,305
54792.5,12,-5,303
54795.0,9,-8,299
54797.5,9,-6,300
54800.0,10,-7,303
54802.5,9,-8,302
54805.0,9,-6,305
54807.5,11,-8,308
54810.0,10,-9,302
54812.5,10,-8,302
54815.0,11,-7,300
54817.5,9,-7,303
54820.0,9,-7,303
54822.5,10,-9,303
54825.0,11,-8,304
54827.5,10,-11,303
54830.0,12,-7,307
54832.5,12,-5,302
54835.0,10,-5,304
54837.5,12,-6,304
54840.0,11,-7,301
54842.5,10,-9,302
54845.0,11,-9,308
54847.5,11,-8,303
54850.0,10,-7,303
54852.5,9,-9,304
54855.0,9,-8,303
54857.5,10,-10,302
54860.0,9,-7,302
54862.5,8,-6,303
54865.0,10,-10,303
54867.5,10,-8,300
54870.0,10,-8,300
54872.5,8,-8,305
54875.0,10,-7,305
54877.5,10,-9,302
54880.0,11,-7,302
54882.5,9,-10,303
54885.0,8,-8,307
54887.5,12,-6,306
54890.0,12,-9,304
54892.5,10,-4,303
54895.0,10,-7,304
54897.5,9,-7,302
54900.0,8,-8,300
54902.5,9,-7,302
54905.0,10,-9,304
54907.5,9,-7,301
54910.0,10,-8,304
54912.5,9,-9,302
54915.0,11,-8,303
54917.5,8,-9,300
54920.0,8,-9,300
54922.5,9,-7,304
54925.0,7,-8,306
54927.5,8,-8,303
54930.0,11,-8,303
54932.5,9,-6,299
54935.0,12,-5,305
54937.5,11,-7,305
54940.0,9,-7,301
54942.5,10,-7,306
54945.0,9,-7,304
54947.5,11,-7,305
54950.0,11,-10,303
54952.5,9,-9,305
54955.0,11,-10,302
54957.5,9,-8,303
54960.0,11,-6,307
54962.5,10,-7,307
54965.0,11,-7,303
54967.5,11,-6,307
54970.0,11,-6,307
54972.5,10,-9,303
54975.0,11,-7,304
54977.5,10,-7,304
54980.0,14,-8,302
54982.5,10,-5,309
54985.0,12,-3,303
54987.5,11,-5,305
54990.0,9,-8,302
54992.5,8,-5,304
54995.0,9,-8,302
54997.5,10,-10,302
55000.0,11,-7,300
55002.5,9,-7,303
55005.0,11,-9,304
55007.5,9,-6,305
55010.0,10,-10,299
55012.5,9,-7,304
55015.0,8,-8,306
55017.5,10,-9,304
55020.0,10,-9,304
55022.5,8,-6,304
55025.0,9,-8,301
55027.5,10,-9,304
55030.0,12,-7,307
55032.5,11,-7,301
55035.0,10,-9,304
55037.5,10,-7,307
55040.0,10,-9,304
55042.5,12,-8,301
55045.0,8,-6,302
55047.5,10,-7,306
55050.0,9,-7,303
55052.5,12,-10,304
55055.0,10,-9,301
55057.5,9,-10,301
55060.0,12,-9,302
55062.5,11,-8,305
55065.0,11,-7,303
55067.5,8,-8,302
55070.0,8,-8,302
55072.5,13,-9,305
55075.0,12,-8,301
55077.5,11,-7,306
55080.0,14,-7,301
55082.5,9,-6,304
55085.0,9,-7,302
55087.5,9,-4,306
55090.0,12,-8,305
55092.5,11,-6,306
55095.0,11,-9,301
55097.5,9,-5,302
55100.0,8,-8,299
55102.5,9,-10,304
55105.0,13,-8,300
55107.5,9,-10,301
55110.0,10,-7,305
55112.5,11,-6,303
55115.0,10,-8,301
55117.5,9,-7,304
55120.0,9,-7,304
55122.5,6,-6,302
55125.0,10,-8,303
55127.5,10,-6,303
55130.0,11,-6,302
55132.5,10,-7,302
55135.0,10,-7,306
55137.5,11,-8,302
55140.0,12,-8,303
55142.5,11,-7,300
55145.0,8,-7,303
55147.5,11,-9,304
55150.0,11,-10,301
55152.5,9,-7,307
55155.0,9,-6,305
55157.5,11,-10,303
55160.0,12,-8,302
55162.5,9,-7,303
55165.0,8,-8,301
55167.5,10,-10,304
55170.0,10,-10,304
55172.5,11,-7,301
55175.0,12,-7,301
55177.5,10,-6,307
55180.0,9,-6,302
55182.5,10,-8,306
55185.0,10,-8,306
55187.5,10,-5,304
55190.0,9,-7,303
55192.5,9,-4,302
55195.0,9,-8,303
55197.5,12,-9,305
55200.0,10,-10,301
55202.5,10,-11,305
55205.0,10,-7,303
55207.5,9,-8,301
55210.0,7,-6,302
55212.5,10,-7,302
55215.0,10,-9,305
55217.5,11,-10,303
55220.0,11,-10,303
55222.5,9,-7,303
55225.0,9,-6,298
55227.5,10,-8,301
55230.0,9,-5,304
55232.5,10,-9,300
55235.0,9,-9,306
55237.5,10,-7,297
55240.0,11,-5,306
55242.5,12,-6,304
55245.0,10,-10,301
55247.5,10,-8,304
55250.0,10,-9,302
55252.5,10,-8,304
55255.0,8,-5,301
55257.5,10,-9,303
55260.0,11,-11,305
55262.5,8,-7,304
55265.0,7,-7,302
55267.5,7,-7,302
55270.0,7,-8,303
55272.5,10,-9,303
55275.0,9,-9,303
55277.5,10,-8,304
55280.0,11,-7,303
55282.5,9,-8,305
55285.0,12,-7,302
55287.5,11,-6,304
55290.0,11,-7,303
55292.5,12,-7,303
55295.0,8,-8,300
55297.5,10,-8,303
55300.0,9,-8,303
55302.5,11,-9,301
55305.0,9,-8,304
55307.5,9,-7,301
55310.0,9,-9,304
55312.5,9,-8,304
55315.0,10,-5,307
55317.5,10,-5,307
55320.0,10,-8,302
55322.5,10,-9,306
55325.0,11,-7,303
55327.5,11,-8,301
55330.0,10,-7,303
55332.5,11,-7,304
55335.0,11,-5,302
55337.5,8,-6,303
55340.0,10,-7,305
55342.5,8,-7,306
55345.0,9,-6,308
55347.5,9,-8,303
55350.0,9,-8,302
55352.5,12,-8,300
55355.0,10,-7,303
55357.5,10,-8,305
55360.0,9,-8,307
55362.5,10,-10,302
55365.0,11,-11,305
55367.5,11,-11,305
55370.0,10,-9,303
55372.5,11,-9,305
55375.0,10,-8,301
55377.5,10,-6,302
55380.0,11,-9,303
55382.5,10,-7,303
55385.0,7,-5,304
55387.5,9,-9,304
55390.0,11,-6,304
55392.5,10,-6,302
55395.0,12,-8,302
55397.5,11,-8,302
55400.0,11,-8,300
55402.5,11,-8,305
55405.0,8,-8,304
55407.5,9,-8,305
55410.0,11,-7,302
55412.5,10,-9,305
55415.0,9,-6,303
55417.5,9,-6,303
55420.0,8,-8,306
55422.5,9,-6,302
55425.0,10,-9,303
55427.5,12,-9,304
55430.0,13,-9,305
55432.5,11,-7,304
55435.0,12,-10,303
55437.5,10,-9,304
55440.0,11,-6,300
55442.5,10,-9,302
55445.0,11,-9,301
55447.5,9,-7,302
55450.0,8,-6,303
55452.5,12,-9,306
55455.0,10,-7,303
55457.5,10,-9,307
55460.0,9,-7,306
55462.5,9,-9,301
55465.0,10,-10,303
55467.5,10,-10,303
55470.0,11,-8,302
55472.5,12,-8,303
55475.0,12,-10,304
55477.5,11,-7,300
55480.0,9,-7,306
55482.5,9,-5,307
55485.0,10,-8,304
55487.5,10,-9,303
55490.0,11,-6,304
55492.5,8,-7,305
55495.0,9,-7,304
55497.5,8,-8,304
55500.0,10,-8,303
55502.5,10,-9,306
55505.0,9,-9,303
55507.5,10,-7,305
55510.0,9,-8,306
55512.5,10,-7,301
55515.0,10,-10,305
55517.5,10,-10,305
55520.0,8,-6,304
55522.5,10,-7,303
55525.0,11,-8,306
55527.5,12,-5,303
55530.0,9,-7,303
55532.5,8,-7,304
55535.0,7,-5,305
55537.5,9,-9,303
55540.0,10,-6,302
55542.5,9,-9,306
55545.0,9,-9,305
55547.5,10,-8,302
55550.0,12,-8,303
55552.5,10,-9,305
55555.0,10,-9,305
55557.5,9,-5,301
55560.0,9,-8,302
55562.5,10,-7,304
55565.0,9,-8,302
55567.5,9,-8,302
55570.0,9,-4,301
55572.5,11,-10,300
55575.0,9,-5,303
55577.5,11,-7,305
55580.0,8,-7,302
55582.5,8,-3,304
55585.0,11,-9,308
55587.5,11,-10,304
55590.0,8,-5,305
55592.5,9,-7,303
55595.0,11,-8,303
55597.5,9,-8,301
55600.0,10,-10,306
55602.5,10,-9,304
55605.0,11,-9,301
55607.5,10,-7,304
55610.0,11,-8,302
55612.5,9,-5,302
55615.0,11,-10,308
55617.5,11,-10,308
55620.0,9,-7,304
55622.5,10,-9,301
55625.0,10,-6,302
55627.5,11,-6,304
55630.0,11,-9,305
55632.5,10,-9,309
55635.0,10,-7,301
55637.5,13,-8,303
55640.0,10,-8,304
55642.5,9,-10,304
55645.0,10,-9,302
55647.5,11,-9,304
55650.0,10,-8,303
55652.5,9,-8,305
55655.0,12,-9,303
55657.5,10,-8,303
55660.0,9,-6,300
55662.5,9,-6,301
55665.0,9,-6,301
55667.5,9,-7,298
55670.0,11,-9,304
55672.5,11,-9,304
55675.0,12,-6,303
55677.5,12,-4,305
55680.0,8,-4,302
55682.5,9,-5,303
55685.0,7,-6,303
55687.5,9,-8,303
55690.0,11,-8,301
55692.5,9,-8,306
55695.0,10,-7,303
55697.5,10,-9,300
55700.0,9,-9,303
55702.5,12,-8,304
55705.0,9,-8,305
55707.5,9,-9,306
55710.0,11,-9,303
55712.5,9,-8,303
55715.0,9,-8,303
55717.5,7,-7,306
55720.0,9,-9,301
55722.5,10,-7,304
55725.0,10,-6,309
55727.5,8,-7,303
55730.0,10,-7,306
55732.5,12,-10,305
55735.0,9,-9,303
55737.5,11,-6,304
55740.0,11,-9,301
55742.5,11,-7,305
55745.0,13,-7,302
55747.5,11,-8,302
55750.0,9,-8,302
55752.5,9,-6,301
55755.0,9,-7,304
55757.5,10,-7,302
55760.0,9,-7,302
55762.5,11,-10,303
55765.0,11,-10,303
55767.5,11,-6,304
55770.0,9,-9,303
55772.5,7,-7,301
55775.0,10,-9,302
55777.5,11,-10,308
55780.0,12,-7,305
55782.5,11,-6,305
55785.0,12,-8,301
55787.5,13,-10,303
55790.0,10,-3,302
55792.5,10,-8,305
55795.0,10,-6,304
55797.5,8,-8,301
55800.0,9,-8,303
55802.5,8,-8,305
55805.0,10,-10,303
55807.5,8,-8,304
55810.0,8,-7,305
55812.5,8,-7,303
55815.0,8,-7,303
55817.5,13,-8,303
55820.0,10,-8,304
55822.5,10,-8,305
55825.0,8,-6,305
55827.5,9,-6,304
55830.0,12,-7,307
55832.5,10,-8,303
55835.0,8,-5,300
55837.5,11,-7,308
55840.0,9,-10,301
55842.5,11,-8,303
55845.0,9,-8,302
55847.5,10,-6,305
55850.0,12,-8,302
55852.5,10,-7,302
55855.0,11,-8,303
55857.5,10,-9,302
55860.0,8,-9,302
55862.5,10,-8,306
55865.0,10,-8,306
55867.5,11,-7,304
55870.0,11,-6,303
55872.5,9,-6,306
55875.0,10,-6,303
55877.5,10,-7,303
55880.0,13,-9,303
55882.5,10,-11,298
55885.0,10,-7,305
55887.5,11,-7,304
55890.0,7,-7,302
55892.5,10,-6,303
55895.0,10,-7,302
55897.5,10,-8,305
55900.0,8,-7,302
55902.5,12,-8,305
55905.0,9,-8,303
55907.5,9,-8,303
55910.0,9,-7,305
55912.5,9,-8,302
55915.0,9,-8,302
55917.5,9,-8,302
55920.0,10,-8,303
55922.5,11,-9,306
55925.0,8,-6,300
55927.5,9,-7,302
55930.0,8,-3,302
55932.5,10,-10,306
55935.0,10,-9,310
55937.5,12,-8,302
55940.0,9,-7,302
55942.5,10,-6,304
55945.0,9,-6,303
55947.5,9,-7,305
55950.0,9,-6,303
55952.5,8,-8,303
55955.0,10,-7,303
55957.5,10,-8,302
55960.0,11,-9,304
55962.5,12,-9,302
55965.0,12,-9,302
55967.5,9,-6,303
55970.0,9,-8,306
55972.5,11,-6,304
55975.0,11,-11,302
55977.5,8,-4,298
55980.0,10,-9,308
55982.5,9,-8,304
55985.0,8,-4,301
55987.5,10,-7,300
55990.0,11,-9,305
55992.5,10,-9,302
55995.0,10,-6,301
55997.5,10,-8,303
56000.0,11,-8,302
56002.5,8,-9,303
56005.0,9,-7,304
56007.5,10,-9,304
56010.0,9,-8,302
56012.5,11,-8,302
56015.0,11,-8,302
56017.5,8,-7,303
56020.0,9,-8,300
56022.5,8,-7,307
56025.0,11,-8,306
56027.5,12,-8,304
56030.0,10,-5,307
56032.5,10,-6,304
56035.0,11,-6,304
56037.5,10,-7,301
56040.0,9,-8,301
56042.5,11,-7,304
56045.0,12,-10,303
56047.5,8,-8,300
56050.0,12,-8,301
56052.5,10,-8,301
56055.0,11,-7,301
56057.5,10,-8,305
56060.0,9,-7,303
56062.5,9,-7,303
56065.0,7,-7,307
56067.5,9,-9,302
56070.0,11,-8,302
56072.5,12,-7,302
56075.0,9,-7,300
56077.5,10,-4,300
56080.0,7,-6,304
56082.5,10,-9,302
56085.0,9,-9,306
56087.5,8,-8,302
56090.0,9,-7,303
56092.5,10,-7,303
56095.0,9,-7,304
56097.5,10,-9,304
56100.0,12,-10,304
56102.5,10,-9,306
56105.0,11,-8,303
56107.5,11,-7,301
56110.0,11,-9,302
56112.5,11,-9,302
56115.0,9,-9,304
56117.5,9,-6,302
56120.0,7,-4,305
56122.5,10,-6,303
56125.0,10,-8,305
56127.5,8,-10,304
56130.0,11,-8,305
56132.5,11,-8,303
56135.0,10,-4,304
56137.5,10,-5,302
56140.0,8,-8,299
56142.5,11,-7,302
56145.0,12,-11,300
56147.5,10,-9,302
56150.0,9,-8,303
56152.5,10,-8,301
56155.0,10,-10,305
56157.5,10,-9,303
56160.0,10,-10,306
56162.5,10,-10,306
56165.0,11,-12,306
56167.5,10,-7,305
56170.0,9,-6,304
56172.5,11,-7,300
56175.0,12,-6,305
56177.5,9,-8,301
56180.0,11,-4,305
56182.5,10,-6,304
56185.0,11,-10,304
56187.5,13,-9,304
56190.0,9,-9,304
56192.5,11,-8,304
56195.0,11,-9,302
56197.5,10,-9,299
56200.0,10,-9,304
56202.5,10,-10,301
56205.0,10,-8,300
56207.5,9,-4,303
56210.0,9,-9,306
56212.5,9,-9,306
56215.0,12,-9,300
56217.5,9,-10,303
56220.0,10,-11,302
56222.5,8,-6,301
56225.0,12,-8,306
56227.5,11,-7,300
56230.0,10,-7,303
56232.5,9,-7,302
56235.0,11,-9,302
56237.5,11,-9,305
56240.0,10,-9,304
56242.5,11,-8,305
56245.0,12,-11,303
56247.5,9,-6,305
56250.0,9,-9,304
56252.5,9,-8,301
56255.0,11,-10,303
56257.5,7,-8,302
56260.0,10,-10,304
56262.5,10,-10,304
56265.0,8,-10,305
56267.5,10,-10,306
56270.0,11,-9,302
56272.5,10,-7,302
56275.0,10,-7,303
56277.5,11,-6,304
56280.0,10,-8,305
56282.5,9,-8,305
56285.0,10,-9,304
56287.5,9,-7,301
56290.0,11,-9,305
56292.5,10,-10,305
56295.0,9,-10,303
56297.5,8,-8,304
56300.0,9,-9,302
56302.5,8,-7,302
56305.0,10,-10,303
56307.5,11,-10,303
56310.0,10,-9,306
56312.5,10,-9,306
56315.0,10,-8,301
56317.5,8,-7,302
56320.0,10,-6,305
56322.5,14,-5,303
56325.0,12,-10,308
56327.5,13,-7,304
56330.0,10,-4,303
56332.5,8,-8,304
56335.0,10,-7,306
56337.5,11,-9,306
56340.0,12,-8,304
56342.5,9,-9,302
56345.0,12,-10,303
56347.5,11,-6,304
56350.0,8,-6,303
56352.5,10,-8,301
56355.0,9,-8,302
56357.5,8,-8,302
56360.0,8,-7,306
56362.5,8,-7,306
56365.0,11,-9,303
56367.5,9,-8,301
56370.0,9,-8,305
56372.5,9,-8,303
56375.0,7,-8,301
56377.5,9,-5,304
56380.0,9,-9,305
56382.5,10,-8,306
56385.0,10,-7,304
56387.5,11,-6,300
56390.0,10,-8,302
56392.5,10,-8,304
56395.0,9,-6,305
56397.5,9,-8,299
56400.0,11,-7,302
56402.5,10,-9,303
56405.0,11,-8,304
56407.5,10,-8,302
56410.0,11,-7,302
56412.5,11,-7,302
56415.0,11,-8,301
56417.5,10,-12,305
56420.0,10,-8,307
56422.5,10,-9,303
56425.0,12,-11,304
56427.5,10,-5,301
56430.0,10,-7,303
56432.5,9,-6,303
56435.0,11,-9,302
56437.5,11,-6,302
56440.0,10,-8,303
56442.5,10,-7,302
56445.0,12,-10,305
56447.5,8,-9,301
56450.0,8,-9,301
56452.5,9,-9,304
56455.0,10,-11,306
56457.5,9,-10,307
56460.0,9,-8,303
56462.5,9,-8,303
56465.0,10,-9,301
56467.5,9,-8,304
56470.0,10,-5,306
56472.5,11,-9,303
56475.0,9,-8,302
56477.5,11,-9,307
56480.0,9,-8,299
56482.5,12,-6,302
56485.0,8,-7,302
56487.5,9,-8,306
56490.0,9,-8,303
56492.5,9,-8,302
56495.0,10,-9,304
56497.5,10,-7,303
56500.0,9,-6,301
56502.5,8,-9,302
56505.0,11,-11,305
56507.5,8,-9,307
56510.0,10,-10,303
56512.5,10,-10,303
56515.0,10,-7,301
56517.5,10,-10,302
56520.0,12,-5,305
56522.5,10,-8,302
56525.0,11,-8,304
56527.5,8,-5,304
56530.0,7,-4,303
56532.5,10,-4,304
56535.0,10,-7,304
56537.5,11,-9,302
56540.0,9,-9,304
56542.5,11,-8,307
56545.0,9,-6,304
56547.5,10,-9,302
56550.0,9,-8,301
56552.5,11,-8,303
56555.0,10,-8,304
56557.5,10,-9,302
56560.0,10,-9,302
56562.5,9,-8,303
56565.0,10,-8,300
56567.5,9,-11,302
56570.0,10,-8,304
56572.5,10,-7,303
56575.0,11,-7,301
56577.5,11,-8,304
56580.0,8,-7,304
56582.5,8,-7,308
56585.0,11,-9,304
56587.5,12,-9,302
56590.0,10,-7,304
56592.5,14,-9,303
56595.0,12,-7,301
56597.5,11,-8,304
56600.0,8,-9,303
56602.5,11,-9,302
56605.0,10,-10,301
56607.5,13,-9,302
56610.0,13,-9,302
56612.5,10,-9,303
56615.0,9,-9,303
56617.5,9,-8,302
56620.0,10,-7,301
56622.5,9,-8,304
56625.0,10,-5,303
56627.5,12,-8,303
56630.0,9,-6,302
56632.5,11,-7,303
56635.0,9,-7,305
56637.5,10,-8,302
56640.0,8,-8,303
56642.5,10,-9,303
56645.0,9,-10,301
56647.5,11,-7,303
56650.0,10,-9,300
56652.5,7,-9,305
56655.0,10,-8,304
56657.5,11,-7,305
56660.0,11,-7,305
56662.5,9,-9,303
56665.0,7,-5,303
56667.5,7,-7,307
56670.0,10,-7,302
56672.5,10,-9,307
56675.0,10,-8,308
56677.5,11,-8,304
56680.0,10,-7,302
56682.5,9,-9,302
56685.0,9,-8,300
56687.5,10,-8,305
56690.0,9,-6,308
56692.5,10,-10,305
56695.0,10,-9,302
56697.5,10,-9,302
56700.0,10,-7,304
56702.5,9,-5,304
56705.0,10,-8,302
56707.5,9,-8,303
56710.0,9,-8,303
56712.5,9,-5,302
56715.0,10,-7,304
56717.5,6,-8,300
56720.0,9,-8,304
56722.5,9,-9,305
56725.0,10,-5,303
56727.5,8,-5,303
56730.0,10,-9,302
56732.5,11,-10,302
56735.0,8,-9,302
56737.5,10,-8,303
56740.0,10,-7,300
56742.5,8,-7,301
56745.0,9,-6,303
56747.5,11,-9,306
56750.0,9,-9,302
56752.5,10,-8,304
56755.0,12,-8,303
56757.5,9,-6,303
56760.0,9,-6,303
56762.5,11,-8,306
56765.0,9,-10,304
56767.5,8,-7,304
56770.0,9,-6,306
56772.5,10,-4,301
56775.0,10,-4,302
56777.5,9,-6,303
56780.0,11,-9,306
56782.5,10,-8,304
56785.0,12,-9,304
56787.5,10,-9,304
56790.0,12,-8,304
56792.5,9,-7,304
56795.0,10,-9,304
56797.5,9,-7,305
56800.0,9,-9,303
56802.5,9,-9,302
56805.0,9,-9,303
56807.5,9,-6,304
56810.0,9,-6,304
56812.5,12,-8,303
56815.0,9,-8,302
56817.5,10,-7,303
56820.0,8,-6,308
56822.5,10,-9,302
56825.0,11,-6,302
56827.5,11,-5,299
56830.0,11,-7,304
56832.5,8,-4,304
56835.0,8,-6,303
56837.5,10,-8,305
56840.0,10,-8,300
56842.5,11,-10,303
56845.0,11,-9,305
56847.5,9,-8,302
56850.0,9,-9,302
56852.5,10,-10,301
56855.0,9,-10,303
56857.5,9,-9,301
56860.0,9,-9,301
56862.5,11,-7,303
56865.0,12,-9,302
56867.5,10,-7,303
56870.0,10,-6,301
56872.5,10,-5,307
56875.0,11,-7,307
56877.5,12,-6,303
56880.0,11,-5,303
56882.5,9,-4,303
56885.0,10,-10,305
56887.5,9,-6,304
56890.0,11,-7,304
56892.5,10,-7,304
56895.0,10,-8,304
56897.5,10,-9,302
56900.0,10,-9,304
56902.5,8,-5,305
56905.0,10,-8,300
56907.5,10,-7,303
56910.0,10,-7,303
56912.5,12,-8,302
56915.0,10,-6,301
56917.5,8,-7,303
56920.0,8,-9,306
56922.5,8,-8,303
56925.0,10,-5,308
56927.5,11,-8,298
56930.0,8,-5,303
56932.5,10,-7,301
56935.0,9,-8,306
56937.5,12,-9,301
56940.0,11,-8,304
56942.5,10,-9,305
56945.0,9,-9,302
56947.5,8,-7,302
56950.0,11,-8,305
56952.5,11,-8,305
56955.0,9,-10,305
56957.5,9,-9,302
56960.0,9,-9,302
56962.5,10,-8,301
56965.0,9,-7,302
56967.5,11,-9,307
56970.0,12,-8,304
56972.5,9,-6,306
56975.0,13,-8,303
56977.5,13,-4,304
56980.0,12,-7,304
56982.5,10,-7,303
56985.0,12,-8,303
56987.5,11,-8,304
56990.0,13,-10,304
56992.5,12,-8,306
56995.0,10,-9,302
56997.5,11,-8,304
57000.0,13,-9,301
57002.5,8,-8,304
57005.0,9,-9,303
57007.5,10,-6,305
57010.0,10,-6,305
57012.5,11,-9,303
57015.0,9,-6,301
57017.5,11,-4,300
57020.0,11,-8,303
57022.5,12,-7,302
57025.0,10,-10,303
57027.5,12,-7,300
57030.0,11,-6,306
57032.5,11,-9,303
57035.0,11,-8,303
57037.5,10,-6,303
57040.0,10,-8,303
57042.5,12,-8,307
57045.0,10,-6,304
57047.5,9,-9,305
57050.0,11,-9,305
57052.5,9,-6,303
57055.0,10,-7,303
57057.5,10,-8,302
57060.0,10,-8,302
57062.5,11,-10,305
57065.0,12,-9,304
57067.5,12,-8,303
57070.0,10,-7,304
57072.5,9,-5,305
57075.0,6,-7,303
57077.5,10,-9,305
57080.0,12,-10,304
57082.5,11,-9,304
57085.0,9,-5,303
57087.5,9,-7,305
57090.0,8,-8,302
57092.5,10,-7,301
57095.0,9,-5,302
57097.5,9,-7,306
57100.0,10,-9,304
57102.5,10,-3,305
57105.0,10,-7,302
57107.5,10,-7,302
57110.0,11,-8,304
57112.5,9,-8,307
57115.0,9,-9,303
57117.5,9,-9,304
57120.0,11,-7,302
57122.5,10,-9,304
57125.0,8,-8,301
57127.5,7,-7,304
57130.0,10,-7,300
57132.5,12,-10,306
57135.0,10,-9,306
57137.5,11,-6,302
57140.0,9,-8,304
57142.5,9,-8,303
57145.0,8,-7,305
57147.5,9,-6,303
57150.0,11,-8,302
57152.5,12,-8,304
57155.0,10,-8,305
57157.5,10,-8,305
57160.0,12,-10,305
57162.5,12,-8,304
57165.0,8,-7,305
57167.5,11,-7,302
57170.0,10,-8,302
57172.5,12,-7,303
57175.0,12,-6,306
57177.5,9,-4,301
57180.0,11,-5,301
57182.5,11,-7,303
57185.0,10,-8,301
57187.5,9,-9,305
57190.0,10,-11,305
57192.5,10,-7,302
57195.0,10,-7,303
57197.5,10,-9,305
57200.0,10,-8,303
57202.5,9,-8,303
57205.0,9,-7,303
57207.5,9,-7,303
57210.0,10,-8,303
57212.5,11,-6,305
57215.0,11,-10,302
57217.5,9,-8,306
57220.0,9,-9,308
57222.5,12,-9,309
57225.0,10,-5,307
57227.5,9,-6,301
57230.0,13,-9,303
57232.5,11,-7,304
57235.0,11,-7,308
57237.5,11,-9,306
57240.0,10,-7,303
57242.5,12,-6,302
57245.0,10,-8,305
57247.5,9,-8,302
57250.0,9,-9,302
57252.5,11,-7,307
57255.0,10,-9,304
57257.5,10,-9,304
57260.0,10,-7,304
57262.5,12,-6,303
57265.0,11,-6,301
57267.5,10,-7,300
57270.0,9,-8,304
57272.5,10,-8,306
57275.0,9,-5,304
57277.5,15,-7,303
57280.0,10,-6,304
57282.5,9,-8,302
57285.0,8,-7,302
57287.5,11,-5,301
57290.0,9,-10,305
57292.5,9,-6,301
57295.0,8,-6,305
57297.5,10,-9,303
57300.0,10,-7,303
57302.5,9,-9,303
57305.0,11,-10,304
57307.5,11,-10,304
57310.0,10,-9,305
57312.5,12,-7,304
57315.0,10,-6,305
57317.5,9,-3,305
57320.0,9,-7,306
57322.5,10,-8,308
57325.0,12,-8,305
57327.5,10,-10,305
57330.0,12,-5,301
57332.5,10,-7,303
57335.0,10,-7,302
57337.5,8,-6,303
57340.0,11,-9,302
57342.5,9,-8,303
57345.0,11,-7,302
57347.5,11,-9,305
57350.0,9,-9,303
57352.5,9,-8,303
57355.0,8,-6,301
57357.5,8,-6,301
57360.0,10,-9,305
57362.5,10,-9,308
57365.0,10,-4,305
57367.5,12,-12,303
57370.0,10,-8,302
57372.5,12,-6,305
57375.0,11,-10,305
57377.5,9,-9,302
57380.0,9,-6,303
57382.5,10,-6,304
57385.0,12,-10,303
57387.5,10,-7,302
57390.0,12,-10,306
57392.5,9,-7,308
57395.0,8,-7,302
57397.5,11,-9,300
57400.0,9,-8,302
57402.5,10,-8,298
57405.0,9,-8,301
57407.5,9,-8,301
57410.0,9,-8,303
57412.5,9,-6,305
57415.0,10,-5,301
57417.5,14,-8,303
57420.0,11,-5,306
57422.5,11,-4,302
57425.0,9,-5,304
57427.5,8,-6,305
57430.0,8,-6,303
57432.5,8,-7,305
57435.0,12,-8,306
57437.5,10,-8,307
57440.0,10,-9,305
57442.5,10,-8,304
57445.0,10,-9,303
57447.5,11,-8,302
57450.0,9,-9,303
57452.5,11,-10,304
57455.0,11,-9,303
57457.5,11,-9,303
57460.0,8,-6,303
57462.5,8,-7,299
57465.0,7,-4,300
57467.5,12,-9,302
57470.0,9,-6,305
57472.5,13,-7,304
57475.0,10,-6,303
57477.5,9,-5,302
57480.0,11,-9,305
57482.5,11,-7,304
57485.0,10,-5,305
57487.5,9,-7,302
57490.0,11,-7,306
57492.5,8,-9,303
57495.0,8,-6,300
57497.5,9,-7,300
57500.0,8,-7,307
57502.5,9,-8,301
57505.0,8,-8,305
57507.5,8,-8,305
57510.0,12,-10,305
57512.5,12,-7,304
57515.0,9,-7,307
57517.5,11,-8,306
57520.0,10,-6,301
57522.5,8,-7,301
57525.0,9,-8,304
57527.5,9,-7,304
57530.0,12,-7,302
57532.5,10,-7,302
57535.0,10,-7,303
57537.5,10,-7,302
57540.0,11,-8,304
57542.5,10,-8,304
57545.0,11,-8,303
57547.5,11,-10,303
57550.0,10,-10,301
57552.5,10,-7,301
57555.0,10,-8,302
57557.5,10,-8,302
57560.0,8,-9,301
57562.5,11,-9,305
57565.0,12,-8,303
57567.5,13,-9,301
57570.0,9,-6,301
57572.5,12,-6,302
57575.0,12,-9,306
57577.5,8,-7,304
57580.0,13,-8,302
57582.5,13,-8,302
57585.0,11,-7,304
57587.5,9,-5,303
57590.0,9,-6,302
57592.5,9,-9,299
57595.0,10,-9,301
57597.5,11,-9,305
57600.0,10,-5,305
57602.5,9,-8,301
57605.0,9,-8,305
57607.5,9,-8,305
57610.0,8,-9,304
57612.5,8,-9,303
57615.0,11,-7,305
57617.5,7,-6,304
57620.0,12,-8,304
57622.5,12,-8,309
57625.0,9,-4,304
57627.5,9,-6,303
57630.0,9,-6,305
57632.5,9,-7,303
57635.0,9,-5,302
57637.5,10,-7,302
57640.0,9,-7,304
57642.5,10,-10,306
57645.0,7,-6,302
57647.5,7,-8,303
57650.0,9,-9,304
57652.5,11,-9,301
57655.0,11,-9,301
57657.5,12,-8,302
57660.0,9,-8,305
57662.5,6,-7,304
57665.0,9,-6,303
57667.5,11,-10,306
57670.0,14,-9,303
57672.5,10,-8,303
57675.0,12,-9,303
57677.5,9,-9,298
57680.0,8,-6,302
57682.5,11,-8,303
57685.0,10,-9,304
57687.5,11,-9,300
57690.0,10,-9,300
57692.5,11,-8,303
57695.0,9,-6,305
57697.5,10,-7,302
57700.0,11,-10,300
57702.5,10,-9,303
57705.0,10,-9,303
57707.5,10,-10,307
57710.0,11,-8,303
57712.5,7,-7,303
57715.0,10,-6,303
57717.5,10,-7,307
57720.0,12,-8,305
57722.5,10,-7,306
57725.0,11,-8,303
57727.5,10,-6,308
57730.0,9,-6,305
57732.5,10,-8,301
57735.0,9,-6,301
57737.5,10,-7,302
57740.0,10,-8,302
57742.5,7,-7,301
57745.0,8,-6,302
57747.5,10,-7,301
57750.0,8,-8,301
57752.5,6,-9,306
57755.0,6,-9,306
57757.5,10,-10,305
57760.0,10,-8,307
57762.5,9,-7,303
57765.0,9,-6,303
57767.5,9,-7,302
57770.0,9,-6,308
57772.5,10,-6,305
57775.0,9,-8,309
57777.5,12,-9,307
57780.0,14,-8,301
57782.5,12,-8,303
57785.0,11,-10,304
57787.5,10,-6,305
57790.0,9,-6,303
57792.5,8,-9,306
57795.0,10,-9,302
57797.5,11,-7,304
57800.0,11,-7,303
57802.5,9,-8,303
57805.0,9,-8,303
57807.5,9,-6,307
57810.0,8,-7,300
57812.5,11,-10,303
57815.0,10,-8,301
57817.5,10,-6,303
57820.0,8,-5,307
57822.5,13,-5,302
57825.0,8,-6,300
57827.5,10,-7,303
57830.0,11,-9,301
57832.5,11,-7,304
57835.0,9,-7,305
57837.5,9,-6,302
57840.0,12,-6,300
57842.5,12,-12,300
57845.0,11,-10,302
57847.5,10,-10,303
57850.0,11,-9,305
57852.5,10,-9,301
57855.0,10,-9,301
57857.5,10,-7,304
57860.0,7,-6,300
57862.5,9,-5,305
57865.0,9,-9,302
57867.5,10,-8,299
57870.0,11,-6,306
57872.5,11,-6,305
57875.0,10,-7,300
57877.5,10,-10,300
57880.0,11,-7,305
57882.5,10,-7,305
57885.0,10,-8,305
57887.5,11,-6,304
57890.0,9,-6,300
57892.5,10,-8,305
57895.0,10,-8,301
57897.5,7,-7,303
57900.0,11,-9,304
57902.5,10,-8,302
57905.0,10,-8,302
57907.5,11,-7,304
57910.0,8,-7,299
57912.5,11,-8,299
57915.0,12,-8,305
57917.5,7,-7,306
57920.0,10,-8,306
57922.5,9,-7,305
57925.0,12,-8,303
57927.5,12,-8,302
57930.0,9,-6,303
57932.5,9,-9,305
57935.0,9,-7,302
57937.5,8,-8,303
57940.0,10,-6,306
57942.5,11,-10,307
57945.0,12,-10,303
57947.5,9,-8,302
57950.0,10,-11,302
57952.5,9,-7,303
57955.0,9,-7,303
57957.5,11,-8,301
57960.0,11,-10,303
57962.5,8,-8,307
57965.0,9,-7,301
57967.5,8,-7,303
57970.0,10,-6,301
57972.5,9,-8,302
57975.0,9,-7,306
57977.5,11,-7,306
57980.0,8,-6,302
57982.5,10,-8,301
57985.0,11,-10,302
57987.5,9,-9,303
57990.0,10,-8,304
57992.5,10,-6,304
57995.0,9,-8,303
57997.5,9,-8,302
58000.0,8,-11,302
58002.5,11,-7,301
58005.0,11,-7,301
58007.5,8,-8,302
58010.0,9,-7,304
58012.5,10,-5,305
58015.0,10,-5,300
58017.5,9,-6,303
58020.0,10,-7,301
58022.5,9,-8,305
58025.0,9,-8,309
58027.5,8,-6,301
58030.0,10,-8,303
58032.5,8,-8,299
58035.0,10,-8,303
58037.5,10,-9,304
58040.0,10,-8,304
58042.5,10,-9,303
58045.0,9,-8,303
58047.5,8,-6,303
58050.0,8,-6,301
58052.5,9,-10,305
58055.0,9,-10,305
58057.5,12,-9,302
58060.0,11,-6,302
58062.5,12,-10,302
58065.0,12,-9,306
58067.5,11,-6,303
58070.0,10,-9,300
58072.5,9,-8,303
58075.0,8,-8,305
58077.5,11,-8,304
58080.0,10,-8,304
58082.5,11,-8,303
58085.0,12,-9,304
58087.5,12,-10,304
58090.0,9,-8,299
58092.5,10,-11,305
58095.0,12,-8,304
58097.5,10,-8,306
58100.0,10,-8,300
58102.5,9,-5,301
58105.0,9,-5,301
58107.5,10,-9,304
58110.0,9,-7,304
58112.5,12,-8,301
58115.0,9,-6,302
58117.5,7,-8,304
58120.0,8,-8,302
58122.5,11,-7,305
58125.0,11,-9,297
58127.5,12,-7,301
58130.0,10,-9,304
58132.5,10,-6,304
58135.0,11,-7,304
58137.5,9,-9,303
58140.0,9,-6,301
58142.5,10,-8,302
58145.0,10,-9,303
58147.5,9,-9,302
58150.0,8,-8,304
58152.5,8,-7,301
58155.0,8,-7,301
58157.5,11,-8,303
58160.0,10,-7,304
58162.5,10,-7,307
58165.0,10,-7,298
58167.5,9,-7,304
58170.0,9,-10,302
58172.5,13,-10,299
58175.0,11,-8,301
58177.5,9,-6,301
58180.0,10,-9,304
58182.5,10,-7,301
58185.0,8,-8,304
58187.5,11,-8,307
58190.0,10,-8,301
58192.5,10,-8,306
58195.0,12,-9,305
58197.5,10,-9,302
58200.0,9,-8,302
58202.5,9,-8,302
58205.0,10,-8,304
58207.5,11,-9,300
58210.0,8,-7,302
58212.5,13,-5,303
58215.0,9,-8,304
58217.5,8,-6,304
58220.0,9,-6,303
58222.5,9,-6,302
58225.0,11,-8,309
58227.5,10,-9,305
58230.0,9,-8,302
58232.5,9,-9,302
58235.0,9,-10,304
58237.5,9,-6,304
58240.0,12,-9,299
58242.5,10,-9,303
58245.0,9,-4,303
58247.5,10,-11,301
58250.0,8,-10,302
58252.5,8,-10,302
58255.0,10,-10,302
58257.5,10,-7,307
58260.0,10,-10,305
58262.5,13,-7,303
58265.0,9,-7,301
58267.5,9,-9,308
58270.0,10,-4,306
58272.5,10,-8,305
58275.0,14,-6,307
58277.5,11,-6,305
58280.0,9,-7,306
58282.5,11,-9,301
58285.0,9,-9,302
58287.5,10,-8,304
58290.0,10,-8,305
58292.5,9,-5,306
58295.0,10,-8,304
58297.5,11,-7,299
58300.0,11,-7,303
58302.5,11,-7,303
58305.0,11,-7,304
58307.5,9,-8,304
58310.0,11,-5,303
58312.5,11,-10,306
58315.0,10,-6,303
58317.5,10,-6,302
58320.0,12,-5,304
58322.5,8,-6,305
58325.0,10,-6,305
58327.5,11,-8,305
58330.0,9,-8,306
58332.5,11,-8,304
58335.0,8,-7,302
58337.5,11,-9,303
58340.0,10,-9,304
58342.5,10,-7,303
58345.0,9,-8,303
58347.5,10,-9,303
58350.0,10,-8,302
58352.5,10,-8,302
58355.0,9,-9,304
58357.5,13,-8,301
58360.0,11,-8,303
58362.5,13,-10,300
58365.0,10,-5,301
58367.5,10,-8,307
58370.0,11,-9,303
58372.5,8,-5,305
58375.0,10,-5,303
58377.5,10,-7,307
58380.0,10,-7,303
58382.5,7,-5,301
58385.0,10,-9,302
58387.5,11,-8,303
58390.0,11,-9,302
58392.5,12,-8,303
58395.0,11,-10,305
58397.5,10,-8,304
58400.0,12,-10,303
58402.5,12,-10,303
58405.0,10,-8,303
58407.5,11,-8,308
58410.0,9,-7,303
58412.5,10,-6,303
58415.0,7,-5,300
58417.5,10,-9,303
58420.0,11,-10,304
58422.5,10,-10,301
58425.0,10,-8,306
58427.5,12,-8,302
58430.0,11,-7,304
58432.5,13,-9,305
58435.0,10,-10,302
58437.5,8,-8,300
58440.0,10,-8,305
58442.5,9,-8,305
58445.0,12,-9,302
58447.5,10,-10,304
58450.0,11,-8,302
58452.5,11,-8,302
58455.0,10,-8,303
58457.5,8,-7,306
58460.0,10,-9,302
58462.5,7,-6,303
58465.0,10,-7,303
58467.5,11,-9,306
58470.0,10,-7,301
58472.5,12,-5,303
58475.0,12,-9,303
58477.5,9,-7,304
58480.0,10,-7,302
58482.5,10,-6,304
58485.0,10,-9,301
58487.5,8,-8,306
58490.0,8,-8,301
58492.5,10,-7,303
58495.0,11,-8,303
58497.5,11,-9,301
58500.0,11,-8,303
58502.5,11,-8,303
58505.0,9,-7,300
58507.5,11,-5,302
58510.0,11,-8,306
58512.5,10,-7,305
58515.0,9,-7,301
58517.5,10,-7,311
58520.0,12,-6,303
58522.5,9,-7,302
58525.0,9,-6,305
58527.5,8,-7,302
58530.0,10,-9,301
58532.5,8,-9,304
58535.0,9,-8,306
58537.5,10,-8,305
58540.0,10,-9,304
58542.5,11,-9,302
58545.0,9,-7,303
58547.5,11,-9,301
58550.0,8,-9,303
58552.5,8,-9,303
58555.0,11,-8,306
58557.5,8,-7,303
58560.0,10,-7,304
58562.5,9,-7,300
58565.0,7,-6,301
58567.5,10,-5,302
58570.0,8,-8,305
58572.5,10,-8,304
58575.0,11,-8,304
58577.5,8,-8,301
58580.0,9,-6,307
58582.5,10,-5,300
58585.0,11,-8,302
58587.5,7,-9,302
58590.0,9,-8,304
58592.5,10,-8,301
58595.0,11,-10,304
58597.5,8,-8,304
58600.0,8,-9,304
58602.5,8,-9,304
58605.0,9,-8,300
58607.5,10,-6,305
58610.0,11,-5,302
58612.5,9,-3,304
58615.0,8,-8,303
58617.5,9,-7,305
58620.0,10,-7,303
58622.5,11,-8,302
58625.0,11,-7,300
58627.5,9,-5,303
58630.0,10,-8,304
58632.5,11,-9,304
58635.0,11,-9,303
58637.5,9,-8,305
58640.0,10,-11,303
58642.5,11,-9,302
58645.0,14,-9,302
58647.5,10,-8,302
58650.0,11,-7,304
58652.5,11,-7,304
58655.0,9,-10,301
58657.5,11,-6,305
58660.0,12,-6,304
58662.5,10,-7,304
58665.0,10,-6,303
58667.5,11,-9,305
58670.0,9,-6,302
58672.5,12,-7,305
58675.0,10,-10,305
58677.5,9,-8,303
58680.0,10,-7,304
58682.5,9,-9,302
58685.0,11,-7,302
58687.5,11,-8,303
58690.0,9,-8,301
58692.5,9,-7,301
58695.0,10,-8,300
58697.5,7,-8,304
58700.0,7,-8,304
58702.5,8,-6,305
58705.0,12,-6,303
58707.5,11,-9,307
58710.0,10,-4,304
58712.5,9,-5,300
58715.0,8,-9,305
58717.5,10,-7,306
58720.0,10,-7,303
58722.5,12,-6,307
58725.0,11,-7,305
58727.5,7,-6,304
58730.0,8,-8,304
58732.5,9,-8,301
58735.0,9,-6,304
58737.5,11,-10,300
58740.0,12,-9,306
58742.5,9,-6,305
58745.0,10,-7,304
58747.5,10,-8,299
58750.0,10,-8,299
58752.5,9,-7,302
58755.0,9,-8,303
58757.5,14,-9,301
58760.0,10,-9,307
58762.5,10,-8,301
58765.0,10,-7,305
58767.5,9,-5,307
58770.0,11,-9,304
58772.5,11,-7,303
58775.0,9,-8,306
58777.5,10,-9,305
58780.0,11,-8,304
58782.5,10,-9,303
58785.0,9,-7,304
58787.5,11,-7,303
58790.0,11,-8,304
58792.5,11,-9,301
58795.0,10,-9,303
58797.5,8,-8,306
58800.0,8,-8,306
58802.5,11,-9,305
58805.0,11,-7,304
58807.5,10,-6,303
58810.0,11,-11,301
58812.5,10,-9,302
58815.0,11,-4,306
58817.5,11,-7,304
58820.0,11,-7,301
58822.5,11,-8,302
58825.0,9,-6,306
58827.5,9,-7,301
58830.0,10,-9,301
58832.5,9,-8,305
58835.0,10,-9,302
58837.5,8,-9,305
58840.0,10,-8,306
58842.5,11,-9,301
58845.0,9,-9,305
58847.5,10,-9,303
58850.0,10,-9,303
58852.5,10,-11,303
58855.0,9,-10,306
58857.5,10,-8,304
58860.0,11,-9,304
58862.5,8,-4,306
58865.0,10,-7,307
58867.5,11,-7,302
58870.0,11,-7,302
58872.5,12,-8,305
58875.0,11,-9,304
58877.5,10,-6,304
58880.0,9,-6,303
58882.5,9,-5,300
58885.0,11,-8,300
58887.5,9,-9,304
58890.0,8,-6,303
58892.5,9,-5,304
58895.0,10,-8,305
58897.5,9,-7,299
58900.0,9,-7,299
58902.5,7,-7,300
58905.0,9,-9,305
58907.5,11,-8,306
58910.0,11,-8,306
58912.5,10,-5,305
58915.0,11,-6,304
58917.5,10,-5,304
58920.0,12,-10,307
58922.5,10,-8,303
58925.0,8,-8,302
58927.5,10,-7,300
58930.0,10,-7,304
58932.5,9,-8,305
58935.0,10,-9,302
58937.5,10,-9,304
58940.0,10,-7,299
58942.5,10,-7,301
58945.0,10,-8,304
58947.5,10,-9,302
58950.0,10,-9,302
58952.5,13,-10,300
58955.0,9,-8,304
58957.5,8,-8,305
58960.0,9,-8,307
58962.5,11,-6,299
58965.0,11,-6,305
58967.5,11,-7,300
58970.0,9,-5,302
58972.5,8,-5,305
58975.0,7,-8,303
58977.5,11,-6,303
58980.0,8,-5,303
58982.5,9,-8,304
58985.0,9,-8,304
58987.5,10,-9,302
58990.0,8,-9,302
58992.5,9,-8,304
58995.0,9,-8,302
58997.5,9,-9,305
59000.0,9,-9,305
59002.5,10,-6,299
59005.0,10,-5,304
59007.5,9,-6,305
59010.0,11,-4,305
59012.5,9,-9,306
59015.0,13,-6,307
59017.5,9,-8,303
59020.0,11,-7,301
59022.5,9,-6,304
59025.0,10,-6,304
59027.5,8,-7,305
59030.0,8,-5,302
59032.5,10,-8,305
59035.0,9,-8,303
59037.5,9,-8,301
59040.0,9,-7,301
59042.5,11,-9,307
59045.0,9,-7,304
59047.5,9,-11,302
59050.0,9,-11,302
59052.5,8,-8,304
59055.0,8,-6,305
59057.5,11,-7,304
59060.0,10,-6,302
59062.5,9,-6,301
59065.0,12,-6,302
59067.5,10,-10,304
59070.0,8,-8,303
59072.5,9,-6,303
59075.0,11,-8,304
59077.5,9,-8,306
59080.0,9,-7,306
59082.5,10,-7,301
59085.0,11,-8,304
59087.5,10,-8,304
59090.0,9,-6,303
59092.5,9,-8,306
59095.0,10,-8,303
59097.5,11,-8,307
59100.0,11,-8,307
59102.5,10,-10,300
59105.0,9,-8,302
59107.5,11,-9,303
59110.0,9,-5,305
59112.5,8,-9,305
59115.0,8,-7,303
59117.5,11,-7,304
59120.0,11,-10,302
59122.5,10,-7,302
59125.0,11,-4,304
59127.5,12,-8,301
59130.0,8,-7,302
59132.5,8,-10,307
59135.0,8,-6,302
59137.5,10,-7,304
59140.0,9,-9,306
59142.5,10,-7,305
59145.0,10,-8,300
59147.5,10,-7,302
59150.0,10,-7,302
59152.5,10,-9,301
59155.0,10,-8,302
59157.5,13,-7,307
59160.0,9,-7,302
59162.5,11,-9,303
59165.0,12,-6,305
59167.5,9,-5,302
59170.0,13,-7,303
59172.5,11,-8,304
59175.0,11,-10,303
59177.5,9,-11,306
59180.0,12,-7,302
59182.5,11,-8,304
59185.0,10,-7,304
59187.5,9,-8,304
59190.0,11,-9,303
59192.5,11,-10,305
59195.0,10,-9,303
59197.5,10,-9,303
59200.0,10,-9,304
59202.5,10,-6,303
59205.0,9,-6,304
59207.5,12,-8,305
59210.0,10,-5,304
59212.5,11,-7,307
59215.0,9,-4,306
59217.5,12,-6,303
59220.0,14,-8,301
59222.5,9,-7,301
59225.0,8,-8,302
59227.5,10,-9,303
59230.0,8,-6,302
59232.5,9,-8,302
59235.0,10,-8,306
59237.5,11,-7,304
59240.0,10,-8,302
59242.5,9,-8,306
59245.0,9,-8,308
59247.5,9,-8,308
59250.0,7,-8,305
59252.5,13,-10,303
59255.0,10,-7,302
59257.5,11,-6,305
59260.0,9,-6,299
59262.5,10,-7,305
59265.0,7,-8,303
59267.5,10,-7,302
59270.0,13,-11,305
59272.5,9,-7,301
59275.0,7,-4,305
59277.5,11,-9,304
59280.0,11,-10,303
59282.5,9,-9,305
59285.0,10,-8,307
59287.5,10,-9,306
59290.0,10,-8,304
59292.5,9,-8,304
59295.0,10,-5,301
59297.5,10,-5,301
59300.0,9,-9,304
59302.5,11,-10,306
59305.0,10,-10,304
59307.5,10,-5,303
59310.0,9,-6,304
59312.5,10,-10,304
59315.0,10,-8,305
59317.5,8,-6,307
59320.0,10,-8,307
59322.5,10,-7,302
59325.0,10,-7,302
59327.5,9,-7,300
59330.0,8,-7,301
59332.5,10,-10,304
59335.0,10,-9,301
59337.5,11,-9,305
59340.0,12,-8,305
59342.5,10,-8,306
59345.0,10,-8,302
59347.5,10,-8,302
59350.0,12,-9,302
59352.5,11,-9,303
59355.0,12,-8,299
59357.5,10,-9,302
59360.0,10,-9,305
59362.5,10,-6,305
59365.0,7,-4,303
59367.5,10,-7,303
59370.0,11,-9,304
59372.5,11,-7,301
59375.0,10,-7,306
59377.5,10,-8,301
59380.0,11,-9,307
59382.5,10,-8,307
59385.0,10,-10,302
59387.5,11,-8,300
59390.0,9,-7,300
59392.5,10,-6,301
59395.0,9,-7,305
59397.5,9,-7,305
59400.0,11,-11,305
59402.5,9,-7,304
59405.0,9,-7,300
59407.5,8,-5,303
59410.0,10,-9,303
59412.5,8,-7,302
59415.0,10,-8,303
59417.5,10,-8,302
59420.0,12,-7,301
59422.5,8,-6,305
59425.0,9,-7,303
59427.5,12,-9,304
59430.0,10,-8,303
59432.5,10,-8,302
59435.0,10,-9,301
59437.5,11,-8,303
59440.0,8,-7,305
59442.5,8,-7,302
59445.0,11,-9,301
59447.5,11,-9,301
59450.0,9,-7,303
59452.5,8,-8,302
59455.0,10,-7,303
59457.5,8,-8,305
59460.0,10,-8,302
59462.5,10,-7,304
59465.0,9,-8,305
59467.5,11,-9,305
59470.0,10,-8,303
59472.5,10,-7,304
59475.0,9,-7,302
59477.5,9,-6,301
59480.0,10,-8,303
59482.5,9,-7,305
59485.0,10,-8,303
59487.5,9,-9,304
59490.0,8,-9,302
59492.5,7,-9,301
59495.0,11,-9,303
59497.5,11,-9,303
59500.0,12,-8,303
59502.5,9,-8,306
59505.0,8,-8,304
59507.5,9,-7,302
59510.0,7,-7,302
59512.5,13,-8,305
59515.0,10,-9,306
59517.5,9,-7,306
59520.0,11,-8,307
59522.5,13,-8,301
59525.0,11,-7,298
59527.5,9,-8,303
59530.0,10,-9,301
59532.5,10,-8,301
59535.0,11,-10,303
59537.5,10,-7,303
59540.0,11,-11,302
59542.5,10,-11,303
59545.0,9,-7,306
59547.5,9,-7,306
59550.0,10,-8,301
59552.5,10,-10,303
59555.0,11,-7,303
59557.5,11,-8,301
59560.0,10,-6,303
59562.5,12,-10,304
59565.0,9,-6,299
59567.5,9,-8,302
59570.0,10,-7,306
59572.5,10,-8,305
59575.0,9,-7,303
59577.5,10,-8,303
59580.0,11,-7,306
59582.5,9,-7,303
59585.0,8,-5,299
59587.5,8,-9,302
59590.0,8,-8,306
59592.5,10,-10,302
59595.0,12,-10,304
59597.5,12,-10,304
59600.0,10,-9,303
59602.5,12,-7,301
59605.0,10,-7,304
59607.5,8,-6,301
59610.0,9,-9,306
59612.5,11,-10,306
59615.0,11,-8,300
59617.5,11,-7,304
59620.0,11,-6,305
59622.5,8,-7,300
59625.0,9,-7,301
59627.5,9,-7,305
59630.0,11,-10,303
59632.5,10,-10,300
59635.0,9,-9,306
59637.5,9,-6,304
59640.0,9,-6,304
59642.5,8,-8,303
59645.0,9,-8,304
59647.5,9,-8,304
59650.0,13,-10,301
59652.5,10,-9,303
59655.0,14,-4,304
59657.5,9,-6,302
59660.0,7,-5,302
59662.5,10,-4,305
59665.0,10,-6,307
59667.5,11,-7,305
59670.0,9,-6,302
59672.5,8,-8,306
59675.0,12,-8,305
59677.5,10,-7,303
59680.0,8,-6,305
59682.5,11,-10,306
59685.0,9,-8,301
59687.5,10,-9,304
59690.0,10,-7,304
59692.5,9,-8,302
59695.0,8,-8,304
59697.5,8,-8,304
59700.0,9,-8,300
59702.5,9,-9,303
59705.0,9,-5,308
59707.5,12,-6,299
59710.0,10,-5,304
59712.5,11,-6,301
59715.0,9,-8,302
59717.5,9,-7,303
59720.0,9,-8,301
59722.5,10,-7,304
59725.0,12,-9,303
59727.5,10,-8,302
59730.0,10,-8,303
59732.5,11,-8,302
59735.0,9,-7,305
59737.5,9,-9,302
59740.0,9,-8,307
59742.5,12,-7,300
59745.0,12,-7,300
59747.5,9,-8,302
59750.0,11,-8,302
59752.5,8,-8,302
59755.0,8,-9,305
59757.5,12,-7,305
59760.0,11,-8,305
59762.5,11,-7,305
59765.0,11,-5,307
59767.5,10,-7,302
59770.0,9,-8,307
59772.5,10,-8,303
59775.0,10,-9,302
59777.5,11,-10,301
59780.0,12,-8,304
59782.5,7,-6,299
59785.0,9,-8,302
59787.5,11,-7,302
59790.0,11,-7,303
59792.5,10,-7,303
59795.0,10,-7,303
59797.5,9,-8,304
59800.0,10,-10,301
59802.5,10,-7,307
59805.0,9,-6,298
59807.5,10,-8,303
59810.0,9,-7,308
59812.5,11,-7,301
59815.0,10,-7,303
59817.5,9,-9,299
59820.0,10,-8,305
59822.5,9,-8,302
59825.0,9,-8,307
59827.5,10,-6,304
59830.0,9,-7,300
59832.5,9,-6,301
59835.0,10,-8,299
59837.5,9,-6,304
59840.0,11,-8,305
59842.5,9,-7,303
59845.0,9,-7,303
59847.5,11,-10,302
59850.0,9,-8,303
59852.5,9,-8,304
59855.0,9,-6,305
59857.5,10,-8,304
59860.0,9,-6,301
59862.5,12,-7,302
59865.0,9,-5,303
59867.5,9,-6,301
59870.0,11,-9,306
59872.5,10,-10,304
59875.0,9,-7,303
59877.5,9,-8,302
59880.0,12,-9,304
59882.5,9,-8,304
59885.0,10,-10,306
59887.5,9,-8,304
59890.0,10,-10,304
59892.5,7,-8,305
59895.0,7,-8,305
59897.5,10,-9,307
59900.0,10,-10,306
59902.5,12,-10,305
59905.0,9,-4,306
59907.5,10,-9,303
59910.0,9,-8,307
59912.5,10,-8,306
59915.0,9,-10,302
59917.5,9,-7,303
59920.0,12,-8,305
59922.5,9,-8,303
59925.0,9,-8,305
59927.5,11,-8,301
59930.0,12,-9,308
59932.5,12,-7,303
59935.0,10,-7,302
59937.5,9,-8,303
59940.0,11,-8,306
59942.5,9,-8,303
59945.0,9,-8,303
59947.5,10,-7,304
59950.0,10,-8,300
59952.5,11,-6,304
59955.0,10,-6,301
59957.5,8,-5,308
59960.0,11,-6,309
59962.5,11,-9,307
59965.0,9,-8,305
59967.5,9,-4,302
59970.0,9,-8,303
59972.5,10,-8,303
59975.0,9,-9,304
59977.5,11,-7,305
59980.0,12,-8,301
59982.5,10,-9,301
59985.0,10,-9,303
59987.5,10,-10,304
59990.0,8,-6,305
59992.5,12,-9,303
59995.0,12,-9,303
59997.5,9,-8,304
60000.0,9,-7,304
60002.5,9,-9,303
60005.0,8,-7,302
60007.5,11,-10,306
60010.0,13,-10,303
60012.5,10,-8,305
60015.0,10,-6,303
60017.5,10,-7,305
60020.0,11,-11,302
60022.5,6,-6,304
60025.0,12,-6,302
60027.5,10,-9,305
60030.0,11,-9,305
60032.5,8,-8,303
60035.0,9,-8,300
60037.5,11,-10,304
60040.0,9,-9,303
60042.5,10,-8,304
60045.0,10,-8,304
60047.5,11,-7,305
60050.0,13,-9,304
60052.5,12,-11,303
60055.0,9,-8,304
60057.5,7,-8,306
60060.0,11,-6,306
60062.5,10,-9,305
60065.0,9,-7,304
60067.5,12,-7,306
60070.0,7,-5,302
60072.5,12,-8,303
60075.0,9,-9,304
60077.5,9,-9,301
60080.0,9,-8,303
60082.5,10,-7,302
60085.0,10,-8,304
60087.5,10,-9,304
60090.0,10,-8,303
60092.5,6,-5,302
60095.0,6,-5,302
60097.5,8,-8,306
60100.0,9,-9,304
60102.5,11,-9,305
60105.0,11,-6,303
60107.5,9,-7,303
60110.0,9,-8,304
60112.5,11,-7,308
60115.0,9,-6,304
60117.5,11,-9,303
60120.0,11,-6,303
60122.5,10,-7,302
60125.0,9,-6,301
60127.5,9,-7,302
60130.0,11,-9,306
60132.5,9,-7,303
60135.0,11,-10,300
60137.5,9,-8,305
60140.0,9,-7,304
60142.5,10,-8,302
60145.0,10,-8,302
60147.5,11,-9,303
60150.0,10,-8,304
60152.5,8,-9,307
60155.0,11,-9,302
60157.5,8,-6,301
60160.0,10,-6,304
60162.5,10,-9,304
60165.0,10,-6,301
60167.5,10,-6,306
60170.0,11,-9,306
60172.5,11,-10,303
60175.0,10,-7,304
60177.5,11,-7,303
60180.0,11,-9,300
60182.5,9,-8,302
60185.0,8,-7,304
60187.5,10,-5,303
60190.0,10,-10,306
60192.5,8,-9,301
60195.0,8,-9,301
60197.5,8,-8,304
60200.0,11,-6,302
60202.5,9,-6,307
60205.0,11,-8,301
60207.5,9,-8,307
60210.0,11,-10,303
60212.5,10,-7,303
60215.0,11,-6,302
60217.5,11,-7,303
60220.0,9,-8,306
60222.5,11,-9,302
60225.0,10,-8,304
60227.5,9,-7,305
60230.0,12,-11,303
60232.5,10,-9,300
60235.0,11,-8,301
60237.5,10,-8,304
60240.0,9,-7,303
60242.5,11,-6,304
60245.0,11,-6,304
60247.5,10,-7,307
60250.0,10,-8,304
60252.5,11,-8,302
60255.0,11,-7,304
60257.5,11,-9,301
60260.0,10,-8,303
60262.5,10,-5,303
60265.0,11,-8,306
60267.5,13,-6,301
60270.0,9,-7,306
60272.5,10,-8,306
60275.0,10,-9,300
60277.5,11,-6,301
60280.0,10,-7,304
60282.5,10,-8,299
60285.0,10,-8,302
60287.5,9,-10,302
60290.0,9,-10,304
60292.5,11,-11,303
60295.0,11,-11,303
60297.5,11,-8,302
60300.0,9,-8,304
60302.5,7,-6,306
60305.0,10,-8,308
60307.5,9,-9,308
60310.0,9,-7,306
60312.5,10,-5,306
60315.0,9,-6,304
60317.5,10,-9,305
60320.0,9,-9,304
60322.5,11,-10,306
60325.0,10,-8,306
60327.5,12,-6,302
60330.0,9,-7,301
60332.5,11,-10,304
60335.0,10,-8,301
60337.5,10,-10,305
60340.0,8,-10,302
60342.5,11,-9,307
60345.0,11,-9,307
60347.5,8,-7,301
60350.0,11,-13,305
60352.5,12,-7,303
60355.0,9,-7,303
60357.5,10,-6,304
60360.0,11,-9,304
60362.5,8,-6,301
60365.0,11,-7,304
60367.5,10,-7,305
60370.0,9,-7,303
60372.5,10,-7,302
60375.0,10,-6,304
60377.5,10,-7,306
60380.0,10,-8,304
60382.5,9,-8,305
60385.0,10,-8,303
60387.5,9,-9,301
60390.0,11,-10,303
60392.5,11,-10,303
60395.0,12,-11,304
60397.5,11,-8,303
60400.0,7,-8,303
60402.5,8,-8,304
60405.0,9,-7,307
60407.5,9,-8,305
60410.0,8,-5,305
60412.5,11,-5,305
60415.0,11,-8,302
60417.5,10,-5,303
60420.0,11,-8,301
60422.5,10,-8,301
60425.0,9,-8,308
60427.5,9,-8,301
60430.0,10,-7,301
60432.5,10,-9,305
60435.0,9,-9,302
60437.5,7,-8,302
60440.0,8,-6,302
60442.5,8,-6,302
60445.0,10,-9,302
60447.5,10,-8,304
60450.0,10,-6,305
60452.5,9,-6,304
60455.0,10,-5,306
60457.5,11,-8,307
60460.0,9,-6,302
60462.5,10,-7,304
60465.0,10,-9,305
60467.5,12,-7,304
60470.0,9,-8,305
60472.5,11,-7,305
60475.0,10,-10,302
60477.5,12,-10,303
60480.0,9,-8,301
60482.5,11,-9,303
60485.0,11,-7,304
60487.5,13,-8,300
60490.0,10,-8,305
60492.5,10,-8,305
60495.0,12,-7,303
60497.5,11,-8,303
60500.0,9,-10,304
60502.5,9,-7,303
60505.0,10,-7,301
60507.5,11,-6,302
60510.0,14,-8,302
60512.5,9,-9,303
60515.0,10,-6,301
60517.5,10,-8,304
60520.0,9,-6,303
60522.5,10,-9,302
60525.0,8,-6,305
60527.5,11,-7,304
60530.0,11,-10,304
60532.5,9,-9,305
60535.0,10,-10,306
60537.5,9,-8,300
60540.0,9,-8,302
60542.5,9,-8,302
60545.0,9,-7,308
60547.5,8,-7,309
60550.0,10,-9,304
60552.5,12,-7,305
60555.0,13,-10,306
60557.5,11,-4,303
60560.0,11,-7,300
60562.5,9,-7,304
60565.0,9,-8,302
60567.5,10,-12,303
60570.0,10,-7,300
60572.5,10,-10,303
60575.0,12,-9,303
60577.5,10,-8,303
60580.0,9,-7,304
60582.5,10,-8,303
60585.0,9,-9,304
60587.5,9,-11,303
60590.0,7,-9,302
60592.5,7,-9,302
60595.0,9,-8,305
60597.5,10,-8,301
60600.0,9,-8,303
60602.5,12,-9,304
60605.0,7,-8,301
60607.5,8,-9,306
60610.0,11,-7,306
60612.5,11,-10,308
60615.0,11,-7,304
60617.5,10,-7,302
60620.0,11,-6,302
60622.5,9,-6,299
60625.0,12,-9,301
60627.5,8,-5,302
60630.0,8,-7,304
60632.5,10,-8,304
60635.0,11,-10,302
60637.5,11,-9,303
60640.0,9,-6,303
60642.5,9,-6,303
60645.0,10,-8,303
60647.5,10,-9,304
60650.0,12,-8,307
60652.5,10,-10,303
60655.0,13,-9,302
60657.5,14,-8,309
60660.0,12,-5,301
60662.5,9,-7,305
60665.0,9,-7,305
60667.5,11,-11,303
60670.0,11,-8,303
60672.5,11,-9,307
60675.0,8,-5,305
60677.5,9,-9,304
60680.0,9,-6,299
60682.5,11,-8,302
60685.0,10,-9,301
60687.5,9,-8,305
60690.0,11,-8,301
60692.5,11,-8,301
60695.0,10,-9,306
60697.5,12,-9,303
60700.0,9,-6,302
60702.5,10,-6,307
60705.0,12,-6,302
60707.5,9,-7,301
60710.0,11,-10,301
60712.5,10,-8,303
60715.0,7,-7,304
60717.5,10,-8,306
60720.0,11,-9,306
60722.5,9,-9,303
60725.0,11,-8,301
60727.5,10,-8,300
60730.0,11,-11,305
60732.5,9,-8,306
60735.0,10,-9,304
60737.5,10,-8,303
60740.0,9,-7,302
60742.5,9,-7,302
60745.0,12,-8,304
60747.5,9,-8,301
60750.0,8,-5,305
60752.5,11,-6,303
60755.0,11,-8,308
60757.5,12,-6,307
60760.0,11,-6,304
60762.5,11,-5,305
60765.0,10,-7,305
60767.5,7,-8,303
60770.0,10,-8,303
60772.5,10,-9,304
60775.0,11,-9,304
60777.5,11,-9,304
60780.0,11,-7,301
60782.5,10,-9,303
60785.0,10,-9,305
60787.5,10,-8,305
60790.0,9,-9,306
60792.5,9,-9,306
60795.0,10,-7,301
60797.5,10,-5,299
60800.0,10,-6,307
60802.5,8,-6,304
60805.0,10,-9,304
60807.5,8,-8,307
60810.0,10,-8,308
60812.5,11,-7,304
60815.0,11,-6,306
60817.5,10,-9,302
60820.0,11,-8,301
60822.5,9,-7,301
60825.0,10,-9,304
60827.5,10,-9,305
60830.0,10,-8,299
60832.5,10,-8,301
60835.0,10,-7,299
60837.5,9,-7,303
60840.0,9,-7,303
60842.5,8,-6,302
60845.0,11,-7,302
60847.5,12,-9,301
60850.0,10,-6,300
60852.5,12,-6,301
60855.0,10,-4,303
60857.5,9,-8,302
60860.0,10,-6,303
60862.5,11,-6,303
60865.0,11,-8,304
60867.5,10,-8,306
60870.0,10,-8,302
60872.5,12,-9,303
60875.0,8,-7,304
60877.5,8,-8,302
60880.0,9,-10,302
60882.5,9,-9,305
60885.0,8,-8,301
60887.5,10,-7,308
60890.0,10,-7,308
60892.5,9,-8,304
60895.0,9,-6,303
60897.5,7,-10,302
60900.0,12,-9,303
60902.5,9,-9,305
60905.0,9,-6,306
60907.5,11,-8,307
60910.0,10,-6,300
60912.5,11,-6,304
60915.0,10,-5,302
60917.5,11,-7,303
60920.0,10,-7,305
60922.5,10,-9,300
60925.0,9,-8,303
60927.5,10,-8,305
60930.0,11,-9,304
60932.5,10,-9,303
60935.0,8,-7,305
60937.5,9,-9,300
60940.0,9,-9,300
60942.5,10,-5,303
60945.0,10,-5,303
60947.5,9,-8,303
60950.0,9,-8,303
60952.5,11,-11,302
60955.0,14,-9,303
60957.5,11,-6,304
60960.0,10,-9,302
60962.5,12,-8,302
60965.0,10,-9,302
60967.5,10,-8,306
60970.0,8,-8,306
60972.5,9,-7,303
60975.0,10,-7,304
60977.5,8,-8,302
60980.0,12,-9,303
60982.5,9,-6,306
60985.0,7,-8,306
60987.5,8,-10,302
60990.0,8,-10,302
60992.5,9,-7,304
60995.0,12,-9,304
60997.5,11,-7,306
61000.0,11,-6,306
61002.5,12,-8,305
61005.0,10,-7,305
61007.5,10,-9,305
61010.0,9,-8,307
61012.5,9,-8,306
61015.0,11,-6,303
61017.5,12,-6,303
61020.0,12,-7,300
61022.5,11,-7,302
61025.0,13,-8,304
61027.5,10,-7,302
61030.0,10,-8,303
61032.5,10,-9,304
61035.0,9,-8,305
61037.5,9,-8,305
61040.0,9,-8,305
61042.5,10,-8,301
61045.0,11,-6,304
61047.5,10,-8,307
61050.0,12,-3,304
61052.5,11,-8,302
61055.0,13,-6,305
61057.5,10,-7,303
61060.0,10,-5,303
61062.5,11,-7,304
61065.0,9,-10,304
61067.5,12,-9,302
61070.0,11,-7,300
61072.5,10,-10,303
61075.0,8,-7,304
61077.5,9,-4,304
61080.0,11,-9,301
61082.5,11,-7,304
61085.0,8,-9,303
61087.5,8,-6,305
61090.0,8,-6,305
61092.5,9,-8,304
61095.0,11,-8,303
61097.5,9,-8,306
61100.0,10,-8,303
61102.5,9,-8,302
61105.0,9,-7,302
61107.5,9,-8,307
61110.0,10,-11,306
61112.5,11,-7,303
61115.0,9,-9,303
61117.5,9,-8,302
61120.0,7,-7,305
61122.5,11,-9,302
61125.0,9,-7,304
61127.5,8,-9,304
61130.0,10,-7,305
61132.5,10,-7,302
61135.0,10,-7,304
61137.5,11,-11,305
61140.0,11,-11,305
61142.5,9,-10,301
61145.0,10,-9,305
61147.5,10,-5,303
61150.0,9,-7,303
61152.5,12,-6,307
61155.0,8,-8,304
61157.5,10,-8,301
61160.0,11,-7,303
61162.5,11,-7,304
61165.0,7,-7,301
61167.5,11,-9,305
61170.0,10,-8,304
61172.5,11,-8,304
61175.0,10,-7,302
61177.5,11,-8,303
61180.0,11,-8,301
61182.5,11,-7,303
61185.0,10,-10,302
61187.5,8,-10,302
61190.0,8,-10,302
61192.5,7,-7,305
61195.0,11,-7,304
61197.5,11,-7,304
61200.0,9,-6,302
61202.5,8,-4,300
61205.0,10,-10,304
61207.5,11,-7,300
61210.0,12,-9,303
61212.5,10,-7,305
61215.0,9,-9,302
61217.5,8,-5,301
61220.0,9,-7,304
61222.5,10,-5,304
61225.0,10,-7,304
61227.5,8,-4,304
61230.0,11,-7,303
61232.5,9,-8,304
61235.0,10,-8,302
61237.5,10,-8,302
61240.0,9,-9,303
61242.5,8,-10,304
61245.0,10,-8,306
61247.5,9,-6,305
61250.0,11,-7,301
61252.5,11,-5,303
61255.0,10,-7,301
61257.5,7,-5,301
61260.0,8,-3,304
61262.5,11,-11,307
61265.0,11,-9,299
61267.5,10,-7,304
61270.0,11,-6,302
61272.5,11,-8,302
61275.0,10,-10,303
61277.5,9,-7,304
61280.0,10,-9,303
61282.5,11,-7,302
61285.0,10,-9,304
61287.5,10,-9,304
61290.0,9,-10,302
61292.5,10,-8,301
61295.0,9,-5,302
61297.5,12,-10,298
61300.0,9,-7,306
61302.5,9,-8,303
61305.0,11,-8,303
61307.5,10,-7,305
61310.0,12,-10,304
61312.5,10,-10,302
61315.0,11,-7,303
61317.5,9,-10,305
61320.0,10,-9,303
61322.5,10,-7,304
61325.0,10,-9,303
61327.5,8,-8,305
61330.0,10,-6,302
61332.5,8,-6,300
61335.0,10,-8,301
61337.5,10,-8,301
61340.0,10,-8,305
61342.5,8,-7,304
61345.0,11,-8,303
61347.5,12,-11,306
61350.0,12,-8,301
61352.5,9,-6,305
61355.0,12,-8,305
61357.5,10,-4,305
61360.0,9,-7,302
61362.5,11,-9,303
61365.0,12,-8,305
61367.5,11,-5,306
61370.0,11,-5,303
61372.5,10,-7,306
61375.0,8,-9,306
61377.5,9,-8,303
61380.0,10,-6,303
61382.5,7,-7,304
61385.0,10,-6,302
61387.5,10,-6,302
61390.0,9,-6,301
61392.5,10,-7,303
61395.0,10,-8,305
61397.5,9,-7,303
61400.0,8,-2,305
61402.5,10,-10,306
61405.0,10,-10,307
61407.5,10,-6,303
61410.0,11,-6,308
61412.5,12,-8,305
61415.0,11,-9,300
61417.5,10,-8,304
61420.0,10,-5,302
61422.5,9,-9,301
61425.0,9,-8,301
61427.5,9,-7,307
61430.0,11,-7,304
61432.5,10,-7,302
61435.0,10,-9,300
61437.5,10,-9,300
61440.0,11,-7,304
61442.5,10,-6,305
61445.0,10,-9,304
61447.5,7,-7,303
61450.0,10,-6,307
61452.5,12,-9,304
61455.0,11,-7,302
61457.5,11,-7,303
61460.0,11,-6,302
61462.5,8,-8,304
61465.0,8,-8,303
61467.5,11,-8,305
61470.0,10,-8,305
61472.5,12,-9,304
61475.0,9,-9,303
61477.5,9,-8,304
61480.0,10,-8,305
61482.5,10,-8,300
61485.0,8,-7,304
61487.5,8,-7,304
61490.0,12,-8,305
61492.5,9,-10,307
61495.0,7,-6,309
61497.5,11,-6,302
61500.0,10,-6,300
61502.5,10,-6,304
61505.0,9,-5,302
61507.5,9,-7,302
61510.0,11,-7,305
61512.5,10,-9,304
61515.0,9,-9,304
61517.5,10,-8,303
61520.0,10,-9,302
61522.5,11,-10,300
61525.0,10,-7,302
61527.5,10,-8,304
61530.0,9,-11,307
61532.5,8,-10,304
61535.0,9,-7,303
61537.5,9,-7,303
61540.0,8,-10,303
61542.5,10,-6,303
61545.0,9,-7,309
61547.5,11,-8,306
61550.0,9,-5,305
61552.5,10,-8,304
61555.0,12,-6,303
61557.5,12,-6,304
61560.0,11,-7,303
61562.5,11,-8,299
61565.0,9,-7,301
61567.5,10,-7,305
61570.0,9,-7,302
61572.5,10,-9,302
61575.0,10,-5,303
61577.5,9,-10,304
61580.0,9,-10,300
61582.5,8,-9,301
61585.0,10,-9,302
61587.5,10,-9,302
61590.0,9,-11,304
61592.5,10,-8,306
61595.0,9,-6,305
61597.5,10,-6,304
61600.0,11,-9,301
61602.5,12,-7,304
61605.0,10,-9,305
61607.5,8,-8,306
61610.0,10,-8,305
61612.5,10,-10,306
61615.0,10,-8,306
61617.5,10,-5,303
61620.0,9,-7,297
61622.5,10,-7,302
61625.0,10,-6,304
61627.5,8,-5,304
61630.0,9,-7,304
61632.5,10,-9,306
61635.0,10,-8,303
61637.5,10,-8,303
61640.0,8,-10,302
61642.5,10,-6,300
61645.0,13,-8,304
61647.5,10,-7,303
61650.0,8,-6,302
61652.5,9,-6,306
61655.0,9,-8,301
61657.5,11,-9,304
61660.0,11,-7,305
61662.5,11,-8,302
61665.0,10,-6,302
61667.5,9,-9,302
61670.0,9,-7,304
61672.5,9,-9,301
61675.0,10,-10,303
61677.5,10,-8,303
61680.0,10,-9,304
61682.5,9,-6,301
61685.0,9,-6,301
61687.5,9,-5,302
61690.0,10,-6,302
61692.5,8,-6,304
61695.0,10,-5,305
61697.5,10,-10,303
61700.0,11,-5,305
61702.5,12,-10,300
61705.0,7,-6,303
61707.5,9,-7,302
61710.0,11,-8,303
61712.5,10,-6,302
61715.0,8,-7,303
61717.5,9,-8,304
61720.0,8,-9,304
61722.5,9,-8,306
61725.0,9,-7,304
61727.5,9,-6,301
61730.0,9,-10,303
61732.5,8,-6,302
61735.0,8,-6,302
61737.5,9,-6,304
61740.0,10,-9,305
61742.5,10,-7,304
61745.0,11,-6,305
61747.5,13,-7,302
61750.0,12,-8,304
61752.5,11,-7,300
61755.0,10,-9,306
61757.5,11,-6,303
61760.0,9,-7,304
61762.5,11,-5,304
61765.0,10,-7,304
61767.5,8,-8,302
61770.0,11,-9,303
61772.5,10,-9,302
61775.0,9,-8,304
61777.5,12,-9,305
61780.0,12,-12,304
61782.5,9,-10,301
61785.0,9,-10,301
61787.5,8,-9,305
61790.0,8,-7,306
61792.5,9,-8,306
61795.0,11,-7,304
61797.5,10,-7,302
61800.0,11,-6,307
61802.5,13,-9,308
61805.0,8,-9,302
61807.5,11,-7,307
61810.0,13,-7,303
61812.5,10,-7,304
61815.0,10,-5,307
61817.5,10,-9,303
61820.0,9,-8,302
61822.5,9,-6,304
61825.0,10,-7,303
61827.5,10,-9,301
61830.0,12,-10,302
61832.5,12,-7,304
61835.0,12,-7,304
61837.5,11,-8,303
61840.0,8,-8,301
61842.5,10,-9,301
61845.0,10,-9,304
61847.5,8,-9,304
61850.0,10,-7,304
61852.5,10,-9,306
61855.0,8,-8,304
61857.5,10,-7,304
61860.0,12,-8,302
61862.5,9,-5,301
61865.0,10,-6,303
61867.5,10,-8,304
61870.0,10,-7,301
61872.5,8,-8,303
61875.0,11,-10,306
61877.5,9,-9,301
61880.0,10,-8,304
61882.5,10,-8,305
61885.0,10,-8,305
61887.5,11,-7,305
61890.0,10,-7,302
61892.5,7,-7,305
61895.0,9,-8,305
61897.5,12,-9,304
61900.0,7,-5,307
61902.5,10,-5,306
61905.0,11,-10,305
61907.5,10,-8,305
61910.0,10,-7,304
61912.5,10,-9,304
61915.0,9,-6,303
61917.5,11,-6,303
61920.0,11,-8,305
61922.5,9,-7,304
61925.0,13,-10,302
61927.5,11,-9,303
61930.0,13,-9,304
61932.5,10,-7,303
61935.0,10,-7,303
61937.5,12,-9,300
61940.0,9,-7,302
61942.5,9,-7,304
61945.0,10,-7,301
61947.5,9,-6,304
61950.0,11,-6,301
61952.5,11,-7,300
61955.0,10,-6,304
61957.5,12,-10,306
61960.0,8,-9,305
61962.5,8,-9,306
61965.0,9,-9,302
61967.5,10,-9,304
61970.0,11,-8,305
61972.5,11,-8,303
61975.0,10,-9,299
61977.5,11,-7,303
61980.0,9,-8,300
61982.5,7,-8,299
61985.0,7,-8,299
61987.5,9,-7,306
61990.0,11,-9,307
61992.5,13,-9,304
61995.0,10,-7,301
61997.5,10,-8,301
62000.0,11,-8,305
62002.5,9,-7,305
62005.0,9,-5,303
62007.5,10,-5,303
62010.0,10,-9,307
62012.5,9,-7,303
62015.0,8,-7,301
62017.5,11,-8,303
62020.0,9,-7,299
62022.5,9,-9,304
62025.0,9,-9,302
62027.5,12,-8,306
62030.0,10,-7,308
62032.5,10,-7,308
62035.0,9,-8,304
62037.5,11,-9,304
62040.0,8,-7,304
62042.5,9,-7,304
62045.0,11,-7,304
62047.5,9,-8,307
62050.0,10,-5,302
62052.5,8,-9,304
62055.0,12,-10,305
62057.5,10,-7,303
62060.0,9,-7,303
62062.5,10,-8,304
62065.0,12,-7,302
62067.5,11,-7,304
62070.0,8,-9,304
62072.5,10,-6,306
62075.0,11,-8,302
62077.5,9,-9,304
62080.0,11,-9,302
62082.5,11,-9,302
62085.0,10,-8,301
62087.5,10,-9,308
62090.0,10,-8,304
62092.5,9,-6,303
62095.0,10,-9,306
62097.5,13,-9,304
62100.0,10,-6,304
62102.5,8,-4,301
62105.0,11,-7,304
62107.5,8,-7,302
62110.0,9,-9,306
62112.5,12,-10,304
62115.0,10,-9,303
62117.5,11,-9,306
62120.0,10,-9,303
62122.5,8,-9,304
62125.0,10,-9,302
62127.5,10,-8,302
62130.0,11,-8,302
62132.5,11,-8,302
62135.0,9,-7,302
62137.5,10,-8,304
62140.0,11,-8,304
62142.5,9,-6,303
62145.0,10,-7,301
62147.5,10,-5,305
62150.0,11,-7,307
62152.5,9,-8,306
62155.0,9,-10,307
62157.5,10,-9,307
62160.0,9,-8,306
62162.5,12,-10,302
62165.0,9,-7,304
62167.5,10,-8,303
62170.0,11,-8,306
62172.5,9,-8,305
62175.0,10,-8,304
62177.5,9,-8,303
62180.0,9,-9,301
62182.5,9,-9,301
62185.0,9,-8,304
62187.5,9,-7,306
62190.0,10,-8,303
62192.5,8,-4,305
62195.0,9,-6,303
62197.5,10,-5,304
62200.0,11,-6,302
62202.5,11,-8,306
62205.0,9,-5,304
62207.5,11,-10,303
62210.0,9,-8,303
62212.5,12,-8,305
62215.0,10,-9,302
62217.5,11,-8,302
62220.0,9,-10,305
62222.5,10,-9,305
62225.0,9,-8,305
62227.5,11,-7,306
62230.0,9,-8,302
62232.5,9,-8,302
62235.0,10,-8,302
62237.5,11,-8,306
62240.0,9,-7,301
62242.5,9,-7,303
62245.0,9,-7,306
62247.5,13,-9,301
62250.0,8,-7,302
62252.5,11,-6,306
62255.0,11,-7,305
62257.5,9,-8,305
62260.0,9,-6,302
62262.5,11,-8,303
62265.0,10,-7,304
62267.5,9,-9,304
62270.0,9,-7,302
62272.5,10,-9,303
62275.0,10,-7,303
62277.5,8,-9,304
62280.0,10,-9,302
62282.5,10,-9,302
62285.0,10,-5,300
62287.5,10,-6,305
62290.0,8,-8,307
62292.5,9,-7,304
62295.0,7,-5,305
62297.5,12,-9,303
62300.0,7,-3,303
62302.5,10,-8,306
62305.0,10,-6,304
62307.5,12,-9,301
62310.0,11,-9,305
62312.5,9,-6,305
62315.0,12,-7,305
62317.5,10,-8,304
62320.0,12,-8,303
62322.5,10,-8,306
62325.0,11,-11,299
62327.5,9,-9,302
62330.0,11,-9,299
62332.5,11,-9,299
62335.0,7,-8,304
62337.5,7,-10,307
62340.0,10,-8,306
62342.5,11,-8,302
62345.0,10,-7,303
62347.5,11,-7,302
62350.0,10,-5,308
62352.5,7,-4,302
62355.0,9,-6,302
62357.5,11,-9,305
62360.0,9,-8,305
62362.5,11,-9,303
62365.0,11,-7,305
62367.5,11,-7,301
62370.0,10,-9,303
62372.5,11,-8,304
62375.0,9,-7,304
62377.5,8,-9,303
62380.0,12,-10,307
62382.5,12,-10,307
62385.0,11,-8,302
62387.5,11,-6,302
62390.0,11,-6,301
62392.5,9,-5,307
62395.0,7,-6,306
62397.5,11,-7,304
62400.0,11,-10,302
62402.5,12,-9,307
62405.0,9,-6,303
62407.5,9,-8,301
62410.0,11,-7,306
62412.5,9,-6,303
62415.0,9,-10,305
62417.5,8,-9,302
62420.0,9,-8,304
62422.5,9,-8,301
62425.0,11,-10,303
62427.5,10,-8,302
62430.0,10,-7,303
62432.5,10,-7,303
62435.0,11,-9,303
62437.5,9,-10,304
62440.0,12,-8,301
62442.5,9,-6,308
62445.0,9,-8,304
62447.5,13,-9,302
62450.0,11,-6,302
62452.5,12,-7,302
62455.0,10,-6,301
62457.5,9,-7,302
62460.0,10,-6,303
62462.5,7,-4,302
62465.0,9,-9,303
62467.5,10,-8,304
62470.0,8,-7,305
62472.5,10,-9,304
62475.0,9,-7,300
62477.5,11,-7,303
62480.0,11,-7,303
62482.5,10,-8,303
62485.0,11,-7,303
62487.5,9,-8,306
62490.0,9,-6,304
62492.5,10,-7,300
62495.0,10,-6,301
62497.5,12,-6,303
62500.0,9,-6,299
62502.5,9,-7,303
62505.0,13,-8,303
62507.5,10,-8,302
62510.0,10,-7,301
62512.5,10,-8,304
62515.0,10,-10,305
62517.5,8,-8,300
62520.0,9,-8,303
62522.5,9,-6,306
62525.0,10,-9,304
62527.5,11,-11,304
62530.0,11,-11,304
62532.5,10,-10,306
62535.0,9,-9,304
62537.5,9,-7,304
62540.0,8,-6,302
62542.5,9,-9,302
62545.0,9,-7,305
62547.5,9,-8,303
62550.0,10,-9,304
62552.5,11,-8,306
62555.0,11,-7,302
62557.5,12,-8,306
62560.0,10,-10,305
62562.5,8,-7,304
62565.0,9,-10,302
62567.5,11,-10,302
62570.0,10,-9,302
62572.5,10,-7,303
62575.0,9,-9,304
62577.5,9,-8,306
62580.0,9,-8,306
62582.5,11,-7,303
62585.0,9,-8,302
62587.5,12,-8,301
62590.0,10,-8,303
62592.5,10,-6,303
62595.0,11,-6,299
62597.5,13,-8,304
62600.0,11,-7,303
62602.5,8,-7,303
62605.0,10,-10,302
62607.5,11,-9,303
62610.0,10,-8,303
62612.5,8,-10,301
62615.0,10,-7,303
62617.5,9,-8,305
62620.0,9,-7,301
62622.5,11,-7,301
62625.0,11,-5,303
62627.5,11,-7,303
62630.0,11,-7,303
62632.5,11,-8,308
62635.0,7,-7,304
62637.5,9,-7,303
62640.0,10,-8,305
62642.5,11,-7,303
62645.0,11,-6,302
62647.5,10,-7,305
62650.0,9,-5,306
62652.5,9,-7,303
62655.0,13,-10,304
62657.5,10,-6,304
62660.0,9,-7,304
62662.5,10,-8,304
62665.0,11,-8,306
62667.5,8,-8,302
62670.0,10,-8,301
62672.5,10,-7,303
62675.0,11,-10,300
62677.5,10,-8,302
62680.0,10,-8,302
62682.5,11,-8,304
62685.0,11,-10,305
62687.5,9,-9,303
62690.0,9,-8,304
62692.5,10,-8,302
62695.0,11,-5,308
62697.5,10,-9,303
62700.0,11,-7,301
62702.5,11,-7,307
62705.0,10,-7,303
62707.5,10,-8,304
62710.0,7,-6,301
62712.5,10,-9,303
62715.0,8,-8,303
62717.5,11,-9,305
62720.0,7,-7,305
62722.5,10,-7,307
62725.0,10,-10,301
62727.5,8,-9,302
62730.0,8,-9,302
62732.5,9,-7,299
62735.0,11,-5,301
62737.5,12,-9,302
62740.0,11,-7,301
62742.5,9,-6,303
62745.0,11,-8,304
62747.5,10,-7,304
62750.0,10,-9,302
62752.5,10,-6,303
62755.0,10,-8,301
62757.5,10,-8,302
62760.0,11,-8,302
62762.5,10,-9,306
62765.0,9,-8,304
62767.5,9,-9,300
62770.0,9,-8,301
62772.5,11,-9,304
62775.0,12,-8,302
62777.5,9,-8,305
62780.0,9,-8,305
62782.5,9,-7,302
62785.0,11,-8,301
62787.5,8,-8,301
62790.0,9,-8,302
62792.5,12,-8,302
62795.0,12,-10,305
62797.5,11,-7,301
62800.0,10,-6,303
62802.5,10,-3,303
62805.0,10,-9,302
62807.5,9,-8,301
62810.0,12,-8,304
62812.5,9,-8,306
62815.0,9,-6,303
62817.5,9,-8,305
62820.0,9,-8,305
62822.5,8,-6,308
62825.0,8,-9,304
62827.5,8,-9,303
62830.0,8,-9,303
62832.5,11,-7,301
62835.0,12,-8,302
62837.5,10,-5,309
62840.0,12,-6,302
62842.5,9,-7,304
62845.0,13,-8,309
62847.5,11,-7,304
62850.0,11,-8,304
62852.5,11,-6,302
62855.0,11,-6,303
62857.5,10,-9,301
62860.0,10,-10,303
62862.5,11,-9,304
62865.0,10,-8,301
62867.5,8,-8,301
62870.0,9,-9,302
62872.5,8,-7,302
62875.0,10,-10,302
62877.5,10,-5,303
62880.0,10,-5,303
62882.5,8,-10,303
62885.0,10,-7,301
62887.5,10,-7,304
62890.0,9,-7,302
62892.5,8,-8,300
62895.0,11,-7,305
62897.5,11,-9,302
62900.0,7,-7,300
62902.5,11,-6,305
62905.0,10,-5,300
62907.5,10,-7,303
62910.0,9,-7,303
62912.5,12,-10,304
62915.0,9,-10,301
62917.5,10,-11,304
62920.0,9,-8,304
62922.5,10,-6,304
62925.0,10,-8,304
62927.5,11,-7,302
62930.0,11,-7,302
62932.5,9,-8,304
62935.0,8,-7,303
62937.5,12,-8,302
62940.0,10,-9,304
62942.5,11,-8,309
62945.0,12,-8,305
62947.5,11,-7,301
62950.0,10,-8,303
62952.5,11,-8,301
62955.0,9,-7,303
62957.5,10,-6,303
62960.0,11,-7,302
62962.5,10,-9,303
62965.0,10,-9,304
62967.5,11,-9,304
62970.0,11,-9,305
62972.5,9,-9,302
62975.0,9,-10,303
62977.5,9,-10,303
62980.0,9,-7,300
62982.5,10,-8,304
62985.0,11,-10,304
62987.5,10,-4,303
62990.0,9,-6,304
62992.5,12,-9,304
62995.0,11,-6,307
62997.5,10,-8,308
63000.0,11,-6,305
63002.5,11,-8,299
63005.0,9,-7,301
63007.5,9,-8,303
63010.0,10,-8,303
63012.5,11,-7,301
63015.0,9,-8,302
63017.5,10,-8,304
63020.0,9,-7,303
63022.5,10,-8,301
63025.0,8,-9,300
63027.5,8,-9,300
63030.0,10,-9,304
63032.5,9,-7,303
63035.0,10,-8,300
63037.5,11,-9,304
63040.0,10,-5,301
63042.5,9,-5,304
63045.0,9,-8,305
63047.5,11,-8,303
63050.0,10,-8,305
63052.5,12,-8,307
63055.0,10,-9,304
63057.5,10,-5,301
63060.0,9,-6,305
63062.5,11,-9,304
63065.0,11,-9,303
63067.5,11,-10,304
63070.0,10,-8,304
63072.5,11,-6,303
63075.0,12,-7,303
63077.5,12,-7,303
63080.0,10,-9,304
63082.5,9,-8,303
63085.0,9,-7,303
63087.5,12,-10,303
63090.0,11,-7,303
63092.5,9,-6,304
63095.0,9,-7,304
63097.5,11,-9,307
63100.0,12,-6,303
63102.5,10,-9,306
63105.0,11,-7,305
63107.5,9,-7,304
63110.0,11,-9,305
63112.5,11,-8,303
63115.0,12,-11,306
63117.5,10,-9,303
63120.0,9,-7,303
63122.5,11,-10,301
63125.0,13,-9,301
63127.5,13,-9,301
63130.0,11,-8,300
63132.5,10,-9,300
63135.0,9,-8,302
63137.5,11,-9,302
63140.0,10,-9,306
63142.5,12,-7,304
63145.0,10,-10,301
63147.5,7,-8,302
63150.0,13,-9,301
63152.5,11,-9,304
63155.0,10,-7,304
63157.5,11,-7,303
63160.0,10,-6,305
63162.5,10,-8,307
63165.0,11,-9,302
63167.5,9,-7,302
63170.0,9,-9,303
63172.5,8,-10,304
63175.0,11,-9,307
63177.5,11,-9,307
63180.0,10,-7,302
63182.5,10,-9,301
63185.0,11,-9,302
63187.5,13,-7,302
63190.0,11,-7,305
63192.5,10,-7,303
63195.0,10,-7,304
63197.5,11,-7,302
63200.0,8,-5,303
63202.5,11,-11,303
63205.0,10,-8,303
63207.5,10,-7,301
63210.0,10,-9,302
63212.5,10,-8,302
63215.0,10,-7,303
63217.5,9,-6,304
63220.0,10,-8,301
63222.5,9,-7,300
63225.0,9,-6,301
63227.5,9,-6,301
63230.0,10,-9,299
63232.5,10,-7,300
63235.0,12,-7,306
63237.5,10,-8,303
63240.0,7,-8,302
63242.5,10,-9,307
63245.0,12,-10,308
63247.5,12,-10,303
63250.0,12,-9,304
63252.5,9,-6,303
63255.0,9,-6,303
63257.5,10,-9,302
63260.0,9,-10,302
63262.5,8,-7,303
63265.0,11,-8,301
63267.5,8,-8,305
63270.0,9,-9,303
63272.5,9,-8,302
63275.0,9,-8,302
63277.5,9,-8,302
63280.0,9,-7,304
63282.5,9,-8,305
63285.0,8,-5,304
63287.5,9,-7,305
63290.0,12,-6,303
63292.5,13,-7,305
63295.0,9,-6,303
63297.5,9,-7,304
63300.0,10,-9,302
63302.5,11,-10,304
63305.0,10,-8,304
63307.5,10,-7,303
63310.0,9,-7,302
63312.5,10,-9,301
63315.0,12,-11,301
63317.5,9,-9,304
63320.0,10,-8,303
63322.5,10,-9,306
63325.0,10,-9,305
63327.5,10,-9,305
63330.0,9,-6,303
63332.5,8,-7,303
63335.0,12,-6,306
63337.5,10,-9,302
63340.0,8,-8,302
63342.5,12,-7,302
63345.0,11,-6,302
63347.5,11,-9,302
63350.0,8,-5,304
63352.5,12,-8,299
63355.0,10,-8,304
63357.5,9,-7,307
63360.0,11,-7,305
63362.5,11,-7,303
63365.0,10,-8,301
63367.5,9,-5,303
63370.0,10,-7,303
63372.5,8,-8,301
63375.0,9,-9,302
63377.5,9,-9,302
63380.0,8,-9,302
63382.5,12,-8,301
63385.0,10,-5,306
63387.5,12,-8,305
63390.0,9,-8,303
63392.5,12,-6,305
63395.0,9,-8,305
63397.5,8,-9,303
63400.0,10,-8,303
63402.5,13,-9,305
63405.0,9,-9,304
63407.5,10,-8,303
63410.0,9,-7,305
63412.5,10,-7,305
63415.0,9,-7,302
63417.5,9,-8,300
63420.0,10,-8,305
63422.5,10,-9,301
63425.0,11,-7,305
63427.5,11,-7,305
63430.0,5,-7,302
63432.5,11,-12,303
63435.0,11,-7,305
63437.5,7,-4,300
63440.0,10,-8,307
63442.5,10,-9,306
63445.0,10,-6,300
63447.5,9,-8,302
63450.0,9,-8,306
63452.5,8,-7,305
63455.0,8,-8,302
63457.5,10,-8,305
63460.0,11,-6,303
63462.5,10,-8,305
63465.0,10,-8,304
63467.5,9,-6,302
63470.0,10,-8,304
63472.5,11,-10,303
63475.0,11,-10,303
63477.5,10,-9,304
63480.0,10,-9,306
63482.5,11,-9,304
63485.0,10,-6,301
63487.5,9,-4,302
63490.0,9,-7,302
63492.5,10,-9,303
63495.0,12,-7,306
63497.5,10,-8,306
63500.0,12,-8,301
63502.5,12,-9,304
63505.0,11,-7,302
63507.5,9,-9,303
63510.0,11,-6,301
63512.5,10,-7,302
63515.0,10,-11,303
63517.5,12,-10,305
63520.0,9,-6,305
63522.5,8,-7,302
63525.0,8,-7,302
63527.5,10,-8,302
63530.0,9,-7,300
63532.5,11,-8,304
63535.0,11,-9,302
63537.5,10,-6,299
63540.0,10,-6,301
63542.5,9,-5,307
63545.0,11,-10,303
63547.5,11,-8,307
63550.0,10,-5,302
63552.5,11,-7,303
63555.0,10,-6,304
63557.5,10,-8,302
63560.0,10,-6,306
63562.5,13,-9,304
63565.0,11,-7,301
63567.5,10,-10,302
63570.0,9,-9,306
63572.5,8,-9,302
63575.0,8,-9,302
63577.5,10,-9,305
63580.0,10,-7,305
63582.5,13,-8,305
63585.0,11,-6,301
63587.5,10,-6,301
63590.0,9,-8,305
63592.5,11,-8,303
63595.0,11,-9,302
63597.5,9,-6,304
63600.0,10,-6,303
63602.5,9,-7,302
63605.0,10,-6,305
63607.5,9,-6,304
63610.0,11,-8,305
63612.5,11,-8,306
63615.0,8,-10,304
63617.5,10,-10,304
63620.0,10,-9,301
63622.5,10,-8,305
63625.0,10,-8,305
63627.5,11,-9,305
63630.0,10,-7,305
63632.5,9,-7,299
63635.0,10,-7,300
63637.5,8,-8,303
63640.0,8,-7,307
63642.5,11,-8,303
63645.0,10,-7,301
63647.5,10,-7,301
63650.0,9,-9,304
63652.5,12,-11,305
63655.0,9,-10,302
63657.5,10,-9,302
63660.0,9,-6,303
63662.5,12,-6,303
63665.0,11,-7,301
63667.5,9,-7,302
63670.0,8,-8,303
63672.5,9,-8,302
63675.0,9,-8,302
63677.5,9,-10,303
63680.0,10,-8,305
63682.5,10,-9,303
63685.0,10,-7,301
63687.5,8,-6,302
63690.0,10,-5,306
63692.5,11,-7,308
63695.0,10,-9,304
63697.5,9,-6,303
63700.0,11,-6,302
63702.5,10,-7,302
63705.0,9,-8,307
63707.5,10,-8,304
63710.0,8,-6,307
63712.5,7,-9,303
63715.0,9,-8,304
63717.5,8,-10,304
63720.0,9,-8,302
63722.5,10,-6,303
63725.0,10,-6,303
63727.5,11,-8,302
63730.0,8,-9,303
63732.5,11,-9,308
63735.0,11,-7,304
63737.5,9,-6,298
63740.0,10,-5,300
63742.5,12,-9,304
63745.0,8,-8,306
63747.5,12,-11,305
63750.0,9,-7,303
63752.5,9,-9,302
63755.0,10,-8,305
63757.5,8,-8,302
63760.0,10,-8,304
63762.5,9,-7,302
63765.0,11,-11,303
63767.5,9,-5,300
63770.0,10,-9,300
63772.5,10,-8,299
63775.0,10,-8,299
63777.5,9,-10,303
63780.0,11,-9,301
63782.5,10,-7,306
63785.0,9,-6,301
63787.5,7,-7,305
63790.0,9,-9,304
63792.5,11,-7,302
63795.0,11,-8,302
63797.5,10,-7,301
63800.0,7,-5,305
63802.5,10,-8,303
63805.0,9,-8,305
63807.5,10,-9,299
63810.0,10,-6,305
63812.5,11,-9,303
63815.0,11,-10,303
63817.5,10,-8,302
63820.0,10,-11,301
63822.5,10,-9,304
63825.0,10,-9,304
63827.5,11,-9,303
63830.0,11,-9,302
63832.5,9,-7,306
63835.0,8,-5,302
63837.5,9,-8,304
63840.0,11,-7,304
63842.5,10,-8,303
63845.0,10,-9,305
63847.5,12,-9,301
63850.0,10,-9,302
63852.5,10,-6,305
63855.0,9,-8,304
63857.5,9,-8,303
63860.0,10,-8,303
63862.5,9,-9,303
63865.0,10,-9,306
63867.5,8,-8,301
63870.0,10,-8,303
63872.5,8,-10,301
63875.0,8,-10,301
63877.5,10,-9,308
63880.0,9,-6,305
63882.5,9,-9,305
63885.0,8,-6,304
63887.5,9,-3,307
63890.0,8,-7,304
63892.5,10,-9,308
63895.0,11,-8,304
63897.5,11,-7,304
63900.0,10,-5,302
63902.5,10,-6,304
63905.0,11,-8,305
63907.5,10,-7,306
63910.0,9,-8,303
63912.5,8,-7,307
63915.0,11,-7,302
63917.5,11,-8,305
63920.0,12,-11,306
63922.5,12,-8,305
63925.0,12,-8,305
63927.5,10,-7,304
63930.0,10,-7,302
63932.5,7,-4,304
63935.0,10,-7,300
63937.5,12,-7,304
63940.0,12,-9,304
63942.5,11,-5,304
63945.0,11,-6,308
63947.5,12,-6,308
63950.0,9,-8,305
63952.5,12,-9,304
63955.0,11,-8,302
63957.5,12,-10,303
63960.0,9,-8,301
63962.5,9,-6,303
63965.0,8,-8,304
63967.5,10,-8,301
63970.0,11,-10,304
63972.5,10,-6,303
63975.0,10,-6,303
63977.5,11,-9,300
63980.0,9,-9,307
63982.5,12,-7,306
63985.0,10,-9,302
63987.5,11,-7,300
63990.0,11,-8,301
63992.5,11,-8,302
63995.0,9,-6,304
63997.5,9,-8,300
64000.0,11,-12,303
64002.5,10,-11,303
64005.0,11,-9,301
64007.5,11,-8,304
64010.0,9,-10,302
64012.5,11,-9,306
64015.0,9,-8,303
64017.5,10,-8,303
64020.0,10,-9,301
64022.5,9,-8,303
64025.0,9,-8,303
64027.5,7,-8,302
64030.0,10,-6,302
64032.5,8,-6,301
64035.0,10,-5,298
64037.5,8,-6,302
64040.0,10,-5,304
64042.5,10,-10,304
64045.0,9,-8,305
64047.5,8,-8,306
64050.0,11,-6,300
64052.5,9,-8,303
64055.0,11,-8,305
64057.5,11,-8,303
64060.0,10,-6,304
64062.5,10,-9,305
64065.0,10,-10,302
64067.5,10,-9,303
64070.0,8,-8,300
64072.5,12,-10,301
64075.0,12,-10,301
64077.5,8,-6,305
64080.0,9,-9,302
64082.5,12,-7,305
64085.0,10,-8,303
64087.5,12,-9,301
64090.0,10,-6,303
64092.5,11,-5,303
64095.0,9,-4,303
64097.5,10,-7,302
64100.0,7,-9,304
64102.5,10,-8,302
64105.0,9,-10,303
64107.5,10,-8,307
64110.0,8,-8,302
64112.5,11,-7,303
64115.0,11,-8,302
64117.5,10,-11,303
64120.0,11,-8,304
64122.5,11,-8,304
64125.0,11,-9,303
64127.5,9,-8,305
64130.0,8,-6,304
64132.5,10,-5,299
64135.0,8,-7,303
64137.5,8,-7,304
64140.0,11,-7,302
64142.5,10,-9,303
64145.0,10,-6,304
64147.5,12,-9,301
64150.0,9,-6,304
64152.5,9,-7,303
64155.0,8,-10,305
64157.5,10,-10,304
64160.0,10,-9,303
64162.5,10,-7,306
64165.0,10,-9,302
64167.5,9,-9,303
64170.0,9,-8,304
64172.5,9,-8,304
64175.0,10,-7,304
64177.5,8,-8,305
64180.0,11,-8,304
64182.5,11,-8,305
64185.0,11,-6,300
64187.5,9,-8,304
64190.0,11,-9,306
64192.5,9,-8,301
64195.0,8,-6,306
64197.5,12,-10,305
64200.0,10,-7,305
64202.5,8,-6,302
64205.0,11,-10,303
64207.5,10,-8,303
64210.0,10,-8,304
64212.5,9,-6,302
64215.0,8,-8,303
64217.5,10,-11,305
64220.0,9,-8,304
64222.5,9,-8,304
64225.0,8,-7,300
64227.5,8,-7,302
64230.0,11,-7,300
64232.5,9,-8,304
64235.0,9,-7,305
64237.5,10,-7,307
64240.0,7,-7,303
64242.5,10,-8,303
64245.0,11,-11,300
64247.5,12,-7,304
64250.0,12,-6,305
64252.5,11,-7,304
64255.0,11,-7,303
64257.5,11,-8,301
64260.0,11,-9,301
64262.5,9,-9,303
64265.0,11,-7,307
64267.5,9,-9,301
64270.0,8,-8,302
64272.5,8,-8,302
64275.0,10,-9,306
64277.5,10,-7,309
64280.0,10,-7,305
64282.5,10,-4,306
64285.0,11,-6,301
64287.5,12,-3,301
64290.0,9,-4,301
64292.5,8,-9,302
64295.0,11,-8,302
64297.5,9,-6,304
64300.0,10,-9,304
64302.5,11,-9,307
64305.0,10,-8,304
64307.5,11,-9,306
64310.0,10,-8,302
64312.5,10,-9,303
64315.0,9,-8,305
64317.5,9,-8,299
64320.0,9,-8,303
64322.5,9,-8,303
64325.0,10,-9,302
64327.5,11,-9,303
64330.0,10,-6,300
64332.5,12,-8,308
64335.0,6,-9,306
64337.5,10,-4,305
64340.0,8,-5,306
64342.5,12,-8,303
64345.0,14,-10,301
64347.5,8,-6,301
64350.0,10,-9,305
64352.5,11,-8,304
64355.0,9,-6,301
64357.5,11,-10,302
64360.0,11,-9,305
64362.5,10,-8,307
64365.0,9,-7,303
64367.5,6,-5,302
64370.0,10,-9,302
64372.5,10,-9,302
64375.0,10,-9,303
64377.5,10,-8,302
64380.0,11,-7,306
64382.5,10,-8,301
64385.0,9,-8,305
64387.5,12,-8,304
64390.0,11,-10,303
64392.5,13,-9,302
64395.0,13,-9,302
64397.5,9,-8,302
64400.0,11,-7,303
64402.5,8,-6,301
64405.0,9,-9,302
64407.5,9,-7,304
64410.0,12,-9,306
64412.5,11,-9,300
64415.0,10,-6,300
64417.5,10,-5,302
64420.0,9,-10,300
64422.5,9,-10,300
64425.0,8,-5,305
64427.5,8,-8,305
64430.0,10,-8,307
64432.5,11,-6,305
64435.0,9,-7,302
64437.5,12,-7,304
64440.0,11,-8,304
64442.5,9,-6,307
64445.0,10,-8,304
64447.5,8,-5,301
64450.0,8,-7,305
64452.5,9,-6,305
64455.0,9,-8,303
64457.5,11,-8,302
64460.0,10,-6,302
64462.5,9,-5,303
64465.0,11,-9,300
64467.5,11,-9,302
64470.0,8,-8,302
64472.5,8,-8,302
64475.0,9,-6,302
64477.5,9,-7,303
64480.0,10,-8,304
64482.5,10,-10,303
64485.0,11,-6,303
64487.5,9,-8,299
64490.0,10,-9,305
64492.5,12,-7,303
64495.0,11,-5,302
64497.5,10,-8,304
64500.0,10,-12,300
64502.5,10,-9,303
64505.0,12,-7,304
64507.5,10,-10,302
64510.0,8,-6,300
64512.5,8,-9,302
64515.0,8,-10,301
64517.5,8,-7,304
64520.0,8,-10,301
64522.5,8,-10,301
64525.0,10,-8,305
64527.5,9,-10,302
64530.0,10,-7,304
64532.5,11,-5,303
64535.0,12,-8,303
64537.5,15,-7,303
64540.0,9,-5,306
64542.5,11,-6,305
64545.0,11,-6,303
64547.5,9,-10,301
64550.0,9,-9,304
64552.5,10,-7,302
64555.0,10,-8,303
64557.5,11,-7,305
64560.0,10,-7,306
64562.5,11,-10,304
64565.0,11,-8,303
64567.5,10,-9,304
64570.0,10,-9,304
64572.5,11,-9,302
64575.0,10,-7,303
64577.5,10,-7,304
64580.0,12,-8,302
64582.5,10,-8,300
64585.0,12,-10,306
64587.5,9,-8,304
64590.0,9,-6,301
64592.5,10,-9,305
64595.0,11,-6,304
64597.5,11,-9,306
64600.0,10,-9,305
64602.5,12,-7,304
64605.0,10,-8,303
64607.5,8,-6,303
64610.0,9,-7,304
64612.5,10,-8,302
64615.0,9,-8,302
64617.5,11,-10,305
64620.0,11,-10,305
64622.5,10,-6,303
64625.0,12,-7,303
64627.5,9,-5,302
64630.0,12,-6,305
64632.5,8,-9,302
64635.0,10,-8,299
64637.5,12,-8,305
64640.0,10,-7,307
64642.5,12,-9,305
64645.0,8,-8,306
64647.5,11,-6,306
64650.0,11,-8,303
64652.5,9,-7,302
64655.0,9,-9,302
64657.5,11,-8,305
64660.0,11,-9,304
64662.5,10,-8,306
64665.0,9,-9,305
64667.5,12,-9,304
64670.0,12,-9,304
64672.5,10,-7,304
64675.0,10,-7,301
64677.5,10,-5,303
64680.0,10,-9,293
64682.5,7,-9,302
64685.0,13,-10,305
64687.5,10,-7,304
64690.0,9,-7,300
64692.5,12,-7,303
64695.0,13,-8,304
64697.5,9,-7,302
64700.0,10,-7,303
64702.5,10,-9,304
64705.0,9,-8,302
64707.5,9,-6,302
64710.0,8,-8,301
64712.5,9,-7,302
64715.0,11,-7,302
64717.5,8,-7,303
64720.0,8,-7,303
64722.5,10,-7,305
64725.0,10,-9,305
64727.5,10,-9,304
64730.0,13,-7,302
64732.5,12,-7,305
64735.0,10,-4,304
64737.5,10,-8,306
64740.0,11,-7,300
64742.5,9,-4,303
64745.0,9,-8,304
64747.5,10,-6,305
64750.0,9,-8,302
64752.5,9,-9,304
64755.0,12,-9,302
64757.5,10,-7,302
64760.0,11,-7,302
64762.5,11,-9,303
64765.0,9,-10,300
64767.5,9,-12,303
64770.0,9,-12,303
64772.5,9,-10,305
64775.0,8,-9,304
64777.5,10,-8,305
64780.0,12,-8,302
64782.5,10,-8,305
64785.0,8,-6,304
64787.5,9,-6,305
64790.0,11,-8,303
64792.5,9,-7,303
64795.0,11,-8,306
64797.5,9,-4,305
64800.0,11,-7,305
64802.5,7,-7,302
64805.0,10,-5,303
64807.5,10,-9,302
64810.0,10,-7,301
64812.5,10,-9,303
64815.0,12,-9,302
64817.5,11,-8,303
64820.0,11,-8,303
64822.5,10,-8,303
64825.0,9,-5,303
64827.5,9,-7,302
64830.0,11,-9,306
64832.5,8,-8,305
64835.0,10,-9,306
64837.5,8,-7,307
64840.0,10,-8,304
64842.5,10,-8,302
64845.0,8,-7,303
64847.5,10,-9,302
64850.0,9,-8,302
64852.5,9,-9,301
64855.0,9,-7,301
64857.5,10,-9,302
64860.0,12,-8,301
64862.5,11,-8,303
64865.0,11,-7,302
64867.5,11,-6,304
64870.0,11,-6,304
64872.5,9,-7,301
64875.0,8,-7,308
64877.5,11,-6,305
64880.0,10,-8,301
64882.5,11,-9,301
64885.0,10,-5,302
64887.5,11,-8,304
64890.0,9,-7,302
64892.5,9,-5,305
64895.0,11,-9,306
64897.5,11,-8,303
64900.0,10,-10,302
64902.5,10,-5,304
64905.0,11,-9,304
64907.5,8,-8,301
64910.0,10,-9,305
64912.5,11,-10,304
64915.0,10,-10,303
64917.5,9,-9,300
64920.0,9,-9,300
64922.5,10,-7,308
64925.0,12,-6,303
64927.5,9,-5,303
64930.0,8,-5,301
64932.5,11,-8,303
64935.0,10,-9,302
64937.5,11,-9,303
64940.0,12,-7,305
64942.5,10,-7,302
64945.0,10,-7,302
64947.5,8,-7,304
64950.0,10,-7,305
64952.5,8,-5,302
64955.0,9,-6,306
64957.5,10,-8,300
64960.0,8,-8,302
64962.5,10,-7,304
64965.0,9,-7,304
64967.5,9,-7,304
64970.0,10,-10,303
64972.5,10,-8,304
64975.0,7,-9,303
64977.5,10,-7,304
64980.0,12,-8,303
64982.5,10,-5,307
64985.0,12,-7,305
64987.5,11,-7,303
64990.0,11,-6,303
64992.5,9,-8,305
64995.0,8,-7,303
64997.5,11,-6,303
65000.0,9,-7,303
65002.5,11,-8,304
65005.0,9,-8,301
65007.5,11,-9,302
65010.0,9,-9,304
65012.5,9,-9,300
65015.0,9,-8,303
65017.5,9,-8,303
65020.0,10,-11,305
65022.5,11,-8,303
65025.0,11,-7,301
65027.5,10,-5,306
65030.0,10,-8,302
65032.5,8,-6,303
65035.0,7,-5,305
65037.5,10,-7,305
65040.0,12,-5,305
65042.5,10,-5,302
65045.0,10,-5,304
65047.5,10,-8,302
65050.0,9,-8,302
65052.5,10,-7,305
65055.0,10,-5,304
65057.5,9,-9,303
65060.0,9,-8,302
65062.5,9,-9,303
65065.0,10,-9,301
65067.5,10,-9,301
65070.0,10,-8,303
65072.5,9,-8,303
65075.0,8,-10,304
65077.5,10,-7,306
65080.0,13,-7,305
65082.5,9,-5,307
65085.0,12,-7,303
65087.5,11,-9,303
65090.0,9,-9,300
65092.5,11,-7,302
65095.0,9,-8,306
65097.5,13,-7,304
65100.0,10,-9,304
65102.5,9,-7,301
65105.0,9,-7,303
65107.5,12,-10,304
65110.0,10,-9,304
65112.5,11,-9,303
65115.0,11,-8,301
65117.5,11,-8,301
65120.0,11,-7,303
65122.5,10,-9,302
65125.0,10,-9,304
65127.5,7,-6,305
65130.0,9,-5,304
65132.5,11,-4,302
65135.0,8,-9,299
65137.5,8,-4,303
65140.0,11,-7,306
65142.5,9,-10,304
65145.0,10,-8,303
65147.5,11,-8,305
65150.0,10,-9,304
65152.5,8,-6,305
65155.0,11,-7,304
65157.5,10,-9,304
65160.0,11,-11,303
65162.5,10,-10,305
65165.0,11,-9,304
65167.5,11,-9,304
65170.0,12,-9,303
65172.5,12,-9,301
65175.0,11,-9,303
65177.5,9,-9,301
65180.0,10,-6,304
65182.5,10,-6,303
65185.0,9,-9,304
65187.5,9,-8,304
65190.0,12,-8,303
65192.5,10,-6,302
65195.0,10,-6,300
65197.5,10,-5,303
65200.0,10,-9,305
65202.5,10,-6,304
65205.0,11,-6,302
65207.5,11,-5,303
65210.0,9,-6,302
65212.5,8,-8,307
65215.0,11,-9,304
65217.5,11,-9,304
65220.0,11,-9,303
65222.5,9,-7,299
65225.0,11,-7,300
65227.5,11,-9,307
65230.0,11,-11,305
65232.5,11,-9,304
65235.0,10,-6,305
65237.5,11,-8,302
65240.0,9,-4,303
65242.5,8,-7,302
65245.0,10,-10,303
65247.5,12,-10,304
65250.0,10,-9,302
65252.5,11,-7,299
65255.0,9,-9,302
65257.5,9,-10,305
65260.0,9,-10,305
65262.5,8,-8,303
65265.0,8,-8,304
65267.5,8,-8,304
65270.0,11,-8,301
65272.5,10,-7,304
65275.0,11,-8,304
65277.5,11,-8,305
65280.0,7,-4,303
65282.5,10,-6,305
65285.0,10,-9,303
65287.5,11,-7,304
65290.0,11,-7,304
65292.5,10,-7,300
65295.0,11,-8,302
65297.5,12,-10,303
65300.0,10,-9,305
65302.5,9,-9,304
65305.0,8,-9,304
65307.5,10,-10,301
65310.0,9,-7,300
65312.5,10,-10,303
65315.0,11,-5,302
65317.5,11,-5,302
65320.0,7,-10,305
65322.5,9,-10,307
65325.0,9,-9,304
65327.5,10,-7,305
65330.0,8,-7,300
65332.5,10,-5,300
65335.0,10,-5,300
65337.5,10,-6,306
65340.0,11,-10,305
65342.5,11,-10,304
65345.0,9,-10,306
65347.5,11,-9,304
65350.0,11,-8,304
65352.5,8,-8,301
65355.0,10,-8,306
65357.5,11,-8,301
65360.0,9,-9,305
65362.5,10,-8,303
65365.0,10,-10,304
65367.5,10,-10,304
65370.0,10,-10,302
65372.5,11,-7,303
65375.0,11,-8,305
65377.5,8,-10,301
65380.0,11,-9,303
65382.5,11,-9,304
65385.0,9,-7,300
65387.5,11,-6,307
65390.0,10,-8,304
65392.5,9,-7,300
65395.0,9,-6,304
65397.5,11,-9,302
65400.0,10,-7,304
65402.5,9,-5,305
65405.0,9,-6,304
65407.5,8,-7,303
65410.0,11,-7,302
65412.5,11,-9,302
65415.0,11,-11,303
65417.5,11,-11,303
65420.0,9,-7,302
65422.5,11,-9,301
65425.0,10,-5,301
65427.5,11,-9,301
65430.0,9,-8,302
65432.5,10,-9,306
65435.0,8,-6,304
65437.5,12,-8,303
65440.0,11,-7,301
65442.5,9,-9,303
65445.0,10,-9,304
65447.5,12,-10,303
65450.0,12,-8,303
65452.5,9,-8,304
65455.0,9,-8,304
65457.5,10,-10,304
65460.0,10,-8,304
65462.5,10,-8,303
65465.0,10,-8,303
65467.5,10,-11,305
65470.0,9,-8,300
65472.5,7,-9,305
65475.0,11,-7,306
65477.5,11,-9,305
65480.0,8,-7,307
65482.5,12,-10,307
65485.0,10,-7,300
65487.5,12,-6,303
65490.0,9,-8,303
65492.5,10,-9,300
65495.0,10,-8,304
65497.5,10,-9,305
65500.0,11,-8,303
65502.5,9,-9,304
65505.0,10,-8,305
65507.5,11,-8,304
65510.0,9,-8,300
65512.5,9,-7,302
65515.0,9,-7,302
65517.5,9,-8,302
65520.0,9,-9,301
65522.5,8,-7,305
65525.0,10,-9,303
65527.5,9,-8,300
65530.0,9,-6,305
65532.5,9,-6,306
65535.0,11,-12,302
65537.5,9,-8,304
65540.0,10,-10,304
65542.5,9,-9,304
65545.0,10,-5,303
65547.5,8,-7,304
65550.0,10,-7,301
65552.5,10,-9,299
65555.0,11,-9,302
65557.5,10,-6,302
65560.0,10,-10,305
65562.5,9,-7,303
65565.0,9,-7,303
65567.5,11,-9,303
65570.0,12,-8,302
65572.5,8,-6,300
65575.0,13,-11,303
65577.5,9,-9,299
65580.0,11,-8,307
65582.5,12,-8,302
65585.0,11,-9,299
65587.5,8,-9,303
65590.0,11,-9,303
65592.5,10,-7,302
65595.0,9,-7,306
65597.5,8,-10,305
65600.0,9,-8,301
65602.5,8,-9,302
65605.0,11,-6,303
65607.5,9,-5,302
65610.0,9,-9,303
65612.5,11,-10,303
65615.0,11,-10,303
65617.5,8,-8,301
65620.0,9,-8,303
65622.5,11,-6,303
65625.0,11,-7,304
65627.5,11,-9,306
65630.0,11,-7,305
65632.5,9,-4,303
65635.0,11,-8,301
65637.5,11,-6,302
65640.0,8,-6,302
65642.5,10,-7,305
65645.0,10,-8,305
65647.5,11,-9,303
65650.0,9,-8,302
65652.5,10,-8,306
65655.0,10,-7,303
65657.5,9,-10,304
65660.0,8,-6,304
65662.5,10,-10,304
65665.0,10,-10,304
65667.5,10,-8,301
65670.0,8,-6,304
65672.5,8,-6,303
65675.0,8,-6,300
65677.5,8,-10,305
65680.0,11,-7,305
65682.5,9,-10,304
65685.0,9,-8,303
65687.5,9,-6,307
65690.0,9,-7,305
65692.5,9,-7,304
65695.0,11,-9,301
65697.5,11,-10,303
65700.0,11,-8,301
65702.5,10,-7,299
65705.0,8,-6,305
65707.5,9,-8,305
65710.0,8,-6,304
65712.5,10,-9,303
65715.0,10,-9,303
65717.5,10,-8,305
65720.0,11,-8,304
65722.5,10,-7,304
65725.0,14,-6,302
65727.5,10,-5,303
65730.0,12,-5,304
65732.5,10,-7,303
65735.0,10,-7,305
65737.5,9,-3,300
65740.0,10,-7,302
65742.5,8,-5,303
65745.0,9,-6,304
65747.5,9,-8,303
65750.0,8,-5,304
65752.5,8,-7,304
65755.0,10,-6,305
65757.5,10,-8,304
65760.0,11,-9,305
65762.5,9,-8,305
65765.0,9,-8,305
65767.5,10,-8,304
65770.0,7,-7,303
65772.5,8,-5,300
65775.0,9,-8,305
65777.5,9,-8,305
65780.0,9,-9,305
65782.5,9,-7,310
65785.0,10,-7,302
65787.5,10,-7,302
65790.0,7,-6,301
65792.5,9,-8,303
65795.0,8,-8,304
65797.5,10,-5,302
65800.0,11,-11,303
65802.5,9,-7,302
65805.0,9,-7,303
65807.5,9,-7,303
65810.0,10,-8,302
65812.5,11,-10,302
65815.0,11,-10,302
65817.5,10,-10,303
65820.0,9,-6,306
65822.5,8,-6,308
65825.0,8,-6,306
65827.5,13,-5,305
65830.0,11,-5,298
65832.5,8,-6,301
65835.0,11,-9,302
65837.5,11,-9,303
65840.0,9,-8,301
65842.5,9,-9,305
65845.0,12,-11,303
65847.5,11,-7,301
65850.0,10,-7,304
65852.5,8,-8,301
65855.0,10,-5,302
65857.5,12,-9,304
65860.0,8,-9,304
65862.5,9,-8,305
65865.0,9,-8,305
65867.5,11,-9,304
65870.0,8,-6,304
65872.5,10,-8,305
65875.0,11,-8,306
65877.5,10,-9,304
65880.0,9,-5,305
65882.5,10,-7,304
65885.0,9,-7,303
65887.5,10,-7,302
65890.0,10,-9,303
65892.5,11,-11,305
65895.0,11,-8,303
65897.5,10,-7,303
65900.0,10,-9,301
65902.5,9,-9,300
65905.0,7,-8,302
65907.5,8,-7,305
65910.0,10,-9,303
65912.5,9,-8,304
65915.0,9,-8,304
65917.5,10,-8,303
65920.0,11,-5,300
65922.5,12,-6,303
65925.0,10,-6,307
65927.5,9,-6,306
65930.0,9,-4,305
65932.5,9,-7,306
65935.0,10,-6,304
65937.5,12,-7,301
65940.0,9,-6,300
65942.5,14,-8,305
65945.0,11,-9,301
65947.5,9,-7,302
65950.0,8,-7,303
65952.5,11,-9,306
65955.0,11,-8,301
65957.5,9,-9,303
65960.0,11,-9,300
65962.5,11,-9,300
65965.0,9,-8,303
65967.5,10,-7,306
65970.0,10,-6,304
65972.5,10,-3,306
65975.0,8,-6,300
65977.5,11,-9,305
65980.0,12,-7,305
65982.5,11,-7,301
65985.0,11,-4,300
65987.5,10,-5,305
65990.0,9,-8,306
65992.5,10,-7,304
65995.0,10,-9,301
65997.5,9,-7,301
66000.0,9,-7,305
66002.5,11,-7,303
66005.0,8,-6,304
66007.5,9,-6,305
66010.0,9,-7,303
66012.5,9,-7,303
66015.0,9,-9,302
66017.5,12,-10,305
66020.0,11,-8,302
66022.5,11,-8,306
66025.0,9,-8,302
66027.5,10,-7,302
66030.0,7,-5,304
66032.5,10,-8,303
66035.0,10,-8,304
66037.5,10,-7,302
66040.0,12,-8,302
66042.5,11,-7,304
66045.0,11,-6,305
66047.5,7,-8,301
66050.0,10,-9,302
66052.5,10,-7,303
66055.0,11,-9,303
66057.5,11,-10,303
66060.0,12,-9,303
66062.5,12,-9,303
66065.0,11,-10,302
66067.5,8,-7,301
66070.0,9,-5,306
66072.5,12,-7,303
66075.0,12,-8,302
66077.5,10,-7,304
66080.0,12,-9,304
66082.5,10,-7,302
66085.0,10,-9,300
66087.5,9,-8,301
66090.0,12,-9,305
66092.5,9,-5,305
66095.0,10,-9,301
66097.5,11,-6,301
66100.0,9,-11,303
66102.5,10,-9,302
66105.0,10,-7,304
66107.5,10,-9,303
66110.0,9,-9,304
66112.5,9,-9,304
66115.0,9,-7,303
66117.5,9,-7,298
66120.0,10,-8,302
66122.5,9,-6,304
66125.0,12,-9,304
66127.5,9,-5,305
66130.0,10,-9,305
66132.5,14,-9,303
66135.0,10,-5,303
66137.5,9,-6,303
66140.0,10,-6,304
66142.5,8,-6,307
66145.0,9,-9,304
66147.5,11,-9,303
66150.0,11,-7,302
66152.5,9,-8,306
66155.0,12,-10,302
66157.5,10,-8,305
66160.0,9,-7,302
66162.5,9,-7,302
66165.0,10,-8,303
66167.5,9,-8,306
66170.0,11,-10,302
66172.5,10,-9,302
66175.0,9,-6,301
66177.5,12,-7,310
66180.0,9,-6,300
66182.5,7,-6,302
66185.0,11,-7,304
66187.5,8,-9,304
66190.0,8,-7,301
66192.5,8,-9,302
66195.0,10,-5,303
66197.5,9,-9,301
66200.0,11,-9,304
66202.5,10,-10,305
66205.0,11,-9,304
66207.5,10,-11,300
66210.0,9,-7,304
66212.5,9,-7,304
66215.0,12,-6,302
66217.5,11,-6,305
66220.0,11,-8,307
66222.5,11,-6,302
66225.0,9,-4,304
66227.5,9,-8,305
66230.0,8,-7,308
66232.5,9,-7,308
66235.0,10,-7,304
66237.5,11,-7,306
66240.0,10,-8,302
66242.5,10,-7,301
66245.0,11,-10,304
66247.5,9,-8,305
66250.0,9,-8,304
66252.5,11,-8,300
66255.0,10,-9,303
66257.5,9,-7,308
66260.0,9,-8,304
66262.5,9,-8,304
66265.0,10,-7,305
66267.5,12,-8,304
66270.0,10,-6,303
66272.5,10,-7,303
66275.0,9,-9,305
66277.5,13,-8,303
66280.0,13,-9,304
66282.5,11,-4,304
66285.0,8,-7,302
66287.5,10,-8,302
66290.0,11,-6,304
66292.5,10,-6,305
66295.0,9,-7,303
66297.5,11,-7,304
66300.0,9,-9,301
66302.5,8,-7,302
66305.0,10,-8,304
66307.5,10,-9,306
66310.0,9,-8,304
66312.5,9,-8,304
66315.0,11,-7,301
66317.5,7,-7,302
66320.0,12,-6,302
66322.5,9,-7,303
66325.0,9,-7,306
66327.5,11,-8,307
66330.0,10,-9,305
66332.5,10,-4,304
66335.0,10,-8,305
66337.5,13,-8,299
66340.0,10,-9,305
66342.5,10,-10,302
66345.0,12,-10,303
66347.5,8,-9,301
66350.0,9,-8,301
66352.5,6,-8,302
66355.0,8,-8,302
66357.5,10,-9,304
66360.0,10,-9,304
66362.5,11,-10,304
66365.0,10,-8,301
66367.5,8,-7,299
66370.0,13,-8,304
66372.5,9,-8,306
66375.0,10,-8,305
66377.5,13,-9,307
66380.0,12,-7,302
66382.5,11,-6,300
66385.0,9,-7,302
66387.5,9,-6,307
66390.0,12,-8,305
66392.5,10,-9,299
66395.0,10,-8,299
66397.5,9,-8,305
66400.0,11,-9,304
66402.5,8,-8,303
66405.0,10,-9,301
66407.5,9,-8,302
66410.0,9,-8,302
66412.5,9,-9,300
66415.0,11,-7,303
66417.5,10,-6,303
66420.0,8,-8,307
66422.5,8,-7,308
66425.0,10,-10,305
66427.5,10,-7,302
66430.0,12,-8,303
66432.5,11,-8,302
66435.0,8,-5,300
66437.5,11,-9,305
66440.0,12,-7,303
66442.5,9,-9,304
66445.0,10,-9,304
66447.5,11,-8,303
66450.0,7,-7,304
66452.5,9,-9,297
66455.0,8,-6,303
66457.5,11,-9,304
66460.0,11,-9,304
66462.5,8,-6,302
66465.0,10,-9,306
66467.5,9,-5,304
66470.0,7,-8,304
66472.5,9,-6,302
66475.0,11,-6,301
66477.5,9,-8,301
66480.0,10,-8,303
66482.5,12,-8,303
66485.0,8,-9,304
66487.5,9,-6,304
66490.0,9,-7,306
66492.5,11,-9,304
66495.0,9,-8,302
66497.5,9,-8,303
66500.0,11,-7,304
66502.5,11,-7,304
66505.0,7,-9,303
66507.5,11,-9,303
66510.0,11,-9,303
66512.5,9,-8,303
66515.0,9,-8,304
66517.5,11,-9,303
66520.0,9,-6,307
66522.5,9,-5,303
66525.0,10,-7,298
66527.5,15,-8,306
66530.0,8,-8,303
66532.5,9,-7,304
66535.0,8,-8,305
66537.5,9,-8,305
66540.0,10,-9,305
66542.5,11,-9,302
66545.0,11,-9,304
66547.5,10,-8,302
66550.0,11,-7,305
66552.5,10,-8,303
66555.0,10,-7,305
66557.5,11,-9,303
66560.0,11,-9,303
66562.5,9,-7,302
66565.0,12,-8,300
66567.5,10,-9,305
66570.0,10,-6,299
66572.5,11,-7,305
66575.0,10,-4,305
66577.5,9,-7,300
66580.0,11,-5,305
66582.5,13,-8,301
66585.0,10,-8,303
66587.5,9,-4,305
66590.0,11,-7,300
66592.5,10,-8,301
66595.0,8,-8,305
66597.5,9,-8,303
66600.0,10,-8,303
66602.5,9,-8,301
66605.0,9,-10,303
66607.5,9,-9,303
66610.0,9,-9,303
66612.5,9,-8,304
66615.0,12,-10,305
66617.5,7,-7,305
66620.0,12,-6,305
66622.5,10,-8,302
66625.0,12,-5,299
66627.5,9,-6,306
66630.0,11,-7,305
66632.5,12,-6,303
66635.0,8,-9,300
66637.5,11,-8,304
66640.0,11,-8,303
66642.5,10,-6,301
66645.0,9,-9,302
66647.5,8,-6,301
66650.0,8,-10,300
66652.5,9,-8,303
66655.0,10,-10,304
66657.5,9,-7,304
66660.0,9,-7,304
66662.5,11,-8,300
66665.0,11,-6,300
66667.5,12,-6,304
66670.0,9,-6,303
66672.5,10,-7,301
66675.0,10,-4,304
66677.5,11,-9,305
66680.0,8,-8,304
66682.5,12,-8,304
66685.0,11,-10,305
66687.5,10,-8,302
66690.0,9,-7,301
66692.5,10,-9,305
66695.0,10,-9,304
66697.5,9,-7,302
66700.0,9,-9,302
66702.5,10,-7,304
66705.0,9,-8,300
66707.5,10,-9,300
66710.0,10,-9,300
66712.5,9,-8,305
66715.0,10,-10,304
66717.5,9,-5,302
66720.0,11,-8,303
66722.5,11,-7,303
66725.0,8,-8,305
66727.5,7,-5,304
66730.0,11,-6,306
66732.5,8,-8,302
66735.0,12,-10,302
66737.5,9,-7,306
66740.0,9,-6,305
66742.5,10,-9,303
66745.0,11,-9,301
66747.5,12,-9,303
66750.0,8,-6,301
66752.5,11,-8,302
66755.0,10,-9,301
66757.5,10,-9,301
66760.0,9,-9,307
66762.5,10,-6,302
66765.0,8,-5,304
66767.5,11,-9,307
66770.0,14,-9,305
66772.5,11,-8,303
66775.0,9,-7,307
66777.5,13,-5,306
66780.0,12,-6,303
66782.5,9,-6,302
66785.0,10,-8,303
66787.5,11,-8,304
66790.0,12,-9,304
66792.5,11,-9,304
66795.0,11,-8,301
66797.5,8,-8,303
66800.0,10,-8,303
66802.5,10,-9,306
66805.0,9,-7,301
66807.5,9,-7,301
66810.0,9,-6,303
66812.5,11,-9,303
66815.0,9,-9,307
66817.5,12,-8,306
66820.0,7,-6,298
66822.5,8,-8,298
66825.0,14,-8,303
66827.5,13,-9,303
66830.0,8,-5,303
66832.5,11,-7,308
66835.0,11,-8,304
66837.5,11,-8,306
66840.0,9,-5,304
66842.5,10,-7,302
66845.0,8,-8,300
66847.5,9,-7,304
66850.0,9,-7,302
66852.5,9,-6,303
66855.0,9,-6,307
66857.5,9,-6,307
66860.0,9,-8,301
66862.5,11,-8,300
66865.0,10,-6,303
66867.5,12,-8,306
66870.0,9,-7,306
66872.5,11,-5,307
66875.0,9,-6,302
66877.5,10,-10,304
66880.0,10,-8,304
66882.5,10,-8,305
66885.0,10,-8,305
66887.5,11,-7,304
66890.0,8,-8,300
66892.5,10,-9,302
66895.0,12,-9,306
66897.5,10,-7,303
66900.0,8,-7,305
66902.5,10,-5,300
66905.0,10,-8,300
66907.5,10,-8,300
66910.0,8,-7,303
66912.5,9,-7,305
66915.0,10,-7,307
66917.5,12,-9,307
66920.0,13,-7,303
66922.5,11,-7,303
66925.0,10,-7,302
66927.5,10,-7,301
66930.0,9,-5,303
66932.5,8,-11,302
66935.0,11,-9,303
66937.5,8,-8,304
66940.0,9,-8,301
66942.5,9,-8,305
66945.0,9,-7,303
66947.5,9,-6,304
66950.0,9,-8,304
66952.5,8,-6,305
66955.0,7,-6,303
66957.5,7,-6,303
66960.0,9,-9,305
66962.5,10,-8,304
66965.0,10,-10,305
66967.5,10,-7,303
66970.0,8,-8,304
66972.5,10,-5,304
66975.0,10,-5,305
66977.5,9,-8,307
66980.0,11,-10,303
66982.5,11,-10,306
66985.0,12,-7,306
66987.5,13,-7,300
66990.0,10,-10,304
66992.5,10,-5,303
66995.0,11,-7,302
66997.5,9,-10,303
67000.0,10,-6,299
67002.5,8,-7,301
67005.0,9,-9,305
67007.5,9,-9,305
67010.0,9,-4,301
67012.5,9,-8,302
67015.0,9,-7,303
67017.5,10,-7,298
67020.0,8,-5,305
67022.5,8,-8,303
67025.0,10,-10,303
67027.5,9,-7,303
67030.0,10,-6,306
67032.5,12,-10,304
67035.0,13,-7,305
67037.5,11,-4,303
67040.0,11,-7,304
67042.5,10,-6,304
67045.0,10,-9,304
67047.5,11,-6,307
67050.0,11,-9,304
67052.5,9,-8,303
67055.0,10,-7,302
67057.5,10,-7,302
67060.0,9,-9,302
67062.5,12,-9,300
67065.0,12,-8,303
67067.5,11,-8,300
67070.0,8,-7,303
67072.5,11,-6,306
67075.0,8,-7,300
67077.5,10,-6,304
67080.0,11,-7,304
67082.5,9,-6,305
67085.0,12,-9,304
67087.5,12,-9,301
67090.0,13,-8,303
67092.5,11,-7,306
67095.0,11,-6,304
67097.5,12,-10,305
67100.0,9,-8,304
67102.5,8,-8,303
67105.0,8,-8,303
67107.5,9,-6,300
67110.0,9,-10,302
67112.5,10,-7,305
67115.0,10,-7,302
67117.5,10,-8,302
67120.0,10,-8,301
67122.5,10,-5,304
67125.0,8,-11,305
67127.5,8,-8,304
67130.0,11,-7,304
67132.5,9,-9,303
67135.0,12,-8,301
67137.5,9,-8,306
67140.0,11,-8,301
67142.5,11,-7,301
67145.0,10,-8,305
67147.5,10,-8,304
67150.0,11,-7,303
67152.5,9,-12,306
67155.0,9,-12,306
67157.5,8,-9,305
67160.0,12,-9,303
67162.5,9,-6,302
67165.0,12,-6,302
67167.5,11,-6,302
67170.0,8,-8,302
67172.5,7,-4,302
67175.0,10,-8,304
67177.5,11,-9,304
67180.0,10,-7,302
67182.5,10,-7,304
67185.0,9,-7,302
67187.5,10,-7,303
67190.0,8,-7,302
67192.5,9,-9,305
67195.0,9,-7,301
67197.5,9,-10,303
67200.0,11,-9,302
67202.5,10,-10,304
67205.0,10,-10,304
67207.5,9,-9,304
67210.0,11,-5,302
67212.5,11,-7,304
67215.0,11,-6,303
67217.5,10,-7,308
67220.0,11,-9,305
67222.5,10,-9,304
67225.0,10,-7,305
67227.5,9,-10,300
67230.0,11,-7,300
67232.5,8,-6,304
67235.0,9,-7,304
67237.5,9,-7,303
67240.0,10,-7,300
67242.5,11,-11,304
67245.0,9,-6,300
67247.5,10,-7,303
67250.0,8,-8,301
67252.5,10,-9,301
67255.0,10,-9,301
67257.5,11,-8,304
67260.0,9,-8,304
67262.5,8,-7,305
67265.0,12,-8,305
67267.5,11,-8,301
67270.0,12,-7,305
67272.5,11,-8,306
67275.0,12,-8,303
67277.5,8,-7,303
67280.0,10,-8,305
67282.5,11,-10,304
67285.0,10,-6,305
67287.5,11,-8,307
67290.0,11,-9,302
67292.5,11,-9,300
67295.0,10,-8,303
67297.5,9,-11,305
67300.0,11,-9,303
67302.5,10,-8,304
67305.0,10,-8,304
67307.5,9,-9,303
67310.0,12,-9,302
67312.5,10,-9,307
67315.0,11,-7,303
67317.5,6,-9,302
67320.0,9,-9,302
67322.5,11,-8,307
67325.0,10,-6,305
67327.5,11,-7,305
67330.0,10,-7,302
67332.5,9,-8,300
67335.0,11,-6,302
67337.5,12,-7,303
67340.0,11,-8,303
67342.5,10,-10,304
67345.0,10,-8,305
67347.5,9,-8,308
67350.0,9,-9,303
67352.5,10,-7,303
67355.0,10,-7,303
67357.5,9,-7,301
67360.0,10,-8,301
67362.5,9,-7,308
67365.0,10,-6,302
67367.5,13,-6,302
67370.0,12,-6,306
67372.5,10,-8,303
67375.0,10,-8,304
67377.5,9,-7,304
67380.0,10,-8,302
67382.5,10,-8,305
67385.0,11,-8,307
67387.5,10,-8,303
67390.0,11,-7,302
67392.5,9,-8,303
67395.0,9,-9,303
67397.5,9,-8,303
67400.0,7,-7,305
67402.5,9,-9,304
67405.0,9,-9,304
67407.5,10,-8,300
67410.0,12,-9,304
67412.5,13,-7,305
67415.0,10,-6,303
67417.5,10,-9,304
67420.0,11,-8,300
67422.5,10,-8,304
67425.0,9,-6,306
67427.5,11,-7,305
67430.0,11,-9,305
67432.5,11,-11,302
67435.0,11,-9,305
67437.5,10,-9,303
67440.0,10,-9,304
67442.5,9,-6,303
67445.0,10,-7,303
67447.5,10,-8,302
67450.0,9,-7,304
67452.5,11,-9,306
67455.0,11,-9,306
67457.5,10,-8,301
67460.0,10,-9,302
67462.5,10,-8,308
67465.0,10,-8,307
67467.5,9,-8,305
67470.0,11,-9,304
67472.5,12,-8,302
67475.0,11,-9,305
67477.5,11,-7,304
67480.0,10,-9,302
67482.5,9,-6,304
67485.0,9,-8,304
67487.5,9,-7,302
67490.0,9,-9,304
67492.5,8,-8,302
67495.0,10,-8,302
67497.5,12,-9,304
67500.0,12,-9,300
67502.5,12,-9,300
67505.0,10,-8,300
67507.5,9,-6,303
67510.0,10,-7,304
67512.5,11,-9,302
67515.0,11,-10,306
67517.5,10,-8,303
67520.0,10,-8,304
67522.5,12,-7,302
67525.0,11,-7,305
67527.5,10,-7,302
67530.0,9,-8,301
67532.5,11,-6,302
67535.0,10,-8,305
67537.5,8,-9,304
67540.0,9,-8,303
67542.5,10,-9,303
67545.0,10,-10,303
67547.5,9,-6,305
67550.0,8,-8,299
67552.5,8,-8,299
67555.0,8,-6,304
67557.5,10,-9,301
67560.0,10,-7,300
67562.5,11,-5,304
67565.0,11,-6,306
67567.5,9,-8,307
67570.0,8,-6,303
67572.5,12,-9,304
67575.0,7,-7,304
67577.5,9,-6,300
67580.0,10,-6,306
67582.5,12,-6,306
67585.0,10,-11,302
67587.5,10,-6,302
67590.0,10,-5,300
67592.5,11,-9,306
67595.0,8,-6,303
67597.5,11,-8,303
67600.0,11,-9,300
67602.5,11,-9,300
67605.0,11,-8,304
67607.5,10,-9,306
67610.0,11,-6,303
67612.5,13,-8,304
67615.0,13,-6,302
67617.5,12,-7,306
67620.0,13,-8,304
67622.5,10,-6,301
67625.0,10,-8,303
67627.5,10,-7,303
67630.0,8,-8,304
67632.5,10,-7,304
67635.0,9,-9,300
67637.5,12,-10,303
67640.0,10,-8,303
67642.5,9,-7,303
67645.0,8,-6,304
67647.5,10,-9,302
67650.0,10,-9,300
67652.5,10,-9,300
67655.0,9,-8,304
67657.5,8,-7,310
67660.0,10,-9,304
67662.5,12,-5,301
67665.0,10,-6,303
67667.5,8,-5,310
67670.0,7,-5,300
67672.5,9,-9,306
67675.0,10,-8,307
67677.5,13,-9,305
67680.0,11,-8,305
67682.5,11,-8,303
67685.0,10,-10,302
67687.5,10,-7,303
67690.0,10,-6,302
67692.5,8,-6,301
67695.0,9,-8,302
67697.5,9,-6,302
67700.0,9,-6,304
67702.5,9,-6,304
67705.0,11,-8,303
67707.5,10,-7,303
67710.0,9,-7,301
67712.5,9,-8,302
67715.0,10,-6,301
67717.5,12,-9,306
67720.0,9,-5,303
67722.5,11,-7,301
67725.0,12,-7,302
67727.5,11,-9,300
67730.0,11,-8,304
67732.5,8,-7,304
67735.0,8,-8,304
67737.5,10,-7,302
67740.0,11,-7,305
67742.5,10,-7,304
67745.0,10,-8,302
67747.5,10,-7,303
67750.0,9,-8,304
67752.5,9,-8,304
67755.0,11,-8,301
67757.5,10,-7,306
67760.0,11,-7,306
67762.5,11,-8,304
67765.0,11,-7,302
67767.5,9,-3,299
67770.0,12,-4,303
67772.5,10,-8,303
67775.0,9,-8,304
67777.5,11,-9,304
67780.0,9,-5,301
67782.5,10,-9,303
67785.0,10,-8,302
67787.5,10,-5,304
67790.0,10,-7,304
67792.5,11,-8,300
67795.0,11,-8,303
67797.5,10,-11,304
67800.0,10,-8,304
67802.5,10,-8,304
67805.0,8,-8,308
67807.5,9,-8,303
67810.0,9,-10,306
67812.5,11,-7,300
67815.0,10,-6,301
67817.5,10,-6,305
67820.0,9,-6,305
67822.5,9,-7,304
67825.0,11,-9,307
67827.5,12,-10,302
67830.0,11,-7,302
67832.5,9,-7,301
67835.0,9,-9,301
67837.5,12,-7,302
67840.0,11,-9,302
67842.5,10,-9,305
67845.0,9,-5,303
67847.5,8,-8,303
67850.0,8,-5,304
67852.5,8,-5,304
67855.0,9,-9,302
67857.5,11,-9,305
67860.0,9,-7,303
67862.5,10,-8,300
67865.0,12,-6,301
67867.5,9,-9,303
67870.0,8,-6,301
67872.5,8,-6,300
67875.0,11,-6,304
67877.5,9,-7,301
67880.0,8,-7,306
67882.5,10,-9,302
67885.0,9,-10,303
67887.5,11,-8,305
67890.0,10,-7,304
67892.5,10,-10,304
67895.0,9,-7,302
67897.5,8,-9,302
67900.0,9,-10,304
67902.5,9,-10,304
67905.0,8,-9,303
67907.5,11,-8,303
67910.0,9,-4,300
67912.5,9,-3,301
67915.0,11,-8,304
67917.5,9,-8,302
67920.0,10,-6,304
67922.5,9,-7,306
67925.0,11,-6,306
67927.5,9,-8,305
67930.0,9,-8,301
67932.5,10,-9,305
67935.0,10,-7,305
67937.5,8,-8,304
67940.0,10,-9,302
67942.5,11,-8,303
67945.0,8,-6,302
67947.5,8,-7,302
67950.0,8,-7,302
67952.5,10,-11,303
67955.0,12,-12,303
67957.5,9,-7,304
67960.0,11,-8,302
67962.5,9,-6,303
67965.0,10,-8,304
67967.5,11,-9,307
67970.0,8,-6,304
67972.5,10,-6,301
67975.0,9,-9,302
67977.5,10,-7,305
67980.0,10,-7,301
67982.5,12,-8,306
67985.0,11,-8,301
67987.5,10,-6,301
67990.0,10,-8,301
67992.5,10,-7,302
67995.0,10,-10,307
67997.5,9,-11,307
68000.0,9,-11,307
68002.5,10,-9,306
68005.0,12,-6,304
68007.5,10,-8,303
68010.0,10,-5,304
68012.5,11,-8,301
68015.0,9,-9,303
68017.5,10,-8,301
68020.0,10,-9,305
68022.5,12,-5,305
68025.0,10,-4,302
68027.5,9,-9,301
68030.0,10,-7,302
68032.5,11,-6,302
68035.0,10,-10,301
68037.5,9,-9,302
68040.0,10,-8,307
68042.5,9,-7,304
68045.0,10,-10,303
68047.5,10,-8,303
68050.0,10,-8,303
68052.5,10,-8,301
68055.0,8,-7,303
68057.5,13,-8,303
68060.0,10,-5,308
68062.5,9,-6,299
68065.0,10,-7,303
68067.5,10,-7,310
68070.0,10,-10,302
68072.5,11,-7,305
68075.0,11,-10,308
68077.5,11,-9,305
68080.0,10,-7,301
68082.5,9,-7,302
68085.0,9,-6,306
68087.5,10,-8,304
68090.0,9,-8,303
68092.5,10,-9,304
68095.0,12,-10,303
68097.5,11,-8,301
68100.0,11,-8,301
68102.5,8,-7,303
68105.0,8,-7,301
68107.5,11,-8,307
68110.0,12,-9,302
68112.5,12,-5,300
68115.0,10,-6,303
68117.5,12,-9,302
68120.0,10,-9,302
68122.5,11,-7,301
68125.0,9,-7,306
68127.5,10,-8,303
68130.0,9,-8,306
68132.5,13,-8,303
68135.0,8,-8,302
68137.5,9,-7,305
68140.0,10,-8,305
68142.5,9,-9,302
68145.0,8,-8,305
68147.5,11,-9,301
68150.0,11,-9,301
68152.5,8,-8,302
68155.0,10,-6,301
68157.5,9,-7,303
68160.0,10,-7,301
68162.5,10,-10,304
68165.0,9,-9,304
68167.5,9,-7,301
68170.0,12,-10,304
68172.5,9,-7,303
68175.0,8,-3,300
68177.5,11,-7,299
68180.0,10,-9,302
68182.5,11,-10,304
68185.0,10,-8,303
68187.5,11,-8,303
68190.0,10,-6,302
68192.5,11,-9,304
68195.0,9,-9,303
68197.5,8,-8,303
68200.0,8,-8,303
68202.5,12,-7,306
68205.0,9,-11,307
68207.5,10,-5,304
68210.0,10,-10,304
68212.5,11,-10,300
68215.0,10,-5,299
68217.5,12,-6,305
68220.0,8,-5,303
68222.5,6,-4,302
68225.0,8,-8,305
68227.5,11,-8,303
68230.0,10,-7,302
68232.5,9,-8,303
68235.0,11,-9,301
68237.5,9,-8,303
68240.0,10,-8,306
68242.5,9,-8,303
68245.0,10,-11,304
68247.5,8,-9,306
68250.0,8,-9,306
68252.5,11,-7,301
68255.0,11,-6,302
68257.5,11,-7,305
68260.0,11,-4,303
68262.5,8,-5,304
68265.0,11,-7,307
68267.5,11,-6,301
68270.0,11,-8,302
68272.5,10,-9,304
68275.0,9,-8,300
68277.5,10,-9,305
68280.0,9,-8,303
68282.5,10,-9,305
68285.0,7,-8,305
68287.5,11,-7,302
68290.0,11,-10,304
68292.5,11,-8,301
68295.0,9,-9,302
68297.5,8,-7,303
68300.0,8,-7,303
68302.5,9,-8,308
68305.0,10,-9,304
68307.5,8,-8,305
68310.0,9,-3,305
68312.5,10,-6,301
68315.0,7,-7,303
68317.5,8,-5,302
68320.0,9,-7,304
68322.5,8,-3,305
68325.0,8,-9,302
68327.5,10,-9,304
68330.0,8,-7,303
68332.5,10,-9,303
68335.0,9,-7,302
68337.5,11,-8,304
68340.0,10,-8,303
68342.5,10,-9,305
68345.0,10,-9,306
68347.5,10,-6,302
68350.0,10,-6,302
68352.5,11,-8,301
68355.0,9,-7,304
68357.5,9,-6,303
68360.0,11,-8,302
68362.5,10,-6,304
68365.0,11,-10,307
68367.5,11,-8,304
68370.0,13,-7,305
68372.5,10,-6,304
68375.0,10,-8,303
68377.5,9,-6,301
68380.0,9,-8,302
68382.5,10,-7,304
68385.0,11,-7,301
68387.5,11,-7,301
68390.0,8,-6,303
68392.5,9,-8,304
68395.0,8,-8,305
68397.5,9,-8,302
68400.0,9,-8,302
68402.5,11,-8,305
68405.0,11,-5,303
68407.5,9,-4,303
68410.0,10,-6,305
68412.5,10,-6,304
68415.0,10,-4,305
68417.5,8,-9,304
68420.0,9,-7,304
68422.5,10,-7,300
68425.0,9,-9,301
68427.5,9,-7,303
68430.0,8,-7,304
68432.5,11,-10,300
68435.0,8,-6,303
68437.5,8,-7,302
68440.0,10,-6,304
68442.5,10,-9,306
68445.0,12,-9,303
68447.5,12,-9,303
68450.0,11,-9,303
68452.5,10,-6,304
68455.0,9,-9,301
68457.5,9,-6,305
68460.0,9,-6,307
68462.5,11,-8,308
68465.0,11,-7,304
68467.5,13,-10,301
68470.0,11,-7,303
68472.5,9,-5,302
68475.0,13,-9,303
68477.5,10,-8,303
68480.0,10,-9,302
68482.5,12,-11,303
68485.0,11,-7,301
68487.5,9,-7,301
68490.0,9,-8,302
68492.5,9,-8,302
68495.0,8,-9,302
68497.5,8,-9,302
68500.0,10,-7,302
68502.5,9,-8,304
68505.0,12,-8,303
68507.5,11,-9,302
68510.0,9,-4,301
68512.5,11,-7,305
68515.0,9,-9,299
68517.5,9,-4,306
68520.0,10,-5,305
68522.5,9,-5,304
68525.0,10,-8,305
68527.5,13,-8,301
68530.0,7,-7,301
68532.5,10,-7,304
68535.0,9,-7,303
68537.5,8,-8,305
68540.0,10,-9,301
68542.5,10,-8,302
68545.0,11,-9,306
68547.5,11,-9,306
68550.0,8,-8,302
68552.5,9,-7,303
68555.0,12,-7,300
68557.5,12,-7,300
68560.0,8,-7,305
68562.5,9,-6,305
68565.0,10,-7,305
68567.5,11,-9,304
68570.0,10,-9,304
68572.5,9,-4,304
68575.0,10,-6,302
68577.5,11,-6,303
68580.0,9,-8,303
68582.5,11,-8,301
68585.0,9,-9,303
68587.5,10,-9,301
68590.0,10,-8,303
68592.5,10,-6,300
68595.0,11,-9,302
68597.5,11,-9,302
68600.0,12,-7,304
68602.5,9,-7,303
68605.0,10,-6,305
68607.5,12,-7,302
68610.0,12,-8,302
68612.5,11,-8,303
68615.0,11,-6,302
68617.5,10,-7,303
68620.0,9,-7,301
68622.5,11,-9,303
68625.0,9,-8,301
68627.5,11,-9,303
68630.0,10,-9,304
68632.5,10,-7,304
68635.0,10,-8,302
68637.5,10,-6,304
68640.0,9,-6,303
68642.5,9,-10,302
68645.0,8,-8,305
68647.5,8,-8,305
68650.0,10,-9,302
68652.5,10,-7,305
68655.0,11,-10,304
68657.5,12,-6,301
68660.0,10,-5,302
68662.5,11,-6,303
68665.0,8,-7,303
68667.5,10,-8,304
68670.0,9,-6,305
68672.5,8,-9,306
68675.0,12,-8,304
68677.5,9,-6,305
68680.0,10,-8,304
68682.5,11,-10,302
68685.0,10,-6,304
68687.5,10,-9,302
68690.0,9,-9,303
68692.5,9,-8,305
68695.0,10,-7,304
68697.5,10,-7,304
68700.0,9,-8,302
68702.5,10,-10,302
68705.0,11,-7,306
68707.5,9,-9,303
68710.0,9,-7,302
68712.5,9,-4,303
68715.0,11,-9,304
68717.5,10,-8,304
68720.0,10,-8,305
68722.5,10,-7,301
68725.0,8,-8,302
68727.5,8,-6,303
68730.0,9,-9,300
68732.5,11,-9,300
68735.0,12,-11,305
68737.5,9,-9,303
68740.0,9,-9,304
68742.5,9,-4,304
68745.0,10,-7,303
68747.5,10,-7,303
68750.0,10,-10,301
68752.5,8,-9,305
68755.0,11,-8,306
68757.5,9,-6,304
68760.0,13,-8,303
68762.5,10,-9,306
68765.0,9,-6,302
68767.5,10,-8,298
68770.0,11,-6,306
68772.5,9,-10,303
68775.0,10,-8,300
68777.5,10,-9,304
68780.0,9,-8,302
68782.5,10,-8,302
68785.0,12,-9,302
68787.5,11,-9,302
68790.0,11,-7,300
68792.5,9,-4,300
68795.0,8,-8,304
68797.5,8,-8,304
68800.0,10,-10,307
68802.5,9,-10,306
68805.0,12,-6,305
68807.5,8,-8,304
68810.0,9,-8,305
68812.5,10,-8,304
68815.0,10,-5,301
68817.5,12,-5,304
68820.0,9,-8,304
68822.5,10,-8,302
68825.0,10,-6,303
68827.5,10,-7,303
68830.0,9,-7,305
68832.5,9,-6,305
68835.0,9,-8,301
68837.5,10,-8,302
68840.0,11,-9,303
68842.5,11,-8,305
68845.0,11,-8,305
68847.5,9,-7,304
68850.0,10,-5,301
68852.5,10,-7,304
68855.0,11,-7,302
68857.5,12,-8,304
68860.0,11,-5,303
68862.5,11,-7,306
68865.0,9,-9,303
68867.5,10,-5,302
68870.0,12,-8,300
68872.5,9,-8,303
68875.0,11,-7,304
68877.5,11,-7,301
68880.0,9,-9,304
68882.5,9,-9,305
68885.0,10,-8,303
68887.5,11,-9,304
68890.0,8,-11,302
68892.5,8,-8,303
68895.0,8,-8,303
68897.5,9,-8,301
68900.0,10,-7,305
68902.5,10,-7,302
68905.0,13,-7,303
68907.5,9,-6,304
68910.0,13,-7,305
68912.5,11,-6,304
68915.0,12,-7,304
68917.5,10,-4,305
68920.0,11,-10,302
68922.5,9,-5,302
68925.0,8,-6,306
68927.5,10,-8,302
68930.0,10,-8,307
68932.5,9,-9,302
68935.0,11,-8,301
68937.5,10,-9,302
68940.0,10,-6,304
68942.5,10,-8,303
68945.0,10,-8,303
68947.5,10,-7,303
68950.0,10,-9,304
68952.5,8,-8,302
68955.0,10,-7,301
68957.5,12,-8,302
68960.0,11,-5,305
68962.5,8,-6,300
68965.0,11,-8,302
68967.5,7,-4,303
68970.0,9,-6,302
68972.5,9,-7,303
68975.0,11,-6,305
68977.5,10,-10,303
68980.0,9,-8,302
68982.5,8,-8,304
68985.0,10,-9,301
68987.5,11,-11,304
68990.0,8,-6,302
68992.5,8,-8,301
68995.0,8,-8,301
68997.5,10,-10,304
69000.0,10,-10,306
69002.5,9,-9,303
69005.0,10,-7,306
69007.5,11,-7,304
69010.0,11,-7,305
69012.5,11,-7,303
69015.0,11,-9,303
69017.5,11,-8,303
69020.0,12,-8,304
69022.5,11,-8,306
69025.0,10,-6,304
69027.5,11,-7,304
69030.0,9,-7,304
69032.5,8,-8,301
69035.0,10,-8,302
69037.5,9,-9,306
69040.0,10,-8,302
69042.5,12,-9,305
69045.0,12,-9,305
69047.5,11,-6,301
69050.0,10,-5,301
69052.5,12,-11,302
69055.0,13,-10,306
69057.5,9,-8,306
69060.0,10,-4,305
69062.5,11,-5,309
69065.0,10,-10,306
69067.5,10,-4,301
69070.0,8,-6,303
69072.5,10,-7,300
69075.0,12,-8,303
69077.5,9,-4,302
69080.0,7,-8,305
69082.5,10,-8,304
69085.0,9,-8,303
69087.5,10,-7,301
69090.0,10,-9,303
69092.5,10,-9,304
69095.0,10,-9,304
69097.5,10,-8,303
69100.0,11,-6,301
69102.5,10,-7,303
69105.0,9,-7,308
69107.5,10,-5,305
69110.0,9,-6,304
69112.5,11,-9,304
69115.0,11,-9,303
69117.5,10,-6,301
69120.0,9,-8,304
69122.5,11,-7,301
69125.0,8,-7,302
69127.5,9,-7,303
69130.0,10,-8,303
69132.5,11,-7,303
69135.0,10,-8,305
69137.5,8,-8,304
69140.0,11,-9,305
69142.5,9,-8,303
69145.0,9,-8,303
69147.5,7,-7,304
69150.0,9,-6,300
69152.5,11,-4,303
69155.0,8,-4,308
69157.5,9,-7,306
69160.0,11,-9,303
69162.5,10,-9,307
69165.0,11,-7,299
69167.5,11,-8,300
69170.0,10,-6,302
69172.5,11,-7,303
69175.0,9,-9,300
69177.5,9,-8,303
69180.0,10,-12,304
69182.5,10,-9,304
69185.0,9,-9,300
69187.5,9,-4,302
69190.0,11,-8,303
69192.5,11,-8,303
69195.0,8,-9,308
69197.5,10,-8,302
69200.0,9,-7,303
69202.5,9,-5,301
69205.0,8,-7,304
69207.5,9,-6,306
69210.0,8,-6,302
69212.5,12,-8,301
69215.0,10,-8,306
69217.5,11,-9,300
69220.0,10,-7,304
69222.5,10,-6,303
69225.0,9,-9,301
69227.5,10,-6,305
69230.0,11,-8,303
69232.5,9,-5,302
69235.0,9,-8,303
69237.5,11,-7,303
69240.0,10,-9,302
69242.5,10,-9,302
69245.0,9,-7,303
69247.5,10,-8,302
69250.0,11,-6,303
69252.5,11,-9,304
69255.0,8,-8,305
69257.5,11,-6,306
69260.0,12,-9,303
69262.5,11,-6,305
69265.0,12,-9,303
69267.5,11,-11,302
69270.0,9,-6,301
69272.5,11,-6,304
69275.0,8,-8,302
69277.5,12,-6,305
69280.0,9,-8,305
69282.5,9,-9,306
69285.0,11,-8,305
69287.5,10,-5,304
69290.0,12,-6,306
69292.5,12,-6,306
69295.0,11,-9,309
69297.5,10,-7,303
69300.0,8,-6,303
69302.5,12,-9,299
69305.0,11,-6,304
69307.5,10,-6,301
69310.0,10,-9,305
69312.5,10,-5,305
69315.0,11,-9,299
69317.5,8,-8,303
69320.0,10,-8,302
69322.5,12,-9,306
69325.0,8,-8,304
69327.5,11,-9,303
69330.0,10,-10,307
69332.5,10,-8,304
69335.0,11,-7,304
69337.5,9,-8,302
69340.0,11,-8,302
69342.5,11,-8,302
69345.0,10,-10,306
69347.5,9,-6,302
69350.0,10,-7,303
69352.5,14,-10,303
69355.0,11,-8,305
69357.5,11,-6,303
69360.0,12,-7,302
69362.5,10,-6,305
69365.0,12,-7,304
69367.5,10,-9,302
69370.0,11,-7,300
69372.5,10,-9,301
69375.0,9,-7,304
69377.5,9,-8,304
69380.0,9,-8,302
69382.5,9,-10,306
69385.0,11,-8,303
69387.5,11,-8,301
69390.0,11,-10,304
69392.5,11,-10,304
69395.0,7,-6,306
69397.5,10,-6,300
69400.0,11,-9,305
69402.5,13,-6,304
69405.0,11,-11,309
69407.5,11,-8,307
69410.0,11,-5,301
69412.5,9,-7,304
69415.0,11,-6,302
69417.5,10,-7,301
69420.0,9,-8,301
69422.5,9,-9,304
69425.0,9,-6,301
69427.5,9,-7,301
69430.0,9,-8,305
69432.5,11,-9,304
69435.0,11,-9,305
69437.5,10,-6,303
69440.0,10,-7,306
69442.5,10,-7,306
69445.0,10,-7,305
69447.5,10,-9,302
69450.0,8,-8,305
69452.5,12,-8,305
69455.0,10,-8,304
69457.5,11,-5,306
69460.0,10,-5,303
69462.5,12,-9,303
69465.0,9,-7,299
69467.5,10,-8,302
69470.0,10,-8,301
69472.5,10,-8,304
69475.0,11,-8,304
69477.5,9,-9,305
69480.0,9,-9,304
69482.5,10,-10,302
69485.0,10,-8,304
69487.5,9,-8,300
69490.0,9,-8,300
69492.5,10,-11,304
69495.0,10,-8,303
69497.5,11,-10,304
69500.0,11,-8,300
69502.5,13,-6,305
69505.0,12,-8,305
69507.5,11,-6,304
69510.0,12,-8,303
69512.5,8,-6,302
69515.0,9,-7,301
69517.5,8,-7,301
69520.0,9,-9,301
69522.5,11,-7,303
69525.0,11,-7,304
69527.5,11,-7,300
69530.0,10,-6,303
69532.5,10,-4,304
69535.0,10,-10,303
69537.5,9,-9,305
69540.0,9,-9,305
69542.5,8,-7,304
69545.0,11,-9,307
69547.5,10,-9,308
69550.0,8,-9,304
69552.5,10,-8,302
69555.0,10,-7,303
69557.5,11,-7,302
69560.0,8,-5,302
69562.5,8,-7,305
69565.0,9,-9,303
69567.5,8,-6,303
69570.0,10,-8,304
69572.5,10,-6,302
69575.0,9,-6,302
69577.5,7,-6,300
69580.0,10,-7,304
69582.5,11,-9,301
69585.0,9,-8,304
69587.5,10,-8,304
69590.0,10,-8,304
69592.5,9,-6,303
69595.0,9,-8,300
69597.5,11,-7,305
69600.0,10,-8,304
69602.5,9,-8,304
69605.0,10,-8,302
69607.5,11,-7,307
69610.0,11,-9,303
69612.5,8,-6,302
69615.0,11,-9,300
69617.5,10,-9,303
69620.0,10,-5,304
69622.5,11,-5,303
69625.0,9,-9,302
69627.5,10,-6,303
69630.0,10,-7,304
69632.5,11,-8,305
69635.0,8,-10,305
69637.5,11,-8,305
69640.0,11,-8,305
69642.5,10,-8,302
69645.0,9,-8,301
69647.5,11,-7,306
69650.0,12,-7,301
69652.5,10,-6,303
69655.0,9,-8,303
69657.5,9,-7,304
69660.0,9,-8,305
69662.5,11,-4,302
69665.0,8,-5,302
69667.5,9,-6,299
69670.0,13,-9,301
69672.5,11,-7,306
69675.0,9,-10,303
69677.5,9,-9,305
69680.0,10,-8,303
69682.5,9,-7,302
69685.0,10,-8,302
69687.5,9,-8,304
69690.0,9,-8,304
69692.5,8,-7,305
69695.0,8,-3,304
69697.5,11,-7,305
69700.0,12,-8,303
69702.5,11,-7,301
69705.0,11,-7,303
69707.5,12,-5,302
69710.0,10,-9,303
69712.5,9,-7,305
69715.0,8,-6,302
69717.5,11,-6,302
69720.0,9,-6,303
69722.5,7,-6,305
69725.0,6,-7,303
69727.5,10,-9,303
69730.0,10,-9,300
69732.5,8,-9,301
69735.0,9,-7,303
69737.5,9,-8,303
69740.0,9,-8,303
69742.5,9,-8,301
69745.0,8,-7,304
69747.5,9,-6,308
69750.0,11,-6,303
69752.5,11,-9,305
69755.0,11,-7,302
69757.5,11,-4,302
69760.0,9,-6,302
69762.5,7,-6,305
69765.0,7,-7,304
69767.5,11,-9,306
69770.0,12,-8,301
69772.5,10,-9,305
69775.0,8,-9,302
69777.5,9,-7,304
69780.0,11,-8,304
69782.5,10,-6,302
69785.0,9,-9,304
69787.5,9,-9,302
69790.0,9,-9,302
69792.5,10,-9,302
69795.0,11,-9,304
69797.5,10,-8,302
69800.0,9,-6,303
69802.5,7,-8,304
69805.0,11,-6,301
69807.5,10,-2,300
69810.0,9,-6,303
69812.5,11,-7,305
69815.0,10,-9,304
69817.5,12,-6,306
69820.0,9,-8,302
69822.5,11,-8,303
69825.0,10,-8,304
69827.5,10,-8,304
69830.0,11,-8,301
69832.5,8,-9,300
69835.0,10,-8,303
69837.5,8,-9,303
69840.0,8,-9,303
69842.5,9,-8,304
69845.0,10,-8,304
69847.5,11,-7,301
69850.0,9,-7,305
69852.5,11,-11,306
69855.0,10,-10,303
69857.5,12,-7,297
69860.0,13,-7,306
69862.5,10,-9,303
69865.0,9,-5,304
69867.5,11,-8,304
69870.0,8,-7,303
69872.5,10,-7,304
69875.0,9,-9,303
69877.5,11,-9,303
69880.0,9,-7,302
69882.5,10,-7,303
69885.0,9,-10,305
69887.5,9,-10,305
69890.0,9,-7,304
69892.5,10,-7,306
69895.0,10,-9,306
69897.5,12,-4,304
69900.0,10,-6,301
69902.5,9,-6,304
69905.0,10,-5,305
69907.5,9,-10,304
69910.0,10,-8,307
69912.5,10,-7,304
69915.0,10,-9,304
69917.5,9,-8,306
69920.0,9,-8,302
69922.5,9,-7,304
69925.0,11,-6,302
69927.5,10,-9,305
69930.0,12,-9,305
69932.5,11,-10,304
69935.0,11,-10,300
69937.5,11,-10,300
69940.0,9,-8,302
69942.5,9,-9,305
69945.0,9,-9,303
69947.5,9,-7,303
69950.0,8,-5,303
69952.5,11,-7,302
69955.0,10,-8,301
69957.5,10,-7,301
69960.0,9,-6,305
69962.5,9,-8,306
69965.0,10,-8,303
69967.5,10,-6,306
69970.0,11,-8,303
69972.5,11,-7,305
69975.0,11,-4,302
69977.5,9,-9,304
69980.0,9,-6,302
69982.5,10,-6,306
69985.0,11,-8,306
69987.5,11,-8,306
69990.0,10,-9,307
69992.5,10,-6,302
69995.0,11,-5,303
69997.5,10,-6,302
70000.0,8,-7,308
70002.5,8,-7,304
70005.0,11,-8,304
70007.5,12,-9,303
70010.0,11,-11,304
70012.5,9,-9,303
70015.0,12,-5,304
70017.5,9,-6,305
70020.0,11,-10,302
70022.5,10,-9,303
70025.0,10,-7,305
70027.5,10,-8,299
70030.0,11,-9,305
70032.5,11,-8,304
70035.0,10,-8,304
70037.5,10,-8,304
70040.0,10,-10,307
70042.5,9,-8,302
70045.0,9,-8,304
70047.5,12,-8,309
70050.0,10,-7,306
70052.5,10,-8,305
70055.0,9,-7,302
70057.5,11,-6,304
70060.0,12,-7,301
70062.5,9,-5,304
70065.0,9,-8,302
70067.5,12,-8,306
70070.0,9,-8,303
70072.5,9,-8,305
70075.0,9,-7,305
70077.5,10,-7,301
70080.0,9,-8,302
70082.5,9,-9,303
70085.0,10,-10,306
70087.5,10,-10,306
70090.0,8,-5,305
70092.5,9,-6,306
70095.0,11,-6,303
70097.5,10,-9,301
70100.0,9,-8,303
70102.5,11,-9,306
70105.0,10,-7,305
70107.5,9,-8,304
70110.0,10,-7,305
70112.5,10,-9,304
70115.0,9,-9,302
70117.5,12,-8,305
70120.0,7,-8,303
70122.5,10,-10,303
70125.0,7,-7,303
70127.5,9,-7,302
70130.0,9,-8,302
70132.5,9,-10,300
70135.0,9,-11,301
70137.5,9,-11,301
70140.0,9,-8,304
70142.5,10,-8,305
70145.0,9,-8,305
70147.5,10,-9,305
70150.0,11,-7,303
70152.5,10,-7,306
70155.0,10,-8,306
70157.5,10,-8,305
70160.0,11,-6,306
70162.5,14,-9,300
70165.0,11,-6,302
70167.5,9,-8,305
70170.0,10,-8,304
70172.5,7,-7,300
70175.0,11,-9,303
70177.5,12,-11,303
70180.0,9,-7,305
70182.5,8,-9,302
70185.0,9,-7,303
70187.5,9,-7,303
70190.0,13,-7,303
70192.5,7,-9,304
70195.0,9,-7,306
70197.5,9,-5,304
70200.0,11,-8,305
70202.5,11,-6,302
70205.0,10,-6,298
70207.5,11,-10,300
70210.0,10,-7,307
70212.5,12,-10,304
70215.0,9,-8,304
70217.5,9,-7,304
70220.0,10,-8,302
70222.5,8,-8,302
70225.0,10,-9,304
70227.5,10,-10,304
70230.0,9,-9,305
70232.5,10,-11,300
70235.0,10,-10,305
70237.5,10,-10,305
70240.0,9,-8,302
70242.5,11,-8,303
70245.0,10,-9,304
70247.5,13,-10,302
70250.0,10,-7,306
70252.5,10,-4,308
70255.0,10,-8,302
70257.5,11,-6,303
70260.0,10,-7,306
70262.5,11,-8,302
70265.0,9,-10,301
70267.5,7,-9,305
70270.0,11,-9,306
70272.5,11,-5,301
70275.0,10,-8,303
70277.5,11,-9,304
70280.0,11,-8,304
70282.5,9,-8,306
70285.0,8,-8,303
70287.5,8,-8,303
70290.0,9,-9,302
70292.5,11,-8,301
70295.0,10,-7,301
70297.5,11,-8,304
70300.0,11,-10,301
70302.5,10,-5,304
70305.0,11,-8,303
70307.5,8,-8,302
70310.0,11,-7,305
70312.5,10,-10,302
70315.0,10,-8,299
70317.5,10,-6,302
70320.0,9,-7,304
70322.5,10,-10,301
70325.0,10,-9,304
70327.5,11,-11,304
70330.0,10,-7,304
70332.5,11,-8,304
70335.0,10,-10,306
70337.5,10,-10,306
70340.0,9,-9,303
70342.5,9,-9,301
70345.0,11,-8,300
70347.5,10,-7,305
70350.0,9,-9,306
70352.5,13,-8,305
70355.0,9,-6,299
70357.5,10,-9,302
70360.0,10,-6,304
70362.5,10,-8,304
70365.0,11,-6,307
70367.5,10,-8,303
70370.0,10,-7,308
70372.5,12,-10,306
70375.0,10,-6,304
70377.5,12,-8,304
70380.0,9,-10,301
70382.5,9,-9,301
70385.0,9,-9,301
70387.5,9,-8,303
70390.0,10,-7,304
70392.5,12,-9,306
70395.0,13,-6,305
70397.5,14,-7,302
70400.0,9,-7,304
70402.5,11,-10,303
70405.0,12,-9,301
70407.5,12,-8,304
70410.0,10,-6,303
70412.5,9,-8,301
70415.0,9,-6,306
70417.5,10,-6,301
70420.0,11,-8,305
70422.5,8,-7,304
70425.0,7,-8,301
70427.5,9,-9,304
70430.0,9,-9,301
70432.5,8,-7,305
70435.0,8,-7,305
70437.5,8,-8,305
70440.0,11,-9,305
70442.5,11,-7,302
70445.0,11,-9,305
70447.5,9,-5,301
70450.0,9,-6,303
70452.5,11,-5,302
70455.0,10,-11,306
70457.5,10,-8,303
70460.0,10,-6,306
70462.5,9,-8,302
70465.0,11,-9,302
70467.5,10,-8,298
70470.0,12,-8,302
70472.5,10,-9,305
70475.0,11,-9,305
70477.5,8,-5,304
70480.0,11,-9,300
70482.5,9,-7,302
70485.0,9,-7,302
70487.5,11,-8,304
70490.0,10,-6,301
70492.5,9,-9,303
70495.0,12,-9,303
70497.5,12,-7,300
70500.0,11,-6,307
70502.5,12,-8,303
70505.0,10,-7,304
70507.5,10,-7,299
70510.0,9,-6,304
70512.5,10,-8,303
70515.0,9,-7,302
70517.5,9,-9,302
70520.0,11,-9,305
70522.5,8,-6,305
70525.0,10,-9,302
70527.5,11,-8,304
70530.0,8,-8,309
70532.5,9,-12,302
70535.0,9,-12,302
70537.5,11,-9,305
70540.0,10,-6,306
70542.5,9,-7,303
70545.0,11,-8,301
70547.5,8,-6,302
70550.0,10,-6,304
70552.5,8,-8,302
70555.0,9,-9,302
70557.5,9,-7,305
70560.0,12,-10,305
70562.5,11,-8,303
70565.0,9,-7,305
70567.5,11,-5,301
70570.0,10,-8,304
70572.5,10,-7,305
70575.0,10,-8,301
70577.5,13,-8,303
70580.0,11,-10,306
70582.5,8,-7,302
70585.0,8,-7,302
70587.5,12,-8,305
70590.0,11,-8,299
70592.5,11,-8,305
70595.0,9,-5,302
70597.5,9,-7,305
70600.0,11,-8,302
70602.5,13,-9,304
70605.0,11,-6,303
70607.5,10,-4,301
70610.0,13,-8,301
70612.5,12,-8,302
70615.0,10,-7,303
70617.5,9,-9,300
70620.0,8,-8,303
70622.5,12,-9,303
70625.0,9,-8,303
70627.5,10,-9,302
70630.0,11,-9,302
70632.5,10,-8,303
70635.0,10,-8,303
70637.5,10,-6,302
70640.0,9,-6,306
70642.5,9,-9,298
70645.0,11,-6,304
70647.5,10,-8,308
70650.0,9,-6,308
70652.5,10,-7,305
70655.0,9,-9,308
70657.5,10,-8,306
70660.0,10,-9,303
70662.5,10,-8,302
70665.0,11,-7,301
70667.5,12,-10,302
70670.0,9,-9,302
70672.5,11,-10,304
70675.0,10,-8,305
70677.5,9,-8,304
70680.0,9,-9,305
70682.5,10,-9,303
70685.0,10,-9,303
70687.5,10,-9,299
70690.0,8,-6,305
70692.5,11,-5,301
70695.0,7,-6,305
70697.5,13,-10,300
70700.0,12,-7,302
70702.5,9,-8,299
70705.0,9,-6,303
70707.5,9,-7,303
70710.0,8,-7,301
70712.5,8,-6,304
70715.0,10,-9,306
70717.5,11,-8,303
70720.0,10,-6,304
70722.5,11,-11,304
70725.0,10,-9,305
70727.5,11,-8,303
70730.0,9,-7,304
70732.5,12,-8,304
70735.0,12,-8,304
70737.5,9,-6,304
70740.0,11,-8,304
70742.5,11,-7,303
70745.0,9,-7,305
70747.5,10,-9,302
70750.0,11,-9,304
70752.5,10,-6,303
70755.0,10,-6,302
70757.5,9,-7,302
70760.0,9,-8,298
70762.5,9,-7,303
70765.0,9,-7,305
70767.5,7,-8,303
70770.0,9,-9,306
70772.5,10,-8,304
70775.0,10,-8,303
70777.5,12,-9,303
70780.0,8,-9,302
70782.5,8,-9,302
70785.0,10,-8,302
70787.5,8,-8,302
70790.0,8,-9,309
70792.5,10,-7,305
70795.0,10,-8,304
70797.5,10,-9,306
70800.0,12,-8,305
70802.5,9,-7,302
70805.0,12,-5,302
70807.5,12,-9,301
70810.0,10,-9,303
70812.5,10,-5,306
70815.0,10,-7,303
70817.5,10,-7,300
70820.0,10,-9,303
70822.5,10,-7,303
70825.0,10,-8,304
70827.5,10,-6,302
70830.0,10,-7,301
70832.5,10,-7,301
70835.0,9,-8,306
70837.5,12,-8,305
70840.0,9,-9,305
70842.5,11,-6,301
70845.0,11,-8,303
70847.5,13,-8,308
70850.0,10,-6,303
70852.5,11,-8,300
70855.0,10,-8,303
70857.5,11,-8,303
70860.0,11,-9,304
70862.5,10,-7,304
70865.0,10,-9,301
70867.5,10,-8,301
70870.0,11,-10,304
70872.5,10,-9,304
70875.0,7,-7,303
70877.5,7,-7,303
70880.0,10,-8,303
70882.5,10,-8,303
70885.0,8,-9,307
70887.5,10,-9,303
70890.0,8,-8,301
70892.5,10,-8,304
70895.0,12,-9,305
70897.5,11,-6,303
70900.0,12,-8,301
70902.5,9,-7,303
70905.0,10,-6,302
70907.5,9,-6,305
70910.0,12,-6,304
70912.5,9,-8,303
70915.0,9,-10,303
70917.5,10,-10,301
70920.0,10,-8,303
70922.5,10,-8,302
70925.0,9,-8,303
70927.5,6,-7,299
70930.0,10,-9,301
70932.5,10,-9,301
70935.0,8,-6,304
70937.5,10,-9,304
70940.0,12,-9,302
70942.5,11,-8,303
70945.0,12,-6,300
70947.5,12,-5,304
70950.0,12,-8,303
70952.5,10,-8,304
70955.0,10,-7,303
70957.5,10,-8,301
70960.0,9,-8,306
70962.5,12,-9,305
70965.0,9,-8,304
70967.5,11,-8,303
70970.0,9,-9,302
70972.5,11,-7,300
70975.0,10,-8,303
70977.5,8,-7,304
70980.0,11,-7,301
70982.5,11,-7,301
70985.0,10,-9,306
70987.5,7,-8,306
70990.0,8,-6,303
70992.5,10,-9,301
70995.0,10,-5,300
70997.5,9,-6,305
71000.0,8,-6,304
71002.5,12,-6,306
71005.0,10,-8,307
71007.5,10,-11,304
71010.0,11,-8,304
71012.5,11,-8,303
71015.0,9,-10,305
71017.5,11,-8,304
71020.0,9,-8,304
71022.5,10,-9,306
71025.0,9,-7,305
71027.5,9,-8,300
71030.0,10,-8,302
71032.5,10,-8,302
71035.0,10,-10,303
71037.5,11,-7,303
71040.0,13,-5,305
71042.5,9,-5,301
71045.0,8,-7,302
71047.5,9,-6,304
71050.0,10,-9,304
71052.5,9,-8,303
71055.0,10,-7,307
71057.5,8,-7,302
71060.0,9,-6,300
71062.5,8,-8,300
71065.0,10,-8,303
71067.5,10,-7,303
71070.0,9,-9,298
71072.5,10,-9,302
71075.0,10,-8,303
71077.5,11,-9,303
71080.0,11,-8,304
71082.5,11,-8,304
71085.0,8,-6,301
71087.5,8,-7,304
71090.0,10,-3,299
71092.5,8,-6,309
71095.0,10,-7,303
71097.5,8,-5,301
71100.0,8,-5,305
71102.5,9,-6,308
71105.0,8,-6,303
71107.5,10,-9,304
71110.0,12,-10,300
71112.5,9,-6,303
71115.0,10,-8,302
71117.5,9,-9,304
71120.0,10,-8,304
71122.5,10,-8,304
71125.0,11,-9,301
71127.5,11,-7,301
71130.0,11,-7,301
71132.5,9,-8,307
71135.0,10,-8,302
71137.5,8,-7,303
71140.0,9,-7,303
71142.5,9,-8,303
71145.0,7,-7,305
71147.5,10,-6,305
71150.0,10,-7,303
71152.5,9,-4,306
71155.0,10,-8,303
71157.5,10,-8,301
71160.0,9,-6,305
71162.5,10,-7,306
71165.0,10,-8,305
71167.5,9,-7,303
71170.0,10,-9,301
71172.5,9,-7,302
71175.0,11,-8,303
71177.5,9,-7,300
71180.0,9,-7,300
71182.5,10,-9,303
71185.0,12,-9,303
71187.5,10,-7,302
71190.0,10,-4,303
71192.5,9,-3,301
71195.0,11,-7,303
71197.5,10,-7,303
71200.0,11,-8,304
71202.5,12,-9,306
71205.0,11,-8,302
71207.5,10,-10,303
71210.0,11,-8,304
71212.5,11,-6,302
71215.0,11,-8,303
71217.5,9,-7,305
71220.0,11,-9,304
71222.5,10,-3,302
71225.0,12,-10,302
71227.5,12,-10,304
71230.0,12,-10,304
71232.5,10,-7,302
71235.0,9,-8,302
71237.5,8,-8,303
71240.0,8,-7,303
71242.5,10,-7,301
71245.0,12,-6,301
71247.5,9,-7,303
71250.0,8,-4,304
71252.5,9,-8,304
71255.0,10,-9,302
71257.5,10,-7,302
71260.0,12,-10,303
71262.5,10,-8,303
71265.0,11,-7,305
71267.5,10,-8,304
71270.0,11,-9,304
71272.5,8,-7,300
71275.0,8,-9,304
71277.5,10,-10,304
71280.0,10,-10,304
71282.5,8,-7,303
71285.0,10,-9,305
71287.5,8,-8,306
71290.0,9,-6,308
71292.5,9,-7,304
71295.0,10,-7,302
71297.5,11,-4,309
71300.0,10,-8,308
71302.5,7,-7,303
71305.0,10,-7,305
71307.5,9,-9,303
71310.0,10,-8,303
71312.5,10,-8,306
71315.0,10,-7,305
71317.5,11,-9,299
71320.0,10,-8,303
71322.5,10,-9,305
71325.0,10,-6,305
71327.5,10,-9,304
71330.0,10,-9,304
71332.5,12,-8,298
71335.0,11,-8,303
71337.5,9,-7,302
71340.0,11,-4,305
71342.5,11,-10,301
71345.0,12,-7,306
71347.5,10,-6,304
71350.0,11,-7,303
71352.5,11,-6,305
71355.0,8,-6,303
71357.5,8,-7,304
71360.0,8,-6,302
71362.5,8,-10,302
71365.0,10,-7,304
71367.5,12,-10,304
71370.0,9,-9,302
71372.5,11,-7,300
71375.0,8,-9,301
71377.5,10,-8,304
71380.0,10,-8,304
71382.5,7,-7,303
71385.0,8,-9,307
71387.5,10,-9,306
71390.0,11,-6,303
71392.5,8,-6,302
71395.0,9,-7,302
71397.5,8,-7,303
71400.0,11,-6,304
71402.5,12,-8,305
71405.0,11,-10,301
71407.5,10,-9,304
71410.0,11,-6,305
71412.5,11,-11,307
71415.0,10,-8,301
71417.5,10,-9,305
71420.0,12,-8,305
71422.5,10,-8,304
71425.0,7,-9,303
71427.5,9,-8,304
71430.0,9,-8,304
71432.5,10,-9,304
71435.0,11,-7,300
71437.5,10,-7,307
71440.0,12,-8,305
71442.5,10,-8,302
71445.0,10,-5,304
71447.5,12,-7,301
71450.0,10,-6,304
71452.5,12,-7,304
71455.0,10,-6,303
71457.5,12,-8,301
71460.0,10,-6,303
71462.5,10,-6,301
71465.0,8,-8,302
71467.5,7,-8,302
71470.0,9,-8,305
71472.5,10,-8,303
71475.0,11,-8,299
71477.5,10,-10,300
71480.0,10,-10,300
71482.5,9,-6,302
71485.0,8,-6,305
71487.5,12,-7,303
71490.0,9,-8,302
71492.5,12,-8,305
71495.0,11,-8,306
71497.5,8,-7,299
71500.0,9,-4,304
71502.5,10,-9,308
71505.0,10,-9,299
71507.5,10,-6,302
71510.0,8,-5,303
71512.5,12,-7,302
71515.0,10,-8,300
71517.5,10,-8,300
71520.0,11,-8,303
71522.5,9,-10,302
71525.0,8,-10,305
71527.5,8,-10,305
71530.0,11,-10,300
71532.5,11,-9,304
71535.0,9,-7,300
71537.5,11,-9,304
71540.0,12,-10,308
71542.5,9,-8,304
71545.0,10,-8,304
71547.5,13,-8,303
71550.0,12,-6,302
71552.5,9,-6,305
71555.0,7,-6,304
71557.5,10,-7,303
71560.0,9,-8,303
71562.5,10,-9,302
71565.0,11,-10,302
71567.5,9,-8,304
71570.0,10,-9,303
71572.5,10,-8,302
71575.0,9,-7,303
71577.5,9,-7,303
71580.0,8,-6,305
71582.5,8,-7,302
71585.0,13,-8,305
71587.5,9,-7,301
71590.0,9,-8,299
71592.5,9,-8,305
71595.0,8,-4,304
71597.5,9,-6,302
71600.0,10,-7,305
71602.5,10,-7,306
71605.0,11,-11,303
71607.5,11,-9,304
71610.0,10,-8,302
71612.5,8,-8,305
71615.0,11,-9,305
71617.5,11,-8,301
71620.0,8,-7,302
71622.5,9,-8,304
71625.0,11,-9,304
71627.5,11,-9,304
71630.0,11,-9,304
71632.5,11,-7,305
71635.0,10,-7,303
71637.5,9,-5,303
71640.0,14,-7,302
71642.5,11,-6,302
71645.0,11,-6,305
71647.5,11,-6,303
71650.0,10,-8,300
71652.5,11,-8,307
71655.0,9,-7,305
71657.5,10,-7,304
71660.0,10,-10,303
71662.5,9,-10,305
71665.0,11,-8,305
71667.5,10,-8,304
71670.0,11,-7,303
71672.5,10,-10,305
71675.0,12,-9,301
71677.5,12,-9,301
71680.0,9,-7,307
71682.5,8,-7,303
71685.0,8,-7,304
71687.5,12,-8,305
71690.0,13,-11,306
71692.5,10,-8,301
71695.0,10,-6,301
71697.5,8,-7,303
71700.0,11,-7,301
71702.5,9,-7,303
71705.0,7,-8,307
71707.5,8,-7,302
71710.0,11,-10,306
71712.5,9,-8,305
71715.0,10,-8,304
71717.5,8,-6,301
71720.0,7,-7,302
71722.5,10,-8,302
71725.0,8,-9,301
71727.5,8,-9,301
71730.0,11,-7,302
71732.5,11,-9,302
71735.0,12,-8,304
71737.5,10,-7,304
71740.0,10,-4,301
71742.5,9,-2,303
71745.0,12,-5,302
71747.5,9,-8,301
71750.0,8,-6,305
71752.5,10,-7,302
71755.0,11,-9,304
71757.5,11,-6,304
71760.0,9,-6,304
71762.5,10,-8,305
71765.0,10,-9,304
71767.5,8,-8,303
71770.0,10,-8,302
71772.5,10,-10,304
71775.0,8,-8,304
71777.5,8,-8,304
71780.0,12,-7,304
71782.5,11,-8,305
71785.0,9,-9,306
71787.5,9,-6,302
71790.0,8,-4,303
71792.5,10,-7,301
71795.0,11,-7,303
71797.5,11,-8,303
71800.0,10,-8,302
71802.5,11,-9,306
71805.0,10,-12,307
71807.5,10,-8,299
71810.0,10,-6,302
71812.5,11,-7,304
71815.0,10,-7,303
71817.5,10,-8,305
71820.0,9,-7,307
71822.5,11,-11,305
71825.0,8,-9,306
71827.5,8,-9,306
71830.0,10,-8,301
71832.5,10,-7,301
71835.0,10,-4,303
71837.5,9,-8,302
71840.0,9,-8,305
71842.5,11,-8,304
71845.0,10,-8,306
71847.5,11,-7,304
71850.0,11,-8,302
71852.5,12,-8,304
71855.0,11,-6,304
71857.5,8,-7,302
71860.0,9,-6,303
71862.5,9,-6,306
71865.0,10,-10,305
71867.5,10,-7,302
71870.0,10,-6,305
71872.5,9,-8,304
71875.0,10,-7,304
71877.5,10,-7,304
71880.0,11,-8,305
71882.5,9,-7,306
71885.0,10,-6,308
71887.5,13,-7,305
71890.0,10,-9,304
71892.5,10,-4,307
71895.0,9,-5,301
71897.5,12,-7,304
71900.0,10,-8,303
71902.5,10,-8,303
71905.0,10,-9,305
71907.5,10,-7,301
71910.0,10,-8,309
71912.5,9,-7,301
71915.0,10,-11,302
71917.5,11,-7,301
71920.0,10,-7,301
71922.5,9,-9,305
71925.0,9,-9,305
71927.5,9,-10,304
71930.0,12,-9,300
71932.5,9,-7,303
71935.0,10,-7,308
71937.5,10,-5,300
71940.0,11,-5,301
71942.5,12,-8,303
71945.0,7,-7,301
71947.5,9,-8,303
71950.0,11,-8,306
71952.5,11,-8,307
71955.0,11,-7,305
71957.5,11,-9,302
71960.0,10,-6,301
71962.5,10,-7,304
71965.0,10,-10,306
71967.5,8,-9,303
71970.0,10,-8,307
71972.5,11,-8,304
71975.0,11,-8,304
71977.5,10,-7,304
71980.0,9,-7,300
71982.5,12,-7,302
71985.0,12,-9,306
71987.5,10,-8,304
71990.0,9,-7,304
71992.5,9,-7,301
71995.0,9,-9,304
71997.5,11,-10,304
72000.0,10,-9,305
72002.5,11,-7,305
72005.0,11,-10,302
72007.5,7,-7,302
72010.0,12,-9,303
72012.5,9,-8,304
72015.0,10,-8,304
72017.5,9,-8,303
72020.0,9,-10,305
72022.5,9,-8,303
72025.0,9,-8,303
72027.5,9,-5,300
72030.0,8,-7,299
72032.5,11,-8,303
72035.0,10,-8,303
72037.5,10,-8,305
72040.0,9,-8,304
72042.5,8,-5,303
72045.0,10,-7,305
72047.5,10,-9,303
72050.0,9,-8,303
72052.5,10,-7,303
72055.0,8,-6,301
72057.5,8,-7,303
72060.0,11,-8,304
72062.5,8,-9,303
72065.0,8,-6,302
72067.5,10,-10,305
72070.0,11,-9,304
72072.5,12,-8,305
72075.0,12,-8,305
72077.5,11,-6,301
72080.0,10,-7,303
72082.5,11,-9,302
72085.0,10,-8,300
72087.5,11,-10,307
72090.0,10,-7,304
72092.5,10,-7,304
72095.0,11,-9,304
72097.5,10,-8,303
72100.0,10,-6,302
72102.5,11,-9,302
72105.0,8,-7,303
72107.5,9,-9,304
72110.0,11,-10,303
72112.5,10,-8,303
72115.0,11,-10,303
72117.5,9,-7,303
72120.0,10,-7,304
72122.5,10,-8,303
72125.0,10,-8,303
72127.5,8,-9,304
72130.0,10,-10,304
72132.5,10,-7,304
72135.0,12,-6,302
72137.5,13,-8,303
72140.0,13,-7,298
72142.5,10,-7,302
72145.0,9,-7,305
72147.5,10,-3,304
72150.0,9,-8,303
72152.5,9,-5,303
72155.0,11,-7,304
72157.5,11,-7,305
72160.0,9,-6,305
72162.5,10,-8,300
72165.0,12,-5,305
72167.5,9,-6,303
72170.0,10,-9,303
72172.5,12,-9,301
72175.0,12,-9,301
72177.5,11,-9,305
72180.0,10,-8,303
72182.5,10,-8,305
72185.0,10,-5,304
72187.5,7,-7,302
72190.0,9,-6,302
72192.5,9,-8,304
72195.0,10,-8,305
72197.5,10,-7,304
72200.0,8,-8,306
72202.5,12,-9,303
72205.0,11,-7,304
72207.5,9,-8,305
72210.0,11,-10,303
72212.5,10,-6,302
72215.0,9,-8,303
72217.5,9,-8,303
72220.0,8,-9,301
72222.5,9,-6,303
72225.0,9,-6,303
72227.5,11,-8,302
72230.0,11,-7,304
72232.5,12,-6,304
72235.0,12,-7,304
72237.5,7,-5,302
72240.0,11,-9,304
72242.5,9,-8,303
72245.0,8,-6,303
72247.5,10,-9,305
72250.0,10,-8,304
72252.5,12,-7,304
72255.0,9,-7,304
72257.5,10,-7,303
72260.0,9,-5,305
72262.5,10,-11,303
72265.0,11,-9,306
72267.5,11,-8,302
72270.0,10,-7,305
72272.5,11,-10,305
72275.0,11,-10,305
72277.5,8,-8,303
72280.0,10,-7,303
72282.5,10,-8,299
72285.0,9,-7,307
72287.5,9,-9,305
72290.0,12,-7,305
72292.5,10,-5,302
72295.0,13,-6,302
72297.5,12,-8,303
72300.0,6,-6,300
72302.5,9,-7,305
72305.0,11,-10,306
72307.5,11,-8,301
72310.0,10,-9,306
72312.5,10,-7,306
72315.0,10,-8,303
72317.5,8,-8,301
72320.0,10,-9,302
72322.5,10,-9,302
72325.0,11,-12,305
72327.5,12,-8,306
72330.0,9,-8,301
72332.5,10,-9,304
72335.0,13,-8,302
72337.5,12,-9,304
72340.0,11,-8,302
72342.5,11,-7,305
72345.0,11,-7,307
72347.5,10,-7,304
72350.0,8,-7,301
72352.5,10,-9,301
72355.0,11,-9,303
72357.5,8,-8,303
72360.0,9,-8,306
72362.5,10,-8,302
72365.0,12,-9,306
72367.5,9,-5,303
72370.0,10,-8,303
72372.5,10,-8,303
72375.0,12,-8,301
72377.5,8,-10,303
72380.0,11,-10,303
72382.5,11,-11,305
72385.0,10,-8,304
72387.5,12,-8,304
72390.0,7,-3,301
72392.5,9,-6,300
72395.0,10,-8,304
72397.5,9,-6,304
72400.0,9,-8,305
72402.5,9,-7,304
72405.0,10,-5,303
72407.5,10,-8,302
72410.0,10,-6,301
72412.5,11,-8,304
72415.0,10,-7,303
72417.5,9,-12,303
72420.0,9,-10,303
72422.5,9,-10,303
72425.0,9,-9,305
72427.5,13,-11,302
72430.0,9,-7,303
72432.5,8,-7,301
72435.0,10,-9,301
72437.5,10,-5,304
72440.0,8,-7,303
72442.5,12,-11,307
72445.0,11,-7,300
72447.5,11,-7,301
72450.0,10,-6,301
72452.5,9,-7,301
72455.0,9,-7,300
72457.5,9,-8,301
72460.0,10,-10,303
72462.5,8,-8,300
72465.0,9,-9,303
72467.5,11,-9,304
72470.0,11,-8,304
72472.5,11,-8,304
72475.0,11,-7,304
72477.5,10,-7,302
72480.0,11,-9,304
72482.5,8,-7,301
72485.0,9,-6,305
72487.5,9,-7,303
72490.0,12,-8,303
72492.5,10,-9,306
72495.0,13,-8,303
72497.5,10,-7,301
72500.0,11,-8,301
72502.5,12,-8,303
72505.0,8,-7,303
72507.5,8,-10,304
72510.0,9,-8,304
72512.5,8,-8,302
72515.0,10,-7,303
72517.5,9,-9,304
72520.0,10,-8,301
72522.5,10,-8,301
72525.0,13,-6,301
72527.5,10,-9,304
72530.0,11,-7,303
72532.5,8,-7,300
72535.0,9,-7,304
72537.5,12,-8,305
72540.0,9,-6,302
72542.5,10,-8,306
72545.0,10,-6,304
72547.5,8,-6,300
72550.0,10,-6,301
72552.5,11,-11,302
72555.0,10,-10,302
72557.5,10,-8,303
72560.0,10,-7,305
72562.5,10,-7,306
72565.0,10,-9,301
72567.5,9,-8,301
72570.0,7,-8,300
72572.5,7,-8,300
72575.0,9,-8,304
72577.5,9,-8,304
72580.0,11,-10,306
72582.5,10,-8,304
72585.0,8,-6,304
72587.5,9,-6,302
72590.0,9,-7,302
72592.5,10,-8,305
72595.0,8,-5,305
72597.5,9,-9,304
72600.0,11,-8,304
72602.5,13,-8,301
72605.0,8,-8,303
72607.5,8,-7,303
72610.0,9,-8,303
72612.5,8,-7,304
72615.0,9,-8,303
72617.5,11,-9,299
72620.0,11,-10,305
72622.5,11,-10,305
72625.0,9,-6,303
72627.5,9,-6,302
72630.0,10,-6,304
72632.5,7,-7,302
72635.0,9,-10,303
72637.5,12,-9,306
72640.0,11,-8,301
72642.5,10,-5,306
72645.0,13,-7,306
72647.5,10,-8,302
72650.0,10,-5,304
72652.5,12,-9,303
72655.0,11,-9,306
72657.5,9,-7,308
72660.0,9,-6,301
72662.5,11,-8,300
72665.0,9,-6,302
72667.5,7,-7,305
72670.0,8,-9,304
72672.5,8,-9,304
72675.0,9,-7,300
72677.5,10,-7,302
72680.0,11,-6,303
72682.5,10,-6,303
72685.0,9,-5,302
72687.5,7,-6,305
72690.0,8,-10,306
72692.5,8,-6,304
72695.0,11,-9,304
72697.5,7,-6,304
72700.0,10,-6,306
72702.5,9,-6,300
72705.0,11,-6,304
72707.5,10,-9,307
72710.0,10,-7,300
72712.5,12,-5,306
72715.0,9,-7,303
72717.5,11,-9,305
72720.0,11,-9,305
72722.5,11,-9,304
72725.0,12,-9,300
72727.5,9,-7,301
72730.0,9,-7,304
72732.5,11,-9,307
72735.0,8,-8,309
72737.5,13,-6,304
72740.0,13,-9,307
72742.5,12,-4,303
72745.0,12,-6,300
72747.5,10,-4,304
72750.0,11,-7,303
72752.5,9,-9,304
72755.0,11,-7,301
72757.5,10,-10,302
72760.0,10,-7,302
72762.5,11,-9,301
72765.0,9,-7,305
72767.5,9,-8,301
72770.0,9,-8,301
72772.5,10,-9,300
72775.0,13,-8,304
72777.5,12,-10,303
72780.0,11,-6,305
72782.5,10,-6,307
72785.0,10,-9,304
72787.5,11,-8,304
72790.0,8,-6,302
72792.5,9,-8,302
72795.0,11,-9,305
72797.5,9,-6,305
72800.0,9,-8,306
72802.5,10,-10,301
72805.0,11,-9,305
72807.5,10,-10,304
72810.0,9,-8,303
72812.5,10,-8,304
72815.0,10,-9,304
72817.5,10,-8,300
72820.0,10,-8,300
72822.5,12,-9,304
72825.0,10,-9,302
72827.5,9,-8,304
72830.0,14,-9,304
72832.5,12,-8,300
72835.0,12,-7,307
72837.5,12,-8,305
72840.0,9,-8,304
72842.5,10,-7,302
72845.0,9,-9,305
72847.5,11,-9,305
72850.0,12,-8,302
72852.5,8,-7,303
72855.0,8,-5,303
72857.5,9,-8,303
72860.0,10,-9,302
72862.5,10,-9,297
72865.0,9,-8,301
72867.5,10,-10,300
72870.0,10,-10,300
72872.5,10,-6,302
72875.0,11,-8,304
72877.5,12,-10,303
72880.0,10,-8,305
72882.5,11,-10,304
72885.0,12,-7,301
72887.5,12,-8,303
72890.0,7,-8,304
72892.5,10,-6,301
72895.0,11,-10,305
72897.5,10,-7,305
72900.0,11,-8,302
72902.5,8,-5,304
72905.0,10,-7,301
72907.5,8,-9,304
72910.0,11,-8,304
72912.5,10,-7,303
72915.0,11,-12,303
72917.5,10,-10,303
72920.0,10,-10,303
72922.5,10,-9,305
72925.0,12,-8,303
72927.5,11,-9,302
72930.0,8,-7,302
72932.5,10,-11,307
72935.0,11,-4,305
72937.5,11,-10,304
72940.0,13,-9,304
72942.5,13,-7,305
72945.0,8,-7,303
72947.5,10,-8,303
72950.0,9,-4,305
72952.5,9,-7,305
72955.0,10,-9,305
72957.5,10,-7,303
72960.0,11,-8,303
72962.5,10,-7,304
72965.0,9,-9,302
72967.5,10,-9,301
72970.0,10,-9,301
72972.5,7,-8,302
72975.0,9,-8,304
72977.5,10,-8,304
72980.0,11,-6,305
72982.5,10,-8,302
72985.0,11,-7,306
72987.5,11,-4,303
72990.0,9,-8,303
72992.5,9,-7,304
72995.0,13,-11,303
72997.5,10,-5,303
73000.0,10,-8,307
73002.5,10,-8,302
73005.0,10,-6,303
73007.5,10,-8,301
73010.0,10,-9,304
73012.5,8,-7,302
73015.0,11,-8,302
73017.5,8,-6,302
73020.0,8,-6,302
73022.5,11,-7,302
73025.0,11,-9,306
73027.5,10,-6,303
73030.0,11,-8,307
73032.5,11,-8,306
73035.0,10,-9,307
73037.5,10,-6,308
73040.0,10,-8,306
73042.5,11,-7,301
73045.0,9,-6,302
73047.5,8,-7,302
73050.0,9,-10,305
73052.5,10,-10,307
73055.0,9,-8,303
73057.5,8,-8,302
73060.0,8,-7,301
73062.5,10,-9,302
73065.0,9,-10,301
73067.5,10,-9,302
73070.0,10,-9,302
73072.5,11,-9,300
73075.0,8,-8,303
73077.5,11,-7,308
73080.0,7,-6,307
73082.5,12,-6,303
73085.0,10,-6,308
73087.5,7,-6,304
73090.0,9,-5,304
73092.5,11,-5,307
73095.0,10,-8,303
73097.5,10,-8,303
73100.0,7,-7,304
73102.5,10,-8,306
73105.0,9,-7,305
73107.5,8,-8,305
73110.0,11,-9,304
73112.5,11,-8,305
73115.0,9,-11,304
73117.5,8,-8,304
73120.0,8,-8,304
73122.5,8,-6,302
73125.0,11,-5,301
73127.5,12,-7,306
73130.0,9,-8,305
73132.5,9,-9,304
73135.0,7,-9,305
73137.5,11,-6,304
73140.0,11,-7,306
73142.5,12,-6,305
73145.0,11,-8,304
73147.5,11,-8,300
73150.0,9,-9,302
73152.5,9,-10,306
73155.0,10,-10,304
73157.5,9,-7,305
73160.0,9,-7,302
73162.5,11,-9,303
73165.0,8,-6,303
73167.5,8,-6,303
73170.0,10,-7,305
73172.5,10,-11,304
73175.0,10,-7,302
73177.5,13,-8,304
73180.0,8,-7,300
73182.5,7,-6,300
73185.0,10,-8,302
73187.5,12,-10,303
73190.0,11,-6,305
73192.5,12,-8,302
73195.0,8,-5,303
73197.5,9,-7,302
73200.0,9,-8,302
73202.5,8,-7,305
73205.0,11,-9,304
73207.5,11,-10,304
73210.0,10,-8,304
73212.5,8,-9,303
73215.0,8,-8,307
73217.5,8,-8,307
73220.0,8,-8,301
73222.5,10,-8,305
73225.0,11,-9,305
73227.5,10,-8,308
73230.0,9,-6,305
73232.5,11,-8,303
73235.0,10,-9,301
73237.5,13,-8,303
73240.0,11,-9,301
73242.5,10,-9,304
73245.0,9,-5,306
73247.5,8,-7,303
73250.0,10,-7,302
73252.5,11,-6,303
73255.0,11,-8,304
73257.5,10,-8,304
73260.0,10,-7,301
73262.5,8,-6,304
73265.0,9,-10,303
73267.5,9,-10,303
73270.0,9,-7,300
73272.5,10,-6,300
73275.0,10,-8,304
73277.5,11,-7,303
73280.0,11,-9,302
73282.5,8,-6,303
73285.0,8,-7,301
73287.5,13,-9,306
73290.0,12,-9,303
73292.5,10,-7,298
73295.0,9,-6,302
73297.5,11,-9,305
73300.0,9,-9,304
73302.5,8,-5,303
73305.0,9,-7,304
73307.5,10,-8,303
73310.0,10,-8,302
73312.5,9,-8,301
73315.0,10,-10,301
73317.5,10,-10,301
73320.0,8,-9,302
73322.5,10,-7,305
73325.0,12,-7,306
73327.5,10,-8,303
73330.0,8,-8,300
73332.5,10,-9,305
73335.0,11,-8,303
73337.5,10,-9,303
73340.0,9,-4,303
73342.5,9,-5,304
73345.0,9,-7,302
73347.5,11,-6,303
73350.0,8,-8,303
73352.5,10,-9,304
73355.0,9,-6,301
73357.5,10,-9,303
73360.0,7,-7,301
73362.5,11,-11,303
73365.0,10,-9,305
73367.5,10,-9,305
73370.0,10,-7,303
73372.5,12,-8,303
73375.0,10,-6,304
73377.5,10,-7,297
73380.0,10,-8,309
73382.5,11,-8,305
73385.0,11,-6,301
73387.5,11,-7,302
73390.0,10,-6,307
73392.5,10,-6,305
73395.0,12,-8,302
73397.5,9,-7,304
73400.0,11,-9,305
73402.5,11,-7,303
73405.0,11,-7,302
73407.5,12,-8,303
73410.0,9,-7,303
73412.5,7,-8,305
73415.0,9,-9,299
73417.5,9,-9,299
73420.0,9,-9,304
73422.5,11,-7,303
73425.0,9,-10,305
73427.5,11,-8,305
73430.0,8,-9,303
73432.5,8,-8,305
73435.0,9,-6,304
73437.5,11,-8,303
73440.0,10,-6,302
73442.5,8,-4,301
73445.0,9,-7,303
73447.5,11,-9,305
73450.0,10,-10,304
73452.5,9,-6,307
73455.0,10,-8,304
73457.5,10,-8,300
73460.0,10,-8,302
73462.5,10,-8,304
73465.0,12,-8,305
73467.5,12,-8,305
73470.0,10,-6,300
73472.5,10,-7,304
73475.0,11,-8,306
73477.5,12,-7,306
73480.0,10,-10,304
73482.5,10,-7,304
73485.0,7,-5,305
73487.5,8,-6,302
73490.0,9,-6,301
73492.5,8,-10,301
73495.0,10,-8,306
73497.5,12,-9,303
73500.0,9,-7,301
73502.5,10,-8,302
73505.0,10,-8,302
73507.5,11,-9,303
73510.0,10,-8,304
73512.5,9,-8,304
73515.0,8,-8,303
73517.5,8,-8,303
73520.0,11,-7,303
73522.5,10,-10,303
73525.0,10,-8,301
73527.5,9,-8,310
73530.0,11,-11,306
73532.5,9,-10,306
73535.0,10,-7,303
73537.5,12,-8,302
73540.0,11,-7,302
73542.5,7,-5,303
73545.0,9,-6,305
73547.5,9,-8,302
73550.0,10,-9,302
73552.5,9,-7,302
73555.0,12,-8,301
73557.5,10,-9,304
73560.0,10,-8,302
73562.5,11,-11,305
73565.0,11,-9,301
73567.5,11,-9,301
73570.0,11,-7,303
73572.5,13,-7,301
73575.0,10,-9,306
73577.5,8,-7,298
73580.0,10,-8,306
73582.5,11,-9,304
73585.0,10,-6,303
73587.5,12,-7,303
73590.0,11,-7,305
73592.5,10,-5,301
73595.0,10,-7,303
73597.5,11,-8,303
73600.0,11,-8,306
73602.5,10,-8,304
73605.0,10,-10,303
73607.5,9,-8,304
73610.0,10,-9,303
73612.5,8,-8,305
73615.0,8,-9,303
73617.5,8,-9,303
73620.0,11,-8,303
73622.5,11,-8,301
73625.0,8,-5,306
73627.5,12,-10,304
73630.0,10,-8,304
73632.5,9,-5,305
73635.0,11,-5,305
73637.5,10,-9,302
73640.0,10,-8,301
73642.5,10,-8,300
73645.0,9,-10,306
73647.5,7,-7,303
73650.0,8,-9,303
73652.5,11,-8,304
73655.0,10,-8,306
73657.5,10,-8,305
73660.0,10,-7,301
73662.5,9,-9,306
73665.0,10,-8,302
73667.5,10,-8,302
73670.0,11,-10,302
73672.5,10,-10,300
73675.0,12,-7,306
73677.5,14,-8,304
73680.0,10,-5,306
73682.5,11,-5,303
73685.0,9,-7,304
73687.5,10,-6,303
73690.0,9,-6,304
73692.5,10,-8,301
73695.0,10,-6,306
73697.5,12,-8,299
73700.0,9,-5,304
73702.5,12,-8,306
73705.0,11,-8,304
73707.5,9,-8,303
73710.0,9,-10,304
73712.5,9,-8,304
73715.0,8,-9,304
73717.5,8,-9,304
73720.0,10,-7,304
73722.5,11,-12,304
73725.0,8,-7,304
73727.5,10,-6,304
73730.0,7,-6,303
73732.5,11,-9,306
73735.0,10,-6,306
73737.5,10,-9,309
73740.0,8,-6,302
73742.5,10,-8,306
73745.0,11,-6,304
73747.5,10,-8,303
73750.0,10,-7,304
73752.5,10,-9,302
73755.0,9,-8,305
73757.5,10,-7,306
73760.0,11,-8,300
73762.5,11,-8,304
73765.0,9,-10,304
73767.5,9,-10,304
73770.0,9,-8,300
73772.5,9,-10,302
73775.0,10,-7,306
73777.5,8,-8,303
73780.0,10,-9,300
73782.5,11,-8,308
73785.0,8,-4,303
73787.5,10,-5,302
73790.0,12,-9,305
73792.5,11,-10,303
73795.0,8,-8,303
73797.5,10,-7,302
73800.0,10,-4,305
73802.5,11,-8,305
73805.0,10,-8,304
73807.5,9,-8,305
73810.0,9,-8,306
73812.5,10,-8,301
73815.0,10,-8,301
73817.5,10,-8,302
73820.0,12,-7,302
73822.5,11,-10,304
73825.0,11,-7,307
73827.5,13,-8,308
73830.0,8,-8,302
73832.5,12,-7,302
73835.0,13,-7,301
73837.5,10,-8,301
73840.0,12,-8,302
73842.5,11,-7,305
73845.0,13,-7,303
73847.5,10,-8,303
73850.0,9,-8,300
73852.5,11,-9,303
73855.0,9,-7,302
73857.5,10,-6,303
73860.0,10,-7,303
73862.5,10,-7,303
73865.0,10,-7,303
73867.5,10,-9,302
73870.0,11,-7,299
73872.5,8,-6,298
73875.0,9,-9,301
73877.5,8,-8,299
73880.0,10,-8,304
73882.5,13,-9,302
73885.0,8,-7,301
73887.5,9,-4,304
73890.0,11,-6,303
73892.5,7,-7,303
73895.0,11,-7,305
73897.5,10,-11,306
73900.0,11,-9,305
73902.5,10,-7,304
73905.0,9,-9,305
73907.5,10,-8,303
73910.0,12,-11,301
73912.5,9,-9,303
73915.0,9,-9,303
73917.5,9,-9,306
73920.0,8,-8,303
73922.5,9,-8,303
73925.0,9,-7,304
73927.5,10,-10,311
73930.0,8,-7,308
73932.5,11,-6,305
73935.0,9,-7,303
73937.5,13,-7,301
73940.0,10,-8,302
73942.5,12,-9,302
73945.0,11,-10,304
73947.5,9,-8,307
73950.0,9,-8,306
73952.5,10,-7,304
73955.0,8,-5,303
73957.5,9,-5,305
73960.0,8,-10,303
73962.5,8,-8,307
73965.0,8,-8,307
73967.5,7,-7,303
73970.0,11,-11,302
73972.5,9,-6,302
73975.0,11,-9,301
73977.5,10,-9,307
73980.0,7,-4,305
73982.5,8,-10,303
73985.0,11,-8,303
73987.5,11,-9,302
73990.0,10,-8,302
73992.5,8,-7,302
73995.0,9,-7,302
73997.5,10,-9,306
74000.0,7,-7,303
74002.5,11,-10,302
74005.0,11,-7,303
74007.5,11,-8,300
74010.0,10,-10,304
74012.5,11,-10,305
74015.0,11,-10,305
74017.5,9,-9,303
74020.0,11,-9,308
74022.5,10,-8,306
74025.0,10,-5,301
74027.5,9,-9,302
74030.0,9,-7,308
74032.5,8,-6,307
74035.0,11,-10,307
74037.5,9,-8,306
74040.0,10,-8,307
74042.5,9,-7,304
74045.0,10,-8,304
74047.5,9,-8,305
74050.0,11,-7,302
74052.5,9,-7,307
74055.0,11,-9,304
74057.5,9,-4,302
74060.0,13,-9,302
74062.5,9,-7,306
74065.0,9,-7,306
74067.5,11,-9,303
74070.0,11,-10,303
74072.5,11,-9,306
74075.0,9,-9,300
74077.5,10,-9,304
74080.0,9,-7,305
74082.5,12,-5,304
74085.0,9,-6,301
74087.5,10,-5,303
74090.0,12,-9,306
74092.5,10,-7,303
74095.0,10,-8,303
74097.5,9,-7,304
74100.0,12,-9,303
74102.5,9,-7,302
74105.0,9,-8,304
74107.5,11,-10,304
74110.0,9,-9,304
74112.5,10,-7,303
74115.0,10,-7,303
74117.5,11,-10,304
74120.0,12,-7,297
74122.5,10,-6,298
74125.0,11,-7,309
74127.5,10,-8,307
74130.0,11,-8,306
74132.5,11,-5,301
74135.0,12,-9,299
74137.5,10,-9,303
74140.0,8,-8,302
74142.5,9,-8,304
74145.0,9,-9,303
74147.5,11,-7,306
74150.0,10,-8,304
74152.5,9,-8,300
74155.0,10,-8,304
74157.5,10,-10,303
74160.0,10,-9,304
74162.5,8,-7,304
74165.0,8,-7,304
74167.5,10,-7,299
74170.0,9,-6,304
74172.5,9,-8,305
74175.0,13,-8,304
74177.5,12,-8,304
74180.0,12,-4,304
74182.5,11,-6,303
74185.0,9,-6,301
74187.5,10,-7,306
74190.0,11,-7,304
74192.5,10,-8,303
74195.0,10,-9,304
74197.5,9,-8,304
74200.0,11,-9,305
74202.5,10,-9,305
74205.0,9,-7,303
74207.5,10,-8,303
74210.0,9,-10,303
74212.5,10,-7,305
74215.0,10,-7,305
74217.5,11,-10,302
74220.0,10,-8,300
74222.5,10,-7,305
74225.0,13,-8,308
74227.5,13,-9,306
74230.0,12,-8,305
74232.5,11,-6,306
74235.0,12,-9,307
74237.5,8,-7,307
74240.0,10,-9,302
74242.5,11,-7,302
74245.0,7,-6,301
74247.5,9,-7,304
74250.0,10,-6,302
74252.5,10,-8,304
74255.0,10,-6,304
74257.5,11,-9,305
74260.0,9,-9,303
74262.5,10,-6,301
74265.0,10,-6,301
74267.5,10,-8,300
74270.0,11,-8,306
74272.5,11,-7,304
74275.0,9,-7,302
74277.5,10,-6,300
74280.0,11,-8,301
74282.5,10,-8,302
74285.0,10,-8,303
74287.5,10,-7,306
74290.0,9,-6,303
74292.5,12,-8,301
74295.0,9,-6,302
74297.5,9,-6,306
74300.0,8,-8,302
74302.5,8,-10,306
74305.0,12,-9,306
74307.5,10,-6,302
74310.0,11,-10,302
74312.5,10,-9,304
74315.0,10,-9,304
74317.5,7,-11,301
74320.0,8,-9,304
74322.5,10,-6,305
74325.0,12,-6,305
74327.5,10,-6,303
74330.0,12,-8,307
74332.5,11,-10,303
74335.0,12,-5,303
74337.5,12,-9,304
74340.0,11,-8,302
74342.5,9,-7,299
74345.0,10,-6,306
74347.5,9,-7,305
74350.0,12,-7,303
74352.5,10,-9,303
74355.0,8,-8,303
74357.5,9,-6,302
74360.0,10,-7,303
74362.5,9,-10,305
74365.0,9,-10,305
74367.5,10,-10,303
74370.0,11,-10,304
74372.5,11,-5,303
74375.0,8,-6,303
74377.5,11,-6,303
74380.0,11,-7,302
74382.5,10,-8,305
74385.0,10,-5,304
74387.5,11,-8,303
74390.0,10,-6,303
74392.5,11,-6,301
74395.0,8,-8,304
74397.5,10,-6,302
74400.0,10,-7,303
74402.5,11,-8,302
74405.0,10,-7,302
74407.5,9,-9,301
74410.0,9,-8,302
74412.5,9,-8,302
74415.0,10,-8,301
74417.5,8,-8,304
74420.0,8,-6,303
74422.5,11,-7,302
74425.0,10,-5,303
74427.5,9,-7,302
74430.0,8,-4,306
74432.5,11,-8,308
74435.0,9,-10,304
74437.5,7,-6,301
74440.0,9,-8,304
74442.5,9,-8,304
74445.0,9,-8,303
74447.5,10,-6,304
74450.0,12,-10,305
74452.5,10,-9,303
74455.0,11,-10,304
74457.5,8,-8,304
74460.0,11,-7,303
74462.5,11,-7,303
74465.0,10,-7,301
74467.5,11,-9,302
74470.0,11,-9,304
74472.5,12,-7,301
74475.0,9,-7,303
74477.5,9,-9,303
74480.0,10,-7,306
74482.5,9,-8,305
74485.0,11,-8,304
74487.5,11,-7,302
74490.0,9,-9,303
74492.5,11,-7,305
74495.0,11,-9,303
74497.5,10,-8,304
74500.0,11,-7,303
74502.5,10,-9,302
74505.0,9,-9,303
74507.5,9,-9,305
74510.0,8,-7,306
74512.5,8,-7,306
74515.0,10,-7,303
74517.5,9,-9,304
74520.0,11,-7,301
74522.5,12,-7,299
74525.0,10,-6,304
74527.5,9,-6,304
74530.0,12,-6,299
74532.5,7,-2,298
74535.0,10,-6,301
74537.5,8,-7,302
74540.0,10,-7,304
74542.5,10,-8,303
74545.0,11,-8,302
74547.5,11,-7,305
74550.0,13,-9,301
74552.5,10,-7,304
74555.0,8,-6,302
74557.5,8,-5,305
74560.0,12,-9,303
74562.5,12,-9,303
74565.0,12,-9,304
74567.5,11,-9,303
74570.0,9,-11,305
74572.5,10,-6,306
74575.0,10,-6,302
74577.5,10,-7,306
74580.0,11,-10,300
74582.5,9,-8,298
74585.0,8,-7,305
74587.5,11,-7,304
74590.0,10,-10,305
74592.5,11,-6,305
74595.0,10,-7,301
74597.5,10,-10,304
74600.0,8,-7,303
74602.5,10,-8,305
74605.0,10,-5,306
74607.5,9,-7,302
74610.0,10,-8,302
74612.5,10,-8,302
74615.0,9,-6,304
74617.5,10,-9,305
74620.0,8,-7,306
74622.5,10,-7,303
74625.0,10,-5,302
74627.5,11,-6,304
74630.0,8,-4,306
74632.5,11,-6,303
74635.0,11,-8,305
74637.5,9,-6,301
74640.0,12,-8,300
74642.5,10,-8,301
74645.0,10,-9,302
74647.5,10,-8,304
74650.0,9,-9,303
74652.5,11,-10,303
74655.0,10,-8,303
74657.5,9,-9,304
74660.0,10,-8,305
74662.5,10,-8,305
74665.0,9,-7,304
74667.5,11,-9,302
74670.0,12,-8,304
74672.5,11,-8,303
74675.0,8,-7,306
74677.5,12,-7,306
74680.0,11,-8,304
74682.5,11,-9,303
74685.0,11,-8,302
74687.5,12,-10,305
74690.0,10,-8,303
74692.5,10,-9,302
74695.0,10,-10,306
74697.5,8,-8,305
74700.0,12,-7,304
74702.5,10,-7,301
74705.0,10,-7,304
74707.5,11,-9,303
74710.0,10,-9,303
74712.5,10,-9,303
74715.0,8,-7,301
74717.5,11,-8,302
74720.0,8,-7,300
74722.5,6,-5,304
74725.0,12,-10,302
74727.5,12,-7,301
74730.0,14,-7,302
74732.5,10,-8,301
74735.0,8,-7,304
74737.5,10,-11,306
74740.0,8,-8,303
74742.5,11,-7,305
74745.0,10,-9,305
74747.5,11,-8,303
74750.0,11,-9,304
74752.5,11,-8,304
74755.0,11,-10,308
74757.5,8,-8,307
74760.0,12,-8,304
74762.5,12,-8,304
74765.0,10,-8,305
74767.5,9,-9,300
74770.0,10,-8,303
74772.5,13,-9,305
74775.0,11,-6,302
74777.5,13,-8,301
74780.0,9,-7,302
74782.5,9,-7,303
74785.0,10,-6,304
74787.5,8,-9,305
74790.0,10,-10,303
74792.5,12,-7,303
74795.0,10,-7,303
74797.5,11,-9,305
74800.0,11,-5,305
74802.5,9,-6,305
74805.0,8,-8,304
74807.5,10,-10,300
74810.0,10,-9,301
74812.5,10,-9,301
74815.0,9,-10,300
74817.5,10,-9,300
74820.0,10,-6,298
74822.5,10,-3,306
74825.0,12,-10,306
74827.5,11,-7,304
74830.0,9,-7,303
74832.5,11,-9,304
74835.0,9,-8,301
74837.5,8,-9,304
74840.0,7,-9,303
74842.5,9,-7,301
74845.0,9,-9,302
74847.5,11,-8,304
74850.0,9,-6,301
74852.5,9,-8,304
74855.0,11,-8,306
74857.5,9,-10,304
74860.0,10,-8,303
74862.5,10,-8,303
74865.0,8,-6,303
74867.5,8,-4,300
74870.0,10,-7,302
74872.5,11,-9,304
74875.0,11,-9,304
74877.5,13,-4,306
74880.0,9,-3,301
74882.5,7,-8,303
74885.0,10,-6,305
74887.5,9,-6,305
74890.0,11,-6,303
74892.5,10,-7,301
74895.0,10,-7,308
74897.5,9,-9,301
74900.0,8,-9,304
74902.5,9,-7,304
74905.0,12,-10,304
74907.5,10,-11,304
74910.0,9,-8,302
74912.5,9,-8,302
74915.0,10,-9,302
74917.5,10,-8,303
74920.0,9,-8,303
74922.5,11,-7,307
74925.0,9,-9,304
74927.5,14,-10,303
74930.0,9,-7,308
74932.5,12,-9,300
74935.0,10,-8,302
74937.5,10,-8,301
74940.0,10,-10,306
74942.5,9,-8,306
74945.0,11,-9,302
74947.5,11,-9,303
74950.0,9,-7,302
74952.5,11,-10,297
74955.0,10,-8,304
74957.5,9,-8,303
74960.0,7,-9,305
74962.5,7,-9,305
74965.0,10,-7,303
74967.5,13,-5,303
74970.0,11,-7,304
74972.5,10,-7,305
74975.0,9,-6,305
74977.5,12,-10,307
74980.0,11,-5,301
74982.5,10,-6,303
74985.0,12,-9,306
74987.5,10,-7,302
74990.0,11,-7,304
74992.5,11,-8,306
74995.0,10,-8,305
74997.5,13,-8,307
75000.0,11,-9,304
75002.5,13,-9,301
75005.0,11,-7,301
75007.5,10,-8,301
75010.0,9,-9,302
75012.5,9,-9,302
75015.0,8,-7,303
75017.5,13,-9,303
75020.0,9,-6,303
75022.5,10,-9,301
75025.0,8,-5,301
75027.5,11,-5,301
75030.0,10,-11,302
75032.5,10,-9,303
75035.0,12,-6,306
75037.5,10,-9,303
75040.0,11,-8,301
75042.5,10,-7,307
75045.0,10,-9,305
75047.5,11,-7,304
75050.0,10,-9,303
75052.5,9,-8,305
75055.0,9,-8,303
75057.5,8,-7,305
75060.0,9,-8,301
75062.5,9,-8,301
75065.0,8,-9,304
75067.5,10,-10,306
75070.0,10,-5,305
75072.5,10,-10,304
75075.0,11,-6,304
75077.5,9,-7,305
75080.0,10,-6,303
75082.5,8,-5,302
75085.0,9,-5,305
75087.5,9,-9,303
75090.0,9,-8,300
75092.5,9,-8,303
75095.0,10,-9,305
75097.5,10,-8,302
75100.0,9,-6,303
75102.5,8,-5,306
75105.0,10,-11,302
75107.5,10,-10,303
75110.0,10,-10,303
75112.5,9,-7,305
75115.0,9,-6,300
75117.5,8,-10,302
75120.0,9,-8,306
75122.5,11,-8,308
75125.0,9,-8,304
75127.5,9,-6,305
75130.0,10,-7,304
75132.5,11,-6,303
75135.0,9,-8,305
75137.5,8,-8,303
75140.0,8,-8,303
75142.5,10,-8,304
75145.0,10,-9,304
75147.5,10,-6,304
75150.0,7,-7,304
75152.5,10,-7,303
75155.0,10,-10,304
75157.5,9,-8,301
75160.0,9,-8,301
75162.5,7,-8,301
75165.0,9,-7,303
75167.5,12,-7,304
75170.0,14,-7,301
75172.5,11,-10,306
75175.0,10,-8,303
75177.5,9,-4,304
75180.0,9,-7,305
75182.5,11,-5,302
75185.0,8,-6,300
75187.5,10,-7,305
75190.0,10,-8,301
75192.5,12,-8,301
75195.0,8,-8,305
75197.5,10,-6,304
75200.0,12,-10,304
75202.5,10,-9,300
75205.0,9,-9,301
75207.5,12,-9,304
75210.0,12,-9,304
75212.5,11,-9,305
75215.0,9,-9,302
75217.5,8,-7,306
75220.0,11,-9,303
75222.5,10,-7,305
75225.0,10,-8,302
75227.5,11,-8,304
75230.0,11,-6,303
75232.5,11,-11,303
75235.0,12,-10,301
75237.5,11,-7,304
75240.0,11,-8,306
75242.5,9,-6,306
75245.0,11,-9,304
75247.5,10,-6,302
75250.0,8,-8,301
75252.5,9,-9,302
75255.0,10,-9,302
75257.5,8,-8,302
75260.0,8,-8,302
75262.5,10,-7,302
75265.0,10,-6,303
75267.5,9,-7,303
75270.0,10,-8,303
75272.5,8,-8,303
75275.0,8,-9,307
75277.5,11,-5,308
75280.0,11,-8,303
75282.5,12,-10,305
75285.0,10,-6,304
75287.5,10,-6,301
75290.0,6,-5,306
75292.5,7,-5,300
75295.0,9,-7,305
75297.5,11,-7,301
75300.0,8,-7,302
75302.5,10,-8,301
75305.0,10,-8,303
75307.5,7,-10,301
75310.0,7,-10,301
75312.5,10,-8,304
75315.0,8,-8,302
75317.5,10,-7,302
75320.0,11,-10,305
75322.5,10,-7,303
75325.0,11,-6,302
75327.5,11,-4,302
75330.0,7,-9,303
75332.5,10,-8,304
75335.0,12,-8,303
75337.5,12,-10,306
75340.0,11,-7,306
75342.5,9,-7,302
75345.0,9,-7,304
75347.5,9,-8,305
75350.0,8,-7,301
75352.5,10,-9,303
75355.0,10,-8,304
75357.5,10,-9,303
75360.0,10,-9,303
75362.5,8,-6,302
75365.0,10,-8,300
75367.5,10,-8,303
75370.0,11,-8,297
75372.5,9,-7,306
75375.0,14,-8,300
75377.5,10,-7,301
75380.0,9,-7,303
75382.5,12,-5,304
75385.0,10,-6,303
75387.5,10,-8,300
75390.0,10,-9,302
75392.5,11,-9,305
75395.0,11,-8,304
75397.5,11,-8,302
75400.0,9,-8,305
75402.5,9,-10,301
75405.0,9,-8,302
75407.5,9,-8,302
75410.0,9,-8,302
75412.5,9,-10,303
75415.0,9,-7,305
75417.5,11,-8,307
75420.0,11,-5,304
75422.5,10,-7,302
75425.0,9,-8,300
75427.5,9,-8,303
75430.0,9,-7,303
75432.5,10,-5,302
75435.0,11,-7,302
75437.5,11,-8,304
75440.0,11,-9,301
75442.5,10,-8,300
75445.0,11,-8,304
75447.5,9,-7,302
75450.0,9,-7,302
75452.5,9,-7,303
75455.0,9,-8,304
75457.5,10,-9,302
75460.0,10,-9,302
75462.5,9,-9,305
75465.0,10,-7,300
75467.5,10,-6,302
75470.0,12,-9,307
75472.5,10,-7,302
75475.0,8,-5,304
75477.5,11,-8,304
75480.0,12,-9,300
75482.5,11,-6,299
75485.0,9,-8,302
75487.5,8,-8,304
75490.0,10,-9,303
75492.5,10,-7,303
75495.0,11,-9,302
75497.5,10,-8,303
75500.0,9,-7,299
75502.5,9,-8,304
75505.0,9,-7,305
75507.5,9,-7,305
75510.0,9,-7,305
75512.5,9,-7,301
75515.0,9,-7,306
75517.5,11,-4,307
75520.0,10,-7,300
75522.5,11,-10,306
75525.0,10,-8,303
75527.5,11,-9,306
75530.0,10,-5,305
75532.5,12,-7,302
75535.0,11,-10,303
75537.5,8,-7,303
75540.0,10,-10,304
75542.5,8,-9,302
75545.0,10,-8,303
75547.5,11,-10,302
75550.0,10,-8,302
75552.5,11,-7,305
75555.0,8,-8,302
75557.5,8,-8,302
75560.0,9,-7,305
75562.5,9,-9,301
75565.0,9,-5,304
75567.5,11,-6,302
75570.0,11,-8,302
75572.5,10,-10,305
75575.0,10,-10,305
75577.5,11,-5,300
75580.0,12,-10,305
75582.5,10,-9,303
75585.0,10,-5,303
75587.5,12,-8,306
75590.0,9,-10,306
75592.5,11,-9,301
75595.0,10,-6,305
75597.5,9,-8,301
75600.0,10,-8,304
75602.5,9,-8,303
75605.0,10,-9,304
75607.5,10,-9,304
75610.0,11,-8,303
75612.5,10,-6,305
75615.0,12,-10,303
75617.5,13,-7,298
75620.0,9,-6,303
75622.5,9,-7,306
75625.0,10,-7,305
75627.5,9,-9,304
75630.0,13,-8,306
75632.5,10,-9,301
75635.0,11,-9,304
75637.5,11,-8,305
75640.0,9,-7,303
75642.5,10,-8,303
75645.0,11,-9,303
75647.5,10,-8,300
75650.0,10,-9,305
75652.5,8,-6,302
75655.0,12,-8,302
75657.5,12,-8,302
75660.0,8,-6,300
75662.5,10,-9,306
75665.0,10,-7,307
75667.5,8,-7,303
75670.0,12,-7,304
75672.5,13,-11,305
75675.0,9,-8,304
75677.5,8,-5,303
75680.0,10,-8,302
75682.5,8,-7,303
75685.0,9,-10,305
75687.5,9,-8,302
75690.0,12,-8,306
75692.5,12,-8,306
75695.0,12,-8,302
75697.5,11,-8,303
75700.0,8,-9,303
75702.5,12,-9,304
75705.0,8,-8,306
75707.5,8,-8,306
75710.0,10,-7,305
75712.5,9,-10,303
75715.0,12,-7,302
75717.5,8,-4,299
75720.0,11,-8,302
75722.5,10,-8,303
75725.0,6,-7,302
75727.5,11,-8,305
75730.0,9,-8,304
75732.5,10,-9,304
75735.0,10,-8,301
75737.5,10,-7,304
75740.0,10,-9,304
75742.5,9,-8,300
75745.0,11,-10,304
75747.5,11,-10,304
75750.0,10,-8,304
75752.5,9,-7,301
75755.0,10,-7,303
75757.5,10,-7,303
75760.0,9,-7,303
75762.5,8,-6,306
75765.0,10,-7,306
75767.5,10,-7,304
75770.0,8,-5,308
75772.5,9,-4,304
75775.0,11,-7,305
75777.5,8,-5,302
75780.0,10,-8,301
75782.5,11,-8,305
75785.0,9,-7,306
75787.5,10,-7,305
75790.0,10,-8,303
75792.5,8,-6,304
75795.0,11,-8,300
75797.5,11,-7,302
75800.0,11,-8,303
75802.5,10,-8,303
75805.0,9,-8,305
75807.5,9,-8,305
75810.0,11,-9,303
75812.5,11,-10,303
75815.0,9,-7,301
75817.5,10,-10,303
75820.0,11,-11,306
75822.5,10,-9,303
75825.0,9,-5,303
75827.5,11,-7,304
75830.0,10,-7,303
75832.5,9,-6,303
75835.0,9,-8,306
75837.5,9,-6,305
75840.0,10,-9,304
75842.5,12,-7,300
75845.0,10,-8,303
75847.5,11,-8,304
75850.0,8,-7,302
75852.5,10,-10,303
75855.0,8,-9,303
75857.5,8,-9,303
75860.0,8,-6,300
75862.5,10,-9,302
75865.0,10,-8,307
75867.5,10,-9,302
75870.0,10,-7,302
75872.5,10,-7,298
75875.0,12,-9,303
75877.5,10,-7,304
75880.0,8,-4,303
75882.5,12,-6,305
75885.0,9,-7,303
75887.5,11,-9,304
75890.0,9,-7,302
75892.5,9,-8,305
75895.0,9,-7,306
75897.5,10,-9,303
75900.0,10,-9,305
75902.5,11,-11,305
75905.0,8,-8,301
75907.5,8,-8,301
75910.0,9,-8,303
75912.5,10,-7,305
75915.0,8,-6,305
75917.5,11,-8,303
75920.0,9,-6,307
75922.5,12,-7,303
75925.0,8,-5,303
75927.5,8,-6,308
75930.0,9,-8,307
75932.5,8,-6,305
75935.0,10,-7,304
75937.5,9,-8,308
75940.0,9,-8,305
75942.5,12,-10,305
75945.0,10,-8,305
75947.5,8,-8,304
75950.0,10,-8,302
75952.5,8,-6,303
75955.0,11,-9,304
75957.5,11,-9,304
75960.0,10,-9,300
75962.5,9,-10,302
75965.0,12,-5,300
75967.5,10,-7,304
75970.0,9,-7,302
75972.5,11,-5,305
75975.0,10,-9,300
75977.5,10,-6,304
75980.0,11,-6,305
75982.5,9,-7,302
75985.0,10,-9,300
75987.5,10,-6,304
75990.0,9,-8,305
75992.5,9,-8,304
75995.0,12,-9,302
75997.5,10,-9,302
76000.0,7,-6,303
76002.5,11,-6,302
76005.0,11,-8,304
76007.5,11,-8,304
76010.0,8,-10,303
76012.5,8,-7,305
76015.0,10,-6,306
76017.5,10,-8,304
76020.0,11,-8,301
76022.5,11,-4,304
76025.0,8,-5,302
76027.5,10,-4,302
76030.0,10,-5,301
76032.5,11,-7,304
76035.0,8,-7,304
76037.5,9,-5,305
76040.0,10,-6,304
76042.5,10,-7,302
76045.0,11,-6,303
76047.5,10,-6,304
76050.0,10,-10,302
76052.5,8,-11,304
76055.0,8,-11,304
76057.5,10,-7,304
76060.0,10,-6,305
76062.5,11,-8,305
76065.0,12,-9,305
76067.5,9,-8,304
76070.0,10,-7,306
76072.5,13,-9,306
76075.0,13,-9,304
76077.5,10,-5,303
76080.0,9,-4,301
76082.5,10,-7,303
76085.0,10,-7,301
76087.5,10,-7,304
76090.0,10,-7,304
76092.5,10,-8,299
76095.0,10,-9,304
76097.5,11,-8,303
76100.0,8,-8,303
76102.5,8,-8,299
76105.0,8,-8,299
76107.5,10,-7,304
76110.0,8,-7,303
76112.5,11,-7,306
76115.0,12,-10,301
76117.5,9,-8,300
76120.0,11,-8,299
76122.5,13,-6,305
76125.0,10,-6,305
76127.5,10,-9,304
76130.0,10,-9,309
76132.5,11,-11,302
76135.0,11,-5,306
76137.5,10,-9,304
76140.0,9,-9,302
76142.5,8,-8,302
76145.0,9,-7,303
76147.5,10,-9,304
76150.0,10,-11,301
76152.5,11,-9,304
76155.0,11,-9,304
76157.5,10,-11,302
76160.0,12,-5,306
76162.5,12,-7,303
76165.0,12,-10,303
76167.5,8,-5,305
76170.0,8,-7,306
76172.5,10,-6,303
76175.0,11,-6,301
76177.5,8,-6,302
76180.0,12,-9,302
76182.5,9,-9,300
76185.0,8,-9,301
76187.5,10,-9,303
76190.0,11,-8,304
76192.5,10,-7,302
76195.0,10,-9,301
76197.5,10,-6,301
76200.0,8,-8,302
76202.5,8,-10,304
76205.0,8,-10,304
76207.5,9,-11,301
76210.0,8,-8,303
76212.5,9,-7,301
76215.0,13,-8,302
76217.5,8,-5,303
76220.0,10,-5,305
76222.5,10,-7,305
76225.0,12,-10,304
76227.5,10,-6,303
76230.0,11,-9,302
76232.5,12,-7,305
76235.0,11,-8,305
76237.5,9,-8,303
76240.0,10,-7,304
76242.5,9,-9,303
76245.0,8,-7,303
76247.5,11,-10,303
76250.0,10,-9,303
76252.5,10,-10,305
76255.0,10,-10,305
76257.5,10,-9,301
76260.0,10,-9,306
76262.5,9,-8,307
76265.0,11,-8,302
76267.5,11,-8,303
76270.0,11,-6,307
76272.5,11,-8,304
76275.0,9,-5,302
76277.5,9,-8,303
76280.0,9,-9,302
76282.5,10,-8,305
76285.0,10,-8,302
76287.5,10,-7,303
76290.0,9,-5,303
76292.5,9,-8,302
76295.0,11,-10,304
76297.5,10,-8,302
76300.0,11,-8,305
76302.5,9,-10,303
76305.0,9,-10,303
76307.5,11,-7,302
76310.0,13,-9,303
76312.5,12,-8,302
76315.0,12,-7,299
76317.5,11,-7,306
76320.0,13,-6,307
76322.5,11,-6,302
76325.0,9,-8,303
76327.5,11,-7,303
76330.0,9,-8,303
76332.5,10,-10,304
76335.0,10,-8,304
76337.5,9,-6,303
76340.0,11,-9,304
76342.5,9,-8,301
76345.0,10,-9,302
76347.5,8,-7,303
76350.0,9,-8,302
76352.5,10,-9,305
76355.0,10,-9,305
76357.5,8,-7,304
76360.0,9,-8,306
76362.5,9,-8,304
76365.0,11,-6,303
76367.5,9,-4,302
76370.0,9,-7,304
76372.5,10,-6,303
76375.0,9,-7,308
76377.5,8,-5,304
76380.0,8,-10,304
76382.5,11,-9,306
76385.0,10,-8,303
76387.5,9,-5,303
76390.0,12,-8,302
76392.5,10,-9,302
76395.0,8,-6,303
76397.5,9,-7,304
76400.0,8,-9,304
76402.5,9,-8,303
76405.0,9,-8,303
76407.5,8,-8,301
76410.0,12,-9,307
76412.5,11,-6,304
76415.0,10,-8,299
76417.5,8,-8,303
76420.0,14,-8,302
76422.5,9,-9,304
76425.0,9,-8,304
76427.5,10,-8,303
76430.0,10,-7,304
76432.5,9,-7,305
76435.0,9,-8,302
76437.5,9,-8,303
76440.0,8,-6,301
76442.5,9,-11,303
76445.0,10,-8,302
76447.5,11,-11,300
76450.0,8,-6,305
76452.5,11,-7,302
76455.0,11,-7,302
76457.5,8,-7,305
76460.0,8,-8,303
76462.5,10,-6,304
76465.0,7,-7,304
76467.5,12,-7,308
76470.0,13,-9,304
76472.5,9,-9,300
76475.0,13,-8,304
76477.5,12,-9,307
76480.0,9,-8,303
76482.5,11,-8,306
76485.0,11,-8,302
76487.5,12,-10,302
76490.0,11,-10,300
76492.5,8,-6,303
76495.0,9,-8,303
76497.5,10,-9,302
76500.0,9,-8,306
76502.5,9,-8,306
76505.0,9,-9,303
76507.5,12,-8,307
76510.0,11,-8,305
76512.5,11,-4,297
76515.0,11,-6,302
76517.5,9,-7,307
76520.0,10,-6,303
76522.5,9,-6,302
76525.0,11,-7,306
76527.5,12,-5,299
76530.0,12,-9,303
76532.5,9,-4,304
76535.0,9,-8,304
76537.5,11,-8,300
76540.0,8,-9,303
76542.5,9,-8,303
76545.0,12,-10,303
76547.5,10,-9,305
76550.0,9,-8,301
76552.5,9,-8,301
76555.0,9,-8,301
76557.5,12,-9,303
76560.0,11,-7,306
76562.5,11,-9,304
76565.0,6,-6,303
76567.5,8,-6,303
76570.0,12,-6,303
76572.5,9,-9,306
76575.0,9,-4,306
76577.5,10,-6,304
76580.0,11,-10,306
76582.5,9,-6,306
76585.0,11,-8,301
76587.5,10,-7,302
76590.0,9,-9,303
76592.5,9,-9,301
76595.0,9,-7,303
76597.5,10,-9,300
76600.0,10,-8,305
76602.5,10,-8,305
76605.0,8,-7,302
76607.5,10,-7,304
76610.0,12,-6,300
76612.5,10,-7,303
76615.0,10,-10,306
76617.5,10,-8,304
76620.0,9,-5,303
76622.5,10,-7,303
76625.0,9,-8,301
76627.5,10,-8,301
76630.0,9,-7,303
76632.5,12,-9,301
76635.0,9,-8,302
76637.5,8,-7,304
76640.0,10,-8,304
76642.5,7,-9,304
76645.0,9,-10,302
76647.5,9,-9,307
76650.0,9,-8,302
76652.5,9,-8,302
76655.0,9,-8,304
76657.5,10,-4,302
76660.0,12,-9,305
76662.5,10,-5,301
76665.0,8,-7,308
76667.5,10,-4,306
76670.0,9,-5,303
76672.5,11,-7,303
76675.0,9,-7,305
76677.5,10,-8,305
76680.0,11,-8,303
76682.5,12,-9,307
76685.0,9,-9,301
76687.5,12,-8,303
76690.0,10,-7,302
76692.5,12,-8,302
76695.0,12,-7,304
76697.5,11,-9,303
76700.0,9,-11,302
76702.5,9,-11,302
76705.0,9,-10,305
76707.5,11,-11,306
76710.0,10,-7,307
76712.5,11,-5,304
76715.0,9,-6,304
76717.5,10,-7,305
76720.0,11,-7,302
76722.5,10,-9,303
76725.0,12,-9,303
76727.5,12,-9,302
76730.0,13,-8,303
76732.5,9,-8,304
76735.0,10,-8,303
76737.5,10,-6,302
76740.0,10,-7,303
76742.5,9,-8,302
76745.0,9,-8,301
76747.5,9,-9,302
76750.0,10,-8,303
76752.5,10,-8,303
76755.0,10,-9,300
76757.5,9,-6,299
76760.0,9,-8,301
76762.5,12,-7,302
76765.0,11,-10,303
76767.5,9,-7,302
76770.0,12,-12,310
76772.5,11,-8,307
76775.0,9,-7,305
76777.5,10,-8,304
76780.0,9,-7,305
76782.5,9,-7,303
76785.0,10,-9,304
76787.5,10,-8,305
76790.0,8,-9,304
76792.5,12,-8,308
76795.0,11,-9,305
76797.5,12,-9,302
76800.0,10,-9,302
76802.5,10,-9,302
76805.0,8,-7,304
76807.5,12,-9,303
76810.0,10,-8,305
76812.5,8,-9,301
76815.0,10,-7,308
76817.5,11,-10,303
76820.0,8,-5,301
76822.5,11,-7,304
76825.0,10,-8,303
76827.5,10,-8,304
76830.0,11,-7,306
76832.5,11,-9,306
76835.0,9,-7,305
76837.5,10,-8,303
76840.0,9,-7,300
76842.5,11,-8,304
76845.0,10,-6,303
76847.5,10,-4,303
76850.0,10,-7,303
76852.5,10,-7,303
76855.0,11,-8,303
76857.5,8,-9,307
76860.0,10,-7,304
76862.5,9,-9,305
76865.0,9,-8,303
76867.5,11,-9,303
76870.0,9,-9,300
76872.5,10,-5,301
76875.0,9,-7,302
76877.5,9,-8,304
76880.0,9,-7,303
76882.5,9,-7,303
76885.0,11,-8,306
76887.5,9,-9,302
76890.0,10,-7,306
76892.5,9,-8,302
76895.0,10,-9,301
76897.5,10,-9,303
76900.0,10,-9,303
76902.5,9,-7,300
76905.0,10,-9,302
76907.5,10,-9,303
76910.0,9,-6,300
76912.5,11,-8,304
76915.0,10,-7,306
76917.5,8,-4,303
76920.0,8,-7,305
76922.5,10,-7,303
76925.0,10,-6,303
76927.5,7,-4,304
76930.0,10,-6,304
76932.5,9,-6,305
76935.0,11,-9,303
76937.5,9,-7,302
76940.0,10,-9,304
76942.5,9,-5,305
76945.0,10,-10,302
76947.5,10,-9,303
76950.0,10,-9,303
76952.5,10,-9,299
76955.0,8,-7,305
76957.5,8,-7,303
76960.0,10,-7,305
76962.5,11,-8,308
76965.0,11,-8,306
76967.5,10,-7,305
76970.0,10,-8,303
76972.5,10,-6,302
76975.0,9,-4,305
76977.5,8,-8,305
76980.0,10,-9,304
76982.5,10,-7,303
76985.0,10,-8,302
76987.5,9,-6,304
76990.0,9,-9,302
76992.5,11,-7,303
76995.0,9,-8,302
76997.5,10,-9,299
77000.0,10,-9,299
77002.5,10,-6,307
77005.0,9,-11,300
77007.5,13,-7,304
77010.0,10,-8,304
77012.5,13,-7,303
77015.0,12,-7,305
77017.5,11,-5,301
77020.0,8,-5,302
77022.5,11,-5,305
77025.0,11,-10,299
77027.5,9,-8,303
77030.0,11,-8,309
77032.5,10,-8,301
77035.0,9,-7,306
77037.5,8,-7,304
77040.0,8,-8,304
77042.5,8,-8,301
77045.0,8,-9,304
77047.5,8,-9,301
77050.0,8,-9,301
77052.5,9,-8,305
77055.0,10,-6,302
77057.5,10,-8,302
77060.0,9,-9,301
77062.5,11,-9,303
77065.0,10,-7,305
77067.5,9,-7,303
77070.0,11,-8,305
77072.5,11,-7,304
77075.0,7,-5,303
77077.5,10,-7,302
77080.0,10,-7,303
77082.5,8,-7,299
77085.0,10,-4,304
77087.5,10,-10,303
77090.0,11,-9,301
77092.5,9,-7,304
77095.0,10,-9,302
77097.5,9,-9,302
77100.0,9,-9,302
77102.5,10,-9,304
77105.0,8,-7,303
77107.5,9,-6,306
77110.0,11,-6,301
77112.5,15,-9,305
77115.0,13,-4,303
77117.5,12,-4,304
77120.0,9,-5,302
77122.5,10,-5,304
77125.0,9,-7,301
77127.5,11,-7,305
77130.0,13,-9,301
77132.5,10,-6,307
77135.0,11,-8,304
77137.5,8,-8,307
77140.0,10,-9,304
77142.5,11,-9,302
77145.0,8,-9,304
77147.5,8,-9,303
77150.0,8,-9,303
77152.5,9,-8,302
77155.0,8,-8,305
77157.5,10,-7,308
77160.0,11,-8,302
77162.5,7,-8,303
77165.0,9,-6,303
77167.5,9,-9,306
77170.0,10,-8,306
77172.5,12,-9,303
77175.0,11,-9,302
77177.5,11,-9,303
77180.0,11,-8,303
77182.5,8,-8,302
77185.0,9,-10,301
77187.5,11,-9,300
77190.0,11,-9,303
77192.5,11,-9,304
77195.0,9,-7,305
77197.5,9,-9,303
77200.0,9,-9,303
77202.5,13,-10,300
77205.0,11,-9,304
77207.5,10,-4,302
77210.0,9,-7,308
77212.5,11,-8,304
77215.0,10,-7,306
77217.5,10,-6,303
77220.0,12,-7,305
77222.5,11,-9,302
77225.0,8,-8,303
77227.5,9,-8,303
77230.0,9,-8,301
77232.5,11,-8,305
77235.0,9,-7,302
77237.5,12,-7,302
77240.0,10,-7,305
77242.5,9,-7,300
77245.0,8,-7,302
77247.5,9,-7,302
77250.0,9,-7,302
77252.5,8,-8,305
77255.0,11,-7,305
77257.5,9,-4,303
77260.0,10,-8,305
77262.5,10,-6,303
77265.0,8,-6,305
77267.5,10,-6,303
77270.0,10,-9,306
77272.5,10,-8,305
77275.0,11,-8,304
77277.5,10,-8,304
77280.0,9,-8,306
77282.5,8,-8,305
77285.0,8,-7,304
77287.5,9,-8,303
77290.0,9,-7,304
77292.5,9,-8,303
77295.0,11,-10,303
77297.5,11,-10,303
77300.0,12,-8,304
77302.5,8,-8,300
77305.0,9,-9,300
77307.5,10,-8,304
77310.0,8,-5,307
77312.5,9,-7,305
77315.0,10,-7,303
77317.5,11,-8,303
77320.0,12,-6,305
77322.5,11,-8,301
77325.0,9,-8,302
77327.5,9,-7,308
77330.0,9,-7,303
77332.5,11,-9,301
77335.0,10,-7,301
77337.5,10,-7,305
77340.0,7,-7,304
77342.5,11,-9,303
77345.0,10,-10,301
77347.5,10,-10,301
77350.0,10,-7,305
77352.5,8,-9,301
77355.0,8,-6,304
77357.5,8,-8,307
77360.0,10,-11,306
77362.5,11,-12,302
77365.0,9,-7,307
77367.5,11,-8,303
77370.0,11,-6,303
77372.5,8,-6,304
77375.0,9,-6,306
77377.5,10,-8,303
77380.0,10,-7,303
77382.5,10,-9,302
77385.0,11,-10,301
77387.5,7,-7,303
77390.0,11,-6,307
77392.5,11,-10,303
77395.0,10,-9,305
77397.5,10,-9,305
77400.0,10,-8,306
77402.5,11,-12,304
77405.0,13,-8,303
77407.5,9,-7,301
77410.0,9,-7,304
77412.5,11,-7,305
77415.0,10,-7,302
77417.5,10,-10,303
77420.0,11,-9,303
77422.5,10,-6,299
77425.0,10,-8,305
77427.5,9,-8,304
77430.0,9,-8,306
77432.5,10,-8,302
77435.0,8,-6,302
77437.5,11,-8,304
77440.0,8,-9,304
77442.5,8,-8,303
77445.0,10,-8,305
77447.5,10,-8,305
77450.0,10,-9,303
77452.5,9,-6,302
77455.0,8,-7,304
77457.5,7,-7,303
77460.0,10,-8,305
77462.5,10,-6,300
77465.0,11,-7,301
77467.5,10,-6,301
77470.0,10,-5,308
77472.5,11,-10,305
77475.0,10,-10,306
77477.5,11,-7,302
77480.0,12,-10,303
77482.5,10,-7,302
77485.0,8,-8,303
77487.5,10,-8,301
77490.0,10,-6,302
77492.5,11,-8,306
77495.0,8,-7,303
77497.5,8,-7,303
77500.0,12,-8,306
77502.5,10,-7,307
77505.0,8,-8,304
77507.5,11,-7,305
77510.0,11,-8,306
77512.5,12,-7,302
77515.0,11,-6,300
77517.5,10,-6,302
77520.0,8,-8,302
77522.5,10,-9,303
77525.0,11,-8,302
77527.5,12,-10,306
77530.0,11,-10,302
77532.5,9,-7,305
77535.0,9,-7,306
77537.5,9,-7,303
77540.0,9,-5,303
77542.5,10,-9,302
77545.0,10,-9,301
77547.5,10,-9,301
77550.0,11,-8,305
77552.5,9,-9,305
77555.0,10,-9,302
77557.5,8,-6,305
77560.0,11,-7,304
77562.5,14,-8,307
77565.0,9,-8,303
77567.5,10,-8,303
77570.0,12,-7,302
77572.5,8,-9,305
77575.0,10,-9,304
77577.5,11,-8,302
77580.0,12,-10,304
77582.5,11,-8,303
77585.0,11,-7,300
77587.5,9,-9,303
77590.0,9,-6,304
77592.5,12,-10,304
77595.0,10,-9,302
77597.5,10,-9,302
77600.0,11,-6,304
77602.5,10,-7,301
77605.0,11,-6,303
77607.5,8,-7,303
77610.0,8,-6,305
77612.5,13,-6,302
77615.0,13,-7,302
77617.5,11,-7,301
77620.0,10,-6,303
77622.5,9,-7,303
77625.0,11,-8,300
77627.5,9,-7,300
77630.0,10,-7,304
77632.5,9,-6,305
77635.0,8,-6,301
77637.5,9,-6,303
77640.0,10,-9,301
77642.5,8,-9,302
77645.0,8,-10,304
77647.5,8,-10,304
77650.0,11,-9,307
77652.5,8,-7,299
77655.0,9,-7,303
77657.5,12,-7,304
77660.0,10,-9,301
77662.5,7,-8,302
77665.0,11,-8,306
77667.5,10,-9,303
77670.0,10,-8,304
77672.5,8,-7,300
77675.0,9,-6,306
77677.5,11,-9,301
77680.0,8,-9,303
77682.5,8,-9,303
77685.0,10,-7,305
77687.5,10,-8,304
77690.0,9,-7,305
77692.5,9,-8,303
77695.0,9,-9,304
77697.5,9,-9,304
77700.0,10,-8,306
77702.5,10,-9,304
77705.0,12,-5,305
77707.5,10,-9,304
77710.0,9,-5,303
77712.5,13,-6,301
77715.0,10,-6,304
77717.5,9,-5,307
77720.0,11,-7,302
77722.5,10,-11,303
77725.0,11,-10,302
77727.5,11,-10,304
77730.0,9,-8,303
77732.5,10,-9,305
77735.0,9,-7,301
77737.5,11,-8,302
77740.0,10,-9,302
77742.5,8,-9,304
77745.0,8,-8,304
77747.5,8,-8,304
77750.0,11,-7,306
77752.5,10,-7,307
77755.0,11,-7,304
77757.5,8,-7,300
77760.0,12,-6,304
77762.5,8,-5,305
77765.0,11,-10,307
77767.5,10,-8,306
77770.0,10,-7,302
77772.5,10,-8,301
77775.0,9,-7,301
77777.5,10,-5,299
77780.0,9,-8,302
77782.5,10,-6,303
77785.0,11,-10,302
77787.5,10,-8,303
77790.0,9,-6,304
77792.5,10,-8,305
77795.0,10,-8,305
77797.5,10,-7,298
77800.0,9,-8,302
77802.5,9,-8,305
77805.0,11,-7,304
77807.5,9,-7,304
77810.0,10,-6,304
77812.5,9,-5,304
77815.0,9,-8,302
77817.5,8,-4,303
77820.0,11,-8,305
77822.5,10,-10,304
77825.0,10,-8,306
77827.5,11,-10,303
77830.0,11,-9,302
77832.5,9,-7,303
77835.0,9,-6,303
77837.5,7,-5,304
77840.0,11,-9,303
77842.5,10,-8,303
77845.0,10,-8,303
77847.5,9,-8,304
77850.0,12,-8,301
77852.5,9,-7,302
77855.0,10,-8,304
77857.5,9,-8,305
77860.0,12,-10,306
77862.5,9,-8,306
77865.0,12,-10,303
77867.5,11,-7,303
77870.0,11,-8,303
77872.5,10,-8,301
77875.0,9,-5,306
77877.5,11,-8,309
77880.0,10,-8,304
77882.5,10,-7,302
77885.0,10,-8,302
77887.5,10,-7,303
77890.0,8,-10,303
77892.5,9,-7,300
77895.0,9,-7,300
77897.5,9,-7,303
77900.0,8,-8,303
77902.5,10,-8,299
77905.0,11,-5,304
77907.5,10,-6,302
77910.0,11,-6,305
77912.5,11,-7,303
77915.0,9,-8,305
77917.5,10,-7,307
77920.0,10,-8,302
77922.5,10,-7,302
77925.0,10,-8,302
77927.5,10,-8,298
77930.0,10,-10,302
77932.5,10,-8,302
77935.0,9,-8,304
77937.5,10,-9,301
77940.0,11,-8,303
77942.5,10,-8,299
77945.0,10,-8,299
77947.5,11,-8,300
77950.0,9,-9,300
77952.5,8,-8,302
77955.0,8,-5,303
77957.5,10,-6,299
77960.0,10,-9,302
77962.5,9,-7,300
77965.0,11,-7,301
77967.5,11,-8,303
77970.0,9,-8,302
77972.5,11,-10,307
77975.0,10,-7,305
77977.5,9,-8,304
77980.0,10,-7,305
77982.5,9,-9,301
77985.0,10,-6,304
77987.5,8,-8,301
77990.0,7,-5,302
77992.5,10,-10,301
77995.0,10,-10,301
77997.5,7,-6,301
78000.0,11,-6,300
78002.5,10,-8,303
78005.0,7,-6,299
78007.5,8,-9,300
78010.0,11,-9,307
78012.5,10,-9,305
78015.0,10,-8,305
78017.5,10,-7,301
78020.0,9,-8,302
78022.5,9,-6,303
78025.0,11,-8,304
78027.5,9,-8,305
78030.0,9,-9,305
78032.5,10,-9,305
78035.0,9,-9,303
78037.5,11,-7,305
78040.0,9,-5,303
78042.5,11,-8,303
78045.0,11,-8,303
78047.5,9,-8,304
78050.0,9,-9,302
78052.5,11,-8,303
78055.0,10,-7,301
78057.5,8,-9,304
78060.0,9,-10,304
78062.5,9,-7,305
78065.0,10,-9,305
78067.5,11,-6,302
78070.0,12,-8,301
78072.5,12,-9,303
78075.0,9,-6,303
78077.5,9,-9,303
78080.0,9,-4,306
78082.5,10,-8,303
78085.0,11,-9,305
78087.5,9,-7,303
78090.0,12,-9,304
78092.5,8,-8,302
78095.0,8,-8,302
78097.5,9,-10,300
78100.0,11,-10,305
78102.5,9,-7,303
78105.0,10,-10,301
78107.5,10,-6,302
78110.0,11,-7,307
78112.5,10,-6,299
78115.0,8,-6,301
78117.5,10,-6,304
78120.0,11,-9,303
78122.5,12,-9,304
78125.0,9,-7,305
78127.5,11,-9,305
78130.0,9,-7,306
78132.5,9,-9,301
78135.0,9,-6,303
78137.5,10,-10,303
78140.0,10,-11,303
78142.5,9,-10,301
78145.0,9,-10,301
78147.5,10,-7,304
78150.0,11,-6,302
78152.5,9,-6,302
78155.0,9,-7,300
78157.5,11,-9,305
78160.0,11,-7,302
78162.5,10,-7,304
78165.0,10,-7,305
78167.5,13,-12,303
78170.0,10,-6,304
78172.5,10,-7,302
78175.0,11,-9,303
78177.5,10,-6,304
78180.0,11,-6,302
78182.5,9,-8,301
78185.0,10,-8,304
78187.5,9,-9,307
78190.0,9,-6,304
78192.5,10,-9,302
78195.0,10,-9,302
78197.5,9,-7,301
78200.0,8,-5,299
78202.5,9,-3,309
78205.0,10,-8,304
78207.5,10,-9,305
78210.0,12,-8,306
78212.5,10,-5,303
78215.0,10,-6,305
78217.5,9,-8,304
78220.0,10,-9,306
78222.5,12,-8,305
78225.0,8,-10,302
78227.5,8,-9,302
78230.0,10,-5,303
78232.5,10,-8,305
78235.0,9,-8,303
78237.5,10,-5,304
78240.0,12,-9,303
78242.5,12,-9,303
78245.0,12,-8,304
78247.5,10,-9,302
78250.0,11,-10,302
78252.5,10,-8,303
78255.0,10,-8,305
78257.5,9,-7,305
78260.0,13,-10,305
78262.5,11,-5,300
78265.0,9,-8,305
78267.5,11,-7,304
78270.0,9,-8,303
78272.5,10,-7,304
78275.0,12,-7,302
78277.5,10,-8,301
78280.0,10,-6,301
78282.5,9,-8,304
78285.0,9,-9,303
78287.5,10,-7,306
78290.0,11,-9,303
78292.5,11,-9,303
78295.0,9,-8,301
78297.5,9,-7,302
78300.0,8,-5,304
78302.5,12,-8,298
78305.0,11,-6,307
78307.5,9,-8,304
78310.0,10,-5,301
78312.5,12,-9,305
78315.0,10,-6,300
78317.5,12,-7,300
78320.0,11,-9,301
78322.5,9,-7,301
78325.0,11,-10,304
78327.5,10,-7,304
78330.0,8,-6,305
78332.5,11,-10,307
78335.0,9,-8,304
78337.5,8,-6,302
78340.0,10,-8,301
78342.5,10,-8,301
78345.0,10,-7,305
78347.5,10,-9,305
78350.0,7,-6,303
78352.5,10,-8,302
78355.0,11,-9,300
78357.5,9,-6,304
78360.0,12,-9,303
78362.5,11,-8,303
78365.0,9,-6,305
78367.5,9,-9,304
78370.0,13,-8,307
78372.5,11,-6,303
78375.0,9,-9,303
78377.5,10,-7,303
78380.0,8,-8,304
78382.5,9,-7,302
78385.0,13,-10,305
78387.5,11,-10,301
78390.0,9,-9,300
78392.5,9,-9,300
78395.0,12,-10,306
78397.5,11,-10,306
78400.0,11,-10,304
78402.5,11,-8,302
78405.0,7,-6,306
78407.5,9,-5,306
78410.0,9,-8,305
78412.5,9,-9,302
78415.0,10,-6,305
78417.5,12,-7,306
78420.0,11,-7,304
78422.5,10,-6,302
78425.0,9,-6,304
78427.5,9,-6,302
78430.0,10,-5,304
78432.5,11,-10,303
78435.0,10,-8,303
78437.5,11,-8,302
78440.0,9,-8,302
78442.5,9,-8,302
78445.0,11,-8,300
78447.5,8,-9,301
78450.0,10,-8,298
78452.5,13,-6,305
78455.0,11,-8,301
78457.5,12,-9,308
78460.0,9,-7,302
78462.5,12,-7,304
78465.0,11,-8,304
78467.5,7,-9,300
78470.0,10,-10,303
78472.5,12,-9,309
78475.0,8,-8,304
78477.5,10,-7,303
78480.0,10,-8,302
78482.5,11,-8,302
78485.0,11,-5,301
78487.5,9,-6,303
78490.0,9,-7,306
78492.5,9,-7,306
78495.0,10,-7,302
78497.5,8,-7,304
78500.0,11,-10,309
78502.5,12,-10,302
78505.0,9,-5,301
78507.5,12,-5,306
78510.0,12,-7,301
78512.5,10,-5,299
78515.0,9,-6,306
78517.5,10,-9,303
78520.0,10,-10,303
78522.5,11,-8,303
78525.0,9,-10,303
78527.5,12,-5,304
78530.0,8,-7,300
78532.5,10,-7,305
78535.0,10,-8,305
78537.5,10,-10,302
78540.0,8,-8,302
78542.5,8,-8,302
78545.0,8,-8,302
78547.5,8,-8,301
78550.0,8,-7,306
78552.5,11,-8,304
78555.0,10,-11,307
78557.5,10,-7,305
78560.0,12,-6,301
78562.5,8,-7,302
78565.0,10,-7,303
78567.5,8,-10,306
78570.0,11,-8,306
78572.5,11,-7,305
78575.0,12,-8,303
78577.5,11,-8,303
78580.0,8,-9,302
78582.5,8,-6,302
78585.0,10,-7,303
78587.5,10,-8,301
78590.0,10,-9,305
78592.5,10,-9,305
78595.0,11,-10,305
78597.5,11,-7,301
78600.0,10,-7,302
78602.5,9,-6,304
78605.0,11,-11,306
78607.5,10,-8,303
78610.0,11,-9,302
78612.5,12,-7,303
78615.0,8,-7,303
78617.5,9,-6,302
78620.0,12,-6,304
78622.5,11,-7,304
78625.0,10,-11,302
78627.5,10,-9,300
78630.0,10,-9,300
78632.5,10,-8,303
78635.0,9,-7,305
78637.5,10,-7,304
78640.0,9,-9,303
78642.5,9,-9,303
78645.0,9,-7,305
78647.5,11,-8,305
78650.0,11,-10,303
78652.5,10,-7,304
78655.0,10,-7,304
78657.5,11,-6,301
78660.0,10,-6,304
78662.5,11,-6,304
78665.0,9,-8,303
78667.5,10,-6,304
78670.0,8,-7,306
78672.5,9,-8,305
78675.0,12,-8,302
78677.5,10,-7,302
78680.0,10,-8,300
78682.5,11,-9,301
78685.0,8,-8,302
78687.5,10,-11,304
78690.0,10,-11,304
78692.5,10,-9,303
78695.0,12,-7,306
78697.5,12,-9,308
78700.0,11,-4,305
78702.5,13,-5,301
78705.0,10,-7,304
78707.5,9,-3,304
78710.0,10,-7,303
78712.5,11,-8,305
78715.0,12,-10,302
78717.5,9,-8,303
78720.0,12,-8,305
78722.5,9,-7,303
78725.0,10,-7,304
78727.5,10,-6,303
78730.0,10,-9,303
78732.5,9,-9,305
78735.0,12,-8,304
78737.5,12,-10,303
78740.0,12,-10,303
78742.5,10,-7,303
78745.0,9,-6,304
78747.5,9,-8,305
78750.0,9,-8,305
78752.5,9,-6,306
78755.0,10,-11,308
78757.5,11,-7,303
78760.0,11,-6,303
78762.5,7,-5,301
78765.0,11,-8,303
78767.5,10,-7,303
78770.0,9,-7,300
78772.5,9,-7,304
78775.0,11,-8,301
78777.5,11,-8,303
78780.0,10,-7,303
78782.5,9,-9,308
78785.0,10,-8,303
78787.5,11,-6,304
78790.0,11,-6,304
78792.5,9,-8,306
78795.0,8,-6,304
78797.5,11,-6,303
78800.0,9,-7,300
78802.5,7,-7,306
78805.0,9,-8,305
78807.5,11,-8,300
78810.0,13,-9,304
78812.5,12,-6,304
78815.0,11,-8,299
78817.5,12,-6,306
78820.0,11,-7,303
78822.5,9,-8,302
78825.0,11,-7,301
78827.5,13,-10,304
78830.0,9,-7,302
78832.5,9,-7,304
78835.0,9,-8,302
78837.5,10,-4,304
78840.0,10,-4,304
78842.5,9,-9,306
78845.0,11,-7,305
78847.5,10,-8,300
78850.0,12,-6,305
78852.5,12,-6,305
78855.0,13,-6,301
78857.5,10,-7,304
78860.0,9,-5,300
78862.5,9,-8,302
78865.0,7,-6,306
78867.5,7,-5,306
78870.0,10,-6,303
78872.5,7,-6,303
78875.0,9,-7,304
78877.5,9,-10,304
78880.0,11,-8,304
78882.5,10,-9,300
78885.0,10,-11,302
78887.5,8,-9,303
78890.0,8,-9,303
78892.5,8,-6,302
78895.0,11,-8,306
78897.5,10,-8,308
78900.0,11,-6,305
78902.5,9,-9,302
78905.0,8,-5,305
78907.5,10,-7,303
78910.0,10,-7,302
78912.5,12,-8,304
78915.0,12,-8,304
78917.5,11,-7,302
78920.0,13,-6,303
78922.5,10,-9,301
78925.0,10,-6,302
78927.5,9,-7,304
78930.0,11,-7,301
78932.5,11,-9,303
78935.0,10,-6,301
78937.5,10,-9,303
78940.0,10,-9,303
78942.5,10,-9,305
78945.0,11,-9,309
78947.5,11,-8,307
78950.0,10,-7,302
78952.5,11,-8,305
78955.0,10,-8,304
78957.5,7,-4,302
78960.0,10,-8,304
78962.5,10,-6,302
78965.0,8,-9,303
78967.5,8,-6,305
78970.0,9,-8,303
78972.5,9,-9,305
78975.0,11,-9,307
78977.5,8,-7,302
78980.0,10,-7,303
78982.5,9,-8,304
78985.0,9,-8,304
78987.5,12,-8,302
78990.0,12,-8,302
78992.5,10,-11,304
78995.0,10,-8,303
78997.5,10,-4,305
79000.0,11,-9,303
79002.5,9,-7,301
79005.0,12,-4,303
79007.5,10,-6,301
79010.0,9,-5,305
79012.5,11,-10,305
79015.0,9,-7,303
79017.5,10,-8,303
79020.0,11,-8,304
79022.5,12,-7,301
79025.0,9,-9,305
79027.5,8,-10,304
79030.0,11,-9,304
79032.5,10,-7,303
79035.0,9,-10,306
79037.5,9,-9,305
79040.0,9,-9,305
79042.5,11,-7,305
79045.0,13,-10,304
79047.5,12,-3,304
79050.0,10,-7,304
79052.5,9,-8,301
79055.0,10,-6,303
79057.5,9,-6,304
79060.0,9,-6,303
79062.5,10,-9,303
79065.0,9,-8,304
79067.5,10,-6,303
79070.0,10,-7,300
79072.5,11,-7,304
79075.0,12,-9,303
79077.5,12,-9,303
79080.0,11,-9,303
79082.5,9,-10,305
79085.0,12,-11,305
79087.5,12,-11,305
79090.0,11,-9,304
79092.5,11,-7,300
79095.0,8,-9,302
79097.5,11,-8,307
79100.0,10,-5,306
79102.5,8,-7,305
79105.0,11,-8,307
79107.5,12,-8,304
79110.0,11,-7,304
79112.5,8,-7,302
79115.0,10,-7,304
79117.5,9,-6,301
79120.0,11,-7,303
79122.5,10,-10,304
79125.0,11,-7,303
79127.5,9,-7,304
79130.0,9,-8,302
79132.5,9,-7,302
79135.0,9,-8,302
79137.5,9,-8,302
79140.0,10,-9,303
79142.5,8,-8,304
79145.0,11,-7,305
79147.5,11,-5,305
79150.0,10,-8,299
79152.5,11,-10,302
79155.0,13,-7,303
79157.5,11,-10,302
79160.0,8,-9,299
79162.5,11,-7,307
79165.0,9,-9,306
79167.5,10,-6,302
79170.0,10,-9,302
79172.5,9,-7,304
79175.0,8,-9,305
79177.5,10,-8,304
79180.0,9,-7,302
79182.5,8,-5,300
79185.0,11,-9,303
79187.5,11,-9,303
79190.0,10,-8,303
79192.5,10,-7,303
79195.0,11,-7,302
79197.5,10,-7,300
79200.0,10,-7,307
79202.5,10,-5,308
79205.0,8,-5,306
79207.5,11,-10,305
79210.0,11,-7,302
79212.5,8,-5,303
79215.0,10,-6,303
79217.5,13,-7,303
79220.0,9,-9,302
79222.5,8,-6,305
79225.0,10,-8,305
79227.5,10,-8,304
79230.0,11,-9,301
79232.5,9,-8,301
79235.0,11,-9,303
79237.5,11,-9,303
79240.0,10,-7,304
79242.5,9,-10,306
79245.0,10,-8,301
79247.5,11,-5,305
79250.0,10,-5,304
79252.5,10,-4,308
79255.0,10,-6,303
79257.5,10,-8,307
79260.0,9,-7,302
79262.5,11,-8,306
79265.0,11,-6,305
79267.5,10,-8,300
79270.0,9,-8,303
79272.5,9,-8,302
79275.0,9,-7,304
79277.5,11,-9,302
79280.0,9,-7,302
79282.5,8,-10,302
79285.0,9,-9,302
79287.5,9,-9,302
79290.0,12,-10,304
79292.5,10,-6,303
79295.0,8,-6,298
79297.5,10,-5,305
79300.0,10,-9,304
79302.5,9,-6,304
79305.0,10,-9,305
79307.5,12,-8,304
79310.0,11,-7,306
79312.5,10,-7,304
79315.0,10,-5,302
79317.5,10,-7,301
79320.0,8,-9,305
79322.5,10,-7,304
79325.0,8,-8,304
79327.5,8,-9,303
79330.0,8,-10,305
79332.5,10,-8,305
79335.0,9,-8,302
79337.5,9,-8,302
79340.0,10,-7,303
79342.5,10,-5,305
79345.0,8,-7,303
79347.5,10,-11,304
79350.0,9,-7,306
79352.5,11,-7,305
79355.0,11,-7,303
79357.5,10,-6,301
79360.0,8,-7,305
79362.5,10,-7,302
79365.0,11,-10,302
79367.5,9,-6,302
79370.0,10,-9,299
79372.5,12,-9,306
79375.0,8,-6,305
79377.5,10,-8,303
79380.0,9,-7,306
79382.5,11,-8,304
79385.0,11,-11,307
79387.5,11,-11,307
79390.0,10,-6,302
79392.5,10,-7,299
79395.0,10,-7,305
79397.5,8,-5,302
79400.0,11,-7,304
79402.5,10,-8,309
79405.0,10,-5,307
79407.5,11,-5,304
79410.0,10,-8,304
79412.5,10,-5,303
79415.0,9,-8,301
79417.5,10,-9,304
79420.0,9,-10,305
79422.5,12,-8,304
79425.0,10,-8,302
79427.5,10,-10,305
79430.0,9,-7,303
79432.5,9,-9,303
79435.0,9,-7,304
79437.5,9,-7,304
79440.0,10,-8,305
79442.5,9,-8,303
79445.0,11,-7,304
79447.5,11,-7,302
79450.0,10,-6,301
79452.5,10,-7,304
79455.0,9,-9,302
79457.5,9,-5,304
79460.0,11,-9,303
79462.5,9,-8,300
79465.0,10,-8,304
79467.5,8,-8,305
79470.0,10,-8,304
79472.5,10,-8,304
79475.0,9,-8,303
79477.5,11,-8,303
79480.0,9,-7,299
79482.5,8,-8,304
79485.0,9,-8,306
79487.5,9,-8,306
79490.0,8,-7,305
79492.5,9,-6,301
79495.0,9,-7,302
79497.5,9,-6,306
79500.0,10,-10,304
79502.5,9,-8,304
79505.0,8,-7,298
79507.5,11,-8,306
79510.0,9,-5,302
79512.5,7,-6,303
79515.0,12,-7,301
79517.5,7,-8,303
79520.0,11,-8,306
79522.5,10,-8,305
79525.0,9,-6,304
79527.5,10,-9,305
79530.0,11,-8,302
79532.5,9,-8,303
79535.0,9,-8,303
79537.5,12,-10,305
79540.0,13,-7,303
79542.5,13,-10,303
79545.0,14,-6,299
79547.5,10,-5,304
79550.0,9,-8,304
79552.5,11,-5,301
79555.0,10,-6,305
79557.5,9,-5,303
79560.0,12,-10,302
79562.5,11,-10,303
79565.0,10,-7,306
79567.5,11,-9,304
79570.0,8,-8,301
79572.5,9,-6,305
79575.0,10,-8,304
79577.5,10,-7,301
79580.0,8,-7,303
79582.5,10,-7,304
79585.0,10,-7,304
79587.5,8,-9,301
79590.0,8,-7,303
79592.5,11,-9,302
79595.0,9,-10,305
79597.5,8,-5,304
79600.0,10,-6,304
79602.5,10,-5,303
79605.0,7,-5,302
79607.5,11,-8,302
79610.0,10,-7,303
79612.5,10,-9,306
79615.0,10,-8,303
79617.5,11,-9,305
79620.0,9,-4,302
79622.5,11,-9,303
79625.0,10,-6,302
79627.5,8,-8,305
79630.0,10,-9,304
79632.5,8,-8,300
79635.0,8,-8,300
79637.5,9,-7,302
79640.0,12,-8,305
79642.5,10,-4,303
79645.0,10,-10,298
79647.5,9,-6,308
79650.0,11,-9,308
79652.5,9,-6,306
79655.0,11,-4,303
79657.5,8,-8,308
79660.0,9,-7,303
79662.5,10,-5,301
79665.0,9,-7,302
79667.5,8,-9,304
79670.0,9,-8,305
79672.5,11,-10,305
79675.0,10,-9,304
79677.5,10,-9,305
79680.0,10,-8,302
79682.5,9,-8,301
79685.0,9,-8,301
79687.5,10,-4,302
79690.0,10,-8,302
79692.5,10,-8,304
79695.0,12,-5,304
79697.5,10,-4,302
79700.0,11,-8,301
79702.5,10,-5,302
79705.0,9,-6,301
79707.5,9,-10,300
79710.0,11,-9,304
79712.5,10,-6,305
79715.0,11,-5,306
79717.5,10,-9,303
79720.0,11,-8,302
79722.5,9,-8,303
79725.0,10,-10,302
79727.5,8,-7,304
79730.0,9,-8,305
79732.5,12,-9,303
79735.0,12,-9,303
79737.5,13,-9,303
79740.0,7,-6,305
79742.5,11,-8,302
79745.0,12,-11,304
79747.5,10,-7,302
79750.0,13,-7,300
79752.5,10,-9,301
79755.0,8,-7,304
79757.5,9,-8,304
79760.0,9,-6,305
79762.5,10,-7,303
79765.0,9,-5,303
79767.5,11,-9,304
79770.0,8,-5,302
79772.5,9,-9,304
79775.0,10,-10,303
79777.5,9,-9,302
79780.0,10,-7,305
79782.5,9,-8,304
79785.0,9,-8,304
79787.5,11,-7,298
79790.0,10,-8,301
79792.5,10,-7,303
79795.0,13,-9,301
79797.5,13,-5,303
79800.0,12,-6,305
79802.5,10,-6,301
79805.0,11,-7,303
79807.5,9,-5,302
79810.0,9,-6,304
79812.5,10,-8,306
79815.0,8,-5,302
79817.5,11,-10,306
79820.0,10,-9,302
79822.5,12,-8,304
79825.0,11,-8,303
79827.5,9,-9,302
79830.0,8,-6,302
79832.5,10,-11,303
79835.0,10,-11,303
79837.5,9,-11,304
79840.0,9,-8,304
79842.5,11,-9,304
79845.0,10,-8,301
79847.5,8,-7,302
79850.0,10,-7,302
79852.5,10,-8,302
79855.0,8,-7,302
79857.5,9,-10,304
79860.0,9,-5,307
79862.5,11,-10,303
79865.0,9,-5,302
79867.5,10,-7,306
79870.0,10,-10,304
79872.5,10,-9,304
79875.0,10,-8,302
79877.5,9,-7,305
79880.0,8,-8,304
79882.5,11,-9,304
79885.0,11,-9,304
79887.5,13,-9,300
79890.0,7,-5,305
79892.5,6,-4,303
79895.0,10,-4,307
79897.5,11,-5,306
79900.0,9,-7,306
79902.5,11,-4,304
79905.0,11,-2,303
79907.5,10,-6,305
79910.0,9,-9,301
79912.5,10,-10,303
79915.0,10,-8,304
79917.5,11,-11,304
79920.0,9,-8,302
79922.5,11,-9,302
79925.0,10,-7,302
79927.5,10,-8,305
79930.0,8,-7,303
79932.5,8,-9,303
79935.0,8,-9,303
79937.5,11,-10,304
79940.0,10,-9,306
79942.5,11,-5,304
79945.0,11,-8,303
79947.5,9,-7,304
79950.0,9,-4,304
79952.5,10,-9,304
79955.0,12,-8,306
79957.5,10,-9,302
79960.0,10,-9,299
79962.5,9,-8,306
79965.0,7,-6,302
79967.5,9,-9,302
79970.0,11,-9,304
79972.5,11,-9,302
79975.0,10,-10,304
79977.5,10,-8,304
79980.0,12,-11,302
79982.5,12,-11,302
79985.0,9,-9,304
79987.5,11,-7,304
79990.0,10,-9,303
79992.5,8,-9,311
79995.0,13,-8,303
79997.5,9,-9,303
80000.0,11,-6,306
80002.5,11,-5,303
80005.0,11,-5,304
80007.5,8,-5,304
80010.0,11,-8,304
80012.5,11,-7,304
80015.0,9,-6,300
80017.5,11,-7,304
80020.0,11,-8,302
80022.5,11,-8,303
80025.0,9,-7,305
80027.5,11,-9,301
80030.0,11,-8,303
80032.5,11,-8,303
80035.0,8,-6,301
80037.5,13,-7,300
80040.0,11,-9,303
80042.5,11,-7,305
80045.0,8,-5,302
80047.5,8,-9,303
80050.0,8,-6,303
80052.5,14,-9,304
80055.0,12,-7,303
80057.5,9,-6,299
80060.0,11,-9,307
80062.5,10,-9,305
80065.0,9,-8,304
80067.5,9,-8,304
80070.0,11,-10,304
80072.5,9,-8,304
80075.0,8,-10,305
80077.5,11,-9,302
80080.0,10,-7,301
80082.5,10,-7,301
80085.0,11,-8,305
80087.5,9,-9,304
80090.0,11,-9,305
80092.5,11,-6,302
80095.0,9,-5,305
80097.5,8,-4,302
80100.0,6,-5,302
80102.5,7,-6,306
80105.0,10,-7,305
80107.5,9,-7,302
80110.0,10,-8,304
80112.5,10,-6,303
80115.0,9,-5,302
80117.5,11,-7,302
80120.0,9,-8,305
80122.5,8,-7,304
80125.0,11,-9,302
80127.5,10,-8,301
80130.0,10,-9,302
80132.5,10,-9,302
80135.0,11,-8,306
80137.5,10,-7,302
80140.0,11,-7,306
80142.5,11,-8,301
80145.0,11,-5,300
80147.5,11,-4,306
80150.0,11,-7,305
80152.5,11,-8,301
80155.0,10,-7,303
80157.5,12,-11,299
80160.0,11,-6,304
80162.5,12,-9,305
80165.0,10,-8,300
80167.5,11,-7,302
80170.0,9,-8,305
80172.5,10,-9,305
80175.0,8,-10,304
80177.5,10,-10,302
80180.0,9,-8,305
80182.5,9,-8,305
80185.0,11,-7,302
80187.5,10,-6,304
80190.0,12,-6,304
80192.5,9,-7,304
80195.0,10,-9,303
80197.5,10,-7,304
80200.0,12,-7,303
80202.5,10,-8,303
80205.0,7,-5,305
80207.5,10,-10,300
80210.0,10,-9,304
80212.5,9,-8,302
80215.0,11,-7,302
80217.5,9,-9,305
80220.0,11,-10,303
80222.5,9,-4,304
80225.0,11,-8,302
80227.5,9,-7,303
80230.0,8,-8,302
80232.5,8,-8,302
80235.0,11,-10,302
80237.5,11,-9,300
80240.0,13,-8,300
80242.5,13,-8,301
80245.0,8,-8,305
80247.5,9,-9,303
80250.0,12,-6,305
80252.5,11,-9,303
80255.0,11,-7,303
80257.5,11,-10,303
80260.0,11,-7,301
80262.5,9,-6,302
80265.0,10,-8,304
80267.5,11,-8,303
80270.0,9,-8,303
80272.5,9,-8,304
80275.0,11,-8,303
80277.5,10,-8,303
80280.0,8,-9,307
80282.5,8,-9,307
80285.0,11,-8,304
80287.5,9,-7,304
80290.0,10,-7,303
80292.5,7,-7,303
80295.0,11,-9,307
80297.5,15,-9,302
80300.0,8,-4,299
80302.5,9,-6,303
80305.0,11,-7,303
80307.5,9,-10,305
80310.0,11,-8,303
80312.5,9,-7,305
80315.0,11,-10,305
80317.5,10,-7,307
80320.0,11,-8,302
80322.5,11,-7,303
80325.0,9,-8,304
80327.5,10,-10,308
80330.0,11,-6,302
80332.5,11,-6,302
80335.0,9,-9,302
80337.5,11,-11,299
80340.0,12,-7,305
80342.5,11,-6,302
80345.0,12,-5,302
80347.5,10,-6,303
80350.0,10,-4,304
80352.5,10,-8,305
80355.0,10,-9,305
80357.5,12,-8,303
80360.0,9,-8,304
80362.5,9,-8,303
80365.0,11,-8,302
80367.5,10,-8,302
80370.0,10,-9,303
80372.5,11,-7,303
80375.0,11,-8,305
80377.5,8,-6,303
80380.0,10,-8,302
80382.5,10,-8,302
80385.0,8,-8,304
80387.5,8,-9,303
80390.0,8,-6,306
80392.5,11,-8,307
80395.0,11,-6,306
80397.5,10,-7,308
80400.0,9,-7,305
80402.5,11,-8,304
80405.0,11,-7,304
80407.5,11,-8,305
80410.0,9,-9,302
80412.5,9,-7,305
80415.0,10,-7,302
80417.5,9,-4,303
80420.0,11,-8,302
80422.5,10,-10,303
80425.0,10,-8,302
80427.5,9,-9,300
80430.0,9,-9,300
80432.5,7,-9,302
80435.0,9,-5,302
80437.5,9,-9,303
80440.0,11,-7,304
80442.5,10,-9,299
80445.0,10,-5,302
80447.5,11,-7,304
80450.0,7,-6,303
80452.5,9,-7,304
80455.0,11,-9,305
80457.5,9,-9,306
80460.0,9,-9,302
80462.5,9,-8,307
80465.0,10,-8,304
80467.5,12,-7,302
80470.0,9,-9,306
80472.5,10,-9,304
80475.0,9,-7,304
80477.5,10,-8,302
80480.0,10,-8,302
80482.5,10,-10,304
80485.0,11,-7,304
80487.5,8,-7,305
80490.0,11,-8,301
80492.5,10,-8,302
80495.0,10,-10,303
80497.5,7,-7,306
80500.0,13,-10,306
80502.5,13,-8,305
80505.0,9,-8,304
80507.5,9,-9,302
80510.0,11,-7,304
80512.5,10,-8,302
80515.0,10,-8,306
80517.5,10,-8,305
80520.0,7,-8,302
80522.5,11,-9,306
80525.0,8,-8,304
80527.5,9,-7,302
80530.0,9,-7,302
80532.5,10,-6,305
80535.0,11,-8,301
80537.5,10,-7,305
80540.0,10,-6,302
80542.5,9,-3,304
80545.0,9,-7,303
80547.5,9,-4,305
80550.0,10,-9,305
80552.5,12,-9,305
80555.0,10,-8,302
80557.5,11,-9,302
80560.0,12,-9,303
80562.5,9,-8,302
80565.0,10,-8,304
80567.5,8,-8,304
80570.0,11,-9,302
80572.5,9,-8,301
80575.0,9,-6,303
80577.5,11,-9,305
80580.0,11,-9,305
80582.5,11,-9,301
80585.0,9,-5,303
80587.5,10,-7,301
80590.0,11,-7,307
80592.5,14,-9,303
80595.0,11,-7,304
80597.5,11,-7,302
80600.0,11,-8,305
80602.5,10,-8,303
80605.0,9,-6,301
80607.5,10,-8,305
80610.0,12,-8,306
80612.5,10,-9,305
80615.0,7,-4,305
80617.5,11,-9,305
80620.0,10,-8,301
80622.5,11,-9,302
80625.0,9,-7,305
80627.5,11,-11,303
80630.0,11,-11,303
80632.5,10,-9,304
80635.0,11,-10,305
80637.5,9,-10,303
80640.0,8,-6,304
80642.5,9,-8,306
80645.0,11,-5,303
80647.5,10,-6,303
80650.0,9,-6,305
80652.5,11,-9,303
80655.0,9,-5,301
80657.5,11,-8,302
80660.0,10,-8,301
80662.5,10,-9,302
80665.0,10,-8,306
80667.5,9,-9,302
80670.0,8,-5,304
80672.5,8,-9,303
80675.0,8,-5,302
80677.5,10,-5,302
80680.0,10,-5,302
80682.5,10,-8,305
80685.0,9,-7,305
80687.5,12,-9,303
80690.0,11,-6,304
80692.5,11,-6,306
80695.0,14,-5,305
80697.5,11,-7,304
80700.0,10,-8,308
80702.5,11,-6,302
80705.0,11,-5,304
80707.5,10,-7,301
80710.0,11,-8,303
80712.5,10,-9,301
80715.0,12,-9,304
80717.5,11,-8,303
80720.0,10,-10,304
80722.5,12,-9,301
80725.0,10,-11,304
80727.5,8,-9,300
80730.0,8,-9,300
80732.5,10,-10,302
80735.0,9,-7,304
80737.5,11,-11,307
80740.0,9,-6,305
80742.5,9,-9,304
80745.0,9,-7,303
80747.5,11,-12,306
80750.0,10,-10,306
80752.5,11,-6,301
80755.0,9,-7,302
80757.5,9,-6,301
80760.0,9,-6,301
80762.5,11,-9,307
80765.0,9,-9,305
80767.5,10,-8,301
80770.0,10,-8,304
80772.5,11,-8,304
80775.0,9,-8,302
80777.5,12,-8,299
80780.0,12,-8,299
80782.5,10,-8,298
80785.0,9,-10,305
80787.5,9,-7,304
80790.0,9,-7,303
80792.5,11,-7,301
80795.0,12,-6,300
80797.5,10,-6,304
80800.0,9,-8,301
80802.5,11,-8,303
80805.0,13,-9,300
80807.5,8,-7,307
80810.0,11,-9,304
80812.5,10,-8,302
80815.0,9,-8,301
80817.5,8,-9,305
80820.0,10,-8,302
80822.5,10,-9,300
80825.0,12,-9,303
80827.5,9,-9,304
80830.0,9,-9,304
80832.5,11,-8,307
80835.0,13,-9,302
80837.5,11,-6,301
80840.0,9,-5,300
80842.5,10,-6,303
80845.0,7,-6,301
80847.5,9,-8,302
80850.0,11,-7,304
80852.5,12,-8,303
80855.0,10,-7,306
80857.5,10,-8,305
80860.0,9,-6,302
80862.5,10,-7,302
80865.0,11,-8,305
80867.5,10,-7,307
80870.0,9,-6,304
80872.5,12,-10,304
80875.0,13,-10,304
80877.5,13,-10,304
80880.0,9,-8,305
80882.5,11,-7,302
80885.0,9,-7,303
80887.5,11,-6,305
80890.0,13,-7,305
80892.5,10,-8,307
80895.0,12,-2,303
80897.5,11,-5,303
80900.0,11,-7,301
80902.5,8,-4,303
80905.0,9,-9,308
80907.5,9,-8,302
80910.0,11,-7,301
80912.5,10,-7,304
80915.0,9,-8,304
80917.5,8,-8,302
80920.0,9,-7,306
80922.5,11,-10,302
80925.0,10,-8,303
80927.5,10,-8,303
80930.0,7,-7,300
80932.5,13,-9,304
80935.0,11,-9,303
80937.5,10,-8,303
80940.0,10,-7,302
80942.5,11,-9,305
80945.0,10,-7,304
80947.5,13,-8,306
80950.0,10,-10,305
80952.5,11,-6,303
80955.0,9,-6,303
80957.5,10,-9,306
80960.0,7,-6,306
80962.5,9,-8,304
80965.0,10,-8,305
80967.5,10,-8,306
80970.0,10,-8,305
80972.5,11,-8,303
80975.0,10,-7,303
80977.5,10,-7,303
80980.0,10,-8,303
80982.5,10,-8,300
80985.0,11,-8,304
80987.5,12,-10,303
80990.0,14,-7,301
80992.5,12,-7,306
80995.0,12,-8,307
80997.5,12,-5,301
81000.0,11,-7,305
81002.5,9,-9,304
81005.0,9,-9,304
81007.5,11,-9,304
81010.0,11,-6,303
81012.5,10,-9,305
81015.0,9,-8,304
81017.5,9,-9,302
81020.0,10,-7,305
81022.5,8,-7,305
81025.0,11,-8,304
81027.5,11,-8,304
81030.0,12,-8,301
81032.5,10,-9,301
81035.0,8,-7,302
81037.5,11,-8,305
81040.0,9,-9,307
81042.5,11,-10,304
81045.0,10,-9,305
81047.5,12,-8,302
81050.0,11,-10,300
81052.5,10,-7,305
81055.0,9,-5,305
81057.5,9,-8,305
81060.0,6,-6,300
81062.5,10,-5,304
81065.0,10,-8,303
81067.5,9,-7,304
81070.0,9,-8,303
81072.5,10,-6,303
81075.0,9,-9,303
81077.5,9,-9,303
81080.0,11,-7,299
81082.5,8,-6,303
81085.0,10,-10,300
81087.5,10,-9,302
81090.0,8,-7,303
81092.5,12,-8,308
81095.0,8,-10,304
81097.5,10,-8,303
81100.0,10,-6,306
81102.5,11,-7,304
81105.0,10,-7,302
81107.5,9,-9,305
81110.0,9,-6,302
81112.5,11,-9,302
81115.0,8,-8,302
81117.5,9,-10,304
81120.0,8,-8,302
81122.5,8,-8,303
81125.0,10,-9,303
81127.5,10,-9,303
81130.0,10,-7,306
81132.5,12,-7,301
81135.0,11,-6,304
81137.5,10,-7,300
81140.0,8,-8,307
81142.5,12,-9,305
81145.0,8,-7,307
81147.5,9,-7,304
81150.0,11,-8,301
81152.5,10,-6,302
81155.0,10,-6,306
81157.5,9,-8,303
81160.0,9,-7,303
81162.5,10,-5,300
81165.0,11,-10,301
81167.5,11,-10,304
81170.0,10,-9,305
81172.5,8,-7,301
81175.0,10,-6,306
81177.5,10,-6,306
81180.0,8,-9,304
81182.5,10,-7,307
81185.0,11,-9,306
81187.5,10,-9,302
81190.0,12,-4,303
81192.5,8,-7,305
81195.0,10,-7,305
81197.5,10,-7,307
81200.0,11,-7,304
81202.5,9,-10,303
81205.0,11,-8,301
81207.5,10,-7,300
81210.0,8,-7,304
81212.5,11,-8,301
81215.0,10,-9,303
81217.5,10,-10,304
81220.0,9,-7,302
81222.5,10,-8,302
81225.0,13,-9,305
81227.5,13,-9,305
81230.0,11,-6,302
81232.5,9,-9,305
81235.0,10,-5,305
81237.5,9,-9,301
81240.0,11,-10,304
81242.5,11,-8,302
81245.0,11,-4,300
81247.5,11,-7,302
81250.0,11,-6,306
81252.5,11,-8,304
81255.0,10,-8,304
81257.5,10,-8,305
81260.0,9,-9,302
81262.5,10,-9,304
81265.0,10,-11,302
81267.5,9,-6,305
81270.0,10,-4,307
81272.5,9,-9,305
81275.0,9,-8,303
81277.5,9,-8,303
81280.0,10,-8,306
81282.5,11,-9,305
81285.0,11,-4,304
81287.5,9,-8,302
81290.0,11,-8,305
81292.5,9,-6,303
81295.0,9,-8,306
81297.5,12,-7,307
81300.0,10,-7,304
81302.5,10,-8,302
81305.0,11,-7,307
81307.5,12,-8,301
81310.0,10,-8,303
81312.5,8,-6,304
81315.0,8,-8,303
81317.5,10,-7,306
81320.0,10,-8,304
81322.5,11,-11,304
81325.0,11,-11,304
81327.5,11,-10,304
81330.0,11,-10,302
81332.5,9,-9,303
81335.0,8,-7,303
81337.5,12,-10,302
81340.0,11,-7,306
81342.5,12,-8,302
81345.0,11,-6,304
81347.5,10,-5,305
81350.0,11,-7,303
81352.5,11,-9,302
81355.0,11,-9,304
81357.5,12,-8,303
81360.0,10,-8,304
81362.5,10,-6,302
81365.0,10,-7,304
81367.5,8,-9,304
81370.0,10,-7,301
81372.5,12,-5,304
81375.0,12,-5,304
81377.5,9,-8,305
81380.0,9,-8,301
81382.5,8,-7,304
81385.0,10,-8,302
81387.5,8,-6,306
81390.0,8,-7,302
81392.5,10,-10,305
81395.0,6,-4,304
81397.5,11,-7,304
81400.0,8,-6,304
81402.5,9,-6,306
81405.0,11,-9,305
81407.5,10,-9,304
81410.0,11,-7,304
81412.5,9,-8,300
81415.0,9,-6,303
81417.5,10,-7,302
81420.0,12,-9,301
81422.5,11,-8,304
81425.0,11,-8,304
81427.5,9,-9,304
81430.0,10,-10,302
81432.5,8,-9,304
81435.0,11,-10,305
81437.5,9,-7,307
81440.0,10,-9,309
81442.5,12,-7,308
81445.0,10,-6,303
81447.5,10,-6,303
81450.0,10,-7,302
81452.5,11,-9,304
81455.0,9,-8,302
81457.5,10,-9,306
81460.0,10,-8,302
81462.5,9,-7,300
81465.0,9,-4,303
81467.5,10,-9,303
81470.0,9,-11,302
81472.5,10,-9,303
81475.0,10,-9,303
81477.5,8,-10,306
81480.0,9,-9,303
81482.5,10,-8,301
81485.0,9,-5,303
81487.5,7,-9,304
81490.0,10,-8,304
81492.5,9,-5,305
81495.0,10,-8,305
81497.5,12,-11,305
81500.0,9,-4,302
81502.5,11,-7,303
81505.0,11,-10,300
81507.5,8,-9,300
81510.0,9,-8,304
81512.5,9,-9,305
81515.0,10,-6,307
81517.5,11,-7,304
81520.0,9,-7,300
81522.5,12,-7,302
81525.0,12,-7,302
81527.5,9,-7,305
81530.0,8,-4,302
81532.5,10,-9,305
81535.0,12,-8,302
81537.5,11,-9,307
81540.0,10,-4,306
81542.5,10,-7,305
81545.0,10,-8,306
81547.5,9,-5,306
81550.0,11,-9,302
81552.5,9,-6,302
81555.0,10,-7,302
81557.5,8,-8,302
81560.0,9,-7,305
81562.5,8,-8,304
81565.0,12,-8,302
81567.5,9,-8,301
81570.0,7,-8,301
81572.5,10,-9,301
81575.0,10,-9,301
81577.5,10,-8,301
81580.0,12,-9,304
81582.5,9,-8,305
81585.0,11,-6,307
81587.5,10,-6,304
81590.0,14,-6,305
81592.5,11,-5,302
81595.0,10,-6,304
81597.5,10,-7,303
81600.0,10,-8,305
81602.5,10,-7,306
81605.0,11,-9,306
81607.5,9,-6,301
81610.0,9,-8,303
81612.5,11,-8,302
81615.0,11,-8,304
81617.5,10,-7,303
81620.0,8,-8,302
81622.5,8,-7,303
81625.0,8,-7,303
81627.5,8,-7,301
81630.0,9,-9,307
81632.5,11,-9,302
81635.0,10,-8,302
81637.5,10,-6,300
81640.0,9,-5,308
81642.5,11,-8,303
81645.0,9,-9,303
81647.5,10,-6,304
81650.0,10,-8,304
81652.5,10,-8,305
81655.0,10,-6,303
81657.5,11,-6,302
81660.0,10,-7,303
81662.5,11,-9,304
81665.0,9,-7,300
81667.5,9,-7,304
81670.0,9,-9,301
81672.5,11,-6,303
81675.0,11,-6,303
81677.5,10,-9,300
81680.0,11,-5,304
81682.5,8,-4,303
81685.0,9,-7,306
81687.5,9,-8,307
81690.0,10,-8,300
81692.5,13,-7,300
81695.0,11,-9,301
81697.5,11,-8,303
81700.0,8,-9,305
81702.5,10,-7,305
81705.0,10,-7,307
81707.5,9,-7,301
81710.0,11,-9,302
81712.5,10,-9,301
81715.0,10,-9,303
81717.5,10,-10,303
81720.0,8,-8,305
81722.5,11,-7,303
81725.0,11,-7,303
81727.5,9,-7,306
81730.0,11,-6,302
81732.5,9,-4,301
81735.0,9,-4,302
81737.5,9,-8,304
81740.0,9,-7,303
81742.5,11,-8,301
81745.0,9,-7,304
81747.5,10,-6,301
81750.0,10,-9,303
81752.5,11,-8,301
81755.0,10,-8,304
81757.5,11,-8,300
81760.0,10,-3,303
81762.5,8,-8,303
81765.0,12,-10,302
81767.5,10,-9,304
81770.0,9,-8,302
81772.5,9,-8,302
81775.0,10,-9,300
81777.5,10,-10,304
81780.0,9,-7,301
81782.5,13,-9,305
81785.0,9,-7,304
81787.5,11,-6,304
81790.0,12,-7,305
81792.5,10,-6,303
81795.0,11,-7,305
81797.5,8,-6,304
81800.0,10,-7,305
81802.5,12,-9,306
81805.0,11,-9,303
81807.5,10,-8,304
81810.0,10,-10,302
81812.5,8,-8,303
81815.0,9,-8,305
81817.5,10,-6,304
81820.0,10,-6,302
81822.5,10,-6,302
81825.0,10,-7,306
81827.5,14,-10,305
81830.0,10,-7,307
81832.5,12,-8,301
81835.0,10,-8,301
81837.5,10,-8,303
81840.0,10,-8,306
81842.5,10,-8,306
81845.0,9,-9,305
81847.5,9,-7,306
81850.0,9,-10,305
81852.5,9,-9,306
81855.0,9,-6,305
81857.5,9,-7,304
81860.0,9,-10,303
81862.5,10,-9,301
81865.0,11,-8,303
81867.5,14,-9,304
81870.0,9,-8,302
81872.5,9,-8,302
81875.0,8,-9,304
81877.5,12,-6,297
81880.0,12,-5,301
81882.5,9,-7,301
81885.0,10,-9,306
81887.5,12,-8,309
81890.0,11,-7,304
81892.5,11,-8,308
81895.0,11,-7,301
81897.5,9,-6,303
81900.0,10,-7,301
81902.5,11,-9,305
81905.0,8,-8,299
81907.5,9,-8,306
81910.0,8,-8,305
81912.5,8,-9,301
81915.0,8,-8,304
81917.5,9,-7,304
81920.0,9,-9,304
81922.5,9,-9,304
81925.0,8,-4,304
81927.5,10,-10,304
81930.0,10,-9,302
81932.5,11,-8,302
81935.0,8,-7,304
81937.5,9,-9,311
81940.0,10,-6,308
81942.5,12,-8,302
81945.0,10,-7,301
81947.5,9,-4,303
81950.0,11,-9,303
81952.5,10,-8,305
81955.0,6,-8,302
81957.5,9,-9,306
81960.0,11,-10,301
81962.5,12,-9,304
81965.0,10,-10,303
81967.5,9,-9,302
81970.0,9,-6,303
81972.5,9,-6,303
81975.0,11,-7,302
81977.5,10,-8,302
81980.0,9,-9,302
81982.5,5,-8,304
81985.0,8,-9,301
81987.5,10,-7,304
81990.0,8,-6,305
81992.5,9,-8,305
81995.0,11,-6,308
81997.5,11,-7,304
82000.0,10,-7,303
82002.5,12,-9,307
82005.0,10,-8,305
82007.5,8,-7,302
82010.0,10,-7,305
82012.5,8,-8,302
82015.0,8,-7,303
82017.5,11,-9,301
82020.0,8,-9,306
82022.5,8,-9,306
82025.0,10,-9,302
82027.5,11,-9,304
82030.0,10,-8,303
82032.5,11,-6,302
82035.0,11,-6,303
82037.5,11,-6,301
82040.0,9,-8,303
82042.5,11,-9,303
82045.0,11,-7,302
82047.5,10,-8,302
82050.0,10,-9,305
82052.5,10,-8,301
82055.0,9,-8,302
82057.5,10,-8,303
82060.0,10,-9,306
82062.5,10,-11,303
82065.0,9,-9,301
82067.5,9,-11,303
82070.0,10,-9,303
82072.5,10,-9,303
82075.0,11,-10,302
82077.5,8,-8,300
82080.0,12,-9,301
82082.5,13,-8,304
82085.0,9,-3,302
82087.5,8,-4,305
82090.0,11,-7,309
82092.5,9,-8,303
82095.0,10,-7,303
82097.5,10,-9,304
82100.0,10,-10,304
82102.5,8,-8,300
82105.0,6,-3,302
82107.5,10,-7,303
82110.0,7,-6,303
82112.5,10,-8,305
82115.0,9,-10,300
82117.5,10,-6,306
82120.0,9,-7,305
82122.5,9,-7,305
82125.0,11,-10,302
82127.5,8,-8,304
82130.0,11,-5,306
82132.5,9,-10,304
82135.0,12,-9,304
82137.5,9,-6,305
82140.0,10,-7,304
82142.5,13,-4,302
82145.0,12,-7,302
82147.5,9,-7,303
82150.0,9,-7,304
82152.5,9,-9,306
82155.0,9,-9,301
82157.5,7,-7,303
82160.0,10,-7,304
82162.5,9,-7,302
82165.0,9,-7,305
82167.5,9,-8,303
82170.0,10,-8,303
82172.5,10,-8,303
82175.0,8,-8,300
82177.5,11,-7,303
82180.0,11,-5,301
82182.5,9,-6,301
82185.0,12,-6,303
82187.5,8,-5,304
82190.0,9,-10,303
82192.5,9,-8,305
82195.0,9,-7,300
82197.5,10,-9,301
82200.0,11,-11,307
82202.5,11,-8,302
82205.0,9,-8,302
82207.5,9,-7,304
82210.0,9,-8,303
82212.5,7,-6,303
82215.0,11,-6,303
82217.5,9,-8,301
82220.0,9,-8,301
82222.5,9,-8,306
82225.0,10,-7,302
82227.5,8,-7,303
82230.0,10,-6,305
82232.5,10,-7,301
82235.0,10,-7,304
82237.5,11,-6,302
82240.0,13,-9,304
82242.5,11,-8,307
82245.0,11,-8,305
82247.5,9,-6,304
82250.0,8,-7,304
82252.5,9,-9,304
82255.0,9,-7,302
82257.5,9,-9,301
82260.0,9,-8,304
82262.5,8,-6,301
82265.0,8,-9,304
82267.5,7,-9,303
82270.0,7,-9,303
82272.5,10,-8,308
82275.0,10,-7,307
82277.5,9,-7,302
82280.0,10,-7,299
82282.5,13,-6,299
82285.0,9,-6,303
82287.5,7,-6,304
82290.0,10,-9,302
82292.5,13,-10,303
82295.0,9,-7,303
82297.5,10,-7,305
82300.0,11,-8,304
82302.5,9,-8,304
82305.0,8,-6,302
82307.5,10,-9,303
82310.0,11,-8,302
82312.5,10,-8,306
82315.0,9,-11,302
82317.5,10,-9,302
82320.0,10,-9,302
82322.5,8,-9,304
82325.0,10,-6,306
82327.5,9,-10,304
82330.0,10,-6,303
82332.5,12,-6,305
82335.0,9,-5,299
82337.5,7,-5,302
82340.0,8,-7,303
82342.5,9,-7,302
82345.0,10,-9,301
82347.5,12,-9,304
82350.0,12,-9,302
82352.5,10,-7,302
82355.0,10,-11,305
82357.5,9,-7,299
82360.0,10,-7,304
82362.5,10,-9,306
82365.0,10,-10,305
82367.5,8,-9,304
82370.0,8,-9,304
82372.5,11,-11,303
82375.0,11,-8,306
82377.5,8,-7,300
82380.0,10,-8,301
82382.5,7,-8,303
82385.0,9,-7,301
82387.5,10,-7,304
82390.0,9,-7,302
82392.5,8,-6,303
82395.0,10,-9,305
82397.5,10,-7,303
82400.0,12,-5,302
82402.5,11,-8,303
82405.0,9,-6,304
82407.5,10,-9,302
82410.0,10,-9,301
82412.5,10,-12,303
82415.0,9,-8,303
82417.5,9,-7,305
82420.0,9,-7,305
82422.5,11,-9,303
82425.0,10,-7,302
82427.5,8,-6,302
82430.0,12,-7,307
82432.5,11,-9,305
82435.0,10,-8,302
82437.5,9,-6,304
82440.0,12,-10,305
82442.5,10,-7,304
82445.0,7,-4,301
82447.5,9,-7,301
82450.0,10,-6,301
82452.5,10,-8,304
82455.0,8,-7,303
82457.5,11,-9,300
82460.0,9,-7,301
82462.5,10,-6,303
82465.0,11,-7,305
82467.5,12,-7,305
82470.0,12,-7,305
82472.5,11,-10,303
82475.0,10,-7,303
82477.5,10,-7,305
82480.0,9,-8,305
82482.5,11,-6,304
82485.0,9,-7,303
82487.5,10,-6,303
82490.0,10,-5,305
82492.5,10,-7,302
82495.0,10,-9,304
82497.5,11,-7,304
82500.0,10,-9,303
82502.5,9,-6,304
82505.0,13,-9,305
82507.5,9,-8,303
82510.0,9,-7,304
82512.5,9,-7,302
82515.0,9,-8,302
82517.5,8,-6,304
82520.0,8,-6,304
82522.5,9,-10,303
82525.0,10,-8,306
82527.5,14,-7,303
82530.0,10,-8,302
82532.5,11,-6,305
82535.0,13,-9,300
82537.5,9,-5,303
82540.0,11,-5,302
82542.5,12,-8,305
82545.0,9,-7,305
82547.5,10,-4,301
82550.0,10,-7,305
82552.5,11,-7,303
82555.0,11,-8,303
82557.5,10,-10,305
82560.0,11,-10,305
82562.5,10,-9,301
82565.0,11,-8,304
82567.5,11,-8,304
82570.0,9,-6,297
82572.5,11,-9,303
82575.0,12,-7,304
82577.5,11,-5,303
82580.0,9,-4,301
82582.5,9,-7,307
82585.0,11,-4,300
82587.5,9,-7,303
82590.0,9,-8,302
82592.5,9,-5,305
82595.0,10,-7,304
82597.5,11,-9,304
82600.0,11,-7,302
82602.5,11,-8,303
82605.0,11,-9,305
82607.5,8,-7,305
82610.0,11,-9,302
82612.5,8,-7,305
82615.0,8,-9,305
82617.5,8,-9,305
82620.0,9,-8,304
82622.5,10,-8,305
82625.0,8,-9,303
82627.5,6,-7,303
82630.0,10,-6,300
82632.5,10,-6,305
82635.0,11,-6,303
82637.5,11,-8,308
82640.0,13,-9,305
82642.5,11,-8,302
82645.0,9,-7,304
82647.5,12,-6,301
82650.0,11,-8,303
82652.5,9,-8,304
82655.0,9,-8,303
82657.5,10,-8,307
82660.0,8,-8,304
82662.5,10,-7,299
82665.0,9,-8,304
82667.5,9,-8,304
82670.0,10,-9,303
82672.5,9,-7,304
82675.0,10,-9,303
82677.5,9,-8,304
82680.0,9,-6,303
82682.5,11,-8,303
82685.0,13,-8,304
82687.5,8,-6,304
82690.0,8,-8,303
82692.5,9,-9,303
82695.0,10,-9,303
82697.5,11,-7,302
82700.0,13,-8,303
82702.5,11,-7,303
82705.0,9,-8,303
82707.5,10,-7,304
82710.0,9,-6,304
82712.5,10,-10,305
82715.0,11,-10,305
82717.5,11,-10,305
82720.0,10,-6,303
82722.5,10,-3,303
82725.0,10,-3,306
82727.5,11,-7,308
82730.0,9,-9,306
82732.5,11,-6,303
82735.0,8,-9,305
82737.5,9,-7,303
82740.0,11,-8,306
82742.5,11,-6,300
82745.0,11,-6,307
82747.5,11,-9,303
82750.0,8,-6,304
82752.5,9,-9,303
82755.0,10,-9,302
82757.5,11,-8,304
82760.0,10,-10,298
82762.5,9,-7,301
82765.0,8,-10,303
82767.5,8,-10,303
82770.0,10,-8,302
82772.5,11,-9,303
82775.0,10,-8,306
82777.5,11,-8,305
82780.0,9,-10,306
82782.5,12,-7,307
82785.0,10,-8,302
82787.5,10,-6,304
82790.0,10,-6,305
82792.5,8,-5,306
82795.0,8,-6,303
82797.5,8,-6,302
82800.0,9,-9,305
82802.5,10,-8,304
82805.0,10,-9,304
82807.5,12,-10,305
82810.0,9,-9,302
82812.5,9,-5,301
82815.0,9,-8,304
82817.5,9,-8,304
82820.0,10,-8,304
82822.5,10,-10,305
82825.0,9,-9,308
82827.5,8,-6,302
82830.0,11,-7,301
82832.5,11,-9,301
82835.0,11,-7,304
82837.5,8,-8,306
82840.0,8,-9,304
82842.5,8,-9,304
82845.0,9,-9,304
82847.5,9,-6,300
82850.0,10,-9,303
82852.5,9,-7,303
82855.0,9,-8,304
82857.5,9,-6,303
82860.0,9,-9,305
82862.5,12,-10,308
82865.0,9,-9,301
82867.5,9,-9,301
82870.0,9,-8,304
82872.5,6,-5,303
82875.0,10,-3,306
82877.5,9,-6,302
82880.0,13,-9,301
82882.5,11,-8,305
82885.0,11,-6,301
82887.5,10,-7,304
82890.0,11,-7,304
82892.5,11,-10,300
82895.0,10,-5,304
82897.5,11,-10,303
82900.0,11,-8,305
82902.5,8,-7,304
82905.0,8,-9,303
82907.5,11,-8,304
82910.0,10,-6,301
82912.5,9,-6,304
82915.0,7,-5,300
82917.5,7,-5,300
82920.0,9,-6,303
82922.5,11,-8,305
82925.0,11,-7,307
82927.5,11,-5,304
82930.0,11,-4,306
82932.5,9,-6,305
82935.0,9,-8,306
82937.5,10,-7,303
82940.0,10,-8,304
82942.5,11,-9,304
82945.0,8,-9,305
82947.5,8,-8,304
82950.0,8,-6,301
82952.5,9,-7,303
82955.0,9,-8,305
82957.5,11,-10,304
82960.0,8,-7,303
82962.5,10,-11,303
82965.0,10,-11,303
82967.5,10,-7,305
82970.0,8,-8,305
82972.5,10,-7,300
82975.0,9,-9,307
82977.5,11,-7,303
82980.0,10,-7,304
82982.5,9,-5,303
82985.0,12,-5,303
82987.5,13,-6,303
82990.0,10,-6,304
82992.5,8,-7,305
82995.0,10,-6,304
82997.5,12,-9,303
83000.0,8,-8,304
83002.5,10,-6,304
83005.0,10,-8,306
83007.5,7,-7,300
83010.0,10,-8,301
83012.5,10,-6,303
83015.0,10,-6,303
83017.5,8,-8,304
83020.0,10,-9,300
83022.5,10,-6,302
83025.0,10,-7,298
83027.5,9,-9,307
83030.0,12,-5,303
83032.5,9,-9,300
83035.0,12,-9,308
83037.5,12,-10,302
83040.0,10,-9,299
83042.5,9,-5,303
83045.0,11,-7,306
83047.5,10,-9,304
83050.0,10,-8,302
83052.5,12,-9,304
83055.0,12,-10,305
83057.5,10,-8,301
83060.0,10,-8,303
83062.5,10,-6,304
83065.0,10,-6,304
83067.5,10,-8,306
83070.0,13,-7,303
83072.5,11,-6,306
83075.0,12,-6,308
83077.5,12,-7,300
83080.0,11,-6,306
83082.5,9,-6,308
83085.0,12,-7,303
83087.5,10,-9,303
83090.0,11,-9,304
83092.5,12,-8,305
83095.0,10,-7,303
83097.5,10,-6,302
83100.0,10,-8,304
83102.5,10,-8,304
83105.0,11,-9,303
83107.5,10,-9,302
83110.0,9,-10,303
83112.5,9,-8,302
83115.0,9,-8,302
83117.5,10,-10,302
83120.0,12,-7,304
83122.5,10,-8,304
83125.0,9,-5,306
83127.5,7,-7,305
83130.0,10,-9,308
83132.5,12,-6,307
83135.0,9,-9,305
83137.5,11,-8,304
83140.0,10,-7,305
83142.5,11,-8,304
83145.0,10,-8,302
83147.5,10,-8,302
83150.0,10,-10,303
83152.5,10,-10,304
83155.0,11,-8,303
83157.5,9,-8,301
83160.0,11,-8,302
83162.5,11,-6,302
83165.0,11,-6,302
83167.5,10,-7,303
83170.0,10,-10,304
83172.5,10,-8,303
83175.0,8,-8,303
83177.5,11,-6,303
83180.0,13,-8,306
83182.5,10,-8,297
83185.0,9,-7,300
83187.5,8,-5,307
83190.0,8,-7,306
83192.5,11,-8,305
83195.0,12,-10,303
83197.5,10,-9,305
83200.0,9,-8,303
83202.5,9,-8,299
83205.0,9,-9,304
83207.5,10,-9,302
83210.0,12,-9,305
83212.5,10,-8,305
83215.0,10,-8,305
83217.5,12,-8,299
83220.0,10,-6,303
83222.5,9,-4,307
83225.0,11,-6,303
83227.5,10,-9,309
83230.0,14,-5,306
83232.5,11,-8,303
83235.0,10,-8,302
83237.5,11,-7,305
83240.0,9,-6,304
83242.5,9,-7,304
83245.0,10,-7,304
83247.5,9,-11,303
83250.0,10,-8,305
83252.5,9,-8,304
83255.0,10,-10,304
83257.5,9,-9,303
83260.0,10,-9,301
83262.5,8,-8,303
83265.0,8,-8,303
83267.5,10,-8,305
83270.0,9,-9,303
83272.5,12,-8,305
83275.0,10,-4,305
83277.5,8,-5,301
83280.0,10,-7,308
83282.5,8,-6,303
83285.0,8,-7,307
83287.5,10,-7,303
83290.0,12,-9,301
83292.5,11,-9,304
83295.0,10,-8,304
83297.5,8,-7,302
83300.0,7,-6,307
83302.5,9,-7,303
83305.0,9,-7,303
83307.5,12,-9,305
83310.0,10,-8,305
83312.5,12,-8,300
83315.0,12,-8,300
83317.5,8,-6,305
83320.0,9,-6,303
83322.5,9,-6,306
83325.0,11,-6,303
83327.5,12,-4,301
83330.0,11,-7,304
83332.5,13,-10,303
83335.0,8,-6,298
83337.5,12,-8,302
83340.0,8,-10,304
83342.5,8,-8,304
83345.0,10,-9,304
83347.5,11,-9,303
83350.0,10,-9,303
83352.5,9,-9,304
83355.0,8,-8,305
83357.5,9,-9,305
83360.0,8,-10,305
83362.5,10,-10,302
83365.0,10,-10,302
83367.5,7,-7,302
83370.0,7,-6,303
83372.5,10,-9,305
83375.0,12,-8,305
83377.5,10,-8,302
83380.0,11,-7,303
83382.5,11,-6,304
83385.0,11,-7,302
83387.5,7,-6,306
83390.0,9,-7,302
83392.5,11,-9,304
83395.0,10,-8,303
83397.5,8,-7,301
83400.0,9,-6,301
83402.5,10,-9,303
83405.0,9,-8,301
83407.5,9,-9,306
83410.0,9,-10,306
83412.5,7,-7,306
83415.0,7,-7,306
83417.5,9,-9,302
83420.0,11,-7,302
83422.5,11,-8,300
83425.0,9,-4,306
83427.5,11,-9,307
83430.0,12,-10,304
83432.5,8,-5,300
83435.0,11,-8,305
83437.5,11,-10,301
83440.0,10,-8,300
83442.5,9,-7,305
83445.0,9,-8,303
83447.5,10,-6,303
83450.0,9,-8,300
83452.5,6,-7,302
83455.0,11,-7,304
83457.5,8,-5,303
83460.0,8,-7,304
83462.5,8,-7,304
83465.0,8,-9,303
83467.5,13,-8,303
83470.0,13,-9,302
83472.5,11,-7,301
83475.0,9,-6,304
83477.5,9,-6,301
83480.0,10,-6,303
83482.5,11,-7,304
83485.0,14,-8,306
83487.5,12,-6,304
83490.0,12,-9,302
83492.5,11,-6,305
83495.0,9,-8,301
83497.5,11,-7,305
83500.0,10,-10,303
83502.5,10,-10,304
83505.0,9,-7,303
83507.5,11,-10,300
83510.0,10,-8,300
83512.5,10,-8,300
83515.0,9,-9,305
83517.5,9,-11,303
83520.0,9,-9,303
83522.5,7,-7,303
83525.0,8,-9,304
83527.5,11,-9,306
83530.0,11,-8,301
83532.5,10,-7,304
83535.0,10,-6,304
83537.5,9,-8,302
83540.0,9,-8,305
83542.5,10,-9,303
83545.0,9,-10,301
83547.5,10,-9,303
83550.0,10,-7,300
83552.5,9,-7,304
83555.0,9,-7,301
83557.5,9,-8,303
83560.0,10,-8,304
83562.5,10,-8,304
83565.0,10,-7,303
83567.5,12,-8,303
83570.0,12,-7,303
83572.5,9,-7,300
83575.0,8,-5,308
83577.5,9,-9,306
83580.0,11,-7,304
83582.5,10,-7,303
83585.0,12,-8,308
83587.5,8,-6,306
83590.0,9,-6,303
83592.5,10,-7,303
83595.0,10,-9,301
83597.5,12,-10,303
83600.0,11,-8,303
83602.5,10,-8,302
83605.0,8,-8,304
83607.5,9,-6,302
83610.0,8,-7,303
83612.5,8,-7,303
83615.0,8,-9,304
83617.5,11,-7,306
83620.0,10,-8,304
83622.5,11,-7,302
83625.0,8,-8,304
83627.5,8,-6,304
83630.0,10,-6,307
83632.5,10,-8,302
83635.0,11,-5,302
83637.5,9,-6,303
83640.0,9,-8,307
83642.5,10,-8,305
83645.0,10,-8,305
83647.5,10,-7,303
83650.0,9,-7,304
83652.5,9,-7,302
83655.0,11,-7,302
83657.5,8,-8,304
83660.0,9,-8,302
83662.5,9,-8,302
83665.0,10,-8,304
83667.5,10,-8,301
83670.0,10,-5,302
83672.5,11,-8,300
83675.0,10,-9,304
83677.5,10,-6,305
83680.0,9,-7,304
83682.5,11,-8,300
83685.0,8,-5,301
83687.5,9,-9,307
83690.0,8,-8,306
83692.5,10,-8,305
83695.0,10,-8,299
83697.5,8,-8,307
83700.0,7,-5,304
83702.5,9,-7,304
83705.0,11,-10,304
83707.5,11,-10,305
83710.0,10,-9,304
83712.5,10,-9,304
83715.0,11,-7,303
83717.5,9,-10,305
83720.0,10,-7,300
83722.5,11,-5,305
83725.0,11,-8,305
83727.5,10,-4,305
83730.0,11,-6,302
83732.5,9,-8,303
83735.0,10,-5,302
83737.5,10,-8,300
83740.0,8,-7,305
83742.5,9,-7,303
83745.0,12,-10,303
83747.5,10,-8,304
83750.0,11,-7,302
83752.5,12,-7,300
83755.0,9,-8,303
83757.5,9,-5,302
83760.0,11,-9,306
83762.5,11,-9,306
83765.0,12,-8,303
83767.5,12,-6,302
83770.0,11,-9,303
83772.5,7,-6,302
83775.0,10,-7,302
83777.5,14,-9,301
83780.0,9,-9,301
83782.5,9,-6,306
83785.0,12,-8,303
83787.5,10,-7,303
83790.0,12,-8,304
83792.5,12,-10,304
83795.0,11,-9,306
83797.5,10,-9,303
83800.0,9,-9,304
83802.5,12,-9,305
83805.0,8,-8,302
83807.5,9,-9,303
83810.0,9,-10,304
83812.5,9,-10,304
83815.0,8,-7,302
83817.5,11,-8,303
83820.0,9,-9,303
83822.5,10,-8,304
83825.0,7,-8,302
83827.5,9,-9,301
83830.0,10,-7,305
83832.5,8,-9,304
83835.0,12,-8,303
83837.5,9,-8,302
83840.0,11,-10,301
83842.5,8,-9,302
83845.0,8,-6,303
83847.5,9,-8,305
83850.0,9,-7,299
83852.5,12,-9,302
83855.0,13,-10,304
83857.5,11,-5,301
83860.0,10,-9,301
83862.5,10,-9,301
83865.0,9,-9,303
83867.5,11,-9,306
83870.0,11,-7,305
83872.5,9,-7,306
83875.0,11,-8,302
83877.5,13,-7,307
83880.0,10,-9,298
83882.5,9,-4,302
83885.0,11,-8,306
83887.5,9,-9,306
83890.0,9,-8,304
83892.5,8,-9,304
83895.0,10,-8,301
83897.5,9,-7,300
83900.0,10,-9,302
83902.5,11,-8,305
83905.0,9,-8,303
83907.5,8,-9,305
83910.0,11,-9,305
83912.5,11,-9,305
83915.0,11,-9,306
83917.5,12,-7,303
83920.0,11,-7,302
83922.5,9,-4,302
83925.0,9,-7,304
83927.5,8,-9,306
83930.0,9,-6,305
83932.5,10,-7,304
83935.0,10,-7,301
83937.5,9,-6,303
83940.0,11,-9,305
83942.5,7,-8,304
83945.0,10,-6,307
83947.5,9,-8,303
83950.0,9,-8,302
83952.5,11,-8,304
83955.0,10,-8,304
83957.5,9,-8,300
83960.0,9,-8,300
83962.5,8,-10,302
83965.0,10,-7,304
83967.5,10,-11,304
83970.0,10,-7,305
83972.5,12,-9,304
83975.0,12,-7,303
83977.5,11,-8,300
83980.0,11,-6,304
83982.5,11,-7,302
83985.0,8,-6,301
83987.5,8,-6,304
83990.0,11,-10,306
83992.5,10,-9,303
83995.0,10,-7,304
83997.5,11,-10,303
84000.0,10,-8,300
84002.5,11,-7,304
84005.0,9,-7,301
84007.5,9,-9,305
84010.0,9,-9,305
84012.5,10,-8,301
84015.0,10,-9,301
84017.5,9,-6,301
84020.0,12,-7,301
84022.5,8,-6,305
84025.0,10,-7,306
84027.5,6,-5,304
84030.0,11,-7,307
84032.5,12,-9,305
84035.0,11,-8,302
84037.5,11,-8,304
84040.0,10,-9,301
84042.5,9,-9,303
84045.0,9,-7,304
84047.5,10,-9,304
84050.0,7,-9,303
84052.5,10,-9,303
84055.0,11,-9,303
84057.5,9,-8,302
84060.0,9,-8,302
84062.5,11,-5,305
84065.0,10,-5,305
84067.5,9,-7,303
84070.0,10,-7,305
84072.5,10,-6,301
84075.0,11,-4,305
84077.5,11,-6,302
84080.0,9,-6,304
84082.5,11,-9,301
84085.0,9,-9,301
84087.5,9,-8,304
84090.0,11,-7,303
84092.5,9,-8,303
84095.0,11,-8,301
84097.5,9,-9,303
84100.0,10,-7,303
84102.5,11,-9,304
84105.0,12,-8,301
84107.5,7,-8,304
84110.0,7,-8,304
84112.5,10,-7,302
84115.0,10,-8,303
84117.5,7,-6,301
84120.0,9,-5,302
84122.5,11,-11,300
84125.0,11,-10,303
84127.5,10,-5,304
84130.0,9,-8,304
84132.5,10,-8,304
84135.0,10,-7,303
84137.5,9,-8,303
84140.0,11,-8,304
84142.5,10,-9,300
84145.0,10,-10,305
84147.5,9,-7,301
84150.0,10,-6,305
84152.5,10,-8,301
84155.0,10,-11,305
84157.5,10,-8,305
84160.0,10,-8,305
84162.5,11,-8,303
84165.0,12,-10,304
84167.5,10,-8,303
84170.0,11,-10,305
84172.5,9,-10,302
84175.0,11,-4,300
84177.5,11,-8,303
84180.0,9,-6,305
84182.5,9,-8,302
84185.0,11,-9,305
84187.5,10,-8,302
84190.0,9,-8,303
84192.5,9,-8,303
84195.0,12,-9,301
84197.5,11,-9,301
84200.0,8,-7,304
84202.5,8,-7,304
84205.0,10,-7,307
84207.5,10,-10,303
84210.0,10,-10,303
84212.5,10,-8,307
84215.0,10,-6,303
84217.5,8,-7,304
84220.0,11,-7,304
84222.5,7,-7,305
84225.0,10,-7,307
84227.5,9,-6,304
84230.0,10,-9,306
84232.5,9,-8,305
84235.0,9,-6,301
84237.5,9,-9,303
84240.0,10,-7,301
84242.5,11,-9,302
84245.0,10,-5,303
84247.5,9,-7,304
84250.0,10,-8,302
84252.5,11,-7,304
84255.0,10,-7,303
84257.5,10,-8,303
84260.0,10,-8,303
84262.5,7,-4,306
84265.0,9,-10,304
84267.5,11,-9,306
84270.0,12,-8,304
84272.5,9,-7,302
84275.0,10,-2,302
84277.5,8,-2,307
84280.0,9,-7,307
84282.5,9,-10,302
84285.0,11,-10,302
84287.5,11,-10,306
84290.0,12,-8,302
84292.5,11,-9,305
84295.0,11,-8,301
84297.5,11,-9,300
84300.0,11,-9,304
84302.5,9,-11,303
84305.0,6,-7,301
84307.5,7,-8,304
84310.0,7,-8,304
84312.5,10,-9,300
84315.0,9,-7,305
84317.5,11,-7,300
84320.0,11,-9,300
84322.5,11,-6,304
84325.0,11,-4,305
84327.5,9,-8,301
84330.0,10,-7,305
84332.5,12,-7,305
84335.0,8,-8,306
84337.5,9,-6,304
84340.0,12,-8,305
84342.5,10,-9,301
84345.0,11,-7,301
84347.5,10,-8,301
84350.0,9,-10,301
84352.5,10,-8,304
84355.0,10,-9,307
84357.5,12,-9,303
84360.0,12,-9,303
84362.5,10,-5,304
84365.0,10,-7,303
84367.5,10,-5,298
84370.0,11,-6,306
84372.5,8,-6,305
84375.0,13,-10,304
84377.5,8,-6,303
84380.0,10,-6,303
84382.5,11,-5,306
84385.0,7,-7,302
84387.5,9,-6,305
84390.0,9,-9,301
84392.5,8,-10,303
84395.0,9,-8,300
84397.5,11,-9,301
84400.0,10,-6,304
84402.5,10,-9,300
84405.0,11,-8,304
84407.5,11,-8,304
84410.0,9,-8,303
84412.5,10,-5,306
84415.0,10,-8,306
84417.5,12,-5,306
84420.0,10,-4,305
84422.5,11,-6,304
84425.0,10,-5,300
84427.5,8,-7,304
84430.0,10,-7,304
84432.5,9,-6,302
84435.0,9,-9,305
84437.5,10,-7,301
84440.0,9,-6,303
84442.5,11,-8,302
84445.0,9,-7,304
84447.5,9,-7,303
84450.0,9,-5,304
84452.5,11,-8,304
84455.0,11,-8,303
84457.5,11,-8,303
84460.0,11,-7,301
84462.5,10,-8,302
84465.0,9,-7,303
84467.5,7,-5,303
84470.0,9,-7,304
84472.5,10,-7,305
84475.0,9,-2,301
84477.5,12,-8,302
84480.0,9,-6,304
84482.5,9,-6,302
84485.0,10,-7,304
84487.5,10,-7,302
84490.0,9,-8,304
84492.5,10,-9,307
84495.0,10,-8,306
84497.5,11,-10,305
84500.0,9,-9,304
84502.5,9,-9,303
84505.0,8,-7,304
84507.5,8,-7,304
84510.0,9,-6,301
84512.5,11,-10,302
84515.0,10,-6,305
84517.5,10,-7,303
84520.0,10,-8,303
84522.5,9,-7,305
84525.0,9,-11,304
84527.5,9,-9,306
84530.0,8,-6,303
84532.5,9,-8,301
84535.0,11,-7,304
84537.5,11,-8,305
84540.0,9,-8,302
84542.5,9,-5,304
84545.0,10,-8,301
84547.5,9,-9,304
84550.0,11,-9,303
84552.5,13,-11,305
84555.0,11,-8,302
84557.5,11,-8,302
84560.0,10,-8,304
84562.5,10,-8,300
84565.0,11,-8,302
84567.5,11,-9,303
84570.0,9,-7,303
84572.5,10,-4,304
84575.0,9,-9,301
84577.5,10,-8,305
84580.0,10,-8,303
84582.5,11,-8,301
84585.0,11,-9,301
84587.5,9,-8,302
84590.0,10,-7,307
84592.5,10,-8,303
84595.0,10,-8,304
84597.5,11,-9,304
84600.0,8,-6,303
84602.5,9,-7,301
84605.0,9,-9,303
84607.5,9,-9,303
84610.0,11,-9,305
84612.5,8,-8,305
84615.0,8,-9,307
84617.5,10,-8,304
84620.0,9,-10,300
84622.5,7,-8,305
84625.0,13,-10,304
84627.5,10,-9,302
84630.0,11,-10,305
84632.5,11,-8,302
84635.0,9,-10,299
84637.5,10,-6,302
84640.0,7,-8,302
84642.5,10,-8,306
84645.0,10,-7,303
84647.5,10,-10,300
84650.0,10,-9,304
84652.5,9,-8,302
84655.0,10,-5,301
84657.5,10,-5,301
84660.0,10,-8,301
84662.5,11,-8,300
84665.0,11,-7,304
84667.5,10,-8,306
84670.0,10,-7,300
84672.5,10,-8,298
84675.0,9,-5,303
84677.5,9,-6,305
84680.0,11,-7,302
84682.5,10,-7,303
84685.0,10,-5,302
84687.5,9,-7,303
84690.0,9,-9,304
84692.5,8,-7,306
84695.0,9,-7,302
84697.5,12,-8,303
84700.0,11,-8,303
84702.5,9,-8,306
84705.0,10,-9,304
84707.5,10,-9,304
84710.0,11,-8,303
84712.5,10,-7,299
84715.0,9,-6,300
84717.5,9,-6,306
84720.0,10,-5,308
84722.5,11,-9,302
84725.0,12,-7,306
84727.5,12,-6,305
84730.0,11,-7,303
84732.5,9,-7,302
84735.0,10,-9,305
84737.5,11,-9,305
84740.0,10,-8,304
84742.5,10,-8,304
84745.0,9,-8,302
84747.5,9,-8,305
84750.0,10,-8,305
84752.5,7,-8,302
84755.0,8,-10,303
84757.5,8,-10,303
84760.0,10,-8,303
84762.5,12,-6,305
84765.0,10,-7,303
84767.5,10,-9,302
84770.0,9,-6,302
84772.5,13,-7,306
84775.0,11,-7,301
84777.5,10,-6,304
84780.0,10,-8,302
84782.5,8,-7,304
84785.0,11,-8,307
84787.5,11,-10,303
84790.0,11,-8,304
84792.5,9,-6,302
84795.0,10,-7,303
84797.5,9,-8,303
84800.0,11,-10,304
84802.5,11,-8,303
84805.0,9,-7,305
84807.5,9,-7,305
84810.0,9,-7,305
84812.5,10,-8,304
84815.0,10,-6,301
84817.5,10,-7,304
84820.0,11,-8,304
84822.5,10,-7,304
84825.0,9,-7,301
84827.5,8,-3,301
84830.0,11,-9,303
84832.5,9,-9,307
84835.0,10,-9,301
84837.5,11,-8,302
84840.0,11,-8,303
84842.5,9,-6,303
84845.0,10,-8,304
84847.5,10,-9,301
84850.0,11,-10,305
84852.5,10,-8,307
84855.0,9,-8,305
84857.5,9,-8,305
84860.0,12,-5,300
84862.5,9,-6,306
84865.0,10,-7,303
84867.5,13,-9,306
84870.0,10,-7,302
84872.5,11,-6,302
84875.0,11,-6,306
84877.5,9,-6,303
84880.0,10,-8,303
84882.5,10,-8,304
84885.0,11,-7,303
84887.5,11,-9,306
84890.0,10,-8,304
84892.5,10,-7,302
84895.0,8,-8,301
84897.5,9,-6,303
84900.0,9,-7,306
84902.5,9,-9,303
84905.0,10,-10,303
84907.5,10,-10,303
84910.0,10,-7,302
84912.5,11,-8,298
84915.0,12,-7,304
84917.5,9,-7,306
84920.0,11,-7,306
84922.5,11,-9,309
84925.0,8,-5,304
84927.5,11,-6,302
84930.0,10,-4,302
84932.5,9,-8,302
84935.0,10,-9,302
84937.5,11,-8,301
84940.0,9,-7,300
84942.5,8,-6,301
84945.0,9,-8,304
84947.5,10,-9,303
84950.0,9,-9,306
84952.5,11,-9,301
84955.0,11,-9,301
84957.5,10,-9,304
84960.0,14,-8,303
84962.5,8,-6,302
84965.0,11,-7,301
84967.5,13,-10,305
84970.0,12,-10,303
84972.5,10,-8,305
84975.0,13,-7,303
84977.5,13,-8,302
84980.0,9,-6,302
84982.5,9,-8,302
84985.0,10,-8,304
84987.5,10,-8,304
84990.0,10,-8,303
84992.5,10,-9,302
84995.0,10,-9,301
84997.5,10,-9,302
85000.0,9,-8,300
85002.5,10,-9,302
85005.0,10,-9,302
85007.5,11,-8,304
85010.0,8,-7,304
85012.5,11,-8,302
85015.0,11,-8,305
85017.5,10,-6,300
85020.0,8,-7,303
85022.5,9,-8,305
85025.0,7,-8,303
85027.5,10,-5,302
85030.0,8,-7,307
85032.5,9,-8,307
85035.0,10,-8,305
85037.5,8,-8,303
85040.0,9,-9,302
85042.5,9,-7,301
85045.0,9,-7,306
85047.5,10,-10,304
85050.0,10,-11,303
85052.5,9,-8,303
85055.0,9,-8,303
85057.5,11,-8,304
85060.0,12,-9,305
85062.5,8,-6,304
85065.0,8,-7,299
85067.5,8,-8,306
85070.0,8,-6,305
85072.5,9,-6,301
85075.0,10,-9,303
85077.5,9,-7,302
85080.0,9,-8,297
85082.5,9,-3,304
85085.0,11,-7,301
85087.5,9,-8,300
85090.0,10,-8,302
85092.5,9,-7,306
85095.0,10,-8,299
85097.5,12,-10,303
85100.0,9,-7,301
85102.5,12,-7,300
85105.0,12,-7,300
85107.5,10,-6,305
85110.0,9,-8,302
85112.5,11,-8,303
85115.0,12,-9,305
85117.5,10,-6,304
85120.0,11,-6,308
85122.5,10,-9,302
85125.0,11,-9,304
85127.5,10,-6,307
85130.0,9,-6,303
85132.5,9,-6,305
85135.0,10,-10,303
85137.5,8,-8,303
85140.0,10,-7,305
85142.5,10,-8,304
85145.0,10,-8,302
85147.5,11,-8,302
85150.0,10,-8,306
85152.5,9,-8,304
85155.0,9,-8,304
85157.5,11,-7,306
85160.0,11,-8,301
85162.5,10,-10,301
85165.0,12,-9,305
85167.5,8,-10,305
85170.0,8,-7,304
85172.5,12,-9,306
85175.0,9,-9,302
85177.5,10,-7,301
85180.0,12,-7,303
85182.5,10,-3,299
85185.0,11,-7,303
85187.5,9,-6,299
85190.0,10,-10,303
85192.5,9,-10,302
85195.0,12,-9,302
85197.5,9,-9,304
85200.0,10,-9,304
85202.5,10,-8,305
85205.0,10,-8,305
85207.5,9,-5,298
85210.0,11,-8,302
85212.5,11,-7,305
85215.0,9,-8,304
85217.5,11,-10,304
85220.0,13,-8,307
85222.5,8,-4,304
85225.0,9,-6,304
85227.5,10,-7,305
85230.0,9,-5,300
85232.5,8,-8,304
85235.0,9,-6,305
85237.5,11,-8,304
85240.0,9,-8,306
85242.5,10,-9,301
85245.0,9,-8,302
85247.5,12,-8,305
85250.0,11,-9,302
85252.5,10,-7,304
85255.0,10,-7,304
85257.5,11,-8,299
85260.0,10,-7,307
85262.5,10,-8,303
85265.0,9,-6,302
85267.5,13,-10,301
85270.0,14,-8,300
85272.5,10,-4,302
85275.0,9,-3,299
85277.5,10,-8,303
85280.0,8,-9,305
85282.5,10,-8,299
85285.0,12,-9,304
85287.5,11,-6,302
85290.0,9,-6,306
85292.5,10,-8,303
85295.0,11,-10,302
85297.5,8,-6,304
85300.0,7,-6,302
85302.5,11,-9,304
85305.0,11,-9,304
85307.5,9,-6,303
85310.0,10,-8,306
85312.5,11,-6,307
85315.0,10,-5,307
85317.5,13,-6,302
85320.0,10,-7,309
85322.5,11,-8,303
85325.0,11,-5,301
85327.5,11,-10,303
85330.0,10,-8,301
85332.5,11,-10,302
85335.0,8,-8,302
85337.5,9,-8,304
85340.0,10,-5,307
85342.5,9,-10,301
85345.0,9,-9,302
85347.5,11,-6,301
85350.0,10,-6,303
85352.5,10,-6,303
85355.0,11,-8,306
85357.5,10,-7,298
85360.0,10,-6,300
85362.5,10,-4,297
85365.0,9,-8,307
85367.5,10,-8,305
85370.0,9,-6,304
85372.5,12,-9,302
85375.0,14,-9,305
85377.5,11,-7,305
85380.0,12,-8,303
85382.5,11,-7,303
85385.0,10,-7,303
85387.5,9,-8,304
85390.0,10,-8,302
85392.5,10,-8,303
85395.0,8,-8,304
85397.5,10,-9,301
85400.0,10,-8,303
85402.5,10,-8,303
85405.0,9,-7,303
85407.5,11,-8,305
85410.0,11,-7,301
85412.5,8,-9,299
85415.0,9,-7,307
85417.5,10,-8,306
85420.0,10,-6,299
85422.5,12,-7,302
85425.0,9,-8,303
85427.5,11,-7,300
85430.0,11,-5,306
85432.5,10,-8,301
85435.0,11,-8,300
85437.5,12,-8,305
85440.0,10,-6,305
85442.5,9,-6,304
85445.0,11,-9,301
85447.5,7,-6,304
85450.0,11,-9,303
85452.5,11,-9,303
85455.0,12,-8,302
85457.5,12,-8,300
85460.0,12,-6,300
85462.5,9,-7,300
85465.0,9,-8,301
85467.5,11,-7,304
85470.0,10,-7,303
85472.5,12,-9,305
85475.0,12,-9,304
85477.5,8,-6,303
85480.0,11,-8,305
85482.5,10,-7,301
85485.0,9,-7,301
85487.5,11,-10,302
85490.0,9,-8,302
85492.5,7,-6,301
85495.0,11,-8,301
85497.5,10,-10,304
85500.0,9,-8,303
85502.5,9,-8,303
85505.0,9,-7,301
85507.5,10,-7,303
85510.0,10,-8,304
85512.5,8,-7,302
85515.0,7,-7,304
85517.5,10,-7,304
85520.0,9,-5,303
85522.5,9,-7,306
85525.0,11,-7,303
85527.5,11,-7,304
85530.0,9,-7,302
85532.5,10,-7,300
85535.0,12,-9,302
85537.5,11,-7,303
85540.0,9,-10,300
85542.5,7,-9,305
85545.0,9,-8,304
85547.5,10,-10,309
85550.0,9,-9,308
85552.5,9,-9,308
85555.0,12,-9,303
85557.5,11,-6,301
85560.0,11,-7,304
85562.5,11,-8,305
85565.0,11,-9,303
85567.5,11,-11,301
85570.0,10,-6,302
85572.5,8,-6,306
85575.0,11,-7,300
85577.5,9,-6,301
85580.0,9,-4,301
85582.5,9,-7,304
85585.0,11,-7,302
85587.5,11,-8,304
85590.0,12,-8,304
85592.5,9,-10,306
85595.0,10,-6,305
85597.5,9,-8,304
85600.0,9,-8,305
85602.5,9,-8,305
85605.0,10,-8,301
85607.5,9,-7,304
85610.0,8,-5,307
85612.5,9,-5,305
85615.0,8,-8,306
85617.5,10,-5,306
85620.0,9,-8,304
85622.5,11,-7,300
85625.0,11,-7,305
85627.5,9,-8,305
85630.0,8,-8,301
85632.5,9,-10,303
85635.0,10,-10,306
85637.5,8,-9,305
85640.0,11,-9,302
85642.5,10,-10,307
85645.0,9,-7,303
85647.5,9,-7,300
85650.0,9,-7,300
85652.5,10,-7,305
85655.0,8,-7,304
85657.5,9,-7,304
85660.0,11,-7,307
85662.5,11,-8,302
85665.0,9,-3,298
85667.5,9,-5,303
85670.0,9,-8,302
85672.5,12,-9,305
85675.0,10,-6,303
85677.5,9,-7,303
85680.0,12,-9,301
85682.5,10,-8,301
85685.0,10,-9,304
85687.5,10,-7,303
85690.0,9,-9,302
85692.5,11,-9,304
85695.0,11,-10,302
85697.5,9,-7,304
85700.0,9,-7,304
85702.5,9,-8,301
85705.0,11,-9,307
85707.5,11,-8,306
85710.0,14,-6,304
85712.5,13,-7,303
85715.0,10,-8,304
85717.5,11,-5,302
85720.0,10,-7,302
85722.5,12,-8,302
85725.0,12,-8,302
85727.5,10,-8,305
85730.0,11,-9,303
85732.5,10,-8,301
85735.0,10,-9,304
85737.5,9,-10,303
85740.0,10,-10,301
85742.5,8,-8,305
85745.0,10,-8,307
85747.5,11,-8,304
85750.0,11,-8,304
85752.5,8,-9,307
85755.0,9,-6,303
85757.5,8,-7,303
85760.0,11,-8,303
85762.5,9,-8,302
85765.0,9,-7,302
85767.5,9,-5,305
85770.0,9,-5,306
85772.5,10,-6,302
85775.0,8,-7,305
85777.5,10,-8,305
85780.0,9,-8,300
85782.5,9,-9,303
85785.0,12,-7,303
85787.5,9,-9,307
85790.0,10,-10,303
85792.5,11,-7,304
85795.0,10,-10,301
85797.5,9,-8,301
85800.0,9,-8,301
85802.5,9,-4,303
85805.0,9,-10,301
85807.5,11,-9,303
85810.0,8,-9,300
85812.5,11,-7,302
85815.0,10,-5,301
85817.5,10,-8,300
85820.0,9,-7,302
85822.5,11,-8,302
85825.0,10,-9,305
85827.5,10,-8,303
85830.0,10,-9,305
85832.5,12,-10,304
85835.0,9,-6,302
85837.5,9,-6,300
85840.0,11,-10,301
85842.5,10,-8,302
85845.0,9,-10,306
85847.5,9,-10,302
85850.0,9,-10,302
85852.5,9,-7,303
85855.0,11,-6,304
85857.5,14,-10,303
85860.0,14,-9,302
85862.5,11,-9,301
85865.0,12,-7,305
85867.5,10,-8,302
85870.0,13,-9,303
85872.5,9,-6,302
85875.0,9,-7,306
85877.5,8,-8,304
85880.0,11,-10,303
85882.5,10,-8,303
85885.0,10,-9,304
85887.5,10,-8,300
85890.0,9,-5,301
85892.5,7,-8,302
85895.0,9,-9,300
85897.5,9,-10,304
85900.0,9,-10,304
85902.5,10,-10,305
85905.0,11,-8,305
85907.5,12,-8,302
85910.0,10,-7,302
85912.5,10,-6,301
85915.0,10,-7,305
85917.5,10,-7,303
85920.0,9,-7,305
85922.5,10,-7,301
85925.0,10,-7,303
85927.5,10,-8,305
85930.0,10,-7,303
85932.5,8,-8,305
85935.0,11,-6,305
85937.5,8,-7,304
85940.0,10,-10,302
85942.5,9,-8,302
85945.0,11,-9,302
85947.5,11,-10,305
85950.0,11,-10,305
85952.5,10,-7,303
85955.0,8,-6,297
85957.5,8,-8,301
85960.0,10,-8,306
85962.5,11,-10,302
85965.0,10,-5,304
85967.5,11,-9,308
85970.0,11,-9,305
85972.5,10,-7,303
85975.0,10,-8,305
85977.5,10,-9,305
85980.0,12,-7,304
85982.5,11,-9,299
85985.0,9,-7,303
85987.5,11,-7,305
85990.0,11,-10,307
85992.5,10,-7,304
85995.0,11,-8,304
85997.5,11,-5,306
86000.0,11,-5,306
86002.5,12,-8,301
86005.0,10,-9,303
86007.5,12,-5,305
86010.0,11,-7,300
86012.5,11,-6,306
86015.0,12,-10,304
86017.5,11,-5,301
86020.0,11,-7,304
86022.5,10,-7,304
86025.0,9,-8,303
86027.5,8,-5,300
86030.0,10,-10,302
86032.5,10,-9,303
86035.0,10,-8,301
86037.5,10,-8,304
86040.0,9,-7,305
86042.5,10,-7,305
86045.0,11,-9,303
86047.5,11,-10,302
86050.0,11,-10,302
86052.5,10,-10,303
86055.0,11,-9,300
86057.5,9,-4,303
86060.0,11,-7,302
86062.5,11,-7,303
86065.0,7,-6,301
86067.5,6,-8,306
86070.0,12,-7,305
86072.5,10,-9,302
86075.0,9,-8,303
86077.5,10,-8,305
86080.0,10,-6,304
86082.5,10,-9,302
86085.0,10,-6,299
86087.5,10,-7,307
86090.0,9,-9,305
86092.5,12,-7,304
86095.0,12,-9,303
86097.5,12,-9,303
86100.0,10,-8,299
86102.5,7,-6,299
86105.0,6,-7,302
86107.5,11,-8,306
86110.0,10,-7,299
86112.5,9,-6,301
86115.0,12,-5,304
86117.5,8,-7,305
86120.0,8,-8,304
86122.5,9,-7,304
86125.0,10,-6,301
86127.5,9,-6,303
86130.0,8,-5,303
86132.5,9,-7,301
86135.0,10,-8,302
86137.5,11,-10,304
86140.0,11,-7,304
86142.5,9,-8,304
86145.0,10,-8,300
86147.5,10,-8,300
86150.0,8,-7,302
86152.5,10,-7,303
86155.0,12,-8,302
86157.5,11,-9,304
86160.0,8,-7,303
86162.5,8,-8,302
86165.0,12,-9,302
86167.5,11,-9,303
86170.0,11,-4,302
86172.5,12,-7,302
86175.0,11,-6,303
86177.5,10,-7,302
86180.0,11,-8,302
86182.5,9,-7,302
86185.0,10,-9,303
86187.5,8,-8,303
86190.0,10,-8,303
86192.5,11,-9,305
86195.0,10,-5,303
86197.5,10,-5,303
86200.0,9,-7,305
86202.5,10,-6,301
86205.0,8,-5,303
86207.5,11,-6,306
86210.0,10,-7,303
86212.5,9,-6,305
86215.0,9,-6,306
86217.5,9,-5,301
86220.0,11,-8,303
86222.5,8,-8,306
86225.0,10,-9,304
86227.5,9,-10,305
86230.0,11,-9,304
86232.5,10,-6,304
86235.0,10,-9,305
86237.5,10,-9,301
86240.0,9,-7,302
86242.5,10,-9,303
86245.0,9,-9,303
86247.5,9,-9,303
86250.0,11,-8,304
86252.5,10,-10,304
86255.0,8,-9,302
86257.5,10,-6,306
86260.0,9,-10,309
86262.5,10,-9,305
86265.0,9,-5,303
86267.5,8,-6,304
86270.0,10,-6,305
86272.5,10,-9,307
86275.0,9,-7,302
86277.5,11,-8,305
86280.0,10,-11,304
86282.5,12,-9,304
86285.0,10,-8,304
86287.5,9,-7,302
86290.0,12,-8,302
86292.5,10,-11,304
86295.0,9,-8,304
86297.5,9,-8,304
86300.0,9,-6,303
86302.5,10,-7,299
86305.0,11,-9,301
86307.5,11,-9,305
86310.0,8,-8,303
86312.5,10,-6,301
86315.0,10,-7,302
86317.5,10,-7,305
86320.0,8,-6,301
86322.5,10,-8,303
86325.0,10,-7,302
86327.5,14,-9,303
86330.0,9,-8,305
86332.5,6,-7,303
86335.0,11,-8,304
86337.5,12,-9,302
86340.0,9,-8,305
86342.5,6,-8,303
86345.0,11,-10,304
86347.5,11,-10,304
86350.0,10,-8,303
86352.5,10,-7,303
86355.0,12,-8,305
86357.5,12,-7,307
86360.0,9,-7,303
86362.5,9,-6,304
86365.0,10,-8,304
86367.5,10,-9,303
86370.0,10,-6,304
86372.5,10,-5,301
86375.0,10,-7,305
86377.5,7,-7,303
86380.0,8,-9,304
86382.5,11,-8,301
86385.0,12,-11,304
86387.5,11,-9,304
86390.0,10,-8,303
86392.5,8,-6,302
86395.0,10,-9,303
86397.5,10,-9,303
86400.0,13,-8,303
86402.5,11,-7,306
86405.0,8,-5,306
86407.5,11,-9,302
86410.0,10,-10,304
86412.5,13,-10,302
86415.0,10,-6,301
86417.5,10,-7,303
86420.0,13,-7,304
86422.5,9,-8,303
86425.0,11,-9,304
86427.5,11,-9,304
86430.0,11,-9,303
86432.5,10,-8,304
86435.0,8,-9,301
86437.5,9,-9,303
86440.0,9,-10,303
86442.5,8,-8,303
86445.0,9,-9,306
86447.5,9,-9,306
86450.0,10,-6,306
86452.5,10,-7,303
86455.0,9,-8,306
86457.5,9,-7,301
86460.0,10,-7,302
86462.5,10,-8,303
86465.0,11,-10,303
86467.5,10,-7,308
86470.0,10,-8,301
86472.5,13,-10,302
86475.0,12,-8,305
86477.5,11,-7,301
86480.0,10,-8,304
86482.5,10,-9,302
86485.0,10,-10,302
86487.5,10,-7,307
86490.0,11,-9,302
86492.5,12,-10,303
86495.0,9,-9,301
86497.5,9,-9,301
86500.0,11,-9,302
86502.5,8,-8,303
86505.0,10,-8,307
86507.5,11,-10,301
86510.0,8,-7,300
86512.5,10,-7,305
86515.0,13,-8,302
86517.5,10,-7,303
86520.0,13,-8,304
86522.5,9,-7,303
86525.0,11,-6,299
86527.5,11,-6,304
86530.0,10,-7,304
86532.5,9,-6,303
86535.0,10,-9,300
86537.5,11,-7,300
86540.0,9,-10,300
86542.5,9,-9,301
86545.0,9,-6,303
86547.5,9,-6,303
86550.0,9,-10,303
86552.5,12,-10,305
86555.0,11,-7,305
86557.5,9,-4,304
86560.0,12,-6,302
86562.5,13,-8,298
86565.0,8,-6,305
86567.5,12,-8,306
86570.0,8,-8,305
86572.5,8,-8,302
86575.0,11,-9,304
86577.5,11,-9,305
86580.0,10,-9,304
86582.5,9,-8,301
86585.0,10,-7,305
86587.5,10,-8,302
86590.0,9,-6,306
86592.5,9,-9,302
86595.0,10,-9,308
86597.5,10,-9,308
86600.0,11,-10,303
86602.5,11,-9,301
86605.0,12,-7,303
86607.5,9,-10,305
86610.0,9,-8,305
86612.5,11,-9,303
86615.0,11,-10,308
86617.5,10,-7,305
86620.0,9,-7,305
86622.5,12,-7,305
86625.0,8,-8,306
86627.5,10,-9,303
86630.0,7,-8,305
86632.5,10,-7,307
86635.0,10,-9,304
86637.5,9,-8,299
86640.0,10,-7,300
86642.5,7,-6,303
86645.0,7,-6,303
86647.5,12,-6,304
86650.0,11,-8,302
86652.5,10,-8,305
86655.0,13,-6,303
86657.5,9,-8,304
86660.0,11,-5,305
86662.5,12,-5,304
86665.0,8,-4,302
86667.5,7,-6,306
86670.0,11,-7,302
86672.5,8,-7,304
86675.0,11,-7,304
86677.5,12,-8,305
86680.0,12,-7,301
86682.5,10,-7,303
86685.0,9,-7,303
86687.5,10,-10,301
86690.0,9,-8,300
86692.5,8,-8,303
86695.0,8,-8,303
86697.5,9,-9,302
86700.0,9,-6,299
86702.5,8,-7,306
86705.0,12,-7,303
86707.5,12,-6,301
86710.0,10,-4,306
86712.5,12,-7,299
86715.0,10,-9,302
86717.5,11,-9,301
86720.0,9,-10,305
86722.5,10,-9,304
86725.0,7,-6,303
86727.5,10,-9,304
86730.0,11,-8,303
86732.5,7,-5,301
86735.0,11,-7,303
86737.5,12,-9,302
86740.0,9,-9,301
86742.5,10,-10,304
86745.0,10,-10,304
86747.5,8,-8,301
86750.0,9,-7,304
86752.5,9,-9,304
86755.0,9,-7,304
86757.5,9,-6,299
86760.0,11,-6,305
86762.5,10,-7,301
86765.0,8,-7,303
86767.5,9,-7,305
86770.0,7,-7,305
86772.5,10,-7,302
86775.0,10,-9,304
86777.5,10,-10,305
86780.0,9,-9,303
86782.5,10,-9,304
86785.0,9,-7,302
86787.5,9,-10,304
86790.0,10,-9,302
86792.5,8,-8,302
86795.0,8,-8,302
86797.5,11,-8,305
86800.0,9,-6,301
86802.5,12,-10,303
86805.0,10,-8,305
86807.5,7,-7,302
86810.0,8,-10,303
86812.5,12,-10,306
86815.0,9,-8,303
86817.5,9,-8,306
86820.0,11,-8,298
86822.5,11,-6,300
86825.0,11,-9,305
86827.5,9,-8,302
86830.0,9,-6,304
86832.5,10,-7,305
86835.0,9,-9,304
86837.5,12,-10,305
86840.0,9,-9,301
86842.5,10,-7,300
86845.0,10,-7,300
86847.5,8,-7,302
86850.0,8,-9,304
86852.5,8,-6,304
86855.0,9,-7,305
86857.5,14,-8,306
86860.0,11,-6,307
86862.5,8,-7,301
86865.0,11,-7,304
86867.5,10,-8,303
86870.0,10,-7,300
86872.5,8,-8,303
86875.0,11,-10,306
86877.5,11,-9,305
86880.0,8,-6,304
86882.5,9,-9,300
86885.0,9,-8,303
86887.5,11,-10,305
86890.0,8,-8,306
86892.5,8,-9,304
86895.0,8,-9,304
86897.5,11,-9,307
86900.0,12,-10,303
86902.5,11,-8,304
86905.0,12,-7,301
86907.5,11,-8,302
86910.0,10,-11,303
86912.5,9,-6,306
86915.0,10,-7,308
86917.5,10,-6,304
86920.0,11,-7,302
86922.5,12,-9,303
86925.0,11,-8,302
86927.5,9,-7,304
86930.0,10,-8,305
86932.5,7,-7,301
86935.0,10,-7,303
86937.5,10,-9,304
86940.0,11,-9,305
86942.5,8,-8,303
86945.0,8,-8,303
86947.5,10,-6,304
86950.0,12,-8,303
86952.5,10,-6,303
86955.0,10,-8,302
86957.5,12,-8,306
86960.0,8,-4,305
86962.5,10,-9,305
86965.0,10,-7,307
86967.5,10,-10,304
86970.0,9,-7,302
86972.5,11,-6,305
86975.0,11,-6,299
86977.5,10,-7,300
86980.0,10,-8,300
86982.5,10,-8,302
86985.0,9,-8,303
86987.5,11,-8,303
86990.0,10,-12,303
86992.5,10,-12,303
86995.0,10,-10,300
86997.5,11,-7,302
87000.0,8,-9,304
87002.5,13,-9,303
87005.0,12,-6,304
87007.5,11,-7,305
87010.0,10,-6,303
87012.5,8,-8,305
87015.0,10,-8,305
87017.5,11,-9,304
87020.0,10,-8,305
87022.5,10,-7,304
87025.0,11,-8,303
87027.5,12,-8,302
87030.0,10,-9,304
87032.5,11,-8,304
87035.0,8,-5,304
87037.5,10,-8,301
87040.0,10,-11,303
87042.5,10,-11,303
87045.0,11,-10,304
87047.5,8,-7,303
87050.0,10,-7,303
87052.5,9,-4,307
87055.0,9,-7,307
87057.5,10,-8,306
87060.0,9,-7,306
87062.5,11,-6,302
87065.0,11,-5,303
87067.5,9,-5,302
87070.0,8,-6,305
87072.5,10,-6,304
87075.0,9,-9,304
87077.5,11,-7,303
87080.0,10,-6,305
87082.5,10,-7,302
87085.0,8,-7,305
87087.5,10,-7,304
87090.0,11,-7,303
87092.5,11,-7,303
87095.0,7,-7,306
87097.5,8,-8,302
87100.0,10,-7,304
87102.5,8,-7,305
87105.0,11,-10,301
87107.5,11,-7,304
87110.0,10,-7,301
87112.5,7,-5,304
87115.0,10,-6,303
87117.5,8,-8,303
87120.0,10,-8,303
87122.5,9,-9,303
87125.0,12,-9,303
87127.5,9,-8,304
87130.0,9,-5,303
87132.5,10,-8,302
87135.0,11,-8,304
87137.5,10,-9,302
87140.0,9,-8,301
87142.5,9,-8,301
87145.0,12,-10,303
87147.5,11,-9,309
87150.0,12,-7,308
87152.5,12,-8,303
87155.0,10,-5,305
87157.5,11,-7,305
87160.0,11,-9,302
87162.5,9,-8,303
87165.0,9,-7,303
87167.5,10,-9,305
87170.0,10,-9,302
87172.5,9,-8,304
87175.0,8,-6,303
87177.5,10,-9,304
87180.0,9,-8,300
87182.5,9,-9,302
87185.0,10,-9,300
87187.5,9,-10,301
87190.0,10,-9,303
87192.5,10,-9,303
87195.0,10,-7,300
87197.5,11,-6,303
87200.0,12,-7,304
87202.5,11,-7,303
87205.0,7,-6,303
87207.5,12,-7,304
87210.0,12,-7,302
87212.5,10,-7,302
87215.0,9,-8,303
87217.5,11,-7,304
87220.0,10,-8,300
87222.5,11,-8,300
87225.0,10,-7,301
87227.5,10,-8,303
87230.0,11,-10,302
87232.5,12,-10,301
87235.0,9,-8,305
87237.5,9,-9,305
87240.0,9,-9,303
87242.5,9,-9,303
87245.0,9,-9,304
87247.5,10,-10,307
87250.0,9,-9,308
87252.5,12,-9,305
87255.0,10,-7,303
87257.5,11,-6,301
87260.0,10,-4,303
87262.5,11,-9,304
87265.0,9,-7,304
87267.5,10,-10,303
87270.0,11,-12,303
87272.5,10,-11,302
87275.0,12,-9,305
87277.5,10,-8,304
87280.0,10,-8,299
87282.5,11,-10,303
87285.0,9,-8,302
87287.5,10,-11,304
87290.0,8,-10,305
87292.5,8,-10,305
87295.0,11,-10,302
87297.5,11,-7,303
87300.0,11,-5,302
87302.5,10,-7,301
87305.0,9,-6,305
87307.5,8,-7,303
87310.0,9,-12,305
87312.5,8,-5,303
87315.0,10,-8,306
87317.5,11,-7,306
87320.0,9,-6,302
87322.5,10,-7,303
87325.0,10,-9,303
87327.5,10,-9,300
87330.0,10,-7,304
87332.5,9,-7,303
87335.0,9,-7,303
87337.5,11,-8,301
87340.0,11,-8,305
87342.5,11,-8,305
87345.0,8,-8,301
87347.5,9,-7,305
87350.0,10,-5,306
87352.5,9,-5,302
87355.0,12,-9,298
87357.5,11,-6,306
87360.0,10,-7,304
87362.5,10,-6,302
87365.0,11,-5,306
87367.5,9,-8,303
87370.0,10,-7,304
87372.5,8,-8,304
87375.0,11,-9,303
87377.5,9,-8,304
87380.0,10,-8,303
87382.5,9,-9,304
87385.0,10,-8,302
87387.5,8,-8,303
87390.0,8,-8,303
87392.5,9,-8,305
87395.0,10,-6,302
87397.5,11,-8,302
87400.0,11,-9,305
87402.5,9,-6,307
87405.0,8,-6,306
87407.5,11,-8,306
87410.0,11,-4,303
87412.5,11,-8,302
87415.0,8,-6,303
87417.5,8,-8,302
87420.0,8,-8,304
87422.5,9,-8,301
87425.0,10,-7,304
87427.5,10,-7,304
87430.0,9,-8,305
87432.5,9,-6,305
87435.0,10,-10,303
87437.5,10,-9,302
87440.0,10,-9,302
87442.5,11,-8,301
87445.0,10,-9,305
87447.5,10,-8,307
87450.0,11,-7,301
87452.5,10,-8,302
87455.0,9,-7,303
87457.5,8,-6,303
87460.0,13,-10,307
87462.5,13,-5,305
87465.0,10,-7,303
87467.5,8,-7,307
87470.0,10,-6,305
87472.5,8,-9,300
87475.0,8,-5,303
87477.5,10,-10,306
87480.0,12,-7,306
87482.5,11,-11,302
87485.0,10,-8,304
87487.5,10,-5,303
87490.0,10,-5,303
87492.5,10,-7,301
87495.0,9,-5,303
87497.5,9,-6,306
87500.0,12,-8,302
87502.5,12,-6,298
87505.0,13,-6,304
87507.5,9,-8,305
87510.0,11,-6,304
87512.5,9,-6,301
87515.0,9,-9,306
87517.5,9,-8,305
87520.0,11,-9,302
87522.5,9,-7,301
87525.0,9,-6,302
87527.5,9,-7,300
87530.0,8,-6,301
87532.5,9,-8,304
87535.0,10,-10,307
87537.5,10,-9,304
87540.0,10,-9,304
87542.5,8,-7,303
87545.0,10,-6,306
87547.5,10,-9,299
87550.0,12,-7,302
87552.5,9,-7,304
87555.0,10,-7,303
87557.5,11,-7,309
87560.0,11,-10,301
87562.5,12,-9,309
87565.0,12,-8,302
87567.5,11,-9,303
87570.0,10,-6,302
87572.5,9,-8,300
87575.0,10,-7,305
87577.5,9,-8,304
87580.0,10,-5,302
87582.5,10,-10,305
87585.0,9,-8,304
87587.5,8,-6,305
87590.0,8,-6,305
87592.5,10,-8,301
87595.0,9,-7,302
87597.5,9,-8,304
87600.0,11,-9,304
87602.5,10,-9,306
87605.0,11,-8,307
87607.5,12,-5,302
87610.0,10,-7,298
87612.5,11,-7,303
87615.0,7,-9,303
87617.5,11,-11,302
87620.0,11,-7,303
87622.5,10,-7,305
87625.0,12,-9,304
87627.5,12,-8,303
87630.0,9,-8,304
87632.5,8,-9,304
87635.0,9,-7,305
87637.5,9,-11,304
87640.0,9,-11,304
87642.5,9,-7,301
87645.0,12,-5,301
87647.5,9,-4,303
87650.0,10,-8,305
87652.5,11,-7,306
87655.0,13,-4,309
87657.5,10,-7,302
87660.0,8,-8,302
87662.5,10,-8,302
87665.0,10,-8,302
87667.5,12,-9,300
87670.0,10,-8,303
87672.5,7,-6,305
87675.0,9,-8,303
87677.5,9,-5,301
87680.0,9,-7,303
87682.5,7,-8,303
87685.0,8,-4,303
87687.5,9,-8,299
87690.0,9,-8,299
87692.5,9,-10,301
87695.0,9,-6,302
87697.5,11,-8,306
87700.0,10,-8,303
87702.5,8,-7,300
87705.0,9,-6,306
87707.5,11,-10,307
87710.0,10,-7,306
87712.5,13,-7,304
87715.0,10,-8,303
87717.5,10,-8,302
87720.0,11,-7,304
87722.5,9,-8,303
87725.0,9,-9,304
87727.5,9,-8,301
87730.0,11,-8,303
87732.5,10,-7,306
87735.0,10,-8,303
87737.5,10,-7,302
87740.0,10,-7,302
87742.5,8,-9,302
87745.0,10,-6,305
87747.5,11,-6,304
87750.0,9,-7,301
87752.5,12,-10,305
87755.0,10,-8,300
87757.5,11,-7,301
87760.0,14,-6,302
87762.5,13,-8,303
87765.0,9,-9,303
87767.5,10,-7,304
87770.0,12,-10,304
87772.5,11,-11,304
87775.0,10,-9,304
87777.5,9,-7,305
87780.0,10,-6,305
87782.5,9,-8,301
87785.0,8,-8,303
87787.5,11,-8,303
87790.0,11,-8,303
87792.5,11,-10,304
87795.0,11,-9,303
87797.5,11,-6,306
87800.0,11,-6,305
87802.5,8,-6,302
87805.0,8,-9,298
87807.5,9,-8,302
87810.0,12,-8,303
87812.5,11,-8,303
87815.0,8,-7,306
87817.5,11,-6,307
87820.0,10,-7,304
87822.5,10,-7,302
87825.0,12,-9,302
87827.5,9,-9,302
87830.0,9,-8,303
87832.5,9,-10,301
87835.0,9,-11,301
87837.5,9,-11,301
87840.0,10,-10,303
87842.5,10,-8,298
87845.0,9,-10,304
87847.5,11,-10,306
87850.0,8,-8,302
87852.5,10,-7,302
87855.0,12,-10,306
87857.5,12,-9,307
87860.0,10,-6,303
87862.5,10,-5,304
87865.0,10,-8,302
87867.5,10,-6,302
87870.0,10,-8,304
87872.5,9,-8,303
87875.0,10,-7,300
87877.5,9,-10,306
87880.0,10,-7,306
87882.5,12,-8,305
87885.0,11,-8,302
87887.5,11,-8,302
87890.0,10,-8,301
87892.5,11,-7,303
87895.0,10,-8,303
87897.5,10,-8,305
87900.0,10,-8,307
87902.5,10,-8,307
87905.0,12,-7,304
87907.5,10,-10,305
87910.0,8,-6,302
87912.5,7,-6,303
87915.0,7,-7,304
87917.5,10,-9,306
87920.0,10,-8,303
87922.5,11,-7,302
87925.0,10,-7,301
87927.5,11,-8,303
87930.0,12,-9,303
87932.5,10,-7,302
87935.0,9,-9,301
87937.5,9,-9,301
87940.0,11,-10,303
87942.5,11,-9,301
87945.0,10,-6,303
87947.5,11,-7,302
87950.0,10,-8,303
87952.5,8,-9,305
87955.0,8,-7,302
87957.5,9,-9,307
87960.0,11,-8,304
87962.5,12,-9,305
87965.0,10,-8,304
87967.5,7,-7,303
87970.0,11,-7,302
87972.5,9,-7,304
87975.0,7,-8,304
87977.5,8,-9,305
87980.0,12,-9,304
87982.5,8,-8,301
87985.0,11,-5,305
87987.5,11,-5,305
87990.0,11,-8,305
87992.5,10,-7,302
87995.0,10,-5,307
87997.5,14,-10,304
88000.0,12,-8,302
88002.5,11,-6,303
88005.0,13,-9,304
88007.5,9,-10,302
88010.0,11,-8,305
88012.5,10,-9,306
88015.0,10,-7,307
88017.5,9,-7,305
88020.0,11,-8,302
88022.5,9,-9,303
88025.0,10,-8,302
88027.5,8,-6,301
88030.0,9,-9,304
88032.5,9,-7,305
88035.0,13,-8,305
88037.5,13,-8,305
88040.0,8,-9,301
88042.5,12,-7,302
88045.0,12,-8,305
88047.5,11,-10,301
88050.0,8,-6,303
88052.5,10,-9,308
88055.0,12,-9,306
88057.5,10,-10,305
88060.0,12,-6,306
88062.5,11,-6,303
88065.0,11,-8,303
88067.5,8,-8,303
88070.0,10,-7,306
88072.5,12,-11,302
88075.0,9,-8,303
88077.5,11,-8,303
88080.0,9,-9,301
88082.5,9,-7,302
88085.0,8,-6,304
88087.5,8,-6,304
88090.0,9,-8,300
88092.5,9,-9,302
88095.0,10,-9,306
88097.5,11,-9,302
88100.0,8,-6,302
88102.5,11,-8,304
88105.0,11,-8,303
88107.5,9,-7,302
88110.0,9,-5,304
88112.5,11,-9,304
88115.0,9,-7,303
88117.5,10,-8,304
88120.0,9,-9,304
88122.5,10,-9,304
88125.0,11,-7,302
88127.5,12,-7,305
88130.0,10,-8,304
88132.5,11,-10,305
88135.0,8,-8,302
88137.5,8,-8,302
88140.0,11,-9,302
88142.5,10,-6,306
88145.0,10,-7,306
88147.5,8,-7,305
88150.0,11,-9,300
88152.5,10,-10,307
88155.0,10,-9,301
88157.5,10,-7,305
88160.0,12,-8,302
88162.5,9,-8,304
88165.0,9,-7,304
88167.5,9,-7,302
88170.0,10,-7,302
88172.5,11,-10,303
88175.0,11,-11,304
88177.5,10,-9,304
88180.0,8,-12,302
88182.5,10,-8,301
88185.0,8,-9,304
88187.5,8,-9,304
88190.0,8,-8,304
88192.5,11,-9,303
88195.0,10,-6,305
88197.5,9,-5,301
88200.0,10,-5,302
88202.5,10,-6,305
88205.0,9,-7,302
88207.5,9,-6,304
88210.0,11,-7,307
88212.5,11,-8,303
88215.0,9,-7,307
88217.5,10,-10,304
88220.0,10,-6,304
88222.5,10,-8,302
88225.0,9,-7,303
88227.5,8,-8,305
88230.0,10,-9,304
88232.5,7,-9,306
88235.0,9,-8,306
88237.5,9,-8,306
88240.0,10,-9,300
88242.5,12,-6,299
88245.0,11,-8,305
88247.5,9,-9,305
88250.0,7,-7,303
88252.5,12,-6,303
88255.0,12,-9,302
88257.5,12,-8,305
88260.0,10,-9,302
88262.5,10,-7,304
88265.0,11,-7,302
88267.5,9,-8,302
88270.0,9,-7,305
88272.5,9,-6,306
88275.0,11,-8,302
88277.5,10,-7,303
88280.0,9,-8,303
88282.5,7,-7,304
88285.0,7,-7,304
88287.5,11,-7,303
88290.0,11,-8,303
88292.5,11,-8,307
88295.0,12,-3,303
88297.5,11,-6,304
88300.0,12,-10,303
88302.5,10,-6,303
88305.0,10,-5,303
88307.5,12,-9,304
88310.0,10,-6,305
88312.5,9,-7,304
88315.0,11,-9,303
88317.5,9,-8,304
88320.0,9,-8,301
88322.5,9,-9,303
88325.0,9,-8,304
88327.5,8,-6,301
88330.0,11,-8,305
88332.5,10,-8,303
88335.0,10,-8,303
88337.5,8,-8,305
88340.0,9,-7,304
88342.5,12,-9,303
88345.0,11,-9,304
88347.5,9,-7,303
88350.0,9,-6,307
88352.5,10,-8,303
88355.0,10,-6,305
88357.5,9,-7,306
88360.0,11,-9,305
88362.5,10,-6,304
88365.0,11,-8,302
88367.5,10,-10,304
88370.0,12,-9,306
88372.5,8,-9,301
88375.0,10,-9,302
88377.5,9,-11,302
88380.0,10,-11,303
88382.5,11,-8,301
88385.0,11,-8,301
88387.5,8,-7,303
88390.0,11,-9,302
88392.5,10,-7,305
88395.0,11,-9,296
88397.5,9,-6,302
88400.0,9,-6,304
88402.5,10,-5,304
88405.0,11,-7,303
88407.5,10,-4,302
88410.0,9,-5,303
88412.5,11,-9,304
88415.0,10,-7,300
88417.5,11,-10,303
88420.0,10,-8,304
88422.5,10,-9,305
88425.0,10,-9,302
88427.5,8,-8,304
88430.0,6,-8,303
88432.5,10,-8,303
88435.0,10,-8,303
88437.5,9,-8,304
88440.0,10,-7,308
88442.5,8,-6,301
88445.0,11,-3,305
88447.5,9,-6,304
88450.0,10,-4,305
88452.5,12,-6,300
88455.0,10,-9,304
88457.5,9,-8,303
88460.0,10,-8,303
88462.5,9,-10,304
88465.0,11,-8,304
88467.5,11,-6,301
88470.0,12,-10,303
88472.5,11,-9,302
88475.0,10,-7,303
88477.5,8,-6,301
88480.0,8,-11,299
88482.5,9,-8,302
88485.0,9,-8,302
88487.5,10,-11,303
88490.0,11,-7,302
88492.5,11,-6,304
88495.0,11,-6,301
88497.5,9,-9,303
88500.0,10,-7,305
88502.5,11,-6,305
88505.0,9,-9,303
88507.5,10,-5,304
88510.0,11,-9,303
88512.5,10,-8,300
88515.0,9,-6,304
88517.5,10,-8,308
88520.0,11,-8,305
88522.5,12,-9,302
88525.0,9,-8,305
88527.5,11,-11,304
88530.0,11,-8,306
88532.5,12,-10,303
88535.0,12,-10,303
88537.5,9,-8,299
88540.0,10,-6,299
88542.5,10,-6,301
88545.0,11,-9,307
88547.5,11,-11,304
88550.0,9,-6,304
88552.5,9,-8,309
88555.0,10,-9,304
88557.5,11,-7,306
88560.0,9,-8,302
88562.5,10,-7,302
88565.0,11,-7,302
88567.5,9,-7,302
88570.0,9,-10,302
88572.5,10,-9,301
88575.0,9,-10,305
88577.5,12,-9,301
88580.0,11,-9,301
88582.5,10,-9,302
88585.0,10,-9,302
88587.5,11,-9,305
88590.0,9,-9,303
88592.5,10,-6,299
88595.0,10,-6,304
88597.5,13,-9,305
88600.0,9,-7,305
88602.5,12,-7,302
88605.0,10,-4,303
88607.5,13,-10,299
88610.0,11,-8,301
88612.5,10,-5,303
88615.0,8,-10,301
88617.5,9,-8,305
88620.0,12,-6,306
88622.5,10,-8,302
88625.0,9,-7,305
88627.5,10,-8,302
88630.0,9,-9,303
88632.5,10,-7,303
88635.0,10,-7,303
88637.5,10,-10,303
88640.0,11,-9,305
88642.5,9,-8,306
88645.0,8,-6,303
88647.5,12,-6,300
88650.0,9,-7,306
88652.5,11,-8,302
88655.0,11,-7,298
88657.5,11,-6,300
88660.0,9,-8,305
88662.5,11,-5,303
88665.0,7,-5,302
88667.5,10,-5,303
88670.0,10,-7,305
88672.5,11,-10,302
88675.0,8,-9,303
88677.5,11,-9,305
88680.0,11,-9,303
88682.5,11,-9,303
88685.0,8,-7,304
88687.5,10,-8,301
88690.0,10,-5,305
88692.5,11,-10,307
88695.0,8,-6,302
88697.5,9,-10,307
88700.0,10,-7,306
88702.5,13,-7,304
88705.0,10,-7,303
88707.5,11,-7,300
88710.0,10,-8,305
88712.5,10,-6,303
88715.0,10,-10,303
88717.5,9,-5,303
88720.0,9,-8,304
88722.5,9,-7,304
88725.0,9,-10,303
88727.5,9,-9,302
88730.0,10,-10,298
88732.5,10,-10,298
88735.0,11,-8,303
88737.5,11,-8,301
88740.0,7,-7,304
88742.5,11,-7,303
88745.0,8,-8,306
88747.5,7,-7,306
88750.0,9,-5,304
88752.5,10,-8,304
88755.0,10,-7,302
88757.5,10,-5,304
88760.0,10,-6,306
88762.5,10,-9,303
88765.0,8,-7,304
88767.5,9,-7,303
88770.0,10,-8,303
88772.5,9,-6,303
88775.0,10,-10,303
88777.5,12,-9,301
88780.0,10,-8,304
88782.5,10,-8,304
88785.0,9,-8,304
88787.5,10,-8,299
88790.0,9,-10,302
88792.5,8,-6,304
88795.0,10,-8,304
88797.5,10,-7,303
88800.0,9,-6,300
88802.5,9,-9,301
88805.0,10,-6,303
88807.5,11,-6,304
88810.0,10,-6,302
88812.5,11,-9,306
88815.0,12,-10,301
88817.5,10,-8,302
88820.0,8,-6,305
88822.5,10,-9,304
88825.0,10,-9,305
88827.5,9,-8,301
88830.0,10,-9,301
88832.5,10,-9,301
88835.0,9,-7,305
88837.5,10,-6,302
88840.0,10,-8,301
88842.5,10,-8,302
88845.0,11,-8,307
88847.5,12,-7,304
88850.0,10,-8,309
88852.5,10,-6,301
88855.0,10,-6,303
88857.5,10,-9,300
88860.0,11,-8,300
88862.5,11,-8,303
88865.0,7,-5,301
88867.5,10,-7,306
88870.0,9,-6,304
88872.5,10,-10,303
88875.0,11,-8,300
88877.5,8,-6,301
88880.0,9,-11,304
88882.5,9,-11,304
88885.0,10,-10,303
88887.5,12,-8,304
88890.0,11,-8,304
88892.5,12,-9,303
88895.0,6,-4,302
88897.5,7,-9,306
88900.0,11,-8,308
88902.5,10,-10,305
88905.0,10,-6,307
88907.5,13,-10,301
88910.0,11,-8,305
88912.5,9,-7,301
88915.0,9,-8,302
88917.5,9,-7,305
88920.0,9,-7,304
88922.5,10,-7,301
88925.0,11,-9,301
88927.5,9,-7,300
88930.0,10,-6,304
88932.5,10,-6,304
88935.0,11,-7,306
88937.5,9,-9,308
88940.0,8,-7,307
88942.5,10,-10,305
88945.0,9,-8,304
88947.5,11,-9,303
88950.0,9,-8,304
88952.5,7,-8,304
88955.0,10,-6,302
88957.5,12,-8,303
88960.0,11,-10,302
88962.5,9,-7,301
88965.0,10,-9,304
88967.5,9,-9,304
88970.0,8,-9,303
88972.5,10,-9,304
88975.0,7,-8,302
88977.5,9,-11,301
88980.0,10,-10,303
88982.5,10,-10,303
88985.0,9,-6,305
88987.5,12,-7,301
88990.0,10,-5,305
88992.5,10,-7,300
88995.0,9,-7,306
88997.5,11,-7,303
89000.0,10,-8,306
89002.5,9,-9,308
89005.0,10,-5,306
89007.5,10,-7,304
89010.0,8,-7,301
89012.5,8,-8,303
89015.0,10,-8,299
89017.5,10,-8,304
89020.0,9,-12,302
89022.5,9,-11,303
89025.0,10,-7,305
89027.5,9,-6,300
89030.0,10,-7,302
89032.5,10,-7,302
89035.0,11,-8,304
89037.5,9,-12,303
89040.0,8,-7,305
89042.5,13,-9,304
89045.0,13,-7,302
89047.5,13,-9,303
89050.0,12,-6,304
89052.5,11,-5,304
89055.0,10,-7,303
89057.5,7,-8,304
89060.0,9,-7,304
89062.5,9,-6,304
89065.0,9,-8,301
89067.5,9,-7,302
89070.0,10,-8,301
89072.5,11,-9,302
89075.0,11,-9,302
89077.5,8,-8,303
89080.0,8,-8,303
89082.5,7,-8,302
89085.0,12,-10,303
89087.5,9,-7,304
89090.0,12,-8,304
89092.5,8,-3,302
89095.0,10,-4,299
89097.5,9,-6,306
89100.0,7,-7,303
89102.5,10,-9,304
89105.0,11,-8,302
89107.5,11,-8,301
89110.0,10,-9,305
89112.5,8,-6,300
89115.0,10,-8,302
89117.5,8,-6,303
89120.0,11,-9,305
89122.5,9,-7,303
89125.0,10,-8,302
89127.5,10,-9,306
89130.0,10,-9,306
89132.5,11,-9,303
89135.0,11,-8,302
89137.5,10,-7,302
89140.0,12,-7,300
89142.5,10,-9,304
89145.0,10,-6,307
89147.5,10,-7,306
89150.0,9,-7,301
89152.5,9,-9,303
89155.0,9,-8,302
89157.5,11,-10,303
89160.0,10,-8,303
89162.5,9,-7,305
89165.0,10,-10,304
89167.5,8,-8,301
89170.0,9,-9,303
89172.5,9,-7,302
89175.0,9,-9,305
89177.5,9,-8,301
89180.0,9,-8,301
89182.5,9,-9,302
89185.0,9,-8,303
89187.5,9,-7,304
89190.0,11,-7,305
89192.5,10,-8,306
89195.0,8,-6,305
89197.5,9,-7,304
89200.0,10,-7,304
89202.5,11,-7,303
89205.0,11,-7,302
89207.5,8,-8,306
89210.0,10,-7,306
89212.5,8,-8,301
89215.0,7,-8,305
89217.5,10,-6,301
89220.0,11,-8,303
89222.5,10,-9,302
89225.0,10,-10,302
89227.5,10,-8,302
89230.0,10,-8,302
89232.5,9,-7,303
89235.0,11,-9,304
89237.5,11,-7,303
89240.0,9,-10,302
89242.5,10,-7,306
89245.0,11,-5,302
89247.5,9,-6,300
89250.0,9,-8,302
89252.5,10,-8,304
89255.0,10,-6,304
89257.5,10,-8,302
89260.0,10,-8,303
89262.5,10,-8,301
89265.0,10,-6,307
89267.5,9,-7,304
89270.0,11,-8,304
89272.5,10,-7,305
89275.0,10,-6,301
89277.5,10,-8,301
89280.0,10,-8,301
89282.5,11,-9,302
89285.0,9,-9,306
89287.5,11,-10,303
89290.0,11,-6,304
89292.5,11,-6,301
89295.0,9,-7,303
89297.5,10,-9,303
89300.0,10,-8,306
89302.5,10,-9,303
89305.0,10,-8,302
89307.5,10,-7,304
89310.0,11,-8,301
89312.5,10,-8,300
89315.0,10,-7,300
89317.5,10,-9,301
89320.0,8,-9,301
89322.5,9,-9,301
89325.0,10,-8,304
89327.5,9,-7,302
89330.0,9,-7,302
89332.5,10,-8,306
89335.0,6,-7,304
89337.5,10,-7,302
89340.0,7,-6,305
89342.5,8,-8,302
89345.0,12,-9,307
89347.5,9,-7,303
89350.0,9,-5,300
89352.5,12,-8,309
89355.0,9,-6,303
89357.5,10,-8,302
89360.0,11,-7,304
89362.5,9,-8,301
89365.0,11,-5,304
89367.5,9,-9,300
89370.0,8,-10,304
89372.5,8,-8,304
89375.0,9,-8,301
89377.5,11,-10,308
89380.0,11,-10,308
89382.5,10,-7,302
89385.0,8,-7,300
89387.5,10,-8,302
89390.0,13,-9,304
89392.5,12,-5,302
89395.0,13,-6,300
89397.5,11,-5,303
89400.0,9,-4,302
89402.5,10,-4,303
89405.0,11,-9,302
89407.5,10,-8,305
89410.0,9,-8,302
89412.5,8,-6,306
89415.0,10,-8,303
89417.5,10,-7,306
89420.0,10,-9,300
89422.5,8,-5,304
89425.0,7,-6,303
89427.5,11,-8,301
89430.0,11,-8,301
89432.5,10,-8,300
89435.0,10,-7,302
89437.5,10,-5,306
89440.0,8,-5,303
89442.5,7,-4,303
89445.0,9,-5,302
89447.5,11,-7,304
89450.0,10,-10,306
89452.5,12,-7,302
89455.0,12,-10,302
89457.5,10,-7,301
89460.0,11,-8,301
89462.5,8,-7,304
89465.0,9,-8,305
89467.5,11,-7,305
89470.0,10,-8,304
89472.5,13,-8,302
89475.0,10,-10,304
89477.5,9,-8,304
89480.0,9,-8,304
89482.5,9,-7,298
89485.0,12,-8,306
89487.5,9,-5,307
89490.0,8,-8,300
89492.5,13,-6,305
89495.0,12,-8,304
89497.5,11,-8,301
89500.0,11,-6,303
89502.5,11,-8,302
89505.0,7,-10,304
89507.5,12,-9,305
89510.0,10,-6,304
89512.5,10,-9,306
89515.0,10,-7,303
89517.5,10,-10,301
89520.0,8,-9,302
89522.5,9,-7,302
89525.0,8,-6,303
89527.5,9,-9,303
89530.0,9,-9,303
89532.5,9,-10,303
89535.0,11,-7,305
89537.5,9,-5,304
89540.0,10,-7,301
89542.5,10,-6,303
89545.0,11,-7,307
89547.5,10,-7,305
89550.0,12,-7,299
89552.5,11,-6,307
89555.0,9,-9,302
89557.5,9,-6,304
89560.0,10,-8,304
89562.5,10,-10,302
89565.0,10,-8,301
89567.5,10,-8,303
89570.0,11,-8,303
89572.5,9,-9,301
89575.0,9,-8,304
89577.5,9,-8,304
89580.0,10,-5,303
89582.5,11,-10,305
89585.0,11,-10,305
89587.5,11,-7,301
89590.0,11,-6,302
89592.5,10,-6,304
89595.0,12,-7,301
89597.5,7,-6,304
89600.0,12,-9,302
89602.5,11,-4,304
89605.0,10,-9,304
89607.5,12,-8,303
89610.0,12,-8,298
89612.5,11,-9,304
89615.0,10,-9,302
89617.5,10,-8,302
89620.0,9,-8,305
89622.5,10,-8,302
89625.0,11,-8,304
89627.5,11,-8,304
89630.0,10,-8,300
89632.5,10,-9,301
89635.0,8,-6,305
89637.5,9,-7,307
89640.0,11,-8,304
89642.5,9,-7,308
89645.0,12,-8,305
89647.5,10,-10,305
89650.0,10,-3,306
89652.5,10,-5,303
89655.0,10,-8,304
89657.5,9,-7,301
89660.0,8,-8,302
89662.5,10,-10,303
89665.0,11,-7,303
89667.5,8,-9,302
89670.0,12,-11,306
89672.5,11,-10,303
89675.0,9,-8,301
89677.5,9,-8,301
89680.0,10,-8,301
89682.5,10,-10,303
89685.0,10,-8,303
89687.5,9,-9,307
89690.0,9,-5,301
89692.5,11,-6,301
89695.0,12,-7,301
89697.5,10,-8,302
89700.0,8,-6,303
89702.5,10,-10,301
89705.0,9,-8,303
89707.5,12,-7,302
89710.0,12,-10,303
89712.5,9,-7,302
89715.0,12,-8,302
89717.5,10,-9,304
89720.0,9,-9,303
89722.5,11,-8,302
89725.0,11,-9,307
89727.5,11,-9,307
89730.0,8,-7,305
89732.5,10,-6,304
89735.0,10,-6,302
89737.5,9,-8,300
89740.0,10,-10,304
89742.5,10,-7,307
89745.0,10,-10,302
89747.5,9,-8,304
89750.0,12,-6,304
89752.5,9,-7,301
89755.0,12,-8,302
89757.5,10,-8,304
89760.0,9,-8,303
89762.5,9,-6,304
89765.0,11,-8,302
89767.5,8,-7,302
89770.0,11,-10,304
89772.5,9,-8,302
89775.0,10,-6,300
89777.5,10,-6,300
89780.0,8,-7,306
89782.5,10,-8,306
89785.0,10,-7,304
89787.5,13,-8,300
89790.0,12,-7,308
89792.5,12,-7,307
89795.0,11,-8,303
89797.5,8,-8,305
89800.0,8,-7,303
89802.5,9,-8,303
89805.0,13,-9,307
89807.5,12,-9,299
89810.0,10,-9,306
89812.5,10,-10,301
89815.0,12,-7,303
89817.5,10,-8,304
89820.0,9,-7,303
89822.5,7,-7,302
89825.0,8,-9,303
89827.5,8,-9,303
89830.0,9,-8,304
89832.5,7,-7,303
89835.0,9,-9,306
89837.5,9,-8,305
89840.0,9,-6,304
89842.5,10,-8,302
89845.0,9,-5,303
89847.5,10,-7,305
89850.0,10,-6,304
89852.5,9,-7,301
89855.0,12,-8,304
89857.5,10,-6,304
89860.0,10,-7,304
89862.5,10,-8,301
89865.0,10,-6,301
89867.5,11,-10,300
89870.0,9,-8,305
89872.5,9,-9,305
89875.0,8,-9,303
89877.5,8,-9,303
89880.0,10,-9,303
89882.5,12,-11,306
89885.0,8,-7,301
89887.5,10,-6,306
89890.0,8,-6,302
89892.5,11,-5,299
89895.0,8,-4,304
89897.5,11,-8,305
89900.0,11,-7,306
89902.5,9,-7,303
89905.0,10,-5,306
89907.5,10,-11,302
89910.0,9,-6,304
89912.5,10,-9,303
89915.0,9,-10,300
89917.5,8,-7,303
89920.0,10,-9,303
89922.5,10,-8,303
89925.0,10,-8,303
89927.5,10,-10,304
89930.0,9,-10,303
89932.5,11,-6,300
89935.0,13,-7,306
89937.5,10,-9,302
89940.0,8,-4,301
89942.5,8,-5,305
89945.0,12,-8,308
89947.5,11,-7,308
89950.0,11,-8,302
89952.5,11,-9,303
89955.0,13,-9,304
89957.5,8,-8,304
89960.0,10,-9,304
89962.5,12,-10,305
89965.0,8,-7,303
89967.5,9,-8,305
89970.0,9,-6,301
89972.5,11,-9,305
89975.0,11,-9,305
89977.5,10,-7,306
89980.0,10,-7,303
89982.5,8,-8,304
89985.0,10,-4,302
89987.5,11,-9,303
89990.0,9,-6,301
89992.5,10,-7,301
89995.0,9,-7,303
89997.5,10,-6,303
90000.0,10,-8,301
90002.5,10,-8,306
90005.0,8,-8,302
90007.5,10,-7,301
90010.0,10,-7,304
90012.5,11,-9,300
90015.0,8,-7,304
90017.5,9,-9,304
90020.0,12,-9,302
90022.5,8,-10,305
90025.0,8,-10,305
90027.5,9,-9,303
90030.0,9,-9,305
90032.5,7,-6,303
90035.0,12,-8,304
90037.5,11,-9,304
90040.0,9,-7,309
90042.5,11,-8,304
90045.0,8,-8,304
90047.5,12,-7,304
90050.0,11,-4,304
90052.5,10,-8,301
90055.0,9,-9,303
90057.5,9,-9,304
90060.0,10,-8,303
90062.5,10,-8,306
90065.0,9,-7,305
90067.5,10,-9,303
90070.0,9,-10,305
90072.5,10,-9,304
90075.0,10,-9,304
90077.5,10,-6,300
90080.0,8,-6,302
90082.5,9,-7,300
90085.0,11,-5,306
90087.5,11,-7,303
90090.0,12,-6,307
90092.5,10,-6,301
90095.0,10,-7,301
90097.5,10,-8,307
90100.0,12,-6,303
90102.5,11,-7,307
90105.0,9,-9,303
90107.5,10,-7,303
90110.0,10,-7,302
90112.5,9,-7,304
90115.0,10,-8,303
90117.5,9,-8,304
90120.0,9,-9,305
90122.5,8,-9,304
90125.0,8,-9,304
90127.5,10,-7,301
90130.0,11,-10,306
90132.5,11,-8,303
90135.0,10,-9,304
90137.5,8,-8,304
90140.0,10,-5,302
90142.5,11,-8,304
90145.0,10,-8,304
90147.5,9,-6,306
90150.0,9,-8,304
90152.5,10,-7,306
90155.0,12,-7,300
90157.5,9,-7,302
90160.0,11,-5,304
90162.5,11,-6,303
90165.0,11,-8,304
90167.5,9,-5,305
90170.0,12,-9,307
90172.5,11,-8,302
90175.0,11,-8,302
90177.5,11,-5,300
90180.0,11,-9,301
90182.5,9,-7,305
90185.0,13,-5,303
90187.5,11,-6,303
90190.0,10,-9,303
90192.5,9,-7,304
90195.0,12,-8,305
90197.5,10,-7,306
90200.0,9,-6,302
90202.5,10,-8,303
90205.0,10,-7,304
90207.5,7,-6,301
90210.0,9,-5,302
90212.5,8,-8,301
90215.0,9,-8,304
90217.5,10,-10,303
90220.0,10,-9,301
90222.5,9,-9,306
90225.0,9,-9,306
90227.5,7,-7,303
90230.0,10,-7,304
90232.5,10,-5,305
90235.0,13,-8,302
90237.5,10,-7,304
90240.0,11,-5,305
90242.5,10,-6,302
90245.0,10,-7,302
90247.5,10,-6,303
90250.0,10,-10,301
90252.5,9,-10,303
90255.0,10,-9,300
90257.5,9,-7,303
90260.0,8,-8,306
90262.5,11,-8,304
90265.0,10,-8,303
90267.5,10,-11,304
90270.0,7,-8,301
90272.5,10,-7,303
90275.0,10,-7,303
90277.5,10,-8,301
90280.0,12,-9,297
90282.5,9,-7,304
90285.0,12,-7,307
90287.5,11,-9,305
90290.0,12,-8,304
90292.5,9,-6,300
90295.0,11,-5,305
90297.5,11,-7,304
90300.0,10,-9,304
90302.5,11,-8,303
90305.0,12,-7,304
90307.5,10,-7,303
90310.0,12,-7,304
90312.5,12,-10,303
90315.0,10,-7,303
90317.5,10,-8,304
90320.0,9,-8,305
90322.5,9,-8,305
90325.0,11,-9,304
90327.5,10,-7,302
90330.0,10,-8,303
90332.5,11,-7,308
90335.0,10,-8,303
90337.5,8,-7,298
90340.0,12,-6,305
90342.5,6,-7,306
90345.0,8,-8,306
90347.5,10,-7,305
90350.0,8,-8,301
90352.5,10,-7,302
90355.0,10,-10,303
90357.5,11,-8,303
90360.0,9,-8,305
90362.5,11,-9,304
90365.0,11,-8,304
90367.5,11,-11,302
90370.0,12,-8,306
90372.5,12,-8,306
90375.0,12,-10,305
90377.5,8,-7,301
90380.0,8,-7,305
90382.5,12,-7,303
90385.0,10,-8,302
90387.5,9,-8,302
90390.0,9,-6,302
90392.5,10,-6,301
90395.0,9,-8,303
90397.5,10,-8,302
90400.0,10,-8,301
90402.5,8,-7,302
90405.0,10,-7,300
90407.5,8,-7,304
90410.0,11,-8,300
90412.5,10,-8,303
90415.0,11,-6,305
90417.5,11,-8,306
90420.0,9,-9,305
90422.5,9,-9,305
90425.0,10,-9,304
90427.5,9,-8,302
90430.0,10,-8,303
90432.5,9,-7,309
90435.0,10,-9,305
90437.5,10,-9,306
90440.0,11,-7,304
90442.5,10,-8,303
90445.0,10,-7,301
90447.5,12,-7,305
90450.0,10,-6,307
90452.5,12,-8,303
90455.0,9,-8,304
90457.5,11,-8,305
90460.0,10,-9,303
90462.5,9,-8,306
90465.0,9,-8,304
90467.5,9,-9,302
90470.0,10,-7,304
90472.5,10,-7,304
90475.0,10,-7,303
90477.5,11,-8,303
90480.0,12,-8,302
90482.5,8,-9,304
90485.0,9,-8,307
90487.5,9,-7,308
90490.0,11,-8,301
90492.5,10,-6,302
90495.0,12,-7,302
90497.5,10,-8,303
90500.0,10,-8,304
90502.5,9,-5,301
90505.0,10,-7,305
90507.5,9,-9,304
90510.0,10,-8,302
90512.5,9,-8,305
90515.0,10,-9,305
90517.5,10,-8,304
90520.0,9,-7,304
90522.5,9,-7,304
90525.0,10,-9,303
90527.5,11,-7,307
90530.0,10,-5,301
90532.5,9,-5,306
90535.0,11,-10,302
90537.5,10,-9,303
90540.0,11,-7,305
90542.5,8,-5,303
90545.0,10,-7,303
90547.5,10,-10,301
90550.0,7,-6,305
90552.5,10,-9,306
90555.0,10,-10,305
90557.5,11,-8,305
90560.0,11,-6,305
90562.5,10,-7,303
90565.0,11,-8,301
90567.5,8,-9,302
90570.0,9,-9,301
90572.5,9,-9,301
90575.0,8,-8,305
90577.5,12,-9,299
90580.0,10,-8,304
90582.5,9,-7,299
90585.0,8,-7,308
90587.5,11,-7,306
90590.0,9,-7,303
90592.5,11,-7,307
90595.0,12,-7,307
90597.5,8,-4,301
90600.0,9,-5,303
90602.5,8,-6,308
90605.0,10,-6,305
90607.5,8,-7,303
90610.0,11,-10,304
90612.5,11,-8,303
90615.0,11,-8,304
90617.5,9,-8,302
90620.0,9,-8,304
90622.5,9,-8,304
90625.0,8,-7,305
90627.5,11,-9,303
90630.0,11,-8,305
90632.5,12,-8,306
90635.0,7,-9,303
90637.5,8,-6,302
90640.0,10,-8,304
90642.5,13,-10,302
90645.0,10,-8,301
90647.5,8,-8,301
90650.0,8,-6,304
90652.5,8,-9,303
90655.0,10,-8,304
90657.5,10,-7,303
90660.0,10,-8,304
90662.5,9,-7,304
90665.0,9,-7,305
90667.5,8,-7,304
90670.0,8,-9,303
90672.5,8,-9,303
90675.0,9,-7,304
90677.5,10,-6,302
90680.0,12,-9,303
90682.5,8,-7,302
90685.0,10,-7,304
90687.5,13,-7,304
90690.0,12,-8,303
90692.5,11,-9,304
90695.0,10,-9,304
90697.5,9,-7,302
90700.0,11,-4,303
90702.5,12,-7,300
90705.0,12,-11,303
90707.5,9,-10,303
90710.0,12,-9,304
90712.5,10,-8,305
90715.0,11,-7,304
90717.5,11,-8,303
90720.0,9,-9,306
90722.5,9,-9,306
90725.0,8,-9,304
90727.5,10,-9,307
90730.0,8,-9,306
90732.5,9,-8,299
90735.0,9,-8,301
90737.5,9,-3,305
90740.0,10,-8,304
90742.5,11,-8,306
90745.0,12,-7,301
90747.5,8,-5,299
90750.0,11,-7,299
90752.5,9,-7,299
90755.0,9,-7,304
90757.5,10,-8,303
90760.0,8,-9,304
90762.5,11,-8,300
90765.0,9,-8,301
90767.5,8,-9,305
90770.0,10,-9,305
90772.5,10,-9,305
90775.0,10,-11,304
90777.5,12,-8,302
90780.0,10,-6,304
90782.5,12,-8,305
90785.0,11,-4,304
90787.5,11,-7,301
90790.0,11,-8,302
90792.5,10,-8,302
90795.0,11,-6,306
90797.5,10,-8,303
90800.0,11,-10,305
90802.5,12,-8,304
90805.0,10,-6,303
90807.5,9,-8,304
90810.0,8,-4,302
90812.5,9,-7,304
90815.0,8,-6,302
90817.5,7,-8,301
90820.0,10,-9,303
90822.5,10,-9,303
90825.0,11,-10,302
90827.5,10,-8,301
90830.0,11,-7,303
90832.5,12,-9,302
90835.0,9,-8,305
90837.5,7,-6,306
90840.0,11,-10,304
90842.5,12,-7,303
90845.0,12,-9,301
90847.5,10,-6,304
90850.0,11,-8,304
90852.5,10,-9,302
90855.0,9,-9,303
90857.5,8,-8,304
90860.0,10,-9,301
90862.5,10,-8,301
90865.0,9,-9,303
90867.5,10,-7,306
90870.0,9,-10,304
90872.5,9,-10,304
90875.0,9,-7,302
90877.5,7,-8,303
90880.0,10,-6,305
90882.5,12,-6,306
90885.0,12,-8,307
90887.5,12,-7,303
90890.0,10,-6,307
90892.5,10,-4,305
90895.0,9,-8,303
90897.5,8,-3,301
90900.0,12,-8,306
90902.5,10,-7,304
90905.0,11,-6,306
90907.5,10,-8,304
90910.0,9,-8,304
90912.5,11,-7,302
90915.0,9,-6,305
90917.5,11,-7,304
90920.0,12,-7,303
90922.5,12,-7,303
90925.0,9,-7,303
90927.5,8,-7,302
90930.0,12,-5,302
90932.5,9,-6,304
90935.0,10,-9,300
90937.5,9,-8,306
90940.0,10,-7,302
90942.5,9,-5,307
90945.0,10,-7,304
90947.5,9,-7,301
90950.0,9,-6,304
90952.5,10,-8,303
90955.0,11,-8,303
90957.5,11,-9,301
90960.0,9,-8,305
90962.5,10,-8,307
90965.0,10,-8,304
90967.5,8,-8,302
90970.0,8,-8,302
90972.5,10,-8,302
90975.0,11,-7,306
90977.5,11,-9,306
90980.0,11,-7,305
90982.5,10,-4,304
90985.0,10,-8,303
90987.5,10,-6,304
90990.0,9,-5,304
90992.5,8,-6,303
90995.0,9,-8,303
90997.5,11,-9,304
91000.0,12,-8,301
91002.5,10,-9,302
91005.0,10,-9,306
91007.5,9,-9,301
91010.0,9,-7,302
91012.5,12,-9,304
91015.0,12,-8,303
91017.5,8,-6,307
91020.0,8,-6,307
91022.5,9,-8,306
91025.0,11,-10,305
91027.5,12,-8,305
91030.0,11,-7,305
91032.5,11,-6,302
91035.0,9,-7,301
91037.5,10,-8,302
91040.0,10,-8,305
91042.5,10,-10,304
91045.0,11,-8,302
91047.5,11,-9,302
91050.0,11,-8,306
91052.5,9,-6,302
91055.0,10,-10,302
91057.5,11,-9,303
91060.0,9,-3,305
91062.5,10,-9,302
91065.0,10,-9,303
91067.5,11,-10,304
91070.0,11,-10,304
91072.5,10,-7,303
91075.0,9,-8,302
91077.5,10,-9,301
91080.0,10,-7,302
91082.5,11,-6,302
91085.0,8,-5,301
91087.5,10,-7,302
91090.0,10,-5,301
91092.5,11,-7,306
91095.0,9,-9,305
91097.5,8,-8,304
91100.0,9,-6,304
91102.5,8,-9,304
91105.0,9,-8,302
91107.5,11,-6,302
91110.0,10,-10,304
91112.5,8,-4,303
91115.0,9,-10,304
91117.5,9,-9,304
91120.0,9,-9,304
91122.5,8,-6,304
91125.0,9,-6,306
91127.5,13,-7,304
91130.0,10,-6,303
91132.5,9,-10,304
91135.0,11,-8,305
91137.5,11,-6,303
91140.0,14,-10,307
91142.5,11,-10,306
91145.0,8,-5,301
91147.5,10,-6,304
91150.0,11,-7,307
91152.5,11,-9,304
91155.0,11,-9,304
91157.5,8,-8,301
91160.0,12,-7,303
91162.5,9,-9,303
91165.0,9,-7,304
91167.5,11,-12,302
91170.0,11,-12,302
91172.5,10,-9,302
91175.0,11,-10,301
91177.5,12,-9,307
91180.0,10,-8,303
91182.5,8,-9,302
91185.0,11,-10,304
91187.5,12,-11,305
91190.0,11,-10,303
91192.5,10,-7,305
91195.0,12,-7,303
91197.5,9,-8,301
91200.0,10,-7,301
91202.5,8,-7,301
91205.0,9,-9,302
91207.5,12,-8,301
91210.0,10,-6,304
91212.5,10,-7,303
91215.0,10,-8,304
91217.5,11,-9,300
91220.0,11,-9,300
91222.5,10,-7,302
91225.0,7,-7,306
91227.5,9,-7,303
91230.0,11,-10,303
91232.5,9,-7,300
91235.0,12,-6,300
91237.5,12,-8,303
91240.0,9,-9,306
91242.5,12,-7,302
91245.0,13,-5,304
91247.5,9,-7,302
91250.0,10,-6,301
91252.5,11,-10,303
91255.0,11,-9,304
91257.5,8,-8,302
91260.0,9,-6,306
91262.5,9,-10,303
91265.0,10,-9,306
91267.5,13,-8,303
91270.0,13,-8,303
91272.5,12,-9,302
91275.0,11,-5,303
91277.5,11,-8,305
91280.0,11,-6,306
91282.5,9,-8,306
91285.0,9,-7,307
91287.5,11,-8,300
91290.0,11,-7,303
91292.5,11,-6,302
91295.0,10,-8,305
91297.5,10,-8,302
91300.0,9,-7,305
91302.5,12,-8,303
91305.0,10,-8,301
91307.5,11,-8,303
91310.0,10,-8,305
91312.5,10,-9,301
91315.0,11,-8,303
91317.5,10,-9,302
91320.0,10,-9,302
91322.5,11,-12,301
91325.0,10,-8,304
91327.5,10,-7,300
91330.0,11,-9,303
91332.5,8,-6,301
91335.0,8,-5,304
91337.5,10,-7,304
91340.0,11,-9,304
91342.5,9,-8,301
91345.0,10,-9,302
91347.5,10,-6,300
91350.0,9,-8,301
91352.5,10,-9,302
91355.0,9,-9,302
91357.5,12,-8,301
91360.0,11,-8,303
91362.5,8,-8,302
91365.0,9,-7,306
91367.5,10,-7,299
91370.0,10,-7,299
91372.5,9,-11,304
91375.0,8,-8,303
91377.5,12,-6,305
91380.0,9,-7,303
91382.5,10,-7,303
91385.0,9,-5,304
91387.5,10,-8,303
91390.0,9,-7,303
91392.5,12,-8,304
91395.0,9,-7,302
91397.5,9,-8,301
91400.0,9,-8,300
91402.5,10,-6,304
91405.0,11,-9,302
91407.5,9,-9,301
91410.0,10,-9,304
91412.5,11,-12,304
91415.0,10,-11,302
91417.5,10,-11,302
91420.0,9,-9,303
91422.5,12,-9,305
91425.0,11,-9,306
91427.5,12,-6,303
91430.0,10,-7,303
91432.5,9,-8,305
91435.0,11,-5,304
91437.5,11,-7,306
91440.0,12,-9,309
91442.5,10,-7,303
91445.0,7,-8,303
91447.5,11,-11,304
91450.0,10,-10,304
91452.5,10,-8,302
91455.0,10,-7,304
91457.5,10,-8,304
91460.0,11,-8,305
91462.5,8,-6,305
91465.0,11,-8,302
91467.5,11,-8,302
91470.0,10,-8,301
91472.5,11,-8,305
91475.0,13,-9,304
91477.5,12,-6,304
91480.0,10,-6,307
91482.5,10,-7,306
91485.0,12,-7,301
91487.5,10,-4,302
91490.0,10,-7,305
91492.5,10,-8,303
91495.0,8,-8,305
91497.5,8,-8,304
91500.0,10,-8,304
91502.5,9,-6,303
91505.0,10,-6,301
91507.5,10,-7,301
91510.0,11,-8,303
91512.5,9,-11,301
91515.0,10,-8,303
91517.5,10,-8,303
91520.0,9,-7,305
91522.5,10,-11,302
91525.0,9,-7,304
91527.5,12,-9,305
91530.0,10,-8,299
91532.5,10,-6,303
91535.0,13,-7,304
91537.5,8,-7,306
91540.0,10,-10,303
91542.5,9,-6,302
91545.0,10,-8,303
91547.5,10,-8,303
91550.0,12,-10,301
91552.5,9,-10,303
91555.0,8,-8,301
91557.5,9,-8,301
91560.0,8,-9,304
91562.5,9,-8,304
91565.0,11,-10,302
91567.5,11,-10,302
91570.0,11,-8,304
91572.5,10,-8,303
91575.0,9,-6,305
91577.5,9,-8,302
91580.0,11,-9,302
91582.5,11,-5,304
91585.0,10,-6,306
91587.5,10,-6,301
91590.0,8,-5,302
91592.5,8,-6,303
91595.0,10,-7,304
91597.5,9,-6,303
91600.0,10,-8,301
91602.5,12,-10,304
91605.0,9,-8,303
91607.5,10,-8,301
91610.0,10,-8,304
91612.5,9,-8,302
91615.0,9,-9,305
91617.5,9,-9,305
91620.0,11,-9,305
91622.5,10,-8,301
91625.0,12,-9,302
91627.5,11,-7,305
91630.0,7,-9,301
91632.5,8,-8,304
91635.0,10,-8,307
91637.5,9,-8,302
91640.0,12,-8,305
91642.5,10,-9,305
91645.0,12,-7,302
91647.5,6,-5,302
91650.0,6,-8,304
91652.5,11,-7,303
91655.0,9,-9,304
91657.5,10,-8,303
91660.0,10,-8,302
91662.5,9,-7,302
91665.0,9,-8,299
91667.5,9,-8,299
91670.0,11,-5,304
91672.5,10,-8,305
91675.0,10,-7,306
91677.5,10,-9,303
91680.0,9,-7,303
91682.5,12,-6,302
91685.0,12,-6,302
91687.5,9,-6,305
91690.0,9,-10,302
91692.5,7,-8,302
91695.0,11,-7,305
91697.5,9,-7,302
91700.0,9,-5,304
91702.5,10,-10,304
91705.0,10,-10,300
91707.5,10,-8,306
91710.0,10,-9,305
91712.5,10,-7,305
91715.0,10,-6,303
91717.5,10,-6,303
91720.0,11,-6,304
91722.5,9,-4,301
91725.0,11,-6,307
91727.5,12,-9,303
91730.0,10,-8,302
91732.5,11,-5,306
91735.0,12,-7,302
91737.5,9,-6,302
91740.0,12,-8,305
91742.5,10,-7,303
91745.0,11,-9,305
91747.5,9,-10,301
91750.0,8,-7,305
91752.5,12,-8,303
91755.0,11,-9,304
91757.5,11,-8,301
91760.0,9,-6,302
91762.5,10,-10,303
91765.0,9,-8,303
91767.5,9,-8,303
91770.0,10,-10,306
91772.5,11,-9,305
91775.0,12,-9,302
91777.5,10,-7,301
91780.0,10,-4,304
91782.5,9,-6,303
91785.0,10,-9,302
91787.5,9,-8,306
91790.0,10,-9,307
91792.5,9,-11,302
91795.0,10,-8,303
91797.5,11,-5,305
91800.0,9,-6,303
91802.5,12,-8,304
91805.0,9,-9,303
91807.5,9,-9,304
91810.0,11,-8,302
91812.5,10,-8,303
91815.0,9,-9,303
91817.5,9,-9,303
91820.0,9,-8,306
91822.5,11,-9,304
91825.0,11,-6,299
91827.5,10,-8,306
91830.0,12,-11,304
91832.5,11,-8,303
91835.0,10,-5,303
91837.5,10,-6,305
91840.0,9,-6,304
91842.5,8,-8,303
91845.0,9,-7,304
91847.5,10,-9,304
91850.0,10,-9,301
91852.5,10,-6,304
91855.0,11,-9,304
91857.5,10,-8,304
91860.0,8,-8,303
91862.5,9,-8,304
91865.0,9,-8,304
91867.5,9,-8,303
91870.0,10,-8,305
91872.5,9,-9,303
91875.0,12,-9,299
91877.5,9,-7,303
91880.0,9,-6,304
91882.5,9,-6,306
91885.0,12,-10,307
91887.5,10,-7,302
91890.0,11,-7,302
91892.5,9,-8,302
91895.0,10,-9,306
91897.5,10,-8,301
91900.0,12,-8,300
91902.5,9,-8,307
91905.0,10,-9,303
91907.5,10,-6,304
91910.0,10,-9,301
91912.5,9,-8,301
91915.0,9,-8,301
91917.5,9,-5,304
91920.0,9,-7,303
91922.5,11,-6,308
91925.0,9,-9,302
91927.5,9,-6,302
91930.0,10,-7,304
91932.5,11,-6,303
91935.0,10,-9,301
91937.5,9,-8,303
91940.0,9,-11,303
91942.5,11,-7,307
91945.0,10,-8,302
91947.5,9,-7,300
91950.0,10,-6,303
91952.5,9,-9,304
91955.0,10,-8,303
91957.5,12,-10,306
91960.0,9,-11,301
91962.5,12,-10,300
91965.0,12,-10,300
91967.5,10,-9,306
91970.0,10,-8,303
91972.5,11,-10,305
91975.0,12,-7,301
91977.5,10,-6,307
91980.0,9,-6,305
91982.5,11,-6,302
91985.0,12,-9,301
91987.5,9,-5,304
91990.0,11,-5,305
91992.5,9,-7,305
91995.0,9,-8,305
91997.5,11,-7,303
92000.0,10,-10,302
92002.5,10,-9,302
92005.0,10,-6,302
92007.5,8,-7,302
92010.0,8,-9,301
92012.5,9,-9,301
92015.0,9,-9,301
92017.5,10,-9,304
92020.0,9,-9,303
92022.5,11,-8,300
92025.0,11,-5,303
92027.5,12,-5,303
92030.0,12,-7,303
92032.5,9,-5,305
92035.0,10,-10,302
92037.5,12,-9,303
92040.0,11,-9,302
92042.5,11,-9,303
92045.0,9,-5,301
92047.5,7,-8,301
92050.0,9,-7,302
92052.5,10,-7,302
92055.0,9,-8,302
92057.5,10,-8,302
92060.0,10,-9,303
92062.5,9,-6,305
92065.0,9,-6,305
92067.5,10,-8,298
92070.0,8,-8,303
92072.5,9,-9,308
92075.0,9,-7,306
92077.5,8,-5,306
92080.0,12,-6,303
92082.5,12,-11,302
92085.0,8,-7,299
92087.5,10,-7,304
92090.0,9,-6,302
92092.5,12,-8,303
92095.0,11,-8,302
92097.5,11,-7,305
92100.0,9,-10,304
92102.5,6,-7,302
92105.0,9,-9,303
92107.5,9,-10,303
92110.0,9,-9,305
92112.5,10,-8,303
92115.0,10,-8,303
92117.5,11,-9,306
92120.0,8,-7,303
92122.5,7,-7,306
92125.0,11,-8,305
92127.5,12,-8,304
92130.0,12,-6,304
92132.5,10,-7,300
92135.0,8,-7,302
92137.5,11,-11,306
92140.0,11,-7,300
92142.5,11,-7,302
92145.0,10,-7,303
92147.5,10,-7,301
92150.0,10,-9,303
92152.5,10,-8,303
92155.0,11,-9,301
92157.5,10,-11,303
92160.0,11,-8,303
92162.5,10,-8,303
92165.0,10,-8,303
92167.5,10,-8,300
92170.0,7,-8,306
92172.5,10,-9,306
92175.0,9,-8,301
92177.5,13,-6,304
92180.0,11,-8,303
92182.5,12,-8,302
92185.0,9,-8,304
92187.5,9,-6,304
92190.0,9,-8,301
92192.5,9,-8,305
92195.0,11,-8,302
92197.5,9,-4,301
92200.0,8,-6,304
92202.5,9,-8,304
92205.0,9,-7,301
92207.5,11,-8,306
92210.0,9,-7,303
92212.5,7,-7,302
92215.0,7,-7,302
92217.5,11,-7,306
92220.0,10,-8,307
92222.5,8,-9,308
92225.0,9,-5,303
92227.5,8,-7,300
92230.0,11,-8,304
92232.5,9,-5,304
92235.0,9,-5,305
92237.5,10,-7,304
92240.0,11,-8,307
92242.5,9,-8,303
92245.0,9,-8,301
92247.5,9,-8,304
92250.0,8,-7,304
92252.5,9,-7,302
92255.0,11,-7,300
92257.5,10,-8,301
92260.0,10,-10,300
92262.5,10,-9,300
92265.0,10,-9,300
92267.5,10,-7,299
92270.0,10,-9,305
92272.5,9,-5,304
92275.0,9,-5,307
92277.5,12,-9,302
92280.0,10,-7,307
92282.5,9,-9,304
92285.0,9,-6,302
92287.5,8,-9,304
92290.0,10,-9,306
92292.5,10,-7,305
92295.0,8,-4,304
92297.5,10,-7,303
92300.0,10,-6,302
92302.5,10,-7,302
92305.0,10,-7,303
92307.5,10,-7,304
92310.0,8,-9,304
92312.5,11,-8,304
92315.0,11,-8,304
92317.5,11,-8,303
92320.0,10,-4,300
92322.5,12,-6,305
92325.0,12,-6,304
92327.5,10,-10,302
92330.0,9,-9,301
92332.5,11,-10,301
92335.0,11,-10,304
92337.5,10,-7,301
92340.0,11,-7,305
92342.5,11,-9,301
92345.0,10,-9,303
92347.5,9,-8,303
92350.0,11,-9,303
92352.5,10,-9,305
92355.0,8,-7,305
92357.5,10,-8,303
92360.0,10,-9,297
92362.5,10,-9,297
92365.0,9,-8,299
92367.5,9,-9,300
92370.0,8,-9,304
92372.5,11,-9,301
92375.0,11,-7,302
92377.5,11,-8,302
92380.0,13,-6,300
92382.5,8,-6,301
92385.0,10,-7,306
92387.5,10,-8,307
92390.0,10,-7,301
92392.5,11,-5,304
92395.0,11,-10,304
92397.5,11,-7,303
92400.0,10,-8,302
92402.5,10,-9,301
92405.0,9,-7,302
92407.5,10,-9,304
92410.0,10,-8,300
92412.5,10,-8,300
92415.0,9,-8,304
92417.5,9,-7,302
92420.0,8,-8,306
92422.5,10,-5,304
92425.0,9,-4,304
92427.5,9,-8,305
92430.0,10,-8,302
92432.5,11,-4,302
92435.0,12,-5,301
92437.5,10,-6,299
92440.0,9,-7,301
92442.5,10,-7,301
92445.0,9,-8,304
92447.5,11,-8,304
92450.0,10,-8,301
92452.5,10,-9,305
92455.0,8,-9,303
92457.5,9,-8,302
92460.0,9,-7,300
92462.5,9,-7,300
92465.0,11,-9,301
92467.5,10,-6,305
92470.0,10,-8,302
92472.5,9,-5,305
92475.0,10,-8,304
92477.5,9,-8,306
92480.0,9,-10,306
92482.5,12,-8,302
92485.0,10,-8,302
92487.5,11,-7,305
92490.0,11,-8,303
92492.5,9,-7,304
92495.0,12,-9,302
92497.5,10,-6,306
92500.0,11,-8,302
92502.5,8,-8,302
92505.0,10,-10,300
92507.5,9,-10,298
92510.0,10,-10,305
92512.5,10,-10,305
92515.0,8,-5,305
92517.5,11,-8,302
92520.0,10,-8,302
92522.5,12,-7,306
92525.0,9,-9,307
92527.5,10,-7,306
92530.0,10,-5,302
92532.5,12,-9,305
92535.0,10,-8,303
92537.5,10,-6,300
92540.0,9,-9,306
92542.5,11,-8,304
92545.0,8,-8,304
92547.5,11,-8,303
92550.0,9,-8,305
92552.5,10,-9,305
92555.0,8,-8,303
92557.5,9,-6,303
92560.0,11,-7,305
92562.5,11,-7,305
92565.0,10,-5,305
92567.5,8,-8,305
92570.0,9,-7,304
92572.5,10,-5,307
92575.0,12,-8,302
92577.5,12,-5,305
92580.0,9,-7,301
92582.5,8,-9,306
92585.0,9,-6,304
92587.5,9,-6,305
92590.0,11,-7,304
92592.5,11,-6,306
92595.0,11,-8,303
92597.5,10,-7,303
92600.0,9,-8,304
92602.5,11,-9,302
92605.0,10,-8,305
92607.5,9,-8,302
92610.0,10,-8,303
92612.5,10,-8,303
92615.0,10,-9,300
92617.5,9,-9,302
92620.0,9,-5,304
92622.5,13,-8,300
92625.0,12,-9,305
92627.5,10,-8,306
92630.0,9,-7,301
92632.5,9,-4,306
92635.0,11,-7,308
92637.5,10,-9,303
92640.0,11,-8,305
92642.5,10,-7,301
92645.0,8,-8,302
92647.5,8,-8,301
92650.0,10,-8,305
92652.5,10,-6,304
92655.0,10,-8,301
92657.5,9,-8,301
92660.0,9,-11,306
92662.5,9,-11,306
92665.0,9,-7,302
92667.5,9,-6,303
92670.0,9,-7,302
92672.5,9,-5,303
92675.0,8,-4,303
92677.5,12,-6,305
92680.0,12,-9,299
92682.5,9,-9,302
92685.0,12,-7,309
92687.5,9,-8,302
92690.0,8,-6,306
92692.5,10,-6,302
92695.0,8,-9,307
92697.5,8,-9,303
92700.0,8,-7,302
92702.5,9,-7,304
92705.0,8,-6,303
92707.5,9,-10,305
92710.0,10,-9,304
92712.5,10,-9,304
92715.0,7,-9,303
92717.5,9,-10,304
92720.0,11,-10,306
92722.5,11,-7,301
92725.0,8,-4,303
92727.5,9,-5,307
92730.0,8,-7,306
92732.5,11,-7,304
92735.0,10,-7,302
92737.5,11,-8,302
92740.0,13,-9,300
92742.5,12,-7,302
92745.0,9,-6,305
92747.5,8,-8,302
92750.0,10,-8,302
92752.5,10,-9,301
92755.0,9,-9,301
92757.5,10,-7,302
92760.0,11,-9,301
92762.5,11,-9,301
92765.0,11,-10,302
92767.5,9,-8,306
92770.0,9,-5,305
92772.5,9,-11,305
92775.0,8,-6,304
92777.5,10,-5,303
92780.0,8,-9,303
92782.5,9,-6,304
92785.0,12,-9,305
92787.5,8,-6,307
92790.0,9,-7,304
92792.5,10,-7,304
92795.0,9,-6,301
92797.5,9,-7,304
92800.0,8,-8,303
92802.5,10,-7,304
92805.0,9,-8,303
92807.5,9,-10,306
92810.0,8,-8,304
92812.5,8,-8,304
92815.0,10,-7,302
92817.5,9,-9,305
92820.0,12,-5,306
92822.5,9,-8,305
92825.0,9,-9,306
92827.5,10,-8,307
92830.0,10,-9,304
92832.5,10,-9,304
92835.0,11,-7,303
92837.5,12,-7,306
92840.0,12,-8,300
92842.5,12,-10,306
92845.0,9,-9,306
92847.5,12,-9,303
92850.0,9,-9,303
92852.5,10,-9,303
92855.0,10,-9,304
92857.5,9,-7,303
92860.0,9,-7,303
92862.5,10,-8,302
92865.0,9,-9,303
92867.5,10,-8,306
92870.0,11,-7,303
92872.5,10,-4,303
92875.0,8,-6,299
92877.5,9,-6,307
92880.0,8,-9,306
92882.5,10,-8,306
92885.0,9,-6,303
92887.5,11,-9,302
92890.0,10,-7,301
92892.5,9,-8,302
92895.0,10,-6,303
92897.5,10,-8,303
92900.0,9,-9,303
92902.5,9,-6,302
92905.0,11,-10,305
92907.5,10,-8,301
92910.0,10,-8,301
92912.5,10,-9,307
92915.0,12,-8,303
92917.5,11,-7,301
92920.0,11,-7,303
92922.5,10,-4,304
92925.0,10,-6,307
92927.5,9,-9,304
92930.0,10,-5,304
92932.5,12,-8,302
92935.0,10,-8,302
92937.5,8,-7,302
92940.0,9,-5,307
92942.5,12,-9,305
92945.0,12,-6,300
92947.5,7,-7,302
92950.0,8,-8,301
92952.5,10,-7,304
92955.0,9,-9,304
92957.5,9,-10,302
92960.0,9,-10,302
92962.5,12,-8,306
92965.0,10,-8,303
92967.5,9,-8,304
92970.0,11,-8,301
92972.5,13,-6,305
92975.0,9,-3,302
92977.5,8,-5,303
92980.0,11,-8,304
92982.5,10,-10,303
92985.0,10,-8,301
92987.5,11,-8,303
92990.0,11,-8,302
92992.5,9,-8,302
92995.0,11,-9,306
92997.5,10,-8,302
93000.0,10,-8,306
93002.5,9,-6,304
93005.0,11,-11,302
93007.5,11,-9,304
93010.0,11,-9,304
93012.5,11,-7,303
93015.0,10,-8,302
93017.5,9,-7,304
93020.0,11,-9,305
93022.5,13,-10,308
93025.0,12,-9,309
93027.5,9,-7,304
93030.0,9,-8,301
93032.5,12,-10,307
93035.0,10,-6,302
93037.5,9,-7,302
93040.0,10,-11,304
93042.5,10,-10,302
93045.0,10,-8,302
93047.5,11,-9,304
93050.0,10,-8,305
93052.5,10,-7,302
93055.0,9,-8,302
93057.5,11,-9,303
93060.0,11,-9,303
93062.5,9,-8,305
93065.0,9,-7,304
93067.5,12,-8,304
93070.0,12,-8,303
93072.5,8,-5,301
93075.0,14,-9,300
93077.5,10,-5,303
93080.0,8,-8,305
93082.5,7,-6,306
93085.0,10,-10,304
93087.5,11,-8,305
93090.0,10,-8,306
93092.5,10,-7,303
93095.0,11,-9,304
93097.5,8,-7,306
93100.0,8,-7,302
93102.5,9,-7,303
93105.0,9,-7,303
93107.5,9,-9,303
93110.0,9,-9,303
93112.5,10,-7,303
93115.0,9,-6,301
93117.5,11,-8,300
93120.0,11,-10,302
93122.5,11,-8,307
93125.0,12,-6,303
93127.5,11,-4,300
93130.0,9,-7,301
93132.5,9,-7,303
93135.0,9,-8,304
93137.5,12,-9,302
93140.0,9,-6,302
93142.5,10,-9,302
93145.0,10,-6,305
93147.5,8,-7,301
93150.0,11,-9,303
93152.5,10,-9,302
93155.0,10,-8,302
93157.5,10,-6,300
93160.0,10,-6,300
93162.5,11,-7,305
93165.0,10,-9,297
93167.5,11,-6,303
93170.0,11,-4,306
93172.5,10,-8,304
93175.0,11,-5,304
93177.5,13,-10,308
93180.0,12,-9,307
93182.5,9,-7,306
93185.0,9,-5,305
93187.5,8,-8,304
93190.0,9,-7,304
93192.5,9,-5,306
93195.0,10,-7,306
93197.5,9,-7,302
93200.0,11,-8,305
93202.5,9,-8,303
93205.0,8,-7,304
93207.5,9,-8,303
93210.0,9,-8,303
93212.5,12,-11,306
93215.0,11,-9,305
93217.5,9,-7,304
93220.0,11,-7,303
93222.5,10,-8,305
93225.0,10,-7,303
93227.5,8,-5,304
93230.0,10,-6,306
93232.5,14,-11,302
93235.0,8,-8,303
93237.5,10,-6,305
93240.0,9,-7,303
93242.5,10,-6,305
93245.0,9,-7,304
93247.5,11,-8,303
93250.0,12,-10,303
93252.5,10,-8,299
93255.0,9,-6,301
93257.5,7,-5,306
93260.0,7,-5,306
93262.5,8,-6,305
93265.0,13,-11,302
93267.5,9,-8,302
93270.0,9,-8,305
93272.5,10,-6,299
93275.0,12,-6,302
93277.5,8,-5,303
93280.0,9,-6,305
93282.5,11,-6,307
93285.0,10,-7,305
93287.5,12,-8,306
93290.0,10,-8,303
93292.5,11,-7,307
93295.0,7,-6,301
93297.5,9,-9,303
93300.0,8,-9,305
93302.5,8,-7,302
93305.0,12,-13,303
93307.5,10,-8,307
93310.0,10,-8,307
93312.5,10,-10,304
93315.0,9,-7,303
93317.5,11,-6,301
93320.0,11,-9,301
93322.5,11,-9,307
93325.0,11,-10,304
93327.5,10,-5,301
93330.0,12,-8,299
93332.5,11,-8,302
93335.0,10,-8,301
93337.5,8,-8,302
93340.0,10,-7,305
93342.5,7,-7,304
93345.0,8,-8,303
93347.5,8,-7,305
93350.0,7,-8,303
93352.5,8,-8,300
93355.0,10,-8,304
93357.5,10,-8,304
93360.0,9,-7,306
93362.5,10,-7,306
93365.0,12,-8,303
93367.5,11,-4,300
93370.0,11,-4,300
93372.5,9,-6,306
93375.0,10,-6,304
93377.5,13,-7,301
93380.0,10,-7,304
93382.5,11,-9,302
93385.0,10,-7,304
93387.5,12,-10,304
93390.0,10,-7,301
93392.5,8,-7,301
93395.0,10,-7,302
93397.5,10,-9,301
93400.0,11,-10,302
93402.5,9,-7,302
93405.0,9,-9,303
93407.5,9,-9,303
93410.0,10,-8,301
93412.5,10,-9,304
93415.0,9,-8,301
93417.5,8,-6,304
93420.0,10,-8,306
93422.5,11,-7,305
93425.0,9,-7,305
93427.5,11,-8,301
93430.0,8,-6,304
93432.5,11,-8,303
93435.0,8,-8,305
93437.5,10,-7,302
93440.0,8,-8,303
93442.5,12,-7,305
93445.0,11,-9,305
93447.5,11,-9,303
93450.0,11,-8,302
93452.5,12,-12,301
93455.0,8,-8,303
93457.5,8,-8,303
93460.0,9,-6,306
93462.5,7,-8,305
93465.0,11,-8,303
93467.5,9,-8,308
93470.0,9,-7,304
93472.5,12,-7,301
93475.0,10,-7,305
93477.5,9,-9,301
93480.0,10,-9,302
93482.5,12,-7,303
93485.0,9,-8,304
93487.5,10,-11,303
93490.0,9,-7,301
93492.5,11,-7,304
93495.0,11,-9,306
93497.5,10,-9,306
93500.0,8,-5,303
93502.5,10,-8,299
93505.0,10,-6,303
93507.5,10,-6,303
93510.0,11,-8,305
93512.5,9,-8,305
93515.0,10,-7,305
93517.5,12,-11,307
93520.0,12,-9,300
93522.5,11,-8,303
93525.0,10,-5,304
93527.5,10,-7,303
93530.0,9,-9,300
93532.5,11,-7,304
93535.0,10,-8,307
93537.5,11,-8,306
93540.0,9,-8,300
93542.5,10,-9,300
93545.0,11,-9,302
93547.5,10,-9,303
93550.0,10,-7,304
93552.5,9,-8,306
93555.0,8,-9,303
93557.5,8,-9,303
93560.0,10,-9,305
93562.5,8,-8,301
93565.0,10,-6,301
93567.5,8,-6,306
93570.0,9,-6,304
93572.5,12,-11,305
93575.0,9,-8,303
93577.5,11,-8,301
93580.0,10,-8,301
93582.5,9,-7,304
93585.0,10,-7,303
93587.5,10,-9,302
93590.0,8,-7,302
93592.5,10,-8,303
93595.0,9,-10,303
93597.5,9,-7,304
93600.0,11,-10,304
93602.5,9,-9,301
93605.0,8,-6,301
93607.5,8,-6,301
93610.0,9,-5,300
93612.5,8,-8,302
93615.0,8,-6,306
93617.5,11,-10,299
93620.0,8,-5,301
93622.5,10,-6,302
93625.0,10,-9,300
93627.5,10,-5,304
93630.0,10,-8,304
93632.5,10,-9,308
93635.0,10,-9,302
93637.5,10,-7,298
93640.0,10,-8,304
93642.5,10,-8,302
93645.0,9,-7,304
93647.5,10,-9,305
93650.0,13,-10,305
93652.5,12,-11,306
93655.0,11,-8,304
93657.5,11,-8,304
93660.0,13,-10,299
93662.5,11,-7,301
93665.0,9,-8,305
93667.5,10,-9,303
93670.0,11,-9,304
93672.5,10,-6,306
93675.0,9,-5,302
93677.5,10,-7,304
93680.0,11,-6,304
93682.5,8,-9,304
93685.0,11,-7,302
93687.5,14,-10,303
93690.0,10,-9,303
93692.5,10,-8,305
93695.0,9,-5,301
93697.5,11,-11,301
93700.0,9,-8,305
93702.5,10,-8,303
93705.0,11,-8,300
93707.5,11,-8,300
93710.0,10,-6,301
93712.5,9,-8,304
93715.0,9,-8,303
93717.5,9,-8,302
93720.0,11,-9,304
93722.5,11,-9,304
93725.0,9,-7,302
93727.5,9,-5,305
93730.0,11,-7,304
93732.5,10,-9,302
93735.0,9,-8,303
93737.5,9,-8,304
93740.0,8,-8,305
93742.5,10,-8,305
93745.0,10,-7,301
93747.5,11,-10,303
93750.0,9,-10,305
93752.5,9,-7,303
93755.0,9,-7,304
93757.5,9,-7,304
93760.0,11,-11,306
93762.5,10,-6,303
93765.0,12,-6,303
93767.5,7,-6,300
93770.0,9,-8,304
93772.5,9,-7,305
93775.0,13,-10,305
93777.5,9,-7,305
93780.0,10,-6,303
93782.5,10,-6,299
93785.0,9,-9,304
93787.5,9,-8,304
93790.0,11,-9,303
93792.5,11,-8,305
93795.0,9,-10,306
93797.5,10,-8,307
93800.0,9,-9,304
93802.5,10,-9,301
93805.0,10,-9,301
93807.5,11,-11,303
93810.0,10,-9,300
93812.5,7,-8,304
93815.0,10,-9,301
93817.5,11,-10,306
93820.0,8,-10,304
93822.5,12,-9,303
93825.0,15,-10,302
93827.5,13,-7,301
93830.0,10,-6,304
93832.5,10,-6,305
93835.0,10,-7,303
93837.5,9,-9,302
93840.0,12,-9,304
93842.5,8,-8,305
93845.0,11,-8,301
93847.5,10,-7,304
93850.0,7,-7,301
93852.5,9,-7,302
93855.0,9,-7,302
93857.5,10,-8,302
93860.0,11,-8,303
93862.5,10,-8,304
93865.0,8,-5,307
93867.5,8,-6,302
93870.0,9,-7,302
93872.5,14,-6,301
93875.0,10,-10,303
93877.5,9,-7,304
93880.0,9,-9,303
93882.5,10,-7,305
93885.0,11,-4,305
93887.5,12,-7,299
93890.0,10,-8,302
93892.5,9,-9,302
93895.0,9,-5,303
93897.5,9,-10,301
93900.0,9,-8,301
93902.5,10,-9,304
93905.0,10,-9,304
93907.5,11,-8,305
93910.0,9,-7,302
93912.5,12,-6,301
93915.0,11,-7,305
93917.5,9,-11,306
93920.0,11,-8,311
93922.5,10,-7,304
93925.0,13,-6,302
93927.5,11,-4,303
93930.0,10,-6,303
93932.5,10,-7,301
93935.0,10,-8,305
93937.5,10,-11,302
93940.0,9,-9,303
93942.5,10,-10,305
93945.0,10,-9,303
93947.5,9,-7,300
93950.0,9,-8,304
93952.5,6,-5,303
93955.0,6,-5,303
93957.5,9,-8,304
93960.0,10,-7,304
93962.5,9,-8,302
93965.0,12,-8,304
93967.5,8,-6,304
93970.0,9,-8,309
93972.5,12,-7,306
93975.0,9,-7,304
93977.5,12,-8,305
93980.0,10,-7,303
93982.5,11,-6,303
93985.0,10,-7,301
93987.5,9,-8,303
93990.0,11,-10,301
93992.5,11,-9,303
93995.0,9,-8,305
93997.5,10,-7,302
94000.0,8,-6,303
94002.5,10,-10,303
94005.0,10,-10,303
94007.5,11,-10,303
94010.0,8,-8,307
94012.5,11,-9,304
94015.0,10,-10,302
94017.5,9,-5,303
94020.0,11,-5,303
94022.5,12,-7,305
94025.0,10,-9,302
94027.5,6,-6,305
94030.0,8,-6,303
94032.5,13,-9,305
94035.0,10,-6,301
94037.5,10,-7,306
94040.0,12,-7,300
94042.5,9,-7,305
94045.0,10,-9,300
94047.5,11,-9,305
94050.0,10,-9,303
94052.5,11,-7,303
94055.0,11,-7,303
94057.5,9,-10,306
94060.0,9,-7,303
94062.5,9,-6,301
94065.0,9,-5,303
94067.5,11,-5,303
94070.0,13,-6,299
94072.5,10,-6,302
94075.0,7,-7,304
94077.5,10,-4,306
94080.0,10,-10,304
94082.5,12,-8,303
94085.0,11,-5,304
94087.5,9,-8,305
94090.0,11,-6,306
94092.5,10,-8,303
94095.0,11,-5,300
94097.5,9,-9,305
94100.0,11,-9,304
94102.5,9,-8,299
94105.0,9,-8,299
94107.5,11,-10,304
94110.0,12,-7,302
94112.5,10,-9,307
94115.0,9,-7,302
94117.5,14,-9,302
94120.0,14,-8,309
94122.5,12,-6,302
94125.0,10,-8,302
94127.5,12,-7,306
94130.0,11,-8,302
94132.5,9,-9,304
94135.0,9,-9,303
94137.5,10,-9,304
94140.0,10,-7,300
94142.5,9,-7,303
94145.0,11,-8,305
94147.5,10,-8,307
94150.0,10,-10,305
94152.5,11,-9,303
94155.0,11,-9,303
94157.5,11,-7,304
94160.0,11,-8,303
94162.5,11,-9,304
94165.0,10,-8,303
94167.5,10,-8,304
94170.0,10,-6,306
94172.5,11,-8,305
94175.0,9,-8,304
94177.5,12,-8,305
94180.0,11,-8,302
94182.5,9,-6,304
94185.0,9,-9,303
94187.5,11,-8,302
94190.0,12,-9,304
94192.5,10,-9,301
94195.0,8,-8,304
94197.5,9,-7,302
94200.0,11,-7,299
94202.5,10,-9,305
94205.0,10,-9,305
94207.5,8,-8,302
94210.0,12,-10,305
94212.5,10,-7,305
94215.0,8,-6,302
94217.5,10,-6,301
94220.0,12,-7,302
94222.5,9,-7,302
94225.0,9,-8,304
94227.5,10,-5,306
94230.0,7,-5,306
94232.5,9,-7,300
94235.0,8,-7,303
94237.5,8,-8,305
94240.0,9,-7,302
94242.5,9,-9,301
94245.0,11,-7,304
94247.5,11,-8,301
94250.0,10,-9,305
94252.5,12,-10,306
94255.0,12,-10,306
94257.5,11,-7,302
94260.0,11,-8,301
94262.5,10,-4,300
94265.0,10,-6,303
94267.5,10,-10,308
94270.0,10,-10,302
94272.5,10,-7,303
94275.0,10,-8,302
94277.5,9,-6,302
94280.0,10,-8,303
94282.5,12,-9,305
94285.0,9,-9,302
94287.5,9,-7,305
94290.0,10,-10,300
94292.5,10,-8,304
94295.0,9,-6,305
94297.5,12,-8,300
94300.0,9,-7,305
94302.5,9,-7,305
94305.0,11,-10,305
94307.5,11,-8,303
94310.0,10,-9,306
94312.5,12,-5,303
94315.0,12,-6,299
94317.5,8,-8,305
94320.0,10,-8,304
94322.5,11,-9,304
94325.0,11,-10,301
94327.5,10,-8,303
94330.0,11,-10,305
94332.5,9,-9,304
94335.0,10,-8,304
94337.5,9,-10,299
94340.0,10,-7,301
94342.5,8,-6,303
94345.0,10,-7,304
94347.5,10,-9,305
94350.0,10,-9,304
94352.5,10,-9,304
94355.0,10,-9,307
94357.5,10,-7,306
94360.0,8,-5,304
94362.5,10,-7,305
94365.0,10,-9,304
94367.5,9,-10,305
94370.0,9,-7,303
94372.5,10,-8,302
94375.0,11,-7,303
94377.5,9,-6,302
94380.0,8,-9,304
94382.5,10,-7,303
94385.0,9,-8,303
94387.5,11,-8,304
94390.0,9,-6,303
94392.5,10,-8,302
94395.0,11,-9,303
94397.5,8,-6,304
94400.0,9,-8,303
94402.5,9,-8,303
94405.0,10,-7,303
94407.5,7,-8,304
94410.0,8,-7,304
94412.5,10,-7,303
94415.0,9,-6,301
94417.5,10,-7,300
94420.0,11,-3,302
94422.5,9,-7,303
94425.0,7,-5,303
94427.5,11,-8,304
94430.0,10,-9,305
94432.5,11,-6,304
94435.0,8,-7,300
94437.5,11,-7,304
94440.0,10,-7,303
94442.5,9,-6,304
94445.0,10,-9,304
94447.5,9,-7,306
94450.0,9,-8,305
94452.5,9,-8,305
94455.0,10,-7,301
94457.5,10,-9,301
94460.0,9,-8,305
94462.5,10,-7,303
94465.0,11,-5,304
94467.5,12,-6,306
94470.0,11,-8,302
94472.5,10,-8,303
94475.0,12,-7,300
94477.5,10,-9,301
94480.0,11,-9,304
94482.5,11,-8,303
94485.0,9,-6,306
94487.5,8,-8,300
94490.0,10,-7,302
94492.5,11,-9,304
94495.0,9,-7,303
94497.5,11,-10,302
94500.0,6,-8,303
94502.5,6,-8,303
94505.0,11,-6,303
94507.5,9,-9,304
94510.0,10,-9,306
94512.5,10,-7,302
94515.0,7,-10,303
94517.5,8,-7,304
94520.0,11,-7,306
94522.5,9,-8,302
94525.0,10,-8,303
94527.5,11,-9,302
94530.0,12,-4,302
94532.5,9,-7,301
94535.0,8,-8,305
94537.5,10,-10,302
94540.0,10,-10,306
94542.5,11,-9,304
94545.0,10,-8,302
94547.5,9,-9,305
94550.0,7,-7,300
94552.5,7,-7,300
94555.0,9,-9,302
94557.5,11,-9,303
94560.0,9,-7,303
94562.5,10,-5,305
94565.0,9,-3,303
94567.5,11,-8,304
94570.0,9,-8,304
94572.5,8,-8,307
94575.0,11,-10,304
94577.5,10,-8,306
94580.0,10,-9,305
94582.5,10,-8,303
94585.0,10,-8,302
94587.5,10,-8,305
94590.0,10,-9,305
94592.5,11,-11,303
94595.0,13,-10,303
94597.5,11,-9,301
94600.0,9,-7,301
94602.5,9,-7,301
94605.0,10,-9,303
94607.5,10,-8,302
94610.0,8,-5,308
94612.5,11,-10,302
94615.0,9,-9,307
94617.5,11,-5,303
94620.0,11,-7,299
94622.5,9,-7,303
94625.0,9,-6,304
94627.5,9,-6,300
94630.0,9,-8,304
94632.5,10,-8,305
94635.0,9,-9,300
94637.5,11,-9,301
94640.0,10,-7,304
94642.5,10,-6,301
94645.0,9,-9,304
94647.5,9,-8,304
94650.0,11,-11,301
94652.5,11,-11,301
94655.0,11,-10,301
94657.5,11,-9,300
94660.0,12,-6,304
94662.5,11,-5,304
94665.0,9,-7,303
94667.5,11,-4,305
94670.0,13,-9,304
94672.5,12,-6,306
94675.0,12,-8,302
94677.5,8,-8,304
94680.0,9,-7,300
94682.5,9,-8,304
94685.0,9,-7,301
94687.5,10,-8,304
94690.0,9,-10,301
94692.5,9,-8,305
94695.0,9,-6,301
94697.5,10,-8,300
94700.0,11,-9,301
94702.5,11,-9,301
94705.0,8,-8,301
94707.5,8,-8,301
94710.0,12,-8,304
94712.5,11,-6,302
94715.0,13,-10,304
94717.5,10,-5,307
94720.0,9,-8,300
94722.5,10,-7,303
94725.0,10,-6,304
94727.5,9,-8,304
94730.0,11,-8,307
94732.5,10,-8,302
94735.0,11,-8,302
94737.5,11,-8,303
94740.0,10,-10,300
94742.5,10,-8,304
94745.0,12,-6,302
94747.5,12,-10,304
94750.0,12,-10,304
94752.5,9,-9,305
94755.0,12,-8,300
94757.5,9,-10,301
94760.0,11,-8,305
94762.5,13,-7,305
94765.0,9,-9,305
94767.5,11,-7,303
94770.0,14,-8,302
94772.5,12,-8,303
94775.0,10,-8,302
94777.5,9,-9,303
94780.0,9,-7,303
94782.5,11,-7,305
94785.0,11,-9,303
94787.5,11,-8,303
94790.0,9,-8,302
94792.5,12,-9,305
94795.0,10,-8,303
94797.5,9,-8,303
94800.0,9,-8,303
94802.5,10,-9,305
94805.0,8,-7,304
94807.5,10,-8,303
94810.0,11,-11,304
94812.5,7,-5,299
94815.0,10,-7,304
94817.5,10,-7,304
94820.0,7,-7,303
94822.5,11,-8,303
94825.0,13,-10,305
94827.5,9,-8,304
94830.0,8,-7,304
94832.5,8,-8,301
94835.0,10,-6,304
94837.5,10,-10,303
94840.0,9,-8,300
94842.5,9,-6,304
94845.0,10,-10,301
94847.5,10,-8,302
94850.0,10,-8,302
94852.5,10,-6,302
94855.0,12,-8,301
94857.5,12,-7,304
94860.0,9,-7,300
94862.5,7,-8,306
94865.0,10,-6,310
94867.5,8,-4,301
94870.0,12,-9,305
94872.5,11,-5,302
94875.0,11,-7,302
94877.5,11,-5,303
94880.0,10,-9,303
94882.5,10,-8,302
94885.0,8,-8,305
94887.5,11,-10,303
94890.0,10,-8,301
94892.5,10,-10,301
94895.0,9,-8,303
94897.5,9,-10,303
94900.0,9,-10,303
94902.5,10,-9,302
94905.0,8,-8,304
94907.5,9,-6,302
94910.0,8,-6,306
94912.5,9,-4,301
94915.0,11,-8,303
94917.5,9,-5,301
94920.0,11,-8,306
94922.5,9,-9,302
94925.0,9,-6,304
94927.5,9,-6,304
94930.0,8,-6,303
94932.5,12,-7,304
94935.0,10,-8,304
94937.5,11,-8,300
94940.0,9,-7,300
94942.5,10,-7,301
94945.0,10,-6,302
94947.5,10,-10,304
94950.0,10,-10,304
94952.5,12,-9,304
94955.0,11,-8,305
94957.5,9,-7,300
94960.0,9,-8,303
94962.5,11,-10,302
94965.0,11,-9,303
94967.5,11,-7,302
94970.0,10,-7,306
94972.5,10,-8,303
94975.0,8,-10,299
94977.5,10,-9,304
94980.0,11,-6,302
94982.5,9,-9,304
94985.0,9,-7,306
94987.5,9,-8,302
94990.0,10,-8,305
94992.5,9,-8,303
94995.0,10,-12,302
94997.5,9,-10,303
95000.0,9,-10,303
95002.5,11,-7,303
95005.0,10,-8,303
95007.5,12,-9,306
95010.0,8,-8,302
95012.5,8,-6,305
95015.0,10,-7,304
95017.5,12,-10,300
95020.0,8,-6,304
95022.5,9,-7,305
95025.0,10,-6,304
95027.5,9,-7,301
95030.0,10,-8,300
95032.5,9,-7,303
95035.0,12,-8,305
95037.5,11,-11,303
95040.0,12,-8,302
95042.5,9,-6,301
95045.0,8,-5,302
95047.5,10,-11,305
95050.0,10,-11,305
95052.5,10,-9,306
95055.0,8,-8,306
95057.5,9,-6,307
95060.0,10,-7,303
95062.5,11,-7,303
95065.0,12,-8,301
95067.5,11,-7,301
95070.0,8,-6,306
95072.5,10,-9,305
95075.0,12,-8,302
95077.5,11,-6,305
95080.0,10,-5,300
95082.5,10,-8,305
95085.0,11,-7,303
95087.5,11,-9,302
95090.0,10,-6,302
95092.5,9,-9,305
95095.0,10,-8,303
95097.5,11,-9,302
95100.0,11,-9,302
95102.5,12,-9,302
95105.0,8,-7,305
95107.5,8,-4,305
95110.0,8,-7,302
95112.5,11,-5,305
95115.0,11,-8,303
95117.5,11,-9,301
95120.0,12,-5,306
95122.5,10,-10,303
95125.0,9,-8,300
95127.5,11,-5,304
95130.0,11,-8,305
95132.5,11,-8,304
95135.0,10,-7,304
95137.5,9,-6,304
95140.0,9,-9,304
95142.5,11,-8,304
95145.0,9,-9,303
95147.5,9,-9,301
95150.0,9,-9,301
95152.5,10,-7,302
95155.0,11,-6,302
95157.5,10,-5,305
95160.0,9,-6,304
95162.5,10,-8,305
95165.0,12,-8,304
95167.5,12,-8,305
95170.0,12,-10,302
95172.5,11,-6,305
95175.0,9,-8,305
95177.5,10,-8,301
95180.0,8,-9,305
95182.5,10,-10,302
95185.0,10,-7,304
95187.5,9,-6,299
95190.0,11,-9,303
95192.5,9,-4,305
95195.0,9,-9,301
95197.5,9,-9,301
95200.0,10,-8,298
95202.5,9,-10,304
95205.0,11,-10,301
95207.5,11,-9,302
95210.0,12,-8,304
95212.5,11,-9,301
95215.0,11,-8,304
95217.5,8,-7,301
95220.0,12,-10,303
95222.5,12,-9,306
95225.0,10,-10,302
95227.5,11,-8,303
95230.0,10,-9,303
95232.5,10,-7,305
95235.0,8,-8,304
95237.5,10,-9,304
95240.0,10,-8,303
95242.5,10,-8,305
95245.0,10,-8,305
95247.5,10,-8,305
95250.0,9,-6,304
95252.5,10,-8,302
95255.0,10,-6,298
95257.5,14,-9,302
95260.0,11,-8,300
95262.5,10,-6,304
95265.0,8,-5,304
95267.5,13,-7,305
95270.0,12,-9,305
95272.5,10,-7,302
95275.0,10,-8,304
95277.5,10,-7,303
95280.0,8,-8,303
95282.5,11,-7,304
95285.0,10,-9,303
95287.5,9,-7,304
95290.0,12,-9,304
95292.5,10,-9,304
95295.0,10,-7,301
95297.5,10,-7,301
95300.0,10,-7,303
95302.5,9,-7,302
95305.0,8,-7,303
95307.5,12,-9,304
95310.0,11,-8,299
95312.5,7,-4,305
95315.0,9,-6,305
95317.5,10,-7,302
95320.0,9,-5,306
95322.5,10,-8,305
95325.0,9,-7,304
95327.5,10,-4,303
95330.0,9,-6,304
95332.5,11,-8,304
95335.0,10,-9,302
95337.5,7,-7,304
95340.0,11,-10,303
95342.5,10,-9,305
95345.0,10,-10,302
95347.5,10,-10,302
95350.0,9,-9,304
95352.5,10,-7,303
95355.0,10,-8,302
95357.5,10,-6,302
95360.0,10,-3,304
95362.5,11,-6,303
95365.0,10,-8,303
95367.5,9,-9,304
95370.0,12,-9,304
95372.5,12,-9,304
95375.0,10,-7,300
95377.5,9,-6,301
95380.0,10,-9,303
95382.5,12,-6,304
95385.0,12,-10,302
95387.5,9,-8,301
95390.0,9,-9,305
95392.5,9,-8,305
95395.0,11,-7,300
95397.5,11,-7,300
95400.0,10,-6,302
95402.5,8,-7,306
95405.0,8,-8,304
95407.5,9,-8,305
95410.0,9,-6,302
95412.5,12,-10,305
95415.0,11,-8,303
95417.5,11,-8,305
95420.0,11,-8,305
95422.5,9,-9,304
95425.0,11,-9,305
95427.5,12,-9,305
95430.0,12,-7,304
95432.5,10,-9,304
95435.0,11,-8,304
95437.5,9,-6,301
95440.0,12,-7,301
95442.5,10,-7,303
95445.0,7,-6,303
95447.5,7,-6,303
95450.0,11,-10,302
95452.5,7,-7,303
95455.0,10,-8,309
95457.5,13,-8,300
95460.0,8,-4,301
95462.5,10,-5,303
95465.0,10,-8,303
95467.5,11,-10,307
95470.0,9,-7,303
95472.5,11,-9,304
95475.0,10,-7,301
95477.5,10,-8,303
95480.0,11,-8,304
95482.5,12,-9,303
95485.0,9,-7,303
95487.5,10,-8,302
95490.0,11,-10,306
95492.5,10,-9,308
95495.0,10,-5,306
95497.5,10,-5,306
95500.0,10,-9,303
95502.5,11,-8,303
95505.0,9,-6,307
95507.5,13,-8,307
95510.0,8,-5,303
95512.5,11,-8,305
95515.0,12,-6,300
95517.5,13,-8,307
95520.0,12,-5,303
95522.5,10,-8,302
95525.0,9,-5,305
95527.5,9,-7,306
95530.0,10,-9,304
95532.5,11,-6,304
95535.0,10,-10,302
95537.5,11,-7,302
95540.0,9,-8,303
95542.5,9,-8,303
95545.0,9,-7,304
95547.5,9,-7,304
95550.0,9,-9,302
95552.5,11,-9,301
95555.0,10,-6,302
95557.5,15,-11,304
95560.0,10,-7,304
95562.5,9,-9,304
95565.0,10,-8,306
95567.5,12,-6,303
95570.0,10,-8,303
95572.5,10,-8,302
95575.0,10,-7,303
95577.5,10,-8,301
95580.0,10,-8,304
95582.5,8,-9,304
95585.0,8,-8,301
95587.5,10,-9,303
95590.0,11,-6,305
95592.5,7,-7,306
95595.0,9,-8,305
95597.5,9,-8,305
95600.0,9,-8,306
95602.5,11,-5,304
95605.0,11,-5,307
95607.5,12,-7,301
95610.0,9,-6,304
95612.5,7,-8,304
95615.0,12,-7,304
95617.5,11,-8,305
95620.0,9,-6,303
95622.5,10,-7,304
95625.0,9,-8,305
95627.5,10,-8,305
95630.0,10,-9,301
95632.5,11,-9,304
95635.0,10,-8,305
95637.5,10,-8,302
95640.0,10,-9,302
95642.5,10,-8,303
95645.0,10,-8,303
95647.5,8,-8,303
95650.0,9,-8,305
95652.5,9,-10,303
95655.0,10,-8,307
95657.5,10,-6,306
95660.0,10,-9,304
95662.5,12,-5,303
95665.0,11,-6,302
95667.5,10,-5,302
95670.0,8,-4,304
95672.5,11,-9,303
95675.0,10,-9,301
95677.5,9,-8,300
95680.0,10,-6,301
95682.5,10,-3,303
95685.0,11,-9,306
95687.5,9,-7,302
95690.0,10,-9,305
95692.5,8,-9,303
95695.0,8,-9,303
95697.5,11,-8,305
95700.0,9,-10,302
95702.5,6,-6,303
95705.0,11,-8,302
95707.5,11,-6,303
95710.0,8,-4,303
95712.5,9,-2,304
95715.0,10,-8,305
95717.5,11,-10,304
95720.0,8,-4,304
95722.5,10,-5,301
95725.0,11,-7,305
95727.5,11,-8,302
95730.0,10,-8,302
95732.5,10,-8,305
95735.0,10,-8,304
95737.5,10,-10,301
95740.0,9,-7,303
95742.5,8,-8,302
95745.0,8,-8,302
95747.5,11,-9,304
95750.0,10,-9,302
95752.5,10,-8,304
95755.0,9,-8,301
95757.5,11,-7,303
95760.0,10,-6,305
95762.5,11,-6,306
95765.0,9,-7,304
95767.5,10,-7,303
95770.0,11,-5,302
95772.5,10,-7,302
95775.0,9,-7,305
95777.5,10,-7,302
95780.0,10,-9,302
95782.5,11,-9,305
95785.0,9,-9,304
95787.5,12,-10,306
95790.0,9,-7,301
95792.5,11,-9,304
95795.0,11,-9,304
95797.5,10,-9,305
95800.0,10,-9,303
95802.5,11,-10,303
95805.0,11,-9,303
95807.5,10,-7,299
95810.0,12,-7,302
95812.5,12,-8,303
95815.0,8,-5,302
95817.5,11,-8,306
95820.0,10,-9,307
95822.5,9,-9,303
95825.0,12,-9,304
95827.5,11,-10,304
95830.0,11,-7,305
95832.5,10,-9,304
95835.0,11,-8,301
95837.5,10,-8,301
95840.0,8,-8,306
95842.5,9,-8,303
95845.0,9,-8,303
95847.5,11,-10,305
95850.0,10,-7,306
95852.5,10,-6,307
95855.0,11,-11,307
95857.5,9,-8,302
95860.0,9,-6,304
95862.5,10,-5,304
95865.0,7,-7,304
95867.5,10,-8,305
95870.0,9,-7,303
95872.5,10,-8,302
95875.0,10,-9,303
95877.5,10,-11,305
95880.0,11,-7,303
95882.5,9,-8,303
95885.0,11,-8,303
95887.5,9,-9,304
95890.0,10,-11,304
95892.5,9,-8,302
95895.0,9,-8,302
95897.5,10,-6,300
95900.0,10,-7,303
95902.5,10,-6,302
95905.0,8,-7,301
95907.5,11,-8,304
95910.0,9,-8,306
95912.5,12,-6,303
95915.0,10,-5,304
95917.5,11,-7,303
95920.0,9,-7,306
95922.5,12,-9,304
95925.0,11,-8,304
95927.5,12,-7,307
95930.0,9,-9,306
95932.5,9,-9,302
95935.0,10,-8,304
95937.5,11,-9,305
95940.0,11,-10,303
95942.5,11,-8,300
95945.0,11,-8,300
95947.5,8,-8,306
95950.0,10,-5,304
95952.5,10,-6,300
95955.0,12,-9,305
95957.5,8,-7,310
95960.0,11,-8,303
95962.5,10,-7,301
95965.0,12,-9,304
95967.5,10,-8,301
95970.0,7,-7,301
95972.5,11,-6,302
95975.0,11,-9,303
95977.5,9,-8,305
95980.0,9,-8,303
95982.5,9,-7,304
95985.0,10,-8,303
95987.5,10,-7,300
95990.0,9,-6,305
95992.5,9,-6,299
95995.0,9,-6,299
95997.5,13,-12,304
96000.0,13,-8,300
96002.5,11,-5,304
96005.0,11,-8,306
96007.5,11,-7,305
96010.0,9,-6,299
96012.5,11,-8,307
96015.0,11,-7,304
96017.5,12,-8,303
96020.0,10,-8,302
96022.5,10,-9,304
96025.0,9,-9,303
96027.5,10,-8,304
96030.0,12,-11,302
96032.5,11,-9,303
96035.0,9,-8,304
96037.5,10,-8,305
96040.0,8,-9,306
96042.5,10,-10,305
96045.0,10,-10,305
96047.5,7,-7,304
96050.0,9,-7,304
96052.5,7,-4,303
96055.0,10,-6,305
96057.5,9,-6,304
96060.0,10,-4,303
96062.5,11,-4,302
96065.0,10,-8,304
96067.5,10,-9,306
96070.0,10,-10,302
96072.5,10,-8,308
96075.0,9,-7,303
96077.5,10,-7,302
96080.0,10,-7,303
96082.5,9,-6,303
96085.0,9,-9,306
96087.5,11,-7,306
96090.0,11,-10,302
96092.5,8,-7,303
96095.0,8,-7,303
96097.5,9,-7,301
96100.0,9,-5,301
96102.5,11,-7,300
96105.0,8,-8,304
96107.5,8,-8,303
96110.0,7,-5,301
96112.5,10,-7,303
96115.0,11,-7,304
96117.5,10,-6,304
96120.0,8,-7,303
96122.5,9,-9,303
96125.0,9,-8,303
96127.5,10,-8,303
96130.0,10,-7,302
96132.5,11,-9,305
96135.0,11,-7,304
96137.5,9,-6,305
96140.0,10,-7,304
96142.5,10,-7,304
96145.0,9,-6,301
96147.5,11,-5,302
96150.0,8,-4,306
96152.5,12,-7,306
96155.0,9,-8,301
96157.5,11,-6,303
96160.0,12,-6,303
96162.5,8,-3,302
96165.0,10,-5,300
96167.5,8,-4,302
96170.0,9,-8,304
96172.5,10,-4,305
96175.0,8,-7,304
96177.5,11,-8,305
96180.0,8,-5,302
96182.5,9,-7,303
96185.0,12,-8,302
96187.5,11,-8,301
96190.0,11,-9,304
96192.5,11,-9,304
96195.0,9,-9,305
96197.5,10,-7,304
96200.0,9,-9,306
96202.5,9,-5,302
96205.0,9,-6,303
96207.5,10,-9,307
96210.0,11,-8,304
96212.5,10,-7,303
96215.0,10,-6,306
96217.5,13,-9,301
96220.0,9,-5,304
96222.5,10,-8,300
96225.0,9,-9,303
96227.5,9,-7,303
96230.0,9,-6,301
96232.5,11,-9,306
96235.0,10,-8,304
96237.5,9,-9,301
96240.0,12,-8,301
96242.5,12,-8,301
96245.0,10,-7,306
96247.5,11,-6,303
96250.0,9,-9,301
96252.5,9,-5,306
96255.0,9,-9,304
96257.5,9,-7,306
96260.0,11,-9,306
96262.5,11,-9,304
96265.0,10,-8,303
96267.5,10,-5,303
96270.0,10,-8,306
96272.5,9,-8,303
96275.0,10,-7,304
96277.5,10,-9,302
96280.0,10,-9,302
96282.5,10,-8,301
96285.0,8,-8,302
96287.5,9,-9,304
96290.0,10,-8,305
96292.5,10,-8,305
96295.0,8,-8,301
96297.5,8,-6,301
96300.0,11,-9,306
96302.5,10,-6,301
96305.0,10,-8,307
96307.5,13,-8,306
96310.0,10,-6,301
96312.5,10,-9,305
96315.0,13,-9,302
96317.5,9,-7,303
96320.0,10,-7,301
96322.5,9,-8,304
96325.0,8,-6,307
96327.5,11,-8,303
96330.0,9,-9,302
96332.5,12,-9,302
96335.0,9,-9,304
96337.5,11,-9,303
96340.0,10,-5,303
96342.5,10,-5,303
96345.0,11,-10,304
96347.5,11,-8,304
96350.0,9,-8,305
96352.5,10,-7,305
96355.0,7,-9,302
96357.5,10,-9,305
96360.0,13,-10,302
96362.5,10,-8,304
96365.0,11,-4,306
96367.5,11,-8,305
96370.0,8,-7,304
96372.5,10,-8,303
96375.0,7,-7,302
96377.5,9,-8,306
96380.0,9,-9,302
96382.5,10,-7,299
96385.0,8,-6,301
96387.5,11,-7,300
96390.0,10,-8,300
96392.5,10,-8,300
96395.0,13,-8,304
96397.5,11,-8,300
96400.0,10,-8,304
96402.5,10,-7,308
96405.0,7,-7,303
96407.5,10,-9,303
96410.0,8,-7,304
96412.5,9,-9,306
96415.0,10,-6,303
96417.5,10,-10,301
96420.0,10,-8,303
96422.5,10,-8,301
96425.0,9,-9,304
96427.5,10,-7,301
96430.0,9,-9,305
96432.5,11,-10,303
96435.0,10,-8,300
96437.5,9,-9,300
96440.0,10,-8,305
96442.5,10,-8,305
96445.0,8,-8,305
96447.5,8,-9,308
96450.0,9,-8,307
96452.5,9,-7,304
96455.0,8,-7,304
96457.5,8,-5,300
96460.0,6,-6,301
96462.5,9,-8,305
96465.0,9,-6,306
96467.5,9,-8,307
96470.0,11,-9,304
96472.5,10,-9,304
96475.0,12,-6,301
96477.5,8,-8,302
96480.0,9,-9,300
96482.5,7,-10,303
96485.0,8,-8,304
96487.5,9,-9,303
96490.0,9,-8,302
96492.5,9,-8,302
96495.0,10,-11,301
96497.5,9,-6,302
96500.0,8,-6,302
96502.5,9,-8,302
96505.0,7,-7,303
96507.5,8,-7,305
96510.0,10,-10,301
96512.5,9,-8,304
96515.0,11,-6,305
96517.5,9,-7,303
96520.0,11,-7,302
96522.5,8,-6,303
96525.0,11,-7,306
96527.5,10,-9,304
96530.0,9,-8,301
96532.5,11,-8,305
96535.0,11,-8,304
96537.5,12,-7,304
96540.0,11,-7,302
96542.5,11,-7,302
96545.0,7,-9,302
96547.5,10,-9,301
96550.0,11,-5,305
96552.5,8,-7,306
96555.0,10,-10,304
96557.5,12,-10,306
96560.0,10,-7,300
96562.5,11,-7,303
96565.0,10,-7,302
96567.5,7,-8,303
96570.0,9,-6,303
96572.5,9,-8,301
96575.0,9,-7,303
96577.5,8,-9,304
96580.0,12,-10,304
96582.5,10,-9,301
96585.0,12,-8,303
96587.5,8,-6,306
96590.0,8,-6,306
96592.5,9,-8,304
96595.0,9,-8,303
96597.5,12,-7,304
96600.0,10,-7,305
96602.5,7,-4,303
96605.0,9,-9,304
96607.5,11,-6,304
96610.0,8,-7,305
96612.5,10,-5,304
96615.0,9,-10,302
96617.5,10,-9,302
96620.0,12,-10,303
96622.5,10,-9,298
96625.0,10,-9,302
96627.5,8,-8,302
96630.0,9,-7,303
96632.5,10,-8,304
96635.0,11,-7,302
96637.5,11,-8,299
96640.0,11,-8,299
96642.5,9,-6,302
96645.0,10,-9,305
96647.5,8,-8,302
96650.0,8,-8,305
96652.5,10,-9,308
96655.0,10,-8,307
96657.5,12,-4,309
96660.0,10,-7,301
96662.5,9,-6,303
96665.0,9,-5,302
96667.5,8,-8,304
96670.0,10,-8,305
96672.5,12,-10,302
96675.0,10,-8,303
96677.5,10,-8,303
96680.0,10,-7,304
96682.5,11,-7,304
96685.0,10,-9,305
96687.5,8,-9,303
96690.0,8,-9,303
96692.5,8,-9,302
96695.0,9,-8,304
96697.5,11,-9,304
96700.0,9,-5,304
96702.5,8,-8,302
96705.0,10,-7,303
96707.5,13,-7,305
96710.0,9,-10,305
96712.5,11,-9,304
96715.0,11,-9,306
96717.5,9,-6,303
96720.0,11,-7,302
96722.5,8,-8,303
96725.0,12,-10,301
96727.5,11,-7,301
96730.0,10,-9,302
96732.5,10,-8,302
96735.0,9,-10,307
96737.5,9,-6,305
96740.0,9,-6,305
96742.5,10,-7,306
96745.0,10,-8,302
96747.5,10,-7,304
96750.0,8,-6,299
96752.5,10,-7,307
96755.0,10,-8,305
96757.5,10,-8,304
96760.0,12,-9,303
96762.5,11,-6,307
96765.0,10,-7,302
96767.5,11,-8,304
96770.0,11,-10,299
96772.5,11,-10,303
96775.0,9,-8,301
96777.5,9,-9,304
96780.0,10,-7,304
96782.5,9,-10,302
96785.0,7,-7,303
96787.5,9,-7,301
96790.0,9,-7,301
96792.5,8,-8,303
96795.0,12,-9,304
96797.5,11,-8,301
96800.0,11,-7,306
96802.5,13,-4,304
96805.0,11,-9,303
96807.5,11,-8,301
96810.0,9,-6,302
96812.5,11,-9,304
96815.0,10,-9,304
96817.5,10,-8,306
96820.0,10,-8,300
96822.5,9,-7,303
96825.0,11,-8,304
96827.5,9,-8,303
96830.0,9,-8,303
96832.5,8,-6,305
96835.0,9,-9,304
96837.5,9,-7,304
96840.0,9,-7,304
96842.5,12,-11,303
96845.0,11,-8,299
96847.5,10,-9,302
96850.0,11,-8,304
96852.5,11,-9,305
96855.0,8,-7,303
96857.5,11,-8,306
96860.0,10,-7,302
96862.5,12,-7,301
96865.0,9,-8,303
96867.5,10,-7,303
96870.0,10,-7,305
96872.5,9,-8,302
96875.0,10,-8,303
96877.5,11,-9,303
96880.0,12,-10,303
96882.5,10,-9,303
96885.0,9,-6,304
96887.5,11,-7,303
96890.0,11,-7,303
96892.5,14,-11,307
96895.0,11,-6,300
96897.5,12,-7,308
96900.0,11,-5,303
96902.5,10,-6,302
96905.0,11,-7,301
96907.5,8,-6,307
96910.0,9,-6,304
96912.5,11,-7,303
96915.0,11,-9,304
96917.5,10,-8,305
96920.0,8,-7,301
96922.5,9,-8,301
96925.0,10,-8,307
96927.5,9,-10,306
96930.0,10,-9,302
96932.5,11,-8,302
96935.0,8,-9,308
96937.5,8,-9,306
96940.0,8,-9,306
96942.5,9,-7,303
96945.0,8,-7,302
96947.5,12,-6,306
96950.0,8,-5,304
96952.5,10,-8,303
96955.0,13,-10,304
96957.5,12,-9,302
96960.0,11,-6,305
96962.5,10,-9,304
96965.0,11,-8,301
96967.5,7,-6,306
96970.0,8,-7,302
96972.5,10,-5,300
96975.0,10,-7,304
96977.5,10,-7,304
96980.0,10,-9,305
96982.5,11,-8,302
96985.0,11,-9,302
96987.5,11,-9,302
96990.0,11,-8,300
96992.5,10,-8,299
96995.0,10,-9,303
96997.5,11,-8,303
97000.0,10,-7,303
97002.5,11,-7,304
97005.0,8,-5,300
97007.5,8,-11,300
97010.0,7,-8,304
97012.5,10,-7,306
97015.0,9,-8,305
97017.5,8,-8,303
97020.0,11,-6,304
97022.5,9,-8,306
97025.0,8,-5,302
97027.5,9,-6,302
97030.0,8,-9,304
97032.5,12,-9,306
97035.0,10,-7,302
97037.5,10,-7,302
97040.0,9,-7,305
97042.5,10,-8,304
97045.0,8,-7,302
97047.5,11,-8,300
97050.0,10,-9,305
97052.5,10,-7,305
97055.0,10,-7,302
97057.5,12,-8,306
97060.0,13,-9,302
97062.5,9,-8,302
97065.0,11,-9,303
97067.5,10,-7,303
97070.0,11,-10,305
97072.5,11,-10,302
97075.0,10,-9,305
97077.5,10,-8,304
97080.0,10,-8,303
97082.5,10,-8,302
97085.0,11,-7,300
97087.5,11,-7,300
97090.0,9,-8,305
97092.5,9,-7,306
97095.0,11,-8,300
97097.5,11,-4,300
97100.0,12,-7,298
97102.5,10,-8,301
97105.0,12,-6,302
97107.5,11,-6,299
97110.0,11,-10,301
97112.5,8,-6,304
97115.0,10,-9,303
97117.5,9,-6,304
97120.0,9,-5,302
97122.5,10,-8,303
97125.0,10,-9,305
97127.5,8,-6,306
97130.0,10,-8,302
97132.5,9,-10,303
97135.0,10,-9,305
97137.5,10,-9,305
97140.0,13,-9,304
97142.5,10,-7,303
97145.0,10,-7,305
97147.5,10,-7,305
97150.0,6,-5,304
97152.5,8,-6,302
97155.0,11,-10,308
97157.5,11,-6,306
97160.0,9,-7,304
97162.5,10,-7,303
97165.0,11,-6,304
97167.5,11,-9,302
97170.0,12,-11,304
97172.5,11,-11,305
97175.0,12,-8,300
97177.5,12,-8,304
97180.0,10,-9,306
97182.5,10,-10,303
97185.0,9,-8,301
97187.5,9,-8,301
97190.0,9,-8,303
97192.5,11,-9,304
97195.0,9,-8,304
97197.5,11,-8,304
97200.0,10,-4,302
97202.5,11,-7,302
97205.0,12,-8,307
97207.5,10,-8,303
97210.0,7,-8,305
97212.5,9,-7,303
97215.0,12,-8,305
97217.5,9,-8,304
97220.0,8,-8,304
97222.5,9,-8,305
97225.0,9,-10,304
97227.5,10,-9,303
97230.0,9,-7,300
97232.5,10,-11,305
97235.0,10,-9,303
97237.5,10,-9,303
97240.0,9,-7,301
97242.5,9,-6,304
97245.0,10,-7,306
97247.5,14,-10,303
97250.0,12,-11,306
97252.5,10,-6,304
97255.0,11,-6,303
97257.5,12,-7,306
97260.0,10,-6,307
97262.5,10,-7,301
97265.0,9,-7,304
97267.5,10,-8,304
97270.0,9,-8,302
97272.5,10,-6,305
97275.0,10,-7,300
97277.5,11,-9,303
97280.0,10,-7,304
97282.5,10,-9,305
97285.0,10,-9,303
97287.5,10,-9,303
97290.0,9,-9,302
97292.5,10,-9,303
97295.0,11,-8,307
97297.5,12,-9,303
97300.0,8,-6,306
97302.5,10,-6,306
97305.0,8,-8,305
97307.5,10,-9,305
97310.0,10,-6,304
97312.5,8,-6,303
97315.0,10,-7,300
97317.5,12,-8,301
97320.0,10,-8,302
97322.5,7,-9,301
97325.0,9,-7,303
97327.5,9,-11,303
97330.0,9,-8,303
97332.5,11,-10,304
97335.0,10,-7,302
97337.5,10,-7,302
97340.0,9,-8,304
97342.5,9,-6,306
97345.0,7,-2,304
97347.5,10,-9,305
97350.0,11,-9,307
97352.5,9,-8,302
97355.0,9,-5,302
97357.5,10,-6,303
97360.0,12,-9,300
97362.5,9,-8,299
97365.0,10,-7,298
97367.5,11,-11,303
97370.0,11,-9,303
97372.5,10,-10,303
97375.0,9,-7,302
97377.5,11,-10,303
97380.0,9,-6,307
97382.5,8,-7,303
97385.0,8,-5,304
97387.5,8,-5,304
97390.0,9,-6,306
97392.5,9,-7,302
97395.0,11,-7,302
97397.5,8,-6,302
97400.0,10,-8,301
97402.5,11,-8,307
97405.0,12,-9,303
97407.5,10,-6,305
97410.0,11,-6,306
97412.5,11,-11,301
97415.0,10,-7,301
97417.5,10,-8,303
97420.0,8,-7,302
97422.5,10,-7,300
97425.0,9,-9,305
97427.5,10,-10,303
97430.0,10,-8,301
97432.5,9,-8,306
97435.0,9,-8,306
97437.5,9,-9,303
97440.0,7,-8,304
97442.5,10,-7,299
97445.0,11,-9,303
97447.5,11,-7,299
97450.0,9,-6,305
97452.5,10,-8,302
97455.0,9,-7,301
97457.5,10,-7,306
97460.0,11,-9,303
97462.5,9,-8,303
97465.0,9,-8,304
97467.5,12,-9,303
97470.0,11,-6,301
97472.5,9,-7,301
97475.0,11,-8,303
97477.5,11,-7,304
97480.0,11,-11,304
97482.5,10,-8,304
97485.0,10,-8,304
97487.5,10,-9,305
97490.0,10,-9,302
97492.5,9,-9,302
97495.0,12,-8,303
97497.5,10,-10,303
97500.0,10,-7,308
97502.5,11,-8,303
97505.0,11,-8,303
97507.5,10,-6,307
97510.0,11,-7,303
97512.5,9,-9,303
97515.0,9,-7,307
97517.5,12,-7,302
97520.0,9,-8,304
97522.5,11,-9,302
97525.0,9,-7,300
97527.5,10,-6,303
97530.0,10,-10,305
97532.5,10,-9,303
97535.0,10,-9,303
97537.5,9,-9,303
97540.0,10,-8,303
97542.5,8,-5,302
97545.0,9,-6,305
97547.5,9,-5,301
97550.0,9,-8,304
97552.5,11,-9,304
97555.0,11,-10,303
97557.5,10,-8,300
97560.0,12,-8,302
97562.5,11,-8,303
97565.0,10,-6,306
97567.5,9,-9,303
97570.0,10,-8,305
97572.5,9,-8,305
97575.0,11,-7,302
97577.5,10,-5,308
97580.0,6,-6,302
97582.5,8,-8,306
97585.0,8,-8,306
97587.5,10,-8,300
97590.0,10,-10,303
97592.5,11,-7,303
97595.0,13,-9,304
97597.5,10,-7,302
97600.0,10,-4,306
97602.5,12,-7,304
97605.0,9,-8,306
97607.5,10,-9,303
97610.0,10,-7,307
97612.5,9,-8,302
97615.0,10,-11,301
97617.5,8,-7,302
97620.0,11,-7,302
97622.5,8,-8,301
97625.0,10,-8,304
97627.5,10,-9,303
97630.0,9,-8,303
97632.5,10,-6,299
97635.0,10,-6,299
97637.5,10,-9,304
97640.0,9,-7,301
97642.5,10,-8,303
97645.0,12,-8,305
97647.5,12,-8,304
97650.0,10,-6,304
97652.5,11,-8,305
97655.0,10,-7,301
97657.5,7,-7,303
97660.0,8,-7,300
97662.5,14,-10,303
97665.0,9,-10,304
97667.5,9,-9,301
97670.0,9,-9,304
97672.5,10,-7,303
97675.0,12,-6,302
97677.5,11,-8,305
97680.0,8,-8,305
97682.5,9,-9,305
97685.0,9,-9,305
97687.5,12,-9,305
97690.0,11,-6,298
97692.5,12,-9,303
97695.0,11,-10,304
97697.5,8,-9,301
97700.0,10,-10,306
97702.5,13,-10,302
97705.0,12,-10,303
97707.5,9,-8,302
97710.0,11,-6,302
97712.5,11,-7,300
97715.0,10,-8,301
97717.5,9,-10,304
97720.0,9,-8,307
97722.5,10,-9,304
97725.0,10,-9,305
97727.5,9,-10,305
97730.0,7,-6,303
97732.5,8,-8,303
97735.0,8,-8,303
97737.5,12,-8,300
97740.0,9,-7,306
97742.5,10,-9,304
97745.0,10,-8,301
97747.5,11,-7,302
97750.0,12,-7,308
97752.5,9,-7,303
97755.0,10,-7,303
97757.5,11,-4,305
97760.0,10,-9,304
97762.5,11,-9,304
97765.0,9,-7,302
97767.5,10,-6,305
97770.0,12,-8,303
97772.5,9,-7,301
97775.0,9,-9,303
97777.5,10,-9,307
97780.0,9,-11,303
97782.5,10,-7,302
97785.0,10,-7,302
97787.5,10,-6,303
97790.0,11,-8,299
97792.5,10,-6,306
97795.0,10,-7,302
97797.5,9,-5,307
97800.0,12,-7,300
97802.5,12,-7,302
97805.0,12,-9,303
97807.5,11,-7,302
97810.0,11,-6,303
97812.5,11,-9,305
97815.0,11,-9,304
97817.5,12,-10,304
97820.0,7,-6,304
97822.5,10,-8,302
97825.0,9,-9,304
97827.5,10,-9,301
97830.0,11,-7,303
97832.5,10,-9,305
97835.0,10,-9,305
97837.5,11,-8,303
97840.0,11,-8,302
97842.5,12,-12,303
97845.0,10,-6,304
97847.5,8,-7,305
97850.0,10,-7,304
97852.5,9,-6,303
97855.0,10,-7,305
97857.5,9,-5,304
97860.0,9,-9,304
97862.5,11,-8,302
97865.0,12,-6,304
97867.5,11,-6,304
97870.0,10,-9,304
97872.5,10,-9,305
97875.0,11,-8,303
97877.5,12,-10,304
97880.0,8,-7,303
97882.5,8,-7,303
97885.0,10,-9,304
97887.5,11,-11,303
97890.0,9,-7,301
97892.5,12,-6,305
97895.0,8,-7,305
97897.5,11,-6,300
97900.0,8,-6,307
97902.5,8,-9,303
97905.0,11,-9,304
97907.5,9,-8,300
97910.0,10,-7,304
97912.5,10,-5,305
97915.0,9,-7,304
97917.5,11,-7,304
97920.0,10,-8,304
97922.5,9,-9,303
97925.0,10,-9,305
97927.5,11,-9,304
97930.0,12,-9,304
97932.5,12,-9,304
97935.0,11,-8,305
97937.5,9,-6,303
97940.0,9,-7,304
97942.5,13,-6,305
97945.0,10,-8,303
97947.5,10,-7,305
97950.0,10,-6,305
97952.5,11,-7,304
97955.0,10,-7,303
97957.5,12,-9,306
97960.0,10,-9,305
97962.5,9,-10,298
97965.0,11,-9,303
97967.5,12,-11,305
97970.0,9,-11,303
97972.5,11,-8,303
97975.0,9,-8,306
97977.5,8,-7,304
97980.0,8,-7,306
97982.5,8,-7,306
97985.0,10,-10,307
97987.5,11,-10,301
97990.0,10,-9,301
97992.5,11,-7,307
97995.0,10,-9,303
97997.5,10,-10,308
98000.0,11,-6,305
98002.5,12,-10,301
98005.0,11,-6,301
98007.5,8,-8,301
98010.0,9,-7,300
98012.5,10,-9,304
98015.0,9,-7,303
98017.5,11,-6,305
98020.0,11,-6,303
98022.5,9,-8,303
98025.0,11,-9,303
98027.5,9,-8,302
98030.0,10,-9,302
98032.5,10,-9,302
98035.0,8,-8,301
98037.5,11,-9,302
98040.0,10,-6,301
98042.5,9,-6,302
98045.0,8,-8,307
98047.5,12,-6,305
98050.0,10,-7,305
98052.5,13,-8,306
98055.0,9,-5,304
98057.5,11,-9,301
98060.0,11,-8,302
98062.5,10,-5,302
98065.0,10,-8,302
98067.5,9,-8,303
98070.0,9,-8,298
98072.5,10,-7,303
98075.0,8,-9,303
98077.5,10,-9,302
98080.0,10,-9,302
98082.5,10,-9,302
98085.0,11,-11,304
98087.5,10,-7,304
98090.0,10,-7,304
98092.5,12,-8,307
98095.0,10,-8,307
98097.5,8,-10,304
98100.0,11,-10,304
98102.5,9,-7,303
98105.0,11,-7,301
98107.5,8,-6,303
98110.0,9,-7,304
98112.5,9,-7,307
98115.0,10,-8,303
98117.5,11,-8,305
98120.0,9,-5,302
98122.5,9,-8,303
98125.0,9,-9,300
98127.5,11,-8,304
98130.0,9,-9,304
98132.5,9,-9,304
98135.0,12,-9,302
98137.5,9,-7,300
98140.0,10,-9,303
98142.5,9,-6,301
98145.0,10,-8,302
98147.5,10,-5,303
98150.0,11,-9,305
98152.5,10,-9,305
98155.0,12,-10,304
98157.5,10,-7,303
98160.0,10,-7,301
98162.5,9,-8,304
98165.0,10,-10,303
98167.5,8,-9,302
98170.0,8,-8,304
98172.5,9,-7,304
98175.0,9,-8,303
98177.5,8,-7,302
98180.0,9,-9,302
98182.5,9,-9,302
98185.0,9,-9,305
98187.5,11,-9,303
98190.0,11,-9,304
98192.5,11,-8,303
98195.0,10,-7,298
98197.5,12,-8,307
98200.0,8,-8,307
98202.5,7,-5,303
98205.0,9,-8,306
98207.5,13,-8,302
98210.0,10,-6,301
98212.5,10,-6,303
98215.0,9,-6,304
98217.5,10,-8,303
98220.0,8,-7,303
98222.5,11,-7,304
98225.0,11,-10,305
98227.5,9,-10,305
98230.0,7,-7,304
98232.5,7,-7,304
98235.0,9,-7,306
98237.5,9,-10,307
98240.0,8,-7,304
98242.5,10,-7,302
98245.0,11,-5,304
98247.5,11,-7,304
98250.0,9,-7,300
98252.5,10,-7,304
98255.0,10,-7,305
98257.5,10,-10,302
98260.0,10,-4,307
98262.5,10,-5,305
98265.0,8,-7,300
98267.5,9,-9,304
98270.0,10,-8,301
98272.5,10,-10,305
98275.0,11,-10,304
98277.5,9,-7,304
98280.0,9,-7,302
98282.5,9,-7,302
98285.0,10,-7,300
98287.5,9,-7,302
98290.0,10,-9,305
98292.5,12,-9,305
98295.0,11,-5,308
98297.5,11,-5,300
98300.0,12,-6,305
98302.5,7,-6,305
98305.0,10,-7,302
98307.5,9,-8,302
98310.0,9,-7,303
98312.5,9,-9,304
98315.0,9,-7,304
98317.5,8,-4,305
98320.0,10,-8,304
98322.5,11,-8,299
98325.0,10,-10,301
98327.5,9,-10,302
98330.0,9,-10,303
98332.5,9,-10,303
98335.0,11,-10,303
98337.5,10,-7,304
98340.0,10,-7,305
98342.5,10,-6,305
98345.0,8,-8,304
98347.5,10,-8,305
98350.0,12,-8,304
98352.5,11,-7,305
98355.0,10,-9,302
98357.5,8,-6,305
98360.0,8,-6,304
98362.5,9,-8,304
98365.0,10,-8,300
98367.5,8,-9,301
98370.0,9,-8,302
98372.5,10,-9,302
98375.0,9,-8,300
98377.5,11,-8,301
98380.0,11,-8,301
98382.5,9,-8,305
98385.0,11,-8,304
98387.5,9,-8,305
98390.0,9,-5,304
98392.5,12,-7,306
98395.0,11,-9,301
98397.5,8,-7,304
98400.0,10,-6,302
98402.5,10,-4,306
98405.0,8,-5,300
98407.5,9,-8,305
98410.0,9,-7,304
98412.5,9,-7,304
98415.0,10,-8,305
98417.5,10,-8,301
98420.0,11,-8,302
98422.5,9,-7,303
98425.0,7,-6,304
98427.5,10,-8,305
98430.0,10,-8,305
98432.5,8,-7,303
98435.0,9,-6,303
98437.5,11,-7,303
98440.0,9,-8,307
98442.5,9,-5,303
98445.0,12,-7,300
98447.5,11,-6,301
98450.0,11,-8,303
98452.5,8,-7,300
98455.0,9,-6,304
98457.5,10,-9,307
98460.0,11,-8,303
98462.5,10,-7,303
98465.0,13,-8,303
98467.5,12,-8,302
98470.0,10,-8,302
98472.5,9,-10,304
98475.0,8,-9,303
98477.5,9,-9,301
98480.0,9,-9,301
98482.5,11,-7,304
98485.0,11,-9,301
98487.5,10,-5,299
98490.0,11,-7,301
98492.5,9,-7,304
98495.0,9,-6,305
98497.5,9,-9,303
98500.0,12,-9,307
98502.5,10,-8,303
98505.0,11,-7,303
98507.5,12,-6,306
98510.0,11,-7,302
98512.5,11,-9,302
98515.0,9,-9,305
98517.5,10,-8,303
98520.0,10,-9,302
98522.5,9,-9,305
98525.0,10,-7,302
98527.5,10,-8,300
98530.0,10,-8,300
98532.5,9,-7,305
98535.0,9,-7,303
98537.5,9,-9,306
98540.0,11,-8,305
98542.5,12,-7,303
98545.0,11,-4,303
98547.5,9,-6,305
98550.0,10,-7,304
98552.5,9,-5,300
98555.0,9,-9,305
98557.5,10,-8,304
98560.0,9,-7,302
98562.5,9,-8,305
98565.0,9,-7,307
98567.5,10,-9,304
98570.0,10,-8,301
98572.5,10,-8,303
98575.0,10,-7,304
98577.5,9,-8,303
98580.0,9,-8,303
98582.5,11,-8,304
98585.0,8,-8,302
98587.5,8,-7,299
98590.0,7,-7,304
98592.5,10,-8,308
98595.0,10,-9,304
98597.5,9,-5,303
98600.0,11,-6,303
98602.5,11,-6,302
98605.0,7,-6,302
98607.5,9,-7,307
98610.0,9,-8,304
98612.5,8,-7,304
98615.0,10,-9,305
98617.5,10,-8,299
98620.0,9,-9,303
98622.5,10,-8,304
98625.0,9,-7,302
98627.5,8,-8,301
98630.0,8,-8,301
98632.5,11,-7,301
98635.0,10,-10,307
98637.5,10,-7,304
98640.0,9,-7,304
98642.5,11,-7,304
98645.0,12,-10,304
98647.5,10,-6,303
98650.0,10,-9,305
98652.5,13,-9,304
98655.0,10,-11,305
98657.5,10,-7,302
98660.0,9,-8,305
98662.5,10,-6,302
98665.0,9,-7,304
98667.5,9,-6,304
98670.0,11,-6,303
98672.5,9,-7,301
98675.0,7,-9,302
98677.5,10,-8,305
98680.0,10,-8,305
98682.5,10,-7,306
98685.0,9,-8,304
98687.5,10,-9,305
98690.0,11,-8,302
98692.5,9,-6,302
98695.0,10,-9,305
98697.5,9,-9,304
98700.0,9,-6,305
98702.5,10,-5,302
98705.0,12,-7,303
98707.5,11,-6,303
98710.0,9,-5,303
98712.5,9,-6,304
98715.0,11,-8,300
98717.5,10,-7,301
98720.0,11,-8,303
98722.5,10,-11,303
98725.0,10,-8,299
98727.5,11,-8,303
98730.0,11,-8,303
98732.5,11,-10,301
98735.0,11,-9,303
98737.5,9,-5,305
98740.0,12,-9,301
98742.5,8,-7,301
98745.0,11,-5,302
98747.5,10,-8,304
98750.0,6,-6,305
98752.5,9,-9,303
98755.0,10,-10,304
98757.5,11,-8,306
98760.0,11,-7,300
98762.5,10,-9,303
98765.0,9,-7,303
98767.5,7,-7,302
98770.0,9,-8,304
98772.5,10,-7,300
98775.0,10,-9,301
98777.5,11,-10,303
98780.0,11,-10,303
98782.5,12,-10,306
98785.0,8,-9,303
98787.5,10,-8,305
98790.0,11,-5,305
98792.5,10,-7,302
98795.0,11,-6,307
98797.5,10,-11,301
98800.0,11,-10,306
98802.5,9,-6,305
98805.0,8,-9,301
98807.5,12,-9,306
98810.0,10,-7,305
98812.5,10,-8,303
98815.0,10,-10,303
98817.5,9,-8,302
98820.0,10,-8,303
98822.5,10,-6,303
98825.0,8,-5,304
98827.5,11,-8,300
98830.0,11,-8,300
98832.5,10,-8,303
98835.0,8,-8,304
98837.5,11,-6,305
98840.0,11,-6,304
98842.5,11,-4,301
98845.0,10,-9,302
98847.5,11,-8,303
98850.0,11,-9,304
98852.5,9,-9,301
98855.0,11,-9,305
98857.5,8,-6,304
98860.0,9,-10,303
98862.5,13,-9,306
98865.0,11,-8,305
98867.5,10,-9,303
98870.0,8,-7,303
98872.5,10,-8,304
98875.0,7,-8,303
98877.5,7,-8,303
98880.0,9,-9,302
98882.5,10,-9,302
98885.0,10,-6,304
98887.5,11,-7,303
98890.0,9,-7,301
98892.5,10,-7,300
98895.0,13,-6,306
98897.5,9,-10,305
98900.0,9,-8,304
98902.5,9,-4,304
98905.0,11,-9,303
98907.5,11,-8,304
98910.0,8,-8,303
98912.5,11,-8,304
98915.0,8,-7,306
98917.5,10,-8,303
98920.0,11,-9,304
98922.5,13,-8,304
98925.0,10,-9,304
98927.5,10,-9,304
98930.0,10,-7,304
98932.5,9,-9,302
98935.0,9,-7,302
98937.5,13,-8,305
98940.0,11,-8,301
98942.5,10,-8,303
98945.0,11,-7,304
98947.5,9,-7,300
98950.0,10,-8,297
98952.5,8,-9,305
98955.0,8,-7,306
98957.5,9,-7,305
98960.0,11,-8,303
98962.5,11,-8,302
98965.0,10,-7,303
98967.5,9,-7,306
98970.0,10,-6,302
98972.5,9,-9,303
98975.0,10,-9,302
98977.5,10,-9,302
98980.0,10,-10,302
98982.5,10,-6,304
98985.0,12,-6,302
98987.5,10,-3,307
98990.0,9,-6,304
98992.5,10,-9,302
98995.0,9,-4,301
98997.5,9,-4,301
99000.0,11,-7,306
99002.5,11,-9,304
99005.0,11,-7,308
99007.5,9,-4,304
99010.0,9,-7,303
99012.5,9,-8,306
99015.0,8,-8,303
99017.5,9,-7,304
99020.0,12,-10,304
99022.5,9,-8,302
99025.0,10,-10,303
99027.5,10,-10,303
99030.0,9,-4,304
99032.5,10,-4,301
99035.0,9,-6,303
99037.5,9,-8,299
99040.0,7,-6,304
99042.5,10,-4,302
99045.0,10,-5,304
99047.5,9,-11,303
99050.0,9,-9,301
99052.5,11,-6,305
99055.0,10,-6,306
99057.5,11,-6,302
99060.0,10,-10,303
99062.5,9,-10,301
99065.0,11,-7,304
99067.5,10,-8,302
99070.0,9,-8,304
99072.5,10,-8,303
99075.0,9,-8,298
99077.5,9,-8,298
99080.0,8,-7,302
99082.5,10,-8,306
99085.0,10,-8,306
99087.5,10,-4,303
99090.0,11,-4,301
99092.5,9,-7,305
99095.0,11,-6,304
99097.5,9,-8,302
99100.0,8,-9,304
99102.5,12,-9,301
99105.0,11,-7,305
99107.5,12,-8,301
99110.0,9,-9,302
99112.5,8,-8,301
99115.0,10,-11,301
99117.5,9,-8,304
99120.0,11,-8,304
99122.5,9,-9,304
99125.0,11,-9,302
99127.5,11,-9,302
99130.0,11,-8,306
99132.5,9,-9,306
99135.0,8,-8,304
99137.5,8,-6,303
99140.0,9,-6,301
99142.5,11,-6,306
99145.0,11,-8,303
99147.5,9,-6,301
99150.0,11,-7,303
99152.5,9,-10,303
99155.0,9,-8,304
99157.5,8,-8,305
99160.0,11,-9,301
99162.5,9,-7,305
99165.0,9,-8,301
99167.5,9,-8,307
99170.0,7,-7,304
99172.5,11,-10,302
99175.0,8,-7,304
99177.5,8,-7,304
99180.0,11,-6,303
99182.5,10,-6,302
99185.0,11,-9,304
99187.5,9,-7,302
99190.0,9,-5,304
99192.5,11,-7,302
99195.0,13,-8,300
99197.5,12,-8,304
99200.0,10,-6,304
99202.5,8,-8,305
99205.0,9,-8,305
99207.5,12,-11,304
99210.0,10,-8,301
99212.5,8,-8,300
99215.0,11,-7,301
99217.5,10,-7,302
99220.0,9,-8,304
99222.5,11,-8,302
99225.0,9,-8,306
99227.5,9,-8,306
99230.0,9,-8,305
99232.5,10,-7,298
99235.0,10,-7,302
99237.5,12,-9,305
99240.0,10,-8,304
99242.5,8,-8,306
99245.0,11,-6,304
99247.5,8,-6,305
99250.0,9,-6,303
99252.5,10,-9,303
99255.0,10,-6,305
99257.5,9,-6,303
99260.0,12,-7,305
99262.5,9,-8,302
99265.0,10,-7,303
99267.5,11,-9,301
99270.0,9,-9,302
99272.5,10,-7,303
99275.0,9,-8,304
99277.5,9,-8,304
99280.0,10,-11,304
99282.5,9,-8,301
99285.0,10,-6,305
99287.5,9,-9,302
99290.0,8,-8,302
99292.5,9,-6,298
99295.0,10,-9,303
99297.5,11,-8,304
99300.0,9,-7,301
99302.5,9,-8,305
99305.0,10,-9,302
99307.5,8,-6,302
99310.0,10,-8,301
99312.5,10,-8,305
99315.0,10,-6,302
99317.5,10,-7,304
99320.0,8,-7,305
99322.5,10,-6,306
99325.0,10,-9,306
99327.5,10,-9,306
99330.0,9,-6,301
99332.5,9,-7,303
99335.0,11,-6,310
99337.5,9,-7,304
99340.0,11,-6,307
99342.5,8,-8,303
99345.0,12,-6,304
99347.5,11,-5,303
99350.0,11,-7,302
99352.5,9,-9,303
99355.0,8,-8,302
99357.5,11,-10,302
99360.0,12,-9,304
99362.5,12,-8,307
99365.0,12,-9,305
99367.5,10,-9,306
99370.0,12,-9,303
99372.5,11,-7,305
99375.0,11,-7,305
99377.5,9,-9,303
99380.0,10,-7,303
99382.5,10,-9,307
99385.0,13,-10,306
99387.5,10,-8,303
99390.0,12,-6,302
99392.5,10,-5,305
99395.0,8,-9,301
99397.5,9,-8,303
99400.0,10,-8,305
99402.5,11,-8,306
99405.0,11,-7,301
99407.5,10,-8,301
99410.0,9,-6,303
99412.5,12,-9,304
99415.0,8,-6,306
99417.5,9,-8,301
99420.0,9,-6,300
99422.5,8,-7,302
99425.0,8,-7,302
99427.5,9,-10,301
99430.0,10,-7,303
99432.5,9,-8,302
99435.0,9,-4,302
99437.5,12,-5,302
99440.0,11,-7,304
99442.5,9,-4,303
99445.0,8,-7,305
99447.5,12,-6,306
99450.0,11,-8,307
99452.5,10,-9,304
99455.0,11,-8,302
99457.5,9,-8,302
99460.0,9,-9,303
99462.5,8,-7,300
99465.0,6,-8,303
99467.5,9,-6,305
99470.0,10,-9,304
99472.5,11,-10,300
99475.0,11,-10,300
99477.5,11,-9,304
99480.0,9,-6,301
99482.5,9,-7,304
99485.0,8,-7,305
99487.5,10,-6,305
99490.0,10,-9,303
99492.5,11,-6,303
99495.0,11,-6,301
99497.5,13,-6,303
99500.0,9,-7,301
99502.5,10,-7,305
99505.0,10,-7,304
99507.5,9,-9,303
99510.0,8,-6,305
99512.5,10,-9,300
99515.0,10,-9,306
99517.5,10,-7,304
99520.0,10,-9,305
99522.5,8,-8,303
99525.0,8,-8,303
99527.5,10,-7,304
99530.0,7,-8,304
99532.5,10,-9,303
99535.0,12,-10,306
99537.5,10,-6,301
99540.0,11,-5,305
99542.5,11,-7,304
99545.0,7,-9,303
99547.5,10,-7,305
99550.0,11,-8,305
99552.5,11,-8,301
99555.0,10,-5,303
99557.5,7,-8,302
99560.0,11,-9,301
99562.5,9,-7,305
99565.0,10,-8,303
99567.5,11,-9,301
99570.0,8,-9,303
99572.5,9,-8,302
99575.0,9,-8,302
99577.5,10,-7,304
99580.0,11,-9,302
99582.5,12,-6,302
99585.0,11,-8,303
99587.5,14,-9,304
99590.0,12,-8,305
99592.5,10,-6,302
99595.0,11,-6,301
99597.5,9,-7,302
99600.0,10,-7,300
99602.5,9,-5,302
99605.0,9,-6,304
99607.5,8,-7,305
99610.0,10,-10,305
99612.5,9,-9,301
99615.0,11,-7,303
99617.5,9,-8,304
99620.0,9,-9,299
99622.5,9,-8,302
99625.0,9,-8,302
99627.5,11,-8,300
99630.0,11,-9,306
99632.5,12,-8,306
99635.0,12,-6,303
99637.5,8,-8,307
99640.0,11,-7,305
99642.5,9,-2,302
99645.0,9,-10,304
99647.5,10,-7,307
99650.0,9,-8,306
99652.5,11,-10,303
99655.0,12,-9,303
99657.5,10,-8,303
99660.0,10,-8,303
99662.5,9,-7,304
99665.0,9,-9,307
99667.5,11,-9,303
99670.0,9,-7,303
99672.5,9,-8,303
99675.0,9,-8,303
99677.5,10,-8,302
99680.0,10,-6,305
99682.5,9,-6,303
99685.0,7,-7,303
99687.5,10,-8,305
99690.0,10,-8,309
99692.5,12,-6,302
99695.0,10,-8,304
99697.5,11,-7,301
99700.0,10,-8,302
99702.5,10,-7,304
99705.0,9,-5,307
99707.5,10,-8,308
99710.0,13,-8,306
99712.5,10,-8,302
99715.0,10,-10,303
99717.5,11,-9,303
99720.0,9,-6,304
99722.5,8,-5,300
99725.0,8,-5,300
99727.5,11,-11,306
99730.0,10,-9,301
99732.5,10,-9,305
99735.0,11,-8,302
99737.5,11,-6,302
99740.0,11,-8,302
99742.5,10,-8,306
99745.0,10,-6,305
99747.5,10,-8,303
99750.0,11,-9,302
99752.5,11,-6,303
99755.0,10,-8,302
99757.5,10,-8,303
99760.0,10,-8,303
99762.5,11,-9,302
99765.0,8,-7,303
99767.5,9,-11,306
99770.0,9,-7,306
99772.5,10,-11,303
99775.0,10,-11,303
99777.5,10,-7,305
99780.0,11,-9,304
99782.5,12,-7,305
99785.0,12,-6,302
99787.5,11,-5,303
99790.0,11,-7,300
99792.5,11,-10,301
99795.0,10,-8,305
99797.5,9,-6,301
99800.0,9,-7,305
99802.5,11,-8,302
99805.0,9,-5,302
99807.5,12,-9,302
99810.0,11,-9,305
99812.5,12,-9,302
99815.0,9,-7,302
99817.5,10,-8,303
99820.0,11,-9,308
99822.5,11,-9,308
99825.0,12,-9,303
99827.5,11,-9,303
99830.0,10,-8,304
99832.5,9,-8,309
99835.0,11,-6,307
99837.5,11,-7,305
99840.0,10,-6,302
99842.5,13,-8,304
99845.0,10,-7,302
99847.5,10,-7,302
99850.0,8,-4,305
99852.5,10,-7,301
99855.0,9,-8,304
99857.5,10,-10,302
99860.0,9,-10,302
99862.5,9,-9,301
99865.0,10,-7,300
99867.5,10,-9,303
99870.0,10,-7,300
99872.5,10,-7,300
99875.0,9,-8,300
99877.5,8,-8,305
99880.0,10,-7,305
99882.5,11,-10,305
99885.0,9,-6,303
99887.5,10,-10,303
99890.0,11,-7,302
99892.5,9,-9,302
99895.0,11,-6,302
99897.5,12,-10,303
99900.0,9,-9,304
99902.5,11,-8,303
99905.0,10,-7,306
99907.5,9,-6,302
99910.0,9,-7,302
99912.5,8,-8,302
99915.0,11,-11,303
99917.5,12,-10,304
99920.0,12,-8,302
99922.5,12,-8,302
99925.0,10,-10,307
99927.5,11,-4,303
99930.0,10,-5,304
99932.5,9,-6,302
99935.0,8,-6,305
99937.5,10,-9,305
99940.0,8,-7,308
99942.5,11,-8,304
99945.0,10,-7,301
99947.5,11,-8,302
99950.0,10,-9,303
99952.5,10,-5,303
99955.0,11,-9,302
99957.5,10,-8,304
99960.0,10,-9,301
99962.5,9,-9,303
99965.0,10,-7,303
99967.5,9,-9,305
99970.0,9,-10,306
99972.5,9,-10,306
99975.0,9,-8,302
99977.5,10,-8,310
99980.0,10,-9,301
99982.5,9,-6,304
99985.0,8,-7,300
99987.5,8,-5,306
99990.0,10,-8,306
99992.5,10,-8,305
99995.0,9,-5,306
99997.5,11,-6,305
100000.0,8,-6,304
100002.5,11,-8,303
100005.0,9,-9,301
100007.5,9,-9,305
100010.0,13,-7,305
100012.5,10,-8,301
100015.0,12,-8,305
100017.5,8,-8,302
100020.0,10,-7,301
100022.5,10,-7,301
100025.0,8,-8,302
100027.5,10,-9,304
100030.0,10,-6,305
100032.5,11,-8,302
100035.0,10,-10,301
100037.5,11,-7,302
100040.0,8,-7,306
100042.5,11,-7,306
100045.0,11,-9,305
100047.5,9,-8,302
100050.0,11,-7,306
100052.5,10,-8,303
100055.0,10,-7,305
100057.5,12,-9,304
100060.0,9,-7,303
100062.5,11,-10,302
100065.0,11,-9,302
100067.5,10,-6,301
100070.0,8,-9,302
100072.5,8,-9,302
100075.0,7,-7,305
100077.5,10,-9,307
100080.0,12,-9,305
100082.5,10,-6,304
100085.0,13,-7,303
100087.5,11,-7,302
100090.0,7,-5,302
100092.5,8,-10,304
100095.0,12,-8,305
100097.5,13,-8,304
100100.0,10,-8,303
100102.5,11,-7,304
100105.0,11,-10,303
100107.5,10,-7,302
100110.0,11,-7,301
100112.5,11,-8,302
100115.0,11,-8,303
100117.5,9,-9,304
100120.0,9,-10,303
100122.5,9,-10,303
100125.0,10,-8,302
100127.5,7,-4,306
100130.0,9,-7,304
100132.5,9,-8,302
100135.0,12,-6,302
100137.5,12,-6,306
100140.0,9,-5,300
100142.5,10,-7,302
100145.0,11,-6,307
100147.5,11,-9,306
100150.0,8,-9,304
100152.5,11,-8,306
100155.0,9,-8,301
100157.5,10,-9,303
100160.0,9,-8,305
100162.5,8,-5,303
100165.0,10,-7,304
100167.5,8,-9,305
100170.0,9,-9,301
100172.5,9,-9,301
100175.0,8,-9,304
100177.5,12,-8,302
100180.0,9,-6,301
100182.5,12,-7,301
100185.0,12,-9,303
100187.5,11,-10,304
100190.0,9,-10,302
100192.5,9,-8,304
100195.0,9,-8,304
100197.5,11,-7,299
100200.0,10,-7,303
100202.5,12,-9,304
100205.0,11,-7,302
100207.5,8,-8,304
100210.0,9,-10,302
100212.5,9,-9,303
100215.0,12,-8,304
100217.5,12,-9,301
100220.0,9,-9,305
100222.5,9,-9,305
100225.0,7,-7,300
100227.5,10,-8,302
100230.0,9,-8,304
100232.5,10,-7,302
100235.0,11,-8,303
100237.5,10,-6,301
100240.0,7,-6,301
100242.5,9,-7,304
100245.0,10,-9,306
100247.5,9,-9,301
100250.0,10,-8,305
100252.5,10,-7,304
100255.0,10,-7,304
100257.5,12,-9,303
100260.0,11,-10,304
100262.5,10,-11,304
100265.0,9,-8,302
100267.5,10,-8,303
100270.0,10,-7,301
100272.5,10,-7,301
100275.0,10,-8,302
100277.5,9,-11,302
100280.0,12,-7,306
100282.5,9,-8,303
100285.0,11,-8,304
100287.5,12,-9,309
100290.0,9,-6,303
100292.5,9,-7,300
100295.0,7,-6,304
100297.5,10,-8,302
100300.0,7,-7,303
100302.5,9,-5,302
100305.0,10,-8,304
100307.5,11,-9,299
100310.0,10,-7,303
100312.5,9,-10,307
100315.0,8,-11,302
100317.5,10,-11,303
100320.0,10,-11,303
100322.5,9,-8,305
100325.0,11,-8,302
100327.5,11,-9,303
100330.0,10,-9,309
100332.5,11,-8,307
100335.0,10,-7,307
100337.5,10,-7,305
100340.0,14,-8,301
100342.5,10,-5,305
100345.0,10,-9,301
100347.5,11,-9,304
100350.0,10,-7,305
100352.5,12,-9,297
100355.0,10,-7,303
100357.5,12,-9,303
100360.0,7,-6,301
100362.5,9,-8,302
100365.0,10,-9,303
100367.5,11,-10,302
100370.0,11,-10,302
100372.5,9,-9,302
100375.0,10,-7,302
100377.5,8,-7,305
100380.0,11,-3,305
100382.5,10,-6,301
100385.0,9,-7,306
100387.5,8,-6,305
100390.0,9,-5,303
100392.5,13,-9,304
100395.0,10,-6,301
100397.5,8,-8,305
100400.0,9,-7,303
100402.5,9,-7,302
100405.0,10,-9,305
100407.5,11,-8,298
100410.0,10,-8,302
100412.5,9,-8,303
100415.0,9,-7,301
100417.5,9,-9,302
100420.0,9,-9,302
100422.5,10,-9,301
100425.0,9,-6,304
100427.5,11,-7,305
100430.0,12,-8,303
100432.5,8,-5,297
100435.0,10,-6,304
100437.5,11,-8,306
100440.0,10,-8,306
100442.5,10,-9,305
100445.0,9,-6,304
100447.5,9,-8,301
100450.0,10,-8,304
100452.5,10,-9,303
100455.0,10,-8,305
100457.5,11,-8,306
100460.0,8,-9,304
100462.5,10,-9,303
100465.0,9,-9,302
100467.5,9,-9,304
100470.0,9,-9,304
100472.5,10,-6,303
100475.0,11,-9,304
100477.5,8,-8,304
100480.0,9,-7,305
100482.5,11,-6,302
100485.0,10,-7,302
100487.5,7,-6,300
100490.0,11,-9,300
100492.5,11,-7,303
100495.0,9,-8,303
100497.5,10,-8,305
100500.0,10,-9,301
100502.5,10,-7,303
100505.0,10,-9,302
100507.5,9,-6,302
100510.0,9,-8,305
100512.5,11,-9,300
100515.0,10,-9,302
100517.5,10,-9,296
100520.0,10,-9,296
100522.5,12,-6,302
100525.0,10,-9,300
100527.5,10,-8,305
100530.0,10,-12,304
100532.5,10,-5,302
100535.0,12,-6,302
100537.5,13,-8,306
100540.0,9,-5,304
100542.5,10,-10,306
100545.0,11,-8,303
100547.5,11,-10,302
100550.0,11,-8,303
100552.5,8,-7,303
100555.0,10,-7,303
100557.5,8,-8,304
100560.0,8,-8,304
100562.5,12,-8,305
100565.0,9,-9,302
100567.5,9,-8,304
100570.0,9,-8,304
100572.5,10,-9,304
100575.0,12,-7,305
100577.5,11,-6,303
100580.0,10,-7,299
100582.5,10,-8,302
100585.0,11,-9,305
100587.5,11,-7,301
100590.0,10,-5,301
100592.5,9,-7,303
100595.0,10,-7,304
100597.5,8,-7,299
100600.0,10,-7,303
100602.5,10,-9,302
100605.0,8,-9,303
100607.5,10,-8,301
100610.0,12,-10,301
100612.5,8,-8,304
100615.0,9,-8,302
100617.5,9,-8,301
100620.0,9,-8,301
100622.5,8,-10,302
100625.0,11,-10,306
100627.5,12,-9,304
100630.0,12,-5,304
100632.5,12,-5,305
100635.0,11,-5,303
100637.5,9,-7,300
100640.0,8,-8,302
100642.5,10,-9,305
100645.0,9,-8,301
100647.5,9,-7,302
100650.0,11,-9,303
100652.5,9,-9,305
100655.0,10,-8,304
100657.5,10,-9,302
100660.0,8,-7,301
100662.5,9,-9,306
100665.0,9,-8,303
100667.5,13,-9,303
100670.0,13,-9,303
100672.5,10,-7,302
100675.0,11,-8,301
100677.5,12,-7,303
100680.0,11,-6,306
100682.5,8,-9,308
100685.0,9,-8,306
100687.5,10,-8,307
100690.0,11,-7,304
100692.5,10,-6,301
100695.0,9,-8,304
100697.5,13,-8,304
100700.0,10,-9,304
100702.5,10,-8,305
100705.0,13,-9,302
100707.5,10,-9,302
100710.0,10,-9,308
100712.5,11,-8,305
100715.0,10,-7,302
100717.5,11,-8,305
100720.0,11,-8,305
100722.5,11,-6,302
100725.0,9,-10,307
100727.5,10,-10,306
100730.0,10,-7,303
100732.5,10,-5,302
100735.0,11,-8,307
100737.5,8,-6,307
100740.0,11,-8,306
100742.5,9,-6,306
100745.0,10,-9,302
100747.5,9,-8,302
100750.0,10,-9,301
100752.5,12,-9,303
100755.0,10,-9,308
100757.5,11,-7,303
100760.0,8,-5,304
100762.5,11,-9,305
100765.0,8,-9,306
100767.5,9,-8,302
100770.0,9,-8,302
100772.5,8,-5,304
100775.0,10,-9,300
100777.5,9,-7,305
100780.0,10,-7,303
100782.5,11,-9,303
100785.0,11,-4,305
100787.5,11,-6,303
100790.0,8,-5,304
100792.5,9,-8,300
100795.0,11,-8,302
100797.5,9,-8,303
100800.0,10,-5,303
100802.5,9,-7,302
100805.0,10,-8,303
100807.5,10,-7,304
100810.0,12,-9,302
100812.5,10,-6,300
100815.0,10,-8,303
100817.5,10,-8,303
100820.0,7,-7,303
100822.5,10,-7,302
100825.0,11,-7,302
100827.5,14,-7,300
100830.0,10,-9,300
100832.5,8,-6,300
100835.0,8,-5,304
100837.5,7,-8,303
100840.0,9,-8,305
100842.5,9,-8,303
100845.0,9,-8,303
100847.5,12,-8,304
100850.0,10,-9,302
100852.5,10,-10,305
100855.0,10,-6,307
100857.5,10,-9,304
100860.0,11,-7,304
100862.5,9,-7,299
100865.0,10,-6,301
100867.5,10,-6,301
100870.0,11,-8,305
100872.5,10,-7,304
100875.0,8,-8,306
100877.5,11,-5,307
100880.0,10,-7,303
100882.5,9,-7,303
100885.0,9,-6,302
100887.5,9,-7,306
100890.0,8,-7,303
100892.5,10,-7,305
100895.0,10,-9,307
100897.5,11,-10,304
100900.0,8,-9,306
100902.5,10,-7,305
100905.0,9,-9,303
100907.5,9,-7,303
100910.0,8,-9,303
100912.5,10,-9,302
100915.0,9,-8,301
100917.5,9,-8,301
100920.0,8,-8,305
100922.5,9,-9,303
100925.0,8,-7,303
100927.5,12,-8,307
100930.0,9,-8,304
100932.5,9,-9,305
100935.0,7,-7,303
100937.5,11,-7,302
100940.0,11,-6,305
100942.5,10,-5,301
100945.0,9,-8,305
100947.5,9,-6,304
100950.0,10,-10,303
100952.5,11,-8,302
100955.0,9,-8,302
100957.5,10,-8,302
100960.0,10,-11,299
100962.5,10,-10,302
100965.0,10,-8,305
100967.5,10,-8,305
100970.0,10,-8,303
100972.5,11,-8,300
100975.0,8,-8,303
100977.5,10,-9,303
100980.0,11,-8,302
100982.5,12,-6,305
100985.0,12,-8,302
100987.5,12,-6,301
100990.0,9,-7,303
100992.5,11,-8,301
100995.0,10,-7,303
100997.5,8,-8,304
101000.0,9,-8,302
101002.5,10,-10,307
101005.0,11,-11,305
101007.5,10,-7,304
101010.0,10,-6,303
101012.5,10,-9,303
101015.0,11,-9,303
101017.5,11,-9,303
101020.0,11,-10,304
101022.5,8,-7,301
101025.0,9,-7,305
101027.5,11,-7,304
101030.0,11,-10,306
101032.5,11,-8,303
101035.0,11,-7,307
101037.5,11,-10,301
101040.0,10,-5,304
101042.5,10,-8,304
101045.0,8,-5,302
101047.5,10,-7,304
101050.0,9,-9,305
101052.5,11,-8,307
101055.0,10,-8,302
101057.5,9,-7,300
101060.0,11,-6,304
101062.5,7,-8,303
101065.0,8,-9,302
101067.5,8,-9,302
101070.0,11,-8,304
101072.5,9,-9,305
101075.0,8,-7,303
101077.5,11,-9,305
101080.0,9,-7,302
101082.5,11,-6,304
101085.0,11,-10,304
101087.5,9,-8,301
101090.0,11,-7,305
101092.5,9,-7,303
101095.0,9,-7,304
101097.5,11,-8,304
101100.0,12,-9,300
101102.5,10,-7,300
101105.0,8,-8,305
101107.5,11,-8,304
101110.0,10,-8,307
101112.5,11,-9,305
101115.0,8,-11,303
101117.5,8,-11,303
101120.0,9,-7,303
101122.5,11,-6,304
101125.0,10,-7,307
101127.5,9,-7,301
101130.0,10,-6,305
101132.5,10,-6,305
101135.0,13,-8,303
101137.5,9,-10,301
101140.0,12,-7,306
101142.5,9,-8,301
101145.0,10,-9,304
101147.5,11,-9,304
101150.0,10,-7,302
101152.5,10,-8,303
101155.0,10,-8,302
101157.5,12,-7,304
101160.0,11,-9,303
101162.5,12,-9,304
101165.0,7,-8,302
101167.5,7,-8,302
101170.0,9,-8,305
101172.5,8,-8,302
101175.0,9,-9,304
101177.5,9,-8,302
101180.0,8,-4,303
101182.5,11,-8,303
101185.0,8,-10,305
101187.5,9,-5,306
101190.0,8,-7,305
101192.5,11,-7,303
101195.0,10,-6,305
101197.5,7,-5,304
101200.0,9,-8,303
101202.5,10,-7,306
101205.0,10,-8,303
101207.5,10,-8,306
101210.0,10,-8,303
101212.5,13,-8,303
101215.0,11,-6,305
101217.5,11,-6,305
101220.0,9,-9,303
101222.5,11,-8,303
101225.0,10,-8,304
101227.5,9,-5,300
101230.0,11,-9,306
101232.5,10,-5,303
101235.0,11,-7,301
101237.5,12,-8,304
101240.0,10,-8,301
101242.5,9,-7,300
101245.0,10,-7,302
101247.5,9,-11,304
101250.0,10,-8,304
101252.5,10,-8,304
101255.0,10,-9,305
101257.5,9,-8,306
101260.0,10,-7,304
101262.5,9,-7,301
101265.0,10,-10,302
101267.5,10,-10,302
101270.0,14,-10,303
101272.5,11,-9,306
101275.0,11,-7,303
101277.5,11,-7,302
101280.0,11,-7,302
101282.5,7,-4,300
101285.0,8,-8,303
101287.5,11,-8,307
101290.0,11,-7,303
101292.5,8,-4,302
101295.0,10,-10,304
101297.5,10,-10,303
101300.0,11,-10,301
101302.5,9,-7,302
101305.0,9,-9,302
101307.5,10,-7,304
101310.0,10,-8,303
101312.5,12,-8,301
101315.0,12,-8,301
101317.5,10,-8,301
101320.0,11,-9,307
101322.5,11,-7,302
101325.0,10,-6,302
101327.5,11,-8,303
101330.0,13,-10,307
101332.5,10,-6,307
101335.0,9,-7,303
101337.5,11,-4,306
101340.0,10,-5,304
101342.5,9,-7,300
101345.0,9,-7,302
101347.5,13,-9,303
101350.0,9,-7,300
101352.5,11,-8,304
101355.0,10,-8,302
101357.5,11,-8,303
101360.0,12,-8,305
101362.5,11,-8,305
101365.0,11,-8,305
101367.5,10,-9,305
101370.0,10,-8,302
101372.5,10,-7,304
101375.0,11,-4,305
101377.5,8,-10,305
101380.0,9,-5,304
101382.5,11,-6,303
101385.0,13,-11,306
101387.5,13,-9,303
101390.0,9,-8,302
101392.5,7,-7,304
101395.0,11,-7,303
101397.5,9,-9,302
101400.0,9,-8,304
101402.5,9,-8,304
101405.0,9,-7,302
101407.5,9,-9,302
101410.0,10,-10,300
101412.5,9,-6,305
101415.0,9,-6,305
101417.5,10,-8,305
101420.0,12,-8,306
101422.5,12,-6,303
101425.0,12,-9,304
101427.5,10,-6,307
101430.0,10,-7,306
101432.5,11,-9,300
101435.0,9,-8,301
101437.5,12,-8,305
101440.0,11,-6,305
101442.5,11,-9,304
101445.0,11,-8,306
101447.5,8,-5,304
101450.0,11,-8,303
101452.5,10,-5,305
101455.0,9,-9,302
101457.5,9,-8,302
101460.0,11,-9,303
101462.5,12,-9,303
101465.0,12,-9,303
101467.5,10,-7,304
101470.0,11,-10,303
101472.5,10,-9,305
101475.0,10,-11,300
101477.5,11,-6,303
101480.0,11,-5,305
101482.5,11,-8,305
101485.0,8,-6,305
101487.5,8,-8,304
101490.0,8,-8,304
101492.5,10,-8,304
101495.0,10,-9,305
101497.5,10,-7,302
101500.0,12,-9,304
101502.5,10,-8,303
101505.0,10,-10,303
101507.5,10,-9,306
101510.0,9,-6,303
101512.5,8,-8,306
101515.0,8,-8,306
101517.5,9,-8,302
101520.0,7,-7,306
101522.5,8,-7,306
101525.0,10,-6,301
101527.5,9,-7,304
101530.0,11,-5,305
101532.5,9,-6,304
101535.0,9,-9,307
101537.5,11,-8,304
101540.0,11,-8,303
101542.5,11,-8,301
101545.0,9,-9,303
101547.5,12,-7,304
101550.0,11,-6,302
101552.5,10,-8,302
101555.0,12,-9,303
101557.5,8,-9,306
101560.0,11,-7,300
101562.5,9,-8,300
101565.0,9,-8,300
101567.5,10,-6,301
101570.0,8,-5,303
101572.5,11,-11,302
101575.0,11,-11,304
101577.5,9,-7,301
101580.0,13,-5,308
101582.5,9,-8,303
101585.0,9,-8,302
101587.5,8,-6,304
101590.0,10,-8,304
101592.5,10,-11,300
101595.0,10,-7,307
101597.5,10,-8,305
101600.0,12,-5,302
101602.5,7,-8,303
101605.0,11,-8,304
101607.5,11,-10,305
101610.0,10,-9,301
101612.5,10,-9,302
101615.0,10,-9,302
101617.5,10,-6,300
101620.0,11,-9,302
101622.5,9,-9,307
101625.0,11,-6,303
101627.5,10,-7,305
101630.0,11,-5,304
101632.5,11,-8,304
101635.0,11,-9,304
101637.5,12,-8,303
101640.0,10,-6,303
101642.5,11,-7,304
101645.0,9,-6,303
101647.5,12,-10,303
101650.0,10,-8,303
101652.5,10,-10,303
101655.0,9,-7,300
101657.5,10,-9,300
101660.0,9,-4,303
101662.5,9,-9,306
101665.0,9,-9,306
101667.5,11,-9,303
101670.0,8,-5,305
101672.5,8,-5,306
101675.0,12,-9,305
101677.5,10,-8,303
101680.0,9,-4,301
101682.5,10,-5,302
101685.0,9,-7,304
101687.5,11,-6,304
101690.0,12,-8,304
101692.5,11,-8,303
101695.0,12,-9,303
101697.5,10,-8,303
101700.0,9,-8,303
101702.5,9,-7,304
101705.0,9,-6,303
101707.5,11,-6,304
101710.0,8,-7,304
101712.5,11,-10,302
101715.0,11,-10,302
101717.5,8,-9,300
101720.0,11,-8,305
101722.5,11,-7,300
101725.0,12,-7,305
101727.5,9,-5,303
101730.0,10,-7,302
101732.5,12,-10,305
101735.0,10,-5,303
101737.5,8,-4,303
101740.0,10,-7,300
101742.5,10,-8,303
101745.0,9,-10,304
101747.5,9,-7,304
101750.0,11,-8,303
101752.5,11,-10,304
101755.0,9,-8,302
101757.5,10,-9,302
101760.0,12,-8,301
101762.5,9,-8,306
101765.0,9,-8,306
101767.5,8,-10,303
101770.0,8,-9,304
101772.5,12,-8,305
101775.0,10,-8,306
101777.5,14,-9,302
101780.0,11,-6,305
101782.5,8,-7,304
101785.0,10,-7,302
101787.5,9,-7,305
101790.0,10,-7,302
101792.5,11,-8,303
101795.0,8,-7,306
101797.5,10,-5,303
101800.0,11,-6,298
101802.5,9,-8,303
101805.0,11,-8,301
101807.5,11,-10,303
101810.0,11,-8,305
101812.5,11,-8,305
101815.0,13,-10,303
101817.5,10,-9,302
101820.0,9,-9,305
101822.5,11,-7,304
101825.0,10,-8,304
101827.5,10,-5,308
101830.0,11,-6,303
101832.5,13,-9,300
101835.0,10,-6,303
101837.5,10,-6,305
101840.0,7,-8,302
101842.5,9,-8,302
101845.0,12,-7,303
101847.5,8,-5,303
101850.0,9,-10,305
101852.5,11,-7,305
101855.0,10,-7,303
101857.5,7,-9,302
101860.0,9,-9,303
101862.5,9,-9,303
101865.0,9,-6,303
101867.5,12,-7,300
101870.0,11,-7,302
101872.5,12,-8,308
101875.0,10,-9,302
101877.5,9,-5,303
101880.0,10,-5,304
101882.5,11,-9,305
101885.0,12,-9,305
101887.5,11,-9,301
101890.0,10,-8,306
101892.5,12,-9,301
101895.0,8,-7,301
101897.5,9,-7,301
101900.0,9,-8,305
101902.5,9,-7,303
101905.0,8,-9,304
101907.5,11,-10,302
101910.0,9,-9,300
101912.5,9,-9,300
101915.0,10,-7,302
101917.5,13,-11,301
101920.0,10,-9,303
101922.5,10,-4,304
101925.0,11,-6,303
101927.5,11,-6,303
101930.0,11,-6,306
101932.5,11,-8,302
101935.0,10,-7,303
101937.5,9,-7,304
101940.0,11,-7,306
101942.5,11,-7,305
101945.0,9,-8,302
101947.5,9,-9,306
101950.0,8,-8,304
101952.5,10,-7,302
101955.0,10,-8,305
101957.5,8,-7,302
101960.0,10,-7,302
101962.5,10,-7,302
101965.0,11,-10,303
101967.5,11,-6,305
101970.0,8,-7,302
101972.5,11,-5,304
101975.0,11,-9,303
101977.5,10,-4,307
101980.0,9,-4,305
101982.5,13,-7,303
101985.0,12,-7,302
101987.5,11,-6,299
101990.0,8,-7,302
101992.5,9,-8,305
101995.0,9,-11,303
101997.5,9,-6,305
102000.0,9,-6,303
102002.5,8,-9,301
102005.0,9,-9,303
102007.5,9,-8,303
102010.0,8,-8,300
102012.5,8,-8,300
102015.0,8,-10,302
102017.5,11,-9,303
102020.0,10,-9,305
102022.5,10,-3,305
102025.0,9,-7,300
102027.5,10,-7,298
102030.0,10,-6,303
102032.5,8,-9,305
102035.0,10,-10,302
102037.5,10,-8,303
102040.0,10,-6,306
102042.5,11,-8,304
102045.0,8,-8,302
102047.5,8,-5,305
102050.0,9,-8,303
102052.5,9,-8,302
102055.0,8,-7,305
102057.5,10,-10,302
102060.0,9,-8,306
102062.5,9,-8,306
102065.0,9,-9,303
102067.5,12,-7,302
102070.0,10,-8,302
102072.5,12,-5,304
102075.0,12,-10,301
102077.5,13,-7,303
102080.0,10,-6,303
102082.5,11,-7,307
102085.0,9,-8,302
102087.5,10,-9,304
102090.0,10,-6,307
102092.5,10,-6,304
102095.0,9,-8,305
102097.5,10,-7,301
102100.0,9,-10,301
102102.5,11,-9,304
102105.0,11,-9,302
102107.5,10,-10,306
102110.0,11,-9,301
102112.5,11,-9,301
102115.0,10,-6,304
102117.5,8,-5,299
102120.0,11,-8,302
102122.5,12,-7,306
102125.0,10,-8,305
102127.5,10,-7,304
102130.0,13,-7,305
102132.5,11,-8,306
102135.0,11,-7,302
102137.5,8,-6,305
102140.0,11,-9,303
102142.5,7,-7,306
102145.0,9,-7,302
102147.5,11,-9,299
102150.0,9,-9,303
102152.5,11,-10,304
102155.0,12,-8,304
102157.5,9,-7,301
102160.0,11,-7,301
102162.5,11,-7,301
102165.0,11,-8,303
102167.5,14,-10,303
102170.0,9,-4,302
102172.5,14,-8,307
102175.0,10,-6,301
102177.5,11,-8,302
102180.0,10,-9,305
102182.5,10,-7,304
102185.0,10,-8,304
102187.5,10,-4,303
102190.0,11,-9,304
102192.5,10,-8,301
102195.0,11,-8,303
102197.5,12,-8,304
102200.0,11,-8,302
102202.5,8,-7,303
102205.0,7,-6,303
102207.5,9,-10,305
102210.0,10,-9,304
102212.5,10,-9,304
102215.0,11,-6,309
102217.5,11,-6,302
102220.0,11,-6,310
102222.5,9,-6,303
102225.0,10,-6,303
102227.5,11,-10,305
102230.0,11,-9,299
102232.5,11,-8,301
102235.0,11,-8,306
102237.5,8,-6,300
102240.0,11,-7,303
102242.5,10,-8,304
102245.0,12,-10,300
102247.5,10,-7,304
102250.0,9,-6,302
102252.5,12,-10,306
102255.0,11,-5,304
102257.5,10,-9,303
102260.0,10,-9,303
102262.5,10,-8,303
102265.0,10,-8,305
102267.5,11,-9,303
102270.0,12,-8,305
102272.5,11,-9,302
102275.0,13,-10,303
102277.5,11,-8,305
102280.0,9,-7,302
102282.5,9,-9,309
102285.0,8,-7,306
102287.5,9,-10,302
102290.0,10,-7,305
102292.5,11,-9,303
102295.0,9,-8,304
102297.5,9,-8,302
102300.0,9,-9,303
102302.5,11,-10,303
102305.0,11,-9,304
102307.5,11,-9,304
102310.0,11,-9,304
102312.5,11,-10,304
102315.0,11,-10,303
102317.5,8,-10,299
102320.0,11,-5,302
102322.5,13,-8,305
102325.0,10,-8,307
102327.5,8,-8,301
102330.0,13,-9,303
102332.5,12,-8,306
102335.0,9,-7,301
102337.5,9,-6,300
102340.0,10,-9,304
102342.5,9,-9,301
102345.0,10,-8,303
102347.5,9,-8,305
102350.0,10,-12,301
102352.5,10,-8,302
102355.0,9,-7,302
102357.5,11,-8,302
102360.0,11,-8,302
102362.5,10,-7,303
102365.0,11,-8,305
102367.5,11,-10,306
102370.0,11,-7,306
102372.5,10,-5,302
102375.0,10,-6,304
102377.5,10,-6,303
102380.0,10,-7,305
102382.5,12,-6,300
102385.0,9,-6,302
102387.5,10,-8,304
102390.0,8,-7,303
102392.5,7,-7,303
102395.0,10,-8,303
102397.5,6,-6,304
102400.0,10,-7,306
102402.5,10,-8,302
102405.0,10,-9,303
102407.5,11,-9,300
102410.0,11,-9,300
102412.5,8,-5,303
102415.0,8,-7,304
102417.5,8,-7,303
102420.0,9,-5,309
102422.5,13,-11,307
102425.0,9,-10,305
102427.5,10,-7,303
102430.0,12,-8,304
102432.5,10,-5,301
102435.0,7,-7,300
102437.5,10,-7,305
102440.0,8,-9,305
102442.5,8,-8,303
102445.0,10,-9,302
102447.5,8,-9,303
102450.0,11,-8,304
102452.5,8,-7,306
102455.0,10,-9,303
102457.5,8,-6,303
102460.0,8,-6,303
102462.5,10,-6,304
102465.0,11,-9,303
102467.5,8,-8,304
102470.0,11,-6,306
102472.5,10,-10,307
102475.0,12,-6,303
102477.5,12,-6,303
102480.0,9,-8,301
102482.5,11,-9,308
102485.0,9,-6,303
102487.5,11,-5,305
102490.0,9,-7,303
102492.5,9,-7,304
102495.0,10,-9,306
102497.5,11,-11,303
102500.0,12,-11,304
102502.5,12,-9,300
102505.0,9,-9,301
102507.5,8,-9,302
102510.0,8,-9,302
102512.5,9,-10,304
102515.0,8,-8,305
102517.5,10,-8,305
102520.0,10,-5,303
102522.5,8,-6,301
102525.0,10,-3,303
102527.5,8,-5,304
102530.0,10,-9,308
102532.5,11,-9,309
102535.0,12,-8,300
102537.5,11,-5,301
102540.0,10,-8,303
102542.5,11,-9,303
102545.0,8,-8,303
102547.5,11,-9,304
102550.0,9,-10,301
102552.5,10,-6,304
102555.0,10,-10,303
102557.5,9,-6,304
102560.0,9,-6,304
102562.5,12,-7,305
102565.0,9,-9,304
102567.5,11,-7,306
102570.0,10,-7,303
102572.5,12,-11,305
102575.0,11,-9,305
102577.5,9,-6,304
102580.0,10,-7,304
102582.5,10,-8,302
102585.0,8,-7,301
102587.5,11,-9,305
102590.0,10,-8,305
102592.5,10,-7,303
102595.0,11,-6,301
102597.5,8,-8,303
102600.0,9,-7,301
102602.5,9,-9,305
102605.0,9,-10,307
102607.5,8,-8,304
102610.0,8,-8,304
102612.5,10,-8,304
102615.0,11,-8,305
102617.5,11,-7,303
102620.0,11,-9,301
102622.5,7,-8,300
102625.0,12,-8,305
102627.5,12,-6,300
102630.0,12,-7,306
102632.5,8,-7,302
102635.0,11,-10,301
102637.5,11,-7,305
102640.0,9,-9,304
102642.5,9,-8,304
102645.0,11,-9,301
102647.5,9,-9,302
102650.0,10,-9,303
102652.5,9,-10,302
102655.0,10,-9,303
102657.5,10,-8,303
102660.0,10,-8,303
102662.5,10,-7,303
102665.0,9,-8,302
102667.5,10,-7,303
102670.0,10,-5,308
102672.5,8,-8,307
102675.0,9,-8,305
102677.5,12,-12,304
102680.0,10,-6,301
102682.5,11,-7,303
102685.0,8,-6,305
102687.5,10,-9,305
102690.0,10,-8,304
102692.5,10,-9,302
102695.0,9,-6,305
102697.5,9,-8,307
102700.0,11,-9,303
102702.5,9,-8,305
102705.0,11,-8,304
102707.5,9,-8,303
102710.0,9,-8,303
102712.5,9,-7,309
102715.0,11,-7,304
102717.5,10,-6,304
102720.0,8,-6,300
102722.5,9,-7,304
102725.0,9,-7,306
102727.5,11,-7,304
102730.0,11,-6,305
102732.5,10,-8,301
102735.0,10,-7,300
102737.5,9,-7,304
102740.0,10,-8,303
102742.5,8,-8,303
102745.0,10,-9,304
102747.5,8,-8,306
102750.0,11,-8,303
102752.5,10,-8,304
102755.0,9,-7,303
102757.5,9,-7,303
102760.0,8,-8,304
102762.5,8,-7,308
102765.0,8,-6,303
102767.5,11,-9,303
102770.0,11,-5,298
102772.5,9,-8,305
102775.0,9,-4,304
102777.5,8,-8,301
102780.0,10,-9,302
102782.5,10,-8,304
102785.0,8,-8,303
102787.5,10,-7,302
102790.0,11,-7,303
102792.5,10,-8,304
102795.0,8,-8,302
102797.5,9,-9,303
102800.0,9,-7,301
102802.5,10,-5,304
102805.0,10,-8,303
102807.5,10,-8,303
102810.0,11,-9,303
102812.5,12,-6,302
102815.0,8,-7,304
102817.5,12,-7,301
102820.0,10,-10,303
102822.5,10,-5,304
102825.0,11,-8,304
102827.5,8,-6,302
102830.0,12,-8,302
102832.5,10,-9,303
102835.0,9,-6,301
102837.5,11,-7,303
102840.0,10,-7,303
102842.5,12,-8,305
102845.0,11,-6,305
102847.5,11,-7,303
102850.0,10,-8,303
102852.5,10,-8,304
102855.0,9,-10,304
102857.5,9,-10,304
102860.0,10,-9,306
102862.5,9,-7,302
102865.0,9,-6,302
102867.5,11,-8,305
102870.0,8,-8,304
102872.5,10,-6,309
102875.0,11,-6,304
102877.5,11,-8,302
102880.0,10,-7,301
102882.5,9,-5,303
102885.0,9,-6,306
102887.5,12,-8,303
102890.0,10,-9,300
102892.5,11,-7,306
102895.0,11,-9,305
102897.5,11,-8,303
102900.0,9,-8,301
102902.5,10,-7,304
102905.0,8,-9,302
102907.5,8,-9,302
102910.0,9,-7,304
102912.5,10,-8,306
102915.0,12,-9,303
102917.5,10,-6,303
102920.0,8,-6,305
102922.5,10,-7,305
102925.0,11,-9,304
102927.5,10,-8,308
102930.0,12,-12,306
102932.5,9,-6,301
102935.0,9,-5,302
102937.5,10,-7,300
102940.0,9,-9,299
102942.5,10,-9,300
102945.0,9,-11,305
102947.5,11,-10,304
102950.0,10,-7,303
102952.5,11,-7,302
102955.0,12,-9,300
102957.5,12,-9,300
102960.0,12,-8,306
102962.5,9,-9,304
102965.0,11,-3,302
102967.5,12,-8,302
102970.0,13,-6,304
102972.5,11,-5,301
102975.0,9,-7,303
102977.5,11,-6,303
102980.0,7,-5,301
102982.5,10,-7,303
102985.0,10,-9,304
102987.5,11,-8,301
102990.0,9,-8,302
102992.5,10,-9,305
102995.0,7,-10,306
102997.5,9,-8,304
103000.0,10,-8,303
103002.5,9,-8,300
103005.0,9,-7,304
103007.5,9,-7,304
103010.0,10,-7,304
103012.5,11,-9,298
103015.0,10,-9,303
103017.5,11,-9,306
103020.0,7,-8,303
103022.5,8,-6,309
103025.0,11,-8,303
103027.5,10,-5,305
103030.0,12,-7,303
103032.5,9,-6,301
103035.0,11,-7,304
103037.5,9,-6,304
103040.0,8,-8,303
103042.5,9,-7,302
103045.0,9,-9,301
103047.5,9,-9,301
103050.0,9,-7,302
103052.5,9,-9,302
103055.0,9,-8,305
103057.5,9,-8,305
103060.0,11,-10,302
103062.5,8,-8,305
103065.0,10,-9,303
103067.5,11,-10,304
103070.0,10,-7,300
103072.5,12,-7,298
103075.0,10,-4,304
103077.5,10,-8,305
103080.0,10,-7,306
103082.5,11,-7,307
103085.0,10,-8,305
103087.5,9,-7,302
103090.0,11,-8,303
103092.5,11,-8,303
103095.0,9,-8,300
103097.5,10,-8,305
103100.0,10,-9,304
103102.5,12,-9,303
103105.0,10,-8,303
103107.5,10,-8,303
103110.0,11,-8,303
103112.5,9,-9,305
103115.0,9,-8,304
103117.5,8,-8,303
103120.0,12,-7,303
103122.5,12,-7,302
103125.0,10,-6,304
103127.5,9,-4,304
103130.0,12,-6,304
103132.5,9,-8,303
103135.0,12,-8,304
103137.5,11,-8,304
103140.0,9,-8,305
103142.5,10,-8,304
103145.0,8,-6,304
103147.5,10,-10,300
103150.0,10,-9,306
103152.5,11,-9,307
103155.0,9,-5,305
103157.5,9,-5,305
103160.0,10,-7,303
103162.5,10,-9,305
103165.0,12,-5,300
103167.5,9,-7,300
103170.0,9,-6,306
103172.5,10,-5,307
103175.0,9,-6,302
103177.5,11,-3,304
103180.0,12,-10,307
103182.5,11,-9,303
103185.0,10,-7,302
103187.5,8,-7,302
103190.0,10,-7,304
103192.5,9,-8,300
103195.0,7,-7,300
103197.5,9,-7,304
103200.0,10,-7,301
103202.5,10,-9,304
103205.0,10,-8,303
103207.5,10,-8,303
103210.0,10,-9,300
103212.5,8,-10,299
103215.0,8,-7,304
103217.5,13,-8,300
103220.0,11,-8,303
103222.5,13,-8,301
103225.0,10,-5,303
103227.5,10,-7,307
103230.0,9,-6,304
103232.5,9,-9,306
103235.0,9,-6,306
103237.5,9,-7,303
103240.0,10,-9,302
103242.5,9,-7,303
103245.0,9,-8,302
103247.5,8,-8,302
103250.0,8,-10,304
103252.5,10,-9,300
103255.0,12,-8,304
103257.5,12,-8,304
103260.0,9,-7,303
103262.5,11,-9,305
103265.0,10,-9,306
103267.5,6,-6,301
103270.0,12,-7,301
103272.5,11,-8,305
103275.0,8,-7,302
103277.5,12,-5,300
103280.0,8,-5,304
103282.5,11,-9,303
103285.0,10,-8,302
103287.5,8,-6,301
103290.0,8,-8,304
103292.5,8,-7,303
103295.0,10,-7,301
103297.5,10,-6,302
103300.0,11,-10,304
103302.5,9,-9,304
103305.0,9,-9,304
103307.5,12,-9,304
103310.0,10,-8,302
103312.5,10,-10,301
103315.0,11,-9,309
103317.5,11,-4,305
103320.0,8,-7,301
103322.5,11,-7,302
103325.0,11,-9,302
103327.5,10,-6,301
103330.0,12,-5,302
103332.5,10,-7,300
103335.0,9,-9,301
103337.5,9,-6,305
103340.0,10,-10,302
103342.5,10,-7,303
103345.0,9,-10,302
103347.5,9,-5,305
103350.0,10,-9,301
103352.5,9,-8,300
103355.0,9,-8,300
103357.5,9,-10,303
103360.0,9,-6,302
103362.5,8,-6,303
103365.0,12,-6,303
103367.5,10,-6,304
103370.0,8,-7,305
103372.5,9,-7,302
103375.0,11,-8,303
103377.5,9,-6,304
103380.0,9,-7,302
103382.5,10,-7,304
103385.0,10,-7,305
103387.5,10,-9,301
103390.0,9,-8,308
103392.5,9,-6,303
103395.0,11,-7,306
103397.5,9,-9,303
103400.0,9,-8,304
103402.5,10,-9,301
103405.0,10,-9,301
103407.5,11,-9,305
103410.0,10,-8,307
103412.5,7,-6,304
103415.0,8,-3,303
103417.5,7,-8,299
103420.0,9,-8,302
103422.5,9,-8,302
103425.0,11,-8,305
103427.5,11,-8,305
103430.0,12,-6,304
103432.5,11,-9,301
103435.0,11,-9,304
103437.5,10,-11,301
103440.0,10,-9,303
103442.5,9,-9,301
103445.0,12,-11,306
103447.5,8,-6,301
103450.0,11,-9,305
103452.5,9,-7,307
103455.0,9,-7,307
103457.5,9,-8,304
103460.0,10,-8,303
103462.5,11,-6,303
103465.0,9,-9,304
103467.5,10,-7,301
103470.0,11,-5,302
103472.5,14,-10,303
103475.0,9,-8,304
103477.5,10,-9,304
103480.0,9,-7,306
103482.5,12,-7,301
103485.0,11,-8,302
103487.5,10,-7,305
103490.0,10,-6,301
103492.5,10,-8,303
103495.0,11,-8,306
103497.5,10,-8,302
103500.0,10,-9,304
103502.5,10,-10,307
103505.0,10,-10,307
103507.5,10,-10,303
103510.0,10,-8,299
103512.5,10,-7,301
103515.0,10,-6,303
103517.5,11,-8,300
103520.0,11,-4,303
103522.5,10,-8,305
103525.0,10,-7,304
103527.5,10,-8,301
103530.0,11,-9,304
103532.5,10,-8,304
103535.0,12,-10,304
103537.5,10,-8,303
103540.0,11,-11,303
103542.5,10,-7,304
103545.0,10,-11,304
103547.5,9,-9,306
103550.0,9,-8,301
103552.5,9,-9,302
103555.0,9,-9,302
103557.5,11,-6,302
103560.0,9,-8,303
103562.5,11,-5,304
103565.0,11,-8,304
103567.5,8,-7,306
103570.0,12,-6,301
103572.5,11,-9,303
103575.0,10,-9,307
103577.5,10,-9,300
103580.0,9,-8,304
103582.5,11,-8,301
103585.0,10,-9,304
103587.5,8,-7,303
103590.0,12,-7,303
103592.5,12,-9,302
103595.0,9,-10,302
103597.5,9,-8,302
103600.0,8,-8,300
103602.5,9,-10,301
103605.0,9,-10,301
103607.5,10,-5,303
103610.0,11,-8,302
103612.5,10,-9,305
103615.0,11,-8,303
103617.5,9,-7,302
103620.0,10,-7,304
103622.5,10,-8,307
103625.0,9,-7,303
103627.5,10,-7,307
103630.0,10,-7,301
103632.5,10,-10,303
103635.0,10,-7,301
103637.5,10,-9,300
103640.0,11,-7,304
103642.5,11,-9,305
103645.0,9,-11,304
103647.5,11,-9,305
103650.0,10,-7,301
103652.5,9,-8,301
103655.0,9,-8,301
103657.5,11,-8,303
103660.0,11,-9,307
103662.5,12,-8,303
103665.0,11,-7,303
103667.5,11,-8,305
103670.0,10,-5,302
103672.5,11,-5,308
103675.0,11,-8,305
103677.5,9,-7,307
103680.0,11,-9,303
103682.5,10,-7,304
103685.0,10,-10,302
103687.5,9,-7,302
103690.0,10,-8,304
103692.5,9,-9,303
103695.0,10,-9,304
103697.5,11,-8,305
103700.0,9,-7,303
103702.5,8,-6,304
103705.0,8,-6,304
103707.5,8,-8,303
103710.0,8,-7,306
103712.5,8,-8,304
103715.0,10,-6,303
103717.5,10,-10,302
103720.0,11,-8,305
103722.5,10,-9,305
103725.0,11,-8,304
103727.5,8,-6,305
103730.0,10,-7,303
103732.5,13,-8,302
103735.0,10,-9,303
103737.5,9,-10,304
103740.0,7,-6,306
103742.5,10,-10,301
103745.0,12,-10,303
103747.5,12,-11,302
103750.0,10,-8,303
103752.5,10,-8,302
103755.0,10,-8,302
103757.5,12,-9,302
103760.0,8,-7,301
103762.5,11,-8,303
103765.0,8,-6,301
103767.5,13,-9,303
103770.0,13,-6,307
103772.5,11,-5,299
103775.0,13,-5,303
103777.5,10,-8,302
103780.0,10,-8,301
103782.5,9,-9,304
103785.0,10,-9,306
103787.5,11,-6,303
103790.0,9,-8,304
103792.5,9,-8,303
103795.0,10,-8,303
103797.5,10,-7,303
103800.0,9,-10,303
103802.5,9,-8,299
103805.0,9,-8,299
103807.5,7,-8,303
103810.0,10,-9,301
103812.5,10,-6,303
103815.0,10,-6,304
103817.5,10,-3,306
103820.0,11,-10,303
103822.5,9,-8,305
103825.0,10,-8,307
103827.5,11,-10,302
103830.0,10,-10,306
103832.5,12,-11,306
103835.0,11,-12,303
103837.5,9,-8,301
103840.0,9,-6,303
103842.5,11,-7,304
103845.0,9,-6,303
103847.5,8,-5,303
103850.0,12,-11,301
103852.5,12,-11,301
103855.0,11,-10,304
103857.5,10,-7,304
103860.0,8,-5,304
103862.5,9,-6,305
103865.0,9,-8,307
103867.5,12,-9,307
103870.0,10,-8,305
103872.5,12,-6,304
103875.0,10,-8,305
103877.5,11,-7,303
103880.0,8,-10,304
103882.5,8,-7,305
103885.0,10,-7,303
103887.5,10,-8,303
103890.0,9,-7,301
103892.5,8,-8,302
103895.0,10,-10,305
103897.5,9,-6,303
103900.0,8,-9,304
103902.5,8,-9,304
103905.0,9,-8,306
103907.5,12,-6,302
103910.0,9,-3,303
103912.5,12,-7,306
103915.0,11,-6,302
103917.5,10,-7,304
103920.0,12,-9,304
103922.5,8,-6,302
103925.0,10,-6,306
103927.5,9,-9,302
103930.0,8,-5,302
103932.5,10,-7,303
103935.0,11,-7,304
103937.5,9,-9,304
103940.0,12,-10,302
103942.5,9,-9,305
103945.0,10,-4,304
103947.5,8,-9,300
103950.0,9,-8,302
103952.5,9,-8,302
103955.0,9,-8,306
103957.5,10,-10,306
103960.0,8,-8,303
103962.5,9,-5,301
103965.0,10,-6,301
103967.5,8,-5,304
103970.0,13,-10,305
103972.5,10,-6,303
103975.0,9,-5,304
103977.5,11,-8,303
103980.0,12,-9,305
103982.5,10,-5,305
103985.0,9,-8,303
103987.5,9,-8,304
103990.0,9,-8,305
103992.5,10,-8,305
103995.0,11,-9,304
103997.5,10,-8,304
104000.0,8,-7,300
104002.5,8,-7,300
104005.0,8,-7,304
104007.5,8,-8,307
104010.0,9,-8,305
104012.5,12,-6,306
104015.0,8,-6,302
104017.5,10,-6,301
104020.0,11,-7,305
104022.5,9,-7,304
104025.0,7,-9,304
104027.5,11,-9,304
104030.0,12,-7,303
104032.5,10,-9,303
104035.0,8,-3,303
104037.5,9,-9,302
104040.0,9,-9,303
104042.5,9,-8,306
104045.0,10,-9,303
104047.5,10,-7,302
104050.0,8,-6,302
104052.5,8,-6,302
104055.0,8,-6,304
104057.5,9,-8,305
104060.0,11,-8,305
104062.5,12,-7,307
104065.0,10,-5,306
104067.5,10,-7,305
104070.0,10,-7,301
104072.5,11,-10,301
104075.0,10,-9,307
104077.5,10,-9,303
104080.0,9,-5,304
104082.5,11,-7,305
104085.0,8,-7,304
104087.5,10,-8,300
104090.0,6,-7,305
104092.5,9,-9,303
104095.0,9,-8,303
104097.5,8,-6,301
104100.0,10,-9,303
104102.5,10,-9,303
104105.0,11,-7,308
104107.5,9,-7,301
104110.0,10,-8,305
104112.5,10,-8,305
104115.0,10,-7,305
104117.5,11,-7,301
104120.0,10,-5,304
104122.5,11,-8,306
104125.0,11,-10,305
104127.5,9,-7,303
104130.0,12,-9,303
104132.5,12,-6,303
104135.0,9,-8,301
104137.5,11,-8,302
104140.0,9,-5,305
104142.5,8,-8,306
104145.0,10,-9,305
104147.5,9,-8,301
104150.0,9,-5,303
104152.5,9,-5,303
104155.0,8,-8,304
104157.5,11,-7,304
104160.0,10,-9,306
104162.5,8,-5,304
104165.0,11,-9,304
104167.5,12,-4,303
104170.0,9,-6,303
104172.5,9,-8,309
104175.0,10,-5,305
104177.5,7,-7,305
104180.0,10,-8,303
104182.5,11,-8,301
104185.0,9,-7,304
104187.5,10,-6,303
104190.0,9,-10,304
104192.5,8,-5,302
104195.0,11,-8,305
104197.5,11,-9,304
104200.0,11,-9,304
104202.5,11,-9,304
104205.0,10,-9,306
104207.5,11,-4,301
104210.0,10,-6,302
104212.5,11,-5,309
104215.0,11,-7,306
104217.5,11,-9,304
104220.0,11,-6,306
104222.5,11,-9,303
104225.0,9,-7,303
104227.5,9,-7,300
104230.0,8,-7,304
104232.5,9,-6,303
104235.0,10,-9,305
104237.5,12,-10,305
104240.0,11,-9,304
104242.5,12,-9,303
104245.0,10,-9,304
104247.5,9,-6,303
104250.0,12,-8,301
104252.5,12,-8,301
104255.0,10,-8,305
104257.5,11,-8,304
104260.0,11,-9,305
104262.5,12,-9,300
104265.0,12,-9,300
104267.5,9,-9,302
104270.0,9,-7,300
104272.5,9,-7,307
104275.0,11,-7,304
104277.5,10,-9,303
104280.0,12,-7,303
104282.5,10,-10,304
104285.0,9,-8,304
104287.5,10,-8,305
104290.0,10,-8,302
104292.5,9,-9,302
104295.0,9,-7,302
104297.5,9,-8,302
104300.0,8,-8,304
104302.5,8,-8,304
104305.0,9,-10,300
104307.5,11,-8,305
104310.0,11,-6,303
104312.5,11,-8,301
104315.0,9,-7,302
104317.5,12,-7,304
104320.0,9,-10,302
104322.5,8,-8,308
104325.0,11,-10,302
104327.5,12,-9,306
104330.0,9,-8,305
104332.5,9,-7,302
104335.0,10,-8,305
104337.5,8,-9,305
104340.0,10,-8,302
104342.5,9,-9,303
104345.0,11,-7,308
104347.5,11,-8,302
104350.0,9,-7,303
104352.5,9,-7,303
104355.0,8,-7,302
104357.5,10,-8,305
104360.0,9,-8,306
104362.5,11,-7,302
104365.0,9,-7,305
104367.5,12,-8,302
104370.0,11,-7,299
104372.5,10,-8,304
104375.0,8,-5,305
104377.5,9,-8,302
104380.0,10,-8,303
104382.5,10,-5,302
104385.0,12,-7,306
104387.5,11,-9,302
104390.0,10,-8,300
104392.5,8,-5,302
104395.0,11,-9,306
104397.5,11,-9,301
104400.0,11,-9,301
104402.5,9,-7,301
104405.0,10,-7,301
104407.5,9,-7,303
104410.0,11,-6,302
104412.5,10,-7,307
104415.0,12,-9,307
104417.5,11,-8,307
104420.0,11,-6,304
104422.5,10,-7,303
104425.0,9,-8,298
104427.5,9,-7,304
104430.0,10,-9,303
104432.5,9,-6,302
104435.0,10,-7,305
104437.5,10,-8,302
104440.0,10,-9,301
104442.5,6,-8,303
104445.0,10,-7,302
104447.5,10,-9,301
104450.0,10,-9,301
104452.5,9,-5,304
104455.0,13,-8,303
104457.5,9,-7,303
104460.0,10,-5,307
104462.5,8,-7,302
104465.0,11,-6,302
104467.5,10,-6,303
104470.0,9,-10,306
104472.5,12,-8,302
104475.0,10,-9,299
104477.5,11,-7,301
104480.0,11,-8,301
104482.5,9,-8,303
104485.0,11,-10,303
104487.5,10,-7,306
104490.0,11,-8,302
104492.5,10,-7,304
104495.0,9,-7,302
104497.5,10,-9,304
104500.0,10,-9,304
104502.5,10,-8,304
104505.0,11,-7,302
104507.5,10,-8,303
104510.0,10,-8,306
104512.5,11,-7,300
104515.0,10,-8,300
104517.5,11,-8,305
104520.0,12,-9,302
104522.5,9,-10,304
104525.0,10,-10,303
104527.5,12,-10,304
104530.0,9,-3,299
104532.5,9,-8,305
104535.0,11,-9,303
104537.5,9,-7,303
104540.0,10,-7,304
104542.5,9,-8,301
104545.0,10,-10,300
104547.5,11,-10,306
104550.0,11,-10,306
104552.5,10,-10,302
104555.0,10,-9,300
104557.5,11,-7,302
104560.0,13,-9,307
104562.5,9,-9,306
104565.0,9,-8,304
104567.5,11,-7,302
104570.0,10,-9,302
104572.5,10,-5,305
104575.0,9,-6,305
104577.5,11,-9,301
104580.0,9,-8,303
104582.5,9,-7,302
104585.0,10,-8,304
104587.5,8,-9,304
104590.0,10,-11,304
104592.5,9,-7,302
104595.0,10,-8,303
104597.5,9,-8,303
104600.0,9,-8,303
104602.5,12,-9,303
104605.0,10,-10,304
104607.5,10,-8,306
104610.0,13,-9,307
104612.5,11,-9,302
104615.0,12,-8,303
104617.5,10,-8,304
104620.0,12,-7,304
104622.5,11,-7,304
104625.0,9,-7,303
104627.5,11,-8,303
104630.0,8,-7,305
104632.5,10,-8,301
104635.0,9,-9,302
104637.5,10,-9,301
104640.0,12,-9,303
104642.5,10,-7,302
104645.0,9,-9,301
104647.5,9,-10,302
104650.0,9,-10,302
104652.5,7,-9,303
104655.0,10,-7,302
104657.5,10,-8,306
104660.0,11,-5,301
104662.5,12,-7,304
104665.0,11,-6,304
104667.5,10,-7,303
104670.0,8,-8,301
104672.5,13,-10,304
104675.0,11,-8,304
104677.5,10,-5,301
104680.0,10,-7,304
104682.5,9,-7,299
104685.0,8,-8,305
104687.5,7,-7,307
104690.0,10,-8,306
104692.5,11,-8,302
104695.0,9,-9,303
104697.5,9,-7,302
104700.0,9,-7,302
104702.5,9,-8,303
104705.0,9,-6,303
104707.5,10,-10,302
104710.0,8,-6,305
104712.5,13,-8,304
104715.0,11,-5,305
104717.5,11,-5,301
104720.0,9,-8,303
104722.5,10,-4,306
104725.0,8,-5,302
104727.5,8,-10,306
104730.0,10,-10,305
104732.5,11,-10,304
104735.0,9,-9,302
104737.5,8,-8,302
104740.0,10,-8,302
104742.5,9,-9,302
104745.0,8,-6,302
104747.5,8,-9,303
104750.0,8,-9,303
104752.5,9,-9,304
104755.0,11,-8,301
104757.5,10,-8,304
104760.0,13,-9,303
104762.5,10,-6,301
104765.0,12,-6,300
104767.5,9,-5,305
104770.0,11,-8,304
104772.5,9,-6,303
104775.0,11,-8,303
104777.5,9,-7,306
104780.0,10,-6,303
104782.5,10,-8,301
104785.0,9,-5,302
104787.5,10,-11,303
104790.0,9,-7,305
104792.5,9,-7,307
104795.0,10,-7,303
104797.5,9,-6,302
104800.0,9,-6,302
104802.5,10,-8,302
104805.0,11,-9,306
104807.5,9,-8,305
104810.0,11,-7,304
104812.5,12,-7,301
104815.0,11,-7,304
104817.5,10,-6,303
104820.0,10,-6,303
104822.5,11,-9,300
104825.0,10,-8,305
104827.5,12,-9,304
104830.0,9,-7,303
104832.5,8,-8,303
104835.0,9,-8,305
104837.5,10,-8,307
104840.0,10,-9,302
104842.5,8,-11,302
104845.0,9,-8,305
104847.5,8,-8,307
104850.0,8,-8,307
104852.5,10,-8,303
104855.0,11,-6,301
104857.5,13,-6,298
104860.0,11,-7,304
104862.5,13,-10,304
104865.0,12,-7,306
104867.5,10,-6,305
104870.0,12,-9,304
104872.5,8,-7,303
104875.0,11,-8,299
104877.5,10,-5,306
104880.0,7,-7,303
104882.5,11,-8,304
104885.0,10,-7,305
104887.5,12,-10,302
104890.0,12,-9,303
104892.5,10,-10,304
104895.0,10,-8,302
104897.5,10,-8,302
104900.0,10,-8,304
104902.5,10,-6,302
104905.0,9,-8,306
104907.5,13,-7,303
104910.0,11,-5,303
104912.5,11,-6,303
104915.0,11,-6,303
104917.5,10,-7,305
104920.0,12,-9,307
104922.5,11,-7,307
104925.0,10,-8,307
104927.5,10,-7,303
104930.0,9,-9,301
104932.5,8,-9,302
104935.0,9,-8,300
104937.5,9,-8,308
104940.0,10,-6,302
104942.5,11,-10,302
104945.0,10,-7,303
104947.5,10,-7,303
104950.0,10,-9,306
104952.5,8,-7,303
104955.0,8,-7,301
104957.5,10,-6,304
104960.0,9,-7,309
104962.5,9,-9,307
104965.0,10,-8,302
104967.5,8,-5,301
104970.0,10,-7,303
104972.5,11,-5,303
104975.0,9,-5,304
104977.5,10,-8,305
104980.0,10,-8,305
104982.5,10,-6,306
104985.0,9,-8,302
104987.5,9,-7,302
104990.0,10,-8,303
104992.5,10,-8,301
104995.0,11,-9,305
104997.5,11,-9,305
105000.0,9,-7,304
105002.5,11,-7,304
105005.0,12,-6,303
105007.5,9,-8,302
105010.0,10,-5,303
105012.5,10,-4,302
105015.0,9,-6,303
105017.5,9,-6,305
105020.0,10,-10,304
105022.5,10,-8,302
105025.0,10,-5,305
105027.5,11,-8,304
105030.0,7,-8,302
105032.5,10,-6,303
105035.0,11,-11,305
105037.5,10,-10,304
105040.0,9,-6,305
105042.5,10,-8,303
105045.0,9,-9,300
105047.5,9,-9,300
105050.0,10,-6,302
105052.5,10,-6,305
105055.0,12,-8,303
105057.5,10,-7,302
105060.0,10,-4,305
105062.5,10,-6,302
105065.0,7,-10,302
105067.5,9,-7,303
105070.0,11,-8,306
105072.5,11,-8,303
105075.0,9,-7,302
105077.5,11,-6,305
105080.0,8,-7,301
105082.5,9,-7,302
105085.0,7,-8,302
105087.5,10,-8,304
105090.0,9,-8,303
105092.5,9,-9,303
105095.0,8,-7,304
105097.5,8,-7,304
105100.0,11,-9,301
105102.5,11,-9,304
105105.0,10,-9,303
105107.5,6,-7,304
105110.0,10,-7,305
105112.5,12,-7,303
105115.0,10,-9,304
105117.5,10,-6,304
105120.0,12,-7,306
105122.5,9,-7,304
105125.0,10,-7,301
105127.5,9,-9,306
105130.0,11,-9,303
105132.5,11,-8,302
105135.0,8,-7,306
105137.5,9,-9,304
105140.0,10,-8,302
105142.5,11,-9,303
105145.0,11,-9,303
105147.5,11,-9,303
105150.0,9,-8,300
105152.5,11,-6,302
105155.0,9,-5,304
105157.5,11,-4,299
105160.0,9,-7,306
105162.5,10,-6,305
105165.0,11,-8,305
105167.5,10,-6,300
105170.0,13,-9,304
105172.5,9,-8,304
105175.0,11,-8,301
105177.5,10,-8,304
105180.0,11,-9,304
105182.5,12,-8,304
105185.0,11,-10,302
105187.5,11,-9,300
105190.0,11,-7,300
105192.5,10,-8,301
105195.0,11,-7,304
105197.5,11,-7,304
105200.0,10,-8,306
105202.5,11,-10,305
105205.0,9,-11,305
105207.5,9,-8,308
105210.0,7,-5,301
105212.5,9,-5,302
105215.0,8,-7,301
105217.5,10,-8,306
105220.0,10,-8,300
105222.5,11,-7,304
105225.0,11,-9,305
105227.5,12,-7,301
105230.0,11,-11,301
105232.5,10,-8,304
105235.0,10,-9,303
105237.5,8,-10,302
105240.0,10,-8,301
105242.5,9,-8,303
105245.0,9,-7,302
105247.5,9,-7,302
105250.0,7,-8,301
105252.5,10,-7,303
105255.0,12,-5,304
105257.5,10,-7,298
105260.0,7,-3,306
105262.5,10,-6,304
105265.0,10,-8,306
105267.5,8,-7,304
105270.0,12,-7,303
105272.5,11,-9,301
105275.0,10,-8,305
105277.5,11,-4,304
105280.0,9,-6,300
105282.5,10,-7,304
105285.0,9,-6,306
105287.5,11,-8,304
105290.0,11,-8,300
105292.5,9,-10,303
105295.0,9,-8,305
105297.5,9,-8,305
105300.0,10,-8,300
105302.5,9,-8,305
105305.0,12,-6,301
105307.5,11,-9,307
105310.0,9,-8,302
105312.5,8,-6,304
105315.0,9,-7,302
105317.5,11,-5,305
105320.0,10,-9,304
105322.5,9,-6,301
105325.0,10,-10,302
105327.5,9,-8,304
105330.0,11,-7,301
105332.5,11,-7,303
105335.0,12,-9,302
105337.5,10,-8,303
105340.0,10,-8,302
105342.5,9,-8,302
105345.0,9,-8,302
105347.5,11,-6,303
105350.0,12,-9,303
105352.5,10,-6,303
105355.0,12,-6,302
105357.5,8,-4,303
105360.0,9,-6,302
105362.5,10,-6,303
105365.0,7,-5,300
105367.5,9,-8,304
105370.0,9,-6,303
105372.5,11,-9,304
105375.0,10,-9,306
105377.5,10,-8,304
105380.0,10,-9,306
105382.5,8,-9,303
105385.0,11,-9,302
105387.5,8,-9,303
105390.0,9,-9,301
105392.5,9,-8,305
105395.0,9,-8,305
105397.5,10,-10,306
105400.0,8,-7,300
105402.5,7,-7,303
105405.0,11,-8,304
105407.5,9,-7,309
105410.0,11,-8,306
105412.5,13,-8,305
105415.0,9,-8,305
105417.5,10,-6,303
105420.0,10,-6,301
105422.5,9,-6,302
105425.0,10,-11,305
105427.5,9,-8,303
105430.0,8,-7,302
105432.5,8,-4,306
105435.0,9,-8,300
105437.5,9,-6,304
105440.0,9,-10,307
105442.5,11,-7,306
105445.0,11,-7,306
105447.5,9,-9,306
105450.0,13,-9,303
105452.5,10,-7,304
105455.0,11,-5,300
105457.5,10,-7,305
105460.0,11,-6,306
105462.5,11,-7,302
105465.0,11,-7,305
105467.5,11,-6,301
105470.0,8,-5,305
105472.5,9,-8,304
105475.0,11,-7,304
105477.5,9,-9,302
105480.0,12,-9,302
105482.5,7,-6,299
105485.0,10,-7,303
105487.5,11,-7,302
105490.0,7,-6,302
105492.5,9,-9,301
105495.0,9,-9,301
105497.5,8,-10,301
105500.0,8,-6,304
105502.5,10,-8,306
105505.0,10,-7,303
105507.5,9,-6,302
105510.0,10,-4,307
105512.5,12,-9,307
105515.0,13,-10,303
105517.5,12,-10,304
105520.0,12,-9,304
105522.5,10,-5,298
105525.0,10,-7,306
105527.5,10,-8,302
105530.0,11,-9,305
105532.5,9,-9,306
105535.0,11,-10,304
105537.5,10,-9,303
105540.0,10,-7,302
105542.5,11,-8,302
105545.0,11,-8,302
105547.5,12,-7,302
105550.0,11,-7,304
105552.5,9,-8,301
105555.0,9,-10,302
105557.5,10,-7,303
105560.0,13,-9,307
105562.5,11,-7,302
105565.0,9,-7,303
105567.5,12,-10,306
105570.0,8,-10,303
105572.5,10,-8,303
105575.0,12,-8,303
105577.5,9,-6,307
105580.0,10,-9,307
105582.5,9,-8,302
105585.0,12,-8,304
105587.5,8,-7,307
105590.0,9,-9,305
105592.5,11,-9,305
105595.0,11,-9,305
105597.5,11,-6,302
105600.0,11,-8,304
105602.5,11,-9,304
105605.0,10,-6,303
105607.5,10,-7,304
105610.0,9,-6,298
105612.5,8,-5,303
105615.0,10,-7,305
105617.5,10,-9,303
105620.0,8,-7,302
105622.5,11,-8,302
105625.0,8,-6,303
105627.5,12,-9,303
105630.0,10,-8,300
105632.5,11,-10,302
105635.0,11,-9,303
105637.5,9,-10,301
105640.0,11,-7,304
105642.5,8,-8,304
105645.0,8,-8,304
105647.5,9,-9,306
105650.0,9,-10,303
105652.5,10,-12,307
105655.0,10,-8,303
105657.5,10,-7,302
105660.0,10,-8,299
105662.5,10,-5,301
105665.0,10,-6,305
105667.5,11,-7,304
105670.0,9,-6,302
105672.5,11,-9,304
105675.0,9,-8,302
105677.5,9,-8,301
105680.0,10,-8,303
105682.5,9,-8,304
105685.0,12,-8,303
105687.5,7,-6,305
105690.0,9,-9,304
105692.5,10,-8,301
105695.0,10,-8,301
105697.5,11,-9,303
105700.0,10,-6,301
105702.5,13,-7,303
105705.0,13,-9,301
105707.5,9,-8,303
105710.0,10,-4,303
105712.5,12,-8,306
105715.0,11,-9,305
105717.5,9,-10,306
105720.0,11,-8,300
105722.5,10,-8,307
105725.0,8,-6,303
105727.5,10,-9,303
105730.0,8,-8,303
105732.5,10,-8,303
105735.0,11,-7,304
105737.5,10,-7,303
105740.0,10,-8,302
105742.5,11,-4,304
105745.0,11,-4,304
105747.5,8,-8,301
105750.0,10,-9,305
105752.5,12,-6,304
105755.0,10,-6,301
105757.5,12,-8,299
105760.0,10,-5,302
105762.5,11,-6,303
105765.0,11,-8,302
105767.5,10,-7,303
105770.0,10,-7,307
105772.5,11,-8,302
105775.0,11,-8,302
105777.5,10,-8,307
105780.0,8,-8,305
105782.5,10,-8,305
105785.0,9,-9,305
105787.5,9,-9,301
105790.0,10,-11,303
105792.5,10,-11,303
105795.0,9,-9,300
105797.5,9,-9,304
105800.0,8,-8,302
105802.5,9,-6,303
105805.0,10,-8,303
105807.5,12,-9,304
105810.0,12,-8,303
105812.5,9,-5,301
105815.0,12,-6,305
105817.5,10,-9,306
105820.0,9,-9,304
105822.5,10,-9,306
105825.0,10,-7,302
105827.5,8,-8,302
105830.0,10,-9,304
105832.5,10,-10,302
105835.0,8,-8,304
105837.5,10,-7,303
105840.0,10,-6,304
105842.5,10,-6,304
105845.0,11,-10,302
105847.5,10,-8,302
105850.0,7,-6,303
105852.5,10,-7,305
105855.0,8,-6,302
105857.5,9,-9,303
105860.0,12,-10,306
105862.5,9,-7,299
105865.0,11,-7,304
105867.5,10,-7,302
105870.0,8,-7,305
105872.5,9,-8,304
105875.0,9,-7,302
105877.5,11,-8,302
105880.0,10,-10,304
105882.5,9,-8,304
105885.0,10,-9,303
105887.5,9,-9,305
105890.0,9,-8,303
105892.5,9,-8,303
105895.0,7,-6,305
105897.5,10,-12,305
105900.0,12,-7,303
105902.5,10,-5,304
105905.0,10,-6,304
105907.5,11,-6,304
105910.0,9,-7,302
105912.5,9,-9,304
105915.0,12,-9,304
105917.5,10,-7,301
105920.0,11,-8,304
105922.5,9,-7,305
105925.0,10,-8,304
105927.5,8,-5,302
105930.0,12,-8,306
105932.5,9,-6,304
105935.0,11,-6,304
105937.5,11,-11,300
105940.0,9,-9,303
105942.5,9,-9,303
105945.0,8,-5,303
105947.5,9,-7,301
105950.0,9,-7,303
105952.5,8,-6,304
105955.0,9,-8,305
105957.5,10,-9,303
105960.0,11,-9,305
105962.5,11,-9,301
105965.0,12,-7,302
105967.5,8,-5,304
105970.0,9,-5,302
105972.5,11,-7,305
105975.0,10,-7,305
105977.5,8,-6,303
105980.0,10,-6,304
105982.5,10,-9,304
105985.0,9,-8,303
105987.5,11,-10,302
105990.0,8,-8,303
105992.5,8,-8,303
105995.0,10,-9,303
105997.5,12,-8,304
106000.0,10,-7,303
106002.5,9,-7,300
106005.0,7,-9,305
106007.5,10,-7,303
106010.0,9,-8,302
106012.5,8,-8,304
106015.0,11,-9,303
106017.5,12,-8,300
106020.0,10,-10,301
106022.5,10,-8,307
106025.0,9,-8,304
106027.5,11,-8,302
106030.0,9,-7,304
106032.5,10,-7,305
106035.0,10,-10,303
106037.5,10,-8,302
106040.0,9,-9,304
106042.5,9,-9,304
106045.0,10,-10,307
106047.5,9,-8,306
106050.0,12,-7,303
106052.5,10,-9,303
106055.0,7,-4,302
106057.5,10,-7,303
106060.0,9,-6,303
106062.5,10,-7,308
106065.0,10,-7,307
106067.5,13,-7,303
106070.0,11,-7,304
106072.5,10,-6,306
106075.0,11,-9,304
106077.5,10,-7,305
106080.0,11,-10,305
106082.5,10,-7,302
106085.0,10,-10,302
106087.5,10,-8,306
106090.0,10,-7,304
106092.5,10,-7,304
106095.0,10,-7,301
106097.5,9,-7,303
106100.0,10,-7,304
106102.5,9,-8,303
106105.0,12,-7,302
106107.5,11,-5,304
106110.0,10,-6,301
106112.5,10,-8,303
106115.0,13,-7,305
106117.5,10,-8,303
106120.0,8,-7,305
106122.5,9,-8,307
106125.0,11,-9,306
106127.5,10,-8,299
106130.0,8,-7,303
106132.5,11,-10,302
106135.0,9,-6,306
106137.5,9,-11,302
106140.0,9,-8,302
106142.5,9,-8,302
106145.0,10,-7,302
106147.5,9,-5,303
106150.0,10,-7,307
106152.5,9,-5,301
106155.0,10,-7,304
106157.5,11,-7,307
106160.0,11,-8,303
106162.5,12,-6,307
106165.0,12,-8,302
106167.5,11,-7,306
106170.0,9,-8,300
106172.5,10,-7,302
106175.0,11,-9,303
106177.5,9,-9,304
106180.0,8,-8,302
106182.5,10,-7,305
106185.0,9,-8,304
106187.5,11,-8,303
106190.0,10,-8,304
106192.5,10,-8,304
106195.0,8,-8,303
106197.5,10,-8,301
106200.0,9,-8,302
106202.5,9,-8,300
106205.0,9,-8,302
106207.5,12,-6,304
106210.0,8,-6,303
106212.5,11,-7,305
106215.0,10,-7,305
106217.5,11,-10,302
106220.0,12,-7,299
106222.5,12,-8,303
106225.0,11,-6,303
106227.5,8,-6,301
106230.0,8,-8,299
106232.5,10,-8,302
106235.0,10,-7,304
106237.5,11,-7,304
106240.0,9,-9,302
106242.5,9,-9,302
106245.0,9,-9,300
106247.5,9,-11,304
106250.0,11,-7,306
106252.5,10,-7,302
106255.0,13,-9,302
106257.5,12,-7,310
106260.0,9,-4,303
106262.5,9,-4,299
106265.0,12,-6,306
106267.5,9,-5,302
106270.0,9,-9,302
106272.5,9,-7,306
106275.0,11,-9,304
106277.5,10,-7,300
106280.0,9,-9,304
106282.5,11,-7,304
106285.0,10,-10,307
106287.5,11,-8,301
106290.0,11,-8,301
106292.5,10,-9,302
106295.0,13,-6,304
106297.5,10,-9,304
106300.0,13,-8,307
106302.5,8,-7,306
106305.0,9,-7,306
106307.5,10,-8,308
106310.0,11,-5,301
106312.5,11,-5,305
106315.0,8,-6,300
106317.5,9,-8,302
106320.0,9,-8,307
106322.5,11,-8,302
106325.0,10,-8,305
106327.5,11,-10,305
106330.0,10,-9,304
106332.5,10,-8,305
106335.0,8,-8,304
106337.5,8,-8,300
106340.0,8,-8,300
106342.5,9,-7,301
106345.0,11,-8,302
106347.5,12,-7,305
106350.0,12,-6,300
106352.5,10,-5,302
106355.0,9,-6,301
106357.5,9,-5,307
106360.0,10,-9,305
106362.5,9,-7,302
106365.0,8,-6,303
106367.5,10,-8,303
106370.0,11,-8,305
106372.5,10,-8,301
106375.0,10,-9,304
106377.5,10,-7,301
106380.0,11,-10,305
106382.5,12,-7,305
106385.0,12,-9,304
106387.5,9,-8,303
106390.0,9,-8,303
106392.5,9,-9,304
106395.0,12,-7,303
106397.5,10,-7,305
106400.0,14,-9,304
106402.5,10,-4,298
106405.0,11,-6,305
106407.5,12,-7,302
106410.0,11,-8,301
106412.5,10,-7,302
106415.0,10,-7,304
106417.5,9,-7,303
106420.0,11,-9,302
106422.5,10,-8,306
106425.0,10,-6,303
106427.5,9,-7,302
106430.0,11,-7,302
106432.5,9,-8,303
106435.0,13,-10,303
106437.5,8,-10,307
106440.0,8,-10,307
106442.5,11,-8,307
106445.0,8,-6,302
106447.5,8,-9,304
106450.0,9,-9,302
106452.5,12,-9,305
106455.0,11,-8,301
106457.5,10,-6,304
106460.0,8,-7,303
106462.5,10,-8,304
106465.0,9,-9,303
106467.5,9,-7,304
106470.0,11,-7,305
106472.5,12,-9,303
106475.0,12,-7,307
106477.5,10,-9,305
106480.0,10,-8,301
106482.5,10,-9,301
106485.0,10,-8,300
106487.5,10,-9,302
106490.0,10,-9,302
106492.5,9,-6,304
106495.0,9,-7,302
106497.5,10,-7,302
106500.0,7,-7,301
106502.5,12,-10,304
106505.0,10,-6,304
106507.5,9,-8,303
106510.0,12,-8,305
106512.5,9,-7,303
106515.0,10,-5,301
106517.5,9,-7,303
106520.0,9,-7,303
106522.5,9,-7,305
106525.0,10,-10,303
106527.5,10,-7,304
106530.0,12,-9,308
106532.5,9,-8,305
106535.0,10,-8,304
106537.5,7,-8,306
106540.0,7,-8,306
106542.5,7,-9,303
106545.0,12,-10,303
106547.5,8,-5,307
106550.0,8,-6,304
106552.5,6,-9,302
106555.0,11,-8,307
106557.5,12,-9,305
106560.0,12,-9,305
106562.5,11,-7,307
106565.0,9,-6,301
106567.5,10,-7,301
106570.0,11,-9,304
106572.5,8,-8,305
106575.0,11,-8,303
106577.5,11,-9,302
106580.0,12,-8,303
106582.5,11,-9,306
106585.0,11,-9,303
106587.5,11,-7,303
106590.0,11,-7,303
106592.5,11,-8,305
106595.0,11,-9,303
106597.5,12,-8,303
106600.0,11,-5,302
106602.5,9,-5,301
106605.0,10,-4,303
106607.5,10,-8,306
106610.0,11,-8,306
106612.5,9,-5,306
106615.0,10,-7,300
106617.5,13,-6,305
106620.0,9,-9,305
106622.5,10,-8,304
106625.0,8,-7,305
106627.5,10,-7,303
106630.0,9,-6,303
106632.5,10,-7,304
106635.0,8,-7,300
106637.5,9,-8,302
106640.0,9,-8,302
106642.5,7,-9,301
106645.0,8,-9,306
106647.5,10,-9,307
106650.0,10,-6,305
106652.5,11,-6,301
106655.0,8,-4,303
106657.5,8,-8,302
106660.0,9,-6,305
106662.5,11,-6,304
106665.0,9,-10,302
106667.5,13,-9,301
106670.0,11,-4,302
106672.5,11,-7,301
106675.0,11,-4,302
106677.5,9,-7,303
106680.0,11,-9,303
106682.5,9,-8,303
106685.0,11,-12,304
106687.5,9,-7,303
106690.0,9,-7,303
106692.5,11,-9,302
106695.0,10,-9,305
106697.5,11,-5,306
106700.0,11,-8,300
106702.5,11,-7,306
106705.0,9,-6,307
106707.5,13,-7,302
106710.0,13,-6,305
106712.5,10,-5,304
106715.0,9,-10,306
106717.5,9,-9,304
106720.0,8,-9,307
106722.5,9,-8,305
106725.0,10,-8,306
106727.5,10,-8,304
106730.0,11,-8,302
106732.5,9,-7,303
106735.0,8,-8,303
106737.5,8,-8,301
106740.0,8,-8,301
106742.5,9,-6,306
106745.0,10,-8,304
106747.5,11,-6,303
106750.0,7,-6,299
106752.5,10,-9,302
106755.0,13,-8,304
106757.5,11,-7,305
106760.0,9,-7,303
106762.5,11,-6,301
106765.0,9,-8,303
106767.5,8,-7,301
106770.0,9,-9,303
106772.5,11,-9,303
106775.0,12,-8,304
106777.5,11,-9,304
106780.0,12,-10,306
106782.5,11,-8,302
106785.0,9,-9,304
106787.5,9,-9,304
106790.0,9,-7,300
106792.5,9,-8,302
106795.0,9,-7,302
106797.5,13,-6,307
106800.0,10,-7,304
106802.5,8,-4,299
106805.0,10,-4,305
106807.5,10,-9,302
106810.0,12,-8,305
106812.5,10,-6,303
106815.0,9,-5,303
106817.5,10,-9,300
106820.0,7,-8,303
106822.5,11,-12,304
106825.0,10,-8,301
106827.5,9,-9,305
106830.0,11,-8,305
106832.5,10,-6,300
106835.0,9,-7,303
106837.5,9,-7,303
106840.0,8,-6,302
106842.5,9,-8,301
106845.0,10,-8,307
106847.5,11,-6,300
106850.0,10,-5,305
106852.5,8,-7,306
106855.0,9,-9,303
106857.5,10,-8,306
106860.0,11,-8,309
106862.5,9,-9,300
106865.0,10,-7,302
106867.5,9,-8,304
106870.0,9,-7,302
106872.5,10,-9,301
106875.0,10,-10,301
106877.5,12,-9,306
106880.0,8,-7,303
106882.5,7,-5,304
106885.0,8,-8,303
106887.5,8,-8,303
106890.0,9,-8,304
106892.5,10,-7,304
106895.0,12,-8,306
106897.5,10,-7,305
106900.0,8,-6,301
106902.5,10,-8,300
106905.0,12,-9,307
106907.5,8,-10,305
106910.0,9,-8,303
106912.5,12,-7,307
106915.0,11,-10,304
106917.5,10,-9,303
106920.0,10,-8,303
106922.5,8,-9,306
106925.0,10,-9,303
106927.5,9,-9,303
106930.0,8,-8,300
106932.5,11,-10,303
106935.0,10,-7,301
106937.5,10,-7,301
106940.0,11,-9,301
106942.5,10,-8,300
106945.0,10,-5,303
106947.5,13,-8,298
106950.0,10,-8,305
106952.5,10,-8,303
106955.0,10,-6,301
106957.5,11,-7,302
106960.0,12,-6,306
106962.5,12,-8,302
106965.0,9,-7,302
106967.5,12,-10,303
106970.0,9,-8,302
106972.5,10,-8,302
106975.0,8,-9,302
106977.5,8,-8,305
106980.0,11,-8,301
106982.5,10,-7,304
106985.0,9,-7,304
106987.5,9,-7,304
106990.0,10,-8,303
106992.5,9,-7,303
106995.0,9,-8,305
106997.5,11,-9,306
107000.0,11,-6,304
107002.5,12,-5,303
107005.0,11,-8,305
107007.5,9,-7,304
107010.0,8,-5,302
107012.5,8,-8,305
107015.0,10,-8,304
107017.5,10,-7,305
107020.0,11,-8,304
107022.5,10,-9,305
107025.0,10,-8,304
107027.5,12,-8,302
107030.0,11,-10,302
107032.5,9,-9,303
107035.0,10,-8,302
107037.5,10,-8,302
107040.0,9,-11,303
107042.5,9,-9,303
107045.0,10,-6,303
107047.5,11,-6,300
107050.0,8,-9,302
107052.5,11,-9,304
107055.0,9,-9,304
107057.5,10,-7,304
107060.0,12,-8,307
107062.5,10,-7,305
107065.0,8,-4,305
107067.5,10,-6,303
107070.0,9,-6,304
107072.5,12,-8,301
107075.0,9,-8,305
107077.5,9,-4,302
107080.0,11,-8,303
107082.5,11,-10,303
107085.0,10,-11,302
107087.5,10,-11,302
107090.0,10,-10,303
107092.5,11,-6,298
107095.0,9,-8,300
107097.5,10,-7,305
107100.0,11,-8,304
107102.5,9,-5,304
107105.0,10,-7,309
107107.5,10,-10,308
107110.0,10,-4,304
107112.5,12,-9,304
107115.0,11,-9,298
107117.5,10,-8,301
107120.0,10,-8,305
107122.5,10,-9,303
107125.0,9,-8,304
107127.5,8,-9,302
107130.0,11,-9,302
107132.5,10,-8,302
107135.0,13,-9,303
107137.5,13,-9,303
107140.0,9,-8,302
107142.5,7,-10,305
107145.0,8,-5,307
107147.5,10,-6,303
107150.0,11,-11,300
107152.5,11,-7,306
107155.0,10,-4,300
107157.5,11,-4,303
107160.0,13,-9,305
107162.5,9,-6,301
107165.0,11,-8,304
107167.5,11,-8,304
107170.0,11,-7,302
107172.5,9,-7,304
107175.0,12,-9,301
107177.5,9,-9,306
107180.0,10,-6,301
107182.5,10,-7,302
107185.0,9,-7,301
107187.5,9,-7,301
107190.0,9,-9,302
107192.5,10,-7,305
107195.0,9,-5,304
107197.5,8,-5,304
107200.0,9,-7,301
107202.5,9,-7,303
107205.0,10,-8,301
107207.5,10,-7,303
107210.0,9,-5,302
107212.5,9,-6,304
107215.0,9,-7,305
107217.5,8,-8,300
107220.0,11,-8,306
107222.5,10,-7,306
107225.0,9,-10,301
107227.5,9,-9,301
107230.0,11,-8,305
107232.5,11,-9,301
107235.0,11,-9,301
107237.5,11,-6,300
107240.0,10,-8,303
107242.5,10,-10,304
107245.0,8,-9,304
107247.5,12,-9,305
107250.0,13,-8,305
107252.5,11,-8,305
107255.0,12,-8,304
107257.5,9,-4,300
107260.0,8,-5,305
107262.5,7,-6,303
107265.0,10,-9,304
107267.5,11,-9,304
107270.0,11,-7,305
107272.5,13,-10,304
107275.0,10,-9,302
107277.5,8,-9,302
107280.0,9,-8,305
107282.5,9,-9,302
107285.0,9,-9,302
107287.5,9,-8,300
107290.0,8,-5,303
107292.5,11,-10,304
107295.0,12,-11,302
107297.5,11,-6,298
107300.0,9,-5,301
107302.5,12,-7,303
107305.0,11,-11,303
107307.5,9,-6,304
107310.0,11,-6,306
107312.5,9,-8,301
107315.0,11,-8,302
107317.5,9,-9,304
107320.0,10,-9,304
107322.5,10,-9,301
107325.0,8,-7,305
107327.5,10,-9,305
107330.0,11,-8,304
107332.5,10,-8,302
107335.0,10,-8,302
107337.5,8,-7,304
107340.0,11,-10,302
107342.5,8,-7,302
107345.0,10,-7,303
107347.5,10,-5,306
107350.0,9,-5,302
107352.5,6,-2,305
107355.0,9,-10,299
107357.5,12,-6,304
107360.0,11,-7,305
107362.5,10,-6,301
107365.0,12,-8,301
107367.5,11,-10,301
107370.0,10,-9,301
107372.5,7,-7,303
107375.0,9,-9,301
107377.5,9,-7,302
107380.0,11,-8,301
107382.5,11,-9,302
107385.0,11,-9,302
107387.5,11,-8,302
107390.0,8,-6,303
107392.5,9,-8,301
107395.0,9,-7,301
107397.5,9,-5,298
107400.0,10,-9,304
107402.5,10,-7,303
107405.0,11,-7,305
107407.5,10,-7,303
107410.0,9,-8,301
107412.5,11,-9,303
107415.0,9,-7,304
107417.5,11,-9,302
107420.0,11,-7,306
107422.5,10,-6,303
107425.0,9,-8,302
107427.5,8,-9,304
107430.0,9,-8,304
107432.5,9,-10,302
107435.0,9,-10,302
107437.5,10,-6,301
107440.0,10,-7,305
107442.5,11,-7,302
107445.0,8,-9,301
107447.5,9,-10,306
107450.0,9,-8,304
107452.5,9,-6,303
107455.0,10,-10,306
107457.5,12,-11,306
107460.0,11,-5,299
107462.5,11,-8,305
107465.0,8,-8,303
107467.5,9,-8,301
107470.0,10,-10,303
107472.5,8,-8,305
107475.0,10,-8,304
107477.5,9,-7,302
107480.0,9,-7,304
107482.5,9,-8,301
107485.0,9,-8,301
107487.5,11,-8,302
107490.0,9,-9,301
107492.5,10,-8,302
107495.0,11,-5,301
107497.5,10,-8,303
107500.0,13,-6,304
107502.5,8,-5,306
107505.0,9,-8,305
107507.5,9,-7,302
107510.0,10,-8,301
107512.5,10,-8,301
107515.0,13,-8,303
107517.5,10,-8,303
107520.0,9,-7,305
107522.5,10,-8,303
107525.0,12,-8,303
107527.5,10,-8,304
107530.0,11,-8,305
107532.5,7,-7,302
107535.0,7,-7,302
107537.5,9,-8,304
107540.0,9,-8,305
107542.5,10,-8,309
107545.0,9,-10,303
107547.5,10,-7,305
107550.0,11,-5,303
107552.5,10,-6,302
107555.0,8,-8,302
107557.5,10,-7,305
107560.0,11,-9,304
107562.5,10,-8,305
107565.0,12,-9,299
107567.5,10,-9,305
107570.0,11,-9,301
107572.5,8,-6,298
107575.0,10,-8,300
107577.5,10,-9,305
107580.0,11,-12,306
107582.5,9,-11,303
107585.0,9,-11,303
107587.5,9,-9,301
107590.0,12,-7,298
107592.5,10,-9,302
107595.0,10,-6,304
107597.5,11,-8,308
107600.0,11,-7,307
107602.5,10,-6,303
107605.0,11,-7,304
107607.5,10,-7,303
107610.0,9,-8,305
107612.5,8,-7,303
107615.0,10,-9,302
107617.5,11,-8,302
107620.0,10,-8,302
107622.5,9,-9,305
107625.0,9,-8,303
107627.5,11,-10,302
107630.0,8,-5,304
107632.5,11,-8,300
107635.0,11,-8,300
107637.5,10,-8,300
107640.0,11,-10,304
107642.5,10,-6,302
107645.0,14,-7,307
107647.5,10,-10,303
107650.0,8,-4,301
107652.5,11,-7,306
107655.0,12,-9,299
107657.5,10,-9,301
107660.0,8,-6,300
107662.5,11,-7,303
107665.0,10,-8,304
107667.5,11,-9,304
107670.0,9,-7,305
107672.5,10,-7,304
107675.0,10,-7,304
107677.5,9,-6,304
107680.0,9,-7,302
107682.5,10,-9,302
107685.0,10,-9,302
107687.5,10,-7,304
107690.0,11,-9,304
107692.5,9,-4,305
107695.0,11,-6,306
107697.5,11,-4,302
107700.0,9,-8,302
107702.5,11,-9,305
107705.0,10,-7,305
107707.5,9,-7,305
107710.0,11,-7,305
107712.5,10,-6,303
107715.0,8,-7,303
107717.5,10,-8,303
107720.0,10,-6,305
107722.5,9,-8,306
107725.0,9,-10,302
107727.5,10,-7,305
107730.0,10,-9,301
107732.5,10,-9,301
107735.0,10,-9,303
107737.5,9,-9,302
107740.0,11,-9,305
107742.5,11,-9,304
107745.0,10,-8,301
107747.5,10,-6,303
107750.0,12,-9,301
107752.5,11,-8,305
107755.0,13,-9,305
107757.5,8,-9,302
107760.0,11,-7,304
107762.5,10,-6,304
107765.0,9,-5,304
107767.5,11,-8,304
107770.0,8,-8,305
107772.5,8,-7,304
107775.0,10,-7,301
107777.5,11,-8,303
107780.0,10,-8,301
107782.5,10,-8,301
107785.0,9,-8,303
107787.5,9,-7,305
107790.0,10,-7,304
107792.5,13,-7,302
107795.0,11,-7,301
107797.5,9,-5,307
107800.0,9,-5,303
107802.5,11,-6,307
107805.0,11,-7,307
107807.5,11,-6,303
107810.0,10,-4,303
107812.5,8,-6,303
107815.0,9,-5,301
107817.5,10,-6,303
107820.0,9,-8,304
107822.5,10,-7,302
107825.0,10,-8,303
107827.5,7,-5,301
107830.0,9,-6,302
107832.5,9,-6,302
107835.0,10,-8,299
107837.5,9,-7,304
107840.0,12,-10,305
107842.5,10,-5,303
107845.0,8,-4,301
107847.5,11,-7,306
107850.0,10,-6,301
107852.5,10,-9,301
107855.0,10,-7,305
107857.5,9,-7,306
107860.0,9,-10,307
107862.5,10,-7,302
107865.0,11,-8,303
107867.5,8,-8,304
107870.0,10,-7,303
107872.5,8,-7,303
107875.0,10,-8,303
107877.5,12,-10,304
107880.0,12,-9,305
107882.5,12,-9,305
107885.0,10,-10,304
107887.5,8,-5,304
107890.0,9,-8,301
107892.5,12,-10,301
107895.0,10,-8,299
107897.5,10,-7,303
107900.0,11,-5,302
107902.5,11,-7,300
107905.0,11,-6,301
107907.5,9,-8,304
107910.0,10,-10,307
107912.5,9,-7,301
107915.0,9,-6,301
107917.5,10,-8,303
107920.0,10,-7,305
107922.5,10,-9,303
107925.0,9,-7,303
107927.5,9,-10,304
107930.0,10,-11,306
107932.5,10,-11,306
107935.0,10,-8,303
107937.5,9,-6,303
107940.0,9,-7,304
107942.5,11,-5,304
107945.0,11,-10,304
107947.5,9,-7,305
107950.0,11,-7,305
107952.5,12,-9,303
107955.0,12,-6,302
107957.5,10,-6,303
107960.0,10,-8,306
107962.5,8,-7,304
107965.0,9,-8,303
107967.5,10,-7,304
107970.0,11,-9,303
107972.5,8,-7,303
107975.0,11,-9,304
107977.5,8,-9,302
107980.0,8,-8,304
107982.5,8,-8,304
107985.0,10,-8,303
107987.5,8,-8,302
107990.0,11,-10,305
107992.5,12,-8,303
107995.0,10,-4,304
107997.5,12,-10,305
108000.0,12,-8,304
108002.5,8,-6,307
108005.0,9,-8,307
108007.5,9,-7,302
108010.0,11,-9,306
108012.5,10,-8,304
108015.0,10,-7,305
108017.5,9,-7,305
108020.0,10,-9,303
108022.5,9,-7,304
108025.0,9,-9,304
108027.5,9,-8,304
108030.0,10,-11,303
108032.5,10,-11,303
108035.0,8,-7,298
108037.5,8,-6,301
108040.0,10,-9,306
108042.5,11,-9,305
108045.0,10,-8,302
108047.5,13,-7,306
108050.0,12,-4,301
108052.5,9,-8,304
108055.0,10,-6,305
108057.5,8,-9,305
108060.0,14,-9,306
108062.5,9,-7,307
108065.0,11,-10,303
108067.5,10,-8,303
108070.0,11,-9,301
108072.5,12,-8,304
108075.0,10,-9,302
108077.5,9,-9,302
108080.0,9,-8,304
108082.5,9,-8,304
108085.0,10,-10,303
108087.5,10,-5,299
108090.0,10,-7,306
108092.5,12,-10,306
108095.0,8,-9,304
108097.5,9,-6,303
108100.0,10,-8,307
108102.5,12,-10,304
108105.0,11,-8,305
108107.5,10,-7,304
108110.0,9,-8,306
108112.5,9,-9,307
108115.0,11,-10,304
108117.5,10,-8,301
108120.0,10,-10,302
108122.5,10,-8,304
108125.0,10,-9,304
108127.5,8,-6,301
108130.0,9,-8,304
108132.5,9,-8,304
108135.0,9,-9,301
108137.5,11,-7,302
108140.0,10,-9,306
108142.5,11,-8,306
108145.0,11,-6,305
108147.5,10,-6,302
108150.0,11,-9,306
108152.5,11,-7,302
108155.0,11,-7,304
108157.5,9,-6,299
108160.0,10,-9,302
108162.5,7,-7,303
108165.0,11,-8,303
108167.5,10,-9,302
108170.0,9,-10,302
108172.5,9,-8,301
108175.0,10,-7,300
108177.5,9,-8,304
108180.0,9,-7,303
108182.5,9,-7,303
108185.0,10,-10,302
108187.5,10,-6,302
108190.0,9,-6,303
108192.5,8,-7,302
108195.0,6,-4,302
108197.5,10,-6,307
108200.0,11,-10,303
108202.5,9,-8,306
108205.0,10,-6,306
108207.5,9,-7,303
108210.0,12,-9,304
108212.5,9,-7,302
108215.0,9,-9,304
108217.5,10,-9,305
108220.0,9,-9,304
108222.5,10,-10,302
108225.0,9,-7,302
108227.5,7,-6,302
108230.0,10,-9,303
108232.5,10,-9,303
108235.0,10,-9,302
108237.5,10,-8,304
108240.0,12,-7,305
108242.5,10,-7,299
108245.0,9,-7,304
108247.5,9,-8,303
108250.0,10,-9,304
108252.5,9,-8,306
108255.0,10,-7,305
108257.5,10,-7,306
108260.0,12,-11,303
108262.5,10,-7,303
108265.0,11,-7,298
108267.5,10,-8,303
108270.0,10,-6,301
108272.5,10,-8,304
108275.0,9,-7,304
108277.5,12,-10,302
108280.0,12,-10,302
108282.5,8,-7,299
108285.0,10,-11,303
108287.5,9,-10,301
108290.0,11,-8,304
108292.5,12,-6,301
108295.0,10,-8,304
108297.5,9,-7,302
108300.0,7,-8,302
108302.5,11,-7,304
108305.0,10,-8,306
108307.5,11,-8,303
108310.0,10,-8,304
108312.5,11,-9,302
108315.0,9,-7,302
108317.5,11,-8,302
108320.0,9,-6,303
108322.5,9,-8,302
108325.0,9,-8,302
108327.5,12,-9,300
108330.0,12,-9,300
108332.5,10,-9,301
108335.0,7,-5,302
108337.5,10,-7,302
108340.0,11,-9,303
108342.5,10,-7,303
108345.0,9,-8,306
108347.5,9,-8,303
108350.0,10,-6,303
108352.5,11,-7,303
108355.0,8,-6,304
108357.5,8,-6,305
108360.0,10,-8,302
108362.5,12,-10,302
108365.0,10,-8,303
108367.5,10,-6,306
108370.0,9,-6,305
108372.5,10,-9,302
108375.0,11,-11,303
108377.5,9,-9,305
108380.0,9,-9,305
108382.5,10,-9,304
108385.0,7,-9,303
108387.5,9,-8,302
108390.0,12,-7,310
108392.5,10,-9,306
108395.0,11,-9,309
108397.5,10,-7,304
108400.0,11,-7,304
108402.5,8,-8,303
108405.0,10,-5,301
108407.5,7,-6,305
108410.0,10,-6,302
108412.5,9,-8,303
108415.0,11,-9,305
108417.5,11,-11,305
108420.0,10,-8,304
108422.5,8,-6,303
108425.0,11,-14,303
108427.5,8,-10,303
108430.0,8,-10,303
108432.5,8,-8,304
108435.0,9,-6,301
108437.5,11,-8,302
108440.0,10,-7,306
108442.5,10,-9,305
108445.0,12,-6,306
108447.5,10,-4,300
108450.0,9,-8,305
108452.5,10,-6,304
108455.0,9,-8,301
108457.5,8,-7,301
108460.0,10,-7,304
108462.5,10,-9,301
108465.0,8,-7,303
108467.5,10,-8,300
108470.0,9,-9,305
108472.5,9,-9,301
108475.0,9,-8,301
108477.5,10,-8,303
108480.0,10,-8,303
108482.5,10,-9,304
108485.0,9,-7,304
108487.5,10,-5,304
108490.0,12,-7,302
108492.5,7,-4,299
108495.0,10,-6,299
108497.5,11,-11,309
108500.0,8,-9,305
108502.5,8,-6,308
108505.0,9,-6,302
108507.5,10,-4,302
108510.0,9,-7,304
108512.5,11,-8,302
108515.0,11,-9,303
108517.5,10,-7,305
108520.0,9,-8,303
108522.5,9,-6,303
108525.0,7,-6,305
108527.5,10,-7,304
108530.0,10,-7,304
108532.5,10,-10,303
108535.0,9,-8,306
108537.5,11,-8,305
108540.0,11,-9,306
108542.5,8,-10,301
108545.0,10,-5,302
108547.5,11,-6,304
108550.0,9,-8,306
108552.5,8,-7,305
108555.0,10,-10,300
108557.5,10,-7,306
108560.0,9,-9,301
108562.5,10,-8,306
108565.0,10,-7,302
108567.5,9,-8,304
108570.0,10,-9,301
108572.5,11,-9,303
108575.0,11,-8,303
108577.5,10,-9,303
108580.0,10,-9,303
108582.5,8,-7,304
108585.0,9,-7,304
108587.5,7,-5,304
108590.0,6,-6,304
108592.5,11,-6,299
108595.0,12,-7,301
108597.5,9,-4,302
108600.0,9,-8,302
108602.5,10,-10,303
108605.0,10,-7,303
108607.5,9,-4,303
108610.0,8,-6,305
108612.5,9,-8,304
108615.0,10,-7,302
108617.5,11,-6,305
108620.0,11,-9,303
108622.5,12,-10,305
108625.0,10,-9,302
108627.5,9,-10,305
108630.0,9,-10,305
108632.5,10,-6,303
108635.0,10,-9,305
108637.5,11,-8,303
108640.0,9,-9,305
108642.5,10,-5,307
108645.0,13,-9,302
108647.5,8,-5,299
108650.0,12,-8,305
108652.5,11,-6,306
108655.0,9,-8,306
108657.5,9,-6,304
108660.0,12,-8,304
108662.5,10,-9,303
108665.0,10,-5,306
108667.5,10,-9,302
108670.0,9,-6,304
108672.5,10,-11,303
108675.0,10,-10,302
108677.5,8,-7,302
108680.0,8,-7,302
108682.5,8,-8,304
108685.0,11,-7,305
108687.5,10,-7,305
108690.0,11,-5,302
108692.5,8,-6,306
108695.0,12,-7,301
108697.5,12,-7,301
108700.0,10,-7,305
108702.5,12,-9,303
108705.0,9,-8,304
108707.5,8,-8,302
108710.0,10,-7,308
108712.5,9,-9,301
108715.0,9,-8,302
108717.5,10,-8,299
108720.0,9,-7,303
108722.5,9,-7,304
108725.0,8,-6,304
108727.5,9,-8,303
108730.0,9,-8,303
108732.5,12,-8,300
108735.0,8,-8,303
108737.5,9,-6,302
108740.0,9,-7,304
108742.5,10,-6,307
108745.0,11,-8,305
108747.5,9,-6,304
108750.0,10,-8,300
108752.5,12,-9,305
108755.0,11,-6,301
108757.5,10,-6,300
108760.0,9,-10,303
108762.5,8,-5,302
108765.0,9,-5,303
108767.5,9,-7,303
108770.0,10,-9,300
108772.5,8,-9,301
108775.0,8,-7,303
108777.5,9,-7,301
108780.0,9,-7,301
108782.5,9,-8,301
108785.0,8,-6,304
108787.5,11,-8,306
108790.0,8,-9,302
108792.5,11,-7,302
108795.0,13,-6,310
108797.5,9,-6,304
108800.0,11,-7,302
108802.5,10,-7,304
108805.0,9,-7,304
108807.5,12,-8,303
108810.0,12,-7,303
108812.5,10,-9,303
108815.0,10,-5,304
108817.5,11,-6,304
108820.0,10,-7,302
108822.5,11,-8,300
108825.0,9,-8,301
108827.5,9,-8,301
108830.0,9,-9,299
108832.5,9,-6,304
108835.0,7,-6,302
108837.5,10,-6,303
108840.0,14,-11,304
108842.5,9,-7,303
108845.0,11,-8,302
108847.5,13,-8,303
108850.0,10,-8,302
108852.5,7,-6,303
108855.0,8,-8,303
108857.5,8,-8,305
108860.0,8,-8,303
108862.5,11,-10,304
108865.0,8,-9,306
108867.5,11,-11,303
108870.0,11,-8,303
108872.5,9,-5,302
108875.0,9,-7,304
108877.5,9,-7,304
108880.0,9,-7,304
108882.5,9,-7,306
108885.0,10,-8,305
108887.5,11,-9,305
108890.0,8,-5,302
108892.5,10,-6,304
108895.0,10,-9,303
108897.5,7,-5,302
108900.0,11,-6,303
108902.5,11,-9,306
108905.0,11,-7,304
108907.5,10,-10,307
108910.0,9,-5,302
108912.5,10,-8,302
108915.0,11,-7,302
108917.5,10,-7,304
108920.0,10,-10,304
108922.5,10,-8,307
108925.0,9,-8,305
108927.5,9,-8,305
108930.0,11,-8,302
108932.5,10,-10,303
108935.0,12,-7,300
108937.5,11,-8,300
108940.0,10,-8,303
108942.5,10,-9,305
108945.0,11,-9,306
108947.5,9,-8,307
108950.0,10,-7,305
108952.5,10,-7,303
108955.0,10,-6,301
108957.5,10,-8,306
108960.0,9,-8,302
108962.5,10,-8,303
108965.0,9,-8,303
108967.5,8,-8,303
108970.0,10,-11,303
108972.5,11,-8,302
108975.0,10,-8,301
108977.5,10,-8,301
108980.0,12,-8,303
108982.5,9,-6,305
108985.0,9,-7,306
108987.5,10,-7,305
108990.0,11,-6,303
108992.5,14,-6,301
108995.0,9,-7,302
108997.5,8,-9,305
109000.0,10,-9,303
109002.5,10,-7,302
109005.0,13,-7,305
109007.5,10,-5,304
109010.0,11,-8,304
109012.5,10,-7,302
109015.0,9,-6,304
109017.5,10,-9,304
109020.0,9,-9,303
109022.5,11,-7,305
109025.0,11,-7,302
109027.5,11,-7,302
109030.0,11,-8,302
109032.5,10,-9,302
109035.0,11,-9,305
109037.5,9,-7,302
109040.0,11,-6,308
109042.5,11,-7,304
109045.0,12,-8,301
109047.5,9,-7,302
109050.0,11,-7,305
109052.5,9,-9,303
109055.0,12,-7,303
109057.5,9,-8,302
109060.0,11,-8,303
109062.5,9,-9,301
109065.0,9,-8,303
109067.5,10,-9,303
109070.0,11,-10,304
109072.5,10,-10,303
109075.0,11,-7,305
109077.5,11,-7,305
109080.0,9,-6,298
109082.5,9,-8,304
109085.0,10,-7,305
109087.5,10,-4,300
109090.0,9,-8,302
109092.5,11,-6,308
109095.0,10,-5,302
109097.5,9,-8,301
109100.0,10,-6,301
109102.5,10,-6,304
109105.0,9,-8,305
109107.5,10,-6,301
109110.0,9,-8,303
109112.5,7,-5,303
109115.0,12,-9,303
109117.5,12,-10,302
109120.0,10,-7,304
109122.5,12,-9,301
109125.0,9,-9,302
109127.5,9,-9,302
109130.0,12,-10,306
109132.5,9,-8,301
109135.0,9,-9,304
109137.5,9,-8,302
109140.0,9,-7,302
109142.5,10,-5,305
109145.0,10,-10,307
109147.5,7,-5,305
109150.0,11,-8,302
109152.5,10,-6,301
109155.0,9,-7,304
109157.5,11,-8,304
109160.0,9,-8,302
109162.5,11,-11,303
109165.0,9,-8,302
109167.5,9,-9,307
109170.0,11,-8,303
109172.5,9,-9,305
109175.0,9,-7,305
109177.5,9,-7,305
109180.0,10,-10,303
109182.5,9,-7,304
109185.0,9,-6,305
109187.5,10,-8,300
109190.0,10,-6,304
109192.5,9,-6,305
109195.0,9,-8,305
109197.5,8,-6,305
109200.0,11,-8,306
109202.5,12,-9,301
109205.0,9,-7,299
109207.5,10,-9,302
109210.0,9,-7,303
109212.5,10,-9,299
109215.0,8,-7,302
109217.5,11,-9,301
109220.0,10,-10,305
109222.5,11,-10,303
109225.0,10,-7,305
109227.5,10,-7,305
109230.0,8,-6,303
109232.5,9,-8,304
109235.0,8,-7,302
109237.5,10,-9,304
109240.0,12,-7,303
109242.5,12,-10,304
109245.0,8,-6,304
109247.5,8,-8,306
109250.0,9,-8,308
109252.5,10,-8,306
109255.0,9,-6,304
109257.5,10,-7,301
109260.0,8,-7,301
109262.5,9,-7,304
109265.0,8,-10,301
109267.5,9,-8,302
109270.0,9,-9,304
109272.5,8,-5,305
109275.0,10,-9,305
109277.5,10,-9,305
109280.0,8,-6,305
109282.5,11,-5,303
109285.0,11,-5,301
109287.5,10,-7,307
109290.0,9,-4,304
109292.5,11,-9,303
109295.0,9,-8,309
109297.5,12,-7,305
109300.0,12,-9,301
109302.5,10,-7,301
109305.0,13,-9,303
109307.5,9,-7,300
109310.0,9,-6,300
109312.5,11,-10,306
109315.0,11,-9,303
109317.5,10,-7,302
109320.0,9,-6,302
109322.5,10,-6,302
109325.0,10,-6,302
109327.5,10,-8,306
109330.0,11,-6,299
109332.5,10,-8,308
109335.0,13,-5,307
109337.5,11,-8,302
109340.0,11,-9,304
109342.5,12,-7,306
109345.0,11,-9,303
109347.5,11,-8,303
109350.0,8,-4,304
109352.5,10,-9,304
109355.0,10,-8,303
109357.5,7,-7,303
109360.0,12,-9,305
109362.5,8,-6,300
109365.0,10,-9,301
109367.5,11,-10,303
109370.0,10,-7,304
109372.5,8,-9,303
109375.0,8,-9,303
109377.5,10,-9,303
109380.0,10,-7,305
109382.5,11,-9,305
109385.0,10,-6,301
109387.5,10,-7,303
109390.0,9,-8,306
109392.5,9,-7,304
109395.0,11,-9,304
109397.5,10,-7,305
109400.0,10,-9,304
109402.5,8,-7,306
109405.0,10,-7,303
109407.5,10,-8,302
109410.0,11,-10,303
109412.5,9,-9,300
109415.0,9,-6,303
109417.5,8,-9,304
109420.0,11,-10,301
109422.5,12,-6,301
109425.0,12,-6,301
109427.5,11,-9,302
109430.0,9,-7,300
109432.5,10,-9,302
109435.0,10,-8,304
109437.5,8,-8,303
109440.0,8,-8,307
109442.5,10,-6,304
109445.0,9,-8,306
109447.5,10,-6,306
109450.0,11,-7,303
109452.5,9,-5,304
109455.0,11,-7,302
109457.5,10,-9,302
109460.0,8,-8,304
109462.5,10,-7,303
109465.0,10,-8,303
109467.5,9,-7,301
109470.0,10,-9,302
109472.5,10,-6,304
109475.0,10,-6,304
109477.5,11,-5,299
109480.0,10,-7,305
109482.5,11,-7,304
109485.0,8,-8,304
109487.5,9,-5,303
109490.0,11,-6,305
109492.5,11,-8,305
109495.0,10,-6,303
109497.5,9,-8,309
109500.0,11,-9,306
109502.5,10,-11,303
109505.0,12,-8,300
109507.5,10,-9,300
109510.0,9,-6,303
109512.5,11,-9,302
109515.0,10,-7,303
109517.5,9,-8,302
109520.0,9,-7,304
109522.5,9,-9,303
109525.0,9,-9,303
109527.5,13,-7,300
109530.0,10,-8,301
109532.5,9,-5,302
109535.0,9,-4,302
109537.5,9,-7,303
109540.0,10,-5,304
109542.5,8,-7,303
109545.0,11,-11,305
109547.5,9,-9,303
109550.0,8,-7,300
109552.5,11,-8,304
109555.0,9,-9,305
109557.5,9,-9,302
109560.0,12,-9,304
109562.5,9,-8,302
109565.0,8,-6,303
109567.5,9,-7,302
109570.0,11,-10,301
109572.5,11,-8,303
109575.0,11,-8,303
109577.5,10,-9,305
109580.0,9,-10,303
109582.5,8,-6,302
109585.0,11,-8,302
109587.5,11,-8,306
109590.0,11,-7,305
109592.5,11,-4,302
109595.0,10,-4,307
109597.5,11,-6,305
109600.0,9,-7,303
109602.5,9,-6,305
109605.0,10,-8,303
109607.5,9,-8,301
109610.0,11,-9,302
109612.5,9,-7,303
109615.0,8,-8,303
109617.5,9,-9,303
109620.0,10,-9,301
109622.5,12,-10,305
109625.0,12,-10,305
109627.5,10,-8,299
109630.0,9,-9,302
109632.5,10,-6,303
109635.0,11,-7,307
109637.5,8,-10,304
109640.0,9,-7,304
109642.5,11,-9,305
109645.0,10,-9,301
109647.5,11,-4,305
109650.0,9,-6,301
109652.5,8,-8,303
109655.0,10,-7,303
109657.5,9,-8,303
109660.0,10,-9,303
109662.5,10,-7,302
109665.0,10,-10,302
109667.5,10,-8,304
109670.0,11,-8,301
109672.5,11,-6,302
109675.0,11,-6,302
109677.5,10,-7,303
109680.0,9,-7,306
109682.5,9,-5,306
109685.0,10,-6,302
109687.5,12,-9,302
109690.0,12,-5,306
109692.5,7,-6,303
109695.0,10,-4,302
109697.5,10,-5,303
109700.0,9,-8,304
109702.5,10,-8,307
109705.0,7,-8,299
109707.5,10,-9,304
109710.0,10,-9,305
109712.5,11,-7,303
109715.0,9,-7,304
109717.5,9,-9,304
109720.0,9,-8,301
109722.5,9,-8,301
109725.0,9,-8,303
109727.5,9,-9,300
109730.0,7,-8,303
109732.5,9,-7,304
109735.0,10,-9,308
109737.5,11,-9,305
109740.0,9,-8,305
109742.5,11,-8,304
109745.0,9,-6,302
109747.5,10,-7,307
109750.0,8,-8,302
109752.5,11,-9,304
109755.0,9,-8,301
109757.5,10,-8,305
109760.0,10,-8,302
109762.5,9,-9,303
109765.0,11,-10,302
109767.5,11,-9,305
109770.0,10,-9,301
109772.5,10,-9,301
109775.0,8,-8,305
109777.5,8,-6,304
109780.0,9,-4,300
109782.5,9,-8,303
109785.0,8,-8,302
109787.5,11,-10,303
109790.0,7,-5,302
109792.5,12,-6,306
109795.0,10,-8,303
109797.5,11,-6,301
109800.0,8,-7,306
109802.5,9,-9,304
109805.0,13,-10,303
109807.5,8,-7,304
109810.0,11,-6,303
109812.5,12,-8,305
109815.0,12,-8,307
109817.5,8,-9,304
109820.0,7,-9,302
109822.5,7,-9,302
109825.0,8,-8,308
109827.5,11,-11,305
109830.0,9,-7,300
109832.5,14,-10,304
109835.0,11,-7,305
109837.5,10,-6,301
109840.0,12,-7,302
109842.5,9,-8,303
109845.0,12,-8,304
109847.5,9,-9,302
109850.0,9,-8,304
109852.5,10,-8,302
109855.0,10,-7,304
109857.5,8,-5,301
109860.0,11,-10,303
109862.5,10,-10,305
109865.0,9,-8,306
109867.5,13,-9,300
109870.0,10,-8,300
109872.5,10,-8,300
109875.0,11,-8,301
109877.5,11,-9,303
109880.0,9,-7,303
109882.5,9,-7,302
109885.0,11,-7,300
109887.5,10,-7,303
109890.0,10,-7,302
109892.5,10,-6,300
109895.0,9,-5,306
109897.5,9,-9,305
109900.0,10,-9,304
109902.5,9,-8,302
109905.0,8,-6,303
109907.5,10,-8,305
109910.0,10,-8,303
109912.5,9,-10,300
109915.0,11,-8,303
109917.5,10,-6,304
109920.0,10,-10,304
109922.5,10,-10,304
109925.0,10,-6,307
109927.5,12,-7,299
109930.0,10,-7,305
109932.5,11,-7,304
109935.0,13,-10,304
109937.5,9,-7,306
109940.0,12,-7,304
109942.5,10,-7,303
109945.0,9,-7,303
109947.5,10,-9,301
109950.0,11,-9,300
109952.5,11,-9,303
109955.0,9,-11,303
109957.5,12,-7,305
109960.0,9,-8,302
109962.5,11,-9,302
109965.0,10,-8,301
109967.5,10,-9,301
109970.0,10,-10,302
109972.5,10,-10,302
109975.0,9,-10,301
109977.5,8,-6,307
109980.0,9,-8,305
109982.5,11,-9,303
109985.0,8,-4,306
109987.5,9,-7,303
109990.0,9,-6,307
109992.5,10,-9,303
109995.0,12,-9,305
109997.5,13,-10,304
110000.0,9,-7,304
110002.5,9,-8,306
110005.0,7,-7,301
110007.5,9,-3,304
110010.0,8,-7,303
110012.5,10,-9,305
110015.0,11,-9,304
110017.5,10,-9,300
110020.0,10,-7,302
110022.5,10,-7,302
110025.0,9,-8,305
110027.5,10,-9,307
110030.0,7,-5,305
110032.5,11,-7,304
110035.0,11,-8,306
110037.5,13,-11,303
110040.0,10,-7,297
110042.5,7,-6,302
110045.0,11,-7,301
110047.5,10,-7,306
110050.0,10,-6,305
110052.5,10,-9,303
110055.0,10,-9,302
110057.5,10,-9,302
110060.0,11,-8,301
110062.5,10,-5,301
110065.0,8,-6,300
110067.5,7,-8,305
110070.0,10,-11,302
110072.5,10,-11,302
110075.0,12,-6,303
110077.5,12,-7,304
110080.0,9,-4,306
110082.5,11,-4,303
110085.0,9,-7,303
110087.5,11,-10,303
110090.0,11,-10,304
110092.5,8,-4,305
110095.0,11,-8,301
110097.5,9,-7,303
110100.0,11,-10,305
110102.5,10,-7,301
110105.0,11,-7,301
110107.5,8,-5,300
110110.0,10,-10,304
110112.5,8,-9,304
110115.0,8,-7,299
110117.5,10,-9,300
110120.0,9,-7,301
110122.5,9,-7,301
110125.0,9,-10,302
110127.5,10,-10,301
110130.0,8,-7,305
110132.5,12,-10,304
110135.0,10,-8,303
110137.5,10,-3,305
110140.0,10,-7,305
110142.5,9,-4,309
110145.0,12,-7,303
110147.5,10,-8,304
110150.0,10,-8,304
110152.5,8,-10,304
110155.0,9,-9,305
110157.5,11,-9,304
110160.0,8,-7,302
110162.5,9,-6,302
110165.0,11,-9,302
110167.5,9,-8,302
110170.0,9,-8,302
110172.5,11,-11,304
110175.0,11,-8,304
110177.5,12,-7,302
110180.0,12,-7,307
110182.5,9,-9,304
110185.0,9,-6,298
110187.5,10,-4,302
110190.0,10,-9,307
110192.5,10,-9,303
110195.0,11,-8,302
110197.5,10,-6,303
110200.0,11,-7,301
110202.5,9,-8,300
110205.0,9,-6,300
110207.5,10,-9,302
110210.0,9,-9,304
110212.5,11,-8,303
110215.0,9,-7,301
110217.5,10,-7,303
110220.0,10,-7,303
110222.5,9,-8,303
110225.0,9,-8,306
110227.5,11,-6,302
110230.0,13,-7,303
110232.5,11,-4,302
110235.0,8,-6,302
110237.5,10,-6,303
110240.0,8,-7,305
110242.5,9,-8,302
110245.0,12,-9,303
110247.5,9,-7,306
110250.0,9,-8,302
110252.5,9,-9,302
110255.0,8,-7,303
110257.5,8,-10,303
110260.0,10,-9,301
110262.5,9,-8,301
110265.0,10,-7,302
110267.5,11,-7,302
110270.0,11,-7,302
110272.5,10,-7,302
110275.0,10,-10,306
110277.5,9,-10,303
110280.0,9,-4,303
110282.5,9,-7,306
110285.0,11,-11,305
110287.5,11,-7,304
110290.0,10,-6,304
110292.5,9,-7,306
110295.0,10,-8,305
110297.5,10,-8,306
110300.0,12,-7,304
110302.5,10,-8,301
110305.0,9,-7,305
110307.5,11,-9,305
110310.0,11,-8,302
110312.5,8,-8,302
110315.0,9,-8,303
110317.5,8,-10,305
110320.0,8,-10,305
110322.5,11,-7,305
110325.0,11,-10,304
110327.5,10,-6,304
110330.0,10,-8,302
110332.5,11,-9,306
110335.0,10,-5,305
110337.5,11,-8,305
110340.0,9,-7,301
110342.5,10,-9,304
110345.0,8,-6,302
110347.5,10,-6,302
110350.0,12,-10,305
110352.5,9,-9,302
110355.0,10,-8,306
110357.5,9,-9,302
110360.0,8,-8,303
110362.5,11,-8,307
110365.0,8,-8,303
110367.5,8,-10,301
110370.0,8,-10,301
110372.5,8,-7,305
110375.0,8,-8,305
110377.5,10,-8,302
110380.0,10,-8,299
110382.5,8,-7,304
110385.0,9,-7,307
110387.5,10,-8,307
110390.0,10,-8,302
110392.5,9,-8,305
110395.0,9,-8,301
110397.5,9,-7,306
110400.0,10,-5,305
110402.5,9,-6,303
110405.0,8,-8,303
110407.5,11,-7,302
110410.0,10,-8,304
110412.5,10,-6,302
110415.0,9,-8,302
110417.5,9,-7,303
110420.0,9,-7,303
110422.5,10,-8,301
110425.0,10,-8,305
110427.5,9,-9,304
110430.0,11,-8,303
110432.5,11,-7,302
110435.0,12,-8,305
110437.5,10,-7,303
110440.0,10,-6,303
110442.5,10,-4,308
110445.0,9,-7,303
110447.5,11,-8,303
110450.0,11,-6,302
110452.5,11,-8,303
110455.0,11,-10,302
110457.5,9,-8,305
110460.0,11,-10,306
110462.5,10,-8,303
110465.0,11,-9,304
110467.5,11,-10,301
110470.0,11,-10,301
110472.5,9,-8,302
110475.0,12,-7,303
110477.5,13,-9,302
110480.0,13,-7,304
110482.5,10,-7,307
110485.0,14,-8,304
110487.5,11,-7,301
110490.0,11,-8,302
110492.5,10,-6,303
110495.0,9,-8,302
110497.5,10,-6,302
110500.0,10,-7,304
110502.5,9,-9,303
110505.0,9,-6,303
110507.5,7,-7,301
110510.0,8,-9,302
110512.5,9,-9,302
110515.0,9,-8,302
110517.5,10,-9,304
110520.0,10,-9,304
110522.5,10,-10,302
110525.0,8,-8,299
110527.5,10,-7,301
110530.0,11,-6,305
110532.5,12,-9,306
110535.0,9,-7,304
110537.5,10,-6,308
110540.0,10,-9,306
110542.5,9,-7,303
110545.0,8,-6,304
110547.5,9,-6,306
110550.0,11,-7,306
110552.5,10,-8,302
110555.0,10,-7,301
110557.5,9,-8,303
110560.0,10,-9,302
110562.5,10,-6,303
110565.0,8,-8,300
110567.5,9,-8,301
110570.0,9,-8,301
110572.5,11,-12,306
110575.0,11,-8,301
110577.5,12,-7,303
110580.0,10,-8,304
110582.5,12,-6,306
110585.0,11,-6,305
110587.5,9,-10,305
110590.0,12,-9,304
110592.5,11,-8,305
110595.0,11,-8,304
110597.5,9,-8,303
110600.0,9,-9,303
110602.5,7,-8,303
110605.0,14,-10,303
110607.5,9,-10,304
110610.0,9,-9,303
110612.5,10,-10,301
110615.0,10,-8,302
110617.5,8,-6,301
110620.0,8,-6,301
110622.5,8,-5,306
110625.0,11,-9,304
110627.5,9,-7,303
110630.0,11,-8,304
110632.5,8,-6,299
110635.0,12,-7,304
110637.5,9,-6,302
110640.0,9,-8,307
110642.5,11,-7,306
110645.0,11,-8,302
110647.5,9,-7,303
110650.0,12,-6,306
110652.5,10,-9,303
110655.0,10,-7,302
110657.5,9,-10,302
110660.0,9,-8,303
110662.5,10,-8,306
110665.0,11,-9,301
110667.5,13,-10,302
110670.0,13,-10,302
110672.5,10,-10,307
110675.0,9,-8,305
110677.5,9,-5,302
110680.0,13,-7,302
110682.5,11,-9,302
110685.0,7,-6,300
110687.5,9,-8,304
110690.0,12,-10,307
110692.5,10,-7,303
110695.0,9,-9,303
110697.5,10,-8,304
110700.0,10,-6,302
110702.5,10,-8,303
110705.0,8,-7,303
110707.5,10,-6,303
110710.0,10,-8,302
110712.5,9,-6,299
110715.0,9,-8,301
110717.5,9,-8,301
110720.0,9,-9,302
110722.5,10,-9,304
110725.0,10,-9,304
110727.5,11,-9,304
110730.0,10,-9,298
110732.5,12,-7,304
110735.0,9,-7,300
110737.5,8,-8,308
110740.0,8,-9,305
110742.5,11,-9,304
110745.0,11,-9,302
110747.5,9,-7,302
110750.0,8,-4,302
110752.5,11,-7,302
110755.0,9,-7,304
110757.5,10,-8,300
110760.0,11,-7,305
110762.5,12,-9,303
110765.0,10,-10,304
110767.5,10,-10,304
110770.0,10,-7,304
110772.5,9,-7,302
110775.0,8,-7,303
110777.5,11,-7,303
110780.0,10,-5,304
110782.5,10,-7,306
110785.0,8,-5,303
110787.5,10,-8,300
110790.0,12,-8,302
110792.5,11,-8,304
110795.0,9,-8,305
110797.5,12,-9,303
110800.0,10,-8,303
110802.5,10,-7,303
110805.0,10,-6,302
110807.5,9,-7,304
110810.0,9,-7,305
110812.5,10,-8,307
110815.0,10,-8,302
110817.5,10,-8,302
110820.0,11,-11,303
110822.5,9,-11,303
110825.0,9,-9,302
110827.5,9,-6,304
110830.0,10,-6,304
110832.5,11,-8,304
110835.0,10,-6,303
110837.5,10,-8,301
110840.0,10,-7,301
110842.5,10,-9,301
110845.0,9,-6,306
110847.5,9,-9,304
110850.0,9,-8,302
110852.5,10,-8,299
110855.0,10,-7,306
110857.5,9,-8,301
110860.0,10,-8,305
110862.5,11,-10,303
110865.0,10,-9,304
110867.5,10,-9,304
110870.0,10,-8,302
110872.5,10,-10,303
110875.0,9,-8,304
110877.5,10,-8,303
110880.0,10,-6,307
110882.5,13,-7,304
110885.0,9,-7,306
110887.5,12,-9,303
110890.0,10,-5,305
110892.5,8,-5,305
110895.0,10,-7,305
110897.5,9,-7,304
110900.0,8,-5,304
110902.5,10,-7,302
110905.0,9,-6,302
110907.5,11,-10,303
110910.0,10,-8,302
110912.5,12,-8,300
110915.0,10,-8,303
110917.5,10,-8,303
110920.0,10,-7,306
110922.5,11,-7,301
110925.0,10,-5,303
110927.5,9,-5,306
110930.0,11,-7,305
110932.5,11,-9,305
110935.0,11,-5,304
110937.5,11,-9,304
110940.0,10,-8,306
110942.5,10,-7,305
110945.0,11,-8,305
110947.5,10,-8,304
110950.0,9,-9,304
110952.5,10,-8,305
110955.0,9,-8,305
110957.5,9,-6,302
110960.0,11,-8,301
110962.5,8,-8,308
110965.0,11,-8,305
110967.5,11,-8,305
110970.0,11,-9,305
110972.5,10,-7,303
110975.0,10,-5,305
110977.5,11,-9,307
110980.0,8,-8,303
110982.5,12,-6,300
110985.0,10,-8,304
110987.5,8,-8,304
110990.0,9,-7,306
110992.5,9,-10,303
110995.0,10,-6,305
110997.5,10,-9,302
111000.0,9,-7,305
111002.5,8,-5,303
111005.0,10,-6,307
111007.5,8,-8,302
111010.0,9,-9,303
111012.5,9,-7,302
111015.0,9,-8,302
111017.5,9,-8,302
111020.0,11,-9,301
111022.5,11,-8,303
111025.0,13,-10,305
111027.5,10,-9,303
111030.0,12,-6,306
111032.5,10,-6,302
111035.0,7,-6,303
111037.5,10,-9,305
111040.0,10,-5,303
111042.5,10,-8,303
111045.0,10,-7,300
111047.5,11,-8,302
111050.0,12,-7,304
111052.5,10,-8,304
111055.0,10,-9,302
111057.5,8,-8,301
111060.0,9,-5,305
111062.5,12,-8,304
111065.0,10,-10,305
111067.5,10,-10,305
111070.0,10,-9,300
111072.5,10,-6,301
111075.0,10,-9,304
111077.5,9,-5,305
111080.0,11,-7,306
111082.5,11,-9,304
111085.0,12,-9,306
111087.5,12,-8,301
111090.0,12,-9,304
111092.5,9,-7,304
111095.0,10,-9,302
111097.5,9,-8,306
111100.0,10,-7,303
111102.5,8,-11,304
111105.0,11,-9,299
111107.5,9,-8,301
111110.0,9,-6,301
111112.5,10,-8,303
111115.0,8,-8,303
111117.5,8,-8,303
111120.0,10,-8,306
111122.5,10,-8,298
111125.0,12,-9,306
111127.5,10,-6,302
111130.0,13,-6,300
111132.5,10,-6,301
111135.0,7,-7,307
111137.5,9,-6,307
111140.0,9,-6,305
111142.5,10,-10,303
111145.0,10,-10,305
111147.5,12,-9,304
111150.0,9,-8,307
111152.5,8,-6,301
111155.0,9,-9,302
111157.5,10,-8,300
111160.0,9,-10,302
111162.5,10,-6,304
111165.0,9,-8,303
111167.5,9,-8,303
111170.0,9,-7,298
111172.5,10,-7,301
111175.0,13,-7,307
111177.5,11,-6,306
111180.0,8,-5,303
111182.5,10,-7,307
111185.0,12,-7,303
111187.5,11,-8,303
111190.0,9,-6,302
111192.5,8,-7,303
111195.0,9,-9,302
111197.5,11,-8,305
111200.0,12,-9,305
111202.5,9,-8,304
111205.0,8,-7,303
111207.5,8,-9,304
111210.0,10,-6,302
111212.5,10,-6,300
111215.0,10,-6,300
111217.5,10,-8,306
111220.0,10,-7,305
111222.5,10,-8,302
111225.0,11,-7,305
111227.5,10,-6,302
111230.0,9,-9,301
111232.5,10,-9,303
111235.0,11,-9,304
111237.5,11,-10,304
111240.0,10,-9,305
111242.5,10,-9,303
111245.0,10,-10,302
111247.5,8,-5,301
111250.0,9,-7,303
111252.5,11,-10,305
111255.0,9,-9,303
111257.5,10,-8,303
111260.0,12,-7,300
111262.5,12,-8,301
111265.0,12,-8,301
111267.5,9,-8,303
111270.0,6,-7,305
111272.5,8,-6,304
111275.0,10,-7,305
111277.5,12,-12,304
111280.0,8,-6,306
111282.5,10,-8,304
111285.0,8,-6,304
111287.5,11,-8,303
111290.0,8,-8,303
111292.5,8,-8,305
111295.0,8,-8,303
111297.5,10,-8,301
111300.0,11,-9,303
111302.5,11,-9,301
111305.0,12,-10,304
111307.5,11,-8,307
111310.0,9,-10,302
111312.5,9,-11,302
111315.0,9,-11,302
111317.5,9,-9,305
111320.0,10,-11,305
111322.5,11,-9,304
111325.0,12,-8,303
111327.5,11,-7,302
111330.0,9,-6,306
111332.5,10,-6,303
111335.0,6,-5,304
111337.5,9,-7,304
111340.0,9,-8,303
111342.5,11,-5,305
111345.0,10,-8,306
111347.5,9,-7,299
111350.0,9,-8,302
111352.5,10,-8,302
111355.0,8,-5,303
111357.5,8,-8,303
111360.0,11,-10,304
111362.5,12,-8,303
111365.0,12,-8,303
111367.5,12,-9,301
111370.0,8,-7,304
111372.5,8,-7,304
111375.0,10,-8,304
111377.5,13,-9,307
111380.0,11,-10,305
111382.5,11,-6,305
111385.0,10,-8,305
111387.5,8,-3,303
111390.0,10,-10,302
111392.5,8,-9,305
111395.0,10,-7,306
111397.5,7,-6,301
111400.0,9,-7,302
111402.5,9,-6,304
111405.0,11,-8,300
111407.5,10,-9,303
111410.0,9,-8,301
111412.5,11,-10,303
111415.0,11,-10,303
111417.5,9,-7,304
111420.0,11,-8,304
111422.5,11,-6,305
111425.0,7,-6,302
111427.5,10,-9,305
111430.0,11,-8,305
111432.5,12,-9,306
111435.0,8,-8,303
111437.5,11,-7,305
111440.0,9,-9,303
111442.5,8,-8,302
111445.0,8,-7,303
111447.5,8,-8,301
111450.0,9,-9,306
111452.5,10,-9,302
111455.0,10,-7,304
111457.5,9,-10,303
111460.0,10,-10,300
111462.5,9,-8,302
111465.0,9,-8,302
111467.5,10,-10,303
111470.0,9,-10,302
111472.5,12,-9,302
111475.0,11,-7,301
111477.5,7,-8,303
111480.0,11,-7,303
111482.5,11,-9,305
111485.0,9,-8,302
111487.5,8,-5,307
111490.0,11,-7,303
111492.5,12,-8,305
111495.0,10,-8,304
111497.5,10,-7,304
111500.0,11,-9,302
111502.5,9,-8,301
111505.0,10,-8,301
111507.5,8,-7,304
111510.0,10,-11,304
111512.5,8,-8,304
111515.0,8,-8,304
111517.5,11,-9,303
111520.0,8,-6,304
111522.5,9,-9,305
111525.0,8,-8,301
111527.5,13,-6,301
111530.0,11,-6,304
111532.5,9,-6,304
111535.0,9,-8,303
111537.5,10,-8,305
111540.0,10,-9,303
111542.5,11,-9,303
111545.0,11,-8,305
111547.5,8,-7,304
111550.0,9,-5,303
111552.5,9,-10,304
111555.0,10,-9,303
111557.5,9,-7,304
111560.0,10,-10,303
111562.5,9,-5,302
111565.0,9,-5,302
111567.5,11,-5,303
111570.0,13,-7,301
111572.5,9,-9,307
111575.0,10,-7,305
111577.5,11,-9,307
111580.0,11,-7,306
111582.5,11,-7,305
111585.0,9,-4,305
111587.5,12,-8,304
111590.0,10,-9,302
111592.5,11,-6,305
111595.0,11,-8,305
111597.5,11,-7,304
111600.0,11,-6,305
111602.5,11,-8,307
111605.0,10,-10,300
111607.5,11,-7,299
111610.0,9,-9,301
111612.5,9,-9,302
111615.0,9,-9,302
111617.5,10,-9,300
111620.0,10,-7,303
111622.5,11,-9,304
111625.0,10,-7,304
111627.5,10,-6,302
111630.0,12,-7,301
111632.5,8,-7,303
111635.0,10,-7,307
111637.5,11,-6,306
111640.0,10,-10,303
111642.5,9,-6,305
111645.0,13,-8,302
111647.5,10,-7,303
111650.0,10,-7,304
111652.5,10,-10,303
111655.0,11,-8,305
111657.5,8,-9,307
111660.0,10,-8,304
111662.5,9,-6,303
111665.0,9,-6,303
111667.5,11,-8,303
111670.0,10,-7,302
111672.5,11,-8,301
111675.0,10,-7,303
111677.5,10,-7,303
111680.0,7,-7,304
111682.5,8,-7,306
111685.0,12,-8,303
111687.5,11,-8,302
111690.0,8,-6,304
111692.5,10,-7,308
111695.0,9,-9,304
111697.5,9,-9,303
111700.0,11,-8,302
111702.5,9,-8,305
111705.0,8,-8,303
111707.5,11,-6,299
111710.0,10,-6,303
111712.5,10,-6,303
111715.0,9,-7,304
111717.5,11,-7,302
111720.0,8,-8,305
111722.5,12,-6,302
111725.0,9,-5,303
111727.5,10,-7,302
111730.0,10,-6,305
111732.5,11,-4,302
111735.0,9,-7,304
111737.5,11,-7,304
111740.0,10,-7,307
111742.5,10,-8,305
111745.0,9,-7,305
111747.5,12,-11,304
111750.0,9,-7,300
111752.5,9,-8,302
111755.0,10,-7,302
111757.5,10,-8,300
111760.0,9,-7,301
111762.5,9,-7,301
111765.0,10,-8,304
111767.5,9,-10,298
111770.0,9,-7,303
111772.5,11,-7,304
111775.0,8,-11,305
111777.5,9,-8,308
111780.0,10,-6,302
111782.5,9,-6,303
111785.0,11,-7,300
111787.5,8,-6,302
111790.0,10,-8,302
111792.5,10,-9,303
111795.0,9,-9,300
111797.5,10,-8,303
111800.0,11,-8,305
111802.5,9,-7,300
111805.0,10,-7,303
111807.5,8,-7,302
111810.0,8,-7,303
111812.5,8,-7,303
111815.0,10,-8,304
111817.5,9,-9,303
111820.0,9,-8,303
111822.5,11,-7,305
111825.0,12,-9,304
111827.5,10,-6,302
111830.0,12,-6,305
111832.5,11,-8,304
111835.0,9,-6,305
111837.5,11,-8,303
111840.0,11,-7,303
111842.5,10,-8,306
111845.0,10,-8,302
111847.5,9,-9,302
111850.0,10,-10,303
111852.5,11,-7,305
111855.0,11,-8,301
111857.5,10,-9,306
111860.0,11,-10,305
111862.5,11,-10,305
111865.0,11,-5,299
111867.5,11,-9,303
111870.0,10,-9,303
111872.5,9,-8,300
111875.0,10,-8,308
111877.5,12,-7,306
111880.0,12,-6,302
111882.5,14,-8,302
111885.0,11,-5,306
111887.5,10,-6,306
111890.0,10,-9,301
111892.5,9,-7,304
111895.0,10,-10,306
111897.5,8,-8,301
111900.0,8,-7,303
111902.5,10,-6,305
111905.0,11,-8,303
111907.5,10,-8,300
111910.0,9,-9,303
111912.5,9,-9,303
111915.0,8,-11,305
111917.5,10,-10,306
111920.0,10,-8,303
111922.5,11,-4,302
111925.0,9,-4,304
111927.5,9,-7,306
111930.0,9,-8,307
111932.5,11,-10,307
111935.0,10,-9,302
111937.5,9,-10,303
111940.0,12,-7,303
111942.5,11,-8,303
111945.0,9,-8,305
111947.5,9,-6,305
111950.0,9,-8,305
111952.5,9,-11,304
111955.0,9,-7,304
111957.5,11,-10,302
111960.0,11,-6,301
111962.5,11,-6,301
111965.0,9,-10,302
111967.5,8,-5,305
111970.0,9,-7,306
111972.5,9,-7,304
111975.0,12,-10,306
111977.5,11,-6,302
111980.0,11,-7,302
111982.5,10,-5,301
111985.0,11,-7,304
111987.5,10,-7,302
111990.0,6,-6,305
111992.5,10,-8,304
111995.0,9,-8,305
111997.5,10,-9,306
112000.0,10,-7,302
112002.5,9,-8,301
112005.0,11,-7,301
112007.5,8,-7,302
112010.0,8,-8,303
112012.5,8,-8,303
112015.0,8,-7,302
112017.5,12,-7,299
112020.0,12,-7,306
112022.5,12,-7,306
112025.0,10,-8,301
112027.5,13,-8,298
112030.0,8,-9,305
112032.5,10,-7,307
112035.0,10,-7,304
112037.5,11,-9,303
112040.0,11,-9,304
112042.5,9,-7,303
112045.0,10,-8,299
112047.5,9,-7,305
112050.0,9,-10,304
112052.5,9,-8,305
112055.0,9,-8,304
112057.5,9,-8,303
112060.0,10,-7,307
112062.5,10,-7,307
112065.0,9,-7,304
112067.5,9,-8,304
112070.0,10,-6,304
112072.5,11,-8,307
112075.0,10,-10,306
112077.5,11,-8,302
112080.0,11,-6,306
112082.5,10,-4,308
112085.0,9,-7,303
112087.5,10,-7,301
112090.0,9,-6,303
112092.5,12,-9,305
112095.0,10,-7,305
112097.5,10,-7,300
112100.0,9,-7,303
112102.5,12,-8,302
112105.0,11,-10,304
112107.5,8,-9,305
112110.0,8,-9,305
112112.5,8,-7,300
112115.0,9,-9,302
112117.5,10,-7,305
112120.0,10,-10,303
112122.5,9,-8,301
112125.0,11,-6,302
112127.5,9,-4,304
112130.0,11,-11,306
112132.5,10,-7,301
112135.0,11,-8,305
112137.5,9,-9,307
112140.0,10,-8,302
112142.5,11,-8,304
112145.0,11,-6,306
112147.5,10,-8,302
112150.0,8,-7,306
112152.5,11,-8,305
112155.0,12,-8,304
112157.5,13,-6,303
112160.0,13,-6,303
112162.5,10,-8,307
112165.0,9,-6,301
112167.5,10,-7,305
112170.0,11,-6,305
112172.5,11,-9,302
112175.0,10,-8,304
112177.5,10,-7,303
112180.0,9,-10,300
112182.5,9,-6,301
112185.0,10,-6,303
112187.5,10,-8,305
112190.0,9,-7,302
112192.5,10,-7,302
112195.0,11,-8,305
112197.5,8,-8,304
112200.0,12,-9,302
112202.5,10,-8,303
112205.0,10,-10,303
112207.5,10,-7,303
112210.0,10,-7,303
112212.5,9,-8,301
112215.0,11,-8,304
112217.5,12,-9,305
112220.0,10,-7,304
112222.5,12,-9,305
112225.0,13,-9,306
112227.5,10,-7,302
112230.0,9,-5,305
112232.5,11,-6,305
112235.0,12,-8,305
112237.5,9,-11,307
112240.0,10,-9,305
112242.5,12,-9,302
112245.0,10,-8,302
112247.5,12,-7,304
112250.0,8,-7,304
112252.5,11,-7,303
112255.0,10,-8,304
112257.5,9,-10,303
112260.0,9,-10,303
112262.5,11,-7,302
112265.0,11,-9,304
112267.5,11,-7,304
112270.0,10,-7,303
112272.5,8,-9,307
112275.0,10,-7,304
112277.5,7,-4,301
112280.0,10,-8,303
112282.5,11,-8,305
112285.0,10,-9,303
112287.5,12,-6,301
112290.0,10,-7,301
112292.5,9,-6,301
112295.0,11,-9,303
112297.5,11,-8,301
112300.0,6,-6,303
112302.5,9,-11,303
112305.0,11,-10,305
112307.5,8,-9,308
112310.0,8,-9,308
112312.5,9,-6,303
112315.0,10,-8,300
112317.5,9,-7,303
112320.0,11,-7,307
112322.5,11,-8,304
112325.0,12,-8,304
112327.5,9,-6,302
112330.0,10,-5,301
112332.5,7,-4,305
112335.0,8,-7,301
112337.5,10,-8,303
112340.0,11,-8,305
112342.5,10,-8,303
112345.0,9,-7,303
112347.5,10,-6,304
112350.0,9,-9,302
112352.5,9,-8,302
112355.0,11,-10,301
112357.5,10,-9,303
112360.0,10,-9,303
112362.5,9,-9,303
112365.0,10,-7,302
112367.5,9,-7,304
112370.0,10,-7,304
112372.5,8,-9,305
112375.0,7,-9,306
112377.5,10,-9,306
112380.0,9,-7,303
112382.5,10,-9,303
112385.0,13,-9,303
112387.5,12,-7,303
112390.0,8,-7,302
112392.5,7,-6,304
112395.0,9,-10,302
112397.5,11,-8,302
112400.0,12,-8,304
112402.5,9,-7,300
112405.0,9,-8,304
112407.5,8,-6,303
112410.0,8,-6,303
112412.5,12,-9,300
112415.0,11,-8,302
112417.5,9,-7,303
112420.0,10,-10,302
112422.5,10,-5,303
112425.0,12,-9,304
112427.5,9,-8,301
112430.0,9,-9,302
112432.5,12,-7,305
112435.0,13,-9,303
112437.5,8,-7,305
112440.0,10,-8,304
112442.5,9,-8,305
112445.0,10,-8,304
112447.5,9,-9,304
112450.0,9,-9,303
112452.5,7,-9,301
112455.0,10,-9,303
112457.5,10,-6,305
112460.0,10,-6,305
112462.5,9,-10,302
112465.0,12,-9,302
112467.5,12,-7,307
112470.0,12,-8,302
112472.5,10,-3,298
112475.0,9,-6,301
112477.5,9,-6,304
112480.0,11,-8,305
112482.5,8,-9,303
112485.0,9,-8,305
112487.5,9,-8,304
112490.0,10,-8,300
112492.5,10,-6,303
112495.0,10,-9,303
112497.5,9,-10,301
112500.0,10,-4,302
112502.5,11,-9,305
112505.0,11,-9,305
112507.5,8,-8,302
112510.0,8,-8,302
112512.5,7,-8,302
112515.0,7,-8,302
112517.5,13,-7,306
112520.0,10,-5,308
112522.5,8,-5,309
112525.0,9,-8,303
112527.5,12,-5,303
112530.0,13,-6,303
112532.5,11,-5,304
112535.0,9,-7,303
112537.5,11,-10,304
112540.0,10,-7,303
112542.5,10,-8,304
112545.0,10,-9,301
112547.5,9,-9,304
112550.0,10,-8,306
112552.5,9,-8,303
112555.0,8,-9,304
112557.5,8,-9,304
112560.0,9,-7,307
112562.5,11,-9,304
112565.0,9,-8,306
112567.5,12,-9,307
112570.0,10,-7,304
112572.5,10,-8,301
112575.0,8,-5,306
112577.5,11,-9,302
112580.0,13,-10,302
112582.5,9,-9,304
112585.0,12,-9,303
112587.5,12,-8,304
112590.0,8,-6,303
112592.5,8,-8,306
112595.0,11,-9,304
112597.5,9,-10,302
112600.0,11,-8,302
112602.5,11,-9,304
112605.0,11,-9,301
112607.5,11,-9,301
112610.0,11,-9,302
112612.5,10,-8,301
112615.0,9,-7,306
112617.5,11,-5,304
112620.0,11,-9,301
112622.5,10,-6,301
112625.0,10,-6,302
112627.5,8,-4,303
112630.0,11,-7,300
112632.5,11,-8,303
112635.0,10,-8,307
112637.5,10,-8,304
112640.0,10,-6,300
112642.5,10,-6,302
112645.0,12,-7,304
112647.5,10,-6,303
112650.0,9,-8,302
112652.5,10,-9,302
112655.0,10,-9,299
112657.5,10,-9,299
112660.0,10,-8,305
112662.5,7,-9,306
112665.0,10,-8,303
112667.5,9,-5,311
112670.0,10,-9,306
112672.5,10,-10,304
112675.0,11,-7,301
112677.5,9,-6,302
112680.0,9,-7,302
112682.5,10,-7,301
112685.0,9,-6,302
112687.5,9,-9,304
112690.0,10,-9,303
112692.5,9,-9,303
112695.0,10,-7,306
112697.5,10,-7,303
112700.0,9,-7,301
112702.5,9,-6,301
112705.0,9,-8,303
112707.5,9,-8,303
112710.0,9,-6,307
112712.5,11,-8,303
112715.0,12,-8,304
112717.5,6,-8,303
112720.0,8,-6,306
112722.5,10,-7,309
112725.0,11,-8,301
112727.5,12,-7,303
112730.0,11,-9,304
112732.5,10,-6,304
112735.0,9,-6,300
112737.5,9,-5,304
112740.0,8,-8,302
112742.5,10,-9,303
112745.0,10,-7,300
112747.5,10,-8,299
112750.0,9,-8,301
112752.5,10,-8,305
112755.0,11,-11,305
112757.5,11,-11,305
112760.0,11,-8,306
112762.5,10,-7,304
112765.0,12,-8,303
112767.5,12,-6,305
112770.0,10,-7,302
112772.5,12,-5,302
112775.0,9,-8,300
112777.5,9,-8,302
112780.0,9,-9,306
112782.5,11,-8,305
112785.0,11,-7,302
112787.5,11,-6,303
112790.0,10,-9,304
112792.5,9,-5,303
112795.0,9,-9,304
112797.5,11,-8,300
112800.0,11,-8,302
112802.5,9,-8,302
112805.0,11,-9,303
112807.5,11,-9,303
112810.0,12,-8,303
112812.5,8,-6,302
112815.0,10,-9,302
112817.5,9,-5,309
112820.0,10,-10,305
112822.5,12,-6,303
112825.0,9,-7,303
112827.5,11,-8,303
112830.0,11,-7,304
112832.5,9,-8,304
112835.0,7,-8,302
112837.5,11,-7,304
112840.0,11,-9,300
112842.5,10,-7,303
112845.0,10,-7,303
112847.5,10,-8,303
112850.0,10,-10,303
112852.5,10,-8,304
112855.0,11,-7,302
112857.5,11,-7,302
112860.0,12,-4,302
112862.5,10,-6,303
112865.0,10,-7,308
112867.5,11,-8,303
112870.0,9,-7,305
112872.5,11,-7,302
112875.0,10,-7,304
112877.5,10,-7,307
112880.0,9,-10,303
112882.5,8,-8,302
112885.0,11,-9,310
112887.5,9,-9,304
112890.0,11,-8,299
112892.5,9,-9,303
112895.0,9,-9,304
112897.5,9,-8,305
112900.0,9,-7,304
112902.5,10,-10,304
112905.0,10,-8,308
112907.5,10,-8,308
112910.0,8,-6,302
112912.5,9,-7,303
112915.0,10,-7,305
112917.5,13,-8,303
112920.0,11,-7,306
112922.5,13,-6,303
112925.0,12,-6,301
112927.5,12,-8,301
112930.0,11,-9,302
112932.5,10,-10,302
112935.0,9,-8,304
112937.5,11,-9,306
112940.0,10,-8,302
112942.5,10,-9,304
112945.0,8,-7,301
112947.5,9,-8,301
112950.0,7,-5,303
112952.5,9,-6,301
112955.0,10,-11,304
112957.5,10,-11,304
112960.0,10,-12,300
112962.5,11,-7,299
112965.0,12,-8,304
112967.5,10,-7,302
112970.0,9,-6,303
112972.5,9,-4,303
112975.0,8,-6,309
112977.5,11,-8,308
112980.0,11,-8,305
112982.5,10,-9,304
112985.0,10,-8,306
112987.5,11,-7,305
112990.0,9,-7,305
112992.5,9,-10,303
112995.0,11,-8,303
112997.5,9,-8,305
113000.0,9,-9,303
113002.5,10,-8,303
113005.0,10,-9,303
113007.5,10,-9,303
113010.0,10,-8,301
113012.5,9,-9,303
113015.0,9,-7,305
113017.5,12,-9,302
113020.0,12,-6,306
113022.5,13,-10,307
113025.0,11,-4,304
113027.5,13,-6,304
113030.0,8,-6,303
113032.5,8,-9,302
113035.0,10,-8,306
113037.5,10,-10,306
113040.0,12,-9,303
113042.5,10,-7,301
113045.0,10,-9,302
113047.5,10,-10,303
113050.0,9,-9,297
113052.5,9,-7,304
113055.0,9,-7,304
113057.5,8,-4,304
113060.0,10,-7,302
113062.5,12,-10,302
113065.0,10,-5,303
113067.5,8,-6,301
113070.0,8,-3,304
113072.5,10,-5,302
113075.0,10,-8,304
113077.5,10,-7,308
113080.0,12,-6,305
113082.5,9,-8,306
113085.0,14,-8,302
113087.5,10,-7,300
113090.0,10,-7,306
113092.5,8,-6,303
113095.0,9,-9,305
113097.5,9,-10,303
113100.0,9,-9,305
113102.5,10,-5,300
113105.0,10,-5,300
113107.5,9,-8,302
113110.0,7,-8,301
113112.5,10,-8,300
113115.0,9,-7,304
113117.5,10,-8,304
113120.0,9,-9,306
113122.5,11,-7,304
113125.0,10,-7,301
113127.5,9,-5,304
113130.0,10,-8,301
113132.5,9,-7,305
113135.0,10,-6,306
113137.5,9,-9,303
113140.0,9,-6,305
113142.5,10,-7,303
113145.0,11,-8,304
113147.5,9,-10,303
113150.0,9,-9,303
113152.5,9,-10,306
113155.0,9,-10,306
113157.5,8,-7,302
113160.0,11,-8,302
113162.5,9,-4,302
113165.0,8,-7,303
113167.5,7,-8,303
113170.0,10,-4,303
113172.5,9,-8,301
113175.0,10,-7,304
113177.5,11,-9,303
113180.0,9,-7,304
113182.5,10,-6,303
113185.0,11,-7,308
113187.5,7,-9,303
113190.0,10,-10,305
113192.5,12,-8,303
113195.0,10,-7,303
113197.5,7,-7,303
113200.0,8,-9,303
113202.5,10,-9,306
113205.0,10,-9,306
113207.5,10,-8,304
113210.0,10,-6,306
113212.5,9,-8,305
113215.0,12,-7,306
113217.5,6,-6,303
113220.0,9,-7,302
113222.5,10,-9,308
113225.0,10,-8,302
113227.5,10,-4,304
113230.0,9,-7,301
113232.5,9,-9,302
113235.0,8,-6,301
113237.5,10,-9,302
113240.0,10,-6,304
113242.5,9,-8,303
113245.0,9,-4,304
113247.5,11,-8,302
113250.0,8,-8,301
113252.5,8,-5,298
113255.0,8,-5,298
113257.5,10,-5,305
113260.0,9,-8,300
113262.5,11,-8,305
113265.0,11,-8,304
113267.5,8,-8,303
113270.0,9,-5,302
113272.5,9,-4,306
113275.0,10,-8,307
113277.5,10,-8,302
113280.0,11,-7,300
113282.5,12,-7,303
113285.0,10,-6,302
113287.5,7,-8,303
113290.0,12,-8,304
113292.5,10,-8,304
113295.0,9,-6,303
113297.5,9,-5,300
113300.0,9,-8,303
113302.5,9,-7,303
113305.0,9,-7,303
113307.5,9,-10,300
113310.0,9,-10,304
113312.5,10,-8,306
113315.0,10,-4,303
113317.5,11,-6,304
113320.0,12,-5,303
113322.5,9,-4,300
113325.0,8,-7,305
113327.5,11,-5,303
113330.0,10,-8,305
113332.5,12,-7,304
113335.0,10,-8,299
113337.5,9,-8,302
113340.0,11,-9,302
113342.5,11,-8,301
113345.0,9,-7,305
113347.5,8,-8,302
113350.0,10,-7,304
113352.5,9,-9,305
113355.0,9,-9,305
113357.5,8,-8,305
113360.0,11,-8,301
113362.5,10,-9,301
113365.0,11,-6,307
113367.5,9,-9,304
113370.0,9,-9,305
113372.5,9,-6,308
113375.0,9,-8,308
113377.5,10,-5,305
113380.0,11,-8,301
113382.5,10,-6,301
113385.0,8,-6,303
113387.5,9,-7,304
113390.0,10,-9,302
113392.5,11,-9,305
113395.0,9,-6,305
113397.5,11,-10,305
113400.0,7,-6,303
113402.5,12,-10,305
113405.0,12,-10,305
113407.5,10,-10,300
113410.0,9,-9,299
113412.5,12,-5,301
113415.0,11,-8,303
113417.5,9,-8,301
113420.0,8,-7,303
113422.5,13,-11,305
113425.0,12,-9,305
113427.5,10,-5,304
113430.0,11,-7,301
113432.5,11,-9,303
113435.0,11,-5,305
113437.5,9,-8,303
113440.0,8,-6,305
113442.5,10,-9,301
113445.0,9,-9,303
113447.5,11,-9,304
113450.0,9,-8,302
113452.5,12,-8,306
113455.0,12,-8,306
113457.5,10,-8,305
113460.0,10,-9,303
113462.5,12,-5,299
113465.0,10,-5,307
113467.5,9,-7,303
113470.0,9,-10,304
113472.5,12,-8,305
113475.0,12,-8,306
113477.5,10,-8,300
113480.0,12,-11,304
113482.5,9,-8,304
113485.0,8,-8,300
113487.5,10,-10,302
113490.0,12,-10,306
113492.5,10,-10,302
113495.0,10,-6,305
113497.5,10,-9,302
113500.0,11,-8,299
113502.5,11,-8,299
113505.0,10,-9,304
113507.5,9,-8,300
113510.0,9,-6,304
113512.5,10,-7,305
113515.0,10,-8,302
113517.5,11,-5,303
113520.0,11,-6,306
113522.5,7,-3,305
113525.0,12,-7,305
113527.5,9,-7,304
113530.0,10,-8,305
113532.5,10,-7,302
113535.0,10,-8,306
113537.5,9,-8,303
113540.0,9,-7,298
113542.5,8,-6,302
113545.0,10,-8,304
113547.5,8,-10,305
113550.0,9,-9,306
113552.5,9,-9,306
113555.0,8,-9,304
113557.5,9,-8,303
113560.0,9,-8,305
113562.5,9,-7,303
113565.0,10,-5,302
113567.5,11,-7,307
113570.0,10,-6,302
113572.5,8,-8,305
113575.0,11,-6,304
113577.5,11,-9,305
113580.0,9,-8,306
113582.5,10,-7,305
113585.0,8,-8,302
113587.5,9,-7,301
113590.0,10,-8,302
113592.5,9,-7,303
113595.0,11,-9,305
113597.5,11,-11,302
113600.0,10,-10,302
113602.5,10,-10,302
113605.0,11,-8,302
113607.5,9,-7,301
113610.0,8,-8,304
113612.5,8,-7,302
113615.0,12,-8,302
113617.5,14,-10,307
113620.0,12,-7,306
113622.5,12,-6,304
113625.0,11,-6,302
113627.5,9,-6,304
113630.0,9,-7,307
113632.5,9,-7,307
113635.0,11,-9,305
113637.5,10,-10,302
113640.0,12,-10,302
113642.5,11,-9,302
113645.0,11,-8,306
113647.5,7,-7,303
113650.0,7,-8,304
113652.5,7,-8,304
113655.0,10,-8,304
113657.5,11,-10,301
113660.0,11,-8,303
113662.5,9,-8,303
113665.0,8,-6,298
113667.5,10,-6,301
113670.0,8,-5,307
113672.5,9,-8,303
113675.0,9,-9,304
113677.5,10,-8,306
113680.0,10,-8,304
113682.5,11,-8,301
113685.0,11,-9,302
113687.5,10,-8,301
113690.0,11,-8,304
113692.5,8,-8,303
113695.0,11,-9,305
113697.5,12,-9,303
113700.0,11,-11,305
113702.5,11,-11,305
113705.0,11,-9,303
113707.5,11,-5,303
113710.0,11,-7,308
113712.5,10,-7,302
113715.0,11,-6,307
113717.5,13,-8,307
113720.0,12,-8,304
113722.5,11,-9,306
113725.0,11,-9,304
113727.5,8,-9,300
113730.0,11,-6,300
113732.5,11,-10,304
113735.0,10,-9,301
113737.5,11,-10,304
113740.0,11,-9,305
113742.5,9,-9,304
113745.0,8,-8,305
113747.5,9,-9,303
113750.0,7,-8,303
113752.5,7,-8,303
113755.0,11,-9,302
113757.5,9,-8,303
113760.0,9,-9,307
113762.5,10,-9,304
113765.0,8,-3,302
113767.5,9,-5,305
113770.0,10,-9,301
113772.5,10,-10,306
113775.0,10,-10,307
113777.5,11,-8,302
113780.0,10,-7,305
113782.5,11,-8,303
113785.0,10,-8,303
113787.5,9,-6,301
113790.0,9,-9,304
113792.5,9,-6,302
113795.0,10,-6,305
113797.5,9,-8,304
113800.0,8,-9,302
113802.5,8,-9,302
113805.0,10,-10,299
113807.5,10,-6,303
113810.0,10,-7,305
113812.5,11,-9,300
113815.0,8,-4,303
113817.5,10,-7,305
113820.0,11,-7,303
113822.5,10,-7,304
113825.0,13,-8,305
113827.5,10,-8,303
113830.0,10,-8,305
113832.5,9,-8,304
113835.0,9,-8,301
113837.5,11,-7,301
113840.0,11,-9,302
113842.5,9,-8,303
113845.0,9,-8,304
113847.5,9,-7,305
113850.0,9,-7,305
113852.5,10,-9,303
113855.0,10,-10,300
113857.5,11,-9,303
113860.0,11,-7,303
113862.5,11,-8,300
113865.0,10,-7,301
113867.5,12,-6,305
113870.0,7,-7,304
113872.5,8,-8,306
113875.0,12,-9,301
113877.5,9,-6,301
113880.0,10,-8,304
113882.5,11,-7,304
113885.0,9,-7,303
113887.5,10,-7,304
113890.0,7,-8,304
113892.5,10,-8,303
113895.0,11,-8,303
113897.5,9,-9,302
113900.0,9,-9,302
113902.5,11,-11,306
113905.0,9,-8,306
113907.5,8,-7,302
113910.0,12,-8,302
113912.5,11,-8,304
113915.0,10,-7,302
113917.5,8,-6,301
113920.0,9,-6,302
113922.5,12,-10,303
113925.0,11,-8,303
113927.5,11,-8,306
113930.0,10,-8,301
113932.5,8,-8,301
113935.0,9,-6,303
113937.5,8,-6,302
113940.0,10,-8,305
113942.5,12,-9,304
113945.0,10,-11,305
113947.5,10,-9,305
113950.0,10,-9,305
113952.5,8,-5,305
113955.0,7,-7,303
113957.5,10,-9,304
113960.0,11,-7,303
113962.5,6,-5,305
113965.0,9,-7,304
113967.5,12,-9,303
113970.0,9,-10,304
113972.5,10,-9,300
113975.0,11,-9,305
113977.5,11,-9,305
113980.0,9,-7,303
113982.5,9,-9,303
113985.0,10,-8,304
113987.5,8,-7,303
113990.0,9,-7,304
113992.5,9,-10,303
113995.0,8,-11,305
113997.5,8,-8,305
114000.0,8,-8,305
114002.5,9,-7,305
114005.0,9,-8,303
114007.5,10,-8,301
114010.0,9,-5,301
114012.5,9,-6,302
114015.0,11,-7,300
114017.5,9,-8,303
114020.0,9,-8,303
114022.5,10,-9,304
114025.0,10,-9,303
114027.5,10,-6,305
114030.0,11,-7,303
114032.5,9,-7,306
114035.0,11,-10,300
114037.5,8,-9,301
114040.0,8,-6,305
114042.5,10,-9,302
114045.0,10,-9,302
114047.5,8,-7,304
114050.0,8,-7,304
114052.5,10,-9,302
114055.0,9,-8,302
114057.5,10,-9,305
114060.0,13,-8,302
114062.5,10,-8,306
114065.0,11,-7,306
114067.5,12,-7,302
114070.0,8,-7,305
114072.5,10,-8,301
114075.0,9,-8,302
114077.5,9,-8,304
114080.0,8,-9,301
114082.5,8,-7,303
114085.0,10,-9,301
114087.5,9,-9,302
114090.0,11,-8,303
114092.5,8,-8,303
114095.0,10,-8,303
114097.5,10,-9,304
114100.0,10,-9,304
114102.5,8,-8,307
114105.0,10,-8,303
114107.5,10,-6,308
114110.0,13,-7,304
114112.5,9,-7,304
114115.0,11,-8,305
114117.5,11,-7,301
114120.0,10,-7,305
114122.5,11,-7,305
114125.0,11,-9,303
114127.5,10,-8,303
114130.0,9,-9,305
114132.5,10,-9,303
114135.0,8,-6,302
114137.5,10,-10,303
114140.0,12,-9,300
114142.5,11,-7,300
114145.0,8,-7,303
114147.5,10,-6,300
114150.0,10,-6,300
114152.5,11,-9,306
114155.0,10,-11,304
114157.5,8,-6,305
114160.0,10,-9,305
114162.5,11,-9,301
114165.0,13,-7,306
114167.5,10,-6,303
114170.0,11,-3,304
114172.5,10,-8,304
114175.0,8,-7,304
114177.5,10,-6,302
114180.0,8,-9,303
114182.5,9,-6,304
114185.0,10,-8,301
114187.5,8,-8,302
114190.0,10,-8,306
114192.5,9,-7,300
114195.0,10,-8,301
114197.5,10,-8,301
114200.0,9,-5,302
114202.5,9,-6,301
114205.0,8,-8,305
114207.5,12,-11,306
114210.0,11,-8,305
114212.5,11,-9,304
114215.0,9,-5,303
114217.5,11,-8,301
114220.0,10,-5,301
114222.5,9,-5,304
114225.0,9,-7,306
114227.5,10,-8,301
114230.0,8,-6,302
114232.5,11,-8,305
114235.0,9,-9,299
114237.5,9,-8,303
114240.0,9,-6,303
114242.5,9,-8,303
114245.0,10,-7,302
114247.5,10,-7,302
114250.0,11,-10,299
114252.5,10,-7,303
114255.0,11,-8,302
114257.5,12,-10,302
114260.0,10,-8,305
114262.5,10,-6,304
114265.0,9,-8,303
114267.5,6,-5,302
114270.0,11,-7,303
114272.5,9,-9,303
114275.0,9,-7,304
114277.5,12,-9,305
114280.0,9,-8,304
114282.5,11,-9,303
114285.0,10,-6,302
114287.5,10,-7,304
114290.0,8,-7,304
114292.5,11,-8,304
114295.0,9,-8,304
114297.5,9,-8,304
114300.0,11,-8,306
114302.5,8,-8,301
114305.0,9,-8,304
114307.5,8,-8,305
114310.0,11,-8,301
114312.5,11,-6,300
114315.0,10,-7,304
114317.5,11,-8,304
114320.0,10,-7,301
114322.5,9,-6,304
114325.0,9,-7,305
114327.5,9,-8,306
114330.0,10,-9,302
114332.5,10,-10,306
114335.0,10,-8,300
114337.5,8,-5,305
114340.0,9,-7,304
114342.5,9,-5,301
114345.0,9,-8,301
114347.5,9,-8,301
114350.0,11,-8,298
114352.5,10,-8,304
114355.0,9,-10,300
114357.5,11,-8,301
114360.0,10,-4,303
114362.5,14,-9,303
114365.0,10,-5,303
114367.5,12,-8,303
114370.0,11,-7,300
114372.5,9,-7,304
114375.0,10,-9,304
114377.5,10,-9,302
114380.0,10,-8,304
114382.5,10,-9,305
114385.0,11,-9,302
114387.5,11,-8,303
114390.0,10,-8,303
114392.5,10,-9,308
114395.0,11,-10,302
114397.5,11,-10,302
114400.0,9,-7,303
114402.5,9,-10,303
114405.0,10,-6,305
114407.5,8,-8,305
114410.0,12,-8,304
114412.5,13,-8,299
114415.0,11,-8,296
114417.5,10,-8,301
114420.0,10,-8,302
114422.5,10,-4,301
114425.0,8,-8,305
114427.5,10,-9,304
114430.0,7,-7,302
114432.5,9,-8,303
114435.0,10,-8,302
114437.5,11,-9,304
114440.0,9,-8,300
114442.5,9,-6,303
114445.0,9,-7,303
114447.5,9,-7,303
114450.0,12,-10,304
114452.5,12,-9,301
114455.0,11,-5,302
114457.5,10,-8,305
114460.0,11,-6,300
114462.5,13,-9,304
114465.0,9,-6,305
114467.5,10,-7,303
114470.0,8,-5,304
114472.5,9,-8,302
114475.0,11,-8,306
114477.5,11,-11,302
114480.0,11,-9,301
114482.5,12,-8,302
114485.0,9,-7,305
114487.5,10,-9,303
114490.0,9,-7,302
114492.5,8,-9,303
114495.0,9,-8,303
114497.5,9,-8,303
114500.0,10,-8,304
114502.5,10,-7,304
114505.0,10,-5,305
114507.5,10,-5,304
114510.0,11,-4,303
114512.5,8,-8,306
114515.0,8,-9,305
114517.5,10,-7,304
114520.0,10,-6,304
114522.5,10,-5,306
114525.0,11,-7,307
114527.5,9,-8,299
114530.0,10,-6,302
114532.5,12,-9,304
114535.0,7,-5,304
114537.5,9,-9,306
114540.0,9,-9,304
114542.5,10,-10,303
114545.0,10,-10,303
114547.5,8,-8,304
114550.0,10,-7,303
114552.5,10,-7,303
114555.0,8,-3,305
114557.5,10,-7,302
114560.0,10,-8,304
114562.5,11,-7,303
114565.0,8,-6,301
114567.5,11,-5,306
114570.0,12,-10,305
114572.5,10,-7,305
114575.0,10,-7,302
114577.5,9,-8,302
114580.0,10,-8,302
114582.5,9,-9,303
114585.0,11,-10,304
114587.5,11,-9,302
114590.0,11,-9,305
114592.5,11,-8,301
114595.0,11,-8,301
114597.5,9,-8,305
114600.0,8,-11,301
114602.5,8,-5,305
114605.0,12,-7,308
114607.5,9,-8,306
114610.0,9,-8,307
114612.5,8,-8,304
114615.0,10,-9,305
114617.5,10,-7,303
114620.0,9,-7,302
114622.5,11,-8,304
114625.0,10,-5,305
114627.5,11,-9,303
114630.0,11,-10,304
114632.5,10,-8,303
114635.0,10,-9,303
114637.5,11,-6,299
114640.0,9,-8,303
114642.5,11,-8,304
114645.0,11,-8,304
114647.5,12,-6,303
114650.0,10,-8,301
114652.5,13,-10,303
114655.0,12,-7,302
114657.5,12,-7,301
114660.0,13,-7,304
114662.5,9,-6,302
114665.0,6,-7,303
114667.5,10,-5,302
114670.0,12,-11,304
114672.5,10,-8,304
114675.0,10,-7,300
114677.5,10,-8,303
114680.0,7,-6,302
114682.5,9,-6,304
114685.0,9,-10,300
114687.5,10,-8,302
114690.0,10,-7,304
114692.5,8,-7,303
114695.0,8,-7,303
114697.5,11,-9,305
114700.0,9,-8,304
114702.5,11,-8,306
114705.0,10,-8,306
114707.5,10,-6,305
114710.0,10,-7,300
114712.5,11,-5,303
114715.0,9,-10,306
114717.5,9,-6,302
114720.0,10,-9,302
114722.5,14,-8,303
114725.0,12,-10,304
114727.5,8,-7,302
114730.0,10,-8,305
114732.5,9,-8,302
114735.0,8,-7,302
114737.5,10,-8,304
114740.0,12,-11,302
114742.5,12,-10,304
114745.0,12,-10,304
114747.5,9,-7,300
114750.0,10,-8,302
114752.5,9,-7,302
114755.0,9,-6,305
114757.5,12,-4,309
114760.0,12,-6,306
114762.5,11,-5,305
114765.0,10,-6,304
114767.5,12,-8,303
114770.0,11,-6,303
114772.5,11,-8,304
114775.0,11,-9,305
114777.5,10,-8,305
114780.0,11,-10,303
114782.5,10,-8,300
114785.0,9,-6,303
114787.5,8,-8,303
114790.0,9,-7,303
114792.5,9,-7,304
114795.0,9,-7,304
114797.5,10,-9,302
114800.0,12,-9,298
114802.5,11,-6,303
114805.0,11,-9,303
114807.5,10,-6,302
114810.0,9,-7,306
114812.5,10,-8,311
114815.0,12,-9,305
114817.5,9,-7,304
114820.0,10,-9,303
114822.5,11,-7,303
114825.0,10,-11,302
114827.5,10,-9,302
114830.0,8,-7,304
114832.5,9,-6,303
114835.0,9,-6,301
114837.5,10,-5,301
114840.0,9,-7,304
114842.5,10,-7,300
114845.0,10,-7,300
114847.5,12,-10,304
114850.0,10,-8,303
114852.5,10,-9,302
114855.0,12,-7,302
114857.5,10,-7,303
114860.0,9,-8,302
114862.5,10,-6,305
114865.0,9,-7,302
114867.5,9,-6,305
114870.0,9,-11,303
114872.5,9,-7,305
114875.0,11,-9,303
114877.5,10,-6,302
114880.0,10,-9,304
114882.5,11,-11,304
114885.0,10,-9,302
114887.5,9,-9,304
114890.0,8,-10,305
114892.5,11,-9,301
114895.0,11,-9,301
114897.5,10,-9,304
114900.0,11,-6,305
114902.5,10,-7,306
114905.0,9,-5,303
114907.5,9,-8,305
114910.0,9,-8,306
114912.5,9,-8,305
114915.0,12,-8,307
114917.5,11,-7,303
114920.0,11,-9,299
114922.5,9,-8,302
114925.0,10,-7,303
114927.5,10,-7,303
114930.0,9,-7,305
114932.5,10,-8,302
114935.0,10,-9,303
114937.5,9,-8,303
114940.0,10,-6,304
114942.5,10,-6,304
114945.0,9,-9,304
114947.5,10,-10,302
114950.0,10,-7,307
114952.5,10,-6,304
114955.0,10,-7,304
114957.5,11,-7,304
114960.0,11,-8,303
114962.5,8,-6,303
114965.0,10,-6,305
114967.5,10,-6,303
114970.0,9,-10,304
114972.5,11,-7,302
114975.0,9,-6,302
114977.5,12,-9,304
114980.0,10,-8,300
114982.5,12,-9,301
114985.0,11,-8,300
114987.5,10,-8,300
114990.0,10,-9,301
114992.5,10,-9,301
114995.0,8,-9,306
114997.5,11,-10,306
115000.0,9,-7,305
115002.5,11,-8,306
115005.0,9,-6,301
115007.5,11,-9,299
115010.0,10,-7,306
115012.5,12,-9,308
115015.0,10,-5,305
115017.5,10,-6,299
115020.0,9,-7,304
115022.5,10,-6,303
115025.0,10,-9,303
115027.5,10,-7,301
115030.0,8,-8,302
115032.5,10,-9,307
115035.0,8,-8,302
115037.5,8,-7,302
115040.0,9,-7,304
115042.5,9,-7,304
115045.0,8,-7,305
115047.5,11,-10,304
115050.0,9,-7,307
115052.5,10,-6,299
115055.0,9,-6,302
115057.5,10,-7,305
115060.0,11,-7,301
115062.5,7,-8,303
115065.0,10,-7,304
115067.5,10,-8,302
115070.0,12,-6,304
115072.5,8,-7,304
115075.0,10,-8,303
115077.5,9,-8,302
115080.0,10,-9,304
115082.5,9,-8,306
115085.0,8,-9,301
115087.5,11,-7,299
115090.0,11,-7,303
115092.5,11,-7,303
115095.0,9,-7,303
115097.5,11,-8,299
115100.0,9,-8,305
115102.5,8,-10,305
115105.0,9,-7,306
115107.5,9,-8,306
115110.0,10,-7,306
115112.5,12,-8,304
115115.0,10,-8,306
115117.5,11,-6,306
115120.0,10,-6,302
115122.5,10,-7,300
115125.0,8,-6,303
115127.5,10,-8,301
115130.0,9,-6,300
115132.5,10,-5,303
115135.0,9,-8,303
115137.5,11,-8,302
115140.0,8,-10,302
115142.5,8,-10,302
115145.0,12,-9,304
115147.5,9,-8,305
115150.0,10,-9,302
115152.5,9,-10,304
115155.0,11,-7,301
115157.5,12,-6,304
115160.0,9,-6,303
115162.5,9,-9,305
115165.0,10,-10,305
115167.5,9,-8,307
115170.0,9,-9,305
115172.5,10,-9,305
115175.0,11,-10,302
115177.5,8,-8,301
115180.0,9,-6,303
115182.5,10,-8,302
115185.0,8,-6,303
115187.5,9,-8,299
115190.0,9,-8,305
115192.5,9,-8,305
115195.0,11,-7,301
115197.5,11,-7,302
115200.0,9,-8,303
115202.5,7,-7,305
115205.0,7,-8,306
115207.5,12,-10,307
115210.0,11,-10,303
115212.5,11,-8,303
115215.0,11,-7,305
115217.5,9,-7,303
115220.0,9,-5,302
115222.5,11,-7,302
115225.0,9,-9,301
115227.5,12,-9,301
115230.0,11,-9,301
115232.5,10,-10,304
115235.0,9,-9,301
115237.5,10,-9,302
115240.0,9,-8,304
115242.5,9,-8,304
115245.0,9,-5,304
115247.5,9,-9,301
115250.0,8,-9,303
115252.5,10,-6,302
115255.0,8,-6,304
115257.5,10,-6,302
115260.0,9,-5,305
115262.5,10,-8,303
115265.0,10,-8,303
115267.5,9,-7,302
115270.0,10,-7,303
115272.5,11,-10,302
115275.0,11,-8,302
115277.5,11,-7,304
115280.0,10,-9,304
115282.5,9,-6,302
115285.0,8,-6,303
115287.5,10,-11,303
115290.0,10,-8,301
115292.5,10,-8,301
115295.0,10,-10,302
115297.5,11,-7,300
115300.0,12,-9,305
115302.5,9,-9,304
115305.0,10,-7,301
115307.5,8,-6,306
115310.0,8,-6,302
115312.5,10,-6,305
115315.0,11,-8,304
115317.5,9,-8,302
115320.0,11,-8,301
115322.5,11,-8,304
115325.0,11,-8,302
115327.5,10,-6,304
115330.0,11,-8,304
115332.5,11,-8,305
115335.0,9,-7,304
115337.5,10,-9,305
115340.0,9,-9,305
115342.5,9,-9,305
115345.0,9,-9,302
115347.5,9,-9,300
115350.0,10,-7,301
115352.5,13,-6,307
115355.0,9,-8,306
115357.5,9,-5,306
115360.0,11,-8,305
115362.5,12,-9,302
115365.0,9,-6,300
115367.5,9,-7,304
115370.0,11,-7,303
115372.5,10,-8,303
115375.0,10,-8,301
115377.5,10,-10,301
115380.0,8,-8,303
115382.5,9,-9,304
115385.0,10,-8,303
115387.5,9,-8,303
115390.0,9,-8,303
115392.5,10,-8,302
115395.0,8,-6,302
115397.5,9,-7,306
115400.0,12,-5,306
115402.5,12,-7,301
115405.0,9,-6,305
115407.5,11,-7,303
115410.0,7,-6,302
115412.5,11,-8,305
115415.0,8,-9,304
115417.5,10,-10,305
115420.0,9,-8,306
115422.5,10,-8,302
115425.0,11,-10,304
115427.5,10,-8,301
115430.0,9,-8,302
115432.5,10,-9,302
115435.0,10,-8,303
115437.5,10,-8,304
115440.0,10,-8,304
115442.5,10,-9,304
115445.0,9,-6,299
115447.5,9,-9,300
115450.0,10,-6,305
115452.5,11,-9,306
115455.0,9,-8,303
115457.5,11,-9,306
115460.0,10,-9,302
115462.5,10,-8,303
115465.0,9,-9,305
115467.5,9,-10,306
115470.0,10,-8,305
115472.5,10,-8,303
115475.0,11,-9,302
115477.5,14,-10,302
115480.0,11,-9,303
115482.5,9,-7,301
115485.0,8,-8,305
115487.5,10,-9,301
115490.0,10,-9,301
115492.5,10,-7,305
115495.0,12,-9,305
115497.5,11,-9,303
115500.0,12,-10,298
115502.5,8,-7,306
115505.0,11,-7,304
115507.5,11,-9,303
115510.0,12,-8,302
115512.5,10,-8,306
115515.0,7,-6,304
115517.5,11,-9,303
115520.0,8,-7,307
115522.5,11,-9,305
115525.0,7,-7,302
115527.5,8,-10,304
115530.0,8,-6,300
115532.5,11,-9,302
115535.0,9,-9,302
115537.5,9,-9,301
115540.0,9,-9,301
115542.5,10,-8,304
115545.0,9,-10,303
115547.5,10,-9,302
115550.0,11,-6,304
115552.5,13,-7,304
115555.0,12,-5,303
115557.5,10,-8,304
115560.0,9,-8,302
115562.5,8,-6,303
115565.0,10,-8,306
115567.5,12,-6,306
115570.0,10,-5,301
115572.5,9,-7,305
115575.0,11,-9,303
115577.5,9,-11,303
115580.0,8,-7,304
115582.5,8,-6,303
115585.0,7,-9,303
115587.5,10,-8,301
115590.0,10,-8,301
115592.5,11,-10,300
115595.0,12,-9,299
115597.5,11,-9,306
115600.0,9,-8,305
115602.5,8,-9,304
115605.0,8,-7,302
115607.5,10,-9,306
115610.0,11,-11,306
115612.5,12,-9,304
115615.0,14,-9,301
115617.5,10,-5,302
115620.0,10,-6,301
115622.5,11,-9,304
115625.0,11,-9,306
115627.5,10,-10,304
115630.0,11,-8,304
115632.5,10,-8,304
115635.0,8,-8,304
115637.5,8,-7,302
115640.0,8,-7,302
115642.5,10,-7,301
115645.0,9,-4,304
115647.5,11,-7,303
115650.0,10,-8,308
115652.5,11,-10,306
115655.0,10,-7,305
115657.5,10,-6,306
115660.0,11,-8,308
115662.5,11,-7,304
115665.0,8,-5,302
115667.5,10,-5,303
115670.0,9,-9,305
115672.5,11,-8,306
115675.0,10,-9,304
115677.5,8,-7,302
115680.0,10,-8,305
115682.5,9,-5,302
115685.0,11,-6,302
115687.5,11,-7,303
115690.0,11,-7,303
115692.5,10,-8,301
115695.0,11,-7,307
115697.5,12,-8,304
115700.0,10,-6,299
115702.5,12,-7,302
115705.0,12,-8,305
115707.5,10,-6,303
115710.0,12,-4,302
115712.5,10,-8,305
115715.0,12,-9,304
115717.5,10,-6,300
115720.0,11,-9,306
115722.5,10,-8,302
115725.0,9,-8,303
115727.5,10,-9,303
115730.0,9,-9,302
115732.5,10,-6,301
115735.0,10,-7,303
115737.5,10,-6,303
115740.0,10,-6,303
115742.5,8,-9,304
115745.0,10,-10,305
115747.5,10,-8,304
115750.0,8,-9,303
115752.5,12,-6,306
115755.0,11,-10,304
115757.5,7,-4,301
115760.0,9,-6,305
115762.5,7,-7,300
115765.0,8,-8,303
115767.5,10,-7,302
115770.0,10,-11,302
115772.5,10,-6,304
115775.0,10,-9,301
115777.5,11,-10,304
115780.0,11,-8,304
115782.5,7,-7,303
115785.0,12,-7,303
115787.5,12,-7,303
115790.0,9,-9,303
115792.5,11,-7,303
115795.0,10,-7,302
115797.5,13,-7,303
115800.0,10,-9,302
115802.5,9,-8,308
115805.0,11,-6,304
115807.5,10,-7,304
115810.0,11,-5,301
115812.5,11,-9,301
115815.0,9,-5,303
115817.5,8,-8,304
115820.0,11,-6,303
115822.5,8,-9,303
115825.0,10,-7,302
115827.5,11,-8,303
115830.0,9,-9,302
115832.5,9,-9,304
115835.0,10,-8,299
115837.5,10,-8,299
115840.0,11,-9,304
115842.5,11,-7,306
115845.0,8,-6,304
115847.5,11,-8,302
115850.0,13,-8,303
115852.5,12,-7,300
115855.0,10,-7,303
115857.5,10,-9,302
115860.0,9,-6,301
115862.5,9,-8,303
115865.0,8,-8,304
115867.5,9,-8,303
115870.0,9,-8,305
115872.5,9,-10,306
115875.0,9,-9,307
115877.5,10,-8,303
115880.0,11,-9,302
115882.5,9,-5,302
115885.0,8,-7,303
115887.5,8,-7,303
115890.0,8,-5,304
115892.5,9,-7,309
115895.0,12,-7,305
115897.5,9,-6,303
115900.0,12,-9,306
115902.5,11,-7,302
115905.0,11,-5,306
115907.5,11,-8,304
115910.0,10,-5,304
115912.5,9,-5,299
115915.0,9,-8,301
115917.5,8,-7,304
115920.0,8,-8,302
115922.5,10,-8,307
115925.0,8,-9,303
115927.5,10,-8,304
115930.0,10,-6,301
115932.5,9,-7,300
115935.0,8,-8,300
115937.5,8,-8,300
115940.0,9,-6,304
115942.5,10,-8,305
115945.0,9,-8,303
115947.5,9,-8,304
115950.0,11,-7,306
115952.5,13,-7,303
115955.0,12,-5,303
115957.5,8,-7,301
115960.0,10,-6,302
115962.5,10,-7,301
115965.0,10,-8,302
115967.5,8,-7,304
115970.0,9,-9,303
115972.5,11,-6,302
115975.0,10,-9,303
115977.5,10,-9,303
115980.0,9,-7,302
115982.5,10,-6,304
115985.0,10,-9,301
115987.5,10,-9,301
115990.0,10,-8,304
115992.5,8,-9,307
115995.0,11,-7,305
115997.5,11,-9,305
116000.0,10,-8,301
116002.5,13,-9,304
116005.0,12,-7,304
116007.5,10,-5,306
116010.0,11,-9,303
116012.5,10,-9,304
116015.0,9,-8,303
116017.5,8,-7,302
116020.0,11,-7,302
116022.5,11,-8,303
116025.0,11,-9,304
116027.5,12,-9,302
116030.0,11,-8,303
116032.5,9,-8,303
116035.0,8,-6,300
116037.5,8,-6,300
116040.0,10,-7,299
116042.5,11,-8,304
116045.0,10,-4,299
116047.5,10,-8,302
116050.0,9,-6,304
116052.5,12,-5,304
116055.0,10,-11,303
116057.5,8,-9,302
116060.0,8,-11,307
116062.5,12,-8,301
116065.0,9,-6,306
116067.5,11,-7,305
116070.0,9,-6,303
116072.5,9,-6,305
116075.0,10,-3,302
116077.5,10,-7,304
116080.0,10,-9,303
116082.5,7,-7,307
116085.0,9,-8,304
116087.5,9,-8,304
116090.0,8,-8,302
116092.5,10,-7,301
116095.0,14,-8,305
116097.5,10,-8,302
116100.0,8,-7,301
116102.5,8,-4,305
116105.0,9,-7,306
116107.5,11,-11,303
116110.0,13,-10,301
116112.5,12,-7,303
116115.0,11,-6,305
116117.5,9,-7,302
116120.0,10,-10,305
116122.5,9,-7,301
116125.0,10,-8,304
116127.5,11,-7,301
116130.0,13,-9,301
116132.5,9,-7,301
116135.0,9,-7,301
116137.5,10,-9,303
116140.0,9,-6,302
116142.5,8,-7,304
116145.0,12,-9,304
116147.5,10,-10,304
116150.0,12,-8,307
116152.5,11,-8,304
116155.0,12,-5,302
116157.5,11,-4,303
116160.0,12,-7,303
116162.5,9,-5,299
116165.0,11,-5,302
116167.5,10,-10,304
116170.0,8,-8,303
116172.5,11,-8,301
116175.0,13,-7,302
116177.5,9,-9,301
116180.0,11,-8,304
116182.5,10,-7,302
116185.0,10,-7,302
116187.5,10,-5,302
116190.0,12,-10,305
116192.5,11,-6,303
116195.0,8,-2,303
116197.5,11,-8,302
116200.0,12,-7,302
116202.5,9,-7,302
116205.0,12,-7,301
116207.5,9,-10,302
116210.0,9,-6,304
116212.5,9,-8,307
116215.0,9,-7,303
116217.5,8,-7,302
116220.0,11,-8,304
116222.5,9,-9,305
116225.0,10,-8,301
116227.5,11,-9,304
116230.0,11,-8,304
116232.5,11,-9,303
116235.0,11,-9,303
116237.5,10,-7,305
116240.0,9,-9,304
116242.5,10,-7,301
116245.0,7,-6,303
116247.5,12,-9,301
116250.0,10,-5,300
116252.5,10,-7,302
116255.0,8,-7,302
116257.5,9,-7,303
116260.0,9,-10,301
116262.5,10,-8,303
116265.0,11,-8,303
116267.5,8,-7,303
116270.0,11,-9,305
116272.5,10,-9,303
116275.0,10,-9,304
116277.5,10,-9,304
116280.0,10,-8,304
116282.5,10,-7,302
116285.0,10,-7,302
116287.5,9,-4,305
116290.0,10,-7,307
116292.5,10,-7,303
116295.0,10,-4,302
116297.5,12,-7,304
116300.0,10,-5,305
116302.5,11,-9,300
116305.0,10,-7,304
116307.5,12,-8,307
116310.0,10,-8,304
116312.5,9,-6,303
116315.0,10,-8,301
116317.5,10,-8,303
116320.0,9,-9,302
116322.5,10,-8,306
116325.0,9,-8,303
116327.5,9,-8,300
116330.0,10,-8,301
116332.5,10,-10,303
116335.0,10,-10,303
116337.5,12,-8,300
116340.0,10,-9,301
116342.5,12,-10,305
116345.0,12,-9,301
116347.5,9,-5,300
116350.0,13,-7,305
116352.5,11,-7,304
116355.0,10,-8,302
116357.5,12,-8,304
116360.0,7,-7,307
116362.5,12,-9,301
116365.0,9,-7,303
116367.5,10,-7,303
116370.0,11,-9,305
116372.5,8,-5,305
116375.0,9,-9,302
116377.5,9,-6,302
116380.0,10,-12,305
116382.5,11,-8,305
116385.0,11,-8,305
116387.5,11,-6,300
116390.0,12,-7,300
116392.5,9,-6,305
116395.0,11,-6,305
116397.5,10,-8,304
116400.0,13,-8,306
116402.5,10,-7,303
116405.0,8,-8,304
116407.5,10,-6,302
116410.0,8,-7,303
116412.5,10,-9,303
116415.0,9,-10,309
116417.5,9,-11,309
116420.0,10,-8,304
116422.5,8,-7,302
116425.0,10,-10,304
116427.5,10,-7,302
116430.0,11,-9,303
116432.5,11,-8,302
116435.0,11,-8,302
116437.5,9,-8,304
116440.0,10,-7,302
116442.5,10,-7,304
116445.0,9,-7,306
116447.5,8,-8,304
116450.0,9,-5,305
116452.5,13,-8,306
116455.0,10,-9,304
116457.5,9,-5,304
116460.0,9,-8,304
116462.5,9,-6,303
116465.0,8,-9,304
116467.5,9,-8,301
116470.0,13,-10,302
116472.5,9,-8,304
116475.0,7,-7,305
116477.5,10,-7,305
116480.0,11,-8,304
116482.5,10,-9,301
116485.0,10,-9,301
116487.5,11,-9,300
116490.0,8,-8,302
116492.5,11,-7,305
116495.0,11,-8,301
116497.5,8,-7,304
116500.0,14,-8,306
116502.5,14,-8,300
116505.0,10,-8,304
116507.5,9,-5,302
116510.0,11,-8,304
116512.5,11,-8,302
116515.0,10,-7,304
116517.5,10,-5,302
116520.0,13,-8,304
116522.5,10,-7,305
116525.0,10,-8,303
116527.5,10,-8,306
116530.0,9,-10,304
116532.5,10,-8,302
116535.0,10,-8,302
116537.5,9,-7,303
116540.0,9,-7,307
116542.5,9,-5,307
116545.0,11,-9,303
116547.5,10,-7,303
116550.0,12,-10,308
116552.5,7,-5,304
116555.0,10,-6,305
116557.5,8,-9,302
116560.0,12,-12,304
116562.5,9,-6,303
116565.0,10,-7,302
116567.5,10,-9,303
116570.0,10,-7,303
116572.5,10,-8,302
116575.0,11,-7,307
116577.5,10,-7,304
116580.0,8,-7,300
116582.5,10,-7,301
116585.0,10,-7,301
116587.5,10,-7,303
116590.0,11,-11,303
116592.5,10,-8,302
116595.0,10,-5,305
116597.5,8,-6,301
116600.0,11,-7,301
116602.5,8,-7,302
116605.0,9,-6,308
116607.5,10,-7,303
116610.0,7,-8,302
116612.5,11,-8,306
116615.0,12,-8,301
116617.5,9,-9,304
116620.0,9,-7,305
116622.5,7,-6,304
116625.0,10,-6,304
116627.5,9,-5,302
116630.0,9,-8,305
116632.5,8,-7,305
116635.0,8,-7,305
116637.5,10,-7,303
116640.0,10,-9,303
116642.5,10,-6,300
116645.0,9,-9,305
116647.5,13,-8,306
116650.0,13,-9,304
116652.5,9,-6,300
116655.0,10,-7,305
116657.5,9,-6,304
116660.0,7,-9,301
116662.5,9,-5,306
116665.0,9,-8,306
116667.5,9,-9,305
116670.0,8,-7,301
116672.5,11,-9,305
116675.0,9,-8,303
116677.5,9,-11,304
116680.0,10,-9,303
116682.5,10,-9,303
116685.0,11,-8,302
116687.5,10,-7,303
116690.0,9,-8,303
116692.5,11,-6,300
116695.0,9,-6,304
116697.5,10,-9,303
116700.0,10,-6,301
116702.5,11,-10,307
116705.0,11,-7,305
116707.5,10,-7,304
116710.0,10,-6,306
116712.5,8,-6,303
116715.0,9,-8,302
116717.5,9,-8,303
116720.0,10,-7,302
116722.5,12,-8,304
116725.0,9,-10,302
116727.5,9,-7,302
116730.0,11,-6,303
116732.5,11,-6,303
116735.0,10,-8,302
116737.5,8,-10,303
116740.0,10,-7,305
116742.5,9,-7,303
116745.0,9,-8,305
116747.5,11,-5,304
116750.0,11,-5,298
116752.5,8,-6,301
116755.0,9,-8,302
116757.5,10,-11,303
116760.0,10,-7,304
116762.5,10,-7,303
116765.0,10,-8,301
116767.5,9,-8,305
116770.0,13,-7,299
116772.5,11,-8,301
116775.0,11,-8,301
116777.5,11,-11,302
116780.0,10,-8,304
116782.5,10,-8,304
116785.0,10,-7,306
116787.5,10,-6,304
116790.0,9,-7,303
116792.5,12,-9,301
116795.0,9,-9,304
116797.5,12,-6,305
116800.0,13,-7,302
116802.5,10,-6,304
116805.0,11,-7,304
116807.5,10,-9,302
116810.0,10,-7,305
116812.5,9,-6,302
116815.0,10,-8,305
116817.5,9,-8,305
116820.0,10,-5,301
116822.5,9,-9,302
116825.0,11,-8,301
116827.5,10,-7,305
116830.0,9,-8,304
116832.5,9,-8,304
116835.0,9,-9,303
116837.5,13,-8,303
116840.0,10,-7,306
116842.5,10,-5,305
116845.0,8,-6,301
116847.5,9,-8,302
116850.0,11,-9,304
116852.5,10,-9,301
116855.0,11,-6,306
116857.5,9,-6,304
116860.0,10,-5,304
116862.5,10,-7,303
116865.0,13,-11,304
116867.5,10,-8,304
116870.0,9,-8,300
116872.5,10,-8,301
116875.0,10,-6,302
116877.5,10,-8,302
116880.0,9,-10,306
116882.5,9,-10,306
116885.0,9,-6,302
116887.5,11,-9,305
116890.0,11,-9,305
116892.5,10,-8,306
116895.0,8,-6,304
116897.5,10,-7,303
116900.0,11,-8,307
116902.5,7,-7,306
116905.0,11,-9,305
116907.5,9,-5,306
116910.0,11,-4,300
116912.5,11,-8,301
116915.0,10,-8,302
116917.5,10,-8,304
116920.0,11,-8,303
116922.5,9,-7,301
116925.0,9,-8,303
116927.5,8,-8,305
116930.0,8,-8,306
116932.5,8,-8,306
116935.0,10,-9,303
116937.5,11,-6,298
116940.0,10,-7,303
116942.5,10,-6,300
116945.0,11,-8,308
116947.5,11,-6,305
116950.0,11,-8,301
116952.5,12,-9,307
116955.0,10,-7,302
116957.5,9,-7,304
116960.0,11,-9,305
116962.5,9,-7,300
116965.0,10,-6,303
116967.5,9,-6,302
116970.0,9,-7,302
116972.5,11,-10,305
116975.0,9,-7,305
116977.5,11,-4,303
116980.0,9,-7,305
116982.5,9,-7,305
116985.0,9,-7,304
116987.5,11,-9,303
116990.0,9,-6,307
116992.5,12,-7,301
116995.0,10,-3,300
116997.5,11,-7,300
117000.0,11,-7,304
117002.5,9,-8,301
117005.0,8,-6,301
117007.5,11,-7,302
117010.0,12,-7,306
117012.5,10,-10,302
117015.0,9,-7,302
117017.5,9,-6,302
117020.0,10,-8,303
117022.5,11,-11,304
117025.0,8,-8,302
117027.5,10,-8,301
117030.0,9,-10,303
117032.5,9,-10,303
117035.0,10,-8,302
117037.5,8,-7,303
117040.0,10,-6,306
117042.5,12,-7,305
117045.0,11,-10,302
117047.5,11,-9,307
117050.0,10,-8,308
117052.5,9,-7,303
117055.0,9,-7,301
117057.5,10,-7,303
117060.0,10,-8,302
117062.5,8,-8,305
117065.0,8,-7,307
117067.5,8,-6,305
117070.0,10,-9,305
117072.5,10,-8,303
117075.0,9,-9,302
117077.5,11,-9,305
117080.0,9,-9,303
117082.5,9,-9,303
117085.0,7,-7,302
117087.5,7,-9,304
117090.0,8,-8,308
117092.5,12,-4,305
117095.0,9,-4,302
117097.5,8,-7,303
117100.0,9,-8,301
117102.5,9,-9,305
117105.0,10,-8,303
117107.5,10,-8,305
117110.0,12,-7,304
117112.5,9,-7,302
117115.0,10,-8,305
117117.5,9,-6,304
117120.0,10,-8,303
117122.5,10,-8,303
117125.0,9,-7,301
117127.5,8,-8,303
117130.0,10,-8,300
117132.5,10,-8,300
117135.0,9,-8,302
117137.5,9,-8,306
117140.0,11,-5,306
117142.5,12,-9,303
117145.0,11,-9,301
117147.5,9,-6,301
117150.0,9,-7,306
117152.5,8,-9,304
117155.0,9,-9,304
117157.5,11,-8,303
117160.0,10,-8,308
117162.5,8,-4,300
117165.0,10,-9,305
117167.5,11,-9,303
117170.0,11,-8,305
117172.5,10,-8,303
117175.0,9,-9,304
117177.5,9,-8,301
117180.0,9,-9,303
117182.5,9,-9,303
117185.0,7,-4,303
117187.5,10,-8,303
117190.0,9,-7,305
117192.5,10,-8,305
117195.0,10,-8,304
117197.5,11,-4,303
117200.0,12,-5,305
117202.5,13,-7,304
117205.0,11,-7,301
117207.5,11,-10,305
117210.0,10,-6,304
117212.5,9,-6,303
117215.0,11,-7,304
117217.5,10,-8,301
117220.0,9,-9,302
117222.5,11,-9,305
117225.0,9,-8,304
117227.5,12,-9,302
117230.0,9,-10,304
117232.5,9,-10,304
117235.0,8,-9,301
117237.5,10,-7,306
117240.0,11,-6,305
117242.5,10,-7,304
117245.0,11,-7,305
117247.5,13,-6,302
117250.0,9,-6,302
117252.5,10,-6,302
117255.0,11,-7,304
117257.5,9,-8,305
117260.0,11,-10,303
117262.5,8,-5,301
117265.0,10,-7,303
117267.5,9,-10,305
117270.0,11,-10,303
117272.5,10,-8,305
117275.0,11,-8,303
117277.5,9,-8,303
117280.0,9,-8,303
117282.5,9,-8,305
117285.0,11,-9,301
117287.5,8,-7,303
117290.0,10,-5,305
117292.5,11,-8,305
117295.0,10,-10,306
117297.5,10,-5,305
117300.0,11,-5,303
117302.5,9,-7,303
117305.0,9,-6,305
117307.5,9,-7,303
117310.0,11,-8,304
117312.5,10,-9,303
117315.0,12,-8,305
117317.5,10,-6,303
117320.0,10,-9,305
117322.5,8,-8,305
117325.0,9,-7,301
117327.5,9,-8,301
117330.0,9,-8,301
117332.5,9,-7,306
117335.0,11,-8,305
117337.5,9,-6,303
117340.0,11,-7,302
117342.5,9,-8,305
117345.0,10,-9,304
117347.5,11,-7,304
117350.0,10,-5,300
117352.5,12,-6,306
117355.0,11,-9,302
117357.5,9,-7,305
117360.0,10,-7,303
117362.5,12,-9,306
117365.0,10,-9,303
117367.5,8,-6,305
117370.0,10,-9,303
117372.5,10,-7,305
117375.0,11,-6,305
117377.5,10,-10,304
117380.0,10,-10,304
117382.5,10,-8,302
117385.0,11,-6,302
117387.5,11,-10,302
117390.0,10,-7,304
117392.5,13,-9,308
117395.0,11,-11,307
117397.5,9,-8,304
117400.0,11,-8,302
117402.5,11,-8,303
117405.0,10,-9,303
117407.5,8,-8,304
117410.0,9,-8,301
117412.5,9,-9,301
117415.0,10,-9,304
117417.5,10,-7,302
117420.0,8,-8,303
117422.5,9,-6,303
117425.0,11,-8,302
117427.5,10,-10,307
117430.0,10,-10,307
117432.5,8,-6,304
117435.0,9,-8,301
117437.5,11,-8,302
117440.0,10,-8,301
117442.5,12,-7,302
117445.0,11,-6,306
117447.5,10,-6,302
117450.0,9,-8,302
117452.5,11,-10,304
117455.0,11,-8,303
117457.5,10,-8,304
117460.0,12,-8,306
117462.5,10,-10,301
117465.0,11,-9,305
117467.5,9,-7,305
117470.0,11,-9,303
117472.5,12,-9,303
117475.0,10,-10,301
117477.5,8,-9,302
117480.0,8,-9,302
117482.5,7,-7,304
117485.0,12,-8,305
117487.5,11,-8,303
117490.0,10,-9,304
117492.5,10,-9,305
117495.0,11,-7,305
117497.5,10,-9,302
117500.0,10,-8,305
117502.5,10,-6,303
117505.0,7,-6,300
117507.5,8,-6,304
117510.0,8,-7,303
117512.5,12,-10,302
117515.0,11,-9,299
117517.5,9,-7,303
117520.0,10,-8,303
117522.5,11,-9,301
117525.0,10,-9,302
117527.5,11,-10,300
117530.0,11,-10,300
117532.5,7,-6,303
117535.0,8,-7,303
117537.5,9,-5,301
117540.0,9,-6,301
117542.5,10,-10,302
117545.0,10,-8,303
117547.5,10,-6,304
117550.0,11,-8,302
117552.5,13,-8,306
117555.0,9,-8,304
117557.5,7,-5,302
117560.0,11,-8,305
117562.5,9,-8,303
117565.0,10,-9,304
117567.5,9,-7,304
117570.0,8,-7,301
117572.5,10,-9,307
117575.0,10,-10,300
117577.5,10,-8,303
117580.0,10,-8,303
117582.5,11,-6,304
117585.0,9,-6,303
117587.5,12,-10,304
117590.0,9,-7,303
117592.5,11,-6,305
117595.0,12,-5,305
117597.5,12,-7,304
117600.0,10,-9,302
117602.5,12,-8,305
117605.0,12,-8,304
117607.5,10,-7,301
117610.0,8,-5,300
117612.5,9,-8,301
117615.0,11,-8,306
117617.5,11,-6,303
117620.0,9,-8,303
117622.5,11,-6,306
117625.0,8,-9,303
117627.5,8,-6,300
117630.0,8,-6,300
117632.5,12,-6,304
117635.0,10,-10,303
117637.5,10,-8,302
117640.0,11,-7,304
117642.5,8,-7,305
117645.0,10,-8,308
117647.5,10,-7,306
117650.0,10,-7,307
117652.5,11,-9,305
117655.0,11,-7,303
117657.5,12,-6,302
117660.0,10,-6,304
117662.5,9,-7,303
117665.0,11,-9,304
117667.5,8,-8,303
117670.0,10,-9,306
117672.5,10,-6,303
117675.0,7,-10,303
117677.5,9,-7,301
117680.0,9,-7,301
117682.5,9,-9,301
117685.0,11,-7,301
117687.5,11,-8,302
117690.0,13,-7,301
117692.5,8,-9,303
117695.0,10,-8,305
117697.5,9,-6,301
117700.0,11,-7,303
117702.5,10,-8,302
117705.0,8,-4,304
117707.5,8,-5,304
117710.0,10,-6,303
117712.5,11,-11,307
117715.0,11,-9,303
117717.5,10,-5,303
117720.0,10,-8,304
117722.5,9,-6,304
117725.0,9,-9,299
117727.5,10,-10,304
117730.0,10,-10,304
117732.5,10,-6,306
117735.0,10,-7,302
117737.5,9,-7,305
117740.0,12,-6,302
117742.5,10,-10,309
117745.0,13,-6,306
117747.5,12,-6,304
117750.0,8,-6,303
117752.5,9,-6,301
117755.0,10,-7,303
117757.5,12,-8,306
117760.0,10,-7,303
117762.5,10,-7,303
117765.0,11,-6,303
117767.5,11,-7,302
117770.0,9,-7,303
117772.5,11,-8,306
117775.0,10,-7,303
117777.5,7,-6,302
117780.0,7,-6,302
117782.5,12,-10,303
117785.0,9,-10,302
117787.5,10,-7,304
117790.0,7,-6,302
117792.5,12,-6,303
117795.0,10,-8,309
117797.5,9,-4,302
117800.0,10,-9,303
117802.5,8,-5,301
117805.0,10,-7,302
117807.5,10,-9,307
117810.0,9,-6,300
117812.5,8,-9,302
117815.0,10,-8,302
117817.5,8,-10,304
117820.0,9,-6,303
117822.5,12,-8,302
117825.0,9,-9,304
117827.5,10,-7,305
117830.0,10,-7,305
117832.5,7,-6,307
117835.0,9,-9,304
117837.5,10,-7,306
117840.0,10,-8,299
117842.5,8,-8,300
117845.0,12,-6,305
117847.5,12,-7,306
117850.0,9,-10,305
117852.5,9,-7,306
117855.0,7,-5,302
117857.5,10,-9,303
117860.0,11,-9,305
117862.5,10,-9,305
117865.0,11,-8,305
117867.5,11,-8,302
117870.0,9,-9,302
117872.5,9,-9,302
117875.0,6,-10,306
117877.5,11,-10,303
117880.0,11,-10,303
117882.5,10,-8,304
117885.0,12,-7,306
117887.5,10,-8,307
117890.0,11,-7,304
117892.5,12,-9,303
117895.0,9,-6,303
117897.5,10,-6,304
117900.0,10,-9,303
117902.5,9,-7,304
117905.0,10,-9,303
117907.5,9,-7,302
117910.0,10,-8,303
117912.5,9,-8,305
117915.0,8,-9,304
117917.5,9,-8,302
117920.0,10,-7,301
117922.5,9,-8,302
117925.0,12,-9,305
117927.5,12,-6,303
117930.0,12,-6,303
117932.5,10,-10,303
117935.0,11,-6,299
117937.5,9,-7,303
117940.0,10,-4,302
117942.5,12,-8,302
117945.0,11,-9,305
117947.5,11,-7,303
117950.0,10,-4,305
117952.5,12,-6,303
117955.0,9,-6,301
117957.5,8,-6,302
117960.0,8,-7,303
117962.5,8,-9,305
117965.0,10,-9,304
117967.5,9,-10,303
117970.0,12,-10,302
117972.5,10,-10,307
117975.0,9,-7,304
117977.5,12,-8,302
117980.0,12,-8,302
117982.5,8,-10,301
117985.0,8,-8,302
117987.5,8,-4,305
117990.0,10,-7,302
117992.5,10,-6,302
117995.0,10,-7,303
117997.5,9,-7,306
118000.0,11,-9,307
118002.5,9,-6,303
118005.0,11,-4,303
118007.5,11,-7,305
118010.0,10,-9,300
118012.5,9,-7,305
118015.0,9,-6,301
118017.5,12,-10,302
118020.0,9,-8,303
118022.5,10,-8,303
118025.0,8,-9,304
118027.5,10,-9,306
118030.0,10,-9,306
118032.5,8,-10,301
118035.0,9,-7,302
118037.5,10,-5,304
118040.0,8,-8,305
118042.5,8,-7,306
118045.0,10,-4,305
118047.5,10,-7,301
118050.0,9,-6,303
118052.5,9,-7,301
118055.0,10,-8,304
118057.5,10,-8,302
118060.0,10,-9,301
118062.5,10,-7,305
118065.0,11,-8,304
118067.5,10,-9,303
118070.0,10,-9,303
118072.5,10,-10,302
118075.0,8,-6,302
118077.5,10,-9,303
118080.0,10,-9,303
118082.5,10,-8,301
118085.0,11,-7,304
118087.5,12,-6,303
118090.0,9,-8,302
118092.5,10,-9,305
118095.0,6,-7,305
118097.5,11,-9,307
118100.0,12,-7,299
118102.5,12,-7,303
118105.0,10,-7,302
118107.5,9,-4,305
118110.0,10,-8,305
118112.5,10,-7,303
118115.0,10,-8,300
118117.5,9,-9,305
118120.0,10,-8,302
118122.5,10,-8,302
118125.0,8,-10,306
118127.5,8,-7,303
118130.0,8,-7,303
118132.5,8,-7,301
118135.0,9,-7,303
118137.5,8,-5,303
118140.0,10,-6,303
118142.5,8,-6,304
118145.0,10,-8,303
118147.5,9,-5,304
118150.0,9,-4,302
118152.5,12,-7,303
118155.0,12,-9,301
118157.5,11,-8,302
118160.0,9,-7,305
118162.5,10,-9,306
118165.0,11,-7,301
118167.5,11,-7,299
118170.0,10,-11,305
118172.5,9,-5,302
118175.0,10,-7,304
118177.5,10,-10,309
118180.0,10,-10,309
118182.5,10,-6,307
118185.0,7,-7,304
118187.5,11,-6,305
118190.0,10,-7,301
118192.5,8,-8,305
118195.0,10,-8,307
118197.5,10,-8,305
118200.0,11,-7,303
118202.5,11,-4,302
118205.0,10,-8,303
118207.5,8,-6,302
118210.0,9,-8,302
118212.5,8,-7,304
118215.0,9,-8,304
118217.5,8,-8,304
118220.0,11,-7,304
118222.5,10,-11,307
118225.0,7,-8,305
118227.5,10,-8,302
118230.0,10,-8,302
118232.5,8,-9,301
118235.0,8,-7,302
118237.5,10,-5,300
118240.0,9,-5,307
118242.5,10,-7,304
118245.0,12,-10,305
118247.5,9,-7,300
118250.0,11,-6,301
118252.5,9,-7,301
118255.0,10,-10,305
118257.5,8,-8,305
118260.0,9,-7,304
118262.5,8,-6,305
118265.0,9,-9,301
118267.5,9,-9,300
118270.0,10,-7,301
118272.5,9,-10,306
118275.0,10,-10,308
118277.5,10,-10,308
118280.0,10,-9,304
118282.5,11,-7,304
118285.0,7,-6,302
118287.5,9,-7,304
118290.0,11,-7,306
118292.5,12,-7,300
118295.0,11,-7,301
118297.5,10,-9,302
118300.0,10,-7,304
118302.5,12,-10,303
118305.0,9,-9,303
118307.5,10,-5,303
118310.0,10,-9,302
118312.5,9,-6,306
118315.0,9,-8,307
118317.5,10,-7,303
118320.0,10,-10,302
118322.5,8,-10,302
118325.0,11,-10,304
118327.5,11,-10,304
118330.0,8,-5,303
118332.5,11,-10,306
118335.0,10,-7,304
118337.5,12,-6,303
118340.0,9,-5,304
118342.5,12,-9,305
118345.0,13,-8,304
118347.5,12,-8,301
118350.0,13,-8,301
118352.5,10,-7,302
118355.0,9,-10,303
118357.5,10,-10,305
118360.0,9,-9,304
118362.5,10,-8,304
118365.0,10,-9,300
118367.5,10,-9,304
118370.0,9,-6,303
118372.5,11,-6,303
118375.0,9,-8,301
118377.5,9,-8,301
118380.0,9,-9,306
118382.5,9,-8,300
118385.0,8,-6,304
118387.5,10,-7,302
118390.0,8,-10,302
118392.5,12,-8,304
118395.0,10,-8,302
118397.5,8,-6,302
118400.0,10,-8,300
118402.5,11,-7,305
118405.0,10,-8,305
118407.5,9,-7,309
118410.0,9,-9,305
118412.5,11,-9,298
118415.0,9,-6,301
118417.5,11,-10,303
118420.0,12,-9,303
118422.5,9,-8,302
118425.0,9,-7,305
118427.5,9,-7,305
118430.0,9,-6,303
118432.5,9,-10,304
118435.0,8,-9,302
118437.5,9,-8,304
118440.0,9,-8,306
118442.5,10,-6,304
118445.0,10,-7,302
118447.5,10,-3,299
118450.0,10,-7,304
118452.5,9,-8,304
118455.0,9,-6,304
118457.5,10,-10,305
118460.0,10,-7,303
118462.5,9,-9,302
118465.0,12,-11,303
118467.5,10,-9,301
118470.0,9,-6,300
118472.5,10,-9,302
118475.0,10,-9,302
118477.5,10,-9,302
118480.0,7,-8,304
118482.5,11,-10,306
118485.0,11,-7,302
118487.5,11,-11,304
118490.0,10,-6,302
118492.5,8,-7,305
118495.0,10,-6,304
118497.5,9,-10,307
118500.0,12,-10,303
118502.5,12,-6,303
118505.0,11,-9,303
118507.5,10,-8,305
118510.0,10,-9,305
118512.5,13,-9,304
118515.0,11,-9,302
118517.5,10,-8,307
118520.0,11,-7,305
118522.5,10,-9,300
118525.0,8,-7,306
118527.5,8,-7,306
118530.0,10,-8,306
118532.5,10,-9,304
118535.0,9,-8,301
118537.5,8,-7,301
118540.0,9,-8,305
118542.5,11,-7,307
118545.0,9,-4,301
118547.5,13,-8,303
118550.0,7,-6,304
118552.5,11,-8,301
118555.0,11,-8,301
118557.5,10,-10,303
118560.0,9,-10,304
118562.5,10,-8,304
118565.0,10,-8,301
118567.5,11,-7,306
118570.0,8,-9,302
118572.5,8,-7,301
118575.0,8,-9,302
118577.5,8,-9,302
118580.0,10,-11,303
118582.5,10,-7,302
118585.0,9,-7,303
118587.5,11,-6,304
118590.0,9,-8,303
118592.5,10,-7,305
118595.0,11,-5,306
118597.5,9,-7,302
118600.0,11,-8,303
118602.5,10,-5,302
118605.0,10,-7,304
118607.5,12,-10,304
118610.0,11,-8,301
118612.5,12,-9,303
118615.0,10,-7,302
118617.5,10,-8,303
118620.0,8,-8,302
118622.5,9,-9,302
118625.0,10,-8,304
118627.5,10,-8,304
118630.0,12,-6,306
118632.5,10,-8,303
118635.0,10,-7,299
118637.5,13,-10,305
118640.0,11,-9,305
118642.5,11,-6,306
118645.0,9,-5,305
118647.5,8,-7,304
118650.0,9,-6,302
118652.5,10,-9,304
118655.0,10,-8,301
118657.5,11,-9,302
118660.0,8,-6,304
118662.5,9,-7,303
118665.0,7,-7,306
118667.5,11,-7,302
118670.0,9,-9,300
118672.5,9,-9,300
118675.0,11,-9,302
118677.5,11,-9,302
118680.0,10,-9,305
118682.5,11,-8,303
118685.0,13,-10,305
118687.5,10,-5,299
118690.0,10,-9,306
118692.5,11,-8,306
118695.0,12,-5,305
118697.5,11,-8,304
118700.0,11,-9,305
118702.5,11,-9,302
118705.0,11,-6,299
118707.5,10,-6,303
118710.0,10,-7,303
118712.5,8,-10,304
118715.0,9,-6,303
118717.5,11,-8,304
118720.0,9,-10,304
118722.5,10,-7,307
118725.0,8,-8,302
118727.5,8,-8,302
118730.0,11,-9,304
118732.5,11,-7,301
118735.0,9,-8,301
118737.5,9,-7,304
118740.0,11,-9,310
118742.5,11,-9,303
118745.0,10,-7,300
118747.5,8,-7,301
118750.0,10,-6,304
118752.5,8,-8,304
118755.0,9,-9,304
118757.5,9,-9,303
118760.0,11,-8,304
118762.5,10,-6,304
118765.0,11,-9,309
118767.5,10,-10,304
118770.0,11,-8,305
118772.5,11,-8,301
118775.0,9,-7,303
118777.5,9,-7,303
118780.0,9,-9,306
118782.5,11,-10,308
118785.0,12,-7,307
118787.5,12,-6,305
118790.0,10,-4,304
118792.5,12,-5,307
118795.0,11,-7,304
118797.5,11,-8,304
118800.0,11,-7,302
118802.5,13,-9,300
118805.0,11,-7,303
118807.5,9,-7,304
118810.0,11,-9,304
118812.5,10,-8,303
118815.0,9,-10,302
118817.5,10,-8,303
118820.0,10,-7,303
118822.5,8,-8,306
118825.0,9,-8,303
118827.5,9,-8,303
118830.0,11,-4,302
118832.5,10,-6,301
118835.0,8,-5,305
118837.5,10,-6,302
118840.0,9,-6,306
118842.5,12,-8,307
118845.0,11,-6,302
118847.5,11,-8,302
118850.0,11,-6,302
118852.5,9,-7,302
118855.0,11,-8,304
118857.5,9,-7,304
118860.0,7,-7,305
118862.5,11,-7,301
118865.0,9,-8,303
118867.5,11,-9,301
118870.0,10,-8,302
118872.5,9,-7,307
118875.0,8,-7,304
118877.5,8,-7,304
118880.0,9,-8,303
118882.5,8,-5,299
118885.0,8,-7,301
118887.5,11,-7,302
118890.0,14,-9,307
118892.5,13,-8,301
118895.0,12,-9,304
118897.5,10,-7,305
118900.0,11,-8,304
118902.5,9,-9,303
118905.0,11,-8,303
118907.5,9,-6,300
118910.0,11,-8,304
118912.5,10,-9,302
118915.0,10,-8,304
118917.5,9,-9,301
118920.0,9,-8,303
118922.5,10,-10,303
118925.0,11,-9,302
118927.5,11,-9,302
118930.0,10,-10,305
118932.5,9,-11,302
118935.0,9,-9,307
118937.5,12,-8,303
118940.0,12,-9,300
118942.5,10,-7,303
118945.0,10,-6,304
118947.5,9,-8,307
118950.0,10,-8,303
118952.5,10,-8,303
118955.0,10,-6,305
118957.5,9,-7,302
118960.0,9,-11,300
118962.5,11,-9,304
118965.0,11,-9,301
118967.5,11,-10,301
118970.0,9,-8,305
118972.5,10,-8,304
118975.0,12,-10,304
118977.5,12,-10,304
118980.0,10,-9,303
118982.5,10,-7,306
118985.0,9,-7,307
118987.5,11,-8,304
118990.0,9,-9,303
118992.5,10,-7,308
118995.0,12,-9,300
118997.5,11,-6,304
119000.0,9,-8,303
119002.5,10,-8,301
119005.0,10,-8,305
119007.5,11,-6,302
119010.0,9,-6,304
119012.5,10,-8,299
119015.0,13,-8,303
119017.5,11,-8,305
119020.0,9,-10,303
119022.5,8,-8,306
119025.0,9,-9,305
119027.5,9,-9,305
119030.0,9,-8,306
119032.5,12,-10,306
119035.0,12,-5,305
119037.5,10,-4,304
119040.0,10,-7,305
119042.5,10,-7,301
119045.0,10,-9,307
119047.5,11,-8,302
119050.0,11,-8,304
