Time_ms,X,Y,Z
0.0,108,50,244
2.5,9,-2,340
5.0,-13,-14,276
7.5,-10,-27,290
10.0,-9,-9,345
12.5,24,-21,337
15.0,24,-21,337
17.5,15,-21,350
20.0,73,4,329
22.5,73,12,291
25.0,-45,-17,299
27.5,-17,-21,296
30.0,38,-10,317
32.5,-33,6,335
35.0,13,8,293
37.5,12,18,319
40.0,19,11,286
42.5,-10,-21,210
45.0,16,-54,316
47.5,5,11,289
50.0,0,1,294
52.5,-38,-39,314
55.0,62,-8,279
57.5,-46,-13,312
60.0,-5,-18,242
62.5,-34,-27,316
65.0,-34,-27,316
67.5,28,24,266
70.0,7,-29,307
72.5,-65,-25,324
75.0,-29,-56,298
77.5,-15,-16,292
80.0,-47,-49,343
82.5,31,-40,325
85.0,14,-6,297
87.5,-46,-33,322
90.0,105,26,300
92.5,-37,-24,303
95.0,43,5,340
97.5,44,8,265
100.0,69,21,352
102.5,10,-13,242
105.0,-33,-25,287
107.5,-2,11,287
110.0,40,6,284
112.5,-98,-76,330
115.0,-98,-76,330
117.5,8,4,313
120.0,-1,23,265
122.5,-69,-43,315
125.0,61,-30,317
127.5,55,8,276
130.0,-14,-24,352
132.5,-3,-18,316
135.0,30,-32,365
137.5,16,20,295
140.0,-41,7,274
142.5,-48,-27,313
145.0,-16,-1,290
147.5,-16,-31,275
150.0,-19,-10,330
152.5,47,1,300
155.0,-9,-9,348
157.5,6,7,247
160.0,-63,41,295
162.5,0,-17,305
165.0,0,-17,305
167.5,-1,-8,276
170.0,-26,15,307
172.5,48,-34,386
175.0,20,-23,262
177.5,8,-1,323
180.0,24,-24,246
182.5,-6,5,243
185.0,14,17,315
187.5,3,-28,316
190.0,-2,-29,355
192.5,10,-33,340
195.0,-3,21,267
197.5,-17,-35,319
200.0,12,-19,266
202.5,1,24,263
205.0,29,-10,334
207.5,83,11,300
210.0,-2,-28,349
212.5,-18,-9,335
215.0,-18,-9,335
217.5,24,-20,310
220.0,-17,0,322
222.5,52,22,270
225.0,27,2,284
227.5,-20,-30,350
230.0,46,-4,311
232.5,-24,-8,345
235.0,24,-7,293
237.5,119,30,246
240.0,38,21,267
242.5,16,-21,307
245.0,42,25,284
247.5,128,18,338
250.0,-76,-17,291
252.5,-4,-25,369
255.0,42,8,246
257.5,47,31,247
260.0,-50,-19,302
262.5,63,-42,309
265.0,63,-42,309
267.5,-16,-29,349
270.0,36,21,335
272.5,-13,-9,247
275.0,58,6,351
277.5,54,-36,253
280.0,45,5,243
282.5,39,4,311
285.0,87,-16,303
287.5,31,-2,310
290.0,67,35,292
292.5,49,-2,301
295.0,-1,-23,347
297.5,-5,-40,271
300.0,81,-6,284
302.5,-2,2,313
305.0,46,16,315
307.5,30,37,341
310.0,-40,-43,297
312.5,-40,-43,297
315.0,77,31,301
317.5,30,-21,363
320.0,92,12,291
322.5,71,57,268
325.0,-14,-33,346
327.5,57,9,316
330.0,11,-21,364
332.5,18,-22,286
335.0,-8,8,269
337.5,-73,-60,277
340.0,23,-4,266
342.5,-6,-10,319
345.0,-10,-6,366
347.5,46,-19,314
350.0,7,1,324
352.5,-13,-33,272
355.0,73,31,244
357.5,-20,-23,296
360.0,68,18,282
362.5,68,18,282
365.0,15,-21,334
367.5,-17,27,316
370.0,28,3,324
372.5,-25,-19,366
375.0,5,-39,273
377.5,20,-15,346
380.0,53,-25,316
382.5,50,12,309
385.0,16,-72,333
387.5,25,5,346
390.0,-22,-3,276
392.5,-24,-21,361
395.0,-48,-43,246
397.5,28,-34,298
400.0,-42,-22,337
402.5,-1,-16,318
405.0,-64,-51,322
407.5,-37,-20,311
410.0,74,-35,271
412.5,74,-35,271
415.0,3,-1,316
417.5,-1,-19,260
420.0,-73,-1,259
422.5,-40,-35,325
425.0,-26,-5,324
427.5,1,-35,355
430.0,58,-2,321
432.5,28,-11,233
435.0,14,-20,317
437.5,15,-1,266
440.0,73,-32,300
442.5,1,-23,359
445.0,59,22,278
447.5,93,-24,325
450.0,26,-21,271
452.5,16,-21,229
455.0,10,3,339
457.5,-39,8,269
460.0,-1,-1,291
462.5,-1,-1,291
465.0,-20,-35,346
467.5,7,14,301
470.0,-62,-31,326
472.5,-1,-41,305
475.0,24,-49,316
477.5,-17,-31,283
480.0,12,-15,297
482.5,-11,31,323
485.0,44,-25,311
487.5,36,-4,294
490.0,-15,-28,334
492.5,-20,-25,248
495.0,12,5,266
497.5,-12,-54,348
500.0,30,22,312
502.5,-56,-39,342
505.0,8,-33,342
507.5,62,-9,273
510.0,19,29,364
512.5,19,29,364
515.0,-27,-23,267
517.5,7,-37,287
520.0,-26,-19,322
522.5,40,3,277
525.0,-35,2,318
527.5,-33,24,375
530.0,-7,7,244
532.5,-39,-36,339
535.0,-6,2,260
537.5,78,-10,285
540.0,5,25,279
542.5,17,-35,285
545.0,36,-10,329
547.5,-48,-20,303
550.0,124,17,267
552.5,10,-4,336
555.0,51,51,260
557.5,30,6,293
560.0,-23,8,335
562.5,-23,8,335
565.0,8,-40,287
567.5,-57,-42,338
570.0,14,-6,291
572.5,-26,-23,274
575.0,-20,-5,302
577.5,12,5,294
580.0,5,-5,327
582.5,-6,7,353
585.0,-18,4,327
587.5,16,-15,352
590.0,4,20,262
592.5,3,-26,295
595.0,26,9,300
597.5,-25,-24,294
600.0,-69,-22,342
602.5,30,-34,369
605.0,46,-7,324
607.5,-32,9,333
610.0,-5,0,238
612.5,-5,0,238
615.0,-21,37,213
617.5,-1,-18,291
620.0,-28,-19,299
622.5,-34,-8,326
625.0,31,-28,358
627.5,-26,-33,274
630.0,48,-10,314
632.5,107,33,259
635.0,-18,-13,269
637.5,-7,13,296
640.0,62,10,293
642.5,-8,-40,350
645.0,5,-21,301
647.5,3,-9,240
650.0,10,22,311
652.5,-47,-54,278
655.0,24,-25,260
657.5,-26,0,333
660.0,36,15,284
662.5,36,15,284
665.0,-9,-76,341
667.5,56,7,313
670.0,-18,-17,220
672.5,-8,-22,329
675.0,-53,-34,238
677.5,12,5,284
680.0,10,18,324
682.5,18,21,281
685.0,-63,-25,323
687.5,-7,-26,287
690.0,63,20,277
692.5,9,-20,310
695.0,70,-4,283
697.5,20,-15,274
700.0,-5,-5,302
702.5,68,-14,287
705.0,43,19,362
707.5,2,-11,307
710.0,-52,10,206
712.5,-52,10,206
715.0,-22,2,303
717.5,33,15,287
720.0,-104,-54,331
722.5,-48,-9,347
725.0,11,-26,316
727.5,1,12,332
730.0,-9,-5,245
732.5,-7,-35,245
735.0,9,-4,301
737.5,29,27,302
740.0,24,44,315
742.5,-18,4,337
745.0,44,-8,341
747.5,-41,-54,350
750.0,77,-13,267
752.5,29,-49,250
755.0,27,1,305
757.5,59,42,265
760.0,59,42,265
762.5,9,-1,300
765.0,22,-52,323
767.5,43,65,275
770.0,-35,-26,345
772.5,30,30,220
775.0,-43,-12,269
777.5,44,-48,322
780.0,38,23,252
782.5,38,-29,277
785.0,28,23,348
787.5,20,2,322
790.0,-53,-8,341
792.5,-21,-43,215
795.0,88,29,263
797.5,17,-12,326
800.0,66,-1,314
802.5,66,10,296
805.0,-53,-2,319
807.5,-42,-37,277
810.0,-42,-37,277
812.5,-77,-53,326
815.0,49,22,247
817.5,29,-34,276
820.0,15,-1,332
822.5,27,-2,278
825.0,16,13,339
827.5,40,-40,337
830.0,25,-16,309
832.5,-55,-37,349
835.0,63,10,268
837.5,-43,-23,278
840.0,33,-22,333
842.5,64,14,312
845.0,-22,-24,371
847.5,78,17,286
850.0,147,-23,313
852.5,-41,-34,315
855.0,19,-21,268
857.5,35,-18,288
860.0,35,-18,288
862.5,-33,0,350
865.0,35,-18,309
867.5,-42,-51,349
870.0,20,-20,287
872.5,-54,46,247
875.0,-30,-22,312
877.5,76,39,286
880.0,7,-28,327
882.5,0,-10,367
885.0,-30,-23,246
887.5,-21,1,358
890.0,-25,-37,305
892.5,-58,-17,275
895.0,-12,-8,309
897.5,63,28,291
900.0,-28,-51,300
902.5,43,32,307
905.0,34,-26,357
907.5,-50,-50,382
910.0,-50,-50,382
912.5,16,-3,281
915.0,71,-13,268
917.5,-4,-29,298
920.0,21,-11,300
922.5,9,12,313
925.0,25,-53,374
927.5,42,-13,295
930.0,-8,-39,350
932.5,35,-8,218
935.0,-3,-25,298
937.5,-35,-1,327
940.0,30,2,313
942.5,-35,-17,324
945.0,19,-12,333
947.5,25,-16,265
950.0,-21,-15,323
952.5,65,26,253
955.0,16,-48,282
957.5,23,-30,309
960.0,23,-30,309
962.5,-1,-15,293
965.0,-4,-25,307
967.5,21,6,311
970.0,18,13,274
972.5,28,-17,347
975.0,54,-25,266
977.5,50,-12,275
980.0,-34,-3,332
982.5,29,-55,302
985.0,30,-50,341
987.5,40,-26,314
990.0,23,-54,289
992.5,-17,-35,352
995.0,57,29,285
997.5,-21,16,275
1000.0,-2,-13,343
1002.5,23,-55,304
1005.0,9,33,321
1007.5,50,-13,316
1010.0,50,-13,316
1012.5,58,18,258
1015.0,-72,-38,330
1017.5,33,-30,239
1020.0,-23,4,342
1022.5,42,8,347
1025.0,24,-27,299
1027.5,-73,-12,312
1030.0,55,23,284
1032.5,-8,7,275
1035.0,-19,-29,300
1037.5,16,5,283
1040.0,-50,8,329
1042.5,-38,-7,345
1045.0,9,1,293
1047.5,72,-25,338
1050.0,38,13,263
1052.5,46,-17,247
1055.0,6,16,332
1057.5,75,9,292
1060.0,75,9,292
1062.5,-45,-41,304
1065.0,13,-5,339
1067.5,-18,5,265
1070.0,-35,-30,342
1072.5,-27,-37,259
1075.0,-44,-2,240
1077.5,-11,11,288
1080.0,39,24,277
1082.5,36,-28,281
1085.0,18,20,345
1087.5,11,-1,325
1090.0,-10,-23,339
1092.5,20,-7,223
1095.0,-27,-12,257
1097.5,3,-22,347
1100.0,60,-12,328
1102.5,-3,-21,321
1105.0,1,11,317
1107.5,45,-1,286
1110.0,45,-1,286
1112.5,8,6,363
1115.0,-15,-17,238
1117.5,-67,-36,257
1120.0,25,12,323
1122.5,39,32,312
1125.0,-15,-8,324
1127.5,32,1,347
1130.0,-56,-11,238
1132.5,-31,-29,381
1135.0,15,-8,269
1137.5,17,-21,273
1140.0,1,-1,312
1142.5,-16,-9,298
1145.0,36,-44,360
1147.5,58,-11,318
1150.0,76,-16,282
1152.5,18,5,321
1155.0,57,-6,241
1157.5,21,8,279
1160.0,21,8,279
1162.5,-82,-41,324
1165.0,-2,4,281
1167.5,22,23,340
1170.0,38,20,306
1172.5,1,-48,261
1175.0,79,10,307
1177.5,4,7,272
1180.0,21,8,260
1182.5,-31,-28,398
1185.0,7,-17,323
1187.5,15,21,348
1190.0,-1,-12,269
1192.5,33,-9,271
1195.0,62,17,330
1197.5,42,12,285
1200.0,3,-49,317
1202.5,-23,-38,350
1205.0,-24,-40,321
1207.5,-22,-10,338
1210.0,-22,-10,338
1212.5,46,30,252
1215.0,-18,3,199
1217.5,-4,-20,297
1220.0,4,-15,304
1222.5,-41,-19,310
1225.0,-4,-36,353
1227.5,53,23,271
1230.0,3,-4,368
1232.5,58,22,236
1235.0,66,24,251
1237.5,26,-32,271
1240.0,37,-7,272
1242.5,17,5,331
1245.0,-3,17,284
1247.5,93,26,343
1250.0,-11,14,360
1252.5,-12,-52,275
1255.0,25,42,279
1257.5,-17,-10,340
1260.0,-17,-10,340
1262.5,39,-14,321
1265.0,68,-18,342
1267.5,28,-7,316
1270.0,-27,-7,251
1272.5,-18,-25,312
1275.0,4,-17,252
1277.5,31,4,280
1280.0,-21,-2,332
1282.5,37,-7,304
1285.0,3,6,327
1287.5,24,-9,311
1290.0,85,-23,277
1292.5,17,8,326
1295.0,102,18,263
1297.5,0,-7,252
1300.0,13,-27,355
1302.5,26,-6,274
1305.0,-49,-41,345
1307.5,-16,-38,323
1310.0,-16,-38,323
1312.5,28,12,253
1315.0,25,12,332
1317.5,59,-21,286
1320.0,5,-22,282
1322.5,-12,-38,369
1325.0,21,13,270
1327.5,62,-14,354
1330.0,91,37,264
1332.5,-9,-6,219
1335.0,-29,-18,282
1337.5,13,-16,295
1340.0,3,46,245
1342.5,-46,-1,362
1345.0,-22,-28,319
1347.5,-59,-52,374
1350.0,47,-46,286
1352.5,-43,-25,246
1355.0,-10,-17,295
1357.5,52,27,284
1360.0,52,27,284
1362.5,-45,10,279
1365.0,-50,-31,350
1367.5,23,44,316
1370.0,59,11,350
1372.5,42,9,233
1375.0,59,-8,258
1377.5,15,-6,294
1380.0,72,-12,325
1382.5,2,-1,281
1385.0,18,9,349
1387.5,-6,-7,300
1390.0,21,-24,366
1392.5,9,-8,270
1395.0,-97,18,235
1397.5,22,-10,335
1400.0,16,22,303
1402.5,-21,-44,317
1405.0,-14,-14,341
1407.5,38,-4,273
1410.0,38,-4,273
1412.5,-11,-18,359
1415.0,21,-35,248
1417.5,-6,-19,279
1420.0,0,3,325
1422.5,63,19,316
1425.0,-1,18,317
1427.5,9,-43,344
1430.0,58,-15,316
1432.5,5,1,356
1435.0,-15,-4,265
1437.5,-1,-16,301
1440.0,47,22,327
1442.5,-89,-63,291
1445.0,-69,-8,332
1447.5,21,-50,326
1450.0,62,15,264
1452.5,-4,-16,318
1455.0,11,3,270
1457.5,11,3,270
1460.0,27,7,293
1462.5,24,14,331
1465.0,57,-29,305
1467.5,-57,-9,345
1470.0,50,18,298
1472.5,64,-5,274
1475.0,-34,-25,320
1477.5,123,19,276
1480.0,-22,-2,288
1482.5,-14,-2,344
1485.0,12,12,300
1487.5,-48,-34,396
1490.0,-44,-38,284
1492.5,-2,-24,290
1495.0,5,10,323
1497.5,3,-16,295
1500.0,2,-20,335
1502.5,32,19,387
1505.0,82,-2,295
1507.5,82,-2,295
1510.0,21,-39,342
1512.5,27,8,254
1515.0,55,1,245
1517.5,25,-8,310
1520.0,24,-3,343
1522.5,67,-42,262
1525.0,16,-36,305
1527.5,4,-73,316
1530.0,49,-26,345
1532.5,22,2,225
1535.0,-27,-84,287
1537.5,36,-3,280
1540.0,46,16,290
1542.5,43,-15,330
1545.0,56,-31,376
1547.5,-71,2,289
1550.0,73,-7,346
1552.5,77,13,254
1555.0,54,-3,296
1557.5,54,-3,296
1560.0,45,19,309
1562.5,-12,-20,304
1565.0,35,1,329
1567.5,-6,17,326
1570.0,61,33,304
1572.5,-13,-26,378
1575.0,16,-7,241
1577.5,-9,-4,267
1580.0,12,-2,296
1582.5,0,10,323
1585.0,1,-17,335
1587.5,14,21,334
1590.0,-47,-41,287
1592.5,-27,-34,360
1595.0,31,-15,269
1597.5,-7,2,290
1600.0,-78,18,332
1602.5,36,-10,306
1605.0,-91,-33,337
1607.5,-91,-33,337
1610.0,-4,-15,335
1612.5,17,12,257
1615.0,-44,-15,324
1617.5,-46,-34,252
1620.0,-13,10,263
1622.5,22,-17,345
1625.0,45,2,313
1627.5,0,-78,328
1630.0,11,3,275
1632.5,103,23,218
1635.0,-26,26,259
1637.5,25,6,279
1640.0,73,-22,303
1642.5,-43,18,360
1645.0,4,1,319
1647.5,56,11,296
1650.0,-20,-40,324
1652.5,-106,11,233
1655.0,-7,-40,294
1657.5,-7,-40,294
1660.0,2,8,255
1662.5,72,63,245
1665.0,-28,-21,342
1667.5,-56,21,327
1670.0,-50,-38,372
1672.5,-25,-30,314
1675.0,71,-71,271
1677.5,21,-9,289
1680.0,45,39,220
1682.5,-11,-4,264
1685.0,12,1,339
1687.5,-16,-24,278
1690.0,26,-45,339
1692.5,-10,-17,296
1695.0,9,12,228
1697.5,5,-18,318
1700.0,26,7,287
1702.5,7,6,256
1705.0,-13,5,355
1707.5,-13,5,355
1710.0,26,-3,313
1712.5,4,-65,344
1715.0,16,4,206
1717.5,-17,2,257
1720.0,7,-24,267
1722.5,-23,0,279
1725.0,-76,-60,308
1727.5,44,-23,350
1730.0,2,-26,298
1732.5,-30,-17,343
1735.0,24,-8,247
1737.5,-1,-15,241
1740.0,17,-19,313
1742.5,20,19,292
1745.0,-22,-31,331
1747.5,38,79,288
1750.0,31,-19,295
1752.5,9,3,364
1755.0,64,17,284
1757.5,64,17,284
1760.0,-5,-8,279
1762.5,-15,-2,315
1765.0,32,8,296
1767.5,34,-56,356
1770.0,-5,-8,327
1772.5,-53,-53,274
1775.0,-73,-42,335
1777.5,8,-18,262
1780.0,27,-50,288
1782.5,-22,6,334
1785.0,25,-24,332
1787.5,47,50,345
1790.0,-4,-6,351
1792.5,134,10,280
1795.0,-31,5,333
1797.5,-51,-41,295
1800.0,-11,-21,307
1802.5,9,-26,333
1805.0,-32,23,268
1807.5,-32,23,268
1810.0,-70,-42,336
1812.5,-6,-26,317
1815.0,74,8,260
1817.5,-17,12,345
1820.0,-11,8,285
1822.5,4,-7,300
1825.0,36,16,349
1827.5,31,-15,284
1830.0,-5,6,346
1832.5,14,-37,264
1835.0,3,-5,226
1837.5,-26,-29,330
1840.0,16,9,320
1842.5,-68,-12,299
1845.0,-45,-4,342
1847.5,4,-6,318
1850.0,-8,12,338
1852.5,-44,-20,287
1855.0,-41,-28,261
1857.5,-41,-28,261
1860.0,14,-19,289
1862.5,43,28,254
1865.0,8,-5,306
1867.5,-27,0,323
1870.0,83,2,318
1872.5,3,-67,379
1875.0,58,5,253
1877.5,117,27,279
1880.0,-18,-27,305
1882.5,-66,31,312
1885.0,5,7,325
1887.5,32,14,344
1890.0,-70,-26,318
1892.5,-32,1,380
1895.0,33,-26,260
1897.5,71,24,239
1900.0,9,-30,312
1902.5,38,11,307
1905.0,18,-9,286
1907.5,18,-9,286
1910.0,44,-29,369
1912.5,-10,-7,333
1915.0,51,8,364
1917.5,32,-4,238
1920.0,63,-8,247
1922.5,29,-7,291
1925.0,4,1,323
1927.5,-27,-15,259
1930.0,89,19,348
1932.5,-5,-23,265
1935.0,21,-5,333
1937.5,-18,-1,266
1940.0,12,31,287
1942.5,23,-35,349
1945.0,78,-19,324
1947.5,-17,-11,334
1950.0,-35,-8,319
1952.5,-7,0,297
1955.0,33,6,346
1957.5,33,6,346
1960.0,13,-17,265
1962.5,-9,-1,286
1965.0,-13,-32,313
1967.5,29,-46,323
1970.0,-36,-6,325
1972.5,47,17,324
1975.0,-56,-22,257
1977.5,-81,-36,355
1980.0,27,7,293
1982.5,-32,-24,333
1985.0,-29,-31,415
1987.5,24,46,319
1990.0,14,15,356
1992.5,21,-35,340
1995.0,64,-6,289
1997.5,1,24,318
2000.0,8,-11,262
2002.5,8,-10,283
2005.0,8,-10,283
2007.5,22,-26,369
2010.0,41,-13,292
2012.5,12,-36,310
2015.0,86,38,282
2017.5,8,20,254
2020.0,14,-1,335
2022.5,-25,-39,271
2025.0,-63,-24,281
2027.5,-14,5,386
2030.0,56,-8,316
2032.5,51,16,340
2035.0,86,56,260
2037.5,-14,-20,265
2040.0,-4,1,291
2042.5,-20,-42,306
2045.0,-9,-39,303
2047.5,-38,-24,341
2050.0,55,34,289
2052.5,29,-37,334
2055.0,29,-37,334
2057.5,-11,-10,273
2060.0,143,-12,319
2062.5,-24,-38,317
2065.0,30,11,281
2067.5,7,-6,315
2070.0,-20,-17,318
2072.5,14,0,297
2075.0,-13,-12,364
2077.5,70,35,235
2080.0,30,58,279
2082.5,45,-3,322
2085.0,33,5,288
2087.5,7,22,291
2090.0,40,-2,349
2092.5,-18,-40,323
2095.0,-17,1,338
2097.5,29,6,228
2100.0,-16,-12,232
2102.5,48,20,281
2105.0,48,20,281
2107.5,12,25,307
2110.0,-53,-44,323
2112.5,18,9,312
2115.0,55,35,270
2117.5,22,-30,338
2120.0,50,-3,260
2122.5,-24,7,273
2125.0,34,10,335
2127.5,66,-18,311
2130.0,4,-16,333
2132.5,4,4,334
2135.0,52,-19,294
2137.5,-50,-22,305
2140.0,-30,9,242
2142.5,33,-25,281
2145.0,-4,20,355
2147.5,1,-19,302
2150.0,28,-44,342
2152.5,20,-26,319
2155.0,20,-26,319
2157.5,9,-9,260
2160.0,-6,1,345
2162.5,49,18,238
2165.0,-35,-18,310
2167.5,29,4,362
2170.0,62,19,311
2172.5,-125,-39,343
2175.0,3,-18,293
2177.5,78,-9,246
2180.0,22,11,316
2182.5,4,-11,270
2185.0,-11,-21,307
2187.5,-16,-3,342
2190.0,0,-28,317
2192.5,5,-2,344
2195.0,2,-17,313
2197.5,7,-38,223
2200.0,13,-11,312
2202.5,24,2,284
2205.0,24,2,284
2207.5,31,29,315
2210.0,-63,-25,350
2212.5,-20,-44,288
2215.0,-14,12,363
2217.5,9,-11,258
2220.0,36,15,245
2222.5,29,-1,287
2225.0,14,-8,282
2227.5,-12,-63,303
2230.0,3,8,340
2232.5,38,-12,313
2235.0,58,-30,360
2237.5,64,40,260
2240.0,-8,-4,278
2242.5,6,-16,339
2245.0,11,-11,268
2247.5,-90,-35,336
2250.0,-27,1,354
2252.5,6,0,256
2255.0,6,0,256
2257.5,-11,-19,352
2260.0,71,50,226
2262.5,4,41,254
2265.0,-42,-28,298
2267.5,16,4,300
2270.0,-12,-16,346
2272.5,-4,1,332
2275.0,75,-41,274
2277.5,7,-6,378
2280.0,68,-16,278
2282.5,17,-8,298
2285.0,0,-7,310
2287.5,18,-1,311
2290.0,-61,-22,323
2292.5,-16,-2,309
2295.0,57,-25,311
2297.5,-14,-30,357
2300.0,-8,-42,260
2302.5,32,1,276
2305.0,32,1,276
2307.5,-39,6,309
2310.0,-44,-38,316
2312.5,29,-15,304
2315.0,26,-12,355
2317.5,101,-43,291
2320.0,33,20,289
2322.5,59,41,179
2325.0,29,-4,242
2327.5,3,-36,371
2330.0,18,-11,295
2332.5,-33,-26,306
2335.0,5,-5,279
2337.5,7,39,223
2340.0,1,-41,283
2342.5,-30,18,262
2345.0,29,14,284
2347.5,-57,10,330
2350.0,-51,-53,331
2352.5,-3,-42,334
2355.0,-3,-42,334
2357.5,15,7,298
2360.0,38,13,264
2362.5,-31,-9,288
2365.0,9,15,268
2367.5,29,19,296
2370.0,25,17,343
2372.5,6,-14,313
2375.0,37,-8,339
2377.5,-7,-18,292
2380.0,-26,-36,279
2382.5,53,9,325
2385.0,16,2,285
2387.5,71,3,313
2390.0,24,-22,334
2392.5,12,-16,273
2395.0,4,-38,328
2397.5,-12,-35,271
2400.0,2,-89,267
2402.5,20,-21,335
2405.0,20,-21,335
2407.5,81,29,312
2410.0,-71,-53,309
2412.5,45,-29,366
2415.0,42,23,260
2417.5,14,-29,356
2420.0,14,-23,231
2422.5,-6,32,303
2425.0,-4,-44,333
2427.5,28,28,302
2430.0,-9,-117,330
2432.5,-3,-3,348
2435.0,16,-17,332
2437.5,55,47,386
2440.0,29,-6,246
2442.5,74,-8,295
2445.0,-21,-3,305
2447.5,87,-11,316
2450.0,13,-29,334
2452.5,-3,27,319
2455.0,-3,27,319
2457.5,26,-57,248
2460.0,-77,-44,316
2462.5,2,28,242
2465.0,19,-11,262
2467.5,32,19,321
2470.0,-31,3,249
2472.5,19,-21,308
2475.0,56,-6,317
2477.5,-25,5,296
2480.0,-19,8,360
2482.5,13,-27,272
2485.0,-18,-78,290
2487.5,-1,-4,341
2490.0,-49,-23,284
2492.5,-47,-50,321
2495.0,60,18,328
2497.5,-9,-74,311
2500.0,-19,-37,351
2502.5,46,4,275
2505.0,46,4,275
2507.5,46,10,288
2510.0,4,-31,364
2512.5,38,9,294
2515.0,-28,-35,341
2517.5,48,17,278
2520.0,35,20,250
2522.5,-29,-19,308
2525.0,35,31,292
2527.5,9,-16,306
2530.0,57,-9,373
2532.5,49,-26,315
2535.0,-51,-58,346
2537.5,-2,-8,267
2540.0,53,-59,302
2542.5,2,9,258
2545.0,31,-32,279
2547.5,-70,-37,326
2550.0,-4,-2,372
2552.5,-4,-2,372
2555.0,26,0,328
2557.5,0,-36,386
2560.0,29,-24,246
2562.5,76,2,255
2565.0,-8,-16,260
2567.5,53,11,267
2570.0,-10,-39,295
2572.5,49,-26,356
2575.0,37,3,296
2577.5,5,3,339
2580.0,32,-7,247
2582.5,-73,-34,257
2585.0,22,7,310
2587.5,-5,-9,276
2590.0,-6,17,322
2592.5,23,-20,354
2595.0,10,-25,317
2597.5,-20,3,349
2600.0,0,-27,265
2602.5,0,-27,265
2605.0,1,-49,278
2607.5,27,20,323
2610.0,-2,-3,307
2612.5,-5,-13,307
2615.0,16,24,347
2617.5,-33,-33,266
2620.0,-39,-52,367
2622.5,14,5,223
2625.0,17,9,273
2627.5,-23,-4,299
2630.0,13,-25,297
2632.5,-2,-11,323
2635.0,-2,-43,351
2637.5,-107,2,275
2640.0,9,-47,366
2642.5,-6,-2,280
2645.0,-35,-10,305
2647.5,-2,-9,352
2650.0,50,1,311
2652.5,50,1,311
2655.0,17,-15,327
2657.5,37,-28,347
2660.0,24,-16,217
2662.5,-6,7,303
2665.0,45,23,228
2667.5,-37,9,286
2670.0,0,-18,347
2672.5,68,8,306
2675.0,-2,-34,327
2677.5,79,27,277
2680.0,-21,-14,242
2682.5,44,8,310
2685.0,9,-6,270
2687.5,-23,-2,305
2690.0,18,17,408
2692.5,20,6,303
2695.0,33,-35,376
2697.5,-15,0,289
2700.0,10,-11,234
2702.5,10,-11,234
2705.0,13,10,329
2707.5,112,-7,298
2710.0,11,-20,318
2712.5,-37,0,318
2715.0,27,15,306
2717.5,10,-7,341
2720.0,18,-19,244
2722.5,76,-5,243
2725.0,27,-5,291
2727.5,0,-21,303
2730.0,-12,-4,300
2732.5,55,-5,347
2735.0,-10,1,326
2737.5,-14,-36,356
2740.0,-12,-26,257
2742.5,89,-3,232
2745.0,58,-8,292
2747.5,-11,-10,295
2750.0,-21,-10,305
2752.5,-21,-10,305
2755.0,8,-14,351
2757.5,-37,-23,264
2760.0,3,-11,332
2762.5,44,37,243
2765.0,30,-15,329
2767.5,28,1,289
2770.0,66,22,292
2772.5,-65,-4,254
2775.0,-33,-7,321
2777.5,32,25,297
2780.0,-18,-60,349
2782.5,0,-26,255
2785.0,49,6,271
2787.5,16,-19,335
2790.0,50,-7,307
2792.5,75,18,332
2795.0,10,-6,362
2797.5,-14,-9,251
2800.0,-98,-25,343
2802.5,-98,-25,343
2805.0,60,12,250
2807.5,10,20,294
2810.0,-18,-5,312
2812.5,-3,-30,276
2815.0,-8,-35,342
2817.5,25,-57,345
2820.0,-53,-29,235
2822.5,-81,-18,305
2825.0,66,41,270
2827.5,-9,-2,299
2830.0,-9,2,340
2832.5,29,7,311
2835.0,-65,-32,315
2837.5,30,-14,343
2840.0,58,-10,270
2842.5,-81,-58,318
2845.0,29,8,235
2847.5,36,2,296
2850.0,24,15,346
2852.5,24,15,346
2855.0,48,-61,320
2857.5,-12,6,349
2860.0,25,-5,285
2862.5,120,10,287
2865.0,-21,-25,332
2867.5,-1,-7,259
2870.0,90,14,309
2872.5,-22,-18,368
2875.0,-30,-3,349
2877.5,-37,-20,352
2880.0,29,11,278
2882.5,-22,-33,247
2885.0,54,26,294
2887.5,-46,23,312
2890.0,-10,-19,300
2892.5,-8,-32,359
2895.0,46,-19,339
2897.5,86,-2,331
2900.0,-53,-18,262
2902.5,-53,-18,262
2905.0,18,-4,297
2907.5,-3,31,284
2910.0,-24,-14,322
2912.5,-2,16,326
2915.0,48,4,338
2917.5,-108,4,282
2920.0,11,-14,373
2922.5,2,-8,213
2925.0,-41,-28,314
2927.5,13,10,312
2930.0,2,20,284
2932.5,60,7,300
2935.0,53,-48,355
2937.5,66,-6,320
2940.0,-28,-32,329
2942.5,116,39,248
2945.0,-12,-17,301
2947.5,1,-4,291
2950.0,50,9,292
2952.5,50,9,292
2955.0,-36,-18,303
2957.5,-58,-22,319
2960.0,-24,37,284
2962.5,19,-12,358
2965.0,30,-13,246
2967.5,-83,-35,244
2970.0,19,0,306
2972.5,65,40,273
2975.0,-9,1,320
2977.5,-46,-21,312
2980.0,9,0,258
2982.5,-40,-34,350
2985.0,3,1,260
2987.5,90,-23,285
2990.0,-19,-15,296
2992.5,-26,-15,317
2995.0,34,-16,346
2997.5,20,-26,342
3000.0,5,-52,251
3002.5,5,-52,251
3005.0,-13,-22,342
3007.5,52,12,243
3010.0,-33,-1,253
3012.5,-31,-9,345
3015.0,24,2,313
3017.5,44,12,352
3020.0,61,22,316
3022.5,-81,-21,259
3025.0,-34,-17,287
3027.5,25,1,283
3030.0,19,6,303
3032.5,-23,-16,364
3035.0,-10,-11,308
3037.5,16,-49,403
3040.0,7,-24,285
3042.5,95,26,261
3045.0,-72,-26,299
3047.5,48,40,284
3050.0,48,40,284
3052.5,12,-1,279
3055.0,4,-1,343
3057.5,-9,-37,332
3060.0,1,-21,342
3062.5,45,8,297
3065.0,5,-39,246
3067.5,15,11,313
3070.0,41,18,282
3072.5,-8,-35,330
3075.0,-36,66,342
3077.5,-15,-28,324
3080.0,37,-28,368
3082.5,7,-80,308
3085.0,97,-43,312
3087.5,-5,-27,326
3090.0,61,-18,292
3092.5,23,8,276
3095.0,-7,-17,367
3097.5,-54,-37,304
3100.0,-54,-37,304
3102.5,-58,9,358
3105.0,17,21,242
3107.5,26,-61,289
3110.0,-6,-7,306
3112.5,-61,-27,273
3115.0,4,11,296
3117.5,18,-20,367
3120.0,-46,-10,246
3122.5,59,1,360
3125.0,40,-12,259
3127.5,94,-7,278
3130.0,3,-39,266
3132.5,38,21,299
3135.0,-64,-35,314
3137.5,-77,7,294
3140.0,23,-22,275
3142.5,-30,-18,302
3145.0,48,0,260
3147.5,-22,13,234
3150.0,-22,13,234
3152.5,24,32,299
3155.0,68,30,279
3157.5,-95,-2,294
3160.0,-18,-46,328
3162.5,-9,4,280
3165.0,-22,-43,343
3167.5,12,-36,241
3170.0,115,-8,273
3172.5,22,0,319
3175.0,8,-11,282
3177.5,-82,27,271
3180.0,-4,3,321
3182.5,58,-7,280
3185.0,-26,-51,318
3187.5,4,8,262
3190.0,1,-10,296
3192.5,-54,-54,322
3195.0,-3,23,305
3197.5,28,-12,348
3200.0,28,-12,348
3202.5,-6,-33,319
3205.0,46,-1,283
3207.5,25,21,352
3210.0,-34,-36,268
3212.5,-5,-15,283
3215.0,22,-41,356
3217.5,25,11,279
3220.0,-66,-45,347
3222.5,53,14,311
3225.0,41,-6,268
3227.5,-46,-30,321
3230.0,37,-8,277
3232.5,25,1,274
3235.0,-51,-32,315
3237.5,51,28,331
3240.0,-66,-34,386
3242.5,58,8,307
3245.0,44,-24,280
3247.5,-55,-25,305
3250.0,-55,-25,305
3252.5,37,-10,264
3255.0,7,20,298
3257.5,-14,-11,372
3260.0,61,-9,310
3262.5,-27,-33,344
3265.0,18,-16,287
3267.5,7,13,275
3270.0,5,-13,302
3272.5,32,13,298
3275.0,-22,27,313
3277.5,-44,-29,381
3280.0,-22,-20,341
3282.5,60,-41,360
3285.0,63,-17,286
3287.5,180,-5,326
3290.0,40,-17,312
3292.5,11,-7,285
3295.0,-31,-30,320
3297.5,36,24,334
3300.0,36,24,334
3302.5,-36,-88,328
3305.0,-59,-44,366
3307.5,-9,-11,237
3310.0,-19,-6,276
3312.5,28,-15,329
3315.0,35,18,293
3317.5,-29,22,327
3320.0,22,-42,376
3322.5,43,-8,282
3325.0,-14,24,332
3327.5,55,31,229
3330.0,-10,0,272
3332.5,-15,-29,314
3335.0,45,53,269
3337.5,-70,-38,318
3340.0,51,-40,362
3342.5,-3,-8,267
3345.0,9,-12,363
3347.5,46,-10,256
3350.0,46,-10,256
3352.5,3,-3,256
3355.0,20,9,303
3357.5,28,7,251
3360.0,39,6,309
3362.5,48,22,346
3365.0,-13,-41,265
3367.5,7,-14,362
3370.0,-14,-3,264
3372.5,20,29,283
3375.0,-6,-18,378
3377.5,10,7,340
3380.0,29,21,321
3382.5,6,7,325
3385.0,4,1,233
3387.5,15,7,307
3390.0,-42,-52,267
3392.5,8,-3,271
3395.0,10,-11,299
3397.5,21,22,273
3400.0,21,22,273
3402.5,78,-14,341
3405.0,54,-20,311
3407.5,49,8,276
3410.0,23,-1,358
3412.5,61,13,241
3415.0,-12,7,270
3417.5,3,-33,402
3420.0,-12,-13,310
3422.5,1,-39,358
3425.0,23,-5,316
3427.5,42,21,260
3430.0,5,-41,333
3432.5,47,26,290
3435.0,-4,-32,299
3437.5,19,-39,376
3440.0,39,-18,287
3442.5,-19,-19,343
3445.0,38,12,277
3447.5,-16,-1,229
3450.0,-16,-1,229
3452.5,-30,-25,309
3455.0,18,6,215
3457.5,10,13,256
3460.0,-45,5,325
3462.5,36,49,322
3465.0,5,-25,393
3467.5,11,-33,302
3470.0,1,-28,237
3472.5,44,2,321
3475.0,-33,-20,281
3477.5,-52,19,285
3480.0,0,-22,364
3482.5,30,-6,307
3485.0,62,-18,337
3487.5,4,-7,253
3490.0,131,34,309
3492.5,1,-11,288
3495.0,20,10,288
3497.5,40,18,320
3500.0,40,18,320
3502.5,14,-7,295
3505.0,30,-2,264
3507.5,5,7,320
3510.0,14,-5,252
3512.5,7,-35,255
3515.0,54,31,295
3517.5,-78,-3,270
3520.0,80,2,298
3522.5,61,-25,367
3525.0,74,5,281
3527.5,-44,-18,354
3530.0,26,8,261
3532.5,-98,18,254
3535.0,-16,-10,319
3537.5,47,6,322
3540.0,-18,9,317
3542.5,8,-31,317
3545.0,35,-36,253
3547.5,35,-36,253
3550.0,-7,-15,334
3552.5,31,-37,262
3555.0,-1,15,287
3557.5,20,-23,324
3560.0,25,-46,300
3562.5,-19,3,297
3565.0,34,-13,309
3567.5,67,9,245
3570.0,-7,-2,306
3572.5,30,32,238
3575.0,-30,-22,292
3577.5,22,-12,330
3580.0,-1,-25,266
3582.5,-83,-17,301
3585.0,20,-18,302
3587.5,-7,-19,243
3590.0,4,-48,336
3592.5,45,-1,267
3595.0,-63,-45,277
3597.5,-63,-45,277
3600.0,-9,-25,339
3602.5,3,-8,326
3605.0,55,-16,366
3607.5,26,-23,296
3610.0,141,1,260
3612.5,18,17,302
3615.0,49,3,248
3617.5,12,-3,292
3620.0,10,-62,364
3622.5,8,4,296
3625.0,-48,-16,337
3627.5,11,2,289
3630.0,124,-18,250
3632.5,-2,-28,295
3635.0,50,7,266
3637.5,-13,-31,281
3640.0,-20,5,328
3642.5,-5,-36,293
3645.0,-36,-23,334
3647.5,-36,-23,334
3650.0,29,14,268
3652.5,40,-33,271
3655.0,27,10,289
3657.5,-16,-25,308
3660.0,-3,-27,324
3662.5,47,16,373
3665.0,-53,-22,252
3667.5,-29,-17,328
3670.0,50,25,264
3672.5,5,-11,244
3675.0,23,-41,297
3677.5,-8,-15,266
3680.0,-3,40,249
3682.5,-16,-24,352
3685.0,-8,2,239
3687.5,5,-46,340
3690.0,24,-25,235
3692.5,28,49,205
3695.0,12,-27,322
3697.5,12,-27,322
3700.0,46,19,289
3702.5,-16,-16,299
3705.0,24,-29,351
3707.5,71,6,258
3710.0,-69,-45,365
3712.5,-3,-8,244
3715.0,5,-8,276
3717.5,-38,14,297
3720.0,67,-10,285
3722.5,-33,-10,320
3725.0,-25,-41,340
3727.5,36,-23,333
3730.0,-6,-55,367
3732.5,12,-7,231
3735.0,-13,1,293
3737.5,52,28,331
3740.0,54,4,322
3742.5,-20,40,289
3745.0,-51,-32,328
3747.5,-51,-32,328
3750.0,14,5,276
3752.5,-3,44,318
3755.0,37,24,251
3757.5,-9,-9,262
3760.0,-42,-22,336
3762.5,-27,-18,316
3765.0,-43,-39,327
3767.5,-33,-11,302
3770.0,6,45,253
3772.5,41,18,337
3775.0,10,15,251
3777.5,-77,-20,258
3780.0,6,-5,344
3782.5,-38,-5,281
3785.0,-33,-71,357
3787.5,26,-13,343
3790.0,53,22,259
3792.5,-21,-36,319
3795.0,87,-17,222
3797.5,87,-17,222
3800.0,20,-10,314
3802.5,-31,-33,357
3805.0,39,-7,310
3807.5,41,0,331
3810.0,18,-3,291
3812.5,62,11,267
3815.0,16,-32,318
3817.5,39,-7,292
3820.0,14,-16,298
3822.5,91,-11,382
3825.0,68,-1,311
3827.5,36,-3,337
3830.0,48,-23,272
3832.5,30,12,277
3835.0,20,-4,307
3837.5,-34,-27,290
3840.0,126,20,284
3842.5,-43,-3,320
3845.0,-18,1,291
3847.5,-18,1,291
3850.0,-22,-1,346
3852.5,-2,-30,238
3855.0,55,-28,276
3857.5,-21,-23,314
3860.0,14,-12,282
3862.5,31,2,294
3865.0,-11,-41,361
3867.5,-16,-30,276
3870.0,61,11,344
3872.5,42,3,246
3875.0,-32,-66,352
3877.5,11,-28,307
3880.0,82,34,265
3882.5,11,-21,301
3885.0,27,-30,361
3887.5,17,-7,317
3890.0,51,25,364
3892.5,1,-33,267
3895.0,29,-19,245
3897.5,29,-19,245
3900.0,44,9,318
3902.5,57,18,296
3905.0,-36,-46,324
3907.5,49,15,356
3910.0,1,-73,352
3912.5,-57,-45,373
3915.0,15,-26,280
3917.5,35,-34,280
3920.0,-49,-26,308
3922.5,-2,-1,293
3925.0,-30,-11,312
3927.5,24,-49,325
3930.0,0,31,242
3932.5,-69,-5,293
3935.0,-19,-24,283
3937.5,3,-31,290
3940.0,-13,6,309
3942.5,11,-24,320
3945.0,-52,-40,330
3947.5,-52,-40,330
3950.0,-1,-37,313
3952.5,43,-3,254
3955.0,40,16,327
3957.5,43,-2,262
3960.0,6,-2,276
3962.5,2,-37,351
3965.0,5,-1,289
3967.5,-10,-34,329
3970.0,57,40,282
3972.5,55,20,245
3975.0,71,20,329
3977.5,-26,-33,276
3980.0,18,2,300
3982.5,8,-18,390
3985.0,59,19,294
3987.5,30,14,369
3990.0,22,4,291
3992.5,23,6,227
3995.0,6,-15,321
3997.5,6,-15,321
4000.0,-37,28,244
4002.5,36,4,301
4005.0,12,-9,358
4007.5,5,-46,304
4010.0,13,-4,335
4012.5,57,-7,268
4015.0,89,6,264
4017.5,17,-1,291
4020.0,1,-32,299
4022.5,-36,-3,305
4025.0,0,-9,332
4027.5,29,-25,361
4030.0,33,6,365
4032.5,43,32,246
4035.0,56,-13,292
4037.5,-11,-28,289
4040.0,1,9,268
4042.5,-68,-17,302
4045.0,-105,-23,340
4047.5,-105,-23,340
4050.0,-16,-16,358
4052.5,1,-23,381
4055.0,71,19,222
4057.5,-184,-63,245
4060.0,-6,-3,305
4062.5,15,-19,291
4065.0,-36,-38,323
4067.5,-80,-64,324
4070.0,25,6,291
4072.5,-21,-10,327
4075.0,-34,-61,276
4077.5,-86,-76,276
4080.0,15,0,332
4082.5,36,5,317
4085.0,-16,2,322
4087.5,-17,-10,309
4090.0,66,-4,309
4092.5,-51,-22,308
4095.0,-51,-22,308
4097.5,-23,-1,264
4100.0,0,37,305
4102.5,7,9,318
4105.0,-51,55,301
4107.5,17,-19,311
4110.0,12,-39,331
4112.5,-62,-9,257
4115.0,-30,-22,326
4117.5,58,4,242
4120.0,78,34,309
4122.5,6,-25,384
4125.0,33,-4,318
4127.5,2,-18,341
4130.0,2,12,278
4132.5,2,-27,256
4135.0,-8,24,297
4137.5,-7,-9,278
4140.0,40,22,311
4142.5,-37,17,338
4145.0,-37,17,338
4147.5,-18,-35,287
4150.0,-12,-5,331
4152.5,20,-36,290
4155.0,17,11,266
4157.5,-68,-46,296
4160.0,-2,5,304
4162.5,26,2,305
4165.0,-39,36,334
4167.5,-4,-23,296
4170.0,3,-4,349
4172.5,-19,-35,268
4175.0,14,-56,280
4177.5,33,25,317
4180.0,-25,-39,285
4182.5,0,-30,322
4185.0,10,14,340
4187.5,10,-16,251
4190.0,69,-3,370
4192.5,15,-3,225
4195.0,15,-3,225
4197.5,43,-29,229
4200.0,4,-6,299
4202.5,42,-18,297
4205.0,-36,-7,300
4207.5,4,-45,362
4210.0,-59,-45,265
4212.5,-67,-44,324
4215.0,9,-2,261
4217.5,39,11,282
4220.0,4,13,321
4222.5,32,25,298
4225.0,-31,-10,322
4227.5,-45,-2,325
4230.0,11,-13,316
4232.5,65,6,362
4235.0,11,-16,245
4237.5,-57,21,211
4240.0,-9,-6,318
4242.5,69,48,325
4245.0,69,48,325
4247.5,7,-25,318
4250.0,-44,-13,314
4252.5,-31,-3,252
4255.0,10,6,336
4257.5,11,-29,254
4260.0,14,-2,252
4262.5,24,-10,346
4265.0,27,-8,284
4267.5,9,-5,310
4270.0,60,-28,284
4272.5,14,-18,250
4275.0,-13,-11,317
4277.5,51,-26,260
4280.0,62,33,263
4282.5,-20,-1,343
4285.0,39,22,303
4287.5,8,-4,396
4290.0,23,10,288
4292.5,25,8,253
4295.0,25,8,253
4297.5,-24,-24,318
4300.0,73,18,271
4302.5,9,-11,322
4305.0,-20,-65,381
4307.5,91,20,319
4310.0,-43,-21,368
4312.5,14,-39,299
4315.0,16,-16,258
4317.5,-3,-12,351
4320.0,-6,-10,266
4322.5,0,-22,311
4325.0,-9,-10,356
4327.5,41,-64,329
4330.0,7,-21,337
4332.5,47,4,266
4335.0,106,-4,262
4337.5,17,-1,251
4340.0,2,-2,284
4342.5,-89,5,300
4345.0,-89,5,300
4347.5,-14,-20,359
4350.0,-27,-52,328
4352.5,-66,-34,389
4355.0,73,16,256
4357.5,45,3,258
4360.0,-40,-31,313
4362.5,6,-12,293
4365.0,-4,-10,337
4367.5,28,-28,356
4370.0,-10,42,288
4372.5,5,8,342
4375.0,-7,-18,258
4377.5,-52,-15,255
4380.0,-4,-6,331
4382.5,20,8,303
4385.0,-71,-56,338
4387.5,-3,-5,305
4390.0,83,41,248
4392.5,16,-19,329
4395.0,16,-19,329
4397.5,34,3,284
4400.0,-17,-18,304
4402.5,35,2,340
4405.0,20,-29,298
4407.5,-30,-14,303
4410.0,-1,4,306
4412.5,10,-24,233
4415.0,-67,1,301
4417.5,33,21,268
4420.0,52,24,304
4422.5,-53,-41,326
4425.0,35,8,309
4427.5,-51,12,333
4430.0,-28,-18,299
4432.5,2,-2,244
4435.0,18,-14,312
4437.5,27,11,246
4440.0,-55,-3,290
4442.5,-55,-3,290
4445.0,-27,-21,348
4447.5,-1,-8,311
4450.0,-2,-34,355
4452.5,15,-8,301
4455.0,51,46,238
4457.5,-74,-45,302
4460.0,14,-31,261
4462.5,14,-25,329
4465.0,-3,-1,341
4467.5,-24,-1,320
4470.0,15,8,356
4472.5,21,11,266
4475.0,60,14,245
4477.5,-71,17,254
4480.0,11,28,258
4482.5,-13,-28,275
4485.0,-1,-21,335
4487.5,-5,-9,320
4490.0,20,-4,374
4492.5,20,-4,374
4495.0,43,-2,263
4497.5,-9,-15,276
4500.0,39,-8,327
4502.5,30,3,276
4505.0,1,-16,305
4507.5,2,0,321
4510.0,58,8,312
4512.5,6,-23,364
4515.0,51,26,218
4517.5,96,11,266
4520.0,60,14,276
4522.5,-29,-32,314
4525.0,20,3,312
4527.5,80,-10,375
4530.0,4,-87,301
4532.5,30,1,326
4535.0,30,18,268
4537.5,-102,-19,236
4540.0,25,11,318
4542.5,25,11,318
4545.0,44,32,294
4547.5,1,11,340
4550.0,3,4,330
4552.5,9,47,253
4555.0,2,4,332
4557.5,-91,-12,234
4560.0,6,34,299
4562.5,73,1,330
4565.0,83,-34,327
4567.5,-20,-50,318
4570.0,12,0,301
4572.5,-51,-9,265
4575.0,-18,2,338
4577.5,13,3,266
4580.0,-79,9,293
4582.5,15,16,365
4585.0,12,-5,313
4587.5,-35,-8,322
4590.0,-2,-44,302
4592.5,-2,-44,302
4595.0,-12,-29,225
4597.5,-38,-44,302
4600.0,18,4,270
4602.5,16,24,296
4605.0,-51,-29,335
4607.5,109,-24,320
4610.0,-56,-25,344
4612.5,25,-3,292
4615.0,-17,-18,236
4617.5,-22,-16,304
4620.0,46,-24,292
4622.5,18,9,311
4625.0,12,-30,382
4627.5,29,-3,309
4630.0,-29,-31,379
4632.5,7,-14,272
4635.0,-37,-5,229
4637.5,-36,-16,314
4640.0,-1,-29,305
4642.5,-1,-29,305
4645.0,-22,-33,292
4647.5,36,33,333
4650.0,30,-24,312
4652.5,-18,-59,384
4655.0,29,6,262
4657.5,0,14,265
4660.0,35,-17,283
4662.5,28,-12,292
4665.0,-32,-21,284
4667.5,33,10,351
4670.0,46,-5,314
4672.5,22,-5,381
4675.0,43,5,295
4677.5,34,-38,305
4680.0,53,0,282
4682.5,21,4,273
4685.0,-52,-49,333
4687.5,-7,-10,325
4690.0,90,12,314
4692.5,90,12,314
4695.0,-38,-32,325
4697.5,69,-9,252
4700.0,-49,-53,269
4702.5,16,18,312
4705.0,-7,-12,297
4707.5,11,-31,347
4710.0,63,2,321
4712.5,-33,-47,253
4715.0,-55,-22,321
4717.5,19,19,235
4720.0,8,-23,284
4722.5,-28,-9,332
4725.0,40,-15,329
4727.5,3,-13,332
4730.0,-17,-34,314
4732.5,79,13,287
4735.0,21,13,310
4737.5,68,21,284
4740.0,9,-29,306
4742.5,9,-29,306
4745.0,10,-14,338
4747.5,0,23,294
4750.0,-60,-39,356
4752.5,3,-11,288
4755.0,-25,-8,263
4757.5,-50,-52,317
4760.0,-29,-13,283
4762.5,-4,-9,301
4765.0,-39,-40,368
4767.5,69,28,285
4770.0,16,-3,345
4772.5,36,16,279
4775.0,72,31,244
4777.5,-1,-3,300
4780.0,-1,-8,308
4782.5,35,-7,276
4785.0,-56,14,327
4787.5,68,14,303
4790.0,59,6,351
4792.5,59,6,351
4795.0,39,-62,302
4797.5,-9,0,221
4800.0,1,7,302
4802.5,-16,25,318
4805.0,5,-10,331
4807.5,-13,-9,333
4810.0,52,-11,327
4812.5,-19,-31,351
4815.0,68,8,235
4817.5,74,28,269
4820.0,50,20,326
4822.5,51,20,265
4825.0,26,0,339
4827.5,-17,-24,331
4830.0,9,9,325
4832.5,-23,-23,407
4835.0,21,20,237
4837.5,7,12,271
4840.0,21,-5,288
4842.5,21,-5,288
4845.0,25,19,309
4847.5,62,19,329
4850.0,-56,-22,313
4852.5,45,7,277
4855.0,-45,-5,314
4857.5,-48,-54,264
4860.0,-31,3,258
4862.5,-39,0,285
4865.0,3,1,291
4867.5,2,46,349
4870.0,66,-6,336
4872.5,49,-25,295
4875.0,-50,-46,349
4877.5,57,21,282
4880.0,24,-12,278
4882.5,-28,-32,357
4885.0,18,5,296
4887.5,-7,-42,335
4890.0,36,19,306
4892.5,36,19,306
4895.0,94,-10,259
4897.5,18,-16,300
4900.0,52,23,281
4902.5,3,20,302
4905.0,-13,20,324
4907.5,46,-9,323
4910.0,-19,8,342
4912.5,14,-29,283
4915.0,-4,-26,232
4917.5,32,-6,289
4920.0,4,26,290
4922.5,-10,20,292
4925.0,44,-33,349
4927.5,66,14,296
4930.0,17,17,342
4932.5,45,10,262
4935.0,112,16,258
4937.5,-39,-41,290
4940.0,-16,-43,278
4942.5,-16,-43,278
4945.0,-54,-45,316
4947.5,32,-2,357
4950.0,39,-29,307
4952.5,13,-43,319
4955.0,43,-2,264
4957.5,31,-14,266
4960.0,44,12,299
4962.5,84,25,303
4965.0,-62,-19,314
4967.5,45,-1,340
4970.0,15,9,268
4972.5,-67,-55,302
4975.0,-21,-28,278
4977.5,30,8,318
4980.0,-6,-7,343
4982.5,22,1,318
4985.0,31,-3,319
4987.5,-4,-14,311
4990.0,-4,-14,311
4992.5,111,20,251
4995.0,19,12,297
4997.5,18,4,254
5000.0,24,14,296
5002.5,17,9,363
5005.0,-22,-19,318
5007.5,65,10,358
5010.0,74,5,303
5012.5,-25,-16,259
5015.0,-21,-19,314
5017.5,67,-15,286
5020.0,-14,-25,275
5022.5,-55,-50,333
5025.0,69,-31,335
5027.5,-20,-32,366
5030.0,30,-15,294
5032.5,-21,-54,246
5035.0,49,25,315
5037.5,-25,-37,297
5040.0,-25,-37,297
5042.5,-18,-16,296
5045.0,-48,-14,327
5047.5,120,12,365
5050.0,39,17,366
5052.5,38,-2,266
5055.0,11,-16,234
5057.5,-46,-36,318
5060.0,-5,-4,312
5062.5,-16,18,303
5065.0,17,-16,350
5067.5,69,-15,322
5070.0,-53,-47,327
5072.5,68,17,233
5075.0,-25,13,263
5077.5,-4,-7,313
5080.0,54,25,297
5082.5,44,10,325
5085.0,-21,-11,323
5087.5,30,-11,347
5090.0,30,-11,347
5092.5,-29,-1,338
5095.0,26,-10,258
5097.5,-24,-47,260
5100.0,22,12,334
5102.5,17,10,319
5105.0,-18,-8,346
5107.5,60,-17,356
5110.0,20,37,317
5112.5,-28,-45,382
5115.0,-4,8,258
5117.5,40,-9,298
5120.0,25,19,323
5122.5,-72,-57,314
5125.0,-8,-25,320
5127.5,53,-5,302
5130.0,46,-8,258
5132.5,-32,-14,320
5135.0,31,-5,294
5137.5,0,5,280
5140.0,0,5,280
5142.5,-1,-53,376
5145.0,76,20,311
5147.5,-18,-26,365
5150.0,-32,-46,313
5152.5,-73,-36,241
5155.0,-6,-19,325
5157.5,28,11,281
5160.0,-24,-31,330
5162.5,40,3,360
5165.0,34,15,310
5167.5,-11,-4,318
5170.0,3,-25,312
5172.5,93,28,255
5175.0,35,-15,294
5177.5,62,4,295
5180.0,11,-56,299
5182.5,-1,1,334
5185.0,-20,7,296
5187.5,60,-20,331
5190.0,60,-20,331
5192.5,45,34,255
5195.0,9,-19,248
5197.5,-3,33,287
5200.0,-2,-11,297
5202.5,33,13,311
5205.0,56,-8,375
5207.5,61,2,289
5210.0,-55,-4,358
5212.5,82,11,259
5215.0,32,-6,322
5217.5,11,-16,312
5220.0,28,0,279
5222.5,-15,-20,308
5225.0,38,7,344
5227.5,27,-5,239
5230.0,-24,4,330
5232.5,40,-9,247
5235.0,17,10,278
5237.5,7,-1,336
5240.0,7,-1,336
5242.5,23,7,279
5245.0,-11,-25,325
5247.5,9,-23,343
5250.0,-20,-37,270
5252.5,-58,-22,339
5255.0,7,5,247
5257.5,106,5,296
5260.0,-9,-6,310
5262.5,42,6,305
5265.0,-51,-24,350
5267.5,-19,-23,291
5270.0,-61,-10,213
5272.5,40,-21,328
5275.0,45,37,255
5277.5,-15,-9,307
5280.0,10,-17,343
5282.5,59,0,318
5285.0,46,-5,335
5287.5,38,8,269
5290.0,38,8,269
5292.5,-19,-20,236
5295.0,-56,-43,311
5297.5,-44,-38,264
5300.0,-6,-20,288
5302.5,28,8,355
5305.0,-78,-6,342
5307.5,1,-5,322
5310.0,25,3,285
5312.5,96,-25,276
5315.0,15,10,284
5317.5,33,-7,273
5320.0,36,1,295
5322.5,32,3,321
5325.0,41,31,311
5327.5,23,-1,346
5330.0,44,-4,232
5332.5,-4,-26,262
5335.0,32,-16,348
5337.5,-25,24,274
5340.0,-25,24,274
5342.5,-63,-20,305
5345.0,10,-46,364
5347.5,65,7,293
5350.0,41,-18,361
5352.5,75,18,248
5355.0,-27,27,285
5357.5,-23,3,323
5360.0,7,-2,308
5362.5,-13,-27,277
5365.0,74,4,372
5367.5,36,0,261
5370.0,-56,-33,332
5372.5,-7,-9,283
5375.0,48,6,268
5377.5,-45,-21,319
5380.0,44,15,311
5382.5,113,70,302
5385.0,10,-31,295
5387.5,38,-39,295
5390.0,38,-39,295
5392.5,-81,-27,354
5395.0,35,6,251
5397.5,74,18,289
5400.0,-30,-1,300
5402.5,27,39,313
5405.0,-27,-35,314
5407.5,13,-40,318
5410.0,112,16,262
5412.5,-42,-38,365
5415.0,-1,-23,240
5417.5,-45,-8,287
5420.0,-8,-19,371
5422.5,-9,-23,320
5425.0,-7,-5,331
5427.5,62,24,279
5430.0,61,-16,267
5432.5,55,-24,360
5435.0,31,-6,260
5437.5,-8,10,289
5440.0,-8,10,289
5442.5,-10,-6,383
5445.0,-91,-30,330
5447.5,-27,4,357
5450.0,1,-8,266
5452.5,15,-27,261
5455.0,25,-24,336
5457.5,56,13,291
5460.0,6,17,296
5462.5,-6,0,344
5465.0,19,12,301
5467.5,-33,-29,344
5470.0,5,15,268
5472.5,76,26,268
5475.0,50,8,295
5477.5,-16,18,326
5480.0,-23,-19,314
5482.5,36,4,350
5485.0,-38,-31,336
5487.5,-36,-54,379
5490.0,-36,-54,379
5492.5,42,13,218
5495.0,72,50,241
5497.5,-39,-53,316
5500.0,45,11,350
5502.5,31,-3,317
5505.0,-19,14,337
5507.5,41,-21,258
5510.0,-37,-16,306
5512.5,45,7,262
5515.0,56,27,282
5517.5,20,1,307
5520.0,38,0,296
5522.5,-48,-38,329
5525.0,15,-44,324
5527.5,-10,-19,272
5530.0,-58,-17,316
5532.5,-28,-58,262
5535.0,31,15,290
5537.5,31,15,290
5540.0,-33,-15,299
5542.5,27,-20,291
5545.0,11,-56,360
5547.5,80,-6,329
5550.0,-38,-20,251
5552.5,62,9,339
5555.0,29,-2,245
5557.5,11,29,293
5560.0,-32,-37,355
5562.5,51,-30,321
5565.0,3,25,334
5567.5,48,25,284
5570.0,11,25,235
5572.5,-18,-25,294
5575.0,-25,14,282
5577.5,-2,-20,323
5580.0,18,6,392
5582.5,26,-27,315
5585.0,-8,-12,330
5587.5,-8,-12,330
5590.0,-22,-31,301
5592.5,55,-20,269
5595.0,-6,-10,310
5597.5,-3,8,279
5600.0,2,1,313
5602.5,26,17,326
5605.0,27,25,291
5607.5,1,22,372
5610.0,27,43,240
5612.5,-19,-20,285
5615.0,43,19,288
5617.5,18,-27,302
5620.0,-13,-44,350
5622.5,57,3,340
5625.0,-8,-14,274
5627.5,-1,-8,330
5630.0,42,22,233
5632.5,17,28,293
5635.0,20,-32,309
5637.5,20,-32,309
5640.0,4,50,298
5642.5,22,-10,384
5645.0,53,4,321
5647.5,61,-7,272
5650.0,-81,-42,335
5652.5,5,33,273
5655.0,9,7,299
5657.5,20,7,309
5660.0,51,-66,326
5662.5,-33,-25,336
5665.0,46,-2,348
5667.5,33,-53,276
5670.0,14,13,324
5672.5,26,19,255
5675.0,40,2,286
5677.5,-56,-23,325
5680.0,-57,-15,321
5682.5,28,15,341
5685.0,44,-26,303
5687.5,44,-26,303
5690.0,1,12,257
5692.5,-2,-52,340
5695.0,35,8,281
5697.5,-32,-64,324
5700.0,32,12,373
5702.5,49,-28,313
5705.0,11,-32,355
5707.5,77,10,284
5710.0,31,-38,240
5712.5,25,12,296
5715.0,14,15,283
5717.5,47,-40,305
5720.0,56,13,380
5722.5,34,11,296
5725.0,29,-2,343
5727.5,23,7,324
5730.0,57,17,280
5732.5,-28,-13,295
5735.0,25,16,298
5737.5,25,16,298
5740.0,14,24,287
5742.5,-11,-30,333
5745.0,37,3,321
5747.5,-18,-46,329
5750.0,31,12,229
5752.5,18,-54,203
5755.0,-5,-45,279
5757.5,1,19,230
5760.0,19,-4,240
5762.5,31,4,326
5765.0,26,23,324
5767.5,-8,-29,340
5770.0,24,27,253
5772.5,-31,5,236
5775.0,21,8,297
5777.5,13,-5,306
5780.0,-20,11,337
5782.5,71,-44,340
5785.0,-28,-15,268
5787.5,-28,-15,268
5790.0,-14,-29,356
5792.5,14,-31,252
5795.0,17,38,273
5797.5,9,31,342
5800.0,15,2,299
5802.5,66,1,318
5805.0,70,-17,347
5807.5,46,-25,284
5810.0,-67,-39,323
5812.5,24,7,271
5815.0,-49,-3,276
5817.5,-101,-17,307
5820.0,124,-24,332
5822.5,71,36,330
5825.0,62,14,292
5827.5,92,-13,283
5830.0,89,31,330
5832.5,-10,-18,269
5835.0,3,7,296
5837.5,3,7,296
5840.0,-17,-6,328
5842.5,-11,-20,285
5845.0,66,-12,370
5847.5,20,-3,294
5850.0,-13,-29,204
5852.5,-33,-33,301
5855.0,10,5,265
5857.5,-2,-59,305
5860.0,-31,-25,345
5862.5,91,-19,318
5865.0,24,-25,328
5867.5,-4,3,225
5870.0,28,22,256
5872.5,81,46,290
5875.0,24,23,274
5877.5,38,44,289
5880.0,3,-37,345
5882.5,-8,18,288
5885.0,-46,-102,335
5887.5,-46,-102,335
5890.0,34,4,295
5892.5,-13,-28,280
5895.0,38,29,293
5897.5,48,-6,331
5900.0,-30,-18,337
5902.5,-4,-34,369
5905.0,3,-22,277
5907.5,24,-16,357
5910.0,-9,-7,254
5912.5,-32,-4,240
5915.0,21,-21,303
5917.5,-5,-29,266
5920.0,22,-10,311
5922.5,24,8,332
5925.0,7,13,275
5927.5,19,-13,334
5930.0,-18,-48,261
5932.5,-19,-48,274
5935.0,-3,10,327
5937.5,-3,10,327
5940.0,-11,-111,340
5942.5,10,-24,329
5945.0,1,-33,320
5947.5,12,-6,253
5950.0,-40,-42,329
5952.5,-7,-17,278
5955.0,63,32,282
5957.5,5,12,306
5960.0,-30,-1,288
5962.5,-42,-68,322
5965.0,48,7,297
5967.5,98,-30,267
5970.0,4,-18,342
5972.5,40,7,286
5975.0,-1,25,294
5977.5,-34,-18,335
5980.0,71,-44,324
5982.5,49,13,347
5985.0,49,13,347
5987.5,49,24,299
5990.0,-19,-30,271
5992.5,40,10,301
5995.0,-9,1,294
5997.5,-34,-20,304
6000.0,-63,5,347
6002.5,3,-8,336
6005.0,-26,-25,349
6007.5,-30,-34,256
6010.0,42,12,266
6012.5,-54,-22,304
6015.0,48,-1,297
6017.5,-6,-22,311
6020.0,-31,-54,340
6022.5,-97,30,213
6025.0,-67,-55,343
6027.5,44,23,243
6030.0,-64,-15,258
6032.5,-80,-38,302
6035.0,-80,-38,302
6037.5,10,16,274
6040.0,-58,-41,327
6042.5,-42,-30,351
6045.0,-12,-16,333
6047.5,27,-29,367
6050.0,24,-1,230
6052.5,51,-41,347
6055.0,-26,-20,315
6057.5,4,-5,319
6060.0,45,16,278
6062.5,10,31,342
6065.0,9,10,291
6067.5,-33,-26,359
6070.0,-33,-35,241
6072.5,10,-23,311
6075.0,-11,3,336
6077.5,-17,-73,334
6080.0,-18,-35,315
6082.5,78,8,314
6085.0,78,8,314
6087.5,90,13,274
6090.0,-81,-32,343
6092.5,46,-16,265
6095.0,56,14,298
6097.5,-37,-21,314
6100.0,23,-13,315
6102.5,-35,-32,338
6105.0,12,-19,309
6107.5,13,-45,252
6110.0,22,5,326
6112.5,36,6,267
6115.0,17,-12,312
6117.5,20,-35,372
6120.0,92,17,293
6122.5,-68,-33,357
6125.0,19,-23,304
6127.5,6,9,238
6130.0,75,-29,294
6132.5,10,9,310
6135.0,10,9,310
6137.5,5,-12,297
6140.0,-11,-22,329
6142.5,5,-29,297
6145.0,-26,-3,366
6147.5,20,-40,305
6150.0,117,19,271
6152.5,68,10,302
6155.0,53,-6,297
6157.5,-3,-11,299
6160.0,-13,-38,352
6162.5,-6,-34,269
6165.0,12,-8,320
6167.5,10,-23,281
6170.0,1,2,263
6172.5,-9,-21,269
6175.0,20,-7,307
6177.5,-43,-13,329
6180.0,16,-66,363
6182.5,-3,-12,359
6185.0,-3,-12,359
6187.5,51,1,340
6190.0,57,17,236
6192.5,-19,25,245
6195.0,28,18,301
6197.5,6,-8,274
6200.0,-19,-13,314
6202.5,12,-5,358
6205.0,16,-57,329
6207.5,-50,-4,326
6210.0,29,-13,273
6212.5,42,9,264
6215.0,-10,-3,321
6217.5,51,-3,297
6220.0,32,18,338
6222.5,14,-14,314
6225.0,64,21,275
6227.5,-33,-17,299
6230.0,-9,39,239
6232.5,70,-36,314
6235.0,70,-36,314
6237.5,52,1,305
6240.0,3,-7,302
6242.5,-52,-26,284
6245.0,8,-21,304
6247.5,69,30,284
6250.0,28,-5,340
6252.5,7,-10,294
6255.0,-14,-30,292
6257.5,50,-5,349
6260.0,10,-15,315
6262.5,-27,-46,351
6265.0,11,-3,269
6267.5,51,-14,225
6270.0,-26,-28,309
6272.5,25,1,295
6275.0,-22,-31,333
6277.5,-48,14,331
6280.0,-36,-9,323
6282.5,-1,-45,351
6285.0,-1,-45,351
6287.5,31,-10,260
6290.0,13,-11,300
6292.5,40,-5,311
6295.0,34,20,306
6297.5,-26,-32,314
6300.0,-16,-36,354
6302.5,24,-7,338
6305.0,133,15,368
6307.5,54,13,285
6310.0,-22,-9,274
6312.5,48,11,302
6315.0,19,20,269
6317.5,-108,-20,335
6320.0,29,24,344
6322.5,26,24,284
6325.0,-21,-72,383
6327.5,11,-4,198
6330.0,-6,-4,316
6332.5,13,0,303
6335.0,13,0,303
6337.5,39,13,276
6340.0,27,-47,328
6342.5,45,2,353
6345.0,-83,-86,284
6347.5,52,15,348
6350.0,43,-7,257
6352.5,-30,23,243
6355.0,17,6,336
6357.5,27,-50,334
6360.0,22,33,326
6362.5,53,0,353
6365.0,-23,-23,273
6367.5,-10,-19,339
6370.0,0,-32,252
6372.5,-27,6,291
6375.0,12,5,302
6377.5,12,-3,306
6380.0,171,-13,307
6382.5,171,-13,307
6385.0,67,-33,330
6387.5,82,-25,266
6390.0,2,-10,337
6392.5,-27,0,269
6395.0,0,27,250
6397.5,-62,-26,316
6400.0,12,-24,291
6402.5,19,-4,309
6405.0,36,14,298
6407.5,-23,-46,250
6410.0,6,-43,331
6412.5,93,-1,238
6415.0,51,12,271
6417.5,-25,31,310
6420.0,35,22,290
6422.5,-7,-47,333
6425.0,20,-12,265
6427.5,49,-27,258
6430.0,88,19,341
6432.5,88,19,341
6435.0,-11,-32,286
6437.5,-21,-33,317
6440.0,2,-2,380
6442.5,18,-2,306
6445.0,71,-3,334
6447.5,30,1,337
6450.0,81,23,279
6452.5,-2,-5,299
6455.0,46,21,278
6457.5,-53,3,309
6460.0,-12,-33,374
6462.5,-5,-49,292
6465.0,31,-5,342
6467.5,-24,5,301
6470.0,0,4,268
6472.5,-11,-27,313
6475.0,-16,-23,335
6477.5,32,-16,320
6480.0,75,-18,367
6482.5,75,-18,367
6485.0,30,16,301
6487.5,-41,-10,356
6490.0,-17,9,223
6492.5,-28,-6,250
6495.0,32,15,287
6497.5,-27,45,239
6500.0,42,-48,305
6502.5,17,-26,329
6505.0,8,-53,266
6507.5,-46,-48,341
6510.0,4,-11,234
6512.5,-15,-13,261
6515.0,6,-22,332
6517.5,86,-1,289
6520.0,-26,-40,320
6522.5,38,-6,361
6525.0,16,-9,260
6527.5,-34,-32,309
6530.0,46,2,247
6532.5,46,2,247
6535.0,22,-8,282
6537.5,-25,-2,335
6540.0,-5,-5,311
6542.5,-52,-19,330
6545.0,-24,-28,333
6547.5,78,17,289
6550.0,27,30,302
6552.5,3,9,276
6555.0,12,-49,270
6557.5,-25,-4,325
6560.0,64,-7,320
6562.5,9,-26,339
6565.0,0,-31,305
6567.5,15,-1,250
6570.0,-32,-28,303
6572.5,34,-10,268
6575.0,52,-14,315
6577.5,9,11,334
6580.0,37,-1,292
6582.5,37,-1,292
6585.0,-4,-5,332
6587.5,13,-4,291
6590.0,-24,-24,248
6592.5,66,-21,331
6595.0,69,14,267
6597.5,46,1,299
6600.0,-13,3,341
6602.5,18,22,306
6605.0,21,2,338
6607.5,26,-7,274
6610.0,-3,-36,262
6612.5,26,27,299
6615.0,13,-6,306
6617.5,29,49,305
6620.0,-42,-28,340
6622.5,-69,7,307
6625.0,51,0,361
6627.5,15,-4,241
6630.0,7,-59,258
6632.5,7,-59,258
6635.0,25,24,286
6637.5,24,-11,271
6640.0,11,1,321
6642.5,29,-48,357
6645.0,7,-8,297
6647.5,24,-11,340
6650.0,44,7,281
6652.5,-32,12,245
6655.0,-22,-18,318
6657.5,51,25,272
6660.0,-35,-37,317
6662.5,-21,-13,313
6665.0,-8,-46,239
6667.5,50,19,342
6670.0,30,-26,220
6672.5,89,-38,268
6675.0,5,2,301
6677.5,20,-51,324
6680.0,24,-11,338
6682.5,24,-11,338
6685.0,26,26,313
6687.5,10,42,292
6690.0,-21,-27,357
6692.5,30,10,254
6695.0,11,63,272
6697.5,-40,-6,344
6700.0,-15,-25,311
6702.5,40,-15,325
6705.0,86,3,299
6707.5,26,6,210
6710.0,-50,-21,330
6712.5,6,-9,269
6715.0,10,16,296
6717.5,4,-21,368
6720.0,56,-5,300
6722.5,-37,-11,332
6725.0,5,-2,302
6727.5,-24,-32,269
6730.0,-6,-4,314
6732.5,-6,-4,314
6735.0,-2,-31,278
6737.5,19,29,322
6740.0,37,-21,361
6742.5,36,-30,301
6745.0,-1,-12,332
6747.5,16,-3,287
6750.0,69,30,242
6752.5,10,10,282
6755.0,-55,11,281
6757.5,-22,-28,339
6760.0,70,35,335
6762.5,-12,-54,295
6765.0,34,-12,336
6767.5,7,-4,268
6770.0,49,7,287
6772.5,16,8,314
6775.0,54,21,265
6777.5,5,-14,279
6780.0,5,-14,279
6782.5,-59,-23,325
6785.0,-1,49,269
6787.5,-24,-42,340
6790.0,36,16,243
6792.5,48,10,281
6795.0,-5,-25,280
6797.5,-23,-9,279
6800.0,-32,-15,320
6802.5,28,-11,344
6805.0,41,-8,287
6807.5,-51,-40,319
6810.0,77,-16,282
6812.5,8,15,264
6815.0,-13,-22,311
6817.5,11,-36,284
6820.0,-34,-40,350
6822.5,32,-15,340
6825.0,50,2,310
6827.5,-35,-30,345
6830.0,-35,-30,345
6832.5,117,19,259
6835.0,60,0,295
6837.5,-8,-22,321
6840.0,16,-5,285
6842.5,-52,-2,300
6845.0,-21,-29,333
6847.5,43,12,286
6850.0,-14,-12,326
6852.5,27,0,251
6855.0,4,-14,274
6857.5,-10,-11,305
6860.0,0,10,287
6862.5,-23,-36,358
6865.0,48,-14,344
6867.5,-68,-55,243
6870.0,-46,-21,316
6872.5,-35,-20,256
6875.0,3,-2,285
6877.5,20,30,337
6880.0,20,30,337
6882.5,47,0,299
6885.0,2,8,315
6887.5,25,14,310
6890.0,11,-12,266
6892.5,29,7,323
6895.0,21,-13,293
6897.5,2,-9,305
6900.0,2,-76,376
6902.5,81,64,314
6905.0,12,-46,349
6907.5,-9,-15,314
6910.0,-7,7,215
6912.5,-11,16,306
6915.0,15,-27,296
6917.5,-19,-23,284
6920.0,23,-10,368
6922.5,15,-41,310
6925.0,47,6,361
6927.5,1,-10,256
6930.0,1,-10,256
6932.5,-63,22,213
6935.0,12,7,305
6937.5,0,-10,310
6940.0,21,-13,315
6942.5,-35,-37,352
6945.0,29,-16,326
6947.5,77,9,323
6950.0,39,-11,274
6952.5,53,9,294
6955.0,6,-26,312
6957.5,36,1,278
6960.0,-8,-23,280
6962.5,6,-15,338
6965.0,-6,-40,316
6967.5,51,-11,342
6970.0,12,-3,229
6972.5,-24,-7,280
6975.0,57,33,284
6977.5,16,-5,284
6980.0,16,-5,284
6982.5,-50,-56,331
6985.0,-5,0,369
6987.5,-15,-33,337
6990.0,-48,-44,391
6992.5,-4,-5,253
6995.0,110,14,264
6997.5,0,20,269
7000.0,38,-13,279
7002.5,23,0,290
7005.0,78,27,353
7007.5,76,-15,314
7010.0,1,-5,351
7012.5,60,-19,236
7015.0,56,-6,271
7017.5,32,10,292
7020.0,10,44,266
7022.5,6,37,337
7025.0,118,27,361
7027.5,41,-42,329
7030.0,41,-42,329
7032.5,-26,-28,340
7035.0,17,-29,231
7037.5,10,-4,263
7040.0,-13,-33,341
7042.5,29,-4,306
7045.0,-56,-55,315
7047.5,-13,-12,321
7050.0,46,-9,231
7052.5,-60,-47,297
7055.0,-35,-39,252
7057.5,63,29,300
7060.0,-6,-36,362
7062.5,11,-14,303
7065.0,-54,20,365
7067.5,47,-11,314
7070.0,60,15,264
7072.5,-17,-25,332
7075.0,62,14,253
7077.5,34,29,282
7080.0,34,29,282
7082.5,-84,8,320
7085.0,-5,-13,333
7087.5,2,-24,332
7090.0,62,5,321
7092.5,71,-26,284
7095.0,-41,-7,316
7097.5,74,-17,301
7100.0,-13,-21,286
7102.5,1,-51,367
7105.0,67,3,299
7107.5,27,-7,341
7110.0,58,13,301
7112.5,43,19,247
7115.0,-61,-50,339
7117.5,18,-18,273
7120.0,-6,-21,310
7122.5,-9,-73,354
7125.0,50,-71,330
7127.5,60,-14,348
7130.0,60,-14,348
7132.5,78,39,263
7135.0,35,-15,241
7137.5,27,3,277
7140.0,-1,15,273
7142.5,6,-18,308
7145.0,14,-12,328
7147.5,-38,-47,323
7150.0,-32,-11,342
7152.5,56,12,301
7155.0,39,5,260
7157.5,28,-4,309
7160.0,27,-9,316
7162.5,31,11,294
7165.0,11,-16,333
7167.5,19,16,338
7170.0,47,2,359
7172.5,-19,-31,229
7175.0,-24,-35,284
7177.5,-6,-25,285
7180.0,-6,-25,285
7182.5,56,19,326
7185.0,-36,22,284
7187.5,78,7,366
7190.0,17,19,316
7192.5,-11,-33,367
7195.0,14,-1,255
7197.5,-67,-40,280
7200.0,27,17,307
7202.5,0,-40,287
7205.0,11,-6,318
7207.5,55,20,319
7210.0,47,6,268
7212.5,70,24,319
7215.0,101,19,238
7217.5,-11,-2,285
7220.0,60,9,313
7222.5,82,12,283
7225.0,-18,-63,347
7227.5,-5,-20,333
7230.0,-5,-20,333
7232.5,60,12,264
7235.0,-59,-29,311
7237.5,24,-2,248
7240.0,-38,2,251
7242.5,-4,-26,312
7245.0,26,-8,332
7247.5,-7,-14,314
7250.0,-31,-26,349
7252.5,-7,-15,267
7255.0,-57,-68,356
7257.5,55,0,253
7260.0,28,15,302
7262.5,-16,-5,345
7265.0,19,4,293
7267.5,49,-46,322
7270.0,47,3,315
7272.5,13,-2,276
7275.0,-39,-7,329
7277.5,51,-13,277
7280.0,51,-13,277
7282.5,74,34,310
7285.0,3,-8,313
7287.5,36,16,305
7290.0,-35,-12,341
7292.5,52,14,277
7295.0,78,1,267
7297.5,-24,-19,319
7300.0,3,-10,273
7302.5,-24,-9,269
7305.0,20,9,377
7307.5,22,-9,355
7310.0,-54,-30,363
7312.5,-7,-23,289
7315.0,-19,-34,221
7317.5,-58,-40,323
7320.0,37,21,228
7322.5,37,23,271
7325.0,35,1,407
7327.5,35,1,407
7330.0,33,-4,297
7332.5,-133,-19,344
7335.0,21,-21,280
7337.5,102,29,269
7340.0,-39,1,297
7342.5,45,20,286
7345.0,73,-27,318
7347.5,13,-27,354
7350.0,84,57,288
7352.5,26,-10,331
7355.0,-31,-44,251
7357.5,55,-8,253
7360.0,26,-40,291
7362.5,5,1,263
7365.0,-25,5,322
7367.5,27,4,352
7370.0,-78,-5,288
7372.5,-99,37,374
7375.0,23,7,238
7377.5,23,7,238
7380.0,-79,3,304
7382.5,-2,-27,302
7385.0,34,10,285
7387.5,26,30,296
7390.0,46,20,352
7392.5,-26,-8,342
7395.0,19,-51,392
7397.5,12,-19,250
7400.0,96,12,290
7402.5,-7,-7,311
7405.0,-10,8,321
7407.5,32,-36,330
7410.0,-22,-23,348
7412.5,43,-18,260
7415.0,-9,-1,327
7417.5,-17,35,231
7420.0,183,19,361
7422.5,-30,-16,312
7425.0,15,-25,319
7427.5,15,-25,319
7430.0,-62,-58,309
7432.5,22,-17,343
7435.0,-48,-9,267
7437.5,-51,-28,329
7440.0,36,24,231
7442.5,82,7,279
7445.0,50,9,310
7447.5,-21,-1,296
7450.0,-29,1,338
7452.5,-5,-33,311
7455.0,31,-40,247
7457.5,-27,-31,314
7460.0,64,16,280
7462.5,10,-48,305
7465.0,-9,-37,341
7467.5,9,14,284
7470.0,-7,-8,338
7472.5,45,38,299
7475.0,16,-16,286
7477.5,16,-16,286
7480.0,-24,-9,329
7482.5,-18,-39,226
7485.0,-19,-25,265
7487.5,31,-10,403
7490.0,88,6,314
7492.5,44,3,370
7495.0,-28,-27,307
7497.5,-11,-17,286
7500.0,-27,-15,327
7502.5,12,29,304
7505.0,-34,-7,303
7507.5,-57,22,327
7510.0,-6,-46,340
7512.5,-21,-15,325
7515.0,21,26,289
7517.5,-10,-34,257
7520.0,3,-49,257
7522.5,51,-4,272
7525.0,10,-47,292
7527.5,10,-47,292
7530.0,-42,-16,344
7532.5,-1,-1,235
7535.0,0,6,330
7537.5,85,26,250
7540.0,-40,-57,274
7542.5,50,33,305
7545.0,12,-6,271
7547.5,-4,-25,333
7550.0,104,-12,350
7552.5,16,-57,270
7555.0,-11,-48,365
7557.5,23,-28,249
7560.0,-3,13,266
7562.5,40,-3,315
7565.0,94,11,301
7567.5,-5,-17,333
7570.0,37,0,330
7572.5,37,16,299
7575.0,-4,-20,372
7577.5,-4,-20,372
7580.0,19,-12,236
7582.5,-50,-27,236
7585.0,-28,16,294
7587.5,42,-3,312
7590.0,12,-35,330
7592.5,-26,-35,293
7595.0,69,-22,276
7597.5,-10,-12,276
7600.0,24,6,235
7602.5,22,9,275
7605.0,37,48,313
7607.5,56,10,300
7610.0,-32,-8,335
7612.5,10,-32,325
7615.0,74,10,255
7617.5,9,-27,342
7620.0,48,-9,245
7622.5,29,4,298
7625.0,-6,-21,330
7627.5,-6,-21,330
7630.0,88,11,333
7632.5,24,-22,350
7635.0,43,1,298
7637.5,118,-22,272
7640.0,3,16,298
7642.5,6,7,273
7645.0,-11,9,281
7647.5,17,8,339
7650.0,16,-11,342
7652.5,12,-1,345
7655.0,4,16,297
7657.5,120,40,245
7660.0,-20,-21,302
7662.5,13,-15,278
7665.0,0,-37,305
7667.5,-20,32,338
7670.0,11,-8,316
7672.5,85,-27,356
7675.0,41,7,253
7677.5,41,7,253
7680.0,20,24,246
7682.5,3,-9,296
7685.0,44,26,290
7687.5,65,10,319
7690.0,-7,-1,349
7692.5,-26,-26,331
7695.0,-14,-21,340
7697.5,19,-39,298
7700.0,25,5,254
7702.5,18,-16,327
7705.0,63,26,284
7707.5,1,-16,318
7710.0,-38,-26,340
7712.5,67,-26,268
7715.0,-17,-10,318
7717.5,38,-13,254
7720.0,-3,-9,278
7722.5,-27,-2,292
7725.0,-49,-4,344
7727.5,-49,-4,344
7730.0,19,8,308
7732.5,14,-10,353
7735.0,8,-15,317
7737.5,-30,-18,375
7740.0,-4,-33,264
7742.5,-11,-4,250
7745.0,81,40,292
7747.5,18,-8,269
7750.0,-24,-8,314
7752.5,24,12,326
7755.0,58,8,275
7757.5,-46,18,361
7760.0,11,6,260
7762.5,58,6,283
7765.0,-30,-7,308
7767.5,44,-11,312
7770.0,24,4,316
7772.5,34,-63,314
7775.0,-42,7,237
7777.5,-42,7,237
7780.0,-13,-4,327
7782.5,6,25,267
7785.0,54,-28,300
7787.5,26,10,303
7790.0,-58,11,304
7792.5,-4,-26,327
7795.0,19,-19,327
7797.5,87,25,241
7800.0,-46,-24,283
7802.5,25,-1,268
7805.0,3,-6,303
7807.5,-1,5,345
7810.0,40,-5,304
7812.5,-128,-49,334
7815.0,14,34,284
7817.5,42,2,247
7820.0,5,-11,317
7822.5,41,3,286
7825.0,41,3,286
7827.5,-13,7,279
7830.0,-6,-26,330
7832.5,-61,-30,304
7835.0,17,-16,389
7837.5,3,8,284
7840.0,-50,-7,280
7842.5,-16,-34,305
7845.0,93,7,300
7847.5,17,-24,302
7850.0,-28,11,336
7852.5,-20,-6,301
7855.0,57,-13,333
7857.5,7,-10,261
7860.0,90,-21,256
7862.5,12,6,294
7865.0,26,-7,305
7867.5,14,2,297
7870.0,24,-23,349
7872.5,6,25,258
7875.0,6,25,258
7877.5,29,-13,340
7880.0,99,9,231
7882.5,-6,-11,276
7885.0,23,-21,307
7887.5,24,-16,257
7890.0,13,8,280
7892.5,18,-58,377
7895.0,-32,0,301
7897.5,9,6,366
7900.0,44,19,244
7902.5,-15,-24,248
7905.0,7,18,285
7907.5,49,32,338
7910.0,-39,-16,329
7912.5,-6,-44,338
7915.0,30,2,262
7917.5,40,16,347
7920.0,-45,-65,254
7922.5,74,-2,274
7925.0,74,-2,274
7927.5,-29,-22,328
7930.0,-11,-14,305
7932.5,-36,-19,323
7935.0,28,4,297
7937.5,47,8,304
7940.0,-23,-78,368
7942.5,-13,22,230
7945.0,3,-3,278
7947.5,-21,-41,326
7950.0,-31,-10,301
7952.5,29,-23,340
7955.0,29,-12,309
7957.5,17,-14,235
7960.0,48,1,331
7962.5,45,3,260
7965.0,47,-41,300
7967.5,17,-52,367
7970.0,13,-10,295
7972.5,92,15,361
7975.0,92,15,361
7977.5,32,-11,283
7980.0,62,23,240
7982.5,-2,8,310
7985.0,46,-25,288
7987.5,37,-31,283
7990.0,-13,-33,325
7992.5,31,9,320
7995.0,39,-1,391
7997.5,25,-3,292
8000.0,-53,-34,252
8002.5,-25,-18,340
8005.0,35,11,268
8007.5,55,22,287
8010.0,-42,5,353
8012.5,27,-41,323
8015.0,74,-1,374
8017.5,5,-7,265
8020.0,5,-22,262
8022.5,-34,-28,311
8025.0,-34,-28,311
8027.5,56,-57,312
8030.0,-35,-48,290
8032.5,-52,4,321
8035.0,77,-18,296
8037.5,-5,-10,386
8040.0,-19,-32,271
8042.5,-11,-17,292
8045.0,9,-9,336
8047.5,41,15,276
8050.0,-22,-8,304
8052.5,-9,22,337
8055.0,1,9,334
8057.5,-16,-36,340
8060.0,27,0,249
8062.5,-39,-3,245
8065.0,25,-3,313
8067.5,9,-27,287
8070.0,-8,-17,284
8072.5,65,5,340
8075.0,65,5,340
8077.5,-23,-10,248
8080.0,-98,-63,349
8082.5,86,23,294
8085.0,39,22,264
8087.5,-12,-12,293
8090.0,73,-26,321
8092.5,53,40,336
8095.0,-29,-38,364
8097.5,-51,-15,274
8100.0,-5,-30,350
8102.5,7,13,273
8105.0,-12,-15,290
8107.5,28,-2,332
8110.0,-57,-31,305
8112.5,-39,-40,367
8115.0,-54,-59,349
8117.5,-29,14,232
8120.0,7,-13,333
8122.5,45,24,221
8125.0,45,24,221
8127.5,-61,-40,282
8130.0,18,-26,365
8132.5,82,21,337
8135.0,37,-12,358
8137.5,11,-24,281
8140.0,-28,-53,249
8142.5,-45,-43,320
8145.0,62,23,270
8147.5,7,-34,302
8150.0,-56,-14,324
8152.5,43,-41,335
8155.0,-19,-42,355
8157.5,5,-15,284
8160.0,-1,14,224
8162.5,-48,-44,329
8165.0,11,22,284
8167.5,-15,0,291
8170.0,-13,20,338
8172.5,16,-12,311
8175.0,16,-12,311
8177.5,30,1,351
8180.0,10,9,256
8182.5,11,-8,256
8185.0,24,-24,304
8187.5,-11,2,324
8190.0,16,-17,325
8192.5,16,9,321
8195.0,93,-52,340
8197.5,-12,-15,357
8200.0,-1,-22,245
8202.5,58,23,275
8205.0,19,-16,325
8207.5,-3,-6,282
8210.0,-17,-53,330
8212.5,-9,-16,340
8215.0,91,4,271
8217.5,14,-2,326
8220.0,-5,-31,256
8222.5,23,12,285
8225.0,23,12,285
8227.5,2,-7,299
8230.0,-9,-16,286
8232.5,-32,-21,310
8235.0,-10,-12,337
8237.5,135,-13,302
8240.0,-24,-5,312
8242.5,18,-5,254
8245.0,54,-29,307
8247.5,-15,4,324
8250.0,-52,-19,318
8252.5,20,-3,337
8255.0,42,35,315
8257.5,-26,-26,257
8260.0,-41,-22,322
8262.5,13,-7,261
8265.0,5,-20,251
8267.5,-6,-42,336
8270.0,26,4,278
8272.5,26,4,278
8275.0,34,22,321
8277.5,98,-5,289
8280.0,54,38,268
8282.5,67,0,349
8285.0,30,14,263
8287.5,-51,26,282
8290.0,18,9,351
8292.5,28,-5,308
8295.0,-49,-39,337
8297.5,44,5,288
8300.0,32,-30,237
8302.5,-16,0,309
8305.0,-27,-20,283
8307.5,-9,-9,307
8310.0,-38,-4,336
8312.5,9,37,289
8315.0,-20,-8,334
8317.5,78,6,281
8320.0,136,0,284
8322.5,136,0,284
8325.0,51,-19,299
8327.5,39,33,278
8330.0,-40,-29,310
8332.5,-12,17,333
8335.0,25,-30,286
8337.5,-4,-9,355
8340.0,-3,-7,255
8342.5,44,-5,303
8345.0,-18,-22,330
8347.5,-27,9,331
8350.0,-38,-94,339
8352.5,22,-24,329
8355.0,76,43,258
8357.5,-4,-40,339
8360.0,41,23,265
8362.5,-14,0,270
8365.0,16,10,282
8367.5,-15,-10,266
8370.0,-3,11,280
8372.5,-3,11,280
8375.0,55,-7,362
8377.5,5,-52,277
8380.0,43,5,394
8382.5,73,30,243
8385.0,-47,-10,248
8387.5,63,11,296
8390.0,6,27,337
8392.5,-36,-36,322
8395.0,57,-14,315
8397.5,-28,-22,309
8400.0,-39,-23,375
8402.5,11,16,236
8405.0,6,-46,293
8407.5,7,2,313
8410.0,7,-13,332
8412.5,-6,-8,328
8415.0,-34,-20,342
8417.5,113,54,254
8420.0,44,7,310
8422.5,44,7,310
8425.0,22,3,225
8427.5,57,15,270
8430.0,-41,2,303
8432.5,35,-22,278
8435.0,14,5,352
8437.5,40,33,325
8440.0,74,41,256
8442.5,-19,-15,305
8445.0,63,25,287
8447.5,9,-9,280
8450.0,-39,-13,324
8452.5,50,-32,320
8455.0,-5,-1,338
8457.5,12,-3,306
8460.0,106,1,267
8462.5,49,-4,331
8465.0,9,3,258
8467.5,-1,-27,304
8470.0,19,15,345
8472.5,19,15,345
8475.0,13,-10,290
8477.5,-30,-29,378
8480.0,23,-11,268
8482.5,-71,-34,211
8485.0,-13,-20,330
8487.5,25,4,283
8490.0,12,1,331
8492.5,-29,-32,370
8495.0,-2,7,329
8497.5,-36,-27,330
8500.0,-33,-5,301
8502.5,-31,25,221
8505.0,36,3,288
8507.5,104,54,284
8510.0,6,0,308
8512.5,-82,-23,320
8515.0,7,-29,325
8517.5,-40,-23,331
8520.0,-29,-28,277
8522.5,-29,-28,277
8525.0,74,2,272
8527.5,8,-11,291
8530.0,20,2,297
8532.5,9,-54,311
8535.0,87,28,339
8537.5,-19,-12,318
8540.0,-64,-45,341
8542.5,7,-12,231
8545.0,59,85,210
8547.5,28,-8,324
8550.0,42,-2,319
8552.5,-18,-13,308
8555.0,-87,-24,319
8557.5,52,-6,268
8560.0,16,-3,358
8562.5,-15,-21,268
8565.0,22,-2,278
8567.5,-5,-7,334
8570.0,31,14,292
8572.5,31,14,292
8575.0,35,31,323
8577.5,-15,-24,348
8580.0,-30,-23,288
8582.5,-18,27,361
8585.0,6,6,253
8587.5,13,65,274
8590.0,6,6,329
8592.5,10,-20,319
8595.0,-17,-20,329
8597.5,59,-61,295
8600.0,10,-9,264
8602.5,-49,-59,352
8605.0,35,4,222
8607.5,70,35,268
8610.0,8,20,294
8612.5,-28,5,309
8615.0,26,-57,396
8617.5,44,0,332
8620.0,-9,-28,255
8622.5,-9,-28,255
8625.0,-3,-31,313
8627.5,-52,25,259
8630.0,-5,6,310
8632.5,-11,-21,355
8635.0,75,-32,339
8637.5,-13,-22,340
8640.0,5,-26,273
8642.5,105,-2,246
8645.0,-14,-2,312
8647.5,26,-29,287
8650.0,-19,-68,323
8652.5,15,14,341
8655.0,103,27,335
8657.5,-23,-28,371
8660.0,18,4,256
8662.5,-44,-64,246
8665.0,11,17,322
8667.5,27,2,282
8670.0,40,17,338
8672.5,40,17,338
8675.0,-3,-2,342
8677.5,78,-16,327
8680.0,-31,-32,347
8682.5,53,12,243
8685.0,40,-31,278
8687.5,24,-2,262
8690.0,22,-6,301
8692.5,73,33,284
8695.0,-17,-23,355
8697.5,-1,-18,330
8700.0,-82,-1,379
8702.5,13,5,261
8705.0,-40,-41,276
8707.5,7,31,307
8710.0,53,16,287
8712.5,6,-75,293
8715.0,6,10,330
8717.5,-26,-5,270
8720.0,-13,-47,348
8722.5,-13,-47,348
8725.0,24,-7,255
8727.5,-55,28,240
8730.0,-29,-13,323
8732.5,58,-32,321
8735.0,4,-33,327
8737.5,47,30,324
8740.0,102,33,272
8742.5,-57,-26,327
8745.0,-24,-4,277
8747.5,30,-7,288
8750.0,13,-4,319
8752.5,3,8,273
8755.0,114,15,323
8757.5,-7,-59,338
8760.0,72,19,234
8762.5,24,-23,319
8765.0,24,15,260
8767.5,-4,-1,294
8770.0,-4,-1,294
8772.5,58,-1,375
8775.0,-9,-9,290
8777.5,6,-20,354
8780.0,75,-9,306
8782.5,41,20,238
8785.0,37,-6,286
8787.5,74,10,267
8790.0,1,-13,302
8792.5,-26,31,340
8795.0,-10,-42,295
8797.5,28,-15,360
8800.0,23,8,272
8802.5,17,20,246
8805.0,-26,-17,278
8807.5,49,27,299
8810.0,-29,-21,318
8812.5,-41,-27,365
8815.0,-1,-9,341
8817.5,3,14,341
8820.0,3,14,341
8822.5,-29,-9,287
8825.0,-16,-3,243
8827.5,-21,-1,300
8830.0,30,14,318
8832.5,-47,6,340
8835.0,16,8,328
8837.5,28,-59,346
8840.0,-30,-25,367
8842.5,38,2,287
8845.0,54,32,258
8847.5,-23,-41,313
8850.0,-8,-8,274
8852.5,32,19,307
8855.0,60,-10,351
8857.5,35,-20,320
8860.0,-33,-30,370
8862.5,71,37,245
8865.0,62,6,266
8867.5,20,-12,297
8870.0,20,-12,297
8872.5,46,-10,305
8875.0,-1,-1,323
8877.5,2,-27,338
8880.0,-23,-18,298
8882.5,-42,-17,335
8885.0,52,4,247
8887.5,-54,-4,254
8890.0,-17,-12,317
8892.5,-6,-27,297
8895.0,64,11,336
8897.5,58,17,313
8900.0,12,0,249
8902.5,-38,-52,350
8905.0,13,12,275
8907.5,27,-31,286
8910.0,-13,35,299
8912.5,46,-3,290
8915.0,-48,-34,285
8917.5,57,6,314
8920.0,57,6,314
8922.5,-41,-21,262
8925.0,-53,-46,350
8927.5,33,2,237
8930.0,-2,-15,289
8932.5,-8,-27,341
8935.0,44,3,305
8937.5,30,-39,356
8940.0,86,33,292
8942.5,3,-28,251
8945.0,-32,-1,295
8947.5,47,13,276
8950.0,94,-2,291
8952.5,-28,-30,347
8955.0,6,10,299
8957.5,-40,-42,317
8960.0,29,45,259
8962.5,116,22,218
8965.0,-22,-26,293
8967.5,25,-13,284
8970.0,25,-13,284
8972.5,3,-10,291
8975.0,-25,15,338
8977.5,-40,-44,306
8980.0,54,-46,384
8982.5,5,-49,238
8985.0,97,14,356
8987.5,-9,-74,331
8990.0,34,36,273
8992.5,-25,-11,325
8995.0,74,53,327
8997.5,60,-39,345
9000.0,26,1,385
9002.5,68,39,245
9005.0,-44,-52,284
9007.5,41,0,310
9010.0,-19,-29,274
9012.5,-17,-2,320
9015.0,48,-12,351
9017.5,80,-7,318
9020.0,80,-7,318
9022.5,3,-40,408
9025.0,44,20,260
9027.5,-22,-30,298
9030.0,22,5,291
9032.5,30,-12,289
9035.0,-51,-29,321
9037.5,17,69,308
9040.0,-10,1,299
9042.5,30,-18,376
9045.0,-10,-14,255
9047.5,81,-30,353
9050.0,-33,-27,363
9052.5,83,-10,348
9055.0,10,-3,341
9057.5,-94,-35,315
9060.0,-37,-12,265
9062.5,-62,-33,333
9065.0,67,16,279
9067.5,28,-5,296
9070.0,28,-5,296
9072.5,30,0,322
9075.0,13,28,294
9077.5,-4,-36,326
9080.0,-34,-56,324
9082.5,15,-27,258
9085.0,-76,-34,307
9087.5,-1,3,284
9090.0,-33,15,295
9092.5,27,-46,384
9095.0,18,-10,297
9097.5,27,11,333
9100.0,62,-2,321
9102.5,4,-3,246
9105.0,-19,-27,300
9107.5,72,0,270
9110.0,-13,8,297
9112.5,-29,-44,361
9115.0,41,29,283
9117.5,54,10,332
9120.0,54,10,332
9122.5,38,1,267
9125.0,-2,0,224
9127.5,26,-2,299
9130.0,25,10,265
9132.5,32,-11,292
9135.0,-4,-18,344
9137.5,10,0,280
9140.0,88,-25,379
9142.5,48,-9,277
9145.0,68,-8,254
9147.5,65,10,325
9150.0,22,-25,280
9152.5,-98,-39,303
9155.0,-14,12,338
9157.5,-22,-45,293
9160.0,84,-3,365
9162.5,90,36,250
9165.0,62,-5,248
9167.5,54,11,313
9170.0,54,11,313
9172.5,46,57,317
9175.0,-14,-12,337
9177.5,54,-2,358
9180.0,23,9,315
9182.5,-10,7,372
9185.0,41,-9,273
9187.5,-8,20,254
9190.0,35,28,296
9192.5,49,40,262
9195.0,8,-30,334
9197.5,56,7,322
9200.0,58,-59,310
9202.5,-110,-71,353
9205.0,-19,-2,260
9207.5,26,-34,278
9210.0,29,9,297
9212.5,42,7,298
9215.0,-9,-21,302
9217.5,51,22,366
9220.0,51,22,366
9222.5,13,-10,250
9225.0,-71,-45,316
9227.5,88,29,254
9230.0,38,24,283
9232.5,-47,-37,319
9235.0,16,-23,295
9237.5,23,-10,331
9240.0,6,21,301
9242.5,-58,-2,242
9245.0,-59,-40,346
9247.5,29,33,254
9250.0,1,1,283
9252.5,22,-18,360
9255.0,58,-5,335
9257.5,-45,-43,322
9260.0,-3,-5,316
9262.5,191,68,267
9265.0,-21,-14,317
9267.5,-3,-18,277
9270.0,-3,-18,277
9272.5,2,1,281
9275.0,6,-58,338
9277.5,69,-18,294
9280.0,35,-12,359
9282.5,42,-36,283
9285.0,63,-63,256
9287.5,3,-15,329
9290.0,31,-23,278
9292.5,42,-18,311
9295.0,-19,-27,368
9297.5,0,-7,312
9300.0,-21,-16,316
9302.5,-23,-4,287
9305.0,3,0,241
9307.5,24,20,305
9310.0,21,31,277
9312.5,23,-33,308
9315.0,-3,-5,330
9317.5,-3,-5,330
9320.0,41,-33,305
9322.5,15,-6,354
9325.0,-48,-24,248
9327.5,17,7,274
9330.0,0,-27,311
9332.5,-8,-8,255
9335.0,12,-5,275
9337.5,-31,8,325
9340.0,-74,-19,297
9342.5,-80,-33,332
9345.0,-12,-16,252
9347.5,-95,-34,245
9350.0,13,4,298
9352.5,-9,-8,269
9355.0,-34,-13,305
9357.5,30,-25,349
9360.0,-9,-22,311
9362.5,28,9,373
9365.0,15,-8,221
9367.5,15,-8,221
9370.0,69,14,236
9372.5,50,-15,279
9375.0,-4,2,299
9377.5,-12,-28,334
9380.0,28,-57,390
9382.5,9,35,278
9385.0,8,-5,346
9387.5,70,13,258
9390.0,-39,4,257
9392.5,64,24,310
9395.0,39,9,281
9397.5,-43,-6,313
9400.0,6,11,339
9402.5,22,4,295
9405.0,-69,-41,327
9407.5,-25,-13,282
9410.0,41,1,294
9412.5,-40,-18,340
9415.0,30,5,326
9417.5,30,5,326
9420.0,-3,-6,330
9422.5,35,30,299
9425.0,84,39,227
9427.5,70,6,327
9430.0,53,6,236
9432.5,-6,-33,279
9435.0,-1,-15,333
9437.5,-20,26,310
9440.0,-71,-44,333
9442.5,34,-26,299
9445.0,-56,-9,205
9447.5,1,-4,313
9450.0,-4,3,243
9452.5,13,13,288
9455.0,-13,22,327
9457.5,-63,-41,296
9460.0,-53,-27,349
9462.5,4,11,324
9465.0,21,-53,275
9467.5,21,-53,275
9470.0,37,-11,308
9472.5,67,-11,274
9475.0,1,-5,298
9477.5,-61,-51,341
9480.0,50,-31,311
9482.5,-51,-11,330
9485.0,24,-11,293
9487.5,-38,17,214
9490.0,-22,-12,307
9492.5,26,1,292
9495.0,-4,-63,311
9497.5,79,-23,408
9500.0,65,15,329
9502.5,-14,-34,370
9505.0,-29,-53,303
9507.5,37,31,227
9510.0,28,-15,301
9512.5,-21,26,259
9515.0,23,-20,311
9517.5,23,-20,311
9520.0,22,11,328
9522.5,58,20,283
9525.0,32,-38,346
9527.5,13,-24,257
9530.0,-16,-42,274
9532.5,15,2,293
9535.0,22,9,238
9537.5,53,-8,306
9540.0,20,9,351
9542.5,-28,-32,347
9545.0,83,-9,335
9547.5,49,31,237
9550.0,16,-27,228
9552.5,66,-17,309
9555.0,34,-3,326
9557.5,-17,29,314
9560.0,36,-23,410
9562.5,28,0,330
9565.0,-65,-32,378
9567.5,-65,-32,378
9570.0,47,-15,227
9572.5,-9,4,253
9575.0,12,-1,320
9577.5,-13,-6,266
9580.0,-29,-54,334
9582.5,67,-9,340
9585.0,48,33,322
9587.5,-54,-44,348
9590.0,100,-5,282
9592.5,-13,-6,279
9595.0,-14,10,304
9597.5,34,18,296
9600.0,10,-53,308
9602.5,10,10,330
9605.0,31,10,281
9607.5,-29,-37,315
9610.0,45,10,261
9612.5,48,-29,302
9615.0,-37,-15,339
9617.5,-37,-15,339
9620.0,100,13,300
9622.5,22,-29,316
9625.0,9,1,332
9627.5,28,-3,289
9630.0,-47,-33,337
9632.5,36,10,244
9635.0,69,5,278
9637.5,16,0,306
9640.0,-14,-8,302
9642.5,36,-2,349
9645.0,27,-26,322
9647.5,7,-24,246
9650.0,-30,6,317
9652.5,80,9,228
9655.0,8,-4,277
9657.5,-15,-35,326
9660.0,33,9,275
9662.5,53,-58,366
9665.0,93,-4,289
9667.5,93,-4,289
9670.0,-20,14,227
9672.5,12,-12,306
9675.0,11,-8,248
9677.5,-10,-5,300
9680.0,-12,-28,333
9682.5,57,18,311
9685.0,8,2,366
9687.5,-18,2,278
9690.0,100,34,280
9692.5,16,15,281
9695.0,40,-33,289
9697.5,16,-13,291
9700.0,-88,-45,337
9702.5,25,26,327
9705.0,27,-1,325
9707.5,14,-18,295
9710.0,-56,-1,220
9712.5,-12,-4,296
9715.0,-12,-4,296
9717.5,-12,13,265
9720.0,-65,-69,320
9722.5,33,35,341
9725.0,-54,-26,333
9727.5,-3,-31,373
9730.0,5,-28,278
9732.5,71,-4,269
9735.0,-45,-12,299
9737.5,30,32,347
9740.0,17,-19,331
9742.5,38,-12,378
9745.0,-35,-19,320
9747.5,-3,-24,341
9750.0,-58,-25,279
9752.5,68,-27,277
9755.0,66,14,319
9757.5,27,80,300
9760.0,-49,-46,312
9762.5,-55,-40,315
9765.0,-55,-40,315
9767.5,-3,-58,286
9770.0,-17,-31,328
9772.5,10,-35,248
9775.0,8,9,272
9777.5,-34,-33,322
9780.0,10,9,316
9782.5,36,-19,348
9785.0,62,-14,351
9787.5,16,-14,258
9790.0,6,-11,342
9792.5,50,45,234
9795.0,44,-12,273
9797.5,25,-2,300
9800.0,61,10,294
9802.5,-4,0,321
9805.0,113,-11,375
9807.5,71,-42,327
9810.0,-11,-20,339
9812.5,58,-10,275
9815.0,58,-10,275
9817.5,5,-16,311
9820.0,-14,-41,358
9822.5,72,32,302
9825.0,-53,-28,309
9827.5,8,4,305
9830.0,29,16,276
9832.5,-30,-38,334
9835.0,24,-23,242
9837.5,40,8,262
9840.0,-5,-33,358
9842.5,9,8,285
9845.0,4,-27,328
9847.5,26,4,312
9850.0,17,18,270
9852.5,-41,-10,352
9855.0,1,23,272
9857.5,-56,19,273
9860.0,-23,28,300
9862.5,-6,-15,294
9865.0,-6,-15,294
9867.5,-16,-62,353
9870.0,51,-23,294
9872.5,77,29,254
9875.0,73,-3,337
9877.5,89,18,281
9880.0,-8,47,275
9882.5,50,-34,368
9885.0,29,6,305
9887.5,-4,-23,355
9890.0,63,67,279
9892.5,33,-13,230
9895.0,28,-5,317
9897.5,-13,-18,291
9900.0,36,20,315
9902.5,-24,22,342
9905.0,0,-18,293
9907.5,-27,-30,336
9910.0,46,10,308
9912.5,18,-6,241
9915.0,18,-6,241
9917.5,-51,-35,317
9920.0,57,47,269
9922.5,45,8,306
9925.0,21,-7,359
9927.5,48,-19,311
9930.0,17,29,341
9932.5,6,-24,282
9935.0,52,-34,264
9937.5,96,-33,300
9940.0,34,9,299
9942.5,18,3,299
9945.0,-8,-34,340
9947.5,-6,3,326
9950.0,-40,-50,390
9952.5,36,19,265
9955.0,82,-52,243
9957.5,-1,-18,284
9960.0,22,12,291
9962.5,16,-30,318
9965.0,16,-30,318
9967.5,18,-79,368
9970.0,35,-19,281
9972.5,-35,6,338
9975.0,-9,-23,291
9977.5,-23,-3,304
9980.0,-14,-19,286
9982.5,-54,-71,324
9985.0,6,10,307
9987.5,3,-18,354
9990.0,10,-2,327
9992.5,13,5,353
9995.0,16,-12,239
9997.5,24,-2,264
10000.0,38,0,315
10002.5,73,9,310
10005.0,0,5,339
10007.5,-4,15,370
10010.0,35,-29,325
10012.5,-58,5,361
10015.0,-58,5,361
10017.5,-32,-45,249
10020.0,29,6,282
10022.5,-6,-8,321
10025.0,20,8,266
10027.5,3,39,344
10030.0,-5,2,332
10032.5,-40,18,286
10035.0,-38,-46,314
10037.5,-13,-11,266
10040.0,70,-33,312
10042.5,-2,-20,352
10045.0,30,2,324
10047.5,14,-27,359
10050.0,55,13,319
10052.5,59,8,249
10055.0,9,-19,344
10057.5,66,35,259
10060.0,-59,-13,271
10062.5,-45,-25,307
10065.0,-45,-25,307
10067.5,42,-8,333
10070.0,-86,-52,343
10072.5,19,-16,319
10075.0,-24,1,237
10077.5,-68,-53,325
10080.0,40,-14,280
10082.5,9,17,285
10085.0,0,-46,356
10087.5,42,-8,310
10090.0,35,-44,385
10092.5,20,-7,274
10095.0,20,-48,278
10097.5,-11,-32,331
10100.0,14,-5,260
10102.5,16,0,285
10105.0,68,-49,392
10107.5,52,-13,307
10110.0,-19,13,339
10112.5,7,-3,272
10115.0,7,-3,272
10117.5,60,-13,272
10120.0,74,17,300
10122.5,55,45,280
10125.0,1,-16,313
10127.5,-13,-36,315
10130.0,63,-5,319
10132.5,43,13,346
10135.0,31,-3,282
10137.5,49,-29,241
10140.0,49,20,289
10142.5,52,-13,275
10145.0,-9,-32,333
10147.5,-2,-9,340
10150.0,-72,-14,355
10152.5,24,-62,384
10155.0,25,17,267
10157.5,64,30,267
10160.0,-12,-24,299
10162.5,12,5,313
10165.0,12,5,313
10167.5,15,5,325
10170.0,34,21,342
10172.5,-44,2,321
10175.0,-66,-22,327
10177.5,19,21,245
10180.0,-34,-16,261
10182.5,-4,-23,301
10185.0,35,41,266
10187.5,-9,24,297
10190.0,8,-3,355
10192.5,-11,-30,310
10195.0,-29,-42,332
10197.5,47,-17,284
10200.0,-60,-24,275
10202.5,-9,-13,334
10205.0,47,10,307
10207.5,13,11,301
10210.0,-35,-20,316
10212.5,-35,-20,316
10215.0,91,29,252
10217.5,-22,-42,343
10220.0,0,-56,239
10222.5,29,-54,288
10225.0,-40,-26,300
10227.5,-5,-11,297
10230.0,55,1,293
10232.5,58,13,301
10235.0,-62,-50,275
10237.5,23,27,336
10240.0,-22,-1,281
10242.5,24,35,300
10245.0,-2,4,310
10247.5,44,-32,328
10250.0,-33,-11,326
10252.5,35,-18,317
10255.0,2,-6,263
10257.5,-40,-1,316
10260.0,52,27,267
10262.5,52,27,267
10265.0,20,5,283
10267.5,-12,-5,355
10270.0,55,1,317
10272.5,-48,-10,315
10275.0,22,-7,257
10277.5,20,-21,246
10280.0,-19,-2,305
10282.5,0,9,302
10285.0,-27,-4,298
10287.5,-33,-41,377
10290.0,-20,-20,326
10292.5,-14,13,347
10295.0,64,-12,285
10297.5,59,-48,238
10300.0,3,-26,324
10302.5,26,6,263
10305.0,-40,-47,279
10307.5,-37,-9,342
10310.0,-24,-52,323
10312.5,-24,-52,323
10315.0,-40,-17,347
10317.5,-14,-35,306
10320.0,51,-29,254
10322.5,44,27,324
10325.0,17,14,315
10327.5,7,-20,343
10330.0,26,-15,355
10332.5,-2,13,316
10335.0,23,-6,343
10337.5,49,-28,280
10340.0,-17,2,267
10342.5,11,2,292
10345.0,-36,-17,289
10347.5,-6,-23,320
10350.0,27,-22,375
10352.5,-75,-38,347
10355.0,-15,-71,387
10357.5,30,25,223
10360.0,33,42,246
10362.5,33,42,246
10365.0,-3,-35,315
10367.5,76,3,307
10370.0,-30,-14,313
10372.5,-22,-2,336
10375.0,68,11,291
10377.5,55,-2,361
10380.0,62,-22,255
10382.5,-24,-20,244
10385.0,13,-10,345
10387.5,46,8,307
10390.0,58,-39,326
10392.5,-18,-4,349
10395.0,33,-44,306
10397.5,-70,-56,353
10400.0,60,12,268
10402.5,46,-3,280
10405.0,15,12,284
10407.5,-2,-25,281
10410.0,27,25,327
10412.5,27,25,327
10415.0,-79,-30,331
10417.5,83,-9,281
10420.0,-2,-33,343
10422.5,22,41,190
10425.0,-37,-66,274
10427.5,-12,-6,330
10430.0,17,0,312
10432.5,38,-5,345
10435.0,43,-40,314
10437.5,-38,-35,261
10440.0,-29,-35,337
10442.5,41,-13,287
10445.0,-81,11,290
10447.5,-16,-11,369
10450.0,79,-1,303
10452.5,35,-16,338
10455.0,49,-12,287
10457.5,26,-17,213
10460.0,-52,-46,307
10462.5,-52,-46,307
10465.0,34,-1,264
10467.5,-68,15,293
10470.0,-53,-46,353
10472.5,22,-20,313
10475.0,2,11,342
10477.5,29,18,300
10480.0,2,-10,266
10482.5,31,42,323
10485.0,16,10,290
10487.5,34,2,303
10490.0,-24,3,390
10492.5,27,-5,307
10495.0,69,32,351
10497.5,-9,-45,283
10500.0,-40,-45,226
10502.5,24,5,289
10505.0,81,49,288
10507.5,-39,-12,249
10510.0,-46,10,353
10512.5,-46,10,353
10515.0,4,-14,299
10517.5,32,-28,352
10520.0,54,0,281
10522.5,-13,22,233
10525.0,38,-10,324
10527.5,57,-64,265
10530.0,33,-2,291
10532.5,9,-24,352
10535.0,-20,-27,340
10537.5,14,-27,354
10540.0,-4,-8,279
10542.5,9,42,235
10545.0,-3,-23,314
10547.5,62,7,289
10550.0,53,24,297
10552.5,-3,-24,315
10555.0,26,-12,262
10557.5,-58,-16,359
10560.0,44,-36,239
10562.5,44,-36,239
10565.0,42,-27,267
10567.5,34,29,294
10570.0,9,6,288
10572.5,-46,25,280
10575.0,-24,-23,353
10577.5,30,15,316
10580.0,34,11,347
10582.5,-22,-39,268
10585.0,-25,-26,238
10587.5,70,36,320
10590.0,-14,-17,309
10592.5,0,-25,322
10595.0,5,2,357
10597.5,-10,-29,284
10600.0,-25,-10,326
10602.5,35,-6,233
10605.0,18,-23,275
10607.5,-23,-23,333
10610.0,71,-3,310
10612.5,71,-3,310
10615.0,36,-20,320
10617.5,-3,11,340
10620.0,-26,6,276
10622.5,-70,-49,359
10625.0,26,39,251
10627.5,22,-33,281
10630.0,-1,-11,300
10632.5,41,52,259
10635.0,34,-38,332
10637.5,10,-39,339
10640.0,42,-4,281
10642.5,-1,3,330
10645.0,6,-47,256
10647.5,-33,-13,279
10650.0,27,14,349
10652.5,45,-10,289
10655.0,-18,-66,316
10657.5,35,3,290
10660.0,21,-16,301
10662.5,21,-16,301
10665.0,19,19,341
10667.5,42,12,274
10670.0,-8,-33,317
10672.5,-23,-20,359
10675.0,28,-47,319
10677.5,-12,-13,383
10680.0,35,3,273
10682.5,97,-19,277
10685.0,95,19,310
10687.5,5,10,264
10690.0,-20,-74,257
10692.5,46,-28,368
10695.0,184,5,369
10697.5,14,-13,361
10700.0,-12,-19,314
10702.5,-25,24,213
10705.0,21,15,304
10707.5,24,7,239
10710.0,24,7,239
10712.5,69,-4,292
10715.0,16,15,353
10717.5,8,-3,294
10720.0,-34,-26,331
10722.5,77,26,260
10725.0,22,26,272
10727.5,38,-12,299
10730.0,81,3,242
10732.5,52,51,287
10735.0,-22,-1,330
10737.5,-33,-16,308
10740.0,32,19,358
10742.5,50,27,262
10745.0,64,-26,234
10747.5,62,14,295
10750.0,20,6,300
10752.5,-24,16,299
10755.0,-11,-52,376
10757.5,23,17,320
10760.0,23,17,320
10762.5,-21,-54,374
10765.0,9,-1,220
10767.5,-42,1,260
10770.0,30,-21,330
10772.5,55,12,259
10775.0,-2,28,289
10777.5,46,-5,350
10780.0,-38,-10,318
10782.5,-28,-31,383
10785.0,17,14,269
10787.5,34,-9,278
10790.0,-52,-11,347
10792.5,62,28,294
10795.0,17,-5,317
10797.5,-1,-10,350
10800.0,-30,-24,249
10802.5,6,2,338
10805.0,-2,-25,264
10807.5,-49,-23,282
10810.0,-49,-23,282
10812.5,4,5,313
10815.0,38,36,315
10817.5,28,5,323
10820.0,-17,-7,298
10822.5,54,-31,269
10825.0,27,23,317
10827.5,-56,-22,248
10830.0,0,-8,277
10832.5,-8,10,329
10835.0,-33,-58,286
10837.5,-11,-32,306
10840.0,31,-13,317
10842.5,-18,-23,240
10845.0,-29,-9,334
10847.5,36,6,246
10850.0,-54,-23,318
10852.5,-28,42,321
10855.0,-49,-20,265
10857.5,-37,25,323
10860.0,-37,25,323
10862.5,30,7,288
10865.0,48,6,224
10867.5,12,-39,331
10870.0,10,-16,267
10872.5,-14,-39,313
10875.0,32,-12,361
10877.5,-52,-24,315
10880.0,41,-10,337
10882.5,57,19,261
10885.0,99,21,238
10887.5,22,-20,283
10890.0,0,-9,280
10892.5,-80,14,252
10895.0,-64,48,343
10897.5,-5,-41,296
10900.0,49,-50,352
10902.5,91,27,239
10905.0,79,22,285
10907.5,-44,-27,303
10910.0,-44,-27,303
10912.5,60,26,293
10915.0,-12,-24,282
10917.5,33,-18,358
10920.0,25,2,313
10922.5,-62,-47,352
10925.0,29,15,274
10927.5,12,-28,283
10930.0,24,19,290
10932.5,20,28,290
10935.0,-12,-27,322
10937.5,56,26,348
10940.0,-7,15,294
10942.5,-5,-25,365
10945.0,25,-2,252
10947.5,-6,-60,261
10950.0,17,4,313
10952.5,-5,27,286
10955.0,30,-45,327
10957.5,0,4,341
10960.0,0,4,341
10962.5,27,19,237
10965.0,14,-23,331
10967.5,28,2,224
10970.0,-39,-70,298
10972.5,14,-8,321
10975.0,6,-18,308
10977.5,48,9,317
10980.0,25,-2,322
10982.5,-29,-22,285
10985.0,44,-2,320
10987.5,12,35,241
10990.0,-5,-29,266
10992.5,-38,3,309
10995.0,4,14,325
10997.5,26,-44,377
11000.0,28,-28,332
11002.5,-69,11,250
11005.0,-17,-1,319
11007.5,29,-32,262
11010.0,29,-32,262
11012.5,11,18,262
11015.0,42,44,333
11017.5,-19,-10,278
11020.0,-36,-27,322
11022.5,68,2,266
11025.0,33,-3,312
11027.5,-32,-46,342
11030.0,28,3,283
11032.5,27,25,285
11035.0,-31,-26,319
11037.5,14,4,296
11040.0,26,-14,361
11042.5,-16,-22,298
11045.0,64,8,259
11047.5,1,-17,308
11050.0,69,15,293
11052.5,-24,-28,340
11055.0,33,-23,398
11057.5,41,1,334
11060.0,41,1,334
11062.5,17,-9,344
11065.0,43,5,246
11067.5,-44,-52,265
11070.0,23,-27,311
11072.5,34,6,283
11075.0,-42,-44,305
11077.5,-36,9,340
11080.0,-11,-18,293
11082.5,-62,-37,328
11085.0,-15,-35,309
11087.5,-3,-42,235
11090.0,12,0,292
11092.5,-10,-24,279
11095.0,49,0,333
11097.5,42,-42,391
11100.0,57,0,325
11102.5,67,10,365
11105.0,70,40,209
11107.5,-82,-34,264
11110.0,-82,-34,264
11112.5,20,9,307
11115.0,42,-20,276
11117.5,-24,10,274
11120.0,-1,-18,353
11122.5,56,-35,282
11125.0,41,11,334
11127.5,24,-20,256
11130.0,2,30,219
11132.5,29,-1,309
11135.0,22,0,334
11137.5,16,-64,344
11140.0,-48,-17,290
11142.5,57,7,314
11145.0,1,8,389
11147.5,39,-47,269
11150.0,29,-15,281
11152.5,-9,-39,334
11155.0,23,20,307
11157.5,23,20,307
11160.0,25,10,327
11162.5,68,0,315
11165.0,-55,-42,266
11167.5,-20,-16,354
11170.0,54,-9,279
11172.5,-45,4,294
11175.0,20,16,330
11177.5,56,1,300
11180.0,-30,-8,324
11182.5,-1,-37,291
11185.0,10,-20,261
11187.5,-10,8,314
11190.0,4,-44,239
11192.5,-7,52,269
11195.0,28,-7,369
11197.5,5,-15,285
11200.0,-28,-74,325
11202.5,45,6,310
11205.0,136,21,287
11207.5,136,21,287
11210.0,83,8,354
11212.5,33,-6,251
11215.0,6,-17,316
11217.5,-1,-35,376
11220.0,48,-15,308
11222.5,14,-34,355
11225.0,25,19,263
11227.5,110,24,296
11230.0,-32,-29,317
11232.5,-8,-32,291
11235.0,-36,4,290
11237.5,-25,-17,373
11240.0,-70,-29,302
11242.5,-59,-33,350
11245.0,-13,-30,307
11247.5,21,-1,303
11250.0,-14,-13,278
11252.5,34,-15,260
11255.0,-1,-14,299
11257.5,-1,-14,299
11260.0,-14,-9,335
11262.5,11,-10,354
11265.0,-64,-55,359
11267.5,37,9,240
11270.0,44,-5,249
11272.5,-33,-33,299
11275.0,36,14,307
11277.5,-3,33,293
11280.0,-40,-89,378
11282.5,84,-22,309
11285.0,2,8,349
11287.5,31,7,250
11290.0,-39,-7,221
11292.5,-7,10,301
11295.0,45,-13,307
11297.5,11,-2,321
11300.0,9,-17,345
11302.5,-21,-19,280
11305.0,-26,-33,346
11307.5,-26,-33,346
11310.0,49,16,234
11312.5,-37,-27,238
11315.0,-6,-37,312
11317.5,56,58,310
11320.0,18,-22,326
11322.5,31,19,336
11325.0,84,30,304
11327.5,18,-9,335
11330.0,12,-42,280
11332.5,-1,0,302
11335.0,39,28,309
11337.5,-9,-53,296
11340.0,0,-10,310
11342.5,-2,-12,320
11345.0,-71,48,300
11347.5,-6,-30,383
11350.0,37,1,251
11352.5,23,32,265
11355.0,-10,-35,348
11357.5,-10,-35,348
11360.0,-12,21,278
11362.5,-15,-13,346
11365.0,31,-25,310
11367.5,-61,-87,248
11370.0,-5,-22,306
11372.5,47,-5,275
11375.0,11,28,280
11377.5,5,1,368
11380.0,25,39,295
11382.5,-26,-20,324
11385.0,-15,-44,303
11387.5,0,-17,221
11390.0,-4,18,283
11392.5,1,-17,242
11395.0,-9,-61,318
11397.5,-2,-46,392
11400.0,39,-48,315
11402.5,41,-14,355
11405.0,15,13,261
11407.5,15,13,261
11410.0,13,21,227
11412.5,-61,7,295
11415.0,-5,-12,265
11417.5,35,28,294
11420.0,-37,-29,327
11422.5,-58,-7,303
11425.0,44,-9,357
11427.5,-4,-12,260
11430.0,4,-39,256
11432.5,44,21,289
11435.0,30,24,264
11437.5,9,-6,313
11440.0,-7,1,347
11442.5,30,17,289
11445.0,-17,-20,318
11447.5,22,20,266
11450.0,4,-50,271
11452.5,-33,9,280
11455.0,15,-21,307
11457.5,15,-21,307
11460.0,-73,4,316
11462.5,-7,-90,381
11465.0,12,13,312
11467.5,-2,8,372
11470.0,114,40,213
11472.5,21,24,258
11475.0,-1,-2,302
11477.5,43,1,284
11480.0,-14,21,304
11482.5,19,16,340
11485.0,-27,-8,305
11487.5,-12,-8,352
11490.0,4,1,244
11492.5,52,14,257
11495.0,2,-16,339
11497.5,71,13,298
11500.0,55,-27,314
11502.5,-22,-6,334
11505.0,103,40,245
11507.5,103,40,245
11510.0,-9,-58,322
11512.5,46,15,242
11515.0,52,6,287
11517.5,77,8,337
11520.0,18,-23,304
11522.5,14,9,335
11525.0,-3,-36,331
11527.5,-59,-5,263
11530.0,-138,-56,314
11532.5,31,16,252
11535.0,19,19,281
11537.5,-16,-52,393
11540.0,10,-8,363
11542.5,-9,-25,358
11545.0,26,-8,325
11547.5,22,-42,263
11550.0,-21,-28,332
11552.5,33,26,213
11555.0,-61,-37,297
11557.5,-61,-37,297
11560.0,9,69,332
11562.5,2,4,344
11565.0,-77,-32,354
11567.5,-2,51,282
11570.0,57,-30,280
11572.5,-32,-19,295
11575.0,12,0,293
11577.5,6,8,276
11580.0,12,21,343
11582.5,-16,-69,311
11585.0,39,-6,334
11587.5,32,18,289
11590.0,41,-28,268
11592.5,-47,-23,287
11595.0,-32,16,297
11597.5,19,9,297
11600.0,-12,-32,352
11602.5,-42,-13,342
11605.0,70,0,344
11607.5,70,0,344
11610.0,17,1,253
11612.5,10,-43,266
11615.0,-11,-9,304
11617.5,93,-9,306
11620.0,-37,-52,304
11622.5,30,-21,350
11625.0,-101,12,285
11627.5,-43,-25,343
11630.0,-20,-11,238
11632.5,24,24,225
11635.0,24,-2,309
11637.5,49,-2,291
11640.0,26,-16,311
11642.5,4,-30,338
11645.0,45,5,290
11647.5,-14,-17,318
11650.0,13,-12,260
11652.5,-8,37,301
11655.0,-8,37,301
11657.5,-21,-4,298
11660.0,-7,4,312
11662.5,-41,-37,321
11665.0,5,-18,313
11667.5,-9,-40,339
11670.0,-1,12,369
11672.5,57,-16,252
11675.0,48,-36,231
11677.5,32,-2,292
11680.0,65,-5,305
11682.5,-7,-8,337
11685.0,-35,-31,359
11687.5,-33,-49,276
11690.0,-10,-40,339
11692.5,8,-2,281
11695.0,-2,-17,291
11697.5,-21,-2,301
11700.0,-57,-13,301
11702.5,-19,-30,347
11705.0,-19,-30,347
11707.5,13,45,313
11710.0,12,-7,260
11712.5,23,6,328
11715.0,-5,43,203
11717.5,26,16,287
11720.0,43,21,317
11722.5,45,8,307
11725.0,56,-25,352
11727.5,35,-5,296
11730.0,-13,-47,241
11732.5,-17,9,322
11735.0,30,0,291
11737.5,-45,5,273
11740.0,1,-23,354
11742.5,-16,9,325
11745.0,-55,1,320
11747.5,8,-5,288
11750.0,-19,-46,221
11752.5,-10,-18,316
11755.0,-10,-18,316
11757.5,40,-24,267
11760.0,-17,4,271
11762.5,48,6,350
11765.0,39,-10,269
11767.5,-15,-5,338
11770.0,-5,-4,281
11772.5,41,63,248
11775.0,-32,-21,336
11777.5,44,5,296
11780.0,-4,5,292
11782.5,-40,2,363
11785.0,-34,-39,352
11787.5,79,13,374
11790.0,49,2,254
11792.5,55,-2,294
11795.0,-2,-52,317
11797.5,61,20,287
11800.0,-35,-1,335
11802.5,-13,-33,378
11805.0,-13,-33,378
11807.5,38,24,315
11810.0,12,-10,370
11812.5,55,8,248
11815.0,-36,-30,272
11817.5,-21,2,314
11820.0,21,7,289
11822.5,42,-31,334
11825.0,113,-17,394
11827.5,42,32,310
11830.0,-26,-32,318
11832.5,39,-1,248
11835.0,-12,27,178
11837.5,-13,-41,312
11840.0,64,-22,292
11842.5,-48,5,284
11845.0,-10,23,301
11847.5,-22,-6,292
11850.0,-74,-62,335
11852.5,59,32,295
11855.0,59,32,295
11857.5,20,-16,326
11860.0,-26,-18,344
11862.5,-6,-38,320
11865.0,-28,19,296
11867.5,9,-30,353
11870.0,-22,17,258
11872.5,-10,-1,300
11875.0,-17,12,252
11877.5,74,-1,309
11880.0,68,16,366
11882.5,83,14,303
11885.0,-49,-28,313
11887.5,10,-65,330
11890.0,8,15,229
11892.5,-39,-20,338
11895.0,35,2,249
11897.5,-2,2,285
11900.0,25,-9,338
11902.5,76,-28,330
11905.0,76,-28,330
11907.5,20,-5,326
11910.0,4,-35,292
11912.5,60,30,212
11915.0,-26,-47,328
11917.5,31,19,278
11920.0,-75,-11,291
11922.5,-26,-20,368
11925.0,35,-8,315
11927.5,42,12,380
11930.0,-27,-24,276
11932.5,-15,-39,250
11935.0,35,5,305
11937.5,28,24,268
11940.0,-25,-14,294
11942.5,-35,27,343
11945.0,46,-23,302
11947.5,38,-27,323
11950.0,5,-22,235
11952.5,25,15,253
11955.0,25,15,253
11957.5,-7,-34,311
11960.0,12,-26,303
11962.5,-15,-22,322
11965.0,56,-7,350
11967.5,65,13,325
11970.0,30,25,332
11972.5,94,47,230
11975.0,16,19,255
11977.5,-8,-14,282
11980.0,41,-27,286
11982.5,-31,-27,325
11985.0,-32,-25,331
11987.5,49,9,325
11990.0,19,11,392
11992.5,-39,-37,268
11995.0,-9,-34,257
11997.5,25,-15,342
12000.0,46,-74,337
12002.5,-12,-7,336
12005.0,-12,-7,336
12007.5,26,17,330
12010.0,100,72,260
12012.5,-71,-39,328
12015.0,-22,5,242
12017.5,46,14,295
12020.0,2,-2,345
12022.5,12,60,281
12025.0,41,-43,340
12027.5,72,13,314
12030.0,37,-24,268
12032.5,-12,-4,328
12035.0,32,-12,260
12037.5,-15,-17,280
12040.0,-12,0,339
12042.5,-4,-31,293
12045.0,54,21,364
12047.5,29,-15,305
12050.0,98,-8,248
12052.5,68,4,359
12055.0,68,4,359
12057.5,-20,-13,275
12060.0,-29,-36,300
12062.5,-31,-7,350
12065.0,18,16,314
12067.5,47,-28,353
12070.0,53,-5,279
12072.5,9,14,283
12075.0,-58,-46,312
12077.5,32,11,297
12080.0,-14,24,342
12082.5,19,21,358
12085.0,-44,-27,297
12087.5,21,-12,328
12090.0,74,43,258
12092.5,-48,-24,198
12095.0,-17,-4,265
12097.5,-36,20,290
12100.0,30,-4,232
12102.5,54,45,322
12105.0,54,45,322
12107.5,39,65,209
12110.0,3,-15,360
12112.5,42,-8,250
12115.0,21,-9,268
12117.5,67,34,298
12120.0,-13,-30,307
12122.5,-43,-19,324
12125.0,18,-25,337
12127.5,-47,0,255
12130.0,-16,-21,321
12132.5,12,-59,253
12135.0,-19,-33,251
12137.5,33,10,325
12140.0,-9,-20,309
12142.5,32,-25,342
12145.0,19,16,341
12147.5,69,-8,275
12150.0,-60,-24,358
12152.5,-60,-24,358
12155.0,49,-11,284
12157.5,-101,-29,321
12160.0,8,10,366
12162.5,43,17,306
12165.0,1,-8,310
12167.5,67,15,309
12170.0,-22,-15,231
12172.5,-37,-13,335
12175.0,69,-11,306
12177.5,-27,19,285
12180.0,27,32,317
12182.5,9,2,282
12185.0,34,-2,293
12187.5,-4,-29,283
12190.0,-2,-29,227
12192.5,-36,-41,311
12195.0,-10,-32,302
12197.5,10,-2,288
12200.0,-18,-71,355
12202.5,-18,-71,355
12205.0,14,54,326
12207.5,62,-12,338
12210.0,21,-8,300
12212.5,41,0,252
12215.0,-12,-22,291
12217.5,44,32,298
12220.0,-29,-24,300
12222.5,-26,-49,372
12225.0,6,-23,346
12227.5,-14,-5,351
12230.0,20,-21,255
12232.5,41,-5,229
12235.0,34,26,271
12237.5,12,-2,303
12240.0,-1,-14,310
12242.5,-101,-63,334
12245.0,11,-29,357
12247.5,26,8,390
12250.0,111,14,231
12252.5,111,14,231
12255.0,-46,-49,301
12257.5,25,-11,323
12260.0,16,7,284
12262.5,-9,-9,327
12265.0,4,-20,322
12267.5,96,25,292
12270.0,10,-20,340
12272.5,9,-2,254
12275.0,27,-2,263
12277.5,5,-56,360
12280.0,109,73,311
12282.5,25,4,344
12285.0,-4,-57,321
12287.5,-22,-34,340
12290.0,32,11,363
12292.5,15,11,274
12295.0,-29,-34,297
12297.5,-4,9,298
12300.0,33,-59,334
12302.5,33,-59,334
12305.0,-41,-63,351
12307.5,-8,-47,323
12310.0,39,10,249
12312.5,1,-29,352
12315.0,23,-16,273
12317.5,-18,-2,273
12320.0,-28,-26,392
12322.5,-50,-11,227
12325.0,0,-63,348
12327.5,53,12,279
12330.0,-39,-7,234
12332.5,1,-35,319
12335.0,48,37,292
12337.5,13,-16,295
12340.0,-19,-17,324
12342.5,18,8,276
12345.0,13,-17,335
12347.5,64,20,267
12350.0,-24,-59,251
12352.5,-24,-59,251
12355.0,11,-33,334
12357.5,57,4,312
12360.0,39,-33,315
12362.5,-14,-54,345
12365.0,92,29,251
12367.5,-31,-61,361
12370.0,-12,-37,266
12372.5,14,4,283
12375.0,-4,-36,323
12377.5,39,0,323
12380.0,120,3,359
12382.5,-2,8,343
12385.0,-5,-12,332
12387.5,-40,-64,382
12390.0,14,-15,302
12392.5,45,-28,263
12395.0,-1,-10,314
12397.5,-62,32,288
12400.0,-6,-39,333
12402.5,-6,-39,333
12405.0,-19,-16,325
12407.5,-61,-38,256
12410.0,-42,-23,353
12412.5,39,-17,250
12415.0,69,36,276
12417.5,-12,-22,333
12420.0,11,-14,337
12422.5,-11,-43,343
12425.0,-46,-41,330
12427.5,19,-24,269
12430.0,-46,-30,315
12432.5,-91,-51,276
12435.0,7,-1,288
12437.5,40,-11,356
12440.0,44,11,292
12442.5,8,-16,345
12445.0,93,13,292
12447.5,73,-22,299
12450.0,42,-2,295
12452.5,42,-2,295
12455.0,10,-22,263
12457.5,-11,-50,287
12460.0,-56,-21,337
12462.5,-22,-26,318
12465.0,-16,-45,368
12467.5,-28,-37,271
12470.0,21,39,237
12472.5,18,-22,304
12475.0,18,0,270
12477.5,55,17,277
12480.0,31,0,338
12482.5,-5,32,316
12485.0,-65,-2,325
12487.5,-27,-52,250
12490.0,73,49,293
12492.5,-35,-24,313
12495.0,16,-2,328
12497.5,12,3,308
12500.0,35,18,353
12502.5,35,18,353
12505.0,82,37,341
12507.5,-2,-39,394
12510.0,46,-35,258
12512.5,-18,-59,272
12515.0,31,-20,326
12517.5,43,18,290
12520.0,31,8,334
12522.5,-10,-8,323
12525.0,112,23,283
12527.5,6,10,307
12530.0,-55,-37,251
12532.5,0,-9,320
12535.0,4,-6,353
12537.5,8,-5,320
12540.0,-71,-17,293
12542.5,5,-15,295
12545.0,8,-11,241
12547.5,-51,-34,320
12550.0,51,9,237
12552.5,51,9,237
12555.0,15,15,271
12557.5,8,-19,316
12560.0,-13,-35,304
12562.5,-11,-9,356
12565.0,15,-12,278
12567.5,20,3,224
12570.0,-44,-32,286
12572.5,20,20,260
12575.0,19,-18,304
12577.5,-26,-20,370
12580.0,23,-31,299
12582.5,16,2,372
12585.0,-50,-46,284
12587.5,7,-15,243
12590.0,26,-14,289
12592.5,45,0,287
12595.0,-57,-36,308
12597.5,-29,-37,354
12600.0,-29,-37,354
12602.5,27,-16,316
12605.0,-38,-1,342
12607.5,79,18,270
12610.0,35,-2,261
12612.5,16,-3,318
12615.0,-5,-24,336
12617.5,9,-23,333
12620.0,86,36,338
12622.5,-35,-35,306
12625.0,31,-10,365
12627.5,73,23,231
12630.0,-7,8,261
12632.5,59,-16,315
12635.0,90,50,315
12637.5,15,3,322
12640.0,-15,-5,306
12642.5,143,-33,300
12645.0,-21,-16,340
12647.5,38,-10,254
12650.0,38,-10,254
12652.5,10,-50,294
12655.0,17,27,317
12657.5,-23,-87,329
12660.0,34,-22,317
12662.5,46,-27,339
12665.0,4,-16,237
12667.5,-4,-6,319
12670.0,60,-12,248
12672.5,57,0,297
12675.0,-12,-41,360
12677.5,21,-13,320
12680.0,26,-29,361
12682.5,31,0,298
12685.0,-16,-41,268
12687.5,24,-4,326
12690.0,35,0,304
12692.5,27,-17,292
12695.0,-7,-33,387
12697.5,75,34,285
12700.0,75,34,285
12702.5,-7,-30,330
12705.0,-11,-28,279
12707.5,-21,-25,220
12710.0,-61,-17,289
12712.5,81,28,275
12715.0,6,-46,302
12717.5,-5,5,333
12720.0,15,-3,289
12722.5,18,-20,344
12725.0,-36,-2,263
12727.5,-56,-9,215
12730.0,35,-8,319
12732.5,34,2,283
12735.0,12,-12,316
12737.5,22,-16,346
12740.0,11,-17,342
12742.5,-32,-49,330
12745.0,25,15,259
12747.5,55,-27,284
12750.0,55,-27,284
12752.5,-24,-20,320
12755.0,21,34,299
12757.5,14,-5,329
12760.0,8,1,350
12762.5,57,14,254
12765.0,13,-23,297
12767.5,62,-49,234
12770.0,34,-20,267
12772.5,6,0,329
12775.0,-20,-7,277
12777.5,-30,15,344
12780.0,16,2,331
12782.5,67,-21,314
12785.0,47,-17,337
12787.5,1,-26,253
12790.0,-43,38,303
12792.5,-9,24,341
12795.0,9,-13,301
12797.5,-28,-15,313
12800.0,-28,-15,313
12802.5,-5,7,297
12805.0,-19,5,230
12807.5,-1,-16,325
12810.0,116,37,267
12812.5,3,22,293
12815.0,-11,-31,364
12817.5,27,15,296
12820.0,80,18,332
12822.5,61,-8,259
12825.0,19,-7,249
12827.5,38,-6,285
12830.0,1,14,322
12832.5,40,-3,291
12835.0,-41,-12,333
12837.5,-79,2,276
12840.0,-47,-35,404
12842.5,-36,-55,272
12845.0,46,-46,302
12847.5,-15,-19,279
12850.0,-15,-19,279
12852.5,-5,-10,293
12855.0,-7,32,318
12857.5,78,-2,366
12860.0,29,0,309
12862.5,-42,-29,338
12865.0,82,29,263
12867.5,-35,25,253
12870.0,0,-15,327
12872.5,36,12,288
12875.0,-37,-1,293
12877.5,-16,-21,316
12880.0,-26,-19,269
12882.5,-32,-70,342
12885.0,-8,-14,238
12887.5,-70,-47,230
12890.0,-20,9,294
12892.5,19,-7,282
12895.0,-21,29,320
12897.5,-34,-82,371
12900.0,-34,-82,371
12902.5,64,18,247
12905.0,-3,17,328
12907.5,-15,-38,288
12910.0,-39,35,280
12912.5,-1,39,304
12915.0,-78,-41,284
12917.5,38,2,339
12920.0,32,-10,294
12922.5,33,12,232
12925.0,13,23,317
12927.5,18,-40,278
12930.0,29,-1,327
12932.5,11,11,366
12935.0,-63,-30,329
12937.5,1,-42,362
12940.0,-4,-24,290
12942.5,92,-7,239
12945.0,6,17,286
12947.5,6,17,286
12950.0,41,41,290
12952.5,1,-37,328
12955.0,0,-31,361
12957.5,-19,14,309
12960.0,3,-33,355
12962.5,20,-57,292
12965.0,-28,-25,161
12967.5,6,-1,260
12970.0,31,-28,295
12972.5,-1,-33,317
12975.0,11,-27,337
12977.5,9,-17,285
12980.0,-53,-77,389
12982.5,48,5,258
12985.0,68,-9,288
12987.5,-16,9,299
12990.0,25,-8,299
12992.5,15,22,315
12995.0,27,0,350
12997.5,27,0,350
13000.0,27,-16,305
13002.5,-3,7,387
13005.0,6,-39,256
13007.5,25,-34,272
13010.0,16,-5,336
13012.5,72,3,289
13015.0,-39,10,301
13017.5,-31,-27,318
13020.0,44,28,258
13022.5,-26,-18,304
13025.0,-28,-36,246
13027.5,21,-15,282
13030.0,-26,41,299
13032.5,-33,-31,314
13035.0,-30,-89,338
13037.5,37,-16,315
13040.0,47,-12,265
13042.5,-15,-19,330
13045.0,28,-15,258
13047.5,28,-15,258
13050.0,-14,-18,282
13052.5,-34,-56,357
13055.0,17,-7,301
13057.5,43,-12,374
13060.0,17,4,292
13062.5,-65,-66,233
13065.0,-60,-14,292
13067.5,-20,-28,260
13070.0,-4,4,283
13072.5,1,-32,367
13075.0,2,-9,312
13077.5,4,-21,378
13080.0,32,-14,265
13082.5,101,2,237
13085.0,4,17,294
13087.5,-8,-9,337
13090.0,-38,4,306
13092.5,21,-32,349
13095.0,-30,6,344
13097.5,-30,6,344
13100.0,-96,-19,367
13102.5,33,26,252
13105.0,42,-36,261
13107.5,29,-3,282
13110.0,21,13,279
13112.5,-1,16,299
13115.0,-89,-16,330
13117.5,-1,22,319
13120.0,41,-4,355
13122.5,32,-8,265
13125.0,-8,-32,297
13127.5,9,-8,303
13130.0,33,-2,307
13132.5,-2,15,332
13135.0,4,-20,330
13137.5,93,10,298
13140.0,-51,-54,319
13142.5,-23,-30,252
13145.0,-2,-29,346
13147.5,-2,-29,346
13150.0,-16,-42,414
13152.5,31,20,321
13155.0,71,15,342
13157.5,25,3,307
13160.0,60,11,263
13162.5,47,-29,380
13165.0,80,21,220
13167.5,54,35,276
13170.0,26,-4,365
13172.5,80,1,323
13175.0,1,-44,350
13177.5,51,15,298
13180.0,-10,-14,278
13182.5,-62,-46,321
13185.0,68,44,276
13187.5,-14,-35,298
13190.0,7,-28,389
13192.5,39,8,315
13195.0,-23,3,341
13197.5,-23,3,341
13200.0,-34,-51,285
13202.5,98,34,263
13205.0,-29,-6,313
13207.5,36,16,247
13210.0,6,24,262
13212.5,-47,20,353
13215.0,-43,-59,282
13217.5,1,-13,339
13220.0,35,-16,259
13222.5,-25,4,261
13225.0,-31,-40,313
13227.5,28,1,295
13230.0,-2,6,327
13232.5,-18,-52,381
13235.0,60,-2,306
13237.5,-54,-35,314
13240.0,10,7,279
13242.5,-15,-12,258
13245.0,7,-16,304
13247.5,7,-16,304
13250.0,54,14,281
13252.5,-9,-39,298
13255.0,40,-36,373
13257.5,-46,-25,259
13260.0,-15,3,335
13262.5,-11,-36,259
13265.0,4,-9,282
13267.5,-7,7,322
13270.0,42,-3,311
13272.5,-52,-49,285
13275.0,11,22,320
13277.5,47,5,263
13280.0,2,-24,325
13282.5,-4,7,256
13285.0,5,-13,282
13287.5,-21,-5,363
13290.0,34,0,295
13292.5,111,-8,353
13295.0,99,17,291
13297.5,99,17,291
13300.0,78,6,273
13302.5,35,23,320
13305.0,62,-3,267
13307.5,-32,52,269
13310.0,-76,-15,291
13312.5,17,-34,264
13315.0,6,-12,330
13317.5,19,-13,317
13320.0,-4,-33,258
13322.5,-19,-7,286
13325.0,-37,-2,265
13327.5,-29,6,301
13330.0,5,-28,373
13332.5,-33,29,294
13335.0,16,-13,365
13337.5,79,8,280
13340.0,-21,-35,240
13342.5,-34,-23,280
13345.0,-34,-23,280
13347.5,18,11,299
13350.0,35,10,303
13352.5,-17,-21,347
13355.0,7,-7,335
13357.5,-11,-23,374
13360.0,-8,-25,253
13362.5,46,10,232
13365.0,-47,-5,289
13367.5,-2,3,332
13370.0,7,12,281
13372.5,75,1,334
13375.0,-22,-4,262
13377.5,-8,-30,382
13380.0,-4,-18,235
13382.5,51,9,269
13385.0,17,-15,321
13387.5,74,-4,297
13390.0,49,35,315
13392.5,-10,12,351
13395.0,-10,12,351
13397.5,-23,-23,250
13400.0,-51,-26,326
13402.5,63,-9,278
13405.0,-32,-5,244
13407.5,-31,-4,310
13410.0,40,-7,301
13412.5,-19,37,302
13415.0,-76,-31,341
13417.5,1,27,299
13420.0,-28,-36,344
13422.5,15,57,254
13425.0,-32,-23,311
13427.5,-61,-7,316
13430.0,3,-46,334
13432.5,-15,-21,353
13435.0,22,-16,303
13437.5,78,3,241
13440.0,0,-6,295
13442.5,31,-2,258
13445.0,31,-2,258
13447.5,-2,-20,294
13450.0,43,1,378
13452.5,103,-2,318
13455.0,-2,-4,349
13457.5,30,30,277
13460.0,-48,-40,211
13462.5,-6,-11,327
13465.0,-12,-34,263
13467.5,75,52,280
13470.0,15,32,344
13472.5,7,-20,318
13475.0,37,-22,351
13477.5,-50,-12,255
13480.0,37,-7,272
13482.5,-26,-15,301
13485.0,98,54,239
13487.5,-36,-13,274
13490.0,-12,5,354
13492.5,-47,-2,271
13495.0,-47,-2,271
13497.5,-37,-7,337
13500.0,32,14,256
13502.5,-6,-1,228
13505.0,16,3,271
13507.5,-20,-15,302
13510.0,18,1,325
13512.5,30,-41,372
13515.0,-2,-31,289
13517.5,25,15,340
13520.0,33,-29,233
13522.5,0,12,246
13525.0,35,-38,367
13527.5,66,-2,332
13530.0,72,23,325
13532.5,-27,-22,333
13535.0,33,11,288
13537.5,-4,-23,325
13540.0,33,-11,271
13542.5,-1,-33,312
13545.0,-1,-33,312
13547.5,33,-19,317
13550.0,74,10,313
13552.5,-41,-58,343
13555.0,-7,-35,354
13557.5,30,11,274
13560.0,-54,-39,321
13562.5,18,-9,271
13565.0,-58,-27,320
13567.5,12,-14,366
13570.0,22,-14,351
13572.5,0,-71,356
13575.0,44,8,311
13577.5,-27,-18,285
13580.0,-8,-25,340
13582.5,56,50,243
13585.0,7,-27,305
13587.5,-26,-11,390
13590.0,19,-29,294
13592.5,34,-24,350
13595.0,34,-24,350
13597.5,37,-13,324
13600.0,-92,-73,253
13602.5,-48,-23,305
13605.0,68,23,299
13607.5,-25,-29,341
13610.0,-8,-13,361
13612.5,-22,-35,316
13615.0,-44,-65,366
13617.5,3,-45,298
13620.0,-8,-17,232
13622.5,28,-23,288
13625.0,78,-5,218
13627.5,-4,40,260
13630.0,0,-46,351
13632.5,-19,-11,302
13635.0,15,-26,366
13637.5,38,-9,241
13640.0,-39,6,237
13642.5,-17,-34,305
13645.0,-17,-34,305
13647.5,-8,-27,302
13650.0,9,-17,337
13652.5,70,14,332
13655.0,30,2,348
13657.5,49,-8,353
13660.0,52,15,227
13662.5,-45,-35,248
13665.0,19,-11,295
13667.5,29,17,323
13670.0,-25,-46,361
13672.5,-25,-5,343
13675.0,-20,-10,268
13677.5,12,-24,373
13680.0,-3,-15,272
13682.5,3,2,276
13685.0,30,-15,336
13687.5,67,21,303
13690.0,-38,-35,352
13692.5,41,11,319
13695.0,41,11,319
13697.5,64,5,261
13700.0,21,-6,328
13702.5,75,8,271
13705.0,38,16,271
13707.5,-28,-11,347
13710.0,-13,-17,304
13712.5,145,-4,335
13715.0,40,-19,322
13717.5,-30,-63,284
13720.0,-32,-38,342
13722.5,25,-4,284
13725.0,-75,-16,262
13727.5,-11,-17,362
13730.0,51,-4,350
13732.5,-2,2,325
13735.0,12,21,257
13737.5,-19,-6,218
13740.0,21,13,300
13742.5,21,13,300
13745.0,19,18,299
13747.5,5,-11,328
13750.0,19,11,351
13752.5,-30,-85,303
13755.0,-57,-62,353
13757.5,18,-20,260
13760.0,84,-34,245
13762.5,31,6,302
13765.0,-15,-4,292
13767.5,9,-12,287
13770.0,55,-15,374
13772.5,-28,-33,271
13775.0,-9,-37,344
13777.5,74,22,244
13780.0,-11,18,261
13782.5,-9,-23,286
13785.0,48,7,307
13787.5,16,-12,301
13790.0,27,12,370
13792.5,27,12,370
13795.0,0,-27,243
13797.5,-52,-6,329
13800.0,12,-17,260
13802.5,-43,9,245
13805.0,21,24,303
13807.5,13,-7,345
13810.0,8,-63,334
13812.5,-8,-9,314
13815.0,45,53,273
13817.5,-22,-31,342
13820.0,-39,-5,244
13822.5,20,-12,250
13825.0,-3,-16,335
13827.5,-20,-15,281
13830.0,5,-17,302
13832.5,33,-32,296
13835.0,11,-12,244
13837.5,36,10,352
13840.0,28,14,209
13842.5,28,14,209
13845.0,-8,-15,317
13847.5,-5,13,334
13850.0,82,-33,371
13852.5,-19,1,385
13855.0,24,-27,278
13857.5,48,3,259
13860.0,-9,8,271
13862.5,-18,-13,271
13865.0,6,-4,297
13867.5,-5,-15,345
13870.0,-24,-11,330
13872.5,-4,-12,372
13875.0,-14,-30,267
13877.5,49,-3,296
13880.0,70,18,328
13882.5,-8,-10,309
13885.0,11,-18,352
13887.5,-28,-26,317
13890.0,16,29,260
13892.5,16,29,260
13895.0,64,-13,346
13897.5,45,-15,264
13900.0,11,-58,298
13902.5,-3,-33,293
13905.0,40,30,281
13907.5,-61,-23,300
13910.0,26,-16,363
13912.5,19,-4,335
13915.0,25,21,363
13917.5,42,-3,254
13920.0,-9,-3,258
13922.5,1,-31,306
13925.0,54,10,289
13927.5,-2,-28,311
13930.0,5,-56,349
13932.5,117,-18,295
13935.0,5,16,336
13937.5,-31,-34,289
13940.0,-26,12,284
13942.5,-26,12,284
13945.0,-42,-32,339
13947.5,-2,-28,257
13950.0,29,-24,332
13952.5,23,-6,344
13955.0,-8,-34,262
13957.5,-51,-48,308
13960.0,14,7,256
13962.5,-26,-17,275
13965.0,-1,2,314
13967.5,34,-8,285
13970.0,37,-30,343
13972.5,25,15,283
13975.0,107,-17,274
13977.5,6,-25,315
13980.0,76,-1,303
13982.5,-25,-25,306
13985.0,-3,-2,364
13987.5,53,-3,319
13990.0,-45,-60,348
13992.5,-45,-60,348
13995.0,8,3,279
13997.5,6,16,234
14000.0,3,-10,294
14002.5,5,-6,271
14005.0,19,-32,267
14007.5,-23,-7,301
14010.0,10,34,273
14012.5,25,-2,338
14015.0,38,1,277
14017.5,124,9,326
14020.0,-15,-24,306
14022.5,43,-8,268
14025.0,3,42,284
14027.5,60,-27,394
14030.0,34,0,332
14032.5,2,-18,371
14035.0,73,37,244
14037.5,33,9,291
14040.0,56,7,304
14042.5,56,7,304
14045.0,62,8,281
14047.5,-13,-52,317
14050.0,45,9,344
14052.5,64,-24,307
14055.0,1,-45,357
14057.5,-13,-44,260
14060.0,54,-10,313
14062.5,15,-12,341
14065.0,-8,-9,274
14067.5,37,11,306
14070.0,-13,-21,307
14072.5,-38,29,242
14075.0,-20,-50,350
14077.5,10,9,236
14080.0,33,-22,293
14082.5,-4,-38,350
14085.0,43,-7,340
14087.5,20,-6,357
14090.0,40,-5,320
14092.5,40,-5,320
14095.0,94,-13,266
14097.5,-35,-42,318
14100.0,12,6,267
14102.5,-18,18,279
14105.0,26,-27,396
14107.5,82,13,320
14110.0,28,-5,356
14112.5,-3,-39,313
14115.0,62,24,249
14117.5,-28,-16,302
14120.0,21,-18,283
14122.5,80,-56,327
14125.0,-37,-53,357
14127.5,86,-14,300
14130.0,19,-10,329
14132.5,19,0,237
14135.0,-15,-26,298
14137.5,-15,-17,339
14140.0,-15,-17,339
14142.5,51,10,250
14145.0,58,-15,285
14147.5,6,-55,358
14150.0,23,6,306
14152.5,-18,-11,398
14155.0,41,4,263
14157.5,-51,22,283
14160.0,19,2,293
14162.5,-14,-45,331
14165.0,33,24,317
14167.5,34,23,291
14170.0,78,6,299
14172.5,17,8,357
14175.0,32,-9,270
14177.5,5,30,279
14180.0,-16,-26,324
14182.5,-22,16,322
14185.0,-13,-11,324
14187.5,-15,-23,312
14190.0,-15,-23,312
14192.5,-69,13,258
14195.0,4,-22,353
14197.5,39,12,279
14200.0,49,0,318
14202.5,-7,-14,368
14205.0,74,22,333
14207.5,-68,-9,332
14210.0,22,-42,291
14212.5,-3,-29,222
14215.0,-40,0,325
14217.5,-32,-30,240
14220.0,18,10,261
14222.5,-11,-16,352
14225.0,67,33,322
14227.5,-55,-33,347
14230.0,42,-3,304
14232.5,31,-16,266
14235.0,-71,-19,304
14237.5,-2,-27,301
14240.0,-2,-27,301
14242.5,7,-8,318
14245.0,-20,-31,315
14247.5,-7,-4,279
14250.0,-47,-36,332
14252.5,29,-10,261
14255.0,30,25,214
14257.5,-9,-55,307
14260.0,42,13,276
14262.5,40,-67,348
14265.0,26,-24,395
14267.5,46,32,316
14270.0,-52,2,338
14272.5,5,2,269
14275.0,48,3,233
14277.5,77,3,324
14280.0,69,14,340
14282.5,20,8,347
14285.0,26,30,331
14287.5,34,2,286
14290.0,34,2,286
14292.5,-39,-52,338
14295.0,43,-51,222
14297.5,-1,-24,264
14300.0,26,22,306
14302.5,-14,-33,302
14305.0,8,-13,306
14307.5,65,-2,326
14310.0,87,26,266
14312.5,-26,0,294
14315.0,12,25,271
14317.5,18,2,308
14320.0,-2,-41,322
14322.5,27,1,323
14325.0,11,-26,344
14327.5,80,-27,298
14330.0,113,3,249
14332.5,9,2,310
14335.0,51,23,287
14337.5,-6,0,298
14340.0,-6,0,298
14342.5,-38,2,330
14345.0,40,-28,308
14347.5,-9,-39,365
14350.0,-8,-30,284
14352.5,-8,6,273
14355.0,-19,-2,300
14357.5,42,5,269
14360.0,-3,26,324
14362.5,15,0,359
14365.0,-28,10,323
14367.5,23,-15,388
14370.0,60,18,233
14372.5,53,1,262
14375.0,-67,-38,272
14377.5,-19,-4,309
14380.0,-13,-19,320
14382.5,-52,-52,338
14385.0,38,-6,261
14387.5,-46,-36,311
14390.0,-46,-36,311
14392.5,6,-14,261
14395.0,4,-35,290
14397.5,15,29,324
14400.0,-12,9,267
14402.5,-5,-1,301
14405.0,25,-22,328
14407.5,19,-14,281
14410.0,5,-2,323
14412.5,-44,31,251
14415.0,33,13,284
14417.5,25,21,326
14420.0,-15,-3,324
14422.5,57,-15,342
14425.0,50,32,307
14427.5,102,-4,276
14430.0,8,-37,327
14432.5,40,15,263
14435.0,-18,5,282
14437.5,39,27,339
14440.0,39,27,339
14442.5,15,4,313
14445.0,34,1,351
14447.5,9,-4,296
14450.0,-52,-61,231
14452.5,-8,1,288
14455.0,8,26,303
14457.5,-31,-25,284
14460.0,-14,20,309
14462.5,6,-17,242
14465.0,-32,-43,386
14467.5,13,-17,288
14470.0,67,25,303
14472.5,43,31,298
14475.0,-14,-10,280
14477.5,-19,22,290
14480.0,23,0,357
14482.5,-13,-15,308
14485.0,-41,-61,358
14487.5,58,14,238
14490.0,58,14,238
14492.5,15,-11,251
14495.0,10,-16,330
14497.5,68,-7,299
14500.0,38,4,338
14502.5,-5,-30,319
14505.0,116,-1,246
14507.5,70,12,341
14510.0,48,2,260
14512.5,-5,-7,285
14515.0,-2,11,328
14517.5,79,-17,293
14520.0,1,-37,327
14522.5,44,-7,315
14525.0,30,7,283
14527.5,-67,-27,317
14530.0,31,-3,269
14532.5,18,17,287
14535.0,43,-13,370
14537.5,39,-24,297
14540.0,39,-24,297
14542.5,18,4,339
14545.0,18,-94,316
14547.5,27,10,285
14550.0,-15,-28,296
14552.5,21,17,275
14555.0,-34,-24,287
14557.5,-37,-37,366
14560.0,21,-19,303
14562.5,-41,-29,325
14565.0,7,0,275
14567.5,70,-48,308
14570.0,40,-25,306
14572.5,31,28,306
14575.0,-18,13,311
14577.5,-22,-32,339
14580.0,91,6,262
14582.5,-60,-65,330
14585.0,75,17,260
14587.5,37,-43,253
14590.0,37,-43,253
14592.5,45,11,309
14595.0,7,-10,317
14597.5,-26,-13,321
14600.0,41,12,351
14602.5,16,10,259
14605.0,-78,-37,309
14607.5,25,3,241
14610.0,95,28,243
14612.5,40,-9,290
14615.0,4,25,249
14617.5,3,29,291
14620.0,-63,-35,302
14622.5,78,20,265
14625.0,11,-19,331
14627.5,-19,-13,262
14630.0,15,3,277
14632.5,37,26,358
14635.0,35,-38,304
14637.5,35,-38,304
14640.0,22,-44,334
14642.5,56,-1,301
14645.0,-31,0,223
14647.5,0,-30,324
14650.0,9,-17,244
14652.5,39,12,302
14655.0,20,-12,361
14657.5,-65,-17,311
14660.0,19,-28,344
14662.5,43,12,271
14665.0,18,-18,261
14667.5,23,-20,305
14670.0,22,-1,292
14672.5,22,3,308
14675.0,5,-18,353
14677.5,75,-66,338
14680.0,17,-2,392
14682.5,15,-4,265
14685.0,-19,-31,243
14687.5,-19,-31,243
14690.0,-4,19,306
14692.5,25,-8,307
14695.0,3,30,299
14697.5,12,-36,382
14700.0,44,18,317
14702.5,41,6,355
14705.0,34,3,286
14707.5,0,-26,256
14710.0,28,3,291
14712.5,14,-3,298
14715.0,-1,-27,315
14717.5,14,10,304
14720.0,-56,52,263
14722.5,27,-10,348
14725.0,-24,11,238
14727.5,9,28,267
14730.0,13,-21,362
14732.5,0,-26,280
14735.0,-42,36,323
14737.5,-42,36,323
14740.0,-49,-43,338
14742.5,35,13,265
14745.0,3,-43,346
14747.5,44,18,254
14750.0,-79,-29,300
14752.5,14,-14,369
14755.0,55,13,316
14757.5,-55,-50,343
14760.0,52,-33,305
14762.5,1,-34,244
14765.0,-9,-45,319
14767.5,47,12,278
14770.0,18,-14,274
14772.5,-12,-32,345
14775.0,-5,-15,311
14777.5,-11,-14,355
14780.0,-3,-21,319
14782.5,9,-31,284
14785.0,-13,11,296
14787.5,-13,11,296
14790.0,72,19,296
14792.5,9,-16,305
14795.0,-17,-13,333
14797.5,-19,29,235
14800.0,-31,-30,325
14802.5,-35,-10,253
14805.0,-16,-17,280
14807.5,20,-2,305
14810.0,-5,-10,315
14812.5,-3,-83,310
14815.0,12,-14,356
14817.5,43,8,321
14820.0,-25,-1,339
14822.5,-21,-16,266
14825.0,-2,-5,279
14827.5,12,-6,350
14830.0,-15,-5,292
14832.5,16,-27,329
14835.0,42,1,324
14837.5,42,1,324
14840.0,30,29,241
14842.5,-48,-29,319
14845.0,17,4,261
14847.5,-14,9,279
14850.0,-9,-24,370
14852.5,52,10,313
14855.0,55,-28,335
14857.5,9,-4,266
14860.0,26,-16,272
14862.5,36,12,292
14865.0,-22,9,274
14867.5,-33,-19,290
14870.0,52,-28,355
14872.5,41,10,315
14875.0,-21,-33,330
14877.5,-23,-31,283
14880.0,55,-42,298
14882.5,53,25,323
14885.0,38,-16,274
14887.5,38,-16,274
14890.0,-42,-10,316
14892.5,-17,16,357
14895.0,4,-42,287
14897.5,-9,-9,331
14900.0,-8,-31,252
14902.5,101,8,259
14905.0,31,-12,303
14907.5,28,16,272
14910.0,-14,-43,356
14912.5,28,-14,348
14915.0,39,-16,321
14917.5,24,19,374
14920.0,-6,-5,228
14922.5,48,31,274
14925.0,-19,-20,273
14927.5,17,-7,286
14930.0,-18,-27,330
14932.5,20,-53,323
14935.0,29,-2,279
14937.5,29,-2,279
14940.0,-87,-43,327
14942.5,58,-11,283
14945.0,60,7,278
14947.5,-8,-13,354
14950.0,52,4,325
14952.5,-4,-6,328
14955.0,-12,26,343
14957.5,13,-1,256
14960.0,-18,-21,299
14962.5,33,18,255
14965.0,28,-24,312
14967.5,-1,-24,382
14970.0,13,-41,321
14972.5,73,-13,374
14975.0,34,-13,316
14977.5,10,-39,276
14980.0,-3,-39,298
14982.5,-12,5,290
14985.0,-48,-2,298
14987.5,-48,-2,298
14990.0,-22,9,337
14992.5,-18,-42,274
14995.0,-33,-45,340
14997.5,-3,-5,242
15000.0,-34,-13,276
15002.5,-22,-7,308
15005.0,4,-5,308
15007.5,25,12,323
15010.0,42,-6,380
15012.5,76,-9,307
15015.0,-41,-43,338
15017.5,77,9,227
15020.0,-36,18,239
15022.5,-2,-17,323
15025.0,36,-4,319
15027.5,99,-19,328
15030.0,10,-44,315
15032.5,46,-19,230
15035.0,46,-19,230
15037.5,-66,-30,310
15040.0,-14,-20,270
15042.5,36,20,299
15045.0,-23,-4,350
15047.5,53,-2,298
15050.0,-57,-52,350
15052.5,23,-21,284
15055.0,1,-12,240
15057.5,-15,-4,306
15060.0,3,-4,287
15062.5,-16,8,306
15065.0,9,-16,380
15067.5,32,-25,323
15070.0,81,16,354
15072.5,28,13,268
15075.0,87,20,260
15077.5,17,-15,313
15080.0,69,-9,264
15082.5,37,11,309
15085.0,37,11,309
15087.5,13,-41,346
15090.0,4,-9,275
15092.5,-25,-9,325
15095.0,13,15,272
15097.5,-2,16,284
15100.0,41,-14,301
15102.5,8,-19,296
15105.0,75,-40,308
15107.5,66,-18,383
15110.0,113,18,243
15112.5,-64,-48,364
15115.0,72,-32,289
15117.5,47,-19,330
15120.0,21,-31,326
15122.5,-16,-26,282
15125.0,0,35,318
15127.5,-16,-57,325
15130.0,-2,27,277
15132.5,-35,-20,303
15135.0,-35,-20,303
15137.5,24,-8,272
15140.0,-50,4,264
15142.5,20,-30,396
15145.0,63,19,327
15147.5,-7,-8,348
15150.0,-38,46,296
15152.5,-53,-33,218
15155.0,-30,-11,313
15157.5,-18,-19,285
15160.0,17,-25,300
15162.5,33,-20,368
15165.0,87,20,299
15167.5,20,-5,343
15170.0,31,26,257
15172.5,27,68,221
15175.0,18,-26,302
15177.5,34,-11,299
15180.0,-41,-37,318
15182.5,31,-3,349
15185.0,31,-3,349
15187.5,35,-13,305
15190.0,34,17,352
15192.5,37,9,245
15195.0,-58,-27,271
15197.5,-41,6,335
15200.0,31,-13,335
15202.5,-50,-38,312
15205.0,-37,-6,354
15207.5,29,8,260
15210.0,-59,-10,317
15212.5,65,33,238
15215.0,4,-12,271
15217.5,65,36,319
15220.0,-9,-38,292
15222.5,28,38,303
15225.0,48,-50,328
15227.5,-47,-47,261
15230.0,-65,-31,317
15232.5,49,29,274
15235.0,49,29,274
15237.5,7,-10,290
15240.0,6,27,333
15242.5,-21,-40,335
15245.0,50,19,335
15247.5,31,-10,304
15250.0,-78,-90,242
15252.5,5,-17,319
15255.0,40,-13,288
15257.5,6,-32,298
15260.0,-55,-31,324
15262.5,2,58,269
15265.0,51,4,374
15267.5,40,21,292
15270.0,-31,-5,295
15272.5,47,2,326
15275.0,1,10,291
15277.5,-32,32,271
15280.0,43,4,341
15282.5,17,-11,255
15285.0,17,-11,255
15287.5,61,3,356
15290.0,18,-16,254
15292.5,-19,-4,263
15295.0,-37,-52,335
15297.5,58,5,309
15300.0,16,-26,293
15302.5,-12,-20,314
15305.0,-6,-30,310
15307.5,-10,-20,357
15310.0,21,-15,262
15312.5,36,0,303
15315.0,-8,-46,336
15317.5,-32,11,280
15320.0,-9,-6,338
15322.5,3,-37,321
15325.0,-3,-26,279
15327.5,-16,-19,324
15330.0,60,19,273
15332.5,-18,-24,285
15335.0,-18,-24,285
15337.5,-49,-25,346
15340.0,55,11,313
15342.5,-57,-50,335
15345.0,45,15,288
15347.5,100,31,251
15350.0,-60,-26,315
15352.5,106,68,268
15355.0,-1,-11,316
15357.5,-53,-26,321
15360.0,12,11,298
15362.5,36,7,345
15365.0,-32,-19,270
15367.5,-68,-29,277
15370.0,21,-24,326
15372.5,35,6,288
15375.0,7,-62,292
15377.5,48,-36,369
15380.0,-23,56,305
15382.5,-31,-71,357
15385.0,-31,-71,357
15387.5,1,-12,258
15390.0,-25,-43,260
15392.5,-18,-15,329
15395.0,56,0,310
15397.5,-13,-15,316
15400.0,15,-14,308
15402.5,80,8,256
15405.0,-82,-33,322
15407.5,20,-5,248
15410.0,-40,30,270
15412.5,1,-7,290
15415.0,16,-38,325
15417.5,-12,-1,322
15420.0,4,-12,314
15422.5,-33,-41,250
15425.0,75,15,324
15427.5,62,8,270
15430.0,54,3,311
15432.5,3,-12,364
15435.0,3,-12,364
15437.5,56,-12,297
15440.0,2,4,320
15442.5,13,4,266
15445.0,-113,-82,229
15447.5,13,8,321
15450.0,24,22,240
15452.5,-38,-52,350
15455.0,22,5,359
15457.5,3,-27,290
15460.0,-64,-45,314
15462.5,34,32,258
15465.0,40,3,279
15467.5,29,-25,293
15470.0,0,-2,329
15472.5,-34,-13,316
15475.0,1,-49,341
15477.5,14,-18,295
15480.0,3,-14,318
15482.5,3,-14,318
15485.0,15,-55,290
15487.5,-28,-15,310
15490.0,-2,-7,311
15492.5,46,-6,297
15495.0,-71,-27,315
15497.5,-1,-51,318
15500.0,-77,-10,265
15502.5,-7,-9,338
15505.0,37,1,246
15507.5,-17,-15,286
15510.0,9,-29,315
15512.5,-9,75,262
15515.0,55,41,264
15517.5,30,-3,301
15520.0,-17,-22,242
15522.5,20,-29,341
15525.0,19,8,261
15527.5,82,17,290
15530.0,27,16,358
15532.5,27,16,358
15535.0,-31,-32,307
15537.5,107,20,335
15540.0,-10,-21,235
15542.5,128,-3,292
15545.0,-2,-46,285
15547.5,16,-2,298
15550.0,5,-19,317
15552.5,27,-16,328
15555.0,21,-11,330
15557.5,44,-18,338
15560.0,36,-23,246
15562.5,20,13,248
15565.0,10,-3,280
15567.5,4,-20,310
15570.0,60,9,299
15572.5,7,21,320
15575.0,22,9,245
15577.5,6,-15,320
15580.0,14,-19,255
15582.5,14,-19,255
15585.0,20,-45,286
15587.5,22,4,325
15590.0,1,-15,312
15592.5,-75,-33,322
15595.0,4,-13,294
15597.5,35,21,246
15600.0,13,-4,321
15602.5,22,-10,255
15605.0,14,-10,300
15607.5,-19,-15,357
15610.0,62,26,274
15612.5,62,0,346
15615.0,39,43,297
15617.5,28,9,264
15620.0,-4,-31,319
15622.5,24,-14,275
15625.0,-25,-35,315
15627.5,-84,23,332
15630.0,-66,-17,326
15632.5,-66,-17,326
15635.0,-9,-31,357
15637.5,8,17,239
15640.0,25,-50,271
15642.5,-7,-23,302
15645.0,-2,-5,301
15647.5,22,25,348
15650.0,22,-23,352
15652.5,10,-30,259
15655.0,9,-43,355
15657.5,5,-11,260
15660.0,-12,6,293
15662.5,-3,-11,367
15665.0,45,-6,340
15667.5,78,-8,330
15670.0,30,-6,304
15672.5,53,1,210
15675.0,-3,-11,321
15677.5,21,11,248
15680.0,-37,25,295
15682.5,-37,25,295
15685.0,3,15,312
15687.5,-6,-14,296
15690.0,24,-29,352
15692.5,15,16,299
15695.0,-12,-15,263
15697.5,-37,-16,350
15700.0,59,12,267
15702.5,-31,-8,303
15705.0,11,-45,378
15707.5,36,-5,302
15710.0,16,4,373
15712.5,27,-4,275
15715.0,-59,-57,220
15717.5,-84,1,296
15720.0,65,41,281
15722.5,-6,-8,323
15725.0,24,-33,360
15727.5,-4,23,308
15730.0,-8,29,335
15732.5,-8,29,335
15735.0,-9,-38,241
15737.5,38,10,305
15740.0,-10,-4,319
15742.5,49,8,298
15745.0,-20,26,291
15747.5,4,6,353
15750.0,-1,-9,269
15752.5,-51,-16,329
15755.0,3,0,255
15757.5,46,-2,279
15760.0,-52,5,298
15762.5,39,1,311
15765.0,41,10,335
15767.5,-32,-34,329
15770.0,71,6,242
15772.5,48,-8,342
15775.0,25,-5,253
15777.5,48,1,293
15780.0,-2,-32,377
15782.5,-2,-32,377
15785.0,54,4,343
15787.5,-16,-1,356
15790.0,22,-6,293
15792.5,2,24,216
15795.0,10,-11,307
15797.5,31,12,293
15800.0,-39,-29,305
15802.5,19,25,353
15805.0,-27,-22,283
15807.5,-35,-32,329
15810.0,42,-16,292
15812.5,-35,-12,250
15815.0,-38,-52,316
15817.5,19,-4,320
15820.0,33,23,341
15822.5,40,-7,353
15825.0,35,19,266
15827.5,-8,-6,314
15830.0,106,34,260
15832.5,106,34,260
15835.0,46,-54,334
15837.5,87,3,329
15840.0,60,59,284
15842.5,-41,-16,318
15845.0,-4,-24,355
15847.5,66,18,314
15850.0,-16,3,316
15852.5,45,1,279
15855.0,-17,-2,263
15857.5,-20,-28,330
15860.0,-16,-8,295
15862.5,52,-42,355
15865.0,-24,-27,302
15867.5,-51,-39,249
15870.0,-25,-12,309
15872.5,28,-5,281
15875.0,11,-15,308
15877.5,-57,-20,342
15880.0,-57,-20,342
15882.5,20,-5,309
15885.0,-12,-1,343
15887.5,-18,-30,291
15890.0,47,24,242
15892.5,0,-26,283
15895.0,47,10,292
15897.5,45,-15,310
15900.0,-34,3,329
15902.5,38,16,266
15905.0,37,16,351
15907.5,88,-30,276
15910.0,-17,3,275
15912.5,11,28,322
15915.0,95,-7,334
15917.5,-18,-31,343
15920.0,11,1,323
15922.5,41,27,260
15925.0,10,-35,327
15927.5,19,11,254
15930.0,19,11,254
15932.5,-7,17,277
15935.0,-31,-44,344
15937.5,15,-9,289
15940.0,-8,-16,368
15942.5,15,-19,298
15945.0,-45,-51,229
15947.5,47,32,308
15950.0,-3,-29,295
15952.5,37,-48,291
15955.0,-12,-48,355
15957.5,-1,-25,320
15960.0,-37,-69,355
15962.5,1,-21,311
15965.0,-3,-52,277
15967.5,30,-23,332
15970.0,12,-11,234
15972.5,-39,-7,285
15975.0,-27,-21,342
15977.5,22,-12,290
15980.0,22,-12,290
15982.5,-3,-9,362
15985.0,97,41,230
15987.5,-34,-18,287
15990.0,7,-25,319
15992.5,36,4,328
15995.0,16,-39,343
15997.5,-40,-11,332
16000.0,-30,-12,246
16002.5,-6,-9,300
16005.0,37,18,223
16007.5,-9,-9,279
16010.0,27,-6,336
16012.5,55,9,310
16015.0,14,1,389
16017.5,65,8,293
16020.0,44,25,245
16022.5,-28,-29,317
16025.0,-23,-59,268
16027.5,6,8,297
16030.0,6,8,297
16032.5,-48,-6,321
16035.0,6,3,285
16037.5,34,-7,332
16040.0,68,-5,252
16042.5,15,-17,293
16045.0,70,-5,327
16047.5,25,3,293
16050.0,-49,-41,321
16052.5,84,-12,397
16055.0,33,-57,311
16057.5,31,25,349
16060.0,71,21,252
16062.5,53,65,227
16065.0,25,2,294
16067.5,13,-8,248
16070.0,43,-10,300
16072.5,-38,-40,276
16075.0,99,35,253
16077.5,76,-20,345
16080.0,76,-20,345
16082.5,-30,-28,261
16085.0,-70,23,292
16087.5,0,-2,358
16090.0,25,4,333
16092.5,23,2,372
16095.0,18,-11,276
16097.5,-2,0,233
16100.0,13,23,313
16102.5,12,13,275
16105.0,-31,-48,333
16107.5,30,29,351
16110.0,60,9,286
16112.5,-1,-39,318
16115.0,0,6,256
16117.5,-75,-64,251
16120.0,27,15,267
16122.5,-13,-19,279
16125.0,-46,-52,328
16127.5,-28,-12,311
16130.0,-28,-12,311
16132.5,77,2,285
16135.0,-37,-26,325
16137.5,16,-44,272
16140.0,36,-8,253
16142.5,-8,7,339
16145.0,0,-22,306
16147.5,17,6,362
16150.0,60,-20,348
16152.5,32,-6,228
16155.0,-13,-29,303
16157.5,10,-16,275
16160.0,-18,2,288
16162.5,-48,-47,353
16165.0,90,6,307
16167.5,-12,28,337
16170.0,11,17,285
16172.5,-17,12,252
16175.0,19,15,274
16177.5,-18,-64,333
16180.0,-18,-64,333
16182.5,12,-4,312
16185.0,-13,-1,283
16187.5,16,-12,270
16190.0,-5,-10,353
16192.5,8,-2,229
16195.0,9,12,265
16197.5,-2,5,320
16200.0,45,17,293
16202.5,9,-16,299
16205.0,2,-7,322
16207.5,68,-8,255
16210.0,2,-2,302
16212.5,-3,3,270
16215.0,-20,-6,283
16217.5,-40,-9,312
16220.0,35,-12,294
16222.5,-1,-17,323
16225.0,25,-7,282
16227.5,27,55,232
16230.0,27,55,232
16232.5,-29,-25,347
16235.0,-92,-37,261
16237.5,13,-27,276
16240.0,33,10,345
16242.5,37,-6,249
16245.0,-26,-58,321
16247.5,10,2,291
16250.0,-52,-19,287
16252.5,-65,-32,299
16255.0,53,0,269
16257.5,-13,27,306
16260.0,20,-27,344
16262.5,38,3,265
16265.0,-32,-35,299
16267.5,-26,5,236
16270.0,32,-16,283
16272.5,33,-4,281
16275.0,31,-8,276
16277.5,14,-5,302
16280.0,14,-5,302
16282.5,-16,-17,316
16285.0,123,33,252
16287.5,40,40,317
16290.0,-33,26,237
16292.5,20,22,251
16295.0,49,11,352
16297.5,34,14,290
16300.0,5,-69,344
16302.5,8,-24,280
16305.0,85,-13,252
16307.5,37,-5,314
16310.0,-6,-26,295
16312.5,30,18,290
16315.0,21,-14,339
16317.5,123,1,269
16320.0,-2,-29,366
16322.5,64,24,222
16325.0,-2,-12,261
16327.5,-2,-12,261
16330.0,21,-19,320
16332.5,32,-11,255
16335.0,-25,-56,289
16337.5,35,19,341
16340.0,-39,-33,303
16342.5,17,-18,367
16345.0,23,-15,286
16347.5,64,-44,344
16350.0,5,-17,313
16352.5,57,30,328
16355.0,37,-28,344
16357.5,44,-6,330
16360.0,72,-26,254
16362.5,17,13,321
16365.0,60,-3,266
16367.5,32,-7,297
16370.0,11,-25,367
16372.5,56,-50,293
16375.0,-38,-19,363
16377.5,-38,-19,363
16380.0,-12,-38,290
16382.5,55,-2,262
16385.0,42,11,317
16387.5,21,15,310
16390.0,-26,-18,266
16392.5,55,-18,352
16395.0,30,-20,338
16397.5,15,-55,346
16400.0,41,-33,235
16402.5,8,27,248
16405.0,46,-2,286
16407.5,70,-4,257
16410.0,-6,-18,293
16412.5,-32,-43,329
16415.0,97,-28,312
16417.5,-4,-45,346
16420.0,-12,43,262
16422.5,-4,-21,286
16425.0,-41,-10,335
16427.5,-41,-10,335
16430.0,-11,-13,297
16432.5,63,45,312
16435.0,20,12,300
16437.5,84,18,237
16440.0,83,12,339
16442.5,25,-1,285
16445.0,4,-18,282
16447.5,33,4,362
16450.0,4,33,290
16452.5,21,-63,376
16455.0,2,-16,273
16457.5,-34,30,204
16460.0,-91,-30,316
16462.5,66,-19,294
16465.0,74,16,306
16467.5,11,9,325
16470.0,87,8,319
16472.5,-4,-4,345
16475.0,45,23,228
16477.5,45,23,228
16480.0,-32,-29,313
16482.5,-10,-25,292
16485.0,45,14,314
16487.5,-56,-35,331
16490.0,-49,-29,313
16492.5,19,-15,322
16495.0,-68,-60,323
16497.5,49,16,254
16500.0,29,-15,249
16502.5,21,-8,345
16505.0,33,9,267
16507.5,-99,-24,308
16510.0,32,-56,311
16512.5,20,-39,253
16515.0,0,-17,318
16517.5,65,-8,242
16520.0,1,-36,305
16522.5,-48,-14,359
16525.0,3,-7,309
16527.5,3,-7,309
16530.0,-19,-20,377
16532.5,33,-17,294
16535.0,-53,-19,229
16537.5,-74,-6,297
16540.0,34,18,315
16542.5,2,-5,310
16545.0,54,-42,376
16547.5,108,11,343
16550.0,-8,-1,344
16552.5,-19,-41,266
16555.0,-58,21,290
16557.5,-2,11,336
16560.0,59,-8,337
16562.5,32,-8,325
16565.0,17,30,314
16567.5,-10,10,253
16570.0,13,17,320
16572.5,-18,-28,243
16575.0,1,22,291
16577.5,1,22,291
16580.0,16,14,323
16582.5,21,-47,311
16585.0,-51,-22,352
16587.5,9,14,307
16590.0,19,-19,223
16592.5,10,-33,295
16595.0,34,-10,280
16597.5,36,28,310
16600.0,15,-48,376
16602.5,65,-5,341
16605.0,52,-5,359
16607.5,-46,-15,243
16610.0,7,27,266
16612.5,27,-23,326
16615.0,43,7,298
16617.5,-43,-72,305
16620.0,28,-46,358
16622.5,68,22,287
16625.0,52,-8,370
16627.5,52,-8,370
16630.0,67,28,221
16632.5,-78,19,269
16635.0,-30,2,304
16637.5,37,-24,320
16640.0,26,15,295
16642.5,-28,-29,292
16645.0,-70,-44,299
16647.5,11,9,326
16650.0,44,23,241
16652.5,117,-2,272
16655.0,-24,21,280
16657.5,-45,-28,312
16660.0,-27,3,337
16662.5,35,2,317
16665.0,37,-15,273
16667.5,11,-21,318
16670.0,42,22,263
16672.5,9,-22,319
16675.0,63,23,350
16677.5,63,23,350
16680.0,-16,-13,286
16682.5,17,4,327
16685.0,61,66,257
16687.5,-3,-34,295
16690.0,-1,1,278
16692.5,30,7,293
16695.0,-5,26,285
16697.5,44,-22,365
16700.0,60,-26,323
16702.5,17,5,335
16705.0,127,33,257
16707.5,71,39,296
16710.0,-37,-4,297
16712.5,62,26,288
16715.0,50,17,300
16717.5,-54,-24,325
16720.0,126,24,271
16722.5,1,12,307
16725.0,-6,-17,250
16727.5,-6,-17,250
16730.0,-21,67,267
16732.5,22,-7,320
16735.0,5,13,279
16737.5,38,-52,328
16740.0,49,0,309
16742.5,74,42,276
16745.0,-43,-35,300
16747.5,39,-8,274
16750.0,10,-34,315
16752.5,-56,-32,345
16755.0,-52,-61,321
16757.5,14,1,338
16760.0,9,8,266
16762.5,24,-32,292
16765.0,11,-39,327
16767.5,60,16,293
16770.0,-6,-30,309
16772.5,56,-30,367
16775.0,70,8,313
16777.5,70,8,313
16780.0,-41,-48,347
16782.5,52,6,194
16785.0,-26,-10,278
16787.5,7,-8,324
16790.0,23,-21,294
16792.5,-92,-24,312
16795.0,4,4,308
16797.5,-3,8,272
16800.0,-33,-36,331
16802.5,34,18,240
16805.0,39,26,283
16807.5,32,8,319
16810.0,30,-3,299
16812.5,40,-39,335
16815.0,-89,-20,278
16817.5,-50,-28,251
16820.0,52,-21,346
16822.5,51,21,282
16825.0,51,21,282
16827.5,1,-73,331
16830.0,8,-1,361
16832.5,95,-13,309
16835.0,50,-17,337
16837.5,-5,-68,302
16840.0,68,-23,300
16842.5,0,-10,301
16845.0,25,-46,326
16847.5,20,-9,343
16850.0,-17,-30,343
16852.5,5,6,321
16855.0,12,4,348
16857.5,-6,-35,241
16860.0,55,-21,278
16862.5,-26,-7,320
16865.0,25,12,335
16867.5,-17,1,318
16870.0,-22,-16,336
16872.5,19,38,252
16875.0,19,38,252
16877.5,-11,-37,345
16880.0,16,-41,250
16882.5,33,-11,295
16885.0,3,1,292
16887.5,18,14,330
16890.0,64,-5,313
16892.5,-34,-36,304
16895.0,88,17,261
16897.5,-35,-7,299
16900.0,-18,-34,264
16902.5,8,-19,262
16905.0,2,-11,299
16907.5,81,-18,291
16910.0,23,-8,358
16912.5,-28,-47,294
16915.0,32,-49,250
16917.5,-2,-10,298
16920.0,15,-4,277
16922.5,-29,-4,323
16925.0,-29,-4,323
16927.5,16,-30,355
16930.0,43,-10,304
16932.5,6,-18,335
16935.0,22,15,271
16937.5,10,-31,316
16940.0,46,17,305
16942.5,14,25,300
16945.0,-34,-42,270
16947.5,-21,-1,313
16950.0,18,5,332
16952.5,29,41,381
16955.0,9,3,237
16957.5,42,-5,323
16960.0,1,-12,316
16962.5,-8,-14,317
16965.0,42,-21,361
16967.5,18,-32,323
16970.0,76,19,268
16972.5,-40,-41,330
16975.0,-40,-41,330
16977.5,75,22,260
16980.0,35,-18,320
16982.5,39,-4,390
16985.0,81,16,299
16987.5,16,1,343
16990.0,75,21,242
16992.5,145,43,251
16995.0,1,23,266
16997.5,41,23,273
17000.0,9,20,304
17002.5,9,-29,333
17005.0,11,-26,330
17007.5,43,-8,345
17010.0,9,-21,257
17012.5,-25,-13,285
17015.0,-14,-7,314
17017.5,-5,3,257
17020.0,15,-12,311
17022.5,21,1,360
17025.0,21,1,360
17027.5,-24,-17,287
17030.0,0,-54,350
17032.5,38,-40,224
17035.0,64,13,277
17037.5,59,25,324
17040.0,8,-23,316
17042.5,-27,-23,356
17045.0,5,6,308
17047.5,-25,-28,283
17050.0,6,45,341
17052.5,-1,-22,248
17055.0,65,-3,290
17057.5,-21,-22,325
17060.0,21,-19,334
17062.5,-54,-24,337
17065.0,13,-32,289
17067.5,41,-1,257
17070.0,-54,-3,291
17072.5,36,10,292
17075.0,36,10,292
17077.5,66,27,314
17080.0,-40,-28,347
17082.5,50,-8,336
17085.0,3,-32,345
17087.5,30,17,277
17090.0,26,0,255
17092.5,2,-18,282
17095.0,9,12,286
17097.5,-15,-11,306
17100.0,31,-60,351
17102.5,-30,-17,301
17105.0,3,-11,351
17107.5,4,-47,256
17110.0,-23,-7,232
17112.5,48,17,307
17115.0,51,55,276
17117.5,21,3,305
17120.0,-29,-35,345
17122.5,57,5,277
17125.0,57,5,277
17127.5,-61,-11,316
17130.0,-44,-32,273
17132.5,45,4,273
17135.0,-25,-16,332
17137.5,36,5,313
17140.0,29,-42,325
17142.5,42,-8,334
17145.0,17,22,256
17147.5,-24,-50,284
17150.0,22,-18,296
17152.5,12,4,337
17155.0,7,-7,353
17157.5,33,-30,316
17160.0,16,-6,360
17162.5,6,-5,281
17165.0,55,-10,225
17167.5,58,6,296
17170.0,54,35,315
17172.5,-17,-49,310
17175.0,-17,-49,310
17177.5,38,-3,332
17180.0,24,1,315
17182.5,-34,-27,346
17185.0,59,-16,223
17187.5,-12,22,222
17190.0,-14,-49,279
17192.5,31,12,294
17195.0,-6,-34,332
17197.5,49,-14,349
17200.0,23,20,280
17202.5,-31,-4,341
17205.0,-31,-7,268
17207.5,-6,-8,296
17210.0,-12,-20,363
17212.5,14,-4,312
17215.0,1,-15,327
17217.5,40,13,284
17220.0,69,-23,307
17222.5,26,-5,316
17225.0,26,-5,316
17227.5,4,-7,270
17230.0,32,-19,282
17232.5,-2,-25,373
17235.0,59,7,292
17237.5,-30,-12,335
17240.0,4,-25,295
17242.5,43,-20,289
17245.0,-40,-7,290
17247.5,3,-2,289
17250.0,58,4,313
17252.5,41,-5,344
17255.0,-25,-63,285
17257.5,-6,-32,366
17260.0,41,18,254
17262.5,138,13,301
17265.0,40,3,293
17267.5,3,13,322
17270.0,23,2,270
17272.5,23,2,270
17275.0,7,-34,334
17277.5,-14,-22,283
17280.0,-35,-30,313
17282.5,-21,25,292
17285.0,-18,-39,278
17287.5,28,18,325
17290.0,89,6,304
17292.5,1,-78,353
17295.0,51,26,325
17297.5,84,30,300
17300.0,-55,-42,323
17302.5,21,38,247
17305.0,36,-10,299
17307.5,-20,7,316
17310.0,70,24,313
17312.5,23,-23,337
17315.0,20,13,288
17317.5,35,10,246
17320.0,49,-22,334
17322.5,49,-22,334
17325.0,10,-36,284
17327.5,45,-25,313
17330.0,-2,-22,360
17332.5,31,1,307
17335.0,64,11,361
17337.5,7,11,281
17340.0,69,-7,233
17342.5,-16,-5,279
17345.0,24,-5,269
17347.5,-47,-11,278
17350.0,4,-18,359
17352.5,99,63,272
17355.0,-32,-8,370
17357.5,96,31,209
17360.0,65,14,250
17362.5,-35,-16,285
17365.0,-23,-10,290
17367.5,-17,-47,322
17370.0,-8,17,319
17372.5,-8,17,319
17375.0,-15,0,297
17377.5,-18,-7,349
17380.0,4,5,265
17382.5,22,0,295
17385.0,-7,-12,333
17387.5,31,-20,324
17390.0,40,-36,320
17392.5,-31,-35,326
17395.0,15,18,244
17397.5,8,-38,344
17400.0,47,16,272
17402.5,-41,15,302
17405.0,28,3,394
17407.5,24,-12,310
17410.0,16,-30,340
17412.5,34,18,277
17415.0,6,66,261
17417.5,21,-7,302
17420.0,7,27,290
17422.5,7,27,290
17425.0,36,16,310
17427.5,-4,-7,354
17430.0,49,-5,324
17432.5,25,9,321
17435.0,24,8,250
17437.5,-82,-11,237
17440.0,11,6,310
17442.5,26,8,276
17445.0,-39,-9,299
17447.5,18,-39,362
17450.0,16,-4,259
17452.5,-58,-31,332
17455.0,19,23,268
17457.5,17,10,260
17460.0,53,35,291
17462.5,30,1,297
17465.0,42,-9,321
17467.5,28,-12,302
17470.0,49,31,245
17472.5,49,31,245
17475.0,24,12,307
17477.5,36,-20,266
17480.0,-19,2,264
17482.5,-9,-36,371
17485.0,26,-3,313
17487.5,78,-64,358
17490.0,73,14,308
17492.5,89,-16,288
17495.0,-57,-15,304
17497.5,-85,-16,240
17500.0,9,-9,297
17502.5,-18,-35,349
17505.0,-15,-24,309
17507.5,-34,-20,333
17510.0,-6,-41,269
17512.5,51,-31,234
17515.0,43,33,302
17517.5,61,16,286
17520.0,-30,-1,287
17522.5,-30,-1,287
17525.0,34,12,331
17527.5,-36,30,310
17530.0,-9,-18,342
17532.5,-13,-15,244
17535.0,-37,-19,240
17537.5,-2,-9,291
17540.0,-32,-25,344
17542.5,-49,-6,314
17545.0,-71,-39,315
17547.5,39,-8,307
17550.0,-41,-6,343
17552.5,74,-11,284
17555.0,31,-17,265
17557.5,-33,-3,302
17560.0,19,2,269
17562.5,-25,11,304
17565.0,-19,-19,326
17567.5,35,22,256
17570.0,-14,13,316
17572.5,-14,13,316
17575.0,39,-38,251
17577.5,-32,-40,301
17580.0,37,-15,317
17582.5,38,2,317
17585.0,-93,-19,324
17587.5,4,16,308
17590.0,23,-16,270
17592.5,-55,-33,313
17595.0,0,14,273
17597.5,-20,-26,313
17600.0,-48,-18,342
17602.5,41,8,329
17605.0,18,-13,362
17607.5,-34,-29,245
17610.0,-21,-33,279
17612.5,23,-34,318
17615.0,54,26,289
17617.5,22,-56,288
17620.0,-16,-33,345
17622.5,-16,-33,345
17625.0,-38,-15,287
17627.5,-4,3,358
17630.0,28,7,237
17632.5,38,25,248
17635.0,17,10,305
17637.5,-19,29,280
17640.0,-51,-33,324
17642.5,-23,-37,344
17645.0,2,-45,287
17647.5,-16,-7,347
17650.0,-18,-31,261
17652.5,-50,-34,286
17655.0,9,-27,356
17657.5,36,-13,349
17660.0,79,69,330
17662.5,32,-48,340
17665.0,-39,-61,265
17667.5,11,2,301
17670.0,79,9,262
17672.5,79,9,262
17675.0,14,-16,300
17677.5,-30,-17,357
17680.0,21,-41,343
17682.5,45,-20,345
17685.0,16,-7,278
17687.5,39,11,227
17690.0,23,-18,287
17692.5,28,-6,272
17695.0,-26,-21,294
17697.5,-16,-34,359
17700.0,62,-6,298
17702.5,-49,-62,327
17705.0,-7,14,242
17707.5,7,38,253
17710.0,-19,-13,309
17712.5,33,-33,326
17715.0,-49,-33,327
17717.5,-43,-50,357
17720.0,-12,-24,291
17722.5,-12,-24,291
17725.0,-41,-15,364
17727.5,13,-48,237
17730.0,-2,0,219
17732.5,-31,-21,299
17735.0,37,-11,300
17737.5,8,-35,328
17740.0,-48,-63,306
17742.5,66,-17,255
17745.0,-41,-26,321
17747.5,17,7,244
17750.0,-16,5,280
17752.5,41,3,358
17755.0,-4,11,283
17757.5,60,-33,318
17760.0,-1,-36,281
17762.5,7,8,263
17765.0,-8,-16,320
17767.5,63,-31,291
17770.0,-11,-3,300
17772.5,-11,-3,300
17775.0,-40,-13,376
17777.5,39,1,337
17780.0,21,-21,375
17782.5,4,-21,265
17785.0,68,-12,258
17787.5,39,11,347
17790.0,3,-5,304
17792.5,-1,-43,305
17795.0,65,-12,344
17797.5,2,-55,344
17800.0,-8,-23,349
17802.5,37,-10,270
17805.0,33,35,246
17807.5,46,9,289
17810.0,11,15,314
17812.5,-57,-30,327
17815.0,61,30,320
17817.5,5,-27,304
17820.0,5,-27,304
17822.5,41,10,363
17825.0,40,-12,258
17827.5,-15,-16,251
17830.0,4,-13,344
17832.5,-10,-3,321
17835.0,85,0,345
17837.5,21,6,299
17840.0,-62,-40,228
17842.5,-4,-53,312
17845.0,38,4,283
17847.5,-13,-55,332
17850.0,-20,-18,355
17852.5,-42,-65,297
17855.0,66,16,349
17857.5,44,24,295
17860.0,37,-13,236
17862.5,15,-5,316
17865.0,-16,-15,284
17867.5,22,15,312
17870.0,22,15,312
17872.5,-32,-8,315
17875.0,100,59,263
17877.5,-17,-15,358
17880.0,76,-13,284
17882.5,180,12,311
17885.0,-33,-33,289
17887.5,3,-4,296
17890.0,5,19,282
17892.5,-6,-43,352
17895.0,12,-27,242
17897.5,-3,-26,334
17900.0,52,0,243
17902.5,48,-6,249
17905.0,-42,-35,303
17907.5,-3,35,309
17910.0,-31,-27,333
17912.5,30,-34,360
17915.0,-106,12,256
17917.5,-68,-37,311
17920.0,-68,-37,311
17922.5,-29,-17,251
17925.0,16,29,288
17927.5,-46,-15,309
17930.0,10,15,290
17932.5,54,-35,336
17935.0,27,0,308
17937.5,-11,-22,258
17940.0,-32,-57,344
17942.5,64,-10,238
17945.0,19,-7,311
17947.5,-25,-37,365
17950.0,53,-5,313
17952.5,8,-11,332
17955.0,65,23,298
17957.5,44,-8,257
17960.0,35,34,281
17962.5,59,-6,289
17965.0,85,-2,231
17967.5,30,-21,354
17970.0,30,-21,354
17972.5,70,26,297
17975.0,-51,-4,372
17977.5,-58,-57,246
17980.0,-9,-13,272
17982.5,4,-10,294
17985.0,31,-1,328
17987.5,-54,-23,342
17990.0,-3,-36,347
17992.5,9,-9,272
17995.0,24,3,315
17997.5,25,11,240
18000.0,55,21,325
18002.5,20,9,331
18005.0,43,-6,313
18007.5,21,-7,343
18010.0,40,-28,311
18012.5,27,-30,237
18015.0,-56,-70,315
18017.5,63,34,257
18020.0,63,34,257
18022.5,21,-14,302
18025.0,-11,-11,348
18027.5,42,-3,311
18030.0,-62,-52,325
18032.5,29,2,273
18035.0,90,31,283
18037.5,-19,-31,283
18040.0,51,35,285
18042.5,21,1,296
18045.0,3,-6,276
18047.5,28,-34,317
18050.0,46,-34,367
18052.5,46,0,234
18055.0,43,35,257
18057.5,19,-11,270
18060.0,37,12,282
18062.5,0,-27,321
18065.0,30,-5,365
18067.5,87,10,261
18070.0,87,10,261
18072.5,32,-27,358
18075.0,14,-50,225
18077.5,63,-14,283
18080.0,48,15,314
18082.5,54,9,316
18085.0,11,-24,319
18087.5,60,-14,348
18090.0,31,-19,322
18092.5,-65,-45,366
18095.0,64,5,279
18097.5,10,11,277
18100.0,-40,7,335
18102.5,-15,-21,255
18105.0,20,15,311
18107.5,37,19,285
18110.0,-43,-43,234
18112.5,-54,-35,300
18115.0,55,29,288
18117.5,22,-26,321
18120.0,22,-26,321
18122.5,-14,-31,338
18125.0,21,-11,313
18127.5,64,-17,346
18130.0,-9,-21,257
18132.5,37,0,281
18135.0,-61,-22,294
18137.5,-6,50,273
18140.0,-23,-16,310
18142.5,-8,-20,331
18145.0,25,23,316
18147.5,-31,-7,349
18150.0,84,82,183
18152.5,60,9,309
18155.0,29,-3,309
18157.5,77,14,303
18160.0,10,-11,320
18162.5,58,40,317
18165.0,-5,-31,301
18167.5,-34,-47,343
18170.0,-34,-47,343
18172.5,32,-18,272
18175.0,41,-19,320
18177.5,-22,6,300
18180.0,31,16,340
18182.5,-28,-65,366
18185.0,22,-14,335
18187.5,-33,-24,241
18190.0,-33,-10,307
18192.5,67,30,250
18195.0,46,20,280
18197.5,-8,19,325
18200.0,-20,-8,313
18202.5,0,17,328
18205.0,56,15,283
18207.5,-16,-49,242
18210.0,-14,-24,296
18212.5,100,32,278
18215.0,-16,1,302
18217.5,-29,-19,358
18220.0,-29,-19,358
18222.5,55,-29,320
18225.0,91,18,342
18227.5,4,-5,282
18230.0,-6,-53,321
18232.5,35,11,291
18235.0,7,-31,316
18237.5,-22,-5,333
18240.0,-53,-62,335
18242.5,12,29,323
18245.0,33,-12,369
18247.5,28,-17,244
18250.0,-59,-31,260
18252.5,54,50,299
18255.0,-1,58,242
18257.5,-39,-41,293
18260.0,78,-26,316
18262.5,-11,-33,287
18265.0,-55,10,349
18267.5,47,-11,224
18270.0,47,-11,224
18272.5,105,44,293
18275.0,-31,-24,289
18277.5,34,-5,305
18280.0,98,10,326
18282.5,18,-24,292
18285.0,0,-13,228
18287.5,-15,-10,289
18290.0,34,-1,277
18292.5,-67,-16,283
18295.0,16,-25,397
18297.5,67,12,292
18300.0,47,-54,379
18302.5,-1,18,258
18305.0,-15,17,283
18307.5,42,10,292
18310.0,86,-6,248
18312.5,-39,-10,296
18315.0,24,-39,396
18317.5,25,-13,346
18320.0,25,-13,346
18322.5,-13,-32,347
18325.0,33,7,218
18327.5,49,-4,266
18330.0,-3,-27,295
18332.5,53,20,297
18335.0,2,-3,331
18337.5,-33,-7,308
18340.0,-62,-34,240
18342.5,-54,-26,310
18345.0,28,17,226
18347.5,5,-4,296
18350.0,12,-32,339
18352.5,46,-12,314
18355.0,23,-54,330
18357.5,-6,-20,314
18360.0,77,28,302
18362.5,26,-7,319
18365.0,17,1,243
18367.5,49,-4,295
18370.0,49,-4,295
18372.5,-10,3,318
18375.0,-19,-22,303
18377.5,-51,-8,346
18380.0,-60,-9,273
18382.5,4,12,275
18385.0,52,-3,330
18387.5,20,1,290
18390.0,7,-8,314
18392.5,41,22,346
18395.0,73,-30,305
18397.5,98,-13,326
18400.0,70,5,250
18402.5,-35,-31,221
18405.0,26,5,271
18407.5,-48,13,323
18410.0,-47,-26,301
18412.5,-17,-28,343
18415.0,22,-12,318
18417.5,44,31,360
18420.0,44,31,360
18422.5,-13,2,263
18425.0,67,23,213
18427.5,54,-9,300
18430.0,4,-7,315
18432.5,-7,-8,323
18435.0,-6,-12,303
18437.5,106,-39,306
18440.0,-63,-23,320
18442.5,-24,10,239
18445.0,11,-17,283
18447.5,-38,-15,324
18450.0,-2,-2,294
18452.5,-39,-19,321
18455.0,5,-44,307
18457.5,-16,57,222
18460.0,-36,12,311
18462.5,6,-23,291
18465.0,47,-5,292
18467.5,-21,-39,348
18470.0,-21,-39,348
18472.5,-34,-10,293
18475.0,-27,-32,314
18477.5,48,-1,268
18480.0,50,-2,256
18482.5,50,14,326
18485.0,26,-52,324
18487.5,55,20,308
18490.0,43,27,349
18492.5,20,-7,310
18495.0,-92,-13,338
18497.5,45,18,201
18500.0,-68,-18,248
18502.5,-41,-6,288
18505.0,31,0,284
18507.5,17,2,319
18510.0,53,5,298
18512.5,-3,-19,240
18515.0,-3,23,314
18517.5,-66,-13,267
18520.0,-66,-13,267
18522.5,20,8,277
18525.0,27,-17,346
18527.5,54,10,312
18530.0,-27,-29,330
18532.5,43,-38,310
18535.0,49,9,260
18537.5,-40,-29,351
18540.0,92,17,221
18542.5,28,20,285
18545.0,27,3,367
18547.5,50,-11,332
18550.0,37,22,353
18552.5,19,18,281
18555.0,-6,-30,287
18557.5,14,-4,288
18560.0,46,43,300
18562.5,-16,-20,280
18565.0,-4,-7,346
18567.5,1,-27,344
18570.0,1,-27,344
18572.5,48,-1,341
18575.0,-50,3,244
18577.5,-87,-6,254
18580.0,-39,-9,317
18582.5,-8,-16,290
18585.0,-37,-31,334
18587.5,28,23,361
18590.0,11,-22,302
18592.5,18,-38,388
18595.0,85,6,261
18597.5,-41,17,247
18600.0,-18,-9,342
18602.5,60,-33,316
18605.0,-14,-26,298
18607.5,-23,-22,342
18610.0,2,27,314
18612.5,-26,-59,359
18615.0,11,-40,274
18617.5,2,-45,325
18620.0,2,-45,325
18622.5,-29,-56,391
18625.0,33,39,317
18627.5,60,9,347
18630.0,37,-31,296
18632.5,-54,-5,203
18635.0,-31,-24,337
18637.5,42,24,273
18640.0,14,-22,295
18642.5,36,-7,359
18645.0,15,0,276
18647.5,48,-17,358
18650.0,74,31,267
18652.5,-26,-9,285
18655.0,22,-15,311
18657.5,-4,-1,272
18660.0,31,59,254
18662.5,29,-41,356
18665.0,-9,-8,299
18667.5,-59,-5,372
18670.0,-59,-5,372
18672.5,22,8,254
18675.0,-9,-15,237
18677.5,70,4,327
18680.0,82,27,286
18682.5,1,-63,347
18685.0,-12,10,330
18687.5,-40,-25,287
18690.0,-63,-19,353
18692.5,98,26,239
18695.0,25,6,288
18697.5,-12,20,302
18700.0,-3,-25,329
18702.5,-100,-100,328
18705.0,-3,-45,308
18707.5,103,8,283
18710.0,7,-24,322
18712.5,35,1,279
18715.0,15,9,301
18717.5,-26,-50,382
18720.0,-26,-50,382
18722.5,67,7,332
18725.0,81,-9,353
18727.5,29,1,283
18730.0,-40,-44,207
18732.5,-30,-10,277
18735.0,19,11,307
18737.5,-13,7,314
18740.0,-24,-53,328
18742.5,64,42,234
18745.0,-33,-32,331
18747.5,37,9,244
18750.0,-10,-10,258
18752.5,37,6,309
18755.0,43,14,301
18757.5,-49,-8,299
18760.0,24,38,346
18762.5,37,-40,297
18765.0,6,12,387
18767.5,6,12,387
18770.0,2,-42,270
18772.5,-6,2,248
18775.0,-11,13,321
18777.5,51,4,305
18780.0,-3,-43,357
18782.5,49,-5,341
18785.0,68,-31,306
18787.5,-19,7,303
18790.0,-19,12,265
18792.5,50,-13,293
18795.0,34,-24,352
18797.5,40,-58,335
18800.0,2,-56,382
18802.5,36,-17,265
18805.0,73,47,237
18807.5,-36,-33,307
18810.0,40,3,338
18812.5,16,25,295
18815.0,-65,-25,315
18817.5,-65,-25,315
18820.0,-2,-11,285
18822.5,97,30,353
18825.0,9,-15,230
18827.5,105,4,282
18830.0,48,-33,303
18832.5,59,29,303
18835.0,-14,-39,317
18837.5,5,15,335
18840.0,-26,9,272
18842.5,-34,-17,367
18845.0,17,-47,260
18847.5,67,-25,312
18850.0,3,4,313
18852.5,15,-20,316
18855.0,-159,-14,288
18857.5,63,-36,331
18860.0,133,-8,301
18862.5,28,-24,328
18865.0,27,-18,274
18867.5,27,-18,274
18870.0,-16,-20,283
18872.5,-29,-23,307
18875.0,14,-31,315
18877.5,1,-57,349
18880.0,37,25,259
18882.5,-36,27,212
18885.0,38,32,322
18887.5,11,-16,264
18890.0,-23,-34,327
18892.5,26,3,357
18895.0,-62,-20,308
18897.5,8,38,347
18900.0,-36,-21,243
18902.5,28,2,310
18905.0,32,6,296
18907.5,-2,-5,278
18910.0,-19,-44,318
18912.5,20,-14,367
18915.0,-27,-8,266
18917.5,-27,-8,266
18920.0,9,-16,333
18922.5,27,-16,273
18925.0,7,10,289
18927.5,-45,-26,351
18930.0,2,14,311
18932.5,19,-32,357
18935.0,28,1,322
18937.5,-21,-32,237
18940.0,-29,-53,314
18942.5,77,32,266
18945.0,3,-13,330
18947.5,1,6,370
18950.0,7,-26,315
18952.5,-50,-27,357
18955.0,39,20,280
18957.5,45,18,264
18960.0,-19,-37,278
18962.5,23,7,280
18965.0,18,-11,298
18967.5,18,-11,298
18970.0,52,-12,348
18972.5,-3,-36,340
18975.0,-34,-78,367
18977.5,-18,-45,260
18980.0,-3,33,287
18982.5,-22,-22,303
18985.0,-18,-10,293
18987.5,14,11,332
18990.0,73,-12,308
18992.5,79,27,252
18995.0,10,-12,332
18997.5,-18,4,251
19000.0,14,3,271
19002.5,9,-3,311
19005.0,0,16,352
19007.5,-40,-30,340
19010.0,-4,-12,327
19012.5,-35,-15,271
19015.0,-27,-103,351
19017.5,-27,-103,351
19020.0,-31,12,260
19022.5,22,-6,259
19025.0,-13,14,327
19027.5,29,-12,303
19030.0,24,24,323
19032.5,-3,-33,296
19035.0,-54,-38,222
19037.5,-36,-3,305
19040.0,-23,17,258
19042.5,-5,-32,330
19045.0,-14,-33,345
19047.5,1,-10,358
19050.0,2,-5,368
19052.5,-11,-16,219
19055.0,-7,10,263
19057.5,-12,-2,318
19060.0,37,23,276
19062.5,26,-13,301
19065.0,3,-7,343
19067.5,3,-7,343
19070.0,67,0,317
19072.5,91,18,335
19075.0,92,21,272
19077.5,18,20,275
19080.0,1,-17,343
19082.5,25,-25,294
19085.0,-65,-63,315
19087.5,-13,-73,318
19090.0,34,-14,286
19092.5,-30,30,342
19095.0,28,5,263
19097.5,-52,-18,289
19100.0,-32,-49,358
19102.5,75,22,322
19105.0,100,4,345
19107.5,41,-4,284
19110.0,-29,-19,226
19112.5,-19,-41,314
19115.0,-45,-22,285
19117.5,-45,-22,285
19120.0,-6,-11,282
19122.5,27,-33,340
19125.0,-58,-41,235
19127.5,36,-12,320
19130.0,43,-21,260
19132.5,38,7,243
19135.0,-28,23,287
19137.5,-9,-25,309
19140.0,-30,-42,312
19142.5,26,-6,321
19145.0,71,-37,290
19147.5,-3,-7,343
19150.0,77,-29,320
19152.5,0,11,292
19155.0,-29,-34,317
19157.5,65,-3,308
19160.0,25,25,315
19162.5,35,-32,344
19165.0,26,-12,254
19167.5,26,-12,254
19170.0,-3,-7,319
19172.5,33,13,263
19175.0,-50,15,304
19177.5,26,-37,365
19180.0,29,-18,308
19182.5,-3,-13,327
19185.0,48,28,292
19187.5,-34,-52,278
19190.0,-21,-26,332
19192.5,16,-15,254
19195.0,-4,-88,312
19197.5,0,-28,363
19200.0,-26,-33,324
19202.5,53,-8,344
19205.0,18,-16,259
19207.5,18,-12,258
19210.0,-9,-22,303
19212.5,4,-27,288
19215.0,8,-26,331
19217.5,8,-26,331
19220.0,66,-26,348
19222.5,-61,-12,261
19225.0,-59,-75,346
19227.5,53,19,261
19230.0,-30,-10,242
19232.5,23,-5,330
19235.0,-6,35,300
19237.5,-32,-8,311
19240.0,-23,12,324
19242.5,-27,-9,272
19245.0,-37,-50,346
19247.5,-28,-22,246
19250.0,-14,19,254
19252.5,4,-22,344
19255.0,26,-7,311
19257.5,-89,-55,332
19260.0,30,19,291
19262.5,121,-20,277
19265.0,-7,-16,330
19267.5,-7,-16,330
19270.0,52,29,268
19272.5,10,-11,302
19275.0,-6,-20,366
19277.5,-4,-26,259
19280.0,69,10,342
19282.5,61,44,278
19285.0,59,-29,281
19287.5,-2,-5,289
19290.0,27,33,280
19292.5,7,-16,307
19295.0,33,5,345
19297.5,-41,-24,307
19300.0,-16,-4,325
19302.5,-29,-10,262
19305.0,91,8,243
19307.5,1,-9,277
19310.0,-16,-23,259
19312.5,16,7,300
19315.0,48,-4,369
19317.5,48,-4,369
19320.0,17,-29,267
19322.5,-45,25,335
19325.0,13,-46,213
19327.5,64,-1,309
19330.0,-21,-44,306
19332.5,11,4,326
19335.0,44,29,356
19337.5,4,-31,347
19340.0,-5,-4,293
19342.5,-4,-23,328
19345.0,-48,23,255
19347.5,-5,1,271
19350.0,28,17,343
19352.5,44,6,337
19355.0,-3,-19,335
19357.5,9,-20,291
19360.0,19,23,231
19362.5,-66,-27,291
19365.0,-8,36,307
19367.5,-8,36,307
19370.0,13,-2,302
19372.5,10,-1,321
19375.0,47,3,303
19377.5,-21,14,359
19380.0,48,20,237
19382.5,-42,-18,270
19385.0,-12,-10,311
19387.5,21,-8,297
19390.0,-28,-20,331
19392.5,11,-22,340
19395.0,31,-3,305
19397.5,-20,-6,337
19400.0,-8,-11,261
19402.5,-33,44,290
19405.0,-34,-1,334
19407.5,54,-4,301
19410.0,-3,-22,309
19412.5,15,-43,337
19415.0,39,24,292
19417.5,39,24,292
19420.0,37,11,352
19422.5,18,2,245
19425.0,56,37,293
19427.5,-4,-9,314
19430.0,-50,-33,282
19432.5,24,4,344
19435.0,80,40,298
19437.5,-101,-16,218
19440.0,24,-25,328
19442.5,57,12,303
19445.0,20,-19,307
19447.5,-48,-54,363
19450.0,109,68,259
19452.5,10,29,310
19455.0,-25,-42,260
19457.5,169,-32,280
19460.0,25,-5,296
19462.5,26,-29,287
19465.0,26,-29,287
19467.5,-24,-25,301
19470.0,77,-31,338
19472.5,-28,2,217
19475.0,24,-6,335
19477.5,16,-17,240
19480.0,-80,-25,278
19482.5,-13,2,345
19485.0,23,5,296
19487.5,16,14,316
19490.0,94,8,343
19492.5,-40,-14,240
19495.0,84,-43,344
19497.5,21,7,246
19500.0,-15,-6,342
19502.5,-13,-24,380
19505.0,20,-10,298
19507.5,24,-20,334
19510.0,-12,3,305
19512.5,-25,13,221
19515.0,-25,13,221
19517.5,-94,-31,309
19520.0,-24,5,254
19522.5,7,2,295
19525.0,-32,-19,339
19527.5,10,17,283
19530.0,18,18,387
19532.5,10,-25,294
19535.0,13,-2,272
19537.5,13,-10,269
19540.0,-5,-12,296
19542.5,-53,-23,288
19545.0,-22,-67,363
19547.5,7,-8,261
19550.0,93,8,336
19552.5,9,-18,277
19555.0,-63,-60,282
19557.5,20,-11,305
19560.0,39,20,291
19562.5,-13,-42,325
19565.0,-13,-42,325
19567.5,-29,-27,314
19570.0,28,21,277
19572.5,-69,-34,364
19575.0,53,-10,247
19577.5,84,8,314
19580.0,45,-11,324
19582.5,24,-13,295
19585.0,79,-41,335
19587.5,55,10,289
19590.0,1,-11,230
19592.5,-55,-26,314
19595.0,-31,-48,304
19597.5,19,15,291
19600.0,-29,-27,380
19602.5,41,-17,336
19605.0,32,-20,329
19607.5,-40,-56,293
19610.0,54,-19,287
19612.5,-45,-37,313
19615.0,-45,-37,313
19617.5,26,-3,301
19620.0,44,-10,263
19622.5,37,-37,356
19625.0,64,4,310
19627.5,35,12,321
19630.0,54,-54,265
19632.5,-32,5,276
19635.0,57,11,313
19637.5,11,-8,305
19640.0,18,14,305
19642.5,3,25,319
19645.0,63,-6,281
19647.5,-18,-23,313
19650.0,-51,-39,265
19652.5,49,-6,292
19655.0,36,8,339
19657.5,19,-27,306
19660.0,0,-56,324
19662.5,-3,-55,338
19665.0,-3,-55,338
19667.5,28,1,239
19670.0,72,-11,328
19672.5,18,7,253
19675.0,20,1,308
19677.5,-20,-22,343
19680.0,18,18,309
19682.5,-20,-7,346
19685.0,31,-7,282
19687.5,-30,14,268
19690.0,28,-5,290
19692.5,38,2,293
19695.0,-18,-74,326
19697.5,-16,-16,348
19700.0,40,11,289
19702.5,104,-28,350
19705.0,90,37,211
19707.5,-72,19,283
19710.0,-25,-11,322
19712.5,55,-9,239
19715.0,55,-9,239
19717.5,24,-40,321
19720.0,14,12,334
19722.5,-63,-59,262
19725.0,-64,-45,336
19727.5,15,-15,231
19730.0,-7,-26,287
19732.5,-7,15,326
19735.0,25,22,273
19737.5,-15,-17,295
19740.0,26,-30,318
19742.5,97,25,276
19745.0,37,5,330
19747.5,61,-6,260
19750.0,3,20,302
19752.5,-51,-32,338
19755.0,27,-15,339
19757.5,-64,-54,361
19760.0,-27,-21,273
19762.5,-26,-41,236
19765.0,-26,-41,236
19767.5,-13,16,286
19770.0,23,30,281
19772.5,-13,-18,305
19775.0,-19,-16,335
19777.5,103,-3,304
19780.0,-50,-23,351
19782.5,-7,-29,238
19785.0,16,72,210
19787.5,13,5,289
19790.0,-46,-27,273
19792.5,33,-7,324
19795.0,31,10,340
19797.5,7,11,271
19800.0,-26,-2,323
19802.5,-13,-52,254
19805.0,-12,-58,276
19807.5,45,-10,339
19810.0,42,-7,321
19812.5,29,-8,351
19815.0,29,-8,351
19817.5,11,-31,341
19820.0,31,-14,245
19822.5,29,3,324
19825.0,68,9,285
19827.5,-23,-44,318
19830.0,-3,-13,356
19832.5,-5,8,278
19835.0,38,37,333
19837.5,78,37,327
19840.0,-31,-37,271
19842.5,21,-41,330
19845.0,-6,-14,295
19847.5,62,-16,326
19850.0,11,21,341
19852.5,14,22,281
19855.0,-60,-31,311
19857.5,22,-28,276
19860.0,106,-10,290
19862.5,-45,13,272
19865.0,-45,13,272
19867.5,26,13,250
19870.0,40,-28,315
19872.5,82,-6,365
19875.0,24,-86,319
19877.5,16,-12,360
19880.0,71,21,230
19882.5,-41,-21,255
19885.0,-16,-9,323
19887.5,80,37,291
19890.0,-10,0,357
19892.5,-65,-55,322
19895.0,-25,-1,268
19897.5,-90,-10,335
19900.0,3,-33,261
19902.5,27,-11,301
19905.0,3,9,346
19907.5,-14,-24,345
19910.0,-52,-24,351
19912.5,-17,-12,334
19915.0,-17,-12,334
19917.5,-29,-6,223
19920.0,-23,-17,316
19922.5,-2,-29,283
19925.0,2,-59,325
19927.5,-60,-5,326
19930.0,55,-1,320
19932.5,-36,-16,347
19935.0,19,-7,259
19937.5,28,2,236
19940.0,49,23,316
19942.5,72,6,254
19945.0,7,-24,309
19947.5,45,-35,337
19950.0,15,11,311
19952.5,-8,-67,324
19955.0,-24,-32,247
19957.5,-3,15,273
19960.0,7,13,320
19962.5,31,1,329
19965.0,31,1,329
19967.5,-41,-47,341
19970.0,-27,5,329
19972.5,3,-25,267
19975.0,-78,-7,302
19977.5,4,21,245
19980.0,106,40,318
19982.5,-51,-34,311
19985.0,-36,-57,307
19987.5,44,10,334
19990.0,33,12,293
19992.5,58,9,242
19995.0,64,-19,340
19997.5,-14,-34,263
20000.0,77,-2,302
20002.5,-15,-23,361
20005.0,6,-30,313
20007.5,58,-39,374
20010.0,31,3,271
20012.5,-12,17,207
20015.0,-12,17,207
20017.5,-7,6,263
20020.0,42,-3,296
20022.5,34,7,281
20025.0,8,-4,324
20027.5,-8,-33,306
20030.0,-11,-61,364
20032.5,15,-49,251
20035.0,2,27,216
20037.5,-12,-8,285
20040.0,-3,-20,326
20042.5,56,-13,308
20045.0,57,-2,328
20047.5,15,-18,263
20050.0,-33,-16,302
20052.5,-21,-20,240
20055.0,50,-11,313
20057.5,-15,-14,310
20060.0,-14,-50,296
20062.5,23,10,290
20065.0,23,10,290
20067.5,18,-30,332
20070.0,138,34,254
20072.5,-22,-6,303
20075.0,33,14,264
20077.5,-17,-33,295
20080.0,9,-32,368
20082.5,2,-4,333
20085.0,-21,-47,359
20087.5,15,-14,289
20090.0,-21,59,226
20092.5,-1,7,303
20095.0,5,-9,278
20097.5,39,50,336
20100.0,-36,-16,347
20102.5,80,-19,291
20105.0,-38,-49,362
20107.5,-2,-20,271
20110.0,85,12,278
20112.5,-18,-18,307
20115.0,-18,-18,307
20117.5,13,-6,296
20120.0,-19,-61,336
20122.5,7,-28,363
20125.0,21,-4,318
20127.5,11,37,340
20130.0,33,-8,244
20132.5,42,22,253
20135.0,2,-20,317
20137.5,24,-40,268
20140.0,5,24,313
20142.5,-48,-10,356
20145.0,-51,-31,269
20147.5,-47,-2,345
20150.0,54,7,252
20152.5,74,20,299
20155.0,3,-33,376
20157.5,19,29,318
20160.0,-13,-16,351
20162.5,-10,-58,299
20165.0,-10,-58,299
20167.5,23,8,300
20170.0,8,-9,295
20172.5,-39,-10,264
20175.0,63,-4,285
20177.5,-37,3,346
20180.0,45,-35,285
20182.5,-50,-43,329
20185.0,15,-26,254
20187.5,89,-10,243
20190.0,26,7,258
20192.5,-44,-30,275
20195.0,47,-7,288
20197.5,68,1,362
20200.0,-22,-26,311
20202.5,23,-10,387
20205.0,57,-13,253
20207.5,-109,-14,263
20210.0,-33,-17,300
20212.5,-33,-17,300
20215.0,-4,-10,327
20217.5,54,10,304
20220.0,7,-11,330
20222.5,71,-22,307
20225.0,-46,-2,352
20227.5,-12,-26,265
20230.0,-46,-58,279
20232.5,6,-12,324
20235.0,-5,-30,317
20237.5,-60,-34,374
20240.0,-35,-72,352
20242.5,10,-59,287
20245.0,23,-33,338
20247.5,25,-10,270
20250.0,33,26,314
20252.5,16,-46,372
20255.0,22,-13,294
20257.5,-38,-5,333
20260.0,52,55,285
20262.5,52,55,285
20265.0,-63,-25,291
20267.5,0,-7,285
20270.0,24,42,292
20272.5,37,-42,284
20275.0,-26,3,328
20277.5,-13,-43,290
20280.0,-45,-64,379
20282.5,58,12,229
20285.0,38,-16,245
20287.5,66,19,292
20290.0,-5,-4,277
20292.5,19,-17,323
20295.0,13,-37,350
20297.5,109,10,247
20300.0,-24,-30,360
20302.5,62,-7,238
20305.0,1,4,274
20307.5,9,6,315
20310.0,32,43,341
20312.5,32,43,341
20315.0,19,-32,347
20317.5,40,-31,315
20320.0,-13,-41,273
20322.5,-33,-22,300
20325.0,42,-8,284
20327.5,16,-18,295
20330.0,4,-10,346
20332.5,52,-33,302
20335.0,30,-28,376
20337.5,20,-1,288
20340.0,-25,-23,236
20342.5,-20,-11,300
20345.0,-25,-16,269
20347.5,18,-43,313
20350.0,-47,12,372
20352.5,4,-15,294
20355.0,30,12,386
20357.5,-5,19,261
20360.0,-18,9,304
20362.5,-18,9,304
20365.0,1,-15,306
20367.5,25,-12,300
20370.0,9,-8,328
20372.5,3,-23,375
20375.0,-35,-37,300
20377.5,-19,-16,359
20380.0,94,27,289
20382.5,-18,20,266
20385.0,-29,-18,327
20387.5,48,7,309
20390.0,10,-19,321
20392.5,-31,-5,322
20395.0,-33,-24,265
20397.5,-2,-26,367
20400.0,57,0,280
20402.5,15,-30,280
20405.0,83,18,294
20407.5,61,28,322
20410.0,36,-8,277
20412.5,36,-8,277
20415.0,18,-32,307
20417.5,67,12,312
20420.0,-35,-32,357
20422.5,22,-30,281
20425.0,114,48,280
20427.5,-19,-28,360
20430.0,23,-5,311
20432.5,-38,-27,311
20435.0,-6,31,324
20437.5,-35,-44,234
20440.0,0,-31,326
20442.5,31,-8,287
20445.0,-2,-12,322
20447.5,-94,-13,324
20450.0,130,9,326
20452.5,1,14,349
20455.0,36,0,244
20457.5,-109,-34,264
20460.0,1,11,257
20462.5,1,11,257
20465.0,38,6,319
20467.5,80,-20,278
20470.0,59,26,347
20472.5,-31,-27,330
20475.0,-27,-62,376
20477.5,38,-23,275
20480.0,90,22,250
20482.5,29,-11,322
20485.0,7,1,304
20487.5,-45,-46,316
20490.0,67,39,328
20492.5,105,-52,325
20495.0,-97,-64,335
20497.5,21,3,254
20500.0,35,-43,307
20502.5,1,-18,307
20505.0,28,-15,323
20507.5,-13,-55,336
20510.0,19,-7,294
20512.5,19,-7,294
20515.0,18,1,261
20517.5,51,14,343
20520.0,54,-31,264
20522.5,28,-28,277
20525.0,33,15,345
20527.5,66,4,314
20530.0,55,35,364
20532.5,-8,-19,292
20535.0,87,20,284
20537.5,12,14,288
20540.0,-28,-7,272
20542.5,-33,-40,301
20545.0,-34,-33,348
20547.5,60,18,282
20550.0,1,-76,322
20552.5,-2,-24,296
20555.0,-11,-38,291
20557.5,-3,1,287
20560.0,-9,0,253
20562.5,-9,0,253
20565.0,27,-34,273
20567.5,-2,-33,367
20570.0,66,49,239
20572.5,-3,-3,344
20575.0,45,-2,241
20577.5,21,-1,279
20580.0,16,-8,325
20582.5,26,-11,295
20585.0,-16,23,331
20587.5,-56,-40,336
20590.0,40,0,293
20592.5,-39,-32,342
20595.0,-22,-42,242
20597.5,-42,-36,304
20600.0,17,7,337
20602.5,-40,31,312
20605.0,20,20,317
20607.5,23,16,313
20610.0,18,-15,255
20612.5,18,-15,255
20615.0,19,13,342
20617.5,13,-14,250
20620.0,5,-15,290
20622.5,45,-29,355
20625.0,19,-12,296
20627.5,2,-19,339
20630.0,-15,-65,294
20632.5,53,19,271
20635.0,-55,-34,296
20637.5,-9,-4,295
20640.0,31,-12,291
20642.5,-18,-14,333
20645.0,12,14,295
20647.5,29,-62,347
20650.0,-2,22,228
20652.5,30,8,254
20655.0,-26,-18,317
20657.5,-24,1,290
20660.0,55,-3,288
20662.5,55,-3,288
20665.0,24,-9,343
20667.5,48,-21,304
20670.0,7,-23,390
20672.5,50,36,253
20675.0,-3,-42,287
20677.5,41,29,296
20680.0,52,-6,311
20682.5,-34,-55,326
20685.0,-37,-14,332
20687.5,4,0,343
20690.0,-7,-15,366
20692.5,18,41,258
20695.0,4,-28,281
20697.5,9,-3,347
20700.0,12,-45,275
20702.5,-81,-62,326
20705.0,37,-9,278
20707.5,-22,-40,230
20710.0,-66,-40,311
20712.5,-66,-40,311
20715.0,-9,-76,266
20717.5,3,0,308
20720.0,-37,-66,354
20722.5,13,-18,327
20725.0,40,-17,360
20727.5,47,18,295
20730.0,1,-1,229
20732.5,58,36,299
20735.0,20,10,286
20737.5,-30,-21,290
20740.0,0,-41,357
20742.5,101,59,271
20745.0,-9,3,330
20747.5,15,-5,231
20750.0,-23,-20,262
20752.5,3,36,265
20755.0,66,-9,285
20757.5,81,4,282
20760.0,72,-7,373
20762.5,72,-7,373
20765.0,-45,-40,295
20767.5,25,-15,369
20770.0,87,5,286
20772.5,-26,-3,299
20775.0,-3,-35,343
20777.5,56,-8,294
20780.0,16,-39,309
20782.5,29,-15,305
20785.0,-25,-22,256
20787.5,-14,-25,344
20790.0,8,26,264
20792.5,-4,-31,293
20795.0,29,14,342
20797.5,22,-7,291
20800.0,75,21,334
20802.5,25,-16,268
20805.0,-45,-30,236
20807.5,-62,-28,330
20810.0,11,-19,257
20812.5,11,-19,257
20815.0,-19,-24,307
20817.5,-57,-35,338
20820.0,1,-2,321
20822.5,-11,-4,344
20825.0,47,-43,322
20827.5,-5,-45,260
20830.0,-27,-22,304
20832.5,2,-8,303
20835.0,26,33,321
20837.5,5,5,327
20840.0,-30,-34,347
20842.5,12,-23,372
20845.0,26,20,257
20847.5,-43,-32,293
20850.0,-2,-7,285
20852.5,25,-26,324
20855.0,-34,-8,308
20857.5,39,-14,347
20860.0,39,-14,347
20862.5,20,7,255
20865.0,-16,-36,348
20867.5,12,-11,237
20870.0,32,-1,264
20872.5,-5,-2,293
20875.0,16,-41,328
20877.5,13,4,304
20880.0,-2,9,313
20882.5,86,36,248
20885.0,50,-14,341
20887.5,-22,-26,250
20890.0,20,36,278
20892.5,-59,-22,350
20895.0,17,42,298
20897.5,47,-37,344
20900.0,-3,-42,330
20902.5,-3,1,240
20905.0,33,15,329
20907.5,-7,-23,266
20910.0,-7,-23,266
20912.5,-75,14,293
20915.0,1,-21,392
20917.5,75,-19,318
20920.0,-7,-53,328
20922.5,6,18,258
20925.0,77,22,242
20927.5,-30,-26,305
20930.0,-9,14,306
20932.5,12,26,264
20935.0,-54,23,324
20937.5,-20,-18,302
20940.0,-38,-41,345
20942.5,3,-26,290
20945.0,30,31,266
20947.5,61,0,314
20950.0,31,-8,290
20952.5,31,27,348
20955.0,25,-30,357
20957.5,29,-7,314
20960.0,29,-7,314
20962.5,81,9,347
20965.0,34,0,242
20967.5,-75,-15,253
20970.0,1,4,286
20972.5,32,31,341
20975.0,42,9,306
20977.5,3,20,338
20980.0,-1,-14,275
20982.5,-23,-42,354
20985.0,-4,-16,276
20987.5,39,-3,290
20990.0,11,13,290
20992.5,-18,-13,284
20995.0,65,-6,363
20997.5,-10,-49,329
21000.0,28,-13,243
21002.5,-25,-36,327
21005.0,85,35,214
21007.5,-24,13,279
21010.0,-24,13,279
21012.5,-31,-17,334
21015.0,68,16,319
21017.5,-2,17,317
21020.0,19,-9,269
21022.5,-23,29,241
21025.0,-21,-4,313
21027.5,36,3,310
21030.0,-15,-17,299
21032.5,-70,-33,340
21035.0,-24,17,321
21037.5,-31,-33,368
21040.0,63,9,267
21042.5,-19,-16,229
21045.0,10,-23,306
21047.5,-27,13,279
21050.0,13,-3,297
21052.5,30,24,332
21055.0,22,1,294
21057.5,67,10,336
21060.0,67,10,336
21062.5,13,4,247
21065.0,-61,17,240
21067.5,-8,-19,306
21070.0,26,-3,326
21072.5,-6,-2,331
21075.0,-39,-21,336
21077.5,-57,-43,271
21080.0,-32,-29,376
21082.5,31,-38,255
21085.0,71,-33,273
21087.5,-30,-4,316
21090.0,32,1,311
21092.5,-6,-26,336
21095.0,45,-25,297
21097.5,28,-52,266
21100.0,-39,-29,332
21102.5,-7,-11,261
21105.0,18,23,267
21107.5,1,-18,343
21110.0,1,-18,343
21112.5,20,10,283
21115.0,18,-20,317
21117.5,36,19,288
21120.0,9,13,234
21122.5,-24,-50,314
21125.0,35,18,278
21127.5,-16,-29,314
21130.0,67,-20,387
21132.5,63,-23,286
21135.0,2,35,331
21137.5,-10,-25,274
21140.0,91,17,261
21142.5,10,8,268
21145.0,27,-4,310
21147.5,-69,-32,305
21150.0,40,-29,363
21152.5,118,41,286
21155.0,-51,-41,319
21157.5,46,30,246
21160.0,46,30,246
21162.5,30,33,271
21165.0,-8,-14,321
21167.5,33,4,328
21170.0,-34,-15,329
21172.5,35,-27,365
21175.0,19,-20,274
21177.5,-47,-36,360
21180.0,43,-28,244
21182.5,5,62,243
21185.0,16,-21,292
21187.5,58,13,307
21190.0,-14,-14,303
21192.5,-53,-41,333
21195.0,-42,-19,252
21197.5,22,-36,359
21200.0,40,27,250
21202.5,-5,-17,257
21205.0,30,-5,360
21207.5,37,5,297
21210.0,37,5,297
21212.5,27,-47,338
21215.0,40,-8,296
21217.5,-101,-45,255
21220.0,-25,-3,354
21222.5,75,14,233
21225.0,18,7,301
21227.5,-63,-63,333
21230.0,19,-66,349
21232.5,22,-2,342
21235.0,61,16,277
21237.5,52,-28,313
21240.0,0,-59,274
21242.5,-4,-12,303
21245.0,19,0,320
21247.5,-6,-3,373
21250.0,9,-27,363
21252.5,-8,-6,366
21255.0,43,19,237
21257.5,-3,0,252
21260.0,-3,0,252
21262.5,-16,-17,301
21265.0,-18,-34,311
21267.5,-34,-44,320
21270.0,18,-24,333
21272.5,6,13,254
21275.0,-32,-35,344
21277.5,62,6,246
21280.0,72,15,301
21282.5,22,-12,330
21285.0,43,-10,298
21287.5,19,-12,306
21290.0,46,17,344
21292.5,12,-25,286
21295.0,-12,-1,346
21297.5,28,21,269
21300.0,67,49,294
21302.5,3,-42,358
21305.0,3,-29,335
21307.5,-66,-30,320
21310.0,-66,-30,320
21312.5,16,-20,323
21315.0,102,3,258
21317.5,37,14,346
21320.0,52,25,222
21322.5,-32,-6,288
21325.0,17,0,314
21327.5,15,-29,319
21330.0,-26,11,357
21332.5,2,-14,277
21335.0,-80,-28,240
21337.5,-2,4,321
21340.0,-5,-7,290
21342.5,9,-8,299
21345.0,-33,-32,342
21347.5,-2,-9,309
21350.0,6,-27,384
21352.5,21,-53,301
21355.0,-13,29,197
21357.5,-6,-17,307
21360.0,-6,-17,307
21362.5,68,-6,289
21365.0,5,-11,322
21367.5,30,30,321
21370.0,24,5,305
21372.5,12,10,338
21375.0,19,-26,227
21377.5,106,-11,292
21380.0,38,-7,314
21382.5,19,12,274
21385.0,-87,-50,302
21387.5,-10,-7,326
21390.0,-21,21,245
21392.5,-70,-44,310
21395.0,-31,-46,276
21397.5,109,43,293
21400.0,-2,3,322
21402.5,19,32,300
21405.0,35,-21,347
21407.5,29,-43,323
21410.0,29,-43,323
21412.5,-5,-39,249
21415.0,5,-9,338
21417.5,44,40,195
21420.0,-4,-10,263
21422.5,2,7,327
21425.0,26,-32,311
21427.5,23,16,382
21430.0,27,1,307
21432.5,84,-4,277
21435.0,36,-15,311
21437.5,67,4,254
21440.0,15,-10,296
21442.5,2,-4,353
21445.0,-5,1,316
21447.5,-52,-46,327
21450.0,39,-15,294
21452.5,80,19,219
21455.0,-59,-10,284
21457.5,-59,-10,284
21460.0,26,24,283
21462.5,49,16,294
21465.0,-10,1,310
21467.5,-15,-22,297
21470.0,-41,-3,338
21472.5,53,54,234
21475.0,-110,-36,280
21477.5,34,15,301
21480.0,31,4,270
21482.5,-25,-42,311
21485.0,31,-43,375
21487.5,17,11,244
21490.0,22,26,352
21492.5,44,24,233
21495.0,28,14,272
21497.5,7,-18,341
21500.0,57,-10,325
21502.5,2,-5,323
21505.0,19,7,290
21507.5,19,7,290
21510.0,42,8,224
21512.5,-28,-31,332
21515.0,11,-23,269
21517.5,-8,33,278
21520.0,-8,0,328
21522.5,66,-25,332
21525.0,29,-23,335
21527.5,73,-18,336
21530.0,-25,-41,281
21532.5,58,21,328
21535.0,11,-21,287
21537.5,-20,-17,286
21540.0,9,-24,352
21542.5,70,-40,320
21545.0,56,2,347
21547.5,22,-20,274
21550.0,-51,-68,272
21552.5,-3,-17,307
21555.0,9,-2,299
21557.5,9,-2,299
21560.0,0,-25,313
21562.5,11,18,350
21565.0,-8,-47,334
21567.5,31,-24,380
21570.0,59,18,242
21572.5,26,5,247
21575.0,-26,4,297
21577.5,46,24,278
21580.0,-114,-19,297
21582.5,32,-32,364
21585.0,37,-5,272
21587.5,54,-12,379
21590.0,25,8,258
21592.5,-32,-17,255
21595.0,4,30,325
21597.5,30,12,274
21600.0,-6,-5,299
21602.5,-75,-26,327
21605.0,43,19,290
21607.5,43,19,290
21610.0,27,16,374
21612.5,-35,-22,257
21615.0,-10,-38,291
21617.5,-43,-20,291
21620.0,17,-10,329
21622.5,3,-39,364
21625.0,13,16,323
21627.5,-10,-69,273
21630.0,-2,-15,324
21632.5,6,-25,280
21635.0,-55,5,271
21637.5,33,32,359
21640.0,-14,-13,249
21642.5,3,-24,323
21645.0,26,7,280
21647.5,-60,-32,291
21650.0,-32,-23,305
21652.5,25,1,280
21655.0,-20,-29,312
21657.5,-20,-29,312
21660.0,10,-12,351
21662.5,64,7,321
21665.0,10,-21,336
21667.5,-33,-40,254
21670.0,78,1,240
21672.5,-15,-5,303
21675.0,5,0,303
21677.5,-30,-40,324
21680.0,29,-33,363
21682.5,58,19,283
21685.0,-49,-69,335
21687.5,19,-7,258
21690.0,-72,-6,267
21692.5,-2,15,320
21695.0,65,23,288
21697.5,6,-2,329
21700.0,13,-6,313
21702.5,63,-43,276
21705.0,-18,-21,324
21707.5,-18,-21,324
21710.0,-6,-42,293
21712.5,-25,23,287
21715.0,8,26,321
21717.5,26,8,269
21720.0,68,-4,325
21722.5,18,-33,355
21725.0,44,-9,286
21727.5,51,40,324
21730.0,42,6,201
21732.5,-18,-12,297
21735.0,52,-5,350
21737.5,79,21,300
21740.0,70,0,346
21742.5,58,24,279
21745.0,13,15,222
21747.5,-14,-4,289
21750.0,4,-21,308
21752.5,39,-20,333
21755.0,-36,-32,355
21757.5,-36,-32,355
21760.0,-10,-43,286
21762.5,48,-16,347
21765.0,36,-5,265
21767.5,79,1,244
21770.0,-8,8,287
21772.5,8,-5,304
21775.0,10,-26,313
21777.5,8,-29,362
21780.0,40,-12,314
21782.5,53,4,359
21785.0,28,-21,287
21787.5,43,-15,295
21790.0,9,-33,315
21792.5,41,12,297
21795.0,-39,-5,339
21797.5,33,23,301
21800.0,93,-2,263
21802.5,-13,-4,311
21805.0,1,-16,256
21807.5,1,-16,256
21810.0,-12,-6,257
21812.5,-33,-7,322
21815.0,-17,-25,316
21817.5,34,-37,348
21820.0,42,1,323
21822.5,-28,-3,245
21825.0,-7,-6,311
21827.5,-11,13,248
21830.0,-2,16,307
21832.5,22,-33,372
21835.0,55,14,281
21837.5,-43,-56,333
21840.0,19,-32,289
21842.5,2,20,216
21845.0,-50,-38,317
21847.5,-13,-13,278
21850.0,18,30,285
21852.5,16,-13,353
21855.0,-17,-69,318
21857.5,-17,-69,318
21860.0,-71,-57,321
21862.5,13,-10,270
21865.0,-25,-17,249
21867.5,32,11,321
21870.0,58,15,275
21872.5,48,19,320
21875.0,-17,-29,339
21877.5,65,-6,277
21880.0,-21,-24,352
21882.5,60,-8,234
21885.0,-35,-5,250
21887.5,18,30,308
21890.0,25,20,289
21892.5,-20,-27,276
21895.0,6,-8,336
21897.5,-23,-17,300
21900.0,21,17,349
21902.5,8,-19,261
21905.0,6,21,276
21907.5,6,21,276
21910.0,-33,-31,335
21912.5,77,19,323
21915.0,28,0,332
21917.5,72,12,307
21920.0,56,-24,239
21922.5,37,-7,344
21925.0,35,-11,219
21927.5,-26,-12,265
21930.0,-67,-7,301
21932.5,-50,-48,304
21935.0,34,4,377
21937.5,24,10,325
21940.0,117,-9,276
21942.5,-21,-33,309
21945.0,39,12,292
21947.5,-19,-39,311
21950.0,26,-5,360
21952.5,29,-19,308
21955.0,76,-14,353
21957.5,76,-14,353
21960.0,-25,-57,266
21962.5,84,23,325
21965.0,38,8,316
21967.5,63,21,286
21970.0,6,-5,280
21972.5,53,-18,362
21975.0,7,-3,300
21977.5,-79,-47,330
21980.0,86,-10,291
21982.5,48,10,255
21985.0,-32,-28,299
21987.5,-2,24,273
21990.0,44,2,323
21992.5,-1,26,362
21995.0,-10,-34,271
21997.5,-4,-19,336
22000.0,32,-13,235
22002.5,-67,-19,240
22005.0,46,33,308
22007.5,46,33,308
22010.0,43,28,331
22012.5,-6,-2,327
22015.0,31,-31,309
22017.5,18,-32,239
22020.0,1,22,317
22022.5,23,37,211
22025.0,-24,-18,296
22027.5,-6,-47,361
22030.0,67,-16,299
22032.5,-23,-22,303
22035.0,87,17,284
22037.5,-66,-60,254
22040.0,21,7,327
22042.5,1,-14,274
22045.0,-1,14,291
22047.5,-47,-1,333
22050.0,15,-23,306
22052.5,-41,-37,337
22055.0,-4,13,295
22057.5,-4,13,295
22060.0,27,-7,238
22062.5,26,-10,322
22065.0,135,64,291
22067.5,-26,-39,294
22070.0,38,-48,350
22072.5,-46,-8,272
22075.0,-34,-14,345
22077.5,63,-18,286
22080.0,2,-19,256
22082.5,54,16,326
22085.0,30,17,310
22087.5,46,-41,333
22090.0,39,-11,320
22092.5,-19,-32,241
22095.0,13,-36,342
22097.5,21,-17,246
22100.0,5,-11,288
22102.5,-1,4,312
22105.0,-1,4,312
22107.5,-2,-12,303
22110.0,63,-3,324
22112.5,98,-7,281
22115.0,-22,-20,306
22117.5,36,19,358
22120.0,14,-18,270
22122.5,-15,-15,293
22125.0,-1,-31,353
22127.5,21,-4,287
22130.0,27,5,341
22132.5,11,-6,344
22135.0,80,34,216
22137.5,10,31,301
22140.0,-32,-24,266
22142.5,-46,-11,304
22145.0,-30,5,351
22147.5,-35,-34,310
22150.0,71,-4,366
22152.5,-42,-23,289
22155.0,-42,-23,289
22157.5,-34,7,266
22160.0,21,-13,294
22162.5,-18,-42,291
22165.0,41,46,313
22167.5,45,-1,381
22170.0,13,-23,305
22172.5,-27,15,347
22175.0,18,-10,292
22177.5,-50,-23,237
22180.0,12,26,323
22182.5,6,14,284
22185.0,-34,-35,317
22187.5,-38,-13,316
22190.0,-34,-30,276
22192.5,42,0,345
22195.0,59,-37,268
22197.5,40,-13,280
22200.0,11,1,302
22202.5,62,-38,339
22205.0,62,-38,339
22207.5,79,29,329
22210.0,71,8,312
22212.5,-16,22,253
22215.0,15,-13,346
22217.5,70,34,258
22220.0,39,-32,280
22222.5,43,-34,354
22225.0,92,17,303
22227.5,9,3,351
22230.0,52,0,305
22232.5,-40,-16,214
22235.0,-58,-17,298
22237.5,56,1,314
22240.0,-41,-36,300
22242.5,41,12,353
22245.0,43,-7,288
22247.5,-30,-54,342
22250.0,41,18,228
22252.5,21,16,287
22255.0,21,16,287
22257.5,18,0,306
22260.0,42,-7,270
22262.5,-8,-26,337
22265.0,24,-11,342
22267.5,13,10,313
22270.0,-8,-38,395
22272.5,20,-11,259
22275.0,46,-43,324
22277.5,-13,-8,314
22280.0,51,-6,288
22282.5,92,18,322
22285.0,15,10,311
22287.5,68,-51,266
22290.0,23,7,342
22292.5,29,23,258
22295.0,-61,-14,256
22297.5,12,-37,351
22300.0,77,18,309
22302.5,-4,-74,355
22305.0,-4,-74,355
22307.5,49,2,269
22310.0,20,-9,237
22312.5,54,-5,320
22315.0,44,52,248
22317.5,14,-14,286
22320.0,-29,17,325
22322.5,-29,-31,318
22325.0,19,-6,343
22327.5,20,-19,266
22330.0,25,-8,207
22332.5,16,-19,307
22335.0,60,14,302
22337.5,69,-31,329
22340.0,39,-60,414
22342.5,0,-20,328
22345.0,-49,-38,365
22347.5,-86,-71,241
22350.0,25,7,250
22352.5,33,-5,315
22355.0,33,-5,315
22357.5,25,12,281
22360.0,-63,-60,332
22362.5,20,-5,326
22365.0,35,-2,248
22367.5,-3,9,336
22370.0,-41,-69,284
22372.5,51,-33,300
22375.0,-18,-1,339
22377.5,-40,-29,268
22380.0,40,-23,331
22382.5,56,-5,305
22385.0,92,-13,252
22387.5,2,-33,337
22390.0,22,-4,264
22392.5,-12,-18,266
22395.0,-34,-3,328
22397.5,69,11,302
22400.0,1,51,348
22402.5,25,-19,297
22405.0,25,-19,297
22407.5,49,-17,313
22410.0,2,15,292
22412.5,-5,-15,294
22415.0,-50,-20,246
22417.5,-24,41,341
22420.0,-22,-38,313
22422.5,-17,-78,338
22425.0,-24,-27,281
22427.5,19,22,287
22430.0,16,-29,309
22432.5,47,3,282
22435.0,-1,13,323
22437.5,24,-29,328
22440.0,4,-11,237
22442.5,31,8,354
22445.0,99,49,242
22447.5,54,-8,295
22450.0,-5,-7,319
22452.5,21,-1,288
22455.0,21,-1,288
22457.5,-47,6,332
22460.0,-24,-3,322
22462.5,88,-9,318
22465.0,35,-3,361
22467.5,29,11,253
22470.0,69,-20,270
22472.5,46,-7,299
22475.0,7,-12,296
22477.5,-96,-57,296
22480.0,-14,3,304
22482.5,-33,-6,236
22485.0,-41,-15,340
22487.5,-25,-19,268
22490.0,-25,-2,303
22492.5,22,23,359
22495.0,32,-6,342
22497.5,-32,0,353
22500.0,36,0,281
22502.5,36,-26,252
22505.0,36,-26,252
22507.5,47,3,279
22510.0,37,20,331
22512.5,19,14,308
22515.0,73,26,326
22517.5,95,-21,304
22520.0,-40,-49,332
22522.5,26,8,238
22525.0,0,-17,274
22527.5,-43,-23,334
22530.0,0,10,300
22532.5,9,-70,339
22535.0,9,3,355
22537.5,28,1,231
22540.0,-73,-34,316
22542.5,36,-1,258
22545.0,19,-21,278
22547.5,-47,-9,271
22550.0,69,30,305
22552.5,-38,-38,331
22555.0,-38,-38,331
22557.5,-44,12,354
22560.0,-45,-17,255
22562.5,-57,-57,325
22565.0,62,28,274
22567.5,17,-2,289
22570.0,0,-16,348
22572.5,-9,-12,306
22575.0,-13,-5,352
22577.5,6,-4,290
22580.0,24,-2,241
22582.5,31,1,308
22585.0,3,-15,292
22587.5,-11,-15,290
22590.0,-33,27,330
22592.5,75,-29,323
22595.0,6,-2,351
22597.5,55,5,273
22600.0,77,-46,260
22602.5,12,-12,270
22605.0,12,-12,270
22607.5,9,-36,308
22610.0,21,24,294
22612.5,24,-43,385
22615.0,13,-3,297
22617.5,-10,-20,373
22620.0,78,8,245
22622.5,5,0,306
22625.0,-10,-7,321
22627.5,65,23,299
22630.0,29,-21,332
22632.5,-2,0,309
22635.0,103,48,217
22637.5,-58,-28,310
22640.0,0,13,268
22642.5,101,-4,304
22645.0,-14,-2,307
22647.5,15,-17,319
22650.0,26,-43,325
22652.5,26,-43,325
22655.0,32,-8,297
22657.5,-56,-24,271
22660.0,-49,-31,309
22662.5,-5,-21,254
22665.0,17,2,305
22667.5,-9,-15,354
22670.0,25,-23,296
22672.5,-48,-9,346
22675.0,51,-8,273
22677.5,64,8,268
22680.0,-49,-23,291
22682.5,27,20,289
22685.0,-49,-1,297
22687.5,-90,-16,348
22690.0,-29,-6,313
22692.5,16,-59,370
22695.0,34,9,255
22697.5,-5,-10,265
22700.0,36,16,335
22702.5,36,16,335
22705.0,-40,-53,329
22707.5,59,2,321
22710.0,79,6,374
22712.5,18,24,261
22715.0,19,-15,355
22717.5,53,4,250
22720.0,77,-30,346
22722.5,-19,-47,335
22725.0,51,6,318
22727.5,29,-27,322
22730.0,51,-10,321
22732.5,-21,-52,255
22735.0,24,-28,344
22737.5,29,24,269
22740.0,33,4,311
22742.5,51,-14,328
22745.0,1,41,280
22747.5,0,5,356
22750.0,71,16,296
22752.5,71,16,296
22755.0,20,-21,229
22757.5,-21,-17,317
22760.0,4,35,279
22762.5,13,-22,271
22765.0,-23,-38,343
22767.5,-11,-13,314
22770.0,-32,-19,338
22772.5,3,-23,322
22775.0,93,-6,301
22777.5,-16,-5,288
22780.0,22,-4,259
22782.5,-28,-23,301
22785.0,15,-47,357
22787.5,-11,-27,309
22790.0,-108,-48,331
22792.5,77,50,250
22795.0,15,-27,306
22797.5,-9,-2,318
22800.0,87,17,308
22802.5,87,17,308
22805.0,41,-30,304
22807.5,-45,-33,284
22810.0,-33,-25,275
22812.5,-35,-50,376
22815.0,3,-32,242
22817.5,24,-7,295
22820.0,9,7,288
22822.5,3,-42,255
22825.0,8,26,320
22827.5,77,33,284
22830.0,45,13,257
22832.5,29,-18,299
22835.0,17,30,250
22837.5,28,-1,278
22840.0,8,-61,355
22842.5,21,-24,284
22845.0,60,5,331
22847.5,16,-14,265
22850.0,58,0,266
22852.5,58,0,266
22855.0,33,7,292
22857.5,35,8,281
22860.0,-87,35,302
22862.5,-19,-20,353
22865.0,9,-1,325
22867.5,-145,-40,336
22870.0,-51,-5,261
22872.5,-15,-6,280
22875.0,-2,1,297
22877.5,28,18,299
22880.0,39,16,298
22882.5,-13,7,328
22885.0,38,-22,326
22887.5,-19,-19,321
22890.0,67,-4,276
22892.5,43,17,252
22895.0,-24,-23,336
22897.5,-15,-25,306
22900.0,4,-6,316
22902.5,4,-6,316
22905.0,20,-6,309
22907.5,9,-34,254
22910.0,15,-14,336
22912.5,3,22,258
22915.0,-44,-44,307
22917.5,4,-4,354
22920.0,-50,6,278
22922.5,-28,-13,342
22925.0,-2,-36,312
22927.5,7,37,233
22930.0,-12,-21,320
22932.5,9,-5,304
22935.0,0,-28,311
22937.5,-17,17,373
22940.0,-24,-21,305
22942.5,-40,-19,345
22945.0,-24,-40,272
22947.5,27,-5,246
22950.0,-50,-18,297
22952.5,-50,-18,297
22955.0,45,-10,291
22957.5,15,-9,349
22960.0,-65,-8,332
22962.5,49,-14,281
22965.0,-33,-23,351
22967.5,73,30,196
22970.0,-74,-37,238
22972.5,-4,12,317
22975.0,55,25,287
22977.5,-60,-39,304
22980.0,-7,-22,296
22982.5,-13,-4,231
22985.0,38,17,298
22987.5,-36,-47,232
22990.0,103,20,305
22992.5,-14,24,289
22995.0,12,-34,309
22997.5,21,14,328
23000.0,21,14,328
23002.5,7,-40,371
23005.0,125,16,275
23007.5,29,-4,318
23010.0,88,28,261
23012.5,48,2,269
23015.0,-4,-48,342
23017.5,42,-19,309
23020.0,3,-7,353
23022.5,20,-12,299
23025.0,60,-32,272
23027.5,3,-7,309
23030.0,13,7,295
23032.5,-29,17,269
23035.0,-42,-23,318
23037.5,52,22,315
23040.0,80,21,342
23042.5,59,14,237
23045.0,-21,-74,290
23047.5,48,1,336
23050.0,48,1,336
23052.5,20,-4,306
23055.0,-21,-45,329
23057.5,-28,-4,304
23060.0,17,13,271
23062.5,7,22,347
23065.0,83,19,280
23067.5,-61,-25,242
23070.0,-11,10,301
23072.5,52,13,345
23075.0,63,-5,355
23077.5,65,17,336
23080.0,-75,-26,252
23082.5,-87,-32,353
23085.0,10,-10,258
23087.5,-23,-39,278
23090.0,-51,-22,344
23092.5,66,33,313
23095.0,-5,-22,364
23097.5,29,-42,299
23100.0,29,-42,299
23102.5,-6,17,231
23105.0,48,6,325
23107.5,31,-5,281
23110.0,7,30,241
23112.5,-16,29,325
23115.0,38,-4,311
23117.5,11,50,351
23120.0,69,-3,255
23122.5,60,-13,242
23125.0,22,-28,316
23127.5,29,-9,293
23130.0,-19,-17,294
23132.5,42,-3,334
23135.0,-11,-17,265
23137.5,6,-4,371
23140.0,20,-28,245
23142.5,104,0,271
23145.0,43,8,311
23147.5,76,13,311
23150.0,76,13,311
23152.5,-50,-40,336
23155.0,33,-12,319
23157.5,49,-2,265
23160.0,-2,16,321
23162.5,-58,-68,268
23165.0,67,-22,301
23167.5,-13,-16,355
23170.0,10,-1,295
23172.5,57,-25,342
23175.0,54,-23,315
23177.5,26,-67,245
23180.0,59,-25,347
23182.5,62,19,284
23185.0,-48,-4,297
23187.5,64,-19,376
23190.0,105,29,256
23192.5,-166,-40,303
23195.0,-5,18,282
23197.5,57,6,279
23200.0,57,6,279
23202.5,20,5,275
23205.0,-7,7,286
23207.5,-36,-65,298
23210.0,-11,0,331
23212.5,-22,25,275
23215.0,-16,0,315
23217.5,-18,-48,263
23220.0,-72,-38,287
23222.5,-12,-5,291
23225.0,-13,2,282
23227.5,-28,-34,335
23230.0,-5,-41,358
23232.5,27,22,288
23235.0,-25,19,329
23237.5,42,-8,236
23240.0,-39,-34,268
23242.5,16,17,335
23245.0,44,17,303
23247.5,-34,-15,323
23250.0,-34,-15,323
23252.5,-38,-90,343
23255.0,44,63,220
23257.5,-33,-33,312
23260.0,1,19,253
23262.5,30,-18,289
23265.0,14,-17,356
23267.5,65,18,327
23270.0,-35,-19,314
23272.5,-4,-22,353
23275.0,51,8,258
23277.5,-37,1,301
23280.0,27,-15,244
23282.5,18,-37,284
23285.0,4,-25,371
23287.5,-3,-35,318
23290.0,-58,-47,331
23292.5,1,3,296
23295.0,30,-48,276
23297.5,-82,-22,288
23300.0,-82,-22,288
23302.5,106,-11,293
23305.0,53,-32,322
23307.5,-38,11,326
23310.0,0,-7,319
23312.5,48,-31,345
23315.0,-5,-24,261
23317.5,94,5,291
23320.0,22,-11,299
23322.5,-3,20,303
23325.0,-55,-23,303
23327.5,-2,-84,376
23330.0,49,-3,358
23332.5,-64,-40,391
23335.0,42,19,194
23337.5,70,18,297
23340.0,-37,-34,324
23342.5,33,-5,291
23345.0,-9,-19,301
23347.5,1,-4,326
23350.0,1,-4,326
23352.5,96,-1,326
23355.0,4,0,349
23357.5,21,-16,271
23360.0,18,24,299
23362.5,-14,-25,310
23365.0,1,15,337
23367.5,34,25,335
23370.0,-77,-39,348
23372.5,85,-30,250
23375.0,35,13,312
23377.5,20,-5,235
23380.0,-28,-62,294
23382.5,59,1,358
23385.0,39,-20,276
23387.5,27,-13,348
23390.0,17,-19,269
23392.5,60,27,253
23395.0,45,11,345
23397.5,48,30,286
23400.0,48,30,286
23402.5,-45,0,300
23405.0,-27,-20,365
23407.5,71,-20,341
23410.0,7,-10,358
23412.5,3,-4,249
23415.0,57,-89,301
23417.5,32,-2,330
23420.0,36,15,291
23422.5,24,-11,322
23425.0,26,9,321
23427.5,-26,-63,243
23430.0,27,-7,331
23432.5,36,-16,268
23435.0,-7,-40,296
23437.5,13,-25,329
23440.0,40,42,312
23442.5,-45,-12,330
23445.0,-6,6,309
23447.5,108,62,256
23450.0,108,62,256
23452.5,-15,-12,289
23455.0,29,-9,260
23457.5,18,33,284
23460.0,-17,9,298
23462.5,-99,-73,312
23465.0,13,3,335
23467.5,47,-22,370
23470.0,88,-3,254
23472.5,95,-22,329
23475.0,77,33,235
23477.5,-27,6,286
23480.0,-12,-43,330
23482.5,-50,-52,312
23485.0,-58,-66,344
23487.5,36,0,293
23490.0,4,-5,223
23492.5,-43,-21,274
23495.0,-12,35,281
23497.5,-7,-19,316
23500.0,-7,-19,316
23502.5,79,27,348
23505.0,-20,11,305
23507.5,-73,-51,328
23510.0,27,-35,245
23512.5,-20,-17,281
23515.0,36,25,295
23517.5,22,21,310
23520.0,1,-21,330
23522.5,21,-25,340
23525.0,94,-24,250
23527.5,-42,-46,318
23530.0,91,26,240
23532.5,47,-22,272
23535.0,-30,-31,295
23537.5,44,24,334
23540.0,13,-19,303
23542.5,8,-9,335
23545.0,108,-40,355
23547.5,108,-40,355
23550.0,-98,-70,360
23552.5,2,-6,237
23555.0,-17,-23,277
23557.5,37,25,336
23560.0,15,2,285
23562.5,7,2,293
23565.0,1,-30,283
23567.5,-2,-41,263
23570.0,-44,-25,305
23572.5,8,-17,268
23575.0,4,-35,303
23577.5,-18,-36,376
23580.0,82,8,329
23582.5,32,-1,374
23585.0,24,7,301
23587.5,20,-37,276
23590.0,-61,-31,324
23592.5,21,13,275
23595.0,-41,-45,325
23597.5,-41,-45,325
23600.0,68,-13,380
23602.5,-23,-35,302
23605.0,16,-43,349
23607.5,39,10,260
23610.0,133,9,269
23612.5,41,2,275
23615.0,56,-4,286
23617.5,81,58,263
23620.0,105,0,351
23622.5,134,-21,378
23625.0,-28,-55,382
23627.5,3,-24,249
23630.0,39,-14,293
23632.5,19,-28,313
23635.0,17,17,285
23637.5,-55,-62,357
23640.0,27,-10,332
23642.5,23,5,260
23645.0,-20,-16,298
23647.5,-20,-16,298
23650.0,11,2,250
23652.5,26,-24,296
23655.0,14,-29,341
23657.5,45,29,275
23660.0,17,23,326
23662.5,33,-3,338
23665.0,26,-1,294
23667.5,-2,-3,327
23670.0,71,37,287
23672.5,-5,-4,295
23675.0,20,-11,373
23677.5,52,-49,328
23680.0,39,2,363
23682.5,3,-37,323
23685.0,31,24,280
23687.5,-37,-10,317
23690.0,38,27,304
23692.5,36,3,312
23695.0,18,-6,362
23697.5,18,-6,362
23700.0,5,11,313
23702.5,31,-25,349
23705.0,-13,-41,259
23707.5,-76,24,272
23710.0,40,-12,332
23712.5,55,35,292
23715.0,17,0,330
23717.5,35,-35,364
23720.0,21,20,284
23722.5,24,9,346
23725.0,75,-3,249
23727.5,-18,16,237
23730.0,8,5,326
23732.5,55,-10,314
23735.0,65,0,333
23737.5,2,38,309
23740.0,23,-23,253
23742.5,24,17,310
23745.0,9,7,235
23747.5,9,7,235
23750.0,-9,6,277
23752.5,6,12,324
23755.0,-19,-27,315
23757.5,35,-35,373
23760.0,2,4,313
23762.5,25,-6,272
23765.0,-53,-21,329
23767.5,23,-14,330
23770.0,-31,-16,291
23772.5,22,-14,371
23775.0,-5,-50,280
23777.5,44,-18,350
23780.0,-52,-60,316
23782.5,-9,13,220
23785.0,-19,-12,288
23787.5,8,31,258
23790.0,-58,-27,267
23792.5,-19,-15,349
23795.0,40,27,309
23797.5,40,27,309
23800.0,-24,-62,359
23802.5,47,-8,259
23805.0,118,15,265
23807.5,-12,-6,252
23810.0,5,-63,308
23812.5,54,-30,329
23815.0,29,-22,369
23817.5,3,-39,243
23820.0,7,-18,349
23822.5,114,25,256
23825.0,-56,-26,236
23827.5,-12,-10,296
23830.0,68,5,311
23832.5,-13,-1,323
23835.0,-33,-24,324
23837.5,13,16,250
23840.0,-51,-20,303
23842.5,-9,-26,249
23845.0,-20,-49,338
23847.5,-20,-49,338
23850.0,-28,-36,356
23852.5,54,20,304
23855.0,-42,4,345
23857.5,44,-61,324
23860.0,-38,0,232
23862.5,-23,-21,307
23865.0,-6,-36,281
23867.5,79,25,311
23870.0,-26,-49,389
23872.5,-1,-10,298
23875.0,-10,7,341
23877.5,-13,0,292
23880.0,15,11,211
23882.5,-67,6,284
23885.0,2,33,254
23887.5,-59,-48,286
23890.0,-18,-19,338
23892.5,100,11,345
23895.0,68,-22,394
23897.5,68,-22,394
23900.0,21,34,242
23902.5,-33,-15,254
23905.0,40,13,262
23907.5,-10,14,281
23910.0,-23,-31,311
23912.5,51,-11,367
23915.0,22,-45,304
23917.5,-61,-29,347
23920.0,4,-29,289
23922.5,143,1,264
23925.0,27,-12,300
23927.5,-30,-2,302
23930.0,57,10,325
23932.5,-12,-15,338
23935.0,-57,-29,253
23937.5,-16,-19,353
23940.0,-11,17,220
23942.5,-46,-44,290
23945.0,7,3,329
23947.5,7,3,329
23950.0,24,-1,300
23952.5,116,7,354
23955.0,67,-1,330
23957.5,-20,-22,269
23960.0,-32,-22,340
23962.5,-3,-20,258
23965.0,-5,12,304
23967.5,45,-11,356
23970.0,44,2,308
23972.5,-47,-42,367
23975.0,-12,-6,252
23977.5,-64,1,216
23980.0,49,16,303
23982.5,17,17,276
23985.0,17,-23,310
23987.5,-4,33,333
23990.0,-32,-24,329
23992.5,82,3,367
23995.0,36,-20,255
23997.5,36,-20,255
24000.0,78,-16,258
24002.5,-5,-9,272
24005.0,34,3,274
24007.5,-8,-18,341
24010.0,46,-49,385
24012.5,73,23,275
24015.0,39,-39,362
24017.5,43,-36,294
24020.0,27,-3,311
24022.5,-2,-7,331
24025.0,60,-19,303
24027.5,-40,-11,329
24030.0,-14,4,295
24032.5,63,35,240
24035.0,-57,-27,285
24037.5,-9,-21,271
24040.0,30,-11,308
24042.5,-4,-19,314
24045.0,3,-54,305
24047.5,3,-54,305
24050.0,-27,-14,312
24052.5,9,-7,302
24055.0,36,12,251
24057.5,-3,-14,314
24060.0,55,-3,256
24062.5,-9,-20,283
24065.0,19,-25,362
24067.5,57,2,303
24070.0,-1,-15,365
24072.5,-8,1,305
24075.0,-40,-53,242
24077.5,-55,-29,318
24080.0,41,28,263
24082.5,-6,-24,319
24085.0,26,3,352
24087.5,-17,-21,312
24090.0,-27,-39,381
24092.5,57,5,268
24095.0,57,5,268
24097.5,32,-7,267
24100.0,7,-24,290
24102.5,54,30,269
24105.0,92,31,308
24107.5,93,-7,369
24110.0,19,-1,325
24112.5,19,31,397
24115.0,48,8,244
24117.5,-28,-12,292
24120.0,16,31,310
24122.5,90,3,305
24125.0,22,9,328
24127.5,-26,9,329
24130.0,159,10,308
24132.5,-80,-13,310
24135.0,-37,-20,266
24137.5,95,21,286
24140.0,21,10,337
24142.5,-9,13,319
24145.0,-9,13,319
24147.5,40,-24,363
24150.0,87,8,316
24152.5,51,10,280
24155.0,-49,-32,304
24157.5,61,8,277
24160.0,-13,18,297
24162.5,-30,-82,363
24165.0,67,5,275
24167.5,-56,5,337
24170.0,5,-30,290
24172.5,-22,-19,245
24175.0,-24,-4,328
24177.5,29,11,256
24180.0,-15,-49,318
24182.5,-13,-52,319
24185.0,4,35,306
24187.5,25,-32,339
24190.0,-47,-20,248
24192.5,-46,-31,211
24195.0,-46,-31,211
24197.5,-10,-11,301
24200.0,68,44,302
24202.5,22,-6,293
24205.0,48,-31,376
24207.5,65,14,304
24210.0,1,-17,391
24212.5,70,19,224
24215.0,-10,-6,237
24217.5,58,-12,284
24220.0,-45,-61,298
24222.5,22,-5,291
24225.0,45,-7,305
24227.5,58,-2,241
24230.0,-23,-17,293
24232.5,39,-2,276
24235.0,-58,-19,283
24237.5,16,5,327
24240.0,33,15,301
24242.5,93,5,340
24245.0,93,5,340
24247.5,25,-36,343
24250.0,34,-15,271
24252.5,21,10,342
24255.0,44,9,230
24257.5,28,19,279
24260.0,18,19,347
24262.5,113,26,327
24265.0,96,-69,362
24267.5,90,18,300
24270.0,1,-25,301
24272.5,-70,-44,317
24275.0,26,-14,304
24277.5,-3,-7,327
24280.0,-6,2,363
24282.5,25,-20,334
24285.0,-33,-32,350
24287.5,-9,-44,317
24290.0,92,-74,297
24292.5,-31,-10,315
24295.0,-31,-10,315
24297.5,40,8,282
24300.0,-31,-12,319
24302.5,28,-35,330
24305.0,72,25,278
24307.5,-34,-24,331
24310.0,52,38,188
24312.5,7,15,253
24315.0,5,-27,281
24317.5,31,-7,307
24320.0,-56,-16,333
24322.5,21,-10,331
24325.0,17,21,240
24327.5,-7,-11,317
24330.0,56,-16,284
24332.5,-1,-13,306
24335.0,0,-34,319
24337.5,44,-49,343
24340.0,16,-1,321
24342.5,9,-27,359
24345.0,9,-27,359
24347.5,79,-1,275
24350.0,35,3,337
24352.5,-9,20,241
24355.0,-52,-67,321
24357.5,0,-31,414
24360.0,111,10,304
24362.5,-31,-20,334
24365.0,34,-5,286
24367.5,31,7,248
24370.0,-45,-25,309
24372.5,8,-13,302
24375.0,-2,-23,316
24377.5,-39,21,343
24380.0,-12,-20,311
24382.5,-36,-50,336
24385.0,32,5,260
24387.5,8,21,233
24390.0,-34,-29,291
24392.5,15,-2,288
24395.0,15,-2,288
24397.5,59,12,303
24400.0,-33,-33,313
24402.5,65,-28,316
24405.0,40,-7,365
24407.5,68,50,243
24410.0,-79,-57,260
24412.5,45,23,337
24415.0,17,-5,277
24417.5,-4,10,328
24420.0,62,7,319
24422.5,114,1,272
24425.0,-19,-43,352
24427.5,40,1,234
24430.0,40,-6,267
24432.5,-34,2,304
24435.0,15,1,279
24437.5,-55,17,295
24440.0,-34,-49,320
24442.5,36,-33,265
24445.0,36,-33,265
24447.5,-4,-1,307
24450.0,5,-24,257
24452.5,-1,13,295
24455.0,-8,-54,371
24457.5,107,45,277
24460.0,4,-7,347
24462.5,38,20,279
24465.0,43,24,228
24467.5,-56,27,321
24470.0,-50,14,248
24472.5,-3,11,310
24475.0,-25,14,344
24477.5,-20,-27,312
24480.0,5,-24,368
24482.5,5,-18,269
24485.0,2,18,305
24487.5,-62,-12,333
24490.0,63,5,300
24492.5,-23,-54,328
24495.0,-23,-54,328
24497.5,28,-4,341
24500.0,33,-18,236
24502.5,-14,-20,342
24505.0,66,18,264
24507.5,22,19,251
24510.0,2,-18,324
24512.5,15,16,281
24515.0,-22,-31,339
24517.5,-25,-1,348
24520.0,37,4,253
24522.5,6,-5,305
24525.0,-4,-52,274
24527.5,-43,-46,285
24530.0,15,-11,337
24532.5,22,-12,324
24535.0,2,16,341
24537.5,-28,-39,332
24540.0,28,8,275
24542.5,-106,-30,343
24545.0,-106,-30,343
24547.5,14,-2,264
24550.0,-3,22,301
24552.5,4,-12,305
24555.0,17,-25,334
24557.5,60,16,355
24560.0,20,-11,310
24562.5,58,-10,260
24565.0,59,7,341
24567.5,-8,-3,310
24570.0,-29,-14,321
24572.5,-19,2,360
24575.0,25,44,352
24577.5,0,-11,368
24580.0,-25,-24,286
24582.5,-4,-5,277
24585.0,37,-3,318
24587.5,47,-4,252
24590.0,-26,13,278
24592.5,47,-30,401
24595.0,47,-30,401
24597.5,-24,-40,307
24600.0,22,-25,356
24602.5,78,-14,263
24605.0,-35,-11,241
24607.5,-9,-4,297
24610.0,-11,-19,329
24612.5,17,-21,332
24615.0,21,-69,333
24617.5,-34,-16,276
24620.0,-27,-2,340
24622.5,69,-23,251
24625.0,-16,-24,286
24627.5,8,-30,353
24630.0,32,41,312
24632.5,-62,-33,339
24635.0,-49,-27,340
24637.5,-64,-42,269
24640.0,-10,-19,331
24642.5,35,29,240
24645.0,35,29,240
24647.5,2,48,249
24650.0,13,-9,334
24652.5,46,1,269
24655.0,-17,-44,309
24657.5,8,-11,296
24660.0,-38,5,212
24662.5,-44,-47,340
24665.0,9,-34,265
24667.5,-29,-23,288
24670.0,17,-5,371
24672.5,19,-35,318
24675.0,-10,28,329
24677.5,79,26,290
24680.0,16,-31,325
24682.5,-17,-43,287
24685.0,79,31,302
24687.5,-31,-13,332
24690.0,3,-6,354
24692.5,3,-6,354
24695.0,-33,-27,340
24697.5,-58,-42,333
24700.0,16,-13,297
24702.5,22,-1,242
24705.0,-62,-53,301
24707.5,36,-12,308
24710.0,-40,-29,348
24712.5,12,3,331
24715.0,16,-4,280
24717.5,-30,2,378
24720.0,11,-41,243
24722.5,86,18,286
24725.0,5,-36,309
24727.5,-7,23,319
24730.0,16,-19,318
24732.5,45,-42,334
24735.0,-49,-11,264
24737.5,-74,-29,332
24740.0,50,30,250
24742.5,50,30,250
24745.0,68,36,306
24747.5,-30,-24,301
24750.0,36,30,298
24752.5,-32,-17,310
24755.0,26,-3,272
24757.5,-17,-33,233
24760.0,-14,-36,334
24762.5,-12,-21,238
24765.0,15,0,272
24767.5,-50,-22,304
24770.0,-47,-9,321
24772.5,45,-18,358
24775.0,74,13,284
24777.5,50,-35,257
24780.0,-10,0,248
24782.5,65,30,286
24785.0,-43,-36,274
24787.5,20,-36,369
24790.0,10,-6,341
24792.5,10,-6,341
24795.0,11,-25,370
24797.5,25,-6,258
24800.0,-11,-9,233
24802.5,30,-19,315
24805.0,6,-7,299
24807.5,-52,-6,310
24810.0,5,-53,360
24812.5,35,4,314
24815.0,-25,-5,345
24817.5,46,0,257
24820.0,33,8,295
24822.5,8,15,315
24825.0,30,-34,341
24827.5,-3,-24,342
24830.0,-3,-23,330
24832.5,13,-3,239
24835.0,-31,-42,317
24837.5,14,27,244
24840.0,32,15,285
24842.5,32,15,285
24845.0,-2,-14,374
24847.5,-23,26,283
24850.0,-44,-6,320
24852.5,23,-7,305
24855.0,-15,-7,262
24857.5,20,7,344
24860.0,3,-12,261
24862.5,-70,-12,280
24865.0,7,-2,358
24867.5,27,-6,300
24870.0,-35,-14,326
24872.5,3,-54,311
24875.0,12,18,229
24877.5,-3,0,310
24880.0,46,48,312
24882.5,6,-7,309
24885.0,-14,0,363
24887.5,-27,0,323
24890.0,19,-32,347
24892.5,19,-32,347
24895.0,11,32,257
24897.5,69,37,280
24900.0,-14,-26,295
24902.5,7,-28,323
24905.0,37,-10,340
24907.5,50,-62,332
24910.0,-36,-14,274
24912.5,-20,-11,350
24915.0,92,26,208
24917.5,-12,-4,307
24920.0,-13,12,308
24922.5,26,23,282
24925.0,-28,-19,318
24927.5,-22,-9,332
24930.0,96,-14,313
24932.5,18,-7,340
24935.0,-47,-34,254
24937.5,5,-32,285
24940.0,-11,30,296
24942.5,-11,30,296
24945.0,-14,-14,289
24947.5,39,-24,334
24950.0,85,5,326
24952.5,85,0,247
24955.0,2,-19,319
24957.5,61,9,202
24960.0,21,20,271
24962.5,-76,1,339
24965.0,6,-54,309
24967.5,-23,-15,334
24970.0,-38,-63,286
24972.5,-9,-22,242
24975.0,18,2,330
24977.5,17,25,294
24980.0,2,-31,291
24982.5,-44,9,333
24985.0,44,17,293
24987.5,12,-56,374
24990.0,26,-27,272
24992.5,26,-27,272
24995.0,95,24,293
24997.5,-22,-4,300
25000.0,52,1,315
25002.5,36,-24,256
25005.0,44,5,335
25007.5,65,16,306
25010.0,-62,-45,348
25012.5,-17,-20,202
25015.0,30,-13,275
25017.5,41,5,283
25020.0,11,-6,309
25022.5,5,-25,307
25025.0,40,-13,372
25027.5,3,19,249
25030.0,-65,-31,313
25032.5,30,-17,253
25035.0,13,-32,307
25037.5,20,-14,323
25040.0,22,-17,313
25042.5,22,-17,313
25045.0,-71,-7,307
25047.5,32,-13,323
25050.0,25,-12,279
25052.5,-24,-14,336
25055.0,-1,-23,275
25057.5,-32,0,291
25060.0,34,-5,349
25062.5,74,8,318
25065.0,-58,-38,361
25067.5,21,-43,287
25070.0,24,10,218
25072.5,-27,-35,302
25075.0,9,8,254
25077.5,-3,5,295
25080.0,21,-2,354
25082.5,112,-31,336
25085.0,16,-25,358
25087.5,56,-5,281
25090.0,3,-12,287
25092.5,3,-12,287
25095.0,-18,0,322
25097.5,77,33,248
25100.0,-16,-34,333
25102.5,7,-42,363
25105.0,81,-29,307
25107.5,-17,-31,322
25110.0,3,6,237
25112.5,-8,-13,251
25115.0,14,6,304
25117.5,53,21,218
25120.0,123,8,298
25122.5,16,49,343
25125.0,15,-15,293
25127.5,-57,1,324
25130.0,93,7,225
25132.5,26,-37,262
25135.0,-27,-32,317
25137.5,8,-11,324
25140.0,9,-20,344
25142.5,9,-20,344
25145.0,29,-1,308
25147.5,37,-26,270
25150.0,-101,-56,342
25152.5,27,12,281
25155.0,35,-10,281
25157.5,8,1,310
25160.0,-5,-13,280
25162.5,-20,-23,356
25165.0,62,-2,318
25167.5,7,18,213
25170.0,-52,-7,298
25172.5,-2,-30,289
25175.0,-26,-20,331
25177.5,5,3,339
25180.0,57,8,272
25182.5,-30,-27,377
25185.0,-7,-17,272
25187.5,-16,-22,260
25190.0,-90,-16,274
25192.5,-90,-16,274
25195.0,42,7,295
25197.5,3,-21,316
25200.0,45,-3,383
25202.5,-37,-37,321
25205.0,-53,-29,385
25207.5,24,-31,260
25210.0,-15,-26,269
25212.5,-24,-27,316
25215.0,70,29,259
25217.5,-8,-15,305
25220.0,18,-43,359
25222.5,16,17,265
25225.0,18,-9,378
25227.5,43,3,250
25230.0,27,-23,295
25232.5,28,23,311
25235.0,21,13,298
25237.5,28,-9,321
25240.0,19,-12,350
25242.5,19,-12,350
25245.0,-30,-10,270
25247.5,-87,-56,346
25250.0,74,52,265
25252.5,96,35,279
25255.0,-22,-7,295
25257.5,16,-33,326
25260.0,-1,-19,323
25262.5,1,0,322
25265.0,-38,6,250
25267.5,-46,-29,315
25270.0,29,-11,262
25272.5,-40,7,291
25275.0,-19,-18,365
25277.5,-91,-8,309
25280.0,-53,-21,353
25282.5,32,-14,307
25285.0,4,-8,259
25287.5,-27,-22,273
25290.0,18,0,308
25292.5,18,0,308
25295.0,22,-3,310
25297.5,-28,22,329
25300.0,-21,-28,327
25302.5,10,-51,355
25305.0,66,39,252
25307.5,22,45,206
25310.0,11,-4,300
25312.5,-12,7,282
25315.0,6,8,333
25317.5,34,44,368
25320.0,-50,-85,324
25322.5,20,-1,400
25325.0,40,-6,240
25327.5,33,30,310
25330.0,-14,-6,330
25332.5,51,23,290
25335.0,-4,-56,347
25337.5,-17,-22,344
25340.0,-17,-22,344
25342.5,47,-16,278
25345.0,-36,-47,359
25347.5,39,2,239
25350.0,45,14,271
25352.5,-26,-33,340
25355.0,-37,-51,295
25357.5,16,-22,352
25360.0,41,34,322
25362.5,31,11,268
25365.0,-75,-1,312
25367.5,32,17,227
25370.0,-40,-29,307
25372.5,5,-22,384
25375.0,42,-19,332
25377.5,7,-32,362
25380.0,20,32,278
25382.5,44,-5,282
25385.0,-7,11,292
25387.5,3,-3,293
25390.0,3,-3,293
25392.5,-76,-43,270
25395.0,-24,32,356
25397.5,69,-12,285
25400.0,12,-29,356
25402.5,29,7,329
25405.0,48,6,288
25407.5,-12,-14,338
25410.0,50,-9,287
25412.5,16,-38,302
25415.0,73,-19,364
25417.5,35,-20,301
25420.0,-1,-34,327
25422.5,53,38,197
25425.0,24,-31,292
25427.5,-12,-14,308
25430.0,-6,-37,298
25432.5,78,-18,315
25435.0,40,-28,323
25437.5,-22,-11,287
25440.0,-22,-11,287
25442.5,25,25,362
25445.0,-33,-36,248
25447.5,-43,-39,272
25450.0,30,-21,341
25452.5,16,-11,289
25455.0,-40,-25,331
25457.5,27,-26,315
25460.0,53,-2,282
25462.5,-24,-8,305
25465.0,14,1,254
25467.5,0,2,276
25470.0,-39,5,330
25472.5,30,-2,315
25475.0,-64,-11,346
25477.5,68,40,296
25480.0,23,-33,293
25482.5,-28,-24,330
25485.0,50,2,307
25487.5,25,13,302
25490.0,25,13,302
25492.5,14,-17,361
25495.0,30,-14,296
25497.5,-57,-47,375
25500.0,-14,-59,305
25502.5,125,40,279
25505.0,-46,-5,266
25507.5,-19,-11,279
25510.0,-3,15,314
25512.5,110,12,275
25515.0,58,-42,301
25517.5,-4,-36,360
25520.0,46,-3,236
25522.5,29,32,236
25525.0,-18,-10,286
25527.5,31,-21,306
25530.0,10,-11,334
25532.5,43,-10,374
25535.0,28,-24,288
25537.5,15,-23,318
25540.0,15,-23,318
25542.5,63,-23,245
25545.0,28,-10,244
25547.5,35,9,308
25550.0,54,13,287
25552.5,17,31,317
25555.0,-24,-23,337
25557.5,67,9,275
25560.0,41,3,330
25562.5,0,-13,237
25565.0,55,-27,317
25567.5,17,-10,322
25570.0,31,0,325
25572.5,-30,-24,324
25575.0,32,-35,347
25577.5,105,-12,268
25580.0,10,-8,310
25582.5,55,2,286
25585.0,-21,-1,298
25587.5,13,-4,368
25590.0,13,-4,368
25592.5,58,-32,300
25595.0,45,2,336
25597.5,-10,-24,279
25600.0,-24,7,214
25602.5,-35,-20,286
25605.0,101,27,272
25607.5,-30,-17,281
25610.0,-70,4,328
25612.5,60,-28,292
25615.0,-86,7,362
25617.5,26,2,246
25620.0,98,3,309
25622.5,-33,-46,321
25625.0,10,2,272
25627.5,-12,-24,311
25630.0,-22,-55,321
25632.5,85,11,264
25635.0,-66,-39,341
25637.5,57,-19,272
25640.0,57,-19,272
25642.5,2,9,305
25645.0,-17,-12,328
25647.5,62,10,294
25650.0,102,-15,350
25652.5,-36,-44,340
25655.0,-50,-40,290
25657.5,-46,-48,327
25660.0,41,47,250
25662.5,-4,9,293
25665.0,-27,2,295
25667.5,-18,-21,314
25670.0,-81,-59,338
25672.5,19,-23,319
25675.0,5,9,272
25677.5,-16,-2,300
25680.0,60,1,254
25682.5,22,21,287
25685.0,23,-28,368
25687.5,-30,-17,294
25690.0,-30,-17,294
25692.5,-60,-45,364
25695.0,50,20,261
25697.5,-36,-1,225
25700.0,-55,-20,290
25702.5,34,12,274
25705.0,43,-21,316
25707.5,-17,7,310
25710.0,49,-15,304
25712.5,1,-16,335
25715.0,-49,-50,258
25717.5,-58,6,257
25720.0,15,-21,325
25722.5,7,17,276
25725.0,43,-81,288
25727.5,41,-56,353
25730.0,88,27,281
25732.5,6,-6,353
25735.0,76,11,244
25737.5,-20,-10,278
25740.0,-20,-10,278
25742.5,-19,6,322
25745.0,116,-14,313
25747.5,-3,-14,314
25750.0,51,25,333
25752.5,139,61,231
25755.0,-50,-27,272
25757.5,9,9,263
25760.0,39,2,298
25762.5,-16,-9,351
25765.0,-3,-5,326
25767.5,-54,-43,334
25770.0,-7,-47,327
25772.5,1,5,256
25775.0,-13,10,322
25777.5,88,-16,283
25780.0,6,-26,318
25782.5,-2,-7,365
25785.0,30,-19,302
25787.5,-34,2,335
25790.0,-34,2,335
25792.5,13,-2,271
25795.0,111,22,286
25797.5,-69,-38,295
25800.0,23,6,285
25802.5,17,-15,310
25805.0,73,3,389
25807.5,31,-26,311
25810.0,-56,-59,338
25812.5,9,-5,261
25815.0,20,-47,280
25817.5,-6,-28,310
25820.0,-15,2,298
25822.5,-70,4,314
25825.0,4,-42,365
25827.5,44,2,275
25830.0,-73,-27,326
25832.5,25,-6,207
25835.0,-42,2,320
25837.5,2,-2,315
25840.0,2,-2,315
25842.5,39,1,335
25845.0,-43,-32,333
25847.5,22,-29,358
25850.0,19,-18,323
25852.5,-58,-68,356
25855.0,52,3,241
25857.5,1,-19,268
25860.0,3,-33,327
25862.5,50,-14,356
25865.0,18,-50,347
25867.5,52,-61,305
25870.0,-18,1,326
25872.5,-26,-58,345
25875.0,37,-18,268
25877.5,45,6,300
25880.0,-41,16,358
25882.5,41,-32,313
25885.0,-68,-26,334
25887.5,22,13,286
25890.0,22,13,286
25892.5,-20,-16,285
25895.0,17,17,290
25897.5,59,32,305
25900.0,-2,6,319
25902.5,-19,6,335
25905.0,95,43,292
25907.5,-30,-26,343
25910.0,40,28,232
25912.5,32,-36,277
25915.0,77,36,320
25917.5,34,2,307
25920.0,3,-31,328
25922.5,52,4,326
25925.0,2,-22,275
25927.5,18,-30,351
25930.0,88,42,249
25932.5,7,-22,267
25935.0,-18,-16,322
25937.5,-18,-16,322
25940.0,13,-31,258
25942.5,10,64,284
25945.0,4,-26,355
25947.5,-62,-7,245
25950.0,-7,-1,329
25952.5,-24,6,221
25955.0,-2,-38,280
25957.5,9,-3,340
25960.0,34,16,297
25962.5,18,-20,323
25965.0,37,-7,293
25967.5,39,21,254
25970.0,-24,-10,317
25972.5,2,-14,294
25975.0,-31,-11,316
25977.5,29,-10,380
25980.0,28,-32,320
25982.5,31,9,358
25985.0,35,37,293
25987.5,35,37,293
25990.0,-46,-16,214
25992.5,16,0,317
25995.0,26,1,298
25997.5,-26,-34,317
26000.0,18,-41,374
26002.5,38,47,254
26005.0,-63,-28,341
26007.5,24,3,221
26010.0,-57,-42,278
26012.5,-83,-30,281
26015.0,34,-8,313
26017.5,-34,10,291
26020.0,-9,-3,351
26022.5,64,-17,308
26025.0,30,-18,341
26027.5,11,22,239
26030.0,82,14,276
26032.5,3,-23,354
26035.0,47,8,337
26037.5,47,8,337
26040.0,-1,-8,303
26042.5,36,-18,327
26045.0,-65,-50,260
26047.5,-12,1,363
26050.0,-53,-48,247
26052.5,28,-13,297
26055.0,-24,13,325
26057.5,31,-12,290
26060.0,28,-1,363
26062.5,21,11,333
26065.0,59,-20,291
26067.5,-11,-17,320
26070.0,-12,-30,270
26072.5,34,-13,286
26075.0,-13,-9,366
26077.5,28,-6,320
26080.0,-55,-55,328
26082.5,-6,-24,303
26085.0,11,0,242
26087.5,11,0,242
26090.0,17,15,296
26092.5,6,13,305
26095.0,-43,-46,340
26097.5,-109,-17,348
26100.0,6,17,292
26102.5,-10,-8,381
26105.0,22,38,247
26107.5,-66,-36,262
26110.0,-31,12,254
26112.5,-58,27,316
26115.0,-59,-26,298
26117.5,-20,-35,356
26120.0,-9,-5,284
26122.5,-112,-4,324
26125.0,24,10,223
26127.5,74,-8,337
26130.0,14,3,334
26132.5,81,38,292
26135.0,-13,5,321
26137.5,-13,5,321
26140.0,23,17,331
26142.5,29,-20,280
26145.0,-26,-34,320
26147.5,-7,2,244
26150.0,-42,6,265
26152.5,-5,12,333
26155.0,42,-4,297
26157.5,31,-46,334
26160.0,13,-34,300
26162.5,-27,-19,259
26165.0,2,2,346
26167.5,24,-14,269
26170.0,4,-9,302
26172.5,-18,-49,366
26175.0,5,-10,309
26177.5,14,4,328
26180.0,-15,-20,320
26182.5,33,3,240
26185.0,53,23,299
26187.5,53,23,299
26190.0,0,-27,296
26192.5,-3,-9,306
26195.0,-63,-13,318
26197.5,41,3,299
26200.0,53,3,350
26202.5,-22,-52,234
26205.0,6,8,292
26207.5,4,-13,298
26210.0,-35,-13,314
26212.5,31,-37,312
26215.0,11,-3,356
26217.5,52,-31,305
26220.0,-8,-17,360
26222.5,48,-3,284
26225.0,-22,0,258
26227.5,26,-6,325
26230.0,31,-7,291
26232.5,-49,2,276
26235.0,-7,-40,346
26237.5,-7,-40,346
26240.0,-25,-26,278
26242.5,27,-23,368
26245.0,14,5,254
26247.5,3,-3,293
26250.0,48,-17,367
26252.5,22,1,305
26255.0,9,-12,351
26257.5,47,16,300
26260.0,-10,-14,279
26262.5,-40,-24,309
26265.0,-43,-32,264
26267.5,32,1,310
26270.0,10,-12,356
26272.5,-29,-27,310
26275.0,14,-24,389
26277.5,-14,-17,296
26280.0,141,67,282
26282.5,-7,-19,315
26285.0,4,1,269
26287.5,4,1,269
26290.0,-53,-50,303
26292.5,-57,-29,333
26295.0,22,4,308
26297.5,-29,-34,378
26300.0,47,8,231
26302.5,30,-12,243
26305.0,-78,-41,284
26307.5,46,4,301
26310.0,11,-18,292
26312.5,68,-24,371
26315.0,46,-21,320
26317.5,19,-29,348
26320.0,18,4,251
26322.5,97,24,291
26325.0,-28,-27,338
26327.5,-10,-31,338
26330.0,31,-30,348
26332.5,17,0,311
26335.0,12,-4,256
26337.5,12,-4,256
26340.0,-29,-22,338
26342.5,28,12,268
26345.0,-6,-4,283
26347.5,-25,13,300
26350.0,21,-1,282
26352.5,8,-8,302
26355.0,-2,-28,290
26357.5,-44,-16,232
26360.0,50,-15,321
26362.5,4,-21,308
26365.0,-19,-55,307
26367.5,40,6,362
26370.0,78,-50,324
26372.5,-54,-50,312
26375.0,8,-3,291
26377.5,45,7,284
26380.0,-51,-31,290
26382.5,4,29,275
26385.0,33,-2,302
26387.5,33,-2,302
26390.0,-39,-9,335
26392.5,62,24,273
26395.0,-46,-24,379
26397.5,67,27,224
26400.0,96,35,255
26402.5,-10,-28,283
26405.0,0,-14,283
26407.5,3,0,314
26410.0,7,5,338
26412.5,51,-51,313
26415.0,-13,-26,322
26417.5,-8,-33,258
26420.0,-38,-28,269
26422.5,64,8,321
26425.0,40,5,332
26427.5,-11,-61,362
26430.0,-58,-10,366
26432.5,-65,-21,269
26435.0,-97,-81,338
26437.5,-97,-81,338
26440.0,23,24,249
26442.5,-19,42,273
26445.0,-26,-31,351
26447.5,-5,1,309
26450.0,8,31,324
26452.5,72,12,346
26455.0,-67,-33,248
26457.5,-71,-52,335
26460.0,-75,-55,237
26462.5,-58,-19,308
26465.0,14,9,352
26467.5,37,-61,322
26470.0,-32,-16,345
26472.5,-32,-26,282
26475.0,56,5,226
26477.5,-26,-22,321
26480.0,80,19,303
26482.5,8,-31,302
26485.0,20,-18,362
26487.5,20,-18,362
26490.0,7,-26,331
26492.5,-75,-53,341
26495.0,34,20,252
26497.5,-2,18,211
26500.0,-11,-39,307
26502.5,33,-1,318
26505.0,-18,-34,283
26507.5,60,-12,355
26510.0,2,-59,292
26512.5,-3,-20,319
26515.0,21,0,235
26517.5,44,14,247
26520.0,-6,-2,307
26522.5,7,-11,311
26525.0,48,-2,298
26527.5,-33,-14,346
26530.0,30,-16,278
26532.5,-74,-66,325
26535.0,-74,-66,325
26537.5,66,29,265
26540.0,-23,-47,274
26542.5,18,3,302
26545.0,29,-12,302
26547.5,50,-12,323
26550.0,48,-35,350
26552.5,112,3,261
26555.0,115,-18,347
26557.5,27,-22,256
26560.0,-46,-5,307
26562.5,3,-7,362
26565.0,-29,-19,334
26567.5,-15,9,339
26570.0,57,5,311
26572.5,7,-5,246
26575.0,-59,-11,306
26577.5,42,26,277
26580.0,10,-2,318
26582.5,16,-25,345
26585.0,16,-25,345
26587.5,14,-32,312
26590.0,1,-33,364
26592.5,-29,-41,278
26595.0,20,10,234
26597.5,31,3,322
26600.0,29,-19,308
26602.5,-24,-33,323
26605.0,3,-56,348
26607.5,65,-18,331
26610.0,-36,-39,348
26612.5,-28,-34,234
26615.0,49,-15,273
26617.5,-8,-28,304
26620.0,-4,-11,305
26622.5,22,3,294
26625.0,6,4,337
26627.5,-105,-48,265
26630.0,-12,3,336
26632.5,63,4,262
26635.0,63,4,262
26637.5,2,-16,271
26640.0,-14,-30,271
26642.5,35,38,234
26645.0,-2,-3,282
26647.5,-14,-29,330
26650.0,114,44,270
26652.5,21,-15,346
26655.0,86,-5,235
26657.5,-1,-8,276
26660.0,9,-19,317
26662.5,25,2,286
26665.0,10,-31,345
26667.5,41,7,301
26670.0,-20,-52,236
26672.5,-46,-52,309
26675.0,13,16,245
26677.5,33,-16,307
26680.0,25,-16,369
26682.5,34,4,339
26685.0,34,4,339
26687.5,-26,-73,335
26690.0,56,23,260
26692.5,11,-2,263
26695.0,-54,-18,304
26697.5,23,33,282
26700.0,-87,-65,341
26702.5,-11,-3,366
26705.0,1,-31,279
26707.5,45,-10,345
26710.0,-28,-15,236
26712.5,80,-6,279
26715.0,-6,-26,309
26717.5,18,-33,293
26720.0,22,-1,313
26722.5,56,-9,351
26725.0,9,-4,327
26727.5,-67,-57,381
26730.0,42,13,297
26732.5,55,3,301
26735.0,55,3,301
26737.5,20,-9,295
26740.0,32,3,317
26742.5,-44,-37,308
26745.0,9,-3,362
26747.5,2,-12,267
26750.0,23,25,352
26752.5,21,-14,278
26755.0,-29,-10,264
26757.5,-20,-12,314
26760.0,-4,-6,266
26762.5,14,3,356
26765.0,41,-3,324
26767.5,0,4,246
26770.0,-20,-25,345
26772.5,62,-15,285
26775.0,-43,-19,274
26777.5,0,-15,355
26780.0,12,-7,268
26782.5,-53,-28,339
26785.0,-53,-28,339
26787.5,27,-3,295
26790.0,-54,-56,219
26792.5,1,-10,314
26795.0,27,-20,275
26797.5,-11,11,305
26800.0,-86,-77,348
26802.5,-79,-42,303
26805.0,-64,-5,340
26807.5,50,2,293
26810.0,27,-10,236
26812.5,20,14,297
26815.0,36,19,304
26817.5,-121,23,301
26820.0,-48,5,326
26822.5,45,-7,236
26825.0,-53,-62,344
26827.5,-8,-21,252
26830.0,24,25,230
26832.5,-9,-28,307
26835.0,-9,-28,307
26837.5,62,27,260
26840.0,36,27,300
26842.5,35,-41,343
26845.0,-3,13,284
26847.5,-12,-40,366
26850.0,73,9,265
26852.5,-26,-13,245
26855.0,36,8,315
26857.5,44,-7,280
26860.0,-4,-20,346
26862.5,-24,-26,323
26865.0,-41,-48,284
26867.5,-13,27,326
26870.0,41,-22,260
26872.5,-23,9,252
26875.0,47,-58,331
26877.5,-61,-24,257
26880.0,7,-61,338
26882.5,-50,-37,323
26885.0,-50,-37,323
26887.5,6,-11,296
26890.0,-84,-43,340
26892.5,24,15,275
26895.0,-10,-18,327
26897.5,1,-4,360
26900.0,14,-10,313
26902.5,-16,-33,344
26905.0,73,-17,347
26907.5,-26,18,266
26910.0,-20,-59,347
26912.5,37,10,237
26915.0,-45,8,300
26917.5,54,-8,346
26920.0,43,34,308
26922.5,29,13,360
26925.0,4,29,300
26927.5,11,-59,245
26930.0,-18,-18,294
26932.5,-9,16,265
26935.0,-9,16,265
26937.5,21,44,249
26940.0,-16,-4,331
26942.5,60,2,332
26945.0,10,1,336
26947.5,22,1,322
26950.0,-10,-19,218
26952.5,-24,-11,308
26955.0,46,42,283
26957.5,35,9,296
26960.0,-60,1,285
26962.5,31,23,247
26965.0,-50,-6,352
26967.5,46,-2,253
26970.0,-72,-9,250
26972.5,-14,-19,302
26975.0,7,-2,291
26977.5,7,73,322
26980.0,58,-31,386
26982.5,68,-15,349
26985.0,68,-15,349
26987.5,4,-4,388
26990.0,45,-6,260
26992.5,-78,-8,232
26995.0,12,13,295
26997.5,25,17,301
27000.0,-1,-35,326
27002.5,31,-20,341
27005.0,58,3,258
27007.5,-42,-13,322
27010.0,108,31,260
27012.5,9,-19,279
27015.0,-7,-19,312
27017.5,14,-1,282
27020.0,-4,-3,308
27022.5,46,-12,322
27025.0,-83,-17,260
27027.5,-41,-4,312
27030.0,41,32,260
27032.5,18,-12,298
27035.0,18,-12,298
27037.5,-21,-39,316
27040.0,41,-30,286
27042.5,-14,1,295
27045.0,-3,-32,326
27047.5,4,-21,231
27050.0,-32,-14,352
27052.5,46,4,217
27055.0,-69,1,283
27057.5,22,-12,368
27060.0,80,20,290
27062.5,84,-12,342
27065.0,51,-5,275
27067.5,46,20,271
27070.0,12,3,319
27072.5,-21,14,274
27075.0,1,-6,294
27077.5,27,18,335
27080.0,29,2,305
27082.5,-27,-11,345
27085.0,-27,-11,345
27087.5,30,14,258
27090.0,-23,19,207
27092.5,-19,-58,314
27095.0,25,8,283
27097.5,18,-9,293
27100.0,-73,2,345
27102.5,-2,-8,318
27105.0,-28,-28,363
27107.5,12,-10,253
27110.0,-58,-19,254
27112.5,24,9,320
27115.0,22,18,280
27117.5,34,-18,328
27120.0,42,-33,385
27122.5,-22,-8,285
27125.0,16,-18,391
27127.5,93,21,253
27130.0,-27,30,250
27132.5,27,-9,280
27135.0,27,-9,280
27137.5,49,9,295
27140.0,2,-14,315
27142.5,106,26,313
27145.0,65,-12,228
27147.5,-25,-21,326
27150.0,-12,-16,258
27152.5,-18,-24,288
27155.0,1,8,338
27157.5,58,-12,293
27160.0,-2,3,310
27162.5,-16,-15,294
27165.0,12,-1,222
27167.5,-9,-25,324
27170.0,77,20,261
27172.5,-40,-39,311
27175.0,31,14,352
27177.5,38,8,308
27180.0,14,-9,325
27182.5,14,-9,325
27185.0,42,-10,290
27187.5,111,27,236
27190.0,-91,-28,288
27192.5,-28,-3,268
27195.0,11,-4,302
27197.5,-32,8,350
27200.0,40,20,283
27202.5,-22,-10,308
27205.0,23,1,274
27207.5,-33,39,272
27210.0,-65,-47,305
27212.5,44,9,299
27215.0,88,19,300
27217.5,-21,-39,362
27220.0,-35,1,292
27222.5,-41,-16,330
27225.0,40,23,246
27227.5,-44,-47,269
27230.0,11,3,313
27232.5,11,3,313
27235.0,-11,4,292
27237.5,-61,-12,281
27240.0,-11,-18,361
27242.5,28,18,322
27245.0,-72,-56,339
27247.5,46,20,235
27250.0,-23,6,284
27252.5,-25,-28,306
27255.0,13,5,319
27257.5,-22,-61,324
27260.0,49,0,375
27262.5,-25,-29,261
27265.0,-4,-45,350
27267.5,50,-23,230
27270.0,17,-20,285
27272.5,-8,1,318
27275.0,7,10,318
27277.5,-51,14,304
27280.0,-19,-27,307
27282.5,-19,-27,307
27285.0,28,12,265
27287.5,-69,-37,315
27290.0,44,19,280
27292.5,-40,-2,275
27295.0,24,-3,346
27297.5,64,19,294
27300.0,-32,-68,318
27302.5,9,-18,293
27305.0,76,-1,259
27307.5,25,1,336
27310.0,24,-2,267
27312.5,32,-18,293
27315.0,13,-11,370
27317.5,-30,-72,328
27320.0,-62,-42,341
27322.5,45,16,293
27325.0,32,5,263
27327.5,13,-15,277
27330.0,5,-30,268
27332.5,5,-30,268
27335.0,11,39,270
27337.5,-5,-19,351
27340.0,15,-11,322
27342.5,12,-29,341
27345.0,21,1,256
27347.5,-16,-17,221
27350.0,-50,-41,285
27352.5,29,14,277
27355.0,-79,29,270
27357.5,-8,-40,366
27360.0,26,8,311
27362.5,-28,-29,359
27365.0,60,-3,236
27367.5,77,42,252
27370.0,-39,-22,268
27372.5,-5,4,324
27375.0,-31,-14,320
27377.5,46,3,356
27380.0,91,1,270
27382.5,91,1,270
27385.0,-88,-62,301
27387.5,36,5,237
27390.0,11,-2,249
27392.5,-48,-5,303
27395.0,1,-39,366
27397.5,19,5,347
27400.0,14,16,336
27402.5,77,21,248
27405.0,-84,-23,316
27407.5,-10,2,233
27410.0,-25,-12,320
27412.5,36,-25,363
27415.0,37,3,287
27417.5,7,-54,294
27420.0,30,-29,287
27422.5,15,25,232
27425.0,23,-27,318
27427.5,10,-8,256
27430.0,-28,-2,271
27432.5,-28,-2,271
27435.0,-37,-18,376
27437.5,-11,25,283
27440.0,1,8,317
27442.5,74,22,297
27445.0,-19,-9,254
27447.5,14,0,310
27450.0,29,7,272
27452.5,20,22,279
27455.0,-94,-45,343
27457.5,6,-3,312
27460.0,-36,-34,391
27462.5,-32,-37,242
27465.0,-14,17,281
27467.5,-22,-11,310
27470.0,15,-1,251
27472.5,-1,-49,308
27475.0,9,-34,354
27477.5,37,15,318
27480.0,60,22,344
27482.5,60,22,344
27485.0,8,41,237
27487.5,44,-9,279
27490.0,-35,-33,342
27492.5,2,-22,294
27495.0,-28,-46,303
27497.5,30,-14,348
27500.0,-4,0,276
27502.5,-45,-34,330
27505.0,28,-22,218
27507.5,57,2,329
27510.0,1,-18,348
27512.5,40,2,300
27515.0,20,20,317
27517.5,12,-20,307
27520.0,44,17,237
27522.5,53,28,318
27525.0,42,20,254
27527.5,-100,-14,281
27530.0,29,4,338
27532.5,29,4,338
27535.0,35,-20,306
27537.5,-31,15,315
27540.0,6,5,298
27542.5,88,-16,274
27545.0,6,-1,319
27547.5,49,-33,278
27550.0,33,19,291
27552.5,-23,-23,356
27555.0,50,28,304
27557.5,-35,-19,331
27560.0,45,-3,286
27562.5,53,-7,234
27565.0,-1,-29,316
27567.5,18,-11,322
27570.0,-30,-2,281
27572.5,-6,-15,337
27575.0,8,21,318
27577.5,28,-12,326
27580.0,-4,-38,255
27582.5,-4,-38,255
27585.0,89,-77,279
27587.5,115,22,313
27590.0,-7,-2,269
27592.5,-38,-12,293
27595.0,13,-62,351
27597.5,53,-22,301
27600.0,-38,-40,325
27602.5,3,40,246
27605.0,-5,6,202
27607.5,64,20,296
27610.0,31,-34,294
27612.5,-13,-52,338
27615.0,2,28,336
27617.5,-28,-15,259
27620.0,5,-24,408
27622.5,26,18,253
27625.0,21,-1,284
27627.5,16,-22,333
27630.0,-4,25,277
27632.5,-4,25,277
27635.0,3,-7,345
27637.5,15,-27,326
27640.0,141,25,243
27642.5,8,-24,318
27645.0,15,-9,291
27647.5,-18,-21,301
27650.0,-16,5,329
27652.5,49,4,329
27655.0,12,-3,349
27657.5,-4,-2,331
27660.0,40,27,217
27662.5,-51,-19,315
27665.0,12,2,274
27667.5,32,-11,325
27670.0,-10,-11,336
27672.5,-9,-12,301
27675.0,-62,-25,360
27677.5,3,-37,290
27680.0,-39,-24,300
27682.5,-39,-24,300
27685.0,28,-4,295
27687.5,-9,-40,321
27690.0,-27,-32,331
27692.5,17,-26,353
27695.0,66,36,296
27697.5,-14,-12,336
27700.0,33,15,247
27702.5,-24,20,242
27705.0,-3,24,283
27707.5,22,16,287
27710.0,-23,-21,313
27712.5,63,12,311
27715.0,8,5,250
27717.5,16,-14,333
27720.0,52,3,265
27722.5,50,20,321
27725.0,15,-26,350
27727.5,-23,-20,310
27730.0,-27,-11,330
27732.5,-27,-11,330
27735.0,10,9,299
27737.5,-42,-29,284
27740.0,11,5,333
27742.5,93,34,265
27745.0,22,-31,270
27747.5,9,-37,348
27750.0,42,-3,303
27752.5,-54,-14,327
27755.0,-9,-14,266
27757.5,57,-1,275
27760.0,-7,-27,304
27762.5,-28,-19,284
27765.0,-11,4,297
27767.5,-13,32,355
27770.0,-35,-51,305
27772.5,-40,-25,327
27775.0,50,-5,236
27777.5,49,-9,301
27780.0,-60,-38,302
27782.5,-60,-38,302
27785.0,-4,-10,285
27787.5,32,-5,335
27790.0,-43,-24,361
27792.5,55,58,269
27795.0,7,14,308
27797.5,31,13,265
27800.0,-67,-4,247
27802.5,15,-4,285
27805.0,27,15,288
27807.5,-33,-38,243
27810.0,71,-19,369
27812.5,66,11,303
27815.0,54,19,340
27817.5,9,-28,201
27820.0,-11,18,263
27822.5,-1,-13,329
27825.0,54,-2,304
27827.5,-15,-35,326
27830.0,41,-7,344
27832.5,41,-7,344
27835.0,-56,-30,268
27837.5,-64,-18,332
27840.0,31,12,278
27842.5,-11,12,279
27845.0,-8,-7,366
27847.5,-41,30,317
27850.0,-42,-28,334
27852.5,-12,-11,309
27855.0,-12,-37,235
27857.5,17,-1,327
27860.0,12,8,264
27862.5,-59,-60,310
27865.0,17,6,370
27867.5,-5,-22,303
27870.0,-28,0,323
27872.5,35,7,270
27875.0,-40,37,236
27877.5,41,-12,281
27880.0,33,32,278
27882.5,33,32,278
27885.0,-9,-11,327
27887.5,70,-23,358
27890.0,81,-4,286
27892.5,-41,-11,334
27895.0,11,-48,285
27897.5,-19,-4,286
27900.0,14,-25,333
27902.5,-4,-40,305
27905.0,58,36,281
27907.5,14,6,366
27910.0,-32,-15,291
27912.5,-36,-38,350
27915.0,36,-16,252
27917.5,73,-1,253
27920.0,45,-26,278
27922.5,-4,-12,343
27925.0,-10,-25,316
27927.5,5,11,326
27930.0,114,-6,313
27932.5,114,-6,313
27935.0,-10,-22,355
27937.5,30,11,229
27940.0,16,-32,312
27942.5,9,10,356
27945.0,3,-35,341
27947.5,-3,-33,347
27950.0,9,-10,303
27952.5,-27,-21,255
27955.0,-32,-7,312
27957.5,42,19,226
27960.0,5,-24,272
27962.5,-30,-36,357
27965.0,64,3,314
27967.5,-39,-10,351
27970.0,4,36,237
27972.5,-65,6,279
27975.0,-30,9,320
27977.5,-8,27,271
27980.0,-20,-34,304
27982.5,-20,-34,304
27985.0,6,-10,348
27987.5,-52,12,284
27990.0,-17,-14,328
27992.5,-6,-32,281
27995.0,45,22,235
27997.5,-13,-14,276
28000.0,60,8,297
28002.5,-15,-12,322
28005.0,-7,4,335
28007.5,-60,-9,310
28010.0,-51,-69,347
28012.5,43,10,243
28015.0,9,14,230
28017.5,-13,-30,301
28020.0,31,18,303
28022.5,-24,20,310
28025.0,0,11,362
28027.5,45,12,317
28030.0,47,8,377
28032.5,47,8,377
28035.0,-1,-37,261
28037.5,-57,-27,230
28040.0,42,37,280
28042.5,-4,7,297
28045.0,-13,-20,336
28047.5,-59,-39,325
28050.0,157,44,275
28052.5,9,-1,338
28055.0,3,5,241
28057.5,-59,14,266
28060.0,-50,20,293
28062.5,165,15,355
28065.0,8,4,347
28067.5,15,13,273
28070.0,23,-56,286
28072.5,-46,-37,318
28075.0,1,-13,268
28077.5,31,8,306
28080.0,31,8,306
28082.5,-21,-37,369
28085.0,2,-38,328
28087.5,-75,-52,346
28090.0,33,-12,304
28092.5,26,-29,205
28095.0,-43,-8,282
28097.5,126,48,285
28100.0,28,-19,309
28102.5,58,11,347
28105.0,11,-11,340
28107.5,55,-36,355
28110.0,2,-49,252
28112.5,-18,-2,248
28115.0,-2,-25,294
28117.5,14,-28,310
28120.0,63,33,318
28122.5,73,-2,371
28125.0,59,9,314
28127.5,-7,6,374
28130.0,-7,6,374
28132.5,69,-5,265
28135.0,14,33,298
28137.5,-16,-28,309
28140.0,71,0,304
28142.5,35,21,310
28145.0,-21,9,315
28147.5,82,-19,301
28150.0,22,-13,322
28152.5,-27,-11,232
28155.0,27,-9,299
28157.5,-44,-17,342
28160.0,-57,8,295
28162.5,-73,-41,338
28165.0,31,0,332
28167.5,80,6,264
28170.0,15,-25,365
28172.5,2,6,274
28175.0,-6,7,297
28177.5,37,-28,361
28180.0,37,-28,361
28182.5,-3,-11,297
28185.0,-73,-58,347
28187.5,53,32,315
28190.0,14,-2,271
28192.5,14,-1,309
28195.0,20,-29,304
28197.5,21,-47,308
28200.0,-15,52,372
28202.5,-45,-5,312
28205.0,-71,-27,391
28207.5,-5,-10,274
28210.0,80,1,244
28212.5,101,33,314
28215.0,10,10,315
28217.5,-37,-29,328
28220.0,-23,-66,321
28222.5,22,9,277
28225.0,8,12,350
28227.5,10,-19,247
28230.0,10,-19,247
28232.5,-63,-17,261
28235.0,-17,-11,327
28237.5,59,1,301
28240.0,16,-2,324
28242.5,19,7,331
28245.0,-38,-37,263
28247.5,-24,-35,308
28250.0,1,5,247
28252.5,39,20,286
28255.0,-32,-21,338
28257.5,-3,16,293
28260.0,35,13,324
28262.5,-28,-22,338
28265.0,-11,-20,258
28267.5,-2,-10,320
28270.0,44,6,266
28272.5,2,16,297
28275.0,8,-18,346
28277.5,-22,10,276
28280.0,-22,10,276
28282.5,2,-26,348
28285.0,51,1,297
28287.5,35,-21,284
28290.0,53,17,294
28292.5,-46,-65,303
28295.0,25,15,300
28297.5,-32,-24,331
28300.0,32,-29,324
28302.5,8,-1,330
28305.0,77,12,248
28307.5,22,-39,219
28310.0,25,40,286
28312.5,-6,-5,294
28315.0,-15,21,298
28317.5,6,-24,366
28320.0,26,-1,321
28322.5,-37,-11,329
28325.0,13,-11,249
28327.5,124,0,340
28330.0,124,0,340
28332.5,-33,-99,317
28335.0,47,38,311
28337.5,40,-1,329
28340.0,61,20,331
28342.5,98,28,279
28345.0,-57,-39,297
28347.5,-44,-2,226
28350.0,89,-33,298
28352.5,-9,0,295
28355.0,15,-20,292
28357.5,-4,-19,335
28360.0,52,-31,340
28362.5,25,-26,261
28365.0,26,-33,338
28367.5,76,27,276
28370.0,13,-1,288
28372.5,-34,-24,353
28375.0,73,-36,319
28377.5,3,-9,343
28380.0,3,-9,343
28382.5,9,24,283
28385.0,13,16,268
28387.5,-28,3,293
28390.0,-13,-8,310
28392.5,-26,-1,321
28395.0,-5,15,367
28397.5,-42,-52,285
28400.0,0,-21,377
28402.5,14,6,243
28405.0,-3,24,262
28407.5,29,-10,330
28410.0,-1,-8,275
28412.5,-25,-40,323
28415.0,17,-9,329
28417.5,-48,-48,243
28420.0,21,10,356
28422.5,82,15,251
28425.0,-33,-30,289
28427.5,-2,9,321
28430.0,-2,9,321
28432.5,33,-3,310
28435.0,10,12,323
28437.5,64,-35,319
28440.0,24,1,264
28442.5,-10,-5,309
28445.0,16,11,276
28447.5,-68,-6,307
28450.0,2,30,308
28452.5,-30,-33,304
28455.0,-26,-55,365
28457.5,52,-18,345
28460.0,126,-7,271
28462.5,-8,-5,311
28465.0,92,-28,297
28467.5,61,-3,320
28470.0,12,-17,353
28472.5,97,26,336
28475.0,14,7,351
28477.5,-14,-19,291
28480.0,-14,-19,291
28482.5,-69,-8,292
28485.0,29,-19,287
28487.5,32,21,308
28490.0,-110,-20,290
28492.5,29,-3,337
28495.0,-16,24,257
28497.5,-15,3,369
28500.0,20,23,230
28502.5,37,0,285
28505.0,7,-10,308
28507.5,-22,5,295
28510.0,-10,-25,305
28512.5,77,27,344
28515.0,48,-17,252
28517.5,-6,4,315
28520.0,-40,-11,212
28522.5,42,-10,299
28525.0,-20,5,295
28527.5,18,14,323
28530.0,18,14,323
28532.5,14,1,283
28535.0,20,-16,325
28537.5,56,18,229
28540.0,64,30,311
28542.5,20,-7,279
28545.0,-9,-16,317
28547.5,-6,-29,353
28550.0,32,28,296
28552.5,-45,-83,380
28555.0,13,-11,290
28557.5,-27,-32,243
28560.0,-4,-5,297
28562.5,1,3,272
28565.0,-22,-35,323
28567.5,-30,-72,379
28570.0,-5,9,316
28572.5,-15,-32,350
28575.0,26,31,252
28577.5,-45,-9,250
28580.0,-45,-9,250
28582.5,-45,-67,299
28585.0,-7,-18,266
28587.5,-14,-34,346
28590.0,57,3,325
28592.5,-113,-60,237
28595.0,-41,-41,313
28597.5,31,-32,246
28600.0,41,-29,309
28602.5,34,-1,337
28605.0,66,-9,318
28607.5,74,22,333
28610.0,18,-84,322
28612.5,38,12,283
28615.0,3,9,319
28617.5,24,36,267
28620.0,-7,20,276
28622.5,-13,-19,356
28625.0,-3,-32,312
28627.5,42,4,327
28630.0,42,4,327
28632.5,36,8,290
28635.0,-1,-39,251
28637.5,-55,-28,305
28640.0,-40,-21,265
28642.5,20,-33,302
28645.0,-38,35,350
28647.5,-37,-24,292
28650.0,16,-26,331
28652.5,56,28,253
28655.0,-2,-47,274
28657.5,44,-15,309
28660.0,15,-16,335
28662.5,38,32,283
28665.0,71,1,363
28667.5,56,14,321
28670.0,-8,-37,405
28672.5,-18,-29,237
28675.0,129,61,318
28677.5,-19,-33,313
28680.0,-19,-33,313
28682.5,28,3,290
28685.0,32,1,332
28687.5,-28,-12,343
28690.0,-14,11,276
28692.5,-48,-28,365
28695.0,31,-12,237
28697.5,16,5,281
28700.0,-38,21,311
28702.5,3,2,278
28705.0,92,12,326
28707.5,70,-6,294
28710.0,20,-8,232
28712.5,4,-14,303
28715.0,23,5,279
28717.5,2,11,303
28720.0,-27,-36,352
28722.5,30,4,316
28725.0,5,-37,390
28727.5,-18,-47,275
28730.0,-18,-47,275
28732.5,15,-46,254
28735.0,-13,-10,327
28737.5,69,-5,286
28740.0,-24,10,313
28742.5,-30,-12,315
28745.0,60,-12,321
28747.5,-52,-49,351
28750.0,30,3,261
28752.5,46,-7,317
28755.0,-22,-4,314
28757.5,53,11,290
28760.0,44,-29,331
28762.5,9,-35,360
28765.0,78,-10,323
28767.5,-13,10,329
28770.0,-6,-73,260
28772.5,5,-21,284
28775.0,-48,24,310
28777.5,-48,24,310
28780.0,26,-10,306
28782.5,25,-42,302
28785.0,56,-30,325
28787.5,52,0,280
28790.0,33,21,334
28792.5,42,-31,266
28795.0,-6,7,306
28797.5,-51,-13,324
28800.0,-1,-32,337
28802.5,-41,-26,344
28805.0,32,2,303
28807.5,3,-22,303
28810.0,-47,-16,300
28812.5,23,2,282
28815.0,2,-28,322
28817.5,-31,-13,328
28820.0,-110,2,298
28822.5,26,-40,360
28825.0,26,10,237
28827.5,26,10,237
28830.0,20,-19,245
28832.5,39,13,312
28835.0,34,7,286
28837.5,-15,1,299
28840.0,27,14,333
28842.5,26,6,275
28845.0,-24,-6,334
28847.5,68,15,253
28850.0,24,8,286
28852.5,-50,-19,340
28855.0,-40,-54,341
28857.5,8,-48,344
28860.0,43,-10,306
28862.5,22,-68,266
28865.0,50,37,295
28867.5,26,7,274
28870.0,14,-27,302
28872.5,-56,-27,334
28875.0,66,3,311
28877.5,66,3,311
28880.0,-17,-26,317
28882.5,15,-11,283
28885.0,7,-15,257
28887.5,43,3,313
28890.0,62,35,319
28892.5,3,-34,316
28895.0,36,-9,322
28897.5,45,-23,293
28900.0,-13,24,351
28902.5,34,11,231
28905.0,-50,-73,245
28907.5,3,23,280
28910.0,-16,-9,305
28912.5,-13,-16,336
28915.0,64,-1,382
28917.5,11,-44,318
28920.0,-33,16,303
28922.5,14,-6,276
28925.0,-43,-15,291
28927.5,-43,-15,291
28930.0,1,-33,351
28932.5,58,10,292
28935.0,11,45,330
28937.5,42,-16,330
28940.0,82,-13,276
28942.5,17,-6,307
28945.0,19,-24,217
28947.5,48,7,290
28950.0,11,-29,349
28952.5,48,-35,346
28955.0,8,-12,329
28957.5,19,1,294
28960.0,43,13,249
28962.5,-26,22,328
28965.0,-15,-11,268
28967.5,-10,16,288
28970.0,-16,-44,369
28972.5,-17,-2,292
28975.0,-6,-60,362
28977.5,-6,-60,362
28980.0,13,-19,283
28982.5,45,-69,292
28985.0,39,-3,307
28987.5,24,-2,289
28990.0,15,19,327
28992.5,13,-31,355
28995.0,25,-32,278
28997.5,-42,-1,349
29000.0,64,9,268
29002.5,-3,-23,282
29005.0,9,40,303
29007.5,8,0,300
29010.0,10,21,312
29012.5,28,27,323
29015.0,93,43,260
29017.5,-39,-21,301
29020.0,-2,-9,241
29022.5,-5,-2,286
29025.0,3,14,337
29027.5,3,14,337
29030.0,15,-4,285
29032.5,15,21,322
29035.0,42,-46,347
29037.5,56,5,271
29040.0,-10,-7,297
29042.5,64,0,279
29045.0,-12,-13,297
29047.5,8,-46,378
29050.0,2,-10,276
29052.5,-7,-4,368
29055.0,-19,-36,291
29057.5,94,19,299
29060.0,1,9,299
29062.5,28,13,309
29065.0,11,-31,332
29067.5,51,25,359
29070.0,50,22,280
29072.5,-26,-32,356
29075.0,38,25,237
29077.5,38,25,237
29080.0,163,17,268
29082.5,107,-8,290
29085.0,31,0,241
29087.5,117,-6,348
29090.0,42,27,322
29092.5,-9,-14,320
29095.0,-21,-49,379
29097.5,13,7,239
29100.0,26,8,251
29102.5,-27,-27,312
29105.0,70,29,300
29107.5,63,-35,330
29110.0,9,-32,323
29112.5,-6,-50,261
29115.0,-2,-24,332
29117.5,59,5,267
29120.0,18,-3,303
29122.5,-10,-14,358
29125.0,101,-8,305
29127.5,101,-8,305
29130.0,7,-38,347
29132.5,32,27,293
29135.0,39,44,248
29137.5,-40,-67,319
29140.0,-65,-38,283
29142.5,-25,50,301
29145.0,20,-30,404
29147.5,27,-21,340
29150.0,-7,-36,329
29152.5,30,-9,312
29155.0,76,14,255
29157.5,-10,-44,309
29160.0,45,12,274
29162.5,-63,-34,315
29165.0,2,-17,321
29167.5,49,6,313
29170.0,-40,-21,328
29172.5,38,2,295
29175.0,11,-34,310
29177.5,11,-34,310
29180.0,16,-20,297
29182.5,-60,-23,257
29185.0,-20,-16,284
29187.5,-40,-3,352
29190.0,13,18,279
29192.5,-15,-37,338
29195.0,-26,-16,248
29197.5,5,-31,294
29200.0,7,5,323
29202.5,17,4,303
29205.0,-5,-43,302
29207.5,39,10,313
29210.0,-45,-53,271
29212.5,-26,-6,332
29215.0,78,-86,283
29217.5,1,1,299
29220.0,16,-20,360
29222.5,98,50,278
29225.0,98,50,278
29227.5,19,1,351
29230.0,-24,-14,271
29232.5,69,-6,232
29235.0,4,6,315
29237.5,10,27,284
29240.0,16,9,337
29242.5,-42,22,342
29245.0,29,14,295
29247.5,-90,-29,349
29250.0,28,-7,256
29252.5,6,2,271
29255.0,-47,-35,292
29257.5,12,16,277
29260.0,27,-13,320
29262.5,47,-7,329
29265.0,52,-18,323
29267.5,15,14,348
29270.0,58,9,275
29272.5,-38,6,283
29275.0,-38,6,283
29277.5,26,-14,348
29280.0,17,-16,295
29282.5,23,-19,312
29285.0,36,-15,316
29287.5,-31,-40,263
29290.0,-64,-10,314
29292.5,60,8,259
29295.0,14,-8,281
29297.5,13,-24,339
29300.0,34,10,289
29302.5,-72,-40,341
29305.0,22,20,299
29307.5,-10,-29,259
29310.0,-31,-6,308
29312.5,-2,9,263
29315.0,-50,38,269
29317.5,85,52,337
29320.0,35,5,293
29322.5,110,-6,342
29325.0,110,-6,342
29327.5,-5,15,233
29330.0,-30,-15,293
29332.5,41,-13,325
29335.0,1,-6,290
29337.5,-57,-23,324
29340.0,3,-46,363
29342.5,27,11,275
29345.0,-60,-67,318
29347.5,47,-17,255
29350.0,42,-13,335
29352.5,13,-31,312
29355.0,106,39,282
29357.5,-34,-55,317
29360.0,45,-11,333
29362.5,16,-6,250
29365.0,-94,-48,317
29367.5,22,3,260
29370.0,26,31,282
29372.5,-28,-18,301
29375.0,-28,-18,301
29377.5,-33,-54,360
29380.0,-19,-19,335
29382.5,-14,-42,320
29385.0,20,-22,312
29387.5,-68,-19,304
29390.0,28,21,281
29392.5,-42,-49,271
29395.0,8,-51,418
29397.5,36,1,294
29400.0,46,2,372
29402.5,20,37,287
29405.0,-27,33,243
29407.5,39,28,314
29410.0,36,11,279
29412.5,-33,-3,304
29415.0,-42,-55,336
29417.5,-25,-9,311
29420.0,-13,0,328
29422.5,1,-42,239
29425.0,1,-42,239
29427.5,37,35,260
29430.0,-12,-1,284
29432.5,-5,-17,291
29435.0,28,30,321
29437.5,36,-45,365
29440.0,87,0,300
29442.5,77,-14,368
29445.0,8,-25,257
29447.5,-2,-35,278
29450.0,17,-42,336
29452.5,38,16,306
29455.0,-40,-50,301
29457.5,-49,-13,307
29460.0,23,-27,254
29462.5,-20,4,325
29465.0,23,-2,251
29467.5,-12,-5,290
29470.0,40,-20,338
29472.5,34,12,309
29475.0,34,12,309
29477.5,-1,-61,345
29480.0,31,19,276
29482.5,0,-16,251
29485.0,17,9,302
29487.5,-8,-14,300
29490.0,-8,-17,306
29492.5,-41,-51,360
29495.0,4,29,275
29497.5,21,-8,324
29500.0,48,0,274
29502.5,125,-15,318
29505.0,69,4,322
29507.5,22,-11,298
29510.0,17,4,306
29512.5,26,-37,365
29515.0,54,-2,322
29517.5,-42,-40,344
29520.0,-19,-47,255
29522.5,38,38,263
29525.0,38,38,263
29527.5,-20,-17,296
29530.0,-25,-9,327
29532.5,38,6,306
29535.0,19,-8,332
29537.5,-11,-45,284
29540.0,-61,-41,295
29542.5,13,-21,265
29545.0,15,22,259
29547.5,-55,-41,340
29550.0,-32,-13,293
29552.5,-28,-30,298
29555.0,-20,-21,300
29557.5,-27,-10,284
29560.0,12,-24,352
29562.5,32,-2,280
29565.0,3,-12,282
29567.5,-10,-20,361
29570.0,28,-17,319
29572.5,57,-5,354
29575.0,57,-5,354
29577.5,55,1,279
29580.0,1,-4,220
29582.5,-11,11,319
29585.0,-8,-4,305
29587.5,8,0,292
29590.0,-61,-34,362
29592.5,15,11,279
29595.0,-28,-24,366
29597.5,32,19,247
29600.0,116,-35,271
29602.5,28,-7,320
29605.0,13,13,296
29607.5,-88,-10,310
29610.0,11,-8,347
29612.5,53,11,260
29615.0,-18,-27,330
29617.5,56,8,242
29620.0,3,76,312
29622.5,13,-4,326
29625.0,13,-4,326
29627.5,21,-11,303
29630.0,-29,-8,322
29632.5,55,-72,304
29635.0,61,15,239
29637.5,-1,-7,321
29640.0,39,44,251
29642.5,-3,-21,278
29645.0,-2,4,336
29647.5,30,12,321
29650.0,-3,-18,350
29652.5,65,30,310
29655.0,-21,1,291
29657.5,-63,-24,299
29660.0,-10,-14,241
29662.5,33,4,257
29665.0,-18,12,367
29667.5,30,-39,316
29670.0,69,16,358
29672.5,10,-31,316
29675.0,10,-31,316
29677.5,-7,-10,300
29680.0,22,-24,321
29682.5,48,13,298
29685.0,29,-13,259
29687.5,-30,-26,323
29690.0,142,39,212
29692.5,1,0,357
29695.0,88,26,237
29697.5,-69,-28,268
29700.0,0,4,335
29702.5,30,33,361
29705.0,-8,23,301
29707.5,55,9,364
29710.0,86,18,248
29712.5,-39,-42,309
29715.0,-47,-25,278
29717.5,15,-28,323
29720.0,-41,-15,302
29722.5,-41,-15,302
29725.0,-53,-15,292
29727.5,38,-11,350
29730.0,112,0,291
29732.5,15,-12,224
29735.0,-64,-12,282
29737.5,8,-42,263
29740.0,37,-11,313
29742.5,1,-15,343
29745.0,23,-18,357
29747.5,-10,-27,368
29750.0,16,-10,292
29752.5,127,83,278
29755.0,35,4,308
29757.5,20,-2,280
29760.0,-7,7,297
29762.5,60,-1,354
29765.0,-8,-5,318
29767.5,-29,-83,366
29770.0,48,-10,239
29772.5,48,-10,239
29775.0,10,33,258
29777.5,33,-20,293
29780.0,25,10,280
29782.5,40,-55,336
29785.0,73,22,339
29787.5,-31,-38,267
29790.0,3,-13,356
29792.5,-11,-37,235
29795.0,-46,-6,256
29797.5,14,9,285
29800.0,23,6,285
29802.5,93,-5,321
29805.0,30,-55,334
29807.5,47,38,258
29810.0,-23,0,334
29812.5,18,-15,271
29815.0,-2,20,257
29817.5,14,-32,347
29820.0,14,-10,277
29822.5,14,-10,277
29825.0,-48,-47,357
29827.5,20,-6,277
29830.0,41,-24,257
29832.5,2,-9,323
29835.0,56,39,282
29837.5,-57,-29,324
29840.0,-63,6,335
29842.5,-17,-52,285
29845.0,-11,-9,324
29847.5,9,-15,245
29850.0,121,-31,288
29852.5,14,-49,320
29855.0,45,3,307
29857.5,33,2,322
29860.0,53,-30,349
29862.5,1,-19,277
29865.0,14,-30,350
29867.5,89,-20,266
29870.0,-57,-48,268
29872.5,-57,-48,268
29875.0,54,23,340
29877.5,64,-19,315
29880.0,61,-14,320
29882.5,24,23,301
29885.0,5,-7,246
29887.5,-59,-58,300
29890.0,37,31,222
29892.5,69,25,283
29895.0,5,-16,306
29897.5,61,12,290
29900.0,122,39,292
29902.5,54,17,305
29905.0,23,-3,240
29907.5,-5,-35,326
29910.0,74,8,265
29912.5,-73,-39,304
29915.0,33,37,366
29917.5,49,-45,310
29920.0,-48,-58,325
29922.5,-48,-58,325
29925.0,14,6,296
29927.5,63,-29,295
29930.0,7,0,296
29932.5,28,-22,295
29935.0,-20,-14,304
29937.5,-12,-21,335
29940.0,31,11,277
29942.5,28,-31,373
29945.0,102,24,231
29947.5,20,-12,305
29950.0,7,-11,325
29952.5,40,8,303
29955.0,-36,-29,330
29957.5,23,23,338
29960.0,17,4,258
29962.5,38,1,329
29965.0,-38,-11,239
29967.5,29,10,283
29970.0,58,-7,345
29972.5,58,-7,345
29975.0,46,37,283
29977.5,-9,20,302
29980.0,62,-5,307
29982.5,60,18,262
29985.0,27,9,343
29987.5,62,9,262
29990.0,-16,5,286
29992.5,35,-19,373
29995.0,64,-16,348
29997.5,-51,-27,350
30000.0,28,8,289
30002.5,-5,1,238
30005.0,-1,-17,301
30007.5,61,1,341
30010.0,-16,20,288
30012.5,-65,18,361
30015.0,-85,-55,291
30017.5,-9,-3,358
30020.0,-24,-65,285
30022.5,-24,-65,285
30025.0,19,-32,279
30027.5,62,27,273
30030.0,19,7,271
30032.5,-19,-39,309
30035.0,50,-48,392
30037.5,42,19,216
30040.0,-44,-28,306
30042.5,58,-50,265
30045.0,146,89,259
30047.5,-27,-10,309
30050.0,57,-13,300
30052.5,9,-28,323
30055.0,33,-9,337
30057.5,148,18,269
30060.0,-61,-62,336
30062.5,-2,-5,276
30065.0,26,-27,303
30067.5,13,17,311
30070.0,55,1,291
30072.5,55,1,291
30075.0,-31,-24,339
30077.5,-81,9,288
30080.0,-40,23,203
30082.5,-46,-46,341
30085.0,-9,-16,274
30087.5,19,8,293
30090.0,16,-6,362
30092.5,41,-31,316
30095.0,57,11,352
30097.5,76,45,245
30100.0,50,21,271
30102.5,-38,-15,290
30105.0,41,-14,291
30107.5,29,24,339
30110.0,-57,-9,351
30112.5,31,19,305
30115.0,73,10,342
30117.5,73,-11,264
30120.0,-6,40,249
30122.5,-6,40,249
30125.0,9,-46,350
30127.5,65,25,303
30130.0,-6,-56,330
30132.5,-67,4,359
30135.0,2,-38,288
30137.5,-6,-11,358
30140.0,26,-40,279
30142.5,-38,-42,273
30145.0,20,17,318
30147.5,26,-36,337
30150.0,26,-34,346
30152.5,39,-7,314
30155.0,-18,-20,271
30157.5,-34,-15,312
30160.0,25,5,250
30162.5,1,-2,264
30165.0,5,29,316
30167.5,-2,-19,301
30170.0,39,20,321
30172.5,39,20,321
30175.0,36,14,294
30177.5,-7,-33,259
30180.0,62,22,307
30182.5,45,11,260
30185.0,-14,-33,290
30187.5,-3,17,333
30190.0,28,31,310
30192.5,-7,-41,344
30195.0,2,-10,252
30197.5,-27,-37,276
30200.0,44,11,306
30202.5,-11,-10,314
30205.0,-13,-44,346
30207.5,10,-25,352
30210.0,35,-10,311
30212.5,54,29,341
30215.0,56,-23,235
30217.5,-62,-23,234
30220.0,-62,-23,234
30222.5,3,-9,328
30225.0,84,48,320
30227.5,-13,6,343
30230.0,39,12,282
30232.5,69,34,236
30235.0,-32,-39,316
30237.5,36,11,242
30240.0,-47,-11,293
30242.5,29,6,335
30245.0,-2,6,327
30247.5,-54,-43,314
30250.0,-9,-18,311
30252.5,-13,-61,253
30255.0,87,25,312
30257.5,30,3,286
30260.0,9,-31,306
30262.5,69,-5,378
30265.0,62,8,316
30267.5,43,-4,340
30270.0,43,-4,340
30272.5,63,11,297
30275.0,49,29,291
30277.5,5,-32,321
30280.0,9,34,267
30282.5,54,38,240
30285.0,-53,-49,334
30287.5,-1,8,299
30290.0,-143,-37,373
30292.5,35,19,235
30295.0,-15,-7,282
30297.5,16,-40,323
30300.0,26,-6,304
30302.5,-74,-42,331
30305.0,-12,-44,352
30307.5,23,-23,308
30310.0,18,0,344
30312.5,-33,-39,280
30315.0,6,19,278
30317.5,18,12,303
30320.0,18,12,303
30322.5,24,-14,309
30325.0,20,1,306
30327.5,1,-18,311
30330.0,7,-38,256
30332.5,-19,-28,362
30335.0,19,56,235
30337.5,-30,9,273
30340.0,40,-1,313
30342.5,53,7,332
30345.0,-40,-28,329
30347.5,57,16,294
30350.0,-10,-49,246
30352.5,-5,38,278
30355.0,0,-7,305
30357.5,50,-8,303
30360.0,14,6,340
30362.5,33,4,299
30365.0,-54,6,328
30367.5,78,-3,245
30370.0,78,-3,245
30372.5,1,24,176
30375.0,-16,-6,291
30377.5,36,22,313
30380.0,12,-17,322
30382.5,62,-3,282
30385.0,24,48,247
30387.5,-37,10,346
30390.0,55,-14,227
30392.5,-24,18,247
30395.0,-4,-30,283
30397.5,33,22,322
30400.0,-42,-36,332
30402.5,14,11,297
30405.0,7,-56,257
30407.5,38,14,316
30410.0,8,4,261
30412.5,-46,24,250
30415.0,54,40,295
30417.5,26,-3,317
30420.0,26,-3,317
30422.5,-28,-31,315
30425.0,-44,-43,307
30427.5,26,35,220
30430.0,-32,-28,293
30432.5,40,-6,272
30435.0,38,-10,307
30437.5,21,1,341
30440.0,70,27,315
30442.5,-56,-26,299
30445.0,-51,-71,299
30447.5,39,10,220
30450.0,25,43,298
30452.5,94,23,266
30455.0,15,-38,305
30457.5,-39,-32,364
30460.0,-10,-43,307
30462.5,108,23,349
30465.0,4,-22,250
30467.5,-31,-29,289
30470.0,-31,-29,289
30472.5,32,41,294
30475.0,58,-6,296
30477.5,9,-3,315
30480.0,4,-35,341
30482.5,51,19,323
30485.0,74,48,362
30487.5,75,-8,243
30490.0,67,1,318
30492.5,-29,-49,331
30495.0,55,33,299
30497.5,80,-51,348
30500.0,66,9,354
30502.5,35,-1,261
30505.0,-45,-42,330
30507.5,61,81,245
30510.0,12,-7,306
30512.5,17,5,330
30515.0,-16,-13,291
30517.5,-22,-32,339
30520.0,-22,-32,339
30522.5,44,24,316
30525.0,103,-9,300
30527.5,-20,-37,316
30530.0,-1,-30,257
30532.5,16,-13,296
30535.0,2,-17,341
30537.5,-19,-13,285
30540.0,-2,-18,374
30542.5,22,4,269
30545.0,63,-8,235
30547.5,34,-5,332
30550.0,83,-4,276
30552.5,6,-20,309
30555.0,37,31,321
30557.5,53,0,311
30560.0,-24,8,335
30562.5,107,51,223
30565.0,71,20,269
30567.5,13,-39,268
30570.0,13,-39,268
30572.5,93,44,293
30575.0,-12,-13,342
30577.5,-25,-2,339
30580.0,42,-46,287
30582.5,37,3,355
30585.0,-25,-32,267
30587.5,-19,-13,284
30590.0,-25,-2,319
30592.5,6,-3,288
30595.0,67,45,301
30597.5,21,-50,348
30600.0,-37,6,230
30602.5,38,-30,354
30605.0,7,-24,261
30607.5,-8,-36,296
30610.0,19,-10,355
30612.5,55,-17,312
30615.0,-8,-58,357
30617.5,111,36,314
30620.0,111,36,314
30622.5,64,3,232
30625.0,-18,-41,323
30627.5,4,-6,287
30630.0,8,-6,312
30632.5,29,5,376
30635.0,47,-1,321
30637.5,21,-44,330
30640.0,-22,-48,313
30642.5,-5,0,288
30645.0,25,32,275
30647.5,-31,7,300
30650.0,-13,-5,307
30652.5,44,-8,352
30655.0,42,-14,289
30657.5,7,17,338
30660.0,52,-9,252
30662.5,25,22,296
30665.0,13,-21,328
30667.5,20,-19,301
30670.0,20,-19,301
30672.5,15,15,300
30675.0,-4,-34,311
30677.5,38,-16,258
30680.0,-33,-28,335
30682.5,52,17,279
30685.0,69,-7,261
30687.5,-19,6,293
30690.0,-40,-11,285
30692.5,14,4,322
30695.0,-5,-26,298
30697.5,8,-7,235
30700.0,-26,-5,317
30702.5,15,-9,274
30705.0,26,-59,334
30707.5,-11,-15,370
30710.0,49,-26,336
30712.5,-36,5,329
30715.0,25,-12,301
30717.5,-5,-47,255
30720.0,-5,-47,255
30722.5,46,34,297
30725.0,46,-70,316
30727.5,-33,-8,305
30730.0,46,7,322
30732.5,85,-7,326
30735.0,5,-27,314
30737.5,1,-50,237
30740.0,20,-42,244
30742.5,-20,-19,279
30745.0,3,-9,281
30747.5,-13,-14,330
30750.0,41,-50,320
30752.5,-14,17,328
30755.0,23,2,366
30757.5,19,-15,246
30760.0,6,-82,327
30762.5,22,2,328
30765.0,44,-3,346
30767.5,0,-23,333
30770.0,0,-23,333
30772.5,45,-15,314
30775.0,50,-5,235
30777.5,38,-24,308
30780.0,-6,-4,289
30782.5,47,-9,306
30785.0,-2,14,330
30787.5,57,-23,279
30790.0,73,-4,351
30792.5,-5,-17,314
30795.0,87,-42,277
30797.5,86,21,310
30800.0,67,17,278
30802.5,-34,-28,301
30805.0,-27,-23,315
30807.5,63,46,297
30810.0,17,-53,356
30812.5,5,-6,240
30815.0,-6,3,268
30817.5,-62,-26,306
30820.0,-62,-26,306
30822.5,4,-12,356
30825.0,-27,-45,290
30827.5,33,-52,382
30830.0,37,15,297
30832.5,-43,-16,340
30835.0,21,-14,226
30837.5,122,33,260
30840.0,1,-19,282
30842.5,9,3,287
30845.0,4,-42,309
30847.5,16,8,309
30850.0,8,2,253
30852.5,-57,-19,325
30855.0,78,-20,269
30857.5,33,-17,306
30860.0,-17,-33,358
30862.5,27,0,304
30865.0,83,1,331
30867.5,83,1,331
30870.0,52,8,264
30872.5,45,34,255
30875.0,33,7,335
30877.5,19,-38,255
30880.0,-27,-13,270
30882.5,22,47,330
30885.0,29,28,281
30887.5,-29,-6,371
30890.0,-12,-1,297
30892.5,-14,13,221
30895.0,59,-2,289
30897.5,34,-19,264
30900.0,-6,-12,317
30902.5,-26,1,321
30905.0,35,-3,297
30907.5,-70,-26,339
30910.0,73,36,202
30912.5,79,26,268
30915.0,-44,-3,247
30917.5,-44,-3,247
30920.0,34,-12,299
30922.5,-45,11,276
30925.0,5,-15,346
30927.5,-14,-26,274
30930.0,14,-8,343
30932.5,48,-3,245
30935.0,-8,13,253
30937.5,-7,2,333
30940.0,31,-8,316
30942.5,24,15,320
30945.0,6,-22,318
30947.5,43,19,254
30950.0,-21,-19,325
30952.5,-5,26,234
30955.0,-3,-33,327
30957.5,-9,4,372
30960.0,61,-24,304
30962.5,72,-27,327
30965.0,69,8,285
30967.5,69,8,285
30970.0,-12,-24,240
30972.5,34,-6,325
30975.0,17,11,266
30977.5,-25,-18,328
30980.0,-78,-25,361
30982.5,32,21,319
30985.0,5,-4,366
30987.5,7,-2,244
30990.0,16,-4,273
30992.5,35,27,291
30995.0,28,19,318
30997.5,10,-23,323
31000.0,29,-3,288
31002.5,17,12,273
31005.0,-89,-61,338
31007.5,-3,-35,219
31010.0,-14,32,248
31012.5,2,31,270
31015.0,90,3,301
31017.5,90,3,301
31020.0,104,26,317
31022.5,-2,4,334
31025.0,-18,-32,281
31027.5,34,-9,389
31030.0,93,-13,257
31032.5,35,-16,293
31035.0,-23,14,324
31037.5,-37,0,317
31040.0,18,-60,365
31042.5,8,-26,326
31045.0,32,49,213
31047.5,-24,-8,306
31050.0,67,12,280
31052.5,8,-20,293
31055.0,64,8,315
31057.5,-44,-58,276
31060.0,48,-8,357
31062.5,59,12,290
31065.0,-12,-23,204
31067.5,-12,-23,204
31070.0,0,8,304
31072.5,28,16,279
31075.0,-32,10,300
31077.5,-27,-28,332
31080.0,55,32,246
31082.5,64,2,375
31085.0,46,31,250
31087.5,-2,-34,241
31090.0,10,-17,307
31092.5,-4,30,316
31095.0,37,9,297
31097.5,-38,-51,357
31100.0,120,8,329
31102.5,-6,-39,373
31105.0,-17,-32,294
31107.5,21,-22,308
31110.0,-17,-25,329
31112.5,28,-7,289
31115.0,6,-18,313
31117.5,6,-18,313
31120.0,25,-22,320
31122.5,42,20,265
31125.0,12,-9,348
31127.5,26,33,213
31130.0,7,-70,289
31132.5,-39,-76,347
31135.0,51,20,296
31137.5,-13,-31,334
31140.0,37,25,279
31142.5,47,48,249
31145.0,-33,-22,315
31147.5,17,6,304
31150.0,2,-20,327
31152.5,-2,29,368
31155.0,-5,4,307
31157.5,0,11,364
31160.0,-5,-17,279
31162.5,-19,16,275
31165.0,-1,-14,270
31167.5,-1,-14,270
31170.0,29,-38,273
31172.5,69,20,296
31175.0,85,11,342
31177.5,-24,0,244
31180.0,-43,-14,383
31182.5,50,33,257
31185.0,-15,-6,331
31187.5,3,-34,343
31190.0,115,52,251
31192.5,54,4,297
31195.0,-12,-22,345
31197.5,12,-20,255
31200.0,-23,-44,315
31202.5,-12,6,231
31205.0,-6,-13,289
31207.5,12,9,299
31210.0,-30,15,300
31212.5,-46,-31,308
31215.0,54,-17,356
31217.5,54,-17,356
31220.0,19,-45,274
31222.5,-50,-39,299
31225.0,-30,2,278
31227.5,14,-9,322
31230.0,67,29,379
31232.5,35,-42,380
31235.0,77,-9,407
31237.5,-6,-23,261
31240.0,-21,-21,254
31242.5,-56,-21,288
31245.0,75,33,270
31247.5,-22,-39,305
31250.0,52,12,357
31252.5,50,10,303
31255.0,-18,4,326
31257.5,5,10,246
31260.0,1,5,287
31262.5,-9,-15,279
31265.0,19,1,256
31267.5,19,1,256
31270.0,-2,-19,311
31272.5,13,-17,355
31275.0,4,0,278
31277.5,-40,-35,348
31280.0,-34,-30,257
31282.5,-68,-25,266
31285.0,16,12,327
31287.5,-48,1,311
31290.0,-41,-7,331
31292.5,67,-8,312
31295.0,-7,-53,272
31297.5,37,-5,336
31300.0,21,-6,297
31302.5,44,-2,301
31305.0,-17,-27,397
31307.5,45,-11,311
31310.0,39,-13,360
31312.5,0,-8,300
31315.0,-6,14,280
31317.5,-6,14,280
31320.0,0,-6,310
31322.5,20,23,244
31325.0,8,2,259
31327.5,41,20,336
31330.0,89,13,267
31332.5,-37,-26,351
31335.0,16,3,242
31337.5,-4,-10,274
31340.0,0,-7,266
31342.5,-11,6,271
31345.0,-22,-29,326
31347.5,-63,-5,332
31350.0,77,25,300
31352.5,-12,-26,346
31355.0,-17,2,281
31357.5,12,14,267
31360.0,-5,-10,285
31362.5,44,9,335
31365.0,89,14,334
31367.5,89,14,334
31370.0,28,14,326
31372.5,115,32,235
31375.0,-29,-3,314
31377.5,11,-42,240
31380.0,50,-21,307
31382.5,-10,-15,336
31385.0,31,5,313
31387.5,-66,-64,327
31390.0,11,22,305
31392.5,52,36,258
31395.0,5,-10,307
31397.5,0,7,246
31400.0,33,-1,289
31402.5,2,-27,364
31405.0,17,-28,311
31407.5,-2,-36,347
31410.0,55,-2,281
31412.5,18,13,210
31415.0,18,13,210
31417.5,-38,10,299
31420.0,42,8,281
31422.5,-25,-25,300
31425.0,-57,-4,312
31427.5,18,-9,292
31430.0,-41,-2,324
31432.5,27,-4,280
31435.0,111,8,286
31437.5,41,-4,288
31440.0,-10,-16,288
31442.5,-37,-20,309
31445.0,-7,-7,338
31447.5,-4,6,301
31450.0,13,-2,352
31452.5,-73,-4,250
31455.0,21,-5,289
31457.5,-34,20,337
31460.0,-1,5,319
31462.5,-24,-47,328
31465.0,-24,-47,328
31467.5,-1,-38,341
31470.0,-85,-6,223
31472.5,-34,-54,329
31475.0,16,33,221
31477.5,-53,4,285
31480.0,50,-2,373
31482.5,76,20,316
31485.0,34,-9,347
31487.5,10,-9,280
31490.0,79,9,229
31492.5,-49,-37,264
31495.0,15,-8,265
31497.5,5,6,284
31500.0,-23,33,314
31502.5,-15,-31,293
31505.0,-61,-40,330
31507.5,34,13,290
31510.0,-13,-14,263
31512.5,27,-39,317
31515.0,27,-39,317
31517.5,44,29,305
31520.0,1,-18,324
31522.5,30,-20,361
31525.0,17,-22,265
31527.5,-46,16,363
31530.0,55,-18,272
31532.5,15,-4,316
31535.0,-37,-4,313
31537.5,1,6,278
31540.0,26,26,327
31542.5,-56,-50,317
31545.0,115,25,262
31547.5,-62,-32,315
31550.0,-8,19,284
31552.5,42,25,289
31555.0,-8,-46,376
31557.5,-2,-12,283
31560.0,-23,-55,338
31562.5,31,-6,297
31565.0,31,-6,297
31567.5,32,-5,262
31570.0,-16,-11,301
31572.5,43,-18,273
31575.0,41,-26,282
31577.5,12,-25,354
31580.0,18,-28,319
31582.5,-34,-22,346
31585.0,-8,-26,249
31587.5,-43,-49,226
31590.0,53,18,279
31592.5,72,20,296
31595.0,-9,-3,289
31597.5,-18,-10,324
31600.0,35,-7,202
31602.5,-50,-30,323
31605.0,-2,-16,256
31607.5,-89,-20,226
31610.0,-9,-17,311
31612.5,12,-6,328
31615.0,12,-6,328
31617.5,69,-4,270
31620.0,79,36,322
31622.5,42,-20,321
31625.0,19,10,395
31627.5,-1,-41,251
31630.0,70,-3,305
31632.5,-34,-1,308
31635.0,5,-13,275
31637.5,81,7,343
31640.0,22,-37,321
31642.5,56,3,278
31645.0,-76,-28,320
31647.5,21,10,259
31650.0,-18,-31,284
31652.5,-18,-22,345
31655.0,76,28,332
31657.5,14,-41,367
31660.0,-8,-9,295
31662.5,-66,11,234
31665.0,-66,11,234
31667.5,-87,-31,316
31670.0,44,8,285
31672.5,22,7,300
31675.0,-18,-36,337
31677.5,87,-31,325
31680.0,14,-29,372
31682.5,9,-39,261
31685.0,-43,-8,236
31687.5,-8,-1,294
31690.0,3,44,314
31692.5,14,4,364
31695.0,37,-17,326
31697.5,10,8,246
31700.0,53,9,337
31702.5,-5,11,235
31705.0,-101,-51,250
31707.5,41,19,351
31710.0,68,1,315
31712.5,9,-2,325
31715.0,9,-2,325
31717.5,-5,-22,338
31720.0,103,24,256
31722.5,-40,-45,316
31725.0,16,1,239
31727.5,6,-6,297
31730.0,18,23,325
31732.5,-37,-25,289
31735.0,6,-32,325
31737.5,47,14,288
31740.0,-37,-36,249
31742.5,22,-22,333
31745.0,58,21,270
31747.5,12,37,296
31750.0,-3,-30,368
31752.5,101,-24,336
31755.0,-40,-23,327
31757.5,3,-27,284
31760.0,-7,-31,238
31762.5,-3,18,312
31765.0,-3,18,312
31767.5,-39,-11,298
31770.0,-19,-3,311
31772.5,-20,-15,344
31775.0,54,5,323
31777.5,22,-14,343
31780.0,63,24,248
31782.5,67,1,269
31785.0,15,-2,318
31787.5,0,-6,273
31790.0,34,14,274
31792.5,17,-23,339
31795.0,-33,-38,279
31797.5,7,-11,368
31800.0,13,8,255
31802.5,-30,27,222
31805.0,25,-22,302
31807.5,16,-5,318
31810.0,45,-34,329
31812.5,28,11,307
31815.0,28,11,307
31817.5,105,-8,248
31820.0,46,20,321
31822.5,-35,9,237
31825.0,-25,-6,276
31827.5,27,9,346
31830.0,56,8,307
31832.5,-9,-42,347
31835.0,32,-29,306
31837.5,65,-12,244
31840.0,31,0,324
31842.5,21,-32,247
31845.0,-14,-10,317
31847.5,-1,6,376
31850.0,4,-58,327
31852.5,18,-15,342
31855.0,11,-18,282
31857.5,24,-6,224
31860.0,-43,-6,271
31862.5,63,28,273
31865.0,63,28,273
31867.5,13,15,317
31870.0,22,-41,361
31872.5,52,-52,352
31875.0,-3,-13,389
31877.5,31,21,206
31880.0,-2,12,292
31882.5,34,-6,323
31885.0,26,-43,269
31887.5,47,-15,311
31890.0,72,-10,382
31892.5,8,0,288
31895.0,-37,-32,324
31897.5,9,-57,265
31900.0,0,5,295
31902.5,-4,-4,331
31905.0,55,2,333
31907.5,71,-1,336
31910.0,43,-13,331
31912.5,62,20,279
31915.0,62,20,279
31917.5,-29,-42,320
31920.0,27,29,230
31922.5,53,-16,285
31925.0,-14,-30,339
31927.5,65,19,294
31930.0,3,-13,351
31932.5,19,13,325
31935.0,-31,-10,221
31937.5,-32,34,313
31940.0,46,11,275
31942.5,-42,-11,304
31945.0,-41,-41,330
31947.5,-13,-18,318
31950.0,53,-22,361
31952.5,-30,-54,244
31955.0,-59,-13,240
31957.5,46,13,298
31960.0,14,7,319
31962.5,-26,-7,297
31965.0,-26,-7,297
31967.5,25,-12,332
31970.0,19,23,307
31972.5,12,13,332
31975.0,60,-21,279
31977.5,-6,17,259
31980.0,14,-6,277
31982.5,37,43,289
31985.0,-4,13,279
31987.5,-14,6,332
31990.0,50,38,273
31992.5,7,-28,377
31995.0,18,-43,259
31997.5,-29,-33,298
32000.0,-11,-15,300
32002.5,2,-23,328
32005.0,-15,-46,365
32007.5,56,-10,311
32010.0,65,9,277
32012.5,-2,-9,317
32015.0,-2,-9,317
32017.5,-7,-20,289
32020.0,5,-5,298
32022.5,49,11,375
32025.0,30,-27,295
32027.5,3,-18,353
32030.0,22,-1,278
32032.5,-15,-21,205
32035.0,34,22,305
32037.5,64,21,322
32040.0,-70,-40,300
32042.5,-45,-6,312
32045.0,12,13,283
32047.5,2,-35,380
32050.0,22,10,262
32052.5,-19,9,256
32055.0,50,15,308
32057.5,22,28,290
32060.0,-3,3,313
32062.5,-24,-14,354
32065.0,-24,-14,354
32067.5,-63,0,292
32070.0,-13,-16,356
32072.5,41,-14,251
32075.0,31,-6,272
32077.5,-5,4,315
32080.0,52,-10,309
32082.5,13,12,307
32085.0,-83,-14,298
32087.5,38,12,225
32090.0,-1,-27,334
32092.5,26,12,273
32095.0,-32,38,273
32097.5,11,-4,319
32100.0,24,5,284
32102.5,57,21,323
32105.0,11,-21,285
32107.5,4,-20,245
32110.0,-19,-7,297
32112.5,-19,-7,297
32115.0,36,-36,293
32117.5,24,1,295
32120.0,59,-8,349
32122.5,16,4,288
32125.0,-11,-25,387
32127.5,-9,-37,265
32130.0,68,-4,290
32132.5,36,2,314
32135.0,31,5,306
32137.5,60,42,290
32140.0,16,-42,381
32142.5,19,-48,311
32145.0,-80,2,355
32147.5,-34,-11,276
32150.0,-41,-18,252
32152.5,-37,-22,305
32155.0,43,34,297
32157.5,-7,29,322
32160.0,1,-9,345
32162.5,1,-9,345
32165.0,-50,-52,275
32167.5,-25,18,325
32170.0,-32,-52,259
32172.5,14,10,291
32175.0,6,-26,363
32177.5,-1,-17,315
32180.0,-19,-51,350
32182.5,30,-20,318
32185.0,25,-32,244
32187.5,-40,-32,341
32190.0,62,-14,290
32192.5,51,17,281
32195.0,-10,-38,375
32197.5,2,-11,267
32200.0,41,-17,343
32202.5,13,-22,293
32205.0,75,28,301
32207.5,55,16,300
32210.0,37,-1,281
32212.5,37,-1,281
32215.0,10,11,339
32217.5,-39,49,349
32220.0,26,-12,323
32222.5,-46,-42,373
32225.0,-8,-31,321
32227.5,17,9,289
32230.0,-13,-18,295
32232.5,8,-13,281
32235.0,35,-25,310
32237.5,89,-4,388
32240.0,70,-22,305
32242.5,52,-11,341
32245.0,20,33,274
32247.5,28,17,299
32250.0,-45,-5,311
32252.5,48,6,301
32255.0,44,41,322
32257.5,-1,19,318
32260.0,37,40,258
32262.5,37,40,258
32265.0,72,37,323
32267.5,-42,-1,243
32270.0,-50,1,330
32272.5,-27,-14,364
32275.0,5,-6,309
32277.5,-16,-50,356
32280.0,57,57,293
32282.5,119,-5,283
32285.0,-5,-12,320
32287.5,0,-50,282
32290.0,-23,21,306
32292.5,10,-11,357
32295.0,2,-34,301
32297.5,11,-31,333
32300.0,24,-9,272
32302.5,-23,3,220
32305.0,18,-14,277
32307.5,20,2,291
32310.0,-32,-20,324
32312.5,-32,-20,324
32315.0,-98,-18,337
32317.5,-19,-15,311
32320.0,-32,-29,342
32322.5,80,9,299
32325.0,-28,-43,310
32327.5,39,16,283
32330.0,-6,-20,320
32332.5,1,35,318
32335.0,18,-11,371
32337.5,16,-4,323
32340.0,8,12,403
32342.5,5,-47,266
32345.0,15,-1,286
32347.5,38,-65,308
32350.0,-30,7,332
32352.5,-7,-16,301
32355.0,89,-9,307
32357.5,-43,17,225
32360.0,6,-13,309
32362.5,6,-13,309
32365.0,-5,19,234
32367.5,-12,13,287
32370.0,-38,-19,333
32372.5,-4,0,285
32375.0,20,-6,342
32377.5,101,2,291
32380.0,81,-43,253
32382.5,5,-17,296
32385.0,13,-36,302
32387.5,28,-21,304
32390.0,-20,-35,342
32392.5,-3,-31,322
32395.0,55,-6,355
32397.5,-7,1,263
32400.0,32,-28,223
32402.5,7,1,304
32405.0,37,1,298
32407.5,12,-7,303
32410.0,39,35,319
32412.5,39,35,319
32415.0,98,1,321
32417.5,-30,-52,335
32420.0,28,24,240
32422.5,-34,-22,274
32425.0,-5,-11,322
32427.5,8,13,290
32430.0,79,9,299
32432.5,-19,-19,357
32435.0,49,-8,289
32437.5,-2,-35,342
32440.0,58,11,271
32442.5,16,-37,304
32445.0,-8,-1,350
32447.5,129,14,284
32450.0,66,-11,296
32452.5,-14,8,329
32455.0,-29,7,246
32457.5,10,-23,347
32460.0,-3,-21,264
32462.5,-3,-21,264
32465.0,19,17,294
32467.5,-3,-32,360
32470.0,48,7,288
32472.5,42,-14,350
32475.0,47,18,256
32477.5,45,-3,266
32480.0,-32,-28,297
32482.5,11,-7,296
32485.0,4,22,298
32487.5,7,-5,386
32490.0,6,-33,302
32492.5,-25,32,313
32495.0,0,-29,267
32497.5,62,-22,266
32500.0,-30,-19,326
32502.5,24,-5,317
32505.0,-10,5,302
32507.5,7,-24,355
32510.0,-9,-16,274
32512.5,-9,-16,274
32515.0,-66,-50,339
32517.5,23,-1,212
32520.0,5,24,249
32522.5,8,-18,314
32525.0,45,11,300
32527.5,-51,-28,342
32530.0,45,-3,333
32532.5,85,-6,263
32535.0,-53,-15,311
32537.5,-25,-38,304
32540.0,-19,-13,249
32542.5,24,8,301
32545.0,51,-16,320
32547.5,-7,-14,333
32550.0,5,-25,312
32552.5,-31,-18,246
32555.0,-30,-18,319
32557.5,60,10,253
32560.0,60,10,253
32562.5,-42,-5,291
32565.0,22,1,343
32567.5,78,26,334
32570.0,2,-28,337
32572.5,22,-40,290
32575.0,-25,23,203
32577.5,14,14,287
32580.0,31,20,276
32582.5,49,27,299
32585.0,-31,-32,332
32587.5,-42,-37,329
32590.0,-51,-30,315
32592.5,28,1,266
32595.0,10,5,285
32597.5,0,-43,310
32600.0,53,0,297
32602.5,-15,-27,332
32605.0,34,-25,339
32607.5,13,-4,316
32610.0,13,-4,316
32612.5,38,23,352
32615.0,-2,-54,265
32617.5,30,-11,269
32620.0,-36,-12,308
32622.5,22,5,286
32625.0,-45,7,289
32627.5,57,12,318
32630.0,58,28,317
32632.5,21,-9,362
32635.0,41,-10,252
32637.5,49,24,250
32640.0,-37,-12,309
32642.5,-12,-39,295
32645.0,-29,-24,333
32647.5,-43,-13,331
32650.0,78,-29,258
32652.5,-29,-52,337
32655.0,63,25,217
32657.5,-16,1,289
32660.0,-16,1,289
32662.5,7,17,291
32665.0,15,-37,307
32667.5,-8,0,280
32670.0,54,10,290
32672.5,-17,-24,274
32675.0,9,3,304
32677.5,29,3,277
32680.0,24,12,288
32682.5,-10,-27,369
32685.0,-15,-15,326
32687.5,18,3,314
32690.0,4,-32,254
32692.5,-24,-10,224
32695.0,-41,-33,307
32697.5,19,17,242
32700.0,-13,-64,266
32702.5,-39,-24,323
32705.0,-1,-24,298
32707.5,20,-22,345
32710.0,20,-22,345
32712.5,40,7,226
32715.0,27,-26,255
32717.5,-10,-16,294
32720.0,38,15,321
32722.5,-31,-21,334
32725.0,2,5,323
32727.5,13,-22,309
32730.0,-58,-8,291
32732.5,31,-3,247
32735.0,61,-18,297
32737.5,22,10,314
32740.0,7,-31,302
32742.5,-40,-21,317
32745.0,40,3,314
32747.5,18,-15,290
32750.0,0,-12,360
32752.5,103,8,276
32755.0,-13,-10,263
32757.5,6,-20,357
32760.0,6,-20,357
32762.5,40,-29,300
32765.0,-36,-58,333
32767.5,23,-2,274
32770.0,70,-24,263
32772.5,10,-7,322
32775.0,132,18,304
32777.5,5,-23,284
32780.0,-50,-16,331
32782.5,35,-2,315
32785.0,32,-3,350
32787.5,-29,-26,255
32790.0,104,-13,259
32792.5,9,-9,290
32795.0,36,-20,295
32797.5,-7,-40,319
32800.0,47,21,342
32802.5,46,1,392
32805.0,5,14,368
32807.5,-44,-34,268
32810.0,-44,-34,268
32812.5,-16,-30,329
32815.0,-21,-28,291
32817.5,-31,-48,319
32820.0,-14,-7,290
32822.5,44,29,330
32825.0,71,1,298
32827.5,1,-19,337
32830.0,29,-12,247
32832.5,-16,-74,295
32835.0,8,2,304
32837.5,-14,-8,291
32840.0,41,11,307
32842.5,42,-18,253
32845.0,35,-45,322
32847.5,15,-19,350
32850.0,-7,15,233
32852.5,-18,-16,276
32855.0,5,-4,319
32857.5,13,17,267
32860.0,13,17,267
32862.5,-14,-5,322
32865.0,54,-24,325
32867.5,-7,-28,255
32870.0,-36,-45,300
32872.5,8,-5,265
32875.0,-12,-30,297
32877.5,-90,18,340
32880.0,-55,-43,328
32882.5,-1,-22,352
32885.0,87,39,270
32887.5,104,2,282
32890.0,-35,6,280
32892.5,49,20,285
32895.0,5,20,300
32897.5,33,-32,357
32900.0,106,37,270
32902.5,33,2,351
32905.0,43,14,245
32907.5,4,25,296
32910.0,4,25,296
32912.5,-33,3,323
32915.0,68,21,317
32917.5,-37,15,259
32920.0,43,-53,362
32922.5,68,-21,288
32925.0,-48,-36,347
32927.5,45,-6,219
32930.0,-39,7,249
32932.5,-103,-56,326
32935.0,-4,-74,305
32937.5,19,-21,323
32940.0,34,-22,299
32942.5,9,-14,260
32945.0,-51,15,319
32947.5,119,23,259
32950.0,-27,-6,274
32952.5,-8,-33,358
32955.0,72,-7,319
32957.5,-72,-35,338
32960.0,-72,-35,338
32962.5,30,22,280
32965.0,50,27,227
32967.5,16,-1,336
32970.0,20,39,275
32972.5,-19,-10,253
32975.0,-46,-4,339
32977.5,16,3,330
32980.0,35,-13,369
32982.5,29,-42,271
32985.0,16,-31,258
32987.5,12,-6,300
32990.0,62,23,308
32992.5,23,-36,301
32995.0,-35,-3,377
32997.5,10,-20,330
33000.0,-12,-23,369
33002.5,72,43,226
33005.0,14,51,287
33007.5,12,-32,316
33010.0,12,-32,316
33012.5,16,-5,309
33015.0,-39,-24,329
33017.5,27,-21,314
33020.0,-18,-25,254
33022.5,-34,6,330
33025.0,31,16,267
33027.5,12,9,274
33030.0,-3,9,333
33032.5,29,11,303
33035.0,-57,-39,341
33037.5,76,41,297
33040.0,6,25,235
33042.5,-44,-40,311
33045.0,2,-25,304
33047.5,-26,-31,296
33050.0,-26,-36,416
33052.5,32,5,296
33055.0,5,15,345
33057.5,5,15,345
33060.0,-29,-41,298
33062.5,-3,-22,254
33065.0,-3,26,294
33067.5,96,-20,286
33070.0,23,-23,300
33072.5,-9,6,333
33075.0,99,15,294
33077.5,-16,-17,329
33080.0,0,-31,237
33082.5,-69,36,299
33085.0,27,-14,288
33087.5,55,64,296
33090.0,-59,-36,333
33092.5,16,-21,340
33095.0,6,-9,305
33097.5,-37,-55,369
33100.0,2,-2,260
33102.5,71,-22,297
33105.0,-48,-13,303
33107.5,-48,-13,303
33110.0,49,-38,308
33112.5,-3,-13,338
33115.0,65,16,312
33117.5,-23,-25,218
33120.0,-32,-22,337
33122.5,59,8,284
33125.0,36,-7,278
33127.5,9,-13,347
33130.0,80,12,310
33132.5,-83,-69,358
33135.0,51,3,288
33137.5,-31,24,232
33140.0,32,18,324
33142.5,-14,21,288
33145.0,11,-5,310
33147.5,3,-16,332
33150.0,66,-12,314
33152.5,-14,-33,338
33155.0,-37,-43,266
33157.5,-37,-43,266
33160.0,36,-1,282
33162.5,19,-12,320
33165.0,6,6,305
33167.5,-59,-54,343
33170.0,44,-27,345
33172.5,38,0,241
33175.0,-12,25,356
33177.5,40,34,195
33180.0,18,-15,310
33182.5,24,15,291
33185.0,65,-19,301
33187.5,-55,-42,326
33190.0,-11,-35,323
33192.5,-2,-5,284
33195.0,-5,0,312
33197.5,3,-9,256
33200.0,-4,-10,284
33202.5,-3,-18,344
33205.0,54,70,334
33207.5,54,70,334
33210.0,-14,-9,342
33212.5,12,-39,302
33215.0,58,-36,250
33217.5,31,8,295
33220.0,-42,-19,251
33222.5,33,-11,289
33225.0,-13,-9,352
33227.5,-8,-36,328
33230.0,36,48,331
33232.5,-15,4,260
33235.0,-6,-35,282
33237.5,-47,-20,295
33240.0,-3,-34,306
33242.5,-50,-5,338
33245.0,68,-4,356
33247.5,-5,0,309
33250.0,-59,-10,363
33252.5,39,-19,264
33255.0,7,-30,284
33257.5,7,-30,284
33260.0,24,-15,280
33262.5,55,53,268
33265.0,-34,-7,303
33267.5,10,2,344
33270.0,81,31,267
33272.5,-49,-39,339
33275.0,6,-18,245
33277.5,-56,0,250
33280.0,-5,10,308
33282.5,36,36,300
33285.0,26,6,332
33287.5,-3,-4,312
33290.0,-72,-49,243
33292.5,-65,-42,325
33295.0,69,-14,237
33297.5,28,-30,284
33300.0,1,-41,371
33302.5,43,21,293
33305.0,3,2,356
33307.5,3,2,356
33310.0,-11,-19,284
33312.5,-91,52,214
33315.0,-46,-11,297
33317.5,-39,-24,277
33320.0,24,13,298
33322.5,-28,9,314
33325.0,76,12,389
33327.5,-37,-20,390
33330.0,83,27,245
33332.5,89,22,265
33335.0,21,-4,286
33337.5,-6,-5,295
33340.0,-12,-13,315
33342.5,74,-26,380
33345.0,117,-23,296
33347.5,6,-3,354
33350.0,27,-64,240
33352.5,45,-4,234
33355.0,-8,-14,301
33357.5,-8,-14,301
33360.0,-4,-9,280
33362.5,14,15,340
33365.0,-9,3,309
33367.5,76,-2,254
33370.0,1,26,310
33372.5,-12,-27,280
33375.0,32,-73,290
33377.5,-19,1,334
33380.0,10,-10,312
33382.5,13,-47,350
33385.0,40,-7,283
33387.5,-24,-6,229
33390.0,45,11,340
33392.5,10,2,260
33395.0,38,25,291
33397.5,22,14,328
33400.0,0,5,307
33402.5,5,7,353
33405.0,34,-27,257
33407.5,34,-27,257
33410.0,58,-2,268
33412.5,29,3,288
33415.0,47,38,302
33417.5,-5,-21,302
33420.0,27,-53,377
33422.5,-32,0,280
33425.0,83,18,372
33427.5,64,13,270
33430.0,59,5,215
33432.5,-19,-15,298
33435.0,-47,45,310
33437.5,15,12,347
33440.0,88,33,342
33442.5,23,-16,263
33445.0,-38,-26,334
33447.5,112,-1,230
33450.0,18,46,281
33452.5,-58,-9,332
33455.0,50,-14,348
33457.5,50,-14,348
33460.0,28,-38,352
33462.5,83,-24,315
33465.0,-14,-37,245
33467.5,-13,-27,324
33470.0,2,8,228
33472.5,-36,-18,300
33475.0,-12,-29,355
33477.5,-14,-53,318
33480.0,32,7,364
33482.5,48,-29,276
33485.0,-4,4,204
33487.5,42,-6,298
33490.0,8,-18,294
33492.5,-97,-6,315
33495.0,45,-2,373
33497.5,23,11,307
33500.0,-5,2,348
33502.5,19,27,246
33505.0,-62,5,264
33507.5,-62,5,264
33510.0,-2,-11,311
33512.5,31,-12,296
33515.0,28,16,326
33517.5,-40,-8,314
33520.0,-26,-26,336
33522.5,-9,-43,369
33525.0,6,-14,241
33527.5,-46,29,289
33530.0,-6,-23,332
33532.5,69,-14,324
33535.0,-11,-65,358
33537.5,47,-49,347
33540.0,56,23,259
33542.5,60,12,341
33545.0,48,-60,280
33547.5,28,-34,295
33550.0,17,-11,367
33552.5,3,-18,319
33555.0,3,-18,319
33557.5,89,-1,339
33560.0,14,-43,260
33562.5,-13,-17,229
33565.0,-58,-38,322
33567.5,42,14,289
33570.0,2,-7,312
33572.5,42,-17,363
33575.0,26,-18,333
33577.5,77,-3,342
33580.0,110,3,258
33582.5,-19,27,262
33585.0,16,-15,322
33587.5,-3,-6,219
33590.0,46,-40,272
33592.5,105,56,361
33595.0,86,2,257
33597.5,16,0,325
33600.0,0,-31,289
33602.5,66,18,297
33605.0,66,18,297
33607.5,15,-22,344
33610.0,19,-21,306
33612.5,14,-25,322
33615.0,67,-35,332
33617.5,97,-16,297
33620.0,5,-19,314
33622.5,56,5,257
33625.0,38,16,274
33627.5,25,3,368
33630.0,-14,1,304
33632.5,6,-16,354
33635.0,-2,-13,271
33637.5,41,-6,258
33640.0,-48,-12,291
33642.5,46,35,285
33645.0,9,-16,299
33647.5,15,41,339
33650.0,-71,-10,291
33652.5,-59,-21,395
33655.0,-59,-21,395
33657.5,27,6,237
33660.0,11,-14,278
33662.5,-13,-8,267
33665.0,-41,-49,328
33667.5,15,-35,330
33670.0,8,-27,311
33672.5,70,-15,344
33675.0,23,-14,350
33677.5,-20,-6,244
33680.0,23,-15,319
33682.5,-39,-32,353
33685.0,-6,-17,324
33687.5,41,-26,326
33690.0,46,-2,305
33692.5,9,-36,255
33695.0,42,19,312
33697.5,-1,-15,253
33700.0,-40,-6,297
33702.5,-29,6,342
33705.0,-29,6,342
33707.5,16,7,281
33710.0,-4,-56,349
33712.5,-8,-2,277
33715.0,95,7,262
33717.5,-7,-23,312
33720.0,-20,47,272
33722.5,-15,-14,264
33725.0,-22,-16,328
33727.5,20,1,331
33730.0,37,-17,393
33732.5,-2,-53,285
33735.0,-21,13,281
33737.5,-51,-17,314
33740.0,61,-3,331
33742.5,-44,-68,334
33745.0,0,-9,348
33747.5,-32,-63,243
33750.0,-2,20,318
33752.5,-10,-67,268
33755.0,-10,-67,268
33757.5,26,0,287
33760.0,-9,-13,315
33762.5,37,-14,346
33765.0,-18,15,318
33767.5,55,-33,338
33770.0,86,-67,286
33772.5,-21,-50,343
33775.0,46,-18,281
33777.5,45,-28,289
33780.0,20,-44,391
33782.5,48,-18,323
33785.0,51,5,366
33787.5,28,16,278
33790.0,-56,-78,269
33792.5,18,-6,326
33795.0,49,18,285
33797.5,13,-28,318
33800.0,-71,23,329
33802.5,30,-12,306
33805.0,30,-12,306
33807.5,5,-19,397
33810.0,-27,-80,239
33812.5,-3,-27,325
33815.0,1,-11,277
33817.5,-15,-38,317
33820.0,-21,-8,342
33822.5,32,-34,351
33825.0,-16,11,313
33827.5,-40,-28,354
33830.0,78,-6,271
33832.5,3,-32,261
33835.0,19,19,317
33837.5,-74,-45,253
33840.0,-30,-35,307
33842.5,-19,-8,334
33845.0,-35,67,284
33847.5,-66,-10,313
33850.0,-4,-4,251
33852.5,-83,-5,300
33855.0,-83,-5,300
33857.5,-9,-12,308
33860.0,12,-33,300
33862.5,41,-24,401
33865.0,-3,-13,299
33867.5,8,-22,247
33870.0,23,-17,335
33872.5,15,-20,301
33875.0,-9,-11,300
33877.5,33,21,292
33880.0,40,-6,320
33882.5,-41,-53,369
33885.0,56,7,252
33887.5,118,-83,267
33890.0,-40,-33,297
33892.5,4,0,285
33895.0,2,4,323
33897.5,-7,-31,333
33900.0,17,-24,261
33902.5,13,-15,336
33905.0,13,-15,336
33907.5,64,4,251
33910.0,-13,-38,288
33912.5,26,-9,288
33915.0,24,-1,327
33917.5,-59,0,293
33920.0,54,24,323
33922.5,64,1,255
33925.0,-16,5,313
33927.5,-7,-15,225
33930.0,-24,-7,291
33932.5,-24,-35,314
33935.0,8,1,300
33937.5,-20,-23,327
33940.0,5,-3,326
33942.5,185,20,251
33945.0,21,-54,315
33947.5,53,-3,276
33950.0,-33,59,279
33952.5,-25,11,348
33955.0,-25,11,348
33957.5,-18,-43,302
33960.0,13,-26,348
33962.5,67,19,250
33965.0,82,-26,278
33967.5,-3,-19,293
33970.0,-12,1,301
33972.5,-51,-26,299
33975.0,-5,-49,340
33977.5,28,5,323
33980.0,30,21,346
33982.5,6,-50,213
33985.0,-80,0,218
33987.5,0,-10,303
33990.0,31,6,308
33992.5,65,-8,307
33995.0,-2,-43,300
33997.5,37,-8,300
34000.0,-70,-44,327
34002.5,31,16,301
34005.0,31,16,301
34007.5,52,7,302
34010.0,-7,-7,311
34012.5,31,-37,315
34015.0,-3,-15,335
34017.5,1,-5,305
34020.0,91,47,227
34022.5,33,-6,330
34025.0,-9,3,260
34027.5,-8,-7,313
34030.0,-45,-41,313
34032.5,33,35,263
34035.0,19,-30,334
34037.5,-20,-42,254
34040.0,57,-51,281
34042.5,53,3,313
34045.0,-1,-4,292
34047.5,39,-25,332
34050.0,87,-1,349
34052.5,87,-1,349
34055.0,-7,-21,299
34057.5,21,-12,371
34060.0,3,-44,261
34062.5,-14,3,234
34065.0,-43,-46,310
34067.5,37,-7,321
34070.0,-59,-8,343
34072.5,0,-38,315
34075.0,71,4,236
34077.5,103,30,323
34080.0,-5,-24,261
34082.5,1,35,335
34085.0,1,-6,316
34087.5,5,-14,324
34090.0,-49,-10,346
34092.5,15,-11,312
34095.0,107,40,246
34097.5,-37,-37,316
34100.0,48,-36,287
34102.5,48,-36,287
34105.0,35,32,241
34107.5,-46,-42,359
34110.0,62,1,318
34112.5,-22,37,339
34115.0,11,-26,263
34117.5,21,-36,253
34120.0,26,11,303
34122.5,-29,-34,303
34125.0,-24,-27,331
34127.5,-57,18,322
34130.0,-69,-15,321
34132.5,-36,-34,379
34135.0,75,-10,242
34137.5,-42,2,255
34140.0,2,-35,338
34142.5,43,19,270
34145.0,47,-16,325
34147.5,-57,-23,299
34150.0,-9,31,281
34152.5,-9,31,281
34155.0,-11,-19,348
34157.5,-14,-5,269
34160.0,-8,-2,282
34162.5,-5,22,312
34165.0,53,-16,302
34167.5,-50,-48,304
34170.0,39,-10,268
34172.5,6,-21,262
34175.0,24,-3,312
34177.5,23,-11,289
34180.0,21,-34,309
34182.5,63,11,343
34185.0,19,-44,296
34187.5,5,6,327
34190.0,-1,5,249
34192.5,-38,-32,255
34195.0,117,-12,274
34197.5,45,17,306
34200.0,11,-30,359
34202.5,11,-30,359
34205.0,49,-1,343
34207.5,20,-22,283
34210.0,-39,-44,333
34212.5,8,-24,263
34215.0,36,39,271
34217.5,-7,-18,330
34220.0,52,-36,317
34222.5,27,-45,337
34225.0,11,0,300
34227.5,19,-6,251
34230.0,71,17,320
34232.5,53,5,252
34235.0,-4,4,312
34237.5,-45,-34,355
34240.0,1,20,299
34242.5,30,-9,353
34245.0,40,22,281
34247.5,11,13,278
34250.0,1,-8,271
34252.5,1,-8,271
34255.0,87,40,215
34257.5,7,-35,286
34260.0,-32,-45,362
34262.5,7,-15,330
34265.0,3,-31,352
34267.5,9,-9,261
34270.0,-87,-14,290
34272.5,16,9,317
34275.0,-22,-31,322
34277.5,-28,-36,326
34280.0,54,-27,423
34282.5,-53,-24,297
34285.0,26,-19,368
34287.5,31,-5,231
34290.0,28,14,296
34292.5,36,4,307
34295.0,45,-9,303
34297.5,-5,-31,321
34300.0,21,2,303
34302.5,21,2,303
34305.0,5,19,249
34307.5,-25,-15,317
34310.0,37,48,285
34312.5,-9,-19,283
34315.0,-5,18,330
34317.5,39,34,306
34320.0,-62,-8,345
34322.5,3,-8,281
34325.0,49,-8,252
34327.5,-72,-26,301
34330.0,23,15,281
34332.5,36,-29,308
34335.0,-36,-27,367
34337.5,-45,-42,308
34340.0,-24,-65,340
34342.5,80,-36,235
34345.0,47,-50,345
34347.5,-5,-11,276
34350.0,-5,-22,290
34352.5,-5,-22,290
34355.0,-108,-55,301
34357.5,-19,-54,364
34360.0,35,-11,244
34362.5,13,-9,329
34365.0,85,-21,251
34367.5,-26,-10,287
34370.0,9,-4,319
34372.5,29,-3,305
34375.0,22,-2,287
34377.5,17,28,306
34380.0,56,32,259
34382.5,-45,-29,380
34385.0,78,0,267
34387.5,16,12,304
34390.0,32,16,321
34392.5,-20,-13,311
34395.0,10,-22,338
34397.5,83,19,309
34400.0,117,51,261
34402.5,117,51,261
34405.0,-9,-29,333
34407.5,25,-2,282
34410.0,12,-8,305
34412.5,12,-13,381
34415.0,24,-58,318
34417.5,30,10,327
34420.0,-8,-6,288
34422.5,47,-12,267
34425.0,-36,-11,312
34427.5,43,25,296
34430.0,18,31,336
34432.5,-11,-46,388
34435.0,-14,-22,323
34437.5,-37,-52,340
34440.0,46,0,268
34442.5,-18,-18,262
34445.0,35,2,324
34447.5,-57,-59,316
34450.0,47,-14,294
34452.5,47,-14,294
34455.0,10,-3,342
34457.5,36,-15,273
34460.0,17,-25,347
34462.5,-1,-25,296
34465.0,57,-22,309
34467.5,-68,-45,327
34470.0,-17,-77,328
34472.5,6,3,310
34475.0,20,-3,324
34477.5,-20,-37,284
34480.0,-29,19,331
34482.5,-2,20,277
34485.0,3,-28,307
34487.5,10,-55,357
34490.0,40,32,282
34492.5,12,-54,339
34495.0,61,25,263
34497.5,42,12,232
34500.0,51,29,330
34502.5,51,29,330
34505.0,-9,13,279
34507.5,119,-9,320
34510.0,-15,-24,367
34512.5,95,31,302
34515.0,68,21,336
34517.5,3,-23,274
34520.0,14,22,258
34522.5,-18,-37,301
34525.0,76,7,282
34527.5,-4,-28,311
34530.0,61,21,314
34532.5,14,-36,277
34535.0,-26,19,368
34537.5,4,4,230
34540.0,-54,-23,249
34542.5,-25,-34,298
34545.0,15,-29,304
34547.5,-21,-13,298
34550.0,-21,-13,298
34552.5,-73,-22,348
34555.0,71,-26,326
34557.5,-10,-9,347
34560.0,-27,-44,231
34562.5,69,30,310
34565.0,-33,-13,310
34567.5,12,-30,308
34570.0,20,0,337
34572.5,25,-8,293
34575.0,23,-28,241
34577.5,-14,-10,322
34580.0,84,49,232
34582.5,-2,67,253
34585.0,-83,-45,320
34587.5,-6,-45,339
34590.0,17,-26,374
34592.5,59,7,290
34595.0,22,-4,253
34597.5,-15,-11,287
34600.0,-15,-11,287
34602.5,47,25,277
34605.0,-49,-56,315
34607.5,-30,15,332
34610.0,48,-46,304
34612.5,-36,-22,335
34615.0,-5,22,242
34617.5,-21,4,303
34620.0,34,-23,315
34622.5,-68,45,204
34625.0,-75,-94,269
34627.5,51,-24,353
34630.0,30,-56,326
34632.5,60,-13,327
34635.0,81,21,261
34637.5,11,5,267
34640.0,-2,8,319
34642.5,56,26,280
34645.0,44,24,264
34647.5,39,51,309
34650.0,39,51,309
34652.5,2,-18,257
34655.0,-23,-29,339
34657.5,3,55,230
34660.0,-24,-8,284
34662.5,-21,18,322
34665.0,23,-28,293
34667.5,-68,-11,300
34670.0,-18,-39,326
34672.5,54,4,245
34675.0,-61,-53,291
34677.5,49,-12,291
34680.0,-98,-42,302
34682.5,-35,-41,374
34685.0,13,-54,311
34687.5,-18,-35,332
34690.0,7,-5,278
34692.5,-9,14,279
34695.0,-61,-20,295
34697.5,64,12,314
34700.0,64,12,314
34702.5,15,-4,319
34705.0,51,19,328
34707.5,76,10,313
34710.0,3,-32,362
34712.5,39,18,246
34715.0,-73,11,269
34717.5,40,6,320
34720.0,15,-10,242
34722.5,52,8,286
34725.0,5,29,347
34727.5,0,20,274
34730.0,-31,-37,374
34732.5,-4,-50,245
34735.0,13,13,257
34737.5,-76,-43,316
34740.0,43,-8,340
34742.5,72,7,332
34745.0,47,-26,334
34747.5,6,-24,260
34750.0,6,-24,260
34752.5,38,-15,317
34755.0,126,0,235
34757.5,41,-13,299
34760.0,9,-4,340
34762.5,17,8,294
34765.0,-32,3,313
34767.5,13,68,281
34770.0,-24,-23,252
34772.5,3,3,298
34775.0,23,48,277
34777.5,19,-29,299
34780.0,-52,36,318
34782.5,60,2,334
34785.0,18,-31,330
34787.5,-36,-40,247
34790.0,21,-8,255
34792.5,-48,-52,283
34795.0,-36,-25,277
34797.5,-29,-35,317
34800.0,-29,-35,317
34802.5,47,-25,361
34805.0,-8,-31,247
34807.5,62,4,334
34810.0,22,-28,249
34812.5,-26,-6,228
34815.0,24,-5,294
34817.5,23,9,350
34820.0,68,22,319
34822.5,19,15,313
34825.0,-87,-36,236
34827.5,-38,35,336
34830.0,2,-19,243
34832.5,6,41,282
34835.0,2,26,321
34837.5,23,-32,328
34840.0,-33,0,335
34842.5,28,-45,343
34845.0,-36,-48,266
34847.5,-7,-3,323
34850.0,-7,-3,323
34852.5,31,-8,248
34855.0,-16,-33,282
34857.5,30,-48,362
34860.0,99,33,347
34862.5,11,-17,349
34865.0,-24,-40,291
34867.5,-29,-20,245
34870.0,-15,-32,274
34872.5,33,-7,282
34875.0,-49,-34,293
34877.5,45,-22,372
34880.0,85,-7,310
34882.5,-54,3,327
34885.0,65,42,253
34887.5,18,-3,298
34890.0,20,9,334
34892.5,50,0,302
34895.0,8,3,329
34897.5,91,-32,334
34900.0,91,-32,334
34902.5,99,15,259
34905.0,36,-26,347
34907.5,5,3,243
34910.0,23,-32,296
34912.5,32,8,322
34915.0,49,25,314
34917.5,-13,-85,335
34920.0,67,17,287
34922.5,-31,-63,254
34925.0,-17,-21,298
34927.5,-2,26,262
34930.0,-19,-17,292
34932.5,36,-3,367
34935.0,26,-10,319
34937.5,-46,-34,354
34940.0,-9,-3,295
34942.5,45,15,238
34945.0,-28,-13,280
34947.5,29,-15,263
34950.0,29,-15,263
34952.5,33,-11,295
34955.0,-30,23,313
34957.5,-10,-39,289
34960.0,-1,-33,355
34962.5,22,28,227
34965.0,35,3,295
34967.5,21,-17,288
34970.0,3,9,315
34972.5,-1,22,312
34975.0,-22,-8,328
34977.5,86,23,261
34980.0,-39,-8,325
34982.5,-49,-14,267
34985.0,-27,5,296
34987.5,8,36,344
34990.0,-8,-34,307
34992.5,7,-18,312
34995.0,-42,-47,340
34997.5,40,6,258
35000.0,40,6,258
35002.5,-58,-46,359
35005.0,31,-6,271
35007.5,1,5,306
35010.0,13,-1,352
35012.5,-26,-56,351
35015.0,-26,-32,342
35017.5,17,27,266
35020.0,-36,-27,253
35022.5,6,-5,289
35025.0,11,8,294
35027.5,-4,-26,311
35030.0,-125,0,315
35032.5,53,19,259
35035.0,-10,-19,352
35037.5,41,10,232
35040.0,13,-26,295
35042.5,74,0,322
35045.0,61,-23,290
35047.5,10,-4,333
35050.0,10,-4,333
35052.5,-34,-14,322
35055.0,8,-19,298
35057.5,17,-35,362
35060.0,12,-26,234
35062.5,53,-2,294
35065.0,-22,-10,322
35067.5,-28,-24,302
35070.0,-23,-64,343
35072.5,47,-50,327
35075.0,14,37,310
35077.5,-27,-31,341
35080.0,39,-2,260
35082.5,-43,9,280
35085.0,-3,-6,358
35087.5,70,-9,355
35090.0,25,10,350
35092.5,2,-27,273
35095.0,48,20,233
35097.5,-7,-4,302
35100.0,-7,-4,302
35102.5,19,30,284
35105.0,-18,-27,319
35107.5,8,20,314
35110.0,-30,-19,315
35112.5,14,-27,382
35115.0,36,-14,263
35117.5,17,11,303
35120.0,-1,-5,265
35122.5,-34,-18,290
35125.0,4,-14,305
35127.5,18,-4,352
35130.0,-23,-41,267
35132.5,-39,-42,317
35135.0,78,12,236
35137.5,50,-20,262
35140.0,45,1,323
35142.5,19,14,253
35145.0,11,-29,317
35147.5,44,-9,336
35150.0,44,-9,336
35152.5,28,-17,278
35155.0,-15,-21,368
35157.5,15,-16,267
35160.0,-43,-20,272
35162.5,15,39,336
35165.0,28,15,315
35167.5,-39,-14,340
35170.0,-46,-16,312
35172.5,57,-6,240
35175.0,-24,-42,327
35177.5,36,22,272
35180.0,38,25,247
35182.5,-39,33,306
35185.0,-53,-27,303
35187.5,21,-19,362
35190.0,75,26,283
35192.5,50,-9,292
35195.0,15,-24,296
35197.5,20,-12,318
35200.0,20,-12,318
35202.5,-41,-31,298
35205.0,-6,-57,371
35207.5,27,11,282
35210.0,4,-28,344
35212.5,26,1,244
35215.0,-32,-38,250
35217.5,30,11,325
35220.0,76,-52,316
35222.5,37,17,333
35225.0,10,-3,335
35227.5,34,41,248
35230.0,-34,-18,294
35232.5,18,1,276
35235.0,68,11,307
35237.5,5,14,328
35240.0,19,-11,351
35242.5,-12,5,356
35245.0,-8,-8,313
35247.5,-81,-25,226
35250.0,-81,-25,226
35252.5,17,2,294
35255.0,68,23,286
35257.5,-39,-19,298
35260.0,41,-14,345
35262.5,-13,9,274
35265.0,-32,16,331
35267.5,-17,-13,247
35270.0,-11,20,294
35272.5,29,7,284
35275.0,-15,-5,328
35277.5,-4,-39,306
35280.0,33,21,326
35282.5,125,13,312
35285.0,8,-22,368
35287.5,-15,-29,256
35290.0,-15,-27,283
35292.5,18,-25,363
35295.0,11,-12,302
35297.5,-22,-45,316
35300.0,-22,-45,316
35302.5,59,16,306
35305.0,-16,-21,262
35307.5,16,-6,350
35310.0,85,2,245
35312.5,5,-40,318
35315.0,-3,-18,359
35317.5,-28,-11,309
35320.0,-27,-2,339
35322.5,-5,-34,308
35325.0,19,-10,231
35327.5,9,-39,306
35330.0,32,19,297
35332.5,-6,40,315
35335.0,-29,32,374
35337.5,-41,-9,266
35340.0,-11,-39,375
35342.5,35,16,232
35345.0,81,-6,253
35347.5,-5,-11,283
35350.0,-5,-11,283
35352.5,8,-8,304
35355.0,-31,-19,337
35357.5,61,13,310
35360.0,45,-4,267
35362.5,7,19,356
35365.0,78,-11,242
35367.5,14,-19,274
35370.0,10,8,272
35372.5,72,20,315
35375.0,-23,-39,357
35377.5,38,-22,286
35380.0,54,-45,243
35382.5,-44,-27,299
35385.0,10,-10,261
35387.5,-24,-14,289
35390.0,25,-13,332
35392.5,12,-7,309
35395.0,64,14,361
35397.5,64,14,361
35400.0,-2,21,307
35402.5,-37,3,223
35405.0,17,-26,308
35407.5,4,-21,239
35410.0,9,-9,295
35412.5,-66,-48,352
35415.0,-21,25,286
35417.5,-27,-53,366
35420.0,63,16,235
35422.5,-8,-33,266
35425.0,-18,-8,264
35427.5,-29,-7,299
35430.0,-81,-21,309
35432.5,57,9,364
35435.0,18,-33,332
35437.5,-76,-31,352
35440.0,54,12,273
35442.5,72,9,276
35445.0,-11,-15,271
35447.5,-11,-15,271
35450.0,-29,-23,345
35452.5,34,-2,312
35455.0,27,-11,333
35457.5,20,25,253
35460.0,40,-14,334
35462.5,38,7,237
35465.0,-17,0,296
35467.5,-84,-57,340
35470.0,29,15,306
35472.5,-21,-51,357
35475.0,-2,-2,281
35477.5,-5,5,296
35480.0,18,15,318
35482.5,41,24,233
35485.0,98,14,283
35487.5,3,14,360
35490.0,61,-7,285
35492.5,-13,-66,406
35495.0,20,-1,252
35497.5,20,-1,252
35500.0,107,47,272
35502.5,37,-20,320
35505.0,19,1,297
35507.5,-41,-48,326
35510.0,48,26,334
35512.5,-6,-69,265
35515.0,-1,-2,336
35517.5,52,8,254
35520.0,-12,3,297
35522.5,2,-17,324
35525.0,20,-10,305
35527.5,-7,-36,317
35530.0,-11,-32,358
35532.5,33,21,296
35535.0,-47,-22,335
35537.5,-52,-59,229
35540.0,1,5,286
35542.5,-9,-49,399
35545.0,40,-5,321
35547.5,40,-5,321
35550.0,-75,-46,328
35552.5,-33,-39,330
35555.0,95,20,255
35557.5,18,-63,323
35560.0,25,14,277
35562.5,-23,-3,290
35565.0,-43,-73,326
35567.5,-7,-17,304
35570.0,-3,4,326
35572.5,-68,-32,247
35575.0,-96,-22,294
35577.5,17,4,286
35580.0,-13,0,275
35582.5,-116,-74,307
35585.0,-26,-31,346
35587.5,13,-45,303
35590.0,59,-45,344
35592.5,31,4,210
35595.0,-61,-22,273
35597.5,-61,-22,273
35600.0,-15,-8,343
35602.5,54,19,327
35605.0,-10,-25,330
35607.5,59,42,313
35610.0,-30,-1,241
35612.5,-61,-73,330
35615.0,41,31,277
35617.5,-2,2,306
35620.0,-9,-12,302
35622.5,-19,-6,314
35625.0,12,-64,355
35627.5,48,16,284
35630.0,19,12,230
35632.5,-17,-10,327
35635.0,57,31,290
35637.5,13,-52,291
35640.0,-42,9,328
35642.5,-7,-34,304
35645.0,8,-25,383
35647.5,8,-25,383
35650.0,-12,-27,266
35652.5,-17,-7,299
35655.0,57,-7,310
35657.5,1,-11,293
35660.0,-15,-6,311
35662.5,50,-13,359
35665.0,41,17,312
35667.5,-43,-14,341
35670.0,14,12,225
35672.5,25,51,278
35675.0,0,-60,352
35677.5,23,-8,301
35680.0,45,77,296
35682.5,43,-41,348
35685.0,82,-5,292
35687.5,15,17,324
35690.0,24,-15,243
35692.5,46,-33,312
35695.0,-15,0,330
35697.5,-15,0,330
35700.0,43,52,311
35702.5,-53,-51,324
35705.0,-27,-42,290
35707.5,-15,19,239
35710.0,19,0,297
35712.5,17,-29,294
35715.0,-14,7,300
35717.5,-36,0,340
35720.0,49,-12,304
35722.5,14,-35,328
35725.0,71,-9,247
35727.5,36,-20,283
35730.0,11,-15,290
35732.5,-4,-41,319
35735.0,-33,-5,317
35737.5,18,-20,346
35740.0,23,-14,313
35742.5,-9,-15,388
35745.0,51,-13,261
35747.5,51,-13,261
35750.0,16,13,270
35752.5,26,-13,367
35755.0,52,-6,335
35757.5,8,-3,346
35760.0,-19,4,321
35762.5,72,38,265
35765.0,11,-3,340
35767.5,-36,18,252
35770.0,6,-12,284
35772.5,8,-19,356
35775.0,-1,-8,307
35777.5,4,-32,358
35780.0,41,1,293
35782.5,5,-5,243
35785.0,-51,-44,328
35787.5,-1,6,233
35790.0,45,-58,318
35792.5,22,-22,372
35795.0,30,-11,313
35797.5,30,-11,313
35800.0,-13,-15,358
35802.5,14,-19,256
35805.0,4,-46,269
35807.5,48,-23,306
35810.0,14,13,306
35812.5,-72,-16,287
35815.0,39,-24,364
35817.5,-27,-46,294
35820.0,-46,-29,315
35822.5,-16,-4,255
35825.0,2,-30,307
35827.5,7,-12,303
35830.0,23,53,302
35832.5,19,-24,331
35835.0,21,11,335
35837.5,-37,-16,274
35840.0,27,-5,322
35842.5,47,9,245
35845.0,-3,-27,284
35847.5,-3,-27,284
35850.0,-45,33,292
35852.5,-42,3,309
35855.0,12,0,346
35857.5,16,10,300
35860.0,-6,24,231
35862.5,39,-2,307
35865.0,-4,21,248
35867.5,43,-5,268
35870.0,7,-25,348
35872.5,74,61,327
35875.0,13,-12,340
35877.5,63,36,252
35880.0,-32,-29,230
35882.5,-24,-16,325
35885.0,70,19,297
35887.5,24,-7,317
35890.0,58,26,285
35892.5,43,39,250
35895.0,-8,-34,324
35897.5,-8,-34,324
35900.0,-22,-4,223
35902.5,36,24,269
35905.0,-24,-20,293
35907.5,-26,-7,327
35910.0,61,-18,366
35912.5,-25,-14,358
35915.0,91,-7,331
35917.5,5,-17,360
35920.0,30,-20,246
35922.5,-28,-25,256
35925.0,45,9,316
35927.5,14,9,301
35930.0,11,-42,338
35932.5,42,-6,340
35935.0,70,-1,275
35937.5,25,-2,305
35940.0,81,-2,276
35942.5,51,-14,302
35945.0,0,-7,365
35947.5,0,-7,365
35950.0,42,-31,354
35952.5,-5,-15,356
35955.0,36,13,283
35957.5,8,28,284
35960.0,-3,-34,303
35962.5,40,21,279
35965.0,38,-22,339
35967.5,-109,8,356
35970.0,21,-1,334
35972.5,26,-39,353
35975.0,-32,-23,267
35977.5,13,-1,271
35980.0,-6,3,314
35982.5,-22,-27,291
35985.0,-48,-56,279
35987.5,110,15,350
35990.0,-6,-58,306
35992.5,-56,-29,380
35995.0,41,-27,260
35997.5,41,-27,260
36000.0,106,14,282
36002.5,12,-21,281
36005.0,-1,-16,348
36007.5,33,-12,333
36010.0,25,-28,312
36012.5,27,-1,247
36015.0,-16,-17,314
36017.5,28,11,239
36020.0,1,-14,270
36022.5,23,-16,356
36025.0,-12,-6,293
36027.5,18,-23,341
36030.0,17,-8,270
36032.5,127,1,268
36035.0,78,-1,308
36037.5,-11,-23,287
36040.0,-21,-45,307
36042.5,37,20,330
36045.0,0,-46,305
36047.5,0,-46,305
36050.0,-11,14,368
36052.5,47,-24,330
36055.0,127,26,318
36057.5,20,1,290
36060.0,-8,-21,285
36062.5,18,3,317
36065.0,-19,-17,345
36067.5,1,-28,273
36070.0,78,-16,362
36072.5,92,20,249
36075.0,-56,-49,267
36077.5,-19,-3,293
36080.0,14,-4,340
36082.5,-31,-33,346
36085.0,-4,-15,361
36087.5,6,18,297
36090.0,-94,-33,347
36092.5,-5,-7,259
36095.0,-33,9,275
36097.5,-33,9,275
36100.0,0,-29,341
36102.5,2,-10,305
36105.0,-64,-64,331
36107.5,48,2,281
36110.0,33,19,241
36112.5,10,-18,302
36115.0,-11,-2,263
36117.5,-8,-9,309
36120.0,-1,24,328
36122.5,34,-11,340
36125.0,8,12,379
36127.5,5,-98,333
36130.0,-71,-46,238
36132.5,30,42,265
36135.0,69,1,270
36137.5,-8,18,302
36140.0,13,-46,366
36142.5,57,33,267
36145.0,-36,-12,338
36147.5,-36,-12,338
36150.0,44,-13,234
36152.5,45,-10,292
36155.0,10,6,319
36157.5,-6,5,300
36160.0,26,1,311
36162.5,-10,19,345
36165.0,26,-2,304
36167.5,-35,-41,340
36170.0,53,3,260
36172.5,-64,22,272
36175.0,-14,-21,324
36177.5,22,-24,325
36180.0,50,-33,328
36182.5,25,-53,354
36185.0,67,0,299
36187.5,-35,-17,287
36190.0,17,-25,282
36192.5,-13,-4,307
36195.0,38,1,366
36197.5,38,1,366
36200.0,38,-6,303
36202.5,-30,26,333
36205.0,39,9,297
36207.5,-14,10,201
36210.0,35,28,321
36212.5,-11,9,312
36215.0,12,-13,308
36217.5,-14,-31,357
36220.0,-39,-10,323
36222.5,-61,-41,340
36225.0,117,-8,272
36227.5,-13,-30,286
36230.0,-60,-34,323
36232.5,36,-4,222
36235.0,-36,-12,267
36237.5,-39,13,336
36240.0,-23,-27,293
36242.5,-4,-25,353
36245.0,86,-12,223
36247.5,86,-12,223
36250.0,37,-23,284
36252.5,-12,-11,317
36255.0,31,20,265
36257.5,-24,-29,303
36260.0,38,-29,316
36262.5,34,9,257
36265.0,-74,-52,296
36267.5,71,0,283
36270.0,3,-15,332
36272.5,-39,-6,368
36275.0,35,11,328
36277.5,111,26,338
36280.0,-3,0,303
36282.5,-35,8,226
36285.0,41,9,307
36287.5,36,47,279
36290.0,-2,-10,254
36292.5,-75,-50,335
36295.0,-41,-29,350
36297.5,-41,-29,350
36300.0,-29,-24,358
36302.5,27,-43,239
36305.0,-28,34,252
36307.5,-3,1,316
36310.0,-7,-24,297
36312.5,32,-78,372
36315.0,61,78,354
36317.5,-6,0,298
36320.0,-1,-60,288
36322.5,22,17,242
36325.0,63,3,298
36327.5,-12,-2,307
36330.0,31,-35,311
36332.5,5,-23,287
36335.0,3,-23,321
36337.5,-9,16,230
36340.0,6,-29,321
36342.5,52,-2,257
36345.0,-38,37,288
36347.5,-38,37,288
36350.0,53,9,354
36352.5,103,25,308
36355.0,10,-7,360
36357.5,-8,-24,304
36360.0,72,-4,262
36362.5,1,16,290
36365.0,-3,-3,288
36367.5,-6,6,295
36370.0,-10,-29,347
36372.5,15,12,300
36375.0,24,-15,335
36377.5,-63,-29,233
36380.0,-11,-23,289
36382.5,-39,-26,315
36385.0,8,-1,288
36387.5,22,21,328
36390.0,-57,-30,325
36392.5,9,-23,281
36395.0,-48,-61,341
36397.5,-48,-61,341
36400.0,37,-35,275
36402.5,52,-18,316
36405.0,-1,11,299
36407.5,-37,-17,302
36410.0,45,10,337
36412.5,56,2,290
36415.0,77,7,248
36417.5,31,2,329
36420.0,5,-24,273
36422.5,9,23,277
36425.0,-30,28,337
36427.5,11,-26,312
36430.0,6,-3,390
36432.5,2,17,292
36435.0,51,27,287
36437.5,-13,-9,321
36440.0,68,27,291
36442.5,-49,-38,284
36445.0,22,-17,363
36447.5,22,-17,363
36450.0,1,13,273
36452.5,-19,0,316
36455.0,111,3,258
36457.5,-51,-31,261
36460.0,29,7,324
36462.5,-17,-13,293
36465.0,-42,-30,322
36467.5,31,-29,380
36470.0,-34,-8,231
36472.5,-59,-45,305
36475.0,6,-59,297
36477.5,-4,13,300
36480.0,-1,-15,351
36482.5,-36,-22,303
36485.0,-34,-5,321
36487.5,16,-10,338
36490.0,-25,-18,247
36492.5,21,-13,324
36495.0,51,6,241
36497.5,51,6,241
36500.0,-38,33,259
36502.5,-33,-51,351
36505.0,106,5,316
36507.5,39,-5,369
36510.0,-22,8,238
36512.5,21,28,271
36515.0,72,21,342
36517.5,16,66,310
36520.0,17,30,319
36522.5,-10,-52,355
36525.0,-84,-21,291
36527.5,-97,-78,302
36530.0,1,-7,238
36532.5,-16,24,251
36535.0,-9,-19,305
36537.5,-22,-45,299
36540.0,73,-25,341
36542.5,-3,55,353
36545.0,-4,-20,307
36547.5,-4,-20,307
36550.0,-30,-24,334
36552.5,68,66,226
36555.0,23,-20,281
36557.5,29,-10,289
36560.0,31,-17,284
36562.5,29,25,299
36565.0,-40,-59,272
36567.5,70,-9,260
36570.0,-60,-24,349
36572.5,-9,-19,307
36575.0,-20,-24,307
36577.5,10,-43,371
36580.0,2,0,335
36582.5,11,-2,364
36585.0,48,19,268
36587.5,97,16,284
36590.0,-53,-47,312
36592.5,57,-3,304
36595.0,-1,9,289
36597.5,-1,9,289
36600.0,-52,-34,328
36602.5,-17,-49,354
36605.0,-9,-24,366
36607.5,57,28,215
36610.0,-37,20,247
36612.5,23,-8,292
36615.0,-3,-2,326
36617.5,-37,3,312
36620.0,-57,-8,313
36622.5,-18,-17,282
36625.0,41,-7,344
36627.5,24,0,261
36630.0,32,-21,301
36632.5,-16,-12,324
36635.0,15,14,309
36637.5,21,-13,337
36640.0,7,1,320
36642.5,-44,-36,258
36645.0,-8,-45,337
36647.5,-8,-45,337
36650.0,71,-8,256
36652.5,-11,7,297
36655.0,22,-34,341
36657.5,-37,-44,306
36660.0,49,1,368
36662.5,43,25,301
36665.0,-19,-14,269
36667.5,3,-14,301
36670.0,-19,6,339
36672.5,-14,-19,328
36675.0,9,-12,346
36677.5,-6,-17,299
36680.0,74,13,343
36682.5,1,-25,258
36685.0,-20,-12,245
36687.5,39,10,330
36690.0,80,8,305
36692.5,-18,-22,321
36695.0,-18,-22,321
36697.5,18,16,269
36700.0,33,51,224
36702.5,-25,-19,330
36705.0,28,35,266
36707.5,21,-5,312
36710.0,-29,-47,358
36712.5,-20,-1,314
36715.0,-4,-16,332
36717.5,25,7,291
36720.0,-60,-43,217
36722.5,-7,4,316
36725.0,17,4,286
36727.5,-19,-56,299
36730.0,-73,-46,352
36732.5,62,11,300
36735.0,-48,-24,342
36737.5,16,11,255
36740.0,101,-8,286
36742.5,-18,-25,306
36745.0,-18,-25,306
36747.5,-31,-17,292
36750.0,-13,5,285
36752.5,78,-5,360
36755.0,59,-11,310
36757.5,13,5,368
36760.0,54,-14,226
36762.5,43,-31,321
36765.0,-1,-3,312
36767.5,45,41,291
36770.0,6,17,352
36772.5,-17,9,336
36775.0,96,-7,282
36777.5,17,23,323
36780.0,2,1,265
36782.5,-3,-19,281
36785.0,3,-16,334
36787.5,41,22,283
36790.0,-55,-31,334
36792.5,-15,-63,299
36795.0,-15,-63,299
36797.5,36,10,228
36800.0,-56,-5,281
36802.5,57,27,278
36805.0,56,14,333
36807.5,-26,4,349
36810.0,-6,-53,321
36812.5,-21,-28,318
36815.0,-31,-55,240
36817.5,-57,-56,293
36820.0,65,37,281
36822.5,0,-24,294
36825.0,-24,-20,333
36827.5,30,21,348
36830.0,12,10,317
36832.5,-31,-2,379
36835.0,48,26,248
36837.5,-40,-10,260
36840.0,41,13,327
36842.5,53,38,294
36845.0,53,38,294
36847.5,-3,-25,319
36850.0,-11,16,319
36852.5,50,11,281
36855.0,-30,-21,328
36857.5,3,-4,283
36860.0,-10,-5,308
36862.5,-27,-10,322
36865.0,19,-2,319
36867.5,55,-17,342
36870.0,43,5,280
36872.5,47,6,295
36875.0,-86,-11,299
36877.5,91,38,240
36880.0,4,-10,295
36882.5,-14,-17,349
36885.0,60,20,250
36887.5,-21,33,327
36890.0,55,30,239
36892.5,62,-3,245
36895.0,62,-3,245
36897.5,24,5,301
36900.0,29,-2,259
36902.5,-17,18,278
36905.0,50,1,332
36907.5,35,3,264
36910.0,74,7,340
36912.5,35,-10,253
36915.0,11,-42,301
36917.5,-9,-9,338
36920.0,-23,-7,302
36922.5,-18,-42,336
36925.0,72,12,329
36927.5,58,-18,311
36930.0,-9,-26,357
36932.5,109,22,275
36935.0,36,-16,312
36937.5,-25,-61,392
36940.0,59,-14,323
36942.5,88,44,363
36945.0,88,44,363
36947.5,-35,-16,275
36950.0,11,-8,205
36952.5,-36,21,267
36955.0,18,-4,322
36957.5,-1,-14,290
36960.0,103,13,366
36962.5,-42,20,338
36965.0,-4,-43,377
36967.5,7,2,228
36970.0,-22,10,280
36972.5,17,-3,309
36975.0,5,-10,291
36977.5,87,3,342
36980.0,-9,-29,337
36982.5,34,51,257
36985.0,64,7,330
36987.5,-42,57,240
36990.0,-42,-45,299
36992.5,-22,-20,329
36995.0,-22,-20,329
36997.5,0,-18,299
37000.0,-46,-44,348
37002.5,33,-6,313
37005.0,76,-13,288
37007.5,-4,-9,340
37010.0,46,24,244
37012.5,52,-6,254
37015.0,39,30,360
37017.5,43,-34,310
37020.0,12,-34,376
37022.5,65,29,257
37025.0,13,-13,229
37027.5,-76,-14,291
37030.0,22,2,281
37032.5,-29,-18,333
37035.0,66,12,353
37037.5,-42,12,324
37040.0,2,0,383
37042.5,73,6,265
37045.0,73,6,265
37047.5,-15,-8,251
37050.0,30,-4,355
37052.5,57,25,298
37055.0,1,-2,326
37057.5,-1,-7,322
37060.0,137,3,247
37062.5,24,11,297
37065.0,54,-17,297
37067.5,28,-7,301
37070.0,31,-1,353
37072.5,61,-9,323
37075.0,-71,-27,323
37077.5,33,17,272
37080.0,19,18,248
37082.5,-27,1,285
37085.0,78,-6,322
37087.5,18,11,289
37090.0,-26,-27,356
37092.5,32,-6,328
37095.0,32,-6,328
37097.5,-26,-16,399
37100.0,-13,18,262
37102.5,-57,-36,279
37105.0,-6,-1,298
37107.5,36,36,287
37110.0,6,47,284
37112.5,-11,-25,341
37115.0,123,-35,319
37117.5,-5,24,321
37120.0,-41,-40,248
37122.5,-1,25,290
37125.0,16,20,298
37127.5,5,-6,317
37130.0,56,6,334
37132.5,58,13,322
37135.0,13,-22,247
37137.5,-25,-14,338
37140.0,16,-7,192
37142.5,14,19,294
37145.0,14,19,294
37147.5,15,2,363
37150.0,47,3,281
37152.5,-5,40,369
37155.0,-28,-25,272
37157.5,16,1,256
37160.0,49,3,299
37162.5,55,-5,311
37165.0,-56,-29,294
37167.5,45,-30,363
37170.0,12,-12,344
37172.5,-15,-38,360
37175.0,57,11,231
37177.5,-28,-13,242
37180.0,0,-28,326
37182.5,42,-31,306
37185.0,20,24,329
37187.5,45,-27,333
37190.0,-51,-25,255
37192.5,-26,-12,298
37195.0,-26,-12,298
37197.5,-28,27,228
37200.0,-12,2,303
37202.5,-77,-19,345
37205.0,23,7,305
37207.5,6,13,338
37210.0,29,9,318
37212.5,-78,-46,240
37215.0,79,39,298
37217.5,-11,-32,279
37220.0,-17,-27,304
37222.5,8,29,333
37225.0,91,32,295
37227.5,-21,-4,315
37230.0,17,8,260
37232.5,-40,-45,297
37235.0,-3,-6,306
37237.5,-14,-15,284
37240.0,-50,4,316
37242.5,-3,-60,393
37245.0,-3,-60,393
37247.5,10,-11,286
37250.0,55,1,360
37252.5,36,-5,273
37255.0,-12,-22,305
37257.5,-11,2,311
37260.0,55,11,292
37262.5,11,21,282
37265.0,-46,-23,314
37267.5,14,15,232
37270.0,-61,-18,287
37272.5,-49,25,255
37275.0,-22,-25,271
37277.5,26,-19,353
37280.0,47,4,303
37282.5,41,5,332
37285.0,10,-16,290
37287.5,67,-38,251
37290.0,-48,-38,308
37292.5,54,11,277
37295.0,54,11,277
37297.5,17,25,299
37300.0,-34,-49,362
37302.5,69,-28,292
37305.0,-9,-16,326
37307.5,3,-7,248
37310.0,116,39,279
37312.5,25,-23,322
37315.0,-3,-12,305
37317.5,13,-24,352
37320.0,12,-17,344
37322.5,-6,-26,285
37325.0,13,0,324
37327.5,4,15,258
37330.0,19,-42,364
37332.5,-26,-17,338
37335.0,28,-10,308
37337.5,-13,-43,365
37340.0,-4,-19,362
37342.5,-15,-2,247
37345.0,-15,-2,247
37347.5,35,26,321
37350.0,43,-4,264
37352.5,22,4,308
37355.0,12,-36,343
37357.5,-11,-79,311
37360.0,68,44,372
37362.5,20,8,290
37365.0,49,1,253
37367.5,22,27,260
37370.0,69,-33,318
37372.5,-20,-20,319
37375.0,15,-7,337
37377.5,-92,-27,336
37380.0,-3,12,372
37382.5,8,-21,247
37385.0,74,-6,254
37387.5,-38,-4,296
37390.0,48,17,263
37392.5,48,17,263
37395.0,-61,-7,292
37397.5,2,19,337
37400.0,42,-7,273
37402.5,-2,-54,321
37405.0,83,6,257
37407.5,-16,-30,277
37410.0,27,-15,351
37412.5,38,-22,308
37415.0,-26,-41,322
37417.5,-10,6,316
37420.0,13,-11,274
37422.5,39,7,344
37425.0,11,-2,277
37427.5,1,-44,310
37430.0,-36,-30,356
37432.5,0,-25,312
37435.0,-1,7,339
37437.5,-17,-67,290
37440.0,39,14,237
37442.5,39,14,237
37445.0,4,11,266
37447.5,4,-2,268
37450.0,4,-13,324
37452.5,19,80,307
37455.0,40,9,310
37457.5,-9,22,350
37460.0,78,29,224
37462.5,-18,32,241
37465.0,-21,-6,326
37467.5,57,18,264
37470.0,-24,-17,332
37472.5,52,21,312
37475.0,20,12,251
37477.5,24,-2,339
37480.0,43,28,260
37482.5,-62,34,280
37485.0,-3,-43,354
37487.5,64,-8,295
37490.0,52,-22,347
37492.5,52,-22,347
37495.0,34,-6,298
37497.5,-1,-34,215
37500.0,-4,2,314
37502.5,30,-10,313
37505.0,-21,-16,324
37507.5,10,-20,349
37510.0,4,3,303
37512.5,-29,-40,388
37515.0,-6,-53,261
37517.5,12,-12,262
37520.0,-12,-25,303
37522.5,59,-24,299
37525.0,-52,-5,309
37527.5,20,-31,366
37530.0,56,-30,303
37532.5,-37,-28,356
37535.0,13,-17,257
37537.5,31,1,265
37540.0,21,-5,326
37542.5,21,-5,326
37545.0,-49,-21,289
37547.5,-2,6,309
37550.0,44,-25,364
37552.5,-27,-19,257
37555.0,-65,0,330
37557.5,34,-38,258
37560.0,5,-20,305
37562.5,-37,-22,356
37565.0,0,-18,315
37567.5,50,44,367
37570.0,31,7,312
37572.5,-18,-2,243
37575.0,35,5,312
37577.5,37,19,269
37580.0,-11,-5,292
37582.5,4,-38,355
37585.0,31,1,312
37587.5,5,-5,319
37590.0,39,35,238
37592.5,39,35,238
37595.0,11,18,270
37597.5,26,-2,342
37600.0,59,1,329
37602.5,-26,10,310
37605.0,-27,-21,353
37607.5,23,-7,235
37610.0,22,-13,326
37612.5,-21,5,222
37615.0,20,28,278
37617.5,-24,-5,319
37620.0,-10,-11,305
37622.5,3,21,315
37625.0,74,12,282
37627.5,80,-8,273
37630.0,-11,9,324
37632.5,8,11,257
37635.0,-33,5,280
37637.5,-28,-53,363
37640.0,34,19,290
37642.5,34,19,290
37645.0,86,6,325
37647.5,-25,-46,259
37650.0,-13,-66,286
37652.5,41,-18,333
37655.0,31,-5,294
37657.5,-47,-46,292
37660.0,-36,-44,331
37662.5,49,-12,307
37665.0,70,7,377
37667.5,36,-13,258
37670.0,12,-1,281
37672.5,3,-6,316
37675.0,24,-25,240
37677.5,14,-9,310
37680.0,6,-26,294
37682.5,27,-2,278
37685.0,-92,-29,330
37687.5,42,-19,262
37690.0,-12,-8,298
37692.5,-12,-8,298
37695.0,4,9,348
37697.5,51,-10,306
37700.0,-103,-32,332
37702.5,-28,-67,297
37705.0,48,9,223
37707.5,-10,-1,323
37710.0,-7,-7,270
37712.5,-5,-62,310
37715.0,36,10,343
37717.5,-21,-63,289
37720.0,48,-43,359
37722.5,44,0,246
37725.0,27,-5,262
37727.5,-1,4,282
37730.0,18,-19,280
37732.5,26,-15,309
37735.0,20,-62,341
37737.5,-65,5,333
37740.0,-1,-27,373
37742.5,-1,-27,373
37745.0,33,6,278
37747.5,16,-4,312
37750.0,6,-1,312
37752.5,96,10,310
37755.0,35,12,332
37757.5,-42,-38,351
37760.0,17,-9,280
37762.5,14,8,320
37765.0,0,-15,290
37767.5,-15,-4,305
37770.0,20,29,342
37772.5,-49,-53,277
37775.0,-32,5,326
37777.5,73,26,288
37780.0,-55,-12,230
37782.5,-51,-35,291
37785.0,28,16,326
37787.5,15,14,318
37790.0,-30,-40,335
37792.5,-30,-40,335
37795.0,39,-8,296
37797.5,-2,-1,320
37800.0,-9,-4,230
37802.5,-42,-33,308
37805.0,3,9,295
37807.5,49,8,282
37810.0,10,0,328
37812.5,125,16,363
37815.0,3,-30,223
37817.5,5,1,342
37820.0,27,-29,247
37822.5,-2,-4,290
37825.0,24,32,335
37827.5,1,-17,292
37830.0,100,-39,364
37832.5,58,15,288
37835.0,-10,-47,257
37837.5,-85,-34,336
37840.0,29,-9,298
37842.5,29,-9,298
37845.0,-13,-40,280
37847.5,1,-21,356
37850.0,-27,-4,286
37852.5,23,-4,350
37855.0,12,-24,273
37857.5,66,16,276
37860.0,-18,-7,305
37862.5,31,4,303
37865.0,-13,23,295
37867.5,-87,-17,310
37870.0,56,-6,278
37872.5,-6,-25,352
37875.0,19,-50,245
37877.5,27,19,305
37880.0,-9,-2,308
37882.5,40,-27,291
37885.0,-34,4,272
37887.5,14,27,318
37890.0,-50,-60,256
37892.5,-50,-60,256
37895.0,29,-11,323
37897.5,36,21,241
37900.0,47,-7,299
37902.5,-55,8,289
37905.0,1,-26,315
37907.5,25,-12,351
37910.0,88,8,319
37912.5,-24,15,240
37915.0,53,4,330
37917.5,32,-22,258
37920.0,-21,-32,304
37922.5,-29,-27,363
37925.0,-13,-27,330
37927.5,14,22,353
37930.0,-28,-57,332
37932.5,-11,-21,265
37935.0,13,11,299
37937.5,9,-16,294
37940.0,-8,-6,307
37942.5,-8,-6,307
37945.0,41,-10,353
37947.5,10,-13,319
37950.0,-30,-16,318
37952.5,61,-13,271
37955.0,32,3,287
37957.5,-68,-9,300
37960.0,25,17,283
37962.5,27,6,320
37965.0,15,-27,292
37967.5,53,39,236
37970.0,11,-14,329
37972.5,22,23,231
37975.0,36,32,276
37977.5,-17,-29,347
37980.0,53,17,300
37982.5,-59,-40,324
37985.0,22,-46,292
37987.5,14,6,268
37990.0,14,6,268
37992.5,26,1,324
37995.0,-20,-13,282
37997.5,-43,1,285
38000.0,6,44,334
38002.5,35,-26,290
38005.0,45,17,372
38007.5,-2,-36,295
38010.0,-4,-8,278
38012.5,-49,-38,302
38015.0,55,30,302
38017.5,2,-11,319
38020.0,-6,31,321
38022.5,-12,-11,292
38025.0,-10,22,377
38027.5,46,5,224
38030.0,-6,-30,303
38032.5,39,-14,327
38035.0,86,22,305
38037.5,-47,-36,326
38040.0,-47,-36,326
38042.5,-6,-33,321
38045.0,53,3,269
38047.5,-33,-31,314
38050.0,33,-11,257
38052.5,69,42,265
38055.0,3,-16,350
38057.5,-4,-1,280
38060.0,4,-18,317
38062.5,32,2,287
38065.0,-2,-36,271
38067.5,-74,-22,335
38070.0,70,38,249
38072.5,-78,3,277
38075.0,0,-13,369
38077.5,-2,-37,314
38080.0,-13,-35,345
38082.5,-5,-48,254
38085.0,52,2,263
38087.5,26,19,311
38090.0,26,19,311
38092.5,-15,29,311
38095.0,-45,-46,302
38097.5,13,-10,341
38100.0,43,22,317
38102.5,-20,-13,356
38105.0,-3,-60,225
38107.5,12,-13,281
38110.0,-1,-17,321
38112.5,57,4,281
38115.0,73,-13,323
38117.5,22,-4,354
38120.0,14,-13,245
38122.5,60,1,332
38125.0,25,5,267
38127.5,21,-1,295
38130.0,-14,-20,357
38132.5,0,4,305
38135.0,18,9,359
38137.5,-11,-43,287
38140.0,-11,-43,287
38142.5,-6,-26,236
38145.0,22,22,295
38147.5,56,-22,228
38150.0,46,-24,264
38152.5,-47,6,333
38155.0,24,-20,307
38157.5,-44,-32,358
38160.0,20,12,232
38162.5,44,-15,271
38165.0,32,-8,344
38167.5,32,-12,292
38170.0,7,-18,309
38172.5,1,-26,333
38175.0,38,-17,291
38177.5,-71,-9,337
38180.0,72,29,246
38182.5,48,-23,283
38185.0,-10,-7,337
38187.5,68,-36,334
38190.0,68,-36,334
38192.5,-12,-27,328
38195.0,-49,-65,363
38197.5,34,6,243
38200.0,-14,-15,315
38202.5,39,-42,290
38205.0,4,6,283
38207.5,36,-57,360
38210.0,58,-22,300
38212.5,18,-41,357
38215.0,44,3,293
38217.5,134,61,264
38220.0,80,-13,311
38222.5,21,-3,287
38225.0,6,4,292
38227.5,-43,-58,338
38230.0,7,-14,255
38232.5,9,7,356
38235.0,0,-15,267
38237.5,-5,-84,318
38240.0,-5,-84,318
38242.5,-16,-21,291
38245.0,6,-18,306
38247.5,38,-10,323
38250.0,137,-22,336
38252.5,33,0,265
38255.0,49,5,346
38257.5,-19,-3,239
38260.0,13,-12,283
38262.5,29,13,318
38265.0,-22,-21,271
38267.5,29,-11,343
38270.0,41,20,296
38272.5,2,-44,221
38275.0,-4,-10,304
38277.5,3,-52,273
38280.0,21,-15,269
38282.5,19,-35,367
38285.0,2,-34,317
38287.5,58,17,320
38290.0,58,17,320
38292.5,13,4,242
38295.0,-36,-22,180
38297.5,30,3,275
38300.0,10,-22,265
38302.5,-19,15,292
38305.0,32,1,337
38307.5,23,18,328
38310.0,-53,-45,341
38312.5,57,-46,237
38315.0,19,-24,238
38317.5,4,14,310
38320.0,43,14,287
38322.5,-18,-15,309
38325.0,-38,10,341
38327.5,29,-1,268
38330.0,-43,-52,357
38332.5,47,96,210
38335.0,-4,-32,297
38337.5,-31,-25,352
38340.0,-31,-25,352
38342.5,56,8,313
38345.0,-37,-39,356
38347.5,-8,-33,315
38350.0,35,-40,274
38352.5,-14,-60,313
38355.0,46,1,282
38357.5,-63,-17,304
38360.0,-2,20,391
38362.5,28,-9,322
38365.0,72,-37,368
38367.5,17,-28,300
38370.0,88,30,245
38372.5,42,45,286
38375.0,30,25,288
38377.5,-39,-30,323
38380.0,43,32,342
38382.5,48,19,313
38385.0,-27,-15,372
38387.5,44,-14,238
38390.0,44,-14,238
38392.5,-3,-1,256
38395.0,13,7,306
38397.5,25,-12,292
38400.0,-17,-36,326
38402.5,-14,-41,324
38405.0,-14,-29,301
38407.5,-64,-59,382
38410.0,68,7,264
38412.5,50,-25,300
38415.0,29,-10,339
38417.5,52,15,294
38420.0,-2,-49,316
38422.5,43,-22,298
38425.0,6,35,258
38427.5,-34,-21,315
38430.0,3,-9,296
38432.5,9,11,278
38435.0,-4,-17,349
38437.5,28,-5,318
38440.0,28,-5,318
38442.5,4,-13,344
38445.0,56,1,267
38447.5,40,-9,292
38450.0,40,-9,317
38452.5,43,-35,304
38455.0,-41,4,308
38457.5,27,-6,332
38460.0,13,-8,271
38462.5,41,27,348
38465.0,51,-2,267
38467.5,35,23,276
38470.0,-9,-6,333
38472.5,31,-6,260
38475.0,8,5,322
38477.5,17,3,313
38480.0,10,-10,278
38482.5,13,-34,333
38485.0,57,14,263
38487.5,50,6,277
38490.0,50,6,277
38492.5,-57,-54,309
38495.0,-40,-36,306
38497.5,88,-27,341
38500.0,53,8,298
38502.5,-9,-37,220
38505.0,-69,-26,309
38507.5,56,20,274
38510.0,-11,-30,304
38512.5,-25,-50,359
38515.0,41,0,299
38517.5,19,-13,360
38520.0,7,-2,255
38522.5,18,-14,294
38525.0,-14,-5,294
38527.5,13,40,316
38530.0,-92,-28,308
38532.5,18,-21,337
38535.0,13,-11,336
38537.5,13,-11,336
38540.0,-70,-54,372
38542.5,-8,-91,239
38545.0,49,-27,317
38547.5,12,-10,312
38550.0,16,-16,281
38552.5,36,-11,306
38555.0,31,-31,315
38557.5,62,19,257
38560.0,-50,-11,312
38562.5,27,-25,279
38565.0,-28,-1,275
38567.5,-32,2,321
38570.0,25,29,269
38572.5,41,8,318
38575.0,40,1,280
38577.5,29,-20,301
38580.0,35,-30,275
38582.5,-9,21,302
38585.0,6,-33,304
38587.5,6,-33,304
38590.0,31,12,362
38592.5,92,-1,296
38595.0,-25,-29,348
38597.5,61,34,238
38600.0,52,34,285
38602.5,28,16,273
38605.0,-25,3,283
38607.5,-81,-35,300
38610.0,-7,-7,338
38612.5,49,-16,307
38615.0,-33,-32,358
38617.5,-65,-4,259
38620.0,-7,0,301
38622.5,29,-20,331
38625.0,40,15,292
38627.5,-25,-68,352
38630.0,41,-20,286
38632.5,0,-24,242
38635.0,79,14,323
38637.5,79,14,323
38640.0,14,-50,288
38642.5,42,9,291
38645.0,26,-16,358
38647.5,35,8,313
38650.0,39,23,330
38652.5,8,10,267
38655.0,113,47,262
38657.5,-42,-42,292
38660.0,68,79,265
38662.5,-116,-53,265
38665.0,-11,-53,357
38667.5,-14,5,272
38670.0,-43,-26,349
38672.5,3,-27,250
38675.0,-1,-10,255
38677.5,-17,-30,302
38680.0,44,-25,288
38682.5,-1,-67,331
38685.0,20,-40,332
38687.5,20,-40,332
38690.0,69,-2,268
38692.5,-62,-24,314
38695.0,-21,-22,277
38697.5,57,0,308
38700.0,25,-17,380
38702.5,74,6,325
38705.0,-33,-43,343
38707.5,29,-12,276
38710.0,24,5,260
38712.5,-59,-59,312
38715.0,30,13,232
38717.5,-48,4,314
38720.0,-96,-22,346
38722.5,13,-15,295
38725.0,9,-5,343
38727.5,52,42,273
38730.0,-77,-14,293
38732.5,28,-14,312
38735.0,14,-13,286
38737.5,14,-13,286
38740.0,-18,37,292
38742.5,-5,-29,364
38745.0,38,15,324
38747.5,9,-18,345
38750.0,46,-15,247
38752.5,41,-2,268
38755.0,10,5,320
38757.5,44,25,331
38760.0,36,-32,349
38762.5,38,1,327
38765.0,46,4,222
38767.5,28,-22,312
38770.0,45,8,266
38772.5,20,-14,289
38775.0,-25,32,346
38777.5,-49,-35,268
38780.0,55,3,352
38782.5,-6,-40,284
38785.0,100,16,287
38787.5,100,16,287
38790.0,0,-22,305
38792.5,-3,24,294
38795.0,-59,-8,288
38797.5,8,-33,378
38800.0,2,2,313
38802.5,7,-13,356
38805.0,-26,18,233
38807.5,-26,-6,259
38810.0,2,12,332
38812.5,24,27,266
38815.0,-35,-17,319
38817.5,-34,4,309
38820.0,14,-11,270
38822.5,18,-2,331
38825.0,47,9,219
38827.5,96,3,306
38830.0,17,-12,346
38832.5,19,-43,326
38835.0,-32,-3,316
38837.5,-32,-3,316
38840.0,11,-16,290
38842.5,-1,4,229
38845.0,-42,-54,334
38847.5,8,17,271
38850.0,27,-20,309
38852.5,2,-30,340
38855.0,127,9,325
38857.5,-56,-36,338
38860.0,-60,-47,280
38862.5,109,-46,304
38865.0,-10,-28,301
38867.5,1,-13,287
38870.0,-15,-19,320
38872.5,57,25,338
38875.0,29,-23,301
38877.5,-9,16,338
38880.0,75,6,255
38882.5,12,-3,254
38885.0,-9,-18,326
38887.5,-9,-18,326
38890.0,55,-26,298
38892.5,83,73,339
38895.0,-42,-43,322
38897.5,-28,-4,263
38900.0,-61,-52,299
38902.5,0,21,265
38905.0,6,-15,262
38907.5,-13,-70,383
38910.0,48,-29,307
38912.5,-43,-25,326
38915.0,10,-10,290
38917.5,18,-4,235
38920.0,-25,-20,313
38922.5,-17,-19,293
38925.0,28,1,311
38927.5,39,45,312
38930.0,40,-7,306
38932.5,-55,-60,378
38935.0,126,52,212
38937.5,126,52,212
38940.0,-89,4,291
38942.5,-21,-16,306
38945.0,40,4,315
38947.5,88,-2,321
38950.0,19,-6,319
38952.5,17,7,245
38955.0,1,5,297
38957.5,8,5,259
38960.0,-76,11,264
38962.5,3,-39,352
38965.0,7,16,295
38967.5,-46,-22,334
38970.0,14,-12,239
38972.5,-3,-24,215
38975.0,22,-12,296
38977.5,42,7,262
38980.0,11,-10,339
38982.5,-42,-7,358
38985.0,-61,-51,325
38987.5,-61,-51,325
38990.0,-12,-15,360
38992.5,23,-28,274
38995.0,73,17,285
38997.5,35,-19,309
39000.0,-7,-33,267
39002.5,29,-5,322
39005.0,15,17,301
39007.5,14,3,300
39010.0,-50,7,331
39012.5,80,5,296
39015.0,-28,-61,316
39017.5,36,-10,318
39020.0,24,-20,310
39022.5,42,-18,340
39025.0,-4,-46,333
39027.5,30,17,267
39030.0,-70,-29,338
39032.5,16,21,253
39035.0,16,21,253
39037.5,-34,-8,287
39040.0,23,13,309
39042.5,12,-8,274
39045.0,43,-31,328
39047.5,46,34,265
39050.0,2,-24,233
39052.5,44,32,304
39055.0,6,1,281
39057.5,-26,-16,309
39060.0,36,-10,356
39062.5,11,-11,324
39065.0,-64,-36,375
39067.5,49,-7,226
39070.0,5,7,294
39072.5,15,-20,312
39075.0,20,24,286
39077.5,-55,-72,339
39080.0,8,5,340
39082.5,66,3,274
39085.0,66,3,274
39087.5,-50,-27,299
39090.0,-24,-43,252
39092.5,-16,32,270
39095.0,-23,-26,363
39097.5,37,-64,304
39100.0,-46,-32,327
39102.5,36,7,280
39105.0,-50,-45,246
39107.5,-56,8,286
39110.0,-14,-17,266
39112.5,37,-24,299
39115.0,-2,-24,334
39117.5,43,24,265
39120.0,-5,-19,317
39122.5,-101,-75,310
39125.0,47,-22,270
39127.5,-11,12,309
39130.0,-2,-2,312
39132.5,-47,-80,333
39135.0,-47,-80,333
39137.5,77,4,376
39140.0,-6,9,307
39142.5,9,-32,345
39145.0,68,37,231
39147.5,78,22,266
39150.0,22,-3,298
39152.5,13,-15,342
39155.0,48,-3,358
39157.5,39,-21,363
39160.0,-63,-71,254
39162.5,7,20,312
39165.0,-55,-18,278
39167.5,114,34,261
39170.0,-50,-63,390
39172.5,23,-30,307
39175.0,-3,12,325
39177.5,25,-45,301
39180.0,-11,-48,255
39182.5,23,23,310
39185.0,23,23,310
39187.5,34,-11,319
39190.0,27,-22,307
39192.5,-3,-38,359
39195.0,43,29,302
39197.5,-44,-12,366
39200.0,30,57,246
39202.5,7,-54,328
39205.0,-22,-38,332
39207.5,37,17,308
39210.0,39,8,336
39212.5,-15,-60,335
39215.0,-9,-9,253
39217.5,-4,-34,331
39220.0,34,7,257
39222.5,-12,44,260
39225.0,-22,17,311
39227.5,8,27,299
39230.0,-30,-23,356
39232.5,21,4,305
39235.0,21,4,305
39237.5,3,11,246
39240.0,6,-7,322
39242.5,14,-13,274
39245.0,-5,-12,297
39247.5,-19,-29,363
39250.0,40,-23,293
39252.5,-40,-67,385
39255.0,73,42,228
39257.5,15,-16,268
39260.0,2,-24,282
39262.5,-5,-21,340
39265.0,-17,-51,283
39267.5,-14,-1,330
39270.0,46,19,268
39272.5,0,-17,358
39275.0,6,6,264
39277.5,3,-11,276
39280.0,-34,-53,348
39282.5,-32,-26,292
39285.0,-32,-26,292
39287.5,39,12,336
39290.0,7,-11,288
39292.5,9,48,221
39295.0,-70,-64,328
39297.5,53,14,263
39300.0,-15,3,306
39302.5,87,-29,384
39305.0,29,-14,294
39307.5,-80,-18,338
39310.0,-6,-23,263
39312.5,-47,-6,277
39315.0,15,-22,326
39317.5,27,28,265
39320.0,40,-4,304
39322.5,58,-41,382
39325.0,-26,-40,314
39327.5,-44,-37,346
39330.0,-21,-67,304
39332.5,-50,-4,274
39335.0,-50,-4,274
39337.5,25,14,338
39340.0,52,-22,318
39342.5,13,-38,313
39345.0,1,-16,331
39347.5,59,43,235
39350.0,-9,-15,310
39352.5,1,4,268
39355.0,-17,6,300
39357.5,25,16,356
39360.0,-43,-46,293
39362.5,40,2,354
39365.0,25,14,276
39367.5,87,-20,308
39370.0,-36,-26,291
39372.5,35,1,303
39375.0,-10,-38,314
39377.5,47,24,350
39380.0,9,-15,333
39382.5,39,-40,397
39385.0,39,-40,397
39387.5,51,13,281
39390.0,-76,-77,261
39392.5,62,15,340
39395.0,27,27,311
39397.5,30,-22,333
39400.0,14,11,309
39402.5,80,25,249
39405.0,-32,-21,337
39407.5,-19,-1,259
39410.0,-16,0,306
39412.5,33,-19,335
39415.0,49,-10,300
39417.5,-17,-50,344
39420.0,-1,9,287
39422.5,9,-32,320
39425.0,-59,-26,291
39427.5,74,-2,247
39430.0,17,-6,276
39432.5,-61,-5,345
39435.0,-61,-5,345
39437.5,-8,30,258
39440.0,29,0,339
39442.5,12,-10,257
39445.0,105,-21,253
39447.5,106,-4,298
39450.0,25,18,279
39452.5,13,-37,320
39455.0,32,5,324
39457.5,64,-16,319
39460.0,-4,-1,353
39462.5,26,-2,264
39465.0,96,5,319
39467.5,6,11,307
39470.0,-2,-10,310
39472.5,52,-10,349
39475.0,79,5,287
39477.5,-1,-28,221
39480.0,-13,-22,313
39482.5,47,27,280
39485.0,47,27,280
39487.5,-6,-17,304
39490.0,-9,13,331
39492.5,26,-21,330
39495.0,56,14,323
39497.5,-13,-35,250
39500.0,49,-45,249
39502.5,52,-5,327
39505.0,13,3,287
39507.5,-111,-31,306
39510.0,74,3,378
39512.5,124,22,292
39515.0,32,1,347
39517.5,41,-11,246
39520.0,120,-11,287
39522.5,27,-2,309
39525.0,66,-21,324
39527.5,60,7,299
39530.0,-17,-76,311
39532.5,-17,-76,311
39535.0,-57,-41,276
39537.5,2,-42,323
39540.0,31,-15,262
39542.5,-23,-36,284
39545.0,-1,-14,360
39547.5,36,-6,321
39550.0,23,37,366
39552.5,12,-51,287
39555.0,28,3,287
39557.5,-2,-14,312
39560.0,46,8,294
39562.5,-76,-46,336
39565.0,47,-23,365
39567.5,46,-13,307
39570.0,55,16,353
39572.5,52,2,253
39575.0,131,21,234
39577.5,-16,-31,300
39580.0,16,6,300
39582.5,16,6,300
39585.0,13,-2,319
39587.5,48,17,308
39590.0,96,37,245
39592.5,-60,-23,324
39595.0,44,65,270
39597.5,39,0,304
39600.0,-3,-20,352
39602.5,74,48,287
39605.0,21,-20,319
39607.5,-25,-28,290
39610.0,87,25,264
39612.5,-28,-24,296
39615.0,52,-41,304
39617.5,-4,-35,308
39620.0,-17,-20,319
39622.5,35,8,280
39625.0,-21,-35,355
39627.5,67,5,230
39630.0,33,8,252
39632.5,33,8,252
39635.0,-5,-20,311
39637.5,25,-23,261
39640.0,1,15,292
39642.5,-15,-13,319
39645.0,-46,-20,270
39647.5,-59,-22,343
39650.0,-61,12,269
39652.5,23,-3,310
39655.0,-6,-3,307
39657.5,18,-59,377
39660.0,17,-19,360
39662.5,15,26,310
39665.0,-9,30,247
39667.5,-45,-48,292
39670.0,17,-10,265
39672.5,-21,-23,327
39675.0,-16,20,360
39677.5,0,-59,335
39680.0,34,-31,366
39682.5,34,-31,366
39685.0,38,12,254
39687.5,55,-25,275
39690.0,2,-46,306
39692.5,19,-1,301
39695.0,-31,17,273
39697.5,-33,-64,357
39700.0,-55,-11,264
39702.5,-23,-13,340
39705.0,46,-1,250
39707.5,62,-12,291
39710.0,-81,-84,341
39712.5,39,-1,306
39715.0,6,-8,335
39717.5,61,15,303
39720.0,62,15,231
39722.5,43,10,319
39725.0,49,-8,269
39727.5,-27,0,292
39730.0,44,23,385
39732.5,44,23,385
39735.0,54,-10,323
39737.5,19,10,330
39740.0,40,36,280
39742.5,13,39,283
39745.0,-4,-26,309
39747.5,52,29,251
39750.0,74,59,246
39752.5,-24,-54,355
39755.0,83,0,317
39757.5,-18,4,363
39760.0,-15,-38,260
39762.5,-34,3,240
39765.0,45,23,299
39767.5,3,12,318
39770.0,-35,-29,323
39772.5,-21,-32,310
39775.0,3,4,214
39777.5,-4,-35,343
39780.0,-13,-5,255
39782.5,-13,-5,255
39785.0,27,44,260
39787.5,-39,-31,320
39790.0,2,-1,289
39792.5,-1,-35,339
39795.0,68,-5,318
39797.5,24,-6,266
39800.0,17,-3,285
39802.5,41,10,296
39805.0,49,-22,309
39807.5,-50,-58,368
39810.0,27,-9,258
39812.5,-51,-32,349
39815.0,-7,-26,298
39817.5,-16,42,224
39820.0,46,-8,285
39822.5,91,8,276
39825.0,-26,-14,283
39827.5,-13,-27,346
39830.0,57,-50,253
39832.5,57,-50,253
39835.0,28,-20,339
39837.5,80,12,249
39840.0,48,27,299
39842.5,14,-37,342
39845.0,30,6,317
39847.5,41,-11,318
39850.0,73,-13,325
39852.5,-50,-34,266
39855.0,4,1,318
39857.5,54,23,250
39860.0,-82,-1,271
39862.5,-23,-19,343
39865.0,26,21,312
39867.5,32,31,340
39870.0,15,-20,304
39872.5,59,-28,312
39875.0,4,18,282
39877.5,17,-3,300
39880.0,88,9,309
39882.5,88,9,309
39885.0,73,-22,354
39887.5,45,-48,319
39890.0,-24,-36,338
39892.5,21,-6,241
39895.0,-37,11,246
39897.5,38,4,307
39900.0,48,36,296
39902.5,-35,-56,327
39905.0,33,-4,361
39907.5,-34,-1,298
39910.0,-32,-4,339
39912.5,4,6,243
39915.0,-128,-6,288
39917.5,9,-1,384
39920.0,30,-12,293
39922.5,-41,-49,331
39925.0,46,-12,319
39927.5,54,-51,305
39930.0,94,44,284
39932.5,94,44,284
39935.0,33,28,283
39937.5,22,-2,302
39940.0,-36,-21,336
39942.5,57,-1,311
39945.0,43,0,332
39947.5,53,17,320
39950.0,25,5,258
39952.5,-7,-46,314
39955.0,29,3,293
39957.5,3,-36,346
39960.0,50,-25,338
39962.5,-22,-30,335
39965.0,-34,-22,354
39967.5,47,26,248
39970.0,-20,-20,284
39972.5,-41,-47,312
39975.0,-8,-17,311
39977.5,13,8,312
39980.0,5,2,298
39982.5,5,2,298
39985.0,112,-9,246
39987.5,-15,-10,309
39990.0,16,2,287
39992.5,-51,-11,290
39995.0,-66,25,371
39997.5,12,-14,313
40000.0,25,-6,392
40002.5,90,-6,269
40005.0,-18,3,296
40007.5,13,40,267
40010.0,26,-8,311
40012.5,18,-25,335
40015.0,82,8,326
40017.5,13,-7,300
40020.0,73,-2,351
40022.5,41,2,276
40025.0,-15,0,264
40027.5,1,-20,318
40030.0,1,-20,318
40032.5,23,18,296
40035.0,-8,-49,322
40037.5,63,8,322
40040.0,52,6,251
40042.5,37,-29,353
40045.0,91,-10,268
40047.5,13,-15,308
40050.0,35,-29,387
40052.5,22,-13,297
40055.0,-22,-35,331
40057.5,57,24,269
40060.0,44,1,302
40062.5,-32,-22,288
40065.0,-1,-1,271
40067.5,-41,15,283
40070.0,-39,-12,307
40072.5,49,17,280
40075.0,-3,13,328
40077.5,-4,-46,319
40080.0,-4,-46,319
40082.5,-39,-39,275
40085.0,-31,-1,296
40087.5,61,-1,300
40090.0,16,-13,321
40092.5,12,16,315
40095.0,-52,-38,264
40097.5,6,-20,335
40100.0,35,11,264
40102.5,30,3,281
40105.0,-51,-24,386
40107.5,74,20,332
40110.0,-26,-70,368
40112.5,26,-21,282
40115.0,18,17,232
40117.5,-10,-2,285
40120.0,34,11,323
40122.5,26,-22,324
40125.0,-26,-43,364
40127.5,4,15,255
40130.0,4,15,255
40132.5,7,-12,308
40135.0,1,16,243
40137.5,10,-3,273
40140.0,-32,-41,334
40142.5,64,23,304
40145.0,4,-10,286
40147.5,17,-12,337
40150.0,69,27,279
40152.5,-40,-9,364
40155.0,68,19,212
40157.5,87,25,287
40160.0,-18,-22,347
40162.5,60,-37,319
40165.0,24,-11,335
40167.5,23,12,289
40170.0,-46,7,238
40172.5,-72,-31,292
40175.0,-29,3,275
40177.5,23,30,302
40180.0,23,30,302
40182.5,-15,-7,390
40185.0,45,9,288
40187.5,22,-18,346
40190.0,-34,-17,240
40192.5,-1,-34,270
40195.0,55,5,314
40197.5,32,-15,255
40200.0,11,39,269
40202.5,7,16,354
40205.0,36,2,301
40207.5,-42,-29,372
40210.0,12,-39,264
40212.5,1,-26,283
40215.0,13,-18,330
40217.5,32,6,317
40220.0,3,34,324
40222.5,49,-19,314
40225.0,76,-13,267
40227.5,34,-19,345
40230.0,34,-19,345
40232.5,14,5,302
40235.0,16,-4,302
40237.5,-35,-34,366
40240.0,33,-11,307
40242.5,20,0,345
40245.0,20,-35,290
40247.5,119,13,256
40250.0,70,27,299
40252.5,-17,-12,287
40255.0,17,2,288
40257.5,26,-35,379
40260.0,79,5,254
40262.5,31,-13,331
40265.0,11,-1,247
40267.5,36,24,304
40270.0,-16,-14,312
40272.5,34,-15,302
40275.0,20,-22,338
40277.5,46,-12,326
40280.0,46,-12,326
40282.5,-5,-8,255
40285.0,-50,-44,294
40287.5,20,-1,272
40290.0,-20,-34,274
40292.5,-34,-38,353
40295.0,-46,23,308
40297.5,12,7,373
40300.0,-27,-39,274
40302.5,29,-39,241
40305.0,36,0,306
40307.5,44,-8,295
40310.0,-55,-19,288
40312.5,22,-50,364
40315.0,-66,-19,278
40317.5,0,0,324
40320.0,83,-15,251
40322.5,118,40,310
40325.0,40,-16,345
40327.5,-15,-36,311
40330.0,-15,-36,311
40332.5,7,12,335
40335.0,37,-39,335
40337.5,42,-8,277
40340.0,-2,-29,308
40342.5,9,11,264
40345.0,4,-17,302
40347.5,-45,-13,368
40350.0,26,-12,313
40352.5,-30,-50,346
40355.0,16,-23,302
40357.5,33,-14,266
40360.0,50,18,298
40362.5,15,-64,318
40365.0,-36,-36,303
40367.5,100,17,364
40370.0,29,-14,321
40372.5,27,-43,363
40375.0,118,29,247
40377.5,28,-46,283
40380.0,28,-46,283
40382.5,72,-10,283
40385.0,6,-5,339
40387.5,-41,13,334
40390.0,-25,-62,326
40392.5,48,-30,292
40395.0,18,-14,303
40397.5,106,42,270
40400.0,13,-3,303
40402.5,-11,-3,343
40405.0,49,34,328
40407.5,-14,-5,341
40410.0,-5,-28,302
40412.5,-18,-14,243
40415.0,-24,-14,302
40417.5,43,17,285
40420.0,6,11,275
40422.5,-36,-33,336
40425.0,18,-7,329
40427.5,7,-33,347
40430.0,7,-33,347
40432.5,-8,28,267
40435.0,-62,-5,271
40437.5,7,-10,308
40440.0,41,19,343
40442.5,37,-4,316
40445.0,34,24,313
40447.5,-33,-37,264
40450.0,-18,-25,348
40452.5,25,17,234
40455.0,-36,-42,278
40457.5,-52,-5,300
40460.0,24,15,330
40462.5,-21,-33,342
40465.0,-6,-21,302
40467.5,39,-1,263
40470.0,64,40,336
40472.5,6,22,256
40475.0,-13,-28,304
40477.5,10,17,354
40480.0,10,17,354
40482.5,8,-21,328
40485.0,10,-50,352
40487.5,43,0,245
40490.0,-60,-6,274
40492.5,30,-16,324
40495.0,8,-17,279
40497.5,-28,-26,327
40500.0,-42,-24,293
40502.5,107,-21,281
40505.0,55,-3,336
40507.5,36,16,235
40510.0,5,-34,269
40512.5,-30,33,336
40515.0,34,35,355
40517.5,-58,-20,352
40520.0,-20,-39,310
40522.5,90,-11,252
40525.0,-38,-20,290
40527.5,-38,-20,290
40530.0,-26,4,259
40532.5,-17,-59,320
40535.0,19,11,350
40537.5,38,-13,300
40540.0,-55,6,365
40542.5,-8,-29,296
40545.0,-69,-35,327
40547.5,-5,-39,291
40550.0,1,14,276
40552.5,-52,-12,312
40555.0,19,-16,373
40557.5,47,1,295
40560.0,-15,8,349
40562.5,39,12,261
40565.0,50,6,294
40567.5,-15,-10,316
40570.0,-4,26,299
40572.5,-45,-30,376
40575.0,49,-21,362
40577.5,49,-21,362
40580.0,-149,-43,269
40582.5,-45,6,325
40585.0,59,-34,313
40587.5,119,14,292
40590.0,-2,1,346
40592.5,42,18,331
40595.0,25,-31,402
40597.5,10,-13,282
40600.0,-13,-5,312
40602.5,55,-19,306
40605.0,-20,-1,326
40607.5,-28,-17,332
40610.0,20,-35,351
40612.5,19,-63,248
40615.0,-13,-22,367
40617.5,20,-27,256
40620.0,32,16,275
40622.5,-12,-25,335
40625.0,34,-3,288
40627.5,34,-3,288
40630.0,69,-2,318
40632.5,78,20,321
40635.0,-19,-19,259
40637.5,-40,-37,351
40640.0,-4,47,256
40642.5,9,-12,286
40645.0,-2,23,371
40647.5,3,-7,324
40650.0,82,12,360
40652.5,-15,-38,264
40655.0,14,-29,248
40657.5,50,12,289
40660.0,-10,-39,287
40662.5,-40,-18,317
40665.0,-69,-86,323
40667.5,-8,5,270
40670.0,-2,-26,368
40672.5,-12,42,233
40675.0,6,27,305
40677.5,6,27,305
40680.0,-40,-41,316
40682.5,8,-31,296
40685.0,6,-3,322
40687.5,52,43,317
40690.0,70,20,270
40692.5,-95,-40,352
40695.0,-7,9,283
40697.5,-25,-34,274
40700.0,-23,12,413
40702.5,-86,-21,247
40705.0,29,-33,325
40707.5,9,4,274
40710.0,8,-6,238
40712.5,-64,-27,290
40715.0,46,5,286
40717.5,-23,-1,308
40720.0,30,-34,375
40722.5,13,2,299
40725.0,0,-5,377
40727.5,0,-5,377
40730.0,51,18,236
40732.5,6,17,278
40735.0,20,11,323
40737.5,64,11,289
40740.0,-28,-44,333
40742.5,8,-1,334
40745.0,1,-13,275
40747.5,-17,36,325
40750.0,49,-9,255
40752.5,30,-19,283
40755.0,0,-31,361
40757.5,79,-38,321
40760.0,58,2,360
40762.5,38,22,291
40765.0,75,9,245
40767.5,82,8,318
40770.0,26,-12,282
40772.5,-50,-45,348
40775.0,-42,27,317
40777.5,-42,27,317
40780.0,13,2,317
40782.5,6,-50,339
40785.0,36,-19,238
40787.5,48,41,302
40790.0,25,22,301
40792.5,10,-12,289
40795.0,57,42,323
40797.5,3,-33,312
40800.0,-42,-19,253
40802.5,-3,17,318
40805.0,31,-16,259
40807.5,18,-18,305
40810.0,-15,-27,338
40812.5,-4,-15,259
40815.0,-66,-16,342
40817.5,-1,-1,298
40820.0,-11,-8,272
40822.5,32,-13,327
40825.0,22,-3,307
40827.5,22,-3,307
40830.0,16,-17,306
40832.5,-10,-21,320
40835.0,7,-11,311
40837.5,-66,-52,359
40840.0,90,20,245
40842.5,107,17,273
40845.0,-45,-64,282
40847.5,-9,-18,323
40850.0,-43,-23,322
40852.5,-9,-7,328
40855.0,1,-15,269
40857.5,-43,-25,306
40860.0,-30,35,268
40862.5,-9,-20,302
40865.0,-17,-18,335
40867.5,33,-14,309
40870.0,84,7,332
40872.5,31,-24,312
40875.0,74,-22,264
40877.5,74,-22,264
40880.0,5,-1,329
40882.5,74,-4,301
40885.0,32,-13,293
40887.5,57,21,349
40890.0,-42,-43,309
40892.5,-18,-37,334
40895.0,-3,31,236
40897.5,50,5,251
40900.0,-1,-22,312
40902.5,2,-21,319
40905.0,-23,-14,338
40907.5,62,5,346
40910.0,-18,-59,357
40912.5,-46,-8,354
40915.0,19,-23,255
40917.5,-51,-77,289
40920.0,-20,25,305
40922.5,-6,3,292
40925.0,-20,-45,331
40927.5,-20,-45,331
40930.0,12,-37,322
40932.5,85,10,270
40935.0,8,-2,316
40937.5,-15,-23,294
40940.0,25,-38,313
40942.5,-19,-15,375
40945.0,75,-12,319
40947.5,-2,-74,338
40950.0,33,30,273
40952.5,-4,32,217
40955.0,10,-25,287
40957.5,32,7,279
40960.0,28,35,314
40962.5,39,-44,341
40965.0,19,-23,242
40967.5,1,-11,329
40970.0,-16,-28,255
40972.5,-18,7,248
40975.0,-1,7,311
40977.5,-1,7,311
40980.0,58,-21,337
40982.5,-58,-4,310
40985.0,36,-45,319
40987.5,36,3,215
40990.0,36,2,310
40992.5,6,-13,266
40995.0,121,-6,320
40997.5,-11,-26,365
41000.0,17,-12,323
41002.5,21,7,321
41005.0,42,7,277
41007.5,58,-18,252
41010.0,94,20,311
41012.5,1,-3,281
41015.0,-35,-30,304
41017.5,-20,-17,343
41020.0,49,5,284
41022.5,40,11,344
41025.0,60,-3,255
41027.5,60,-3,255
41030.0,9,-24,282
41032.5,36,-1,330
41035.0,76,3,342
41037.5,11,-37,359
41040.0,14,-68,311
41042.5,52,23,299
41045.0,-12,-7,357
41047.5,43,30,213
41050.0,-15,15,270
41052.5,24,-23,361
41055.0,83,28,318
41057.5,-25,-47,400
41060.0,15,-28,289
41062.5,-14,-27,225
41065.0,-26,1,305
41067.5,4,-9,263
41070.0,46,22,257
41072.5,-58,-38,349
41075.0,127,-14,294
41077.5,127,-14,294
41080.0,27,-8,361
41082.5,36,-9,263
41085.0,-23,7,274
41087.5,18,-14,356
41090.0,56,1,320
41092.5,24,41,334
41095.0,-32,-39,338
41097.5,12,-26,286
41100.0,20,-9,326
41102.5,25,-20,238
41105.0,8,-1,292
41107.5,-9,40,343
41110.0,-136,-20,311
41112.5,62,30,323
41115.0,37,5,286
41117.5,-14,-33,271
41120.0,-75,11,284
41122.5,116,7,302
41125.0,0,-5,295
41127.5,0,-5,295
41130.0,15,-32,342
41132.5,97,8,273
41135.0,35,3,351
41137.5,-1,-33,243
41140.0,22,-24,239
41142.5,49,24,300
41145.0,16,1,300
41147.5,-26,-38,350
41150.0,-46,-6,357
41152.5,91,22,281
41155.0,78,59,296
41157.5,38,11,261
41160.0,-14,-6,310
41162.5,27,-8,371
41165.0,39,-8,311
41167.5,-42,12,343
41170.0,19,5,267
41172.5,-40,-14,225
41175.0,15,-9,304
41177.5,15,-9,304
41180.0,47,8,312
41182.5,40,0,322
41185.0,37,0,340
41187.5,41,-14,333
41190.0,11,10,381
41192.5,48,27,232
41195.0,31,-16,301
41197.5,36,-1,319
41200.0,65,38,298
41202.5,-22,41,341
41205.0,-15,13,338
41207.5,27,-21,336
41210.0,-55,-64,364
41212.5,36,-15,231
41215.0,23,-16,289
41217.5,7,-35,356
41220.0,23,13,299
41222.5,28,16,341
41225.0,26,25,292
41227.5,26,25,292
41230.0,-33,14,277
41232.5,2,6,308
41235.0,33,60,266
41237.5,4,12,299
41240.0,-11,-24,333
41242.5,-10,2,309
41245.0,-58,-65,346
41247.5,35,30,263
41250.0,6,27,259
41252.5,15,-21,311
41255.0,-7,-16,299
41257.5,-21,-4,259
41260.0,-3,9,328
41262.5,-43,-35,246
41265.0,-24,-30,337
41267.5,14,-22,245
41270.0,-20,-2,307
41272.5,0,8,346
41275.0,-68,-75,328
41277.5,-68,-75,328
41280.0,-41,-22,354
41282.5,30,8,305
41285.0,-11,-23,233
41287.5,50,34,325
41290.0,-29,11,306
41292.5,-46,-38,319
41295.0,43,46,334
41297.5,-99,-32,277
41300.0,-98,-53,380
41302.5,25,12,246
41305.0,-15,42,282
41307.5,-33,-22,343
41310.0,28,12,298
41312.5,-27,-53,327
41315.0,-41,-29,353
41317.5,-47,-38,305
41320.0,-30,-9,351
41322.5,38,-13,242
41325.0,-4,-16,316
41327.5,-4,-16,316
41330.0,-18,-1,325
41332.5,24,-9,318
41335.0,50,-1,362
41337.5,3,-26,276
41340.0,24,-2,249
41342.5,12,-2,317
41345.0,-8,-11,294
41347.5,13,-4,293
41350.0,-37,21,355
41352.5,14,31,313
41355.0,-14,-16,349
41357.5,11,-7,256
41360.0,-26,-51,289
41362.5,13,5,323
41365.0,38,-10,301
41367.5,-43,-44,336
41370.0,-25,-21,321
41372.5,-33,46,255
41375.0,-33,46,255
41377.5,-6,-17,313
41380.0,-28,-26,252
41382.5,27,21,290
41385.0,-17,-6,314
41387.5,5,17,312
41390.0,45,-34,343
41392.5,69,9,285
41395.0,38,17,250
41397.5,64,27,323
41400.0,-14,-14,305
41402.5,27,24,297
41405.0,-24,-13,353
41407.5,28,10,291
41410.0,-10,-43,341
41412.5,42,-9,248
41415.0,135,-26,292
41417.5,-42,-27,293
41420.0,5,-6,275
41422.5,-12,-17,320
41425.0,-12,-17,320
41427.5,10,6,331
41430.0,2,-1,289
41432.5,-34,-27,359
41435.0,44,19,257
41437.5,0,12,277
41440.0,-53,-17,317
41442.5,11,7,310
41445.0,-28,35,338
41447.5,2,-31,293
41450.0,-21,-24,275
41452.5,62,28,323
41455.0,-63,-11,271
41457.5,3,3,288
41460.0,54,24,352
41462.5,44,-13,321
41465.0,45,-19,338
41467.5,-13,-6,229
41470.0,0,-29,293
41472.5,6,-2,326
41475.0,6,-2,326
41477.5,-3,-22,324
41480.0,-6,2,346
41482.5,-21,-38,347
41485.0,-39,-7,258
41487.5,-13,38,327
41490.0,-43,1,266
41492.5,-57,24,284
41495.0,28,-6,399
41497.5,-28,-4,276
41500.0,-75,-72,336
41502.5,12,-7,295
41505.0,32,-16,251
41507.5,-58,10,292
41510.0,46,21,265
41512.5,-12,-15,309
41515.0,0,-23,356
41517.5,-23,-16,338
41520.0,-3,-67,344
41522.5,121,48,249
41525.0,121,48,249
41527.5,91,-10,275
41530.0,-20,-24,301
41532.5,16,-7,287
41535.0,35,5,319
41537.5,-22,29,322
41540.0,-28,-25,268
41542.5,31,-19,346
41545.0,19,6,246
41547.5,-62,-6,314
41550.0,-20,14,317
41552.5,8,-12,319
41555.0,-72,-90,338
41557.5,42,30,267
41560.0,104,30,267
41562.5,66,-38,282
41565.0,36,16,274
41567.5,-2,13,289
41570.0,43,-25,356
41572.5,-10,-25,333
41575.0,-10,-25,333
41577.5,-23,-20,332
41580.0,0,-24,277
41582.5,69,17,282
41585.0,-24,-18,319
41587.5,20,45,279
41590.0,73,31,305
41592.5,14,13,355
41595.0,92,8,249
41597.5,16,-20,346
41600.0,-12,-16,227
41602.5,18,1,295
41605.0,23,-6,347
41607.5,21,4,305
41610.0,-25,-27,342
41612.5,53,12,265
41615.0,21,38,239
41617.5,-45,-50,308
41620.0,-1,-50,328
41622.5,9,3,286
41625.0,9,3,286
41627.5,63,2,336
41630.0,56,-12,319
41632.5,89,6,343
41635.0,3,37,230
41637.5,37,-17,290
41640.0,-49,-10,317
41642.5,79,21,299
41645.0,-59,15,316
41647.5,-64,-9,318
41650.0,16,-25,280
41652.5,-8,-1,349
41655.0,2,13,250
41657.5,-25,13,293
41660.0,-6,-7,319
41662.5,11,12,307
41665.0,-3,0,357
41667.5,35,-3,275
41670.0,2,27,233
41672.5,33,-36,366
41675.0,33,-36,366
41677.5,50,-15,301
41680.0,16,16,329
41682.5,19,-21,353
41685.0,41,-9,317
41687.5,67,-6,344
41690.0,30,-8,284
41692.5,34,33,273
41695.0,-6,-37,267
41697.5,47,3,298
41700.0,-44,-8,319
41702.5,12,-7,322
41705.0,-72,18,218
41707.5,20,-49,343
41710.0,-13,-11,255
41712.5,-43,8,268
41715.0,10,-3,343
41717.5,37,21,307
41720.0,-11,21,340
41722.5,-12,-38,272
41725.0,-12,-38,272
41727.5,103,-21,314
41730.0,13,-11,272
41732.5,39,34,315
41735.0,-31,-6,290
41737.5,-28,5,321
41740.0,52,27,280
41742.5,10,20,340
41745.0,102,-17,283
41747.5,35,-1,289
41750.0,-32,18,305
41752.5,17,-20,287
41755.0,30,-3,336
41757.5,-22,-47,368
41760.0,110,-8,267
41762.5,-73,-31,297
41765.0,22,4,269
41767.5,42,13,318
41770.0,-17,-37,388
41772.5,-10,-46,317
41775.0,-10,-46,317
41777.5,30,37,338
41780.0,-1,-28,284
41782.5,119,-20,321
41785.0,-38,-2,281
41787.5,90,26,287
41790.0,-16,-5,299
41792.5,8,-50,378
41795.0,0,9,313
41797.5,-32,-18,361
41800.0,20,-44,234
41802.5,-6,2,234
41805.0,35,4,295
41807.5,15,13,296
41810.0,-40,-65,290
41812.5,2,18,338
41815.0,72,36,226
41817.5,62,5,314
41820.0,62,10,266
41822.5,48,-18,305
41825.0,48,-18,305
41827.5,-21,-48,392
41830.0,34,-11,319
41832.5,27,-22,349
41835.0,29,8,276
41837.5,7,-24,268
41840.0,-23,-7,293
41842.5,54,20,307
41845.0,30,-10,333
41847.5,5,-24,354
41850.0,-22,-27,275
41852.5,0,-14,319
41855.0,-69,-30,250
41857.5,46,28,319
41860.0,12,2,331
41862.5,-21,-5,310
41865.0,4,5,335
41867.5,-79,-1,279
41870.0,41,5,211
41872.5,7,5,299
41875.0,7,5,299
41877.5,29,-49,288
41880.0,19,6,302
41882.5,-4,-47,373
41885.0,36,1,309
41887.5,-49,-1,374
41890.0,-36,-47,323
41892.5,-20,-7,290
41895.0,56,19,280
41897.5,-18,-4,290
41900.0,-75,-15,301
41902.5,-6,-6,359
41905.0,107,26,290
41907.5,91,13,374
41910.0,84,2,258
41912.5,-1,-37,272
41915.0,-31,-51,324
41917.5,96,11,311
41920.0,10,-3,353
41922.5,31,-20,328
41925.0,31,-20,328
41927.5,39,5,273
41930.0,10,-4,307
41932.5,64,6,281
41935.0,-8,21,288
41937.5,-75,-26,317
41940.0,37,-7,316
41942.5,-15,46,317
41945.0,33,23,263
41947.5,32,-68,321
41950.0,-4,-6,269
41952.5,26,-20,298
41955.0,-21,-27,312
41957.5,-9,-43,377
41960.0,40,-3,321
41962.5,62,3,353
41965.0,-43,-56,309
41967.5,17,0,318
41970.0,-21,43,301
41972.5,10,5,312
41975.0,10,5,312
41977.5,5,-36,305
41980.0,25,-23,336
41982.5,-1,-12,268
41985.0,-51,-9,334
41987.5,-27,-29,235
41990.0,25,-25,281
41992.5,61,-10,334
41995.0,47,40,310
41997.5,31,-6,364
42000.0,33,-9,268
42002.5,-62,-60,319
42005.0,-35,1,289
42007.5,64,3,304
42010.0,-7,-4,317
42012.5,-10,-6,317
42015.0,-6,15,285
42017.5,-92,-66,321
42020.0,51,-18,237
42022.5,60,-13,279
42025.0,60,-13,279
42027.5,-23,-30,328
42030.0,64,-19,276
42032.5,1,-15,339
42035.0,25,33,316
42037.5,24,15,269
42040.0,-54,-54,365
42042.5,10,-33,231
42045.0,-35,-1,287
42047.5,-27,-12,373
42050.0,-12,39,328
42052.5,34,4,343
42055.0,31,21,273
42057.5,103,30,251
42060.0,-41,-15,256
42062.5,28,22,277
42065.0,-13,-24,313
42067.5,79,4,344
42070.0,19,-15,331
42072.5,19,-15,331
42075.0,-100,-93,359
42077.5,43,-19,258
42080.0,10,-20,271
42082.5,16,10,309
42085.0,17,-5,260
42087.5,10,-59,347
42090.0,40,14,347
42092.5,32,-14,288
42095.0,-58,-62,307
42097.5,-10,-31,241
42100.0,31,-14,333
42102.5,-13,13,343
42105.0,29,-18,313
42107.5,67,11,353
42110.0,54,43,303
42112.5,11,-23,256
42115.0,4,-30,304
42117.5,-13,-35,280
42120.0,4,29,281
42122.5,4,29,281
42125.0,-48,6,324
42127.5,22,-31,326
42130.0,-122,-85,307
42132.5,27,-28,260
42135.0,81,-49,276
42137.5,59,9,331
42140.0,-15,-6,274
42142.5,20,10,280
42145.0,9,-52,361
42147.5,70,-8,308
42150.0,33,3,320
42152.5,36,-4,249
42155.0,87,-38,266
42157.5,-47,-9,324
42160.0,37,22,290
42162.5,12,-59,370
42165.0,20,-35,343
42167.5,21,15,271
42170.0,27,0,348
42172.5,27,0,348
42175.0,48,10,244
42177.5,-16,-8,298
42180.0,13,-3,403
42182.5,113,-21,334
42185.0,-86,-55,375
42187.5,18,-5,273
42190.0,1,46,212
42192.5,-22,-20,308
42195.0,-16,4,294
42197.5,5,-30,311
42200.0,44,-13,343
42202.5,63,10,250
42205.0,1,45,328
42207.5,19,-13,248
42210.0,-84,-23,278
42212.5,-54,0,318
42215.0,55,5,324
42217.5,-7,0,326
42220.0,44,-32,307
42222.5,44,-32,307
42225.0,48,22,243
42227.5,-10,-33,346
42230.0,2,11,244
42232.5,-19,9,288
42235.0,56,23,332
42237.5,25,-8,332
42240.0,-51,-39,366
42242.5,13,3,293
42245.0,38,26,267
42247.5,-87,-27,294
42250.0,47,36,289
42252.5,7,-16,278
42255.0,-67,-33,349
42257.5,-8,9,305
42260.0,-27,-45,337
42262.5,-47,-41,261
42265.0,4,-9,271
42267.5,2,-14,295
42270.0,31,10,282
42272.5,31,10,282
42275.0,20,16,264
42277.5,-74,9,299
42280.0,136,43,282
42282.5,-43,-27,304
42285.0,31,18,257
42287.5,-16,-3,281
42290.0,3,5,304
42292.5,5,-28,306
42295.0,50,-22,355
42297.5,34,-28,303
42300.0,14,24,232
42302.5,-58,-20,298
42305.0,20,23,261
42307.5,10,-19,320
42310.0,-5,-20,346
42312.5,-16,-11,315
42315.0,16,-7,352
42317.5,-6,-6,268
42320.0,-26,49,247
42322.5,-26,49,247
42325.0,1,-34,306
42327.5,11,22,315
42330.0,0,-17,321
42332.5,-21,-32,341
42335.0,-13,-23,285
42337.5,-28,9,341
42340.0,11,5,226
42342.5,-40,-26,282
42345.0,5,1,327
42347.5,6,-1,274
42350.0,61,-4,321
42352.5,46,-61,291
42355.0,-52,-61,245
42357.5,-14,-23,332
42360.0,53,14,274
42362.5,15,4,304
42365.0,-125,-14,326
42367.5,-30,-22,376
42370.0,38,-19,377
42372.5,38,-19,377
42375.0,-2,-20,261
42377.5,-1,-23,245
42380.0,43,27,306
42382.5,28,-18,293
42385.0,13,-11,290
42387.5,2,-23,351
42390.0,45,15,309
42392.5,77,10,340
42395.0,-11,-82,269
42397.5,-27,6,270
42400.0,13,-1,352
42402.5,48,-45,358
42405.0,20,0,313
42407.5,46,3,335
42410.0,-25,10,254
42412.5,35,-3,332
42415.0,83,-10,267
42417.5,27,-26,305
42420.0,3,-44,343
42422.5,3,-44,343
42425.0,-31,16,294
42427.5,34,-5,361
42430.0,9,-17,274
42432.5,-44,-10,283
42435.0,31,14,298
42437.5,29,5,359
42440.0,-66,-7,311
42442.5,55,-13,358
42445.0,18,5,317
42447.5,32,13,360
42450.0,42,-13,262
42452.5,-37,46,300
42455.0,-18,-8,343
42457.5,25,10,304
42460.0,9,21,324
42462.5,-8,4,321
42465.0,63,31,269
42467.5,-30,-4,332
42470.0,25,-15,260
42472.5,25,-15,260
42475.0,3,0,289
42477.5,-37,-8,327
42480.0,30,58,311
42482.5,26,20,339
42485.0,-4,-20,297
42487.5,38,9,235
42490.0,-8,-14,271
42492.5,32,34,272
42495.0,-4,5,318
42497.5,96,7,372
42500.0,-4,-47,296
42502.5,-42,-32,331
42505.0,80,-16,261
42507.5,15,9,261
42510.0,24,-7,342
42512.5,78,15,286
42515.0,34,-40,319
42517.5,13,12,349
42520.0,13,12,349
42522.5,3,-17,281
42525.0,-17,-34,333
42527.5,87,66,267
42530.0,78,-5,313
42532.5,20,-6,327
42535.0,40,28,335
42537.5,-30,-28,341
42540.0,-11,-44,302
42542.5,22,3,225
42545.0,-30,-30,296
42547.5,24,-10,295
42550.0,19,-11,305
42552.5,-19,-37,376
42555.0,63,10,312
42557.5,-78,-50,324
42560.0,-7,-10,229
42562.5,60,2,257
42565.0,-8,-21,326
42567.5,7,-13,311
42570.0,7,-13,311
42572.5,50,-17,338
42575.0,-24,-5,331
42577.5,6,-23,288
42580.0,-4,18,307
42582.5,19,-20,297
42585.0,-13,-18,308
42587.5,-33,2,317
42590.0,21,-4,319
42592.5,-17,-23,348
42595.0,-26,-21,291
42597.5,-9,-40,236
42600.0,-44,-1,313
42602.5,-18,-34,270
42605.0,-74,-34,306
42607.5,-29,4,385
42610.0,21,-16,315
42612.5,43,29,334
42615.0,39,29,279
42617.5,30,37,234
42620.0,30,37,234
42622.5,-7,-43,313
42625.0,26,-14,285
42627.5,37,22,295
42630.0,57,-22,363
42632.5,52,16,313
42635.0,6,25,378
42637.5,37,18,223
42640.0,32,14,272
42642.5,-14,-5,334
42645.0,-9,-1,308
42647.5,7,-3,351
42650.0,23,-29,323
42652.5,13,-20,260
42655.0,15,19,294
42657.5,1,-51,279
42660.0,-15,27,286
42662.5,-7,-4,360
42665.0,41,1,308
42667.5,-10,24,332
42670.0,-10,24,332
42672.5,18,-5,290
42675.0,61,-3,268
42677.5,-6,-18,341
42680.0,28,23,314
42682.5,21,17,315
42685.0,33,-3,338
42687.5,-46,-23,298
42690.0,4,-23,336
42692.5,21,-16,210
42695.0,-45,20,243
42697.5,19,8,296
42700.0,34,26,298
42702.5,-38,-100,353
42705.0,5,-14,316
42707.5,-26,-8,250
42710.0,3,-35,335
42712.5,-24,-7,244
42715.0,11,5,306
42717.5,-5,-27,332
42720.0,-5,-27,332
42722.5,44,-3,314
42725.0,-51,6,318
42727.5,35,11,284
42730.0,93,-1,275
42732.5,19,3,333
42735.0,51,49,267
42737.5,13,1,304
42740.0,-3,19,333
42742.5,132,36,296
42745.0,17,-18,328
42747.5,50,35,236
42750.0,102,-6,269
42752.5,70,21,279
42755.0,-19,-1,305
42757.5,-109,-35,316
42760.0,1,-15,330
42762.5,-30,-52,288
42765.0,1,18,323
42767.5,-51,-41,264
42770.0,-51,-41,264
42772.5,33,16,291
42775.0,-6,-15,335
42777.5,-28,-31,289
42780.0,-34,-70,341
42782.5,37,-15,302
42785.0,-9,9,224
42787.5,-1,-35,333
42790.0,31,-20,277
42792.5,14,13,303
42795.0,-31,-11,349
42797.5,5,-28,315
42800.0,9,-4,312
42802.5,58,21,256
42805.0,-9,3,206
42807.5,22,-20,305
42810.0,6,-9,295
42812.5,-4,14,335
42815.0,-13,-60,373
42817.5,47,-17,260
42820.0,47,-17,260
42822.5,-23,-6,310
42825.0,-4,2,252
42827.5,2,12,263
42830.0,-11,-46,325
42832.5,47,19,291
42835.0,-7,-28,341
42837.5,41,-25,344
42840.0,-38,-33,269
42842.5,57,-7,338
42845.0,50,-15,261
42847.5,-29,-20,317
42850.0,-5,23,348
42852.5,90,-8,326
42855.0,-3,5,338
42857.5,22,-20,282
42860.0,77,-6,262
42862.5,58,26,292
42865.0,31,-37,297
42867.5,-8,-10,302
42870.0,-8,-10,302
42872.5,62,-28,332
42875.0,37,-24,332
42877.5,-20,-47,395
42880.0,42,-30,230
42882.5,1,5,280
42885.0,-15,-16,332
42887.5,47,-5,284
42890.0,43,45,337
42892.5,78,-60,354
42895.0,17,-63,283
42897.5,-39,-8,324
42900.0,50,15,263
42902.5,-62,-1,308
42905.0,6,-1,361
42907.5,42,-16,304
42910.0,-22,3,317
42912.5,3,-12,275
42915.0,-5,0,280
42917.5,-17,-19,313
42920.0,-17,-19,313
42922.5,36,12,275
42925.0,-134,-14,300
42927.5,-21,-11,345
42930.0,-1,-24,299
42932.5,73,-20,352
42935.0,18,39,271
42937.5,-19,2,273
42940.0,30,-17,286
42942.5,72,31,260
42945.0,37,-27,310
42947.5,49,22,357
42950.0,2,-92,285
42952.5,-36,-46,375
42955.0,-6,22,259
42957.5,-20,-6,286
42960.0,-21,23,323
42962.5,-34,11,284
42965.0,6,-31,332
42967.5,6,-31,332
42970.0,21,2,277
42972.5,17,-15,244
42975.0,28,4,329
42977.5,21,15,265
42980.0,17,-10,281
42982.5,22,39,339
42985.0,-13,-29,319
42987.5,6,-22,347
42990.0,29,19,274
42992.5,-63,-24,295
42995.0,39,-19,313
42997.5,30,1,271
43000.0,10,20,315
43002.5,24,-34,360
43005.0,-36,-53,288
43007.5,33,28,329
43010.0,47,-1,278
43012.5,42,-22,300
43015.0,17,-29,336
43017.5,17,-29,336
43020.0,31,-1,296
43022.5,-32,-22,305
43025.0,-33,-54,329
43027.5,152,31,271
43030.0,-52,-37,281
43032.5,7,0,270
43035.0,-11,-39,278
43037.5,70,54,322
43040.0,61,12,314
43042.5,-4,-23,352
43045.0,27,-30,277
43047.5,30,-19,266
43050.0,-5,-44,298
43052.5,68,40,289
43055.0,22,17,276
43057.5,43,-43,363
43060.0,-36,-43,297
43062.5,-10,-27,358
43065.0,99,52,249
43067.5,99,52,249
43070.0,12,-6,247
43072.5,-13,-28,327
43075.0,2,72,293
43077.5,38,3,348
43080.0,27,-7,319
43082.5,-18,-32,273
43085.0,41,0,345
43087.5,30,-28,258
43090.0,8,10,287
43092.5,-2,-9,357
43095.0,12,-23,280
43097.5,-75,-56,333
43100.0,39,-33,298
43102.5,-24,41,268
43105.0,-38,-36,327
43107.5,53,-2,297
43110.0,-3,-4,326
43112.5,14,8,279
43115.0,44,21,269
43117.5,44,21,269
43120.0,15,-1,350
43122.5,63,27,231
43125.0,-11,41,266
43127.5,-30,-1,321
43130.0,74,33,302
43132.5,34,-6,303
43135.0,28,3,289
43137.5,32,-19,267
43140.0,55,-36,340
43142.5,2,9,254
43145.0,16,22,285
43147.5,26,-9,345
43150.0,72,-2,301
43152.5,-94,-43,316
43155.0,0,2,291
43157.5,34,-6,300
43160.0,-89,-28,289
43162.5,26,18,279
43165.0,15,16,317
43167.5,15,16,317
43170.0,-39,-12,363
43172.5,-8,-44,330
43175.0,-19,-72,330
43177.5,-20,-13,229
43180.0,-82,-35,295
43182.5,-12,-21,365
43185.0,-22,-22,317
43187.5,-9,-93,357
43190.0,23,-12,361
43192.5,79,-10,269
43195.0,37,-9,361
43197.5,-19,-38,267
43200.0,-2,-2,306
43202.5,31,24,323
43205.0,51,-6,296
43207.5,-38,-91,309
43210.0,23,-13,302
43212.5,60,17,246
43215.0,-22,20,286
43217.5,-22,20,286
43220.0,-9,-2,258
43222.5,-33,4,302
43225.0,29,-34,385
43227.5,16,45,283
43230.0,47,-4,375
43232.5,-7,-12,267
43235.0,-14,-23,248
43237.5,52,34,316
43240.0,38,26,304
43242.5,-48,-43,333
43245.0,34,-13,354
43247.5,-16,-41,273
43250.0,-75,-15,316
43252.5,6,-44,231
43255.0,12,-25,248
43257.5,12,-10,308
43260.0,44,35,293
43262.5,76,-34,342
43265.0,34,-15,325
43267.5,34,-15,325
43270.0,-13,-23,271
43272.5,-47,-50,318
43275.0,22,18,254
43277.5,11,-19,284
43280.0,21,5,345
43282.5,-15,-19,293
43285.0,-6,5,325
43287.5,66,45,274
43290.0,25,-21,224
43292.5,28,-5,302
43295.0,64,-33,309
43297.5,-18,-36,325
43300.0,22,-5,329
43302.5,82,22,247
43305.0,5,-36,339
43307.5,36,0,237
43310.0,67,5,271
43312.5,29,15,335
43315.0,61,-1,316
43317.5,61,-1,316
43320.0,44,24,328
43322.5,10,-11,320
43325.0,90,-1,265
43327.5,8,-13,323
43330.0,40,44,199
43332.5,-123,-63,292
43335.0,7,-28,373
43337.5,53,-2,304
43340.0,-43,-32,321
43342.5,-26,-33,296
43345.0,41,21,238
43347.5,13,-27,303
43350.0,75,31,283
43352.5,-10,23,269
43355.0,-34,27,345
43357.5,-41,-31,278
43360.0,-58,-63,362
43362.5,48,-4,275
43365.0,73,16,258
43367.5,73,16,258
43370.0,-37,-43,282
43372.5,16,-19,337
43375.0,-22,-20,318
43377.5,-19,17,322
43380.0,-23,-40,224
43382.5,41,28,340
43385.0,26,-3,246
43387.5,36,1,292
43390.0,76,1,345
43392.5,-6,-35,263
43395.0,14,-28,343
43397.5,70,-47,307
43400.0,88,-62,313
43402.5,-8,-15,295
43405.0,47,-28,279
43407.5,35,-37,310
43410.0,-38,21,355
43412.5,33,-15,324
43415.0,-67,2,317
43417.5,-67,2,317
43420.0,30,-8,265
43422.5,14,13,241
43425.0,-19,-6,299
43427.5,69,-41,330
43430.0,-31,-32,320
43432.5,-5,-38,365
43435.0,-71,-63,259
43437.5,-26,-38,353
43440.0,29,4,220
43442.5,11,-27,292
43445.0,42,-9,335
43447.5,46,-20,304
43450.0,9,-30,313
43452.5,-77,-56,338
43455.0,29,33,296
43457.5,-30,-23,325
43460.0,-16,-37,269
43462.5,-11,-13,290
43465.0,-40,-2,329
43467.5,-40,-2,329
43470.0,23,-4,321
43472.5,26,-4,355
43475.0,4,-38,266
43477.5,122,49,276
43480.0,12,-33,305
43482.5,39,2,311
43485.0,3,-24,333
43487.5,114,-11,328
43490.0,-10,-20,277
43492.5,-2,8,323
43495.0,36,8,206
43497.5,-5,32,248
43500.0,14,3,336
43502.5,35,-9,338
43505.0,-2,-17,321
43507.5,15,31,326
43510.0,28,7,247
43512.5,-87,-26,341
43515.0,-87,-26,341
43517.5,16,16,263
43520.0,37,4,289
43522.5,28,8,319
43525.0,42,-1,298
43527.5,-13,-31,346
43530.0,78,-28,298
43532.5,35,-25,258
43535.0,19,38,296
43537.5,25,80,267
43540.0,11,-12,293
43542.5,15,10,340
43545.0,9,-13,320
43547.5,-56,-20,354
43550.0,8,-82,277
43552.5,-1,27,269
43555.0,-6,2,312
43557.5,-7,26,302
43560.0,-17,12,296
43562.5,6,7,333
43565.0,6,7,333
43567.5,75,-34,278
43570.0,-45,-5,318
43572.5,-40,-33,260
43575.0,19,19,294
43577.5,-40,-50,298
43580.0,-12,3,334
43582.5,20,3,341
43585.0,89,-1,315
43587.5,86,15,259
43590.0,-53,-53,323
43592.5,-43,-19,271
43595.0,-55,-2,281
43597.5,14,-70,356
43600.0,60,-8,336
43602.5,42,-3,363
43605.0,-4,6,247
43607.5,-36,-15,313
43610.0,54,7,292
43612.5,38,6,292
43615.0,38,6,292
43617.5,-10,-29,303
43620.0,59,-24,350
43622.5,60,-63,264
43625.0,-5,-17,325
43627.5,105,20,267
43630.0,-9,-8,323
43632.5,-25,-24,340
43635.0,60,39,309
43637.5,56,2,353
43640.0,-28,-24,355
43642.5,6,-16,274
43645.0,68,-1,342
43647.5,14,23,272
43650.0,28,11,295
43652.5,6,-29,319
43655.0,26,5,300
43657.5,17,-7,362
43660.0,51,1,277
43662.5,15,10,265
43665.0,15,10,265
43667.5,40,0,315
43670.0,-5,-20,292
43672.5,10,-12,296
43675.0,38,-29,347
43677.5,45,-5,329
43680.0,-24,0,337
43682.5,31,-3,241
43685.0,136,88,202
43687.5,2,-6,288
43690.0,-3,-27,325
43692.5,20,-18,303
43695.0,108,2,370
43697.5,15,-20,298
43700.0,-34,-40,343
43702.5,-10,17,243
43705.0,56,-10,315
43707.5,-68,19,310
43710.0,18,3,311
43712.5,-22,-6,336
43715.0,-22,-6,336
43717.5,46,5,288
43720.0,33,-7,243
43722.5,7,-27,319
43725.0,-15,-35,286
43727.5,18,-7,321
43730.0,-15,13,331
43732.5,11,-25,312
43735.0,-47,-26,338
43737.5,-15,8,235
43740.0,11,49,239
43742.5,17,-6,297
43745.0,4,-11,296
43747.5,16,-14,273
43750.0,87,-17,371
43752.5,-57,-10,283
43755.0,28,-35,366
43757.5,36,-12,223
43760.0,1,-47,303
43762.5,-48,12,346
43765.0,-48,12,346
43767.5,-7,-33,325
43770.0,-52,-46,314
43772.5,21,-30,319
43775.0,15,-7,285
43777.5,28,19,367
43780.0,20,-15,293
43782.5,-28,-18,302
43785.0,20,4,361
43787.5,7,-6,319
43790.0,-14,-22,330
43792.5,48,-3,336
43795.0,51,-34,287
43797.5,49,-2,312
43800.0,39,10,309
43802.5,24,4,340
43805.0,54,1,344
43807.5,32,-12,259
43810.0,-17,32,338
43812.5,57,7,225
43815.0,57,7,225
43817.5,-30,2,239
43820.0,-29,-5,302
43822.5,65,37,297
43825.0,-8,-13,331
43827.5,-80,-22,326
43830.0,8,9,283
43832.5,-79,-37,344
43835.0,-15,21,265
43837.5,-9,21,285
43840.0,6,13,329
43842.5,91,-4,297
43845.0,2,-30,309
43847.5,86,41,300
43850.0,-22,-29,238
43852.5,17,-14,320
43855.0,81,44,237
43857.5,-28,-45,326
43860.0,35,3,333
43862.5,-47,-27,304
43865.0,-47,-27,304
43867.5,43,6,351
43870.0,17,-25,262
43872.5,-3,-6,265
43875.0,-23,-5,309
43877.5,34,33,298
43880.0,-42,-50,275
43882.5,-4,-10,352
43885.0,61,29,261
43887.5,-19,-43,334
43890.0,-52,-54,229
43892.5,-9,5,301
43895.0,-23,3,325
43897.5,7,48,275
43900.0,16,-5,309
43902.5,17,-7,332
43905.0,10,-5,273
43907.5,34,-2,352
43910.0,15,17,286
43912.5,-35,10,313
43915.0,-35,10,313
43917.5,-47,-24,372
43920.0,30,6,320
43922.5,12,26,312
43925.0,12,-28,283
43927.5,-4,-20,266
43930.0,10,-14,302
43932.5,-20,-24,287
43935.0,-58,-29,321
43937.5,38,-23,352
43940.0,35,17,327
43942.5,35,22,345
43945.0,108,26,253
43947.5,92,23,304
43950.0,-72,-24,318
43952.5,45,7,288
43955.0,11,-10,297
43957.5,-18,13,307
43960.0,-62,-13,256
43962.5,-35,-31,333
43965.0,-35,-31,333
43967.5,-1,56,247
43970.0,0,4,293
43972.5,-17,63,319
43975.0,10,8,312
43977.5,65,-1,347
43980.0,21,-4,278
43982.5,-11,-26,228
43985.0,-74,-12,285
43987.5,29,19,279
43990.0,15,-10,292
43992.5,65,14,335
43995.0,85,0,319
43997.5,72,-14,328
44000.0,7,-38,224
44002.5,43,15,311
44005.0,6,-2,300
44007.5,44,8,283
44010.0,22,-31,340
44012.5,-40,-10,342
44015.0,-40,-10,342
44017.5,33,-9,306
44020.0,-9,-7,328
44022.5,-28,-9,225
44025.0,-13,9,278
44027.5,-14,-5,320
44030.0,53,3,320
44032.5,28,15,342
44035.0,45,8,318
44037.5,29,-45,279
44040.0,36,-1,300
44042.5,0,-49,274
44045.0,34,8,257
44047.5,28,20,380
44050.0,33,-25,320
44052.5,60,43,329
44055.0,61,-10,271
44057.5,52,-17,298
44060.0,28,-32,318
44062.5,-6,-1,295
44065.0,-6,-1,295
44067.5,3,-27,344
44070.0,64,-7,381
44072.5,40,-33,315
44075.0,31,-16,355
44077.5,-3,-5,258
44080.0,-18,-43,291
44082.5,-12,8,301
44085.0,4,-16,332
44087.5,-57,-26,348
44090.0,36,-35,333
44092.5,-20,-44,294
44095.0,-21,-30,346
44097.5,21,-14,256
44100.0,-26,10,288
44102.5,26,-14,391
44105.0,75,52,307
44107.5,10,-29,339
44110.0,60,32,283
44112.5,31,8,257
44115.0,31,8,257
44117.5,-25,-18,304
44120.0,67,28,287
44122.5,-32,-16,311
44125.0,6,-9,344
44127.5,46,7,308
44130.0,-16,-42,380
44132.5,50,-9,238
44135.0,-22,28,236
44137.5,-17,-4,309
44140.0,41,45,284
44142.5,-17,-27,344
44145.0,34,23,299
44147.5,84,34,282
44150.0,1,-23,336
44152.5,-40,-41,267
44155.0,38,6,294
44157.5,3,10,325
44160.0,-46,-6,324
44162.5,-29,7,340
44165.0,-29,7,340
44167.5,0,-17,310
44170.0,-15,-44,257
44172.5,-3,-31,317
44175.0,3,-17,286
44177.5,-8,-19,318
44180.0,-32,-10,339
44182.5,36,-6,302
44185.0,-23,-20,367
44187.5,40,15,245
44190.0,9,-13,270
44192.5,20,-7,303
44195.0,42,2,301
44197.5,-40,-34,326
44200.0,-24,-42,331
44202.5,23,7,254
44205.0,10,20,330
44207.5,-5,-34,250
44210.0,23,9,279
44212.5,23,9,279
44215.0,-15,5,311
44217.5,3,-52,312
44220.0,-27,-43,328
44222.5,23,-19,319
44225.0,141,1,273
44227.5,16,5,316
44230.0,23,10,259
44232.5,-38,-5,293
44235.0,-33,-16,356
44237.5,5,-25,328
44240.0,1,6,360
44242.5,9,-8,278
44245.0,26,-31,269
44247.5,17,-24,305
44250.0,53,5,296
44252.5,-11,3,316
44255.0,52,-28,361
44257.5,-4,19,251
44260.0,-8,-23,356
44262.5,-8,-23,356
44265.0,63,4,241
44267.5,-16,21,263
44270.0,-18,-37,301
44272.5,42,31,279
44275.0,-1,-17,322
44277.5,13,17,352
44280.0,52,3,243
44282.5,-34,-26,340
44285.0,7,47,235
44287.5,-20,-3,270
44290.0,27,-31,350
44292.5,63,10,280
44295.0,18,-36,350
44297.5,122,-4,287
44300.0,105,-14,279
44302.5,5,-36,315
44305.0,-46,-42,302
44307.5,-1,-21,299
44310.0,-26,42,316
44312.5,-26,42,316
44315.0,-36,-31,347
44317.5,-109,-28,358
44320.0,105,28,256
44322.5,38,49,251
44325.0,-38,-32,270
44327.5,-8,-11,308
44330.0,-12,-6,295
44332.5,47,-33,368
44335.0,41,-5,276
44337.5,15,-4,337
44340.0,41,-33,277
44342.5,-30,-28,277
44345.0,18,-15,341
44347.5,92,12,327
44350.0,23,-20,328
44352.5,36,-26,325
44355.0,29,-2,238
44357.5,-32,-30,308
44360.0,-12,-26,282
44362.5,-12,-26,282
44365.0,49,16,295
44367.5,2,30,296
44370.0,-21,-32,310
44372.5,-24,-10,343
44375.0,-14,-31,298
44377.5,16,-5,273
44380.0,16,-28,326
44382.5,78,-20,338
44385.0,17,-3,306
44387.5,64,-21,371
44390.0,-53,-36,304
44392.5,-9,-6,380
44395.0,-46,-36,279
44397.5,25,32,325
44400.0,-17,-41,316
44402.5,18,8,277
44405.0,35,-29,304
44407.5,-7,-28,342
44410.0,12,58,251
44412.5,12,58,251
44415.0,-44,4,294
44417.5,-48,-12,283
44420.0,-9,11,301
44422.5,1,-25,356
44425.0,67,-20,321
44427.5,-63,-73,331
44430.0,14,27,259
44432.5,63,9,279
44435.0,-24,4,287
44437.5,-29,-56,305
44440.0,33,7,309
44442.5,37,19,340
44445.0,-39,4,277
44447.5,-22,-5,361
44450.0,-60,-64,288
44452.5,72,-1,298
44455.0,-10,-31,306
44457.5,23,-39,306
44460.0,22,-28,300
44462.5,22,-28,300
44465.0,-45,12,358
44467.5,-1,-5,308
44470.0,-28,17,339
44472.5,-13,-17,253
44475.0,46,-12,295
44477.5,17,-12,341
44480.0,39,-31,312
44482.5,-4,-42,350
44485.0,40,23,330
44487.5,25,-23,275
44490.0,48,-19,350
44492.5,-6,0,275
44495.0,-22,-13,265
44497.5,31,-11,367
44500.0,49,-5,304
44502.5,21,28,351
44505.0,24,-40,275
44507.5,-2,-25,262
44510.0,33,28,301
44512.5,33,28,301
44515.0,33,-38,301
44517.5,-43,-40,310
44520.0,39,-22,354
44522.5,11,-28,292
44525.0,-36,-30,350
44527.5,-53,11,219
44530.0,72,27,299
44532.5,-13,-44,355
44535.0,25,24,305
44537.5,52,32,326
44540.0,49,20,315
44542.5,53,-24,264
44545.0,69,30,315
44547.5,59,-6,262
44550.0,30,-21,311
44552.5,22,-32,359
44555.0,82,4,304
44557.5,49,-2,338
44560.0,12,46,275
44562.5,12,46,275
44565.0,19,-10,270
44567.5,-7,-27,286
44570.0,-5,13,294
44572.5,8,5,297
44575.0,22,38,333
44577.5,94,60,289
44580.0,-41,-25,315
44582.5,-14,-3,271
44585.0,82,-10,279
44587.5,-12,-13,316
44590.0,-35,-9,310
44592.5,145,52,281
44595.0,-18,18,320
44597.5,46,-12,260
44600.0,46,44,289
44602.5,66,5,200
44605.0,-11,-32,288
44607.5,-7,3,335
44610.0,-1,14,273
44612.5,-1,14,273
44615.0,28,52,294
44617.5,22,14,308
44620.0,7,8,240
44622.5,-20,-55,325
44625.0,43,-34,296
44627.5,-24,-47,301
44630.0,-41,17,317
44632.5,-33,6,352
44635.0,-7,17,358
44637.5,68,-4,260
44640.0,14,15,252
44642.5,-19,9,263
44645.0,20,-12,286
44647.5,38,-83,313
44650.0,36,5,341
44652.5,35,10,267
44655.0,-23,-13,312
44657.5,44,69,258
44660.0,21,9,318
44662.5,21,9,318
44665.0,-5,-19,323
44667.5,20,9,313
44670.0,-46,8,306
44672.5,-25,-17,321
44675.0,16,39,248
44677.5,11,5,306
44680.0,-1,-19,286
44682.5,-11,-34,305
44685.0,46,23,354
44687.5,11,-35,340
44690.0,-22,-23,356
44692.5,42,17,279
44695.0,13,-21,225
44697.5,13,9,294
44700.0,18,-10,312
44702.5,13,-26,315
44705.0,-27,-50,356
44707.5,9,-28,203
44710.0,43,15,334
44712.5,43,15,334
44715.0,-1,5,246
44717.5,36,-44,309
44720.0,60,44,335
44722.5,79,-22,345
44725.0,27,-15,332
44727.5,-28,-42,342
44730.0,32,22,255
44732.5,0,-18,319
44735.0,34,-34,238
44737.5,16,-15,277
44740.0,-34,-4,346
44742.5,47,-4,308
44745.0,-161,-60,327
44747.5,27,-7,294
44750.0,-15,1,246
44752.5,-26,-34,325
44755.0,43,-6,319
44757.5,-10,-11,315
44760.0,98,20,323
44762.5,98,20,323
44765.0,-4,-17,305
44767.5,-54,-41,366
44770.0,31,-24,258
44772.5,-54,-27,239
44775.0,33,18,302
44777.5,46,24,260
44780.0,-4,27,298
44782.5,20,29,326
44785.0,-4,7,301
44787.5,-9,-10,355
44790.0,10,-5,254
44792.5,-6,8,262
44795.0,37,-12,345
44797.5,47,41,307
44800.0,79,15,353
44802.5,-32,-8,274
44805.0,86,40,293
44807.5,-20,-14,304
44810.0,21,-9,297
44812.5,21,-9,297
44815.0,51,-1,269
44817.5,26,-12,337
44820.0,-58,-17,301
44822.5,-17,15,329
44825.0,8,-5,236
44827.5,-57,2,223
44830.0,42,4,291
44832.5,135,41,300
44835.0,-6,-30,330
44837.5,21,-14,350
44840.0,16,-11,298
44842.5,-44,-42,343
44845.0,40,15,266
44847.5,78,35,296
44850.0,-16,-17,355
44852.5,16,-17,323
44855.0,-50,-56,351
44857.5,5,-19,308
44860.0,-38,-14,225
44862.5,-38,-14,225
44865.0,-30,-19,301
44867.5,-24,-7,266
44870.0,-11,-7,301
44872.5,11,-13,363
44875.0,63,-3,283
44877.5,-9,3,336
44880.0,-37,-45,269
44882.5,-2,-39,300
44885.0,40,31,312
44887.5,21,23,314
44890.0,19,-28,345
44892.5,34,27,311
44895.0,63,-4,273
44897.5,-12,-13,319
44900.0,21,8,250
44902.5,-19,38,311
44905.0,-4,-16,378
44907.5,9,-9,293
44910.0,49,-18,325
44912.5,49,-18,325
44915.0,38,21,286
44917.5,-29,-29,232
44920.0,5,-12,311
44922.5,28,17,273
44925.0,64,-7,292
44927.5,-7,-21,361
44930.0,-1,-12,297
44932.5,10,-22,348
44935.0,-8,-37,265
44937.5,24,-15,273
44940.0,-2,-15,306
44942.5,-69,-48,303
44945.0,-49,-23,326
44947.5,-37,-40,376
44950.0,-30,-27,279
44952.5,-79,-60,336
44955.0,-22,-33,255
44957.5,-17,-28,268
44960.0,-17,-28,268
44962.5,6,14,309
44965.0,-15,-55,319
44967.5,-22,-43,342
44970.0,10,-12,315
44972.5,34,-30,273
44975.0,19,-3,328
44977.5,8,22,295
44980.0,9,-16,247
44982.5,5,-111,347
44985.0,33,39,313
44987.5,11,-24,363
44990.0,-27,-59,300
44992.5,10,-32,274
44995.0,15,6,315
44997.5,43,10,307
45000.0,-52,-8,322
45002.5,-6,-32,372
45005.0,15,-2,320
45007.5,-82,-31,327
45010.0,-82,-31,327
45012.5,103,9,265
45015.0,-27,-74,272
45017.5,17,24,297
45020.0,-20,-61,330
45022.5,1,-17,346
45025.0,-14,-35,322
45027.5,37,0,250
45030.0,93,29,330
45032.5,-20,16,280
45035.0,-28,-37,301
45037.5,-96,52,336
45040.0,75,-4,357
45042.5,-14,0,354
45045.0,8,-12,279
45047.5,92,-1,274
45050.0,7,20,282
45052.5,8,-4,283
45055.0,49,22,311
45057.5,108,37,362
45060.0,108,37,362
45062.5,21,-30,344
45065.0,-24,-48,368
45067.5,117,40,263
45070.0,-18,22,251
45072.5,-37,-48,298
45075.0,51,41,298
45077.5,-13,14,323
45080.0,2,-1,330
45082.5,-14,-69,258
45085.0,27,14,336
45087.5,11,29,250
45090.0,-39,-12,322
45092.5,12,-20,381
45095.0,45,-48,307
45097.5,24,-37,314
45100.0,24,-12,280
45102.5,129,-1,284
45105.0,-31,-34,292
45107.5,44,-5,297
45110.0,44,-5,297
45112.5,6,-1,320
45115.0,55,-3,382
45117.5,2,-34,328
45120.0,16,-33,357
45122.5,59,31,217
45125.0,16,-51,252
45127.5,-46,54,316
45130.0,-14,46,309
45132.5,-45,-16,319
45135.0,-18,-37,353
45137.5,25,-50,318
45140.0,-1,21,353
45142.5,43,3,240
45145.0,-59,-27,241
45147.5,28,21,305
45150.0,-16,-13,325
45152.5,-38,-62,341
45155.0,47,-23,301
45157.5,52,-24,265
45160.0,52,-24,265
45162.5,-41,-34,306
45165.0,29,-24,250
45167.5,10,-36,303
45170.0,53,20,340
45172.5,31,7,307
45175.0,43,-25,335
45177.5,-34,-36,262
45180.0,49,-8,264
45182.5,-7,-47,317
45185.0,57,19,300
45187.5,41,-18,314
45190.0,54,-4,373
45192.5,31,3,306
45195.0,3,10,347
45197.5,109,-5,286
45200.0,37,25,253
45202.5,3,-35,350
45205.0,35,10,293
45207.5,-1,-7,321
45210.0,-1,-7,321
45212.5,2,-16,320
45215.0,-33,-80,249
45217.5,-60,-11,319
45220.0,31,-14,247
45222.5,-45,9,241
45225.0,-19,-1,326
45227.5,44,2,330
45230.0,-24,-58,375
45232.5,53,32,255
45235.0,65,36,246
45237.5,49,-5,283
45240.0,55,17,296
45242.5,-52,-24,288
45245.0,3,-59,346
45247.5,47,-5,315
45250.0,22,-22,364
45252.5,30,-28,240
45255.0,7,26,251
45257.5,-24,2,300
45260.0,-24,2,300
45262.5,-41,-46,289
45265.0,-1,-15,317
45267.5,-18,-35,323
45270.0,90,21,288
45272.5,-18,-23,340
45275.0,7,-29,260
45277.5,22,23,277
45280.0,-7,-28,320
45282.5,19,-8,309
45285.0,-38,-1,326
45287.5,44,28,294
45290.0,-38,-27,241
45292.5,-53,-4,318
45295.0,33,21,257
45297.5,-1,22,279
45300.0,4,22,319
45302.5,-46,4,281
45305.0,-28,-22,347
45307.5,-18,-9,262
45310.0,-18,-9,262
45312.5,6,-4,307
45315.0,-4,-26,310
45317.5,48,-7,293
45320.0,-37,-31,327
45322.5,-25,8,308
45325.0,69,24,320
45327.5,-53,-41,344
45330.0,20,-5,232
45332.5,-10,-6,274
45335.0,-26,-41,351
45337.5,52,23,322
45340.0,-8,22,330
45342.5,19,-6,303
45345.0,37,9,280
45347.5,-1,11,292
45350.0,-27,-13,299
45352.5,-11,63,300
45355.0,13,29,353
45357.5,-36,-62,322
45360.0,-36,-62,322
45362.5,-37,-66,358
45365.0,36,-35,308
45367.5,92,13,273
45370.0,17,-4,315
45372.5,8,28,267
45375.0,-42,-54,326
45377.5,29,-61,337
45380.0,-55,-38,268
45382.5,-10,-22,328
45385.0,81,39,267
45387.5,6,3,284
45390.0,-41,-43,330
45392.5,38,-12,315
45395.0,-11,-32,303
45397.5,-13,-57,329
45400.0,56,12,256
45402.5,39,-20,346
45405.0,76,-66,297
45407.5,0,-30,320
45410.0,0,-30,320
45412.5,-32,-78,399
45415.0,86,-9,324
45417.5,104,-40,351
45420.0,11,1,274
45422.5,18,-6,289
45425.0,39,-7,329
45427.5,24,-28,301
45430.0,25,4,309
45432.5,-25,-6,348
45435.0,-5,-10,285
45437.5,-59,-36,356
45440.0,26,-5,233
45442.5,-39,-30,266
45445.0,31,-22,340
45447.5,49,15,299
45450.0,9,14,326
45452.5,-41,-26,330
45455.0,-34,-6,248
45457.5,-41,7,330
45460.0,-41,7,330
45462.5,47,37,268
45465.0,-6,-2,279
45467.5,14,55,330
45470.0,18,-28,329
45472.5,-42,-46,330
45475.0,16,34,267
45477.5,-17,1,252
45480.0,-39,-18,308
45482.5,-32,-23,288
45485.0,-26,-26,339
45487.5,-14,2,330
45490.0,-35,-23,258
45492.5,30,4,333
45495.0,11,-19,230
45497.5,-27,49,312
45500.0,47,14,309
45502.5,17,38,303
45505.0,24,9,328
45507.5,-53,-27,329
45510.0,-53,-27,329
45512.5,28,21,300
45515.0,16,-19,363
45517.5,1,3,237
45520.0,61,-4,283
45522.5,48,10,293
45525.0,47,32,322
45527.5,-86,-88,363
45530.0,106,12,309
45532.5,47,-4,272
45535.0,16,-15,340
45537.5,35,5,266
45540.0,50,36,307
45542.5,-36,-28,364
45545.0,27,-21,314
45547.5,101,78,326
45550.0,-18,-38,262
45552.5,38,13,308
45555.0,-52,-22,273
45557.5,-52,-22,273
45560.0,31,-1,303
45562.5,45,0,308
45565.0,31,11,327
45567.5,92,14,246
45570.0,22,10,337
45572.5,0,-22,256
45575.0,-46,-14,223
45577.5,40,70,289
45580.0,-10,-30,286
45582.5,-17,-11,268
45585.0,-32,3,295
45587.5,91,22,279
45590.0,0,-2,319
45592.5,10,-53,256
45595.0,11,1,299
45597.5,-11,-10,345
45600.0,33,-5,302
45602.5,9,-7,356
45605.0,0,52,317
45607.5,0,52,317
45610.0,-24,-7,216
45612.5,4,3,279
45615.0,47,19,297
45617.5,-18,-23,300
45620.0,-38,5,324
45622.5,-51,-17,356
45625.0,-23,-15,357
45627.5,-70,-73,270
45630.0,49,-27,263
45632.5,37,16,279
45635.0,-16,0,316
45637.5,-32,23,275
45640.0,37,-23,357
45642.5,3,-22,241
45645.0,31,-19,349
45647.5,87,12,263
45650.0,-1,36,255
45652.5,-1,-21,343
45655.0,52,-35,315
45657.5,52,-35,315
45660.0,35,2,327
45662.5,52,-43,328
45665.0,24,3,268
45667.5,8,-11,320
45670.0,120,4,268
45672.5,-1,-5,307
45675.0,-32,-40,339
45677.5,25,-20,323
45680.0,-17,-52,383
45682.5,39,14,298
45685.0,-44,-10,230
45687.5,-25,-21,316
45690.0,9,5,289
45692.5,-19,6,313
45695.0,-70,-4,336
45697.5,54,-9,348
45700.0,63,-40,333
45702.5,23,10,245
45705.0,-51,34,287
45707.5,-51,34,287
45710.0,-48,-22,292
45712.5,-16,-4,291
45715.0,49,-36,280
45717.5,109,1,350
45720.0,-18,-6,276
45722.5,20,-5,383
45725.0,32,-21,285
45727.5,31,-24,312
45730.0,-20,-13,301
45732.5,19,-20,312
45735.0,-11,-19,307
45737.5,46,-34,329
45740.0,-15,-24,300
45742.5,-21,-10,308
45745.0,-11,-7,265
45747.5,-41,9,302
45750.0,10,-3,407
45752.5,21,-6,308
45755.0,29,36,337
45757.5,29,36,337
45760.0,64,69,261
45762.5,37,30,245
45765.0,-4,-2,298
45767.5,38,-3,295
45770.0,2,-78,334
45772.5,-88,-48,368
45775.0,-23,-11,325
45777.5,-25,-1,354
45780.0,-11,-19,285
45782.5,41,-2,272
45785.0,56,17,274
45787.5,-19,-14,308
45790.0,-29,-80,333
45792.5,49,16,314
45795.0,32,12,284
45797.5,1,19,336
45800.0,-22,-7,257
45802.5,-21,34,257
45805.0,11,8,306
45807.5,11,8,306
45810.0,9,19,317
45812.5,-40,-23,324
45815.0,21,-8,317
45817.5,-22,-30,252
45820.0,-7,13,311
45822.5,26,-45,266
45825.0,7,-9,297
45827.5,4,-52,368
45830.0,44,-7,266
45832.5,-32,-13,337
45835.0,15,15,257
45837.5,14,-37,274
45840.0,30,33,303
45842.5,12,15,290
45845.0,-46,12,339
45847.5,39,-23,418
45850.0,16,-33,337
45852.5,-12,-35,364
45855.0,56,-6,275
45857.5,56,-6,275
45860.0,94,-1,267
45862.5,-11,-29,310
45865.0,-17,-44,299
45867.5,-10,15,295
45870.0,-17,-49,351
45872.5,15,-22,262
45875.0,-51,-7,306
45877.5,47,22,246
45880.0,-14,15,236
45882.5,6,-8,273
45885.0,44,32,274
45887.5,69,25,308
45890.0,56,-23,305
45892.5,115,26,257
45895.0,-61,-46,301
45897.5,82,23,266
45900.0,9,7,298
45902.5,-1,-13,339
45905.0,85,34,323
45907.5,85,34,323
45910.0,-46,-6,327
45912.5,33,-8,296
45915.0,-27,45,201
45917.5,8,2,300
45920.0,62,34,286
45922.5,-16,-49,324
45925.0,8,11,326
45927.5,46,-42,325
45930.0,26,1,358
45932.5,12,17,228
45935.0,-51,-13,281
45937.5,-2,-21,286
45940.0,72,34,313
45942.5,-20,8,306
45945.0,-3,-14,353
45947.5,-11,-50,287
45950.0,-6,-22,329
45952.5,63,-5,229
45955.0,-21,-53,275
45957.5,-21,-53,275
45960.0,-22,-9,332
45962.5,50,11,314
45965.0,48,-9,351
45967.5,-4,-3,342
45970.0,44,-20,271
45972.5,-30,-79,338
45975.0,54,5,263
45977.5,27,47,292
45980.0,18,-16,354
45982.5,18,-22,307
45985.0,4,-20,333
45987.5,-21,-46,320
45990.0,-70,-56,260
45992.5,-6,-42,298
45995.0,11,18,299
45997.5,9,-21,313
46000.0,-49,83,351
46002.5,-17,17,308
46005.0,-69,-47,304
46007.5,-69,-47,304
46010.0,-47,-44,235
46012.5,26,-26,246
46015.0,71,22,286
46017.5,55,22,296
46020.0,-31,-20,324
46022.5,115,-35,357
46025.0,18,-39,297
46027.5,10,2,323
46030.0,57,-15,248
46032.5,84,14,266
46035.0,-42,-28,308
46037.5,-52,-3,307
46040.0,25,-42,352
46042.5,46,3,321
46045.0,-48,-49,246
46047.5,-20,-36,322
46050.0,-8,-11,264
46052.5,37,43,286
46055.0,-31,-15,340
46057.5,-31,-15,340
46060.0,77,26,310
46062.5,-32,-22,343
46065.0,-15,-17,304
46067.5,27,-8,268
46070.0,-1,-25,303
46072.5,11,24,287
46075.0,-38,15,305
46077.5,-45,39,325
46080.0,-39,-27,325
46082.5,41,16,375
46085.0,77,15,253
46087.5,30,-10,266
46090.0,-35,-21,300
46092.5,-64,27,300
46095.0,-18,-32,352
46097.5,11,-13,351
46100.0,0,-2,322
46102.5,-1,39,341
46105.0,-1,39,341
46107.5,23,1,216
46110.0,29,-11,241
46112.5,50,-12,312
46115.0,60,1,355
46117.5,-7,-32,349
46120.0,23,-16,337
46122.5,34,16,263
46125.0,-9,7,310
46127.5,90,28,231
46130.0,24,-26,314
46132.5,-14,17,310
46135.0,6,-10,323
46137.5,-32,-61,348
46140.0,49,-11,279
46142.5,55,32,239
46145.0,14,11,279
46147.5,9,-34,289
46150.0,-23,-9,286
46152.5,-23,-40,353
46155.0,-23,-40,353
46157.5,19,-10,341
46160.0,74,46,349
46162.5,91,35,249
46165.0,3,-17,239
46167.5,-13,-6,294
46170.0,7,-22,314
46172.5,-41,-4,316
46175.0,15,-35,382
46177.5,9,23,292
46180.0,26,-13,383
46182.5,27,-38,266
46185.0,-63,36,230
46187.5,54,19,314
46190.0,28,-9,278
46192.5,54,12,345
46195.0,9,-42,326
46197.5,25,37,297
46200.0,29,-28,348
46202.5,24,-11,271
46205.0,24,-11,271
46207.5,-8,22,291
46210.0,-8,-11,346
46212.5,41,-11,279
46215.0,33,30,315
46217.5,13,2,295
46220.0,32,14,218
46222.5,0,-13,321
46225.0,-14,44,265
46227.5,-8,-15,302
46230.0,52,-6,358
46232.5,49,-2,272
46235.0,-78,-49,326
46237.5,-14,-27,224
46240.0,-8,35,213
46242.5,18,3,271
46245.0,-29,-27,312
46247.5,-8,-37,347
46250.0,86,-17,388
46252.5,20,-22,340
46255.0,20,-22,340
46257.5,-54,-35,324
46260.0,-67,-5,262
46262.5,21,8,324
46265.0,-13,4,327
46267.5,32,0,299
46270.0,48,-21,353
46272.5,32,-42,329
46275.0,-37,-38,293
46277.5,-31,8,323
46280.0,19,37,267
46282.5,-24,-37,317
46285.0,-2,-2,416
46287.5,64,8,279
46290.0,-12,10,327
46292.5,5,-34,270
46295.0,-29,-35,208
46297.5,-22,-5,313
46300.0,23,10,293
46302.5,8,-9,290
46305.0,8,-9,290
46307.5,-14,43,318
46310.0,42,-20,290
46312.5,53,-21,349
46315.0,28,13,248
46317.5,75,-7,264
46320.0,0,-15,308
46322.5,-10,24,297
46325.0,-57,-18,308
46327.5,-46,-24,324
46330.0,34,-32,246
46332.5,49,5,325
46335.0,40,-11,246
46337.5,-20,-50,282
46340.0,-16,-17,304
46342.5,52,17,254
46345.0,21,39,302
46347.5,85,24,271
46350.0,116,4,258
46352.5,39,-13,346
46355.0,39,-13,346
46357.5,-16,-13,272
46360.0,34,16,306
46362.5,20,-41,357
46365.0,-25,5,319
46367.5,-58,-35,344
46370.0,-41,-35,301
46372.5,89,9,230
46375.0,-1,-19,308
46377.5,19,54,275
46380.0,29,2,283
46382.5,-26,1,338
46385.0,34,40,306
46387.5,-18,-10,347
46390.0,23,-34,237
46392.5,-69,69,263
46395.0,42,-9,266
46397.5,21,-1,308
46400.0,-40,-36,330
46402.5,23,-42,361
46405.0,23,-42,361
46407.5,36,-12,317
46410.0,-3,-28,378
46412.5,37,-26,254
46415.0,-55,-31,247
46417.5,-7,-16,297
46420.0,16,-4,339
46422.5,13,14,283
46425.0,-15,-24,341
46427.5,1,-41,270
46430.0,-4,-10,323
46432.5,50,22,240
46435.0,16,25,268
46437.5,-45,-12,339
46440.0,52,0,296
46442.5,59,22,320
46445.0,75,34,281
46447.5,-18,-15,214
46450.0,47,-1,318
46452.5,73,45,252
46455.0,73,45,252
46457.5,-14,-51,287
46460.0,35,5,340
46462.5,-2,-20,306
46465.0,-33,-54,323
46467.5,-37,-42,245
46470.0,37,-9,258
46472.5,-14,-13,300
46475.0,59,26,297
46477.5,-4,-23,300
46480.0,24,-40,349
46482.5,70,-17,306
46485.0,-102,-117,329
46487.5,4,-34,245
46490.0,-43,11,233
46492.5,-6,3,306
46495.0,37,-6,310
46497.5,9,17,349
46500.0,-15,-42,315
46502.5,0,-2,215
46505.0,0,-2,215
46507.5,-15,-28,346
46510.0,40,3,272
46512.5,-43,-24,277
46515.0,72,12,364
46517.5,95,2,302
46520.0,2,17,345
46522.5,-7,-2,269
46525.0,9,11,276
46527.5,-22,-44,310
46530.0,-15,-13,321
46532.5,26,10,309
46535.0,58,22,315
46537.5,34,16,301
46540.0,-13,-20,325
46542.5,-31,-81,238
46545.0,-9,23,256
46547.5,101,23,273
46550.0,7,49,296
46552.5,-72,-31,297
46555.0,-72,-31,297
46557.5,63,27,335
46560.0,27,-49,257
46562.5,-30,4,301
46565.0,25,-33,263
46567.5,-4,7,283
46570.0,12,-13,353
46572.5,2,64,263
46575.0,18,9,304
46577.5,66,-8,353
46580.0,48,-12,242
46582.5,34,3,318
46585.0,29,-6,266
46587.5,-10,-33,304
46590.0,24,-15,367
46592.5,9,-21,295
46595.0,41,-13,335
46597.5,39,-2,270
46600.0,-54,-72,218
46602.5,32,6,324
46605.0,32,6,324
46607.5,69,53,276
46610.0,-35,13,270
46612.5,-7,-23,325
46615.0,-29,-15,246
46617.5,-21,21,350
46620.0,-6,9,232
46622.5,66,9,271
46625.0,23,10,316
46627.5,20,-14,320
46630.0,-14,-17,329
46632.5,18,21,314
46635.0,58,0,242
46637.5,-31,-10,336
46640.0,12,-20,233
46642.5,28,-7,250
46645.0,22,-31,289
46647.5,17,-23,309
46650.0,-4,10,317
46652.5,-35,-4,318
46655.0,-35,-4,318
46657.5,-41,-75,272
46660.0,48,24,349
46662.5,40,-1,294
46665.0,-54,-53,310
46667.5,17,-1,389
46670.0,-24,11,302
46672.5,79,-2,342
46675.0,3,-70,291
46677.5,25,-32,284
46680.0,-14,-17,294
46682.5,-14,-4,319
46685.0,3,24,283
46687.5,15,-56,348
46690.0,-28,-24,269
46692.5,-48,-23,326
46695.0,38,29,237
46697.5,11,20,267
46700.0,24,19,277
46702.5,-37,-13,293
46705.0,-37,-13,293
46707.5,-64,-40,351
46710.0,-24,-39,333
46712.5,0,-24,276
46715.0,-16,-23,328
46717.5,29,-31,256
46720.0,-30,-45,283
46722.5,29,24,322
46725.0,84,14,329
46727.5,-25,-22,333
46730.0,12,-39,317
46732.5,0,-17,267
46735.0,-21,0,299
46737.5,1,-33,281
46740.0,-8,-4,302
46742.5,-36,6,350
46745.0,21,-14,323
46747.5,118,-8,359
46750.0,21,-9,265
46752.5,61,8,253
46755.0,61,8,253
46757.5,-7,-17,326
46760.0,11,18,325
46762.5,14,8,303
46765.0,19,14,322
46767.5,-19,-53,351
46770.0,30,15,395
46772.5,42,34,226
46775.0,-35,16,254
46777.5,20,8,288
46780.0,-14,12,307
46782.5,65,-20,335
46785.0,-8,-21,346
46787.5,63,-21,282
46790.0,-78,-23,324
46792.5,-24,2,266
46795.0,-10,4,293
46797.5,-6,-9,324
46800.0,24,1,286
46802.5,7,8,305
46805.0,7,8,305
46807.5,7,4,308
46810.0,-29,-47,244
46812.5,-27,-13,316
46815.0,1,-5,261
46817.5,-36,-52,331
46820.0,19,-59,359
46822.5,-19,-27,299
46825.0,38,9,392
46827.5,28,4,276
46830.0,-52,25,284
46832.5,15,-12,267
46835.0,55,-12,303
46837.5,57,-41,231
46840.0,3,-11,348
46842.5,100,-21,325
46845.0,38,-42,401
46847.5,25,-3,217
46850.0,-49,18,266
46852.5,24,-11,352
46855.0,24,-11,352
46857.5,42,-9,305
46860.0,22,6,362
46862.5,-58,0,332
46865.0,-93,-31,274
46867.5,-61,-48,308
46870.0,-11,-6,263
46872.5,-3,-29,287
46875.0,-41,-6,317
46877.5,-28,-4,279
46880.0,-14,18,319
46882.5,53,-40,291
46885.0,75,-11,265
46887.5,33,36,336
46890.0,34,18,266
46892.5,-13,-20,322
46895.0,12,-43,366
46897.5,-3,0,339
46900.0,57,-16,378
46902.5,47,-29,287
46905.0,47,-29,287
46907.5,34,2,268
46910.0,3,-55,290
46912.5,-24,-22,321
46915.0,-12,-61,247
46917.5,-5,-19,345
46920.0,-19,-11,323
46922.5,27,47,387
46925.0,5,-20,268
46927.5,3,-7,284
46930.0,-18,-26,324
46932.5,40,22,302
46935.0,-6,5,332
46937.5,-70,-38,313
46940.0,74,5,297
46942.5,55,21,337
46945.0,41,33,246
46947.5,-15,-50,309
46950.0,-14,-4,322
46952.5,-14,-4,322
46955.0,26,4,326
46957.5,-61,-45,337
46960.0,12,34,258
46962.5,118,-4,304
46965.0,-75,-67,299
46967.5,4,-1,265
46970.0,-43,1,268
46972.5,-29,-4,363
46975.0,-33,-32,307
46977.5,-65,-33,314
46980.0,40,11,241
46982.5,87,5,277
46985.0,6,-8,311
46987.5,-15,1,290
46990.0,21,-10,305
46992.5,28,22,351
46995.0,-11,-14,340
46997.5,18,11,362
47000.0,9,-13,255
47002.5,9,-13,255
47005.0,-15,-14,286
47007.5,-12,12,304
47010.0,55,-7,308
47012.5,28,-25,337
47015.0,15,2,313
47017.5,40,1,221
47020.0,20,11,316
47022.5,46,25,272
47025.0,-51,25,305
47027.5,52,13,381
47030.0,35,-47,299
47032.5,-32,-45,327
47035.0,-10,-10,259
47037.5,-22,-28,284
47040.0,36,-11,281
47042.5,56,60,288
47045.0,-5,-21,286
47047.5,-19,-38,351
47050.0,30,-10,317
47052.5,30,-10,317
47055.0,21,-52,369
47057.5,61,9,271
47060.0,75,-37,278
47062.5,28,41,287
47065.0,-51,-46,302
47067.5,-62,-6,339
47070.0,26,-30,371
47072.5,19,-44,307
47075.0,16,-38,378
47077.5,38,-2,259
47080.0,35,24,279
47082.5,-58,-13,300
47085.0,-12,-3,295
47087.5,64,-16,342
47090.0,71,-32,339
47092.5,94,-6,270
47095.0,2,-21,311
47097.5,11,-52,263
47100.0,35,-9,296
47102.5,35,-9,296
47105.0,65,2,349
47107.5,67,-2,313
47110.0,51,14,314
47112.5,68,2,274
47115.0,-9,-18,239
47117.5,19,12,313
47120.0,2,-28,312
47122.5,4,2,323
47125.0,67,14,345
47127.5,-23,2,293
47130.0,-2,-2,363
47132.5,62,8,286
47135.0,-23,-2,264
47137.5,-10,3,296
47140.0,6,-1,258
47142.5,52,23,294
47145.0,-8,-53,337
47147.5,45,-44,321
47150.0,48,-1,359
47152.5,48,-1,359
47155.0,41,23,243
47157.5,9,1,289
47160.0,-44,-29,323
47162.5,0,2,312
47165.0,22,-67,353
47167.5,-25,-30,301
47170.0,9,34,236
47172.5,10,50,319
47175.0,-5,6,264
47177.5,22,16,298
47180.0,-39,-5,337
47182.5,2,18,303
47185.0,46,-28,344
47187.5,29,26,245
47190.0,39,16,259
47192.5,-13,-39,301
47195.0,23,11,302
47197.5,53,27,310
47200.0,40,-38,327
47202.5,40,-38,327
47205.0,-16,-11,248
47207.5,-3,-30,339
47210.0,56,3,285
47212.5,25,-19,301
47215.0,-17,14,325
47217.5,32,6,316
47220.0,-90,-46,318
47222.5,24,1,319
47225.0,-9,1,286
47227.5,16,-33,342
47230.0,74,45,207
47232.5,24,-6,278
47235.0,40,-11,346
47237.5,33,3,283
47240.0,8,6,315
47242.5,35,13,279
47245.0,-32,-84,266
47247.5,37,26,255
47250.0,-18,49,272
47252.5,-18,49,272
47255.0,47,27,304
47257.5,51,-5,346
47260.0,70,-31,334
47262.5,42,0,362
47265.0,70,7,252
47267.5,1,81,243
47270.0,19,-2,289
47272.5,-5,-10,284
47275.0,3,-10,328
47277.5,-60,-71,355
47280.0,-24,14,306
47282.5,17,16,368
47285.0,26,-39,261
47287.5,16,-38,254
47290.0,12,-14,278
47292.5,1,-40,306
47295.0,91,-18,339
47297.5,91,23,326
47300.0,137,2,283
47302.5,137,2,283
47305.0,100,40,302
47307.5,66,-13,224
47310.0,16,-52,288
47312.5,4,-30,422
47315.0,75,12,309
47317.5,42,-14,350
47320.0,29,-17,296
47322.5,-48,-31,208
47325.0,12,-12,308
47327.5,52,-17,284
47330.0,10,20,300
47332.5,82,-10,343
47335.0,9,15,240
47337.5,-14,-28,334
47340.0,51,-16,236
47342.5,-14,-2,288
47345.0,-37,-35,315
47347.5,10,28,315
47350.0,-25,-15,326
47352.5,-25,-15,326
47355.0,-2,5,323
47357.5,111,16,309
47360.0,-22,-25,330
47362.5,13,3,240
47365.0,-21,1,306
47367.5,-10,-8,356
47370.0,68,-1,312
47372.5,-10,2,337
47375.0,46,22,316
47377.5,140,38,318
47380.0,-34,3,312
47382.5,-33,-23,240
47385.0,-12,-22,275
47387.5,7,-6,361
47390.0,-3,-36,307
47392.5,-49,-22,399
47395.0,33,-19,279
47397.5,-188,-23,268
47400.0,15,-25,323
47402.5,15,-25,323
47405.0,47,12,297
47407.5,50,86,277
47410.0,16,-14,362
47412.5,36,-9,318
47415.0,26,-39,373
47417.5,45,17,253
47420.0,-22,-16,333
47422.5,33,-8,351
47425.0,14,23,322
47427.5,29,-9,313
47430.0,-1,8,340
47432.5,39,29,271
47435.0,-41,-23,345
47437.5,45,7,212
47440.0,51,18,280
47442.5,0,-9,336
47445.0,5,-19,296
47447.5,-12,-24,332
47450.0,58,26,267
47452.5,58,26,267
47455.0,62,5,262
47457.5,-13,-20,312
47460.0,29,-41,342
47462.5,89,-5,308
47465.0,-73,-3,313
47467.5,-5,-27,300
47470.0,1,-17,361
47472.5,-4,-28,283
47475.0,-5,-25,290
47477.5,3,20,299
47480.0,52,-23,309
47482.5,5,18,310
47485.0,110,3,362
47487.5,101,-10,249
47490.0,5,-10,319
47492.5,49,31,247
47495.0,60,-5,301
47497.5,5,21,297
47500.0,-6,-81,332
47502.5,-6,-81,332
47505.0,36,-46,338
47507.5,-17,-83,355
47510.0,53,-24,277
47512.5,6,-1,323
47515.0,38,24,278
47517.5,2,14,304
47520.0,-39,-34,350
47522.5,24,-28,305
47525.0,-22,-17,335
47527.5,-8,-21,278
47530.0,-7,0,288
47532.5,9,-21,315
47535.0,52,11,288
47537.5,5,38,299
47540.0,-13,-18,320
47542.5,57,5,291
47545.0,-15,-44,358
47547.5,63,10,241
47550.0,-15,27,253
47552.5,-15,27,253
47555.0,31,-21,291
47557.5,-1,7,294
47560.0,11,-37,291
47562.5,26,20,328
47565.0,49,14,255
47567.5,-23,2,294
47570.0,-41,-18,245
47572.5,38,-10,311
47575.0,8,3,328
47577.5,25,-27,290
47580.0,60,10,323
47582.5,10,16,301
47585.0,139,42,266
47587.5,18,-7,326
47590.0,36,-8,260
47592.5,-20,-14,283
47595.0,5,-5,365
47597.5,-61,-50,273
47600.0,-42,10,335
47602.5,-42,10,335
47605.0,-25,-43,237
47607.5,35,15,256
47610.0,1,-8,305
47612.5,-9,-68,306
47615.0,-2,-8,317
47617.5,-43,-23,327
47620.0,-5,-15,221
47622.5,18,9,334
47625.0,42,-6,259
47627.5,17,20,266
47630.0,24,-7,306
47632.5,51,11,293
47635.0,24,-17,332
47637.5,-83,-42,344
47640.0,84,11,315
47642.5,-6,44,292
47645.0,11,55,214
47647.5,-6,40,271
47650.0,23,14,353
47652.5,23,14,353
47655.0,51,1,311
47657.5,25,-63,358
47660.0,36,-14,266
47662.5,2,36,227
47665.0,-23,-41,319
47667.5,-24,-7,263
47670.0,71,24,287
47672.5,17,18,369
47675.0,21,-37,338
47677.5,-19,-51,349
47680.0,-11,-18,266
47682.5,8,-34,278
47685.0,10,10,321
47687.5,45,25,298
47690.0,-42,-43,315
47692.5,6,-7,370
47695.0,-5,-29,281
47697.5,-58,0,337
47700.0,-58,0,337
47702.5,1,-16,250
47705.0,-15,5,281
47707.5,37,3,309
47710.0,-18,-19,313
47712.5,29,-45,372
47715.0,82,6,289
47717.5,51,-3,255
47720.0,-67,-57,356
47722.5,45,-2,262
47725.0,-70,1,293
47727.5,8,-43,380
47730.0,17,-5,308
47732.5,6,-2,357
47735.0,-13,-3,293
47737.5,-3,-24,230
47740.0,1,-3,297
47742.5,32,31,299
47745.0,-5,-13,309
47747.5,-24,6,334
47750.0,-24,6,334
47752.5,12,-16,333
47755.0,-32,-34,334
47757.5,34,-16,231
47760.0,87,35,267
47762.5,-28,-20,282
47765.0,30,6,296
47767.5,-22,-47,320
47770.0,65,1,287
47772.5,123,5,256
47775.0,-44,-28,312
47777.5,-38,20,255
47780.0,21,19,281
47782.5,-6,3,337
47785.0,22,-13,306
47787.5,41,-49,329
47790.0,9,12,280
47792.5,8,-8,220
47795.0,26,4,319
47797.5,5,6,278
47800.0,5,6,278
47802.5,-31,46,295
47805.0,-4,44,325
47807.5,57,8,327
47810.0,-36,-29,339
47812.5,-2,-21,263
47815.0,47,1,300
47817.5,-24,-20,302
47820.0,-7,-32,304
47822.5,-10,62,289
47825.0,52,-4,385
47827.5,1,-17,344
47830.0,11,-31,362
47832.5,37,11,296
47835.0,-8,-23,297
47837.5,-39,-66,323
47840.0,26,-7,332
47842.5,7,16,327
47845.0,-4,38,320
47847.5,11,-42,254
47850.0,11,-42,254
47852.5,-6,10,328
47855.0,53,34,249
47857.5,18,-3,269
47860.0,15,-26,335
47862.5,42,-11,309
47865.0,-11,5,338
47867.5,4,-50,282
47870.0,-5,-14,264
47872.5,28,30,294
47875.0,44,27,307
47877.5,-12,-10,312
47880.0,-25,-31,365
47882.5,16,5,343
47885.0,55,-31,384
47887.5,63,20,274
47890.0,31,-25,220
47892.5,25,-23,290
47895.0,-64,-19,309
47897.5,-29,-55,312
47900.0,-29,-55,312
47902.5,-24,14,320
47905.0,47,-34,307
47907.5,85,39,371
47910.0,80,-8,262
47912.5,21,-39,276
47915.0,13,7,321
47917.5,68,18,324
47920.0,25,25,347
47922.5,41,-1,308
47925.0,11,23,270
47927.5,-3,-11,322
47930.0,-10,-4,267
47932.5,-31,60,331
47935.0,-2,-7,355
47937.5,15,-48,317
47940.0,38,12,307
47942.5,51,31,278
47945.0,-24,-42,228
47947.5,-47,-22,315
47950.0,-47,-22,315
47952.5,14,-1,283
47955.0,13,5,330
47957.5,40,-11,359
47960.0,24,-11,300
47962.5,-32,43,336
47965.0,-20,-21,245
47967.5,-36,15,314
47970.0,37,18,294
47972.5,-38,-34,302
47975.0,-20,-51,311
47977.5,-14,-11,330
47980.0,41,-8,260
47982.5,-82,-48,295
47985.0,-26,-34,220
47987.5,-4,4,275
47990.0,13,12,324
47992.5,28,-26,335
47995.0,55,1,360
47997.5,56,11,344
48000.0,56,11,344
48002.5,-73,-11,227
48005.0,-17,-27,325
48007.5,33,-22,281
48010.0,-8,-19,305
48012.5,1,-35,382
48015.0,64,4,299
48017.5,-22,-23,332
48020.0,28,-35,293
48022.5,-39,-38,246
48025.0,32,19,295
48027.5,12,-15,300
48030.0,8,-6,324
48032.5,81,-16,354
48035.0,64,-5,308
48037.5,-46,-47,327
48040.0,60,-7,250
48042.5,1,14,251
48045.0,6,3,322
48047.5,65,-9,323
48050.0,65,-9,323
48052.5,36,16,348
48055.0,-52,-41,354
48057.5,46,32,265
48060.0,10,7,311
48062.5,102,-18,236
48065.0,-15,-1,247
48067.5,5,-23,325
48070.0,16,-51,292
48072.5,3,8,322
48075.0,35,30,285
48077.5,77,-28,270
48080.0,177,23,255
48082.5,41,0,289
48085.0,-54,-31,322
48087.5,-31,12,353
48090.0,-23,-24,337
48092.5,-51,-83,379
48095.0,15,18,265
48097.5,-2,-8,243
48100.0,-2,-8,243
48102.5,-8,-12,302
48105.0,14,-19,286
48107.5,-7,9,294
48110.0,11,5,354
48112.5,20,-12,295
48115.0,-1,-41,349
48117.5,69,6,252
48120.0,27,-47,282
48122.5,60,-9,330
48125.0,57,20,293
48127.5,-8,-73,348
48130.0,35,-3,299
48132.5,86,26,262
48135.0,60,14,331
48137.5,37,-30,276
48140.0,-29,-12,293
48142.5,6,-27,372
48145.0,26,-39,344
48147.5,-13,-18,338
48150.0,-13,-18,338
48152.5,54,22,289
48155.0,93,-11,283
48157.5,-36,-8,309
48160.0,63,22,280
48162.5,19,-1,292
48165.0,-6,-54,354
48167.5,30,-6,312
48170.0,-17,-42,343
48172.5,-21,35,257
48175.0,-21,-28,302
48177.5,7,-17,301
48180.0,30,5,292
48182.5,9,9,310
48185.0,-32,-46,335
48187.5,95,21,315
48190.0,25,12,347
48192.5,-54,-21,225
48195.0,21,46,279
48197.5,10,65,306
48200.0,10,65,306
48202.5,56,-37,353
48205.0,-19,4,341
48207.5,57,-20,327
48210.0,27,-2,237
48212.5,-6,-23,313
48215.0,33,0,272
48217.5,-30,-2,259
48220.0,4,-12,362
48222.5,16,3,306
48225.0,-105,-22,348
48227.5,32,-12,284
48230.0,-24,-3,235
48232.5,13,21,290
48235.0,14,2,305
48237.5,-116,-55,278
48240.0,58,-43,379
48242.5,75,2,291
48245.0,-33,-51,334
48247.5,-33,-51,334
48250.0,30,-25,247
48252.5,-29,8,273
48255.0,7,39,329
48257.5,11,-7,307
48260.0,-9,-11,298
48262.5,11,-3,326
48265.0,8,-17,303
48267.5,-18,-25,336
48270.0,13,-21,283
48272.5,26,-35,296
48275.0,3,-7,307
48277.5,3,-21,321
48280.0,-26,-1,345
48282.5,-83,32,276
48285.0,23,-3,218
48287.5,24,2,296
48290.0,29,29,288
48292.5,-53,-2,327
48295.0,36,-7,347
48297.5,36,-7,347
48300.0,-20,-29,313
48302.5,-38,-83,370
48305.0,23,-2,234
48307.5,64,-31,242
48310.0,10,-12,269
48312.5,39,42,308
48315.0,-15,-28,327
48317.5,59,-8,334
48320.0,43,-11,256
48322.5,34,-44,357
48325.0,31,19,209
48327.5,-66,-5,272
48330.0,-2,11,304
48332.5,-45,-48,322
48335.0,-95,-65,308
48337.5,8,-13,285
48340.0,6,-9,237
48342.5,55,-23,335
48345.0,-30,17,255
48347.5,-30,17,255
48350.0,-35,-23,296
48352.5,12,-66,387
48355.0,71,20,334
48357.5,156,-18,336
48360.0,5,-41,278
48362.5,6,-28,272
48365.0,24,8,301
48367.5,36,3,321
48370.0,35,-11,329
48372.5,-71,28,320
48375.0,16,9,309
48377.5,-23,-51,374
48380.0,117,1,265
48382.5,3,-18,291
48385.0,56,-22,333
48387.5,73,-13,317
48390.0,54,13,317
48392.5,-11,-33,346
48395.0,62,-4,280
48397.5,62,-4,280
48400.0,77,31,323
48402.5,73,14,269
48405.0,28,14,289
48407.5,26,-16,363
48410.0,3,9,287
48412.5,25,-8,359
48415.0,-63,-59,263
48417.5,46,12,231
48420.0,-39,-9,306
48422.5,15,23,290
48425.0,12,3,302
48427.5,26,-8,342
48430.0,30,29,261
48432.5,-33,-30,328
48435.0,-73,40,263
48437.5,-26,-1,286
48440.0,-21,-23,297
48442.5,31,11,304
48445.0,51,-2,331
48447.5,51,-2,331
48450.0,0,0,333
48452.5,-48,-10,276
48455.0,-41,-20,339
48457.5,5,12,246
48460.0,24,-11,299
48462.5,38,-5,323
48465.0,21,-1,288
48467.5,-95,-23,297
48470.0,-37,-10,295
48472.5,48,63,228
48475.0,-23,-40,294
48477.5,36,-15,288
48480.0,13,-57,324
48482.5,27,73,355
48485.0,-33,-34,322
48487.5,-87,-70,323
48490.0,-37,-4,237
48492.5,-20,-15,277
48495.0,7,-8,318
48497.5,7,-8,318
48500.0,-8,-21,297
48502.5,-21,-49,307
48505.0,55,13,390
48507.5,-19,-42,301
48510.0,47,2,370
48512.5,75,16,254
48515.0,8,-3,285
48517.5,70,13,333
48520.0,15,-23,323
48522.5,6,-62,315
48525.0,55,-33,299
48527.5,44,-6,257
48530.0,28,-16,335
48532.5,-28,35,255
48535.0,-45,44,337
48537.5,26,17,382
48540.0,13,-13,290
48542.5,29,27,320
48545.0,93,23,271
48547.5,93,23,271
48550.0,99,34,282
48552.5,-15,-9,320
48555.0,17,-17,284
48557.5,19,-30,333
48560.0,6,13,325
48562.5,-38,1,293
48565.0,-42,-24,369
48567.5,17,-20,241
48570.0,56,4,264
48572.5,22,-11,286
48575.0,25,36,315
48577.5,-50,-26,311
48580.0,-30,-13,323
48582.5,40,6,263
48585.0,20,-2,328
48587.5,-19,-46,268
48590.0,71,18,307
48592.5,-6,-18,334
48595.0,9,-11,302
48597.5,9,-11,302
48600.0,-3,7,304
48602.5,23,4,292
48605.0,-83,-16,226
48607.5,63,7,335
48610.0,6,7,259
48612.5,-30,-50,308
48615.0,8,-42,379
48617.5,-36,28,290
48620.0,-29,-31,317
48622.5,16,-25,258
48625.0,-17,-1,278
48627.5,33,-6,305
48630.0,-34,-29,284
48632.5,9,29,313
48635.0,40,-42,372
48637.5,-35,-19,302
48640.0,-13,-20,368
48642.5,98,2,290
48645.0,-15,-5,267
48647.5,-15,-5,267
48650.0,47,17,323
48652.5,62,1,304
48655.0,13,3,296
48657.5,14,-19,329
48660.0,-13,-12,262
48662.5,68,47,348
48665.0,4,19,240
48667.5,-39,8,276
48670.0,-11,-26,359
48672.5,50,55,343
48675.0,-40,-30,337
48677.5,51,-14,301
48680.0,6,4,271
48682.5,-46,-16,302
48685.0,38,2,286
48687.5,15,-13,329
48690.0,-6,1,361
48692.5,-9,6,294
48695.0,24,-21,351
48697.5,24,-21,351
48700.0,10,-15,231
48702.5,25,-19,258
48705.0,26,-2,281
48707.5,-18,-13,287
48710.0,-9,3,311
48712.5,-14,-47,300
48715.0,6,-24,278
48717.5,41,28,363
48720.0,13,-26,225
48722.5,-51,-31,248
48725.0,16,-20,355
48727.5,55,3,335
48730.0,-12,-45,318
48732.5,23,-18,301
48735.0,-5,-23,255
48737.5,-25,-17,327
48740.0,43,-24,232
48742.5,62,13,269
48745.0,-34,-8,335
48747.5,-34,-8,335
48750.0,25,-21,304
48752.5,33,-15,363
48755.0,7,-27,315
48757.5,58,24,261
48760.0,-22,-17,290
48762.5,36,-4,315
48765.0,12,-17,325
48767.5,7,8,338
48770.0,124,13,295
48772.5,-14,-27,339
48775.0,5,-4,242
48777.5,-18,-15,274
48780.0,72,62,298
48782.5,67,57,314
48785.0,-10,-27,318
48787.5,22,15,339
48790.0,59,54,240
48792.5,-9,-18,299
48795.0,-9,-18,299
48797.5,-85,-66,267
48800.0,-26,49,279
48802.5,-12,4,325
48805.0,18,-9,282
48807.5,27,-42,323
48810.0,34,38,286
48812.5,86,6,266
48815.0,20,14,329
48817.5,25,-5,322
48820.0,-46,1,253
48822.5,1,-23,371
48825.0,79,-12,316
48827.5,-51,-38,352
48830.0,29,-13,291
48832.5,-19,-52,271
48835.0,104,7,274
48837.5,58,-38,285
48840.0,-22,-15,314
48842.5,46,-46,354
48845.0,46,-46,354
48847.5,-37,-14,255
48850.0,24,-20,333
48852.5,26,-32,219
48855.0,-1,59,248
48857.5,8,-9,309
48860.0,12,43,299
48862.5,16,11,328
48865.0,36,34,332
48867.5,1,10,251
48870.0,-58,-40,313
48872.5,100,10,247
48875.0,25,-30,302
48877.5,1,-30,338
48880.0,34,28,313
48882.5,-25,-19,354
48885.0,23,-19,323
48887.5,-9,-53,228
48890.0,15,-27,314
48892.5,20,-4,250
48895.0,20,-4,250
48897.5,-37,-14,286
48900.0,6,-18,334
48902.5,38,-4,289
48905.0,46,-22,336
48907.5,8,-4,238
48910.0,19,-7,271
48912.5,20,12,259
48915.0,-1,0,280
48917.5,41,41,316
48920.0,60,-25,373
48922.5,42,-36,305
48925.0,16,-3,352
48927.5,41,-33,269
48930.0,52,-12,261
48932.5,24,-63,324
48935.0,31,-15,293
48937.5,-34,-7,278
48940.0,25,-33,315
48942.5,47,8,271
48945.0,47,8,271
48947.5,-33,14,332
48950.0,15,-23,285
48952.5,-1,-48,301
48955.0,39,-14,375
48957.5,45,-37,295
48960.0,-26,-19,347
48962.5,-11,-2,293
48965.0,97,42,237
48967.5,30,-32,311
48970.0,44,6,297
48972.5,38,10,300
48975.0,-49,-13,315
48977.5,31,-15,271
48980.0,-39,-48,355
48982.5,80,35,218
48985.0,-80,-27,292
48987.5,34,-7,306
48990.0,44,-7,293
48992.5,-11,-62,350
48995.0,-11,-62,350
48997.5,1,-18,343
49000.0,44,-46,324
49002.5,-41,-13,307
49005.0,59,20,276
49007.5,21,12,281
49010.0,9,-15,332
49012.5,48,23,276
49015.0,159,7,365
49017.5,53,-43,361
49020.0,30,-11,281
49022.5,12,13,333
49025.0,8,-9,292
49027.5,20,4,308
49030.0,19,-20,352
49032.5,112,-18,341
49035.0,46,-8,352
49037.5,20,-25,306
49040.0,-1,18,244
49042.5,3,13,317
49045.0,3,13,317
49047.5,-1,1,306
49050.0,-12,-4,285
49052.5,18,-12,334
49055.0,73,-2,300
49057.5,-7,2,325
49060.0,44,15,276
49062.5,8,23,274
49065.0,3,2,327
49067.5,77,36,314
49070.0,-37,-25,335
49072.5,-13,22,358
49075.0,49,-9,338
49077.5,-54,-48,382
49080.0,53,6,240
49082.5,-1,11,262
49085.0,-21,-2,335
49087.5,38,-3,325
49090.0,38,18,369
49092.5,52,-4,331
49095.0,52,-4,331
49097.5,-112,-51,244
49100.0,-24,-34,325
49102.5,19,-29,301
49105.0,-10,-54,344
49107.5,-40,-28,344
49110.0,13,-5,319
49112.5,-39,-10,327
49115.0,19,-17,305
49117.5,179,-17,311
49120.0,10,-29,332
49122.5,14,-29,294
49125.0,-9,-1,298
49127.5,30,19,333
49130.0,-8,-36,303
49132.5,67,-32,344
49135.0,56,-2,260
49137.5,-21,-5,245
49140.0,13,-18,300
49142.5,31,-13,314
49145.0,31,-13,314
49147.5,4,-23,304
49150.0,-17,-23,313
49152.5,18,-4,260
49155.0,20,-1,326
49157.5,-3,3,267
49160.0,3,-12,305
49162.5,28,-5,346
49165.0,79,-26,338
49167.5,47,-28,372
49170.0,-21,-17,310
49172.5,23,13,226
49175.0,-64,-32,330
49177.5,40,-11,281
49180.0,-10,-47,324
49182.5,8,4,343
49185.0,-29,-33,305
49187.5,-46,-47,346
49190.0,122,0,301
49192.5,5,1,250
49195.0,5,1,250
49197.5,44,-20,304
49200.0,12,-19,287
49202.5,-50,-33,317
49205.0,-17,-37,356
49207.5,11,-27,250
49210.0,159,46,372
49212.5,7,-28,248
49215.0,-26,-13,286
49217.5,4,-3,314
49220.0,46,18,286
49222.5,2,-51,283
49225.0,69,24,317
49227.5,109,51,262
49230.0,-30,-26,320
49232.5,-2,-5,234
49235.0,-5,-2,268
49237.5,12,-30,352
49240.0,63,41,329
49242.5,-10,-13,330
49245.0,-10,-13,330
49247.5,9,-7,298
49250.0,49,29,249
49252.5,5,-45,292
49255.0,76,17,305
49257.5,37,4,310
49260.0,-78,-13,320
49262.5,24,12,297
49265.0,-7,-6,334
49267.5,7,1,243
49270.0,69,4,250
49272.5,9,-55,293
49275.0,57,33,295
49277.5,-13,-44,324
49280.0,62,21,344
49282.5,4,-1,233
49285.0,-22,-16,333
49287.5,41,12,235
49290.0,14,-20,306
49292.5,-22,-24,322
49295.0,-22,-24,322
49297.5,30,5,282
49300.0,-13,18,331
49302.5,-5,-5,304
49305.0,29,-6,280
49307.5,-20,-20,313
49310.0,-41,-16,231
49312.5,17,14,308
49315.0,-19,-64,390
49317.5,19,-17,308
49320.0,-44,-13,327
49322.5,-9,-16,331
49325.0,43,-13,245
49327.5,-49,-62,310
49330.0,10,0,278
49332.5,-35,-18,302
49335.0,-18,-46,350
49337.5,26,16,325
49340.0,-27,-69,374
49342.5,-27,-69,374
49345.0,45,-8,235
49347.5,4,9,287
49350.0,68,12,309
49352.5,1,-15,293
49355.0,36,-8,326
49357.5,23,-33,371
49360.0,30,-15,233
49362.5,7,8,334
49365.0,52,-7,267
49367.5,31,26,292
49370.0,-24,-33,352
49372.5,72,-16,316
49375.0,74,10,323
49377.5,8,-33,340
49380.0,11,9,224
49382.5,-10,-13,316
49385.0,7,31,260
49387.5,-22,-65,338
49390.0,-20,-37,376
49392.5,-20,-37,376
49395.0,17,-15,317
49397.5,21,-43,375
49400.0,28,-17,303
49402.5,61,-7,299
49405.0,9,-40,306
49407.5,30,6,305
49410.0,61,-17,326
49412.5,61,-28,356
49415.0,45,-10,339
49417.5,19,18,342
49420.0,27,-12,280
49422.5,61,14,263
49425.0,-5,-26,325
49427.5,19,1,329
49430.0,-55,31,231
49432.5,67,-21,389
49435.0,83,16,281
49437.5,-28,-63,343
49440.0,23,-25,290
49442.5,23,-25,290
49445.0,-44,-12,284
49447.5,3,9,335
49450.0,7,64,305
49452.5,-64,-20,324
49455.0,-2,-20,308
49457.5,-14,-25,246
49460.0,-62,-13,335
49462.5,1,-15,296
49465.0,-18,-7,314
49467.5,-3,6,367
49470.0,-19,-42,316
49472.5,-50,-14,353
49475.0,29,14,279
49477.5,36,12,292
49480.0,-48,-39,290
49482.5,74,-23,346
49485.0,-21,-41,317
49487.5,41,-3,345
49490.0,-18,10,222
49492.5,-18,10,222
49495.0,-24,-61,313
49497.5,-7,5,192
49500.0,-29,13,284
49502.5,35,-2,299
49505.0,7,14,292
49507.5,-26,-13,315
49510.0,-62,-19,337
49512.5,5,23,295
49515.0,-55,-57,343
49517.5,14,30,262
49520.0,38,-7,292
49522.5,17,-17,347
49525.0,-1,-21,313
49527.5,-31,-23,342
49530.0,53,-29,300
49532.5,-70,-28,281
49535.0,-42,-25,299
49537.5,36,3,269
49540.0,-14,9,313
49542.5,-14,9,313
49545.0,-87,-18,353
49547.5,-89,22,289
49550.0,52,-4,338
49552.5,32,6,268
49555.0,50,-12,304
49557.5,7,-9,295
49560.0,17,-27,260
49562.5,-14,10,290
49565.0,27,-9,357
49567.5,-4,4,310
49570.0,-46,-21,334
49572.5,73,42,243
49575.0,59,-1,259
49577.5,8,-7,298
49580.0,29,-11,296
49582.5,32,-10,313
49585.0,41,-2,376
49587.5,20,-15,262
49590.0,-30,-44,337
49592.5,-30,-44,337
49595.0,60,23,265
49597.5,-22,-4,285
49600.0,-12,-23,334
49602.5,34,28,293
49605.0,-42,-24,348
49607.5,26,-21,313
49610.0,56,31,229
49612.5,41,17,310
49615.0,-41,15,275
49617.5,-27,-24,315
49620.0,-38,-19,339
49622.5,0,-11,293
49625.0,10,-36,374
49627.5,46,-6,258
49630.0,-11,-1,289
49632.5,17,-14,330
49635.0,8,-39,305
49637.5,-32,-7,321
49640.0,57,-17,324
49642.5,57,-17,324
49645.0,-50,-38,292
49647.5,3,2,394
49650.0,8,-23,259
49652.5,-33,-3,280
49655.0,-26,2,311
49657.5,36,14,301
49660.0,-23,-12,312
49662.5,13,5,277
49665.0,22,-57,253
49667.5,16,-19,333
49670.0,50,-9,261
49672.5,-19,16,300
49675.0,-52,-47,345
49677.5,44,23,297
49680.0,59,-26,340
49682.5,37,-6,291
49685.0,-4,-10,224
49687.5,-64,-19,289
49690.0,26,33,303
49692.5,26,33,303
49695.0,1,23,296
49697.5,-31,-31,361
49700.0,4,-15,339
49702.5,89,32,372
49705.0,48,-16,258
49707.5,47,45,216
49710.0,20,-14,276
49712.5,-45,12,311
49715.0,-41,-25,301
49717.5,3,-28,311
49720.0,80,5,273
49722.5,30,-13,329
49725.0,39,1,246
49727.5,43,-12,288
49730.0,-30,15,292
49732.5,17,-28,313
49735.0,22,-22,337
49737.5,27,3,309
49740.0,-3,5,223
49742.5,-3,5,223
49745.0,-52,-52,320
49747.5,-21,-21,267
49750.0,-19,-10,294
49752.5,-44,-70,361
49755.0,129,3,357
49757.5,29,-59,416
49760.0,-29,-16,282
49762.5,65,-26,270
49765.0,-44,-23,302
49767.5,59,-9,305
49770.0,48,4,289
49772.5,76,-25,367
49775.0,22,-10,253
49777.5,15,1,331
49780.0,-5,-22,251
49782.5,-63,-17,274
49785.0,-26,2,312
49787.5,-15,21,292
49790.0,-61,-1,301
49792.5,-61,-1,301
49795.0,-29,-14,312
49797.5,-17,7,272
49800.0,-105,-34,336
49802.5,40,32,231
49805.0,-49,-28,287
49807.5,-56,-15,323
49810.0,48,21,280
49812.5,-92,-35,336
49815.0,5,3,272
49817.5,19,-28,286
49820.0,-1,-19,291
49822.5,-11,-5,310
49825.0,6,-11,330
49827.5,28,31,336
49830.0,30,2,304
49832.5,-57,-27,352
49835.0,61,18,261
49837.5,28,-45,324
49840.0,5,17,273
49842.5,5,17,273
49845.0,-10,-11,287
49847.5,-9,-13,306
49850.0,70,20,340
49852.5,55,16,260
49855.0,26,10,357
49857.5,11,11,252
49860.0,42,-3,275
49862.5,0,-45,310
49865.0,-8,-17,305
49867.5,6,-25,320
49870.0,42,11,301
49872.5,20,-10,240
49875.0,28,-15,338
49877.5,-63,6,292
49880.0,-25,-3,275
49882.5,-14,-10,309
49885.0,54,3,304
49887.5,46,12,332
49890.0,46,12,332
49892.5,6,-14,296
49895.0,-34,-20,215
49897.5,-14,-19,312
49900.0,14,15,263
49902.5,-15,-35,320
49905.0,-3,-38,344
49907.5,67,39,306
49910.0,43,3,337
49912.5,43,-4,273
49915.0,23,3,320
49917.5,-24,-24,315
49920.0,51,-1,338
49922.5,6,-26,290
49925.0,-12,-14,313
49927.5,19,-34,244
49930.0,-1,-4,334
49932.5,-6,19,240
49935.0,-83,-19,283
49937.5,19,39,332
49940.0,19,39,332
49942.5,-26,-41,270
49945.0,11,-1,256
49947.5,15,-25,303
49950.0,76,30,264
49952.5,49,2,342
49955.0,60,-4,301
49957.5,28,-22,308
49960.0,-5,-22,351
49962.5,3,-37,313
49965.0,73,14,356
49967.5,-9,-18,234
49970.0,-56,-13,208
49972.5,-3,-7,319
49975.0,39,20,309
49977.5,-23,-12,333
49980.0,29,-28,361
49982.5,5,-13,297
49985.0,7,36,362
49987.5,95,5,223
49990.0,95,5,223
49992.5,68,-38,345
49995.0,69,0,320
49997.5,19,12,267
50000.0,-48,-54,282
50002.5,-28,-44,324
50005.0,-29,-18,270
50007.5,-15,-6,303
50010.0,-25,-20,273
50012.5,0,10,292
50015.0,44,-22,370
50017.5,19,-1,305
50020.0,71,0,332
50022.5,-14,-51,299
50025.0,-28,-16,219
50027.5,-17,-12,303
50030.0,-13,-2,270
50032.5,-41,-33,325
50035.0,-53,-11,324
50037.5,80,21,306
50040.0,80,21,306
50042.5,17,-32,351
50045.0,59,28,239
50047.5,108,-1,265
50050.0,30,-18,261
50052.5,21,-29,296
50055.0,15,34,295
50057.5,10,-1,341
50060.0,-32,-41,317
50062.5,-29,-15,348
50065.0,34,9,246
50067.5,39,-19,259
50070.0,-71,-17,289
50072.5,-81,-55,313
50075.0,-36,-28,334
50077.5,9,-18,319
50080.0,-22,-70,299
50082.5,42,-2,371
50085.0,44,-7,281
50087.5,-33,-49,296
50090.0,-33,-49,296
50092.5,-5,-21,373
50095.0,80,-13,306
50097.5,-85,24,326
50100.0,46,4,297
50102.5,80,-15,235
50105.0,-52,-16,306
50107.5,-21,-2,306
50110.0,46,-3,324
50112.5,57,22,364
50115.0,46,-16,321
50117.5,8,-8,346
50120.0,67,-7,272
50122.5,45,16,272
50125.0,12,-11,336
50127.5,24,-4,296
50130.0,92,-24,336
50132.5,21,-28,334
50135.0,37,-56,323
50137.5,50,15,351
50140.0,50,15,351
50142.5,-50,-23,249
50145.0,-19,-7,305
50147.5,61,-23,326
50150.0,52,9,294
50152.5,-39,-74,333
50155.0,18,-11,300
50157.5,-41,-42,233
50160.0,-22,-28,351
50162.5,31,-22,260
50165.0,8,-27,328
50167.5,16,37,358
50170.0,82,4,333
50172.5,51,2,345
50175.0,92,-4,282
50177.5,-46,11,266
50180.0,-29,-13,296
50182.5,-71,-14,334
50185.0,-3,-12,331
50187.5,24,-37,346
50190.0,24,-37,346
50192.5,21,-33,309
50195.0,17,5,382
50197.5,41,17,216
50200.0,-23,-12,237
50202.5,-1,21,304
50205.0,77,50,274
50207.5,26,-24,313
50210.0,8,-5,325
50212.5,45,-38,296
50215.0,-28,2,357
50217.5,42,3,268
50220.0,15,-13,292
50222.5,10,-6,364
50225.0,19,-21,308
50227.5,52,-8,336
50230.0,-8,-32,293
50232.5,-17,-20,218
50235.0,-4,-17,304
50237.5,73,6,314
50240.0,73,6,314
50242.5,20,-4,279
50245.0,-46,-76,331
50247.5,-60,-39,319
50250.0,-7,2,378
50252.5,13,7,255
50255.0,62,4,267
50257.5,97,35,320
50260.0,23,19,325
50262.5,34,1,325
50265.0,83,13,335
50267.5,139,13,246
50270.0,28,13,343
50272.5,-32,-35,269
50275.0,9,-3,308
50277.5,5,29,307
50280.0,-13,-41,308
50282.5,17,-36,339
50285.0,64,-35,316
50287.5,92,-34,272
50290.0,92,-34,272
50292.5,-51,-52,329
50295.0,37,-34,249
50297.5,28,-29,282
50300.0,42,2,364
50302.5,26,-9,292
50305.0,-8,50,376
50307.5,-5,-51,295
50310.0,85,-40,307
50312.5,19,0,292
50315.0,-1,20,263
50317.5,13,-13,318
50320.0,31,-18,329
50322.5,43,3,298
50325.0,-11,-21,329
50327.5,59,-31,231
50330.0,65,9,274
50332.5,-16,-32,323
50335.0,40,4,274
50337.5,45,3,314
50340.0,45,3,314
50342.5,-12,-23,313
50345.0,63,-17,282
50347.5,9,21,296
50350.0,0,-3,254
50352.5,-35,18,282
50355.0,41,-33,379
50357.5,116,-1,321
50360.0,-30,12,357
50362.5,1,3,274
50365.0,25,6,275
50367.5,8,-23,312
50370.0,61,22,300
50372.5,-5,4,321
50375.0,-32,-39,322
50377.5,23,46,285
50380.0,-19,-33,324
50382.5,-58,-27,268
50385.0,26,-13,316
50387.5,26,-13,316
50390.0,6,-15,295
50392.5,23,-5,313
50395.0,-73,-35,325
50397.5,-45,-36,331
50400.0,21,-21,275
50402.5,-65,-38,333
50405.0,35,53,242
50407.5,41,15,281
50410.0,-50,-3,318
50412.5,5,-7,291
50415.0,-43,-56,302
50417.5,62,-12,285
50420.0,42,-33,282
50422.5,-11,-7,304
50425.0,39,11,342
50427.5,-5,-24,283
50430.0,12,-19,356
50432.5,10,-39,320
50435.0,25,3,354
50437.5,25,3,354
50440.0,37,-6,266
50442.5,-15,-19,281
50445.0,31,4,317
50447.5,24,-33,293
50450.0,28,-59,283
50452.5,46,5,353
50455.0,-12,-8,287
50457.5,37,-23,369
50460.0,79,24,268
50462.5,81,32,291
50465.0,3,-39,356
50467.5,62,37,262
50470.0,56,113,268
50472.5,57,5,323
50475.0,96,4,268
50477.5,89,22,337
50480.0,-13,-5,266
50482.5,26,17,335
50485.0,12,-3,400
50487.5,12,-3,400
50490.0,-7,11,294
50492.5,23,12,342
50495.0,30,-11,297
50497.5,5,-48,257
50500.0,34,-1,337
50502.5,51,4,307
50505.0,22,9,313
50507.5,22,-6,354
50510.0,-28,-24,297
50512.5,-125,-74,361
50515.0,65,28,235
50517.5,-18,-8,305
50520.0,-2,17,303
50522.5,39,41,313
50525.0,20,-11,306
50527.5,-52,-47,351
50530.0,-40,-1,280
50532.5,-27,-17,359
50535.0,99,37,259
50537.5,99,37,259
50540.0,-17,-42,310
50542.5,-134,-39,364
50545.0,32,35,289
50547.5,26,-25,313
50550.0,53,-18,312
50552.5,86,19,269
50555.0,-45,12,310
50557.5,22,10,277
50560.0,18,0,318
50562.5,6,-20,353
50565.0,-44,21,296
50567.5,38,-2,364
50570.0,15,-10,263
50572.5,0,-19,247
50575.0,8,-23,295
50577.5,60,18,289
50580.0,-59,-22,308
50582.5,-79,-61,367
50585.0,-41,26,297
50587.5,-41,26,297
50590.0,-40,-42,364
50592.5,-18,-45,252
50595.0,-88,-37,247
50597.5,-15,-8,304
50600.0,65,-2,361
50602.5,50,-25,373
50605.0,7,-29,354
50607.5,-75,53,227
50610.0,-84,-29,327
50612.5,53,22,255
50615.0,43,48,300
50617.5,13,-20,385
50620.0,74,13,304
50622.5,24,-52,365
50625.0,15,-29,267
50627.5,-49,-53,275
50630.0,-24,-25,312
50632.5,32,23,302
50635.0,1,-14,310
50637.5,1,-14,310
50640.0,27,37,355
50642.5,134,45,295
50645.0,-19,-15,334
50647.5,34,-12,267
50650.0,-1,-3,263
50652.5,105,43,311
50655.0,19,-28,303
50657.5,20,-24,304
50660.0,-27,-47,332
50662.5,27,11,265
50665.0,-99,-18,277
50667.5,-21,-5,191
50670.0,14,23,284
50672.5,45,16,324
50675.0,20,-15,308
50677.5,-28,0,325
50680.0,41,-1,311
50682.5,26,30,254
50685.0,-7,-43,326
50687.5,-7,-43,326
50690.0,39,-8,293
50692.5,-21,-8,326
50695.0,-33,-8,352
50697.5,130,10,330
50700.0,90,18,322
50702.5,-19,-30,257
50705.0,11,-30,260
50707.5,8,-23,301
50710.0,40,22,266
50712.5,-10,-14,299
50715.0,66,-20,375
50717.5,58,-2,251
50720.0,37,10,368
50722.5,89,7,279
50725.0,52,-20,307
50727.5,6,-4,355
50730.0,31,6,266
50732.5,31,31,285
50735.0,30,-9,329
50737.5,30,-9,329
50740.0,47,43,287
50742.5,22,2,341
50745.0,20,5,266
50747.5,65,-24,283
50750.0,-42,-30,376
50752.5,7,13,316
50755.0,-3,-21,358
50757.5,-34,-40,307
50760.0,-32,-1,240
50762.5,-35,-35,300
50765.0,32,-13,319
50767.5,21,-15,257
50770.0,34,-16,372
50772.5,7,-6,326
50775.0,-78,-52,370
50777.5,-5,-33,291
50780.0,13,-9,280
50782.5,-62,12,297
50785.0,-62,12,297
50787.5,-3,7,305
50790.0,-61,-46,298
50792.5,-32,-16,290
50795.0,67,23,295
50797.5,46,13,325
50800.0,-36,-38,268
50802.5,18,-7,285
50805.0,2,-14,331
50807.5,0,-1,325
50810.0,-4,-36,351
50812.5,17,18,328
50815.0,-39,-46,289
50817.5,-29,0,325
50820.0,16,-6,283
50822.5,-20,-29,302
50825.0,1,20,332
50827.5,14,3,299
50830.0,-81,-40,330
50832.5,53,-3,258
50835.0,53,-3,258
50837.5,6,-27,236
50840.0,43,-7,256
50842.5,42,-16,321
50845.0,11,34,323
50847.5,1,-47,352
50850.0,36,29,223
50852.5,-10,-10,343
50855.0,-15,-22,274
50857.5,-7,-7,283
50860.0,22,-29,344
50862.5,39,-5,341
50865.0,33,-42,361
50867.5,73,12,310
50870.0,95,33,268
50872.5,-2,-31,350
50875.0,39,-10,248
50877.5,-65,12,276
50880.0,28,15,361
50882.5,8,-45,330
50885.0,8,-45,330
50887.5,-34,-39,374
50890.0,37,42,258
50892.5,-23,-7,259
50895.0,13,-9,291
50897.5,8,26,294
50900.0,-37,-9,264
50902.5,-41,22,320
50905.0,39,-8,304
50907.5,-98,6,322
50910.0,6,18,220
50912.5,-42,5,255
50915.0,73,9,340
50917.5,61,33,297
50920.0,-11,-22,336
50922.5,14,3,318
50925.0,-21,-41,277
50927.5,-55,-32,331
50930.0,32,18,225
50932.5,48,-13,291
50935.0,48,-13,291
50937.5,7,-2,325
50940.0,25,-7,308
50942.5,64,-31,336
50945.0,13,-48,342
50947.5,23,3,242
50950.0,-39,7,308
50952.5,24,17,299
50955.0,23,31,300
50957.5,-17,-13,331
50960.0,32,-6,323
50962.5,0,0,367
50965.0,10,16,242
50967.5,-16,-47,296
50970.0,49,12,326
50972.5,3,-45,255
50975.0,-15,-19,304
50977.5,78,10,369
50980.0,20,-27,317
50982.5,21,16,367
50985.0,21,16,367
50987.5,39,-9,264
50990.0,60,40,271
50992.5,-18,-38,349
50995.0,60,9,311
50997.5,34,-5,343
51000.0,80,2,316
51002.5,7,-9,306
51005.0,77,-14,338
51007.5,15,9,266
51010.0,28,-5,297
51012.5,0,-33,367
51015.0,81,32,324
51017.5,53,25,375
51020.0,11,-32,318
51022.5,6,37,203
51025.0,-18,4,268
51027.5,6,2,267
51030.0,21,-16,295
51032.5,72,-21,375
51035.0,72,-21,375
51037.5,43,5,314
51040.0,22,20,386
51042.5,98,28,242
51045.0,83,-69,354
51047.5,50,4,315
51050.0,48,-36,315
51052.5,28,-22,332
51055.0,11,-36,331
51057.5,108,-17,260
51060.0,62,13,319
51062.5,-4,54,226
51065.0,53,41,265
51067.5,-72,-30,316
51070.0,113,30,370
51072.5,-49,-31,378
51075.0,-15,-4,296
51077.5,-18,-28,244
51080.0,4,-1,288
51082.5,4,13,262
51085.0,4,13,262
51087.5,-13,-11,298
51090.0,26,40,329
51092.5,48,-17,315
51095.0,-57,-24,346
51097.5,40,16,242
51100.0,-18,5,285
51102.5,-10,-22,325
51105.0,-15,-47,270
51107.5,21,-30,332
51110.0,31,31,362
51112.5,9,-8,236
51115.0,-60,-40,298
51117.5,-35,4,266
51120.0,19,-21,292
51122.5,16,2,293
51125.0,89,-15,330
51127.5,-15,-35,365
51130.0,53,0,307
51132.5,100,-8,277
51135.0,100,-8,277
51137.5,9,-21,332
51140.0,21,10,249
51142.5,28,-17,314
51145.0,-4,22,346
51147.5,22,-13,295
51150.0,-2,-86,335
51152.5,56,28,238
51155.0,96,4,274
51157.5,-2,-32,315
51160.0,-7,-32,292
51162.5,-3,-27,314
51165.0,0,11,327
51167.5,-70,-42,235
51170.0,9,-28,317
51172.5,18,1,243
51175.0,50,-46,308
51177.5,-40,4,329
51180.0,-23,-6,309
51182.5,-10,-23,294
51185.0,-10,-23,294
51187.5,15,0,326
51190.0,9,-1,245
51192.5,43,12,341
51195.0,21,-10,225
51197.5,10,-5,328
51200.0,72,25,349
51202.5,-60,-11,277
51205.0,-62,-47,373
51207.5,-43,-80,253
51210.0,-72,-22,307
51212.5,41,-2,323
51215.0,-7,-16,285
51217.5,20,31,327
51220.0,-5,-16,378
51222.5,-17,-36,277
51225.0,-36,44,333
51227.5,46,-3,235
51230.0,13,14,264
51232.5,27,-6,287
51235.0,27,-6,287
51237.5,88,2,339
51240.0,61,29,328
51242.5,-12,-82,371
51245.0,-22,-19,288
51247.5,-8,-40,354
51250.0,78,15,270
51252.5,-9,-13,300
51255.0,-23,26,355
51257.5,-10,-11,283
51260.0,32,27,339
51262.5,34,-3,312
51265.0,54,-78,305
51267.5,0,-1,296
51270.0,38,27,305
51272.5,7,-2,292
51275.0,-21,-56,294
51277.5,49,16,305
51280.0,-74,-55,356
51282.5,18,-41,270
51285.0,18,-41,270
51287.5,-61,-64,252
51290.0,12,20,301
51292.5,-43,-16,307
51295.0,-5,-16,330
51297.5,26,-60,307
51300.0,4,30,223
51302.5,-22,-14,321
51305.0,49,36,230
51307.5,41,2,295
51310.0,-12,2,321
51312.5,22,21,285
51315.0,60,-8,350
51317.5,111,65,292
51320.0,-45,-14,254
51322.5,25,-25,286
51325.0,22,42,305
51327.5,5,-18,333
51330.0,3,-5,343
51332.5,-16,-23,323
51335.0,-16,-23,323
51337.5,16,-25,353
51340.0,5,6,245
51342.5,-65,1,283
51345.0,13,-13,343
51347.5,67,40,307
51350.0,-46,-42,329
51352.5,33,-22,349
51355.0,62,16,262
51357.5,-57,-46,308
51360.0,-6,30,235
51362.5,40,21,285
51365.0,-11,6,331
51367.5,57,-44,316
51370.0,4,-6,365
51372.5,34,-18,318
51375.0,4,7,218
51377.5,-46,-14,291
51380.0,29,21,312
51382.5,29,21,312
51385.0,-2,-2,274
51387.5,47,34,321
51390.0,102,0,379
51392.5,51,17,367
51395.0,24,5,245
51397.5,-77,19,221
51400.0,-5,-7,311
51402.5,-3,-21,291
51405.0,59,-35,320
51407.5,13,8,346
51410.0,-8,-32,246
51412.5,18,2,322
51415.0,-2,-6,252
51417.5,-25,-21,293
51420.0,-30,2,341
51422.5,3,-2,316
51425.0,-21,-111,378
51427.5,19,-10,312
51430.0,-60,-45,257
51432.5,-60,-45,257
51435.0,-37,-21,291
51437.5,23,23,257
51440.0,25,-23,294
51442.5,27,9,340
51445.0,-49,-41,283
51447.5,5,-28,334
51450.0,-27,-59,255
51452.5,8,-51,313
51455.0,-27,-2,309
51457.5,-17,-3,286
51460.0,23,-7,283
51462.5,15,-22,344
51465.0,23,7,275
51467.5,33,-31,359
51470.0,55,15,202
51472.5,14,-26,291
51475.0,-3,-14,330
51477.5,-31,-39,307
51480.0,-3,-33,341
51482.5,-3,-33,341
51485.0,60,-28,322
51487.5,15,21,239
51490.0,23,17,312
51492.5,55,3,245
51495.0,-12,4,287
51497.5,-10,0,337
51500.0,-5,-31,321
51502.5,57,-1,349
51505.0,37,-2,284
51507.5,11,15,220
51510.0,16,10,335
51512.5,28,36,298
51515.0,2,-1,305
51517.5,-3,-48,354
51520.0,-24,-27,298
51522.5,-74,-12,381
51525.0,83,38,235
51527.5,-58,-17,289
51530.0,-20,-16,335
51532.5,-20,-16,335
51535.0,58,47,293
51537.5,-9,-28,319
51540.0,62,-8,287
51542.5,58,10,234
51545.0,-13,-38,330
51547.5,42,30,255
51550.0,-60,8,291
51552.5,-6,10,301
51555.0,67,-5,295
51557.5,-120,-29,373
51560.0,28,21,261
51562.5,72,-8,330
51565.0,13,-22,272
51567.5,65,-12,269
51570.0,-6,44,248
51572.5,3,-38,360
51575.0,1,-120,335
51577.5,35,34,405
51580.0,51,33,241
51582.5,51,33,241
51585.0,42,5,282
51587.5,-54,-69,302
51590.0,4,-20,324
51592.5,0,-14,340
51595.0,18,0,309
51597.5,61,19,272
51600.0,-59,-58,300
51602.5,-21,-23,293
51605.0,-6,0,305
51607.5,-4,20,325
51610.0,42,-57,347
51612.5,-49,-29,356
51615.0,-8,-77,325
51617.5,8,-19,234
51620.0,19,-8,358
51622.5,-30,13,299
51625.0,-23,33,303
51627.5,-60,1,375
51630.0,53,-12,326
51632.5,53,-12,326
51635.0,53,-25,352
51637.5,47,15,234
51640.0,32,-32,259
51642.5,-11,-9,285
51645.0,38,-14,280
51647.5,-32,-18,326
51650.0,4,-40,340
51652.5,49,-18,269
51655.0,-17,-10,346
51657.5,41,0,247
51660.0,-13,-62,295
51662.5,-21,-5,324
51665.0,8,12,292
51667.5,16,-33,338
51670.0,58,25,319
51672.5,-48,-42,245
51675.0,-79,-48,308
51677.5,15,3,275
51680.0,-24,-23,301
51682.5,-24,-23,301
51685.0,-28,-23,356
51687.5,-40,-38,303
51690.0,51,3,351
51692.5,87,36,279
51695.0,67,-2,286
51697.5,43,6,321
51700.0,3,-35,288
51702.5,-4,-25,319
51705.0,127,-10,346
51707.5,45,6,340
51710.0,20,-34,369
51712.5,25,-25,238
51715.0,55,19,254
51717.5,38,13,285
51720.0,62,-11,318
51722.5,11,-19,324
51725.0,56,-26,348
51727.5,17,-55,255
51730.0,-20,-22,352
51732.5,-20,-22,352
51735.0,51,-11,240
51737.5,23,9,268
51740.0,-3,-19,351
51742.5,31,-5,313
51745.0,50,-20,354
51747.5,60,4,281
51750.0,14,-12,277
51752.5,20,-16,285
51755.0,39,37,293
51757.5,25,0,300
51760.0,7,-23,349
51762.5,36,0,312
51765.0,6,4,329
51767.5,4,-35,252
51770.0,-81,-4,260
51772.5,-5,24,317
51775.0,28,16,291
51777.5,-43,-17,269
51780.0,-22,3,310
51782.5,-22,3,310
51785.0,-13,0,266
51787.5,-98,-54,315
51790.0,-10,-13,243
51792.5,-34,21,277
51795.0,-8,-13,344
51797.5,26,-5,288
51800.0,-16,-42,364
51802.5,54,-3,307
51805.0,-71,-42,294
51807.5,70,1,346
51810.0,-4,-22,248
51812.5,-5,5,258
51815.0,-53,3,321
51817.5,35,31,307
51820.0,-31,-10,346
51822.5,56,19,258
51825.0,-20,-47,228
51827.5,21,50,284
51830.0,24,21,278
51832.5,24,21,278
51835.0,-50,-63,344
51837.5,36,-1,350
51840.0,-25,-11,300
51842.5,-1,-40,352
51845.0,89,-1,251
51847.5,36,9,281
51850.0,34,-8,354
51852.5,24,-7,291
51855.0,-4,-49,313
51857.5,-5,-44,289
51860.0,32,-3,262
51862.5,42,-7,336
51865.0,11,10,263
51867.5,-40,3,314
51870.0,-4,-36,349
51872.5,17,-22,313
51875.0,46,33,338
51877.5,-1,-1,256
51880.0,-1,-1,256
51882.5,23,-27,246
51885.0,-2,2,313
51887.5,44,26,314
51890.0,28,-9,328
51892.5,44,2,320
51895.0,-20,-3,272
51897.5,-22,-22,351
51900.0,77,21,206
51902.5,-52,-41,251
51905.0,-30,-16,303
51907.5,16,6,329
51910.0,38,18,329
51912.5,48,18,309
51915.0,64,-2,257
51917.5,80,6,339
51920.0,19,9,255
51922.5,51,35,288
51925.0,7,-18,343
51927.5,5,11,328
51930.0,5,11,328
51932.5,-7,-15,352
51935.0,8,-36,286
51937.5,77,9,254
51940.0,-3,5,288
51942.5,6,-16,300
51945.0,9,-18,300
51947.5,26,4,319
51950.0,4,10,283
51952.5,-26,-1,354
51955.0,67,41,217
51957.5,-16,-8,300
51960.0,-2,-14,315
51962.5,24,-5,310
51965.0,40,11,301
51967.5,-31,-20,347
51970.0,-16,-12,296
51972.5,-13,-33,351
51975.0,-16,4,238
51977.5,-16,-21,304
51980.0,-16,-21,304
51982.5,-9,-14,325
51985.0,-9,-6,319
51987.5,-17,-26,350
51990.0,36,-8,293
51992.5,36,-13,278
51995.0,-83,-19,298
51997.5,-6,7,282
52000.0,-20,22,287
52002.5,-32,-8,344
52005.0,1,-24,306
52007.5,-18,3,364
52010.0,40,-3,245
52012.5,-65,-19,262
52015.0,-11,-1,296
52017.5,12,17,324
52020.0,7,-51,340
52022.5,46,-30,366
52025.0,48,-16,287
52027.5,-18,1,325
52030.0,-18,1,325
52032.5,-7,6,280
52035.0,21,-28,298
52037.5,-38,14,309
52040.0,25,3,318
52042.5,-37,-13,330
52045.0,35,-14,288
52047.5,-36,-43,257
52050.0,2,-17,359
52052.5,4,6,268
52055.0,-12,-20,309
52057.5,-34,-27,341
52060.0,3,-25,296
52062.5,44,-18,367
52065.0,4,-14,272
52067.5,-70,-75,306
52070.0,33,-13,256
52072.5,-8,-22,331
52075.0,40,-40,291
52077.5,31,-15,352
52080.0,31,-15,352
52082.5,72,6,303
52085.0,12,-23,351
52087.5,-66,-12,244
52090.0,-17,-6,292
52092.5,42,9,328
52095.0,-71,-33,296
52097.5,-73,-81,338
52100.0,37,-15,319
52102.5,-40,25,256
52105.0,-49,-25,300
52107.5,8,4,257
52110.0,79,29,317
52112.5,39,0,356
52115.0,-47,-68,291
52117.5,32,-18,376
52120.0,8,-38,285
52122.5,104,17,269
52125.0,-68,-28,296
52127.5,41,-7,264
52130.0,41,-7,264
52132.5,17,-7,310
52135.0,-3,-31,344
52137.5,4,-1,320
52140.0,-29,-16,371
52142.5,36,-19,293
52145.0,50,9,271
52147.5,23,-28,310
52150.0,24,7,309
52152.5,20,-4,325
52155.0,15,-13,332
52157.5,-33,-29,260
52160.0,50,3,341
52162.5,43,7,280
52165.0,15,12,301
52167.5,-25,-14,333
52170.0,56,5,311
52172.5,-18,-15,366
52175.0,23,-7,273
52177.5,-35,-10,268
52180.0,-35,-10,268
52182.5,5,-6,291
52185.0,38,36,288
52187.5,-40,-25,319
52190.0,36,-25,336
52192.5,68,63,266
52195.0,-41,-33,329
52197.5,76,-11,268
52200.0,-6,-63,269
52202.5,21,23,303
52205.0,37,46,305
52207.5,55,12,297
52210.0,11,-7,327
52212.5,79,-3,262
52215.0,-45,-7,309
52217.5,33,15,250
52220.0,12,-9,298
52222.5,-27,-32,346
52225.0,49,-1,318
52227.5,5,8,336
52230.0,5,8,336
52232.5,42,43,287
52235.0,-54,-36,236
52237.5,0,-16,334
52240.0,30,-8,286
52242.5,-40,4,284
52245.0,41,-31,377
52247.5,2,-7,314
52250.0,-45,-37,368
52252.5,41,-2,256
52255.0,34,32,270
52257.5,38,9,303
52260.0,44,6,295
52262.5,1,-30,334
52265.0,56,4,382
52267.5,19,-30,304
52270.0,-16,-21,364
52272.5,8,-3,252
52275.0,-12,-4,274
52277.5,-21,-22,328
52280.0,-21,-22,328
52282.5,35,7,299
52285.0,-5,-18,347
52287.5,46,-18,362
52290.0,-8,-30,252
52292.5,50,1,319
52295.0,37,19,279
52297.5,7,-46,327
52300.0,-53,-1,371
52302.5,63,37,295
52305.0,-19,-32,360
52307.5,33,28,249
52310.0,25,15,257
52312.5,5,-10,294
52315.0,8,4,284
52317.5,-15,-9,306
52320.0,59,-1,335
52322.5,85,-43,271
52325.0,-77,-41,308
52327.5,46,6,239
52330.0,46,6,239
52332.5,9,1,300
52335.0,-36,-14,313
52337.5,16,4,274
52340.0,57,47,333
52342.5,29,-20,317
52345.0,14,-36,251
52347.5,-55,-21,323
52350.0,58,38,283
52352.5,13,-17,273
52355.0,-21,7,310
52357.5,60,-61,258
52360.0,-66,-74,335
52362.5,34,-48,331
52365.0,-42,-10,297
52367.5,2,-11,322
52370.0,57,-6,264
52372.5,-18,25,303
52375.0,-52,-75,361
52377.5,-52,-75,361
52380.0,-1,-56,280
52382.5,64,8,342
52385.0,80,0,238
52387.5,44,18,302
52390.0,56,-23,339
52392.5,75,3,289
52395.0,25,15,313
52397.5,-24,-13,336
52400.0,-51,29,349
52402.5,34,39,350
52405.0,13,-22,256
52407.5,12,23,260
52410.0,29,16,355
52412.5,36,-30,313
52415.0,-20,-23,346
52417.5,3,-7,269
52420.0,61,23,245
52422.5,-47,-15,308
52425.0,3,5,290
52427.5,3,5,290
52430.0,-38,-12,315
52432.5,12,-21,372
52435.0,9,-46,273
52437.5,69,-3,368
52440.0,46,26,228
52442.5,-62,19,322
52445.0,-12,-30,333
52447.5,71,10,322
52450.0,18,11,301
52452.5,29,-15,330
52455.0,2,9,349
52457.5,-43,-25,399
52460.0,29,27,254
52462.5,1,-5,256
52465.0,14,-21,347
52467.5,59,30,283
52470.0,-11,-35,311
52472.5,32,8,321
52475.0,17,8,256
52477.5,17,8,256
52480.0,-67,-19,298
52482.5,17,0,309
52485.0,6,18,305
52487.5,-113,-49,357
52490.0,-65,-67,298
52492.5,3,-50,373
52495.0,20,-1,266
52497.5,12,28,263
52500.0,36,-20,297
52502.5,101,31,283
52505.0,-20,30,297
52507.5,-76,-55,328
52510.0,46,27,281
52512.5,-22,-24,351
52515.0,29,26,259
52517.5,-25,-15,274
52520.0,35,25,305
52522.5,2,-22,305
52525.0,-13,-21,328
52527.5,-13,-21,328
52530.0,26,3,275
52532.5,17,-44,246
52535.0,67,-1,332
52537.5,44,26,273
52540.0,-55,6,290
52542.5,-37,-8,330
52545.0,-22,-44,287
52547.5,52,-3,375
52550.0,6,-16,255
52552.5,-105,-39,254
52555.0,62,-1,315
52557.5,31,24,295
52560.0,-94,-88,335
52562.5,5,5,379
52565.0,-20,-20,279
52567.5,-53,-37,333
52570.0,57,26,286
52572.5,27,-10,270
52575.0,-7,11,337
52577.5,-7,11,337
52580.0,12,-76,310
52582.5,16,-13,309
52585.0,38,27,285
52587.5,48,-29,257
52590.0,5,-25,318
52592.5,11,9,270
52595.0,22,2,316
52597.5,-33,-8,356
52600.0,26,-26,285
52602.5,-14,-7,323
52605.0,34,29,234
52607.5,50,0,265
52610.0,39,-18,265
52612.5,-29,-29,266
52615.0,-3,-40,282
52617.5,53,22,316
52620.0,59,40,258
52622.5,16,7,334
52625.0,-11,-46,260
52627.5,-11,-46,260
52630.0,-57,-14,340
52632.5,-16,-7,365
52635.0,39,1,300
52637.5,87,-38,351
52640.0,69,4,319
52642.5,-7,-10,273
52645.0,-3,-18,345
52647.5,52,22,262
52650.0,-5,-40,315
52652.5,11,-9,397
52655.0,73,-5,304
52657.5,-6,-20,382
52660.0,-5,-39,265
52662.5,62,-9,268
52665.0,79,13,323
52667.5,7,-11,295
52670.0,55,-18,330
52672.5,65,31,345
52675.0,53,-14,283
52677.5,53,-14,283
52680.0,-25,-48,346
52682.5,64,28,231
52685.0,-8,-31,307
52687.5,0,-2,324
52690.0,29,-3,305
52692.5,34,-38,342
52695.0,-1,-13,338
52697.5,45,-20,257
52700.0,-37,-20,292
52702.5,91,21,264
52705.0,14,30,283
52707.5,-6,-7,359
52710.0,9,8,287
52712.5,4,10,341
52715.0,2,-29,285
52717.5,111,0,263
52720.0,-2,-12,297
52722.5,-3,-10,255
52725.0,-53,-23,330
52727.5,-53,-23,330
52730.0,-4,-12,334
52732.5,81,42,272
52735.0,-5,-31,334
52737.5,6,-8,263
52740.0,-21,51,250
52742.5,-24,-11,306
52745.0,48,-8,352
52747.5,30,-13,306
52750.0,34,-26,315
52752.5,-31,8,206
52755.0,11,12,272
52757.5,50,6,261
52760.0,21,-25,286
52762.5,-17,8,342
52765.0,6,-37,297
52767.5,-32,-39,344
52770.0,44,19,274
52772.5,37,-24,294
52775.0,66,38,260
52777.5,66,38,260
52780.0,-1,20,268
52782.5,14,2,301
52785.0,66,-4,322
52787.5,68,-12,278
52790.0,0,-77,357
52792.5,-6,3,252
52795.0,64,29,271
52797.5,33,-36,327
52800.0,45,-9,288
52802.5,50,-66,327
52805.0,66,-31,325
52807.5,6,-25,274
52810.0,-12,-8,359
52812.5,53,16,260
52815.0,12,-7,292
52817.5,-31,-38,339
52820.0,54,7,322
52822.5,-57,-78,393
52825.0,-49,-19,292
52827.5,-49,-19,292
52830.0,19,46,293
52832.5,44,8,297
52835.0,-6,-24,277
52837.5,34,-33,319
52840.0,77,-16,382
52842.5,-43,-20,304
52845.0,29,25,362
52847.5,81,5,248
52850.0,-16,17,261
52852.5,10,3,325
52855.0,37,13,340
52857.5,-14,-15,354
52860.0,-22,-10,328
52862.5,-8,5,265
52865.0,61,9,322
52867.5,40,-19,244
52870.0,-4,29,266
52872.5,10,-11,359
52875.0,0,2,305
52877.5,0,2,305
52880.0,4,-28,351
52882.5,3,-37,290
52885.0,41,-5,245
52887.5,11,-27,285
52890.0,23,3,278
52892.5,-9,-11,295
52895.0,25,-21,364
52897.5,-11,0,294
52900.0,15,-39,368
52902.5,50,44,229
52905.0,13,43,231
52907.5,-11,-52,303
52910.0,53,3,309
52912.5,50,3,311
52915.0,-25,-60,354
52917.5,28,-41,318
52920.0,-41,-50,345
52922.5,22,-1,248
52925.0,22,-1,248
52927.5,-19,-18,275
52930.0,70,11,340
52932.5,70,-24,330
52935.0,-3,-6,343
52937.5,-4,-28,289
52940.0,-49,-11,198
52942.5,-17,-18,295
52945.0,49,26,276
52947.5,0,68,264
52950.0,6,-32,373
52952.5,36,-21,303
52955.0,-76,-65,363
52957.5,89,5,225
52960.0,-25,-3,255
52962.5,-6,0,306
52965.0,56,19,299
52967.5,16,-34,332
52970.0,12,-31,347
52972.5,62,-1,267
52975.0,62,-1,267
52977.5,52,-7,351
52980.0,15,-5,270
52982.5,-20,4,308
52985.0,37,30,313
52987.5,44,13,319
52990.0,21,-40,386
52992.5,9,22,266
52995.0,73,57,220
52997.5,-11,-27,321
53000.0,92,8,316
53002.5,-12,-51,315
53005.0,8,-18,355
53007.5,26,5,287
53010.0,10,-6,364
53012.5,54,11,244
53015.0,-20,-10,249
53017.5,43,-9,302
53020.0,58,23,295
53022.5,11,-32,321
53025.0,11,-32,321
53027.5,25,-19,347
53030.0,21,-26,286
53032.5,-2,-56,340
53035.0,9,-9,246
53037.5,27,-10,282
53040.0,-32,-30,337
53042.5,-5,-51,344
53045.0,-52,-9,327
53047.5,20,-13,284
53050.0,64,5,229
53052.5,53,32,288
53055.0,75,6,276
53057.5,35,13,304
53060.0,14,-37,337
53062.5,5,-67,269
53065.0,-40,-22,316
53067.5,52,4,223
53070.0,16,-9,244
53072.5,-19,1,303
53075.0,-19,1,303
53077.5,56,48,309
53080.0,-78,-49,338
53082.5,40,-21,307
53085.0,25,13,244
53087.5,33,35,314
53090.0,57,-4,234
53092.5,-6,37,288
53095.0,-14,-17,349
53097.5,9,-18,306
53100.0,-24,-37,338
53102.5,41,-8,281
53105.0,60,25,232
53107.5,-24,-23,315
53110.0,85,4,280
53112.5,-8,-4,308
53115.0,3,-11,344
53117.5,25,31,294
53120.0,-16,-16,357
53122.5,45,14,219
53125.0,45,14,219
53127.5,-40,5,248
53130.0,68,0,291
53132.5,46,18,301
53135.0,-30,-7,311
53137.5,-66,-39,322
53140.0,10,24,258
53142.5,-11,-26,325
53145.0,20,4,237
53147.5,-4,-90,293
53150.0,0,19,326
53152.5,-1,-33,299
53155.0,-17,-26,353
53157.5,20,-6,265
53160.0,-58,-16,213
53162.5,-62,-54,301
53165.0,19,60,238
53167.5,39,9,297
53170.0,-31,-14,321
53172.5,70,23,301
53175.0,70,23,301
53177.5,-8,0,336
53180.0,5,-33,266
53182.5,-12,-38,306
53185.0,-12,17,312
53187.5,17,-2,283
53190.0,40,15,331
53192.5,84,9,306
53195.0,-26,7,221
53197.5,30,11,314
53200.0,25,8,289
53202.5,10,-17,318
53205.0,-22,-46,330
53207.5,-49,-20,290
53210.0,18,-6,346
53212.5,36,24,300
53215.0,61,0,258
53217.5,88,25,300
53220.0,38,-6,275
53222.5,5,21,310
53225.0,5,21,310
53227.5,-27,-37,374
53230.0,19,-25,325
53232.5,8,23,335
53235.0,-3,-18,306
53237.5,-19,-14,310
53240.0,-25,-21,315
53242.5,71,12,297
53245.0,-34,7,313
53247.5,15,15,337
53250.0,21,-7,275
53252.5,-86,-42,344
53255.0,21,-8,283
53257.5,22,18,288
53260.0,4,-25,349
53262.5,-15,4,292
53265.0,51,-37,334
53267.5,70,38,282
53270.0,-5,-9,229
53272.5,-12,-25,299
53275.0,-12,-25,299
53277.5,39,41,292
53280.0,36,-11,323
53282.5,-22,-59,354
53285.0,84,-7,302
53287.5,-30,-33,324
53290.0,20,-42,238
53292.5,-6,24,279
53295.0,68,22,335
53297.5,4,-6,275
53300.0,11,-10,273
53302.5,7,-27,346
53305.0,-53,-17,245
53307.5,-92,7,328
53310.0,-5,-14,245
53312.5,-57,-14,259
53315.0,7,5,339
53317.5,25,1,295
53320.0,19,-28,316
53322.5,96,27,288
53325.0,96,27,288
53327.5,31,26,232
53330.0,7,3,319
53332.5,80,-15,348
53335.0,-17,-20,297
53337.5,-47,-41,364
53340.0,28,2,314
53342.5,13,-25,342
53345.0,-23,-26,230
53347.5,-20,-22,290
53350.0,42,-2,300
53352.5,52,-10,315
53355.0,-24,-32,280
53357.5,1,1,325
53360.0,121,-27,333
53362.5,-66,-58,348
53365.0,-22,-15,255
53367.5,53,3,290
53370.0,-25,-16,309
53372.5,-25,-16,309
53375.0,70,32,314
53377.5,-34,-16,348
53380.0,-4,-10,324
53382.5,2,-22,233
53385.0,11,5,316
53387.5,36,-63,270
53390.0,13,-25,313
53392.5,-32,-13,326
53395.0,34,21,298
53397.5,10,-11,317
53400.0,-2,-31,303
53402.5,95,37,289
53405.0,24,-11,275
53407.5,-14,-21,300
53410.0,-34,-2,327
53412.5,100,-4,386
53415.0,26,-7,273
53417.5,-14,6,345
53420.0,-30,-50,265
53422.5,-30,-50,265
53425.0,-21,3,307
53427.5,-16,-5,320
53430.0,14,-26,324
53432.5,43,6,334
53435.0,10,-51,326
53437.5,83,-3,274
53440.0,14,20,333
53442.5,63,2,255
53445.0,-8,-2,309
53447.5,-17,9,328
53450.0,-20,8,254
53452.5,26,16,329
53455.0,27,-35,289
53457.5,-38,-48,284
53460.0,27,8,287
53462.5,-29,-7,331
53465.0,-36,-16,325
53467.5,-41,-37,304
53470.0,40,-34,278
53472.5,40,-34,278
53475.0,10,3,337
53477.5,17,-10,254
53480.0,-27,-10,246
53482.5,-22,-24,321
53485.0,-14,9,276
53487.5,23,-21,328
53490.0,35,8,298
53492.5,-33,-3,227
53495.0,-1,-14,324
53497.5,27,-40,271
53500.0,-37,-21,295
53502.5,-8,-28,344
53505.0,57,24,306
53507.5,-7,-6,325
53510.0,-22,-36,265
53512.5,47,-16,254
53515.0,-17,-14,301
53517.5,77,24,256
53520.0,15,15,317
53522.5,15,15,317
53525.0,49,21,355
53527.5,12,22,271
53530.0,-43,-54,345
53532.5,-4,-27,243
53535.0,-31,8,214
53537.5,-16,2,322
53540.0,62,-52,313
53542.5,34,-7,308
53545.0,35,-43,327
53547.5,10,-39,289
53550.0,2,-13,313
53552.5,64,-18,247
53555.0,-7,-41,309
53557.5,30,19,370
53560.0,20,-27,317
53562.5,-5,-15,345
53565.0,-13,-39,258
53567.5,38,-7,264
53570.0,44,30,305
53572.5,44,30,305
53575.0,46,-22,285
53577.5,-10,-27,302
53580.0,5,-35,352
53582.5,37,23,271
53585.0,-60,-49,323
53587.5,28,-8,252
53590.0,10,-7,300
53592.5,-12,-33,342
53595.0,79,27,269
53597.5,71,-6,320
53600.0,-50,-44,299
53602.5,62,17,271
53605.0,46,-10,340
53607.5,-25,-43,255
53610.0,-43,-26,268
53612.5,-82,16,365
53615.0,61,-5,307
53617.5,-45,-25,351
53620.0,9,-17,294
53622.5,9,-17,294
53625.0,110,-29,318
53627.5,30,-1,305
53630.0,9,-14,295
53632.5,40,37,311
53635.0,-32,-25,342
53637.5,-43,-2,285
53640.0,-24,39,321
53642.5,58,37,260
53645.0,26,-13,266
53647.5,-18,-7,319
53650.0,75,-2,321
53652.5,42,-7,338
53655.0,12,11,319
53657.5,21,1,279
53660.0,-35,7,356
53662.5,43,-2,235
53665.0,-7,0,268
53667.5,26,-14,353
53670.0,19,16,302
53672.5,19,16,302
53675.0,4,-3,349
53677.5,38,-22,275
53680.0,66,-2,257
53682.5,-67,-79,320
53685.0,9,10,310
53687.5,-40,-7,285
53690.0,9,3,338
53692.5,37,4,304
53695.0,43,-8,355
53697.5,33,-7,262
53700.0,-46,2,257
53702.5,-73,-20,329
53705.0,15,-12,345
53707.5,4,-18,342
53710.0,-16,-41,333
53712.5,-8,-31,270
53715.0,-49,-53,320
53717.5,-10,-21,256
53720.0,-31,-28,308
53722.5,-31,-28,308
53725.0,13,-30,395
53727.5,37,-10,358
53730.0,-56,-34,352
53732.5,36,6,300
53735.0,38,19,292
53737.5,-63,-5,287
53740.0,25,-2,293
53742.5,33,10,308
53745.0,41,-38,373
53747.5,22,-76,324
53750.0,-28,-10,339
53752.5,52,-12,259
53755.0,46,24,248
53757.5,22,-41,310
53760.0,126,17,325
53762.5,72,30,341
53765.0,-41,-50,356
53767.5,102,9,267
53770.0,102,9,267
53772.5,-41,-14,291
53775.0,66,4,265
53777.5,14,29,286
53780.0,64,21,355
53782.5,72,7,342
53785.0,-54,-23,348
53787.5,42,-7,290
53790.0,-6,-4,309
53792.5,-24,-43,312
53795.0,40,-4,253
53797.5,-49,-24,315
53800.0,25,19,345
53802.5,-39,-64,308
53805.0,-30,-43,316
53807.5,74,-37,264
53810.0,15,13,280
53812.5,-26,-10,325
53815.0,70,82,285
53817.5,-46,25,327
53820.0,-46,25,327
53822.5,-42,-12,323
53825.0,39,35,245
53827.5,-48,-21,305
53830.0,12,7,255
53832.5,-25,31,273
53835.0,-9,19,355
53837.5,27,-5,323
53840.0,-3,4,359
53842.5,-20,-7,289
53845.0,57,17,283
53847.5,-32,-16,286
53850.0,-34,-6,319
53852.5,48,15,330
53855.0,30,28,317
53857.5,45,33,312
53860.0,3,-5,353
53862.5,49,-16,246
53865.0,46,-36,262
53867.5,37,8,319
53870.0,37,8,319
53872.5,45,37,286
53875.0,-17,-27,315
53877.5,24,6,330
53880.0,23,5,235
53882.5,71,15,329
53885.0,-9,-31,208
53887.5,-9,1,310
53890.0,19,-20,353
53892.5,74,3,342
53895.0,-70,-69,347
53897.5,19,16,251
53900.0,-30,-13,283
53902.5,12,-10,292
53905.0,52,19,325
53907.5,-41,10,267
53910.0,-2,-1,364
53912.5,18,-8,327
53915.0,-21,11,344
53917.5,36,-15,266
53920.0,36,-15,266
53922.5,84,27,271
53925.0,31,-5,272
53927.5,64,-15,289
53930.0,72,4,308
53932.5,-7,34,309
53935.0,37,-35,307
53937.5,-38,-30,318
53940.0,-3,-2,253
53942.5,0,22,282
53945.0,13,-11,367
53947.5,44,-7,306
53950.0,-42,0,323
53952.5,-23,9,264
53955.0,21,19,269
53957.5,-40,-37,285
53960.0,76,22,288
53962.5,31,-5,286
53965.0,54,-31,342
53967.5,85,21,265
53970.0,85,21,265
53972.5,39,3,345
53975.0,46,27,262
53977.5,18,-32,269
53980.0,36,13,311
53982.5,29,-23,290
53985.0,64,15,307
53987.5,47,-33,330
53990.0,84,22,272
53992.5,-14,-30,338
53995.0,86,20,279
53997.5,-27,-86,303
54000.0,-2,-51,365
54002.5,1,-11,304
54005.0,27,-12,374
54007.5,14,7,273
54010.0,81,28,270
54012.5,45,8,275
54015.0,32,43,279
54017.5,0,-19,308
54020.0,0,-19,308
54022.5,27,-20,349
54025.0,1,14,270
54027.5,-17,-22,348
54030.0,36,49,300
54032.5,13,47,297
54035.0,38,-12,303
54037.5,122,55,348
54040.0,-12,0,344
54042.5,-11,-20,345
54045.0,98,23,254
54047.5,-43,-56,327
54050.0,45,15,251
54052.5,-1,28,287
54055.0,-22,15,324
54057.5,31,-16,305
54060.0,49,3,352
54062.5,-9,-91,310
54065.0,47,3,269
54067.5,-54,1,275
54070.0,-54,1,275
54072.5,60,18,287
54075.0,-7,25,305
54077.5,-55,-9,345
54080.0,38,1,280
54082.5,13,31,345
54085.0,102,23,281
54087.5,36,7,287
54090.0,-33,17,298
54092.5,55,-1,292
54095.0,-6,28,314
54097.5,-52,-60,360
54100.0,32,67,294
54102.5,-31,-20,316
54105.0,54,12,251
54107.5,45,9,305
54110.0,-60,-40,344
54112.5,18,-24,318
54115.0,1,-6,341
54117.5,25,13,289
54120.0,25,13,289
54122.5,31,28,282
54125.0,1,-62,319
54127.5,35,6,291
54130.0,-98,-126,365
54132.5,10,-17,335
54135.0,46,34,297
54137.5,6,-14,347
54140.0,65,37,266
54142.5,-28,-9,264
54145.0,38,4,343
54147.5,48,-27,317
54150.0,-56,-30,338
54152.5,41,-33,342
54155.0,90,16,257
54157.5,-15,-9,319
54160.0,-13,-13,258
54162.5,29,22,298
54165.0,-43,-2,334
54167.5,35,-36,324
54170.0,35,-36,324
54172.5,32,42,354
54175.0,67,20,272
54177.5,-20,-5,305
54180.0,11,-30,306
54182.5,53,35,311
54185.0,-4,-8,289
54187.5,39,-4,355
54190.0,37,10,313
54192.5,57,16,372
54195.0,-21,-33,251
54197.5,-43,-23,280
54200.0,-59,-12,336
54202.5,-2,-22,343
54205.0,60,-36,353
54207.5,67,9,343
54210.0,-22,-19,250
54212.5,-17,-10,337
54215.0,98,-19,224
54217.5,5,2,277
54220.0,5,2,277
54222.5,-53,-23,349
54225.0,25,1,317
54227.5,-56,-62,371
54230.0,25,-14,320
54232.5,11,-9,302
54235.0,-4,-13,310
54237.5,30,4,296
54240.0,3,-8,295
54242.5,51,-16,371
54245.0,15,1,313
54247.5,-47,-40,369
54250.0,3,-29,240
54252.5,46,1,272
54255.0,-20,-29,322
54257.5,-67,-45,365
54260.0,0,-26,337
54262.5,55,17,330
54265.0,-24,-10,246
54267.5,-24,-10,246
54270.0,1,14,315
54272.5,39,10,264
54275.0,-4,19,293
54277.5,22,-32,358
54280.0,34,-13,298
54282.5,-49,-30,328
54285.0,-31,-19,270
54287.5,100,-6,238
54290.0,2,-10,306
54292.5,28,-3,278
54295.0,3,0,303
54297.5,6,-39,357
54300.0,53,11,282
54302.5,19,-35,366
54305.0,80,-10,255
54307.5,-29,-31,274
54310.0,16,-10,339
54312.5,63,24,309
54315.0,65,-51,360
54317.5,65,-51,360
54320.0,19,-21,344
54322.5,0,-16,283
54325.0,-33,-45,316
54327.5,6,-11,270
54330.0,-26,-4,274
54332.5,6,-16,385
54335.0,73,16,298
54337.5,5,-24,365
54340.0,6,-21,280
54342.5,77,-32,248
54345.0,24,19,289
54347.5,11,-12,300
54350.0,-16,-32,363
54352.5,39,-12,363
54355.0,31,-26,306
54357.5,18,25,329
54360.0,102,-14,262
54362.5,-19,-4,270
54365.0,-20,-9,320
54367.5,-20,-9,320
54370.0,26,-20,281
54372.5,25,-5,328
54375.0,-29,-36,339
54377.5,54,31,286
54380.0,64,22,327
54382.5,-22,-42,229
54385.0,-23,-9,305
54387.5,4,-24,361
54390.0,43,-7,305
54392.5,80,-39,380
54395.0,-41,-42,292
54397.5,59,-2,275
54400.0,-22,-2,282
54402.5,8,9,273
54405.0,37,-14,339
54407.5,59,-40,350
54410.0,22,-21,248
54412.5,-62,-34,341
54415.0,80,-23,229
54417.5,80,-23,229
54420.0,13,16,258
54422.5,14,-9,341
54425.0,19,-8,331
54427.5,-26,-18,309
54430.0,9,-22,329
54432.5,39,3,267
54435.0,60,26,319
54437.5,25,-31,227
54440.0,-46,-2,293
54442.5,-43,-53,336
54445.0,53,37,314
54447.5,-26,-20,349
54450.0,6,-5,271
54452.5,135,19,290
54455.0,23,-11,309
54457.5,0,-25,276
54460.0,7,-7,314
54462.5,40,-17,331
54465.0,36,-7,317
54467.5,36,-7,317
54470.0,-37,-8,372
54472.5,44,20,220
54475.0,-81,34,253
54477.5,-16,-28,352
54480.0,84,21,310
54482.5,-7,-23,352
54485.0,-43,-38,306
54487.5,0,-20,259
54490.0,67,15,346
54492.5,59,27,284
54495.0,-1,-62,306
54497.5,45,-10,404
54500.0,43,0,316
54502.5,-51,2,372
54505.0,-23,-64,291
54507.5,79,-66,340
54510.0,61,10,304
54512.5,-14,-4,296
54515.0,49,38,295
54517.5,49,38,295
54520.0,103,-25,390
54522.5,7,-26,334
54525.0,21,-16,406
54527.5,26,2,279
54530.0,29,-21,293
54532.5,58,-25,326
54535.0,46,44,286
54537.5,-28,9,327
54540.0,40,-9,322
54542.5,77,0,289
54545.0,46,17,333
54547.5,25,-17,271
54550.0,-52,-43,288
54552.5,38,3,355
54555.0,34,-37,289
54557.5,10,15,334
54560.0,11,-15,261
54562.5,73,-27,288
54565.0,19,-35,320
54567.5,19,-35,320
54570.0,46,-17,292
54572.5,15,-32,309
54575.0,64,-10,374
54577.5,-12,-39,269
54580.0,27,13,345
54582.5,31,0,256
54585.0,33,-26,279
54587.5,-14,7,330
54590.0,79,-29,302
54592.5,-18,13,335
54595.0,3,-50,335
54597.5,15,-16,249
54600.0,-8,-23,327
54602.5,-33,-12,264
54605.0,19,-26,246
54607.5,28,-23,342
54610.0,62,17,313
54612.5,-3,-16,340
54615.0,-22,-38,270
54617.5,-22,-38,270
54620.0,75,23,240
54622.5,-4,-15,304
54625.0,-6,5,239
54627.5,-2,19,278
54630.0,54,-33,385
54632.5,-65,-34,315
54635.0,-31,46,357
54637.5,69,20,218
54640.0,-1,-17,282
54642.5,44,10,318
54645.0,4,-5,294
54647.5,55,20,336
54650.0,67,-13,333
54652.5,63,-2,247
54655.0,4,2,328
54657.5,44,33,221
54660.0,-8,14,277
54662.5,-41,-51,341
54665.0,100,6,335
54667.5,100,6,335
54670.0,22,8,323
54672.5,-12,-5,301
54675.0,22,-32,327
54677.5,31,0,339
54680.0,38,-23,302
54682.5,9,-20,294
54685.0,21,-78,376
54687.5,22,-37,305
54690.0,-46,-4,341
54692.5,40,-8,221
54695.0,-14,-3,300
54697.5,9,-4,315
54700.0,41,13,315
54702.5,1,28,335
54705.0,131,45,274
54707.5,58,1,209
54710.0,-29,-19,309
54712.5,33,7,277
54715.0,-9,5,298
54717.5,-9,5,298
54720.0,-22,76,332
54722.5,-1,-37,344
54725.0,47,-15,380
54727.5,-1,-14,266
54730.0,-86,-40,283
54732.5,88,41,293
54735.0,102,39,265
54737.5,15,-26,284
54740.0,23,-25,355
54742.5,47,-12,305
54745.0,21,13,356
54747.5,-2,-15,215
54750.0,12,-1,275
54752.5,56,7,311
54755.0,-39,-3,272
54757.5,-13,-39,332
54760.0,20,-16,301
54762.5,30,-13,261
54765.0,-37,-2,301
54767.5,-37,-2,301
54770.0,22,-35,286
54772.5,25,18,268
54775.0,-23,-39,356
54777.5,-24,-16,339
54780.0,-42,-13,401
54782.5,-47,-20,291
54785.0,15,47,319
54787.5,-57,-30,325
54790.0,39,44,259
54792.5,-8,-12,285
54795.0,-54,-51,365
54797.5,159,46,276
54800.0,-2,65,341
54802.5,31,-13,238
54805.0,3,23,251
54807.5,22,-16,328
54810.0,49,-7,310
54812.5,-12,-2,324
54815.0,-12,-2,324
54817.5,-4,-37,331
54820.0,71,-1,261
54822.5,52,11,327
54825.0,3,-56,282
54827.5,17,31,278
54830.0,15,-41,345
54832.5,56,10,283
54835.0,-38,0,337
54837.5,8,2,271
54840.0,105,43,221
54842.5,-38,-18,287
54845.0,35,10,293
54847.5,-13,-20,267
54850.0,33,-16,356
54852.5,26,-22,307
54855.0,35,7,378
54857.5,9,-6,247
54860.0,15,8,288
54862.5,8,9,319
54865.0,8,9,319
54867.5,-26,-6,330
54870.0,-62,3,335
54872.5,51,-18,319
54875.0,-15,45,229
54877.5,6,-16,319
54880.0,17,0,253
54882.5,-16,-26,295
54885.0,26,22,356
54887.5,49,-42,363
54890.0,47,-31,353
54892.5,-34,-52,293
54895.0,-51,-6,212
54897.5,-23,-40,306
54900.0,114,31,277
54902.5,-6,2,314
54905.0,-2,-15,331
54907.5,16,49,245
54910.0,-16,5,331
54912.5,30,8,251
54915.0,30,8,251
54917.5,37,-8,268
54920.0,-16,-10,301
54922.5,-50,-25,349
54925.0,-14,-45,347
54927.5,12,-43,354
54930.0,-41,7,278
54932.5,-113,-67,316
54935.0,44,2,223
54937.5,53,27,267
54940.0,-37,-29,339
54942.5,-49,-18,326
54945.0,-20,-30,386
54947.5,40,14,288
54950.0,41,-8,260
54952.5,-6,-29,304
54955.0,67,31,287
54957.5,26,-23,300
54960.0,16,2,320
54962.5,22,25,233
54965.0,22,25,233
54967.5,-14,-12,337
54970.0,15,-6,249
54972.5,-2,4,253
54975.0,49,12,277
54977.5,14,3,349
54980.0,-68,-54,324
54982.5,23,-2,307
54985.0,-22,2,301
54987.5,-3,-7,335
54990.0,51,18,261
54992.5,8,22,280
54995.0,25,33,290
54997.5,-39,12,269
55000.0,96,-39,365
55002.5,19,-2,303
55005.0,52,-15,281
55007.5,-5,10,291
55010.0,13,18,279
55012.5,-65,-18,300
55015.0,-65,-18,300
55017.5,54,-4,349
55020.0,-4,-9,291
55022.5,5,-2,373
55025.0,65,44,229
55027.5,27,26,261
55030.0,56,8,289
55032.5,0,17,314
55035.0,-22,-6,314
55037.5,38,-32,370
55040.0,-41,-32,292
55042.5,-64,-26,298
55045.0,-4,-12,255
55047.5,-12,-10,301
55050.0,-49,-3,312
55052.5,-11,-11,290
55055.0,28,0,333
55057.5,3,7,297
55060.0,-13,-8,237
55062.5,-70,-66,372
55065.0,-70,-66,372
55067.5,11,38,257
55070.0,6,-23,309
55072.5,4,-5,321
55075.0,26,-11,281
55077.5,-19,-5,333
55080.0,78,25,240
55082.5,16,-38,256
55085.0,21,8,284
55087.5,-32,-25,337
55090.0,-17,-36,325
55092.5,-34,-10,316
55095.0,-12,-25,297
55097.5,-81,-38,302
55100.0,-64,-11,246
55102.5,71,20,276
55105.0,-2,-33,353
55107.5,43,11,289
55110.0,29,-3,346
55112.5,4,6,313
55115.0,4,6,313
55117.5,-88,13,178
55120.0,30,4,286
55122.5,49,30,272
55125.0,-57,18,280
55127.5,-10,-2,330
55130.0,53,-6,321
55132.5,-11,-17,346
55135.0,-16,-48,240
55137.5,-3,18,310
55140.0,2,-30,292
55142.5,65,8,296
55145.0,-3,-12,327
55147.5,61,30,296
55150.0,43,15,262
55152.5,9,-19,330
55155.0,69,46,233
55157.5,-93,-4,281
55160.0,-1,22,337
55162.5,13,-19,287
55165.0,13,-19,287
55167.5,47,-12,325
55170.0,-8,-30,284
55172.5,28,-10,220
55175.0,-5,0,300
55177.5,-3,28,275
55180.0,28,-22,321
55182.5,39,-28,353
55185.0,80,-7,308
55187.5,59,22,367
55190.0,31,5,222
55192.5,-5,-9,268
55195.0,12,-7,317
55197.5,1,4,305
55200.0,-31,-4,316
55202.5,-3,-26,330
55205.0,2,7,255
55207.5,-77,-38,348
55210.0,32,-7,280
55212.5,57,-7,283
55215.0,57,-7,283
55217.5,-17,-21,350
55220.0,-18,17,356
55222.5,-23,-29,370
55225.0,-33,-54,296
55227.5,56,-17,266
55230.0,22,10,298
55232.5,67,25,267
55235.0,5,-8,297
55237.5,39,18,349
55240.0,18,-20,286
55242.5,-15,-6,321
55245.0,-5,-47,247
55247.5,-31,-2,263
55250.0,-23,-20,288
55252.5,-14,-22,356
55255.0,81,4,306
55257.5,63,19,364
55260.0,20,-67,314
55262.5,40,3,400
55265.0,40,3,400
55267.5,71,25,260
55270.0,17,-3,281
55272.5,16,-12,332
55275.0,-14,-11,297
55277.5,19,14,334
55280.0,27,-13,343
55282.5,147,-12,295
55285.0,-38,-32,315
55287.5,26,2,280
55290.0,-10,28,287
55292.5,-57,31,340
55295.0,22,-28,325
55297.5,-1,3,343
55300.0,47,16,271
55302.5,-30,-87,301
55305.0,0,-24,301
55307.5,-19,-2,292
55310.0,-17,-35,305
55312.5,21,-41,328
55315.0,21,-41,328
55317.5,11,-43,248
55320.0,29,19,332
55322.5,24,5,244
55325.0,70,-21,305
55327.5,3,15,298
55330.0,36,-17,312
55332.5,22,-23,322
55335.0,16,-17,307
55337.5,91,21,261
55340.0,-40,-29,315
55342.5,29,9,240
55345.0,20,-1,312
55347.5,-24,-29,355
55350.0,-18,-20,302
55352.5,-34,-27,320
55355.0,6,7,269
55357.5,-35,-61,308
55360.0,14,7,289
55362.5,-35,-59,292
55365.0,-35,-59,292
55367.5,22,52,277
55370.0,-49,-32,330
55372.5,80,20,237
55375.0,-12,17,348
55377.5,-17,-15,285
55380.0,19,-25,280
55382.5,12,-16,311
55385.0,56,21,353
55387.5,-3,-45,365
55390.0,60,0,331
55392.5,3,-77,288
55395.0,-32,-6,327
55397.5,15,-25,276
55400.0,53,-7,303
55402.5,-10,16,327
55405.0,-8,7,295
55407.5,-80,-78,337
55410.0,-19,-41,254
55412.5,-19,-41,254
55415.0,77,11,261
55417.5,-19,-55,335
55420.0,-15,-35,305
55422.5,-30,-1,340
55425.0,20,-50,363
55427.5,72,-30,313
55430.0,-20,-25,333
55432.5,-38,-29,269
55435.0,-10,-32,275
55437.5,39,8,340
55440.0,96,-15,322
55442.5,-5,-53,333
55445.0,29,-33,324
55447.5,93,46,242
55450.0,-61,-77,303
55452.5,-36,-43,260
55455.0,-4,-11,289
55457.5,45,13,360
55460.0,100,-1,303
55462.5,100,-1,303
55465.0,-51,16,334
55467.5,113,52,301
55470.0,-23,-36,278
55472.5,-25,-48,282
55475.0,61,14,306
55477.5,-8,26,274
55480.0,-5,-21,343
55482.5,22,10,295
55485.0,29,16,363
55487.5,21,-7,250
55490.0,-81,-24,237
55492.5,10,-1,342
55495.0,23,23,291
55497.5,11,-1,331
55500.0,40,-17,324
55502.5,6,-10,258
55505.0,45,10,345
55507.5,67,-5,306
55510.0,-3,-45,327
55512.5,-3,-45,327
55515.0,20,-27,367
55517.5,39,-2,293
55520.0,23,-1,350
55522.5,43,15,238
55525.0,10,-59,257
55527.5,54,18,294
55530.0,30,4,254
55532.5,-12,-28,347
55535.0,27,-3,333
55537.5,62,14,311
55540.0,-15,0,341
55542.5,22,14,281
55545.0,7,-27,271
55547.5,-36,-29,323
55550.0,23,-20,334
55552.5,113,-2,339
55555.0,30,8,328
55557.5,-50,-19,234
55560.0,9,-33,353
55562.5,9,-33,353
55565.0,35,10,254
55567.5,-5,10,298
55570.0,29,-10,340
55572.5,-105,-81,298
55575.0,-11,-22,335
55577.5,18,-11,291
55580.0,26,-43,296
55582.5,-20,-11,288
55585.0,62,43,292
55587.5,-50,4,298
55590.0,-21,-30,350
55592.5,2,-7,335
55595.0,-113,-96,365
55597.5,95,33,256
55600.0,-9,26,279
55602.5,40,12,307
55605.0,73,22,320
55607.5,57,-62,321
55610.0,48,57,335
55612.5,48,57,335
55615.0,2,12,282
55617.5,-69,-38,363
55620.0,15,20,234
55622.5,-11,12,285
55625.0,-22,-13,312
55627.5,18,12,293
55630.0,44,30,322
55632.5,72,22,300
55635.0,-7,-46,245
55637.5,-68,-30,289
55640.0,15,17,297
55642.5,4,-57,320
55645.0,25,10,335
55647.5,-11,-3,277
55650.0,-56,2,318
55652.5,30,12,241
55655.0,84,26,274
55657.5,8,-15,311
55660.0,1,-5,300
55662.5,1,-5,300
55665.0,-4,-22,298
55667.5,32,23,336
55670.0,28,-20,263
55672.5,-98,-32,295
55675.0,35,18,251
55677.5,48,25,268
55680.0,6,-23,338
55682.5,9,-14,271
55685.0,-13,-26,340
55687.5,22,-22,288
55690.0,22,13,240
55692.5,32,-17,328
55695.0,24,15,243
55697.5,-13,-72,296
55700.0,4,-4,384
55702.5,119,-2,322
55705.0,35,-16,331
55707.5,-28,3,261
55710.0,-74,-16,247
55712.5,-74,-16,247
55715.0,54,11,318
55717.5,24,2,298
55720.0,-28,-31,327
55722.5,53,21,334
55725.0,-45,-62,229
55727.5,22,25,324
55730.0,42,-35,264
55732.5,-26,-53,299
55735.0,-7,-19,297
55737.5,19,-24,304
55740.0,49,1,296
55742.5,-21,-48,299
55745.0,-31,-56,257
55747.5,-35,14,333
55750.0,-3,-10,293
55752.5,0,-23,305
55755.0,27,-27,356
55757.5,0,-11,301
55760.0,-27,-20,327
55762.5,-27,-20,327
55765.0,-13,-21,276
55767.5,24,20,292
55770.0,-71,-33,292
55772.5,24,-4,292
55775.0,-14,-49,300
55777.5,22,-1,343
55780.0,20,-32,303
55782.5,21,11,352
55785.0,-17,-5,218
55787.5,11,-40,360
55790.0,-41,-26,328
55792.5,51,-8,294
55795.0,-1,-52,324
55797.5,-24,-58,321
55800.0,-13,-2,270
55802.5,-26,-6,295
55805.0,25,14,287
55807.5,28,41,310
55810.0,-23,21,357
55812.5,-23,21,357
55815.0,9,3,322
55817.5,-20,15,333
55820.0,34,22,262
55822.5,-56,2,275
55825.0,-15,-17,334
55827.5,-62,6,322
55830.0,21,-17,354
55832.5,10,-27,360
55835.0,-10,-15,307
55837.5,-11,-22,355
55840.0,6,-21,256
55842.5,-34,-1,238
55845.0,-43,-45,326
55847.5,36,41,282
55850.0,17,-38,331
55852.5,25,-13,318
55855.0,90,21,239
55857.5,8,-15,343
55860.0,-8,10,278
55862.5,-8,10,278
55865.0,-65,-35,265
55867.5,-29,-8,372
55870.0,-13,-10,306
55872.5,-18,22,334
55875.0,20,-67,299
55877.5,19,24,241
55880.0,46,-15,338
55882.5,25,-19,282
55885.0,-2,-18,308
55887.5,69,7,338
55890.0,41,13,281
55892.5,-22,-14,357
55895.0,5,14,225
55897.5,74,37,263
55900.0,3,-6,308
55902.5,33,9,271
55905.0,-11,-16,315
55907.5,-34,-15,322
55910.0,146,-7,309
55912.5,146,-7,309
55915.0,-7,18,323
55917.5,-35,-17,243
55920.0,23,11,258
55922.5,-10,7,296
55925.0,9,-19,312
55927.5,22,-43,366
55930.0,40,8,262
55932.5,-24,-26,266
55935.0,-40,-29,288
55937.5,9,5,290
55940.0,33,14,312
55942.5,-29,2,325
55945.0,-2,-30,329
55947.5,-68,-71,348
55950.0,-46,-33,286
55952.5,21,24,252
55955.0,22,-7,272
55957.5,-16,-5,310
55960.0,-45,-20,319
55962.5,-45,-20,319
55965.0,-25,-17,349
55967.5,104,-10,290
55970.0,-73,-70,330
55972.5,30,13,246
55975.0,-18,-9,280
55977.5,28,-22,316
55980.0,-10,-72,343
55982.5,6,-34,360
55985.0,85,-27,294
55987.5,18,-42,263
55990.0,-21,29,280
55992.5,-7,-7,295
55995.0,15,10,295
55997.5,-29,-37,362
56000.0,106,-2,297
56002.5,-20,-46,334
56005.0,-28,-26,268
56007.5,62,1,291
56010.0,-20,-4,305
56012.5,-20,-4,305
56015.0,21,-1,282
56017.5,-49,-33,319
56020.0,43,51,303
56022.5,75,0,261
56025.0,18,-1,336
56027.5,41,-8,252
56030.0,64,7,276
56032.5,-7,0,310
56035.0,22,-58,273
56037.5,-22,-44,316
56040.0,-15,-14,298
56042.5,86,31,244
56045.0,-36,-42,315
56047.5,36,28,286
56050.0,-22,65,280
56052.5,-12,-9,327
56055.0,57,1,306
56057.5,-10,-7,381
56060.0,-36,-44,260
56062.5,-36,-44,260
56065.0,25,11,231
56067.5,-3,10,292
56070.0,18,-9,254
56072.5,-25,-15,320
56075.0,60,3,348
56077.5,-30,-53,260
56080.0,12,19,338
56082.5,46,4,253
56085.0,6,-9,285
56087.5,-32,-7,330
56090.0,2,-26,314
56092.5,67,6,321
56095.0,-1,-49,309
56097.5,-34,-34,278
56100.0,17,-25,329
56102.5,43,12,244
56105.0,-48,-45,285
56107.5,-9,21,339
56110.0,-9,21,339
56112.5,9,-33,298
56115.0,48,11,324
56117.5,26,-3,265
56120.0,63,4,254
56122.5,46,-31,308
56125.0,59,0,311
56127.5,73,37,286
56130.0,49,-1,386
56132.5,76,-29,290
56135.0,-73,-69,327
56137.5,51,-30,305
56140.0,-7,-14,277
56142.5,-11,-15,315
56145.0,17,-19,273
56147.5,116,37,315
56150.0,48,-5,307
56152.5,-12,-49,232
56155.0,-10,-6,318
56157.5,80,5,280
56160.0,80,5,280
56162.5,-91,-35,317
56165.0,0,-35,359
56167.5,48,0,291
56170.0,63,-19,359
56172.5,46,-7,318
56175.0,-18,-17,312
56177.5,-41,-22,294
56180.0,24,-35,329
56182.5,-9,-34,296
56185.0,-82,-49,315
56187.5,95,-17,304
56190.0,-34,-62,348
56192.5,61,-23,215
56195.0,-68,-24,257
56197.5,15,-9,335
56200.0,-13,40,314
56202.5,41,-25,351
56205.0,45,4,325
56207.5,43,15,253
56210.0,43,15,253
56212.5,70,18,335
56215.0,-10,-19,268
56217.5,-21,-14,280
56220.0,61,-77,389
56222.5,51,41,338
56225.0,16,-44,359
56227.5,-15,26,294
56230.0,-10,-1,209
56232.5,8,-23,325
56235.0,22,-39,327
56237.5,31,20,324
56240.0,35,-25,379
56242.5,58,21,243
56245.0,48,6,360
56247.5,74,-5,253
56250.0,46,-11,248
56252.5,-33,-36,293
56255.0,113,-1,316
56257.5,-37,-17,305
56260.0,-37,-17,305
56262.5,16,-23,332
56265.0,-47,-19,277
56267.5,-31,-23,330
56270.0,13,9,264
56272.5,-24,-4,289
56275.0,-3,-19,339
56277.5,14,-1,337
56280.0,-3,-33,365
56282.5,29,29,273
56285.0,96,35,269
56287.5,-19,-40,307
56290.0,41,9,304
56292.5,24,6,305
56295.0,46,-6,332
56297.5,15,-7,295
56300.0,-25,-12,377
56302.5,70,23,282
56305.0,-3,-16,292
56307.5,-10,-8,299
56310.0,-10,-8,299
56312.5,11,12,275
56315.0,-4,22,329
56317.5,-35,-5,313
56320.0,-19,0,309
56322.5,-2,-14,376
56325.0,-7,-21,285
56327.5,-67,-34,314
56330.0,-23,-25,320
56332.5,57,-8,286
56335.0,79,-12,350
56337.5,68,26,318
56340.0,72,18,259
56342.5,6,-31,335
56345.0,51,24,281
56347.5,30,2,303
56350.0,24,24,332
56352.5,65,-1,302
56355.0,-49,-85,341
56357.5,40,3,262
56360.0,40,3,262
56362.5,-6,-25,297
56365.0,6,-4,313
56367.5,-11,-33,328
56370.0,15,-4,341
56372.5,5,1,343
56375.0,-43,-7,284
56377.5,10,-11,341
56380.0,20,0,218
56382.5,54,-3,281
56385.0,-33,63,302
56387.5,16,22,282
56390.0,47,-23,328
56392.5,38,11,306
56395.0,43,-10,237
56397.5,-30,-28,334
56400.0,0,39,263
56402.5,7,33,278
56405.0,-79,-8,350
56407.5,73,1,313
56410.0,73,1,313
56412.5,1,-54,325
56415.0,166,17,210
56417.5,-56,-24,250
56420.0,-26,-30,309
56422.5,87,51,306
56425.0,-68,11,307
56427.5,25,-7,377
56430.0,22,10,290
56432.5,1,-4,330
56435.0,-51,-20,253
56437.5,-5,-13,273
56440.0,13,21,343
56442.5,-6,-79,314
56445.0,-12,-71,368
56447.5,60,0,299
56450.0,59,-1,295
56452.5,-115,-50,345
56455.0,-30,-21,293
56457.5,102,28,309
56460.0,102,28,309
56462.5,-36,1,316
56465.0,-26,-20,298
56467.5,-8,-21,369
56470.0,55,14,244
56472.5,-121,10,262
56475.0,-8,12,286
56477.5,5,13,288
56480.0,-38,-57,325
56482.5,-35,-43,331
56485.0,27,7,249
56487.5,1,-27,315
56490.0,7,13,247
56492.5,70,4,275
56495.0,93,21,343
56497.5,96,-6,272
56500.0,18,-43,308
56502.5,52,-47,335
56505.0,40,-35,340
56507.5,-48,2,346
56510.0,-48,2,346
56512.5,35,-19,288
56515.0,21,-18,319
56517.5,-73,-21,373
56520.0,10,-29,300
56522.5,-13,-14,329
56525.0,-27,-30,244
56527.5,9,-29,265
56530.0,22,-23,266
56532.5,36,36,273
56535.0,-11,-31,316
56537.5,-37,-7,305
56540.0,87,12,261
56542.5,-12,-2,332
56545.0,29,-11,261
56547.5,-31,-10,281
56550.0,-13,5,342
56552.5,-21,-25,316
56555.0,-33,-6,295
56557.5,34,-19,331
56560.0,34,-19,331
56562.5,35,22,265
56565.0,13,-21,324
56567.5,3,-10,246
56570.0,-39,13,290
56572.5,-9,-19,375
56575.0,28,-2,300
56577.5,73,-29,351
56580.0,5,-25,240
56582.5,7,-21,242
56585.0,15,7,290
56587.5,11,-3,321
56590.0,-9,1,308
56592.5,11,-54,324
56595.0,16,26,259
56597.5,30,18,337
56600.0,3,-46,236
56602.5,6,-29,275
56605.0,19,-13,302
56607.5,19,-13,302
56610.0,9,-31,328
56612.5,-7,3,323
56615.0,7,-20,323
56617.5,68,-30,263
56620.0,14,-7,332
56622.5,59,5,261
56625.0,-39,21,312
56627.5,-50,-30,376
56630.0,-37,31,278
56632.5,9,-23,365
56635.0,47,-7,297
56637.5,41,-5,276
56640.0,8,2,277
56642.5,-2,-17,291
56645.0,-34,-6,304
56647.5,66,-12,350
56650.0,-42,-12,292
56652.5,23,-1,346
56655.0,67,15,232
56657.5,67,15,232
56660.0,57,5,251
56662.5,42,22,334
56665.0,-18,7,279
56667.5,-14,-21,328
56670.0,-42,-18,353
56672.5,51,8,274
56675.0,-32,-28,322
56677.5,92,-4,300
56680.0,39,-6,307
56682.5,21,10,414
56685.0,24,-3,310
56687.5,-33,-53,337
56690.0,-10,-21,259
56692.5,-51,-70,221
56695.0,-1,0,279
56697.5,49,-9,293
56700.0,45,-11,279
56702.5,50,2,350
56705.0,-22,-36,321
56707.5,-22,-36,321
56710.0,-6,-50,351
56712.5,34,-1,213
56715.0,26,27,245
56717.5,-29,-24,325
56720.0,44,-4,319
56722.5,8,-4,316
56725.0,85,17,339
56727.5,45,12,266
56730.0,-36,-39,322
56732.5,38,-5,251
56735.0,-27,-5,275
56737.5,-2,-25,344
56740.0,32,-8,295
56742.5,-16,-42,357
56745.0,26,-23,286
56747.5,61,1,279
56750.0,16,-10,300
56752.5,36,32,293
56755.0,21,7,295
56757.5,21,7,295
56760.0,11,-17,354
56762.5,35,-5,315
56765.0,-24,-5,340
56767.5,31,-14,253
56770.0,49,2,239
56772.5,-14,-32,318
56775.0,40,36,276
56777.5,-32,-21,337
56780.0,-53,-29,316
56782.5,64,20,240
56785.0,-46,-29,331
56787.5,41,2,251
56790.0,26,-8,275
56792.5,44,10,308
56795.0,39,13,302
56797.5,-13,-9,350
56800.0,44,-18,319
56802.5,-23,-33,242
56805.0,-2,-25,303
56807.5,-2,-25,303
56810.0,-31,-11,271
56812.5,-1,7,265
56815.0,-31,34,327
56817.5,58,-12,314
56820.0,7,2,352
56822.5,31,59,253
56825.0,-88,-11,273
56827.5,-29,-32,327
56830.0,62,0,294
56832.5,23,-16,315
56835.0,-5,7,309
56837.5,13,-13,301
56840.0,-12,-47,356
56842.5,59,9,296
56845.0,-36,-52,287
56847.5,48,56,312
56850.0,-34,-39,309
56852.5,-21,-5,314
56855.0,15,-1,296
56857.5,15,-1,296
56860.0,-10,-4,222
56862.5,-3,-37,306
56865.0,-68,-13,270
56867.5,-4,-23,263
56870.0,-46,-6,327
56872.5,-41,-31,314
56875.0,-18,-23,351
56877.5,46,33,263
56880.0,135,1,289
56882.5,-7,-16,310
56885.0,41,23,287
56887.5,56,-35,336
56890.0,34,-11,334
56892.5,0,-13,283
56895.0,-43,-58,372
56897.5,30,-25,252
56900.0,-27,-59,273
56902.5,47,10,294
56905.0,-5,-5,334
56907.5,-5,-5,334
56910.0,26,-20,337
56912.5,8,-20,327
56915.0,66,-62,289
56917.5,62,-16,325
56920.0,4,-42,242
56922.5,14,-14,251
56925.0,-3,-23,409
56927.5,-24,-31,305
56930.0,-67,-50,351
56932.5,-3,-38,298
56935.0,36,0,229
56937.5,-17,-13,302
56940.0,30,34,279
56942.5,-50,-22,295
56945.0,-21,-59,370
56947.5,-18,-35,251
56950.0,46,32,362
56952.5,68,-40,282
56955.0,30,-47,267
56957.5,30,-47,267
56960.0,30,3,292
56962.5,2,-7,295
56965.0,65,26,331
56967.5,73,-20,328
56970.0,-18,-56,299
56972.5,1,-22,327
56975.0,72,-3,268
56977.5,-10,3,317
56980.0,-32,-51,352
56982.5,6,-54,327
56985.0,-15,-12,370
56987.5,2,-11,291
56990.0,72,-12,282
56992.5,-24,-13,303
56995.0,90,35,263
56997.5,-51,-72,288
57000.0,38,1,345
57002.5,2,-4,290
57005.0,-21,-35,373
57007.5,-21,-35,373
57010.0,29,-9,244
57012.5,-12,-9,296
57015.0,22,-26,337
57017.5,31,26,302
57020.0,-35,-18,327
57022.5,33,-23,341
57025.0,90,-23,268
57027.5,-18,-47,298
57030.0,40,-2,256
57032.5,23,25,280
57035.0,17,-50,370
57037.5,57,2,295
57040.0,21,-1,361
57042.5,41,15,260
57045.0,-28,-46,232
57047.5,-43,-30,310
57050.0,37,-4,264
57052.5,-49,-8,285
57055.0,-32,-70,360
57057.5,-32,-70,360
57060.0,9,15,309
57062.5,-39,-15,368
57065.0,46,2,264
57067.5,-17,-8,257
57070.0,11,10,290
57072.5,35,10,292
57075.0,-2,-14,317
57077.5,-16,-12,326
57080.0,20,-8,290
57082.5,-46,-67,357
57085.0,108,59,248
57087.5,35,40,290
57090.0,-10,-17,321
57092.5,-13,-19,309
57095.0,-32,-27,360
57097.5,43,28,319
57100.0,57,-25,265
57102.5,40,10,326
57105.0,30,-5,289
57107.5,30,-5,289
57110.0,43,-1,303
57112.5,-8,0,323
57115.0,60,36,263
57117.5,-59,-27,333
57120.0,16,5,236
57122.5,9,73,289
57125.0,21,20,262
57127.5,-2,-24,330
57130.0,43,-15,347
57132.5,-61,-17,342
57135.0,-26,-40,335
57137.5,-10,-26,350
57140.0,54,-8,255
57142.5,32,29,250
57145.0,-7,8,328
57147.5,18,-20,323
57150.0,-42,-23,314
57152.5,10,-38,309
57155.0,80,-20,302
57157.5,80,-20,302
57160.0,21,-10,314
57162.5,44,-5,270
57165.0,-29,-9,296
57167.5,-43,-25,343
57170.0,-1,-25,315
57172.5,20,21,351
57175.0,65,-1,268
57177.5,26,-17,283
57180.0,-19,-4,274
57182.5,-15,-16,284
57185.0,50,24,312
57187.5,61,-23,358
57190.0,-77,-33,259
57192.5,6,-41,328
57195.0,20,-35,267
57197.5,98,47,239
57200.0,2,-55,301
57202.5,31,-3,324
57205.0,-22,18,301
57207.5,-22,18,301
57210.0,-8,-51,350
57212.5,25,-25,270
57215.0,29,-6,329
57217.5,70,5,236
57220.0,-12,0,277
57222.5,14,-42,354
57225.0,52,28,308
57227.5,-45,-28,355
57230.0,-44,-38,274
57232.5,-49,4,236
57235.0,-15,-21,294
57237.5,4,-13,314
57240.0,62,29,286
57242.5,56,19,330
57245.0,15,-8,325
57247.5,55,-53,343
57250.0,30,16,219
57252.5,9,-12,252
57255.0,9,-12,252
57257.5,-17,-46,305
57260.0,39,26,333
57262.5,-56,-42,337
57265.0,45,-2,360
57267.5,-6,-6,249
57270.0,1,-22,353
57272.5,-55,-23,267
57275.0,31,-16,320
57277.5,-2,11,306
57280.0,28,-4,313
57282.5,-14,-23,363
57285.0,52,25,288
57287.5,-6,31,224
57290.0,-50,-31,303
57292.5,16,20,275
57295.0,-6,-1,300
57297.5,-72,10,316
57300.0,-20,-8,326
57302.5,-7,-70,329
57305.0,-7,-70,329
57307.5,10,4,302
57310.0,-59,-37,284
57312.5,15,-8,310
57315.0,-16,-7,282
57317.5,-23,-8,306
57320.0,36,-59,426
57322.5,84,-14,322
57325.0,57,-51,399
57327.5,71,8,258
57330.0,18,0,302
57332.5,7,12,342
57335.0,-1,9,302
57337.5,7,-26,323
57340.0,63,-15,327
57342.5,-27,-36,296
57345.0,8,-2,349
57347.5,-16,-65,275
57350.0,3,5,281
57352.5,-31,17,293
57355.0,-31,17,293
57357.5,-21,-49,319
57360.0,1,-4,365
57362.5,16,0,291
57365.0,34,2,264
57367.5,30,24,299
57370.0,78,37,256
57372.5,-9,29,302
57375.0,68,-54,409
57377.5,39,-16,318
57380.0,14,26,368
57382.5,3,15,262
57385.0,8,2,325
57387.5,-10,-37,321
57390.0,19,33,276
57392.5,-59,-24,335
57395.0,-19,-18,306
57397.5,104,4,246
57400.0,-54,-70,316
57402.5,55,15,282
57405.0,55,15,282
57407.5,-38,-59,295
57410.0,-16,-9,330
57412.5,43,1,311
57415.0,20,26,339
57417.5,105,10,321
57420.0,0,-1,238
57422.5,-41,-29,304
57425.0,54,12,299
57427.5,-20,-34,318
57430.0,-2,-19,325
57432.5,-13,11,277
57435.0,27,-38,397
57437.5,43,-8,283
57440.0,55,4,253
57442.5,25,-25,278
57445.0,52,18,337
57447.5,-17,-16,317
57450.0,-6,-35,324
57452.5,45,-7,331
57455.0,45,-7,331
57457.5,1,-20,359
57460.0,7,21,242
57462.5,42,2,275
57465.0,19,45,329
57467.5,5,-35,294
57470.0,26,29,397
57472.5,27,-24,346
57475.0,31,-30,273
57477.5,-3,2,318
57480.0,48,-19,270
57482.5,15,-55,313
57485.0,-49,-18,333
57487.5,54,18,293
57490.0,34,-25,318
57492.5,-38,-68,269
57495.0,-23,18,246
57497.5,27,12,288
57500.0,7,-26,313
57502.5,-58,-45,332
57505.0,-58,-45,332
57507.5,-8,6,334
57510.0,-14,-19,302
57512.5,-74,-27,318
57515.0,67,11,258
57517.5,15,7,297
57520.0,-11,-37,355
57522.5,14,14,304
57525.0,37,-9,323
57527.5,11,-23,307
57530.0,-19,-40,246
57532.5,18,-11,321
57535.0,1,-13,273
57537.5,-54,-26,309
57540.0,24,-73,385
57542.5,22,21,316
57545.0,14,5,343
57547.5,23,3,289
57550.0,57,-42,294
57552.5,21,0,304
57555.0,21,0,304
57557.5,-5,-38,305
57560.0,-12,-40,324
57562.5,28,-24,377
57565.0,17,-22,304
57567.5,-25,-20,352
57570.0,-4,18,259
57572.5,15,20,249
57575.0,38,-1,349
57577.5,59,35,306
57580.0,1,-84,364
57582.5,55,-29,355
57585.0,27,1,257
57587.5,72,19,339
57590.0,12,-22,249
57592.5,-83,-26,274
57595.0,35,-6,376
57597.5,58,8,309
57600.0,36,17,345
57602.5,30,-8,294
57605.0,30,-8,294
57607.5,-8,6,254
57610.0,48,13,288
57612.5,46,5,310
57615.0,1,-10,309
57617.5,70,-11,335
57620.0,42,-24,374
57622.5,25,1,393
57625.0,14,-35,258
57627.5,-32,-9,267
57630.0,-30,-18,328
57632.5,78,48,301
57635.0,104,22,322
57637.5,-62,-37,311
57640.0,-58,31,231
57642.5,-80,-18,313
57645.0,60,-12,255
57647.5,7,-30,273
57650.0,-16,-15,357
57652.5,-14,55,275
57655.0,-14,55,275
57657.5,-58,-20,330
57660.0,14,-20,263
57662.5,26,-5,303
57665.0,-22,-18,307
57667.5,16,12,253
57670.0,15,39,322
57672.5,27,5,355
57675.0,-12,-21,343
57677.5,30,-49,353
57680.0,69,27,263
57682.5,-53,-38,283
57685.0,-1,7,320
57687.5,30,0,274
57690.0,7,-4,283
57692.5,-17,8,351
57695.0,-55,-29,248
57697.5,10,-25,356
57700.0,3,-14,257
57702.5,15,4,291
57705.0,15,4,291
57707.5,-1,-11,314
57710.0,17,14,292
57712.5,65,3,338
57715.0,110,47,295
57717.5,37,-26,248
57720.0,38,24,307
57722.5,10,-10,297
57725.0,5,-59,304
57727.5,-10,-13,375
57730.0,52,24,286
57732.5,9,-12,329
57735.0,-73,-4,274
57737.5,23,-10,264
57740.0,-23,-41,313
57742.5,21,34,288
57745.0,-21,-12,318
57747.5,19,-45,350
57750.0,-41,-30,280
57752.5,-41,-30,280
57755.0,-27,-19,364
57757.5,10,-9,269
57760.0,41,29,315
57762.5,-39,-2,337
57765.0,41,15,313
57767.5,5,-19,341
57770.0,44,-40,314
57772.5,-27,-16,262
57775.0,-12,-4,307
57777.5,4,-35,266
57780.0,16,-59,306
57782.5,-2,-16,398
57785.0,-24,4,287
57787.5,50,24,351
57790.0,-35,-42,264
57792.5,80,-25,247
57795.0,-5,-23,317
57797.5,65,-20,319
57800.0,-50,-48,321
57802.5,-50,-48,321
57805.0,35,-32,347
57807.5,38,-12,272
57810.0,-108,-40,310
57812.5,-4,-17,257
57815.0,37,12,268
57817.5,11,23,293
57820.0,32,4,324
57822.5,-7,-16,349
57825.0,-77,-44,299
57827.5,-48,-1,234
57830.0,7,23,329
57832.5,66,-33,267
57835.0,51,15,289
57837.5,-22,-23,369
57840.0,22,-2,301
57842.5,15,48,347
57845.0,30,24,271
57847.5,-22,-8,274
57850.0,7,16,307
57852.5,7,16,307
57855.0,12,-17,309
57857.5,-7,-18,288
57860.0,54,1,335
57862.5,14,-32,283
57865.0,42,-18,351
57867.5,47,-4,216
57870.0,-5,-1,269
57872.5,29,-15,299
57875.0,24,27,318
57877.5,19,39,333
57880.0,2,-7,357
57882.5,-30,-21,297
57885.0,-22,-22,342
57887.5,65,58,252
57890.0,21,-11,253
57892.5,21,4,340
57895.0,-6,12,271
57897.5,13,-2,340
57900.0,-8,-38,308
57902.5,-8,-38,308
57905.0,-37,2,188
57907.5,7,-16,324
57910.0,29,1,275
57912.5,15,-6,320
57915.0,78,-50,321
57917.5,13,17,277
57920.0,-53,-33,375
57922.5,-6,29,224
57925.0,-43,11,236
57927.5,19,7,289
57930.0,55,28,292
57932.5,1,4,335
57935.0,-21,-18,317
57937.5,33,-23,247
57940.0,-46,-2,296
57942.5,-30,-14,261
57945.0,33,40,281
57947.5,-39,0,363
57950.0,24,16,284
57952.5,24,16,284
57955.0,10,3,324
57957.5,-37,-46,306
57960.0,-23,-30,248
57962.5,34,-12,316
57965.0,24,-22,240
57967.5,-57,4,263
57970.0,-38,17,333
57972.5,-8,-15,287
57975.0,-90,-92,365
57977.5,-18,-63,272
57980.0,17,5,282
57982.5,-5,-26,323
57985.0,69,-11,293
57987.5,-21,-44,341
57990.0,-26,-50,311
57992.5,2,-14,307
57995.0,-24,-65,332
57997.5,77,-44,288
58000.0,3,6,258
58002.5,3,6,258
58005.0,14,-13,323
58007.5,50,13,306
58010.0,-13,-2,339
58012.5,2,-61,350
58015.0,68,25,275
58017.5,17,12,318
58020.0,-36,-26,272
58022.5,-7,6,307
58025.0,-41,-5,328
58027.5,23,-36,326
58030.0,7,15,330
58032.5,69,15,273
58035.0,13,5,265
58037.5,-11,-54,315
58040.0,-10,5,323
58042.5,-20,-26,312
58045.0,38,-1,322
58047.5,-15,-12,332
58050.0,-48,-14,360
58052.5,-48,-14,360
58055.0,58,5,252
58057.5,45,-15,283
58060.0,30,4,311
58062.5,45,1,291
58065.0,-19,5,314
58067.5,-53,-68,328
58070.0,71,60,244
58072.5,-7,-34,333
58075.0,-1,-34,257
58077.5,1,11,286
58080.0,50,-2,369
58082.5,33,5,336
58085.0,7,18,358
58087.5,-15,-25,291
58090.0,-34,-32,229
58092.5,-87,-58,299
58095.0,-9,-2,294
58097.5,15,-14,312
58100.0,-11,-15,361
58102.5,-11,-15,361
58105.0,-8,15,301
58107.5,-97,-14,304
58110.0,15,-11,252
58112.5,38,49,238
58115.0,-22,-18,318
58117.5,57,-30,350
58120.0,3,-17,332
58122.5,0,5,349
58125.0,4,28,274
58127.5,-134,-60,340
58130.0,5,-7,285
58132.5,48,-70,319
58135.0,51,-15,345
58137.5,18,-29,287
58140.0,23,-77,342
58142.5,110,64,317
58145.0,76,-10,286
58147.5,11,-12,348
58150.0,-5,-67,301
58152.5,-5,-67,301
58155.0,49,11,311
58157.5,-54,-37,348
58160.0,82,-15,330
58162.5,61,-24,358
58165.0,4,9,253
58167.5,15,2,266
58170.0,9,-3,263
58172.5,5,15,282
58175.0,-40,-41,299
58177.5,1,-42,341
58180.0,85,-21,317
58182.5,-60,-65,364
58185.0,60,7,223
58187.5,21,2,298
58190.0,-12,-38,342
58192.5,28,15,344
58195.0,35,25,336
58197.5,75,-21,321
58200.0,81,-35,269
58202.5,81,-35,269
58205.0,83,29,324
58207.5,35,-13,270
58210.0,64,21,289
58212.5,1,-29,369
58215.0,53,38,291
58217.5,19,-31,345
58220.0,8,-26,317
58222.5,79,11,241
58225.0,-44,-7,293
58227.5,35,-8,286
58230.0,-16,-30,298
58232.5,-15,-31,328
58235.0,51,9,302
58237.5,101,-14,359
58240.0,33,-22,249
58242.5,-11,-21,296
58245.0,5,7,322
58247.5,37,-13,307
58250.0,-17,-4,299
58252.5,-17,-4,299
58255.0,31,-4,318
58257.5,52,2,275
58260.0,-2,-11,344
58262.5,18,-5,234
58265.0,16,14,276
58267.5,15,4,310
58270.0,44,-38,358
58272.5,-82,-49,359
58275.0,-4,-28,293
58277.5,-24,-12,221
58280.0,26,0,325
58282.5,-19,-11,278
58285.0,27,8,334
58287.5,4,22,354
58290.0,88,-8,303
58292.5,11,-29,337
58295.0,-11,-90,251
58297.5,24,13,312
58300.0,-2,16,284
58302.5,-2,16,284
58305.0,35,3,295
58307.5,-6,-68,336
58310.0,45,-14,330
58312.5,-12,-46,273
58315.0,-18,-22,304
58317.5,-22,-6,259
58320.0,9,-40,279
58322.5,74,26,309
58325.0,38,-14,341
58327.5,-8,-10,352
58330.0,-27,-11,319
58332.5,93,-39,279
58335.0,-39,-20,300
58337.5,-29,-8,275
58340.0,-48,-56,286
58342.5,22,3,372
58345.0,54,-16,318
58347.5,13,20,336
58350.0,24,-9,288
58352.5,24,-9,288
58355.0,-39,-40,272
58357.5,24,13,296
58360.0,-4,-29,293
58362.5,37,-1,316
58365.0,52,-17,380
58367.5,-49,-29,361
58370.0,19,-54,350
58372.5,-11,-31,269
58375.0,3,-20,322
58377.5,-46,-61,333
58380.0,83,20,275
58382.5,66,24,287
58385.0,15,-31,327
58387.5,2,41,311
58390.0,10,-8,325
58392.5,60,6,212
58395.0,15,23,286
58397.5,-13,26,333
58400.0,-13,26,333
58402.5,28,3,299
58405.0,-16,-42,338
58407.5,43,23,269
58410.0,-2,40,254
58412.5,-19,-9,266
58415.0,81,6,345
58417.5,46,-39,288
58420.0,-25,-51,353
58422.5,-5,-7,317
58425.0,-100,-47,351
58427.5,14,-22,274
58430.0,53,19,288
58432.5,-15,-10,279
58435.0,-20,10,303
58437.5,4,-25,320
58440.0,7,-5,339
58442.5,93,11,269
58445.0,-63,-5,291
58447.5,13,13,242
58450.0,13,13,242
58452.5,141,-16,297
58455.0,17,-27,320
58457.5,36,-11,296
58460.0,47,-3,331
58462.5,51,-3,273
58465.0,-30,-46,269
58467.5,-76,-27,309
58470.0,70,13,269
58472.5,-73,-87,283
58475.0,-41,18,358
58477.5,132,-2,272
58480.0,-15,-24,316
58482.5,-5,10,264
58485.0,9,-45,231
58487.5,16,-3,280
58490.0,33,-9,299
58492.5,-71,-56,334
58495.0,-23,-30,351
58497.5,1,-3,279
58500.0,1,-3,279
58502.5,-25,6,333
58505.0,38,3,249
58507.5,9,-37,302
58510.0,-17,4,338
58512.5,-9,-32,300
58515.0,-24,-27,333
58517.5,-4,-17,281
58520.0,-68,-16,232
58522.5,46,-1,336
58525.0,49,-23,289
58527.5,47,20,303
58530.0,-41,-54,358
58532.5,10,-47,297
58535.0,-39,-11,347
58537.5,23,-8,258
58540.0,-23,-22,249
58542.5,44,13,319
58545.0,-4,-2,315
58547.5,-52,-23,302
58550.0,-52,-23,302
58552.5,2,-63,375
58555.0,15,0,280
58557.5,-32,-43,360
58560.0,34,-27,250
58562.5,-42,-1,232
58565.0,-76,-37,301
58567.5,20,4,353
58570.0,7,24,307
58572.5,31,-1,323
58575.0,-24,-3,246
58577.5,-23,-27,322
58580.0,15,21,264
58582.5,10,35,253
58585.0,-30,0,303
58587.5,-14,54,289
58590.0,-37,-14,340
58592.5,42,22,290
58595.0,-61,-62,225
58597.5,-53,-2,301
58600.0,-53,-2,301
58602.5,40,4,275
58605.0,-11,-23,304
58607.5,59,-21,371
58610.0,22,-8,315
58612.5,-15,3,350
58615.0,6,-27,243
58617.5,44,32,258
58620.0,14,-18,294
58622.5,59,20,294
58625.0,25,21,306
58627.5,-41,-38,328
58630.0,-14,-61,291
58632.5,-7,-11,357
58635.0,35,26,254
58637.5,52,8,272
58640.0,-10,-24,317
58642.5,-1,-6,276
58645.0,-67,-70,339
58647.5,5,-34,292
58650.0,5,-34,292
58652.5,12,12,278
58655.0,43,22,331
58657.5,-40,45,252
58660.0,-72,-22,301
58662.5,46,63,357
58665.0,29,-22,327
58667.5,-11,-31,367
58670.0,-22,-3,219
58672.5,38,49,256
58675.0,-40,-32,297
58677.5,38,20,266
58680.0,29,-13,340
58682.5,-52,-11,329
58685.0,37,22,298
58687.5,40,-31,357
58690.0,25,12,252
58692.5,21,-25,278
58695.0,-5,-6,309
58697.5,37,-18,326
58700.0,37,-18,326
58702.5,-4,-2,332
58705.0,20,5,313
58707.5,81,-45,256
58710.0,-33,9,290
58712.5,-13,12,255
58715.0,-55,-12,302
58717.5,-15,-3,355
58720.0,32,-40,318
58722.5,37,-37,357
58725.0,26,-17,268
58727.5,-23,-17,274
58730.0,37,-15,297
58732.5,-2,-22,297
58735.0,17,-23,289
58737.5,60,-27,367
58740.0,-29,-24,317
58742.5,32,16,383
58745.0,34,-24,252
58747.5,-12,-10,291
58750.0,-12,-10,291
58752.5,-49,-42,321
58755.0,16,34,305
58757.5,8,1,317
58760.0,45,18,336
58762.5,121,13,278
58765.0,-65,-16,357
58767.5,39,-3,223
58770.0,37,3,271
58772.5,-1,-9,330
58775.0,36,3,301
58777.5,-28,10,354
58780.0,57,-25,274
58782.5,38,7,258
58785.0,-12,-12,305
58787.5,26,7,277
58790.0,23,2,285
58792.5,-50,-35,330
58795.0,53,-2,285
58797.5,3,-5,365
58800.0,3,-5,365
58802.5,-6,-8,265
58805.0,72,34,267
58807.5,17,-9,296
58810.0,41,32,307
58812.5,10,20,301
58815.0,15,23,344
58817.5,140,90,229
58820.0,8,-51,346
58822.5,19,9,263
58825.0,16,-18,300
58827.5,-13,-56,374
58830.0,15,-27,310
58832.5,-55,-11,318
58835.0,19,-18,280
58837.5,-52,-18,212
58840.0,9,-10,304
58842.5,62,17,276
58845.0,5,-11,327
58847.5,61,-11,376
58850.0,61,-11,376
58852.5,69,29,348
58855.0,50,27,393
58857.5,29,0,235
58860.0,0,5,244
58862.5,-23,-15,319
58865.0,26,39,308
58867.5,21,-55,316
58870.0,9,31,342
58872.5,-40,-6,272
58875.0,-50,-29,368
58877.5,-9,22,251
58880.0,-9,41,251
58882.5,-27,-13,336
58885.0,36,4,304
58887.5,5,-4,329
58890.0,19,8,253
58892.5,15,-15,237
58895.0,-30,-9,257
58897.5,12,-43,288
58900.0,12,-43,288
58902.5,-47,-13,294
58905.0,-74,-13,363
58907.5,-20,-4,329
58910.0,9,-9,330
58912.5,-1,-54,306
58915.0,96,55,262
58917.5,4,12,319
58920.0,-15,-6,291
58922.5,-29,-54,351
58925.0,79,-5,315
58927.5,-28,-38,260
58930.0,-54,-32,322
58932.5,26,13,265
58935.0,-1,-4,280
58937.5,26,-3,338
58940.0,-18,-22,315
58942.5,9,24,344
58945.0,45,8,329
58947.5,-41,-83,310
58950.0,-41,-83,310
58952.5,-45,-13,293
58955.0,46,34,225
58957.5,-28,-97,301
58960.0,-31,17,359
58962.5,52,-1,314
58965.0,39,-2,338
58967.5,-28,-18,298
58970.0,-23,-38,267
58972.5,-13,-3,294
58975.0,20,18,293
58977.5,-10,-28,297
58980.0,124,19,368
58982.5,15,36,241
58985.0,6,2,349
58987.5,40,-33,234
58990.0,39,-6,305
58992.5,3,-18,339
58995.0,13,-11,310
58997.5,86,-9,324
59000.0,86,-9,324
59002.5,23,-41,332
59005.0,41,1,245
59007.5,13,-26,321
59010.0,84,0,305
59012.5,67,3,298
59015.0,22,-15,381
59017.5,55,37,278
59020.0,48,-15,351
59022.5,9,-35,298
59025.0,-5,5,228
59027.5,-82,-51,308
59030.0,14,-3,301
59032.5,29,24,311
59035.0,85,8,387
59037.5,-12,-43,297
59040.0,57,2,344
59042.5,72,46,261
59045.0,-64,-7,251
59047.5,48,25,294
59050.0,48,25,294
59052.5,39,-10,340
59055.0,53,29,306
59057.5,-94,-61,332
59060.0,21,-9,323
59062.5,9,9,334
59065.0,47,37,230
59067.5,1,-10,279
59070.0,-33,-86,350
59072.5,28,-20,321
59075.0,-43,-21,337
59077.5,10,-13,270
59080.0,103,11,293
59082.5,-68,-30,297
59085.0,-47,-59,281
59087.5,-24,-21,302
59090.0,-1,-65,377
59092.5,18,-19,312
59095.0,-38,-17,351
59097.5,-38,-17,351
59100.0,13,2,293
59102.5,28,-32,297
59105.0,31,4,294
59107.5,46,24,327
59110.0,19,38,280
59112.5,-19,-22,339
59115.0,30,-21,250
59117.5,-34,-32,325
59120.0,3,29,249
59122.5,-18,-10,285
59125.0,-26,1,289
59127.5,-2,14,305
59130.0,-27,-65,357
59132.5,-12,-40,298
59135.0,-88,0,196
59137.5,-53,-15,299
59140.0,13,25,278
59142.5,27,0,298
59145.0,66,22,332
59147.5,66,22,332
59150.0,57,33,279
59152.5,43,-25,372
59155.0,14,7,242
59157.5,-15,-16,320
59160.0,41,3,319
59162.5,17,10,315
59165.0,-57,-32,327
59167.5,-32,-15,341
59170.0,76,44,263
59172.5,-5,-3,335
59175.0,-69,-38,255
59177.5,58,-1,295
59180.0,23,7,314
59182.5,-72,-33,315
59185.0,35,5,329
59187.5,26,33,313
59190.0,56,36,251
59192.5,56,-9,328
59195.0,8,12,248
59197.5,8,12,248
59200.0,19,1,307
59202.5,-27,-57,349
59205.0,27,19,321
59207.5,21,-33,338
59210.0,27,5,246
59212.5,-55,-22,281
59215.0,22,-5,272
59217.5,45,27,285
59220.0,14,39,320
59222.5,-10,-36,359
59225.0,-7,-9,303
59227.5,43,17,346
59230.0,-6,-34,221
59232.5,20,-8,285
59235.0,-23,-15,326
59237.5,18,20,292
59240.0,-21,-48,340
59242.5,72,32,310
59245.0,101,-16,293
59247.5,101,-16,293
59250.0,4,-6,311
59252.5,35,-20,267
59255.0,-37,-29,315
59257.5,-53,-39,347
59260.0,-21,-42,332
59262.5,80,30,386
59265.0,-8,-51,265
59267.5,5,37,271
59270.0,-14,-16,287
59272.5,8,15,292
59275.0,27,-7,300
59277.5,-8,-42,338
59280.0,11,7,320
59282.5,-22,-28,380
59285.0,6,-16,270
59287.5,6,18,246
59290.0,21,11,306
59292.5,1,-9,286
59295.0,29,8,294
59297.5,29,8,294
59300.0,78,31,324
59302.5,37,16,245
59305.0,52,-38,325
59307.5,-17,-6,267
59310.0,-6,-13,293
59312.5,-42,-14,330
59315.0,15,-10,303
59317.5,38,1,334
59320.0,2,20,269
59322.5,-60,-13,281
59325.0,33,27,274
59327.5,-8,-20,311
59330.0,12,-3,315
59332.5,43,-50,350
59335.0,32,6,289
59337.5,28,-20,357
59340.0,2,-28,234
59342.5,12,7,246
59345.0,32,-15,292
59347.5,32,-15,292
59350.0,38,37,289
59352.5,15,-19,349
59355.0,-12,36,339
59357.5,45,-3,292
59360.0,2,7,323
59362.5,69,2,297
59365.0,-8,0,299
59367.5,-18,-53,375
59370.0,-13,-15,303
59372.5,1,-27,333
59375.0,54,31,275
59377.5,-12,-50,213
59380.0,-62,-41,284
59382.5,7,31,292
59385.0,-15,28,338
59387.5,-7,-50,356
59390.0,61,49,294
59392.5,42,-8,346
59395.0,21,-18,247
59397.5,21,-18,247
59400.0,62,3,340
59402.5,-30,-20,279
59405.0,-13,14,330
59407.5,7,4,327
59410.0,-17,-64,324
59412.5,55,-17,258
59415.0,-9,-27,330
59417.5,25,10,249
59420.0,82,43,268
59422.5,-8,-21,359
59425.0,45,25,315
59427.5,21,-8,349
59430.0,23,-10,287
59432.5,74,19,240
59435.0,-12,24,283
59437.5,30,25,290
59440.0,-12,-45,298
59442.5,38,3,334
59445.0,-47,22,313
59447.5,-47,22,313
59450.0,30,-44,361
59452.5,6,-4,257
59455.0,68,42,250
59457.5,-51,-74,304
59460.0,17,47,263
59462.5,-44,-22,270
59465.0,55,22,363
59467.5,-53,-64,262
59470.0,-41,-65,308
59472.5,64,14,254
59475.0,-67,-42,287
59477.5,-16,-18,331
59480.0,47,10,297
59482.5,-25,59,317
59485.0,-10,-22,279
59487.5,98,31,235
59490.0,-39,-50,315
59492.5,-40,31,250
59495.0,32,7,270
59497.5,32,7,270
59500.0,-32,-21,325
59502.5,97,13,306
59505.0,-12,-14,341
59507.5,83,11,234
59510.0,11,-21,241
59512.5,-42,-51,303
59515.0,15,-42,301
59517.5,2,0,308
59520.0,70,31,324
59522.5,-53,-57,241
59525.0,0,-35,367
59527.5,48,18,248
59530.0,-11,0,281
59532.5,-3,2,333
59535.0,22,1,284
59537.5,-77,-61,345
59540.0,89,12,307
59542.5,19,-23,310
59545.0,7,-20,314
59547.5,7,-20,314
59550.0,-17,-7,300
59552.5,-23,-45,301
59555.0,35,47,365
59557.5,-3,-54,336
59560.0,-43,-33,364
59562.5,46,32,253
59565.0,65,-10,285
59567.5,42,-51,346
59570.0,51,-12,300
59572.5,17,-56,356
59575.0,-6,3,366
59577.5,8,3,318
59580.0,12,35,343
59582.5,63,10,251
59585.0,-23,-43,267
59587.5,6,17,304
59590.0,19,-42,307
59592.5,-27,-20,315
59595.0,-27,-20,315
59597.5,11,-34,322
59600.0,48,43,268
59602.5,17,-13,345
59605.0,23,-37,276
59607.5,11,-35,268
59610.0,5,-53,346
59612.5,13,-36,360
59615.0,-23,-7,371
59617.5,2,-25,289
59620.0,2,-54,266
59622.5,0,17,307
59625.0,61,1,270
59627.5,-40,24,303
59630.0,30,-29,364
59632.5,8,-16,293
59635.0,34,32,357
59637.5,23,-3,247
59640.0,-61,13,224
59642.5,35,2,324
59645.0,35,2,324
59647.5,47,19,318
59650.0,-107,-17,291
59652.5,-47,6,282
59655.0,1,-23,283
59657.5,-40,-51,344
59660.0,31,7,280
59662.5,-40,-5,295
59665.0,-6,-18,356
59667.5,33,-20,305
59670.0,-62,-51,328
59672.5,46,11,279
59675.0,40,5,244
59677.5,-40,22,259
59680.0,32,36,283
59682.5,-12,-25,337
59685.0,-30,-26,342
59687.5,100,40,292
59690.0,8,1,339
59692.5,42,18,251
59695.0,42,18,251
59697.5,-9,30,263
59700.0,-43,-39,341
59702.5,93,28,333
59705.0,-7,-25,330
59707.5,11,3,315
59710.0,-4,39,314
59712.5,34,-8,376
59715.0,37,34,245
59717.5,-52,8,277
59720.0,-6,-13,370
59722.5,30,-2,300
59725.0,-29,-52,337
59727.5,61,17,292
59730.0,4,5,221
59732.5,-55,-29,294
59735.0,-42,-32,290
59737.5,9,-32,297
59740.0,2,-95,395
59742.5,13,-20,310
59745.0,13,-20,310
59747.5,14,18,345
59750.0,-6,26,267
59752.5,-14,-22,297
59755.0,-23,15,308
59757.5,15,-4,285
59760.0,-29,6,323
59762.5,-4,-11,323
59765.0,49,18,245
59767.5,-64,-20,317
59770.0,-65,-32,272
59772.5,-23,13,327
59775.0,4,-52,383
59777.5,33,-15,298
59780.0,89,-13,354
59782.5,82,-21,305
59785.0,43,-25,265
59787.5,-59,-16,286
59790.0,-17,-4,265
59792.5,31,-1,307
59795.0,31,-1,307
59797.5,-45,-6,358
59800.0,44,-4,324
59802.5,56,19,355
59805.0,-23,-50,252
59807.5,17,10,294
59810.0,7,-18,304
59812.5,0,-29,335
59815.0,-39,-60,342
59817.5,37,11,331
59820.0,14,-46,267
59822.5,0,14,337
59825.0,-34,-38,249
59827.5,26,20,286
59830.0,-13,-48,344
59832.5,47,-15,287
59835.0,38,-19,317
59837.5,17,-24,314
59840.0,-76,-77,251
59842.5,52,-31,321
59845.0,52,-31,321
59847.5,-15,9,253
59850.0,0,18,288
59852.5,-8,-5,354
59855.0,-8,-37,303
59857.5,40,23,345
59860.0,-59,-42,261
59862.5,1,-18,237
59865.0,-4,9,305
59867.5,-46,-29,309
59870.0,-31,-36,320
59872.5,-41,-21,364
59875.0,1,-42,266
59877.5,-18,-23,334
59880.0,1,-28,257
59882.5,44,3,323
59885.0,9,-37,327
59887.5,18,17,300
59890.0,5,3,366
59892.5,-19,-26,367
59895.0,-19,-26,367
59897.5,85,-24,275
59900.0,-21,-7,291
59902.5,5,-65,283
59905.0,-8,37,284
59907.5,-16,-21,348
59910.0,33,-4,300
59912.5,21,-18,344
59915.0,-6,-37,272
59917.5,-7,3,273
59920.0,-2,-13,273
59922.5,7,-26,305
59925.0,-27,-17,323
59927.5,41,-5,362
59930.0,-43,-65,332
59932.5,-56,-25,336
59935.0,99,3,261
59937.5,-49,-35,265
59940.0,-17,-1,323
59942.5,42,-41,336
59945.0,42,-41,336
59947.5,-33,-41,331
59950.0,25,-24,357
59952.5,-3,-47,313
59955.0,-33,-41,343
59957.5,31,-14,281
59960.0,1,-51,286
59962.5,31,-29,395
59965.0,34,11,297
59967.5,58,-9,305
59970.0,15,0,312
59972.5,36,37,279
59975.0,-16,-25,314
59977.5,16,16,293
59980.0,7,25,293
59982.5,4,-12,351
59985.0,38,-8,314
59987.5,64,-52,348
59990.0,68,18,249
59992.5,-30,8,282
59995.0,-30,8,282
59997.5,4,-7,333
60000.0,46,7,302
60002.5,-37,-75,336
60005.0,76,-30,374
60007.5,70,-2,301
60010.0,48,17,339
60012.5,-38,-37,267
60015.0,35,-35,315
60017.5,-48,-31,346
60020.0,44,33,307
60022.5,-54,-28,331
60025.0,48,44,296
60027.5,88,15,230
60030.0,-27,0,291
60032.5,25,-22,292
60035.0,7,-16,303
60037.5,-42,-1,338
60040.0,-8,-16,310
60042.5,-20,-17,358
60045.0,-20,-17,358
60047.5,76,10,251
60050.0,133,19,276
60052.5,15,-9,282
60055.0,23,-17,300
60057.5,-7,-7,289
60060.0,-10,-26,369
60062.5,-69,6,277
60065.0,-1,-28,388
60067.5,75,-4,262
60070.0,52,-31,276
60072.5,27,16,308
60075.0,53,45,246
60077.5,29,9,265
60080.0,35,-34,348
60082.5,90,-17,287
60085.0,40,19,326
60087.5,2,-14,266
60090.0,3,-62,311
60092.5,-3,-30,372
60095.0,-3,-30,372
60097.5,35,-13,328
60100.0,-40,-24,351
60102.5,91,21,323
60105.0,21,-48,238
60107.5,-63,-21,299
60110.0,7,-6,297
60112.5,32,12,291
60115.0,48,-21,371
60117.5,-6,5,277
60120.0,-57,-33,366
60122.5,71,3,260
60125.0,-46,15,253
60127.5,-26,-9,310
60130.0,7,-7,320
60132.5,-83,-71,312
60135.0,-21,-39,347
60137.5,104,40,268
60140.0,-49,-60,338
60142.5,-49,-60,338
60145.0,19,-12,286
60147.5,-27,-12,267
60150.0,15,-14,312
60152.5,28,-8,323
60155.0,-45,-12,327
60157.5,41,15,303
60160.0,-29,2,227
60162.5,66,3,326
60165.0,44,44,262
60167.5,0,25,295
60170.0,17,-28,336
60172.5,53,10,263
60175.0,-27,-5,321
60177.5,-13,-29,250
60180.0,-83,-39,256
60182.5,-24,2,327
60185.0,65,30,301
60187.5,32,10,319
60190.0,-4,20,335
60192.5,-4,20,335
60195.0,51,57,255
60197.5,-3,-61,339
60200.0,37,28,250
60202.5,37,18,283
60205.0,-82,-30,328
60207.5,-5,-2,339
60210.0,78,12,350
60212.5,19,-10,284
60215.0,-53,-32,276
60217.5,7,12,320
60220.0,4,-9,281
60222.5,-41,-18,295
60225.0,-30,15,377
60227.5,32,21,316
60230.0,6,-56,379
60232.5,-2,-19,268
60235.0,112,-32,273
60237.5,-36,-30,302
60240.0,25,-75,326
60242.5,25,-75,326
60245.0,4,37,308
60247.5,43,29,353
60250.0,-8,-7,259
60252.5,-40,-1,356
60255.0,17,-35,256
60257.5,10,-6,266
60260.0,-32,-24,325
60262.5,59,-3,302
60265.0,-10,44,313
60267.5,34,15,294
60270.0,4,-29,259
60272.5,6,-10,355
60275.0,66,1,245
60277.5,-27,-2,301
60280.0,25,-39,328
60282.5,14,26,304
60285.0,24,-11,353
60287.5,21,-12,296
60290.0,147,25,301
60292.5,147,25,301
60295.0,-13,-2,288
60297.5,27,15,292
60300.0,-25,-29,315
60302.5,28,10,371
60305.0,-7,-12,340
60307.5,-12,-22,364
60310.0,72,19,263
60312.5,26,19,279
60315.0,27,-20,308
60317.5,69,31,303
60320.0,-59,-11,319
60322.5,33,-15,330
60325.0,-47,-52,253
60327.5,-23,-2,309
60330.0,32,15,251
60332.5,2,17,289
60335.0,-45,-1,340
60337.5,-71,26,303
60340.0,62,-10,356
60342.5,62,-10,356
60345.0,21,-15,283
60347.5,59,19,236
60350.0,-19,-51,327
60352.5,-37,-6,266
60355.0,-44,-7,278
60357.5,-12,-6,359
60360.0,-38,-48,309
60362.5,-33,-30,368
60365.0,21,28,223
60367.5,-18,6,259
60370.0,0,0,297
60372.5,21,-4,324
60375.0,-26,-14,308
60377.5,47,-39,361
60380.0,52,-23,281
60382.5,-48,21,343
60385.0,40,-24,266
60387.5,29,-2,308
60390.0,-29,-40,324
60392.5,-29,-40,324
60395.0,93,53,337
60397.5,-29,-14,326
60400.0,27,-9,330
60402.5,-32,-31,284
60405.0,-110,-9,325
60407.5,-27,-3,222
60410.0,66,10,287
60412.5,-38,-56,367
60415.0,-9,-24,324
60417.5,64,-24,364
60420.0,16,18,265
60422.5,-65,-41,243
60425.0,14,-9,301
60427.5,105,60,296
60430.0,50,22,308
60432.5,15,-45,359
60435.0,44,-55,258
60437.5,-19,-26,307
60440.0,27,6,248
60442.5,27,6,248
60445.0,-70,-7,239
60447.5,24,-3,271
60450.0,16,-4,292
60452.5,-6,-20,336
60455.0,84,-13,322
60457.5,156,50,246
60460.0,8,10,320
60462.5,-9,-8,238
60465.0,12,51,267
60467.5,-38,-3,306
60470.0,-28,-6,303
60472.5,-44,-44,364
60475.0,-5,-43,275
60477.5,36,26,289
60480.0,-46,-12,276
60482.5,32,26,271
60485.0,-51,-8,320
60487.5,8,35,352
60490.0,-34,-27,255
60492.5,-34,-27,255
60495.0,-13,-25,372
60497.5,37,27,223
60500.0,24,9,275
60502.5,-39,-4,292
60505.0,-25,12,247
60507.5,32,55,274
60510.0,-35,-10,291
60512.5,47,14,266
60515.0,-117,-77,345
60517.5,5,-13,249
60520.0,-1,-50,299
60522.5,1,-13,340
60525.0,16,7,299
60527.5,-31,-47,350
60530.0,67,62,267
60532.5,14,-35,299
60535.0,29,0,352
60537.5,68,24,283
60540.0,-24,-30,301
60542.5,-24,-30,301
60545.0,26,2,372
60547.5,23,19,245
60550.0,59,21,379
60552.5,-10,-50,289
60555.0,58,-9,262
60557.5,64,10,281
60560.0,18,17,311
60562.5,-12,-50,311
60565.0,-22,-25,350
60567.5,7,-28,297
60570.0,-59,-39,324
60572.5,54,8,273
60575.0,14,-25,273
60577.5,-12,-7,315
60580.0,23,-25,286
60582.5,55,3,367
60585.0,-15,-64,369
60587.5,21,-19,287
60590.0,-49,-43,324
60592.5,-49,-43,324
60595.0,29,-21,292
60597.5,-44,-37,297
60600.0,26,-36,354
60602.5,75,26,311
60605.0,79,20,337
60607.5,43,23,283
60610.0,41,19,221
60612.5,-31,-15,314
60615.0,6,-5,284
60617.5,-24,-48,334
60620.0,65,6,337
60622.5,-7,-23,256
60625.0,-2,-45,388
60627.5,159,36,298
60630.0,33,27,240
60632.5,30,8,302
60635.0,46,15,278
60637.5,62,15,278
60640.0,62,15,278
60642.5,32,-34,361
60645.0,-107,-26,239
60647.5,-3,-18,323
60650.0,22,2,258
60652.5,25,41,295
60655.0,-7,-51,341
60657.5,76,36,295
60660.0,40,28,355
60662.5,52,15,308
60665.0,44,26,257
60667.5,-21,-35,347
60670.0,55,4,249
60672.5,4,-16,312
60675.0,20,-58,367
60677.5,-13,-5,314
60680.0,30,-10,349
60682.5,6,-8,236
60685.0,-7,34,225
60687.5,15,-6,295
60690.0,15,-6,295
60692.5,14,-13,328
60695.0,-7,-25,277
60697.5,39,37,330
60700.0,-63,-62,267
60702.5,-37,10,339
60705.0,-6,-16,276
60707.5,-37,2,263
60710.0,26,6,317
60712.5,-5,-19,316
60715.0,-22,-27,323
60717.5,-8,-23,301
60720.0,-7,-25,243
60722.5,-43,-7,324
60725.0,0,-24,263
60727.5,5,-10,285
60730.0,2,-13,374
60732.5,6,-15,314
60735.0,56,-29,326
60737.5,-35,-24,254
60740.0,-35,-24,254
60742.5,-3,-31,275
60745.0,-30,-53,305
60747.5,27,22,262
60750.0,-27,-14,297
60752.5,61,-23,362
60755.0,-1,10,325
60757.5,62,33,361
60760.0,31,-6,253
60762.5,39,-11,289
60765.0,-64,-58,344
60767.5,23,9,313
60770.0,1,45,326
60772.5,-9,-45,336
60775.0,99,5,282
60777.5,21,-55,351
60780.0,65,7,256
60782.5,-65,-19,314
60785.0,-86,-17,347
60787.5,56,18,332
60790.0,56,18,332
60792.5,4,-27,369
60795.0,42,12,319
60797.5,7,-18,292
60800.0,-69,-69,334
60802.5,69,54,256
60805.0,35,9,313
60807.5,36,-54,357
60810.0,46,-5,276
60812.5,19,26,373
60815.0,51,42,212
60817.5,-17,-8,277
60820.0,36,-6,298
60822.5,71,-4,310
60825.0,4,-17,324
60827.5,8,19,305
60830.0,75,36,270
60832.5,-6,0,309
60835.0,22,-2,250
60837.5,16,11,268
60840.0,16,11,268
60842.5,15,-6,338
60845.0,-15,-4,287
60847.5,-2,-53,336
60850.0,28,-19,297
60852.5,21,14,257
60855.0,29,27,330
60857.5,9,29,281
60860.0,1,9,291
60862.5,-30,-17,335
60865.0,-2,43,249
60867.5,-27,3,329
60870.0,62,28,238
60872.5,154,-8,273
60875.0,-12,-32,279
60877.5,10,-17,300
60880.0,-46,-18,286
60882.5,-4,-27,357
60885.0,49,-21,256
60887.5,33,-22,344
60890.0,33,-22,344
60892.5,-27,-32,291
60895.0,-65,-58,271
60897.5,-14,-23,316
60900.0,27,7,334
60902.5,0,-13,310
60905.0,16,-6,308
60907.5,-7,-21,271
60910.0,21,5,329
60912.5,18,10,273
60915.0,47,-14,276
60917.5,10,24,350
60920.0,15,-23,305
60922.5,-23,0,348
60925.0,18,-18,269
60927.5,103,-15,279
60930.0,-15,-33,287
60932.5,-23,-4,261
60935.0,-51,-33,351
60937.5,65,17,344
60940.0,65,17,344
60942.5,-10,-37,295
60945.0,-31,-31,325
60947.5,-70,-3,272
60950.0,-6,38,254
60952.5,1,16,307
60955.0,7,2,316
60957.5,17,-6,331
60960.0,40,-13,351
60962.5,-7,6,294
60965.0,-48,-29,323
60967.5,37,33,252
60970.0,18,7,275
60972.5,-38,-44,333
60975.0,26,1,317
60977.5,27,-22,356
60980.0,-28,-38,276
60982.5,77,14,247
60985.0,-32,-11,301
60987.5,12,-6,297
60990.0,12,-6,297
60992.5,-39,-15,289
60995.0,-4,-22,353
60997.5,92,11,357
61000.0,-11,-21,363
61002.5,75,-4,258
61005.0,-3,17,251
61007.5,11,-7,320
61010.0,59,12,306
61012.5,53,51,340
61015.0,-66,-16,336
61017.5,-26,-7,301
61020.0,-22,-37,330
61022.5,-28,9,235
61025.0,67,9,313
61027.5,-36,-9,332
61030.0,-60,-37,327
61032.5,-14,-16,344
61035.0,-1,37,289
61037.5,50,-27,250
61040.0,50,-27,250
61042.5,21,8,305
61045.0,-8,-2,261
61047.5,12,-23,319
61050.0,-6,12,350
61052.5,-28,-33,317
61055.0,2,-18,370
61057.5,52,-36,241
61060.0,-20,-19,211
61062.5,28,-6,320
61065.0,8,0,295
61067.5,43,-3,290
61070.0,46,-9,369
61072.5,35,-8,285
61075.0,-51,-29,315
61077.5,45,12,238
61080.0,45,-36,314
61082.5,-60,-13,311
61085.0,13,28,301
61087.5,14,3,323
61090.0,14,3,323
61092.5,24,-31,325
61095.0,103,-24,302
61097.5,-16,-33,337
61100.0,0,-6,279
61102.5,46,10,325
61105.0,-32,-56,404
61107.5,-24,-36,311
61110.0,-18,-31,343
61112.5,17,31,236
61115.0,-86,-44,203
61117.5,-53,1,310
61120.0,10,43,308
61122.5,9,20,286
61125.0,14,27,326
61127.5,-106,-7,289
61130.0,4,8,342
61132.5,-27,-43,230
61135.0,-76,-29,246
61137.5,-38,-17,326
61140.0,-38,-17,326
61142.5,38,5,324
61145.0,-53,-38,325
61147.5,-11,-58,306
61150.0,29,20,284
61152.5,-1,32,324
61155.0,-14,-21,255
61157.5,55,11,286
61160.0,-26,8,341
61162.5,5,-56,313
61165.0,-32,-2,341
61167.5,35,1,296
61170.0,46,37,290
61172.5,-109,-52,301
61175.0,28,20,294
61177.5,-27,20,264
61180.0,14,-59,379
61182.5,-47,-40,340
61185.0,-5,-23,372
61187.5,20,30,226
61190.0,20,30,226
61192.5,25,19,268
61195.0,-2,-11,336
61197.5,49,6,263
61200.0,-41,-42,322
61202.5,91,25,306
61205.0,32,-52,261
61207.5,-48,-38,369
61210.0,-31,-43,274
61212.5,21,52,292
61215.0,29,-3,373
61217.5,2,5,290
61220.0,12,-43,336
61222.5,26,4,269
61225.0,-17,-12,218
61227.5,-38,-35,315
61230.0,38,26,265
61232.5,16,30,307
61235.0,17,31,328
61237.5,17,31,328
61240.0,-24,-32,318
61242.5,9,0,369
61245.0,-2,15,270
61247.5,62,-4,277
61250.0,38,0,313
61252.5,12,-7,286
61255.0,26,-3,310
61257.5,32,13,324
61260.0,88,60,272
61262.5,-6,-11,351
61265.0,1,-23,251
61267.5,103,-4,283
61270.0,-59,-64,296
61272.5,-50,-20,296
61275.0,-32,-14,331
61277.5,-29,-41,331
61280.0,53,-2,249
61282.5,-25,9,344
61285.0,18,14,303
61287.5,18,14,303
61290.0,-38,-8,293
61292.5,-1,-29,381
61295.0,88,1,302
61297.5,6,17,330
61300.0,30,-3,265
61302.5,33,15,275
61305.0,-8,-25,303
61307.5,59,-23,297
61310.0,-3,1,291
61312.5,-8,-35,361
61315.0,-32,-38,281
61317.5,5,-48,362
61320.0,20,-15,228
61322.5,-38,8,231
61325.0,-2,-3,290
61327.5,-12,-24,285
61330.0,-20,-11,343
61332.5,38,7,325
61335.0,-62,-34,251
61337.5,-62,-34,251
61340.0,-120,-14,323
61342.5,1,-10,218
61345.0,69,36,284
61347.5,47,-31,365
61350.0,59,39,271
61352.5,47,-10,363
61355.0,-22,-13,275
61357.5,96,25,261
61360.0,-19,-4,288
61362.5,-22,-16,294
61365.0,-74,-50,299
61367.5,6,-11,336
61370.0,22,-20,291
61372.5,14,-29,362
61375.0,19,-1,246
61377.5,-42,-32,235
61380.0,-13,-49,332
61382.5,29,8,297
61385.0,19,-9,336
61387.5,19,-9,336
61390.0,62,-16,328
61392.5,-5,56,230
61395.0,16,-43,336
61397.5,-14,13,276
61400.0,-3,-27,325
61402.5,60,30,330
61405.0,16,-66,327
61407.5,-48,-12,326
61410.0,-15,-3,311
61412.5,-2,-2,252
61415.0,2,-33,279
61417.5,26,44,277
61420.0,-44,7,261
61422.5,-58,10,324
61425.0,77,0,308
61427.5,-9,-35,330
61430.0,1,-14,238
61432.5,-52,-28,303
61435.0,62,25,331
61437.5,62,25,331
61440.0,24,21,282
61442.5,13,-41,325
61445.0,-53,-19,368
61447.5,-39,-42,291
61450.0,-59,24,303
61452.5,-30,3,264
61455.0,-39,-29,281
61457.5,-5,3,342
61460.0,-11,-6,298
61462.5,-62,-94,362
61465.0,43,-44,317
61467.5,65,3,278
61470.0,15,-23,331
61472.5,-6,-44,255
61475.0,3,-7,320
61477.5,-33,27,336
61480.0,14,-55,334
61482.5,-95,-52,366
61485.0,41,10,246
61487.5,41,10,246
61490.0,54,-29,303
61492.5,29,-14,318
61495.0,-3,-20,294
61497.5,-21,-67,330
61500.0,19,-14,400
61502.5,24,-25,331
61505.0,-3,-14,372
61507.5,44,-1,224
61510.0,-15,-38,282
61512.5,16,4,342
61515.0,21,-7,333
61517.5,42,-11,307
61520.0,19,-51,299
61522.5,-6,-24,259
61525.0,-37,-35,340
61527.5,13,-9,283
61530.0,-10,-3,304
61532.5,37,8,352
61535.0,17,-41,296
61537.5,17,-41,296
61540.0,-5,-14,363
61542.5,18,-10,275
61545.0,-48,-13,204
61547.5,-23,-24,303
61550.0,12,4,282
61552.5,17,20,298
61555.0,-52,17,302
61557.5,-21,-6,252
61560.0,22,4,344
61562.5,25,-30,253
61565.0,44,-27,285
61567.5,55,19,335
61570.0,30,-14,308
61572.5,36,7,297
61575.0,-30,15,332
61577.5,76,4,271
61580.0,-51,12,291
61582.5,33,19,233
61585.0,59,-2,282
61587.5,59,-2,282
61590.0,-16,12,299
61592.5,-15,-9,309
61595.0,-7,-1,369
61597.5,41,24,294
61600.0,62,-6,276
61602.5,37,-17,331
61605.0,29,54,276
61607.5,25,-5,290
61610.0,9,2,351
61612.5,28,4,283
61615.0,-28,-2,336
61617.5,47,8,281
61620.0,33,4,312
61622.5,-17,8,322
61625.0,-16,-22,298
61627.5,-41,-38,288
61630.0,3,20,321
61632.5,51,-24,307
61635.0,-11,10,345
61637.5,-11,10,345
61640.0,-83,-28,253
61642.5,44,21,296
61645.0,-35,6,297
61647.5,51,-21,293
61650.0,45,-45,283
61652.5,0,-9,302
61655.0,47,-58,254
61657.5,-6,18,318
61660.0,-21,-61,230
61662.5,-43,4,312
61665.0,-75,-43,323
61667.5,-47,-32,321
61670.0,-46,-18,334
61672.5,-6,7,273
61675.0,23,19,256
61677.5,20,-18,293
61680.0,-7,-28,307
61682.5,6,-20,330
61685.0,22,-3,394
61687.5,22,-3,394
61690.0,-2,-20,277
61692.5,18,-31,384
61695.0,-4,-16,265
61697.5,48,-20,300
61700.0,8,-15,354
61702.5,41,-30,337
61705.0,-11,35,329
61707.5,30,-35,346
61710.0,-25,-33,264
61712.5,-12,28,325
61715.0,-43,-45,274
61717.5,8,-26,311
61720.0,25,-23,383
61722.5,94,-12,308
61725.0,40,21,349
61727.5,4,-9,247
61730.0,61,7,293
61732.5,17,-10,327
61735.0,71,21,254
61737.5,71,21,254
61740.0,-9,14,325
61742.5,28,-5,379
61745.0,19,2,257
61747.5,-48,-55,341
61750.0,112,14,270
61752.5,-32,-32,264
61755.0,8,-21,323
61757.5,48,15,275
61760.0,25,24,319
61762.5,39,-18,344
61765.0,-29,14,251
61767.5,8,4,314
61770.0,-7,15,247
61772.5,4,31,280
61775.0,34,10,324
61777.5,33,-18,319
61780.0,-53,-38,333
61782.5,12,-17,286
61785.0,114,26,212
61787.5,114,26,212
61790.0,-15,-10,291
61792.5,-8,3,279
61795.0,-25,34,300
61797.5,30,-4,364
61800.0,70,7,290
61802.5,-35,-40,339
61805.0,77,23,273
61807.5,-1,-17,274
61810.0,-27,1,311
61812.5,26,0,302
61815.0,5,-31,275
61817.5,-33,21,306
61820.0,6,-13,302
61822.5,-19,-20,372
61825.0,34,20,248
61827.5,-10,-24,316
61830.0,14,-8,333
61832.5,30,43,319
61835.0,-49,-30,334
61837.5,-49,-30,334
61840.0,32,-17,319
61842.5,41,-1,271
61845.0,-13,3,290
61847.5,5,23,266
61850.0,-9,12,272
61852.5,-12,22,341
61855.0,2,-39,322
61857.5,-4,-21,358
61860.0,84,47,251
61862.5,-10,15,276
61865.0,10,26,304
61867.5,7,-13,253
61870.0,73,34,310
61872.5,-26,40,352
61875.0,7,9,247
61877.5,-43,-27,309
61880.0,54,16,230
61882.5,63,4,280
61885.0,63,4,280
61887.5,39,-10,328
61890.0,80,33,296
61892.5,50,-21,308
61895.0,105,1,307
61897.5,101,-3,277
61900.0,45,-26,349
61902.5,24,-15,274
61905.0,-4,-17,320
61907.5,0,-27,366
61910.0,-33,-46,324
61912.5,23,-18,346
61915.0,-12,0,257
61917.5,40,-9,265
61920.0,33,-8,317
61922.5,43,27,307
61925.0,-16,-33,344
61927.5,-8,-55,348
61930.0,55,0,311
61932.5,69,-34,387
61935.0,69,-34,387
61937.5,11,-16,225
61940.0,139,0,255
61942.5,5,11,302
61945.0,60,7,299
61947.5,17,-9,324
61950.0,-72,-25,298
61952.5,-43,-40,261
61955.0,67,-4,334
61957.5,7,-8,265
61960.0,20,25,311
61962.5,24,-33,371
61965.0,32,5,321
61967.5,7,-31,354
61970.0,-4,-27,296
61972.5,36,-46,242
61975.0,52,-6,324
61977.5,59,9,270
61980.0,-8,36,305
61982.5,-92,-39,343
61985.0,-92,-39,343
61987.5,13,7,324
61990.0,-21,-80,387
61992.5,-6,-25,322
61995.0,25,19,340
61997.5,35,-12,306
62000.0,64,38,288
62002.5,21,1,310
62005.0,1,7,367
62007.5,-8,-34,272
62010.0,-44,-45,338
62012.5,146,40,243
62015.0,-31,-21,320
62017.5,-34,-49,417
62020.0,-10,29,286
62022.5,-83,-15,334
62025.0,-22,-34,310
62027.5,64,-22,257
62030.0,43,21,316
62032.5,28,6,291
62035.0,28,6,291
62037.5,-32,-24,299
62040.0,1,-12,337
62042.5,39,16,311
62045.0,-14,-27,362
62047.5,-9,-18,253
62050.0,-13,-6,244
62052.5,41,2,320
62055.0,39,-14,292
62057.5,-27,-18,315
62060.0,3,-6,344
62062.5,104,26,262
62065.0,12,0,345
62067.5,6,-1,242
62070.0,44,24,270
62072.5,-27,-39,331
62075.0,-14,-24,317
62077.5,79,4,341
62080.0,15,-38,321
62082.5,-75,-93,232
62085.0,-75,-93,232
62087.5,-27,-9,296
62090.0,44,6,280
62092.5,-28,13,310
62095.0,-14,-9,346
62097.5,88,10,336
62100.0,29,9,346
62102.5,38,6,259
62105.0,11,11,220
62107.5,34,34,279
62110.0,63,13,305
62112.5,-60,5,303
62115.0,50,0,380
62117.5,-17,11,315
62120.0,-65,-17,351
62122.5,50,-21,232
62125.0,-25,-2,249
62127.5,-29,-49,320
62130.0,31,57,316
62132.5,45,-12,340
62135.0,45,-12,340
62137.5,-34,-20,298
62140.0,17,3,240
62142.5,-3,-18,337
62145.0,6,-14,261
62147.5,-53,-23,274
62150.0,12,-27,348
62152.5,66,26,308
62155.0,16,-7,334
62157.5,46,10,274
62160.0,102,31,231
62162.5,-67,-10,280
62165.0,1,-20,289
62167.5,12,17,305
62170.0,-22,-7,336
62172.5,90,-10,299
62175.0,-25,-39,321
62177.5,5,22,229
62180.0,-2,-2,286
62182.5,18,-13,323
62185.0,18,-13,323
62187.5,4,10,259
62190.0,-39,-51,347
62192.5,-22,-43,331
62195.0,-75,-41,268
62197.5,-60,-29,350
62200.0,99,13,238
62202.5,-26,-23,281
62205.0,-22,7,352
62207.5,25,5,305
62210.0,88,17,320
62212.5,78,31,291
62215.0,81,31,294
62217.5,7,-18,328
62220.0,18,-2,254
62222.5,32,1,287
62225.0,-9,-23,347
62227.5,14,-41,317
62230.0,-20,-1,338
62232.5,10,-20,286
62235.0,10,-20,286
62237.5,-34,-12,292
62240.0,-75,0,314
62242.5,38,43,278
62245.0,-36,2,330
62247.5,30,-53,384
62250.0,93,-33,294
62252.5,-50,32,349
62255.0,-53,-36,288
62257.5,99,-42,309
62260.0,23,-18,319
62262.5,45,-42,317
62265.0,-28,-35,316
62267.5,-25,-35,339
62270.0,26,-9,314
62272.5,-110,-70,332
62275.0,15,8,287
62277.5,34,8,272
62280.0,-20,-56,346
62282.5,-79,-41,305
62285.0,-79,-41,305
62287.5,-23,-8,354
62290.0,23,8,276
62292.5,65,-45,319
62295.0,-43,-26,301
62297.5,75,38,298
62300.0,-60,-22,299
62302.5,-67,-10,321
62305.0,-7,-16,292
62307.5,-30,4,349
62310.0,16,-35,255
62312.5,1,-33,308
62315.0,10,-9,343
62317.5,8,-20,309
62320.0,37,-18,342
62322.5,52,22,318
62325.0,20,-31,252
62327.5,35,-35,327
62330.0,57,32,239
62332.5,27,25,265
62335.0,27,25,265
62337.5,-9,7,302
62340.0,25,-4,302
62342.5,-74,-26,347
62345.0,9,5,290
62347.5,24,-5,249
62350.0,80,16,347
62352.5,22,18,268
62355.0,5,38,315
62357.5,32,-11,363
62360.0,-28,-13,281
62362.5,40,-30,377
62365.0,34,8,230
62367.5,122,-19,300
62370.0,-10,-33,311
62372.5,-9,-3,287
62375.0,29,6,297
62377.5,1,14,330
62380.0,101,-3,267
62382.5,-26,-6,339
62385.0,-26,-6,339
62387.5,-41,-7,254
62390.0,-27,-59,325
62392.5,-50,8,341
62395.0,26,-6,301
62397.5,31,34,353
62400.0,-37,-15,296
62402.5,-31,-9,235
62405.0,45,28,296
62407.5,55,-29,306
62410.0,-47,-30,267
62412.5,-93,-31,312
62415.0,31,-9,314
62417.5,-12,-12,372
62420.0,33,-35,279
62422.5,26,-27,272
62425.0,15,-3,318
62427.5,-46,-9,315
62430.0,6,3,314
62432.5,27,-55,347
62435.0,27,-55,347
62437.5,40,-2,268
62440.0,-48,-30,312
62442.5,39,24,266
62445.0,-25,8,260
62447.5,-10,18,308
62450.0,58,-22,291
62452.5,9,-9,312
62455.0,-22,-37,331
62457.5,-8,-33,293
62460.0,52,16,327
62462.5,7,2,268
62465.0,-25,-9,266
62467.5,35,-5,386
62470.0,84,19,303
62472.5,8,5,330
62475.0,27,-24,312
62477.5,33,42,232
62480.0,33,-9,312
62482.5,33,-9,312
62485.0,13,-10,283
62487.5,39,-44,331
62490.0,-20,-37,379
62492.5,15,-4,317
62495.0,-99,-79,376
62497.5,10,-23,263
62500.0,-32,-8,242
62502.5,49,29,314
62505.0,24,-1,333
62507.5,-3,22,336
62510.0,-7,3,339
62512.5,-20,-17,257
62515.0,-87,-28,311
62517.5,7,-35,261
62520.0,44,-21,292
62522.5,-3,-3,329
62525.0,7,-23,321
62527.5,-63,-33,342
62530.0,-8,-55,308
62532.5,-8,-55,308
62535.0,19,-41,218
62537.5,-24,-13,282
62540.0,1,11,272
62542.5,54,-19,326
62545.0,60,38,332
62547.5,2,-19,333
62550.0,-17,13,351
62552.5,-2,16,235
62555.0,-4,24,232
62557.5,-11,-11,286
62560.0,34,-4,327
62562.5,-39,-20,295
62565.0,-40,-21,330
62567.5,7,-7,331
62570.0,-6,7,326
62572.5,6,-6,250
62575.0,6,-17,272
62577.5,5,2,307
62580.0,13,14,304
62582.5,13,14,304
62585.0,67,-4,307
62587.5,-25,-14,296
62590.0,66,-6,237
62592.5,17,-27,294
62595.0,26,10,227
62597.5,58,35,302
62600.0,22,0,335
62602.5,-29,-6,280
62605.0,63,-12,337
62607.5,26,-27,277
62610.0,27,-18,257
62612.5,35,-12,322
62615.0,70,-17,281
62617.5,-14,-63,324
62620.0,61,20,338
62622.5,48,16,285
62625.0,55,3,353
62627.5,61,-9,250
62630.0,6,-4,307
62632.5,6,-4,307
62635.0,24,3,342
62637.5,43,-26,317
62640.0,25,-34,338
62642.5,26,-21,304
62645.0,31,17,250
62647.5,92,13,329
62650.0,-1,12,257
62652.5,43,25,282
62655.0,14,-39,358
62657.5,39,11,286
62660.0,2,12,349
62662.5,71,36,298
62665.0,-48,-53,220
62667.5,-73,-29,280
62670.0,33,11,281
62672.5,-3,-2,249
62675.0,-42,15,326
62677.5,61,-55,319
62680.0,-7,-4,370
62682.5,-7,-4,370
62685.0,18,1,228
62687.5,-102,-35,305
62690.0,35,-6,332
62692.5,-43,-6,321
62695.0,19,25,282
62697.5,-15,16,369
62700.0,9,-11,280
62702.5,-27,-8,289
62705.0,39,-2,238
62707.5,-22,5,254
62710.0,2,-2,337
62712.5,36,4,315
62715.0,-23,-33,344
62717.5,54,18,285
62720.0,-1,-10,287
62722.5,31,3,325
62725.0,54,39,290
62727.5,-6,-9,308
62730.0,10,-8,346
62732.5,10,-8,346
62735.0,-48,3,275
62737.5,-43,17,340
62740.0,-28,-38,255
62742.5,74,-17,260
62745.0,44,7,316
62747.5,13,-5,298
62750.0,60,-69,292
62752.5,1,-6,344
62755.0,-49,-29,288
62757.5,-27,11,353
62760.0,11,22,248
62762.5,-15,1,268
62765.0,10,-7,295
62767.5,43,-2,328
62770.0,89,-30,352
62772.5,-12,-36,332
62775.0,74,51,255
62777.5,-65,0,303
62780.0,39,15,305
62782.5,39,15,305
62785.0,-17,-18,312
62787.5,-46,7,323
62790.0,3,-46,345
62792.5,80,3,344
62795.0,-36,-41,247
62797.5,25,-11,241
62800.0,90,12,321
62802.5,49,-1,291
62805.0,50,35,316
62807.5,69,-17,358
62810.0,-35,-15,294
62812.5,-51,-73,350
62815.0,31,15,275
62817.5,7,8,277
62820.0,-9,-13,332
62822.5,32,2,322
62825.0,-31,35,333
62827.5,6,-31,369
62830.0,-38,-51,293
62832.5,-38,-51,293
62835.0,-48,-33,348
62837.5,15,3,264
62840.0,-56,-35,279
62842.5,4,-26,372
62845.0,41,-10,291
62847.5,53,58,354
62850.0,-5,-5,255
62852.5,64,-11,277
62855.0,-3,-31,316
62857.5,2,50,263
62860.0,-4,-2,281
62862.5,-32,-40,349
62865.0,-32,-64,271
62867.5,-59,-27,348
62870.0,42,-7,227
62872.5,21,39,234
62875.0,4,6,311
62877.5,-20,6,293
62880.0,-20,6,293
62882.5,20,11,317
62885.0,18,-2,318
62887.5,-79,-8,266
62890.0,55,1,329
62892.5,33,30,247
62895.0,-87,-15,278
62897.5,18,-52,347
62900.0,57,-1,294
62902.5,3,-35,354
62905.0,4,-11,301
62907.5,19,3,222
62910.0,-48,-57,307
62912.5,-35,-32,314
62915.0,-8,-27,296
62917.5,-22,-17,339
62920.0,-4,-36,331
62922.5,28,-5,364
62925.0,63,-14,249
62927.5,122,15,239
62930.0,122,15,239
62932.5,23,-28,298
62935.0,22,4,296
62937.5,19,-15,329
62940.0,52,9,360
62942.5,38,-15,273
62945.0,-28,-44,330
62947.5,63,-10,267
62950.0,-16,-50,274
62952.5,-12,13,336
62955.0,45,23,351
62957.5,39,-10,348
62960.0,9,-19,319
62962.5,13,-22,249
62965.0,33,-24,333
62967.5,24,42,266
62970.0,29,40,295
62972.5,8,-36,377
62975.0,-22,-6,290
62977.5,-45,-15,323
62980.0,-45,-15,323
62982.5,23,-24,265
62985.0,1,9,278
62987.5,-1,-9,263
62990.0,-6,-21,290
62992.5,44,-16,316
62995.0,21,-28,317
62997.5,4,23,234
63000.0,27,7,344
63002.5,-7,-15,231
63005.0,-69,-30,258
63007.5,-23,-8,307
63010.0,27,11,302
63012.5,-28,-15,329
63015.0,17,-43,322
63017.5,9,-43,273
63020.0,-11,-19,354
63022.5,43,17,237
63025.0,-62,43,265
63027.5,28,2,342
63030.0,28,2,342
63032.5,51,-4,315
63035.0,35,26,343
63037.5,41,2,296
63040.0,-11,10,240
63042.5,24,-14,306
63045.0,34,37,278
63047.5,21,-16,289
63050.0,33,16,383
63052.5,-42,1,273
63055.0,-21,-8,385
63057.5,37,8,230
63060.0,138,-20,284
63062.5,84,30,284
63065.0,-15,-23,306
63067.5,-29,-37,299
63070.0,48,-19,367
63072.5,-1,-2,271
63075.0,-35,-54,336
63077.5,44,24,233
63080.0,44,24,233
63082.5,-14,-35,269
63085.0,-17,-31,341
63087.5,57,1,300
63090.0,66,13,340
63092.5,64,-1,329
63095.0,72,-12,270
63097.5,-2,-31,323
63100.0,-25,26,261
63102.5,-14,10,290
63105.0,-11,-40,356
63107.5,99,-14,283
63110.0,-14,-15,320
63112.5,-25,-35,279
63115.0,21,31,259
63117.5,29,10,254
63120.0,68,6,256
63122.5,-38,-34,233
63125.0,70,33,345
63127.5,-55,-48,306
63130.0,-55,-48,306
63132.5,-67,-22,361
63135.0,-5,-52,248
63137.5,-12,28,227
63140.0,-47,-36,327
63142.5,37,-2,302
63145.0,19,-2,321
63147.5,29,-72,365
63150.0,-53,-99,265
63152.5,22,12,351
63155.0,-9,-6,230
63157.5,-27,-43,274
63160.0,54,-11,366
63162.5,53,6,321
63165.0,-53,-31,343
63167.5,6,6,291
63170.0,17,-34,281
63172.5,-10,15,289
63175.0,12,9,272
63177.5,34,10,309
63180.0,34,10,309
63182.5,-32,-20,325
63185.0,61,1,345
63187.5,18,32,353
63190.0,39,22,231
63192.5,7,32,288
63195.0,39,13,302
63197.5,23,8,269
63200.0,5,-10,331
63202.5,-68,-40,308
63205.0,40,-27,299
63207.5,5,-18,335
63210.0,10,-16,248
63212.5,-61,-69,295
63215.0,-66,-33,330
63217.5,6,4,315
63220.0,14,1,355
63222.5,-14,-60,309
63225.0,15,42,219
63227.5,15,42,219
63230.0,37,14,299
63232.5,20,-11,265
63235.0,-18,-12,312
63237.5,19,13,376
63240.0,56,-8,323
63242.5,-21,-35,337
63245.0,31,5,327
63247.5,74,-23,296
63250.0,-11,-5,271
63252.5,18,-19,306
63255.0,-1,-26,349
63257.5,13,-41,359
63260.0,-69,-75,305
63262.5,-13,-16,369
63265.0,94,5,290
63267.5,-48,-11,277
63270.0,-2,-24,342
63272.5,19,-15,331
63275.0,75,3,356
63277.5,75,3,356
63280.0,9,-32,312
63282.5,37,-2,254
63285.0,26,37,307
63287.5,-37,-8,286
63290.0,-42,-4,270
63292.5,13,-52,338
63295.0,32,-7,325
63297.5,-46,-40,348
63300.0,97,57,315
63302.5,39,11,264
63305.0,6,-14,324
63307.5,20,20,274
63310.0,-17,6,277
63312.5,13,-42,385
63315.0,3,-4,284
63317.5,22,-21,387
63320.0,52,26,222
63322.5,-60,-7,259
63325.0,49,23,291
63327.5,49,23,291
63330.0,-1,-26,309
63332.5,43,18,310
63335.0,23,33,320
63337.5,-4,-42,252
63340.0,-53,-12,335
63342.5,49,19,239
63345.0,-45,-20,273
63347.5,9,9,343
63350.0,77,11,303
63352.5,-11,-17,353
63355.0,24,18,308
63357.5,-9,-17,257
63360.0,16,-3,328
63362.5,57,27,272
63365.0,-34,-27,318
63367.5,-52,-49,376
63370.0,-30,9,353
63372.5,15,-17,387
63375.0,12,35,210
63377.5,12,35,210
63380.0,1,13,248
63382.5,35,1,268
63385.0,27,12,322
63387.5,-44,-44,324
63390.0,-25,-16,308
63392.5,37,1,259
63395.0,6,-16,329
63397.5,49,-9,247
63400.0,7,-2,277
63402.5,-46,-32,341
63405.0,-3,0,295
63407.5,24,0,317
63410.0,62,26,305
63412.5,47,2,239
63415.0,-23,-15,318
63417.5,-10,-6,255
63420.0,7,15,293
63422.5,-19,-21,347
63425.0,72,8,303
63427.5,72,8,303
63430.0,81,-7,392
63432.5,-22,-43,283
63435.0,-14,-9,317
63437.5,19,-28,290
63440.0,39,58,278
63442.5,22,23,313
63445.0,-4,-21,334
63447.5,6,-66,288
63450.0,84,49,343
63452.5,-58,-45,271
63455.0,-11,8,286
63457.5,-17,-29,348
63460.0,43,10,294
63462.5,-14,-34,315
63465.0,45,-39,314
63467.5,-9,-54,302
63470.0,-48,-27,368
63472.5,103,8,238
63475.0,103,8,238
63477.5,-77,-13,307
63480.0,-32,5,358
63482.5,41,0,274
63485.0,15,-47,380
63487.5,-13,-36,283
63490.0,132,29,313
63492.5,20,18,291
63495.0,-8,-39,280
63497.5,28,7,265
63500.0,18,-21,383
63502.5,5,-14,317
63505.0,-5,-16,362
63507.5,38,-10,217
63510.0,21,1,273
63512.5,-52,-29,314
63515.0,16,40,306
63517.5,-40,-9,351
63520.0,-31,-32,334
63522.5,17,43,256
63525.0,17,43,256
63527.5,-169,-60,340
63530.0,43,23,268
63532.5,12,-9,248
63535.0,-59,-34,368
63537.5,54,22,302
63540.0,74,-21,316
63542.5,103,23,265
63545.0,4,-35,285
63547.5,-40,-31,304
63550.0,29,15,297
63552.5,-2,59,280
63555.0,-25,-42,356
63557.5,-24,23,301
63560.0,18,-20,342
63562.5,6,3,252
63565.0,72,28,253
63567.5,33,-22,324
63570.0,-8,25,277
63572.5,-48,-57,330
63575.0,-48,-57,330
63577.5,15,31,324
63580.0,-63,35,262
63582.5,-36,-13,315
63585.0,20,-3,247
63587.5,26,14,283
63590.0,5,13,332
63592.5,31,-41,330
63595.0,13,-34,348
63597.5,-17,-48,318
63600.0,36,-7,261
63602.5,49,-3,332
63605.0,52,39,294
63607.5,35,-45,313
63610.0,-4,27,364
63612.5,59,2,301
63615.0,36,-39,370
63617.5,-13,-19,247
63620.0,40,-3,242
63622.5,-15,-7,308
63625.0,-15,-7,308
63627.5,-31,-34,284
63630.0,11,-19,310
63632.5,80,28,371
63635.0,2,-38,243
63637.5,-64,-27,302
63640.0,-22,15,220
63642.5,4,-12,317
63645.0,11,-8,341
63647.5,8,7,300
63650.0,35,49,359
63652.5,-1,-24,372
63655.0,81,58,268
63657.5,38,2,326
63660.0,12,-25,273
63662.5,-13,13,275
63665.0,56,-14,361
63667.5,90,-20,338
63670.0,4,-38,356
63672.5,31,-15,293
63675.0,31,-15,293
63677.5,117,12,272
63680.0,-22,-20,295
63682.5,0,-7,282
63685.0,18,-34,327
63687.5,111,3,372
63690.0,-38,-35,298
63692.5,-21,-20,359
63695.0,20,-19,238
63697.5,74,-21,321
63700.0,20,-19,335
63702.5,34,8,305
63705.0,-10,25,266
63707.5,29,25,308
63710.0,-6,-48,247
63712.5,61,3,322
63715.0,27,-2,291
63717.5,33,27,303
63720.0,28,-49,370
63722.5,10,-13,310
63725.0,10,-13,310
63727.5,68,-23,354
63730.0,24,-11,284
63732.5,39,-3,277
63735.0,-50,-3,301
63737.5,27,-8,297
63740.0,20,-2,315
63742.5,-8,-49,353
63745.0,13,-13,264
63747.5,-42,-42,369
63750.0,23,7,228
63752.5,9,-15,316
63755.0,30,11,296
63757.5,-8,-4,320
63760.0,43,3,316
63762.5,75,49,307
63765.0,67,10,227
63767.5,11,14,274
63770.0,-31,-39,277
63772.5,11,-15,298
63775.0,11,-15,298
63777.5,7,-14,309
63780.0,-11,4,258
63782.5,-61,-54,356
63785.0,-19,-60,317
63787.5,119,-22,262
63790.0,24,-47,314
63792.5,14,9,282
63795.0,22,-14,303
63797.5,4,21,348
63800.0,50,-21,314
63802.5,-62,-21,342
63805.0,38,-35,241
63807.5,65,30,284
63810.0,3,19,287
63812.5,10,-14,302
63815.0,33,-16,327
63817.5,-3,-6,350
63820.0,12,20,294
63822.5,12,20,294
63825.0,11,19,328
63827.5,51,-3,275
63830.0,-25,19,243
63832.5,20,20,313
63835.0,46,40,327
63837.5,-22,-8,338
63840.0,6,-8,325
63842.5,-2,49,226
63845.0,-61,-14,291
63847.5,11,2,276
63850.0,26,2,272
63852.5,-18,-56,387
63855.0,20,9,271
63857.5,-48,-31,325
63860.0,49,9,259
63862.5,-33,-19,279
63865.0,30,29,270
63867.5,45,22,282
63870.0,-13,-5,323
63872.5,-13,-5,323
63875.0,-37,-8,327
63877.5,-41,-30,301
63880.0,15,-43,360
63882.5,-13,14,275
63885.0,-18,-6,228
63887.5,46,15,312
63890.0,13,-21,290
63892.5,21,-1,303
63895.0,31,-16,306
63897.5,46,5,277
63900.0,44,-6,334
63902.5,1,27,255
63905.0,5,-29,303
63907.5,21,3,346
63910.0,-8,-17,321
63912.5,11,-20,334
63915.0,81,33,263
63917.5,6,-13,260
63920.0,-13,-23,310
63922.5,-13,-23,310
63925.0,16,27,300
63927.5,15,17,314
63930.0,3,-14,280
63932.5,-71,3,299
63935.0,79,-17,362
63937.5,34,-8,257
63940.0,69,-12,344
63942.5,39,-12,324
63945.0,52,12,300
63947.5,-49,-22,327
63950.0,59,-47,383
63952.5,39,-17,288
63955.0,-36,-14,324
63957.5,2,-1,238
63960.0,25,12,299
63962.5,-9,-18,340
63965.0,20,1,283
63967.5,56,4,347
63970.0,58,11,286
63972.5,58,11,286
63975.0,13,-9,260
63977.5,-22,-32,306
63980.0,44,-4,294
63982.5,-41,-25,294
63985.0,-24,-55,354
63987.5,2,-27,342
63990.0,29,-57,354
63992.5,16,-7,251
63995.0,-20,-9,284
63997.5,3,13,321
64000.0,-39,5,299
64002.5,18,24,275
64005.0,19,-4,364
64007.5,-7,-26,265
64010.0,-15,-49,348
64012.5,3,3,227
64015.0,33,40,274
64017.5,15,-48,389
64020.0,-26,10,296
64022.5,-26,10,296
64025.0,-72,-16,321
64027.5,0,-34,305
64030.0,-9,15,242
64032.5,-11,-10,343
64035.0,39,-11,271
64037.5,-13,-19,321
64040.0,27,-2,355
64042.5,57,-8,321
64045.0,-52,-44,358
64047.5,-1,-26,262
64050.0,-52,-19,252
64052.5,32,-6,340
64055.0,45,-15,309
64057.5,-35,-32,325
64060.0,28,-24,360
64062.5,95,-1,316
64065.0,-29,-56,379
64067.5,4,-39,223
64070.0,32,10,283
64072.5,32,10,283
64075.0,1,-11,326
64077.5,55,-21,294
64080.0,33,-3,340
64082.5,27,-10,309
64085.0,-3,-44,242
64087.5,-39,-36,325
64090.0,5,-21,270
64092.5,-19,43,246
64095.0,7,-29,352
64097.5,91,24,317
64100.0,123,2,356
64102.5,14,-2,257
64105.0,17,13,211
64107.5,73,19,288
64110.0,2,-60,286
64112.5,-8,-15,291
64115.0,41,-21,350
64117.5,45,-8,263
64120.0,-18,-33,347
64122.5,-18,-33,347
64125.0,35,1,252
64127.5,35,27,246
64130.0,-1,-6,320
64132.5,58,-10,288
64135.0,7,12,321
64137.5,44,-18,312
64140.0,-10,-60,266
64142.5,-2,7,287
64145.0,59,14,273
64147.5,-28,0,310
64150.0,20,-3,369
64152.5,68,18,302
64155.0,81,-7,334
64157.5,35,3,288
64160.0,-33,-7,211
64162.5,-11,-23,321
64165.0,48,4,297
64167.5,31,4,296
64170.0,50,-12,349
64172.5,50,-12,349
64175.0,114,0,327
64177.5,4,-21,360
64180.0,78,25,249
64182.5,60,24,228
64185.0,-31,-25,289
64187.5,25,-9,284
64190.0,32,11,328
64192.5,64,21,331
64195.0,38,-10,254
64197.5,101,20,341
64200.0,15,12,265
64202.5,-70,-6,290
64205.0,-17,-17,337
64207.5,47,11,310
64210.0,-75,-63,355
64212.5,13,5,321
64215.0,62,-23,258
64217.5,-38,-31,318
64220.0,18,9,282
64222.5,18,9,282
64225.0,-18,8,291
64227.5,16,-26,326
64230.0,58,7,298
64232.5,-3,-19,334
64235.0,-14,-55,240
64237.5,-64,-8,258
64240.0,-16,-3,302
64242.5,-2,-10,317
64245.0,-3,-22,320
64247.5,-15,-50,326
64250.0,20,30,269
64252.5,-37,18,299
64255.0,14,-13,285
64257.5,5,15,275
64260.0,22,28,319
64262.5,20,-16,283
64265.0,-3,-33,329
64267.5,73,34,254
64270.0,73,34,254
64272.5,93,28,247
64275.0,-32,-58,329
64277.5,22,-32,266
64280.0,9,13,301
64282.5,22,-31,374
64285.0,-42,-45,339
64287.5,8,-23,363
64290.0,69,-42,298
64292.5,69,1,271
64295.0,19,-9,294
64297.5,41,-7,299
64300.0,-69,-15,327
64302.5,-19,-19,334
64305.0,58,-14,314
64307.5,-47,-48,352
64310.0,-33,-26,258
64312.5,25,2,282
64315.0,14,14,307
64317.5,-3,13,305
64320.0,-3,13,305
64322.5,1,-36,326
64325.0,32,-42,355
64327.5,16,-43,291
64330.0,12,10,331
64332.5,5,-1,275
64335.0,-16,20,288
64337.5,32,5,382
64340.0,15,13,292
64342.5,-12,-25,351
64345.0,-5,-52,289
64347.5,34,-56,275
64350.0,25,26,269
64352.5,47,-17,260
64355.0,26,10,338
64357.5,9,-48,345
64360.0,22,-57,316
64362.5,-30,-7,329
64365.0,53,-8,266
64367.5,-27,10,281
64370.0,-27,10,281
64372.5,-31,7,316
64375.0,42,-42,317
64377.5,-30,-63,302
64380.0,-19,-32,325
64382.5,72,26,261
64385.0,35,-65,324
64387.5,84,19,255
64390.0,-66,21,278
64392.5,9,-15,367
64395.0,66,25,303
64397.5,51,33,358
64400.0,14,13,272
64402.5,30,-10,293
64405.0,24,7,282
64407.5,45,24,297
64410.0,-12,-20,335
64412.5,19,-67,371
64415.0,44,2,292
64417.5,81,2,351
64420.0,81,2,351
64422.5,14,-5,246
64425.0,40,2,289
64427.5,-7,-5,337
64430.0,49,0,309
64432.5,69,-56,318
64435.0,-16,-13,306
64437.5,-5,-2,261
64440.0,-124,-49,328
64442.5,72,5,259
64445.0,-41,12,313
64447.5,-24,-29,356
64450.0,-1,-12,309
64452.5,51,-35,389
64455.0,19,17,272
64457.5,86,17,290
64460.0,52,15,314
64462.5,20,-7,315
64465.0,32,1,309
64467.5,11,-26,358
64470.0,11,-26,358
64472.5,-30,77,283
64475.0,-20,10,377
64477.5,30,-3,234
64480.0,57,11,255
64482.5,20,13,290
64485.0,18,4,327
64487.5,0,-26,333
64490.0,6,-43,347
64492.5,35,26,232
64495.0,7,-52,346
64497.5,83,-12,295
64500.0,30,-28,320
64502.5,-1,-31,342
64505.0,10,8,269
64507.5,51,13,337
64510.0,2,-34,310
64512.5,-21,-58,251
64515.0,84,-26,311
64517.5,68,55,282
64520.0,68,55,282
64522.5,9,-13,292
64525.0,24,25,339
64527.5,-5,-6,318
64530.0,35,-26,330
64532.5,70,24,227
64535.0,23,-5,262
64537.5,17,-9,305
64540.0,45,28,294
64542.5,17,9,323
64545.0,2,-8,344
64547.5,71,-57,336
64550.0,-23,7,356
64552.5,-21,-24,263
64555.0,-16,3,275
64557.5,-21,-18,333
64560.0,-51,-38,304
64562.5,-3,-22,360
64565.0,71,47,286
64567.5,131,-8,288
64570.0,131,-8,288
64572.5,54,7,318
64575.0,1,-10,263
64577.5,-37,28,256
64580.0,-28,42,348
64582.5,12,12,301
64585.0,80,-29,377
64587.5,14,-43,297
64590.0,59,20,244
64592.5,60,43,324
64595.0,-10,-4,281
64597.5,-75,-60,329
64600.0,-21,-38,355
64602.5,78,-42,289
64605.0,-79,-35,317
64607.5,32,12,254
64610.0,34,-10,270
64612.5,7,2,316
64615.0,63,24,273
64617.5,-24,-13,324
64620.0,-24,-13,324
64622.5,57,-29,331
64625.0,69,7,292
64627.5,3,5,327
64630.0,71,15,276
64632.5,-21,-29,335
64635.0,-67,-38,360
64637.5,-58,-37,312
64640.0,-24,-17,331
64642.5,38,-17,287
64645.0,29,-21,256
64647.5,-12,-28,286
64650.0,85,32,257
64652.5,-44,-11,291
64655.0,15,-26,364
64657.5,-22,-18,311
64660.0,11,-6,364
64662.5,64,15,254
64665.0,42,-29,305
64667.5,-31,-30,333
64670.0,-31,-30,333
64672.5,25,-44,348
64675.0,5,1,330
64677.5,-88,-76,317
64680.0,-7,-11,262
64682.5,-7,-3,315
64685.0,5,-13,263
64687.5,21,-11,289
64690.0,1,5,360
64692.5,47,-3,295
64695.0,-26,-23,341
64697.5,27,24,312
64700.0,5,-22,261
64702.5,-1,8,282
64705.0,14,25,273
64707.5,44,-27,344
64710.0,22,23,326
64712.5,4,-55,333
64715.0,37,-8,390
64717.5,-3,-19,243
64720.0,-3,-19,243
64722.5,-2,-19,302
64725.0,-10,-32,324
64727.5,48,29,314
64730.0,8,13,298
64732.5,-7,24,323
64735.0,106,6,280
64737.5,36,18,338
64740.0,-14,-33,275
64742.5,9,-4,279
64745.0,-10,-25,316
64747.5,59,41,323
64750.0,41,33,329
64752.5,26,22,299
64755.0,45,12,232
64757.5,-10,-27,294
64760.0,61,32,281
64762.5,15,-20,290
64765.0,-68,-9,329
64767.5,80,-38,309
64770.0,80,-38,309
64772.5,-5,-10,322
64775.0,-21,-53,286
64777.5,26,21,276
64780.0,-5,-30,285
64782.5,13,-25,314
64785.0,-13,-16,324
64787.5,37,8,322
64790.0,-20,-23,263
64792.5,-29,-43,328
64795.0,-14,-17,234
64797.5,91,-2,336
64800.0,11,-3,325
64802.5,46,12,345
64805.0,11,-29,345
64807.5,64,30,284
64810.0,42,-27,215
64812.5,-31,-41,318
64815.0,13,10,260
64817.5,13,10,260
64820.0,44,11,288
64822.5,21,-29,352
64825.0,24,33,238
64827.5,-32,11,329
64830.0,-26,-59,287
64832.5,43,-8,282
64835.0,58,22,301
64837.5,-45,-37,278
64840.0,6,-20,282
64842.5,20,-12,368
64845.0,41,-13,316
64847.5,-22,-42,367
64850.0,53,-26,253
64852.5,37,43,250
64855.0,-17,-26,333
64857.5,-37,-21,273
64860.0,60,-6,320
64862.5,-8,-99,326
64865.0,63,34,231
64867.5,63,34,231
64870.0,-33,-52,327
64872.5,125,-5,274
64875.0,-41,-56,323
64877.5,55,-13,398
64880.0,54,-8,330
64882.5,-56,-7,363
64885.0,-3,-21,277
64887.5,96,22,275
64890.0,-3,-46,336
64892.5,34,-32,301
64895.0,70,63,281
64897.5,29,-27,361
64900.0,-64,-35,311
64902.5,-57,-37,342
64905.0,43,36,236
64907.5,48,-33,272
64910.0,-58,-5,307
64912.5,13,-7,270
64915.0,33,16,320
64917.5,33,16,320
64920.0,86,39,283
64922.5,20,-17,274
64925.0,-35,-59,320
64927.5,33,-20,274
64930.0,65,39,305
64932.5,-8,-42,343
64935.0,62,15,312
64937.5,-30,-16,353
64940.0,26,-45,296
64942.5,11,-64,249
64945.0,17,37,301
64947.5,45,55,314
64950.0,23,-23,295
64952.5,-76,-84,323
64955.0,62,3,292
64957.5,-17,-35,346
64960.0,-20,-12,239
64962.5,43,40,265
64965.0,-28,-21,313
64967.5,-28,-21,313
64970.0,38,59,310
64972.5,4,-19,337
64975.0,-30,-22,354
64977.5,29,-2,306
64980.0,40,11,370
64982.5,-14,-12,239
64985.0,-11,-22,292
64987.5,-46,2,324
64990.0,-13,5,291
64992.5,-7,6,334
64995.0,-3,-48,308
64997.5,29,-37,251
65000.0,24,49,263
65002.5,-2,-6,305
65005.0,-44,-23,303
65007.5,13,-24,361
65010.0,11,-1,290
65012.5,-38,-2,324
65015.0,-5,-10,234
65017.5,-5,-10,234
65020.0,-18,3,266
65022.5,-21,-19,324
65025.0,47,-12,296
65027.5,20,4,302
65030.0,41,38,311
65032.5,52,12,242
65035.0,-45,21,293
65037.5,71,2,260
65040.0,54,-44,278
65042.5,-6,6,288
65045.0,15,7,288
65047.5,21,46,274
65050.0,-29,-33,301
65052.5,11,-29,250
65055.0,-63,17,289
65057.5,2,36,275
65060.0,41,-5,293
65062.5,-14,-4,323
65065.0,31,-3,311
65067.5,31,-3,311
65070.0,81,-11,369
65072.5,20,6,254
65075.0,14,-28,245
65077.5,21,17,313
65080.0,-18,-26,290
65082.5,16,-9,306
65085.0,-28,11,318
65087.5,21,-17,275
65090.0,2,-20,371
65092.5,30,-14,259
65095.0,-51,-17,239
65097.5,38,-1,334
65100.0,25,-33,317
65102.5,2,5,299
65105.0,-37,-45,331
65107.5,44,-3,315
65110.0,-12,-15,349
65112.5,-19,-112,298
65115.0,-72,20,284
65117.5,-72,20,284
65120.0,23,4,358
65122.5,39,-19,331
65125.0,-68,-32,339
65127.5,39,-23,288
65130.0,37,-9,239
65132.5,-17,-19,316
65135.0,23,16,280
65137.5,11,-4,315
65140.0,72,30,300
65142.5,11,0,312
65145.0,-6,14,321
65147.5,3,-25,259
65150.0,-90,70,296
65152.5,4,-4,304
65155.0,16,-11,295
65157.5,-65,4,314
65160.0,-39,-11,332
65162.5,20,-10,276
65165.0,20,-10,276
65167.5,-48,-20,372
65170.0,14,-14,292
65172.5,46,-74,316
65175.0,63,10,302
65177.5,33,32,273
65180.0,1,-73,329
65182.5,48,-32,305
65185.0,12,-26,259
65187.5,-83,-38,293
65190.0,23,18,280
65192.5,-15,1,295
65195.0,19,-24,382
65197.5,18,-32,321
65200.0,-24,-15,356
65202.5,-9,-12,281
65205.0,96,4,264
65207.5,7,11,286
65210.0,55,3,305
65212.5,-23,29,312
65215.0,-23,29,312
65217.5,-19,-62,358
65220.0,28,-2,302
65222.5,8,-26,321
65225.0,-16,-7,265
65227.5,16,-16,263
65230.0,-4,24,327
65232.5,63,9,322
65235.0,33,-34,330
65237.5,34,-27,322
65240.0,72,24,266
65242.5,-120,-60,368
65245.0,9,57,256
65247.5,-19,-40,295
65250.0,-54,20,355
65252.5,-12,-17,305
65255.0,42,24,349
65257.5,14,-19,310
65260.0,24,16,261
65262.5,-5,-12,300
65265.0,-5,-12,300
65267.5,54,45,277
65270.0,24,-8,326
65272.5,15,-64,373
65275.0,57,19,337
65277.5,18,10,363
65280.0,57,2,247
65282.5,2,12,256
65285.0,-13,-2,299
65287.5,25,-16,306
65290.0,-43,-101,320
65292.5,11,-7,313
65295.0,-19,-4,256
65297.5,-44,-51,379
65300.0,57,29,250
65302.5,72,3,290
65305.0,20,3,352
65307.5,25,-13,314
65310.0,14,-28,339
65312.5,27,-37,302
65315.0,27,-37,302
65317.5,69,-63,270
65320.0,13,9,308
65322.5,-73,-34,273
65325.0,-45,-18,235
65327.5,-39,-8,330
65330.0,26,-8,327
65332.5,31,-8,367
65335.0,27,-22,292
65337.5,-21,-2,287
65340.0,19,1,313
65342.5,-16,-13,289
65345.0,43,-14,277
65347.5,74,2,356
65350.0,-12,-29,287
65352.5,-13,2,358
65355.0,-1,-37,219
65357.5,46,17,312
65360.0,-18,-19,308
65362.5,6,0,297
65365.0,6,0,297
65367.5,35,20,320
65370.0,32,16,291
65372.5,23,-23,298
65375.0,16,5,321
65377.5,35,4,253
65380.0,-62,11,265
65382.5,37,33,400
65385.0,26,-1,264
65387.5,-6,16,331
65390.0,14,-32,272
65392.5,-41,-22,190
65395.0,-60,32,284
65397.5,9,6,303
65400.0,27,16,302
65402.5,50,-10,344
65405.0,32,-19,289
65407.5,19,-20,342
65410.0,7,0,279
65412.5,-54,7,286
65415.0,-54,7,286
65417.5,-10,16,320
65420.0,14,4,329
65422.5,47,21,350
65425.0,10,-25,332
65427.5,5,-28,258
65430.0,23,-21,315
65432.5,-3,36,265
65435.0,-84,-36,296
65437.5,-76,48,313
65440.0,23,7,304
65442.5,51,-6,361
65445.0,9,-48,309
65447.5,56,1,246
65450.0,-8,-4,320
65452.5,1,-27,294
65455.0,-46,-19,303
65457.5,41,-43,358
65460.0,-42,-28,314
65462.5,-28,-37,331
65465.0,-28,-37,331
65467.5,42,20,219
65470.0,2,8,287
65472.5,-10,-6,314
65475.0,53,6,300
65477.5,-62,-28,311
65480.0,69,-40,363
65482.5,22,-56,260
65485.0,38,12,341
65487.5,17,31,262
65490.0,-13,-15,282
65492.5,30,2,362
65495.0,48,-39,320
65497.5,-16,-45,339
65500.0,3,8,330
65502.5,65,16,279
65505.0,-105,-63,310
65507.5,-15,-46,278
65510.0,-7,-15,262
65512.5,-101,14,367
65515.0,-101,14,367
65517.5,-11,-20,305
65520.0,22,-25,360
65522.5,-29,-41,270
65525.0,-29,9,286
65527.5,-11,-17,284
65530.0,37,-7,299
65532.5,6,-23,346
65535.0,-67,-27,335
65537.5,-63,-1,259
65540.0,3,-16,329
65542.5,9,-15,265
65545.0,-10,-10,263
65547.5,-3,0,331
65550.0,98,45,332
65552.5,-30,-1,363
65555.0,44,3,317
65557.5,108,5,263
65560.0,-80,-40,353
65562.5,-80,-40,353
65565.0,-37,-19,284
65567.5,-19,9,299
65570.0,34,35,368
65572.5,-28,-45,337
65575.0,0,-19,358
65577.5,43,19,282
65580.0,27,-19,250
65582.5,65,3,288
65585.0,14,23,262
65587.5,25,20,314
65590.0,20,-19,345
65592.5,112,1,301
65595.0,3,-28,356
65597.5,63,31,269
65600.0,1,-5,296
65602.5,-4,-1,339
65605.0,35,16,304
65607.5,-29,-8,340
65610.0,-46,-65,341
65612.5,-46,-65,341
65615.0,-24,1,275
65617.5,-138,-30,340
65620.0,-1,-6,292
65622.5,-1,-10,306
65625.0,3,-46,357
65627.5,14,-19,319
65630.0,-49,-20,332
65632.5,1,-22,257
65635.0,30,-7,242
65637.5,12,-31,322
65640.0,2,12,302
65642.5,30,-6,307
65645.0,-11,6,337
65647.5,10,-4,308
65650.0,-88,-57,339
65652.5,-29,19,221
65655.0,122,17,266
65657.5,-8,-23,312
65660.0,-43,-20,265
65662.5,-43,-20,265
65665.0,59,-36,308
65667.5,-23,-5,350
65670.0,12,19,287
65672.5,-65,-66,356
65675.0,-55,-26,223
65677.5,4,-2,256
65680.0,-41,0,297
65682.5,14,-22,290
65685.0,-17,-39,341
65687.5,-16,-5,289
65690.0,-30,-8,233
65692.5,-55,-33,299
65695.0,25,-22,264
65697.5,-36,-30,297
65700.0,30,-4,389
65702.5,51,-26,298
65705.0,-57,-29,331
65707.5,2,-29,249
65710.0,-53,-47,195
65712.5,-53,-47,195
65715.0,24,25,297
65717.5,44,-29,298
65720.0,4,-11,296
65722.5,23,-45,361
65725.0,-64,-83,242
65727.5,22,-3,340
65730.0,76,-3,244
65732.5,-63,11,258
65735.0,22,4,309
65737.5,35,-75,347
65740.0,51,-20,365
65742.5,46,4,317
65745.0,-1,-37,252
65747.5,86,7,320
65750.0,24,20,280
65752.5,-2,-15,294
65755.0,53,10,372
65757.5,37,-69,322
65760.0,28,-24,354
65762.5,28,-24,354
65765.0,28,17,301
65767.5,82,29,258
65770.0,-1,-30,272
65772.5,52,8,283
65775.0,21,-7,292
65777.5,-27,-11,352
65780.0,9,-7,287
65782.5,-42,-53,357
65785.0,81,38,229
65787.5,16,4,289
65790.0,-17,0,315
65792.5,15,6,294
65795.0,-10,-22,326
65797.5,-3,11,337
65800.0,60,-20,293
65802.5,-8,21,313
65805.0,35,10,283
65807.5,-45,-6,288
65810.0,-58,-54,355
65812.5,-58,-54,355
65815.0,58,42,324
65817.5,10,-2,377
65820.0,10,-13,285
65822.5,38,-32,260
65825.0,-22,-23,298
65827.5,29,19,296
65830.0,-1,-72,329
65832.5,-44,-26,332
65835.0,56,22,273
65837.5,-39,-33,363
65840.0,14,-3,223
65842.5,-8,45,250
65845.0,27,-17,302
65847.5,39,0,303
65850.0,-22,-20,318
65852.5,26,15,318
65855.0,81,-19,304
65857.5,-29,-6,328
65860.0,-11,4,252
65862.5,-11,4,252
65865.0,-9,2,279
65867.5,33,-55,387
65870.0,69,21,311
65872.5,46,27,324
65875.0,78,54,297
65877.5,77,-38,286
65880.0,74,-3,323
65882.5,-12,-46,250
65885.0,33,30,281
65887.5,-17,13,342
65890.0,44,-7,305
65892.5,23,10,330
65895.0,39,17,267
65897.5,-4,-10,284
65900.0,27,-15,295
65902.5,7,2,280
65905.0,19,9,308
65907.5,45,-19,320
65910.0,21,-4,273
65912.5,21,-4,273
65915.0,0,-1,324
65917.5,78,8,266
65920.0,-1,-16,268
65922.5,40,-2,270
65925.0,64,-8,293
65927.5,9,-12,295
65930.0,-23,-13,344
65932.5,-49,-91,280
65935.0,2,-6,343
65937.5,67,20,238
65940.0,3,-3,284
65942.5,11,-1,329
65945.0,0,-28,323
65947.5,-18,-6,350
65950.0,32,-20,269
65952.5,-27,-10,210
65955.0,-46,-49,304
65957.5,5,10,246
65960.0,5,10,246
65962.5,-24,-32,301
65965.0,18,-47,372
65967.5,-11,-33,335
65970.0,0,-18,333
65972.5,48,-8,241
65975.0,18,-18,291
65977.5,0,12,306
65980.0,54,38,305
65982.5,-13,-32,288
65985.0,15,-21,327
65987.5,10,-9,254
65990.0,-61,8,325
65992.5,15,-14,253
65995.0,-23,29,271
65997.5,7,-2,333
66000.0,10,-17,280
66002.5,-50,3,325
66005.0,56,22,294
66007.5,-2,9,286
66010.0,-2,9,286
66012.5,3,-26,324
66015.0,38,-6,249
66017.5,-10,4,309
66020.0,-75,-46,353
66022.5,49,1,293
66025.0,-17,-28,374
66027.5,35,20,252
66030.0,68,-44,272
66032.5,19,-2,285
66035.0,13,-19,353
66037.5,8,-14,307
66040.0,93,-13,360
66042.5,-37,-22,271
66045.0,-70,-51,303
66047.5,37,-9,261
66050.0,67,-22,296
66052.5,5,-14,291
66055.0,1,-5,301
66057.5,89,4,329
66060.0,89,4,329
66062.5,22,2,290
66065.0,-32,-26,275
66067.5,-29,-43,316
66070.0,59,5,268
66072.5,-35,-46,276
66075.0,25,-39,371
66077.5,37,4,310
66080.0,-8,-25,332
66082.5,18,25,245
66085.0,-2,53,291
66087.5,54,31,276
66090.0,10,-21,289
66092.5,17,-7,304
66095.0,-60,-24,289
66097.5,-30,-13,314
66100.0,-64,-36,386
66102.5,69,-31,229
66105.0,43,-9,259
66107.5,-16,-19,313
66110.0,-16,-19,313
66112.5,31,-11,300
66115.0,-40,15,306
66117.5,24,13,317
66120.0,63,6,252
66122.5,-16,-38,305
66125.0,19,20,252
66127.5,-2,5,252
66130.0,-52,-9,301
66132.5,36,36,294
66135.0,-25,19,364
66137.5,28,-8,301
66140.0,81,1,262
66142.5,3,-19,308
66145.0,7,-10,282
66147.5,-32,-20,293
66150.0,-29,-27,356
66152.5,61,4,275
66155.0,-71,-68,366
66157.5,61,20,240
66160.0,61,20,240
66162.5,46,-13,312
66165.0,-12,-30,306
66167.5,-20,31,326
66170.0,-14,-20,341
66172.5,2,-11,338
66175.0,26,20,281
66177.5,-54,-30,303
66180.0,37,-7,260
66182.5,43,-42,276
66185.0,-23,-19,296
66187.5,48,4,307
66190.0,-27,-5,335
66192.5,37,21,330
66195.0,33,-28,266
66197.5,-63,-43,311
66200.0,26,-2,276
66202.5,7,8,297
66205.0,-2,-6,342
66207.5,59,55,306
66210.0,59,55,306
66212.5,6,-60,333
66215.0,-9,-33,246
66217.5,-8,28,304
66220.0,12,4,274
66222.5,28,7,283
66225.0,83,-10,317
66227.5,63,-27,385
66230.0,-7,-58,272
66232.5,45,7,336
66235.0,-15,-9,249
66237.5,60,-55,364
66240.0,41,2,338
66242.5,35,-9,335
66245.0,21,-21,337
66247.5,11,-33,336
66250.0,133,16,279
66252.5,32,37,317
66255.0,-47,-86,232
66257.5,11,-10,298
66260.0,11,-10,298
66262.5,20,0,333
66265.0,37,-12,314
66267.5,-30,-45,335
66270.0,69,11,269
66272.5,32,-20,248
66275.0,-31,-32,290
66277.5,72,21,304
66280.0,12,-5,291
66282.5,15,-41,378
66285.0,41,-37,292
66287.5,13,1,319
66290.0,60,-32,283
66292.5,5,-24,284
66295.0,37,11,302
66297.5,14,29,319
66300.0,33,19,290
66302.5,17,17,342
66305.0,89,16,272
66307.5,8,37,333
66310.0,8,37,333
66312.5,-22,4,244
66315.0,-1,6,306
66317.5,39,24,370
66320.0,11,-31,284
66322.5,89,2,347
66325.0,103,33,282
66327.5,62,1,233
66330.0,-5,-43,311
66332.5,11,6,289
66335.0,18,12,324
66337.5,-29,-7,342
66340.0,-62,-8,309
66342.5,-51,-33,354
66345.0,2,-17,247
66347.5,100,-10,277
66350.0,34,-1,346
66352.5,1,18,291
66355.0,-95,-50,329
66357.5,56,-7,361
66360.0,56,-7,361
66362.5,6,-12,299
66365.0,-19,25,351
66367.5,0,-22,244
66370.0,-43,-52,239
66372.5,4,15,283
66375.0,26,-12,280
66377.5,18,-33,293
66380.0,47,-8,315
66382.5,8,-14,255
66385.0,-17,-72,320
66387.5,15,-26,322
66390.0,-30,0,308
66392.5,5,-28,333
66395.0,-2,-20,318
66397.5,41,39,336
66400.0,37,9,286
66402.5,49,-22,304
66405.0,18,-17,332
66407.5,10,22,287
66410.0,10,22,287
66412.5,-30,-19,332
66415.0,33,2,328
66417.5,-15,-26,285
66420.0,1,29,343
66422.5,-3,-31,243
66425.0,-55,24,216
66427.5,-61,-29,348
66430.0,-14,-16,351
66432.5,32,-14,314
66435.0,37,-16,326
66437.5,-37,-30,227
66440.0,-46,-30,336
66442.5,92,41,284
66445.0,-27,-15,289
66447.5,3,-25,361
66450.0,40,-28,286
66452.5,-22,-13,347
66455.0,34,-23,270
66457.5,75,5,216
66460.0,75,5,216
66462.5,47,-6,297
66465.0,-23,27,290
66467.5,-34,-27,296
66470.0,-49,-28,338
66472.5,78,-54,384
66475.0,-22,-45,371
66477.5,65,9,225
66480.0,42,67,239
66482.5,26,-4,307
66485.0,47,-7,281
66487.5,48,47,315
66490.0,17,-29,332
66492.5,52,-1,303
66495.0,45,-28,364
66497.5,28,-7,266
66500.0,-103,5,296
66502.5,-4,-26,378
66505.0,71,-2,305
66507.5,71,-2,305
66510.0,118,-40,366
66512.5,-8,-15,273
66515.0,-39,-17,238
66517.5,61,39,340
66520.0,-38,17,295
66522.5,-12,-26,290
66525.0,-2,20,340
66527.5,27,2,305
66530.0,-39,-58,351
66532.5,11,9,234
66535.0,17,-14,297
66537.5,-31,-9,306
66540.0,69,8,236
66542.5,-22,-10,320
66545.0,17,9,348
66547.5,29,-52,320
66550.0,-9,-13,342
66552.5,33,31,280
66555.0,37,8,269
66557.5,37,8,269
66560.0,24,23,300
66562.5,58,6,282
66565.0,-4,-19,323
66567.5,43,-22,312
66570.0,24,6,234
66572.5,41,-22,334
66575.0,-4,-10,231
66577.5,-16,-26,279
66580.0,12,-22,381
66582.5,-25,-20,316
66585.0,7,-74,346
66587.5,95,36,258
66590.0,44,21,260
66592.5,-48,-2,249
66595.0,9,-21,313
66597.5,-41,13,281
66600.0,-55,-82,363
66602.5,131,-21,363
66605.0,-51,-36,355
66607.5,-51,-36,355
66610.0,6,-51,273
66612.5,5,3,279
66615.0,4,15,325
66617.5,-20,-31,304
66620.0,-17,-17,309
66622.5,57,12,332
66625.0,10,1,245
66627.5,10,34,322
66630.0,85,20,250
66632.5,12,23,291
66635.0,15,-16,374
66637.5,29,-64,340
66640.0,19,-20,346
66642.5,45,25,270
66645.0,119,17,261
66647.5,-66,-37,287
66650.0,29,31,325
66652.5,-32,-3,320
66655.0,28,15,345
66657.5,28,15,345
66660.0,82,-13,342
66662.5,-2,30,333
66665.0,-1,-5,256
66667.5,-29,50,230
66670.0,-10,15,298
66672.5,131,64,301
66675.0,24,-29,340
66677.5,25,-32,338
66680.0,73,21,299
66682.5,-36,-17,337
66685.0,-8,2,244
66687.5,54,9,308
66690.0,-36,-29,340
66692.5,37,22,342
66695.0,19,-35,353
66697.5,66,19,290
66700.0,-21,0,283
66702.5,7,-2,337
66705.0,30,23,276
66707.5,30,23,276
66710.0,-17,-32,291
66712.5,-9,-15,346
66715.0,1,-12,336
66717.5,-1,11,349
66720.0,19,-14,283
66722.5,42,-24,310
66725.0,11,-6,312
66727.5,7,-2,276
66730.0,4,-16,304
66732.5,32,-22,333
66735.0,96,19,280
66737.5,-44,-26,311
66740.0,19,41,263
66742.5,-21,32,313
66745.0,10,26,337
66747.5,-50,-71,341
66750.0,-64,-64,339
66752.5,31,-9,302
66755.0,-5,30,237
66757.5,-5,30,237
66760.0,-15,-8,323
66762.5,13,-13,287
66765.0,8,8,298
66767.5,-3,-32,362
66770.0,-38,-65,292
66772.5,-13,-19,331
66775.0,-14,-89,321
66777.5,73,-18,294
66780.0,-2,-19,276
66782.5,-4,5,288
66785.0,-16,-19,313
66787.5,8,-3,326
66790.0,76,34,252
66792.5,-37,-43,351
66795.0,70,3,234
66797.5,61,27,289
66800.0,-43,-24,329
66802.5,15,-35,292
66805.0,49,-16,366
66807.5,49,-16,366
66810.0,-9,-26,308
66812.5,-36,2,283
66815.0,-32,-32,341
66817.5,0,15,254
66820.0,9,-1,261
66822.5,-1,-15,343
66825.0,63,26,318
66827.5,-27,-44,337
66830.0,23,-1,293
66832.5,-15,-23,227
66835.0,9,-6,315
66837.5,19,-1,313
66840.0,-21,11,309
66842.5,51,-38,407
66845.0,17,17,330
66847.5,-12,-14,340
66850.0,107,0,269
66852.5,34,-8,305
66855.0,27,-20,285
66857.5,27,-20,285
66860.0,-18,-11,322
66862.5,-70,-3,320
66865.0,-16,0,333
66867.5,21,-7,280
66870.0,-23,17,319
66872.5,-23,-37,308
66875.0,-21,-55,326
66877.5,-49,-14,304
66880.0,10,-27,303
66882.5,-20,-32,311
66885.0,35,-1,301
66887.5,-8,-26,290
66890.0,4,16,307
66892.5,-29,-31,287
66895.0,-56,1,307
66897.5,68,-16,372
66900.0,9,-6,287
66902.5,4,-22,337
66905.0,22,-17,267
66907.5,22,-17,267
66910.0,-34,-44,289
66912.5,13,12,289
66915.0,-31,-2,286
66917.5,9,34,302
66920.0,56,-17,357
66922.5,-87,-37,256
66925.0,0,-10,300
66927.5,88,-4,245
66930.0,47,33,232
66932.5,8,20,289
66935.0,16,-61,317
66937.5,2,-44,361
66940.0,15,-7,339
66942.5,35,13,249
66945.0,46,7,354
66947.5,50,-16,243
66950.0,-4,53,271
66952.5,4,-47,381
66955.0,23,-28,302
66957.5,23,-28,302
66960.0,17,-39,367
66962.5,37,-2,294
66965.0,102,2,259
66967.5,-61,-9,273
66970.0,28,-13,294
66972.5,-30,14,295
66975.0,-11,-24,364
66977.5,-8,-12,235
66980.0,44,2,348
66982.5,59,16,245
66985.0,33,-2,323
66987.5,3,-30,330
66990.0,63,46,294
66992.5,17,20,316
66995.0,-9,-27,309
66997.5,139,53,258
67000.0,-1,-13,356
67002.5,38,42,227
67005.0,43,5,290
67007.5,43,5,290
67010.0,-7,-5,358
67012.5,-79,-18,288
67015.0,-26,-34,324
67017.5,-1,-7,317
67020.0,-39,32,229
67022.5,2,-28,286
67025.0,20,-29,303
67027.5,-4,-49,275
67030.0,-48,-6,361
67032.5,59,28,270
67035.0,26,-44,351
67037.5,14,10,238
67040.0,26,-79,263
67042.5,-59,-32,299
67045.0,55,11,304
67047.5,-106,-51,320
67050.0,-54,-35,351
67052.5,40,22,277
67055.0,48,5,382
67057.5,48,5,382
67060.0,-24,-9,252
67062.5,6,-13,286
67065.0,-28,30,305
67067.5,-35,-51,298
67070.0,-51,-30,342
67072.5,54,-45,354
67075.0,-34,-17,280
67077.5,-51,-29,311
67080.0,13,-4,277
67082.5,-69,-60,288
67085.0,3,-28,403
67087.5,-69,-102,303
67090.0,-58,-12,334
67092.5,18,-6,272
67095.0,-66,-12,179
67097.5,5,32,290
67100.0,12,4,265
67102.5,-13,-12,283
67105.0,-13,-12,283
67107.5,61,-32,380
67110.0,10,-7,308
67112.5,-17,-18,361
67115.0,55,3,242
67117.5,103,18,251
67120.0,-10,-32,315
67122.5,24,15,297
67125.0,74,26,332
67127.5,-76,-30,321
67130.0,-29,30,262
67132.5,-56,14,265
67135.0,-11,6,270
67137.5,28,41,292
67140.0,15,-22,353
67142.5,36,6,315
67145.0,-43,-55,349
67147.5,47,22,279
67150.0,20,18,250
67152.5,12,12,346
67155.0,12,12,346
67157.5,43,34,271
67160.0,-46,2,292
67162.5,1,-24,353
67165.0,30,15,316
67167.5,-51,-16,387
67170.0,26,6,257
67172.5,92,8,286
67175.0,2,-31,301
67177.5,9,-2,280
67180.0,57,5,292
67182.5,9,-12,359
67185.0,60,-20,295
67187.5,-8,6,339
67190.0,-59,-35,259
67192.5,29,1,304
67195.0,-17,7,325
67197.5,15,27,281
67200.0,81,2,389
67202.5,31,3,350
67205.0,31,3,350
67207.5,-5,24,239
67210.0,-44,-51,344
67212.5,31,15,269
67215.0,-8,5,295
67217.5,-53,44,337
67220.0,45,18,313
67222.5,-32,-2,349
67225.0,13,1,207
67227.5,54,18,275
67230.0,-37,-9,290
67232.5,23,-19,245
67235.0,21,14,297
67237.5,20,-37,360
67240.0,27,-19,317
67242.5,12,12,350
67245.0,-5,-13,263
67247.5,-9,-25,295
67250.0,3,-46,312
67252.5,41,-17,304
67255.0,41,-17,304
67257.5,33,-15,335
67260.0,-14,-44,335
67262.5,4,22,231
67265.0,-15,-27,314
67267.5,22,41,259
67270.0,-6,6,325
67272.5,-7,1,367
67275.0,55,-7,317
67277.5,13,-12,349
67280.0,33,-48,272
67282.5,48,-22,292
67285.0,14,7,315
67287.5,-25,-31,315
67290.0,-26,38,301
67292.5,3,-9,332
67295.0,19,18,289
67297.5,21,7,364
67300.0,45,-14,246
67302.5,63,-10,276
67305.0,63,-10,276
67307.5,12,-2,317
67310.0,84,34,310
67312.5,-16,-7,305
67315.0,-7,-2,342
67317.5,92,7,250
67320.0,-21,-43,323
67322.5,87,12,226
67325.0,-45,46,245
67327.5,14,-8,342
67330.0,21,-10,306
67332.5,16,6,349
67335.0,60,20,295
67337.5,-4,-17,239
67340.0,-51,-47,299
67342.5,18,17,296
67345.0,-10,-7,295
67347.5,-135,47,303
67350.0,-2,-7,299
67352.5,-34,-16,330
67355.0,-34,-16,330
67357.5,57,16,240
67360.0,-16,-58,295
67362.5,12,-9,323
67365.0,43,27,299
67367.5,39,9,253
67370.0,-60,-28,320
67372.5,-6,2,274
67375.0,-17,31,373
67377.5,50,-31,213
67380.0,45,-10,307
67382.5,3,15,322
67385.0,-36,-23,284
67387.5,-47,-15,310
67390.0,32,-5,289
67392.5,21,-4,219
67395.0,-10,-31,294
67397.5,25,15,254
67400.0,1,-12,312
67402.5,4,-2,357
67405.0,4,-2,357
67407.5,46,-11,317
67410.0,10,-21,326
67412.5,22,-43,280
67415.0,22,-12,308
67417.5,64,-1,301
67420.0,-6,-37,225
67422.5,5,13,295
67425.0,52,-13,393
67427.5,45,21,309
67430.0,-2,11,341
67432.5,28,-42,223
67435.0,-34,-42,241
67437.5,16,30,331
67440.0,30,7,307
67442.5,-8,0,316
67445.0,-1,-9,288
67447.5,-12,-19,252
67450.0,-78,-68,318
67452.5,65,0,280
67455.0,65,0,280
67457.5,31,21,304
67460.0,-44,-29,346
67462.5,79,2,316
67465.0,33,-4,308
67467.5,-14,-30,271
67470.0,-22,-12,248
67472.5,10,-12,302
67475.0,25,15,318
67477.5,-19,-15,289
67480.0,22,-30,372
67482.5,48,-52,307
67485.0,-27,-7,326
67487.5,10,4,246
67490.0,38,67,245
67492.5,39,8,294
67495.0,4,-33,309
67497.5,-37,-36,333
67500.0,61,1,321
67502.5,67,-12,267
67505.0,67,-12,267
67507.5,-28,-21,299
67510.0,60,5,254
67512.5,29,-49,310
67515.0,6,-61,362
67517.5,56,11,284
67520.0,23,31,347
67522.5,-29,-30,295
67525.0,38,70,242
67527.5,-16,-38,308
67530.0,3,-1,286
67532.5,-29,-14,304
67535.0,4,-33,375
67537.5,-75,-68,330
67540.0,-56,-31,401
67542.5,31,27,239
67545.0,-12,-15,288
67547.5,-47,-42,309
67550.0,28,29,288
67552.5,28,29,288
67555.0,-65,-8,283
67557.5,9,4,326
67560.0,69,35,258
67562.5,-30,-24,311
67565.0,-32,-7,251
67567.5,14,-16,306
67570.0,8,-7,319
67572.5,27,-18,356
67575.0,-1,3,322
67577.5,-3,-15,286
67580.0,77,39,233
67582.5,-74,-44,318
67585.0,9,12,273
67587.5,-29,-1,302
67590.0,34,-8,344
67592.5,30,-15,353
67595.0,24,-2,393
67597.5,51,-2,255
67600.0,26,-5,257
67602.5,26,-5,257
67605.0,-24,-9,291
67607.5,2,-15,357
67610.0,-18,-6,331
67612.5,-45,-33,331
67615.0,-27,27,235
67617.5,29,21,326
67620.0,-3,19,255
67622.5,4,-38,342
67625.0,0,-4,364
67627.5,-15,10,302
67630.0,2,-41,360
67632.5,33,-10,355
67635.0,62,-22,290
67637.5,-3,1,308
67640.0,-5,-9,272
67642.5,-3,-22,300
67645.0,10,6,330
67647.5,-7,4,276
67650.0,-31,-53,372
67652.5,-31,-53,372
67655.0,-3,-54,265
67657.5,-11,-11,293
67660.0,23,4,301
67662.5,-30,-17,272
67665.0,14,37,293
67667.5,-1,-40,354
67670.0,-16,-20,233
67672.5,42,4,324
67675.0,25,41,281
67677.5,-16,-39,277
67680.0,12,10,305
67682.5,-4,17,324
67685.0,59,19,372
67687.5,33,-21,320
67690.0,42,4,215
67692.5,17,-10,321
67695.0,-1,-7,258
67697.5,-24,-55,295
67700.0,15,-1,376
67702.5,15,-1,376
67705.0,45,-3,322
67707.5,-25,-4,338
67710.0,27,-16,273
67712.5,5,-3,257
67715.0,4,-30,285
67717.5,85,6,270
67720.0,28,34,303
67722.5,40,0,341
67725.0,-43,-22,307
67727.5,32,37,341
67730.0,41,-10,308
67732.5,30,-18,292
67735.0,5,-6,298
67737.5,46,35,339
67740.0,-5,-18,338
67742.5,-20,-37,325
67745.0,34,-40,286
67747.5,-75,-23,294
67750.0,18,16,272
67752.5,18,16,272
67755.0,38,-40,313
67757.5,55,-16,359
67760.0,73,-5,310
67762.5,32,-2,350
67765.0,17,5,260
67767.5,27,8,269
67770.0,-27,-21,275
67772.5,9,103,279
67775.0,31,14,304
67777.5,33,-40,337
67780.0,3,0,309
67782.5,16,2,394
67785.0,80,14,259
67787.5,38,-21,302
67790.0,20,2,348
67792.5,52,-23,328
67795.0,-8,5,310
67797.5,-53,-25,326
67800.0,1,6,265
67802.5,1,6,265
67805.0,-14,34,353
67807.5,39,-10,262
67810.0,-39,7,286
67812.5,21,10,315
67815.0,34,2,324
67817.5,-68,-76,343
67820.0,89,37,257
67822.5,32,8,315
67825.0,6,-3,331
67827.5,29,64,280
67830.0,-11,24,288
67832.5,9,-61,372
67835.0,94,32,289
67837.5,21,9,313
67840.0,-17,-40,242
67842.5,35,-35,310
67845.0,82,15,304
67847.5,-8,21,307
67850.0,10,-16,317
67852.5,10,-16,317
67855.0,-1,-6,346
67857.5,39,-2,259
67860.0,-55,1,319
67862.5,-11,-18,262
67865.0,25,-17,298
67867.5,-34,-32,311
67870.0,54,8,305
67872.5,19,-17,331
67875.0,88,62,278
67877.5,56,-3,308
67880.0,-22,-24,296
67882.5,1,-13,292
67885.0,-48,17,295
67887.5,-52,-30,371
67890.0,-45,-15,320
67892.5,-22,-7,346
67895.0,-24,-12,239
67897.5,-18,-11,275
67900.0,48,6,276
67902.5,48,6,276
67905.0,35,-2,308
67907.5,-5,-52,336
67910.0,90,19,332
67912.5,55,9,266
67915.0,-49,-9,344
67917.5,34,-21,239
67920.0,87,-6,294
67922.5,-13,-62,314
67925.0,27,13,336
67927.5,28,18,330
67930.0,29,11,274
67932.5,65,6,239
67935.0,-7,-14,307
67937.5,17,18,270
67940.0,-58,14,286
67942.5,-55,21,348
67945.0,14,-3,323
67947.5,40,10,356
67950.0,7,-15,262
67952.5,7,-15,262
67955.0,103,-19,270
67957.5,19,7,286
67960.0,11,-21,303
67962.5,42,34,269
67965.0,51,4,345
67967.5,37,3,287
67970.0,23,-14,378
67972.5,0,-49,243
67975.0,-60,-12,242
67977.5,-63,-33,324
67980.0,18,4,317
67982.5,-3,21,340
67985.0,32,12,324
67987.5,20,22,258
67990.0,-62,-46,330
67992.5,-3,-46,271
67995.0,45,-5,313
67997.5,-40,-26,359
68000.0,-56,-32,279
68002.5,-56,-32,279
68005.0,-7,-29,332
68007.5,-9,-29,313
68010.0,92,20,263
68012.5,-21,-21,294
68015.0,-29,-8,282
68017.5,-50,-50,312
68020.0,36,-7,377
68022.5,-12,20,267
68025.0,-45,-19,366
68027.5,-34,-82,267
68030.0,-65,-4,252
68032.5,-14,-35,324
68035.0,19,-66,312
68037.5,5,11,320
68040.0,-20,0,316
68042.5,85,0,289
68045.0,22,22,320
68047.5,-13,-18,321
68050.0,-44,-61,327
68052.5,-44,-61,327
68055.0,30,-59,371
68057.5,87,50,293
68060.0,-50,6,345
68062.5,32,1,275
68065.0,-39,-15,217
68067.5,28,-16,329
68070.0,-37,-29,292
68072.5,-45,-45,313
68075.0,13,56,325
68077.5,-68,5,282
68080.0,-93,-38,350
68082.5,21,-10,260
68085.0,-50,25,230
68087.5,-18,-2,289
68090.0,-10,2,347
68092.5,36,31,356
68095.0,28,-46,338
68097.5,44,-15,285
68100.0,44,-15,285
68102.5,-25,-10,328
68105.0,99,29,260
68107.5,-24,18,309
68110.0,-5,-14,353
68112.5,14,5,301
68115.0,-76,-64,345
68117.5,103,40,279
68120.0,-1,-2,247
68122.5,-52,-11,299
68125.0,12,3,292
68127.5,-23,-15,307
68130.0,-39,-27,326
68132.5,0,-2,273
68135.0,-54,-28,342
68137.5,50,1,242
68140.0,42,28,268
68142.5,8,-8,314
68145.0,65,-3,343
68147.5,20,13,336
68150.0,20,13,336
68152.5,-15,8,330
68155.0,91,24,255
68157.5,-71,-9,358
68160.0,35,29,250
68162.5,20,-9,278
68165.0,-16,13,301
68167.5,47,47,309
68170.0,75,-34,367
68172.5,24,2,286
68175.0,123,-7,256
68177.5,14,-17,300
68180.0,35,51,295
68182.5,17,14,294
68185.0,-15,-17,321
68187.5,122,87,228
68190.0,4,-3,330
68192.5,37,30,246
68195.0,-71,56,292
68197.5,-29,-65,326
68200.0,-29,-65,326
68202.5,50,-3,305
68205.0,-39,-13,310
68207.5,-26,-5,328
68210.0,71,27,270
68212.5,-78,18,325
68215.0,-13,-10,235
68217.5,-35,-4,284
68220.0,15,-12,339
68222.5,35,-1,308
68225.0,-52,-11,321
68227.5,22,-35,334
68230.0,7,-34,263
68232.5,-40,-29,275
68235.0,-62,-36,251
68237.5,35,23,297
68240.0,-8,-11,333
68242.5,4,-9,325
68245.0,6,-23,395
68247.5,3,-34,257
68250.0,3,-34,257
68252.5,-8,-25,247
68255.0,56,28,289
68257.5,4,-3,266
68260.0,10,1,314
68262.5,0,7,312
68265.0,-65,26,266
68267.5,42,16,327
68270.0,-44,-25,243
68272.5,48,-12,292
68275.0,19,-2,352
68277.5,26,-1,299
68280.0,-28,3,299
68282.5,-6,-30,278
68285.0,28,1,279
68287.5,-16,1,299
68290.0,-16,-17,245
68292.5,2,-12,290
68295.0,-63,13,331
68297.5,12,-16,308
68300.0,12,-16,308
68302.5,28,-33,379
68305.0,-31,-69,297
68307.5,4,2,331
68310.0,40,1,307
68312.5,-16,18,246
68315.0,26,32,268
68317.5,-11,-21,334
68320.0,8,-8,261
68322.5,-57,22,288
68325.0,28,7,257
68327.5,9,-35,305
68330.0,-31,-22,315
68332.5,45,50,320
68335.0,-19,-43,359
68337.5,-22,-57,315
68340.0,122,40,254
68342.5,5,-3,303
68345.0,15,-5,239
68347.5,35,7,308
68350.0,35,7,308
68352.5,3,-1,318
68355.0,30,20,271
68357.5,26,29,339
68360.0,57,34,248
68362.5,-47,-55,287
68365.0,1,-35,283
68367.5,27,22,283
68370.0,-27,-32,310
68372.5,61,-33,348
68375.0,48,-15,293
68377.5,-39,-42,336
68380.0,-16,-57,248
68382.5,6,-40,275
68385.0,-16,-4,311
68387.5,-82,-115,318
68390.0,22,-18,327
68392.5,45,12,316
68395.0,77,13,271
68397.5,-26,-42,312
68400.0,-26,-42,312
68402.5,44,18,269
68405.0,18,-38,312
68407.5,30,14,348
68410.0,-8,-57,309
68412.5,-90,-50,341
68415.0,-3,-20,246
68417.5,13,-2,288
68420.0,15,22,315
68422.5,-3,-3,288
68425.0,-45,-32,312
68427.5,-5,-4,357
68430.0,7,-8,285
68432.5,-55,-41,363
68435.0,-27,-62,243
68437.5,80,9,280
68440.0,24,19,288
68442.5,10,1,304
68445.0,17,-42,354
68447.5,84,19,307
68450.0,84,19,307
68452.5,63,-22,283
68455.0,-61,-12,305
68457.5,-68,47,255
68460.0,38,12,279
68462.5,-15,3,340
68465.0,80,-43,319
68467.5,28,-42,394
68470.0,-13,-44,276
68472.5,3,-38,345
68475.0,-93,-27,329
68477.5,54,-7,307
68480.0,-47,-32,289
68482.5,-4,-11,340
68485.0,95,24,295
68487.5,-10,-35,344
68490.0,20,20,271
68492.5,60,11,274
68495.0,-21,4,306
68497.5,-33,-13,307
68500.0,-33,-13,307
68502.5,-111,-27,307
68505.0,48,-10,318
68507.5,141,-17,298
68510.0,3,1,347
68512.5,-16,21,265
68515.0,70,22,297
68517.5,-60,-2,371
68520.0,3,-6,304
68522.5,66,-13,349
68525.0,-22,-2,234
68527.5,-16,3,296
68530.0,69,44,292
68532.5,14,4,294
68535.0,-61,-1,311
68537.5,-5,-9,348
68540.0,48,29,251
68542.5,-46,13,300
68545.0,53,42,260
68547.5,53,42,260
68550.0,7,-57,291
68552.5,-2,5,287
68555.0,50,-35,262
68557.5,44,35,256
68560.0,23,-22,284
68562.5,125,-1,260
68565.0,27,-23,313
68567.5,-3,-3,259
68570.0,-8,-1,279
68572.5,-2,-12,361
68575.0,40,25,224
68577.5,-5,5,331
68580.0,57,31,233
68582.5,99,17,264
68585.0,-3,-13,285
68587.5,-19,-73,317
68590.0,6,3,308
68592.5,-44,-3,362
68595.0,66,-14,325
68597.5,66,-14,325
68600.0,-15,-25,349
68602.5,36,9,238
68605.0,29,1,268
68607.5,10,-20,337
68610.0,3,0,315
68612.5,115,-5,352
68615.0,56,26,310
68617.5,4,-92,263
68620.0,-6,-10,309
68622.5,77,41,293
68625.0,3,-24,313
68627.5,-73,-6,335
68630.0,-8,-30,348
68632.5,-1,-15,385
68635.0,38,20,241
68637.5,-62,2,276
68640.0,-15,2,300
68642.5,27,-31,303
68645.0,-52,-55,309
68647.5,-52,-55,309
68650.0,-13,-35,345
68652.5,64,-25,307
68655.0,-34,1,328
68657.5,-33,-24,277
68660.0,-8,1,311
68662.5,-32,-26,322
68665.0,-22,-17,303
68667.5,-15,0,316
68670.0,50,20,281
68672.5,13,-17,244
68675.0,21,-27,334
68677.5,7,33,247
68680.0,-17,-11,289
68682.5,-3,16,325
68685.0,95,-29,367
68687.5,2,16,328
68690.0,79,38,242
68692.5,3,50,293
68695.0,-4,-35,324
68697.5,-4,-35,324
68700.0,12,14,313
68702.5,26,-64,353
68705.0,-45,-29,345
68707.5,4,13,288
68710.0,-60,-50,311
68712.5,63,63,248
68715.0,-11,18,287
68717.5,17,8,334
68720.0,28,6,296
68722.5,-55,-9,332
68725.0,-15,-22,301
68727.5,24,-16,270
68730.0,18,-9,321
68732.5,89,53,220
68735.0,70,24,285
68737.5,58,-3,332
68740.0,80,-14,302
68742.5,-29,-48,354
68745.0,54,28,230
68747.5,54,28,230
68750.0,20,-38,271
68752.5,32,9,319
68755.0,33,10,274
68757.5,41,59,301
68760.0,60,29,357
68762.5,-28,-33,230
68765.0,-64,-83,314
68767.5,61,17,257
68770.0,5,-7,322
68772.5,-25,10,334
68775.0,37,10,300
68777.5,22,36,331
68780.0,76,28,325
68782.5,17,-7,269
68785.0,14,10,307
68787.5,11,3,307
68790.0,-27,-27,324
68792.5,21,-50,353
68795.0,88,-15,337
68797.5,88,-15,337
68800.0,-28,1,366
68802.5,38,14,222
68805.0,110,22,242
68807.5,136,2,323
68810.0,38,-1,316
68812.5,19,-1,303
68815.0,-7,-29,302
68817.5,49,-29,323
68820.0,21,-58,359
68822.5,111,51,244
68825.0,4,8,279
68827.5,-8,-41,341
68830.0,12,59,329
68832.5,-34,-14,319
68835.0,-93,-1,289
68837.5,-35,-8,293
68840.0,30,2,315
68842.5,18,38,279
68845.0,-5,-17,295
68847.5,-5,-17,295
68850.0,-19,16,314
68852.5,-7,16,303
68855.0,-30,-41,336
68857.5,19,4,238
68860.0,51,10,304
68862.5,-9,11,299
68865.0,24,7,282
68867.5,39,14,331
68870.0,-63,0,358
68872.5,-49,-26,273
68875.0,-75,-21,348
68877.5,121,55,231
68880.0,36,-3,275
68882.5,-15,6,328
68885.0,82,7,281
68887.5,6,35,305
68890.0,54,23,280
68892.5,39,-46,304
68895.0,67,48,319
68897.5,67,48,319
68900.0,17,3,293
68902.5,-18,-4,302
68905.0,50,-12,400
68907.5,-22,14,341
68910.0,-61,-64,370
68912.5,3,-16,245
68915.0,20,4,247
68917.5,20,-5,307
68920.0,23,4,344
68922.5,-17,-37,314
68925.0,26,5,299
68927.5,5,-25,274
68930.0,61,17,331
68932.5,65,10,248
68935.0,-25,1,281
68937.5,-17,-32,343
68940.0,49,10,305
68942.5,-31,23,326
68945.0,56,14,275
68947.5,56,14,275
68950.0,80,4,254
68952.5,54,16,310
68955.0,2,16,316
68957.5,-1,-2,326
68960.0,55,25,325
68962.5,-19,44,321
68965.0,-63,-32,351
68967.5,22,25,218
68970.0,38,50,273
68972.5,-17,0,294
68975.0,4,3,293
68977.5,35,37,364
68980.0,-17,-31,358
68982.5,17,-21,270
68985.0,-47,7,359
68987.5,68,-12,243
68990.0,-39,-25,283
68992.5,-51,-21,299
68995.0,-51,-21,299
68997.5,-15,21,303
69000.0,27,22,368
69002.5,-20,-45,319
69005.0,73,-1,252
69007.5,-25,-27,307
69010.0,19,11,318
69012.5,-31,16,289
69015.0,41,-14,363
69017.5,22,14,315
69020.0,36,29,365
69022.5,28,-41,251
69025.0,-38,-1,259
69027.5,27,-3,349
69030.0,-29,-53,340
69032.5,-25,-18,342
69035.0,-29,-45,345
69037.5,-46,-42,279
69040.0,-17,-5,352
69042.5,48,9,221
69045.0,48,9,221
69047.5,-27,-31,313
69050.0,-8,-52,340
69052.5,-22,-51,297
69055.0,39,-15,356
69057.5,81,-5,268
69060.0,45,-6,264
69062.5,-9,-15,304
69065.0,-7,-21,320
69067.5,0,-48,279
69070.0,48,13,351
69072.5,6,-29,316
69075.0,-16,-9,349
69077.5,80,8,255
69080.0,76,-5,302
69082.5,-16,-21,309
69085.0,73,-2,278
69087.5,31,-22,359
69090.0,20,-2,314
69092.5,37,-18,270
69095.0,37,-18,270
69097.5,-34,-21,288
69100.0,112,-1,284
69102.5,-21,-22,304
69105.0,3,-13,359
69107.5,-19,-1,323
69110.0,-33,-6,324
69112.5,13,-40,278
69115.0,2,7,293
69117.5,18,-23,304
69120.0,-4,-1,306
69122.5,13,-11,306
69125.0,49,19,342
69127.5,57,1,294
69130.0,27,-31,342
69132.5,-33,-31,267
69135.0,21,-7,272
69137.5,-26,4,336
69140.0,-1,2,301
69142.5,58,25,322
69145.0,58,25,322
69147.5,7,0,292
69150.0,-53,-67,235
69152.5,-14,1,306
69155.0,16,-18,268
69157.5,-44,-96,324
69160.0,38,6,376
69162.5,13,-19,340
69165.0,51,-29,365
69167.5,72,7,267
69170.0,11,14,263
69172.5,26,-8,246
69175.0,28,-25,329
69177.5,-18,-20,323
69180.0,47,-10,368
69182.5,-24,-28,250
69185.0,50,79,307
69187.5,42,-4,292
69190.0,43,-41,296
69192.5,-31,-38,318
69195.0,-31,-38,318
69197.5,-15,3,289
69200.0,30,-14,344
69202.5,4,-33,312
69205.0,26,-30,248
69207.5,-47,-13,289
69210.0,49,21,283
69212.5,-25,-22,341
69215.0,-37,-5,344
69217.5,75,27,292
69220.0,-34,-10,379
69222.5,28,-2,256
69225.0,72,23,259
69227.5,-6,-7,279
69230.0,48,-6,337
69232.5,-17,11,298
69235.0,-31,2,332
69237.5,46,-17,234
69240.0,-5,-16,335
69242.5,24,-17,244
69245.0,24,-17,244
69247.5,33,3,294
69250.0,-67,-17,321
69252.5,-4,6,318
69255.0,68,-16,366
69257.5,-21,-42,294
69260.0,-59,-52,239
69262.5,66,7,351
69265.0,2,9,268
69267.5,-52,36,236
69270.0,-41,-21,343
69272.5,-10,-6,313
69275.0,-73,-97,350
69277.5,49,22,212
69280.0,-18,-3,310
69282.5,-14,-10,315
69285.0,68,5,306
69287.5,-27,-44,298
69290.0,-23,31,336
69292.5,-39,-23,297
69295.0,-39,-23,297
69297.5,-23,8,342
69300.0,-5,25,233
69302.5,-57,-12,298
69305.0,-3,27,323
69307.5,24,-5,303
69310.0,-3,-4,316
69312.5,21,0,279
69315.0,10,0,222
69317.5,-22,-3,299
69320.0,-12,24,288
69322.5,28,16,307
69325.0,-30,25,298
69327.5,-16,-19,288
69330.0,-75,19,330
69332.5,80,28,218
69335.0,-4,18,264
69337.5,-37,-18,299
69340.0,36,12,301
69342.5,-11,-15,321
69345.0,-11,-15,321
69347.5,82,15,316
69350.0,60,9,280
69352.5,-42,7,342
69355.0,24,8,242
69357.5,-34,6,306
69360.0,45,10,381
69362.5,46,3,319
69365.0,-13,5,327
69367.5,42,18,303
69370.0,-8,-9,213
69372.5,-38,-11,290
69375.0,24,21,279
69377.5,-2,61,277
69380.0,66,-1,335
69382.5,-16,-36,250
69385.0,-23,-56,352
69387.5,48,14,217
69390.0,-36,-8,239
69392.5,15,-4,302
69395.0,15,-4,302
69397.5,37,25,323
69400.0,-36,-2,307
69402.5,22,17,284
69405.0,-2,-45,249
69407.5,23,-1,344
69410.0,21,-26,256
69412.5,-31,-9,289
69415.0,-6,-9,304
69417.5,-10,29,282
69420.0,13,-5,323
69422.5,50,18,349
69425.0,16,-33,239
69427.5,48,10,334
69430.0,6,-19,291
69432.5,84,4,282
69435.0,55,-26,381
69437.5,-12,31,308
69440.0,82,7,348
69442.5,43,-3,246
69445.0,43,-3,246
69447.5,-49,-2,294
69450.0,-29,-13,322
69452.5,67,-4,309
69455.0,14,-22,324
69457.5,3,-14,307
69460.0,7,-35,271
69462.5,-66,15,294
69465.0,32,33,275
69467.5,56,3,287
69470.0,-11,-11,408
69472.5,29,25,297
69475.0,86,2,343
69477.5,3,-38,322
69480.0,-34,-5,229
69482.5,-43,-37,300
69485.0,12,25,277
69487.5,19,-10,328
69490.0,52,-6,317
69492.5,52,-6,317
69495.0,19,14,237
69497.5,35,1,345
69500.0,56,19,246
69502.5,2,-12,249
69505.0,43,37,321
69507.5,-54,4,296
69510.0,-33,-8,323
69512.5,-32,-49,342
69515.0,47,-8,263
69517.5,-3,-12,312
69520.0,-31,-39,265
69522.5,-98,-56,297
69525.0,30,-12,377
69527.5,80,4,316
69530.0,31,-61,390
69532.5,22,-10,263
69535.0,-33,-24,211
69537.5,55,13,261
69540.0,51,16,303
69542.5,51,16,303
69545.0,-27,-23,308
69547.5,20,-31,357
69550.0,62,-46,265
69552.5,-7,14,297
69555.0,58,5,259
69557.5,6,-18,319
69560.0,4,14,354
69562.5,39,-13,338
69565.0,41,-1,340
69567.5,74,-39,291
69570.0,47,7,270
69572.5,43,0,357
69575.0,-2,-4,285
69577.5,14,-54,292
69580.0,22,17,366
69582.5,-7,-47,303
69585.0,35,-9,342
69587.5,16,-21,240
69590.0,13,-17,277
69592.5,13,-17,277
69595.0,8,2,322
69597.5,34,27,290
69600.0,54,-13,236
69602.5,10,20,298
69605.0,-3,-16,260
69607.5,30,28,298
69610.0,34,-24,266
69612.5,-105,16,249
69615.0,-18,22,334
69617.5,15,-7,314
69620.0,13,-43,354
69622.5,31,-31,324
69625.0,-32,-49,244
69627.5,24,-7,322
69630.0,-5,-23,276
69632.5,24,-16,308
69635.0,3,-3,332
69637.5,-8,16,310
69640.0,13,-39,364
69642.5,13,-39,364
69645.0,-31,-59,258
69647.5,36,-12,290
69650.0,11,7,298
69652.5,-10,-25,332
69655.0,-44,-18,341
69657.5,12,-12,356
69660.0,-44,-8,297
69662.5,27,4,369
69665.0,-24,-23,254
69667.5,-94,7,269
69670.0,24,-1,349
69672.5,-17,5,298
69675.0,-4,-10,326
69677.5,-11,-53,321
69680.0,30,-2,232
69682.5,9,13,292
69685.0,33,-43,285
69687.5,54,21,299
69690.0,3,-38,373
69692.5,3,-38,373
69695.0,-70,-29,277
69697.5,29,-1,345
69700.0,-29,-22,255
69702.5,64,-15,276
69705.0,-50,-34,304
69707.5,-47,-14,277
69710.0,-7,-36,362
69712.5,18,-35,346
69715.0,-20,-31,269
69717.5,-19,-40,364
69720.0,-14,-7,250
69722.5,3,-25,286
69725.0,29,30,323
69727.5,-79,-4,312
69730.0,16,-22,326
69732.5,46,-12,300
69735.0,95,23,251
69737.5,-17,-49,320
69740.0,87,4,246
69742.5,87,4,246
69745.0,56,28,283
69747.5,-13,-29,358
69750.0,-58,-30,302
69752.5,19,18,359
69755.0,4,-22,267
69757.5,52,-21,250
69760.0,22,34,275
69762.5,-8,29,302
69765.0,-37,-33,307
69767.5,-45,-44,318
69770.0,20,0,310
69772.5,-11,4,345
69775.0,-1,-9,245
69777.5,78,-25,249
69780.0,35,1,286
69782.5,17,-4,301
69785.0,37,23,314
69787.5,30,-8,306
69790.0,-39,-20,279
69792.5,-39,-20,279
69795.0,-60,-33,313
69797.5,16,8,277
69800.0,-5,-27,332
69802.5,-16,5,370
69805.0,14,9,314
69807.5,31,26,326
69810.0,-13,-6,244
69812.5,-72,-39,313
69815.0,-15,-3,299
69817.5,20,11,287
69820.0,-53,20,310
69822.5,52,-26,390
69825.0,45,11,228
69827.5,16,-33,338
69830.0,9,4,249
69832.5,44,0,292
69835.0,-16,0,362
69837.5,-39,-30,302
69840.0,-7,-6,348
69842.5,-7,-6,348
69845.0,69,-12,344
69847.5,30,-25,267
69850.0,43,-27,332
69852.5,40,0,292
69855.0,9,-5,309
69857.5,-62,-13,335
69860.0,65,-29,313
69862.5,70,16,317
69865.0,58,24,261
69867.5,35,-23,259
69870.0,-9,23,306
69872.5,7,5,296
69875.0,-18,-49,329
69877.5,1,-20,337
69880.0,15,-8,272
69882.5,11,-5,331
69885.0,-62,-67,260
69887.5,-6,18,297
69890.0,-35,-39,340
69892.5,-35,-39,340
69895.0,7,21,319
69897.5,-25,-13,317
69900.0,-3,-6,307
69902.5,-18,-19,234
69905.0,38,-52,299
69907.5,3,12,261
69910.0,-41,22,303
69912.5,-30,31,324
69915.0,-34,-34,313
69917.5,65,25,349
69920.0,24,-5,283
69922.5,-18,-14,195
69925.0,28,21,260
69927.5,-26,-25,328
69930.0,-21,-43,353
69932.5,-19,-48,339
69935.0,39,-14,292
69937.5,-40,-43,319
69940.0,-9,-34,283
69942.5,-9,-34,283
69945.0,0,-4,290
69947.5,-42,-17,338
69950.0,-47,-6,320
69952.5,-17,-40,340
69955.0,45,-8,287
69957.5,127,9,257
69960.0,-28,-35,333
69962.5,20,-16,223
69965.0,-17,-8,309
69967.5,-15,17,325
69970.0,23,-4,305
69972.5,-2,-51,335
69975.0,-14,8,242
69977.5,14,-11,256
69980.0,37,5,321
69982.5,41,-50,322
69985.0,-62,-33,363
69987.5,23,-16,340
69990.0,-47,-24,275
69992.5,-47,-24,275
69995.0,-69,-48,354
69997.5,30,-21,276
70000.0,23,21,296
70002.5,-10,13,308
70005.0,-43,-1,284
70007.5,43,-42,365
70010.0,10,-16,308
70012.5,43,10,247
70015.0,20,2,308
70017.5,17,21,272
70020.0,-63,-38,299
70022.5,-32,-31,349
70025.0,-37,25,289
70027.5,16,11,331
70030.0,-2,-38,251
70032.5,-30,10,248
70035.0,-33,2,295
70037.5,4,-23,346
70040.0,4,-23,346
70042.5,-56,-81,320
70045.0,9,-7,322
70047.5,78,-18,309
70050.0,31,18,310
70052.5,21,-7,257
70055.0,19,14,283
70057.5,-17,23,353
70060.0,6,19,313
70062.5,35,34,345
70065.0,53,24,328
70067.5,-74,-31,289
70070.0,-29,-26,304
70072.5,45,-3,286
70075.0,24,21,322
70077.5,-49,-38,358
70080.0,-3,-13,313
70082.5,-14,-27,356
70085.0,109,22,293
70087.5,45,37,263
70090.0,45,37,263
70092.5,16,8,317
70095.0,39,27,291
70097.5,15,2,320
70100.0,-37,-23,299
70102.5,52,15,328
70105.0,-39,1,312
70107.5,22,42,212
70110.0,28,-15,331
70112.5,-22,-5,367
70115.0,-6,-33,305
70117.5,-26,-70,373
70120.0,27,19,276
70122.5,-14,-15,281
70125.0,-37,-32,326
70127.5,-9,-33,288
70130.0,-11,-13,325
70132.5,-16,3,335
70135.0,36,-2,305
70137.5,-62,10,347
70140.0,-62,10,347
70142.5,80,-5,211
70145.0,146,35,307
70147.5,-3,-31,348
70150.0,50,9,273
70152.5,14,29,337
70155.0,35,-13,348
70157.5,-7,-42,291
70160.0,-95,-70,334
70162.5,-49,-18,230
70165.0,58,-33,289
70167.5,-21,2,390
70170.0,58,-3,295
70172.5,10,34,373
70175.0,-2,-22,314
70177.5,14,-32,304
70180.0,58,21,292
70182.5,21,-7,288
70185.0,-91,-18,324
70187.5,18,-22,353
70190.0,18,-22,353
70192.5,-15,44,245
70195.0,-53,-44,348
70197.5,-8,-18,220
70200.0,49,12,291
70202.5,15,12,309
70205.0,24,4,327
70207.5,46,33,317
70210.0,36,-6,333
70212.5,-49,-16,279
70215.0,-25,-25,339
70217.5,64,25,264
70220.0,-78,-68,288
70222.5,-37,13,305
70225.0,-1,-8,301
70227.5,46,27,332
70230.0,17,4,270
70232.5,-71,30,266
70235.0,65,23,274
70237.5,37,5,238
70240.0,37,5,238
70242.5,10,-13,278
70245.0,-19,-43,388
70247.5,44,-4,318
70250.0,-55,-39,366
70252.5,23,-24,257
70255.0,-107,56,246
70257.5,-14,-24,311
70260.0,53,27,293
70262.5,58,-50,312
70265.0,78,12,299
70267.5,18,0,254
70270.0,-12,-23,328
70272.5,58,32,290
70275.0,7,4,274
70277.5,-33,-9,347
70280.0,33,-17,307
70282.5,-44,-21,342
70285.0,-22,-15,266
70287.5,-50,-35,294
70290.0,-50,-35,294
70292.5,54,-9,349
70295.0,31,-28,291
70297.5,-9,-22,281
70300.0,59,-25,366
70302.5,50,61,229
70305.0,3,-14,322
70307.5,103,9,271
70310.0,-6,49,312
70312.5,7,2,320
70315.0,1,-20,302
70317.5,130,22,332
70320.0,91,40,298
70322.5,124,4,281
70325.0,-29,9,308
70327.5,-11,8,261
70330.0,-3,-16,283
70332.5,5,-41,341
70335.0,165,-18,330
70337.5,9,-1,341
70340.0,9,-1,341
70342.5,4,-28,272
70345.0,95,-7,273
70347.5,29,-16,311
70350.0,33,-29,299
70352.5,-47,-63,307
70355.0,99,5,384
70357.5,-10,-18,300
70360.0,-27,-23,364
70362.5,-1,-33,265
70365.0,87,-11,292
70367.5,-27,-5,296
70370.0,-95,-38,345
70372.5,22,-38,364
70375.0,15,-4,307
70377.5,6,9,246
70380.0,-23,-31,311
70382.5,21,-18,276
70385.0,-12,-45,313
70387.5,-18,0,379
70390.0,-18,0,379
70392.5,154,-7,329
70395.0,3,-49,377
70397.5,-8,-31,278
70400.0,-64,42,274
70402.5,-19,-6,331
70405.0,-23,-33,290
70407.5,8,-10,301
70410.0,44,47,363
70412.5,70,-17,248
70415.0,-60,-34,323
70417.5,40,8,235
70420.0,21,-28,274
70422.5,-6,-9,306
70425.0,-58,-8,303
70427.5,21,-3,345
70430.0,19,-13,299
70432.5,10,49,233
70435.0,42,-15,333
70437.5,-1,-4,296
70440.0,-1,-4,296
70442.5,-39,-65,312
70445.0,-34,17,333
70447.5,42,-8,294
70450.0,5,-34,370
70452.5,-20,-15,247
70455.0,26,14,259
70457.5,4,-13,312
70460.0,19,22,300
70462.5,-27,-8,332
70465.0,29,-15,322
70467.5,61,1,283
70470.0,-27,-28,333
70472.5,80,52,242
70475.0,18,-41,269
70477.5,-29,-4,291
70480.0,41,-42,308
70482.5,-14,-27,322
70485.0,8,1,289
70487.5,39,-4,258
70490.0,39,-4,258
70492.5,-32,-11,299
70495.0,19,17,285
70497.5,5,-39,311
70500.0,24,-16,389
70502.5,51,23,238
70505.0,-40,-17,320
70507.5,49,1,246
70510.0,77,31,274
70512.5,1,-25,319
70515.0,28,0,285
70517.5,-20,-6,324
70520.0,63,29,372
70522.5,19,-51,287
70525.0,13,23,340
70527.5,17,-14,269
70530.0,3,41,308
70532.5,3,0,332
70535.0,29,7,294
70537.5,29,7,294
70540.0,-38,-17,335
70542.5,15,-16,289
70545.0,36,-14,320
70547.5,-9,-5,281
70550.0,-5,16,302
70552.5,-21,1,298
70555.0,11,15,341
70557.5,31,20,332
70560.0,14,-31,354
70562.5,95,33,270
70565.0,-23,-12,251
70567.5,31,13,324
70570.0,66,5,293
70572.5,29,-20,326
70575.0,20,9,383
70577.5,-39,-4,302
70580.0,-38,-36,336
70582.5,-34,17,245
70585.0,43,-28,323
70587.5,43,-28,323
70590.0,-2,-16,333
70592.5,74,39,272
70595.0,19,8,341
70597.5,55,17,289
70600.0,-54,-45,224
70602.5,26,-7,316
70605.0,6,16,285
70607.5,-43,-10,307
70610.0,-21,-21,354
70612.5,49,-19,328
70615.0,-26,-49,353
70617.5,124,-4,288
70620.0,4,-60,299
70622.5,-35,-33,331
70625.0,45,-9,283
70627.5,26,-40,322
70630.0,41,34,311
70632.5,54,-2,237
70635.0,63,-11,319
70637.5,63,-11,319
70640.0,63,6,263
70642.5,-24,8,297
70645.0,35,-9,384
70647.5,136,0,300
70650.0,-24,16,285
70652.5,-4,-34,288
70655.0,28,-12,275
70657.5,55,2,316
70660.0,84,-13,270
70662.5,-40,-32,273
70665.0,-12,5,354
70667.5,56,-7,333
70670.0,-16,-33,381
70672.5,50,-29,241
70675.0,7,11,251
70677.5,-29,-31,331
70680.0,37,17,317
70682.5,-70,-87,330
70685.0,16,-35,312
70687.5,16,-35,312
70690.0,41,-6,281
70692.5,-17,-53,318
70695.0,72,29,240
70697.5,14,-6,294
70700.0,-4,-56,371
70702.5,21,12,302
70705.0,-2,-29,372
70707.5,0,-34,276
70710.0,16,-13,277
70712.5,66,7,316
70715.0,-17,31,280
70717.5,-6,19,316
70720.0,73,1,374
70722.5,-33,-54,292
70725.0,-50,-40,374
70727.5,7,-35,255
70730.0,20,36,263
70732.5,10,27,308
70735.0,11,-17,287
70737.5,11,-17,287
70740.0,10,-23,347
70742.5,78,-13,290
70745.0,-25,6,231
70747.5,-12,-10,307
70750.0,30,6,298
70752.5,-69,-50,316
70755.0,6,-9,392
70757.5,52,14,298
70760.0,-51,-33,345
70762.5,-15,-45,259
70765.0,-6,22,240
70767.5,-6,-36,327
70770.0,-3,-17,304
70772.5,-2,7,319
70775.0,9,23,357
70777.5,51,10,299
70780.0,-11,-17,355
70782.5,15,-35,255
70785.0,3,-11,288
70787.5,3,-11,288
70790.0,9,-10,338
70792.5,-7,-36,311
70795.0,36,-28,368
70797.5,22,-28,292
70800.0,-58,-39,264
70802.5,32,30,319
70805.0,35,14,297
70807.5,14,-26,320
70810.0,3,25,330
70812.5,14,0,310
70815.0,-13,-2,350
70817.5,-6,-37,282
70820.0,-25,65,310
70822.5,-39,-10,308
70825.0,3,7,290
70827.5,-32,-10,301
70830.0,54,-10,378
70832.5,74,15,245
70835.0,-20,-37,336
70837.5,-20,-37,336
70840.0,39,-3,212
70842.5,72,-8,292
70845.0,7,17,299
70847.5,49,-25,338
70850.0,33,10,335
70852.5,23,-13,300
70855.0,22,-16,284
70857.5,17,-9,300
70860.0,21,50,298
70862.5,-41,-39,288
70865.0,30,-1,363
70867.5,41,10,266
70870.0,16,-40,362
70872.5,46,-7,276
70875.0,-2,27,242
70877.5,-4,-18,337
70880.0,23,-3,304
70882.5,-22,-34,350
70885.0,37,42,306
70887.5,37,42,306
70890.0,-13,33,301
70892.5,-51,-46,358
70895.0,56,31,222
70897.5,18,-3,266
70900.0,-8,-3,306
70902.5,40,14,280
70905.0,-22,-55,309
70907.5,27,-15,276
70910.0,47,-11,230
70912.5,-1,-7,310
70915.0,19,-33,278
70917.5,15,-9,299
70920.0,18,-27,344
70922.5,37,9,325
70925.0,-22,-38,357
70927.5,106,21,280
70930.0,18,-41,273
70932.5,39,22,323
70935.0,39,22,323
70937.5,49,-3,313
70940.0,9,32,302
70942.5,-27,-32,321
70945.0,25,-9,272
70947.5,33,-12,334
70950.0,20,-13,234
70952.5,-28,-18,298
70955.0,-28,-14,359
70957.5,15,0,306
70960.0,13,20,345
70962.5,34,36,301
70965.0,43,-14,256
70967.5,-29,-12,303
70970.0,-31,9,290
70972.5,-8,9,310
70975.0,-7,-34,349
70977.5,-41,-22,311
70980.0,-39,-1,342
70982.5,45,-2,234
70985.0,45,-2,234
70987.5,80,39,251
70990.0,44,-27,327
70992.5,1,45,328
70995.0,43,-11,341
70997.5,31,12,320
71000.0,-5,-28,242
71002.5,-55,-86,323
71005.0,50,31,259
71007.5,-23,-31,300
71010.0,12,-7,340
71012.5,44,-39,347
71015.0,-7,-36,368
71017.5,28,6,264
71020.0,51,-11,258
71022.5,-27,-25,289
71025.0,-1,0,317
71027.5,47,17,307
71030.0,1,-13,332
71032.5,43,17,257
71035.0,43,17,257
71037.5,-23,-22,345
71040.0,53,9,259
71042.5,34,7,262
71045.0,-7,-10,317
71047.5,-21,-41,299
71050.0,-9,11,312
71052.5,1,-23,340
71055.0,115,-3,271
71057.5,-34,-44,306
71060.0,47,-10,287
71062.5,-33,-10,322
71065.0,-50,-32,336
71067.5,-37,-20,289
71070.0,32,-10,341
71072.5,7,-54,324
71075.0,37,-18,317
71077.5,-30,-6,285
71080.0,12,23,279
71082.5,-6,25,292
71085.0,-6,25,292
71087.5,39,-18,348
71090.0,16,-43,287
71092.5,-16,-12,329
71095.0,32,2,253
71097.5,14,-8,263
71100.0,-100,-51,321
71102.5,8,0,306
71105.0,50,16,310
71107.5,25,-34,328
71110.0,65,-87,324
71112.5,-10,-49,345
71115.0,77,20,267
71117.5,-21,-16,305
71120.0,28,-10,360
71122.5,40,-28,298
71125.0,-1,-1,318
71127.5,-33,-63,258
71130.0,-24,-33,232
71132.5,22,32,338
71135.0,22,32,338
71137.5,11,21,305
71140.0,32,31,283
71142.5,8,6,352
71145.0,20,-7,315
71147.5,55,7,358
71150.0,-3,-33,235
71152.5,-36,-22,292
71155.0,-3,-42,357
71157.5,23,-15,280
71160.0,41,16,311
71162.5,33,-33,316
71165.0,37,10,240
71167.5,-61,-27,300
71170.0,4,-30,247
71172.5,-29,-31,304
71175.0,-30,-50,341
71177.5,69,-1,318
71180.0,-73,-9,326
71182.5,68,18,289
71185.0,68,18,289
71187.5,95,-34,273
71190.0,-33,-27,295
71192.5,10,-13,300
71195.0,-84,-16,273
71197.5,36,-33,386
71200.0,17,-38,233
71202.5,-14,-18,363
71205.0,31,20,256
71207.5,5,29,249
71210.0,6,-76,307
71212.5,12,12,278
71215.0,-31,48,337
71217.5,-21,-47,357
71220.0,70,-23,279
71222.5,15,4,359
71225.0,21,0,261
71227.5,61,-49,345
71230.0,-8,2,367
71232.5,-4,-13,318
71235.0,-4,-13,318
71237.5,-16,-28,345
71240.0,70,2,262
71242.5,4,-43,249
71245.0,13,-12,306
71247.5,27,-3,297
71250.0,64,25,319
71252.5,4,11,354
71255.0,28,6,328
71257.5,50,14,397
71260.0,46,17,251
71262.5,-51,3,278
71265.0,-33,-39,340
71267.5,7,24,299
71270.0,-45,-55,319
71272.5,40,-8,304
71275.0,30,-31,239
71277.5,-20,-1,321
71280.0,39,2,281
71282.5,-31,-34,307
71285.0,-31,-34,307
71287.5,34,29,353
71290.0,-83,-17,287
71292.5,-34,-50,359
71295.0,5,-66,265
71297.5,9,-56,306
71300.0,-20,-6,276
71302.5,6,-36,310
71305.0,14,13,278
71307.5,17,11,361
71310.0,-41,-14,300
71312.5,-4,-4,337
71315.0,11,61,247
71317.5,7,-36,299
71320.0,-26,-16,346
71322.5,-13,-18,335
71325.0,-22,-30,319
71327.5,54,-40,326
71330.0,71,8,276
71332.5,71,8,276
71335.0,8,-29,330
71337.5,18,13,257
71340.0,-1,-71,342
71342.5,-51,4,362
71345.0,-31,-40,320
71347.5,-99,-73,338
71350.0,-1,-28,295
71352.5,-36,-39,274
71355.0,34,-12,313
71357.5,19,-37,323
71360.0,-7,-27,329
71362.5,22,8,312
71365.0,-17,0,239
71367.5,39,3,339
71370.0,28,36,232
71372.5,14,-7,292
71375.0,0,-25,319
71377.5,-18,-27,326
71380.0,73,15,329
71382.5,73,15,329
71385.0,31,-41,340
71387.5,15,2,246
71390.0,102,1,304
71392.5,45,-1,275
71395.0,-24,-18,311
71397.5,7,29,339
71400.0,48,-25,287
71402.5,-46,-39,337
71405.0,23,-9,248
71407.5,-10,-49,258
71410.0,-23,-40,299
71412.5,-13,7,261
71415.0,62,30,311
71417.5,-6,31,353
71420.0,-71,-29,258
71422.5,-12,-32,331
71425.0,9,20,254
71427.5,52,-35,320
71430.0,-40,-4,329
71432.5,-40,-4,329
71435.0,-8,-54,321
71437.5,-36,-59,353
71440.0,25,8,317
71442.5,-24,-9,228
71445.0,-28,-12,295
71447.5,18,-56,297
71450.0,38,24,274
71452.5,-20,-10,328
71455.0,-54,-51,285
71457.5,-13,-1,385
71460.0,-4,11,221
71462.5,-111,-31,252
71465.0,9,-7,298
71467.5,19,5,321
71470.0,-16,-2,334
71472.5,24,-13,304
71475.0,31,-16,265
71477.5,31,34,321
71480.0,-20,-47,320
71482.5,-20,-47,320
71485.0,20,-15,313
71487.5,9,35,302
71490.0,-9,-15,303
71492.5,-57,-9,304
71495.0,-21,-44,317
71497.5,-17,-10,242
71500.0,6,-34,335
71502.5,40,-7,270
71505.0,6,-46,316
71507.5,-19,44,345
71510.0,41,19,308
71512.5,54,-13,345
71515.0,5,14,251
71517.5,-18,13,266
71520.0,15,-11,320
71522.5,65,3,315
71525.0,-20,-3,309
71527.5,-26,-27,344
71530.0,-91,13,249
71532.5,-91,13,249
71535.0,-79,-16,315
71537.5,-27,-19,246
71540.0,6,-20,258
71542.5,59,39,325
71545.0,-72,-35,299
71547.5,-133,-69,329
71550.0,14,-3,299
71552.5,-57,-68,287
71555.0,-50,5,292
71557.5,0,-35,271
71560.0,11,-13,304
71562.5,-67,-44,379
71565.0,20,-69,326
71567.5,-73,-49,329
71570.0,60,42,226
71572.5,-30,-9,283
71575.0,-6,-9,315
71577.5,94,38,303
71580.0,0,-12,353
71582.5,0,-12,353
71585.0,16,-3,326
71587.5,60,30,261
71590.0,16,-44,356
71592.5,8,-21,238
71595.0,53,-21,274
71597.5,2,7,295
71600.0,-23,-30,329
71602.5,-39,-59,336
71605.0,42,-9,299
71607.5,-49,-33,279
71610.0,-38,-11,302
71612.5,16,3,294
71615.0,42,-50,301
71617.5,-23,5,361
71620.0,56,-17,324
71622.5,53,10,350
71625.0,62,2,262
71627.5,46,9,257
71630.0,-20,-23,308
71632.5,-20,-23,308
71635.0,62,15,302
71637.5,-24,5,317
71640.0,-26,-7,348
71642.5,59,27,267
71645.0,-34,2,344
71647.5,38,37,259
71650.0,49,1,288
71652.5,-5,-9,346
71655.0,24,-18,312
71657.5,-37,-18,339
71660.0,-10,-12,313
71662.5,40,5,257
71665.0,17,-21,322
71667.5,45,-27,327
71670.0,-51,1,283
71672.5,48,-13,363
71675.0,57,-27,315
71677.5,14,1,338
71680.0,37,20,245
71682.5,37,20,245
71685.0,39,-13,240
71687.5,87,9,276
71690.0,-12,-2,300
71692.5,-20,-24,325
71695.0,12,-15,321
71697.5,7,-19,272
71700.0,-23,-14,350
71702.5,-19,-74,294
71705.0,-36,10,302
71707.5,11,7,367
71710.0,28,-11,303
71712.5,-82,-22,327
71715.0,60,34,288
71717.5,-2,10,238
71720.0,1,-15,318
71722.5,84,14,307
71725.0,-16,-33,291
71727.5,31,-62,373
71730.0,52,25,326
71732.5,52,25,326
71735.0,-47,-46,394
71737.5,-22,-77,299
71740.0,40,30,288
71742.5,-30,-60,312
71745.0,33,16,291
71747.5,-72,-38,290
71750.0,46,13,342
71752.5,60,13,274
71755.0,-34,-4,326
71757.5,24,11,279
71760.0,34,1,266
71762.5,-33,-41,325
71765.0,42,-31,316
71767.5,-11,-18,310
71770.0,47,-30,309
71772.5,-54,-41,232
71775.0,16,-16,332
71777.5,82,6,262
71780.0,82,6,262
71782.5,10,-7,292
71785.0,-43,1,321
71787.5,39,5,303
71790.0,61,-26,333
71792.5,-53,-31,249
71795.0,-45,-39,302
71797.5,4,-26,293
71800.0,-27,-51,331
71802.5,-17,-53,339
71805.0,33,28,340
71807.5,35,-30,314
71810.0,35,-36,382
71812.5,29,28,264
71815.0,-40,-37,272
71817.5,-15,-34,323
71820.0,35,-18,291
71822.5,29,-13,352
71825.0,54,-16,366
71827.5,99,18,265
71830.0,99,18,265
71832.5,52,-19,333
71835.0,26,19,263
71837.5,-31,-33,308
71840.0,-81,-42,329
71842.5,-29,-16,318
71845.0,34,-11,358
71847.5,20,-23,267
71850.0,-23,0,252
71852.5,-5,-6,284
71855.0,29,6,275
71857.5,-14,-30,333
71860.0,52,-16,361
71862.5,91,-2,329
71865.0,-12,-34,377
71867.5,38,-51,229
71870.0,28,31,274
71872.5,-8,-12,299
71875.0,-11,-3,331
71877.5,-12,-38,355
71880.0,-12,-38,355
71882.5,26,-19,344
71885.0,40,-9,279
71887.5,-25,-39,316
71890.0,16,7,261
71892.5,-26,3,292
71895.0,9,-32,350
71897.5,46,18,292
71900.0,76,-1,356
71902.5,10,-29,262
71905.0,6,-15,227
71907.5,19,-11,318
71910.0,22,-40,295
71912.5,-6,-46,356
71915.0,78,4,345
71917.5,55,4,260
71920.0,-2,-32,339
71922.5,46,-13,281
71925.0,54,31,309
71927.5,13,-5,313
71930.0,13,-5,313
71932.5,4,-16,305
71935.0,42,-14,333
71937.5,33,12,301
71940.0,35,-1,245
71942.5,-77,-28,327
71945.0,15,-29,279
71947.5,-6,1,314
71950.0,-39,-69,385
71952.5,15,3,308
71955.0,48,17,324
71957.5,25,-27,273
71960.0,45,-11,307
71962.5,-15,-42,321
71965.0,80,45,271
71967.5,37,-56,257
71970.0,58,-12,363
71972.5,24,-2,325
71975.0,-74,-6,323
71977.5,58,-13,222
71980.0,58,-13,222
71982.5,5,14,299
71985.0,29,-2,340
71987.5,86,86,298
71990.0,1,19,335
71992.5,-19,-19,352
71995.0,40,-23,268
71997.5,0,-24,344
72000.0,56,20,237
72002.5,18,33,273
72005.0,40,-5,372
72007.5,-13,-43,306
72010.0,6,-17,339
72012.5,86,38,267
72015.0,-26,-38,253
72017.5,18,7,271
72020.0,49,-13,296
72022.5,28,5,293
72025.0,34,1,310
72027.5,20,14,320
72030.0,20,14,320
72032.5,-68,-92,371
72035.0,10,-42,261
72037.5,52,49,260
72040.0,10,-7,300
72042.5,60,26,299
72045.0,79,16,317
72047.5,29,13,340
72050.0,78,-3,245
72052.5,-49,-19,347
72055.0,65,38,212
72057.5,-4,28,307
72060.0,-61,-44,345
72062.5,53,13,320
72065.0,-31,-7,327
72067.5,8,-80,324
72070.0,79,19,247
72072.5,8,12,293
72075.0,91,42,283
72077.5,-6,11,285
72080.0,-6,11,285
72082.5,6,-13,351
72085.0,16,-15,323
72087.5,4,-7,334
72090.0,67,-30,250
72092.5,22,-14,289
72095.0,21,-11,341
72097.5,4,8,299
72100.0,16,-41,331
72102.5,-16,-35,305
72105.0,10,38,305
72107.5,-12,-6,334
72110.0,6,-28,262
72112.5,62,-10,300
72115.0,-53,-14,332
72117.5,46,17,294
72120.0,-9,-15,328
72122.5,105,40,276
72125.0,72,3,247
72127.5,11,6,308
72130.0,11,6,308
72132.5,21,3,254
72135.0,14,-8,298
72137.5,0,16,330
72140.0,70,-19,342
72142.5,-25,-30,389
72145.0,155,52,238
72147.5,1,25,217
72150.0,-6,-17,295
72152.5,40,9,317
72155.0,-60,-62,353
72157.5,-5,-9,371
72160.0,45,-36,246
72162.5,-18,-14,348
72165.0,-6,-10,267
72167.5,-24,-32,275
72170.0,4,-27,336
72172.5,69,56,336
72175.0,-24,-3,335
72177.5,21,-27,303
72180.0,21,-27,303
72182.5,59,29,271
72185.0,-59,-18,295
72187.5,38,-6,290
72190.0,16,-50,324
72192.5,-57,12,364
72195.0,2,-5,312
72197.5,-49,-36,336
72200.0,40,-27,301
72202.5,84,57,240
72205.0,-23,-58,316
72207.5,21,-14,322
72210.0,-48,-46,299
72212.5,-11,-28,338
72215.0,91,10,288
72217.5,43,18,364
72220.0,1,-7,233
72222.5,-59,-64,288
72225.0,26,-5,334
72227.5,32,-5,301
72230.0,32,-5,301
72232.5,-22,-30,338
72235.0,43,-34,336
72237.5,54,-3,280
72240.0,-88,-33,327
72242.5,8,-1,252
72245.0,-46,-66,278
72247.5,-38,-8,339
72250.0,8,-27,320
72252.5,-27,-53,396
72255.0,29,18,265
72257.5,11,27,285
72260.0,-17,-49,334
72262.5,34,-5,315
72265.0,-14,-4,293
72267.5,43,-36,367
72270.0,-8,-79,252
72272.5,-58,-20,322
72275.0,-12,-27,252
72277.5,-12,-27,252
72280.0,-36,-52,275
72282.5,-31,-26,337
72285.0,-25,-30,301
72287.5,-36,-40,328
72290.0,62,-17,305
72292.5,65,36,232
72295.0,-55,-40,303
72297.5,28,-14,276
72300.0,7,12,306
72302.5,-54,-25,355
72305.0,-5,-33,322
72307.5,-21,-11,327
72310.0,9,-36,337
72312.5,40,-33,277
72315.0,-17,-5,316
72317.5,33,29,273
72320.0,-87,-59,312
72322.5,-7,-24,319
72325.0,19,26,331
72327.5,19,26,331
72330.0,-22,-13,334
72332.5,35,-16,254
72335.0,-13,32,236
72337.5,52,24,294
72340.0,22,8,293
72342.5,24,21,290
72345.0,44,-7,323
72347.5,35,9,245
72350.0,42,12,328
72352.5,-28,-3,267
72355.0,-19,10,296
72357.5,-57,-18,357
72360.0,8,-39,329
72362.5,-44,30,339
72365.0,-12,-33,285
72367.5,-61,-44,214
72370.0,18,-19,332
72372.5,87,-19,311
72375.0,25,20,271
72377.5,25,20,271
72380.0,-43,18,323
72382.5,-60,-56,280
72385.0,-34,-30,343
72387.5,29,47,255
72390.0,-16,16,268
72392.5,-63,-42,350
72395.0,6,4,301
72397.5,58,-35,321
72400.0,35,9,346
72402.5,34,16,230
72405.0,-32,-11,324
72407.5,76,31,227
72410.0,-30,25,267
72412.5,-59,-7,306
72415.0,37,-33,337
72417.5,-8,-21,372
72420.0,34,47,305
72422.5,18,-32,247
72425.0,10,-7,292
72427.5,10,-7,292
72430.0,61,17,305
72432.5,-15,-13,311
72435.0,-10,-10,347
72437.5,-53,-54,254
72440.0,-28,-16,381
72442.5,72,-3,289
72445.0,34,-21,281
72447.5,38,7,281
72450.0,12,51,277
72452.5,-18,2,315
72455.0,-22,-14,321
72457.5,16,-25,273
72460.0,-120,-44,314
72462.5,-55,-10,261
72465.0,-4,8,291
72467.5,21,5,326
72470.0,121,61,308
72472.5,-8,-15,346
72475.0,0,-27,299
72477.5,0,-27,299
72480.0,76,35,235
72482.5,74,20,329
72485.0,-45,-18,298
72487.5,50,16,301
72490.0,-13,-22,358
72492.5,30,-56,300
72495.0,-6,-45,394
72497.5,-37,-45,240
72500.0,-78,-13,237
72502.5,-2,-37,336
72505.0,40,21,295
72507.5,-9,-48,339
72510.0,18,-22,308
72512.5,41,-47,279
72515.0,-48,-34,331
72517.5,32,21,256
72520.0,-55,-4,292
72522.5,-74,-3,320
72525.0,23,-16,320
72527.5,23,-16,320
72530.0,-29,-37,347
72532.5,84,37,303
72535.0,-24,-45,254
72537.5,2,2,324
72540.0,11,18,267
72542.5,-11,-4,330
72545.0,-25,32,339
72547.5,6,-25,310
72550.0,-40,-54,369
72552.5,-20,-17,264
72555.0,2,-16,303
72557.5,-15,-40,302
72560.0,-84,-71,313
72562.5,12,-63,309
72565.0,63,-28,393
72567.5,78,2,236
72570.0,-36,14,280
72572.5,-35,-19,213
72575.0,6,-2,259
72577.5,6,-2,259
72580.0,-45,-7,357
72582.5,142,32,343
72585.0,-12,-5,348
72587.5,-13,-16,313
72590.0,44,-27,214
72592.5,4,-14,279
72595.0,0,-10,268
72597.5,13,-50,297
72600.0,-31,-33,372
72602.5,-4,-32,321
72605.0,3,24,320
72607.5,-36,-30,292
72610.0,-25,-16,252
72612.5,-50,-33,277
72615.0,19,11,267
72617.5,-7,-50,314
72620.0,44,-29,376
72622.5,-14,-61,303
72625.0,-22,-25,343
72627.5,-22,-25,343
72630.0,42,-3,211
72632.5,88,-41,300
72635.0,1,4,301
72637.5,37,-7,331
72640.0,-44,-52,337
72642.5,18,-27,342
72645.0,77,-26,265
72647.5,22,-2,322
72650.0,77,28,258
72652.5,-5,-21,288
72655.0,10,-25,373
72657.5,-60,-29,300
72660.0,-3,21,333
72662.5,10,-37,300
72665.0,122,-17,279
72667.5,35,-22,297
72670.0,46,-15,293
72672.5,71,33,294
72675.0,40,-20,330
72677.5,40,-20,330
72680.0,42,15,284
72682.5,48,26,364
72685.0,38,-8,235
72687.5,-11,-21,246
72690.0,24,-8,289
72692.5,53,36,295
72695.0,6,-6,307
72697.5,98,55,305
72700.0,-38,-10,251
72702.5,3,-18,351
72705.0,-25,-34,251
72707.5,14,-31,292
72710.0,38,2,307
72712.5,6,26,298
72715.0,23,21,333
72717.5,39,13,300
72720.0,-22,9,242
72722.5,23,-25,324
72725.0,53,55,285
72727.5,53,55,285
72730.0,93,20,317
72732.5,36,-29,344
72735.0,41,-22,308
72737.5,38,-6,346
72740.0,6,-26,224
72742.5,-52,-6,271
72745.0,73,13,321
72747.5,18,10,274
72750.0,-61,-60,348
72752.5,-1,-19,372
72755.0,3,-5,278
72757.5,15,-14,320
72760.0,37,-50,257
72762.5,-5,7,258
72765.0,-30,0,332
72767.5,-65,-17,301
72770.0,-29,-25,335
72772.5,20,14,314
72775.0,-60,-20,209
72777.5,-60,-20,209
72780.0,34,20,339
72782.5,26,-15,262
72785.0,-45,-13,247
72787.5,-24,-35,359
72790.0,9,-25,310
72792.5,-54,-42,329
72795.0,-77,-81,289
72797.5,19,19,269
72800.0,38,23,278
72802.5,27,-21,354
72805.0,-42,-8,324
72807.5,-52,9,350
72810.0,-11,-15,284
72812.5,-68,-24,319
72815.0,-30,12,257
72817.5,9,-118,352
72820.0,-27,-13,359
72822.5,3,-1,303
72825.0,3,-1,303
72827.5,24,-19,318
72830.0,60,-22,272
72832.5,-62,-59,233
72835.0,38,-16,338
72837.5,11,-26,309
72840.0,41,-21,324
72842.5,-44,3,345
72845.0,-19,-9,317
72847.5,15,31,334
72850.0,-24,-22,239
72852.5,-17,-7,263
72855.0,38,-8,280
72857.5,36,24,277
72860.0,-28,-25,296
72862.5,90,21,369
72865.0,18,-69,244
72867.5,-33,-8,315
72870.0,-6,-17,256
72872.5,16,-2,301
72875.0,16,-2,301
72877.5,-18,0,320
72880.0,5,-35,302
72882.5,60,-4,319
72885.0,7,-49,324
72887.5,61,37,212
72890.0,-29,15,282
72892.5,55,27,283
72895.0,-7,-38,313
72897.5,-13,-34,343
72900.0,-96,-79,297
72902.5,89,41,339
72905.0,19,-75,271
72907.5,50,18,245
72910.0,59,21,257
72912.5,-15,-8,279
72915.0,-4,-21,329
72917.5,17,-8,386
72920.0,21,-5,284
72922.5,32,21,323
72925.0,32,21,323
72927.5,-33,-27,252
72930.0,19,-37,309
72932.5,-19,-14,296
72935.0,57,3,302
72937.5,46,35,336
72940.0,19,-32,333
72942.5,16,-30,244
72945.0,53,-29,323
72947.5,44,3,222
72950.0,-19,-14,272
72952.5,-20,3,309
72955.0,16,-9,298
72957.5,-48,-15,326
72960.0,49,-25,294
72962.5,-9,-38,257
72965.0,-35,-45,277
72967.5,32,0,269
72970.0,-20,-27,302
72972.5,50,-5,354
72975.0,50,-5,354
72977.5,71,-5,251
72980.0,13,1,315
72982.5,87,25,270
72985.0,-96,-10,285
72987.5,-1,14,310
72990.0,4,-6,282
72992.5,47,13,329
72995.0,-23,8,319
72997.5,114,42,273
73000.0,-11,-6,309
73002.5,40,48,221
73005.0,-21,-23,293
73007.5,24,14,331
73010.0,64,21,290
73012.5,-39,-6,346
73015.0,43,10,280
73017.5,-18,-26,244
73020.0,-10,7,289
73022.5,9,25,299
73025.0,9,25,299
73027.5,24,-21,298
73030.0,16,-17,361
73032.5,18,-13,350
73035.0,37,-46,349
73037.5,62,5,238
73040.0,67,-8,254
73042.5,12,10,292
73045.0,102,-2,311
73047.5,2,-11,322
73050.0,-14,-50,300
73052.5,73,22,252
73055.0,2,12,347
73057.5,61,16,248
73060.0,62,-12,284
73062.5,5,-38,314
73065.0,78,37,274
73067.5,-19,-16,337
73070.0,77,-1,319
73072.5,71,-29,279
73075.0,71,-29,279
73077.5,-18,-37,308
73080.0,11,-28,304
73082.5,57,7,285
73085.0,7,17,386
73087.5,8,-11,306
73090.0,-21,-36,339
73092.5,70,50,254
73095.0,12,-49,273
73097.5,-11,-14,301
73100.0,52,2,295
73102.5,-37,-57,349
73105.0,-6,-30,335
73107.5,122,39,240
73110.0,-36,1,323
73112.5,28,2,260
73115.0,12,-28,284
73117.5,23,-12,318
73120.0,7,-2,306
73122.5,39,-32,329
73125.0,39,-32,329
73127.5,97,11,319
73130.0,76,3,293
73132.5,23,-6,339
73135.0,40,5,274
73137.5,-2,-5,301
73140.0,-56,-6,355
73142.5,-56,-59,325
73145.0,-8,-4,394
73147.5,11,-25,309
73150.0,51,-38,318
73152.5,52,20,336
73155.0,33,4,307
73157.5,-24,-42,310
73160.0,39,-38,377
73162.5,29,-26,300
73165.0,-15,-31,330
73167.5,22,-18,280
73170.0,-20,-8,276
73172.5,8,-7,323
73175.0,8,-7,323
73177.5,6,-4,309
73180.0,-40,-15,336
73182.5,90,-19,317
73185.0,117,28,290
73187.5,13,8,294
73190.0,20,3,260
73192.5,-6,-3,294
73195.0,6,-33,388
73197.5,28,-20,295
73200.0,124,16,365
73202.5,66,16,285
73205.0,-35,1,203
73207.5,23,-45,305
73210.0,7,-2,299
73212.5,-9,18,312
73215.0,-36,-31,320
73217.5,33,43,244
73220.0,-32,5,354
73222.5,1,-27,240
73225.0,1,-27,240
73227.5,-18,-34,320
73230.0,1,-10,308
73232.5,57,15,331
73235.0,15,9,301
73237.5,65,64,307
73240.0,129,28,256
73242.5,39,-17,329
73245.0,30,18,272
73247.5,-8,2,306
73250.0,-29,-15,325
73252.5,-27,-7,299
73255.0,-10,-35,367
73257.5,19,-32,288
73260.0,-29,-17,228
73262.5,28,11,327
73265.0,14,42,273
73267.5,-1,-5,303
73270.0,1,-20,359
73272.5,-13,32,286
73275.0,-13,32,286
73277.5,48,-15,372
73280.0,1,-27,239
73282.5,-24,33,260
73285.0,-7,-2,297
73287.5,21,0,324
73290.0,-41,-21,328
73292.5,54,48,291
73295.0,-1,-10,262
73297.5,-7,-30,361
73300.0,-2,20,265
73302.5,7,9,281
73305.0,20,16,341
73307.5,49,-14,295
73310.0,-27,-24,340
73312.5,18,-20,353
73315.0,88,-9,252
73317.5,-29,-5,299
73320.0,42,12,291
73322.5,-15,-31,319
73325.0,-15,-31,319
73327.5,-87,-39,332
73330.0,-8,-15,325
73332.5,-18,-42,345
73335.0,21,53,218
73337.5,-5,-22,258
73340.0,29,30,299
73342.5,22,3,278
73345.0,30,-15,361
73347.5,22,6,313
73350.0,26,-10,255
73352.5,-70,-30,304
73355.0,-53,-15,296
73357.5,50,30,293
73360.0,17,-2,346
73362.5,46,11,279
73365.0,-31,14,277
73367.5,17,-20,296
73370.0,-57,-36,262
73372.5,-57,-36,262
73375.0,-20,6,306
73377.5,-60,-23,260
73380.0,9,49,281
73382.5,-11,38,348
73385.0,76,5,279
73387.5,43,-33,403
73390.0,43,30,242
73392.5,10,-42,260
73395.0,-32,4,281
73397.5,12,20,265
73400.0,40,37,280
73402.5,56,-30,378
73405.0,26,20,274
73407.5,24,15,384
73410.0,23,-9,297
73412.5,25,10,300
73415.0,-20,-14,296
73417.5,40,-55,313
73420.0,-7,-1,334
73422.5,-7,-1,334
73425.0,35,-1,317
73427.5,-60,-13,274
73430.0,-14,-27,323
73432.5,-11,-12,245
73435.0,61,-14,260
73437.5,3,-35,353
73440.0,42,-46,314
73442.5,9,-17,316
73445.0,70,2,290
73447.5,-22,-36,282
73450.0,3,-21,314
73452.5,19,-15,293
73455.0,18,-28,314
73457.5,35,-43,381
73460.0,-8,-48,326
73462.5,-42,-9,343
73465.0,-19,-26,268
73467.5,-32,9,253
73470.0,67,-25,308
73472.5,67,-25,308
73475.0,102,-31,308
73477.5,-16,-27,346
73480.0,-3,-30,355
73482.5,23,-39,279
73485.0,-82,6,302
73487.5,-57,-13,292
73490.0,10,-11,323
73492.5,3,-17,370
73495.0,30,11,342
73497.5,-66,-42,344
73500.0,-11,18,271
73502.5,-27,15,267
73505.0,7,-7,288
73507.5,48,18,288
73510.0,25,-20,308
73512.5,-12,-28,361
73515.0,23,-54,325
73517.5,-7,-28,348
73520.0,36,26,237
73522.5,36,26,237
73525.0,90,-9,274
73527.5,-2,-30,351
73530.0,55,32,308
73532.5,-15,-18,342
73535.0,25,-8,318
73537.5,43,-18,275
73540.0,-11,-14,358
73542.5,45,13,225
73545.0,-87,-60,302
73547.5,-3,8,331
73550.0,4,46,288
73552.5,-23,0,345
73555.0,21,7,296
73557.5,69,14,266
73560.0,-49,-68,319
73562.5,34,22,296
73565.0,-16,-15,305
73567.5,-14,-15,349
73570.0,0,-32,284
73572.5,0,-32,284
73575.0,-43,-21,304
73577.5,-38,10,298
73580.0,-52,-21,303
73582.5,34,-1,324
73585.0,0,-8,272
73587.5,-16,-38,334
73590.0,-53,-71,342
73592.5,64,5,254
73595.0,-4,8,316
73597.5,2,-8,215
73600.0,-18,-7,296
73602.5,-2,24,328
73605.0,58,21,335
73607.5,88,12,332
73610.0,71,17,322
73612.5,61,-42,329
73615.0,-2,2,341
73617.5,-6,-69,295
73620.0,0,36,286
73622.5,0,36,286
73625.0,6,-20,360
73627.5,58,17,292
73630.0,28,-11,351
73632.5,26,-7,259
73635.0,-24,6,192
73637.5,-24,-18,313
73640.0,58,-2,318
73642.5,-3,4,304
73645.0,27,39,273
73647.5,40,-3,294
73650.0,-7,27,344
73652.5,62,20,221
73655.0,-9,-52,295
73657.5,55,-31,301
73660.0,24,-50,323
73662.5,-41,-49,342
73665.0,37,-10,300
73667.5,107,17,247
73670.0,-7,-8,322
73672.5,-7,-8,322
73675.0,-6,-24,261
73677.5,12,61,272
73680.0,-34,-6,333
73682.5,83,-19,274
73685.0,36,-7,313
73687.5,6,-8,292
73690.0,-26,-56,270
73692.5,-76,-6,293
73695.0,39,-40,297
73697.5,29,6,296
73700.0,-39,-27,348
73702.5,24,-12,294
73705.0,99,-49,387
73707.5,-7,-55,231
73710.0,-8,35,252
73712.5,29,23,296
73715.0,26,3,305
73717.5,-18,-39,298
73720.0,6,19,326
73722.5,6,19,326
73725.0,39,8,320
73727.5,-21,-18,375
73730.0,41,-12,277
73732.5,98,12,284
73735.0,-72,11,326
73737.5,10,27,314
73740.0,117,22,319
73742.5,77,19,297
73745.0,7,-21,254
73747.5,51,2,314
73750.0,78,-4,268
73752.5,12,-20,307
73755.0,-36,-20,343
73757.5,40,0,319
73760.0,-26,3,362
73762.5,40,29,264
73765.0,-8,-39,248
73767.5,37,0,316
73770.0,37,0,316
73772.5,8,18,291
73775.0,-4,7,309
73777.5,1,-8,336
73780.0,-12,25,245
73782.5,10,-19,340
73785.0,44,-33,267
73787.5,39,-23,264
73790.0,10,2,334
73792.5,45,-17,295
73795.0,14,-20,315
73797.5,-14,-30,335
73800.0,-15,-26,272
73802.5,-10,37,313
73805.0,62,-5,213
73807.5,-69,-29,303
73810.0,-59,-21,351
73812.5,-18,-4,295
73815.0,-43,-17,342
73817.5,30,-10,282
73820.0,30,-10,282
73822.5,-20,-22,253
73825.0,-6,18,293
73827.5,-2,-31,305
73830.0,25,8,293
73832.5,-8,-24,327
73835.0,13,16,279
73837.5,-33,-60,352
73840.0,69,2,250
73842.5,16,21,257
73845.0,-19,9,263
73847.5,53,-5,319
73850.0,-47,-63,263
73852.5,68,-29,316
73855.0,3,-32,291
73857.5,-18,-25,345
73860.0,39,33,209
73862.5,50,44,306
73865.0,-20,-47,337
73867.5,89,2,333
73870.0,89,2,333
73872.5,-20,-44,338
73875.0,-20,-15,301
73877.5,57,-17,225
73880.0,-8,-15,313
73882.5,-51,-1,281
73885.0,-13,3,288
73887.5,-33,19,323
73890.0,-22,-27,311
73892.5,43,30,396
73895.0,-6,-43,222
73897.5,-3,-10,253
73900.0,27,21,283
73902.5,34,-16,299
73905.0,-3,-7,329
73907.5,12,-25,340
73910.0,50,-8,283
73912.5,-32,5,313
73915.0,-29,0,261
73917.5,-2,2,280
73920.0,-2,2,280
73922.5,-11,-15,351
73925.0,32,-25,316
73927.5,-42,-32,320
73930.0,18,-8,284
73932.5,71,32,246
73935.0,-54,-68,306
73937.5,51,24,296
73940.0,83,-10,344
73942.5,1,-9,363
73945.0,121,-7,325
73947.5,12,-49,367
73950.0,73,37,244
73952.5,165,34,292
73955.0,-9,-30,305
73957.5,5,-10,333
73960.0,-37,-14,303
73962.5,-34,-57,366
73965.0,35,9,275
73967.5,-36,-32,347
73970.0,-36,-32,347
73972.5,17,-5,268
73975.0,-31,-56,293
73977.5,34,-9,336
73980.0,9,-13,297
73982.5,16,-5,337
73985.0,55,26,311
73987.5,96,37,272
73990.0,-25,-11,325
73992.5,17,-24,265
73995.0,4,21,294
73997.5,-7,-38,391
74000.0,36,-16,302
74002.5,4,-21,342
74005.0,14,-23,344
74007.5,11,7,251
74010.0,6,-27,312
74012.5,36,2,294
74015.0,5,-21,301
74017.5,-14,-62,349
74020.0,-14,-62,349
74022.5,50,9,245
74025.0,18,11,342
74027.5,-8,17,207
74030.0,61,-21,293
74032.5,-21,-30,283
74035.0,40,50,331
74037.5,-13,-17,329
74040.0,37,1,337
74042.5,133,55,245
74045.0,28,23,302
74047.5,27,-14,294
74050.0,19,-32,329
74052.5,-18,-6,302
74055.0,-18,-2,306
74057.5,7,-34,356
74060.0,9,23,279
74062.5,40,-31,305
74065.0,-47,-16,307
74067.5,37,0,288
74070.0,37,0,288
74072.5,-3,-9,339
74075.0,14,-41,410
74077.5,49,7,320
74080.0,-8,-3,345
74082.5,71,14,212
74085.0,-49,11,255
74087.5,-9,29,287
74090.0,-30,-44,331
74092.5,-30,-11,319
74095.0,32,4,374
74097.5,25,-30,258
74100.0,1,-12,282
74102.5,52,-1,253
74105.0,128,8,289
74107.5,-8,-33,300
74110.0,183,23,332
74112.5,60,-28,353
74115.0,66,9,296
74117.5,51,3,236
74120.0,51,3,236
74122.5,-8,27,271
74125.0,77,19,291
74127.5,-11,-1,308
74130.0,-35,-6,364
74132.5,73,-11,289
74135.0,-24,-9,357
74137.5,19,11,221
74140.0,-22,6,272
74142.5,10,4,296
74145.0,-12,-45,345
74147.5,-17,-42,340
74150.0,21,-22,314
74152.5,-2,-27,284
74155.0,-67,-15,311
74157.5,29,50,254
74160.0,10,-8,278
74162.5,-31,-9,341
74165.0,6,2,273
74167.5,-38,-67,345
74170.0,-38,-67,345
74172.5,40,-32,353
74175.0,79,-18,289
74177.5,-4,-29,334
74180.0,41,-9,254
74182.5,13,36,299
74185.0,-36,2,363
74187.5,7,-67,311
74190.0,-51,-34,327
74192.5,65,67,277
74195.0,-41,-2,285
74197.5,-51,-30,311
74200.0,15,-9,306
74202.5,-4,-32,330
74205.0,11,16,344
74207.5,-47,-48,314
74210.0,-45,-38,356
74212.5,8,-13,272
74215.0,-7,-29,253
74217.5,-48,34,308
74220.0,-48,34,308
74222.5,-7,-18,324
74225.0,35,-2,314
74227.5,12,-25,319
74230.0,19,-21,259
74232.5,32,17,308
74235.0,-9,2,249
74237.5,-48,-24,307
74240.0,-46,32,324
74242.5,5,11,312
74245.0,-12,-31,336
74247.5,29,-12,287
74250.0,0,-10,262
74252.5,-12,-39,300
74255.0,47,-3,299
74257.5,-6,-14,305
74260.0,13,-65,355
74262.5,51,7,321
74265.0,-32,-39,375
74267.5,-32,-39,375
74270.0,16,-11,232
74272.5,75,44,245
74275.0,-20,42,303
74277.5,30,-23,276
74280.0,18,-4,286
74282.5,-36,2,321
74285.0,23,-2,264
74287.5,21,2,302
74290.0,0,24,255
74292.5,0,-17,293
74295.0,31,-14,347
74297.5,48,63,273
74300.0,-48,-16,335
74302.5,-18,-50,282
74305.0,111,27,245
74307.5,11,1,285
74310.0,-10,-5,288
74312.5,24,44,312
74315.0,7,-30,348
74317.5,7,-30,348
74320.0,100,69,261
74322.5,2,-12,323
74325.0,85,95,247
74327.5,62,2,274
74330.0,-15,-29,295
74332.5,41,33,300
74335.0,53,38,284
74337.5,5,13,335
74340.0,52,15,279
74342.5,-22,-66,385
74345.0,42,25,219
74347.5,5,-22,295
74350.0,45,0,305
74352.5,28,15,286
74355.0,-73,-23,329
74357.5,30,-10,294
74360.0,111,-15,265
74362.5,64,15,312
74365.0,68,31,282
74367.5,68,31,282
74370.0,37,2,309
74372.5,29,45,316
74375.0,-27,-4,337
74377.5,30,-26,359
74380.0,51,-11,261
74382.5,46,-4,264
74385.0,-35,-28,290
74387.5,56,31,280
74390.0,34,-20,314
74392.5,-39,-16,365
74395.0,-13,-34,273
74397.5,-19,-29,338
74400.0,41,11,270
74402.5,1,-15,294
74405.0,9,-42,307
74407.5,13,-13,285
74410.0,-33,-37,349
74412.5,79,12,304
74415.0,122,18,288
74417.5,122,18,288
74420.0,10,-49,334
74422.5,28,23,270
74425.0,-46,-48,299
74427.5,12,11,327
74430.0,5,-36,308
74432.5,13,-24,316
74435.0,1,-46,295
74437.5,-6,-7,210
74440.0,-43,-29,309
74442.5,14,13,297
74445.0,-12,-42,332
74447.5,32,-10,357
74450.0,-3,-49,254
74452.5,-47,-34,313
74455.0,62,-20,270
74457.5,3,-44,287
74460.0,39,-14,293
74462.5,15,11,352
74465.0,-28,-15,338
74467.5,-28,-15,338
74470.0,50,-22,319
74472.5,-10,1,275
74475.0,-10,-41,329
74477.5,11,-6,263
74480.0,18,29,278
74482.5,-5,-7,299
74485.0,4,-29,283
74487.5,29,-14,354
74490.0,12,9,270
74492.5,28,-28,222
74495.0,3,-10,287
74497.5,41,-7,276
74500.0,-10,7,309
74502.5,-22,-69,344
74505.0,33,-11,318
74507.5,-22,2,330
74510.0,41,-7,255
74512.5,12,15,303
74515.0,-3,-31,328
74517.5,-3,-31,328
74520.0,104,-24,321
74522.5,17,-65,363
74525.0,31,-2,317
74527.5,-10,7,290
74530.0,-57,-47,330
74532.5,25,-6,275
74535.0,-30,-15,299
74537.5,42,-6,331
74540.0,47,9,294
74542.5,-32,-32,348
74545.0,51,-53,297
74547.5,58,4,249
74550.0,-25,-7,308
74552.5,34,-1,301
74555.0,-21,29,339
74557.5,-60,-51,365
74560.0,-4,12,316
74562.5,-28,-26,345
74565.0,46,-8,218
74567.5,46,-8,218
74570.0,-13,-7,250
74572.5,56,22,312
74575.0,37,-13,281
74577.5,-9,-47,340
74580.0,32,4,311
74582.5,-22,-11,277
74585.0,-44,-46,341
74587.5,-9,-15,228
74590.0,13,-10,281
74592.5,4,0,315
74595.0,26,-25,346
74597.5,57,-8,356
74600.0,11,-5,294
74602.5,-30,29,198
74605.0,18,-9,309
74607.5,66,23,278
74610.0,-32,-32,316
74612.5,-27,2,324
74615.0,-27,2,324
74617.5,36,-5,305
74620.0,-54,-37,359
74622.5,2,-38,230
74625.0,14,-27,289
74627.5,13,17,298
74630.0,0,-9,314
74632.5,-58,-32,332
74635.0,-3,16,343
74637.5,-4,23,279
74640.0,-77,-79,368
74642.5,-17,12,259
74645.0,-1,17,288
74647.5,14,-4,353
74650.0,7,-35,314
74652.5,-17,-6,346
74655.0,42,-60,336
74657.5,30,1,247
74660.0,-30,-31,318
74662.5,13,34,292
74665.0,13,34,292
74667.5,6,-4,289
74670.0,-39,6,328
74672.5,-25,-28,310
74675.0,-73,-57,360
74677.5,7,-16,304
74680.0,43,33,269
74682.5,-21,-29,307
74685.0,-19,-5,293
74687.5,4,-48,293
74690.0,61,-9,368
74692.5,-20,-45,253
74695.0,-1,-4,314
74697.5,88,31,281
74700.0,18,-6,293
74702.5,-9,-33,347
74705.0,-18,31,296
74707.5,-16,13,292
74710.0,15,-9,305
74712.5,78,31,272
74715.0,78,31,272
74717.5,-3,-1,325
74720.0,45,11,278
74722.5,-12,-24,291
74725.0,-28,-14,362
74727.5,-5,5,297
74730.0,51,-45,354
74732.5,-17,-36,231
74735.0,3,25,249
74737.5,-11,-36,313
74740.0,14,-22,337
74742.5,17,-20,318
74745.0,47,-4,345
74747.5,-14,-40,252
74750.0,17,-27,346
74752.5,-22,-41,289
74755.0,17,-6,273
74757.5,16,10,311
74760.0,17,-19,309
74762.5,93,32,334
74765.0,93,32,334
74767.5,-1,-60,329
74770.0,72,8,276
74772.5,19,27,323
74775.0,-3,-4,249
74777.5,-75,-61,322
74780.0,35,5,367
74782.5,-6,-38,327
74785.0,59,11,357
74787.5,28,14,261
74790.0,41,-12,303
74792.5,65,29,302
74795.0,41,5,233
74797.5,-47,-79,289
74800.0,93,41,355
74802.5,8,-3,325
74805.0,11,-10,375
74807.5,85,8,269
74810.0,-14,-34,318
74812.5,-83,-72,334
74815.0,-83,-72,334
74817.5,90,12,339
74820.0,22,-16,339
74822.5,-24,-56,353
74825.0,7,-44,282
74827.5,54,23,344
74830.0,54,10,271
74832.5,-6,21,289
74835.0,30,2,364
74837.5,13,-62,344
74840.0,23,-7,363
74842.5,41,-11,281
74845.0,-52,-55,235
74847.5,34,-1,292
74850.0,-4,-20,303
74852.5,0,-4,336
74855.0,2,-2,372
74857.5,-12,-35,360
74860.0,-17,-3,338
74862.5,-35,-24,265
74865.0,-35,-24,265
74867.5,58,-2,247
74870.0,20,1,338
74872.5,59,-26,325
74875.0,42,-22,319
74877.5,29,-23,299
74880.0,18,-19,201
74882.5,54,26,319
74885.0,75,49,251
74887.5,14,0,300
74890.0,22,33,373
74892.5,28,-29,322
74895.0,-48,-30,311
74897.5,41,-41,277
74900.0,-25,49,272
74902.5,-12,-38,290
74905.0,-5,4,301
74907.5,-50,26,305
74910.0,51,12,385
74912.5,11,-6,314
74915.0,11,-6,314
74917.5,13,-12,378
74920.0,47,26,265
74922.5,33,-22,260
74925.0,10,8,293
74927.5,30,-7,305
74930.0,-12,14,316
74932.5,-36,10,291
74935.0,93,53,212
74937.5,-35,-28,328
74940.0,51,-8,234
74942.5,20,30,278
74945.0,-12,-17,358
74947.5,-19,-7,306
74950.0,-8,9,322
74952.5,-10,-13,274
74955.0,-12,18,216
74957.5,-22,-1,288
74960.0,17,26,296
74962.5,17,26,296
74965.0,-23,-12,296
74967.5,27,-15,356
74970.0,3,-9,315
74972.5,23,-4,348
74975.0,13,-39,254
74977.5,-78,-26,252
74980.0,19,-8,307
74982.5,67,-3,298
74985.0,-35,-7,315
74987.5,14,27,320
74990.0,22,4,290
74992.5,28,-32,335
74995.0,100,-28,278
74997.5,-74,-29,278
75000.0,7,20,283
75002.5,-2,30,280
75005.0,57,-17,319
75007.5,54,26,257
75010.0,35,-17,256
75012.5,35,-17,256
75015.0,-30,-4,277
75017.5,28,6,299
75020.0,62,54,333
75022.5,7,4,324
75025.0,-1,0,318
75027.5,-20,-24,370
75030.0,-37,1,285
75032.5,33,22,283
75035.0,16,-25,320
75037.5,33,-26,310
75040.0,40,-3,299
75042.5,22,12,314
75045.0,43,10,271
75047.5,73,57,313
75050.0,73,12,191
75052.5,61,11,257
75055.0,-7,-26,339
75057.5,32,-14,303
75060.0,-55,-41,320
75062.5,-55,-41,320
75065.0,132,56,279
75067.5,18,6,285
75070.0,-61,-60,305
75072.5,21,-6,307
75075.0,7,30,324
75077.5,-9,-42,414
75080.0,-20,-29,256
75082.5,-2,-41,353
75085.0,122,21,265
75087.5,70,22,257
75090.0,43,19,270
75092.5,-1,39,285
75095.0,-29,-10,320
75097.5,8,9,327
75100.0,13,53,203
75102.5,-65,-21,328
75105.0,49,-2,254
75107.5,4,-18,287
75110.0,-6,-17,353
75112.5,-6,-17,353
75115.0,18,-21,326
75117.5,-24,-43,340
75120.0,79,2,283
75122.5,39,-6,213
75125.0,-69,-24,299
75127.5,43,42,281
75130.0,14,34,282
75132.5,-1,-4,385
75135.0,63,-27,300
75137.5,-62,-67,355
75140.0,58,5,246
75142.5,40,10,262
75145.0,7,-35,296
75147.5,23,15,298
75150.0,-62,-31,312
75152.5,40,-6,395
75155.0,-13,-71,270
75157.5,-9,-11,319
75160.0,50,-6,279
75162.5,50,-6,279
75165.0,-7,28,290
75167.5,18,1,356
75170.0,-7,-33,305
75172.5,15,-30,348
75175.0,36,6,295
75177.5,-10,6,227
75180.0,77,37,321
75182.5,21,-19,273
75185.0,13,5,304
75187.5,-57,-16,352
75190.0,-30,-40,325
75192.5,-29,-12,327
75195.0,-25,-11,256
75197.5,106,-10,236
75200.0,19,-11,271
75202.5,3,-13,286
75205.0,-35,-20,307
75207.5,47,73,340
75210.0,-30,-72,333
75212.5,-30,-72,333
75215.0,-11,-63,367
75217.5,0,-56,248
75220.0,80,27,264
75222.5,24,12,307
75225.0,29,-13,327
75227.5,29,-14,324
75230.0,59,25,294
75232.5,54,26,256
75235.0,-2,-23,326
75237.5,36,21,243
75240.0,53,37,293
75242.5,-13,-21,348
75245.0,31,-6,311
75247.5,22,18,371
75250.0,-18,-23,285
75252.5,-22,-11,224
75255.0,-34,-13,270
75257.5,43,35,301
75260.0,-56,-73,327
75262.5,-56,-73,327
75265.0,28,-25,377
75267.5,-122,-20,269
75270.0,9,-16,390
75272.5,6,4,250
75275.0,5,-6,249
75277.5,-3,-11,296
75280.0,-46,-18,329
75282.5,66,16,348
75285.0,-7,-27,362
75287.5,3,-17,298
75290.0,-7,13,334
75292.5,-20,1,303
75295.0,-14,-11,302
75297.5,9,-17,325
75300.0,13,17,312
75302.5,-67,-23,325
75305.0,3,5,269
75307.5,-41,-46,203
75310.0,0,-14,306
75312.5,0,-14,306
75315.0,30,40,244
75317.5,28,-13,296
75320.0,14,47,339
75322.5,9,6,293
75325.0,70,40,377
75327.5,34,50,231
75330.0,-68,-92,249
75332.5,14,-13,276
75335.0,-12,20,307
75337.5,-48,-14,297
75340.0,-27,14,309
75342.5,17,22,245
75345.0,13,-10,323
75347.5,20,10,266
75350.0,16,-24,291
75352.5,-20,20,310
75355.0,-35,3,334
75357.5,36,-5,362
75360.0,16,-18,303
75362.5,16,-18,303
75365.0,30,6,275
75367.5,-54,-19,289
75370.0,55,37,323
75372.5,34,7,286
75375.0,-55,-7,312
75377.5,24,4,300
75380.0,-63,-53,346
75382.5,83,27,246
75385.0,73,-55,301
75387.5,11,15,289
75390.0,11,-40,310
75392.5,11,-43,311
75395.0,63,8,374
75397.5,-29,-32,284
75400.0,11,0,345
75402.5,24,-5,233
75405.0,-28,-106,259
75407.5,-1,-5,328
75410.0,14,-29,303
75412.5,14,-29,303
75415.0,-54,-50,318
75417.5,60,38,299
75420.0,86,7,270
75422.5,59,6,335
75425.0,12,8,265
75427.5,-41,-18,290
75430.0,76,42,347
75432.5,-12,-31,338
75435.0,-4,-25,360
75437.5,6,-4,267
75440.0,-20,-40,281
75442.5,-4,-15,263
75445.0,4,-25,326
75447.5,18,-2,308
75450.0,-22,-19,349
75452.5,50,47,277
75455.0,-76,-72,315
75457.5,-6,11,230
75460.0,-6,11,230
75462.5,1,-11,279
75465.0,-20,-60,330
75467.5,133,16,255
75470.0,-27,-58,285
75472.5,24,25,333
75475.0,21,6,267
75477.5,20,31,341
75480.0,89,-1,261
75482.5,-9,-56,292
75485.0,30,29,361
75487.5,36,5,314
75490.0,40,-37,357
75492.5,63,20,268
75495.0,71,-1,253
75497.5,-27,6,289
75500.0,60,-13,273
75502.5,-2,-4,296
75505.0,39,21,348
75507.5,-32,-43,355
75510.0,-32,-43,355
75512.5,-92,-31,391
75515.0,95,11,246
75517.5,21,18,263
75520.0,-3,23,310
75522.5,-26,21,282
75525.0,15,-14,320
75527.5,-4,16,352
75530.0,-23,3,273
75532.5,-6,-14,342
75535.0,79,37,230
75537.5,51,-15,288
75540.0,-26,-17,332
75542.5,20,30,308
75545.0,-10,-30,353
75547.5,89,-29,312
75550.0,-11,-65,242
75552.5,-8,-7,323
75555.0,-35,-43,288
75557.5,-21,42,305
75560.0,-21,42,305
75562.5,-7,-21,371
75565.0,-60,-41,307
75567.5,-31,-21,328
75570.0,46,20,266
75572.5,4,-26,267
75575.0,-13,10,320
75577.5,-18,18,300
75580.0,-31,-30,257
75582.5,72,-22,376
75585.0,-15,-29,253
75587.5,-43,-49,353
75590.0,-8,-34,211
75592.5,88,38,268
75595.0,45,26,291
75597.5,51,10,288
75600.0,33,-39,325
75602.5,74,-20,289
75605.0,15,-42,276
75607.5,-22,-26,302
75610.0,-22,-26,302
75612.5,-12,-6,298
75615.0,11,-28,318
75617.5,-7,5,350
75620.0,-4,-5,319
75622.5,-70,-32,330
75625.0,40,-12,278
75627.5,34,-14,233
75630.0,14,11,250
75632.5,30,9,305
75635.0,60,-4,248
75637.5,54,-20,348
75640.0,51,12,310
75642.5,-19,-50,387
75645.0,64,2,266
75647.5,-62,-9,244
75650.0,-25,-5,305
75652.5,23,12,292
75655.0,-7,15,328
75657.5,59,2,304
75660.0,59,2,304
75662.5,43,-39,256
75665.0,-38,-21,291
75667.5,80,47,244
75670.0,-5,29,261
75672.5,2,-30,363
75675.0,27,3,288
75677.5,31,25,309
75680.0,42,20,286
75682.5,-58,-19,203
75685.0,24,17,291
75687.5,27,11,295
75690.0,-18,-41,289
75692.5,48,-3,354
75695.0,32,16,312
75697.5,-14,-21,354
75700.0,18,21,190
75702.5,39,-44,315
75705.0,10,-22,296
75707.5,42,4,303
75710.0,42,4,303
75712.5,-80,-4,320
75715.0,15,-31,316
75717.5,85,5,265
75720.0,58,19,308
75722.5,1,-9,275
75725.0,-11,11,275
75727.5,-5,-39,322
75730.0,37,24,278
75732.5,-23,-36,356
75735.0,101,-20,328
75737.5,-26,-36,240
75740.0,-28,-41,330
75742.5,8,-5,281
75745.0,-45,-51,322
75747.5,14,14,316
75750.0,3,11,288
75752.5,-6,-37,409
75755.0,39,4,243
75757.5,-96,53,241
75760.0,-96,53,241
75762.5,-18,-11,302
75765.0,-34,-54,317
75767.5,0,-55,294
75770.0,34,28,296
75772.5,48,-24,314
75775.0,-96,-70,347
75777.5,-19,-14,241
75780.0,45,1,275
75782.5,-24,10,303
75785.0,-11,11,307
75787.5,19,10,309
75790.0,48,-4,346
75792.5,129,29,278
75795.0,20,-6,315
75797.5,47,-12,277
75800.0,-33,2,297
75802.5,14,-23,368
75805.0,50,-36,281
75807.5,-47,-56,372
75810.0,-47,-56,372
75812.5,-22,-51,275
75815.0,106,10,269
75817.5,7,12,281
75820.0,-1,2,294
75822.5,67,45,244
75825.0,50,4,361
75827.5,-40,-28,312
75830.0,38,2,340
75832.5,42,7,261
75835.0,32,-19,270
75837.5,33,-6,279
75840.0,60,-4,327
75842.5,36,-14,332
75845.0,50,7,306
75847.5,21,-34,267
75850.0,20,-33,327
75852.5,48,-7,252
75855.0,-80,11,290
75857.5,-80,11,290
75860.0,-2,-8,371
75862.5,-5,-18,297
75865.0,20,-10,347
75867.5,78,0,277
75870.0,71,-11,273
75872.5,-58,-43,299
75875.0,34,20,277
75877.5,11,-13,297
75880.0,45,-1,339
75882.5,71,3,316
75885.0,28,5,364
75887.5,15,-13,247
75890.0,-87,-46,252
75892.5,58,5,322
75895.0,76,26,271
75897.5,15,-16,294
75900.0,-54,-40,326
75902.5,-23,8,256
75905.0,-36,-27,308
75907.5,-36,-27,308
75910.0,-21,2,258
75912.5,-3,-19,286
75915.0,-10,14,334
75917.5,-4,12,280
75920.0,-21,5,332
75922.5,55,32,294
75925.0,1,13,241
75927.5,12,-28,295
75930.0,30,-3,305
75932.5,2,-11,303
75935.0,11,1,340
75937.5,24,5,291
75940.0,57,12,380
75942.5,19,-3,236
75945.0,-53,-11,215
75947.5,24,0,338
75950.0,65,20,308
75952.5,-8,-25,336
75955.0,-76,-42,346
75957.5,-76,-42,346
75960.0,52,13,301
75962.5,22,-15,363
75965.0,38,-12,271
75967.5,12,-32,278
75970.0,8,-10,316
75972.5,-38,-42,319
75975.0,-5,-21,346
75977.5,37,-11,305
75980.0,24,4,300
75982.5,-42,-32,335
75985.0,76,-29,288
75987.5,24,9,289
75990.0,-11,-20,343
75992.5,65,4,327
75995.0,104,-10,332
75997.5,5,-16,279
76000.0,22,-14,270
76002.5,44,-2,326
76005.0,3,11,277
76007.5,3,11,277
76010.0,-28,-11,303
76012.5,-92,-85,339
76015.0,-1,21,332
76017.5,-47,-6,354
76020.0,-11,-24,272
76022.5,-22,-8,258
76025.0,4,-14,304
76027.5,14,-39,274
76030.0,-13,-26,317
76032.5,1,-28,298
76035.0,16,27,290
76037.5,-53,-36,321
76040.0,86,26,259
76042.5,-28,-8,294
76045.0,13,-46,357
76047.5,86,37,261
76050.0,7,30,348
76052.5,-8,-5,304
76055.0,-49,-17,207
76057.5,-49,-17,207
76060.0,-20,-28,344
76062.5,-3,-57,286
76065.0,-45,-24,290
76067.5,40,-42,335
76070.0,87,-1,285
76072.5,-59,-34,366
76075.0,27,-8,256
76077.5,5,-58,289
76080.0,14,-5,283
76082.5,23,7,330
76085.0,-57,-43,345
76087.5,35,6,320
76090.0,72,29,255
76092.5,-15,-43,317
76095.0,89,33,246
76097.5,111,11,286
76100.0,-6,-23,352
76102.5,21,-10,294
76105.0,66,27,358
76107.5,66,27,358
76110.0,-44,-52,315
76112.5,36,41,257
76115.0,99,10,327
76117.5,28,11,278
76120.0,-65,-78,341
76122.5,-36,-14,344
76125.0,98,65,273
76127.5,-29,-17,362
76130.0,40,37,224
76132.5,40,21,258
76135.0,22,-3,289
76137.5,-40,-28,326
76140.0,8,8,319
76142.5,42,62,311
76145.0,62,-4,308
76147.5,-53,-66,332
76150.0,-15,3,257
76152.5,-20,1,291
76155.0,-16,-42,365
76157.5,-16,-42,365
76160.0,76,81,295
76162.5,1,-12,332
76165.0,10,10,312
76167.5,67,-9,262
76170.0,-11,-10,290
76172.5,18,-39,312
76175.0,-23,-24,332
76177.5,-12,11,369
76180.0,62,-5,288
76182.5,-37,-42,356
76185.0,-51,-49,259
76187.5,-67,-32,309
76190.0,32,8,286
76192.5,19,-9,292
76195.0,13,-6,292
76197.5,15,-31,342
76200.0,46,-52,256
76202.5,1,-6,334
76205.0,1,-6,334
76207.5,16,-44,279
76210.0,34,-104,302
76212.5,-12,-12,314
76215.0,-2,-30,333
76217.5,19,8,334
76220.0,64,25,295
76222.5,78,-19,231
76225.0,-6,6,304
76227.5,42,-48,280
76230.0,24,3,303
76232.5,-13,-69,371
76235.0,48,16,307
76237.5,24,-25,380
76240.0,-48,-42,272
76242.5,-4,2,295
76245.0,41,-11,314
76247.5,16,-32,297
76250.0,13,-11,336
76252.5,-3,7,313
76255.0,-3,7,313
76257.5,-2,-8,313
76260.0,50,-9,354
76262.5,48,2,247
76265.0,35,18,264
76267.5,-9,-21,344
76270.0,48,28,273
76272.5,65,54,334
76275.0,30,-18,327
76277.5,-72,-40,253
76280.0,-23,-25,341
76282.5,75,21,235
76285.0,32,21,282
76287.5,-5,15,336
76290.0,42,4,298
76292.5,-4,31,341
76295.0,67,24,281
76297.5,36,5,248
76300.0,-48,0,295
76302.5,84,26,264
76305.0,84,26,264
76307.5,20,-23,313
76310.0,-37,-1,340
76312.5,-27,-51,321
76315.0,-56,-67,381
76317.5,37,28,245
76320.0,-30,10,242
76322.5,37,-10,308
76325.0,11,-16,326
76327.5,-6,-12,328
76330.0,-35,-51,335
76332.5,31,-35,283
76335.0,-37,-31,362
76337.5,-43,-38,243
76340.0,17,-27,293
76342.5,-2,30,324
76345.0,12,30,312
76347.5,26,-24,350
76350.0,23,-65,331
76352.5,74,3,331
76355.0,74,3,331
76357.5,-30,-10,347
76360.0,31,2,298
76362.5,-14,-31,292
76365.0,3,-3,342
76367.5,-19,-24,317
76370.0,61,28,336
76372.5,4,-27,301
76375.0,-13,-23,256
76377.5,-14,15,320
76380.0,33,0,308
76382.5,-20,-20,291
76385.0,32,-45,340
76387.5,49,-6,256
76390.0,28,-11,359
76392.5,46,-3,210
76395.0,-34,-25,260
76397.5,16,20,316
76400.0,17,-37,321
76402.5,-4,1,310
76405.0,-4,1,310
76407.5,54,40,299
76410.0,-32,-8,248
76412.5,-32,-24,303
76415.0,12,-7,276
76417.5,3,20,273
76420.0,16,-9,391
76422.5,115,9,308
76425.0,22,32,337
76427.5,6,-4,315
76430.0,-36,25,221
76432.5,-1,-8,316
76435.0,84,68,296
76437.5,-10,-37,302
76440.0,26,-19,370
76442.5,32,20,308
76445.0,68,24,343
76447.5,27,11,245
76450.0,-3,-20,287
76452.5,-7,0,269
76455.0,-7,0,269
76457.5,41,16,296
76460.0,-7,-27,331
76462.5,114,25,330
76465.0,50,14,289
76467.5,-32,-16,345
76470.0,54,36,262
76472.5,89,15,288
76475.0,-8,-33,331
76477.5,72,-1,313
76480.0,31,-31,348
76482.5,-25,-31,301
76485.0,-53,-13,214
76487.5,-28,-13,313
76490.0,33,-1,250
76492.5,-43,-27,280
76495.0,-26,11,340
76497.5,14,-7,282
76500.0,-1,-23,331
76502.5,-3,-11,260
76505.0,-3,-11,260
76507.5,-62,-27,289
76510.0,81,31,331
76512.5,-49,-1,318
76515.0,-8,13,310
76517.5,-17,2,346
76520.0,45,40,311
76522.5,14,67,326
76525.0,-34,-34,249
76527.5,20,20,299
76530.0,-11,18,335
76532.5,-18,-26,336
76535.0,36,-21,355
76537.5,50,-10,342
76540.0,53,-17,269
76542.5,40,2,323
76545.0,2,-25,274
76547.5,-59,-37,307
76550.0,-9,-9,356
76552.5,16,5,287
76555.0,16,5,287
76557.5,-48,-9,340
76560.0,5,-44,269
76562.5,30,-23,281
76565.0,35,-9,321
76567.5,34,-23,280
76570.0,49,22,287
76572.5,41,-33,368
76575.0,5,-26,296
76577.5,-9,34,350
76580.0,-6,-13,207
76582.5,-10,54,267
76585.0,-3,-19,311
76587.5,84,12,319
76590.0,-43,-31,312
76592.5,13,-27,309
76595.0,114,-60,266
76597.5,17,7,313
76600.0,-7,-44,266
76602.5,-7,-44,266
76605.0,-16,-6,286
76607.5,15,-25,368
76610.0,6,-30,317
76612.5,-8,-7,351
76615.0,52,15,273
76617.5,-57,23,242
76620.0,5,-34,316
76622.5,33,5,291
76625.0,-32,-4,276
76627.5,-3,-22,341
76630.0,-88,-7,332
76632.5,20,-8,332
76635.0,76,87,255
76637.5,-56,-10,272
76640.0,5,-21,343
76642.5,65,3,325
76645.0,-17,-14,333
76647.5,-18,-39,359
76650.0,103,-3,293
76652.5,103,-3,293
76655.0,-20,7,339
76657.5,11,10,265
76660.0,-7,-22,296
76662.5,0,-45,345
76665.0,14,0,350
76667.5,-59,-38,357
76670.0,10,30,295
76672.5,33,28,232
76675.0,-15,-14,326
76677.5,7,-8,287
76680.0,30,25,293
76682.5,-31,-12,355
76685.0,-27,-39,318
76687.5,18,-5,363
76690.0,44,22,271
76692.5,-7,-12,282
76695.0,-8,-34,320
76697.5,42,0,303
76700.0,-7,-30,343
76702.5,-7,-30,343
76705.0,23,-9,337
76707.5,75,15,274
76710.0,26,12,312
76712.5,75,18,291
76715.0,-31,2,302
76717.5,2,-8,312
76720.0,25,-21,321
76722.5,43,2,332
76725.0,45,-43,315
76727.5,0,16,311
76730.0,-37,3,330
76732.5,7,-27,252
76735.0,27,21,275
76737.5,29,-28,361
76740.0,64,19,302
76742.5,52,-33,344
76745.0,22,4,280
76747.5,59,-20,232
76750.0,6,-21,279
76752.5,6,-21,279
76755.0,38,-13,287
76757.5,84,-1,310
76760.0,-8,-8,340
76762.5,38,11,304
76765.0,-101,-82,383
76767.5,13,-26,256
76770.0,-44,-35,268
76772.5,21,31,306
76775.0,71,6,310
76777.5,16,6,311
76780.0,73,48,312
76782.5,66,63,352
76785.0,-50,64,311
76787.5,32,-25,264
76790.0,-46,12,266
76792.5,-11,9,334
76795.0,-23,14,283
76797.5,0,-18,363
76800.0,17,8,293
76802.5,17,8,293
76805.0,45,6,259
76807.5,-19,-1,308
76810.0,34,-28,330
76812.5,-19,9,283
76815.0,12,-5,347
76817.5,41,-3,261
76820.0,-13,-6,344
76822.5,2,-15,239
76825.0,-4,11,265
76827.5,30,-12,274
76830.0,-18,-9,296
76832.5,-63,-26,332
76835.0,34,47,330
76837.5,-7,16,284
76840.0,9,-6,337
76842.5,-25,-26,236
76845.0,46,17,278
76847.5,-21,-7,339
76850.0,-36,-33,326
76852.5,-36,-33,326
76855.0,-44,-15,322
76857.5,78,34,315
76860.0,90,41,264
76862.5,24,0,299
76865.0,1,-42,236
76867.5,-7,10,255
76870.0,-2,-21,349
76872.5,86,-14,304
76875.0,-28,-4,339
76877.5,-3,-39,281
76880.0,23,-9,277
76882.5,34,-18,310
76885.0,5,-18,300
76887.5,-45,-21,321
76890.0,36,-40,354
76892.5,-16,39,273
76895.0,-52,-64,350
76897.5,100,32,295
76900.0,-48,-25,293
76902.5,-48,-25,293
76905.0,-5,-19,345
76907.5,-39,-41,347
76910.0,-28,-47,348
76912.5,16,5,324
76915.0,12,-25,261
76917.5,-23,10,327
76920.0,70,14,274
76922.5,-39,-43,279
76925.0,-7,-12,338
76927.5,82,24,306
76930.0,-15,-6,351
76932.5,18,-27,281
76935.0,41,-24,290
76937.5,37,-5,286
76940.0,37,-25,300
76942.5,59,-50,325
76945.0,6,9,316
76947.5,59,-1,310
76950.0,4,-35,346
76952.5,4,-35,346
76955.0,-33,-38,262
76957.5,26,4,251
76960.0,-31,-44,287
76962.5,25,36,288
76965.0,-84,-57,306
76967.5,9,-16,347
76970.0,57,3,260
76972.5,16,4,338
76975.0,10,-17,231
76977.5,47,-25,298
76980.0,17,14,302
76982.5,40,16,334
76985.0,-29,-28,363
76987.5,-3,-30,305
76990.0,82,29,275
76992.5,-4,11,317
76995.0,-4,0,280
76997.5,9,31,274
77000.0,7,-24,372
77002.5,7,-24,372
77005.0,38,-6,303
77007.5,-9,17,322
77010.0,-17,-25,289
77012.5,111,-20,259
77015.0,-16,-2,270
77017.5,35,-71,297
77020.0,-11,-18,296
77022.5,-82,-70,344
77025.0,-19,-40,271
77027.5,-25,-20,311
77030.0,73,1,265
77032.5,-10,-43,281
77035.0,-58,-2,286
77037.5,46,24,271
77040.0,48,22,315
77042.5,-27,-23,324
77045.0,-17,0,280
77047.5,-102,-95,379
77050.0,-102,-95,379
77052.5,33,9,261
77055.0,-42,-53,346
77057.5,-5,24,364
77060.0,-14,-11,315
77062.5,36,-13,354
77065.0,25,41,313
77067.5,-10,6,254
77070.0,-29,-18,309
77072.5,32,14,271
77075.0,29,-14,301
77077.5,-33,-37,333
77080.0,-17,-20,265
77082.5,-20,-18,325
77085.0,17,19,270
77087.5,-43,-13,289
77090.0,30,-20,328
77092.5,6,-23,311
77095.0,-60,-13,300
77097.5,57,-32,384
77100.0,57,-32,384
77102.5,32,-4,302
77105.0,-1,-48,362
77107.5,-14,-8,233
77110.0,8,14,235
77112.5,35,22,298
77115.0,14,-25,303
77117.5,43,19,282
77120.0,6,17,336
77122.5,37,-12,238
77125.0,-21,-1,320
77127.5,128,30,236
77130.0,67,57,292
77132.5,-37,1,338
77135.0,11,7,315
77137.5,20,-1,344
77140.0,66,22,286
77142.5,60,7,258
77145.0,45,34,307
77147.5,11,3,286
77150.0,11,3,286
77152.5,-18,-12,298
77155.0,-65,5,304
77157.5,52,-2,264
77160.0,51,15,342
77162.5,-58,-57,281
77165.0,-7,-21,295
77167.5,7,1,315
77170.0,-22,25,292
77172.5,34,16,323
77175.0,58,53,327
77177.5,72,-49,282
77180.0,54,-29,374
77182.5,55,14,265
77185.0,57,-7,297
77187.5,-2,-6,286
77190.0,50,11,350
77192.5,38,-7,330
77195.0,19,-21,315
77197.5,154,18,310
77200.0,154,18,310
77202.5,22,26,312
77205.0,-1,-25,271
77207.5,17,-20,309
77210.0,13,-14,323
77212.5,40,-35,338
77215.0,-65,-69,355
77217.5,79,24,278
77220.0,35,15,258
77222.5,17,-21,300
77225.0,40,29,282
77227.5,26,-4,311
77230.0,5,-22,354
77232.5,-50,-40,319
77235.0,-36,-45,365
77237.5,52,-36,261
77240.0,47,-32,195
77242.5,11,4,262
77245.0,9,-14,312
77247.5,-6,-25,285
77250.0,-6,-25,285
77252.5,37,11,348
77255.0,-94,-25,234
77257.5,8,6,328
77260.0,15,-23,247
77262.5,-18,11,249
77265.0,33,15,333
77267.5,6,15,329
77270.0,-3,11,338
77272.5,25,-38,318
77275.0,-22,-10,238
77277.5,-19,-13,324
77280.0,42,-6,217
77282.5,0,8,289
77285.0,17,-20,371
77287.5,69,-8,308
77290.0,-61,-45,342
77292.5,30,-7,272
77295.0,61,28,245
77297.5,-21,-9,319
77300.0,-21,-9,319
77302.5,21,-35,301
77305.0,-38,-11,326
77307.5,-79,-22,383
77310.0,-34,-38,328
77312.5,81,19,344
77315.0,-3,-5,292
77317.5,-83,-36,219
77320.0,2,-17,287
77322.5,29,3,306
77325.0,21,5,308
77327.5,89,18,366
77330.0,15,-13,270
77332.5,-63,-51,326
77335.0,46,-19,286
77337.5,2,-38,287
77340.0,-35,2,299
77342.5,5,-18,293
77345.0,2,-6,291
77347.5,-16,-20,330
77350.0,-16,-20,330
77352.5,30,-6,282
77355.0,-21,-49,365
77357.5,4,31,202
77360.0,-33,-4,283
77362.5,-4,-12,327
77365.0,73,7,298
77367.5,13,5,297
77370.0,14,8,293
77372.5,112,10,269
77375.0,23,-13,294
77377.5,-2,-24,265
77380.0,-14,9,279
77382.5,38,-9,352
77385.0,79,36,303
77387.5,22,-22,348
77390.0,-32,-51,276
77392.5,73,-12,264
77395.0,3,-26,262
77397.5,26,4,255
77400.0,26,4,255
77402.5,-23,20,284
77405.0,26,-41,345
77407.5,48,-142,362
77410.0,-55,-45,353
77412.5,40,30,245
77415.0,53,12,338
77417.5,-68,-6,304
77420.0,30,-11,293
77422.5,3,15,299
77425.0,-8,10,314
77427.5,48,7,284
77430.0,40,17,310
77432.5,-54,-28,257
77435.0,59,-4,298
77437.5,12,28,319
77440.0,33,-13,286
77442.5,27,3,332
77445.0,11,-68,312
77447.5,54,11,264
77450.0,54,11,264
77452.5,-60,-25,301
77455.0,-15,-8,266
77457.5,5,-7,292
77460.0,-11,3,378
77462.5,-2,18,277
77465.0,45,26,343
77467.5,-6,6,244
77470.0,68,8,232
77472.5,-67,-39,305
77475.0,39,13,304
77477.5,-31,-5,244
77480.0,-23,-29,340
77482.5,34,-16,343
77485.0,73,12,350
77487.5,5,-31,237
77490.0,-127,32,251
77492.5,11,10,326
77495.0,22,21,312
77497.5,22,21,312
77500.0,-73,-25,307
77502.5,-29,9,319
77505.0,9,-15,240
77507.5,-6,-20,347
77510.0,-23,-39,245
77512.5,50,4,269
77515.0,-17,-23,341
77517.5,77,-2,306
77520.0,-3,-8,331
77522.5,8,-16,324
77525.0,32,-13,261
77527.5,10,4,299
77530.0,24,28,249
77532.5,-39,4,278
77535.0,-13,-35,334
77537.5,104,2,294
77540.0,29,-24,347
77542.5,-25,-13,310
77545.0,-42,-17,239
77547.5,-42,-17,239
77550.0,1,-4,317
77552.5,24,-4,270
77555.0,-10,-28,306
77557.5,36,-4,372
77560.0,45,16,325
77562.5,-25,-35,371
77565.0,10,-11,270
77567.5,10,31,265
77570.0,35,13,303
77572.5,25,-22,285
77575.0,-6,-1,326
77577.5,56,-37,425
77580.0,28,-20,326
77582.5,-58,-31,344
77585.0,23,-12,211
77587.5,-19,9,237
77590.0,-46,-80,302
77592.5,-4,-7,285
77595.0,39,-36,326
77597.5,39,-36,326
77600.0,-21,-24,358
77602.5,132,28,251
77605.0,-56,19,308
77607.5,-15,-10,259
77610.0,-26,-13,321
77612.5,14,-7,356
77615.0,17,-20,306
77617.5,-24,-22,315
77620.0,24,-13,296
77622.5,-23,-42,238
77625.0,44,30,286
77627.5,42,-12,276
77630.0,40,-23,305
77632.5,-33,-7,339
77635.0,-20,-35,315
77637.5,117,16,340
77640.0,10,-31,259
77642.5,30,1,251
77645.0,-37,6,289
77647.5,-37,6,289
77650.0,11,-44,302
77652.5,12,4,321
77655.0,-21,-53,339
77657.5,76,25,273
77660.0,-27,-27,371
77662.5,50,17,227
77665.0,8,-11,228
77667.5,25,7,277
77670.0,-16,-8,326
77672.5,-14,-33,332
77675.0,53,17,296
77677.5,-23,10,233
77680.0,-39,-31,322
77682.5,-32,-19,251
77685.0,40,-49,347
77687.5,-10,-45,357
77690.0,11,-14,349
77692.5,-2,-36,331
77695.0,-47,-50,329
77697.5,-47,-50,329
77700.0,113,19,276
77702.5,-71,-50,366
77705.0,-12,12,275
77707.5,20,15,306
77710.0,-52,-43,377
77712.5,61,17,270
77715.0,69,9,354
77717.5,0,-20,277
77720.0,20,14,245
77722.5,-22,-20,320
77725.0,-81,-39,336
77727.5,-31,-10,272
77730.0,-27,-45,327
77732.5,102,-9,295
77735.0,-15,-69,327
77737.5,20,-13,249
77740.0,91,11,264
77742.5,50,20,310
77745.0,40,-4,294
77747.5,40,-4,294
77750.0,33,40,302
77752.5,-5,-51,351
77755.0,-37,-59,277
77757.5,-33,-41,314
77760.0,101,3,278
77762.5,-35,-48,297
77765.0,16,0,317
77767.5,67,47,309
77770.0,-43,-38,276
77772.5,11,-25,332
77775.0,12,10,230
77777.5,5,-41,298
77780.0,31,-41,239
77782.5,13,6,300
77785.0,31,5,339
77787.5,27,-12,318
77790.0,-19,-28,335
77792.5,15,-40,315
77795.0,69,-14,254
77797.5,69,-14,254
77800.0,-17,-37,315
77802.5,75,31,247
77805.0,56,-16,317
77807.5,-30,-51,359
77810.0,57,-26,286
77812.5,36,12,352
77815.0,26,-1,261
77817.5,3,-14,262
77820.0,3,-26,294
77822.5,22,9,308
77825.0,-1,5,299
77827.5,-23,-49,347
77830.0,7,-18,323
77832.5,-73,-64,346
77835.0,20,2,220
77837.5,99,-1,256
77840.0,40,22,303
77842.5,18,37,291
77845.0,-22,-30,322
77847.5,-22,-30,322
77850.0,-2,-1,341
77852.5,-10,-4,279
77855.0,-22,46,320
77857.5,-42,-19,249
77860.0,-71,-27,255
77862.5,-2,3,308
77865.0,57,-3,288
77867.5,76,25,332
77870.0,74,18,324
77872.5,148,69,267
77875.0,-19,-38,308
77877.5,42,-23,271
77880.0,-24,-36,290
77882.5,36,-69,361
77885.0,33,16,309
77887.5,-33,-11,370
77890.0,-10,-28,273
77892.5,64,53,264
77895.0,-21,-38,306
77897.5,-21,-38,306
77900.0,44,-20,286
77902.5,34,1,309
77905.0,13,21,341
77907.5,32,21,306
77910.0,-74,-44,377
77912.5,87,47,252
77915.0,41,-10,266
77917.5,-3,-14,296
77920.0,45,16,256
77922.5,29,-2,284
77925.0,60,-13,374
77927.5,-45,-2,261
77930.0,-30,-8,321
77932.5,-24,-65,236
77935.0,13,-5,282
77937.5,21,-2,314
77940.0,13,-23,288
77942.5,-18,-22,343
77945.0,16,-4,336
77947.5,16,-4,336
77950.0,44,18,274
77952.5,71,38,332
77955.0,12,8,233
77957.5,-3,-82,298
77960.0,-5,2,318
77962.5,4,27,308
77965.0,59,-2,352
77967.5,36,9,302
77970.0,15,-20,290
77972.5,-32,-60,341
77975.0,49,-24,269
77977.5,34,-2,296
77980.0,-59,-26,305
77982.5,-35,-51,329
77985.0,88,1,342
77987.5,54,10,271
77990.0,-44,-61,269
77992.5,21,8,293
77995.0,26,48,296
77997.5,26,48,296
78000.0,-8,-3,274
78002.5,-18,-10,317
78005.0,111,53,273
78007.5,24,2,355
78010.0,65,10,240
78012.5,21,-6,240
78015.0,-36,-52,299
78017.5,54,69,287
78020.0,-20,-15,309
78022.5,-4,8,352
78025.0,50,13,260
78027.5,-57,-26,359
78030.0,87,16,235
78032.5,74,-21,358
78035.0,6,-27,340
78037.5,11,-17,312
78040.0,44,-23,317
78042.5,6,-81,318
78045.0,6,-81,318
78047.5,-3,-25,263
78050.0,-2,6,360
78052.5,30,-9,220
78055.0,-29,-20,289
78057.5,-25,-21,303
78060.0,22,-18,337
78062.5,32,-5,355
78065.0,-30,-59,331
78067.5,41,25,242
78070.0,-3,3,327
78072.5,2,-4,271
78075.0,-36,-43,307
78077.5,9,36,330
78080.0,12,-3,299
78082.5,-57,-19,388
78085.0,66,56,251
78087.5,9,-33,210
78090.0,10,17,289
78092.5,-24,-36,296
78095.0,-24,-36,296
78097.5,-23,-27,321
78100.0,21,-22,337
78102.5,-48,-23,253
78105.0,62,-2,368
78107.5,15,-45,280
78110.0,13,-31,282
78112.5,-24,23,336
78115.0,53,20,309
78117.5,-18,-46,307
78120.0,30,-36,339
78122.5,45,4,252
78125.0,-25,-11,338
78127.5,30,13,234
78130.0,-16,-5,313
78132.5,-20,67,328
78135.0,14,-11,355
78137.5,-59,-59,343
78140.0,46,38,296
78142.5,-6,-2,228
78145.0,-6,-2,228
78147.5,91,-15,333
78150.0,3,-23,282
78152.5,1,8,285
78155.0,-25,-38,330
78157.5,23,-1,327
78160.0,35,0,375
78162.5,20,-54,293
78165.0,83,-11,321
78167.5,-24,-23,324
78170.0,8,10,285
78172.5,10,-30,346
78175.0,24,-41,339
78177.5,77,-16,258
78180.0,11,-19,320
78182.5,49,-2,250
78185.0,-93,-67,250
78187.5,13,19,307
78190.0,132,-13,318
78192.5,-17,11,300
78195.0,-17,11,300
78197.5,30,27,304
78200.0,41,17,270
78202.5,15,-48,340
78205.0,-10,-4,262
78207.5,32,16,245
78210.0,-14,-15,334
78212.5,36,17,290
78215.0,18,32,350
78217.5,89,32,267
78220.0,42,29,240
78222.5,26,92,218
78225.0,66,9,260
78227.5,6,-21,296
78230.0,-19,-19,364
78232.5,38,-34,318
78235.0,-8,7,344
78237.5,-10,-29,248
78240.0,-34,-23,276
78242.5,-5,-26,318
78245.0,-5,-26,318
78247.5,18,-18,306
78250.0,2,-9,327
78252.5,12,-58,346
78255.0,17,-6,347
78257.5,2,-6,365
78260.0,-17,9,278
78262.5,3,11,303
78265.0,-86,-53,317
78267.5,17,29,274
78270.0,32,-31,325
78272.5,54,9,328
78275.0,17,1,259
78277.5,-41,-67,356
78280.0,17,-6,262
78282.5,-51,-15,291
78285.0,27,-10,350
78287.5,114,5,350
78290.0,-48,-62,346
78292.5,29,4,312
78295.0,29,4,312
78297.5,68,-43,283
78300.0,-25,-51,334
78302.5,-49,-51,290
78305.0,-39,-10,307
78307.5,-4,2,391
78310.0,-1,-67,326
78312.5,-34,-71,374
78315.0,-14,-27,297
78317.5,-41,-13,236
78320.0,-95,-46,294
78322.5,85,-15,258
78325.0,22,11,288
78327.5,-49,-58,322
78330.0,8,11,264
78332.5,-27,-12,345
78335.0,1,-33,248
78337.5,-25,-34,246
78340.0,12,15,275
78342.5,6,0,343
78345.0,6,0,343
78347.5,-16,-14,328
78350.0,57,33,345
78352.5,51,62,277
78355.0,-66,-41,329
78357.5,23,20,255
78360.0,46,13,283
78362.5,-14,10,315
78365.0,-31,-17,308
78367.5,25,-5,324
78370.0,50,18,315
78372.5,7,-11,273
78375.0,-23,-13,293
78377.5,54,9,271
78380.0,-26,-41,296
78382.5,-33,1,318
78385.0,47,-59,273
78387.5,56,36,342
78390.0,22,-17,272
78392.5,-1,-17,266
78395.0,-1,-17,266
78397.5,11,41,299
78400.0,15,8,348
78402.5,42,8,327
78405.0,-13,13,328
78407.5,118,40,321
78410.0,32,-43,356
78412.5,31,-28,235
78415.0,-52,11,221
78417.5,1,-18,324
78420.0,16,16,281
78422.5,40,34,312
78425.0,46,-9,319
78427.5,11,-7,239
78430.0,-13,-15,325
78432.5,18,-10,275
78435.0,-28,-53,311
78437.5,26,4,321
78440.0,0,-61,328
78442.5,25,-30,353
78445.0,25,-30,353
78447.5,32,-6,300
78450.0,0,-28,276
78452.5,-13,-17,318
78455.0,105,35,282
78457.5,-61,-33,311
78460.0,2,-12,362
78462.5,32,-11,328
78465.0,-5,4,354
78467.5,-1,-11,280
78470.0,77,-27,303
78472.5,6,-7,313
78475.0,-14,-9,286
78477.5,58,58,295
78480.0,-2,-39,375
78482.5,31,-5,324
78485.0,39,-19,363
78487.5,6,35,219
78490.0,-45,2,233
78492.5,-45,2,233
78495.0,5,-26,321
78497.5,60,22,281
78500.0,-41,-31,342
78502.5,3,-31,334
78505.0,-69,-43,246
78507.5,51,18,327
78510.0,-7,-20,245
78512.5,40,38,274
78515.0,-42,-5,321
78517.5,21,39,307
78520.0,-9,5,329
78522.5,83,-22,332
78525.0,15,16,269
78527.5,11,5,344
78530.0,-34,-54,273
78532.5,11,19,291
78535.0,24,-7,362
78537.5,19,-41,306
78540.0,1,-64,320
78542.5,1,-64,320
78545.0,53,5,272
78547.5,1,8,260
78550.0,33,34,302
78552.5,76,44,283
78555.0,-5,36,296
78557.5,82,0,366
78560.0,8,9,289
78562.5,-16,12,329
78565.0,19,24,212
78567.5,-13,-45,336
78570.0,25,-33,314
78572.5,46,-4,308
78575.0,3,13,299
78577.5,-37,-18,362
78580.0,-22,18,268
78582.5,-76,-53,314
78585.0,79,17,287
78587.5,38,9,321
78590.0,-2,-19,346
78592.5,-2,-19,346
78595.0,43,25,302
78597.5,0,-40,355
78600.0,44,3,311
78602.5,9,4,236
78605.0,2,7,305
78607.5,27,46,269
78610.0,9,-69,298
78612.5,-54,-13,371
78615.0,-21,-48,336
78617.5,30,-17,368
78620.0,8,9,248
78622.5,-56,62,269
78625.0,52,25,274
78627.5,40,12,300
78630.0,-27,13,305
78632.5,-2,-101,381
78635.0,-24,-53,290
78637.5,-107,-18,322
78640.0,41,-11,290
78642.5,41,-11,290
78645.0,20,-58,297
78647.5,13,-15,323
78650.0,66,33,281
78652.5,65,-16,304
78655.0,1,-36,304
78657.5,107,65,238
78660.0,174,39,324
78662.5,39,-26,243
78665.0,-70,-58,260
78667.5,7,53,312
78670.0,0,-10,318
78672.5,3,-14,363
78675.0,-27,-4,336
78677.5,15,-1,251
78680.0,-5,-24,313
78682.5,-2,-11,277
78685.0,-13,0,284
78687.5,33,8,358
78690.0,-36,-45,286
78692.5,-36,-45,286
78695.0,-40,-16,340
78697.5,-4,-45,280
78700.0,10,-38,249
78702.5,-30,-25,307
78705.0,-19,-22,297
78707.5,69,-1,319
78710.0,48,-11,331
78712.5,12,-26,323
78715.0,40,4,359
78717.5,58,-1,249
78720.0,-19,-10,284
78722.5,8,2,344
78725.0,29,2,309
78727.5,54,36,302
78730.0,-48,-51,344
78732.5,-30,-6,266
78735.0,-12,-39,375
78737.5,33,16,290
78740.0,-10,-25,286
78742.5,-10,-25,286
78745.0,37,42,379
78747.5,-5,-20,318
78750.0,-54,-30,311
78752.5,39,-2,287
78755.0,18,10,228
78757.5,-81,-70,358
78760.0,11,-31,243
78762.5,-13,18,302
78765.0,-33,-30,336
78767.5,-1,-56,313
78770.0,59,-4,317
78772.5,-16,-29,244
78775.0,-15,-54,235
78777.5,-18,11,299
78780.0,52,-7,235
78782.5,10,-31,306
78785.0,-6,-44,343
78787.5,63,7,303
78790.0,-8,-29,331
78792.5,-8,-29,331
78795.0,1,-37,266
78797.5,18,18,276
78800.0,17,18,300
78802.5,69,17,311
78805.0,14,5,317
78807.5,-8,-33,342
78810.0,-10,-2,265
78812.5,-49,-61,351
78815.0,18,-6,252
78817.5,4,-22,317
78820.0,-37,-40,332
78822.5,2,-17,336
78825.0,26,-20,339
78827.5,-5,-53,303
78830.0,0,-16,249
78832.5,-34,-22,297
78835.0,34,33,289
78837.5,59,-53,340
78840.0,-14,-16,367
78842.5,-14,-16,367
78845.0,25,0,302
78847.5,13,3,337
78850.0,-22,-18,293
78852.5,30,-14,225
78855.0,-29,-10,297
78857.5,11,-3,272
78860.0,-19,5,310
78862.5,4,-4,357
78865.0,-4,37,252
78867.5,-41,-28,350
78870.0,37,43,232
78872.5,-19,3,280
78875.0,67,-11,273
78877.5,-4,-20,306
78880.0,-19,-10,313
78882.5,-12,18,319
78885.0,-28,-14,277
78887.5,-36,-11,308
78890.0,56,-14,271
78892.5,56,-14,271
78895.0,17,18,250
78897.5,1,-29,348
78900.0,47,-2,286
78902.5,59,42,267
78905.0,10,-45,338
78907.5,101,16,281
78910.0,25,-8,324
78912.5,44,-8,241
78915.0,30,0,273
78917.5,48,6,367
78920.0,-68,-28,273
78922.5,13,-41,319
78925.0,34,9,279
78927.5,-32,-39,257
78930.0,20,-7,307
78932.5,23,16,289
78935.0,10,26,307
78937.5,38,16,361
78940.0,38,16,361
78942.5,12,-17,285
78945.0,-13,-41,379
78947.5,19,6,255
78950.0,72,-19,288
78952.5,-52,-46,324
78955.0,11,31,277
78957.5,74,28,254
78960.0,42,-3,344
78962.5,-9,-15,257
78965.0,-4,-13,377
78967.5,14,-14,240
78970.0,-22,7,241
78972.5,16,15,307
78975.0,7,-20,306
78977.5,42,-10,319
78980.0,17,-27,317
78982.5,98,14,256
78985.0,-47,-26,295
78987.5,50,31,261
78990.0,50,31,261
78992.5,-66,9,308
78995.0,4,-25,369
78997.5,92,-52,311
79000.0,4,-40,306
79002.5,14,-34,316
79005.0,74,16,275
79007.5,-1,-41,336
79010.0,44,11,244
79012.5,-72,-55,315
79015.0,-7,-31,368
79017.5,108,-47,310
79020.0,-22,16,345
79022.5,14,-24,308
79025.0,37,45,292
79027.5,-23,-22,308
79030.0,29,4,268
79032.5,-18,3,263
79035.0,36,-10,364
79037.5,51,44,275
79040.0,51,44,275
79042.5,-41,-36,378
79045.0,29,-2,270
79047.5,-25,3,240
79050.0,-29,-40,317
79052.5,54,33,333
79055.0,16,-37,353
79057.5,44,-7,362
79060.0,-38,-28,286
79062.5,-28,-27,346
79065.0,37,20,247
79067.5,19,-22,267
79070.0,20,-5,310
79072.5,-27,-60,317
79075.0,5,-38,341
79077.5,9,-37,325
79080.0,119,42,279
79082.5,12,-5,330
79085.0,57,36,271
79087.5,-6,-26,269
79090.0,-6,-26,269
79092.5,-6,-7,329
79095.0,31,7,289
79097.5,-49,-17,320
79100.0,-32,-15,290
79102.5,-52,-23,219
79105.0,-1,18,300
79107.5,58,24,285
79110.0,-4,-28,309
79112.5,-14,-18,353
79115.0,18,0,311
79117.5,5,-18,370
79120.0,-6,-5,240
79122.5,-87,-38,281
79125.0,14,3,321
79127.5,15,-39,298
79130.0,12,-40,331
79132.5,15,-7,358
79135.0,32,5,227
79137.5,27,-52,361
79140.0,27,-52,361
79142.5,68,-9,249
79145.0,-45,21,237
79147.5,-21,5,302
79150.0,73,71,289
79152.5,-2,-14,346
79155.0,23,15,302
79157.5,65,46,262
79160.0,-24,-15,311
79162.5,-27,-37,252
79165.0,-10,4,299
79167.5,26,0,292
79170.0,6,-18,330
79172.5,7,-6,355
79175.0,4,-36,317
79177.5,59,5,270
79180.0,79,21,341
79182.5,43,8,279
79185.0,39,10,289
79187.5,-20,-25,354
79190.0,-20,-25,354
79192.5,-24,-61,293
79195.0,16,-21,356
79197.5,44,30,291
79200.0,110,37,257
79202.5,-23,-7,307
79205.0,42,30,288
79207.5,-7,-27,289
79210.0,24,35,324
79212.5,54,-46,342
79215.0,-7,-24,354
79217.5,15,-4,249
79220.0,-79,-52,272
79222.5,-20,-33,322
79225.0,43,6,286
79227.5,12,6,295
79230.0,16,-79,370
79232.5,43,-45,298
79235.0,0,-25,371
79237.5,9,-1,251
79240.0,9,-1,251
79242.5,-49,-10,227
79245.0,26,-6,305
79247.5,-37,-2,266
79250.0,0,10,320
79252.5,37,22,315
79255.0,97,32,255
79257.5,-22,-50,349
79260.0,-2,13,239
79262.5,-70,-23,308
79265.0,1,30,325
79267.5,-9,-73,335
79270.0,31,-13,349
79272.5,14,-21,320
79275.0,13,-33,278
79277.5,10,1,312
79280.0,11,7,260
79282.5,-72,-23,289
79285.0,30,0,355
79287.5,11,-10,311
79290.0,11,-10,311
79292.5,55,-17,349
79295.0,29,2,278
79297.5,2,12,222
79300.0,-22,5,290
79302.5,63,51,267
79305.0,38,-1,317
79307.5,-71,-33,349
79310.0,-27,-9,327
79312.5,-100,-98,355
79315.0,-4,4,219
79317.5,-27,-3,256
79320.0,17,4,331
79322.5,48,0,269
79325.0,-12,-27,336
79327.5,45,12,305
79330.0,-21,-77,265
79332.5,21,-3,359
79335.0,2,-47,233
79337.5,14,-47,311
79340.0,14,-47,311
79342.5,-1,-25,356
79345.0,41,-6,325
79347.5,43,6,318
79350.0,-10,-76,336
79352.5,7,-16,272
79355.0,15,-14,360
79357.5,14,-44,269
79360.0,10,-23,291
79362.5,-35,-12,328
79365.0,65,8,303
79367.5,35,21,324
79370.0,63,0,321
79372.5,-20,29,274
79375.0,-59,6,314
79377.5,43,52,286
79380.0,26,-16,301
79382.5,-22,-27,334
79385.0,-16,12,312
79387.5,18,-17,376
79390.0,18,-17,376
79392.5,-24,-45,247
79395.0,14,8,309
79397.5,-15,-36,334
79400.0,42,-8,310
79402.5,29,55,301
79405.0,-46,-16,376
79407.5,47,24,342
79410.0,17,48,387
79412.5,0,-34,232
79415.0,70,45,244
79417.5,50,17,307
79420.0,-15,45,316
79422.5,21,-9,338
79425.0,-15,-18,343
79427.5,6,38,287
79430.0,-80,-68,351
79432.5,23,29,280
79435.0,30,2,305
79437.5,1,7,335
79440.0,1,7,335
79442.5,14,-51,308
79445.0,29,-7,340
79447.5,-53,-49,331
79450.0,55,-3,310
79452.5,-5,-8,311
79455.0,-1,-49,298
79457.5,24,5,307
79460.0,-7,-19,368
79462.5,-7,-54,306
79465.0,-13,18,322
79467.5,24,-8,306
79470.0,100,-7,262
79472.5,87,25,297
79475.0,36,-15,283
79477.5,12,-5,323
79480.0,-18,14,359
79482.5,-32,-35,243
79485.0,30,6,387
79487.5,58,50,253
79490.0,58,50,253
79492.5,81,81,293
79495.0,1,-36,308
79497.5,61,27,281
79500.0,-16,-38,313
79502.5,40,-28,355
79505.0,-57,-44,287
79507.5,4,-37,352
79510.0,-11,-11,258
79512.5,-5,-10,290
79515.0,-5,-2,329
79517.5,47,-44,318
79520.0,20,-38,344
79522.5,21,-26,320
79525.0,94,31,241
79527.5,47,-33,342
79530.0,-19,-16,258
79532.5,44,33,294
79535.0,5,-10,343
79537.5,12,24,291
79540.0,12,24,291
79542.5,-64,-20,329
79545.0,72,37,283
79547.5,0,-22,241
79550.0,37,28,269
79552.5,27,57,279
79555.0,21,-21,289
79557.5,-2,-24,331
79560.0,10,29,270
79562.5,72,-1,337
79565.0,-13,-5,279
79567.5,60,-31,247
79570.0,49,13,315
79572.5,34,23,270
79575.0,-17,37,282
79577.5,27,-12,363
79580.0,26,7,316
79582.5,-9,-10,353
79585.0,23,0,256
79587.5,-52,-45,252
79590.0,-52,-45,252
79592.5,-22,-19,327
79595.0,47,-31,310
79597.5,5,-37,331
79600.0,25,0,323
79602.5,59,21,245
79605.0,-46,-8,286
79607.5,63,54,249
79610.0,9,23,271
79612.5,54,-37,342
79615.0,44,23,302
79617.5,31,18,327
79620.0,4,-6,306
79622.5,88,-6,255
79625.0,-2,-34,317
79627.5,13,-3,230
79630.0,-35,-15,282
79632.5,0,4,344
79635.0,103,10,308
79637.5,103,10,308
79640.0,-9,-19,343
79642.5,-1,-37,264
79645.0,-21,3,225
79647.5,7,21,275
79650.0,5,13,290
79652.5,20,-4,284
79655.0,1,-36,345
79657.5,-18,-5,323
79660.0,23,-22,385
79662.5,68,10,247
79665.0,30,4,254
79667.5,-38,-21,300
79670.0,-3,26,309
79672.5,-40,-8,301
79675.0,23,40,326
79677.5,18,-25,266
79680.0,-30,-1,351
79682.5,-27,-52,259
79685.0,-37,26,291
79687.5,-37,26,291
79690.0,30,20,346
79692.5,43,13,327
79695.0,-34,-11,346
79697.5,16,-7,305
79700.0,-8,42,237
79702.5,-40,-28,330
79705.0,5,0,311
79707.5,-23,18,298
79710.0,4,-17,362
79712.5,43,6,301
79715.0,11,-1,343
79717.5,-3,8,257
79720.0,-12,35,265
79722.5,-2,1,263
79725.0,30,0,266
79727.5,72,34,273
79730.0,54,18,310
79732.5,43,-21,295
79735.0,24,15,343
79737.5,24,15,343
79740.0,23,0,240
79742.5,-57,-15,246
79745.0,56,-7,310
79747.5,22,31,290
79750.0,51,-47,306
79752.5,52,-6,342
79755.0,-24,-35,255
79757.5,32,20,301
79760.0,20,-60,233
79762.5,85,-27,318
79765.0,6,34,294
79767.5,-12,-28,276
79770.0,43,9,316
79772.5,-24,-88,311
79775.0,-61,-53,257
79777.5,29,-13,326
79780.0,70,4,205
79782.5,-13,-27,288
79785.0,-23,-98,391
79787.5,-23,-98,391
79790.0,86,-24,313
79792.5,15,-31,344
79795.0,51,23,266
79797.5,50,0,235
79800.0,48,42,320
79802.5,-43,-4,232
79805.0,-18,-34,303
79807.5,5,-29,332
79810.0,-2,-7,320
79812.5,-27,-29,367
79815.0,49,56,238
79817.5,-83,10,306
79820.0,11,-11,297
79822.5,26,20,301
79825.0,1,-81,324
79827.5,5,-7,358
79830.0,31,-15,267
79832.5,68,21,336
79835.0,-40,-5,228
79837.5,-40,-5,228
79840.0,-13,-34,292
79842.5,10,-15,321
79845.0,8,-49,336
79847.5,-15,-34,316
79850.0,17,0,341
79852.5,113,36,291
79855.0,43,19,311
79857.5,-23,-34,240
79860.0,-13,33,263
79862.5,9,-4,341
79865.0,41,38,295
79867.5,45,-26,367
79870.0,46,7,276
79872.5,51,5,283
79875.0,-51,-11,312
79877.5,36,6,290
79880.0,20,-14,324
79882.5,-52,-27,344
79885.0,36,4,304
79887.5,36,4,304
79890.0,-83,-46,335
79892.5,57,31,251
79895.0,36,-19,264
79897.5,20,4,322
79900.0,-27,-7,329
79902.5,-22,14,341
79905.0,17,-54,366
79907.5,41,-47,311
79910.0,37,1,340
79912.5,26,18,239
79915.0,17,-13,278
79917.5,-5,-14,325
79920.0,-56,-71,344
79922.5,40,-19,327
79925.0,53,-8,318
79927.5,22,-35,231
79930.0,-13,-29,298
79932.5,10,-40,277
79935.0,41,18,295
79937.5,41,18,295
79940.0,59,-14,349
79942.5,56,30,309
79945.0,30,-5,335
79947.5,64,13,295
79950.0,28,-10,246
79952.5,-60,13,296
79955.0,36,5,279
79957.5,-6,-21,309
79960.0,-8,-7,329
79962.5,108,12,288
79965.0,16,-42,371
79967.5,39,2,251
79970.0,51,-4,245
79972.5,55,39,337
79975.0,44,-4,310
79977.5,-39,-92,333
79980.0,16,-18,324
79982.5,-2,-31,294
79985.0,-53,-43,314
79987.5,-53,-43,314
79990.0,39,22,248
79992.5,-29,28,286
79995.0,18,22,298
79997.5,6,-33,297
80000.0,-12,-15,338
80002.5,-27,-26,327
80005.0,43,-22,263
80007.5,-11,-52,304
80010.0,27,-5,239
80012.5,24,-2,305
80015.0,-6,-52,325
80017.5,55,-6,309
80020.0,35,-16,364
80022.5,53,-3,314
80025.0,71,22,251
80027.5,24,6,313
80030.0,40,-23,310
80032.5,24,-4,314
80035.0,25,10,345
80037.5,25,10,345
80040.0,58,29,306
80042.5,39,2,337
80045.0,58,-7,273
80047.5,31,42,249
80050.0,-47,-57,309
80052.5,86,43,290
80055.0,37,5,325
80057.5,-50,-11,301
80060.0,163,4,314
80062.5,13,-32,354
80065.0,33,28,251
80067.5,-45,-14,281
80070.0,5,-20,321
80072.5,27,40,289
80075.0,-25,-2,313
80077.5,13,-57,308
80080.0,32,-4,226
80082.5,-56,-22,303
80085.0,11,-21,262
80087.5,11,-21,262
80090.0,7,-15,294
80092.5,15,20,356
80095.0,11,-25,304
80097.5,69,11,322
80100.0,37,-4,308
80102.5,3,40,274
80105.0,-26,-49,312
80107.5,9,-16,313
80110.0,56,-2,342
80112.5,22,-45,425
80115.0,-54,-15,329
80117.5,-32,-7,383
80120.0,35,-23,289
80122.5,-9,-9,257
80125.0,43,42,297
80127.5,48,4,287
80130.0,5,-13,328
80132.5,92,3,303
80135.0,92,3,303
80137.5,-11,13,249
80140.0,-24,-55,339
80142.5,-8,5,272
80145.0,-38,13,302
80147.5,36,2,354
80150.0,18,1,305
80152.5,-9,-52,338
80155.0,52,-45,330
80157.5,-23,-30,248
80160.0,9,38,303
80162.5,70,-13,252
80165.0,17,13,284
80167.5,-47,23,342
80170.0,30,-58,300
80172.5,-4,37,350
80175.0,18,-13,277
80177.5,71,-33,313
80180.0,-25,-24,311
80182.5,59,38,283
80185.0,59,38,283
80187.5,31,-2,305
80190.0,-9,-40,337
80192.5,-17,11,286
80195.0,18,-28,344
80197.5,1,10,253
80200.0,39,0,277
80202.5,22,16,306
80205.0,9,-15,282
80207.5,39,-15,308
80210.0,102,40,310
80212.5,78,-36,262
80215.0,3,-4,310
80217.5,7,-14,260
80220.0,-17,28,280
80222.5,5,-10,375
80225.0,44,-92,345
80227.5,32,20,341
80230.0,18,-4,266
80232.5,30,-10,244
80235.0,30,-10,244
80237.5,8,-10,293
80240.0,0,13,260
80242.5,-59,-15,331
80245.0,7,-53,367
80247.5,97,15,263
80250.0,-28,-25,310
80252.5,68,-15,276
80255.0,-18,-8,267
80257.5,38,-3,320
80260.0,-5,-6,264
80262.5,-26,-13,316
80265.0,4,28,341
80267.5,-28,2,245
80270.0,-12,-34,355
80272.5,24,0,240
80275.0,12,18,297
80277.5,29,-24,354
80280.0,76,8,311
80282.5,6,15,339
80285.0,6,15,339
80287.5,34,9,286
80290.0,50,5,336
80292.5,16,-13,285
80295.0,5,1,258
80297.5,-2,-51,312
80300.0,-36,-9,335
80302.5,64,-22,318
80305.0,23,11,332
80307.5,52,-3,224
80310.0,0,7,262
80312.5,-51,-16,327
80315.0,34,-22,318
80317.5,-22,-26,313
80320.0,27,-19,316
80322.5,68,36,254
80325.0,-16,-22,310
80327.5,11,19,262
80330.0,79,7,294
80332.5,-33,12,323
80335.0,-33,12,323
80337.5,-24,23,278
80340.0,7,11,314
80342.5,-7,-7,282
80345.0,26,-43,255
80347.5,43,-27,293
80350.0,13,-30,289
80352.5,-3,-29,301
80355.0,-18,-26,331
80357.5,9,-13,328
80360.0,-30,-40,350
80362.5,-4,-8,258
80365.0,32,-38,276
80367.5,-22,-22,301
80370.0,44,-10,313
80372.5,-16,-14,286
80375.0,22,-25,332
80377.5,-66,-47,300
80380.0,-8,-45,336
80382.5,76,-3,251
80385.0,76,-3,251
80387.5,-57,38,235
80390.0,38,33,275
80392.5,7,-18,301
80395.0,13,11,329
80397.5,45,-8,309
80400.0,13,-26,273
80402.5,1,40,288
80405.0,73,-14,310
80407.5,-21,-6,295
80410.0,20,-14,356
80412.5,47,-1,284
80415.0,53,-9,334
80417.5,60,18,279
80420.0,30,-7,242
80422.5,45,-4,314
80425.0,18,10,244
80427.5,-5,21,276
80430.0,-63,-68,333
80432.5,-16,-65,239
80435.0,-16,-65,239
80437.5,23,-4,339
80440.0,-5,-59,261
80442.5,-4,3,227
80445.0,-20,-4,287
80447.5,47,-16,283
80450.0,33,30,305
80452.5,-31,-46,361
80455.0,88,-1,299
80457.5,-7,-9,363
80460.0,-27,-36,250
80462.5,-36,-43,275
80465.0,18,-18,329
80467.5,66,12,277
80470.0,-74,-33,323
80472.5,-10,-19,290
80475.0,63,15,271
80477.5,-61,-21,295
80480.0,17,-4,303
80482.5,-4,-5,314
80485.0,-4,-5,314
80487.5,43,3,341
80490.0,-16,2,319
80492.5,-52,-53,336
80495.0,36,31,245
80497.5,-70,-24,281
80500.0,1,1,332
80502.5,12,2,314
80505.0,19,-23,326
80507.5,38,0,327
80510.0,37,-35,332
80512.5,77,45,351
80515.0,29,26,248
80517.5,1,-28,261
80520.0,-17,-4,284
80522.5,-11,45,318
80525.0,35,-23,346
80527.5,36,16,291
80530.0,-19,-14,231
80532.5,-19,-20,291
80535.0,-19,-20,291
80537.5,56,2,290
80540.0,-27,-12,289
80542.5,-24,9,324
80545.0,-25,-48,307
80547.5,51,-21,360
80550.0,-20,-30,257
80552.5,5,-10,279
80555.0,36,-14,276
80557.5,-5,-12,303
80560.0,14,20,297
80562.5,34,13,325
80565.0,43,23,327
80567.5,19,17,374
80570.0,-54,-86,323
80572.5,4,-19,320
80575.0,27,36,322
80577.5,-18,-11,296
80580.0,20,-60,331
80582.5,85,14,342
80585.0,85,14,342
80587.5,-13,-52,277
80590.0,-60,-20,327
80592.5,67,-22,291
80595.0,66,43,272
80597.5,-60,-71,352
80600.0,42,-17,321
80602.5,-8,17,331
80605.0,-42,-45,285
80607.5,75,11,248
80610.0,44,-5,310
80612.5,9,-48,313
80615.0,-26,-13,329
80617.5,-3,-98,376
80620.0,59,5,352
80622.5,-16,-28,345
80625.0,-4,-23,229
80627.5,-60,1,250
80630.0,39,4,296
80632.5,39,4,296
80635.0,53,3,298
80637.5,-7,4,322
80640.0,87,40,302
80642.5,29,4,227
80645.0,1,-5,324
80647.5,16,-15,249
80650.0,9,25,270
80652.5,9,-34,360
80655.0,89,52,282
80657.5,-5,-29,341
80660.0,49,29,283
80662.5,81,-24,262
80665.0,8,-27,280
80667.5,45,35,285
80670.0,-12,-12,316
80672.5,72,49,345
80675.0,-38,42,300
80677.5,-34,-15,331
80680.0,91,36,270
80682.5,91,36,270
80685.0,131,7,272
80687.5,-30,8,282
80690.0,43,15,305
80692.5,2,-11,299
80695.0,-14,37,276
80697.5,32,8,238
80700.0,40,-1,299
80702.5,14,26,246
80705.0,12,12,258
80707.5,47,-23,329
80710.0,41,44,291
80712.5,4,-26,339
80715.0,-15,-61,295
80717.5,50,25,243
80720.0,9,0,297
80722.5,-15,-42,281
80725.0,9,-34,316
80727.5,-8,-10,317
80730.0,-8,-9,295
80732.5,-8,-9,295
80735.0,-5,34,332
80737.5,-48,-48,296
80740.0,5,-21,284
80742.5,-10,-6,331
80745.0,30,21,282
80747.5,-1,3,280
80750.0,11,-21,336
80752.5,-24,-21,245
80755.0,-5,41,323
80757.5,-27,-45,263
80760.0,62,38,278
80762.5,-17,16,313
80765.0,30,25,307
80767.5,-10,-76,326
80770.0,55,18,280
80772.5,69,24,252
80775.0,47,7,324
80777.5,23,-10,249
80780.0,-17,-74,342
80782.5,-17,-74,342
80785.0,-30,-33,368
80787.5,37,-1,319
80790.0,84,7,376
80792.5,62,4,266
80795.0,43,20,194
80797.5,-15,-34,308
80800.0,4,30,279
80802.5,21,21,307
80805.0,36,-18,332
80807.5,-56,-47,276
80810.0,63,-1,370
80812.5,26,-2,247
80815.0,15,-28,275
80817.5,-9,-18,288
80820.0,35,-31,287
80822.5,-29,-17,317
80825.0,36,-64,321
80827.5,70,5,244
80830.0,-3,3,316
80832.5,-3,3,316
80835.0,12,2,278
80837.5,-35,-10,302
80840.0,19,-33,373
80842.5,66,23,280
80845.0,16,29,358
80847.5,50,49,258
80850.0,38,-10,322
80852.5,-10,-31,309
80855.0,9,45,286
80857.5,-43,-17,276
80860.0,-23,32,342
80862.5,35,-80,299
80865.0,0,11,334
80867.5,4,-41,255
80870.0,-39,-49,270
80872.5,32,-9,319
80875.0,51,5,324
80877.5,-9,-8,324
80880.0,61,-7,320
80882.5,61,-7,320
80885.0,-19,19,233
80887.5,2,-3,320
80890.0,9,-47,261
80892.5,15,30,310
80895.0,-14,-24,386
80897.5,37,-4,311
80900.0,-87,-77,321
80902.5,3,-1,308
80905.0,83,28,250
80907.5,9,19,294
80910.0,38,11,292
80912.5,-10,39,308
80915.0,60,0,287
80917.5,-13,-42,278
80920.0,-18,-11,358
80922.5,69,17,242
80925.0,103,12,267
80927.5,11,29,290
80930.0,32,20,321
80932.5,32,20,321
80935.0,-46,-11,313
80937.5,-8,-26,322
80940.0,30,1,243
80942.5,-88,0,307
80945.0,-15,-25,269
80947.5,8,23,282
80950.0,13,-7,350
80952.5,44,-17,329
80955.0,92,-11,351
80957.5,66,32,297
80960.0,28,16,245
80962.5,-30,-24,316
80965.0,49,43,281
80967.5,-3,8,282
80970.0,0,-15,328
80972.5,80,27,303
80975.0,22,20,394
80977.5,8,15,243
80980.0,-30,-24,273
80982.5,-30,-24,273
80985.0,4,-24,309
80987.5,77,33,290
80990.0,30,53,300
80992.5,29,36,341
80995.0,25,-19,290
80997.5,-53,-50,345
81000.0,44,36,267
81002.5,-55,-29,304
81005.0,19,25,338
81007.5,21,-10,312
81010.0,40,-38,374
81012.5,18,11,312
81015.0,-8,-34,250
81017.5,-6,25,305
81020.0,6,-4,272
81022.5,-27,-22,319
81025.0,24,-43,359
81027.5,41,7,302
81030.0,3,-27,374
81032.5,3,-27,374
81035.0,15,-32,291
81037.5,-52,-41,284
81040.0,56,31,266
81042.5,-14,-1,309
81045.0,-26,-35,333
81047.5,6,-62,382
81050.0,-3,-6,299
81052.5,55,-22,380
81055.0,-1,3,244
81057.5,-31,19,253
81060.0,-35,-39,324
81062.5,52,-17,291
81065.0,14,1,314
81067.5,17,-54,353
81070.0,44,-18,272
81072.5,4,12,299
81075.0,19,2,235
81077.5,-9,-19,321
81080.0,14,-26,352
81082.5,14,-26,352
81085.0,34,-2,301
81087.5,85,28,337
81090.0,-6,-13,249
81092.5,-1,-21,224
81095.0,-36,-9,303
81097.5,51,3,260
81100.0,-59,-8,294
81102.5,6,-63,365
81105.0,-51,-55,280
81107.5,-9,2,340
81110.0,74,63,262
81112.5,31,2,305
81115.0,-28,-49,322
81117.5,54,19,308
81120.0,-50,11,336
81122.5,1,14,335
81125.0,4,-35,270
81127.5,-49,-2,331
81130.0,1,57,254
81132.5,1,57,254
81135.0,-13,-41,288
81137.5,-36,-2,304
81140.0,68,36,327
81142.5,8,-29,353
81145.0,28,-2,295
81147.5,66,50,265
81150.0,1,-34,321
81152.5,7,-35,257
81155.0,-21,-36,300
81157.5,7,36,344
81160.0,88,24,367
81162.5,-2,-22,380
81165.0,53,4,265
81167.5,46,-31,264
81170.0,19,1,294
81172.5,13,3,287
81175.0,-65,-29,312
81177.5,14,-3,318
81180.0,18,-40,306
81182.5,18,-40,306
81185.0,51,-14,386
81187.5,-3,-13,236
81190.0,37,-11,290
81192.5,35,4,352
81195.0,-41,10,303
81197.5,-8,16,317
81200.0,18,-18,324
81202.5,79,-29,307
81205.0,-13,-23,323
81207.5,87,15,270
81210.0,43,15,279
81212.5,12,-26,360
81215.0,29,-54,332
81217.5,14,-17,322
81220.0,55,-4,283
81222.5,53,37,261
81225.0,-44,-25,321
81227.5,33,-14,298
81230.0,33,-14,298
81232.5,59,11,296
81235.0,-25,-88,358
81237.5,10,25,300
81240.0,43,21,347
81242.5,45,-17,274
81245.0,-24,15,236
81247.5,-5,-3,310
81250.0,-29,2,335
81252.5,-4,13,339
81255.0,-31,-57,336
81257.5,86,40,253
81260.0,6,-36,312
81262.5,-4,5,240
81265.0,48,17,284
81267.5,20,0,307
81270.0,-6,-26,294
81272.5,-27,-16,350
81275.0,59,39,300
81277.5,45,25,242
81280.0,45,25,242
81282.5,36,-14,309
81285.0,30,0,287
81287.5,31,32,302
81290.0,-74,-15,304
81292.5,-76,-44,286
81295.0,-11,-11,366
81297.5,43,26,252
81300.0,-25,-22,260
81302.5,-13,-27,309
81305.0,31,42,287
81307.5,13,11,325
81310.0,20,-9,333
81312.5,33,30,259
81315.0,-82,-61,361
81317.5,38,-28,255
81320.0,-41,17,290
81322.5,-53,-28,341
81325.0,-9,-76,311
81327.5,-2,-14,370
81330.0,-2,-14,370
81332.5,33,-11,301
81335.0,11,-26,251
81337.5,-71,-18,311
81340.0,38,17,299
81342.5,5,45,282
81345.0,-17,-31,371
81347.5,-47,-72,317
81350.0,-37,-34,356
81352.5,-24,-50,297
81355.0,13,12,286
81357.5,52,4,319
81360.0,10,3,312
81362.5,25,27,333
81365.0,42,13,329
81367.5,40,-33,282
81370.0,35,-25,365
81372.5,73,7,271
81375.0,-45,5,282
81377.5,43,30,339
81380.0,43,30,339
81382.5,19,-14,303
81385.0,78,-4,330
81387.5,52,-28,310
81390.0,61,-10,256
81392.5,6,0,324
81395.0,46,30,217
81397.5,21,-18,291
81400.0,-26,-16,356
81402.5,-7,-104,290
81405.0,34,4,339
81407.5,8,-1,257
81410.0,-36,-9,204
81412.5,54,14,262
81415.0,7,-4,295
81417.5,2,-10,311
81420.0,-56,-12,325
81422.5,-26,-18,314
81425.0,15,-10,361
81427.5,66,-6,259
81430.0,66,-6,259
81432.5,-9,7,247
81435.0,-11,-25,318
81437.5,35,29,269
81440.0,-33,-31,314
81442.5,36,-11,314
81445.0,107,9,260
81447.5,-15,3,282
81450.0,33,2,249
81452.5,-7,-5,298
81455.0,38,-18,372
81457.5,-16,49,280
81460.0,80,0,371
81462.5,1,-32,297
81465.0,47,14,246
81467.5,-59,-33,307
81470.0,59,30,277
81472.5,-3,0,290
81475.0,30,12,356
81477.5,74,-11,327
81480.0,74,-11,327
81482.5,12,1,332
81485.0,25,-21,269
81487.5,6,31,267
81490.0,8,-18,303
81492.5,37,22,334
81495.0,-25,-58,330
81497.5,70,3,375
81500.0,5,-35,269
81502.5,-47,-24,312
81505.0,-48,7,259
81507.5,-31,-26,304
81510.0,-24,-11,330
81512.5,-20,-33,309
81515.0,-66,29,310
81517.5,62,37,295
81520.0,-10,-33,246
81522.5,-4,-6,320
81525.0,-27,36,240
81527.5,18,2,296
81530.0,18,2,296
81532.5,-30,-16,334
81535.0,-33,-7,291
81537.5,-90,-44,341
81540.0,21,-6,227
81542.5,-1,11,256
81545.0,1,5,305
81547.5,39,10,292
81550.0,-25,-34,340
81552.5,20,-31,332
81555.0,-14,-25,255
81557.5,40,-8,336
81560.0,20,-30,222
81562.5,24,-2,284
81565.0,3,-52,357
81567.5,38,45,323
81570.0,7,20,331
81572.5,38,7,305
81575.0,24,-1,212
81577.5,-19,16,301
81580.0,-19,16,301
81582.5,11,-3,287
81585.0,58,-1,270
81587.5,51,-5,341
81590.0,-11,-18,289
81592.5,-8,-17,288
81595.0,56,19,239
81597.5,15,-16,240
81600.0,2,35,294
81602.5,-9,10,287
81605.0,-40,-5,305
81607.5,3,-48,354
81610.0,-1,-35,241
81612.5,-31,-7,328
81615.0,11,-6,235
81617.5,32,28,299
81620.0,19,13,312
81622.5,57,10,308
81625.0,126,-18,298
81627.5,9,6,324
81630.0,9,6,324
81632.5,98,7,248
81635.0,-65,-33,312
81637.5,-3,-17,283
81640.0,71,7,294
81642.5,6,-31,368
81645.0,75,43,301
81647.5,6,-50,337
81650.0,51,23,322
81652.5,42,11,252
81655.0,10,-18,288
81657.5,58,26,272
81660.0,37,-17,298
81662.5,-30,-25,340
81665.0,10,-15,312
81667.5,-30,7,383
81670.0,16,42,234
81672.5,-55,-1,264
81675.0,-12,27,310
81677.5,2,-11,298
81680.0,2,-11,298
81682.5,-33,-13,296
81685.0,21,-16,352
81687.5,34,-5,276
81690.0,20,-11,337
81692.5,2,7,237
81695.0,-37,-10,266
81697.5,-37,15,300
81700.0,36,-13,357
81702.5,-36,-31,307
81705.0,83,48,256
81707.5,10,18,217
81710.0,42,-4,349
81712.5,26,35,283
81715.0,60,-19,293
81717.5,-40,-13,346
81720.0,106,-25,299
81722.5,17,-24,365
81725.0,56,-3,260
81727.5,96,-8,265
81730.0,96,-8,265
81732.5,-16,-10,280
81735.0,34,-11,279
81737.5,46,49,290
81740.0,15,21,369
81742.5,69,-1,313
81745.0,49,31,335
81747.5,48,-15,233
81750.0,-9,-39,273
81752.5,3,-4,311
81755.0,3,7,277
81757.5,31,-14,350
81760.0,31,2,294
81762.5,-19,-21,239
81765.0,-5,-32,334
81767.5,9,-20,276
81770.0,-7,11,296
81772.5,-29,-10,345
81775.0,116,4,285
81777.5,60,-3,372
81780.0,60,-3,372
81782.5,38,1,268
81785.0,-39,-25,287
81787.5,-23,-23,309
81790.0,37,-32,335
81792.5,-18,-16,285
81795.0,17,-32,361
81797.5,-11,-60,252
81800.0,14,-5,367
81802.5,45,-29,251
81805.0,99,29,279
81807.5,-8,-27,269
81810.0,35,-4,286
81812.5,79,37,311
81815.0,37,-24,358
81817.5,92,-6,284
81820.0,12,-67,348
81822.5,37,12,276
81825.0,-34,2,308
81827.5,-34,2,308
81830.0,-31,-40,366
81832.5,87,-29,336
81835.0,44,-6,360
81837.5,1,7,257
81840.0,-5,-36,292
81842.5,-1,-37,350
81845.0,50,21,287
81847.5,-24,-30,334
81850.0,-5,-52,374
81852.5,23,-17,295
81855.0,-41,-21,334
81857.5,105,35,256
81860.0,-31,-28,250
81862.5,31,-14,332
81865.0,83,-4,307
81867.5,9,-25,329
81870.0,44,-5,344
81872.5,21,-2,260
81875.0,-44,-63,313
81877.5,-44,-63,313
81880.0,64,34,227
81882.5,-18,9,280
81885.0,25,-19,364
81887.5,76,13,277
81890.0,-27,-70,346
81892.5,-15,-36,338
81895.0,24,-11,262
81897.5,24,-9,311
81900.0,-26,-4,281
81902.5,-83,-15,329
81905.0,-6,2,407
81907.5,-27,-18,359
81910.0,-64,-52,371
81912.5,3,-23,293
81915.0,26,4,287
81917.5,-33,-42,294
81920.0,33,58,314
81922.5,36,55,312
81925.0,9,10,344
81927.5,9,10,344
81930.0,-19,-6,263
81932.5,-56,-36,339
81935.0,21,17,266
81937.5,-25,-20,292
81940.0,-3,-39,401
81942.5,40,7,323
81945.0,-25,-10,352
81947.5,4,-1,313
81950.0,80,39,249
81952.5,-54,-26,294
81955.0,30,47,279
81957.5,31,-28,291
81960.0,46,-8,346
81962.5,34,-23,329
81965.0,-84,-15,345
81967.5,66,53,227
81970.0,-3,4,273
81972.5,-48,-15,299
81975.0,-10,-12,294
81977.5,-10,-12,294
81980.0,-15,-27,353
81982.5,-11,-39,359
81985.0,55,11,265
81987.5,33,-57,309
81990.0,53,-23,218
81992.5,-40,-26,277
81995.0,-1,-10,331
81997.5,-16,-85,357
82000.0,-17,-13,325
82002.5,16,24,313
82005.0,40,30,263
82007.5,-28,-41,315
82010.0,10,-35,247
82012.5,-8,-32,288
82015.0,-15,4,329
82017.5,-25,-58,330
82020.0,-81,-60,329
82022.5,0,18,234
82025.0,-15,0,261
82027.5,-15,0,261
82030.0,13,5,276
82032.5,17,-18,312
82035.0,-23,-20,338
82037.5,-107,8,331
82040.0,-43,-42,304
82042.5,26,-3,343
82045.0,-3,-24,278
82047.5,-16,-9,288
82050.0,-13,-3,323
82052.5,3,-12,298
82055.0,-15,30,321
82057.5,91,26,300
82060.0,65,22,255
82062.5,-79,-30,328
82065.0,-99,-64,215
82067.5,-16,21,326
82070.0,-16,-42,403
82072.5,-2,-5,303
82075.0,81,-15,347
82077.5,81,-15,347
82080.0,-45,-29,240
82082.5,9,-60,247
82085.0,-21,-41,321
82087.5,-32,13,288
82090.0,-45,-18,317
82092.5,41,-46,371
82095.0,-3,-17,321
82097.5,-33,-20,371
82100.0,-32,-31,243
82102.5,67,-30,286
82105.0,-22,-28,339
82107.5,53,13,261
82110.0,-17,2,353
82112.5,-8,-31,334
82115.0,11,-41,342
82117.5,-11,5,344
82120.0,33,-18,272
82122.5,22,16,249
82125.0,-46,2,323
82127.5,-46,2,323
82130.0,52,4,286
82132.5,54,-33,336
82135.0,30,5,279
82137.5,24,-4,294
82140.0,-102,-51,296
82142.5,34,28,300
82145.0,-9,-8,332
82147.5,-44,-11,349
82150.0,0,-9,295
82152.5,57,2,350
82155.0,40,-32,241
82157.5,-27,-8,275
82160.0,50,6,350
82162.5,87,18,277
82165.0,86,68,318
82167.5,-32,-4,330
82170.0,-29,-38,271
82172.5,24,-13,345
82175.0,52,27,211
82177.5,52,27,211
82180.0,67,39,294
82182.5,19,16,327
82185.0,92,12,323
82187.5,6,12,324
82190.0,39,20,295
82192.5,-55,-43,227
82195.0,-4,1,304
82197.5,20,21,300
82200.0,-24,-21,299
82202.5,-40,-17,338
82205.0,41,-10,297
82207.5,-21,-15,355
82210.0,-16,-37,286
82212.5,41,-34,320
82215.0,-45,-7,318
82217.5,48,28,304
82220.0,-45,-45,316
82222.5,27,-29,379
82225.0,101,31,283
82227.5,101,31,283
82230.0,-4,-28,350
82232.5,51,-46,239
82235.0,-47,-15,285
82237.5,6,4,317
82240.0,10,11,316
82242.5,47,12,341
82245.0,31,11,317
82247.5,90,-15,287
82250.0,-19,-20,335
82252.5,-2,-8,268
82255.0,6,0,287
82257.5,22,-37,358
82260.0,144,-7,291
82262.5,-63,-22,337
82265.0,14,-2,266
82267.5,80,11,254
82270.0,21,13,268
82272.5,-10,-27,272
82275.0,-16,-30,304
82277.5,-16,-30,304
82280.0,14,-41,370
82282.5,2,-32,281
82285.0,-25,-49,377
82287.5,-16,-32,267
82290.0,32,-32,304
82292.5,-13,-12,314
82295.0,34,-5,307
82297.5,58,6,333
82300.0,79,11,333
82302.5,-78,-57,283
82305.0,-62,-26,312
82307.5,72,48,237
82310.0,-21,-62,256
82312.5,45,-14,358
82315.0,106,30,297
82317.5,17,-34,348
82320.0,34,4,302
82322.5,57,60,246
82325.0,57,60,246
82327.5,-4,-16,302
82330.0,34,8,279
82332.5,39,2,300
82335.0,8,-15,388
82337.5,60,22,274
82340.0,-41,-39,330
82342.5,19,-47,267
82345.0,23,-4,283
82347.5,31,-21,299
82350.0,104,17,293
82352.5,4,28,314
82355.0,-26,-36,321
82357.5,-19,-18,278
82360.0,-29,-7,293
82362.5,19,-10,247
82365.0,-26,3,302
82367.5,3,-18,377
82370.0,62,10,312
82372.5,-66,-3,323
82375.0,-66,-3,323
82377.5,-32,-29,271
82380.0,71,48,219
82382.5,-22,-29,301
82385.0,-4,-6,276
82387.5,-74,-27,338
82390.0,-73,-27,339
82392.5,103,15,275
82395.0,-21,-49,346
82397.5,79,24,245
82400.0,-23,-36,301
82402.5,-48,-25,328
82405.0,39,35,315
82407.5,20,-4,327
82410.0,-22,-31,354
82412.5,13,-24,303
82415.0,44,16,354
82417.5,31,-14,206
82420.0,56,3,274
82422.5,18,24,328
82425.0,18,24,328
82427.5,32,9,298
82430.0,31,0,325
82432.5,-22,-18,286
82435.0,123,70,223
82437.5,28,-16,339
82440.0,-7,26,261
82442.5,-55,-20,282
82445.0,23,-2,344
82447.5,-3,-20,320
82450.0,-37,-27,369
82452.5,40,30,256
82455.0,4,-24,238
82457.5,41,6,290
82460.0,26,36,289
82462.5,-24,-22,314
82465.0,5,-10,365
82467.5,40,12,246
82470.0,-43,-34,308
82472.5,25,-52,283
82475.0,25,-52,283
82477.5,-68,-42,262
82480.0,28,15,289
82482.5,22,-34,316
82485.0,-7,-35,340
82487.5,5,-6,311
82490.0,-41,-6,235
82492.5,26,-28,329
82495.0,34,-7,279
82497.5,38,-41,310
82500.0,6,2,360
82502.5,14,-31,314
82505.0,61,-47,326
82507.5,13,-32,289
82510.0,-24,-22,218
82512.5,18,-5,285
82515.0,7,-10,314
82517.5,17,-16,296
82520.0,24,-22,360
82522.5,52,-17,302
82525.0,52,-17,302
82527.5,-19,-31,339
82530.0,-38,71,245
82532.5,-10,-36,308
82535.0,33,-25,344
82537.5,36,-38,301
82540.0,-37,-7,305
82542.5,25,-1,286
82545.0,98,51,251
82547.5,14,6,328
82550.0,-6,-34,270
82552.5,-5,38,284
82555.0,-9,-20,393
82557.5,37,-66,327
82560.0,50,-5,347
82562.5,56,20,321
82565.0,65,20,255
82567.5,25,-34,330
82570.0,29,41,278
82572.5,-9,-12,289
82575.0,-9,-12,289
82577.5,-6,-22,338
82580.0,110,31,280
82582.5,-47,-33,335
82585.0,9,2,245
82587.5,-117,15,275
82590.0,9,-3,332
82592.5,55,49,332
82595.0,-34,-28,329
82597.5,28,39,316
82600.0,39,14,259
82602.5,16,-18,326
82605.0,48,-4,244
82607.5,28,-12,270
82610.0,-4,-7,321
82612.5,-11,-32,292
82615.0,-64,-35,325
82617.5,33,33,253
82620.0,-11,-47,241
82622.5,4,-15,351
82625.0,4,-15,351
82627.5,19,-6,258
82630.0,-25,-58,285
82632.5,-31,-40,373
82635.0,68,-10,308
82637.5,-46,-41,350
82640.0,28,-17,295
82642.5,39,4,270
82645.0,39,18,273
82647.5,-21,-6,300
82650.0,-33,-42,338
82652.5,13,5,351
82655.0,-36,-9,313
82657.5,-35,-30,341
82660.0,-3,0,272
82662.5,26,15,300
82665.0,-34,-9,336
82667.5,4,-64,333
82670.0,4,-45,363
82672.5,4,-45,363
82675.0,11,-42,337
82677.5,86,21,246
82680.0,-28,25,316
82682.5,33,26,231
82685.0,-49,8,264
82687.5,-43,-18,328
82690.0,30,-8,296
82692.5,18,-43,339
82695.0,-48,-88,301
82697.5,44,-22,249
82700.0,22,-7,310
82702.5,53,13,300
82705.0,74,14,289
82707.5,42,19,338
82710.0,30,17,305
82712.5,-12,4,329
82715.0,73,-3,269
82717.5,-22,12,251
82720.0,-57,-35,331
82722.5,-57,-35,331
82725.0,30,-6,295
82727.5,43,1,308
82730.0,19,30,304
82732.5,40,-11,277
82735.0,-45,4,368
82737.5,52,14,228
82740.0,98,27,284
82742.5,5,0,364
82745.0,8,-10,311
82747.5,-50,-12,318
82750.0,-5,-20,281
82752.5,107,-9,253
82755.0,8,-22,305
82757.5,-12,-1,258
82760.0,-24,-13,309
82762.5,-8,-15,370
82765.0,26,-13,323
82767.5,80,10,328
82770.0,50,5,254
82772.5,50,5,254
82775.0,-34,13,250
82777.5,-8,7,298
82780.0,50,8,304
82782.5,9,-18,297
82785.0,69,-2,373
82787.5,56,23,291
82790.0,-25,-22,351
82792.5,23,17,271
82795.0,-36,29,288
82797.5,-33,-26,331
82800.0,24,-5,316
82802.5,20,-9,302
82805.0,-37,-28,318
82807.5,16,-14,252
82810.0,11,-16,362
82812.5,66,-17,293
82815.0,77,22,289
82817.5,-22,-40,361
82820.0,18,-22,282
82822.5,18,-22,282
82825.0,-13,-15,311
82827.5,31,-25,304
82830.0,26,20,286
82832.5,-39,-23,303
82835.0,114,54,256
82837.5,-2,-13,291
82840.0,22,-34,381
82842.5,14,-17,283
82845.0,49,21,356
82847.5,-55,-47,257
82850.0,-47,-76,322
82852.5,40,8,331
82855.0,74,23,307
82857.5,43,12,317
82860.0,-24,11,297
82862.5,23,-19,258
82865.0,28,3,314
82867.5,31,22,248
82870.0,8,-14,250
82872.5,8,-14,250
82875.0,-4,-3,302
82877.5,-20,-23,289
82880.0,-32,-38,357
82882.5,-25,-71,343
82885.0,22,9,249
82887.5,-7,-23,341
82890.0,43,19,266
82892.5,-16,0,284
82895.0,-28,-5,336
82897.5,54,-23,329
82900.0,32,4,360
82902.5,17,-37,279
82905.0,-43,-29,278
82907.5,36,-3,281
82910.0,-18,-19,305
82912.5,-44,-53,332
82915.0,25,-8,348
82917.5,-5,-36,317
82920.0,-26,-21,328
82922.5,-26,-21,328
82925.0,10,-19,261
82927.5,38,-91,288
82930.0,40,21,324
82932.5,58,-3,307
82935.0,-28,-22,316
82937.5,52,59,324
82940.0,1,-20,261
82942.5,-74,-43,314
82945.0,14,-3,249
82947.5,69,8,305
82950.0,-32,-17,322
82952.5,50,17,287
82955.0,110,-6,362
82957.5,-21,-46,280
82960.0,-41,9,231
82962.5,0,-17,327
82965.0,12,-28,299
82967.5,57,10,285
82970.0,-17,-37,343
82972.5,-17,-37,343
82975.0,-3,23,309
82977.5,-51,10,311
82980.0,-39,-22,293
82982.5,23,3,228
82985.0,40,21,317
82987.5,79,46,301
82990.0,-14,-24,335
82992.5,34,-50,362
82995.0,57,-2,277
82997.5,-91,14,345
83000.0,-24,-16,272
83002.5,-36,11,243
83005.0,20,30,314
83007.5,44,46,294
83010.0,23,1,320
83012.5,44,-1,310
83015.0,-40,-51,241
83017.5,-25,-19,322
83020.0,20,-5,271
83022.5,20,-5,271
83025.0,24,16,272
83027.5,-8,5,309
83030.0,48,4,303
83032.5,-10,-6,329
83035.0,-32,-44,288
83037.5,-11,-30,249
83040.0,-17,7,343
83042.5,11,3,287
83045.0,-29,26,306
83047.5,93,56,347
83050.0,16,17,297
83052.5,44,-10,375
83055.0,-22,-5,245
83057.5,-71,-8,290
83060.0,33,6,301
83062.5,8,-25,299
83065.0,-9,-46,351
83067.5,-8,-63,351
83070.0,-8,-63,351
83072.5,1,-42,329
83075.0,69,0,344
83077.5,60,36,233
83080.0,-9,-29,289
83082.5,17,-12,296
83085.0,109,11,300
83087.5,-37,-27,330
83090.0,-28,-22,329
83092.5,111,69,256
83095.0,18,-36,332
83097.5,12,-15,276
83100.0,53,3,323
83102.5,45,-7,362
83105.0,23,-9,328
83107.5,14,4,325
83110.0,70,48,285
83112.5,-51,-34,228
83115.0,-15,15,301
83117.5,-16,22,310
83120.0,-16,22,310
83122.5,10,-8,300
83125.0,12,11,329
83127.5,61,-22,318
83130.0,58,-6,326
83132.5,-25,18,243
83135.0,-42,-4,277
83137.5,43,-16,327
83140.0,17,-28,272
83142.5,-10,-2,340
83145.0,11,2,351
83147.5,-61,-45,305
83150.0,59,-26,414
83152.5,37,33,247
83155.0,-2,27,232
83157.5,17,5,304
83160.0,23,-48,299
83162.5,50,3,319
83165.0,-28,-35,333
83167.5,-6,-18,272
83170.0,-6,-18,272
83172.5,-65,-46,341
83175.0,57,37,234
83177.5,-5,-60,303
83180.0,-16,-51,360
83182.5,59,27,287
83185.0,31,45,341
83187.5,90,54,258
83190.0,-22,20,276
83192.5,-21,-42,326
83195.0,47,33,281
83197.5,-18,-30,285
83200.0,16,9,328
83202.5,63,23,292
83205.0,-86,-5,316
83207.5,-43,-55,266
83210.0,52,-14,281
83212.5,69,33,280
83215.0,-18,-5,279
83217.5,-31,-11,336
83220.0,-31,-11,336
83222.5,39,-20,345
83225.0,46,1,315
83227.5,16,20,334
83230.0,29,-26,247
83232.5,17,-4,230
83235.0,29,-3,357
83237.5,105,21,323
83240.0,34,6,333
83242.5,31,30,337
83245.0,55,-4,245
83247.5,-44,-18,301
83250.0,9,-16,275
83252.5,-45,-18,285
83255.0,-9,-10,331
83257.5,24,24,294
83260.0,0,-38,322
83262.5,39,-4,299
83265.0,13,-20,236
83267.5,5,-30,344
83270.0,5,-30,344
83272.5,6,-4,290
83275.0,-24,-18,317
83277.5,4,-20,365
83280.0,36,6,308
83282.5,-6,-15,366
83285.0,-27,-63,300
83287.5,17,21,223
83290.0,2,-32,309
83292.5,-10,0,285
83295.0,45,22,310
83297.5,-21,-42,321
83300.0,43,-15,243
83302.5,-11,-7,349
83305.0,83,30,228
83307.5,72,24,261
83310.0,4,-16,299
83312.5,65,37,294
83315.0,-2,-86,318
83317.5,40,3,353
83320.0,40,3,353
83322.5,45,-16,300
83325.0,-2,-32,377
83327.5,1,-1,257
83330.0,42,-5,281
83332.5,25,2,331
83335.0,-23,3,304
83337.5,-3,-3,328
83340.0,90,37,299
83342.5,-86,-41,241
83345.0,-18,-15,324
83347.5,16,1,267
83350.0,-74,3,282
83352.5,-29,-28,378
83355.0,159,78,318
83357.5,11,-50,341
83360.0,9,-1,284
83362.5,37,20,245
83365.0,-27,-16,287
83367.5,25,21,320
83370.0,25,21,320
83372.5,-7,-54,295
83375.0,-18,-35,339
83377.5,55,48,309
83380.0,16,9,352
83382.5,-25,-36,250
83385.0,10,17,265
83387.5,-35,-30,317
83390.0,8,-12,285
83392.5,-23,-16,339
83395.0,-64,-124,323
83397.5,60,-17,271
83400.0,-30,-31,339
83402.5,-3,12,260
83405.0,-59,-15,270
83407.5,-26,-46,327
83410.0,68,4,300
83412.5,54,25,333
83415.0,23,-25,328
83417.5,114,36,246
83420.0,114,36,246
83422.5,-7,-24,304
83425.0,68,6,270
83427.5,-4,-14,300
83430.0,56,27,340
83432.5,10,-22,310
83435.0,-70,-49,333
83437.5,48,31,316
83440.0,42,8,244
83442.5,14,-41,310
83445.0,45,6,279
83447.5,19,18,326
83450.0,-26,16,334
83452.5,48,-9,299
83455.0,42,-44,350
83457.5,11,1,243
83460.0,21,20,279
83462.5,11,24,293
83465.0,45,-15,338
83467.5,5,43,271
83470.0,5,43,271
83472.5,29,-48,364
83475.0,38,-10,270
83477.5,23,12,354
83480.0,17,-27,249
83482.5,-23,-35,277
83485.0,67,19,309
83487.5,43,-9,328
83490.0,41,13,320
83492.5,63,3,295
83495.0,120,57,227
83497.5,-30,-14,297
83500.0,33,-8,247
83502.5,33,-5,271
83505.0,18,-17,347
83507.5,34,-11,277
83510.0,52,-2,337
83512.5,35,-21,313
83515.0,-19,-23,232
83517.5,-19,-23,232
83520.0,43,-1,334
83522.5,62,29,270
83525.0,-33,-25,290
83527.5,-22,-30,363
83530.0,37,24,303
83532.5,30,-19,338
83535.0,-10,-2,291
83537.5,13,-40,261
83540.0,26,-5,294
83542.5,-36,-5,328
83545.0,-37,-37,310
83547.5,57,-7,340
83550.0,39,-25,310
83552.5,-65,-25,348
83555.0,80,35,191
83557.5,78,19,252
83560.0,-47,-18,302
83562.5,83,39,306
83565.0,-4,-21,301
83567.5,-4,-21,301
83570.0,50,6,369
83572.5,60,-29,262
83575.0,-69,-31,316
83577.5,-34,-11,246
83580.0,-14,-33,267
83582.5,-38,-11,297
83585.0,30,1,283
83587.5,86,64,348
83590.0,59,10,323
83592.5,23,-44,259
83595.0,42,-3,317
83597.5,6,-4,284
83600.0,19,-35,305
83602.5,-68,-46,373
83605.0,-45,-43,321
83607.5,32,-5,337
83610.0,38,-11,298
83612.5,45,23,229
83615.0,-1,-14,274
83617.5,-1,-14,274
83620.0,3,7,291
83622.5,-60,11,293
83625.0,-4,-16,356
83627.5,47,7,297
83630.0,9,16,356
83632.5,-6,34,230
83635.0,37,29,242
83637.5,29,3,287
83640.0,1,14,291
83642.5,-29,-9,312
83645.0,7,-28,343
83647.5,5,-28,303
83650.0,6,-30,349
83652.5,1,-24,275
83655.0,-8,-19,304
83657.5,-22,-30,362
83660.0,45,-22,322
83662.5,-44,-25,324
83665.0,24,-9,333
83667.5,24,-9,333
83670.0,-54,-30,268
83672.5,-38,-20,343
83675.0,18,22,227
83677.5,-1,30,303
83680.0,11,-9,330
83682.5,45,6,344
83685.0,19,7,352
83687.5,39,45,286
83690.0,40,-9,250
83692.5,40,5,330
83695.0,23,23,305
83697.5,-27,10,294
83700.0,-16,-21,354
83702.5,5,17,325
83705.0,-7,17,365
83707.5,35,3,258
83710.0,0,-47,259
83712.5,49,25,308
83715.0,28,-16,289
83717.5,28,-16,289
83720.0,27,-50,329
83722.5,27,-45,363
83725.0,-3,-38,256
83727.5,-73,-54,349
83730.0,70,22,219
83732.5,-18,32,265
83735.0,17,-9,336
83737.5,25,2,287
83740.0,21,31,289
83742.5,-45,-44,329
83745.0,-33,-25,279
83747.5,30,18,325
83750.0,-9,5,244
83752.5,9,-2,263
83755.0,27,18,322
83757.5,48,-2,293
83760.0,37,-6,335
83762.5,9,-35,339
83765.0,-43,4,229
83767.5,-43,4,229
83770.0,14,7,316
83772.5,34,5,277
83775.0,42,20,269
83777.5,50,12,346
83780.0,49,12,262
83782.5,-1,-36,337
83785.0,21,-16,288
83787.5,-11,-39,269
83790.0,-38,-45,271
83792.5,-26,-38,296
83795.0,-26,19,297
83797.5,-67,16,338
83800.0,37,2,286
83802.5,-25,-45,339
83805.0,21,-9,277
83807.5,-20,-18,278
83810.0,26,-9,343
83812.5,27,20,319
83815.0,-28,-50,319
83817.5,-28,-50,319
83820.0,39,29,337
83822.5,21,-17,245
83825.0,-23,-12,336
83827.5,29,-12,253
83830.0,-41,-50,283
83832.5,28,20,300
83835.0,25,-16,304
83837.5,70,26,286
83840.0,47,-29,319
83842.5,-22,-39,289
83845.0,-13,-26,350
83847.5,44,3,224
83850.0,-3,-5,316
83852.5,-21,23,337
83855.0,65,-3,342
83857.5,-15,-19,336
83860.0,56,36,295
83862.5,16,5,234
83865.0,1,-41,309
83867.5,1,-41,309
83870.0,30,31,253
83872.5,-34,-26,318
83875.0,-80,-15,372
83877.5,-68,-56,322
83880.0,-31,9,358
83882.5,-23,14,255
83885.0,-135,-50,308
83887.5,49,39,303
83890.0,-46,-20,313
83892.5,-9,-8,283
83895.0,56,-5,348
83897.5,20,-10,322
83900.0,-11,-19,362
83902.5,-22,19,212
83905.0,13,-29,290
83907.5,84,13,344
83910.0,58,-16,295
83912.5,36,17,310
83915.0,3,-23,323
83917.5,3,-23,323
83920.0,113,7,274
83922.5,-87,-45,351
83925.0,11,4,268
83927.5,42,16,294
83930.0,-3,-34,316
83932.5,10,6,345
83935.0,34,-10,356
83937.5,9,-50,305
83940.0,20,-46,268
83942.5,26,-25,337
83945.0,-4,-18,260
83947.5,-45,5,299
83950.0,-29,-6,350
83952.5,-4,-63,311
83955.0,20,-16,359
83957.5,62,25,292
83960.0,34,-14,276
83962.5,-35,-30,301
83965.0,-35,-30,301
83967.5,17,-7,296
83970.0,67,32,277
83972.5,35,-2,354
83975.0,41,19,313
83977.5,-29,-24,365
83980.0,46,14,286
83982.5,7,-48,282
83985.0,37,24,267
83987.5,-2,-9,278
83990.0,-32,-52,295
83992.5,70,-41,376
83995.0,52,3,244
83997.5,14,-23,362
84000.0,-22,4,259
84002.5,34,-17,271
84005.0,15,8,319
84007.5,-35,-28,305
84010.0,-36,-43,372
84012.5,24,10,313
84015.0,24,10,313
84017.5,124,34,259
84020.0,3,-17,333
84022.5,52,1,270
84025.0,-16,9,285
84027.5,14,-6,351
84030.0,9,2,278
84032.5,35,-4,328
84035.0,32,-6,291
84037.5,25,-21,278
84040.0,5,-16,307
84042.5,71,35,301
84045.0,45,17,288
84047.5,3,13,350
84050.0,4,-11,299
84052.5,-1,-58,367
84055.0,117,-9,286
84057.5,-64,-16,268
84060.0,25,23,273
84062.5,-4,-7,290
84065.0,-4,-7,290
84067.5,-13,-22,315
84070.0,57,-12,360
84072.5,55,-15,318
84075.0,-26,-52,345
84077.5,93,-3,249
84080.0,52,10,253
84082.5,-28,-39,318
84085.0,72,22,288
84087.5,91,27,325
84090.0,6,25,323
84092.5,-6,-7,243
84095.0,41,23,305
84097.5,11,4,235
84100.0,-49,-9,268
84102.5,35,-30,329
84105.0,44,14,299
84107.5,-111,-77,351
84110.0,-10,-49,305
84112.5,-45,6,274
84115.0,-45,6,274
84117.5,-38,-7,311
84120.0,-80,-35,235
84122.5,14,11,248
84125.0,-1,10,376
84127.5,18,-6,293
84130.0,-31,-127,369
84132.5,19,-27,298
84135.0,-26,-46,277
84137.5,-44,-53,316
84140.0,34,13,244
84142.5,29,-28,285
84145.0,-51,-57,330
84147.5,-65,-100,277
84150.0,-30,-13,340
84152.5,-8,5,282
84155.0,14,-13,310
84157.5,-3,19,291
84160.0,-7,8,312
84162.5,-38,-56,345
84165.0,-38,-56,345
84167.5,28,2,340
84170.0,33,32,262
84172.5,-4,5,321
84175.0,-60,-78,267
84177.5,-12,-5,256
84180.0,-16,-4,339
84182.5,12,-23,306
84185.0,-5,-46,360
84187.5,24,-7,330
84190.0,79,-23,280
84192.5,5,-30,326
84195.0,-11,4,256
84197.5,8,19,287
84200.0,17,-13,352
84202.5,-1,14,271
84205.0,94,18,356
84207.5,30,13,283
84210.0,57,-22,290
84212.5,14,-7,282
84215.0,14,-7,282
84217.5,42,31,283
84220.0,-23,-19,270
84222.5,-6,11,322
84225.0,-29,-16,227
84227.5,-51,-75,374
84230.0,12,26,267
84232.5,-48,24,239
84235.0,1,-4,290
84237.5,32,-11,297
84240.0,-52,-46,287
84242.5,52,-37,364
84245.0,8,-5,300
84247.5,-12,-14,367
84250.0,63,12,248
84252.5,-19,3,241
84255.0,-46,-16,320
84257.5,-1,-14,336
84260.0,72,31,323
84262.5,22,11,312
84265.0,22,11,312
84267.5,-35,-34,305
84270.0,-11,30,328
84272.5,-5,-54,286
84275.0,-4,-8,289
84277.5,-12,-30,332
84280.0,-4,27,281
84282.5,-60,-38,352
84285.0,-7,-38,317
84287.5,30,-7,234
84290.0,-20,16,318
84292.5,-20,17,267
84295.0,18,-9,304
84297.5,44,-51,359
84300.0,82,5,329
84302.5,0,-25,356
84305.0,3,-28,285
84307.5,87,12,272
84310.0,31,-1,302
84312.5,13,20,304
84315.0,13,20,304
84317.5,4,42,245
84320.0,27,14,358
84322.5,38,49,267
84325.0,76,10,332
84327.5,35,-7,251
84330.0,-10,2,262
84332.5,20,-3,310
84335.0,94,22,307
84337.5,-6,-25,330
84340.0,22,-20,302
84342.5,31,-18,269
84345.0,-46,-26,331
84347.5,-15,-24,279
84350.0,15,31,282
84352.5,-19,-5,339
84355.0,20,-20,305
84357.5,73,-50,341
84360.0,4,-39,281
84362.5,-15,-6,258
84365.0,-15,-6,258
84367.5,-73,-27,292
84370.0,26,-14,278
84372.5,-66,-36,329
84375.0,7,-41,359
84377.5,71,17,313
84380.0,56,70,334
84382.5,68,3,318
84385.0,5,-4,242
84387.5,-65,-44,327
84390.0,34,11,275
84392.5,-22,14,303
84395.0,-76,-50,358
84397.5,-25,-36,365
84400.0,-19,-43,408
84402.5,32,35,243
84405.0,-83,-17,285
84407.5,-24,-12,315
84410.0,-6,-7,292
84412.5,-6,-7,292
84415.0,-25,5,314
84417.5,49,16,344
84420.0,-2,-1,318
84422.5,-29,-17,335
84425.0,26,-8,263
84427.5,57,9,297
84430.0,-37,-33,332
84432.5,30,-8,314
84435.0,35,-36,302
84437.5,-73,-17,312
84440.0,0,-15,272
84442.5,29,-6,351
84445.0,17,-2,229
84447.5,36,-3,291
84450.0,30,35,298
84452.5,-42,47,285
84455.0,-55,-62,379
84457.5,49,29,307
84460.0,-48,-31,242
84462.5,-48,-31,242
84465.0,-105,-36,290
84467.5,-47,-110,283
84470.0,11,24,286
84472.5,60,-23,363
84475.0,-3,-8,301
84477.5,29,-11,346
84480.0,15,30,272
84482.5,35,13,239
84485.0,38,24,288
84487.5,32,24,301
84490.0,9,66,235
84492.5,17,58,323
84495.0,-28,1,306
84497.5,32,59,352
84500.0,55,-2,228
84502.5,19,3,245
84505.0,17,-2,313
84507.5,21,33,283
84510.0,34,-37,328
84512.5,34,-37,328
84515.0,33,8,359
84517.5,60,-12,265
84520.0,-50,-26,302
84522.5,-15,-7,244
84525.0,38,19,318
84527.5,6,14,313
84530.0,-8,16,292
84532.5,-24,-18,289
84535.0,46,-34,368
84537.5,0,-11,241
84540.0,4,-1,322
84542.5,75,1,233
84545.0,32,47,278
84547.5,-12,-32,342
84550.0,-41,-30,296
84552.5,13,-3,338
84555.0,-6,-32,297
84557.5,69,9,265
84560.0,-21,-51,274
84562.5,-21,-51,274
84565.0,30,20,280
84567.5,-2,1,293
84570.0,10,-33,328
84572.5,64,17,314
84575.0,4,-56,363
84577.5,41,13,241
84580.0,-10,-5,282
84582.5,7,-29,337
84585.0,2,-14,278
84587.5,22,12,314
84590.0,31,-37,357
84592.5,-3,-20,273
84595.0,-28,-31,342
84597.5,22,-26,238
84600.0,-39,-19,244
84602.5,40,16,339
84605.0,55,71,301
84607.5,12,-10,309
84610.0,-7,20,324
84612.5,-7,20,324
84615.0,-35,3,257
84617.5,-8,2,325
84620.0,-42,-34,228
84622.5,-19,0,310
84625.0,11,43,310
84627.5,52,26,295
84630.0,-47,-6,315
84632.5,29,-9,293
84635.0,-14,-19,222
84637.5,-16,-69,330
84640.0,51,-34,270
84642.5,-35,-17,309
84645.0,-8,-16,358
84647.5,-108,-42,284
84650.0,39,17,329
84652.5,106,53,307
84655.0,22,-34,273
84657.5,-21,-30,316
84660.0,54,21,306
84662.5,54,21,306
84665.0,-3,-11,280
84667.5,-76,-44,329
84670.0,-7,-2,322
84672.5,-134,-10,340
84675.0,38,12,275
84677.5,-42,-15,230
84680.0,12,-5,316
84682.5,82,47,275
84685.0,-19,-17,340
84687.5,-38,-11,326
84690.0,38,-10,282
84692.5,-39,-6,340
84695.0,-9,-12,254
84697.5,30,26,276
84700.0,7,-102,326
84702.5,68,-13,291
84705.0,-7,-40,343
84707.5,131,44,287
84710.0,14,-9,303
84712.5,14,-9,303
84715.0,-43,-14,346
84717.5,62,-10,263
84720.0,-19,34,278
84722.5,12,-9,355
84725.0,37,13,279
84727.5,-24,-45,325
84730.0,12,-58,290
84732.5,-15,-28,280
84735.0,30,7,299
84737.5,-5,3,311
84740.0,30,-1,271
84742.5,10,-1,342
84745.0,17,10,326
84747.5,21,3,363
84750.0,2,-57,301
84752.5,39,64,266
84755.0,18,5,299
84757.5,-27,-13,283
84760.0,-26,-16,338
84762.5,-26,-16,338
84765.0,72,-9,357
84767.5,15,-30,264
84770.0,51,31,276
84772.5,75,48,203
84775.0,-11,-12,273
84777.5,19,-25,305
84780.0,-6,22,328
84782.5,13,8,337
84785.0,22,-25,322
84787.5,70,-5,258
84790.0,9,-21,309
84792.5,1,-17,263
84795.0,59,19,283
84797.5,-14,-19,340
84800.0,4,-1,295
84802.5,-117,-17,315
84805.0,23,-30,353
84807.5,98,-8,288
84810.0,-22,-27,335
84812.5,-22,-27,335
84815.0,-16,-10,227
84817.5,-8,-3,338
84820.0,-37,-49,360
84822.5,-32,-47,301
84825.0,-34,-5,333
84827.5,66,27,268
84830.0,29,7,263
84832.5,37,-17,295
84835.0,79,54,292
84837.5,30,8,302
84840.0,-31,-64,377
84842.5,-23,-10,294
84845.0,20,-33,380
84847.5,57,9,251
84850.0,83,13,280
84852.5,6,1,305
84855.0,-20,-6,285
84857.5,12,-12,297
84860.0,51,48,359
84862.5,51,48,359
84865.0,-37,-12,274
84867.5,-64,-32,320
84870.0,27,-38,284
84872.5,24,-57,280
84875.0,24,-2,308
84877.5,-109,-124,346
84880.0,44,-4,345
84882.5,39,-3,300
84885.0,26,-8,279
84887.5,79,8,340
84890.0,-3,-32,281
84892.5,-51,-3,294
84895.0,-13,11,339
84897.5,27,-23,291
84900.0,-17,0,336
84902.5,-15,-19,295
84905.0,38,29,250
84907.5,40,6,335
84910.0,40,6,335
84912.5,63,10,268
84915.0,12,-3,256
84917.5,-28,-4,331
84920.0,3,-8,305
84922.5,36,-56,354
84925.0,54,15,252
84927.5,-13,11,272
84930.0,-28,1,308
84932.5,-23,-16,300
84935.0,-4,-6,308
84937.5,35,-42,345
84940.0,-82,-52,253
84942.5,-10,-14,317
84945.0,41,-33,261
84947.5,-25,-32,275
84950.0,21,-2,322
84952.5,29,10,312
84955.0,-11,15,317
84957.5,0,27,325
84960.0,0,27,325
84962.5,40,12,268
84965.0,27,5,338
84967.5,27,35,208
84970.0,-29,-10,299
84972.5,30,0,340
84975.0,51,-7,301
84977.5,-49,-72,333
84980.0,-16,-17,264
84982.5,14,-32,240
84985.0,-46,-27,283
84987.5,-12,-47,278
84990.0,-4,-29,316
84992.5,4,12,351
84995.0,-14,-30,316
84997.5,45,11,336
85000.0,2,-16,270
85002.5,17,-33,300
85005.0,-25,-25,307
85007.5,48,-15,232
85010.0,48,-15,232
85012.5,87,32,297
85015.0,31,-19,357
85017.5,63,5,314
85020.0,-115,-73,350
85022.5,46,24,207
85025.0,-86,-10,240
85027.5,1,23,292
85030.0,24,25,288
85032.5,-25,-25,336
85035.0,48,31,312
85037.5,81,-42,320
85040.0,18,-28,357
85042.5,-10,37,252
85045.0,-5,-2,280
85047.5,29,5,339
85050.0,20,-8,284
85052.5,40,0,322
85055.0,36,-24,314
85057.5,5,-8,269
85060.0,5,-8,269
85062.5,9,-20,343
85065.0,58,-14,302
85067.5,-58,7,287
85070.0,-6,-34,347
85072.5,42,-34,305
85075.0,-38,-26,348
85077.5,29,21,265
85080.0,-4,-3,225
85082.5,-30,-25,327
85085.0,39,-7,325
85087.5,-6,-11,310
85090.0,-28,-10,327
85092.5,20,27,308
85095.0,-20,32,351
85097.5,1,-31,252
85100.0,89,1,299
85102.5,37,11,325
85105.0,12,15,297
85107.5,1,-21,339
85110.0,1,-21,339
85112.5,72,-24,340
85115.0,-4,-49,280
85117.5,-25,6,336
85120.0,71,18,253
85122.5,15,-32,325
85125.0,-12,-15,326
85127.5,80,7,305
85130.0,6,7,306
85132.5,-25,-51,344
85135.0,-6,-5,265
85137.5,44,-7,365
85140.0,-20,-13,267
85142.5,-26,-27,317
85145.0,28,-63,346
85147.5,52,20,294
85150.0,-66,-25,337
85152.5,10,0,291
85155.0,30,32,239
85157.5,-11,-14,354
85160.0,-11,-14,354
85162.5,21,-12,268
85165.0,29,-6,306
85167.5,-24,-41,312
85170.0,13,-9,296
85172.5,35,-29,359
85175.0,66,23,252
85177.5,48,-19,255
85180.0,93,-4,346
85182.5,10,-20,279
85185.0,-44,-56,339
85187.5,9,-10,336
85190.0,-78,-24,238
85192.5,38,17,342
85195.0,22,-19,259
85197.5,13,-24,324
85200.0,39,-18,331
85202.5,20,18,308
85205.0,-58,-29,317
85207.5,54,-35,365
85210.0,54,-35,365
85212.5,45,-12,299
85215.0,-66,-69,342
85217.5,47,3,280
85220.0,-5,0,289
85222.5,19,0,325
85225.0,4,-6,309
85227.5,2,-35,343
85230.0,68,-4,294
85232.5,156,-4,292
85235.0,-17,-29,345
85237.5,-23,-12,271
85240.0,-32,-25,286
85242.5,-11,-3,359
85245.0,-37,-27,271
85247.5,48,12,347
85250.0,9,2,266
85252.5,74,35,282
85255.0,-17,-25,276
85257.5,38,15,299
85260.0,38,15,299
85262.5,-7,10,280
85265.0,22,-11,337
85267.5,46,12,326
85270.0,2,-20,355
85272.5,-57,-33,251
85275.0,9,35,255
85277.5,19,-30,334
85280.0,29,-6,305
85282.5,89,-8,342
85285.0,4,-19,344
85287.5,32,-20,258
85290.0,26,-13,381
85292.5,13,-24,302
85295.0,-48,-16,300
85297.5,45,-1,341
85300.0,11,12,318
85302.5,-39,-26,348
85305.0,10,-23,343
85307.5,-45,-46,266
85310.0,-45,-46,266
85312.5,-38,-17,319
85315.0,72,-5,267
85317.5,97,-9,295
85320.0,4,-20,355
85322.5,-19,10,320
85325.0,-67,-37,362
85327.5,-1,-11,302
85330.0,-25,4,250
85332.5,-11,2,323
85335.0,23,14,275
85337.5,55,5,314
85340.0,-61,-20,322
85342.5,50,-37,294
85345.0,29,-30,386
85347.5,-23,37,244
85350.0,30,16,270
85352.5,60,-37,348
85355.0,34,5,276
85357.5,-28,-23,320
85360.0,-28,-23,320
85362.5,62,-20,359
85365.0,77,-39,356
85367.5,-43,-36,379
85370.0,-15,-36,258
85372.5,-30,-34,227
85375.0,2,9,299
85377.5,13,1,324
85380.0,-4,16,322
85382.5,98,-17,324
85385.0,148,54,239
85387.5,-55,-30,318
85390.0,8,32,252
85392.5,-11,-2,256
85395.0,16,-29,334
85397.5,48,17,291
85400.0,-100,-38,306
85402.5,10,9,306
85405.0,-12,-15,255
85407.5,-12,-15,255
85410.0,64,-15,346
85412.5,24,4,268
85415.0,-3,-20,295
85417.5,7,-1,348
85420.0,-15,-26,315
85422.5,-38,-7,333
85425.0,-68,-109,328
85427.5,-20,-43,277
85430.0,30,4,283
85432.5,20,-27,301
85435.0,43,16,292
85437.5,-13,-32,345
85440.0,-7,-9,312
85442.5,-28,-13,363
85445.0,81,48,226
85447.5,-7,40,243
85450.0,95,-7,272
85452.5,41,-9,290
85455.0,5,-23,327
85457.5,5,-23,327
85460.0,120,8,334
85462.5,35,-25,320
85465.0,24,-31,377
85467.5,7,14,258
85470.0,41,-25,279
85472.5,30,-30,392
85475.0,9,21,308
85477.5,-34,-53,325
85480.0,52,-29,337
85482.5,49,-6,246
85485.0,-30,-9,322
85487.5,34,-59,269
85490.0,99,33,280
85492.5,-9,-41,370
85495.0,-62,-28,282
85497.5,11,-9,334
85500.0,23,-8,288
85502.5,-29,1,296
85505.0,-42,-58,319
85507.5,-42,-58,319
85510.0,36,79,297
85512.5,-47,-52,322
85515.0,16,-15,327
85517.5,-35,-15,332
85520.0,-33,-37,345
85522.5,-7,-52,265
85525.0,23,-22,264
85527.5,26,-15,330
85530.0,61,16,327
85532.5,-30,12,290
85535.0,12,7,347
85537.5,-53,-20,252
85540.0,-79,-34,323
85542.5,66,6,259
85545.0,-37,53,273
85547.5,10,15,299
85550.0,71,-18,328
85552.5,-2,11,311
85555.0,35,-3,311
85557.5,35,-3,311
85560.0,43,22,266
85562.5,-35,-26,333
85565.0,61,16,256
85567.5,69,54,297
85570.0,-34,-18,365
85572.5,19,1,313
85575.0,24,-28,365
85577.5,17,-3,292
85580.0,-46,-31,240
85582.5,37,3,313
85585.0,4,26,256
85587.5,-7,-14,307
85590.0,-12,-18,309
85592.5,9,-1,312
85595.0,6,-29,373
85597.5,120,72,267
85600.0,-43,-56,311
85602.5,20,-7,319
85605.0,19,-23,295
85607.5,19,-23,295
85610.0,-46,-59,347
85612.5,8,-9,347
85615.0,-5,1,288
85617.5,12,3,365
85620.0,-22,12,259
85622.5,-2,15,234
85625.0,43,81,301
85627.5,16,15,289
85630.0,20,17,307
85632.5,69,25,313
85635.0,-18,-23,254
85637.5,-28,0,334
85640.0,-20,-33,273
85642.5,-9,26,265
85645.0,54,-8,360
85647.5,47,-6,295
85650.0,-60,-36,338
85652.5,103,37,260
85655.0,101,-28,331
85657.5,101,-28,331
85660.0,15,-14,279
85662.5,11,-12,246
85665.0,-30,-31,293
85667.5,-22,38,316
85670.0,-17,-24,299
85672.5,5,13,310
85675.0,-50,-2,274
85677.5,-53,-39,304
85680.0,-1,-15,343
85682.5,19,22,281
85685.0,-17,-22,325
85687.5,5,-53,350
85690.0,18,14,269
85692.5,-34,-26,322
85695.0,100,-17,273
85697.5,8,-59,289
85700.0,28,1,299
85702.5,5,-8,339
85705.0,2,-34,342
85707.5,2,-34,342
85710.0,12,-44,340
85712.5,24,-11,227
85715.0,55,24,316
85717.5,-2,-4,251
85720.0,-6,5,284
85722.5,-26,-16,343
85725.0,-17,-34,351
85727.5,-23,-26,346
85730.0,25,4,289
85732.5,48,-14,289
85735.0,-15,-22,321
85737.5,66,42,272
85740.0,-39,-60,356
85742.5,-11,10,367
85745.0,34,37,303
85747.5,30,33,354
85750.0,20,-5,236
85752.5,-40,5,211
85755.0,-12,-6,290
85757.5,-12,-6,290
85760.0,92,16,335
85762.5,10,11,312
85765.0,-15,-9,351
85767.5,117,12,315
85770.0,-59,-39,314
85772.5,59,3,256
85775.0,60,4,289
85777.5,-19,-12,349
85780.0,-41,-27,320
85782.5,21,14,336
85785.0,38,-23,312
85787.5,-40,-54,251
85790.0,13,-42,343
85792.5,38,7,257
85795.0,41,10,312
85797.5,-3,-40,352
85800.0,84,18,322
85802.5,18,-48,366
85805.0,18,5,280
85807.5,18,5,280
85810.0,-30,-10,273
85812.5,38,30,304
85815.0,-4,25,268
85817.5,-10,-50,291
85820.0,-28,8,323
85822.5,-15,-12,290
85825.0,-13,-52,332
85827.5,-8,-24,277
85830.0,79,51,253
85832.5,-21,-49,320
85835.0,-12,-14,289
85837.5,-64,-55,349
85840.0,7,4,329
85842.5,86,30,259
85845.0,22,-13,316
85847.5,29,4,253
85850.0,-36,-23,318
85852.5,34,-4,347
85855.0,101,30,298
85857.5,101,30,298
85860.0,-51,46,330
85862.5,68,-1,310
85865.0,88,-2,245
85867.5,68,26,336
85870.0,-23,-42,283
85872.5,-29,-11,280
85875.0,20,-22,335
85877.5,28,24,297
85880.0,13,-15,353
85882.5,7,-37,283
85885.0,17,10,208
85887.5,69,3,308
85890.0,12,36,287
85892.5,6,-3,304
85895.0,13,14,323
85897.5,38,-6,311
85900.0,38,-13,320
85902.5,34,67,230
85905.0,34,67,230
85907.5,-2,15,265
85910.0,8,27,305
85912.5,79,18,331
85915.0,-15,-4,334
85917.5,-33,-7,343
85920.0,7,9,318
85922.5,2,-13,383
85925.0,-7,-1,227
85927.5,59,8,280
85930.0,27,15,365
85932.5,-41,-28,318
85935.0,-35,-26,341
85937.5,8,-55,331
85940.0,21,-6,279
85942.5,-84,-14,301
85945.0,75,-7,287
85947.5,14,20,310
85950.0,0,-47,390
85952.5,19,-40,311
85955.0,19,-40,311
85957.5,3,-8,354
85960.0,46,17,274
85962.5,34,15,262
85965.0,-45,4,270
85967.5,37,44,287
85970.0,25,19,274
85972.5,18,-19,337
85975.0,7,11,283
85977.5,2,-38,336
85980.0,66,13,222
85982.5,117,18,276
85985.0,8,29,306
85987.5,6,-28,294
85990.0,-71,-100,329
85992.5,48,-18,343
85995.0,60,31,288
85997.5,-2,-23,364
86000.0,1,3,271
86002.5,-28,-16,303
86005.0,-28,-16,303
86007.5,73,17,354
86010.0,6,-17,305
86012.5,91,-15,342
86015.0,49,12,306
86017.5,-18,-17,264
86020.0,37,-31,352
86022.5,14,2,272
86025.0,-12,-29,310
86027.5,-43,6,366
86030.0,-8,-13,314
86032.5,-42,-21,335
86035.0,74,19,262
86037.5,100,28,256
86040.0,-49,9,269
86042.5,8,1,285
86045.0,-91,-41,308
86047.5,18,11,343
86050.0,-96,-72,331
86052.5,-47,-27,359
86055.0,-47,-27,359
86057.5,56,5,221
86060.0,10,23,292
86062.5,-2,-5,296
86065.0,57,22,231
86067.5,-42,-36,289
86070.0,29,21,339
86072.5,6,-34,286
86075.0,-12,3,319
86077.5,6,21,251
86080.0,0,7,287
86082.5,4,-12,346
86085.0,-24,16,302
86087.5,2,-44,320
86090.0,0,-43,321
86092.5,14,8,252
86095.0,-34,-23,331
86097.5,55,8,269
86100.0,-15,-38,297
86102.5,-20,5,317
86105.0,-20,5,317
86107.5,23,4,289
86110.0,-62,-27,323
86112.5,28,-3,276
86115.0,2,-36,251
86117.5,-24,10,292
86120.0,22,7,300
86122.5,49,5,321
86125.0,11,-36,363
86127.5,-79,-49,260
86130.0,69,-7,373
86132.5,40,-16,251
86135.0,91,-9,265
86137.5,-19,10,280
86140.0,38,0,296
86142.5,-7,-2,314
86145.0,-10,18,320
86147.5,49,15,261
86150.0,-32,-39,332
86152.5,0,-9,266
86155.0,0,-9,266
86157.5,61,-15,267
86160.0,27,10,282
86162.5,45,-40,274
86165.0,0,-39,305
86167.5,32,7,302
86170.0,106,-12,277
86172.5,16,-28,317
86175.0,9,27,256
86177.5,-47,-39,262
86180.0,-14,-14,375
86182.5,3,-4,306
86185.0,37,-48,388
86187.5,-9,-90,285
86190.0,5,-50,292
86192.5,45,0,279
86195.0,-15,-23,289
86197.5,-60,-47,293
86200.0,11,-39,346
86202.5,30,-18,318
86205.0,30,-18,318
86207.5,-58,-16,318
86210.0,79,-23,266
86212.5,4,11,257
86215.0,-16,-28,324
86217.5,41,15,329
86220.0,-12,-15,307
86222.5,-1,-17,337
86225.0,48,-14,266
86227.5,17,-49,348
86230.0,82,-16,219
86232.5,-36,-11,307
86235.0,-3,-29,354
86237.5,-17,-20,301
86240.0,37,-13,335
86242.5,-36,-43,303
86245.0,40,11,293
86247.5,-47,-1,302
86250.0,40,27,243
86252.5,35,-5,307
86255.0,35,-5,307
86257.5,-7,-16,334
86260.0,83,-14,321
86262.5,33,-36,358
86265.0,3,-10,271
86267.5,-8,-35,293
86270.0,18,12,295
86272.5,0,-8,273
86275.0,-27,-15,331
86277.5,35,-23,362
86280.0,-24,-19,309
86282.5,26,1,345
86285.0,60,-17,252
86287.5,-4,-7,281
86290.0,-23,-36,327
86292.5,-31,9,305
86295.0,20,-18,323
86297.5,21,-20,300
86300.0,8,-16,247
86302.5,14,-10,342
86305.0,14,-10,342
86307.5,17,9,245
86310.0,-75,-46,262
86312.5,63,-23,367
86315.0,84,10,308
86317.5,-23,-23,357
86320.0,11,-3,288
86322.5,-14,5,244
86325.0,-43,-58,312
86327.5,-5,-3,255
86330.0,2,-17,343
86332.5,12,-19,352
86335.0,-62,-9,326
86337.5,1,18,372
86340.0,-26,12,229
86342.5,51,12,275
86345.0,8,-22,269
86347.5,101,56,264
86350.0,42,-16,292
86352.5,-19,-14,275
86355.0,-19,-14,275
86357.5,20,3,300
86360.0,15,-12,356
86362.5,41,8,258
86365.0,12,-2,271
86367.5,14,-17,369
86370.0,46,42,313
86372.5,-64,-36,340
86375.0,-54,-52,355
86377.5,43,32,228
86380.0,15,-22,322
86382.5,-15,-42,247
86385.0,1,18,279
86387.5,5,-3,343
86390.0,79,3,263
86392.5,1,-34,377
86395.0,11,-19,288
86397.5,62,-19,261
86400.0,51,9,289
86402.5,-28,-26,278
86405.0,-28,-26,278
86407.5,6,-2,306
86410.0,-48,-25,316
86412.5,54,38,304
86415.0,4,-31,358
86417.5,71,14,224
86420.0,44,-23,336
86422.5,87,20,304
86425.0,40,2,299
86427.5,11,-3,293
86430.0,-1,-38,322
86432.5,71,1,268
86435.0,-11,-44,342
86437.5,20,-9,261
86440.0,27,36,286
86442.5,-42,-50,324
86445.0,-9,-46,288
86447.5,-6,22,347
86450.0,1,-12,285
86452.5,3,-33,233
86455.0,3,-33,233
86457.5,-24,-33,292
86460.0,-33,3,284
86462.5,10,-21,302
86465.0,14,11,339
86467.5,-28,-14,330
86470.0,-58,-19,345
86472.5,26,-11,286
86475.0,0,12,283
86477.5,-4,2,298
86480.0,-17,-39,303
86482.5,-30,-69,317
86485.0,70,0,351
86487.5,8,4,276
86490.0,-67,-36,361
86492.5,86,21,216
86495.0,12,1,284
86497.5,-20,-16,336
86500.0,30,0,281
86502.5,30,0,281
86505.0,-42,-10,303
86507.5,2,-12,312
86510.0,44,-18,276
86512.5,-9,-8,319
86515.0,35,31,246
86517.5,-92,-27,252
86520.0,-7,-57,347
86522.5,0,-4,275
86525.0,-18,-11,349
86527.5,82,56,308
86530.0,-42,1,229
86532.5,33,4,301
86535.0,28,-1,278
86537.5,-12,-26,304
86540.0,-63,5,350
86542.5,51,1,290
86545.0,-40,-47,350
86547.5,53,32,240
86550.0,-73,-50,296
86552.5,-73,-50,296
86555.0,-13,6,298
86557.5,49,19,293
86560.0,107,-27,307
86562.5,34,6,354
86565.0,40,-36,252
86567.5,-18,13,324
86570.0,-23,-57,291
86572.5,-14,20,280
86575.0,19,46,338
86577.5,11,24,298
86580.0,20,-25,349
86582.5,55,-14,344
86585.0,2,-13,268
86587.5,5,-40,333
86590.0,74,-11,263
86592.5,-18,-5,315
86595.0,30,12,385
86597.5,42,-21,318
86600.0,6,-23,364
86602.5,6,-23,364
86605.0,-6,-57,304
86607.5,56,31,286
86610.0,-26,-36,296
86612.5,49,16,298
86615.0,38,5,305
86617.5,-10,-25,367
86620.0,35,72,271
86622.5,-17,-18,367
86625.0,10,-17,239
86627.5,-37,25,220
86630.0,24,-21,299
86632.5,66,29,313
86635.0,-45,-58,319
86637.5,-4,4,308
86640.0,46,29,254
86642.5,-44,-32,319
86645.0,12,25,252
86647.5,4,28,271
86650.0,4,-3,337
86652.5,4,-3,337
86655.0,16,27,311
86657.5,-11,-19,333
86660.0,60,46,269
86662.5,22,-25,265
86665.0,0,-46,330
86667.5,16,-13,272
86670.0,8,-16,300
86672.5,-8,0,357
86675.0,9,-35,308
86677.5,9,-52,350
86680.0,-1,-25,267
86682.5,41,6,262
86685.0,27,-6,330
86687.5,-1,-1,286
86690.0,5,8,263
86692.5,54,-21,374
86695.0,44,4,320
86697.5,-62,-57,350
86700.0,23,-51,225
86702.5,23,-51,225
86705.0,29,-22,257
86707.5,1,-15,311
86710.0,48,-3,318
86712.5,46,-1,307
86715.0,15,-10,327
86717.5,-24,17,249
86720.0,0,-18,301
86722.5,23,-66,262
86725.0,-14,-35,296
86727.5,-37,-24,333
86730.0,57,-3,320
86732.5,-44,-50,348
86735.0,35,6,339
86737.5,1,-18,252
86740.0,-11,-34,306
86742.5,30,21,256
86745.0,-27,-62,314
86747.5,3,-8,378
86750.0,84,-14,302
86752.5,84,-14,302
86755.0,-5,-35,335
86757.5,-43,-54,244
86760.0,103,28,275
86762.5,-11,-48,314
86765.0,-25,11,333
86767.5,3,8,325
86770.0,-12,-14,346
86772.5,23,-20,271
86775.0,-32,-22,358
86777.5,24,22,256
86780.0,1,-21,288
86782.5,38,15,312
86785.0,17,-43,322
86787.5,7,10,337
86790.0,-4,4,310
86792.5,101,-1,264
86795.0,-3,-4,312
86797.5,-25,-31,245
86800.0,-20,13,280
86802.5,-20,13,280
86805.0,-3,-42,345
86807.5,23,-11,328
86810.0,-4,8,354
86812.5,58,26,300
86815.0,29,-30,255
86817.5,-26,4,272
86820.0,-27,-7,277
86822.5,53,-37,276
86825.0,-16,48,335
86827.5,-105,-36,289
86830.0,33,-25,353
86832.5,2,31,241
86835.0,58,10,272
86837.5,7,-43,293
86840.0,-12,-28,300
86842.5,53,8,302
86845.0,-11,-30,364
86847.5,-36,-37,266
86850.0,-43,-16,361
86852.5,-43,-16,361
86855.0,-14,6,253
86857.5,9,-14,263
86860.0,-20,-27,349
86862.5,-29,-56,328
86865.0,-96,-67,348
86867.5,75,-25,332
86870.0,-62,-40,296
86872.5,-28,-24,379
86875.0,68,29,257
86877.5,26,27,280
86880.0,41,-23,362
86882.5,-38,-16,320
86885.0,76,7,355
86887.5,15,-24,309
86890.0,-35,-29,206
86892.5,-4,-1,294
86895.0,70,4,273
86897.5,28,-21,278
86900.0,-51,-9,324
86902.5,-51,-9,324
86905.0,39,22,292
86907.5,38,1,358
86910.0,44,21,295
86912.5,-9,-78,311
86915.0,45,-7,278
86917.5,12,23,268
86920.0,-10,-32,303
86922.5,-26,-42,329
86925.0,71,-13,329
86927.5,-3,-72,379
86930.0,48,-11,247
86932.5,18,17,278
86935.0,-8,16,309
86937.5,-13,-24,329
86940.0,12,-45,323
86942.5,85,20,318
86945.0,61,4,284
86947.5,5,-45,352
86950.0,5,-45,352
86952.5,29,-21,240
86955.0,-15,-4,285
86957.5,-24,-56,356
86960.0,8,-14,334
86962.5,81,18,348
86965.0,8,-2,270
86967.5,-16,-31,284
86970.0,21,-1,309
86972.5,44,-2,309
86975.0,-23,-69,257
86977.5,14,-38,370
86980.0,60,46,287
86982.5,-45,3,345
86985.0,3,1,247
86987.5,0,-39,248
86990.0,32,-11,328
86992.5,51,9,304
86995.0,11,29,307
86997.5,7,-7,328
87000.0,7,-7,328
87002.5,-9,40,305
87005.0,-72,-32,358
87007.5,22,8,248
87010.0,14,-25,295
87012.5,-11,-3,331
87015.0,-4,-94,317
87017.5,19,-16,321
87020.0,15,-7,289
87022.5,-45,-36,240
87025.0,42,3,330
87027.5,-1,9,268
87030.0,41,-20,304
87032.5,15,-7,365
87035.0,-18,-6,318
87037.5,35,-18,332
87040.0,21,10,303
87042.5,92,46,228
87045.0,53,19,305
87047.5,4,-25,271
87050.0,4,-25,271
87052.5,26,18,308
87055.0,-28,-68,337
87057.5,-7,-32,275
87060.0,30,20,378
87062.5,44,-12,250
87065.0,52,-47,286
87067.5,-35,-57,293
87070.0,27,43,319
87072.5,24,32,323
87075.0,102,-6,316
87077.5,157,21,252
87080.0,19,6,288
87082.5,27,-13,268
87085.0,0,-38,293
87087.5,-36,-30,345
87090.0,39,-5,277
87092.5,-27,-28,311
87095.0,47,6,337
87097.5,-9,-19,252
87100.0,-9,-19,252
87102.5,15,-1,302
87105.0,-25,-21,292
87107.5,22,-28,334
87110.0,25,17,339
87112.5,17,5,307
87115.0,33,-19,345
87117.5,132,0,281
87120.0,-29,-29,276
87122.5,-4,-15,306
87125.0,23,4,314
87127.5,-99,-44,326
87130.0,21,-8,385
87132.5,126,-25,302
87135.0,5,-1,317
87137.5,-2,-43,247
87140.0,-8,2,253
87142.5,-3,-21,360
87145.0,52,-49,309
87147.5,-16,-30,307
87150.0,-16,-30,307
87152.5,-53,-13,305
87155.0,14,-41,302
87157.5,31,-31,345
87160.0,-15,-19,273
87162.5,-15,-33,292
87165.0,-29,-19,322
87167.5,1,-10,296
87170.0,78,7,345
87172.5,25,-16,275
87175.0,11,-10,234
87177.5,40,4,326
87180.0,8,19,288
87182.5,36,-57,328
87185.0,-48,-11,322
87187.5,-3,-38,301
87190.0,11,-45,357
87192.5,14,7,262
87195.0,-14,11,265
87197.5,23,-24,300
87200.0,23,-24,300
87202.5,-37,-20,325
87205.0,-36,-12,320
87207.5,0,2,362
87210.0,72,28,277
87212.5,-80,-40,344
87215.0,9,0,250
87217.5,60,-9,284
87220.0,-15,-34,294
87222.5,20,-23,294
87225.0,-28,-41,299
87227.5,-3,-37,321
87230.0,-42,-12,227
87232.5,-52,-54,325
87235.0,-1,22,266
87237.5,10,-25,258
87240.0,36,-2,370
87242.5,31,-10,324
87245.0,14,-21,340
87247.5,-23,-67,299
87250.0,-23,-67,299
87252.5,-67,-6,205
87255.0,-15,-26,301
87257.5,-10,12,302
87260.0,55,4,311
87262.5,-11,-114,328
87265.0,35,36,240
87267.5,-14,-25,328
87270.0,118,46,255
87272.5,-42,-23,308
87275.0,-1,-8,316
87277.5,93,3,298
87280.0,76,-1,340
87282.5,39,20,324
87285.0,32,-35,299
87287.5,61,0,360
87290.0,-3,18,244
87292.5,50,2,289
87295.0,-22,-28,305
87297.5,62,8,302
87300.0,62,8,302
87302.5,-44,-23,314
87305.0,56,-25,326
87307.5,91,-7,276
87310.0,-7,-8,310
87312.5,35,-17,258
87315.0,-30,-6,281
87317.5,-3,-27,367
87320.0,75,-55,369
87322.5,35,3,375
87325.0,38,-2,264
87327.5,-11,-15,269
87330.0,-52,-19,303
87332.5,-1,-22,342
87335.0,17,-51,324
87337.5,108,6,328
87340.0,12,-24,289
87342.5,27,-2,379
87345.0,-4,-42,286
87347.5,-4,-42,286
87350.0,54,26,225
87352.5,78,15,302
87355.0,46,20,302
87357.5,-51,-32,287
87360.0,5,3,301
87362.5,27,2,254
87365.0,-57,30,345
87367.5,1,5,291
87370.0,-18,-35,306
87372.5,12,-14,356
87375.0,20,4,276
87377.5,22,-83,355
87380.0,69,24,289
87382.5,-46,3,209
87385.0,-45,-12,300
87387.5,90,21,302
87390.0,21,11,318
87392.5,75,-14,325
87395.0,35,-37,341
87397.5,35,-37,341
87400.0,-22,-33,332
87402.5,-29,-25,245
87405.0,-35,-19,254
87407.5,-27,-37,324
87410.0,29,12,324
87412.5,-35,-1,329
87415.0,-9,-8,318
87417.5,-2,-12,229
87420.0,-28,11,317
87422.5,-33,-7,254
87425.0,52,13,280
87427.5,-12,6,296
87430.0,31,1,282
87432.5,39,18,315
87435.0,18,-11,316
87437.5,-84,27,229
87440.0,-9,-22,322
87442.5,54,-21,275
87445.0,18,48,285
87447.5,18,48,285
87450.0,24,-6,387
87452.5,30,-22,319
87455.0,-28,-5,344
87457.5,48,-10,318
87460.0,-64,-17,224
87462.5,-1,-26,309
87465.0,45,10,325
87467.5,-6,-23,272
87470.0,16,-5,323
87472.5,53,13,313
87475.0,-61,-35,347
87477.5,43,45,258
87480.0,-4,31,281
87482.5,29,12,349
87485.0,24,-18,279
87487.5,-46,-20,330
87490.0,8,16,326
87492.5,85,-7,286
87495.0,1,-12,349
87497.5,1,-12,349
87500.0,-11,-6,218
87502.5,40,17,294
87505.0,-1,-40,330
87507.5,51,-24,342
87510.0,14,-17,346
87512.5,12,-5,300
87515.0,-4,-13,213
87517.5,16,0,307
87520.0,26,0,225
87522.5,12,-42,285
87525.0,18,4,350
87527.5,40,-11,310
87530.0,24,13,346
87532.5,50,-6,285
87535.0,61,-1,268
87537.5,2,-2,302
87540.0,-18,-1,292
87542.5,0,-9,298
87545.0,52,5,330
87547.5,52,5,330
87550.0,43,-9,271
87552.5,-74,-44,348
87555.0,50,39,221
87557.5,-32,-7,275
87560.0,-33,2,278
87562.5,20,-21,336
87565.0,-38,-61,352
87567.5,38,78,299
87570.0,51,23,284
87572.5,27,-21,351
87575.0,-47,-25,259
87577.5,22,14,290
87580.0,27,41,305
87582.5,29,-37,335
87585.0,0,-21,355
87587.5,37,-19,334
87590.0,47,-39,258
87592.5,-37,-36,278
87595.0,34,-26,256
87597.5,34,-26,256
87600.0,50,-28,300
87602.5,-1,-47,380
87605.0,-11,-26,321
87607.5,-14,-6,363
87610.0,-5,-17,290
87612.5,-39,-27,225
87615.0,25,6,289
87617.5,68,4,307
87620.0,44,10,263
87622.5,-96,-69,343
87625.0,4,10,271
87627.5,28,49,335
87630.0,47,2,221
87632.5,-10,-14,263
87635.0,16,0,324
87637.5,12,33,309
87640.0,-45,-27,316
87642.5,-10,19,349
87645.0,38,19,279
87647.5,38,19,279
87650.0,-67,-79,347
87652.5,45,10,227
87655.0,39,-26,303
87657.5,-55,-5,329
87660.0,30,37,280
87662.5,1,-39,348
87665.0,128,16,306
87667.5,48,-15,239
87670.0,-1,-6,297
87672.5,56,-12,258
87675.0,52,10,283
87677.5,-47,-15,352
87680.0,99,-32,361
87682.5,-72,10,367
87685.0,-10,-23,319
87687.5,-10,23,217
87690.0,28,46,300
87692.5,-17,-5,286
87695.0,48,22,294
87697.5,48,22,294
87700.0,13,9,310
87702.5,18,-1,262
87705.0,-79,-48,373
87707.5,69,8,239
87710.0,-49,-32,260
87712.5,19,18,293
87715.0,-14,-10,309
87717.5,-73,-68,343
87720.0,17,-13,344
87722.5,2,12,284
87725.0,3,-44,363
87727.5,44,18,245
87730.0,-45,-91,266
87732.5,10,11,307
87735.0,44,4,291
87737.5,6,-12,320
87740.0,14,6,287
87742.5,4,-36,245
87745.0,19,1,321
87747.5,19,1,321
87750.0,58,2,250
87752.5,-78,67,269
87755.0,34,2,380
87757.5,27,-2,288
87760.0,-62,13,346
87762.5,-9,-26,298
87765.0,-14,-20,227
87767.5,6,3,302
87770.0,13,17,290
87772.5,-13,12,312
87775.0,-43,-29,361
87777.5,-47,-20,349
87780.0,69,4,354
87782.5,-8,-15,245
87785.0,18,-31,237
87787.5,-21,-45,325
87790.0,88,38,320
87792.5,-31,-6,329
87795.0,-31,-6,329
87797.5,19,-56,370
87800.0,103,-29,330
87802.5,-31,-46,360
87805.0,23,11,249
87807.5,-25,-23,294
87810.0,5,-19,362
87812.5,34,-7,321
87815.0,-30,-45,338
87817.5,27,-41,335
87820.0,-45,-1,234
87822.5,-50,-26,317
87825.0,16,-9,287
87827.5,47,-21,292
87830.0,-40,-26,349
87832.5,-27,1,291
87835.0,52,13,353
87837.5,-31,-44,302
87840.0,-22,-6,241
87842.5,-36,-21,313
87845.0,-36,-21,313
87847.5,16,-11,268
87850.0,7,5,325
87852.5,-48,-10,357
87855.0,43,-22,314
87857.5,32,-16,350
87860.0,3,-9,264
87862.5,39,-3,252
87865.0,19,16,279
87867.5,-6,-19,307
87870.0,-23,-14,308
87872.5,57,-7,338
87875.0,-26,8,275
87877.5,-65,-10,368
87880.0,57,19,237
87882.5,16,-11,287
87885.0,1,-13,334
87887.5,55,8,274
87890.0,29,21,332
87892.5,38,0,303
87895.0,38,0,303
87897.5,117,10,291
87900.0,-49,-33,326
87902.5,23,21,272
87905.0,-21,-13,289
87907.5,-37,-15,320
87910.0,27,40,291
87912.5,35,16,340
87915.0,37,-1,278
87917.5,2,13,255
87920.0,-27,-25,316
87922.5,16,-13,299
87925.0,2,-7,293
87927.5,33,-15,356
87930.0,38,8,319
87932.5,83,11,311
87935.0,-12,13,283
87937.5,148,-15,303
87940.0,-62,-21,290
87942.5,8,16,270
87945.0,8,16,270
87947.5,24,15,279
87950.0,49,-10,357
87952.5,0,-12,302
87955.0,20,13,352
87957.5,60,7,218
87960.0,-69,-21,238
87962.5,-27,-12,324
87965.0,-37,-9,319
87967.5,-23,-12,336
87970.0,5,-35,312
87972.5,25,7,266
87975.0,-6,14,312
87977.5,53,12,245
87980.0,45,-5,285
87982.5,-43,-14,317
87985.0,-34,-33,323
87987.5,-44,-11,324
87990.0,25,11,313
87992.5,2,-7,263
87995.0,2,-7,263
87997.5,-72,-41,307
88000.0,18,-29,296
88002.5,0,-19,302
88005.0,-39,-17,312
88007.5,-9,-15,296
88010.0,-10,6,319
88012.5,44,-8,297
88015.0,42,-39,288
88017.5,-9,9,279
88020.0,40,12,308
88022.5,4,-4,355
88025.0,10,6,331
88027.5,-42,-16,335
88030.0,-9,-15,371
88032.5,-8,-20,242
88035.0,-24,-13,221
88037.5,-13,-11,295
88040.0,-24,-37,320
88042.5,10,-9,282
88045.0,10,-9,282
88047.5,12,7,357
88050.0,34,13,270
88052.5,-22,-49,349
88055.0,0,24,239
88057.5,79,43,270
88060.0,-4,-23,339
88062.5,46,12,308
88065.0,-36,-66,348
88067.5,50,-52,293
88070.0,9,-36,249
88072.5,-25,-28,330
88075.0,-5,-46,258
88077.5,-2,-18,288
88080.0,-15,-47,360
88082.5,60,9,308
88085.0,35,-11,383
88087.5,-37,-32,256
88090.0,-13,-17,246
88092.5,-14,-35,326
88095.0,-14,-35,326
88097.5,29,26,327
88100.0,-4,-10,291
88102.5,75,24,308
88105.0,26,-6,310
88107.5,8,-63,353
88110.0,31,-34,252
88112.5,115,-4,235
88115.0,-13,-49,292
88117.5,-4,15,271
88120.0,-27,-36,351
88122.5,4,-33,347
88125.0,87,-3,325
88127.5,29,-7,354
88130.0,36,-21,253
88132.5,13,-13,287
88135.0,-13,-31,336
88137.5,71,-11,320
88140.0,31,49,327
88142.5,28,-10,316
88145.0,28,-10,316
88147.5,29,-21,233
88150.0,-28,-54,315
88152.5,38,-8,257
88155.0,-22,-3,290
88157.5,20,-15,312
88160.0,61,38,309
88162.5,14,-25,359
88165.0,0,-1,298
88167.5,-22,-17,216
88170.0,22,11,320
88172.5,17,4,263
88175.0,-28,7,272
88177.5,-34,-25,333
88180.0,6,7,301
88182.5,36,29,329
88185.0,-51,-59,279
88187.5,27,-34,278
88190.0,30,-29,260
88192.5,30,-29,260
88195.0,-24,-38,318
88197.5,-38,-18,312
88200.0,5,-10,336
88202.5,5,-49,308
88205.0,0,25,308
88207.5,52,-24,268
88210.0,1,-50,314
88212.5,12,-23,317
88215.0,28,-1,282
88217.5,-39,4,305
88220.0,-16,-29,340
88222.5,28,22,251
88225.0,9,-40,298
88227.5,39,9,260
88230.0,4,-37,306
88232.5,-66,-32,312
88235.0,20,-16,307
88237.5,52,3,306
88240.0,47,9,316
88242.5,47,9,316
88245.0,-15,-41,254
88247.5,-30,-18,342
88250.0,39,-23,254
88252.5,26,-7,314
88255.0,2,-29,366
88257.5,18,-50,325
88260.0,78,-6,338
88262.5,27,19,271
88265.0,54,15,276
88267.5,-35,-27,323
88270.0,111,58,229
88272.5,97,-6,281
88275.0,-12,-30,350
88277.5,31,-11,288
88280.0,-80,-73,350
88282.5,33,23,238
88285.0,-42,-17,275
88287.5,-8,-15,308
88290.0,-23,-28,289
88292.5,-23,-28,289
88295.0,-41,-45,329
88297.5,69,1,337
88300.0,3,-45,229
88302.5,-20,39,331
88305.0,-13,-25,252
88307.5,61,2,292
88310.0,-41,-38,317
88312.5,69,36,314
88315.0,1,-35,321
88317.5,6,-60,345
88320.0,27,-24,256
88322.5,45,8,356
88325.0,-3,-12,246
88327.5,24,47,267
88330.0,0,12,358
88332.5,22,-16,323
88335.0,-41,4,320
88337.5,43,8,291
88340.0,37,50,261
88342.5,37,50,261
88345.0,-31,-26,340
88347.5,81,-8,305
88350.0,4,-7,294
88352.5,-30,-34,386
88355.0,-4,-32,320
88357.5,149,45,324
88360.0,-30,-25,225
88362.5,44,13,294
88365.0,36,-35,311
88367.5,42,17,256
88370.0,-18,-46,308
88372.5,-13,-41,358
88375.0,35,-5,303
88377.5,-59,-37,361
88380.0,-4,-12,232
88382.5,82,8,302
88385.0,-5,-28,297
88387.5,-20,-14,293
88390.0,-58,-42,310
88392.5,-58,-42,310
88395.0,9,-31,353
88397.5,4,-53,322
88400.0,-40,-5,351
88402.5,-1,7,242
88405.0,37,45,307
88407.5,-19,-29,343
88410.0,-64,-49,333
88412.5,20,8,344
88415.0,-14,-11,333
88417.5,111,30,235
88420.0,5,0,300
88422.5,3,14,247
88425.0,-2,-30,303
88427.5,-34,-38,338
88430.0,0,23,283
88432.5,-85,-87,359
88435.0,60,42,295
88437.5,-19,-28,254
88440.0,12,-41,348
88442.5,12,-41,348
88445.0,14,-19,279
88447.5,-1,-38,306
88450.0,-25,20,362
88452.5,15,-6,298
88455.0,-8,-13,332
88457.5,54,14,256
88460.0,-17,8,205
88462.5,-22,1,287
88465.0,-35,27,284
88467.5,-36,-21,309
88470.0,1,-27,341
88472.5,7,5,311
88475.0,-3,-11,345
88477.5,-54,17,262
88480.0,-94,4,267
88482.5,-11,-28,290
88485.0,-21,-3,288
88487.5,16,-42,351
88490.0,75,-19,378
88492.5,75,-19,378
88495.0,82,10,300
88497.5,-51,-35,344
88500.0,-13,21,270
88502.5,42,-11,311
88505.0,-13,7,363
88507.5,32,-16,337
88510.0,14,-20,340
88512.5,23,-32,341
88515.0,67,18,268
88517.5,-12,9,335
88520.0,-11,-10,251
88522.5,-7,-27,305
88525.0,-38,-1,328
88527.5,17,11,286
88530.0,-16,-52,354
88532.5,12,-4,288
88535.0,6,7,249
88537.5,-24,-43,320
88540.0,13,-8,274
88542.5,13,-8,274
88545.0,13,0,290
88547.5,11,-38,348
88550.0,8,-22,287
88552.5,16,49,362
88555.0,-22,-21,292
88557.5,30,-19,291
88560.0,6,-22,325
88562.5,29,-7,300
88565.0,-23,-50,302
88567.5,33,11,331
88570.0,61,-5,271
88572.5,-18,-63,323
88575.0,41,22,205
88577.5,3,38,240
88580.0,32,-3,322
88582.5,60,0,285
88585.0,23,42,287
88587.5,31,39,346
88590.0,31,39,346
88592.5,-32,-56,288
88595.0,27,-4,353
88597.5,118,28,250
88600.0,-8,-5,270
88602.5,27,-14,348
88605.0,62,19,338
88607.5,-14,-31,343
88610.0,-38,4,308
88612.5,95,-26,306
88615.0,-23,-4,318
88617.5,-8,-9,237
88620.0,-11,-23,298
88622.5,18,-14,353
88625.0,27,-6,323
88627.5,55,18,337
88630.0,-6,-36,291
88632.5,91,-7,281
88635.0,-14,-44,325
88637.5,21,-11,286
88640.0,21,-11,286
88642.5,38,13,323
88645.0,-45,13,361
88647.5,-39,-29,332
88650.0,0,-24,347
88652.5,11,-21,293
88655.0,36,-50,263
88657.5,83,36,290
88660.0,31,20,262
88662.5,25,25,292
88665.0,37,-45,355
88667.5,68,5,318
88670.0,-46,-7,350
88672.5,6,-20,271
88675.0,-12,3,269
88677.5,15,-6,327
88680.0,14,3,272
88682.5,25,35,309
88685.0,32,24,323
88687.5,49,-23,259
88690.0,49,-23,259
88692.5,-1,-11,312
88695.0,-6,-32,243
88697.5,65,-6,300
88700.0,-52,-2,323
88702.5,-1,-55,342
88705.0,58,-3,356
88707.5,52,-4,299
88710.0,-32,-45,258
88712.5,63,18,337
88715.0,-12,-21,258
88717.5,21,27,299
88720.0,5,-9,379
88722.5,76,6,312
88725.0,-3,-12,341
88727.5,59,2,278
88730.0,73,-17,269
88732.5,35,-26,290
88735.0,56,-13,274
88737.5,-92,5,296
88740.0,-92,5,296
88742.5,-16,-18,354
88745.0,-17,-26,277
88747.5,-14,-13,333
88750.0,1,-25,270
88752.5,-50,-17,277
88755.0,14,4,293
88757.5,16,12,340
88760.0,-42,-22,282
88762.5,-26,2,329
88765.0,-5,3,318
88767.5,23,-7,375
88770.0,21,-5,249
88772.5,29,-20,291
88775.0,0,33,305
88777.5,18,-3,313
88780.0,16,-31,338
88782.5,-30,-28,312
88785.0,-60,-52,224
88787.5,6,-21,324
88790.0,6,-21,324
88792.5,12,36,242
88795.0,-66,-38,285
88797.5,41,14,367
88800.0,-70,-76,306
88802.5,-5,8,331
88805.0,83,74,278
88807.5,-19,-33,270
88810.0,-7,-31,292
88812.5,69,56,300
88815.0,19,7,292
88817.5,-9,-11,333
88820.0,25,-48,327
88822.5,29,-31,356
88825.0,11,-30,258
88827.5,52,-22,282
88830.0,65,23,287
88832.5,68,58,279
88835.0,-34,-43,314
88837.5,50,-11,363
88840.0,50,-11,363
88842.5,64,-2,251
88845.0,-3,-13,343
88847.5,34,-24,266
88850.0,41,-18,316
88852.5,-22,-34,341
88855.0,2,-32,291
88857.5,54,-3,334
88860.0,24,-13,315
88862.5,0,31,260
88865.0,12,-11,311
88867.5,22,-16,261
88870.0,11,11,287
88872.5,51,-9,313
88875.0,53,15,307
88877.5,33,27,338
88880.0,29,-2,318
88882.5,-54,-39,241
88885.0,2,-22,329
88887.5,63,22,271
88890.0,63,22,271
88892.5,5,-15,301
88895.0,-91,17,325
88897.5,67,7,307
88900.0,2,-3,334
88902.5,-42,-11,244
88905.0,11,8,294
88907.5,46,20,284
88910.0,15,2,305
88912.5,-40,-35,324
88915.0,-19,23,365
88917.5,-20,2,324
88920.0,6,-9,364
88922.5,60,31,264
88925.0,35,-18,249
88927.5,6,-5,316
88930.0,28,-6,304
88932.5,-8,-41,307
88935.0,12,-25,319
88937.5,5,-17,248
88940.0,5,-17,248
88942.5,8,-14,299
88945.0,26,0,237
88947.5,-46,-57,292
88950.0,26,-24,345
88952.5,4,22,285
88955.0,-12,7,312
88957.5,35,3,289
88960.0,12,23,275
88962.5,94,6,319
88965.0,-20,-22,302
88967.5,12,-10,298
88970.0,39,6,374
88972.5,-1,17,303
88975.0,14,-19,323
88977.5,8,0,262
88980.0,14,-11,250
88982.5,-52,-22,293
88985.0,10,-9,312
88987.5,25,-20,326
88990.0,25,-20,326
88992.5,11,-60,327
88995.0,35,-25,254
88997.5,30,-34,394
89000.0,-3,-21,256
89002.5,11,-53,280
89005.0,35,0,285
89007.5,52,4,340
89010.0,-90,-37,301
89012.5,-47,3,333
89015.0,27,29,275
89017.5,-50,-32,334
89020.0,35,-35,271
89022.5,75,-16,296
89025.0,-10,12,336
89027.5,-42,-25,313
89030.0,46,-23,336
89032.5,-2,-90,321
89035.0,35,-7,270
89037.5,35,-7,270
89040.0,19,3,307
89042.5,20,1,265
89045.0,-23,-13,279
89047.5,-71,-18,339
89050.0,70,13,330
89052.5,5,-5,344
89055.0,60,-17,270
89057.5,45,-28,255
89060.0,36,24,298
89062.5,-27,11,294
89065.0,-12,-13,334
89067.5,67,-32,368
89070.0,6,17,318
89072.5,-41,-38,338
89075.0,25,-15,248
89077.5,-17,30,245
89080.0,13,10,274
89082.5,-25,-10,274
89085.0,39,10,294
89087.5,39,10,294
89090.0,43,26,338
89092.5,18,4,294
89095.0,14,-24,344
89097.5,26,35,279
89100.0,-40,-21,268
89102.5,-8,-7,319
89105.0,65,45,265
89107.5,14,-42,332
89110.0,-57,-45,333
89112.5,25,17,258
89115.0,17,-2,346
89117.5,64,17,245
89120.0,-37,8,298
89122.5,-11,-16,325
89125.0,-51,6,312
89127.5,-36,-16,357
89130.0,28,15,296
89132.5,8,24,212
89135.0,9,3,300
89137.5,9,3,300
89140.0,49,4,268
89142.5,8,-18,307
89145.0,23,21,341
89147.5,-105,-10,323
89150.0,-42,-29,360
89152.5,32,5,246
89155.0,83,-18,265
89157.5,21,18,269
89160.0,-1,-18,332
89162.5,-16,-43,336
89165.0,7,5,365
89167.5,-143,-73,282
89170.0,-3,8,326
89172.5,17,-19,269
89175.0,-24,10,244
89177.5,62,63,293
89180.0,-17,5,290
89182.5,-32,-14,311
89185.0,9,-112,317
89187.5,9,-112,317
89190.0,27,41,230
89192.5,-22,-41,338
89195.0,36,6,293
89197.5,11,6,301
89200.0,9,-7,360
89202.5,1,-34,315
89205.0,-52,-59,349
89207.5,23,-10,280
89210.0,-21,17,226
89212.5,-4,-16,311
89215.0,20,21,264
89217.5,-21,-51,310
89220.0,6,-19,360
89222.5,4,-16,247
89225.0,89,-30,368
89227.5,34,27,252
89230.0,47,12,281
89232.5,-17,-11,273
89235.0,-33,-19,276
89237.5,-33,-19,276
89240.0,-4,-19,317
89242.5,26,-17,365
89245.0,-6,-12,268
89247.5,-33,-45,361
89250.0,-25,-10,256
89252.5,30,1,283
89255.0,41,31,321
89257.5,60,6,309
89260.0,-39,-24,327
89262.5,24,20,298
89265.0,-12,-33,236
89267.5,28,19,329
89270.0,42,-55,278
89272.5,1,14,282
89275.0,-11,-32,350
89277.5,39,-9,305
89280.0,79,15,353
89282.5,-52,-35,277
89285.0,28,-40,266
89287.5,28,-40,266
89290.0,51,-33,296
89292.5,19,6,269
89295.0,12,-3,287
89297.5,15,-3,346
89300.0,-48,-12,345
89302.5,0,9,360
89305.0,-32,-54,257
89307.5,-44,10,253
89310.0,0,-29,325
89312.5,22,27,293
89315.0,-10,-59,346
89317.5,31,-47,352
89320.0,19,-15,286
89322.5,15,-9,378
89325.0,40,2,252
89327.5,-55,-29,241
89330.0,13,-18,302
89332.5,17,15,294
89335.0,-39,-49,335
89337.5,-39,-49,335
89340.0,-9,-3,317
89342.5,34,15,286
89345.0,8,15,322
89347.5,-38,6,258
89350.0,15,17,299
89352.5,-49,-3,336
89355.0,63,33,355
89357.5,-47,-60,331
89360.0,-18,-46,306
89362.5,-38,-11,258
89365.0,31,-13,349
89367.5,-21,-34,216
89370.0,-36,84,253
89372.5,-23,-44,376
89375.0,-15,-24,320
89377.5,49,46,346
89380.0,-21,3,244
89382.5,12,-22,310
89385.0,-29,-23,302
89387.5,-29,-23,302
89390.0,4,56,274
89392.5,-20,-58,274
89395.0,13,-17,377
89397.5,49,-24,292
89400.0,-63,-68,333
89402.5,156,4,280
89405.0,47,27,259
89407.5,49,10,335
89410.0,82,22,295
89412.5,-16,8,320
89415.0,-11,5,324
89417.5,-29,-51,259
89420.0,-81,-38,320
89422.5,70,41,246
89425.0,1,-8,314
89427.5,30,22,323
89430.0,37,-13,314
89432.5,59,15,343
89435.0,59,15,343
89437.5,4,17,335
89440.0,88,-4,285
89442.5,77,3,344
89445.0,-40,-37,275
89447.5,29,-10,303
89450.0,-14,-16,324
89452.5,57,30,313
89455.0,5,-32,362
89457.5,-34,-45,297
89460.0,43,36,298
89462.5,5,-7,332
89465.0,-15,-13,246
89467.5,38,20,327
89470.0,15,48,341
89472.5,89,31,302
89475.0,-117,-30,316
89477.5,1,2,234
89480.0,-25,16,281
89482.5,-11,-1,289
89485.0,-11,-1,289
89487.5,-33,-21,312
89490.0,8,39,303
89492.5,32,8,340
89495.0,-155,-34,234
89497.5,16,-10,335
89500.0,60,-7,299
89502.5,-108,-14,277
89505.0,-24,10,320
89507.5,51,-15,318
89510.0,-34,8,313
89512.5,-26,-48,358
89515.0,89,27,266
89517.5,18,14,335
89520.0,14,-14,218
89522.5,35,62,278
89525.0,2,17,307
89527.5,23,-9,307
89530.0,45,-32,364
89532.5,74,4,281
89535.0,74,4,281
89537.5,53,59,238
89540.0,21,-8,325
89542.5,-19,-43,302
89545.0,32,18,319
89547.5,0,-44,389
89550.0,56,1,292
89552.5,-42,-56,336
89555.0,49,28,261
89557.5,46,-48,296
89560.0,-48,-27,314
89562.5,52,7,296
89565.0,-11,-33,335
89567.5,47,-13,338
89570.0,-14,-13,289
89572.5,-12,22,375
89575.0,84,27,215
89577.5,-11,-2,286
89580.0,21,3,314
89582.5,-2,29,275
89585.0,-2,29,275
89587.5,-10,6,318
89590.0,27,22,326
89592.5,44,38,245
89595.0,21,-12,319
89597.5,-2,-15,225
89600.0,20,38,293
89602.5,3,0,316
89605.0,7,8,309
89607.5,-34,8,313
89610.0,5,-24,289
89612.5,-47,-36,262
89615.0,-9,-21,338
89617.5,12,-3,280
89620.0,19,-16,303
89622.5,-23,-2,352
89625.0,63,-1,298
89627.5,18,29,350
89630.0,31,-44,305
89632.5,-27,-54,282
89635.0,-27,-54,282
89637.5,58,33,293
89640.0,-19,-37,288
89642.5,-21,-42,326
89645.0,47,-35,339
89647.5,11,13,327
89650.0,10,-15,373
89652.5,18,10,219
89655.0,22,15,298
89657.5,-55,-10,297
89660.0,85,14,290
89662.5,-17,-3,327
89665.0,-74,-13,339
89667.5,36,2,276
89670.0,-41,-13,340
89672.5,107,19,236
89675.0,52,-23,267
89677.5,34,30,291
89680.0,-42,-24,293
89682.5,59,-26,355
89685.0,59,-26,355
89687.5,-9,-48,318
89690.0,118,-9,292
89692.5,-39,-18,291
89695.0,-2,-27,278
89697.5,-28,-29,278
89700.0,-35,-7,345
89702.5,17,-16,304
89705.0,-7,-24,347
89707.5,25,-5,280
89710.0,34,-22,268
89712.5,44,4,292
89715.0,70,-10,298
89717.5,26,-4,311
89720.0,72,1,330
89722.5,4,2,314
89725.0,24,-16,349
89727.5,-8,-8,293
89730.0,-22,-10,282
89732.5,51,22,297
89735.0,51,22,297
89737.5,32,57,303
89740.0,-16,1,335
89742.5,3,-9,340
89745.0,66,5,288
89747.5,39,27,321
89750.0,-72,-6,247
89752.5,-11,-34,297
89755.0,5,14,340
89757.5,25,-31,341
89760.0,5,-23,337
89762.5,55,-6,306
89765.0,-5,23,233
89767.5,-36,-16,297
89770.0,50,10,267
89772.5,45,21,287
89775.0,-14,-37,360
89777.5,59,19,303
89780.0,45,-31,359
89782.5,-42,-28,258
89785.0,-42,-28,258
89787.5,-23,-35,271
89790.0,-8,-18,317
89792.5,31,40,308
89795.0,2,1,302
89797.5,-33,-56,351
89800.0,52,2,310
89802.5,8,-15,351
89805.0,65,-2,261
89807.5,131,0,279
89810.0,2,-31,313
89812.5,51,4,326
89815.0,35,-76,374
89817.5,-18,-39,350
89820.0,-14,-9,278
89822.5,-89,-44,352
89825.0,14,-8,268
89827.5,15,-19,322
89830.0,-26,-16,353
89832.5,54,3,323
89835.0,54,3,323
89837.5,32,-7,346
89840.0,30,31,295
89842.5,-19,21,210
89845.0,47,12,341
89847.5,24,13,296
89850.0,15,-2,304
89852.5,2,-30,324
89855.0,-25,33,287
89857.5,37,-51,350
89860.0,10,-17,261
89862.5,29,-11,216
89865.0,18,-20,280
89867.5,4,-41,296
89870.0,-38,-12,319
89872.5,2,-49,370
89875.0,7,-15,267
89877.5,-29,-44,383
89880.0,12,-19,251
89882.5,26,-8,261
89885.0,26,-8,261
89887.5,-45,-17,291
89890.0,43,-3,289
89892.5,9,-39,363
89895.0,-29,-45,326
89897.5,-35,70,258
89900.0,-21,-31,347
89902.5,17,-2,266
89905.0,-69,-3,290
89907.5,5,-23,395
89910.0,41,13,319
89912.5,-28,-34,351
89915.0,-1,-22,278
89917.5,-30,-2,225
89920.0,14,-36,322
89922.5,-7,-4,300
89925.0,10,-40,331
89927.5,9,35,317
89930.0,39,9,322
89932.5,39,9,322
89935.0,41,-16,344
89937.5,15,35,280
89940.0,-47,-10,260
89942.5,-19,-3,289
89945.0,75,36,272
89947.5,-43,-25,329
89950.0,-25,-46,339
89952.5,7,-47,252
89955.0,40,-11,336
89957.5,-51,25,205
89960.0,-56,-15,274
89962.5,3,-7,328
89965.0,21,1,303
89967.5,-10,-58,319
89970.0,49,-5,303
89972.5,-29,-15,253
89975.0,-47,-29,327
89977.5,55,12,247
89980.0,1,4,281
89982.5,1,4,281
89985.0,47,28,344
89987.5,30,-24,321
89990.0,-63,-64,361
89992.5,59,21,257
89995.0,82,-31,289
89997.5,40,14,320
90000.0,41,7,304
90002.5,-7,-15,328
90005.0,47,-33,350
90007.5,-1,4,292
90010.0,-40,-18,323
90012.5,45,-12,243
90015.0,-25,-33,286
90017.5,12,-16,336
90020.0,91,-14,299
90022.5,-15,-6,297
90025.0,34,5,324
90027.5,-41,-16,228
90030.0,-73,-46,321
90032.5,-73,-46,321
90035.0,9,-6,236
90037.5,8,-2,274
90040.0,41,20,373
90042.5,-7,-23,304
90045.0,31,-20,331
90047.5,42,15,285
90050.0,-65,-67,280
90052.5,-47,-19,294
90055.0,26,16,295
90057.5,8,-13,302
90060.0,8,19,349
90062.5,38,11,319
90065.0,-3,-8,356
90067.5,14,0,261
90070.0,-44,-19,279
90072.5,-13,-18,292
90075.0,33,5,305
90077.5,-10,-16,329
90080.0,20,8,352
90082.5,20,8,352
90085.0,98,50,249
90087.5,-8,-42,311
90090.0,31,-36,247
90092.5,57,2,307
90095.0,-26,-12,345
90097.5,10,-29,292
90100.0,5,-29,342
90102.5,2,-40,322
90105.0,-9,-30,249
90107.5,38,-38,331
90110.0,44,3,252
90112.5,-88,-27,289
90115.0,-7,-2,389
90117.5,-19,-19,306
90120.0,83,12,385
90122.5,1,-61,284
90125.0,44,-12,237
90127.5,9,9,311
90130.0,39,12,257
90132.5,39,12,257
90135.0,-48,-19,318
90137.5,8,-19,341
90140.0,-10,3,364
90142.5,0,-24,370
90145.0,60,-12,236
90147.5,-27,6,225
90150.0,-3,0,284
90152.5,46,-22,278
90155.0,23,-14,324
90157.5,29,43,312
90160.0,47,33,265
90162.5,-50,-43,353
90165.0,33,-27,260
90167.5,-44,19,287
90170.0,-21,-31,352
90172.5,-17,-16,290
90175.0,27,-22,368
90177.5,45,3,291
90180.0,70,18,248
90182.5,70,18,248
90185.0,23,28,327
90187.5,-33,-68,269
90190.0,36,37,304
90192.5,38,35,331
90195.0,-23,-31,314
90197.5,22,2,347
90200.0,45,6,251
90202.5,-3,8,280
90205.0,-14,-1,318
90207.5,-37,-33,305
90210.0,-74,-58,329
90212.5,-30,-38,360
90215.0,15,-7,301
90217.5,-19,-38,343
90220.0,2,-16,248
90222.5,-5,-25,279
90225.0,73,1,344
90227.5,-7,-5,320
90230.0,16,-41,347
90232.5,16,-41,347
90235.0,-31,-64,313
90237.5,160,56,279
90240.0,-84,-19,308
90242.5,-22,-19,269
90245.0,25,20,281
90247.5,16,-19,356
90250.0,27,-27,307
90252.5,54,-31,347
90255.0,-12,-43,292
90257.5,22,1,231
90260.0,-17,-30,292
90262.5,24,-37,311
90265.0,25,-17,333
90267.5,23,-59,355
90270.0,-27,5,242
90272.5,30,22,333
90275.0,24,3,241
90277.5,58,20,247
90280.0,21,29,296
90282.5,21,29,296
90285.0,68,27,308
90287.5,-33,-39,289
90290.0,-76,-33,316
90292.5,37,1,287
90295.0,-62,-21,317
90297.5,10,15,261
90300.0,51,36,278
90302.5,-38,0,349
90305.0,-29,6,282
90307.5,-34,-15,345
90310.0,62,42,305
90312.5,92,-16,266
90315.0,5,-13,281
90317.5,26,9,280
90320.0,45,-14,321
90322.5,-69,-1,324
90325.0,84,-16,292
90327.5,28,-35,355
90330.0,1,-3,240
90332.5,1,-3,240
90335.0,53,3,293
90337.5,-52,-45,312
90340.0,9,-8,265
90342.5,-51,-22,310
90345.0,8,4,351
90347.5,127,35,266
90350.0,-28,-23,341
90352.5,-1,-56,266
90355.0,69,-4,283
90357.5,20,-22,329
90360.0,20,-12,290
90362.5,-10,3,330
90365.0,75,-2,317
90367.5,57,-18,262
90370.0,12,-11,329
90372.5,30,-6,290
90375.0,5,36,308
90377.5,12,-42,344
90380.0,97,0,295
90382.5,97,0,295
90385.0,44,29,363
90387.5,-41,-37,272
90390.0,86,7,226
90392.5,26,-8,288
90395.0,-18,-29,284
90397.5,-67,-30,308
90400.0,-13,-62,380
90402.5,33,-36,316
90405.0,-19,-57,380
90407.5,-22,-37,255
90410.0,-24,9,263
90412.5,-6,-2,319
90415.0,71,-12,347
90417.5,27,-38,354
90420.0,49,-23,355
90422.5,2,-40,298
90425.0,-37,-25,339
90427.5,44,4,226
90430.0,18,-10,284
90432.5,18,-10,284
90435.0,-22,-32,331
90437.5,22,-7,308
90440.0,34,6,366
90442.5,49,51,283
90445.0,-24,-40,312
90447.5,-54,-60,289
90450.0,20,-21,297
90452.5,-11,-30,324
90455.0,-53,18,340
90457.5,38,19,308
90460.0,36,-18,371
90462.5,2,-19,253
90465.0,3,0,252
90467.5,-20,-10,315
90470.0,-31,17,307
90472.5,-13,-24,348
90475.0,80,49,342
90477.5,16,-30,267
90480.0,21,-43,331
90482.5,21,-43,331
90485.0,85,47,227
90487.5,69,-18,285
90490.0,-11,-35,306
90492.5,119,19,315
90495.0,8,5,313
90497.5,33,-7,286
90500.0,26,1,243
90502.5,31,-43,327
90505.0,49,-7,285
90507.5,33,-30,305
90510.0,-21,-11,332
90512.5,11,-25,335
90515.0,-38,-48,356
90517.5,19,2,229
90520.0,-74,19,269
90522.5,-8,-9,293
90525.0,-2,-22,287
90527.5,-16,-69,296
90530.0,-16,-69,296
90532.5,61,-30,380
90535.0,-12,-28,328
90537.5,-47,3,347
90540.0,47,-11,237
90542.5,20,39,256
90545.0,-24,-6,352
90547.5,37,-10,328
90550.0,-13,8,334
90552.5,-21,-50,351
90555.0,74,-4,273
90557.5,-3,-14,350
90560.0,50,22,221
90562.5,-36,30,292
90565.0,29,-37,349
90567.5,89,25,306
90570.0,-31,-28,371
90572.5,-5,-37,274
90575.0,-22,7,199
90577.5,-27,-39,319
90580.0,-27,-39,319
90582.5,77,1,275
90585.0,33,18,313
90587.5,-84,-83,311
90590.0,34,22,295
90592.5,21,33,336
90595.0,28,-16,218
90597.5,-55,-3,248
90600.0,-37,-12,315
90602.5,16,54,257
90605.0,-14,-35,344
90607.5,-35,-37,352
90610.0,42,-20,330
90612.5,-31,-26,346
90615.0,9,19,258
90617.5,102,4,306
90620.0,-4,-19,315
90622.5,57,7,292
90625.0,-35,-41,336
90627.5,33,16,272
90630.0,33,16,272
90632.5,-26,7,207
90635.0,-14,-21,314
90637.5,60,33,285
90640.0,23,3,283
90642.5,-17,24,341
90645.0,75,41,248
90647.5,-38,-29,312
90650.0,-41,-8,283
90652.5,-28,-52,310
90655.0,-1,-2,306
90657.5,-21,-7,319
90660.0,-69,-36,294
90662.5,30,40,362
90665.0,36,-14,332
90667.5,-8,-49,321
90670.0,-17,-2,254
90672.5,13,-19,283
90675.0,8,41,288
90677.5,43,-19,291
90680.0,43,-19,291
90682.5,-14,-24,310
90685.0,72,3,311
90687.5,-17,-24,260
90690.0,-133,-37,332
90692.5,85,-56,309
90695.0,-7,-16,284
90697.5,-3,-32,364
90700.0,1,-26,320
90702.5,42,-13,390
90705.0,0,-31,283
90707.5,12,26,255
90710.0,-12,-6,291
90712.5,15,-18,298
90715.0,-62,-21,287
90717.5,0,-49,373
90720.0,14,-5,330
90722.5,34,-11,360
90725.0,-24,-10,267
90727.5,38,26,283
90730.0,38,26,283
90732.5,29,-36,332
90735.0,17,21,301
90737.5,-35,-8,298
90740.0,16,-42,356
90742.5,-30,-37,275
90745.0,-56,-35,334
90747.5,46,-7,243
90750.0,-112,2,286
90752.5,-5,-13,310
90755.0,10,4,308
90757.5,-38,-5,329
90760.0,44,-16,323
90762.5,-2,7,217
90765.0,37,-1,301
90767.5,30,18,269
90770.0,24,-6,295
90772.5,18,-20,346
90775.0,7,-20,341
90777.5,-31,-36,329
90780.0,-31,-36,329
90782.5,86,40,266
90785.0,-26,4,244
90787.5,17,2,291
90790.0,0,14,289
90792.5,30,3,275
90795.0,-3,-6,335
90797.5,-34,2,251
90800.0,-69,-30,326
90802.5,-11,-2,246
90805.0,-34,53,257
90807.5,-19,-6,334
90810.0,9,-36,353
90812.5,-7,-1,336
90815.0,33,-8,312
90817.5,12,-34,258
90820.0,-41,-16,303
90822.5,15,13,280
90825.0,12,42,291
90827.5,-13,14,357
90830.0,-13,14,357
90832.5,64,-5,331
90835.0,-106,-49,365
90837.5,29,3,274
90840.0,62,-25,270
90842.5,13,-6,285
90845.0,18,-7,261
90847.5,2,6,331
90850.0,77,-39,400
90852.5,-18,-34,265
90855.0,-53,-2,355
90857.5,16,8,268
90860.0,12,21,266
90862.5,-30,-29,329
90865.0,55,-30,312
90867.5,-18,-37,326
90870.0,-52,-9,305
90872.5,69,8,267
90875.0,17,19,315
90877.5,30,-46,324
90880.0,30,-46,324
90882.5,-24,-20,293
90885.0,-33,-20,344
90887.5,-18,0,266
90890.0,54,-22,339
90892.5,1,15,272
90895.0,97,14,245
90897.5,14,24,288
90900.0,-7,1,325
90902.5,50,-30,330
90905.0,-11,-19,334
90907.5,43,9,248
90910.0,-25,-15,386
90912.5,57,-54,299
90915.0,-51,2,282
90917.5,13,-10,321
90920.0,35,-1,330
90922.5,-35,-24,300
90925.0,-5,-10,320
90927.5,38,8,260
90930.0,38,8,260
90932.5,-29,-21,301
90935.0,-13,-18,218
90937.5,35,6,277
90940.0,-41,6,305
90942.5,-58,-17,329
90945.0,4,-22,377
90947.5,30,14,283
90950.0,-29,-18,210
90952.5,-57,-12,311
90955.0,-11,-2,279
90957.5,1,-13,289
90960.0,-6,-2,344
90962.5,13,44,253
90965.0,-16,-15,316
90967.5,1,-38,249
90970.0,-25,15,254
90972.5,75,0,304
90975.0,21,5,286
90977.5,21,5,286
90980.0,-12,-20,347
90982.5,25,19,320
90985.0,-28,-47,264
90987.5,43,25,340
90990.0,-51,-32,235
90992.5,30,-41,332
90995.0,-30,-17,328
90997.5,-1,4,293
91000.0,-39,6,318
91002.5,45,-33,319
91005.0,4,-13,244
91007.5,-26,-10,290
91010.0,20,-31,281
91012.5,-8,8,292
91015.0,-13,-12,348
91017.5,30,-4,306
91020.0,7,35,365
91022.5,-34,-68,292
91025.0,-27,-30,273
91027.5,-27,-30,273
91030.0,38,-4,298
91032.5,40,-14,300
91035.0,-3,-30,329
91037.5,31,-3,338
91040.0,15,23,283
91042.5,9,14,361
91045.0,-9,-11,221
91047.5,-9,7,311
91050.0,12,20,340
91052.5,32,3,301
91055.0,-21,-5,298
91057.5,-18,14,335
91060.0,73,28,271
91062.5,4,-41,332
91065.0,45,13,204
91067.5,-65,-7,271
91070.0,-40,-50,333
91072.5,43,-12,321
91075.0,68,19,335
91077.5,68,19,335
91080.0,-59,-61,241
91082.5,-14,-39,235
91085.0,-41,-24,295
91087.5,31,42,298
91090.0,-43,-21,337
91092.5,-19,-78,385
91095.0,103,5,360
91097.5,10,-15,347
91100.0,34,-9,273
91102.5,-18,-2,262
91105.0,41,23,308
91107.5,34,-9,307
91110.0,0,-51,322
91112.5,-6,18,346
91115.0,-33,-20,275
91117.5,-30,-46,367
91120.0,20,3,261
91122.5,-16,-46,332
91125.0,-27,4,369
91127.5,-27,4,369
91130.0,-39,-9,351
91132.5,-29,-30,336
91135.0,-38,-64,307
91137.5,48,-21,244
91140.0,48,-25,316
91142.5,-46,-15,288
91145.0,37,-16,309
91147.5,6,1,376
91150.0,31,-1,302
91152.5,-10,-44,373
91155.0,42,10,257
91157.5,87,4,233
91160.0,11,-2,270
91162.5,-15,-1,293
91165.0,-4,0,309
91167.5,37,-25,284
91170.0,7,-13,268
91172.5,28,-1,354
91175.0,58,-21,282
91177.5,58,-21,282
91180.0,21,-4,290
91182.5,-27,-47,353
91185.0,9,17,323
91187.5,39,13,328
91190.0,45,-57,334
91192.5,18,-24,285
91195.0,41,9,346
91197.5,30,-27,268
91200.0,-42,-78,312
91202.5,36,-24,357
91205.0,82,10,301
91207.5,18,-6,337
91210.0,27,5,316
91212.5,90,33,242
91215.0,-2,-23,311
91217.5,50,7,275
91220.0,12,8,306
91222.5,99,20,329
91225.0,22,-33,314
91227.5,22,-33,314
91230.0,35,-38,337
91232.5,30,-13,252
91235.0,23,0,272
91237.5,14,-11,320
91240.0,64,28,304
91242.5,-63,-13,339
91245.0,-32,-23,336
91247.5,90,18,249
91250.0,-17,-40,336
91252.5,70,12,229
91255.0,63,-1,283
91257.5,-52,-22,326
91260.0,-24,-5,299
91262.5,-75,-74,351
91265.0,-1,-36,318
91267.5,59,26,256
91270.0,13,-1,328
91272.5,17,-29,278
91275.0,-2,2,274
91277.5,-2,2,274
91280.0,-40,-5,370
91282.5,-155,-72,315
91285.0,-22,-14,361
91287.5,-63,-28,280
91290.0,-31,-31,260
91292.5,15,-2,290
91295.0,27,-9,272
91297.5,20,-16,304
91300.0,63,-14,379
91302.5,-33,-39,309
91305.0,48,12,344
91307.5,76,-6,272
91310.0,-7,-39,268
91312.5,-11,-17,329
91315.0,74,26,316
91317.5,31,-41,306
91320.0,1,11,330
91322.5,77,15,247
91325.0,-65,-14,311
91327.5,-65,-14,311
91330.0,-3,-19,245
91332.5,-44,21,281
91335.0,22,-30,357
91337.5,-5,-38,315
91340.0,15,-4,342
91342.5,50,-32,347
91345.0,11,-21,240
91347.5,45,3,318
91350.0,54,-3,284
91352.5,8,2,297
91355.0,9,-12,340
91357.5,36,46,318
91360.0,12,-3,349
91362.5,-18,-31,267
91365.0,15,-4,254
91367.5,14,-4,323
91370.0,18,33,272
91372.5,31,14,309
91375.0,40,14,322
91377.5,40,14,322
91380.0,7,-8,308
91382.5,10,4,346
91385.0,1,-51,239
91387.5,-57,-7,246
91390.0,79,14,317
91392.5,21,-8,304
91395.0,-46,-38,334
91397.5,27,-12,297
91400.0,23,14,226
91402.5,43,11,320
91405.0,39,14,242
91407.5,17,34,291
91410.0,-24,-25,345
91412.5,33,-3,307
91415.0,75,-22,364
91417.5,-73,-60,319
91420.0,-43,-22,242
91422.5,-3,-4,316
91425.0,12,5,291
91427.5,12,5,291
91430.0,-30,-37,317
91432.5,10,55,360
91435.0,59,-8,299
91437.5,21,-12,358
91440.0,0,-46,253
91442.5,27,9,281
91445.0,-19,-14,341
91447.5,-46,-22,272
91450.0,11,17,291
91452.5,-12,-10,332
91455.0,68,-12,319
91457.5,11,-32,336
91460.0,50,-21,244
91462.5,58,20,280
91465.0,-17,-41,348
91467.5,74,-8,298
91470.0,55,-1,327
91472.5,-11,-39,349
91475.0,-11,-39,349
91477.5,47,-45,275
91480.0,-8,35,333
91482.5,-54,-55,267
91485.0,17,-18,286
91487.5,32,-3,320
91490.0,18,-2,302
91492.5,-54,-39,332
91495.0,29,9,295
91497.5,60,53,238
91500.0,-5,-14,321
91502.5,45,17,293
91505.0,3,-10,292
91507.5,19,-29,354
91510.0,104,59,259
91512.5,-15,-10,357
91515.0,25,-9,303
91517.5,49,-17,248
91520.0,23,-2,296
91522.5,54,21,311
91525.0,54,21,311
91527.5,-18,21,283
91530.0,36,2,354
91532.5,59,20,319
91535.0,28,7,359
91537.5,83,8,273
91540.0,-4,-23,252
91542.5,14,-15,294
91545.0,58,25,344
91547.5,-16,-74,301
91550.0,19,7,320
91552.5,-18,-39,246
91555.0,-29,-26,325
91557.5,-3,-13,253
91560.0,43,15,300
91562.5,15,18,281
91565.0,25,-34,285
91567.5,62,-13,334
91570.0,-19,-1,298
91572.5,-49,8,202
91575.0,-49,8,202
91577.5,-33,-25,332
91580.0,13,-18,254
91582.5,-124,-51,274
91585.0,-5,2,368
91587.5,78,25,359
91590.0,-3,-5,355
91592.5,41,9,264
91595.0,23,19,275
91597.5,-15,13,259
91600.0,25,-9,245
91602.5,25,13,235
91605.0,1,-13,322
91607.5,104,2,341
91610.0,-51,-63,356
91612.5,57,27,225
91615.0,10,-16,288
91617.5,-9,-16,339
91620.0,46,21,299
91622.5,10,-78,325
91625.0,10,-78,325
91627.5,15,20,336
91630.0,11,-4,254
91632.5,-51,-6,332
91635.0,40,25,253
91637.5,59,-20,293
91640.0,58,55,297
91642.5,-71,-47,297
91645.0,-16,-41,363
91647.5,32,-7,318
91650.0,-72,-81,257
91652.5,37,-4,324
91655.0,-41,-31,285
91657.5,-12,3,286
91660.0,4,-29,411
91662.5,14,-26,330
91665.0,-15,0,338
91667.5,112,42,308
91670.0,79,17,271
91672.5,-43,-2,307
91675.0,-43,-2,307
91677.5,30,-10,304
91680.0,-14,29,293
91682.5,-79,-24,354
91685.0,9,-6,286
91687.5,4,7,348
91690.0,41,20,245
91692.5,10,12,245
91695.0,-11,-29,309
91697.5,49,41,273
91700.0,-23,-2,336
91702.5,42,11,328
91705.0,48,19,308
91707.5,-68,-44,336
91710.0,37,-7,264
91712.5,11,-23,281
91715.0,-36,-20,336
91717.5,57,54,311
91720.0,-43,-30,326
91722.5,73,10,322
91725.0,73,10,322
91727.5,0,-3,292
91730.0,-17,-13,342
91732.5,22,28,284
91735.0,10,-10,287
91737.5,44,16,344
91740.0,41,0,299
91742.5,89,32,359
91745.0,-19,-16,270
91747.5,88,29,269
91750.0,-32,-2,286
91752.5,63,19,277
91755.0,3,-15,285
91757.5,43,40,321
91760.0,24,-36,335
91762.5,-1,-44,356
91765.0,72,22,249
91767.5,57,33,259
91770.0,-52,-59,307
91772.5,28,28,267
91775.0,28,28,267
91777.5,-96,-31,304
91780.0,34,24,365
91782.5,10,-5,214
91785.0,-22,-22,321
91787.5,22,-12,262
91790.0,-5,52,273
91792.5,-18,-18,303
91795.0,23,-28,341
91797.5,-5,-27,319
91800.0,-48,-31,294
91802.5,51,-43,263
91805.0,31,12,326
91807.5,37,-13,276
91810.0,8,25,299
91812.5,42,18,368
91815.0,20,-21,329
91817.5,3,-21,384
91820.0,43,0,289
91822.5,119,-3,286
91825.0,119,-3,286
91827.5,11,-40,295
91830.0,48,60,276
91832.5,47,9,252
91835.0,15,-41,358
91837.5,29,-11,320
91840.0,-42,-32,372
91842.5,41,7,243
91845.0,-6,-10,260
91847.5,-34,-13,298
91850.0,82,27,312
91852.5,49,10,299
91855.0,20,-8,325
91857.5,-7,-54,308
91860.0,5,0,333
91862.5,-14,-9,254
91865.0,10,20,285
91867.5,-20,-1,338
91870.0,13,-3,307
91872.5,-23,19,348
91875.0,-23,19,348
91877.5,46,-20,328
91880.0,51,-6,257
91882.5,-12,-34,326
91885.0,16,-30,249
91887.5,-22,2,285
91890.0,-34,0,329
91892.5,28,-34,325
91895.0,-29,21,350
91897.5,9,-16,295
91900.0,-3,-37,244
91902.5,14,20,303
91905.0,55,18,277
91907.5,-19,-1,286
91910.0,-38,8,314
91912.5,75,14,266
91915.0,-28,-28,333
91917.5,15,22,219
91920.0,-41,-15,268
91922.5,48,3,333
91925.0,48,3,333
91927.5,83,11,292
91930.0,-23,-14,319
91932.5,57,6,342
91935.0,-28,13,256
91937.5,1,20,317
91940.0,21,12,272
91942.5,80,75,270
91945.0,-46,13,325
91947.5,24,-5,303
91950.0,-1,-42,360
91952.5,52,17,289
91955.0,20,32,245
91957.5,19,-31,324
91960.0,36,19,257
91962.5,-12,6,277
91965.0,10,-9,373
91967.5,-14,-25,309
91970.0,-22,-56,368
91972.5,-37,-74,296
91975.0,-37,-74,296
91977.5,125,1,298
91980.0,23,-7,326
91982.5,-14,-17,296
91985.0,6,-8,320
91987.5,49,-19,346
91990.0,23,22,257
91992.5,-46,-26,309
91995.0,40,26,268
91997.5,52,-13,299
92000.0,-17,21,316
92002.5,11,-6,315
92005.0,20,34,311
92007.5,45,-8,313
92010.0,86,61,231
92012.5,24,2,315
92015.0,-7,-11,257
92017.5,-64,10,283
92020.0,23,18,384
92022.5,50,-16,316
92025.0,50,-16,316
92027.5,18,22,336
92030.0,19,9,279
92032.5,-45,-11,182
92035.0,37,1,292
92037.5,32,-4,298
92040.0,-1,-31,295
92042.5,0,-36,349
92045.0,151,67,283
92047.5,-4,-61,340
92050.0,22,1,259
92052.5,107,-7,255
92055.0,11,14,304
92057.5,46,-17,295
92060.0,11,9,338
92062.5,-38,-33,328
92065.0,60,-4,265
92067.5,18,11,310
92070.0,27,2,240
92072.5,2,-31,271
92075.0,2,-31,271
92077.5,-13,-2,321
92080.0,68,60,314
92082.5,-18,-1,322
92085.0,-39,-47,347
92087.5,45,84,247
92090.0,-63,-29,326
92092.5,67,-31,258
92095.0,56,42,284
92097.5,23,-5,355
92100.0,18,-32,312
92102.5,-3,-24,327
92105.0,30,15,278
92107.5,82,25,257
92110.0,20,-8,311
92112.5,91,11,289
92115.0,-8,-6,329
92117.5,-10,-48,348
92120.0,36,11,277
92122.5,36,11,277
92125.0,-32,-36,339
92127.5,-73,-82,275
92130.0,15,6,286
92132.5,25,-7,341
92135.0,8,-48,376
92137.5,-40,-16,334
92140.0,-71,-41,311
92142.5,124,-12,318
92145.0,-74,12,303
92147.5,-26,-26,278
92150.0,-14,-28,302
92152.5,42,2,327
92155.0,56,6,319
92157.5,58,-31,315
92160.0,11,-5,258
92162.5,53,2,277
92165.0,-44,-54,303
92167.5,83,14,310
92170.0,-3,-11,308
92172.5,-3,-11,308
92175.0,47,19,346
92177.5,-37,-10,344
92180.0,-7,9,362
92182.5,-6,14,245
92185.0,35,18,316
92187.5,-12,-7,324
92190.0,16,5,296
92192.5,23,-16,323
92195.0,22,67,334
92197.5,23,2,262
92200.0,-42,-12,333
92202.5,-32,10,249
92205.0,22,33,293
92207.5,3,25,312
92210.0,-46,-72,296
92212.5,7,-33,351
92215.0,85,-8,314
92217.5,12,-21,220
92220.0,-25,3,310
92222.5,-25,3,310
92225.0,23,6,254
92227.5,18,-21,304
92230.0,-74,-55,312
92232.5,56,13,325
92235.0,-11,-5,352
92237.5,-76,-57,269
92240.0,-10,-36,310
92242.5,20,-29,288
92245.0,44,3,302
92247.5,31,17,276
92250.0,37,-2,377
92252.5,43,-22,309
92255.0,-16,-36,392
92257.5,-25,-46,251
92260.0,19,-3,308
92262.5,-18,9,321
92265.0,-43,-4,343
92267.5,32,-47,373
92270.0,31,-10,335
92272.5,31,-10,335
92275.0,16,10,255
92277.5,-25,-3,314
92280.0,48,-16,238
92282.5,7,20,293
92285.0,-17,-9,356
92287.5,-2,-9,302
92290.0,13,16,357
92292.5,52,40,289
92295.0,55,32,276
92297.5,-31,-38,302
92300.0,46,54,271
92302.5,-34,-49,322
92305.0,31,-18,366
92307.5,21,-14,277
92310.0,-43,-29,344
92312.5,37,10,226
92315.0,-4,-5,269
92317.5,8,-16,301
92320.0,67,22,322
92322.5,67,22,322
92325.0,-17,9,305
92327.5,-32,-34,338
92330.0,3,-39,252
92332.5,-29,-34,335
92335.0,83,15,230
92337.5,-77,35,304
92340.0,-24,-28,347
92342.5,19,-15,295
92345.0,-66,-22,335
92347.5,13,-16,267
92350.0,33,-58,284
92352.5,-13,-38,296
92355.0,43,29,277
92357.5,-6,-36,323
92360.0,-41,-11,356
92362.5,20,48,334
92365.0,20,-21,356
92367.5,36,0,247
92370.0,25,25,279
92372.5,25,25,279
92375.0,-2,17,288
92377.5,-98,3,335
92380.0,34,5,321
92382.5,7,-10,331
92385.0,-65,-60,260
92387.5,-4,2,352
92390.0,48,7,238
92392.5,-36,-24,305
92395.0,21,54,288
92397.5,19,-17,316
92400.0,12,45,315
92402.5,3,-67,313
92405.0,150,-11,309
92407.5,3,-53,319
92410.0,-42,24,249
92412.5,-25,-34,281
92415.0,7,-15,414
92417.5,-49,-25,291
92420.0,-1,-32,370
92422.5,-1,-32,370
92425.0,-2,-3,272
92427.5,63,18,270
92430.0,-90,-46,309
92432.5,-56,9,312
92435.0,-28,-15,323
92437.5,36,-1,361
92440.0,-45,-38,296
92442.5,-12,-7,351
92445.0,69,33,201
92447.5,110,32,276
92450.0,-1,-47,320
92452.5,39,-28,339
92455.0,-18,-32,352
92457.5,78,-21,328
92460.0,68,-23,275
92462.5,17,-1,345
92465.0,5,12,255
92467.5,-26,-13,305
92470.0,37,-26,378
92472.5,37,-26,378
92475.0,12,-30,299
92477.5,16,-62,315
92480.0,35,10,267
92482.5,-19,-22,228
92485.0,-17,2,302
92487.5,70,50,266
92490.0,-44,-59,286
92492.5,-107,-59,336
92495.0,27,-12,310
92497.5,33,-4,335
92500.0,26,32,232
92502.5,31,23,273
92505.0,16,18,308
92507.5,39,11,261
92510.0,61,27,297
92512.5,-49,-8,325
92515.0,51,8,289
92517.5,-25,-32,352
92520.0,-2,-28,267
92522.5,-2,-28,267
92525.0,-10,-54,323
92527.5,28,-7,337
92530.0,33,-39,299
92532.5,-12,-51,349
92535.0,121,53,292
92537.5,112,29,215
92540.0,-66,-50,283
92542.5,2,1,282
92545.0,65,35,312
92547.5,-18,-41,365
92550.0,14,-18,308
92552.5,-19,-49,385
92555.0,-43,-67,278
92557.5,0,-29,267
92560.0,-24,-15,314
92562.5,32,5,322
92565.0,-4,-15,335
92567.5,9,-34,337
92570.0,9,-34,337
92572.5,2,18,259
92575.0,-42,-57,349
92577.5,-7,-33,265
92580.0,44,-9,287
92582.5,-3,-3,327
92585.0,42,20,307
92587.5,-3,-55,331
92590.0,26,-23,343
92592.5,-3,-29,267
92595.0,12,48,309
92597.5,28,-24,260
92600.0,-33,-26,304
92602.5,-34,-54,351
92605.0,100,32,298
92607.5,34,46,367
92610.0,-33,-58,286
92612.5,50,1,276
92615.0,23,-7,312
92617.5,-25,37,266
92620.0,-25,37,266
92622.5,-47,-36,328
92625.0,-20,-74,359
92627.5,76,31,242
92630.0,-45,-37,319
92632.5,69,-26,265
92635.0,21,-38,338
92637.5,37,-24,353
92640.0,48,-24,313
92642.5,48,3,354
92645.0,19,-14,355
92647.5,115,-1,274
92650.0,0,-19,314
92652.5,81,66,264
92655.0,34,-20,306
92657.5,-106,-4,351
92660.0,-32,-21,280
92662.5,50,61,326
92665.0,-13,-22,263
92667.5,10,-33,256
92670.0,10,-33,256
92672.5,24,-5,291
92675.0,33,-18,307
92677.5,83,30,303
92680.0,40,-52,354
92682.5,31,2,292
92685.0,22,-26,350
92687.5,28,-26,290
92690.0,37,-8,258
92692.5,33,9,304
92695.0,25,-23,325
92697.5,14,-33,311
92700.0,1,-66,308
92702.5,-83,-11,251
92705.0,-1,-18,330
92707.5,35,-2,264
92710.0,28,34,295
92712.5,4,-15,365
92715.0,39,-33,326
92717.5,8,-17,348
92720.0,8,-17,348
92722.5,39,14,327
92725.0,18,-32,281
92727.5,18,4,318
92730.0,-52,-55,294
92732.5,-37,-40,311
92735.0,57,-15,339
92737.5,22,-13,341
92740.0,0,3,355
92742.5,64,4,212
92745.0,25,41,286
92747.5,0,-4,284
92750.0,33,26,314
92752.5,9,-13,320
92755.0,38,8,302
92757.5,155,-13,297
92760.0,19,-49,338
92762.5,70,-1,285
92765.0,9,-18,308
92767.5,8,-58,364
92770.0,8,-58,364
92772.5,44,23,277
92775.0,64,-1,346
92777.5,27,-13,279
92780.0,62,-38,286
92782.5,26,14,292
92785.0,27,0,295
92787.5,-31,-14,321
92790.0,55,-24,356
92792.5,-8,-19,283
92795.0,-19,-11,338
92797.5,86,0,263
92800.0,-25,9,307
92802.5,-45,11,335
92805.0,38,-22,317
92807.5,37,-11,351
92810.0,-19,-35,363
92812.5,6,-40,284
92815.0,14,-7,319
92817.5,37,-13,238
92820.0,37,-13,238
92822.5,-46,38,289
92825.0,-19,-60,354
92827.5,62,42,318
92830.0,-52,-39,350
92832.5,18,3,289
92835.0,35,-33,254
92837.5,-42,-31,318
92840.0,-3,0,276
92842.5,18,18,308
92845.0,8,-43,364
92847.5,58,4,277
92850.0,-54,-44,361
92852.5,37,-10,218
92855.0,66,-22,311
92857.5,6,-33,316
92860.0,48,0,313
92862.5,-73,28,317
92865.0,14,-41,340
92867.5,14,-41,340
92870.0,2,-53,281
92872.5,-54,-19,302
92875.0,0,6,226
92877.5,-2,-9,322
92880.0,17,-14,360
92882.5,-50,-33,280
92885.0,67,-1,358
92887.5,-32,-53,303
92890.0,100,14,246
92892.5,22,23,261
92895.0,45,-7,274
92897.5,-14,18,290
92900.0,13,-33,359
92902.5,-20,-26,320
92905.0,26,-41,351
92907.5,39,13,275
92910.0,78,-10,280
92912.5,-52,-25,298
92915.0,48,6,292
92917.5,48,6,292
92920.0,71,28,303
92922.5,30,-9,342
92925.0,6,27,243
92927.5,6,-18,346
92930.0,39,-2,259
92932.5,44,27,269
92935.0,15,-45,342
92937.5,109,70,295
92940.0,-5,18,352
92942.5,-25,-11,311
92945.0,44,33,236
92947.5,48,6,330
92950.0,38,30,246
92952.5,-48,-3,292
92955.0,-7,-22,319
92957.5,10,-22,318
92960.0,-86,-78,343
92962.5,66,34,276
92965.0,18,-26,265
92967.5,18,-26,265
92970.0,29,5,320
92972.5,16,26,289
92975.0,-4,8,328
92977.5,45,7,331
92980.0,-8,-11,241
92982.5,-17,-47,300
92985.0,14,5,245
92987.5,-1,29,301
92990.0,-7,-17,332
92992.5,70,37,330
92995.0,-24,-19,325
92997.5,-19,-55,291
93000.0,32,32,290
93002.5,49,21,280
93005.0,35,1,307
93007.5,40,32,303
93010.0,-5,8,327
93012.5,31,30,290
93015.0,-53,-31,330
93017.5,-53,-31,330
93020.0,55,31,234
93022.5,-1,2,252
93025.0,-99,-48,304
93027.5,52,33,279
93030.0,-31,-11,335
93032.5,-21,-6,348
93035.0,85,8,250
93037.5,-17,11,303
93040.0,-58,5,277
93042.5,-46,-72,278
93045.0,0,18,285
93047.5,18,22,292
93050.0,-21,-56,341
93052.5,38,-54,342
93055.0,19,40,219
93057.5,-58,-28,275
93060.0,1,15,284
93062.5,38,1,285
93065.0,48,66,329
93067.5,48,66,329
93070.0,82,19,320
93072.5,-6,-4,326
93075.0,34,-10,245
93077.5,74,-15,285
93080.0,24,18,307
93082.5,1,6,278
93085.0,-17,-10,328
93087.5,11,9,332
93090.0,25,10,327
93092.5,-25,-38,378
93095.0,-29,-40,237
93097.5,-13,-47,291
93100.0,-6,-13,357
93102.5,43,57,279
93105.0,-5,-49,353
93107.5,8,-35,312
93110.0,83,17,227
93112.5,16,-5,316
93115.0,28,-23,219
93117.5,28,-23,219
93120.0,49,52,252
93122.5,2,4,383
93125.0,-14,-48,286
93127.5,-20,-19,337
93130.0,14,-38,252
93132.5,61,-74,321
93135.0,5,10,301
93137.5,-30,22,267
93140.0,34,-31,297
93142.5,21,-21,350
93145.0,81,8,300
93147.5,-32,-22,351
93150.0,14,-8,261
93152.5,34,-2,311
93155.0,-18,-13,328
93157.5,29,-3,295
93160.0,-12,-28,333
93162.5,61,-23,326
93165.0,-44,-30,242
93167.5,-44,-30,242
93170.0,-41,-21,327
93172.5,1,-24,256
93175.0,50,0,303
93177.5,-5,-12,346
93180.0,38,-25,321
93182.5,39,-26,351
93185.0,0,24,229
93187.5,-35,-19,292
93190.0,50,35,302
93192.5,-17,2,282
93195.0,-41,-40,301
93197.5,21,-18,408
93200.0,8,-14,325
93202.5,-23,-2,329
93205.0,-28,-17,269
93207.5,18,18,275
93210.0,-32,-19,338
93212.5,-16,8,300
93215.0,-147,-57,340
93217.5,-147,-57,340
93220.0,63,-21,369
93222.5,-2,-66,279
93225.0,-22,-26,307
93227.5,44,28,279
93230.0,-15,-43,295
93232.5,-79,1,336
93235.0,-16,-33,298
93237.5,53,-18,341
93240.0,-57,-49,250
93242.5,56,12,284
93245.0,53,-17,305
93247.5,0,20,272
93250.0,-49,-46,295
93252.5,78,-34,380
93255.0,39,-43,307
93257.5,63,40,351
93260.0,-20,-40,219
93262.5,-90,-47,258
93265.0,30,48,340
93267.5,30,48,340
93270.0,52,55,322
93272.5,3,-16,350
93275.0,14,20,303
93277.5,-19,-43,249
93280.0,-1,7,313
93282.5,-23,-7,294
93285.0,-19,-23,306
93287.5,-56,-23,343
93290.0,33,36,310
93292.5,15,-21,344
93295.0,28,11,272
93297.5,127,30,221
93300.0,14,11,279
93302.5,55,-12,295
93305.0,-15,-30,251
93307.5,-63,-47,366
93310.0,48,-28,352
93312.5,-50,-23,342
93315.0,61,2,251
93317.5,61,2,251
93320.0,10,-16,282
93322.5,-11,-74,361
93325.0,57,14,327
93327.5,-32,58,294
93330.0,-52,-36,305
93332.5,44,-56,292
93335.0,27,-12,324
93337.5,57,-12,264
93340.0,41,7,303
93342.5,-21,-50,364
93345.0,-80,-79,289
93347.5,40,46,317
93350.0,-43,-18,260
93352.5,-19,-33,279
93355.0,33,-1,297
93357.5,-37,-14,359
93360.0,-6,0,317
93362.5,-52,-19,322
93365.0,-52,-19,322
93367.5,-93,-21,306
93370.0,-7,-12,382
93372.5,-38,-60,244
93375.0,-2,29,223
93377.5,-1,14,303
93380.0,3,-21,295
93382.5,1,6,329
93385.0,1,31,301
93387.5,42,18,238
93390.0,7,-7,334
93392.5,59,-38,289
93395.0,28,20,285
93397.5,-25,-64,377
93400.0,4,-29,327
93402.5,98,16,373
93405.0,-26,-33,270
93407.5,11,-43,264
93410.0,3,-10,292
93412.5,69,32,289
93415.0,69,32,289
93417.5,20,-26,325
93420.0,5,-17,334
93422.5,24,11,273
93425.0,-21,-29,309
93427.5,-2,-13,249
93430.0,-19,-3,260
93432.5,21,-16,360
93435.0,-61,-76,350
93437.5,19,-31,341
93440.0,64,25,331
93442.5,21,-2,263
93445.0,-7,-10,356
93447.5,32,-15,273
93450.0,-19,19,295
93452.5,-9,-34,349
93455.0,-3,-10,313
93457.5,48,28,346
93460.0,5,-8,281
93462.5,-79,-28,271
93465.0,-79,-28,271
93467.5,3,-19,300
93470.0,14,-21,298
93472.5,-13,-44,326
93475.0,-68,-9,323
93477.5,3,15,302
93480.0,-58,-58,349
93482.5,-26,-26,241
93485.0,32,-8,231
93487.5,14,4,318
93490.0,68,14,299
93492.5,3,-27,327
93495.0,-34,-21,315
93497.5,36,12,295
93500.0,-36,-63,361
93502.5,9,18,248
93505.0,-3,47,281
93507.5,-20,-14,375
93510.0,61,-36,314
93512.5,35,20,335
93515.0,55,30,294
93517.5,-67,-6,219
93520.0,-3,17,286
93522.5,42,27,262
93525.0,9,8,225
93527.5,-70,-5,338
93530.0,39,8,305
93532.5,-17,18,361
93535.0,35,-7,249
93537.5,67,45,255
93540.0,20,-5,326
93542.5,17,-29,312
93545.0,7,8,296
93547.5,-34,-21,345
93550.0,3,10,252
93552.5,10,-11,363
93555.0,12,50,206
93557.5,0,-14,307
93560.0,-40,-44,344
93562.5,-40,-44,344
93565.0,95,43,310
93567.5,21,-40,358
93570.0,35,5,284
93572.5,99,4,259
93575.0,-6,-33,320
93577.5,31,31,295
93580.0,-66,-1,298
93582.5,8,-7,357
93585.0,19,-8,282
93587.5,20,-14,383
93590.0,26,-5,278
93592.5,86,25,304
93595.0,28,5,303
93597.5,70,17,323
93600.0,36,15,317
93602.5,44,36,299
93605.0,7,-21,279
93607.5,26,-28,343
93610.0,69,23,210
93612.5,69,23,210
93615.0,13,9,280
93617.5,-66,18,319
93620.0,11,5,357
93622.5,-108,-17,325
93625.0,27,-6,312
93627.5,84,21,286
93630.0,17,13,308
93632.5,8,-9,304
93635.0,22,-25,320
93637.5,111,35,362
93640.0,-14,-14,299
93642.5,-33,-20,333
93645.0,47,32,233
93647.5,1,10,219
93650.0,13,18,311
93652.5,-60,-11,247
93655.0,-8,49,268
93657.5,-18,31,326
93660.0,-18,31,326
93662.5,-54,-23,296
93665.0,-119,-30,348
93667.5,40,22,229
93670.0,-100,-11,299
93672.5,-15,-10,360
93675.0,69,-21,303
93677.5,17,-13,332
93680.0,10,14,262
93682.5,-8,-14,266
93685.0,20,6,292
93687.5,59,13,290
93690.0,-12,-33,328
93692.5,-10,23,333
93695.0,-56,-14,320
93697.5,40,-17,346
93700.0,-2,2,262
93702.5,41,17,278
93705.0,-38,-33,313
93707.5,-52,20,284
93710.0,-52,20,284
93712.5,-8,24,276
93715.0,13,25,328
93717.5,-21,42,244
93720.0,12,3,339
93722.5,10,31,241
93725.0,-27,-42,298
93727.5,-17,-5,328
93730.0,61,14,300
93732.5,-72,-12,325
93735.0,-13,-49,294
93737.5,-124,2,207
93740.0,-15,-7,302
93742.5,-44,-48,290
93745.0,-15,-21,281
93747.5,-96,6,346
93750.0,-25,2,319
93752.5,19,-14,350
93755.0,52,26,255
93757.5,83,13,286
93760.0,83,13,286
93762.5,-4,-22,311
93765.0,6,-8,307
93767.5,4,12,335
93770.0,34,-7,329
93772.5,-41,-7,241
93775.0,-36,-38,338
93777.5,49,53,224
93780.0,-33,-22,271
93782.5,34,-37,354
93785.0,45,-17,287
93787.5,-132,-55,316
93790.0,-7,-15,271
93792.5,-15,-6,230
93795.0,30,-33,342
93797.5,5,10,305
93800.0,-41,54,257
93802.5,34,-26,374
93805.0,-16,-39,344
93807.5,68,-49,355
93810.0,68,-49,355
93812.5,57,25,234
93815.0,70,2,270
93817.5,33,-44,284
93820.0,20,38,313
93822.5,5,-8,320
93825.0,26,-21,318
93827.5,-18,-2,306
93830.0,-42,-22,357
93832.5,-34,-14,269
93835.0,-50,-22,284
93837.5,-11,15,321
93840.0,59,-8,333
93842.5,-68,-23,339
93845.0,28,-3,283
93847.5,40,-21,289
93850.0,-18,-33,297
93852.5,-9,5,281
93855.0,10,-38,289
93857.5,35,6,325
93860.0,35,6,325
93862.5,44,27,274
93865.0,-22,-14,331
93867.5,24,10,265
93870.0,36,17,272
93872.5,-31,-29,295
93875.0,38,39,297
93877.5,-46,1,322
93880.0,31,-39,317
93882.5,-45,-20,298
93885.0,-58,-18,328
93887.5,60,43,224
93890.0,-109,13,265
93892.5,41,-25,332
93895.0,31,4,304
93897.5,-24,-41,345
93900.0,114,37,304
93902.5,60,-2,251
93905.0,-75,-48,294
93907.5,-8,20,293
93910.0,-8,20,293
93912.5,-13,1,317
93915.0,-98,-4,346
93917.5,4,-21,266
93920.0,6,19,342
93922.5,59,25,246
93925.0,24,7,244
93927.5,1,-24,273
93930.0,55,-17,329
93932.5,57,49,273
93935.0,-15,3,319
93937.5,66,-6,310
93940.0,-5,-39,352
93942.5,83,57,225
93945.0,92,-18,313
93947.5,24,7,348
93950.0,5,-9,316
93952.5,21,20,341
93955.0,-9,-20,296
93957.5,48,10,242
93960.0,48,10,242
93962.5,-27,-21,303
93965.0,-13,-5,307
93967.5,1,5,294
93970.0,-45,-13,334
93972.5,86,34,272
93975.0,-95,-46,336
93977.5,38,4,250
93980.0,28,28,246
93982.5,32,2,279
93985.0,46,-1,298
93987.5,-3,20,300
93990.0,41,-20,346
93992.5,19,13,247
93995.0,8,-24,360
93997.5,50,10,229
94000.0,24,34,263
94002.5,-4,-18,337
94005.0,48,1,306
94007.5,48,1,306
94010.0,-51,-35,334
94012.5,35,19,287
94015.0,-16,-12,236
94017.5,-13,20,271
94020.0,-56,-8,253
94022.5,30,22,277
94025.0,-1,-26,334
94027.5,23,22,289
94030.0,10,-20,357
94032.5,73,9,238
94035.0,16,2,257
94037.5,8,9,315
94040.0,70,29,264
94042.5,5,23,302
94045.0,-24,-35,311
94047.5,109,52,241
94050.0,0,-13,327
94052.5,6,-5,253
94055.0,-79,-24,271
94057.5,-79,-24,271
94060.0,43,-21,333
94062.5,-40,-11,297
94065.0,-1,-1,320
94067.5,71,37,279
94070.0,48,13,241
94072.5,-43,-32,281
94075.0,-64,5,282
94077.5,-14,-19,302
94080.0,-8,-20,335
94082.5,-36,12,289
94085.0,-22,-26,326
94087.5,72,0,262
94090.0,7,14,279
94092.5,-6,-14,339
94095.0,41,30,274
94097.5,8,-41,314
94100.0,1,0,304
94102.5,68,14,252
94105.0,-3,-17,339
94107.5,-3,-17,339
94110.0,2,-15,250
94112.5,15,-17,295
94115.0,-40,-24,337
94117.5,28,-23,343
94120.0,-21,-19,343
94122.5,80,48,293
94125.0,-18,-18,252
94127.5,11,9,300
94130.0,6,-4,296
94132.5,-67,1,276
94135.0,26,-18,371
94137.5,-31,-32,323
94140.0,-29,-38,323
94142.5,15,-7,307
94145.0,-44,-60,224
94147.5,63,7,315
94150.0,111,2,306
94152.5,28,-29,336
94155.0,32,-32,351
94157.5,32,-32,351
94160.0,-26,-22,250
94162.5,-96,-29,331
94165.0,27,22,258
94167.5,20,-20,311
94170.0,15,-1,346
94172.5,64,-8,294
94175.0,-16,-43,371
94177.5,-7,-16,302
94180.0,-7,26,243
94182.5,-43,-56,313
94185.0,25,29,307
94187.5,3,-12,318
94190.0,24,11,343
94192.5,102,28,309
94195.0,15,-8,351
94197.5,38,11,240
94200.0,47,-32,258
94202.5,37,0,313
94205.0,8,48,291
94207.5,8,48,291
94210.0,0,-3,293
94212.5,26,52,318
94215.0,84,34,260
94217.5,14,-6,351
94220.0,22,-6,215
94222.5,77,9,298
94225.0,-17,18,311
94227.5,-32,-35,318
94230.0,14,-82,349
94232.5,13,0,266
94235.0,6,-30,275
94237.5,23,-2,306
94240.0,7,3,280
94242.5,33,-8,286
94245.0,-29,-23,323
94247.5,-74,-14,299
94250.0,101,-26,342
94252.5,18,21,236
94255.0,-23,-2,286
94257.5,-23,-2,286
94260.0,55,17,301
94262.5,74,13,269
94265.0,-55,-3,327
94267.5,-25,-5,324
94270.0,85,-23,306
94272.5,-21,-5,351
94275.0,-46,-45,263
94277.5,-13,48,265
94280.0,-13,-6,353
94282.5,10,-20,306
94285.0,-17,1,342
94287.5,87,31,321
94290.0,-4,-27,282
94292.5,-54,-68,324
94295.0,25,33,283
94297.5,-13,21,302
94300.0,-49,-23,385
94302.5,-9,-14,309
94305.0,52,-22,339
94307.5,52,-22,339
94310.0,-65,-36,278
94312.5,12,-13,284
94315.0,24,-9,324
94317.5,-2,-7,319
94320.0,-28,-3,344
94322.5,37,-31,372
94325.0,46,-6,335
94327.5,-9,-20,375
94330.0,-10,-54,261
94332.5,46,4,279
94335.0,-20,-5,318
94337.5,15,9,336
94340.0,9,-26,353
94342.5,-35,-30,315
94345.0,-121,-42,288
94347.5,-86,-26,291
94350.0,30,-27,304
94352.5,-4,-45,286
94355.0,-13,-7,386
94357.5,-13,-7,386
94360.0,51,0,307
94362.5,11,10,331
94365.0,30,-18,318
94367.5,58,-8,197
94370.0,3,-13,319
94372.5,-26,-22,352
94375.0,-21,-17,341
94377.5,47,5,353
94380.0,16,41,303
94382.5,7,-17,345
94385.0,5,-49,232
94387.5,8,-49,309
94390.0,28,3,312
94392.5,47,-26,275
94395.0,95,49,276
94397.5,23,-37,306
94400.0,-27,-43,257
94402.5,55,-11,330
94405.0,55,-11,330
94407.5,43,12,285
94410.0,-68,30,274
94412.5,40,-13,329
94415.0,39,3,300
94417.5,-7,6,379
94420.0,-4,-20,279
94422.5,-9,-91,276
94425.0,84,14,329
94427.5,6,-34,294
94430.0,-26,-24,302
94432.5,50,5,389
94435.0,15,-4,263
94437.5,-10,-33,346
94440.0,38,3,267
94442.5,132,9,246
94445.0,24,-20,311
94447.5,7,1,273
94450.0,14,1,322
94452.5,47,22,348
94455.0,47,22,348
94457.5,57,18,275
94460.0,-44,-38,308
94462.5,2,-12,248
94465.0,-41,-15,279
94467.5,-9,-27,320
94470.0,64,30,266
94472.5,-62,-57,370
94475.0,15,5,299
94477.5,28,29,301
94480.0,-34,-19,321
94482.5,18,-8,307
94485.0,33,-47,323
94487.5,-51,-21,333
94490.0,113,46,264
94492.5,-59,-63,371
94495.0,50,32,215
94497.5,51,48,300
94500.0,-7,-30,329
94502.5,25,74,237
94505.0,25,74,237
94507.5,59,-6,296
94510.0,16,2,321
94512.5,75,-12,267
94515.0,-43,-42,330
94517.5,46,-8,281
94520.0,-47,-18,272
94522.5,50,-41,328
94525.0,54,12,281
94527.5,56,9,275
94530.0,69,34,267
94532.5,96,41,236
94535.0,13,-24,291
94537.5,17,-3,288
94540.0,34,8,268
94542.5,-32,15,319
94545.0,38,2,295
94547.5,-18,-28,319
94550.0,47,15,277
94552.5,-9,8,269
94555.0,-9,8,269
94557.5,28,12,308
94560.0,21,-22,296
94562.5,46,-8,325
94565.0,2,6,339
94567.5,66,9,324
94570.0,-129,-76,339
94572.5,-60,-24,268
94575.0,13,4,310
94577.5,11,24,329
94580.0,-11,-11,287
94582.5,10,-55,336
94585.0,84,11,283
94587.5,-2,-31,259
94590.0,-23,-25,306
94592.5,37,9,290
94595.0,-22,8,299
94597.5,25,-45,375
94600.0,7,-10,315
94602.5,0,15,333
94605.0,0,15,333
94607.5,-1,-37,275
94610.0,86,-16,301
94612.5,12,-10,289
94615.0,-93,-46,275
94617.5,-36,-23,312
94620.0,-34,-89,366
94622.5,54,-29,284
94625.0,-7,18,318
94627.5,31,-4,256
94630.0,31,-29,331
94632.5,-29,-24,331
94635.0,23,-12,344
94637.5,-12,-57,361
94640.0,-44,19,316
94642.5,25,28,278
94645.0,6,-1,342
94647.5,65,12,221
94650.0,0,-34,298
94652.5,-30,-44,360
94655.0,-30,-44,360
94657.5,-14,-48,341
94660.0,-51,-20,345
94662.5,53,26,275
94665.0,8,7,273
94667.5,-21,-18,274
94670.0,52,15,287
94672.5,82,52,325
94675.0,18,-50,361
94677.5,38,16,300
94680.0,166,45,357
94682.5,51,4,231
94685.0,40,-13,245
94687.5,-7,2,307
94690.0,80,49,301
94692.5,-9,7,321
94695.0,-33,-34,337
94697.5,39,21,291
94700.0,-71,-118,353
94702.5,36,43,216
94705.0,36,43,216
94707.5,-53,36,282
94710.0,-10,18,321
94712.5,-1,-6,278
94715.0,54,-19,353
94717.5,17,-13,273
94720.0,140,-7,254
94722.5,2,-40,326
94725.0,46,48,300
94727.5,25,-22,302
94730.0,-36,-34,363
94732.5,-2,-10,288
94735.0,105,37,358
94737.5,16,-26,275
94740.0,75,4,256
94742.5,21,-2,299
94745.0,-1,6,269
94747.5,9,-20,325
94750.0,-7,-40,350
94752.5,77,20,299
94755.0,77,20,299
94757.5,10,-39,381
94760.0,99,17,231
94762.5,-1,-28,324
94765.0,-32,-12,326
94767.5,3,-37,319
94770.0,10,-38,354
94772.5,115,76,300
94775.0,-80,-70,262
94777.5,-17,40,265
94780.0,36,-10,266
94782.5,41,1,300
94785.0,-48,-20,347
94787.5,-9,25,305
94790.0,92,5,336
94792.5,15,11,272
94795.0,17,-13,279
94797.5,35,-12,335
94800.0,30,1,290
94802.5,71,21,270
94805.0,71,21,270
94807.5,26,-15,344
94810.0,86,27,261
94812.5,-41,-38,326
94815.0,3,-24,250
94817.5,-39,7,251
94820.0,11,2,315
94822.5,21,-29,301
94825.0,66,5,325
94827.5,17,-41,323
94830.0,45,-19,256
94832.5,23,-49,332
94835.0,41,1,276
94837.5,-42,-37,315
94840.0,20,5,365
94842.5,75,5,313
94845.0,-20,-53,385
94847.5,-1,-25,281
94850.0,10,-27,249
94852.5,10,-27,249
94855.0,68,-49,322
94857.5,46,10,275
94860.0,12,-5,286
94862.5,19,-28,345
94865.0,73,-11,278
94867.5,27,-7,325
94870.0,-38,-28,272
94872.5,33,39,238
94875.0,39,18,297
94877.5,32,-4,285
94880.0,-9,27,311
94882.5,-4,9,326
94885.0,-45,-17,251
94887.5,-8,-3,330
94890.0,-23,-69,260
94892.5,10,-13,308
94895.0,22,-31,329
94897.5,116,-38,344
94900.0,-8,-12,365
94902.5,-8,-12,365
94905.0,18,11,328
94907.5,23,26,251
94910.0,-4,-8,312
94912.5,59,15,259
94915.0,10,7,295
94917.5,4,-5,355
94920.0,-3,-84,310
94922.5,-10,-8,343
94925.0,12,4,245
94927.5,48,6,294
94930.0,-52,-32,293
94932.5,-8,83,309
94935.0,-15,3,345
94937.5,27,-50,355
94940.0,2,-50,305
94942.5,-52,-46,365
94945.0,32,-14,268
94947.5,47,-40,273
94950.0,-1,12,290
94952.5,-1,12,290
94955.0,37,-28,321
94957.5,16,-13,335
94960.0,71,25,302
94962.5,60,-15,249
94965.0,59,-32,333
94967.5,21,7,261
94970.0,-17,-18,292
94972.5,14,-26,373
94975.0,11,-12,356
94977.5,-18,-5,373
94980.0,-29,-72,289
94982.5,30,14,251
94985.0,-2,-15,287
94987.5,37,-3,300
94990.0,50,45,285
94992.5,-23,-45,365
94995.0,41,-14,292
94997.5,6,-14,327
95000.0,48,-19,264
95002.5,48,-19,264
95005.0,36,-9,295
95007.5,38,-5,341
95010.0,24,-37,339
95012.5,-51,52,282
95015.0,-13,-42,321
95017.5,86,37,249
95020.0,-50,-55,305
95022.5,70,26,225
95025.0,-11,-60,275
95027.5,53,24,344
95030.0,41,-10,298
95032.5,44,48,351
95035.0,-5,-42,282
95037.5,-20,-25,221
95040.0,-12,-42,298
95042.5,30,7,294
95045.0,54,17,295
95047.5,-75,-50,355
95050.0,55,23,302
95052.5,55,23,302
95055.0,6,29,356
95057.5,32,-16,255
95060.0,3,-26,283
95062.5,29,-4,319
95065.0,49,16,303
95067.5,-44,10,255
95070.0,28,19,325
95072.5,-34,-2,257
95075.0,-56,-11,305
95077.5,20,18,242
95080.0,31,38,284
95082.5,30,-4,355
95085.0,22,-43,301
95087.5,-6,6,357
95090.0,41,3,299
95092.5,-37,14,214
95095.0,-5,36,313
95097.5,-30,3,285
95100.0,-7,-20,319
95102.5,-7,-20,319
95105.0,-61,1,337
95107.5,37,-37,277
95110.0,58,-8,336
95112.5,12,-24,281
95115.0,-65,-21,300
95117.5,24,-7,359
95120.0,55,-1,323
95122.5,5,-12,327
95125.0,-3,-26,315
95127.5,99,39,262
95130.0,-15,-14,358
95132.5,31,12,216
95135.0,90,-21,306
95137.5,-44,21,319
95140.0,-21,12,299
95142.5,-20,-29,332
95145.0,67,-10,310
95147.5,8,-29,243
95150.0,2,-43,319
95152.5,2,-43,319
95155.0,80,29,294
95157.5,-19,-32,332
95160.0,-50,15,384
95162.5,33,21,346
95165.0,23,4,372
95167.5,-7,-9,284
95170.0,140,14,284
95172.5,26,10,307
95175.0,2,19,280
95177.5,-10,-3,315
95180.0,51,-50,356
95182.5,45,-23,241
95185.0,4,3,342
95187.5,21,-2,251
95190.0,-45,-1,240
95192.5,4,0,281
95195.0,28,22,343
95197.5,7,-4,335
95200.0,-3,-14,287
95202.5,-3,-14,287
95205.0,15,-27,246
95207.5,-5,-63,333
95210.0,39,-8,277
95212.5,32,23,288
95215.0,20,5,345
95217.5,9,34,311
95220.0,23,-31,375
95222.5,-52,-55,289
95225.0,-53,-15,211
95227.5,67,46,304
95230.0,17,-37,282
95232.5,12,-15,318
95235.0,31,-12,325
95237.5,22,6,250
95240.0,10,-11,335
95242.5,76,8,239
95245.0,63,34,260
95247.5,-14,-41,286
95250.0,11,-5,354
95252.5,11,-5,354
95255.0,-15,-24,336
95257.5,13,-28,360
95260.0,-20,-23,287
95262.5,-72,-3,339
95265.0,31,12,286
95267.5,25,8,282
95270.0,11,-37,347
95272.5,70,-8,297
95275.0,0,-13,329
95277.5,6,16,305
95280.0,76,34,253
95282.5,3,-6,317
95285.0,56,42,279
95287.5,14,1,287
95290.0,-46,17,328
95292.5,-29,28,306
95295.0,-12,-8,386
95297.5,14,-59,285
95300.0,14,-59,285
95302.5,20,4,295
95305.0,-16,-16,304
95307.5,-1,-6,279
95310.0,-45,-56,313
95312.5,6,5,343
95315.0,-16,-15,302
95317.5,19,-16,350
95320.0,45,1,254
95322.5,72,-44,275
95325.0,-12,18,296
95327.5,74,25,293
95330.0,-20,10,305
95332.5,-8,-64,345
95335.0,69,-27,276
95337.5,51,16,329
95340.0,0,-24,262
95342.5,-60,-1,281
95345.0,46,3,370
95347.5,8,-30,313
95350.0,8,-30,313
95352.5,-65,-38,351
95355.0,14,-28,264
95357.5,-18,-20,301
95360.0,14,10,296
95362.5,-10,-41,253
95365.0,4,29,290
95367.5,25,0,333
95370.0,5,-41,294
95372.5,-29,-12,348
95375.0,45,6,259
95377.5,-16,-46,274
95380.0,34,12,326
95382.5,11,-54,344
95385.0,-19,-36,368
95387.5,-41,0,356
95390.0,-14,19,293
95392.5,-75,-75,340
95395.0,-66,7,248
95397.5,-72,-51,255
95400.0,-72,-51,255
95402.5,-16,8,362
95405.0,3,-8,313
95407.5,19,-35,356
95410.0,55,0,294
95412.5,-28,-11,248
95415.0,-48,-15,298
95417.5,96,-20,329
95420.0,42,17,313
95422.5,-40,1,318
95425.0,2,-3,322
95427.5,-54,-13,343
95430.0,2,-66,259
95432.5,20,-23,260
95435.0,-2,-26,320
95437.5,13,3,305
95440.0,23,-48,327
95442.5,-16,-37,352
95445.0,78,-2,278
95447.5,-14,14,312
95450.0,-14,14,312
95452.5,24,10,236
95455.0,9,-4,277
95457.5,30,52,322
95460.0,-3,-4,296
95462.5,-30,-22,309
95465.0,12,-43,329
95467.5,60,0,240
95470.0,-65,-30,297
95472.5,35,-28,289
95475.0,-22,-33,302
95477.5,-30,-14,341
95480.0,10,-4,299
95482.5,-33,-55,376
95485.0,26,16,262
95487.5,-4,-48,262
95490.0,45,3,308
95492.5,34,-8,293
95495.0,-36,-46,339
95497.5,55,-30,342
95500.0,55,-30,342
95502.5,-28,-27,254
95505.0,-89,-10,335
95507.5,54,-22,271
95510.0,26,-29,269
95512.5,0,-21,308
95515.0,-17,-9,302
95517.5,8,-53,334
95520.0,16,-23,324
95522.5,4,-30,306
95525.0,-8,-1,342
95527.5,20,-5,262
95530.0,-10,26,280
95532.5,31,7,338
95535.0,-2,-27,300
95537.5,97,1,348
95540.0,3,-20,281
95542.5,-8,-2,216
95545.0,32,-2,301
95547.5,32,19,268
95550.0,32,19,268
95552.5,-44,-47,283
95555.0,7,-1,328
95557.5,-2,36,299
95560.0,59,0,341
95562.5,26,-21,224
95565.0,10,2,251
95567.5,-15,-28,309
95570.0,24,20,275
95572.5,-78,-50,354
95575.0,27,-11,335
95577.5,39,-30,306
95580.0,15,-5,328
95582.5,84,54,251
95585.0,48,21,268
95587.5,-48,-34,338
95590.0,-19,16,298
95592.5,2,3,318
95595.0,10,-55,352
95597.5,116,3,288
95600.0,116,3,288
95602.5,-44,-20,310
95605.0,24,12,267
95607.5,2,15,284
95610.0,6,3,368
95612.5,-51,-65,351
95615.0,-57,-12,331
95617.5,38,-34,278
95620.0,130,45,281
95622.5,-4,-8,311
95625.0,24,-68,287
95627.5,-23,-11,282
95630.0,12,-28,349
95632.5,61,-6,308
95635.0,25,-16,377
95637.5,34,2,244
95640.0,-54,-35,254
95642.5,22,5,344
95645.0,-26,-81,329
95647.5,13,-10,338
95650.0,13,-10,338
95652.5,66,45,324
95655.0,-23,-11,222
95657.5,-38,5,328
95660.0,32,42,247
95662.5,-74,-33,290
95665.0,21,-15,332
95667.5,-11,5,319
95670.0,-30,-28,328
95672.5,47,18,288
95675.0,61,16,246
95677.5,27,-31,334
95680.0,-74,9,259
95682.5,-32,-54,277
95685.0,-28,-12,321
95687.5,-31,-9,309
95690.0,-27,-23,322
95692.5,-34,-23,287
95695.0,53,-29,280
95697.5,-23,-4,301
95700.0,-23,-4,301
95702.5,-20,-37,293
95705.0,-25,-13,301
95707.5,-39,-63,371
95710.0,-65,-77,275
95712.5,7,0,334
95715.0,95,22,256
95717.5,44,-17,280
95720.0,6,-10,282
95722.5,26,-2,323
95725.0,-40,-32,316
95727.5,20,7,291
95730.0,85,25,268
95732.5,-4,-52,335
95735.0,58,50,226
95737.5,55,27,262
95740.0,17,-30,361
95742.5,29,23,284
95745.0,4,-56,378
95747.5,4,-56,378
95750.0,10,1,299
95752.5,-9,-7,212
95755.0,-24,-14,299
95757.5,69,44,271
95760.0,-94,-57,315
95762.5,-15,0,355
95765.0,3,-27,321
95767.5,-2,-66,348
95770.0,9,-5,254
95772.5,72,-7,281
95775.0,6,2,298
95777.5,-8,53,284
95780.0,-12,3,291
95782.5,4,4,352
95785.0,35,-23,311
95787.5,-43,-70,362
95790.0,-9,-5,265
95792.5,33,55,259
95795.0,4,-27,309
95797.5,4,-27,309
95800.0,21,-20,308
95802.5,-26,-6,304
95805.0,83,-7,296
95807.5,71,17,247
95810.0,48,-22,323
95812.5,69,47,203
95815.0,6,-12,316
95817.5,-3,-33,366
95820.0,-1,-33,335
95822.5,-21,-35,360
95825.0,-45,-62,277
95827.5,33,-26,289
95830.0,-4,-22,307
95832.5,-6,12,291
95835.0,-7,2,274
95837.5,-49,-12,339
95840.0,-37,-57,356
95842.5,36,-40,352
95845.0,-47,-25,325
95847.5,-47,-25,325
95850.0,-16,-18,300
95852.5,4,-6,298
95855.0,81,37,291
95857.5,34,23,314
95860.0,14,-17,361
95862.5,47,-3,274
95865.0,-52,-23,357
95867.5,41,2,253
95870.0,-2,-49,290
95872.5,35,8,313
95875.0,45,17,291
95877.5,75,-40,359
95880.0,4,-42,339
95882.5,13,-21,282
95885.0,-14,18,311
95887.5,69,31,270
95890.0,-31,-37,291
95892.5,1,-23,388
95895.0,11,-16,344
95897.5,11,-16,344
95900.0,-61,-64,368
95902.5,-38,-45,303
95905.0,102,-5,242
95907.5,-3,-13,290
95910.0,10,-21,292
95912.5,-55,-46,311
95915.0,19,-65,380
95917.5,67,-12,276
95920.0,-30,-13,340
95922.5,79,28,244
95925.0,-37,5,251
95927.5,-42,2,309
95930.0,35,24,285
95932.5,3,-24,319
95935.0,-17,2,338
95937.5,-71,-25,247
95940.0,-55,-24,303
95942.5,28,18,235
95945.0,9,-37,297
95947.5,9,-37,297
95950.0,34,16,337
95952.5,0,-15,311
95955.0,4,11,328
95957.5,-8,-19,281
95960.0,-34,-12,239
95962.5,45,-36,351
95965.0,20,-4,271
95967.5,-18,-38,336
95970.0,-12,-23,345
95972.5,-19,-39,325
95975.0,7,3,344
95977.5,22,-22,280
95980.0,-24,-18,270
95982.5,31,-20,313
95985.0,51,-25,309
95987.5,-10,-48,339
95990.0,7,-60,354
95992.5,30,-1,316
95995.0,-46,-46,348
95997.5,-46,-46,348
96000.0,20,-15,248
96002.5,52,57,292
96005.0,8,18,325
96007.5,8,-16,324
96010.0,-13,-10,332
96012.5,30,17,313
96015.0,-10,-26,265
96017.5,-76,-60,314
96020.0,34,22,269
96022.5,58,4,271
96025.0,-20,-27,321
96027.5,19,-25,287
96030.0,-15,9,323
96032.5,-2,-11,298
96035.0,98,-55,275
96037.5,21,10,323
96040.0,11,7,304
96042.5,-22,-3,285
96045.0,-22,-1,371
96047.5,-22,-1,371
96050.0,-24,-65,325
96052.5,-5,-25,380
96055.0,-19,-62,298
96057.5,64,23,289
96060.0,58,9,296
96062.5,-11,-12,308
96065.0,-32,-41,334
96067.5,-8,-14,355
96070.0,9,-15,266
96072.5,-21,-20,330
96075.0,-1,8,263
96077.5,-23,-23,271
96080.0,-13,-22,306
96082.5,38,-21,352
96085.0,-36,-22,315
96087.5,8,9,309
96090.0,9,28,218
96092.5,-40,-42,327
96095.0,0,-6,275
96097.5,0,-6,275
96100.0,-8,-54,309
96102.5,28,-21,368
96105.0,27,37,281
96107.5,37,6,358
96110.0,-39,-32,275
96112.5,-16,-24,234
96115.0,-25,-3,314
96117.5,9,4,287
96120.0,-9,11,315
96122.5,-22,-39,344
96125.0,-10,-27,320
96127.5,-51,-20,376
96130.0,58,-1,237
96132.5,-75,52,267
96135.0,-11,-24,309
96137.5,13,51,326
96140.0,-36,-51,332
96142.5,-24,-21,333
96145.0,-43,-32,291
96147.5,-43,-32,291
96150.0,-11,6,372
96152.5,101,14,250
96155.0,59,-15,295
96157.5,3,-13,301
96160.0,-44,5,326
96162.5,84,62,298
96165.0,-26,-18,267
96167.5,26,-41,254
96170.0,27,-12,285
96172.5,-18,31,240
96175.0,-48,-35,308
96177.5,-2,15,383
96180.0,-1,-14,286
96182.5,60,-4,380
96185.0,32,-3,239
96187.5,31,-53,313
96190.0,62,-17,307
96192.5,30,5,273
96195.0,30,5,273
96197.5,1,20,264
96200.0,-6,-62,362
96202.5,42,-40,296
96205.0,10,2,348
96207.5,2,0,262
96210.0,15,122,287
96212.5,-23,-8,310
96215.0,-4,-7,312
96217.5,36,-20,334
96220.0,-31,-82,313
96222.5,58,-2,249
96225.0,-53,-23,292
96227.5,-13,-9,267
96230.0,-24,-23,303
96232.5,-3,-13,365
96235.0,-16,-6,309
96237.5,17,8,363
96240.0,-10,-31,255
96242.5,72,12,259
96245.0,72,12,259
96247.5,-22,-38,307
96250.0,34,36,270
96252.5,42,26,310
96255.0,-14,10,336
96257.5,39,6,325
96260.0,-64,-6,337
96262.5,9,-21,243
96265.0,107,0,257
96267.5,9,-12,289
96270.0,17,-21,289
96272.5,-72,-52,317
96275.0,-3,9,330
96277.5,145,26,255
96280.0,-44,-26,297
96282.5,-8,-1,261
96285.0,7,-10,295
96287.5,-41,-1,329
96290.0,-43,-7,299
96292.5,105,15,339
96295.0,105,15,339
96297.5,68,7,322
96300.0,-97,-50,244
96302.5,-37,-19,319
96305.0,59,-4,261
96307.5,2,5,280
96310.0,-43,-57,362
96312.5,45,-29,290
96315.0,-31,-21,319
96317.5,33,-5,248
96320.0,-68,-71,253
96322.5,29,12,292
96325.0,43,13,335
96327.5,22,25,290
96330.0,-10,29,314
96332.5,68,9,329
96335.0,2,-16,364
96337.5,-22,-27,277
96340.0,0,-6,301
96342.5,-5,13,321
96345.0,-5,13,321
96347.5,8,-26,310
96350.0,35,-4,326
96352.5,68,12,317
96355.0,12,-45,263
96357.5,59,-42,329
96360.0,25,-24,262
96362.5,28,28,297
96365.0,29,-29,366
96367.5,7,-12,311
96370.0,51,-4,356
96372.5,4,-23,275
96375.0,17,-29,269
96377.5,17,-1,308
96380.0,44,38,310
96382.5,-49,-46,308
96385.0,31,-6,354
96387.5,29,4,303
96390.0,21,-33,362
96392.5,3,-56,257
96395.0,3,-56,257
96397.5,-12,6,267
96400.0,1,-17,331
96402.5,22,-9,364
96405.0,35,3,314
96407.5,-41,-15,324
96410.0,-19,-29,272
96412.5,24,-19,350
96415.0,0,-4,249
96417.5,79,-3,306
96420.0,-22,-19,332
96422.5,3,-19,337
96425.0,12,-40,382
96427.5,49,18,294
96430.0,-8,24,310
96432.5,-56,-14,297
96435.0,2,43,215
96437.5,11,-8,308
96440.0,34,13,364
96442.5,60,-54,325
96445.0,60,-54,325
96447.5,59,-37,387
96450.0,80,19,254
96452.5,64,44,259
96455.0,-32,-6,303
96457.5,35,-11,274
96460.0,-7,-32,325
96462.5,60,-11,369
96465.0,71,26,247
96467.5,54,-2,312
96470.0,48,-18,323
96472.5,-57,-10,319
96475.0,-30,-41,355
96477.5,17,-9,322
96480.0,58,-13,310
96482.5,7,31,312
96485.0,-27,-45,281
96487.5,-18,-8,327
96490.0,0,-8,269
96492.5,42,-9,310
96495.0,42,-9,310
96497.5,42,48,377
96500.0,-21,-47,316
96502.5,37,-28,339
96505.0,-33,-9,250
96507.5,-3,-5,262
96510.0,-45,-28,262
96512.5,39,-11,292
96515.0,-14,-1,295
96517.5,-9,-44,366
96520.0,-36,-52,267
96522.5,45,-6,345
96525.0,48,46,256
96527.5,-25,-19,289
96530.0,-30,-8,343
96532.5,24,9,339
96535.0,-17,-13,334
96537.5,16,-27,302
96540.0,41,-17,267
96542.5,-5,20,315
96545.0,-5,20,315
96547.5,-21,-30,277
96550.0,39,0,311
96552.5,12,10,314
96555.0,8,-21,297
96557.5,-66,-12,323
96560.0,34,11,296
96562.5,-27,-16,210
96565.0,23,6,290
96567.5,14,-24,275
96570.0,36,7,300
96572.5,-22,-18,354
96575.0,-6,-23,324
96577.5,11,3,363
96580.0,20,-19,261
96582.5,-81,-1,274
96585.0,-12,11,311
96587.5,36,-3,323
96590.0,-6,-21,332
96592.5,-6,-21,332
96595.0,13,25,335
96597.5,31,8,271
96600.0,25,2,326
96602.5,-6,2,255
96605.0,56,24,286
96607.5,17,14,326
96610.0,-4,12,307
96612.5,-70,-61,357
96615.0,82,59,304
96617.5,14,-49,245
96620.0,27,18,304
96622.5,26,19,292
96625.0,72,-30,308
96627.5,-8,1,362
96630.0,39,32,309
96632.5,4,-7,337
96635.0,-65,-45,270
96637.5,-61,-60,288
96640.0,48,22,301
96642.5,48,22,301
96645.0,-10,-9,293
96647.5,-11,4,291
96650.0,37,-1,362
96652.5,57,-25,297
96655.0,-30,-29,347
96657.5,-25,-27,278
96660.0,29,0,273
96662.5,8,0,299
96665.0,-51,6,302
96667.5,-48,-1,318
96670.0,45,-8,325
96672.5,13,-3,262
96675.0,-15,-25,344
96677.5,41,23,240
96680.0,2,30,286
96682.5,-4,-30,356
96685.0,-1,-21,334
96687.5,22,12,353
96690.0,45,15,286
96692.5,45,15,286
96695.0,25,18,285
96697.5,-21,-33,308
96700.0,58,19,244
96702.5,31,-30,253
96705.0,-71,0,322
96707.5,-26,17,301
96710.0,-23,18,365
96712.5,41,7,227
96715.0,-123,-31,232
96717.5,-11,-50,306
96720.0,7,47,287
96722.5,-1,-38,339
96725.0,57,15,339
96727.5,21,-23,267
96730.0,-28,-40,339
96732.5,101,28,232
96735.0,88,46,274
96737.5,-6,12,329
96740.0,13,1,293
96742.5,13,1,293
96745.0,0,-38,362
96747.5,-10,-36,298
96750.0,13,1,220
96752.5,45,27,288
96755.0,-11,-26,269
96757.5,47,-15,295
96760.0,-22,-20,372
96762.5,12,-15,304
96765.0,-26,-21,327
96767.5,-16,-24,252
96770.0,-37,-9,279
96772.5,31,-21,335
96775.0,22,-68,258
96777.5,-21,-93,332
96780.0,22,-41,383
96782.5,-60,-70,265
96785.0,44,-16,371
96787.5,-16,-47,266
96790.0,-7,11,313
96792.5,-7,11,313
96795.0,-9,-33,311
96797.5,-2,-19,295
96800.0,-4,-7,329
96802.5,29,-25,314
96805.0,48,-30,282
96807.5,-45,-17,310
96810.0,-13,-11,280
96812.5,-55,1,291
96815.0,20,12,340
96817.5,25,25,310
96820.0,1,-16,347
96822.5,1,-2,303
96825.0,49,18,290
96827.5,-4,-7,291
96830.0,23,5,283
96832.5,8,2,321
96835.0,36,-43,354
96837.5,-8,-22,310
96840.0,-40,-24,346
96842.5,-40,-24,346
96845.0,38,12,237
96847.5,61,18,249
96850.0,52,-50,262
96852.5,18,24,323
96855.0,-27,13,342
96857.5,-34,6,347
96860.0,-71,-45,297
96862.5,22,-28,349
96865.0,38,-15,284
96867.5,-70,-39,302
96870.0,-57,26,347
96872.5,-29,40,279
96875.0,-34,-16,300
96877.5,26,-14,295
96880.0,-5,-31,241
96882.5,-38,-3,328
96885.0,17,14,234
96887.5,-10,-15,307
96890.0,-50,-13,367
96892.5,-50,-13,367
96895.0,19,-9,321
96897.5,70,-10,332
96900.0,61,9,274
96902.5,4,-17,269
96905.0,8,-10,282
96907.5,30,-21,305
96910.0,8,-3,330
96912.5,-37,-23,363
96915.0,1,-47,287
96917.5,-46,-45,321
96920.0,21,-9,268
96922.5,-59,-36,254
96925.0,9,-12,327
96927.5,51,54,310
96930.0,-10,9,318
96932.5,34,0,340
96935.0,27,1,269
96937.5,-6,-8,335
96940.0,12,-40,251
96942.5,12,-40,251
96945.0,-7,-13,296
96947.5,-37,0,304
96950.0,-46,6,332
96952.5,16,0,395
96955.0,4,-3,254
96957.5,39,23,250
96960.0,-6,-33,283
96962.5,86,50,286
96965.0,21,29,285
96967.5,1,18,333
96970.0,-18,-61,270
96972.5,-33,-28,318
96975.0,15,7,230
96977.5,34,0,280
96980.0,112,21,332
96982.5,77,28,283
96985.0,6,-42,329
96987.5,9,8,321
96990.0,88,-15,355
96992.5,88,-15,355
96995.0,-99,-33,351
96997.5,-7,-10,258
97000.0,6,-33,314
97002.5,-12,-21,349
97005.0,-10,-16,289
97007.5,56,-8,343
97010.0,64,6,294
97012.5,-49,-28,243
97015.0,13,-22,329
97017.5,42,10,307
97020.0,60,28,282
97022.5,-15,-35,350
97025.0,-47,-32,314
97027.5,182,19,319
97030.0,20,20,244
97032.5,0,18,298
97035.0,-8,11,322
97037.5,7,-54,298
97040.0,7,-54,298
97042.5,-31,-21,294
97045.0,-28,-22,369
97047.5,-3,-66,277
97050.0,-55,-22,339
97052.5,25,-26,237
97055.0,25,-39,294
97057.5,-28,-11,298
97060.0,-7,-23,294
97062.5,26,-3,318
97065.0,71,14,302
97067.5,-50,-39,285
97070.0,-47,-42,313
97072.5,55,16,288
97075.0,-62,-34,304
97077.5,-17,-6,368
97080.0,37,-5,280
97082.5,-54,-17,320
97085.0,27,-25,301
97087.5,22,5,223
97090.0,22,5,223
97092.5,27,17,274
97095.0,-10,-4,288
97097.5,15,56,271
97100.0,80,-21,367
97102.5,-26,-53,268
97105.0,-55,-53,378
97107.5,15,-14,234
97110.0,-36,7,250
97112.5,-46,-34,304
97115.0,56,34,305
97117.5,51,-20,321
97120.0,0,-35,343
97122.5,-8,-9,284
97125.0,-82,17,314
97127.5,17,21,258
97130.0,-23,-25,275
97132.5,9,-27,347
97135.0,55,1,299
97137.5,-47,-37,323
97140.0,-47,-37,323
97142.5,-2,3,334
97145.0,9,-22,281
97147.5,-52,-6,319
97150.0,23,-14,303
97152.5,9,-23,321
97155.0,-41,26,337
97157.5,54,-13,321
97160.0,26,-37,366
97162.5,18,2,235
97165.0,24,5,304
97167.5,17,-11,303
97170.0,105,43,264
97172.5,10,4,295
97175.0,22,2,356
97177.5,22,-54,284
97180.0,-30,-19,310
97182.5,37,39,246
97185.0,79,44,287
97187.5,33,31,309
97190.0,33,31,309
97192.5,-2,-10,284
97195.0,-8,-38,346
97197.5,22,-19,348
97200.0,135,2,285
97202.5,19,6,331
97205.0,15,32,285
97207.5,19,28,298
97210.0,60,14,364
97212.5,-10,-36,303
97215.0,2,-65,409
97217.5,-6,-50,271
97220.0,-15,-26,263
97222.5,-2,-33,280
97225.0,-6,-44,316
97227.5,77,42,277
97230.0,18,6,354
97232.5,7,-2,302
97235.0,46,1,357
97237.5,20,-3,242
97240.0,20,-3,242
97242.5,33,-16,281
97245.0,-8,-42,337
97247.5,82,-57,353
97250.0,-44,-19,336
97252.5,6,-36,335
97255.0,60,-1,270
97257.5,-3,-9,346
97260.0,-10,-38,244
97262.5,-63,-13,304
97265.0,-12,-9,303
97267.5,40,-40,300
97270.0,-19,-41,382
97272.5,-3,-12,284
97275.0,-111,-56,211
97277.5,16,16,294
97280.0,25,-4,277
97282.5,6,-7,287
97285.0,-33,21,322
97287.5,71,47,230
97290.0,71,47,230
97292.5,31,9,335
97295.0,27,9,234
97297.5,35,39,225
97300.0,-21,0,285
97302.5,-2,-45,299
97305.0,-31,-35,333
97307.5,27,8,322
97310.0,58,9,270
97312.5,-53,-37,367
97315.0,-4,-30,222
97317.5,20,-3,287
97320.0,30,8,322
97322.5,22,21,329
97325.0,-48,-32,336
97327.5,15,-54,299
97330.0,57,18,249
97332.5,-60,-94,311
97335.0,22,12,277
97337.5,16,-63,295
97340.0,16,-63,295
97342.5,-70,-10,366
97345.0,-6,5,293
97347.5,-5,-61,387
97350.0,1,7,268
97352.5,58,-6,250
97355.0,-5,-19,315
97357.5,2,-5,271
97360.0,-60,-49,303
97362.5,83,-12,376
97365.0,-4,-19,253
97367.5,-52,-37,374
97370.0,34,-18,279
97372.5,64,42,305
97375.0,-34,-69,345
97377.5,52,10,321
97380.0,54,-10,338
97382.5,-14,-53,334
97385.0,-89,-67,251
97387.5,-65,-5,285
97390.0,-65,-5,285
97392.5,31,1,293
97395.0,-36,-47,279
97397.5,-13,-58,341
97400.0,12,0,323
97402.5,3,-36,388
97405.0,-28,-14,290
97407.5,74,25,244
97410.0,37,2,310
97412.5,69,22,290
97415.0,0,-28,321
97417.5,12,-24,322
97420.0,43,12,262
97422.5,-2,-40,355
97425.0,52,0,224
97427.5,42,39,324
97430.0,-5,-38,312
97432.5,71,23,325
97435.0,15,46,294
97437.5,66,58,347
97440.0,66,58,347
97442.5,22,16,280
97445.0,17,20,303
97447.5,-29,0,253
97450.0,19,-22,294
97452.5,-19,-10,348
97455.0,120,-8,343
97457.5,-24,-13,355
97460.0,-25,-37,324
97462.5,84,9,279
97465.0,-7,13,323
97467.5,4,-12,295
97470.0,8,-5,274
97472.5,1,31,323
97475.0,-12,-4,288
97477.5,-51,-34,385
97480.0,78,28,240
97482.5,-46,-18,200
97485.0,39,21,290
97487.5,39,21,290
97490.0,-86,-50,308
97492.5,-68,-51,316
97495.0,19,0,341
97497.5,52,-32,270
97500.0,16,3,332
97502.5,-7,-23,244
97505.0,6,-50,293
97507.5,64,50,309
97510.0,30,-19,325
97512.5,-42,-31,331
97515.0,86,-12,320
97517.5,75,-30,296
97520.0,36,45,311
97522.5,31,-26,264
97525.0,-11,-14,279
97527.5,-6,-18,364
97530.0,7,-46,314
97532.5,30,-36,378
97535.0,88,45,271
97537.5,88,45,271
97540.0,-98,-36,312
97542.5,-15,-8,287
97545.0,18,-27,313
97547.5,20,16,303
97550.0,-10,23,329
97552.5,29,2,334
97555.0,33,35,345
97557.5,52,11,249
97560.0,-81,-60,245
97562.5,8,-41,313
97565.0,8,-15,276
97567.5,-8,-18,330
97570.0,-41,-11,325
97572.5,120,15,262
97575.0,-34,-43,324
97577.5,64,-8,279
97580.0,-29,-8,297
97582.5,-25,-74,367
97585.0,-20,-10,288
97587.5,-20,-10,288
97590.0,-22,-32,350
97592.5,63,8,299
97595.0,-65,-32,274
97597.5,-27,-34,285
97600.0,101,68,287
97602.5,20,9,315
97605.0,-6,44,305
97607.5,11,-10,306
97610.0,-9,-3,318
97612.5,36,-13,259
97615.0,-18,-42,313
97617.5,43,29,308
97620.0,60,4,296
97622.5,6,-68,326
97625.0,28,36,338
97627.5,-8,-20,288
97630.0,-49,-37,330
97632.5,3,-16,247
97635.0,41,23,258
97637.5,41,23,258
97640.0,-4,-3,309
97642.5,54,28,299
97645.0,-60,-61,338
97647.5,54,26,295
97650.0,63,19,240
97652.5,-1,-27,344
97655.0,-13,-30,272
97657.5,83,40,301
97660.0,-49,10,342
97662.5,23,-10,311
97665.0,47,-24,345
97667.5,74,29,254
97670.0,136,38,266
97672.5,69,19,331
97675.0,30,0,280
97677.5,-73,-57,320
97680.0,-10,-60,337
97682.5,19,4,250
97685.0,-23,-14,343
97687.5,-23,-14,343
97690.0,51,-7,252
97692.5,55,-2,306
97695.0,6,-2,316
97697.5,10,-32,315
97700.0,45,-16,330
97702.5,6,-48,301
97705.0,33,-78,250
97707.5,-10,-28,316
97710.0,37,-18,316
97712.5,11,-22,304
97715.0,-64,-15,344
97717.5,-12,-32,316
97720.0,8,-4,340
97722.5,-13,0,261
97725.0,-56,-67,288
97727.5,-2,-9,275
97730.0,-25,-18,268
97732.5,12,50,305
97735.0,55,5,366
97737.5,55,5,366
97740.0,36,10,308
97742.5,-28,-10,350
97745.0,44,-23,247
97747.5,96,59,281
97750.0,-50,-26,304
97752.5,62,41,311
97755.0,-37,-28,337
97757.5,-16,-39,338
97760.0,12,-81,319
97762.5,16,-27,332
97765.0,75,38,260
97767.5,86,21,277
97770.0,5,-34,353
97772.5,76,-14,298
97775.0,38,13,345
97777.5,54,14,281
97780.0,-9,-19,215
97782.5,52,43,297
97785.0,-42,-17,254
97787.5,-42,-17,254
97790.0,-22,-2,304
97792.5,-1,-14,370
97795.0,-41,-67,304
97797.5,22,-49,367
97800.0,77,1,247
97802.5,-94,2,266
97805.0,-34,-37,337
97807.5,93,23,313
97810.0,8,-10,327
97812.5,-4,8,313
97815.0,-63,-51,268
97817.5,-92,-54,291
97820.0,7,2,254
97822.5,-126,24,264
97825.0,-19,-13,346
97827.5,17,-26,291
97830.0,-11,-36,300
97832.5,-4,-19,298
97835.0,78,24,265
97837.5,78,24,265
97840.0,15,-34,314
97842.5,4,5,266
97845.0,-26,-29,282
97847.5,-13,-9,358
97850.0,43,-1,301
97852.5,7,-23,352
97855.0,55,12,263
97857.5,-5,-9,240
97860.0,-3,-6,277
97862.5,16,-57,333
97865.0,14,-8,280
97867.5,-4,-3,356
97870.0,-48,-29,311
97872.5,32,36,350
97875.0,23,21,240
97877.5,12,1,289
97880.0,-38,-54,329
97882.5,66,77,291
97885.0,-83,-68,337
97887.5,-83,-68,337
97890.0,58,-1,320
97892.5,50,10,260
97895.0,55,14,336
97897.5,17,31,217
97900.0,-26,14,321
97902.5,-20,-34,365
97905.0,-42,-88,298
97907.5,-13,-36,345
97910.0,-4,-37,291
97912.5,-18,-31,243
97915.0,-16,27,289
97917.5,25,-6,284
97920.0,22,11,309
97922.5,5,-44,371
97925.0,-20,-20,297
97927.5,27,2,337
97930.0,41,18,253
97932.5,-9,-5,225
97935.0,-9,-5,225
97937.5,23,-23,283
97940.0,73,25,288
97942.5,-63,-34,315
97945.0,-48,2,332
97947.5,58,-1,291
97950.0,-20,-37,347
97952.5,13,26,246
97955.0,62,17,290
97957.5,30,-17,345
97960.0,67,19,283
97962.5,-23,-53,344
97965.0,72,-22,315
97967.5,29,-16,225
97970.0,29,-16,319
97972.5,27,-6,266
97975.0,7,-2,296
97977.5,2,-4,337
97980.0,-30,-24,320
97982.5,-46,-23,331
97985.0,-46,-23,331
97987.5,13,20,313
97990.0,-9,-74,272
97992.5,0,26,302
97995.0,-2,27,275
97997.5,-5,-10,324
98000.0,68,-56,364
98002.5,26,-1,305
98005.0,-45,-55,367
98007.5,18,-17,238
98010.0,22,-8,305
98012.5,22,-16,351
98015.0,66,-30,330
98017.5,-24,-46,343
98020.0,-35,-82,332
98022.5,19,-52,267
98025.0,-26,-36,319
98027.5,22,-28,265
98030.0,37,-22,327
98032.5,30,48,361
98035.0,30,48,361
98037.5,26,-10,325
98040.0,32,-22,383
98042.5,-23,-47,289
98045.0,-12,-30,248
98047.5,17,11,307
98050.0,75,47,273
98052.5,-8,-36,319
98055.0,16,29,336
98057.5,39,-23,336
98060.0,-41,13,372
98062.5,24,-13,215
98065.0,32,24,236
98067.5,9,-7,316
98070.0,4,-7,307
98072.5,-45,-42,320
98075.0,44,-34,327
98077.5,-11,-29,333
98080.0,-76,-41,337
98082.5,36,17,240
98085.0,36,17,240
98087.5,44,-10,286
98090.0,-29,-30,291
98092.5,28,-14,272
98095.0,6,-34,340
98097.5,0,-42,265
98100.0,-17,-61,293
98102.5,-35,-17,295
98105.0,25,-14,275
98107.5,-11,-45,339
98110.0,24,-14,362
98112.5,1,-27,302
98115.0,-43,-13,371
98117.5,41,30,263
98120.0,-91,-14,211
98122.5,-24,-23,279
98125.0,50,7,287
98127.5,1,-45,310
98130.0,-10,28,328
98132.5,-60,31,298
98135.0,-60,31,298
98137.5,0,-16,357
98140.0,-21,-32,263
98142.5,-1,-26,266
98145.0,-59,-25,305
98147.5,56,-7,309
98150.0,84,17,294
98152.5,-17,-25,330
98155.0,71,47,233
98157.5,52,-15,324
98160.0,44,-20,257
98162.5,-63,-52,286
98165.0,32,23,326
98167.5,-11,2,298
98170.0,14,-5,344
98172.5,25,-28,295
98175.0,-3,-32,266
98177.5,-55,-26,291
98180.0,1,11,318
98182.5,-8,-22,300
98185.0,-8,-22,300
98187.5,11,-26,340
98190.0,-32,20,291
98192.5,55,41,360
98195.0,70,31,225
98197.5,38,23,271
98200.0,2,30,299
98202.5,84,2,288
98205.0,48,-1,332
98207.5,-15,-5,325
98210.0,40,10,255
98212.5,-25,-35,334
98215.0,-8,-16,253
98217.5,47,-1,266
98220.0,32,3,359
98222.5,96,54,300
98225.0,20,-37,344
98227.5,-17,-51,287
98230.0,10,-13,295
98232.5,16,13,303
98235.0,16,13,303
98237.5,-15,-10,293
98240.0,7,-9,313
98242.5,65,-1,315
98245.0,40,-19,323
98247.5,57,-16,348
98250.0,111,62,249
98252.5,4,-30,230
98255.0,21,19,284
98257.5,60,-24,294
98260.0,12,26,291
98262.5,-25,-24,361
98265.0,43,2,239
98267.5,19,16,329
98270.0,-10,-58,244
98272.5,-27,-23,301
98275.0,22,20,324
98277.5,65,-25,336
98280.0,17,-25,335
98282.5,46,3,327
98285.0,46,3,327
98287.5,99,13,276
98290.0,20,31,298
98292.5,30,28,264
98295.0,25,-48,311
98297.5,6,-5,367
98300.0,45,-23,314
98302.5,23,-12,341
98305.0,43,18,320
98307.5,-7,19,259
98310.0,-33,-27,310
98312.5,-5,4,284
98315.0,-4,63,284
98317.5,47,-34,355
98320.0,-59,-18,304
98322.5,15,20,339
98325.0,4,-4,259
98327.5,-1,-26,290
98330.0,4,1,304
98332.5,1,24,299
98335.0,1,24,299
98337.5,-81,-37,330
98340.0,-29,-38,310
98342.5,34,28,269
98345.0,9,-17,321
98347.5,-7,17,242
98350.0,29,14,283
98352.5,31,13,345
98355.0,31,-7,286
98357.5,6,-1,347
98360.0,-15,-38,320
98362.5,90,-37,260
98365.0,15,20,319
98367.5,21,34,239
98370.0,37,1,259
98372.5,20,11,337
98375.0,3,-28,315
98377.5,27,-31,336
98380.0,-21,16,249
98382.5,-21,16,249
98385.0,-25,-33,264
98387.5,30,-3,283
98390.0,11,23,310
98392.5,3,0,290
98395.0,9,7,364
98397.5,-6,-43,334
98400.0,5,-8,373
98402.5,-33,-21,259
98405.0,47,-34,292
98407.5,57,22,285
98410.0,-11,-23,291
98412.5,80,64,333
98415.0,-28,-11,314
98417.5,-2,24,225
98420.0,7,-5,326
98422.5,44,5,279
98425.0,1,-27,283
98427.5,10,-18,350
98430.0,38,-20,299
98432.5,38,-20,299
98435.0,-55,-36,325
98437.5,21,-23,290
98440.0,-47,5,199
98442.5,-39,-57,333
98445.0,-1,-13,312
98447.5,-2,-54,310
98450.0,30,38,320
98452.5,-63,-22,318
98455.0,-63,-29,326
98457.5,77,18,261
98460.0,79,-7,276
98462.5,-6,-11,318
98465.0,54,17,293
98467.5,69,6,317
98470.0,-16,4,364
98472.5,42,18,247
98475.0,-24,-35,323
98477.5,56,54,260
98480.0,21,14,293
98482.5,21,14,293
98485.0,-23,-29,333
98487.5,30,43,305
98490.0,-65,-29,309
98492.5,49,12,289
98495.0,46,30,307
98497.5,5,35,304
98500.0,20,-19,310
98502.5,20,-32,322
98505.0,-44,14,377
98507.5,-58,-36,305
98510.0,-56,-105,387
98512.5,17,-2,300
98515.0,38,37,231
98517.5,39,-4,330
98520.0,-12,-32,290
98522.5,-16,42,297
98525.0,57,-10,382
98527.5,1,-1,270
98530.0,65,1,375
98532.5,65,1,375
98535.0,6,-5,254
98537.5,-16,-25,235
98540.0,32,2,301
98542.5,-3,44,327
98545.0,-23,-39,344
98547.5,5,-44,330
98550.0,-59,-30,277
98552.5,-56,0,323
98555.0,-4,-39,269
98557.5,29,41,266
98560.0,-9,-19,353
98562.5,-25,-4,281
98565.0,1,-23,347
98567.5,-40,-57,310
98570.0,41,-9,235
98572.5,-26,-8,289
98575.0,39,30,278
98577.5,26,15,260
98580.0,-33,-50,329
98582.5,-33,-50,329
98585.0,63,29,295
98587.5,-27,-19,351
98590.0,-31,-24,239
98592.5,-12,-14,270
98595.0,-42,-8,325
98597.5,54,58,300
98600.0,-23,-49,332
98602.5,-42,-19,316
98605.0,131,13,319
98607.5,-8,-42,334
98610.0,41,5,228
98612.5,16,-5,265
98615.0,0,14,327
98617.5,12,-10,311
98620.0,-49,-34,348
98622.5,55,-13,335
98625.0,89,-37,276
98627.5,-1,-6,306
98630.0,109,29,290
98632.5,109,29,290
98635.0,-70,-25,319
98637.5,-75,-17,323
98640.0,96,38,301
98642.5,30,11,337
98645.0,-8,33,263
98647.5,71,14,250
98650.0,27,-14,309
98652.5,28,-41,302
98655.0,10,-16,277
98657.5,78,-28,365
98660.0,-7,-52,277
98662.5,-18,-3,320
98665.0,-30,-8,253
98667.5,0,22,269
98670.0,-6,-9,334
98672.5,17,-20,292
98675.0,52,-51,348
98677.5,18,-2,312
98680.0,-1,-13,225
98682.5,-1,-13,225
98685.0,-24,-18,314
98687.5,26,4,275
98690.0,77,27,280
98692.5,-15,-32,359
98695.0,73,-48,333
98697.5,31,-6,352
98700.0,39,-1,267
98702.5,35,12,233
98705.0,-39,-33,277
98707.5,26,22,279
98710.0,-9,-19,309
98712.5,39,-47,375
98715.0,-32,-70,317
98717.5,-34,-18,357
98720.0,17,-7,250
98722.5,-1,-17,233
98725.0,45,20,330
98727.5,-12,-36,320
98730.0,3,-11,320
98732.5,3,-11,320
98735.0,60,59,319
98737.5,-6,-27,264
98740.0,22,36,306
98742.5,57,48,201
98745.0,-18,9,281
98747.5,-48,-34,351
98750.0,73,3,297
98752.5,18,-59,335
98755.0,-20,-27,312
98757.5,-13,-42,256
98760.0,25,16,339
98762.5,5,-11,298
98765.0,45,14,307
98767.5,-51,7,332
98770.0,-30,-25,296
98772.5,72,-41,382
98775.0,30,10,254
98777.5,-52,-9,307
98780.0,43,15,323
98782.5,43,15,323
98785.0,35,12,283
98787.5,-26,-46,259
98790.0,34,46,324
98792.5,26,-10,290
98795.0,42,-25,323
98797.5,-17,-14,254
98800.0,-2,-40,279
98802.5,-8,7,292
98805.0,-41,11,322
98807.5,-78,-44,314
98810.0,12,-39,330
98812.5,49,15,246
98815.0,-8,-45,314
98817.5,22,11,241
98820.0,81,16,294
98822.5,7,3,338
98825.0,38,-14,325
98827.5,6,23,342
98830.0,-22,-17,272
98832.5,-22,-17,272
98835.0,55,17,225
98837.5,-15,3,291
98840.0,90,12,249
98842.5,-6,-36,273
98845.0,81,-36,359
98847.5,-7,-24,322
98850.0,3,-29,349
98852.5,35,2,241
98855.0,0,5,262
98857.5,22,-21,305
98860.0,86,81,307
98862.5,20,20,331
98865.0,-38,-38,324
98867.5,128,45,272
98870.0,62,-8,320
98872.5,60,-29,275
98875.0,-21,32,264
98877.5,11,2,376
98880.0,11,2,376
98882.5,32,-12,314
98885.0,0,-33,349
98887.5,27,-44,303
98890.0,73,24,217
98892.5,2,-24,325
98895.0,110,33,276
98897.5,65,1,326
98900.0,-115,-10,361
98902.5,-25,-27,312
98905.0,3,-17,355
98907.5,22,-16,300
98910.0,21,-15,269
98912.5,16,-10,315
98915.0,25,4,302
98917.5,14,8,317
98920.0,-15,-30,334
98922.5,100,10,338
98925.0,2,-14,337
98927.5,-6,4,254
98930.0,-6,4,254
98932.5,10,-32,270
98935.0,29,19,335
98937.5,-2,40,286
98940.0,-28,22,313
98942.5,62,-22,303
98945.0,10,-46,229
98947.5,48,35,297
98950.0,16,40,276
98952.5,0,-4,285
98955.0,-9,-22,369
98957.5,49,-44,312
98960.0,-59,-17,365
98962.5,-23,-26,300
98965.0,36,-37,268
98967.5,-12,-30,311
98970.0,31,0,304
98972.5,-56,-61,295
98975.0,29,-50,336
98977.5,-22,-12,316
98980.0,-22,-12,316
98982.5,-9,-20,330
98985.0,23,-18,245
98987.5,46,47,271
98990.0,-27,-24,339
98992.5,60,51,297
98995.0,16,6,328
98997.5,31,47,311
99000.0,6,-23,238
99002.5,-6,-8,304
99005.0,93,54,245
99007.5,59,17,288
99010.0,-14,-2,320
99012.5,14,-17,304
99015.0,66,25,346
99017.5,21,-11,307
99020.0,-11,-36,220
99022.5,-54,-36,310
99025.0,52,-4,286
99027.5,-20,-7,309
99030.0,-20,-7,309
99032.5,-9,-41,384
99035.0,49,-21,295
99037.5,-1,34,374
99040.0,-56,-85,299
99042.5,-104,-37,303
99045.0,-13,-21,319
99047.5,20,12,284
99050.0,-17,-76,335
99052.5,9,0,335
99055.0,83,-41,264
99057.5,47,-11,360
99060.0,100,16,255
99062.5,20,-23,291
99065.0,20,9,327
99067.5,-9,11,361
99070.0,32,-4,348
99072.5,46,-9,327
99075.0,45,9,265
99077.5,-132,-62,344
99080.0,-132,-62,344
99082.5,46,61,271
99085.0,-62,-60,290
99087.5,46,-6,369
99090.0,-9,-4,298
99092.5,-20,-20,364
99095.0,83,27,269
99097.5,43,6,263
99100.0,-102,-30,274
99102.5,74,13,277
99105.0,13,11,310
99107.5,42,39,321
99110.0,-45,-56,327
99112.5,57,-33,399
99115.0,22,7,263
99117.5,-14,23,287
99120.0,32,13,305
99122.5,19,-72,288
99125.0,64,44,301
99127.5,12,1,350
99130.0,12,1,350
99132.5,-83,-66,245
99135.0,-52,-8,302
99137.5,50,34,243
99140.0,-15,31,274
99142.5,37,49,333
99145.0,34,2,321
99147.5,-39,-64,340
99150.0,-6,-35,373
99152.5,3,-18,276
99155.0,-6,-38,341
99157.5,-11,-66,268
99160.0,25,1,272
99162.5,4,6,380
99165.0,68,-1,302
99167.5,23,43,336
99170.0,106,25,310
99172.5,3,-23,242
99175.0,49,26,287
99177.5,40,15,303
99180.0,40,15,303
99182.5,-69,-2,290
99185.0,-80,11,339
99187.5,13,56,298
99190.0,19,-8,330
99192.5,-30,-47,306
99195.0,-11,37,272
99197.5,22,27,315
99200.0,44,12,311
99202.5,24,12,325
99205.0,19,6,324
99207.5,-58,-38,253
99210.0,23,21,332
99212.5,-31,-30,252
99215.0,-100,34,293
99217.5,5,-39,360
99220.0,18,-17,329
99222.5,50,-1,306
99225.0,32,20,316
99227.5,46,12,268
99230.0,46,12,268
99232.5,23,28,319
99235.0,18,-12,262
99237.5,15,-8,280
99240.0,26,-8,323
99242.5,29,-25,323
99245.0,31,5,353
99247.5,7,-6,281
99250.0,31,32,253
99252.5,57,43,281
99255.0,17,51,269
99257.5,-2,-30,295
99260.0,4,18,335
99262.5,35,-11,329
99265.0,73,-22,338
99267.5,61,2,231
99270.0,10,50,223
99272.5,34,43,291
99275.0,26,53,295
99277.5,9,-17,343
99280.0,9,-17,343
99282.5,-28,-22,309
99285.0,27,-19,323
99287.5,8,-18,375
99290.0,102,63,241
99292.5,91,22,293
99295.0,-46,-21,316
99297.5,-7,0,310
99300.0,-28,-35,344
99302.5,-25,-55,315
99305.0,48,12,238
99307.5,41,55,301
99310.0,13,-22,280
99312.5,-3,-54,314
99315.0,-11,-16,369
99317.5,49,22,314
99320.0,-71,-34,338
99322.5,48,9,320
99325.0,26,-25,291
99327.5,-40,-42,317
99330.0,-40,-42,317
99332.5,14,-3,288
99335.0,55,-3,319
99337.5,41,-45,427
99340.0,-18,-46,333
99342.5,24,20,348
99345.0,-8,-51,250
99347.5,-27,32,256
99350.0,-58,-30,293
99352.5,47,33,337
99355.0,-62,-58,347
99357.5,8,8,287
99360.0,38,-3,254
99362.5,-34,-26,314
99365.0,-17,-29,273
99367.5,29,7,277
99370.0,1,5,327
99372.5,103,-3,274
99375.0,90,-18,327
99377.5,31,-34,275
99380.0,31,-34,275
99382.5,5,-9,214
99385.0,-8,10,308
99387.5,31,15,293
99390.0,-15,-17,318
99392.5,-92,-40,369
99395.0,54,7,322
99397.5,95,6,343
99400.0,17,-7,278
99402.5,-49,-25,292
99405.0,-1,-2,306
99407.5,54,11,299
99410.0,-6,-1,288
99412.5,24,2,362
99415.0,35,35,282
99417.5,-20,-24,338
99420.0,-30,23,243
99422.5,-35,-33,283
99425.0,46,0,321
99427.5,46,0,321
99430.0,59,-19,309
99432.5,7,-8,326
99435.0,9,-2,338
99437.5,21,-38,287
99440.0,-37,-11,353
99442.5,77,58,240
99445.0,53,34,284
99447.5,5,-24,353
99450.0,61,22,291
99452.5,20,33,339
99455.0,-2,-41,331
99457.5,-8,-26,245
99460.0,-6,-31,314
99462.5,26,-13,296
99465.0,-63,-33,302
99467.5,44,-3,371
99470.0,86,31,298
99472.5,12,-9,358
99475.0,-10,-39,294
99477.5,-10,-39,294
99480.0,-8,-2,267
99482.5,49,27,308
99485.0,46,52,267
99487.5,29,4,310
99490.0,82,19,322
99492.5,-24,-29,254
99495.0,-9,-5,361
99497.5,53,-1,265
99500.0,-19,-16,275
99502.5,-4,-26,301
99505.0,61,8,306
99507.5,-18,-29,345
99510.0,-10,-17,301
99512.5,108,16,275
99515.0,-39,-29,363
99517.5,8,-31,244
99520.0,4,10,281
99522.5,61,10,361
99525.0,50,17,334
99527.5,50,17,334
99530.0,-34,-22,333
99532.5,13,-22,302
99535.0,145,48,262
99537.5,-26,-9,297
99540.0,-7,11,263
99542.5,7,-23,310
99545.0,5,-7,358
99547.5,-15,-8,300
99550.0,1,-26,352
99552.5,89,35,257
99555.0,2,25,236
99557.5,13,-4,300
99560.0,0,9,285
99562.5,-27,-2,317
99565.0,-17,-30,320
99567.5,3,-22,276
99570.0,-29,-20,297
99572.5,25,-41,268
99575.0,-18,-37,286
99577.5,-18,-37,286
99580.0,-12,3,311
99582.5,5,-120,359
99585.0,-37,-3,313
99587.5,-18,-61,359
99590.0,-80,-1,252
99592.5,-32,-15,349
99595.0,5,24,226
99597.5,-119,22,322
99600.0,-13,4,336
99602.5,41,12,288
99605.0,-57,-58,323
99607.5,4,3,284
99610.0,4,54,217
99612.5,-1,-24,330
99615.0,-2,4,299
99617.5,-21,-5,310
99620.0,-11,-40,344
99622.5,77,13,341
99625.0,13,11,345
99627.5,13,11,345
99630.0,-29,-3,265
99632.5,-25,-40,296
99635.0,56,9,315
99637.5,-10,48,296
99640.0,-68,-25,365
99642.5,-14,-32,344
99645.0,19,-1,284
99647.5,-15,-40,357
99650.0,-1,-28,267
99652.5,63,5,315
99655.0,-2,-4,344
99657.5,18,13,329
99660.0,22,7,334
99662.5,54,9,297
99665.0,103,-17,290
99667.5,50,6,334
99670.0,60,42,276
99672.5,46,-17,306
99675.0,-50,-11,368
99677.5,-50,-11,368
99680.0,-9,-79,392
99682.5,-7,3,336
99685.0,-20,-35,332
99687.5,66,9,291
99690.0,-33,-20,344
99692.5,-12,-9,311
99695.0,12,-6,313
99697.5,49,40,332
99700.0,-1,-23,286
99702.5,31,0,349
99705.0,36,7,223
99707.5,-21,-43,324
99710.0,9,-2,301
99712.5,74,52,293
99715.0,-56,-21,323
99717.5,-27,1,351
99720.0,57,31,278
99722.5,44,-9,327
99725.0,25,19,240
99727.5,25,19,240
99730.0,43,2,270
99732.5,61,25,332
99735.0,98,34,304
99737.5,-22,-10,317
99740.0,-4,-16,312
99742.5,114,-57,265
99745.0,10,14,320
99747.5,1,-27,287
99750.0,33,-74,321
99752.5,47,23,352
99755.0,32,17,317
99757.5,-107,-82,350
99760.0,6,-26,301
99762.5,71,11,263
99765.0,-41,-34,300
99767.5,34,-36,301
99770.0,-22,-30,308
99772.5,-44,-82,355
99775.0,34,7,311
99777.5,34,7,311
99780.0,-39,-48,378
99782.5,-3,-4,244
99785.0,8,22,249
99787.5,17,29,292
99790.0,45,49,311
99792.5,-19,-12,325
99795.0,-71,-7,306
99797.5,105,13,278
99800.0,-22,-27,361
99802.5,2,1,237
99805.0,35,4,261
99807.5,46,11,330
99810.0,31,4,305
99812.5,-37,-54,348
99815.0,88,50,296
99817.5,0,-10,294
99820.0,-56,-71,351
99822.5,46,15,256
99825.0,-26,-2,319
99827.5,-26,-2,319
99830.0,8,-50,379
99832.5,72,9,306
99835.0,5,2,373
99837.5,57,25,258
99840.0,27,-35,287
99842.5,16,-9,328
99845.0,105,7,300
99847.5,-13,-26,336
99850.0,10,-1,337
99852.5,49,30,291
99855.0,-13,-18,338
99857.5,79,-9,264
99860.0,24,-53,281
99862.5,24,26,311
99865.0,37,14,278
99867.5,-30,-12,336
99870.0,44,-24,333
99872.5,66,-11,248
99875.0,66,-11,248
99877.5,-58,-26,316
99880.0,7,25,266
99882.5,-25,50,254
99885.0,-43,17,308
99887.5,31,2,314
99890.0,-47,-50,329
99892.5,21,-20,275
99895.0,24,-34,278
99897.5,-33,-7,284
99900.0,79,34,290
99902.5,-6,-37,327
99905.0,-6,9,347
99907.5,-61,-27,287
99910.0,39,19,342
99912.5,-43,-12,254
99915.0,22,13,261
99917.5,-42,-14,296
99920.0,-22,-20,310
99922.5,-45,-79,359
99925.0,-45,-79,359
99927.5,41,-28,358
99930.0,-14,-70,274
99932.5,-54,-40,308
99935.0,36,2,259
99937.5,7,3,269
99940.0,-11,-18,262
99942.5,48,-20,302
99945.0,57,19,304
99947.5,-8,-36,337
99950.0,95,3,247
99952.5,11,15,309
99955.0,0,-23,242
99957.5,17,6,278
99960.0,20,6,339
99962.5,40,-8,306
99965.0,-22,-16,328
99967.5,-23,-27,262
99970.0,72,24,245
99972.5,-18,-6,317
99975.0,-18,-6,317
99977.5,96,79,284
99980.0,19,9,303
99982.5,31,-19,364
99985.0,49,25,270
99987.5,-56,-55,338
99990.0,33,-15,264
99992.5,-28,38,165
99995.0,-27,-30,302
99997.5,14,0,275
100000.0,18,-13,265
100002.5,5,-35,356
100005.0,0,1,261
100007.5,9,-48,357
100010.0,-16,-57,256
100012.5,51,-14,271
100015.0,-24,-34,324
100017.5,-9,-19,312
100020.0,4,-45,351
100022.5,-16,-72,333
100025.0,-16,-72,333
100027.5,87,-9,262
100030.0,-20,-55,322
100032.5,-15,-23,255
100035.0,27,-4,292
100037.5,-38,-25,340
100040.0,42,20,337
100042.5,-32,-6,336
100045.0,-35,-49,298
100047.5,84,25,225
100050.0,-52,-29,278
100052.5,38,42,250
100055.0,-13,-14,315
100057.5,-11,-15,339
100060.0,31,-2,325
100062.5,16,-23,351
100065.0,4,29,226
100067.5,28,22,259
100070.0,-7,-31,261
100072.5,55,29,297
100075.0,55,29,297
100077.5,-46,-51,309
100080.0,54,4,368
100082.5,6,-40,317
100085.0,-48,17,333
100087.5,28,16,265
100090.0,0,-79,304
100092.5,32,-13,329
100095.0,15,-2,303
100097.5,41,-80,324
100100.0,15,1,342
100102.5,-49,-25,239
100105.0,5,-20,330
100107.5,1,1,266
100110.0,-68,-20,293
100112.5,7,-19,376
100115.0,35,-11,312
100117.5,-22,-3,361
100120.0,15,6,297
100122.5,43,20,247
100125.0,43,20,247
100127.5,55,7,324
100130.0,13,11,273
100132.5,-11,-17,286
100135.0,-10,-34,320
100137.5,36,18,306
100140.0,-39,-59,365
100142.5,10,-10,293
100145.0,12,46,239
100147.5,44,-7,343
100150.0,26,11,307
100152.5,-2,28,257
100155.0,25,10,335
100157.5,17,-15,273
100160.0,-95,-67,316
100162.5,10,2,266
100165.0,4,0,320
100167.5,-36,-36,316
100170.0,-5,-45,311
100172.5,-12,18,323
100175.0,-12,18,323
100177.5,-11,-17,295
100180.0,69,-25,277
100182.5,53,6,305
100185.0,35,-17,289
100187.5,-47,-1,308
100190.0,50,14,362
100192.5,-23,-9,299
100195.0,-54,5,370
100197.5,-42,-44,258
100200.0,78,18,270
100202.5,43,12,276
100205.0,62,37,270
100207.5,-1,26,280
100210.0,-7,30,341
100212.5,6,52,287
100215.0,-11,-13,381
100217.5,8,7,235
100220.0,6,-2,281
100222.5,-8,1,317
100225.0,-8,1,317
100227.5,38,1,302
100230.0,-3,-17,329
100232.5,-46,-21,297
100235.0,37,8,277
100237.5,-27,-42,321
100240.0,16,62,255
100242.5,-38,-41,283
100245.0,-8,10,329
100247.5,10,-6,300
100250.0,-66,-38,315
100252.5,49,-37,308
100255.0,63,-3,256
100257.5,22,24,301
100260.0,19,-11,256
100262.5,16,-2,295
100265.0,4,26,352
100267.5,80,-11,339
100270.0,-28,-70,349
100272.5,-28,-70,349
100275.0,42,11,301
100277.5,-43,-70,265
100280.0,10,2,261
100282.5,59,14,289
100285.0,37,-45,323
100287.5,76,-22,358
100290.0,-33,-23,312
100292.5,66,25,360
100295.0,34,5,245
100297.5,-49,-63,286
100300.0,18,1,351
100302.5,12,-15,316
100305.0,-10,-6,306
100307.5,7,-14,311
100310.0,20,-25,266
100312.5,-11,-41,335
100315.0,26,-5,243
100317.5,55,44,273
100320.0,3,-21,364
100322.5,3,-21,364
100325.0,24,23,338
100327.5,-15,-38,325
100330.0,71,31,288
100332.5,7,-3,258
100335.0,-28,-50,316
100337.5,14,-30,306
100340.0,44,17,300
100342.5,-50,-40,344
100345.0,1,-32,312
100347.5,65,19,340
100350.0,-17,-34,266
100352.5,-82,-23,278
100355.0,4,-32,341
100357.5,64,12,311
100360.0,-24,10,280
100362.5,1,-22,346
100365.0,22,-25,290
100367.5,-6,-22,333
100370.0,15,1,269
100372.5,15,1,269
100375.0,17,-12,280
100377.5,24,-18,277
100380.0,81,18,318
100382.5,-20,-32,323
100385.0,67,-29,305
100387.5,120,31,276
100390.0,56,9,339
100392.5,-53,-55,228
100395.0,-15,-8,290
100397.5,-5,-22,364
100400.0,39,-27,309
100402.5,98,1,355
100405.0,-66,-60,259
100407.5,-43,-43,262
100410.0,-47,-82,313
100412.5,29,12,317
100415.0,-13,-36,312
100417.5,11,-19,316
100420.0,53,27,305
100422.5,53,27,305
100425.0,-52,-34,353
100427.5,21,1,303
100430.0,-35,7,255
100432.5,-8,-16,293
100435.0,52,19,310
100437.5,-38,-23,310
100440.0,58,-24,345
100442.5,-66,-27,288
100445.0,-60,-34,355
100447.5,44,13,274
100450.0,-16,18,303
100452.5,-42,-16,327
100455.0,146,90,326
100457.5,-4,-21,314
100460.0,-19,-30,287
100462.5,13,-14,235
100465.0,-39,-20,310
100467.5,-8,-28,279
100470.0,16,31,281
100472.5,16,31,281
100475.0,24,-38,362
100477.5,-18,8,314
100480.0,37,-42,350
100482.5,-10,-2,245
100485.0,11,40,197
100487.5,-8,-11,299
100490.0,-27,-29,303
100492.5,21,-36,280
100495.0,63,7,368
100497.5,-55,-51,317
100500.0,-13,-6,340
100502.5,42,37,246
100505.0,52,21,266
100507.5,18,-2,265
100510.0,76,20,333
100512.5,-21,4,333
100515.0,54,-43,324
100517.5,34,34,267
100520.0,11,14,338
100522.5,11,14,338
100525.0,47,1,251
100527.5,14,17,263
100530.0,5,-8,320
100532.5,18,-39,319
100535.0,2,-46,346
100537.5,23,-7,308
100540.0,47,-6,251
100542.5,39,3,336
100545.0,42,-8,286
100547.5,0,-9,261
100550.0,-6,-26,346
100552.5,51,-25,302
100555.0,36,-22,365
100557.5,44,66,267
100560.0,-119,-26,266
100562.5,18,12,308
100565.0,54,10,292
100567.5,-74,-56,339
100570.0,-43,-31,328
100572.5,-43,-31,328
100575.0,117,75,264
100577.5,-108,-60,327
100580.0,5,-6,270
100582.5,-43,-28,292
100585.0,23,5,336
100587.5,5,-6,295
100590.0,44,-31,336
100592.5,57,-6,323
100595.0,121,19,273
100597.5,-56,-62,334
100600.0,56,20,281
100602.5,-29,-21,290
100605.0,-10,35,326
100607.5,-52,-49,284
100610.0,-13,1,345
100612.5,51,-4,261
100615.0,1,-45,258
100617.5,-6,-2,266
100620.0,-6,-2,266
100622.5,-28,-21,313
100625.0,11,-8,320
100627.5,11,-76,349
100630.0,19,3,315
100632.5,12,11,354
100635.0,13,27,249
100637.5,-10,-32,284
100640.0,-15,-16,343
100642.5,-26,-1,305
100645.0,-21,-35,345
100647.5,-18,-41,346
100650.0,60,-37,306
100652.5,-94,-38,317
100655.0,20,-14,243
100657.5,34,38,294
100660.0,-36,-59,353
100662.5,-11,0,306
100665.0,-8,20,334
100667.5,-47,-45,291
100670.0,-47,-45,291
100672.5,40,44,234
100675.0,0,-33,296
100677.5,45,39,303
100680.0,-3,-5,319
100682.5,5,-43,352
100685.0,-2,13,278
100687.5,-14,-2,346
100690.0,-1,-46,231
100692.5,19,26,252
100695.0,-28,-42,307
100697.5,88,31,273
100700.0,53,21,281
100702.5,42,22,362
100705.0,26,-7,247
100707.5,0,20,337
100710.0,4,29,269
100712.5,37,26,299
100715.0,-11,-4,322
100717.5,-13,-47,362
100720.0,-13,-47,362
100722.5,-19,-7,364
100725.0,45,4,308
100727.5,-33,-38,259
100730.0,36,-25,347
100732.5,65,37,258
100735.0,28,-11,303
100737.5,-1,29,355
100740.0,19,-31,306
100742.5,41,13,346
100745.0,-5,-31,235
100747.5,18,20,279
100750.0,-47,-17,326
100752.5,-21,29,287
100755.0,-52,-50,342
100757.5,-16,10,347
100760.0,24,9,307
100762.5,-24,-15,327
100765.0,13,-74,291
100767.5,-33,-27,296
100770.0,-33,-27,296
100772.5,6,10,349
100775.0,-12,-9,342
100777.5,-22,61,304
100780.0,8,3,313
100782.5,72,-2,269
100785.0,-35,28,282
100787.5,32,11,306
100790.0,-10,-6,270
100792.5,-24,6,323
100795.0,41,0,299
100797.5,55,-4,346
100800.0,4,-42,311
100802.5,5,-30,267
100805.0,-13,-43,323
100807.5,32,-22,302
100810.0,-37,-25,315
100812.5,-52,15,336
100815.0,8,-10,257
100817.5,44,-38,357
100820.0,44,-38,357
100822.5,33,1,240
100825.0,-1,40,243
100827.5,5,-1,295
100830.0,7,9,326
100832.5,16,-6,317
100835.0,-47,-38,325
100837.5,-23,5,263
100840.0,-56,-76,343
100842.5,25,35,208
100845.0,33,3,275
100847.5,1,-13,305
100850.0,16,13,311
100852.5,24,-10,356
100855.0,45,22,290
100857.5,-16,-18,225
100860.0,-20,-17,339
100862.5,25,-12,289
100865.0,-1,-62,325
100867.5,37,54,341
100870.0,37,54,341
100872.5,-2,-44,321
100875.0,64,8,356
100877.5,12,-31,239
100880.0,-109,6,264
100882.5,14,3,335
100885.0,55,13,293
100887.5,-19,-10,323
100890.0,39,12,343
100892.5,23,-42,333
100895.0,-47,-49,330
100897.5,-2,9,271
100900.0,-15,-25,279
100902.5,-2,-10,343
100905.0,45,20,298
100907.5,43,-53,340
100910.0,29,-31,318
100912.5,-26,-41,256
100915.0,17,3,338
100917.5,8,17,249
100920.0,8,17,249
100922.5,-22,-37,265
100925.0,-43,-9,327
100927.5,-7,48,262
100930.0,36,-9,359
100932.5,4,-3,244
100935.0,-13,-38,283
100937.5,6,-40,290
100940.0,-6,-8,303
100942.5,21,41,298
100945.0,-3,-39,373
100947.5,-16,-44,346
100950.0,5,-28,402
100952.5,-8,-15,242
100955.0,99,8,300
100957.5,-33,-36,323
100960.0,72,-6,298
100962.5,37,28,280
100965.0,-18,-35,309
100967.5,-18,-35,309
100970.0,7,5,258
100972.5,-119,-41,355
100975.0,-16,-11,251
100977.5,53,22,288
100980.0,36,12,346
100982.5,-1,-21,314
100985.0,-4,-57,377
100987.5,48,-17,313
100990.0,-25,-7,255
100992.5,11,-3,317
100995.0,-7,-33,289
100997.5,-9,-13,249
101000.0,-68,-58,310
101002.5,80,15,312
101005.0,54,-39,364
101007.5,-5,-29,256
101010.0,-19,-13,313
101012.5,43,17,316
101015.0,-33,-19,301
101017.5,-33,-19,301
101020.0,-3,-22,320
101022.5,77,9,368
101025.0,133,25,250
101027.5,-58,-8,307
101030.0,51,-9,257
101032.5,9,39,255
101035.0,25,29,303
101037.5,13,-11,332
101040.0,-9,17,318
101042.5,55,-41,314
101045.0,1,-6,227
101047.5,21,-38,322
101050.0,36,-7,287
101052.5,-12,-24,318
101055.0,-7,-53,375
101057.5,57,-1,319
101060.0,86,-23,375
101062.5,-58,-48,266
101065.0,53,9,240
101067.5,53,9,240
101070.0,25,-6,320
101072.5,-8,-9,303
101075.0,-3,-39,329
101077.5,74,30,275
101080.0,66,19,289
101082.5,15,-7,345
101085.0,40,-43,268
101087.5,50,-5,295
101090.0,-3,22,308
101092.5,4,-20,297
101095.0,-47,-35,340
101097.5,1,-18,363
101100.0,0,-16,285
101102.5,-28,-34,319
101105.0,21,-3,250
101107.5,-7,28,287
101110.0,30,-26,367
101112.5,6,17,302
101115.0,-41,-29,348
101117.5,-41,-29,348
101120.0,42,31,296
101122.5,88,23,312
101125.0,2,-2,323
101127.5,43,41,281
101130.0,-14,10,328
101132.5,-21,4,333
101135.0,-23,-35,248
101137.5,-24,-19,326
101140.0,11,-38,242
101142.5,65,25,277
101145.0,21,47,290
101147.5,35,13,291
101150.0,-56,3,303
101152.5,6,-18,331
101155.0,5,-43,281
101157.5,-36,-48,324
101160.0,76,47,239
101162.5,66,19,274
101165.0,-38,-23,314
101167.5,-38,-23,314
101170.0,-10,-30,335
101172.5,3,4,345
101175.0,38,-23,312
101177.5,-31,-35,207
101180.0,-15,1,318
101182.5,6,41,259
101185.0,-5,-20,291
101187.5,-15,46,330
101190.0,-45,38,308
101192.5,-72,-17,338
101195.0,-18,-38,274
101197.5,-14,-6,306
101200.0,14,-4,276
101202.5,8,-37,303
101205.0,1,-25,336
101207.5,20,13,302
101210.0,7,22,273
101212.5,-35,-16,302
101215.0,3,11,243
101217.5,3,11,243
101220.0,47,7,299
101222.5,-20,-22,306
101225.0,-6,-41,310
101227.5,-31,9,302
101230.0,39,11,321
101232.5,-31,-27,270
101235.0,55,-2,313
101237.5,51,30,270
101240.0,25,-13,313
101242.5,47,-7,385
101245.0,1,-32,346
101247.5,-41,-43,349
101250.0,29,-21,276
101252.5,20,-11,290
101255.0,6,-18,325
101257.5,16,-28,302
101260.0,37,-28,315
101262.5,28,9,401
101265.0,75,21,275
101267.5,75,21,275
101270.0,65,16,365
101272.5,17,-3,237
101275.0,87,20,247
101277.5,36,-33,318
101280.0,23,-8,286
101282.5,-15,-27,292
101285.0,-11,-61,322
101287.5,83,-17,289
101290.0,-47,-28,332
101292.5,114,10,241
101295.0,-14,-23,319
101297.5,-31,-31,360
101300.0,50,-20,315
101302.5,10,6,338
101305.0,66,20,304
101307.5,18,4,253
101310.0,16,21,289
101312.5,-11,-25,268
101315.0,-11,-25,268
101317.5,21,12,307
101320.0,-7,-42,356
101322.5,-16,18,343
101325.0,-20,-70,401
101327.5,99,24,250
101330.0,13,-1,252
101332.5,19,-12,335
101335.0,52,7,281
101337.5,12,-18,313
101340.0,36,-45,399
101342.5,41,45,231
101345.0,-55,-19,309
101347.5,15,4,264
101350.0,49,-31,281
101352.5,-9,15,315
101355.0,72,4,325
101357.5,-45,-18,305
101360.0,36,-4,286
101362.5,92,-33,280
101365.0,92,-33,280
101367.5,-2,28,291
101370.0,-21,11,286
101372.5,-36,-40,291
101375.0,-12,-5,350
101377.5,-20,-51,317
101380.0,-19,12,320
101382.5,-10,-48,282
101385.0,-27,-75,277
101387.5,6,5,316
101390.0,59,29,299
101392.5,-9,-37,341
101395.0,65,20,279
101397.5,63,21,237
101400.0,-62,-26,344
101402.5,51,-3,230
101405.0,-27,-16,277
101407.5,9,-12,345
101410.0,4,-75,327
101412.5,26,-38,337
101415.0,26,-38,337
101417.5,52,-19,322
101420.0,-54,-68,277
101422.5,-31,-22,320
101425.0,46,-13,270
101427.5,40,-45,312
101430.0,-23,-47,363
101432.5,46,-8,324
101435.0,7,-1,359
101437.5,-45,22,258
101440.0,-30,17,256
101442.5,6,-4,289
101445.0,3,27,306
101447.5,28,20,305
101450.0,52,-17,358
101452.5,5,-23,283
101455.0,13,12,368
101457.5,56,7,233
101460.0,23,27,289
101462.5,-12,-9,305
101465.0,-12,-9,305
101467.5,5,45,318
101470.0,-10,-11,310
101472.5,-40,-13,322
101475.0,11,17,301
101477.5,-27,-6,316
101480.0,22,2,258
101482.5,42,26,294
101485.0,18,-6,343
101487.5,36,3,312
101490.0,-21,-14,352
101492.5,-17,-48,309
101495.0,-32,-15,230
101497.5,-19,-7,300
101500.0,38,18,257
101502.5,-14,-30,299
101505.0,32,26,318
101507.5,16,12,321
101510.0,11,-7,374
101512.5,3,-28,279
101515.0,3,-28,279
101517.5,5,-5,282
101520.0,55,11,267
101522.5,32,16,276
101525.0,-58,-41,326
101527.5,18,0,342
101530.0,52,31,258
101532.5,29,-8,326
101535.0,12,-6,283
101537.5,2,-24,294
101540.0,18,-21,313
101542.5,35,-1,297
101545.0,-43,-42,335
101547.5,26,-38,309
101550.0,56,23,230
101552.5,-13,-20,299
101555.0,44,-9,295
101557.5,5,46,247
101560.0,-41,-2,372
101562.5,14,-21,330
101565.0,14,-21,330
101567.5,28,10,370
101570.0,64,-5,259
101572.5,66,6,252
101575.0,-30,-28,285
101577.5,43,7,266
101580.0,41,11,277
101582.5,36,3,343
101585.0,57,-17,301
101587.5,47,42,332
101590.0,-7,-18,244
101592.5,9,-14,287
101595.0,19,-8,281
101597.5,-12,-35,282
101600.0,34,8,324
101602.5,-25,-36,364
101605.0,113,3,293
101607.5,-5,-12,314
101610.0,44,-14,257
101612.5,-22,12,295
101615.0,-22,12,295
101617.5,-15,-39,357
101620.0,0,-35,330
101622.5,25,0,347
101625.0,120,18,264
101627.5,27,4,263
101630.0,-8,-7,287
101632.5,36,-46,306
101635.0,-7,6,314
101637.5,16,-45,368
101640.0,-65,-56,260
101642.5,-52,-4,316
101645.0,74,-1,260
101647.5,45,4,264
101650.0,-23,-7,295
101652.5,69,21,299
101655.0,39,-16,346
101657.5,47,-30,321
101660.0,12,-17,262
101662.5,12,-17,262
101665.0,10,8,335
101667.5,89,-49,247
101670.0,36,20,302
101672.5,39,-22,351
101675.0,-22,-29,308
101677.5,-2,7,337
101680.0,16,-33,312
101682.5,45,0,260
101685.0,-37,-28,290
101687.5,51,44,287
101690.0,19,-25,275
101692.5,-54,-27,355
101695.0,-7,-50,383
101697.5,-5,-9,390
101700.0,113,48,256
101702.5,59,-21,291
101705.0,-21,-30,317
101707.5,38,39,292
101710.0,57,35,309
101712.5,57,35,309
101715.0,-6,10,332
101717.5,-35,-19,265
101720.0,-32,-38,351
101722.5,33,37,246
101725.0,-76,-34,327
101727.5,9,-6,313
101730.0,120,41,284
101732.5,20,-34,369
101735.0,47,-12,302
101737.5,10,16,241
101740.0,19,-10,292
101742.5,57,34,300
101745.0,8,53,272
101747.5,-15,-33,344
101750.0,10,-74,348
101752.5,-54,-65,361
101755.0,64,50,249
101757.5,30,-28,300
101760.0,31,29,309
101762.5,31,29,309
101765.0,59,16,282
101767.5,6,-7,301
101770.0,25,17,370
101772.5,-14,-36,322
101775.0,13,35,344
101777.5,52,-8,259
101780.0,16,-12,293
101782.5,-50,-25,339
101785.0,-14,-33,303
101787.5,-27,-63,333
101790.0,61,8,306
101792.5,111,-6,272
101795.0,-17,-6,312
101797.5,88,48,248
101800.0,47,54,285
101802.5,33,44,363
101805.0,20,-21,342
101807.5,23,-29,363
101810.0,22,22,262
101812.5,22,22,262
101815.0,40,-22,258
101817.5,29,0,278
101820.0,-73,17,312
101822.5,-68,17,273
101825.0,19,-59,339
101827.5,51,2,270
101830.0,-27,-63,348
101832.5,30,31,216
101835.0,48,15,313
101837.5,47,14,332
101840.0,16,-11,312
101842.5,-16,-56,333
101845.0,16,-36,310
101847.5,4,-1,228
101850.0,-33,-50,316
101852.5,-9,-14,297
101855.0,-30,-35,304
101857.5,-35,7,349
101860.0,-2,0,302
101862.5,-2,0,302
101865.0,-14,-13,339
101867.5,-7,-10,295
101870.0,-26,-17,235
101872.5,1,-14,311
101875.0,48,11,300
101877.5,-102,-14,298
101880.0,31,-7,361
101882.5,69,8,346
101885.0,3,-4,356
101887.5,76,49,213
101890.0,68,41,282
101892.5,-27,13,296
101895.0,18,-37,285
101897.5,10,26,323
101900.0,24,-6,317
101902.5,82,25,276
101905.0,-37,28,344
101907.5,-4,50,278
101910.0,27,38,270
101912.5,27,38,270
101915.0,16,-17,366
101917.5,17,-7,275
101920.0,14,35,369
101922.5,-8,-4,313
101925.0,-30,-41,250
101927.5,39,0,296
101930.0,76,31,266
101932.5,-18,-27,282
101935.0,14,-26,340
101937.5,112,29,298
101940.0,0,-7,358
101942.5,72,15,222
101945.0,-22,2,232
101947.5,-16,-37,307
101950.0,56,19,274
101952.5,2,27,311
101955.0,102,56,334
101957.5,59,-35,249
101960.0,26,-20,299
101962.5,26,-20,299
101965.0,-6,-1,234
101967.5,-2,47,291
101970.0,-74,-60,325
101972.5,80,39,289
101975.0,-17,-7,343
101977.5,60,15,287
101980.0,-24,-10,230
101982.5,26,-17,340
101985.0,-3,-7,291
101987.5,-8,-31,314
101990.0,-48,-14,319
101992.5,8,-22,290
101995.0,-23,-50,352
101997.5,45,-32,242
102000.0,-8,23,258
102002.5,0,-32,279
102005.0,-30,-43,310
102007.5,-12,-37,297
102010.0,21,-5,397
102012.5,21,-5,397
102015.0,82,-12,334
102017.5,18,55,313
102020.0,-35,-70,302
102022.5,9,30,279
102025.0,-22,-43,343
102027.5,17,-27,288
102030.0,50,16,328
102032.5,23,-18,298
102035.0,32,-7,233
102037.5,60,26,330
102040.0,112,58,237
102042.5,19,-11,295
102045.0,20,17,368
102047.5,17,-8,314
102050.0,16,-59,330
102052.5,-17,-24,271
102055.0,-25,-38,299
102057.5,18,18,295
102060.0,-32,-49,307
102062.5,-32,-49,307
102065.0,-8,-15,323
102067.5,41,-40,325
102070.0,64,21,279
102072.5,38,-25,351
102075.0,42,-15,254
102077.5,43,28,260
102080.0,-64,19,272
102082.5,44,24,284
102085.0,16,-18,327
102087.5,1,-8,333
102090.0,63,24,263
102092.5,-12,-1,321
102095.0,-78,14,231
102097.5,83,35,249
102100.0,15,22,356
102102.5,49,2,312
102105.0,11,-15,350
102107.5,91,31,323
102110.0,91,31,323
102112.5,0,-2,230
102115.0,-3,-41,330
102117.5,104,12,257
102120.0,-11,-14,301
102122.5,12,-2,358
102125.0,-20,-27,337
102127.5,-8,-48,373
102130.0,77,34,257
102132.5,-56,-5,260
102135.0,-39,-23,312
102137.5,53,13,290
102140.0,66,-21,327
102142.5,59,21,363
102145.0,-12,-42,296
102147.5,-57,-18,336
102150.0,19,9,273
102152.5,-39,46,242
102155.0,-23,7,314
102157.5,26,26,266
102160.0,26,26,266
102162.5,96,38,312
102165.0,112,43,298
102167.5,78,55,264
102170.0,-45,-1,274
102172.5,65,6,255
102175.0,38,-21,300
102177.5,-11,-16,336
102180.0,-104,-17,281
102182.5,13,-46,328
102185.0,50,23,281
102187.5,36,-17,242
102190.0,-38,-18,321
102192.5,12,7,288
102195.0,-26,-23,333
102197.5,107,37,359
102200.0,-65,-83,290
102202.5,0,-10,352
102205.0,24,-28,229
102207.5,46,16,256
102210.0,46,16,256
102212.5,13,-37,305
102215.0,71,65,309
102217.5,-62,-58,318
102220.0,60,13,329
102222.5,-49,2,265
102225.0,-123,-66,363
102227.5,55,17,294
102230.0,-23,-11,320
102232.5,-4,-4,344
102235.0,47,13,289
102237.5,-25,12,346
102240.0,-13,-67,337
102242.5,4,-51,284
102245.0,-30,10,320
102247.5,25,-9,276
102250.0,3,-27,310
102252.5,-60,11,320
102255.0,27,-49,269
102257.5,-12,-31,357
102260.0,-12,-31,357
102262.5,87,35,225
102265.0,-38,3,239
102267.5,-29,-19,321
102270.0,38,6,313
102272.5,-42,2,325
102275.0,165,104,308
102277.5,-54,-76,302
102280.0,29,-14,318
102282.5,47,40,253
102285.0,-18,5,283
102287.5,-37,1,320
102290.0,-3,-9,298
102292.5,30,7,358
102295.0,93,49,299
102297.5,70,14,269
102300.0,-52,-11,316
102302.5,28,-13,255
102305.0,0,21,291
102307.5,31,35,321
102310.0,31,35,321
102312.5,-1,-20,326
102315.0,-120,-80,350
102317.5,28,-8,282
102320.0,53,43,237
102322.5,-20,-40,306
102325.0,-2,-34,309
102327.5,-37,-54,315
102330.0,60,19,345
102332.5,-89,-23,300
102335.0,38,14,359
102337.5,13,3,255
102340.0,-3,-1,268
102342.5,-24,-56,329
102345.0,14,-22,287
102347.5,45,-50,354
102350.0,30,-9,347
102352.5,6,-5,284
102355.0,-40,-5,316
102357.5,70,0,236
102360.0,70,0,236
102362.5,-85,-66,316
102365.0,19,29,346
102367.5,-52,0,321
102370.0,-29,-49,359
102372.5,-35,-68,280
102375.0,69,-26,278
102377.5,27,-4,286
102380.0,-20,-21,260
102382.5,14,6,269
102385.0,44,-16,392
102387.5,82,12,306
102390.0,-39,-34,352
102392.5,27,-34,280
102395.0,38,-25,312
102397.5,10,-18,331
102400.0,78,28,316
102402.5,-49,-20,324
102405.0,-27,-18,305
102407.5,-32,-42,273
102410.0,-32,-42,273
102412.5,-14,47,297
102415.0,42,-51,276
102417.5,62,33,296
102420.0,-49,-61,358
102422.5,30,-37,327
102425.0,-92,-50,314
102427.5,19,-21,279
102430.0,31,0,227
102432.5,-34,-53,302
102435.0,69,52,315
102437.5,19,4,318
102440.0,21,-24,307
102442.5,45,-30,337
102445.0,49,-20,351
102447.5,78,35,230
102450.0,62,-2,279
102452.5,-32,-36,337
102455.0,62,15,310
102457.5,60,23,271
102460.0,60,23,271
102462.5,-20,-38,327
102465.0,58,18,286
102467.5,23,16,345
102470.0,58,36,221
102472.5,65,-8,293
102475.0,-31,-24,327
102477.5,45,15,312
102480.0,11,-49,335
102482.5,49,-10,289
102485.0,57,24,308
102487.5,-26,18,290
102490.0,61,22,291
102492.5,-10,-10,264
102495.0,-24,46,334
102497.5,-8,-34,302
102500.0,31,2,327
102502.5,19,10,244
102505.0,43,-16,280
102507.5,4,-1,297
102510.0,4,-1,297
102512.5,25,12,319
102515.0,1,-5,321
102517.5,59,-2,348
102520.0,62,-1,253
102522.5,-28,-18,346
102525.0,33,-1,258
102527.5,-30,-55,285
102530.0,14,-8,335
102532.5,34,46,321
102535.0,-40,-54,343
102537.5,123,55,281
102540.0,14,-15,289
102542.5,-52,-38,307
102545.0,42,72,258
102547.5,17,-28,263
102550.0,-23,-47,362
102552.5,-8,-50,315
102555.0,-94,-35,339
102557.5,-94,-35,339
102560.0,74,31,246
102562.5,-25,-21,198
102565.0,-36,3,270
102567.5,71,43,288
102570.0,-12,6,340
102572.5,27,-23,365
102575.0,61,7,298
102577.5,-23,-33,360
102580.0,55,-29,284
102582.5,16,10,307
102585.0,-41,-52,357
102587.5,-36,2,324
102590.0,14,-30,349
102592.5,65,19,323
102595.0,47,-14,238
102597.5,-55,-38,294
102600.0,12,-28,272
102602.5,-6,-21,292
102605.0,33,25,346
102607.5,33,25,346
102610.0,33,0,296
102612.5,43,-2,314
102615.0,47,4,280
102617.5,46,-12,219
102620.0,3,-15,289
102622.5,13,2,271
102625.0,75,10,292
102627.5,11,-53,368
102630.0,54,15,293
102632.5,35,18,326
102635.0,28,-24,243
102637.5,-45,-23,238
102640.0,-16,14,308
102642.5,30,19,292
102645.0,1,26,320
102647.5,34,-19,341
102650.0,-25,-33,253
102652.5,-26,-40,311
102655.0,28,-14,254
102657.5,28,-14,254
102660.0,9,22,289
102662.5,-37,-21,344
102665.0,49,-25,312
102667.5,-15,-2,335
102670.0,-7,-3,304
102672.5,73,0,296
102675.0,-25,-24,316
102677.5,66,52,243
102680.0,83,30,343
102682.5,-47,-45,346
102685.0,31,33,250
102687.5,-39,-25,325
102690.0,52,59,247
102692.5,-15,2,278
102695.0,17,-15,282
102697.5,-16,43,318
102700.0,-21,-18,332
102702.5,24,0,348
102705.0,-24,-23,278
102707.5,-24,-23,278
102710.0,-7,11,320
102712.5,-16,19,231
102715.0,-4,-14,300
102717.5,7,3,302
102720.0,-8,-49,291
102722.5,47,-1,330
102725.0,10,24,296
102727.5,-57,-54,237
102730.0,37,10,330
102732.5,48,48,302
102735.0,22,28,305
102737.5,-5,-20,339
102740.0,40,17,291
102742.5,-32,-5,364
102745.0,39,37,237
102747.5,124,15,267
102750.0,-29,36,336
102752.5,-25,8,326
102755.0,-2,5,309
102757.5,-2,5,309
102760.0,20,-2,352
102762.5,-138,-68,261
102765.0,-53,-10,301
102767.5,-10,1,240
102770.0,-44,60,250
102772.5,-24,-13,323
102775.0,-21,-46,284
102777.5,2,2,342
102780.0,50,11,345
102782.5,50,6,281
102785.0,-13,-12,316
102787.5,13,3,261
102790.0,7,11,307
102792.5,23,-2,378
102795.0,7,-25,315
102797.5,17,-16,377
102800.0,-32,-29,252
102802.5,10,-2,220
102805.0,17,-43,303
102807.5,17,-43,303
102810.0,47,34,286
102812.5,24,-8,306
102815.0,22,10,326
102817.5,-33,-17,329
102820.0,48,42,348
102822.5,48,2,231
102825.0,13,-12,270
102827.5,-69,-55,339
102830.0,28,-15,335
102832.5,-28,6,291
102835.0,-62,-17,315
102837.5,35,15,271
102840.0,-69,-46,328
102842.5,2,-30,294
102845.0,-27,12,284
102847.5,-11,3,301
102850.0,11,-4,297
102852.5,20,59,328
102855.0,9,-26,275
102857.5,9,-26,275
102860.0,23,-6,289
102862.5,-8,-37,293
102865.0,18,21,296
102867.5,-45,-52,349
102870.0,53,-12,341
102872.5,-9,-39,308
102875.0,-61,-17,344
102877.5,59,55,243
102880.0,-21,-24,295
102882.5,-20,-9,294
102885.0,3,-31,317
102887.5,0,-19,313
102890.0,39,28,345
102892.5,-50,-3,233
102895.0,-33,-11,318
102897.5,43,-6,221
102900.0,84,24,283
102902.5,-54,-121,366
102905.0,92,17,314
102907.5,92,17,314
102910.0,-49,-17,315
102912.5,31,1,293
102915.0,30,-2,292
102917.5,49,37,316
102920.0,10,-15,311
102922.5,72,-4,299
102925.0,-20,-1,315
102927.5,-15,0,295
102930.0,0,-26,354
102932.5,37,10,232
102935.0,14,-12,255
102937.5,-21,-31,312
102940.0,46,33,275
102942.5,-94,-35,327
102945.0,-44,-24,321
102947.5,-31,-18,263
102950.0,-24,18,296
102952.5,24,16,248
102955.0,24,16,248
102957.5,1,-39,315
102960.0,-18,-16,310
102962.5,-17,22,293
102965.0,-40,-18,294
102967.5,-37,-42,308
102970.0,83,36,241
102972.5,-60,-38,313
102975.0,-25,13,285
102977.5,-17,-55,293
102980.0,-13,7,350
102982.5,-5,-24,302
102985.0,40,6,323
102987.5,15,1,288
102990.0,-8,-20,200
102992.5,-29,-14,303
102995.0,43,-30,308
102997.5,-14,-20,330
103000.0,-32,-50,340
103002.5,9,20,288
103005.0,9,20,288
103007.5,-28,-27,358
103010.0,40,21,238
103012.5,-17,-15,267
103015.0,5,8,318
103017.5,-8,7,305
103020.0,42,-61,349
103022.5,34,-21,312
103025.0,8,-16,246
103027.5,26,14,308
103030.0,4,-47,261
103032.5,32,44,293
103035.0,-43,-48,368
103037.5,5,-23,331
103040.0,-1,-53,333
103042.5,48,-6,298
103045.0,36,26,255
103047.5,-39,-13,284
103050.0,-11,-8,312
103052.5,12,7,307
103055.0,12,7,307
103057.5,22,-35,306
103060.0,4,-102,276
103062.5,-2,-3,343
103065.0,81,20,245
103067.5,29,-11,271
103070.0,70,47,319
103072.5,59,9,280
103075.0,65,13,328
103077.5,12,-45,331
103080.0,-41,22,240
103082.5,47,23,321
103085.0,31,-33,272
103087.5,40,34,285
103090.0,-18,-18,342
103092.5,-24,-39,306
103095.0,37,54,343
103097.5,-24,-26,302
103100.0,7,-39,265
103102.5,-46,-29,309
103105.0,-46,-29,309
103107.5,-23,38,281
103110.0,-31,-8,307
103112.5,-23,-44,345
103115.0,37,-4,235
103117.5,-30,-21,327
103120.0,109,20,241
103122.5,11,-8,313
103125.0,26,-5,333
103127.5,12,-4,313
103130.0,21,-13,319
103132.5,41,26,312
103135.0,97,31,241
103137.5,-1,22,328
103140.0,26,-45,270
103142.5,17,20,265
103145.0,-20,-53,343
103147.5,28,-20,297
103150.0,17,-33,315
103152.5,41,-1,313
103155.0,41,-1,313
103157.5,40,34,240
103160.0,11,-1,323
103162.5,32,-15,286
103165.0,-66,-33,318
103167.5,-75,-38,340
103170.0,36,10,298
103172.5,-17,-8,336
103175.0,61,29,261
103177.5,13,9,257
103180.0,10,23,305
103182.5,-18,34,249
103185.0,-41,-43,321
103187.5,42,11,337
103190.0,120,25,307
103192.5,-51,-51,341
103195.0,19,38,239
103197.5,60,23,288
103200.0,53,-4,351
103202.5,33,23,292
103205.0,33,23,292
103207.5,0,3,330
103210.0,-54,-39,323
103212.5,8,26,234
103215.0,-30,-45,323
103217.5,13,40,266
103220.0,-7,-17,323
103222.5,-46,2,345
103225.0,-50,-12,302
103227.5,14,-3,379
103230.0,-14,-41,264
103232.5,118,13,309
103235.0,-17,-49,305
103237.5,-6,-38,316
103240.0,-37,-27,307
103242.5,28,4,354
103245.0,-4,-87,309
103247.5,-22,-49,339
103250.0,-6,-32,269
103252.5,84,6,278
103255.0,84,6,278
103257.5,-32,-15,315
103260.0,9,3,320
103262.5,7,-24,337
103265.0,-4,-15,341
103267.5,57,0,287
103270.0,8,-13,368
103272.5,75,29,247
103275.0,-39,-18,298
103277.5,-14,-11,341
103280.0,-43,-35,307
103282.5,-46,-37,320
103285.0,27,-42,291
103287.5,-96,-39,275
103290.0,-20,-43,320
103292.5,33,-15,302
103295.0,-33,-28,315
103297.5,-10,14,342
103300.0,-10,-16,292
103302.5,-10,-16,292
103305.0,20,-23,356
103307.5,54,-24,237
103310.0,44,5,289
103312.5,-14,-26,334
103315.0,66,0,335
103317.5,19,-20,342
103320.0,31,38,334
103322.5,-39,-27,272
103325.0,-72,-45,349
103327.5,0,-41,294
103330.0,-23,-21,285
103332.5,25,-59,382
103335.0,15,32,317
103337.5,33,-61,369
103340.0,-22,-30,288
103342.5,-43,-37,209
103345.0,27,39,299
103347.5,32,21,270
103350.0,78,24,293
103352.5,78,24,293
103355.0,-21,-40,352
103357.5,38,6,314
103360.0,-5,-51,340
103362.5,-24,-30,267
103365.0,-76,-42,225
103367.5,4,-3,320
103370.0,57,35,292
103372.5,-24,16,327
103375.0,-35,-22,337
103377.5,53,20,266
103380.0,-24,-10,308
103382.5,-35,4,232
103385.0,-30,-46,274
103387.5,8,-1,323
103390.0,-14,-60,344
103392.5,29,-25,357
103395.0,72,32,332
103397.5,17,-28,270
103400.0,40,26,314
103402.5,40,26,314
103405.0,25,-21,280
103407.5,107,22,287
103410.0,8,-58,352
103412.5,9,-35,309
103415.0,27,-44,357
103417.5,-41,-36,273
103420.0,-46,-13,288
103422.5,26,9,313
103425.0,63,-4,298
103427.5,2,-17,330
103430.0,-33,-13,366
103432.5,2,-14,266
103435.0,-8,15,330
103437.5,22,64,179
103440.0,9,19,310
103442.5,26,27,317
103445.0,-30,-22,310
103447.5,18,-40,347
103450.0,16,-47,325
103452.5,16,-47,325
103455.0,112,43,269
103457.5,-47,-2,321
103460.0,1,-28,234
103462.5,38,30,291
103465.0,-27,4,318
103467.5,-33,-17,309
103470.0,5,-9,339
103472.5,65,32,296
103475.0,99,48,280
103477.5,-16,-29,322
103480.0,25,7,256
103482.5,58,72,224
103485.0,-78,-29,314
103487.5,8,-2,301
103490.0,-103,-92,416
103492.5,-51,-61,264
103495.0,-46,-22,250
103497.5,71,35,302
103500.0,17,43,295
103502.5,17,43,295
103505.0,-46,-70,295
103507.5,34,45,346
103510.0,42,22,284
103512.5,-3,25,336
103515.0,-3,-24,256
103517.5,22,6,256
103520.0,14,41,308
103522.5,17,-60,308
103525.0,-2,31,286
103527.5,50,22,292
103530.0,35,3,260
103532.5,12,30,345
103535.0,31,-10,245
103537.5,-13,-87,322
103540.0,-12,34,328
103542.5,37,-19,303
103545.0,-45,-15,331
103547.5,-17,-41,275
103550.0,19,-34,275
103552.5,19,-34,275
103555.0,46,21,304
103557.5,16,7,334
103560.0,-70,-37,279
103562.5,79,-6,367
103565.0,-59,-61,287
103567.5,-51,-10,363
103570.0,-45,5,277
103572.5,-29,-14,233
103575.0,-11,-33,303
103577.5,18,-13,296
103580.0,7,-23,335
103582.5,164,35,321
103585.0,-74,-49,232
103587.5,12,8,334
103590.0,65,5,260
103592.5,-22,-56,335
103595.0,1,-1,381
103597.5,42,-42,305
103600.0,0,-9,346
103602.5,0,-9,346
103605.0,70,21,267
103607.5,-14,-34,255
103610.0,-49,-53,315
103612.5,36,16,284
103615.0,-84,-19,308
103617.5,57,-32,354
103620.0,21,17,310
103622.5,-25,-21,351
103625.0,25,12,258
103627.5,67,133,245
103630.0,-23,-36,314
103632.5,31,-2,295
103635.0,50,12,309
103637.5,23,35,348
103640.0,-64,-49,267
103642.5,71,24,333
103645.0,61,58,217
103647.5,-30,-22,256
103650.0,1,5,319
103652.5,1,5,319
103655.0,83,27,308
103657.5,-13,-38,335
103660.0,47,2,291
103662.5,82,5,272
103665.0,10,21,283
103667.5,4,23,297
103670.0,-18,-30,311
103672.5,-48,-18,337
103675.0,-42,-24,324
103677.5,-58,-39,359
103680.0,75,9,280
103682.5,6,-17,280
103685.0,32,-3,324
103687.5,11,-12,289
103690.0,-25,-37,322
103692.5,-74,-29,367
103695.0,48,25,280
103697.5,33,-17,368
103700.0,33,-17,368
103702.5,-17,-43,245
103705.0,-33,-24,268
103707.5,12,-4,314
103710.0,46,-9,297
103712.5,8,-67,323
103715.0,-43,-63,319
103717.5,89,-3,274
103720.0,6,-19,334
103722.5,-8,16,230
103725.0,-42,-21,320
103727.5,52,-22,350
103730.0,-2,-6,306
103732.5,-13,-39,353
103735.0,22,12,280
103737.5,73,60,257
103740.0,-44,-34,312
103742.5,-30,-102,318
103745.0,16,15,312
103747.5,-26,-55,354
103750.0,-26,-55,354
103752.5,12,-54,342
103755.0,-65,-64,342
103757.5,-21,37,294
103760.0,-20,12,304
103762.5,-13,1,288
103765.0,24,2,319
103767.5,-3,1,305
103770.0,-2,-41,313
103772.5,84,-3,280
103775.0,-51,-13,312
103777.5,12,-9,252
103780.0,-84,-41,296
103782.5,-76,-41,316
103785.0,-3,27,274
103787.5,6,-17,357
103790.0,106,11,313
103792.5,-33,-41,252
103795.0,-31,-26,269
103797.5,55,28,282
103800.0,55,28,282
103802.5,-8,3,307
103805.0,-100,4,320
103807.5,30,-35,341
103810.0,-72,-25,342
103812.5,37,20,259
103815.0,-43,-14,271
103817.5,31,-4,327
103820.0,69,31,270
103822.5,5,-13,283
103825.0,7,-11,343
103827.5,25,-4,328
103830.0,-13,16,333
103832.5,-31,-4,265
103835.0,10,15,296
103837.5,-44,-4,341
103840.0,-13,5,295
103842.5,-94,-38,318
103845.0,-14,-31,310
103847.5,42,8,233
103850.0,42,8,233
103852.5,21,-8,329
103855.0,-23,-40,285
103857.5,-39,-38,290
103860.0,-62,-19,331
103862.5,64,-47,299
103865.0,0,0,334
103867.5,-26,-9,250
103870.0,28,41,244
103872.5,-48,-56,308
103875.0,37,-19,307
103877.5,-44,-47,311
103880.0,-14,-33,333
103882.5,26,-55,293
103885.0,39,28,340
103887.5,17,-41,259
103890.0,-42,9,236
103892.5,-22,8,329
103895.0,-13,-57,345
103897.5,12,-40,327
103900.0,12,-40,327
103902.5,40,12,319
103905.0,-51,-60,233
103907.5,-6,-22,318
103910.0,94,48,249
103912.5,-9,-26,302
103915.0,7,-13,348
103917.5,13,-1,301
103920.0,23,10,333
103922.5,7,21,293
103925.0,24,-14,295
103927.5,51,11,332
103930.0,19,6,287
103932.5,11,-7,293
103935.0,16,-55,379
103937.5,-1,-9,321
103940.0,18,2,345
103942.5,16,2,234
103945.0,141,-6,267
103947.5,27,5,300
103950.0,27,5,300
103952.5,-26,-35,327
103955.0,-13,2,306
103957.5,14,-31,360
103960.0,1,-37,253
103962.5,34,16,328
103965.0,-38,-8,259
103967.5,-27,-37,283
103970.0,30,9,338
103972.5,45,-11,284
103975.0,-21,-17,347
103977.5,28,-12,294
103980.0,-28,-9,311
103982.5,43,37,322
103985.0,59,13,304
103987.5,18,-35,303
103990.0,-2,-32,339
103992.5,52,37,255
103995.0,20,-8,329
103997.5,54,-12,275
104000.0,54,-12,275
104002.5,-34,22,176
104005.0,17,-8,277
104007.5,-10,-2,289
104010.0,-50,-43,311
104012.5,69,-11,340
104015.0,39,-24,269
104017.5,43,9,348
104020.0,15,-25,260
104022.5,-49,-17,217
104025.0,19,5,272
104027.5,103,63,279
104030.0,-41,-50,300
104032.5,11,-65,346
104035.0,1,-1,289
104037.5,23,5,326
104040.0,133,56,258
104042.5,-33,-11,299
104045.0,-26,-54,358
104047.5,27,16,290
104050.0,27,16,290
104052.5,13,-1,336
104055.0,18,-6,293
104057.5,94,-13,280
104060.0,36,50,292
104062.5,42,-7,279
104065.0,13,5,307
104067.5,-25,-43,340
104070.0,95,1,317
104072.5,-44,-19,357
104075.0,97,12,219
104077.5,-54,-4,211
104080.0,9,-19,306
104082.5,87,37,270
104085.0,-39,15,319
104087.5,-3,0,305
104090.0,37,19,261
104092.5,46,3,361
104095.0,41,9,239
104097.5,11,-16,261
104100.0,11,-16,261
104102.5,-27,50,290
104105.0,-14,-19,343
104107.5,-4,-4,354
104110.0,75,-12,350
104112.5,-9,-27,313
104115.0,-5,-5,312
104117.5,19,-19,287
104120.0,-19,13,248
104122.5,-46,-4,346
104125.0,40,-4,314
104127.5,-39,-44,330
104130.0,24,16,278
104132.5,-39,-19,277
104135.0,-5,-15,328
104137.5,5,63,318
104140.0,-22,11,306
104142.5,-17,-19,348
104145.0,19,-27,269
104147.5,19,-27,269
104150.0,-21,-12,328
104152.5,-1,-30,235
104155.0,58,-13,283
104157.5,36,-5,369
104160.0,82,58,332
104162.5,-57,-12,311
104165.0,38,4,317
104167.5,2,-1,242
104170.0,-52,-29,325
104172.5,46,-14,237
104175.0,-9,-15,330
104177.5,-49,3,332
104180.0,55,-13,306
104182.5,-9,-16,342
104185.0,0,11,294
104187.5,46,-14,261
104190.0,-44,-15,302
104192.5,44,11,283
104195.0,41,-24,290
104197.5,41,-24,290
104200.0,11,-63,376
104202.5,82,14,303
104205.0,52,4,359
104207.5,32,-19,252
104210.0,6,29,240
104212.5,16,49,304
104215.0,41,32,327
104217.5,-3,-49,332
104220.0,45,3,327
104222.5,38,10,238
104225.0,6,-23,337
104227.5,82,9,289
104230.0,6,-20,286
104232.5,-69,-28,307
104235.0,-35,4,343
104237.5,-10,-16,348
104240.0,39,3,317
104242.5,36,2,273
104245.0,7,-1,318
104247.5,7,-1,318
104250.0,25,-1,294
104252.5,108,-38,270
104255.0,-73,-48,345
104257.5,23,-2,316
104260.0,-26,-26,342
104262.5,8,-21,278
104265.0,13,-30,254
104267.5,31,17,282
104270.0,-48,26,307
104272.5,-35,-55,329
104275.0,124,34,318
104277.5,84,18,235
104280.0,-4,-42,349
104282.5,19,-12,259
104285.0,13,-22,324
104287.5,27,-13,329
104290.0,3,-16,297
104292.5,-11,-34,369
104295.0,26,-9,284
104297.5,26,-9,284
104300.0,-12,-50,262
104302.5,-23,-40,336
104305.0,45,-1,281
104307.5,-31,-54,328
104310.0,-10,4,383
104312.5,1,9,314
104315.0,-90,-40,368
104317.5,8,-22,286
104320.0,120,-17,277
104322.5,24,-3,281
104325.0,44,19,265
104327.5,-23,-5,264
104330.0,44,3,328
104332.5,117,-10,319
104335.0,-64,-24,354
104337.5,7,25,257
104340.0,3,6,294
104342.5,43,29,333
104345.0,96,23,264
104347.5,96,23,264
104350.0,29,8,277
104352.5,12,8,306
104355.0,41,-8,259
104357.5,36,-17,336
104360.0,48,7,271
104362.5,-34,-45,316
104365.0,14,12,326
104367.5,113,0,305
104370.0,33,-25,357
104372.5,75,10,294
104375.0,101,20,260
104377.5,-33,-11,273
104380.0,29,31,270
104382.5,17,-37,324
104385.0,-21,-6,332
104387.5,-34,-10,374
104390.0,-59,-3,369
104392.5,19,-32,244
104395.0,-14,12,263
104397.5,-14,12,263
104400.0,29,-22,273
104402.5,14,-22,314
104405.0,28,13,328
104407.5,45,-9,376
104410.0,42,-26,288
104412.5,14,6,359
104415.0,38,31,238
104417.5,0,-21,270
104420.0,-28,-10,296
104422.5,-16,82,296
104425.0,-20,-25,341
104427.5,17,-18,314
104430.0,-54,-29,245
104432.5,32,-7,306
104435.0,11,4,286
104437.5,62,-8,295
104440.0,0,8,364
104442.5,46,-18,315
104445.0,17,20,377
104447.5,17,20,377
104450.0,4,-15,279
104452.5,0,-10,245
104455.0,-8,1,294
104457.5,-13,-19,324
104460.0,-54,-41,338
104462.5,-40,-14,329
104465.0,50,7,269
104467.5,36,-22,359
104470.0,40,-5,251
104472.5,26,-20,327
104475.0,-36,49,339
104477.5,-16,-9,325
104480.0,12,-38,335
104482.5,24,-36,315
104485.0,55,-71,308
104487.5,19,-6,333
104490.0,10,-17,287
104492.5,8,0,309
104495.0,-64,-13,360
104497.5,-64,-13,360
104500.0,18,-15,301
104502.5,17,-34,355
104505.0,-11,-50,291
104507.5,32,-18,285
104510.0,30,7,296
104512.5,30,16,303
104515.0,1,-24,312
104517.5,3,29,317
104520.0,81,43,304
104522.5,61,8,390
104525.0,22,26,216
104527.5,-38,11,250
104530.0,55,-27,357
104532.5,15,27,302
104535.0,5,-5,320
104537.5,-4,-26,365
104540.0,29,-13,246
104542.5,-46,-38,354
104545.0,-1,-31,279
104547.5,-1,-31,279
104550.0,12,12,292
104552.5,1,-20,360
104555.0,-2,-22,283
104557.5,-65,-21,340
104560.0,36,15,277
104562.5,18,-34,244
104565.0,-18,-15,305
104567.5,48,54,265
104570.0,7,-15,292
104572.5,28,55,352
104575.0,21,2,347
104577.5,59,-3,403
104580.0,-28,-44,286
104582.5,33,13,283
104585.0,34,19,282
104587.5,21,20,292
104590.0,-22,-19,336
104592.5,32,49,282
104595.0,32,49,282
104597.5,98,9,262
104600.0,23,8,343
104602.5,-2,-4,253
104605.0,58,5,290
104607.5,6,19,330
104610.0,4,-16,283
104612.5,73,-46,359
104615.0,24,-3,314
104617.5,49,-29,252
104620.0,58,26,318
104622.5,18,36,269
104625.0,-2,6,273
104627.5,-28,-61,354
104630.0,34,6,295
104632.5,-51,-57,376
104635.0,-9,-71,266
104637.5,-15,-37,304
104640.0,5,-22,323
104642.5,-4,-27,295
104645.0,-4,-27,295
104647.5,-28,-45,334
104650.0,36,-51,374
104652.5,7,-39,280
104655.0,-35,-45,331
104657.5,20,11,253
104660.0,-41,37,280
104662.5,-19,6,323
104665.0,21,-2,321
104667.5,68,37,288
104670.0,-11,-7,332
104672.5,-35,-32,250
104675.0,53,-18,322
104677.5,22,1,259
104680.0,15,23,293
104682.5,16,-44,363
104685.0,36,-19,271
104687.5,-3,4,324
104690.0,-25,-38,289
104692.5,113,-33,299
104695.0,113,-33,299
104697.5,24,-4,293
104700.0,13,5,274
104702.5,-7,-3,299
104705.0,46,-3,369
104707.5,-11,14,288
104710.0,-39,-22,340
104712.5,87,25,233
104715.0,-18,24,215
104717.5,-12,-28,302
104720.0,15,-6,327
104722.5,35,-15,349
104725.0,36,24,331
104727.5,31,-14,285
104730.0,-33,-38,339
104732.5,68,39,222
104735.0,-86,7,259
104737.5,-47,8,350
104740.0,57,4,327
104742.5,6,-63,359
104745.0,6,-63,359
104747.5,11,-37,291
104750.0,90,28,292
104752.5,-33,-18,316
104755.0,2,4,242
104757.5,-6,-54,300
104760.0,32,25,361
104762.5,21,13,316
104765.0,-42,-39,361
104767.5,26,29,232
104770.0,57,1,311
104772.5,23,-2,298
104775.0,6,-2,273
104777.5,-40,-5,257
104780.0,75,1,379
104782.5,55,-11,268
104785.0,-10,4,336
104787.5,-21,2,229
104790.0,-9,-58,334
104792.5,16,38,330
104795.0,16,38,330
104797.5,-23,-43,305
104800.0,40,5,305
104802.5,8,-19,280
104805.0,18,-1,239
104807.5,16,9,343
104810.0,-5,-29,295
104812.5,34,-23,301
104815.0,-14,19,320
104817.5,-43,-40,283
104820.0,13,-8,345
104822.5,-33,-43,246
104825.0,89,-4,266
104827.5,-51,-32,300
104830.0,50,41,290
104832.5,70,36,276
104835.0,59,-34,379
104837.5,36,-36,293
104840.0,5,-3,343
104842.5,0,-24,245
104845.0,0,-24,245
104847.5,2,-45,294
104850.0,-15,1,317
104852.5,-11,-8,317
104855.0,-8,-57,351
104857.5,8,-60,311
104860.0,24,-21,242
104862.5,8,19,312
104865.0,49,-31,279
104867.5,38,-16,292
104870.0,-36,-58,357
104872.5,33,-10,322
104875.0,-16,-37,382
104877.5,-9,-18,283
104880.0,47,-9,292
104882.5,-68,-51,310
104885.0,5,24,281
104887.5,8,-23,339
104890.0,-1,-33,343
104892.5,27,-54,273
104895.0,27,-54,273
104897.5,58,34,347
104900.0,37,26,243
104902.5,-111,-3,287
104905.0,25,-30,325
104907.5,55,53,292
104910.0,13,-25,310
104912.5,-17,-33,339
104915.0,-5,9,258
104917.5,-66,-85,335
104920.0,23,43,199
104922.5,25,17,299
104925.0,-45,-36,320
104927.5,37,23,288
104930.0,-101,-24,359
104932.5,32,5,281
104935.0,9,3,230
104937.5,-40,-41,307
104940.0,35,25,281
104942.5,35,25,281
104945.0,-6,-13,291
104947.5,17,-15,339
104950.0,10,-4,295
104952.5,-21,-74,378
104955.0,-25,-11,219
104957.5,-58,6,258
104960.0,4,-41,293
104962.5,96,71,305
104965.0,-9,-15,322
104967.5,-14,7,316
104970.0,88,1,321
104972.5,-24,-11,310
104975.0,3,6,259
104977.5,-7,45,275
104980.0,38,28,330
104982.5,-31,-40,286
104985.0,1,-2,347
104987.5,68,22,271
104990.0,-3,-23,236
104992.5,-3,-23,236
104995.0,17,17,349
104997.5,-4,-8,289
105000.0,-43,-19,301
105002.5,10,18,368
105005.0,71,25,275
105007.5,31,7,377
105010.0,35,7,254
105012.5,21,-29,270
105015.0,-8,-21,279
105017.5,-67,-36,325
105020.0,-14,-38,278
105022.5,26,-31,347
105025.0,-7,18,264
105027.5,-63,-67,308
105030.0,102,-18,274
105032.5,0,42,268
105035.0,-35,-53,357
105037.5,34,-11,327
105040.0,-28,-41,346
105042.5,-28,-41,346
105045.0,30,29,327
105047.5,51,-3,276
105050.0,86,36,346
105052.5,25,29,241
105055.0,-33,-38,288
105057.5,0,-17,357
105060.0,-2,-47,314
105062.5,62,15,353
105065.0,8,-12,273
105067.5,36,-1,258
105070.0,34,14,280
105072.5,43,4,304
105075.0,82,21,282
105077.5,54,-34,376
105080.0,28,-10,283
105082.5,5,8,355
105085.0,10,-32,230
105087.5,40,28,289
105090.0,-54,-20,312
105092.5,-54,-20,312
105095.0,43,1,291
105097.5,38,-12,346
105100.0,27,0,350
105102.5,-44,-32,269
105105.0,-55,-36,355
105107.5,26,12,255
105110.0,34,13,293
105112.5,107,-19,379
105115.0,51,5,327
105117.5,33,-18,321
105120.0,76,16,307
105122.5,3,18,247
105125.0,-7,-1,300
105127.5,2,3,280
105130.0,5,-20,330
105132.5,3,16,340
105135.0,36,16,285
105137.5,-61,-52,339
105140.0,-8,-28,298
105142.5,-8,-28,298
105145.0,-32,-29,226
105147.5,-56,-18,292
105150.0,-14,-21,308
105152.5,-61,-37,324
105155.0,2,-38,363
105157.5,-42,-46,283
105160.0,1,-25,350
105162.5,53,-32,291
105165.0,62,1,288
105167.5,-4,-17,309
105170.0,22,22,270
105172.5,31,-63,355
105175.0,16,-18,275
105177.5,-38,-11,274
105180.0,19,5,317
105182.5,8,-18,303
105185.0,3,12,326
105187.5,-1,-4,392
105190.0,3,-21,297
105192.5,3,-21,297
105195.0,-15,-29,371
105197.5,46,-15,295
105200.0,-35,-18,269
105202.5,-15,-4,305
105205.0,51,6,277
105207.5,36,52,285
105210.0,43,23,330
105212.5,-1,-24,303
105215.0,-54,-19,342
105217.5,16,-11,221
105220.0,28,15,268
105222.5,15,-7,341
105225.0,21,-28,323
105227.5,6,8,307
105230.0,10,-39,305
105232.5,-26,-26,261
105235.0,-57,-32,331
105237.5,46,-31,267
105240.0,29,-30,281
105242.5,29,-30,281
105245.0,26,-23,355
105247.5,-14,-36,279
105250.0,121,-23,342
105252.5,62,38,300
105255.0,18,3,267
105257.5,-66,-44,292
105260.0,8,-11,287
105262.5,-4,-31,315
105265.0,12,0,329
105267.5,-43,-18,302
105270.0,37,23,390
105272.5,-21,-34,243
105275.0,39,-14,323
105277.5,22,37,353
105280.0,49,-22,376
105282.5,-31,1,336
105285.0,-55,-24,333
105287.5,-71,-32,283
105290.0,55,25,330
105292.5,55,25,330
105295.0,-30,12,267
105297.5,22,0,283
105300.0,32,3,365
105302.5,46,20,302
105305.0,16,-20,371
105307.5,31,-7,302
105310.0,28,-30,242
105312.5,12,-43,327
105315.0,28,81,273
105317.5,2,-7,283
105320.0,11,25,342
105322.5,-61,0,287
105325.0,-32,-10,370
105327.5,22,8,253
105330.0,-25,-28,293
105332.5,38,-9,269
105335.0,-33,-25,329
105337.5,-76,-1,309
105340.0,-6,-19,364
105342.5,-6,-19,364
105345.0,29,5,308
105347.5,-26,-11,358
105350.0,1,-8,259
105352.5,58,9,237
105355.0,52,36,302
105357.5,35,-13,302
105360.0,32,-11,317
105362.5,23,-4,309
105365.0,-8,10,239
105367.5,46,-19,350
105370.0,14,7,266
105372.5,-65,-27,259
105375.0,34,-10,394
105377.5,8,-31,304
105380.0,5,-17,356
105382.5,22,4,269
105385.0,-5,-21,230
105387.5,49,5,326
105390.0,49,5,326
105392.5,42,5,251
105395.0,15,-5,348
105397.5,20,0,328
105400.0,-56,-24,299
105402.5,-54,-58,348
105405.0,27,-5,230
105407.5,-34,-18,249
105410.0,-3,-92,364
105412.5,15,2,336
105415.0,17,20,308
105417.5,20,-70,348
105420.0,71,3,284
105422.5,3,-9,319
105425.0,8,5,259
105427.5,-3,10,284
105430.0,-7,-20,361
105432.5,15,-16,320
105435.0,42,-32,365
105437.5,-8,-48,271
105440.0,-8,-48,271
105442.5,-91,-40,217
105445.0,-31,-15,302
105447.5,22,21,272
105450.0,-23,2,285
105452.5,17,-34,367
105455.0,5,-16,305
105457.5,31,12,346
105460.0,42,-7,267
105462.5,47,-8,325
105465.0,-6,-23,325
105467.5,53,16,334
105470.0,2,23,313
105472.5,-71,-45,311
105475.0,-91,-15,279
105477.5,-12,5,354
105480.0,24,8,266
105482.5,23,0,293
105485.0,2,-30,375
105487.5,102,7,340
105490.0,102,7,340
105492.5,19,-3,358
105495.0,109,25,293
105497.5,12,1,267
105500.0,-37,-34,288
105502.5,42,21,292
105505.0,1,-42,303
105507.5,-7,-17,345
105510.0,-6,-25,263
105512.5,-52,-20,337
105515.0,20,-16,258
105517.5,-33,6,295
105520.0,17,0,278
105522.5,30,-7,303
105525.0,113,-34,324
105527.5,19,-2,351
105530.0,-11,-71,254
105532.5,18,-9,337
105535.0,29,-3,242
105537.5,20,43,261
105540.0,20,43,261
105542.5,-25,2,303
105545.0,28,-13,276
105547.5,-37,-50,299
105550.0,-11,-19,308
105552.5,44,9,244
105555.0,-17,-30,359
105557.5,26,-26,259
105560.0,-30,-16,279
105562.5,-11,-32,341
105565.0,85,56,338
105567.5,84,1,334
105570.0,51,-48,274
105572.5,137,-42,304
105575.0,-29,-39,328
105577.5,36,3,296
105580.0,5,-14,313
105582.5,-30,-13,329
105585.0,-13,-35,328
105587.5,54,11,359
105590.0,54,11,359
105592.5,24,-2,251
105595.0,-3,2,268
105597.5,-28,-7,329
105600.0,-15,-9,328
105602.5,-23,-37,333
105605.0,28,-6,353
105607.5,40,6,244
105610.0,-52,-5,301
105612.5,-12,-11,276
105615.0,-34,-82,318
105617.5,-7,-13,356
105620.0,5,-14,307
105622.5,-40,-46,360
105625.0,21,-5,296
105627.5,9,-31,312
105630.0,-77,-28,304
105632.5,39,-6,297
105635.0,17,-25,306
105637.5,49,-5,353
105640.0,49,-5,353
105642.5,14,-11,296
105645.0,-21,-36,377
105647.5,53,8,241
105650.0,-20,-1,250
105652.5,12,-26,316
105655.0,40,-8,278
105657.5,4,-4,325
105660.0,59,42,314
105662.5,82,-32,300
105665.0,24,-14,342
105667.5,39,29,246
105670.0,-33,28,241
105672.5,89,31,327
105675.0,51,-26,303
105677.5,-50,-20,342
105680.0,11,-72,337
105682.5,64,16,241
105685.0,-25,-52,290
105687.5,57,-5,221
105690.0,57,-5,221
105692.5,3,-36,268
105695.0,-34,31,330
105697.5,-28,-27,319
105700.0,62,-48,353
105702.5,56,5,245
105705.0,-106,14,279
105707.5,36,11,276
105710.0,-34,3,292
105712.5,-82,12,270
105715.0,25,12,342
105717.5,91,32,274
105720.0,-6,-18,345
105722.5,26,3,271
105725.0,19,-41,279
105727.5,-1,-5,292
105730.0,3,-74,311
105732.5,-24,-38,314
105735.0,30,8,337
105737.5,65,10,260
105740.0,65,10,260
105742.5,-31,-15,327
105745.0,37,6,279
105747.5,-29,-6,311
105750.0,-5,25,338
105752.5,46,-30,349
105755.0,49,43,364
105757.5,3,-39,286
105760.0,-7,46,277
105762.5,27,-37,315
105765.0,12,-8,313
105767.5,-31,-35,314
105770.0,52,-2,339
105772.5,16,-16,290
105775.0,20,-31,372
105777.5,-28,-42,247
105780.0,-28,-41,272
105782.5,13,-2,296
105785.0,35,-15,279
105787.5,51,-37,312
105790.0,51,-37,312
105792.5,-13,-29,344
105795.0,-22,-32,274
105797.5,-1,-16,328
105800.0,113,9,262
105802.5,-4,-6,292
105805.0,-15,-31,332
105807.5,3,-18,312
105810.0,43,28,345
105812.5,-47,-70,287
105815.0,69,-3,281
105817.5,19,-7,312
105820.0,-19,-12,274
105822.5,-79,-33,315
105825.0,25,26,374
105827.5,-81,-36,309
105830.0,-50,-43,347
105832.5,98,59,288
105835.0,-15,-21,236
105837.5,-15,-21,236
105840.0,39,-23,299
105842.5,121,52,293
105845.0,35,25,318
105847.5,42,10,317
105850.0,41,14,245
105852.5,-67,-27,328
105855.0,52,16,207
105857.5,19,21,281
105860.0,-18,-47,329
105862.5,-11,-52,342
105865.0,1,6,326
105867.5,41,1,289
105870.0,9,-34,253
105872.5,28,-15,328
105875.0,17,29,316
105877.5,-60,3,292
105880.0,-37,42,328
105882.5,-6,-17,308
105885.0,3,-18,346
105887.5,3,-18,346
105890.0,29,-15,243
105892.5,34,4,270
105895.0,21,-13,334
105897.5,40,-8,284
105900.0,53,22,275
105902.5,62,5,372
105905.0,42,27,227
105907.5,-70,-18,312
105910.0,60,21,255
105912.5,-25,20,276
105915.0,21,-4,317
105917.5,14,19,351
105920.0,-3,-22,339
105922.5,-27,-30,307
105925.0,25,16,254
105927.5,-3,-13,326
105930.0,6,-14,295
105932.5,13,6,294
105935.0,-42,-19,371
105937.5,-42,-19,371
105940.0,96,35,303
105942.5,-1,-4,325
105945.0,16,-7,268
105947.5,28,12,277
105950.0,20,-18,296
105952.5,-25,-25,311
105955.0,-30,-44,357
105957.5,9,-46,355
105960.0,-21,-43,297
105962.5,-6,-73,368
105965.0,-16,-24,258
105967.5,-12,-28,340
105970.0,6,-40,370
105972.5,41,-6,323
105975.0,36,13,339
105977.5,55,-39,319
105980.0,20,-17,274
105982.5,49,2,330
105985.0,9,-10,254
105987.5,9,-10,254
105990.0,-60,-37,294
105992.5,30,-11,378
105995.0,46,0,321
105997.5,-13,-26,355
106000.0,45,-3,287
106002.5,-11,-7,221
106005.0,-57,-11,293
106007.5,39,88,279
106010.0,10,18,338
106012.5,16,-1,342
106015.0,-63,-39,281
106017.5,-45,-27,369
106020.0,-7,-25,233
106022.5,-35,-32,276
106025.0,10,5,324
106027.5,32,9,306
106030.0,49,19,266
106032.5,11,19,302
106035.0,-10,-44,267
106037.5,-10,-44,267
106040.0,-92,-18,282
106042.5,8,-17,240
106045.0,20,5,284
106047.5,-14,23,325
106050.0,10,-9,293
106052.5,6,-17,341
106055.0,82,36,295
106057.5,51,11,250
106060.0,-83,-20,288
106062.5,21,-27,280
106065.0,-32,-46,336
106067.5,-14,-21,333
106070.0,103,44,301
106072.5,6,-7,335
106075.0,17,-13,241
106077.5,1,20,215
106080.0,-8,13,295
106082.5,50,41,282
106085.0,-9,-12,299
106087.5,-9,-12,299
106090.0,-8,-8,313
106092.5,56,-26,298
106095.0,38,26,337
106097.5,13,-16,277
106100.0,14,12,276
106102.5,38,23,342
106105.0,33,10,302
106107.5,-23,17,324
106110.0,35,46,324
106112.5,35,-53,282
106115.0,37,23,320
106117.5,44,34,281
106120.0,75,14,314
106122.5,-48,-33,330
106125.0,165,-15,332
106127.5,3,-45,381
106130.0,1,-10,262
106132.5,23,-17,276
106135.0,2,-10,291
106137.5,2,-10,291
106140.0,-16,4,288
106142.5,-4,-34,333
106145.0,33,-13,337
106147.5,26,-29,266
106150.0,-63,-43,306
106152.5,66,-17,280
106155.0,30,14,283
106157.5,6,-1,346
106160.0,-19,-29,321
106162.5,20,-21,332
106165.0,22,-31,331
106167.5,-36,-7,267
106170.0,3,17,297
106172.5,55,-8,268
106175.0,9,3,291
106177.5,28,-38,358
106180.0,75,-31,297
106182.5,-60,-47,342
106185.0,36,3,254
106187.5,36,3,254
106190.0,77,3,223
106192.5,19,19,294
106195.0,9,-22,295
106197.5,-48,-13,306
106200.0,-49,-74,348
106202.5,10,-22,255
106205.0,-64,-25,340
106207.5,0,-37,247
106210.0,-8,17,251
106212.5,-36,12,317
106215.0,25,-49,307
106217.5,12,-1,345
106220.0,-8,-28,340
106222.5,47,22,264
106225.0,8,-11,314
106227.5,-8,-16,248
106230.0,-28,4,280
106232.5,31,20,371
106235.0,44,-4,312
106237.5,44,-4,312
106240.0,-51,-49,334
106242.5,-40,-33,293
106245.0,-20,-23,231
106247.5,27,0,305
106250.0,25,14,265
106252.5,-7,-27,328
106255.0,54,-35,348
106257.5,-43,-36,319
106260.0,9,-13,363
106262.5,56,-9,243
106265.0,80,38,312
106267.5,0,-8,313
106270.0,65,2,313
106272.5,28,22,300
106275.0,16,3,316
106277.5,-46,-18,247
106280.0,6,-17,320
106282.5,38,-11,254
106285.0,38,-11,254
106287.5,23,-4,314
106290.0,-75,-32,347
106292.5,32,-5,316
106295.0,3,10,334
106297.5,-25,-28,249
106300.0,0,44,223
106302.5,7,-11,308
106305.0,30,25,270
106307.5,-21,-46,297
106310.0,21,3,329
106312.5,22,-17,281
106315.0,-111,-94,338
106317.5,85,14,266
106320.0,0,-52,275
106322.5,54,34,303
106325.0,48,2,337
106327.5,40,12,341
106330.0,39,21,320
106332.5,61,-22,275
106335.0,61,-22,275
106337.5,-41,7,334
106340.0,-11,10,263
106342.5,-60,-79,309
106345.0,72,-38,366
106347.5,25,-8,296
106350.0,-96,-84,334
106352.5,42,-22,280
106355.0,-34,-38,234
106357.5,8,-21,328
106360.0,-48,-66,273
106362.5,74,-8,300
106365.0,-26,36,326
106367.5,-10,-51,309
106370.0,-38,-53,349
106372.5,-13,16,291
106375.0,-2,-18,314
106377.5,-10,-31,304
106380.0,47,40,312
106382.5,11,16,327
106385.0,11,16,327
106387.5,-1,-10,343
106390.0,-81,-40,265
106392.5,-61,-39,325
106395.0,31,27,239
106397.5,-22,-3,288
106400.0,10,5,339
106402.5,43,-20,292
106405.0,-58,-77,355
106407.5,78,57,262
106410.0,-9,-6,248
106412.5,-29,-24,318
106415.0,-6,0,322
106417.5,28,15,317
106420.0,-29,-65,339
106422.5,14,-22,306
106425.0,-19,-12,355
106427.5,43,-14,244
106430.0,-6,8,286
106432.5,6,-23,288
106435.0,6,-23,288
106437.5,37,21,261
106440.0,5,5,322
106442.5,-25,-60,326
106445.0,42,14,260
106447.5,-31,-61,345
106450.0,25,14,241
106452.5,79,10,295
106455.0,-40,10,315
106457.5,18,-65,339
106460.0,18,-61,376
106462.5,-53,-81,307
106465.0,54,25,232
106467.5,-1,-36,308
106470.0,-28,0,279
106472.5,78,-14,318
106475.0,20,10,352
106477.5,19,-9,320
106480.0,-79,-84,371
106482.5,37,-12,253
106485.0,37,-12,253
106487.5,38,-29,260
106490.0,19,-2,298
106492.5,-49,-28,335
106495.0,12,-16,304
106497.5,65,9,368
106500.0,-25,8,237
106502.5,-70,-19,312
106505.0,48,25,229
106507.5,81,16,284
106510.0,-79,-22,287
106512.5,38,-12,325
106515.0,-55,-56,356
106517.5,33,-44,314
106520.0,-2,-12,234
106522.5,-13,-25,329
106525.0,1,-50,227
106527.5,65,41,314
106530.0,-62,-45,351
106532.5,40,2,306
106535.0,40,2,306
106537.5,-2,-35,331
106540.0,54,20,233
106542.5,-52,-61,232
106545.0,-17,6,307
106547.5,40,-26,324
106550.0,-29,19,309
106552.5,78,11,374
106555.0,-15,-61,257
106557.5,53,17,332
106560.0,18,-32,255
106562.5,33,20,266
106565.0,-22,-22,353
106567.5,-5,-5,333
106570.0,-13,-1,333
106572.5,-22,-41,312
106575.0,69,-69,276
106577.5,1,16,307
106580.0,34,-70,278
106582.5,-25,-42,332
106585.0,-25,-42,332
106587.5,-51,-10,343
106590.0,78,7,334
106592.5,59,-37,361
106595.0,18,7,240
106597.5,-19,5,235
106600.0,42,6,313
106602.5,10,1,319
106605.0,-46,-51,351
106607.5,-65,-71,369
106610.0,-75,-29,338
106612.5,-29,-12,389
106615.0,-18,-44,247
106617.5,-54,-34,276
106620.0,33,21,322
106622.5,32,-28,297
106625.0,38,73,313
106627.5,89,55,277
106630.0,1,29,216
106632.5,-64,-43,323
106635.0,-64,-43,323
106637.5,-62,-50,274
106640.0,-20,-29,277
106642.5,5,-14,351
106645.0,-17,-21,312
106647.5,60,20,327
106650.0,71,-16,322
106652.5,-31,-19,283
106655.0,19,21,294
106657.5,20,16,295
106660.0,-13,-9,326
106662.5,36,-28,347
106665.0,41,-33,285
106667.5,-31,-15,359
106670.0,33,10,279
106672.5,-40,0,246
106675.0,-19,-1,339
106677.5,-17,-14,311
106680.0,-11,-38,332
106682.5,70,-31,319
106685.0,70,-31,319
106687.5,73,19,261
106690.0,0,-23,340
106692.5,17,-17,278
106695.0,-11,-6,280
106697.5,6,-16,363
106700.0,20,-28,269
106702.5,48,6,331
106705.0,-57,-86,311
106707.5,-25,-63,288
106710.0,25,-43,306
106712.5,2,-20,302
106715.0,1,16,274
106717.5,12,12,344
106720.0,36,23,295
106722.5,32,-24,351
106725.0,39,-10,243
106727.5,39,7,269
106730.0,46,23,306
106732.5,-8,5,314
106735.0,-8,5,314
106737.5,46,35,314
106740.0,66,-11,316
106742.5,1,-11,231
106745.0,28,-12,329
106747.5,37,-10,298
106750.0,-6,-1,307
106752.5,-25,0,356
106755.0,13,-66,359
106757.5,22,-30,345
106760.0,24,27,272
106762.5,21,-43,261
106765.0,41,25,285
106767.5,-10,-21,320
106770.0,-28,-35,317
106772.5,20,-8,359
106775.0,42,14,324
106777.5,87,-1,323
106780.0,115,-51,276
106782.5,115,-51,276
106785.0,20,8,288
106787.5,-25,-26,343
106790.0,-10,15,287
106792.5,-11,-45,341
106795.0,54,-5,341
106797.5,53,19,305
106800.0,-26,-19,364
106802.5,94,31,252
106805.0,-42,-10,303
106807.5,-44,3,367
106810.0,11,34,319
106812.5,-81,-40,345
106815.0,8,19,284
106817.5,4,1,268
106820.0,-68,-42,282
106822.5,20,14,287
106825.0,-40,-20,302
106827.5,86,5,363
106830.0,-28,-40,317
106832.5,-28,-40,317
106835.0,-18,-6,349
106837.5,24,1,266
106840.0,-3,-6,296
106842.5,-22,-5,356
106845.0,22,7,313
106847.5,17,42,330
106850.0,11,-24,337
106852.5,-27,-48,285
106855.0,-72,-46,358
106857.5,68,-4,247
106860.0,24,-6,289
106862.5,-25,47,314
106865.0,-39,-59,303
106867.5,70,-19,347
106870.0,-68,-46,245
106872.5,-45,-32,303
106875.0,56,14,311
106877.5,2,-2,287
106880.0,-48,-40,311
106882.5,-48,-40,311
106885.0,-6,-19,375
106887.5,58,9,331
106890.0,54,0,383
106892.5,12,6,231
106895.0,21,-8,294
106897.5,76,27,278
106900.0,19,-8,333
106902.5,-22,-56,331
106905.0,15,-32,339
106907.5,15,-23,282
106910.0,-5,-5,310
106912.5,84,19,274
106915.0,30,-15,302
106917.5,-12,2,352
106920.0,-8,-43,326
106922.5,91,-46,375
106925.0,45,7,293
106927.5,-73,-42,294
106930.0,18,10,290
106932.5,18,10,290
106935.0,29,-9,303
106937.5,-56,-64,314
106940.0,60,-7,346
106942.5,3,-22,286
106945.0,-5,-27,339
106947.5,5,-34,252
106950.0,95,-9,331
106952.5,-39,-18,329
106955.0,2,-13,338
106957.5,-12,-28,346
106960.0,30,6,305
106962.5,41,42,233
106965.0,-25,-28,316
106967.5,81,14,267
106970.0,-9,-36,309
106972.5,-2,-1,346
106975.0,-55,-74,305
106977.5,50,-10,345
106980.0,-30,-22,256
106982.5,-30,-22,256
106985.0,-61,-48,288
106987.5,46,-25,309
106990.0,18,-15,284
106992.5,-35,-33,322
106995.0,-45,-82,364
106997.5,-63,-50,241
107000.0,-56,-41,327
107002.5,2,-57,245
107005.0,43,30,335
107007.5,-15,16,354
107010.0,-22,-31,287
107012.5,63,-16,351
107015.0,32,8,305
107017.5,-22,-69,237
107020.0,-74,-48,313
107022.5,78,-10,290
107025.0,-28,-28,282
107027.5,-31,-30,370
107030.0,3,-23,317
107032.5,3,-23,317
107035.0,-39,-48,374
107037.5,-44,-61,269
107040.0,-35,-21,232
107042.5,45,34,316
107045.0,30,-1,308
107047.5,-48,-35,315
107050.0,11,-13,361
107052.5,-28,-40,271
107055.0,37,-13,352
107057.5,-3,-3,252
107060.0,11,30,260
107062.5,-16,-50,342
107065.0,1,-16,301
107067.5,75,12,316
107070.0,24,-44,337
107072.5,90,41,273
107075.0,31,-5,320
107077.5,3,-53,279
107080.0,18,-11,308
107082.5,18,-11,308
107085.0,26,6,357
107087.5,30,18,285
107090.0,59,-1,349
107092.5,-35,-50,238
107095.0,17,32,267
107097.5,9,-20,325
107100.0,16,11,295
107102.5,98,4,258
107105.0,29,-93,376
107107.5,-31,-13,318
107110.0,-9,-44,369
107112.5,3,-39,236
107115.0,8,25,304
107117.5,-40,-41,345
107120.0,-21,-5,320
107122.5,0,-12,356
107125.0,33,49,339
107127.5,16,-33,281
107130.0,16,-33,281
107132.5,-6,1,305
107135.0,53,25,254
107137.5,-73,-67,291
107140.0,56,21,368
107142.5,53,8,307
107145.0,57,8,338
107147.5,43,-8,278
107150.0,10,-41,288
107152.5,27,-13,303
107155.0,12,7,288
107157.5,1,3,293
107160.0,44,70,333
107162.5,92,-6,302
107165.0,-35,-50,318
107167.5,97,13,256
107170.0,35,27,270
107172.5,-67,-53,326
107175.0,84,43,315
107177.5,-41,-12,345
107180.0,-41,-12,345
107182.5,6,11,326
107185.0,-2,-11,257
107187.5,5,0,317
107190.0,72,9,225
107192.5,6,-3,281
107195.0,-73,-4,336
107197.5,66,26,314
107200.0,14,-1,363
107202.5,46,22,297
107205.0,50,30,281
107207.5,-67,-56,302
107210.0,46,35,274
107212.5,11,9,267
107215.0,-83,9,315
107217.5,37,-4,307
107220.0,2,-25,353
107222.5,0,-3,261
107225.0,45,1,300
107227.5,10,-3,302
107230.0,10,-3,302
107232.5,12,70,301
107235.0,9,13,317
107237.5,-9,-20,321
107240.0,20,-6,257
107242.5,-41,-40,331
107245.0,2,11,263
107247.5,-34,-42,287
107250.0,2,31,322
107252.5,9,-60,349
107255.0,-35,-15,319
107257.5,69,46,297
107260.0,-22,-27,264
107262.5,22,5,304
107265.0,-13,11,285
107267.5,29,-21,307
107270.0,27,16,338
107272.5,8,-57,315
107275.0,10,-19,328
107277.5,-27,-36,241
107280.0,-27,-36,241
107282.5,-18,-20,282
107285.0,46,5,323
107287.5,55,20,292
107290.0,-40,-25,337
107292.5,-14,-89,329
107295.0,-49,-25,258
107297.5,-16,10,320
107300.0,-27,-74,269
107302.5,-14,24,262
107305.0,-17,9,295
107307.5,2,-15,297
107310.0,-14,-30,319
107312.5,65,17,289
107315.0,-49,-44,265
107317.5,3,-36,336
107320.0,-10,-67,280
107322.5,-13,15,285
107325.0,-10,-12,373
107327.5,20,-17,343
107330.0,20,-17,343
107332.5,17,-5,375
107335.0,33,1,269
107337.5,23,9,252
107340.0,-13,-27,285
107342.5,9,-5,267
107345.0,-46,32,335
107347.5,15,-13,387
107350.0,-37,-31,302
107352.5,-48,-37,326
107355.0,-52,-47,295
107357.5,-14,6,309
107360.0,-10,-38,340
107362.5,29,3,301
107365.0,69,42,323
107367.5,-8,-13,290
107370.0,56,17,256
107372.5,-55,-44,289
107375.0,38,-14,271
107377.5,-47,-23,318
107380.0,-47,-23,318
107382.5,14,-19,346
107385.0,19,-24,308
107387.5,34,-34,350
107390.0,34,-1,283
107392.5,-81,-27,223
107395.0,-37,10,305
107397.5,63,26,306
107400.0,-8,-36,331
107402.5,46,-21,328
107405.0,6,-49,286
107407.5,15,4,398
107410.0,-18,-5,240
107412.5,-14,-14,314
107415.0,-43,-53,346
107417.5,22,13,290
107420.0,29,-61,313
107422.5,78,19,330
107425.0,-21,-13,292
107427.5,-15,-12,326
107430.0,-15,-12,326
107432.5,77,47,260
107435.0,75,23,286
107437.5,16,-21,344
107440.0,35,-29,318
107442.5,-46,-59,362
107445.0,39,-9,301
107447.5,56,11,240
107450.0,-32,4,308
107452.5,21,-60,270
107455.0,21,-27,304
107457.5,-10,-50,336
107460.0,0,-20,273
107462.5,-24,-18,355
107465.0,-16,-36,227
107467.5,-21,-14,293
107470.0,65,-13,316
107472.5,-1,27,322
107475.0,22,-15,329
107477.5,62,32,331
107480.0,62,32,331
107482.5,-30,-11,287
107485.0,-16,-7,314
107487.5,84,40,238
107490.0,52,3,301
107492.5,-48,-17,313
107495.0,39,-6,275
107497.5,0,-19,341
107500.0,77,5,319
107502.5,-16,-31,228
107505.0,34,36,310
107507.5,33,7,287
107510.0,-24,-25,308
107512.5,-17,-61,379
107515.0,56,-43,298
107517.5,-11,-6,341
107520.0,-32,-41,248
107522.5,99,45,266
107525.0,-6,-28,313
107527.5,-32,-42,297
107530.0,-32,-42,297
107532.5,29,-13,293
107535.0,27,8,338
107537.5,38,18,306
107540.0,78,3,328
107542.5,5,-15,249
107545.0,101,52,289
107547.5,24,-15,322
107550.0,38,16,312
107552.5,35,-32,376
107555.0,30,-20,310
107557.5,1,-33,226
107560.0,-56,-27,316
107562.5,18,-36,284
107565.0,-56,-48,303
107567.5,41,17,346
107570.0,76,16,330
107572.5,0,-10,358
107575.0,30,-8,277
107577.5,12,6,257
107580.0,12,6,257
107582.5,-2,9,299
107585.0,4,9,272
107587.5,52,36,305
107590.0,64,-6,350
107592.5,-6,-32,296
107595.0,-19,-28,322
107597.5,22,-7,259
107600.0,73,-8,340
107602.5,-43,-29,335
107605.0,19,-14,305
107607.5,19,-11,315
107610.0,18,10,325
107612.5,-10,26,263
107615.0,6,-10,347
107617.5,12,-13,258
107620.0,9,47,307
107622.5,13,-27,369
107625.0,57,-10,306
107627.5,57,-10,306
107630.0,36,-20,373
107632.5,-64,-47,268
107635.0,-24,32,225
107637.5,-35,-34,304
107640.0,14,28,354
107642.5,-25,-47,304
107645.0,52,-2,338
107647.5,44,-43,323
107650.0,38,-20,359
107652.5,60,-15,252
107655.0,71,55,248
107657.5,-59,-12,307
107660.0,59,25,304
107662.5,-2,-12,323
107665.0,-32,-40,339
107667.5,46,-40,273
107670.0,4,-10,309
107672.5,-54,19,266
107675.0,-3,-34,318
107677.5,-3,-34,318
107680.0,-14,-44,345
107682.5,25,28,275
107685.0,-24,-25,371
107687.5,52,2,310
107690.0,20,9,257
107692.5,12,-14,321
107695.0,40,14,316
107697.5,41,-11,294
107700.0,-47,54,327
107702.5,74,56,287
107705.0,-24,-27,333
107707.5,11,7,242
107710.0,1,-8,247
107712.5,72,37,274
107715.0,1,10,287
107717.5,35,23,282
107720.0,42,19,342
107722.5,69,8,256
107725.0,32,14,318
107727.5,32,14,318
107730.0,64,30,206
107732.5,8,-13,277
107735.0,-47,-13,357
107737.5,33,2,318
107740.0,-38,-2,352
107742.5,16,22,289
107745.0,71,-13,281
107747.5,12,9,290
107750.0,1,-9,279
107752.5,-14,-16,303
107755.0,45,32,337
107757.5,38,12,293
107760.0,48,0,342
107762.5,-70,-45,267
107765.0,-62,-59,310
107767.5,-22,18,319
107770.0,13,11,284
107772.5,24,3,295
107775.0,-28,-17,352
107777.5,-28,-17,352
107780.0,-23,-15,279
107782.5,-50,-12,331
107785.0,53,12,265
107787.5,-41,-13,292
107790.0,54,32,308
107792.5,56,-14,306
107795.0,-15,-53,341
107797.5,81,39,308
107800.0,-60,-15,269
107802.5,26,6,332
107805.0,26,-39,276
107807.5,-24,-7,261
107810.0,-10,2,318
107812.5,-1,-25,316
107815.0,31,-5,368
107817.5,5,-34,279
107820.0,-45,21,199
107822.5,21,0,292
107825.0,39,13,284
107827.5,39,13,284
107830.0,-4,17,295
107832.5,-10,-42,344
107835.0,-26,-20,296
107837.5,-2,-5,344
107840.0,-13,-54,271
107842.5,-44,-16,256
107845.0,33,51,256
107847.5,37,17,325
107850.0,-10,-45,341
107852.5,-11,-32,306
107855.0,-30,-19,270
107857.5,-25,-36,337
107860.0,37,1,251
107862.5,-54,-43,299
107865.0,18,-9,318
107867.5,-13,-16,277
107870.0,123,16,342
107872.5,55,0,258
107875.0,87,-13,240
107877.5,87,-13,240
107880.0,-15,-39,318
107882.5,58,40,278
107885.0,1,-14,295
107887.5,10,10,321
107890.0,44,-11,311
107892.5,-19,-36,343
107895.0,81,58,248
107897.5,39,47,302
107900.0,-16,-25,299
107902.5,57,4,279
107905.0,-30,-89,358
107907.5,85,-9,285
107910.0,77,19,242
107912.5,31,11,332
107915.0,54,30,244
107917.5,58,-5,297
107920.0,11,-21,341
107922.5,44,37,285
107925.0,11,-37,336
107927.5,11,-37,336
107930.0,22,8,313
107932.5,-34,-27,296
107935.0,-3,-39,339
107937.5,56,1,292
107940.0,28,-1,305
107942.5,-11,-17,362
107945.0,6,-41,282
107947.5,-9,-16,368
107950.0,28,-6,245
107952.5,21,36,246
107955.0,-27,-8,298
107957.5,26,-12,337
107960.0,22,-43,300
107962.5,104,-11,379
107965.0,-1,-49,282
107967.5,-20,-16,310
107970.0,-15,-16,246
107972.5,-2,27,265
107975.0,-2,27,265
107977.5,-33,-11,304
107980.0,-3,18,305
107982.5,30,-8,324
107985.0,101,35,310
107987.5,-1,-66,277
107990.0,-62,-45,288
107992.5,79,46,266
107995.0,-16,-41,302
107997.5,-34,-35,328
108000.0,86,3,306
108002.5,-34,-33,332
108005.0,-44,-48,247
108007.5,104,11,277
108010.0,79,21,307
108012.5,13,36,300
108015.0,-30,-23,339
108017.5,19,-31,356
108020.0,-90,-12,272
108022.5,-62,-40,317
108025.0,-62,-40,317
108027.5,23,8,263
108030.0,52,-14,284
108032.5,-1,-19,337
108035.0,69,16,292
108037.5,119,-9,309
108040.0,65,-6,317
108042.5,-29,-43,258
108045.0,1,-32,321
108047.5,57,-7,295
108050.0,-52,25,305
108052.5,-74,30,367
108055.0,63,2,323
108057.5,23,-17,349
108060.0,16,-38,324
108062.5,40,-5,222
108065.0,45,0,292
108067.5,41,16,281
108070.0,37,25,289
108072.5,26,-48,373
108075.0,26,-48,373
108077.5,28,-11,313
108080.0,22,-22,331
108082.5,94,-9,263
108085.0,-2,-4,252
108087.5,15,-23,308
108090.0,48,5,321
108092.5,-78,-5,304
108095.0,7,7,343
108097.5,58,-13,268
108100.0,-48,-11,305
108102.5,-24,37,213
108105.0,2,27,294
108107.5,0,-49,360
108110.0,11,-49,300
108112.5,-14,-58,364
108115.0,0,-30,262
108117.5,44,25,233
108120.0,-26,-40,300
108122.5,35,19,278
108125.0,35,19,278
108127.5,31,25,322
108130.0,-51,-4,349
108132.5,-8,-44,271
108135.0,16,-7,348
108137.5,31,23,283
108140.0,-83,-54,279
108142.5,40,-7,329
108145.0,16,43,289
108147.5,-13,-44,284
108150.0,-17,-34,321
108152.5,67,-33,301
108155.0,21,-29,368
108157.5,61,62,217
108160.0,22,13,262
108162.5,16,-4,358
108165.0,46,-15,303
108167.5,33,-30,360
108170.0,28,-22,269
108172.5,-27,42,226
108175.0,-27,42,226
108177.5,-19,-28,314
108180.0,21,61,279
108182.5,47,-17,294
108185.0,-3,-6,349
108187.5,10,1,327
108190.0,-81,-29,342
108192.5,-7,-25,282
108195.0,24,40,245
108197.5,30,28,312
108200.0,81,34,319
108202.5,-27,-9,344
108205.0,-38,-50,332
108207.5,-32,13,226
108210.0,5,-38,346
108212.5,27,-39,245
108215.0,-9,-14,275
108217.5,-10,10,299
108220.0,-16,0,287
108222.5,3,-17,356
108225.0,3,-17,356
108227.5,23,-25,330
108230.0,26,12,272
108232.5,-17,-11,314
108235.0,49,20,229
108237.5,10,-15,284
108240.0,-32,5,338
108242.5,-21,-26,316
108245.0,-27,-21,326
108247.5,-25,3,320
108250.0,-36,7,204
108252.5,-4,6,291
108255.0,-24,4,275
108257.5,-45,-59,325
108260.0,-8,-46,397
108262.5,6,14,322
108265.0,-49,-31,405
108267.5,45,7,230
108270.0,-33,-46,324
108272.5,0,2,329
108275.0,0,2,329
108277.5,20,-24,302
108280.0,20,-9,298
108282.5,2,-19,340
108285.0,14,-9,263
108287.5,-63,-21,327
108290.0,-27,-15,250
108292.5,-39,3,315
108295.0,10,41,315
108297.5,-21,-23,307
108300.0,-5,14,325
108302.5,66,11,270
108305.0,-40,-54,219
108307.5,-6,-57,312
108310.0,23,-13,290
108312.5,-42,-39,303
108315.0,-67,-42,325
108317.5,90,-29,271
108320.0,-2,14,306
108322.5,75,40,217
108325.0,75,40,217
108327.5,103,-2,253
108330.0,-30,-36,303
108332.5,-68,-45,304
108335.0,28,7,286
108337.5,27,-1,336
108340.0,-23,-26,285
108342.5,-67,-13,321
108345.0,-6,-20,241
108347.5,3,-8,260
108350.0,-6,-2,345
108352.5,-51,-13,321
108355.0,13,-23,361
108357.5,61,13,314
108360.0,-15,-33,255
108362.5,-68,-23,330
108365.0,17,-13,273
108367.5,21,29,293
108370.0,6,-23,353
108372.5,6,-23,353
108375.0,87,-10,297
108377.5,11,11,332
108380.0,-1,-40,280
108382.5,38,-8,258
108385.0,-28,-10,312
108387.5,-72,56,309
108390.0,-16,-6,326
108392.5,-46,36,330
108395.0,-4,-12,306
108397.5,-39,-35,346
108400.0,37,1,257
108402.5,-65,-8,256
108405.0,-82,-21,326
108407.5,30,5,301
108410.0,3,21,323
108412.5,21,6,373
108415.0,-4,-36,291
108417.5,-40,-36,331
108420.0,94,35,232
108422.5,94,35,232
108425.0,16,-32,285
108427.5,-18,-12,313
108430.0,-34,-34,313
108432.5,57,80,314
108435.0,25,21,309
108437.5,91,20,251
108440.0,-29,-28,288
108442.5,44,2,283
108445.0,-36,0,277
108447.5,-6,-40,352
108450.0,27,18,311
108452.5,-50,-32,357
108455.0,25,6,255
108457.5,45,-37,254
108460.0,-15,-22,313
108462.5,21,-74,296
108465.0,-6,-31,323
108467.5,0,-64,369
108470.0,83,19,258
108472.5,83,19,258
108475.0,-24,-20,313
108477.5,120,41,256
108480.0,8,-36,308
108482.5,79,24,292
108485.0,41,24,285
108487.5,-68,16,332
108490.0,84,27,363
108492.5,-39,-47,268
108495.0,1,-4,324
108497.5,54,-18,269
108500.0,23,29,278
108502.5,15,-9,312
108505.0,25,29,301
108507.5,33,-2,356
108510.0,-9,-20,328
108512.5,-28,-23,223
108515.0,-55,-35,325
108517.5,62,0,296
108520.0,33,34,319
108522.5,33,34,319
108525.0,-25,-14,364
108527.5,57,15,267
108530.0,31,7,383
108532.5,83,65,247
108535.0,98,-21,246
108537.5,52,2,280
108540.0,-7,23,274
108542.5,-57,-44,330
108545.0,-67,-53,308
108547.5,58,2,299
108550.0,-9,-19,347
108552.5,-29,-16,263
108555.0,47,-27,343
108557.5,-5,-31,358
108560.0,19,-3,320
108562.5,-76,-63,344
108565.0,57,19,311
108567.5,-20,-23,285
108570.0,-65,-51,297
108572.5,-65,-51,297
108575.0,66,-9,196
108577.5,58,-19,321
108580.0,-58,-35,366
108582.5,-35,-2,292
108585.0,34,-3,320
108587.5,-27,-52,270
108590.0,-34,-6,224
108592.5,-35,-23,287
108595.0,10,7,285
108597.5,-9,-12,298
108600.0,174,11,314
108602.5,-25,-25,343
108605.0,-2,-20,379
108607.5,27,-8,261
108610.0,-22,-23,243
108612.5,84,50,313
108615.0,9,-64,349
108617.5,32,2,324
108620.0,22,57,325
108622.5,22,57,325
108625.0,-14,-23,268
108627.5,-78,-28,349
108630.0,55,64,227
108632.5,42,29,276
108635.0,4,25,346
108637.5,44,-19,304
108640.0,-20,29,330
108642.5,53,40,305
108645.0,3,4,256
108647.5,52,1,341
108650.0,85,32,266
108652.5,19,11,289
108655.0,-35,-21,334
108657.5,11,-27,287
108660.0,-26,4,345
108662.5,-47,-33,275
108665.0,26,-1,277
108667.5,-1,8,312
108670.0,13,-43,323
108672.5,13,-43,323
108675.0,6,-36,276
108677.5,-65,-83,347
108680.0,98,15,260
108682.5,-40,-9,322
108685.0,73,7,236
108687.5,-6,-38,280
108690.0,-34,-54,342
108692.5,30,-15,311
108695.0,69,5,328
108697.5,48,-6,327
108700.0,42,-20,284
108702.5,74,15,331
108705.0,5,-31,261
108707.5,47,-6,321
108710.0,16,-61,392
108712.5,96,32,321
108715.0,-3,-5,348
108717.5,13,-10,277
108720.0,1,-49,295
108722.5,1,-49,295
108725.0,-80,-62,313
108727.5,-3,-22,307
108730.0,16,24,290
108732.5,45,13,341
108735.0,133,53,288
108737.5,-40,-15,350
108740.0,82,38,236
108742.5,19,9,300
108745.0,-8,-30,302
108747.5,62,26,294
108750.0,-19,-33,327
108752.5,-30,-63,334
108755.0,94,1,342
108757.5,14,-23,332
108760.0,2,-9,254
108762.5,-15,-34,314
108765.0,93,31,336
108767.5,90,40,299
108770.0,90,40,299
108772.5,-28,-31,335
108775.0,-7,-23,310
108777.5,96,30,264
108780.0,19,-29,309
108782.5,-12,-9,296
108785.0,6,9,300
108787.5,-4,35,346
108790.0,-19,-48,325
108792.5,27,-6,368
108795.0,51,-2,261
108797.5,77,-9,266
108800.0,-7,27,281
108802.5,-7,-13,295
108805.0,-4,-33,319
108807.5,22,-63,348
108810.0,-13,-1,322
108812.5,37,-20,362
108815.0,-13,-13,239
108817.5,-29,-57,277
108820.0,-29,-57,277
108822.5,60,53,307
108825.0,32,2,310
108827.5,71,6,323
108830.0,-43,-53,338
108832.5,120,10,318
108835.0,33,-3,327
108837.5,44,11,253
108840.0,-30,26,280
108842.5,-33,-28,360
108845.0,54,-6,327
108847.5,68,-19,347
108850.0,5,-23,289
108852.5,12,-10,298
108855.0,-60,-55,307
108857.5,53,63,268
108860.0,-80,57,301
108862.5,-55,-17,346
108865.0,-1,-7,320
108867.5,42,-49,378
108870.0,42,-49,378
108872.5,55,4,231
108875.0,-128,-25,274
108877.5,-18,-15,332
108880.0,53,7,301
108882.5,-23,-13,337
108885.0,74,23,323
108887.5,63,19,248
108890.0,1,-3,324
108892.5,-38,0,257
108895.0,-60,-40,269
108897.5,52,12,347
108900.0,55,29,299
108902.5,31,9,355
108905.0,14,-19,291
108907.5,7,-50,254
108910.0,-19,-3,303
108912.5,111,22,290
108915.0,-51,-44,295
108917.5,28,14,357
108920.0,28,14,357
108922.5,23,-32,316
108925.0,11,20,348
108927.5,12,-27,236
108930.0,48,-31,241
108932.5,41,17,285
108935.0,8,-18,298
108937.5,-50,-46,343
108940.0,19,7,327
108942.5,37,94,263
108945.0,-60,-38,337
108947.5,-40,1,243
108950.0,76,51,310
108952.5,-3,14,315
108955.0,-42,-73,332
108957.5,7,13,344
108960.0,5,-10,286
108962.5,1,11,234
108965.0,33,30,324
108967.5,11,5,266
108970.0,11,5,266
108972.5,-28,13,303
108975.0,1,-23,362
108977.5,60,1,319
108980.0,7,14,353
108982.5,-31,-41,264
108985.0,64,14,269
108987.5,13,-16,291
108990.0,13,-15,273
108992.5,23,16,294
108995.0,40,0,349
108997.5,-9,27,247
109000.0,-35,-72,361
109002.5,2,-15,271
109005.0,19,-5,306
109007.5,21,6,295
109010.0,-23,-40,286
109012.5,64,-49,323
109015.0,35,-29,311
109017.5,23,16,253
109020.0,23,16,253
109022.5,8,-37,341
109025.0,48,-9,264
109027.5,17,-11,313
109030.0,5,-55,375
109032.5,21,-4,296
109035.0,21,1,333
109037.5,1,-12,272
109040.0,59,-4,263
109042.5,-24,12,310
109045.0,2,0,278
109047.5,-20,-36,304
109050.0,12,-29,349
109052.5,42,-37,326
109055.0,-52,-29,374
109057.5,29,-3,266
109060.0,49,58,298
109062.5,-52,-68,300
109065.0,42,28,297
109067.5,57,-8,324
109070.0,57,-8,324
109072.5,-19,-14,323
109075.0,-4,-11,270
109077.5,41,-11,325
109080.0,13,32,269
109082.5,13,15,284
109085.0,-29,-14,335
109087.5,1,-33,328
109090.0,-32,9,335
109092.5,21,34,275
109095.0,-27,-98,291
109097.5,-12,0,306
109100.0,52,19,284
109102.5,35,47,298
109105.0,-50,-29,337
109107.5,94,61,259
109110.0,12,-30,384
109112.5,86,42,243
109115.0,78,10,269
109117.5,-27,-52,275
109120.0,-27,-52,275
109122.5,-12,-3,344
109125.0,7,13,310
109127.5,38,39,337
109130.0,24,-38,276
109132.5,23,-67,350
109135.0,39,9,255
109137.5,39,-29,293
109140.0,-28,28,332
109142.5,15,7,327
109145.0,31,-29,368
109147.5,41,21,303
109150.0,-42,-47,264
109152.5,53,24,323
109155.0,9,-14,272
109157.5,13,-24,292
109160.0,0,18,352
109162.5,-14,-35,288
109165.0,-79,-31,323
109167.5,-79,-31,323
109170.0,-12,-18,245
109172.5,70,28,236
109175.0,-11,-16,303
109177.5,52,-36,296
109180.0,18,4,312
109182.5,60,-7,325
109185.0,-8,-32,304
109187.5,-49,-47,341
109190.0,75,-13,288
109192.5,-15,-7,298
109195.0,-10,-9,332
109197.5,-13,-44,314
109200.0,17,-34,338
109202.5,-32,-62,312
109205.0,-19,77,250
109207.5,-56,-54,328
109210.0,28,8,287
109212.5,14,-3,291
109215.0,-24,36,333
109217.5,-24,36,333
109220.0,-136,-26,312
109222.5,-72,-29,315
109225.0,19,-32,277
109227.5,14,-20,235
109230.0,25,-16,314
109232.5,11,-29,275
109235.0,-9,-34,320
109237.5,17,-6,345
109240.0,-30,-32,302
109242.5,19,-16,364
109245.0,72,-3,256
109247.5,4,-21,295
109250.0,-56,-21,354
109252.5,39,-29,315
109255.0,-63,-50,321
109257.5,1,-47,329
109260.0,-11,-8,255
109262.5,37,7,334
109265.0,-32,51,228
109267.5,-32,51,228
109270.0,-16,9,251
109272.5,-10,-21,345
109275.0,15,-19,293
109277.5,0,-55,352
109280.0,35,-22,302
109282.5,22,-17,317
109285.0,-13,-39,279
109287.5,59,0,296
109290.0,-1,-11,308
109292.5,-37,-41,330
109295.0,64,2,306
109297.5,-12,8,346
109300.0,-14,-43,250
109302.5,29,24,248
109305.0,39,-11,289
109307.5,66,39,271
109310.0,-40,-39,303
109312.5,8,-37,328
109315.0,-55,-53,289
109317.5,-55,-53,289
109320.0,-36,-7,324
109322.5,12,-4,289
109325.0,-60,-17,265
109327.5,-30,10,292
109330.0,-26,-51,270
109332.5,-1,-34,380
109335.0,25,-31,309
109337.5,16,-5,240
109340.0,-15,-24,315
109342.5,47,-16,258
109345.0,85,22,287
109347.5,-7,1,362
109350.0,-8,-45,296
109352.5,26,31,372
109355.0,15,1,289
109357.5,9,-11,262
109360.0,28,5,309
109362.5,17,-10,301
109365.0,-63,-32,347
109367.5,-63,-32,347
109370.0,28,1,343
109372.5,124,62,257
109375.0,7,-33,320
109377.5,-24,1,248
109380.0,27,-3,306
109382.5,31,-12,291
109385.0,20,-60,333
109387.5,3,2,331
109390.0,19,-1,309
109392.5,73,8,269
109395.0,-35,-13,336
109397.5,34,26,290
109400.0,-49,-76,322
109402.5,-36,17,362
109405.0,-23,-33,314
109407.5,39,-36,351
109410.0,-33,-26,299
109412.5,101,-11,286
109415.0,33,6,284
109417.5,33,6,284
109420.0,30,12,310
109422.5,-19,-30,326
109425.0,75,24,315
109427.5,87,-24,276
109430.0,-25,-5,342
109432.5,83,-10,263
109435.0,22,6,270
109437.5,64,15,324
109440.0,4,-24,274
109442.5,21,-21,311
109445.0,43,12,312
109447.5,2,-3,257
109450.0,-2,-27,349
109452.5,13,-36,258
109455.0,-49,-50,305
109457.5,-59,-31,346
109460.0,63,37,299
109462.5,10,31,329
109465.0,57,17,274
109467.5,57,17,274
109470.0,-34,-67,263
109472.5,43,-26,305
109475.0,-9,-19,316
109477.5,9,7,268
109480.0,47,1,364
109482.5,65,-11,277
109485.0,-46,-35,364
109487.5,65,-1,262
109490.0,-5,-24,283
109492.5,-43,-25,315
109495.0,14,0,291
109497.5,73,39,333
109500.0,41,-38,323
109502.5,-13,-41,284
109505.0,21,-40,347
109507.5,102,-43,215
109510.0,-2,0,294
109512.5,-25,-14,351
109515.0,-10,-26,301
109517.5,-10,-26,301
109520.0,115,-11,352
109522.5,26,-36,276
109525.0,108,22,260
109527.5,63,40,298
109530.0,52,34,271
109532.5,26,39,286
109535.0,-54,-22,352
109537.5,-62,31,315
109540.0,-12,-35,334
109542.5,61,9,264
109545.0,1,15,260
109547.5,18,1,302
109550.0,38,-4,293
109552.5,-49,5,333
109555.0,12,28,325
109557.5,56,-1,273
109560.0,14,-30,323
109562.5,41,18,241
109565.0,7,25,286
109567.5,7,25,286
109570.0,-18,-5,366
109572.5,29,-25,283
109575.0,-60,-75,376
109577.5,18,3,283
109580.0,31,-19,255
109582.5,43,6,332
109585.0,-21,-14,286
109587.5,53,29,293
109590.0,-63,3,317
109592.5,80,25,313
109595.0,48,2,363
109597.5,30,11,282
109600.0,-78,-49,284
109602.5,33,29,297
109605.0,42,-1,307
109607.5,-42,7,302
109610.0,19,9,338
109612.5,17,13,253
109615.0,-50,-36,315
109617.5,-50,-36,315
109620.0,15,-34,266
109622.5,-39,-9,271
109625.0,-7,-14,347
109627.5,59,23,286
109630.0,-26,-57,355
109632.5,26,7,274
109635.0,37,41,224
109637.5,-17,2,304
109640.0,27,6,274
109642.5,-31,-85,298
109645.0,-13,-18,358
109647.5,100,41,286
109650.0,-65,-52,321
109652.5,19,3,239
109655.0,0,8,268
109657.5,22,11,321
109660.0,-10,7,325
109662.5,-60,-37,347
109665.0,-60,-37,347
109667.5,-6,-17,362
109670.0,30,24,279
109672.5,-90,5,346
109675.0,-20,-25,253
109677.5,26,-12,321
109680.0,16,5,304
109682.5,30,-8,323
109685.0,2,6,347
109687.5,49,-13,351
109690.0,10,-37,236
109692.5,-49,-32,331
109695.0,-28,-52,258
109697.5,-39,-60,289
109700.0,-82,-54,349
109702.5,30,25,335
109705.0,18,-20,338
109707.5,2,-33,258
109710.0,13,-16,256
109712.5,1,-4,308
109715.0,1,-4,308
109717.5,12,46,320
109720.0,-14,8,316
109722.5,77,38,376
109725.0,9,5,287
109727.5,65,-6,360
109730.0,-7,-20,257
109732.5,-77,-32,245
109735.0,7,-28,337
109737.5,32,39,333
109740.0,33,-35,356
109742.5,31,16,315
109745.0,32,-22,256
109747.5,13,3,318
109750.0,51,6,240
109752.5,19,26,271
109755.0,-11,-43,363
109757.5,-21,-79,325
109760.0,25,19,353
109762.5,-4,-4,311
109765.0,-4,-4,311
109767.5,-36,-53,275
109770.0,34,-9,305
109772.5,9,-9,313
109775.0,-26,-54,317
109777.5,-4,-25,329
109780.0,-41,-7,297
109782.5,54,9,379
109785.0,102,39,265
109787.5,42,-27,367
109790.0,29,-2,312
109792.5,39,5,327
109795.0,-12,-19,330
109797.5,-47,-65,344
109800.0,46,17,280
109802.5,21,-61,347
109805.0,67,-43,252
109807.5,13,-30,333
109810.0,-22,-24,363
109812.5,30,-25,301
109815.0,30,-25,301
109817.5,10,2,358
109820.0,-13,-33,306
109822.5,-62,-69,216
109825.0,11,16,267
109827.5,86,11,279
109830.0,-49,-39,275
109832.5,-76,-4,319
109835.0,82,2,294
109837.5,-18,-17,360
109840.0,59,26,226
109842.5,19,51,253
109845.0,-26,-6,320
109847.5,64,-16,287
109850.0,2,-2,317
109852.5,37,22,317
109855.0,96,23,304
109857.5,-2,-10,360
109860.0,54,18,240
109862.5,-71,20,285
109865.0,-71,20,285
109867.5,-6,-16,320
109870.0,-2,-2,323
109872.5,9,-28,357
109875.0,17,-3,268
109877.5,41,35,216
109880.0,29,14,329
109882.5,112,68,256
109885.0,-6,-17,309
109887.5,-12,-39,338
109890.0,27,-11,289
109892.5,-6,-35,367
109895.0,5,23,262
109897.5,-115,-2,276
109900.0,53,18,330
109902.5,15,2,313
109905.0,-16,-4,275
109907.5,50,42,323
109910.0,38,-43,305
109912.5,-31,-39,366
109915.0,-31,-39,366
109917.5,55,14,227
109920.0,19,10,283
109922.5,-28,3,320
109925.0,13,-10,308
109927.5,-55,-40,338
109930.0,83,54,274
109932.5,-17,-43,285
109935.0,45,16,291
109937.5,4,-17,251
109940.0,10,-23,276
109942.5,28,3,384
109945.0,58,12,290
109947.5,-20,-9,339
109950.0,48,17,245
109952.5,18,3,244
109955.0,29,-6,281
109957.5,21,17,286
109960.0,-24,-12,306
109962.5,53,36,340
109965.0,53,36,340
109967.5,63,11,264
109970.0,-19,-26,350
109972.5,29,13,259
109975.0,22,9,281
109977.5,-5,-35,330
109980.0,27,21,314
109982.5,15,-12,331
109985.0,32,-17,316
109987.5,-25,-22,277
109990.0,-15,-72,341
109992.5,3,13,280
109995.0,8,-3,297
109997.5,9,-20,353
110000.0,52,5,329
110002.5,13,-32,354
110005.0,-21,-43,271
110007.5,-42,-20,244
110010.0,6,-5,308
110012.5,-9,-50,319
110015.0,-9,-50,319
110017.5,-10,-24,300
110020.0,-16,-49,360
110022.5,73,-25,323
110025.0,-49,-20,330
110027.5,61,-23,262
110030.0,-4,-8,274
110032.5,33,13,299
110035.0,50,3,321
110037.5,36,22,328
110040.0,-102,-140,364
110042.5,17,-59,251
110045.0,8,-46,324
110047.5,79,12,273
110050.0,23,8,282
110052.5,35,28,331
110055.0,18,-1,320
110057.5,-7,-89,386
110060.0,-6,-42,295
110062.5,-25,-11,211
110065.0,-25,-11,211
110067.5,0,29,262
110070.0,3,-2,288
110072.5,-25,-49,312
110075.0,4,-9,348
110077.5,22,-11,253
110080.0,20,-20,346
110082.5,85,1,244
110085.0,51,-16,352
110087.5,-22,-50,329
110090.0,45,71,305
110092.5,-11,9,294
110095.0,3,6,309
110097.5,-41,-26,261
110100.0,9,-26,339
110102.5,37,-16,262
110105.0,-16,8,284
110107.5,-73,-30,345
110110.0,-52,-54,298
110112.5,-52,-54,298
110115.0,-44,-13,345
110117.5,79,36,296
110120.0,72,19,253
110122.5,-89,-74,309
110125.0,3,-10,291
110127.5,-8,-7,291
110130.0,4,-36,363
110132.5,149,36,292
110135.0,-30,-24,336
110137.5,131,49,267
110140.0,10,8,258
110142.5,6,-33,308
110145.0,95,79,274
110147.5,12,23,321
110150.0,-36,3,317
110152.5,160,53,275
110155.0,28,-4,356
110157.5,6,3,225
110160.0,73,8,284
110162.5,73,8,284
110165.0,7,23,327
110167.5,-4,-46,310
110170.0,-64,-16,333
110172.5,29,-10,311
110175.0,-76,-24,215
110177.5,-52,-32,322
110180.0,-29,-23,256
110182.5,51,37,286
110185.0,-8,-19,344
110187.5,-13,-14,299
110190.0,10,13,358
110192.5,100,41,235
110195.0,8,-11,243
110197.5,-33,-53,289
110200.0,10,-8,296
110202.5,42,-13,294
110205.0,73,3,308
110207.5,8,-9,257
110210.0,26,-28,329
110212.5,26,-28,329
110215.0,-7,35,221
110217.5,9,8,306
110220.0,-29,-3,363
110222.5,46,-3,302
110225.0,-37,-39,324
110227.5,54,5,284
110230.0,90,14,240
110232.5,-50,-48,331
110235.0,51,48,277
110237.5,7,2,269
110240.0,4,17,345
110242.5,27,-43,304
110245.0,-3,-40,356
110247.5,82,24,245
110250.0,-11,16,282
110252.5,-33,-38,312
110255.0,24,45,303
110257.5,-4,-17,293
110260.0,20,6,335
110262.5,20,6,335
110265.0,25,0,282
110267.5,-63,-65,391
110270.0,30,14,279
110272.5,30,-25,261
110275.0,26,6,303
110277.5,-5,-26,330
110280.0,12,-50,322
110282.5,50,20,289
110285.0,5,-22,250
110287.5,-41,-45,299
110290.0,-27,19,274
110292.5,37,2,285
110295.0,-39,-12,326
110297.5,15,-1,311
110300.0,4,15,349
110302.5,53,33,252
110305.0,-39,-81,243
110307.5,53,19,298
110310.0,40,-10,318
110312.5,40,-10,318
110315.0,-22,-42,289
110317.5,88,56,355
110320.0,122,21,263
110322.5,-47,-66,358
110325.0,35,6,242
110327.5,31,-20,254
110330.0,-66,-4,313
110332.5,27,-2,339
110335.0,4,-5,345
110337.5,55,-5,318
110340.0,24,-30,241
110342.5,5,-46,298
110345.0,-49,11,281
110347.5,9,4,300
110350.0,13,14,332
110352.5,29,-37,384
110355.0,41,20,339
110357.5,5,-26,256
110360.0,55,-2,280
110362.5,55,-2,280
110365.0,-19,-58,318
110367.5,41,16,297
110370.0,50,-22,284
110372.5,24,-17,367
110375.0,84,-28,315
110377.5,-19,-21,337
110380.0,27,-23,261
110382.5,30,2,272
110385.0,-16,0,316
110387.5,68,-35,319
110390.0,16,9,331
110392.5,13,-28,326
110395.0,73,-3,265
110397.5,-36,-14,317
110400.0,-12,-20,256
110402.5,-22,3,275
110405.0,38,17,351
110407.5,-15,-26,307
110410.0,5,8,339
110412.5,5,8,339
110415.0,-52,-33,297
110417.5,76,1,299
110420.0,-30,-20,301
110422.5,36,-7,291
110425.0,-19,-2,319
110427.5,39,-35,347
110430.0,-10,30,320
110432.5,23,7,358
110435.0,7,-48,274
110437.5,5,-41,299
110440.0,-30,-8,312
110442.5,8,-27,304
110445.0,-59,-110,354
110447.5,59,-15,308
110450.0,86,13,249
110452.5,39,7,340
110455.0,17,-44,272
110457.5,-10,-34,313
110460.0,-37,-38,369
110462.5,-37,-38,369
110465.0,66,-26,328
110467.5,1,17,341
110470.0,-13,-9,288
110472.5,47,-20,275
110475.0,-52,-39,283
110477.5,3,84,289
110480.0,-20,-20,318
110482.5,19,21,357
110485.0,38,14,321
110487.5,31,2,337
110490.0,-7,9,233
110492.5,-5,-42,276
110495.0,48,39,359
110497.5,-19,-23,326
110500.0,-14,-17,317
110502.5,-65,-63,303
110505.0,74,4,263
110507.5,-1,-44,324
110510.0,-1,-44,324
110512.5,17,-2,292
110515.0,-38,-31,290
110517.5,-43,-42,378
110520.0,31,-16,283
110522.5,29,10,335
110525.0,-54,-77,308
110527.5,-18,-16,297
110530.0,44,21,278
110532.5,-8,-28,302
110535.0,8,-52,295
110537.5,64,-29,380
110540.0,67,-23,304
110542.5,-53,-43,332
110545.0,15,13,275
110547.5,55,39,307
110550.0,-62,-31,331
110552.5,2,26,309
110555.0,2,-38,366
110557.5,-6,-42,319
110560.0,-6,-42,319
110562.5,65,3,238
110565.0,-17,-70,307
110567.5,76,24,283
110570.0,-16,-28,312
110572.5,-47,-5,332
110575.0,-26,-41,309
110577.5,77,6,356
110580.0,60,8,240
110582.5,29,33,256
110585.0,2,-13,302
110587.5,-16,35,294
110590.0,-26,-23,317
110592.5,17,18,348
110595.0,-54,-37,295
110597.5,-30,-39,364
110600.0,47,-2,249
110602.5,113,50,282
110605.0,-149,-98,328
110607.5,23,31,291
110610.0,23,31,291
110612.5,26,-30,350
110615.0,10,-58,360
110617.5,15,-32,253
110620.0,1,-43,312
110622.5,-11,51,264
110625.0,-50,-8,278
110627.5,25,-11,348
110630.0,9,-41,320
110632.5,29,-44,365
110635.0,8,-27,253
110637.5,-42,11,253
110640.0,26,10,276
110642.5,-15,-13,324
110645.0,34,-28,284
110647.5,58,32,330
110650.0,36,-26,317
110652.5,-62,-53,350
110655.0,29,-32,263
110657.5,16,10,285
110660.0,16,10,285
110662.5,-42,-42,353
110665.0,-8,32,293
110667.5,2,0,331
110670.0,-26,-59,304
110672.5,22,7,265
110675.0,-10,-3,348
110677.5,-43,6,291
110680.0,82,48,313
110682.5,-38,-13,346
110685.0,11,-21,336
110687.5,-35,-31,337
110690.0,-18,12,252
110692.5,11,0,283
110695.0,56,57,298
110697.5,-17,-13,292
110700.0,-32,-14,321
110702.5,77,77,341
110705.0,4,-84,350
110707.5,-53,-17,334
110710.0,-53,-17,334
110712.5,13,1,254
110715.0,-45,16,283
110717.5,22,21,330
110720.0,6,-3,330
110722.5,23,-14,338
110725.0,89,-11,326
110727.5,92,-11,233
110730.0,10,-21,288
110732.5,29,-18,276
110735.0,10,-6,345
110737.5,-87,-116,348
110740.0,15,2,351
110742.5,-80,-33,397
110745.0,27,-10,299
110747.5,-1,-46,252
110750.0,36,8,310
110752.5,29,17,275
110755.0,-15,-64,310
110757.5,76,11,364
110760.0,76,11,364
110762.5,-37,-52,260
110765.0,-6,-15,331
110767.5,73,6,278
110770.0,43,9,290
110772.5,-47,-55,351
110775.0,29,-36,285
110777.5,17,-4,307
110780.0,33,36,315
110782.5,38,-30,239
110785.0,-12,-26,337
110787.5,-10,-36,247
110790.0,-37,-37,282
110792.5,-42,-15,318
110795.0,96,81,285
110797.5,36,-15,357
110800.0,-64,-42,254
110802.5,15,-7,278
110805.0,18,0,296
110807.5,-21,-64,343
110810.0,-21,-64,343
110812.5,10,-38,293
110815.0,6,11,334
110817.5,-87,-63,252
110820.0,-36,-32,320
110822.5,-9,12,235
110825.0,0,30,288
110827.5,3,15,331
110830.0,34,12,290
110832.5,-40,-31,332
110835.0,55,2,313
110837.5,28,-43,296
110840.0,-21,-25,322
110842.5,37,-21,252
110845.0,6,-5,297
110847.5,72,-33,375
110850.0,12,-17,343
110852.5,5,4,346
110855.0,-21,-10,261
110857.5,46,15,275
110860.0,46,15,275
110862.5,-9,-19,301
110865.0,11,-25,301
110867.5,47,42,295
110870.0,3,0,340
110872.5,-63,-8,297
110875.0,-16,-26,354
110877.5,30,-10,255
110880.0,35,-14,243
110882.5,34,-41,342
110885.0,5,5,316
110887.5,-2,-63,386
110890.0,-23,-64,327
110892.5,-15,-40,240
110895.0,28,26,305
110897.5,48,-6,275
110900.0,-28,-22,303
110902.5,-27,-8,348
110905.0,74,37,301
110907.5,74,37,301
110910.0,6,-21,346
110912.5,-2,-52,257
110915.0,-10,-53,253
110917.5,43,-6,283
110920.0,118,31,323
110922.5,59,21,264
110925.0,24,9,325
110927.5,66,13,265
110930.0,-68,-29,340
110932.5,43,3,241
110935.0,39,2,279
110937.5,37,25,325
110940.0,-76,-1,276
110942.5,-25,-31,347
110945.0,100,36,309
110947.5,84,-22,271
110950.0,-69,-11,338
110952.5,-22,-34,218
110955.0,3,-10,276
110957.5,3,-10,276
110960.0,-6,21,341
110962.5,1,-38,329
110965.0,-24,-29,389
110967.5,10,-9,267
110970.0,22,-8,267
110972.5,-16,-12,283
110975.0,-5,-35,311
110977.5,2,-14,323
110980.0,-15,-55,283
110982.5,73,-54,302
110985.0,71,3,354
110987.5,53,-1,267
110990.0,38,32,267
110992.5,6,-12,341
110995.0,36,-2,287
110997.5,-21,-81,322
111000.0,-38,-22,321
111002.5,64,29,259
111005.0,-23,-14,312
111007.5,-23,-14,312
111010.0,19,-41,277
111012.5,13,-19,271
111015.0,-33,-33,367
111017.5,14,-36,317
111020.0,0,-19,393
111022.5,-3,-25,289
111025.0,73,10,260
111027.5,-13,-13,287
111030.0,33,-22,294
111032.5,-20,-6,281
111035.0,22,-35,350
111037.5,-55,-21,313
111040.0,40,11,334
111042.5,88,-53,280
111045.0,0,-32,266
111047.5,30,-8,346
111050.0,52,6,329
111052.5,-58,-74,335
111055.0,-42,-31,339
111057.5,-42,-31,339
111060.0,2,0,278
111062.5,-43,-9,311
111065.0,92,19,235
111067.5,55,14,315
111070.0,-43,-34,353
111072.5,-23,2,300
111075.0,-48,-50,364
111077.5,10,-27,283
111080.0,39,-8,225
111082.5,-5,-2,283
111085.0,36,11,287
111087.5,70,41,304
111090.0,4,-27,347
111092.5,31,-2,304
111095.0,2,-26,356
111097.5,-1,22,288
111100.0,70,61,292
111102.5,-23,-28,310
111105.0,81,-6,317
111107.5,81,-6,317
111110.0,24,-59,334
111112.5,13,2,313
111115.0,91,10,255
111117.5,-65,-28,302
111120.0,7,-14,255
111122.5,30,21,295
111125.0,33,8,335
111127.5,40,-4,314
111130.0,5,-30,373
111132.5,5,-10,284
111135.0,15,-15,227
111137.5,12,-18,328
111140.0,49,27,287
111142.5,-40,-37,309
111145.0,-45,-13,350
111147.5,-70,-30,326
111150.0,-5,-7,368
111152.5,78,33,229
111155.0,-16,8,260
111157.5,-16,8,260
111160.0,-69,-35,327
111162.5,12,0,293
111165.0,16,-4,327
111167.5,-4,-37,321
111170.0,30,-20,256
111172.5,-1,9,331
111175.0,39,-29,230
111177.5,37,27,302
111180.0,-21,-31,355
111182.5,67,9,319
111185.0,-23,-33,338
111187.5,1,-13,332
111190.0,6,-4,248
111192.5,-37,-29,328
111195.0,16,-7,284
111197.5,50,43,279
111200.0,9,-6,355
111202.5,-88,-50,307
111205.0,34,-20,383
111207.5,34,-20,383
111210.0,30,-11,259
111212.5,18,-20,216
111215.0,81,12,274
111217.5,83,32,302
111220.0,-84,-8,292
111222.5,0,13,378
111225.0,89,6,292
111227.5,-19,5,329
111230.0,11,3,252
111232.5,35,37,242
111235.0,2,-2,324
111237.5,84,68,292
111240.0,-74,-57,318
111242.5,41,-5,293
111245.0,4,-16,253
111247.5,141,55,315
111250.0,43,19,285
111252.5,-31,-27,282
111255.0,-53,-1,319
111257.5,-53,-1,319
111260.0,-8,-18,320
111262.5,45,-6,330
111265.0,35,-2,278
111267.5,8,0,251
111270.0,80,40,340
111272.5,13,30,279
111275.0,-28,-35,312
111277.5,36,-11,372
111280.0,-27,-2,292
111282.5,-13,-27,334
111285.0,79,-10,243
111287.5,32,-26,298
111290.0,-33,-38,347
111292.5,40,-1,290
111295.0,8,-62,326
111297.5,154,89,284
111300.0,-25,-49,333
111302.5,-8,-14,340
111305.0,-8,-14,340
111307.5,-48,1,269
111310.0,16,-17,320
111312.5,-17,25,329
111315.0,44,5,324
111317.5,82,-19,366
111320.0,-53,-74,284
111322.5,-18,19,217
111325.0,4,-15,320
111327.5,3,-26,297
111330.0,-14,9,315
111332.5,52,-13,345
111335.0,-19,15,312
111337.5,-6,-4,338
111340.0,-18,-43,243
111342.5,34,7,285
111345.0,-17,-3,321
111347.5,-43,-34,302
111350.0,10,-11,342
111352.5,55,24,327
111355.0,55,24,327
111357.5,-26,-26,290
111360.0,20,-29,341
111362.5,37,-11,249
111365.0,-61,23,277
111367.5,16,-18,365
111370.0,62,-1,330
111372.5,51,39,369
111375.0,12,-24,303
111377.5,62,57,278
111380.0,-73,-64,317
111382.5,19,-2,297
111385.0,-63,-47,301
111387.5,29,-22,376
111390.0,23,-23,293
111392.5,25,4,346
111395.0,127,39,240
111397.5,-15,40,276
111400.0,-29,-44,320
111402.5,49,32,253
111405.0,49,32,253
111407.5,33,14,312
111410.0,104,44,320
111412.5,86,-11,281
111415.0,-32,-12,295
111417.5,39,0,289
111420.0,3,-45,305
111422.5,-66,-27,345
111425.0,44,-2,302
111427.5,17,-25,347
111430.0,-24,-35,311
111432.5,3,21,229
111435.0,-22,3,304
111437.5,91,29,289
111440.0,30,12,310
111442.5,-7,-61,346
111445.0,15,-37,304
111447.5,-59,-34,372
111450.0,59,31,251
111452.5,-23,-17,237
111455.0,-23,-17,237
111457.5,-14,12,302
111460.0,30,37,280
111462.5,-7,9,295
111465.0,-34,-18,323
111467.5,96,59,252
111470.0,-128,-70,360
111472.5,36,15,284
111475.0,-21,-6,274
111477.5,-55,-54,337
111480.0,108,23,296
111482.5,53,34,334
111485.0,17,-7,301
111487.5,-20,36,190
111490.0,55,33,277
111492.5,52,-1,270
111495.0,18,12,301
111497.5,52,42,341
111500.0,24,-53,351
111502.5,-52,-45,392
111505.0,-52,-45,392
111507.5,72,9,233
111510.0,60,6,274
111512.5,13,5,290
111515.0,62,23,305
111517.5,76,77,304
111520.0,-13,-33,335
111522.5,57,-71,313
111525.0,87,13,339
111527.5,21,4,267
111530.0,-58,-44,283
111532.5,5,-4,352
111535.0,58,28,278
111537.5,-42,-31,354
111540.0,-63,-56,301
111542.5,31,-37,266
111545.0,-18,-28,294
111547.5,42,19,280
111550.0,48,29,274
111552.5,112,20,356
111555.0,112,20,356
111557.5,-39,-6,292
111560.0,-54,-59,344
111562.5,60,10,240
111565.0,73,-22,258
111567.5,17,-10,310
111570.0,53,19,295
111572.5,146,-4,299
111575.0,10,-19,310
111577.5,56,5,278
111580.0,15,13,325
111582.5,51,8,255
111585.0,-54,-21,297
111587.5,-11,16,345
111590.0,35,-7,326
111592.5,-11,-67,381
111595.0,-22,-42,296
111597.5,58,60,236
111600.0,7,16,308
111602.5,55,44,286
111605.0,55,44,286
111607.5,-16,-21,304
111610.0,65,-4,342
111612.5,-55,-64,309
111615.0,1,-26,389
111617.5,30,-13,250
111620.0,29,20,286
111622.5,-12,-41,318
111625.0,17,11,345
111627.5,51,29,343
111630.0,-2,-5,307
111632.5,69,10,302
111635.0,-22,-35,352
111637.5,13,15,267
111640.0,21,-13,293
111642.5,-40,-19,346
111645.0,45,34,300
111647.5,-44,-57,355
111650.0,52,16,294
111652.5,52,16,294
111655.0,22,-8,261
111657.5,-18,-26,340
111660.0,-16,1,257
111662.5,-4,-1,292
111665.0,58,45,341
111667.5,-44,-31,283
111670.0,-49,18,358
111672.5,20,31,266
111675.0,6,-15,320
111677.5,-44,-27,306
111680.0,-25,-54,325
111682.5,15,-58,345
111685.0,56,52,284
111687.5,149,-73,381
111690.0,-14,11,350
111692.5,-15,7,255
111695.0,-7,-9,282
111697.5,20,44,346
111700.0,1,19,270
111702.5,1,19,270
111705.0,13,5,306
111707.5,91,48,307
111710.0,61,52,253
111712.5,-19,-39,322
111715.0,18,11,273
111717.5,46,16,308
111720.0,-4,-4,354
111722.5,-10,-5,311
111725.0,-82,-41,352
111727.5,-1,-24,227
111730.0,-41,-6,299
111732.5,53,9,328
111735.0,33,25,218
111737.5,26,14,327
111740.0,53,56,322
111742.5,-5,-3,267
111745.0,-36,-7,313
111747.5,-73,35,279
111750.0,-13,-37,309
111752.5,-13,-37,309
111755.0,11,-32,346
111757.5,25,2,271
111760.0,36,-34,323
111762.5,54,18,288
111765.0,2,-10,233
111767.5,42,-9,359
111770.0,42,13,297
111772.5,50,8,308
111775.0,-12,-3,359
111777.5,-81,-74,294
111780.0,39,11,367
111782.5,52,17,249
111785.0,-42,-29,272
111787.5,0,-5,295
111790.0,28,2,282
111792.5,41,37,319
111795.0,-7,-23,340
111797.5,9,-21,300
111800.0,-79,-6,346
111802.5,-79,-6,346
111805.0,45,-65,255
111807.5,-19,-35,276
111810.0,15,10,331
111812.5,0,-43,311
111815.0,-9,-54,364
111817.5,73,-18,274
111820.0,58,7,219
111822.5,5,9,311
111825.0,37,-19,278
111827.5,-21,-55,314
111830.0,16,-13,376
111832.5,-4,-44,290
111835.0,-23,84,331
111837.5,1,0,244
111840.0,-52,-25,295
111842.5,22,-20,338
111845.0,34,14,308
111847.5,-50,-25,318
111850.0,72,2,303
111852.5,72,2,303
111855.0,84,18,253
111857.5,22,14,348
111860.0,-51,-55,288
111862.5,22,-9,279
111865.0,-40,-19,314
111867.5,-34,-34,303
111870.0,35,-68,332
111872.5,40,6,284
111875.0,-37,9,220
111877.5,22,-29,338
111880.0,-24,-41,282
111882.5,-14,-18,325
111885.0,-19,-4,332
111887.5,43,-8,284
111890.0,87,-3,330
111892.5,4,-11,256
111895.0,-24,-9,265
111897.5,-6,-34,267
111900.0,-15,-22,303
111902.5,-15,-22,303
111905.0,-57,-43,322
111907.5,2,-34,358
111910.0,33,12,276
111912.5,100,48,367
111915.0,15,-6,250
111917.5,30,-13,266
111920.0,-25,-29,309
111922.5,-3,10,310
111925.0,31,11,318
111927.5,82,16,309
111930.0,53,-6,253
111932.5,-69,-37,311
111935.0,24,27,276
111937.5,-21,-9,306
111940.0,-34,33,336
111942.5,65,-41,312
111945.0,59,7,315
111947.5,57,13,262
111950.0,52,31,264
111952.5,52,31,264
111955.0,15,-29,329
111957.5,36,0,299
111960.0,-53,-63,325
111962.5,-18,-43,370
111965.0,107,12,301
111967.5,-18,41,319
111970.0,72,-1,237
111972.5,14,4,273
111975.0,-1,-1,319
111977.5,28,-19,273
111980.0,21,-13,319
111982.5,3,-50,343
111985.0,52,3,239
111987.5,12,-5,332
111990.0,59,14,264
111992.5,0,-23,318
111995.0,16,-42,374
111997.5,-32,-19,280
112000.0,-32,-19,280
112002.5,22,33,332
112005.0,-47,-59,304
112007.5,55,10,265
112010.0,7,-11,323
112012.5,38,22,302
112015.0,-26,21,313
112017.5,-36,-50,363
112020.0,27,-49,317
112022.5,12,18,356
112025.0,7,-58,219
112027.5,26,16,270
112030.0,30,32,323
112032.5,70,3,294
112035.0,-37,15,331
112037.5,-11,-9,339
112040.0,122,6,263
112042.5,-16,-26,328
112045.0,34,-8,260
112047.5,21,-23,294
112050.0,21,-23,294
112052.5,3,-47,363
112055.0,21,-30,293
112057.5,39,20,345
112060.0,17,-31,272
112062.5,47,-13,311
112065.0,6,10,263
112067.5,32,58,275
112070.0,-61,-19,277
112072.5,33,-21,360
112075.0,-16,11,253
112077.5,58,40,345
112080.0,63,-21,241
112082.5,36,-14,262
112085.0,37,-8,332
112087.5,61,18,286
112090.0,48,-3,317
112092.5,8,22,309
112095.0,99,23,255
112097.5,-12,-34,320
112100.0,-12,-34,320
112102.5,57,8,259
112105.0,18,-5,302
112107.5,-54,-17,326
112110.0,1,-31,304
112112.5,-27,0,377
112115.0,0,-12,296
112117.5,109,27,275
112120.0,-19,-13,304
112122.5,55,9,293
112125.0,20,-12,294
112127.5,1,-50,337
112130.0,64,-13,320
112132.5,-51,-23,388
112135.0,68,5,249
112137.5,56,45,212
112140.0,-57,-50,303
112142.5,8,17,260
112145.0,38,-11,327
112147.5,45,10,312
112150.0,45,10,312
112152.5,45,-2,249
112155.0,-18,-34,322
112157.5,41,13,261
112160.0,33,12,297
112162.5,-28,-52,345
112165.0,65,20,311
112167.5,21,-27,358
112170.0,86,46,282
112172.5,28,-17,243
112175.0,-2,0,294
112177.5,58,9,299
112180.0,-9,-33,267
112182.5,70,40,331
112185.0,-20,-2,303
112187.5,-8,-44,323
112190.0,4,20,255
112192.5,111,54,252
112195.0,61,22,299
112197.5,30,19,290
112200.0,30,19,290
112202.5,-26,29,297
112205.0,-21,-17,340
112207.5,19,1,307
112210.0,-20,-10,344
112212.5,-30,-7,259
112215.0,1,-19,293
112217.5,25,-24,354
112220.0,68,-15,351
112222.5,31,-7,342
112225.0,62,-18,302
112227.5,17,-21,283
112230.0,-9,12,313
112232.5,-2,-9,298
112235.0,29,3,326
112237.5,-57,-29,336
112240.0,48,65,270
112242.5,-34,-31,319
112245.0,54,12,245
112247.5,29,5,241
112250.0,29,5,241
112252.5,25,-6,315
112255.0,64,30,292
112257.5,-22,3,305
112260.0,44,19,353
112262.5,-45,-82,295
112265.0,-24,-68,344
112267.5,44,6,256
112270.0,31,7,283
112272.5,-99,-48,332
112275.0,47,22,304
112277.5,5,15,325
112280.0,52,37,291
112282.5,86,-28,286
112285.0,-21,-42,320
112287.5,-21,-15,303
112290.0,-16,1,319
112292.5,-23,-19,353
112295.0,25,25,312
112297.5,-43,-47,347
112300.0,-43,-47,347
112302.5,9,-1,246
112305.0,33,-10,276
112307.5,-8,-3,333
112310.0,-18,73,285
112312.5,-57,37,315
112315.0,24,-21,360
112317.5,-25,-60,263
112320.0,-17,-7,327
112322.5,36,10,253
112325.0,-25,-42,276
112327.5,21,40,358
112330.0,-73,-36,324
112332.5,-50,-33,339
112335.0,-21,-69,305
112337.5,-18,-5,229
112340.0,16,51,313
112342.5,-17,7,255
112345.0,52,10,285
112347.5,52,10,285
112350.0,26,1,358
112352.5,13,6,289
112355.0,0,-23,345
112357.5,43,-1,257
112360.0,-10,-19,294
112362.5,-47,-31,327
112365.0,58,22,292
112367.5,44,-7,313
112370.0,42,-18,398
112372.5,-12,-23,276
112375.0,-6,-46,377
112377.5,68,4,242
112380.0,11,-2,274
112382.5,-25,-41,325
112385.0,21,-32,275
112387.5,33,16,323
112390.0,-41,-54,305
112392.5,40,-27,253
112395.0,0,2,324
112397.5,0,2,324
112400.0,2,-16,248
112402.5,-27,-23,307
112405.0,17,-7,375
112407.5,28,-44,343
112410.0,-30,-54,336
112412.5,31,-22,284
112415.0,16,-26,285
112417.5,-58,-15,325
112420.0,-6,-15,296
112422.5,-13,-48,300
112425.0,12,-7,331
112427.5,26,11,316
112430.0,10,11,361
112432.5,50,10,247
112435.0,6,-24,293
112437.5,-31,-17,290
112440.0,73,23,286
112442.5,-5,10,305
112445.0,4,-22,310
112447.5,4,-22,310
112450.0,-32,-67,261
112452.5,9,-19,342
112455.0,44,10,253
112457.5,56,35,297
112460.0,-16,-2,324
112462.5,19,-11,314
112465.0,-6,11,330
112467.5,37,-3,282
112470.0,46,20,246
112472.5,-15,-15,328
112475.0,-42,-67,287
112477.5,54,39,283
112480.0,11,-19,345
112482.5,6,-9,301
112485.0,-78,-28,386
112487.5,55,36,246
112490.0,-25,34,290
112492.5,12,33,318
112495.0,58,15,300
112497.5,58,15,300
112500.0,5,-77,308
112502.5,-20,-9,303
112505.0,63,32,257
112507.5,38,20,347
112510.0,-29,-14,263
112512.5,25,35,307
112515.0,7,6,340
112517.5,-28,-15,302
112520.0,-3,-51,354
112522.5,30,-5,310
112525.0,-47,-23,262
112527.5,13,13,329
112530.0,-27,18,278
112532.5,-76,-61,302
112535.0,-51,-34,390
112537.5,37,-13,321
112540.0,80,-39,374
112542.5,-3,-100,278
112545.0,-16,-44,269
112547.5,-16,-44,269
112550.0,9,-26,314
112552.5,-36,-18,325
112555.0,-8,-27,315
112557.5,67,2,326
112560.0,18,-71,382
112562.5,-3,-13,346
112565.0,20,34,246
112567.5,0,-9,258
112570.0,24,-5,290
112572.5,28,7,309
112575.0,63,21,316
112577.5,21,-57,342
112580.0,118,-38,291
112582.5,3,-13,296
112585.0,50,-2,250
112587.5,-24,-25,296
112590.0,-70,-24,336
112592.5,94,15,320
112595.0,-24,-44,322
112597.5,-24,-44,322
112600.0,41,-1,295
112602.5,22,-33,267
112605.0,58,6,294
112607.5,82,55,288
112610.0,2,-24,303
112612.5,31,-27,350
112615.0,65,13,308
112617.5,-65,-16,350
112620.0,-12,-59,234
112622.5,0,-1,282
112625.0,3,32,300
112627.5,-17,-44,314
112630.0,89,43,293
112632.5,-27,41,313
112635.0,-79,-60,265
112637.5,-68,-36,338
112640.0,34,3,243
112642.5,26,-11,282
112645.0,34,-82,360
112647.5,34,-82,360
112650.0,1,-22,305
112652.5,-9,1,328
112655.0,31,3,283
112657.5,90,-12,272
112660.0,-22,-8,292
112662.5,15,31,287
112665.0,-8,5,309
112667.5,24,-39,387
112670.0,2,11,319
112672.5,-24,-14,343
112675.0,19,-49,266
112677.5,37,15,256
112680.0,96,11,285
112682.5,51,-6,297
112685.0,-19,-63,316
112687.5,32,11,334
112690.0,-30,-27,265
112692.5,4,-49,337
112695.0,50,8,239
112697.5,50,8,239
112700.0,50,30,280
112702.5,-104,-77,334
112705.0,23,-17,317
112707.5,-64,-22,339
112710.0,27,13,278
112712.5,24,-13,243
112715.0,36,24,303
112717.5,16,28,279
112720.0,-85,-35,334
112722.5,-38,6,314
112725.0,28,48,305
112727.5,19,27,337
112730.0,38,-16,260
112732.5,40,33,264
112735.0,-9,-21,299
112737.5,11,1,297
112740.0,2,1,302
112742.5,67,-16,402
112745.0,-28,-52,214
112747.5,-28,-52,214
112750.0,39,-11,303
112752.5,-6,-13,256
112755.0,-35,-32,310
112757.5,-3,-17,338
112760.0,52,18,289
112762.5,-36,-32,341
112765.0,-9,-25,307
112767.5,54,11,251
112770.0,2,-35,316
112772.5,48,15,280
112775.0,-36,-27,305
112777.5,29,5,343
112780.0,7,-13,316
112782.5,-36,-67,341
112785.0,77,13,239
112787.5,94,-5,264
112790.0,-38,31,341
112792.5,71,48,308
112795.0,71,48,308
112797.5,4,11,290
112800.0,44,-6,328
112802.5,-19,-33,286
112805.0,-31,-54,331
112807.5,54,28,251
112810.0,3,32,287
112812.5,-42,-19,337
112815.0,50,-39,333
112817.5,-30,-12,321
112820.0,-33,-27,309
112822.5,22,4,250
112825.0,-11,-4,311
112827.5,-5,-10,292
112830.0,-50,-50,311
112832.5,-20,-57,385
112835.0,42,10,316
112837.5,-32,-31,342
112840.0,-11,-11,309
112842.5,-21,-37,292
112845.0,-21,-37,292
112847.5,-17,-8,320
112850.0,31,-22,245
112852.5,-2,22,278
112855.0,66,9,373
112857.5,48,25,296
112860.0,22,-14,344
112862.5,50,-6,239
112865.0,16,-20,293
112867.5,-36,-50,364
112870.0,3,-12,318
112872.5,-9,-31,308
112875.0,-2,-17,299
112877.5,-32,-33,268
112880.0,-95,-11,335
112882.5,15,20,261
112885.0,-9,7,266
112887.5,-48,-20,394
112890.0,-15,-33,315
112892.5,14,9,311
112895.0,14,9,311
112897.5,85,38,261
112900.0,34,24,227
112902.5,64,86,268
112905.0,119,40,300
112907.5,-19,-21,322
112910.0,-21,-63,361
112912.5,53,-2,295
112915.0,-6,-41,372
112917.5,26,4,241
112920.0,42,35,238
112922.5,59,1,341
112925.0,45,7,288
112927.5,19,16,306
112930.0,-46,-55,347
112932.5,-2,17,272
112935.0,-71,-2,330
112937.5,32,27,263
112940.0,81,34,297
112942.5,-6,45,321
112945.0,-6,45,321
112947.5,-39,-53,288
112950.0,8,-12,317
112952.5,83,42,288
112955.0,35,76,200
112957.5,44,2,338
112960.0,54,-8,288
112962.5,-1,-25,311
112965.0,46,28,352
112967.5,-7,-4,302
112970.0,43,38,342
112972.5,64,29,232
112975.0,26,30,259
112977.5,-34,-56,314
112980.0,74,60,267
112982.5,-25,4,299
112985.0,3,3,319
112987.5,-12,-19,257
112990.0,-15,1,364
112992.5,22,0,264
112995.0,22,0,264
112997.5,42,20,280
113000.0,50,39,348
113002.5,17,-14,321
113005.0,54,-3,333
113007.5,-5,-38,311
113010.0,-4,-28,247
113012.5,-96,-43,306
113015.0,23,-47,288
113017.5,52,6,299
113020.0,-18,-47,363
113022.5,0,9,296
113025.0,32,22,328
113027.5,-42,-1,248
113030.0,-39,7,277
113032.5,72,44,260
113035.0,-20,-33,308
113037.5,-9,-20,338
113040.0,110,-6,332
113042.5,59,21,244
113045.0,59,21,244
113047.5,30,-16,340
113050.0,-57,-46,277
113052.5,64,49,296
113055.0,24,1,315
113057.5,54,22,278
113060.0,124,-55,369
113062.5,119,-5,323
113065.0,80,13,281
113067.5,7,-20,324
113070.0,17,19,268
113072.5,-3,4,302
113075.0,16,18,364
113077.5,65,24,308
113080.0,12,30,332
113082.5,-53,-48,265
113085.0,-44,-27,287
113087.5,54,-2,312
113090.0,-28,64,195
113092.5,14,6,261
113095.0,14,6,261
113097.5,10,6,301
113100.0,27,29,259
113102.5,16,-30,332
113105.0,5,-23,282
113107.5,26,-41,320
113110.0,-51,-40,330
113112.5,-103,-18,317
113115.0,-108,-48,322
113117.5,48,12,319
113120.0,-49,-48,294
113122.5,-7,8,340
113125.0,31,-19,216
113127.5,6,32,266
113130.0,-29,-28,353
113132.5,38,-16,300
113135.0,-17,-2,324
113137.5,50,2,302
113140.0,34,-14,210
113142.5,34,-14,210
113145.0,54,41,283
113147.5,40,-9,314
113150.0,-63,-63,265
113152.5,16,-54,366
113155.0,32,15,309
113157.5,7,-28,346
113160.0,-68,-93,320
113162.5,47,19,274
113165.0,21,-22,298
113167.5,64,37,278
113170.0,12,42,331
113172.5,63,20,315
113175.0,76,15,237
113177.5,11,-8,318
113180.0,69,26,245
113182.5,80,31,299
113185.0,-13,-43,348
113187.5,58,-3,316
113190.0,23,-12,339
113192.5,23,-12,339
113195.0,22,-19,292
113197.5,22,-54,251
113200.0,31,-1,307
113202.5,-6,0,294
113205.0,45,25,303
113207.5,-92,-62,333
113210.0,20,9,358
113212.5,9,-8,352
113215.0,6,-16,219
113217.5,41,-7,215
113220.0,-57,-39,308
113222.5,89,26,302
113225.0,-20,-36,316
113227.5,24,54,364
113230.0,-47,-28,279
113232.5,-33,1,312
113235.0,36,8,251
113237.5,72,32,293
113240.0,-15,-39,328
113242.5,-15,-39,328
113245.0,46,7,283
113247.5,-56,-120,349
113250.0,126,31,308
113252.5,-4,-17,246
113255.0,0,-7,296
113257.5,19,3,305
113260.0,-18,-1,277
113262.5,53,26,345
113265.0,-51,-25,321
113267.5,-31,-25,380
113270.0,39,-11,242
113272.5,33,-36,252
113275.0,-32,7,300
113277.5,-66,31,278
113280.0,34,19,335
113282.5,5,-16,340
113285.0,3,-3,260
113287.5,-74,-58,290
113290.0,-3,44,209
113292.5,-3,44,209
113295.0,-19,17,254
113297.5,-87,-20,317
113300.0,31,22,287
113302.5,-21,-2,338
113305.0,-11,-78,308
113307.5,61,42,246
113310.0,-31,-13,307
113312.5,8,-20,267
113315.0,-36,-27,324
113317.5,42,-2,374
113320.0,54,-23,289
113322.5,5,-19,373
113325.0,61,37,299
113327.5,76,17,305
113330.0,-62,-65,297
113332.5,-13,8,262
113335.0,80,-5,238
113337.5,10,-27,333
113340.0,14,8,232
113342.5,14,8,232
113345.0,21,-5,374
113347.5,41,9,248
113350.0,-57,-14,271
113352.5,37,39,346
113355.0,-32,2,308
113357.5,-19,-38,327
113360.0,1,-69,328
113362.5,58,18,294
113365.0,-1,-20,324
113367.5,-7,-89,281
113370.0,-25,-16,277
113372.5,7,-27,354
113375.0,14,-24,314
113377.5,69,4,361
113380.0,56,13,266
113382.5,-14,-42,263
113385.0,2,1,300
113387.5,25,-3,299
113390.0,-2,-5,319
113392.5,-2,-5,319
113395.0,36,-2,348
113397.5,-34,-80,256
113400.0,51,-7,347
113402.5,17,-9,248
113405.0,-7,29,233
113407.5,94,32,295
113410.0,5,-25,351
113412.5,1,-21,347
113415.0,-1,-41,300
113417.5,9,17,296
113420.0,-66,-19,343
113422.5,-2,-16,272
113425.0,27,-2,271
113427.5,20,28,333
113430.0,-29,-49,312
113432.5,-62,-44,335
113435.0,-43,-25,298
113437.5,84,19,256
113440.0,-21,0,316
113442.5,-21,0,316
113445.0,-42,-26,303
113447.5,29,1,309
113450.0,-16,-1,354
113452.5,151,8,349
113455.0,-71,-87,381
113457.5,102,56,237
113460.0,-80,-26,269
113462.5,11,5,333
113465.0,-13,-11,303
113467.5,16,-4,336
113470.0,-9,12,320
113472.5,107,32,249
113475.0,23,34,293
113477.5,44,46,237
113480.0,29,-22,277
113482.5,3,-4,342
113485.0,-8,-26,325
113487.5,-10,-64,368
113490.0,-4,-16,292
113492.5,-4,-16,292
113495.0,7,9,239
113497.5,-66,-28,286
113500.0,52,6,284
113502.5,-42,-27,335
113505.0,-39,-6,334
113507.5,-28,22,298
113510.0,13,-8,334
113512.5,32,-6,239
113515.0,103,67,242
113517.5,47,-19,304
113520.0,84,36,293
113522.5,12,14,305
113525.0,-11,-13,329
113527.5,96,16,308
113530.0,-22,-33,352
113532.5,-14,-11,218
113535.0,34,17,267
113537.5,110,30,342
113540.0,110,30,342
113542.5,50,5,295
113545.0,9,-1,341
113547.5,2,-23,316
113550.0,67,-31,287
113552.5,-43,-58,322
113555.0,50,2,300
113557.5,44,-30,329
113560.0,2,-19,354
113562.5,-16,-18,310
113565.0,11,3,395
113567.5,41,37,243
113570.0,30,-19,248
113572.5,-38,-51,305
113575.0,17,14,298
113577.5,27,-15,326
113580.0,58,-31,337
113582.5,26,-11,272
113585.0,22,1,341
113587.5,22,5,251
113590.0,22,5,251
113592.5,30,62,282
113595.0,-33,-9,316
113597.5,-26,-33,329
113600.0,-50,-49,319
113602.5,54,29,303
113605.0,11,-48,271
113607.5,-20,-52,336
113610.0,62,23,274
113612.5,19,45,292
113615.0,20,-61,409
113617.5,26,-37,323
113620.0,-43,-3,332
113622.5,38,28,264
113625.0,63,-13,266
113627.5,-55,-17,274
113630.0,35,54,314
113632.5,-13,3,305
113635.0,8,-57,341
113637.5,105,-3,373
113640.0,105,-3,373
113642.5,-21,77,338
113645.0,29,-18,255
113647.5,-111,-18,266
113650.0,4,25,304
113652.5,-8,-18,279
113655.0,15,15,315
113657.5,-5,21,324
113660.0,-6,-27,262
113662.5,37,37,319
113665.0,63,2,267
113667.5,-1,-8,313
113670.0,-65,-65,376
113672.5,57,-108,317
113675.0,26,-10,342
113677.5,8,-37,278
113680.0,81,-4,257
113682.5,12,28,293
113685.0,-13,-45,286
113687.5,-1,-17,324
113690.0,-1,-17,324
113692.5,54,-30,336
113695.0,-33,-37,272
113697.5,67,21,360
113700.0,23,-3,254
113702.5,20,-4,266
113705.0,32,-18,337
113707.5,32,18,297
113710.0,-5,0,332
113712.5,36,43,309
113715.0,33,-11,231
113717.5,-23,-51,337
113720.0,41,6,271
113722.5,49,45,286
113725.0,-27,-36,330
113727.5,23,0,306
113730.0,6,-15,347
113732.5,36,2,273
113735.0,-79,1,242
113737.5,34,15,314
113740.0,34,15,314
113742.5,8,19,312
113745.0,-6,-65,325
113747.5,-6,27,331
113750.0,-28,-15,251
113752.5,32,-29,342
113755.0,60,23,246
113757.5,-5,21,251
113760.0,8,-14,345
113762.5,73,15,291
113765.0,40,42,314
113767.5,-23,-5,296
113770.0,-13,-17,277
113772.5,44,-6,332
113775.0,14,7,234
113777.5,44,-11,291
113780.0,-53,-38,328
113782.5,65,25,296
113785.0,4,24,331
113787.5,60,34,298
113790.0,60,34,298
113792.5,46,-5,273
113795.0,-33,-32,314
113797.5,-24,-45,305
113800.0,-9,-10,297
113802.5,27,-8,346
113805.0,-32,25,337
113807.5,-46,-35,330
113810.0,75,8,251
113812.5,51,-19,260
113815.0,70,40,266
113817.5,26,-10,309
113820.0,-2,-19,339
113822.5,73,-23,375
113825.0,-8,3,242
113827.5,12,-54,331
113830.0,16,-34,253
113832.5,-38,18,292
113835.0,17,-30,328
113837.5,94,-72,334
113840.0,94,-72,334
113842.5,-14,6,340
113845.0,39,-19,308
113847.5,-31,-26,256
113850.0,-14,-41,331
113852.5,-4,-42,252
113855.0,43,14,274
113857.5,9,-20,373
113860.0,-89,-145,303
113862.5,-32,-26,342
113865.0,71,31,301
113867.5,34,-23,243
113870.0,-65,-55,281
113872.5,39,-29,304
113875.0,12,4,306
113877.5,-5,-25,330
113880.0,40,-56,349
113882.5,-32,-35,392
113885.0,63,27,235
113887.5,-38,-45,276
113890.0,-38,-45,276
113892.5,-57,-35,321
113895.0,22,16,311
113897.5,-24,-11,295
113900.0,15,3,317
113902.5,8,-7,288
113905.0,-69,-40,328
113907.5,0,-3,267
113910.0,29,-25,311
113912.5,21,35,357
113915.0,39,-13,305
113917.5,-20,18,326
113920.0,9,11,291
113922.5,37,-10,258
113925.0,-64,-16,293
113927.5,31,18,292
113930.0,9,39,331
113932.5,12,-12,404
113935.0,-33,-42,332
113937.5,-48,11,341
113940.0,-48,11,341
113942.5,17,45,241
113945.0,71,-31,276
113947.5,-9,-21,296
113950.0,49,52,284
113952.5,-37,-64,343
113955.0,-6,-4,332
113957.5,129,3,309
113960.0,-53,-20,321
113962.5,-68,6,258
113965.0,18,13,257
113967.5,-25,-56,328
113970.0,46,-9,290
113972.5,-13,-56,326
113975.0,78,57,335
113977.5,59,-18,292
113980.0,67,-31,338
113982.5,44,-2,266
113985.0,18,52,280
113987.5,18,52,280
113990.0,-16,-4,349
113992.5,14,7,292
113995.0,81,-24,330
113997.5,-28,-42,273
114000.0,-12,-81,261
114002.5,-63,-15,329
114005.0,-4,-38,300
114007.5,-24,-25,316
114010.0,106,24,324
114012.5,62,18,307
114015.0,-56,-49,349
114017.5,6,-18,195
114020.0,-15,17,259
114022.5,35,26,342
114025.0,86,43,314
114027.5,27,-23,324
114030.0,19,-41,357
114032.5,8,-17,290
114035.0,-72,-25,314
114037.5,-72,-25,314
114040.0,50,-9,297
114042.5,-65,-51,294
114045.0,29,-6,365
114047.5,-23,-39,317
114050.0,-17,19,355
114052.5,-61,-63,302
114055.0,-13,1,208
114057.5,9,-4,311
114060.0,-18,-35,279
114062.5,43,21,291
114065.0,-1,6,309
114067.5,89,47,254
114070.0,-3,15,336
114072.5,12,0,262
114075.0,57,33,262
114077.5,-38,-51,314
114080.0,-13,-39,264
114082.5,-14,11,304
114085.0,-34,-55,352
114087.5,-34,-55,352
114090.0,54,-25,296
114092.5,1,-35,348
114095.0,36,47,242
114097.5,-18,36,245
114100.0,-18,-31,320
114102.5,66,24,285
114105.0,-50,-25,345
114107.5,-13,-2,300
114110.0,-54,-20,223
114112.5,-1,-6,332
114115.0,7,6,284
114117.5,-51,-47,332
114120.0,9,-8,363
114122.5,20,-6,303
114125.0,37,-43,356
114127.5,47,12,241
114130.0,39,-16,230
114132.5,-41,-19,302
114135.0,61,-4,313
114137.5,61,-4,313
114140.0,-23,-9,323
114142.5,-45,-81,348
114145.0,9,-20,290
114147.5,96,20,340
114150.0,36,1,233
114152.5,-56,-18,245
114155.0,-15,-47,300
114157.5,68,27,314
114160.0,-42,-41,332
114162.5,78,12,294
114165.0,65,16,281
114167.5,17,0,324
114170.0,24,-10,245
114172.5,-49,-34,308
114175.0,-55,-14,331
114177.5,-57,-43,322
114180.0,3,-16,368
114182.5,-17,-50,288
114185.0,37,-8,251
114187.5,37,-8,251
114190.0,-7,-10,282
114192.5,98,47,301
114195.0,-13,-49,302
114197.5,34,15,318
114200.0,-34,47,295
114202.5,-27,-21,345
114205.0,80,14,252
114207.5,-22,1,286
114210.0,-52,-6,323
114212.5,38,35,272
114215.0,-52,-20,295
114217.5,-6,5,330
114220.0,59,-10,316
114222.5,14,-13,358
114225.0,56,20,272
114227.5,-27,-31,286
114230.0,31,40,326
114232.5,41,-24,303
114235.0,-26,-31,312
114237.5,-26,-31,312
114240.0,48,11,297
114242.5,45,12,256
114245.0,-25,-18,308
114247.5,9,12,272
114250.0,-48,-62,321
114252.5,-28,30,353
114255.0,-50,-29,301
114257.5,-31,-26,341
114260.0,59,31,255
114262.5,-2,12,202
114265.0,13,12,285
114267.5,-17,-28,284
114270.0,-14,-20,290
114272.5,-9,-15,307
114275.0,73,-14,291
114277.5,4,-27,376
114280.0,24,-28,263
114282.5,47,30,228
114285.0,36,42,297
114287.5,36,42,297
114290.0,25,-4,307
114292.5,-20,-28,334
114295.0,-54,-48,329
114297.5,122,46,284
114300.0,20,-34,341
114302.5,69,-38,252
114305.0,29,-72,294
114307.5,5,-51,343
114310.0,22,-9,284
114312.5,6,-23,324
114315.0,70,7,303
114317.5,-17,-12,292
114320.0,-13,2,300
114322.5,58,71,303
114325.0,55,4,309
