Time_ms,X,Y,Z
0.0,2,1,254
2.5,-21,1,298
5.0,27,51,256
7.5,95,21,264
10.0,9,-29,357
12.5,17,-27,312
15.0,17,-27,312
17.5,18,-11,240
20.0,28,-12,314
22.5,42,-10,289
25.0,52,14,314
27.5,-8,-27,356
30.0,15,-2,305
32.5,-46,-12,348
35.0,48,14,336
37.5,28,-1,223
40.0,28,49,305
42.5,25,5,213
45.0,-23,-46,301
47.5,-3,-26,335
50.0,49,55,289
52.5,28,3,283
55.0,34,-7,314
57.5,47,9,245
60.0,-16,9,358
62.5,21,-33,278
65.0,21,-33,278
67.5,-12,-30,291
70.0,47,-17,302
72.5,14,-6,259
75.0,15,4,284
77.5,-41,-7,339
80.0,31,21,310
82.5,6,-11,332
85.0,18,12,249
87.5,41,-5,254
90.0,-8,-7,285
92.5,18,1,271
95.0,2,1,292
97.5,27,-1,340
100.0,-5,37,282
102.5,-26,-4,367
105.0,-10,-27,287
107.5,26,-10,270
110.0,14,-5,298
112.5,14,-5,298
115.0,44,-12,250
117.5,15,19,261
120.0,4,-8,321
122.5,14,5,319
125.0,-20,-22,361
127.5,17,9,343
130.0,4,-33,314
132.5,-12,-40,278
135.0,1,-27,245
137.5,-6,-4,330
140.0,43,55,214
142.5,48,-38,293
145.0,-4,-3,353
147.5,26,19,322
150.0,12,-32,215
152.5,-51,-28,322
155.0,5,-89,402
157.5,20,36,257
160.0,-36,-46,374
162.5,-36,-46,374
165.0,23,42,310
167.5,58,7,356
170.0,26,-4,326
172.5,27,-17,320
175.0,69,28,241
177.5,-25,-40,248
180.0,-7,-14,272
182.5,-21,-20,323
185.0,-4,-21,224
187.5,-21,-22,300
190.0,-2,-8,353
192.5,20,-3,342
195.0,-34,-42,391
197.5,53,16,222
200.0,-37,11,366
202.5,1,-26,289
205.0,12,-28,292
207.5,-4,7,291
210.0,-2,-14,342
212.5,-2,-14,342
215.0,36,26,249
217.5,-29,-31,329
220.0,65,0,216
222.5,6,-14,279
225.0,1,9,298
227.5,17,-6,280
230.0,-54,-31,329
232.5,15,-9,291
235.0,44,-16,293
237.5,-10,-24,319
240.0,32,20,236
242.5,-11,-16,313
245.0,1,0,298
247.5,7,-4,297
250.0,6,2,321
252.5,-13,-27,338
255.0,31,-2,236
257.5,1,-8,317
260.0,64,36,243
262.5,64,36,243
265.0,1,-33,318
267.5,-30,-33,273
270.0,15,-22,317
272.5,38,26,343
275.0,23,-18,345
277.5,-27,-52,269
280.0,-38,-39,339
282.5,60,31,244
285.0,5,8,276
287.5,-12,-28,321
290.0,52,19,316
292.5,-13,-28,348
295.0,16,5,287
297.5,31,13,278
300.0,-15,-28,333
302.5,27,-18,230
305.0,24,-14,292
307.5,-44,-47,287
310.0,65,-41,290
312.5,65,-41,290
315.0,-13,21,410
317.5,-27,-6,363
320.0,27,-8,205
322.5,-2,0,346
325.0,37,5,227
327.5,23,35,295
330.0,-5,11,330
332.5,95,-19,310
335.0,-36,-31,410
337.5,-11,-17,410
340.0,20,-38,205
342.5,25,-11,330
345.0,40,29,311
347.5,53,-19,342
350.0,13,-23,334
352.5,32,0,298
355.0,-69,-2,362
357.5,19,58,299
360.0,-46,-6,282
362.5,-46,-6,282
365.0,49,30,313
367.5,-5,-28,263
370.0,-27,-4,275
372.5,36,-15,333
375.0,80,-11,319
377.5,108,29,273
380.0,13,-37,282
382.5,40,1,285
385.0,-47,-33,348
387.5,39,-11,235
390.0,-23,-85,291
392.5,50,-19,369
395.0,26,8,287
397.5,-11,-22,299
400.0,-44,7,341
402.5,1,-7,246
405.0,-67,-2,337
407.5,30,-41,319
410.0,-70,-19,368
412.5,-70,-19,368
415.0,-26,-30,345
417.5,18,32,292
420.0,-10,-8,296
422.5,-31,27,306
425.0,22,-14,261
427.5,-33,-12,361
430.0,45,0,262
432.5,-6,-6,300
435.0,0,-16,295
437.5,3,90,246
440.0,27,-2,287
442.5,32,-23,362
445.0,-20,2,274
447.5,-5,-14,357
450.0,-8,-38,300
452.5,81,18,273
455.0,13,-4,296
457.5,51,7,258
460.0,23,-51,294
462.5,23,-51,294
465.0,-15,2,314
467.5,40,0,332
470.0,-32,-33,349
472.5,3,-37,316
475.0,46,10,255
477.5,-15,0,309
480.0,21,0,231
482.5,81,41,295
485.0,-4,-38,353
487.5,20,-3,274
490.0,-18,30,312
492.5,22,23,318
495.0,-18,-9,274
497.5,-33,-24,332
500.0,65,2,224
502.5,-19,-4,236
505.0,-44,1,329
507.5,15,1,308
510.0,74,31,252
512.5,74,31,252
515.0,31,-35,332
517.5,110,27,272
520.0,-38,4,329
522.5,144,14,229
525.0,22,10,276
527.5,-4,-29,305
530.0,7,14,315
532.5,0,-43,340
535.0,5,-27,352
537.5,41,8,297
540.0,7,-25,336
542.5,10,12,284
545.0,49,30,267
547.5,-32,7,313
550.0,15,-22,258
552.5,31,7,323
555.0,-15,-29,318
557.5,1,23,285
560.0,-16,-45,355
562.5,-16,-45,355
565.0,4,-12,298
567.5,25,-8,363
570.0,7,-17,289
572.5,23,1,420
575.0,58,9,275
577.5,-6,-42,324
580.0,61,18,226
582.5,-59,-72,306
585.0,-11,-22,288
587.5,12,9,339
590.0,-20,1,327
592.5,70,10,325
595.0,16,-14,289
597.5,0,-53,336
600.0,-18,18,333
602.5,-42,-25,320
605.0,14,-17,246
607.5,19,2,276
610.0,-24,4,312
612.5,-24,4,312
615.0,-9,4,319
617.5,-34,37,307
620.0,23,-9,355
622.5,7,-1,297
625.0,-42,-41,372
627.5,89,37,233
630.0,-14,-14,309
632.5,24,-28,306
635.0,0,-1,327
637.5,-22,-47,361
640.0,-5,-8,321
642.5,101,35,242
645.0,0,-25,315
647.5,54,-11,240
650.0,6,-3,275
652.5,-10,-32,332
655.0,22,24,309
657.5,-15,-37,341
660.0,-15,-37,341
662.5,30,2,330
665.0,28,8,229
667.5,-13,-19,315
670.0,30,-5,252
672.5,14,-17,294
675.0,31,12,333
677.5,51,-41,313
680.0,29,-47,326
682.5,90,-2,304
685.0,14,5,317
687.5,-16,-29,293
690.0,1,14,222
692.5,-28,-9,285
695.0,-7,-9,361
697.5,74,-63,284
700.0,27,27,330
702.5,-31,-16,317
705.0,6,-7,275
707.5,3,13,307
710.0,3,13,307
712.5,19,-15,292
715.0,-8,-12,335
717.5,-18,16,323
720.0,57,19,260
722.5,-34,-48,319
725.0,4,-16,293
727.5,81,-3,213
730.0,-23,-26,303
732.5,-42,-24,297
735.0,-48,26,311
737.5,-18,20,355
740.0,-28,-41,258
742.5,-15,13,331
745.0,23,16,333
747.5,5,35,265
750.0,-57,-72,334
752.5,22,-19,291
755.0,11,-6,245
757.5,15,-44,349
760.0,15,-44,349
762.5,48,3,306
765.0,-31,-94,343
767.5,33,-55,320
770.0,-6,-68,228
772.5,-20,-41,281
775.0,52,18,262
777.5,-37,-22,301
780.0,28,25,361
782.5,0,25,349
785.0,20,6,306
787.5,9,-44,299
790.0,56,-13,286
792.5,4,-10,302
795.0,14,1,243
797.5,0,-27,281
800.0,-1,5,305
802.5,76,-41,309
805.0,-2,-24,328
807.5,-7,-15,321
810.0,-7,-15,321
812.5,38,25,217
815.0,-4,-12,305
817.5,47,-14,266
820.0,18,-44,313
822.5,18,-5,298
825.0,-32,4,327
827.5,35,-38,328
830.0,18,-1,330
832.5,44,-17,294
835.0,-22,-14,360
837.5,65,35,235
840.0,-39,-31,278
842.5,30,8,263
845.0,11,-32,302
847.5,-9,1,299
850.0,-14,-30,321
852.5,46,-15,309
855.0,-26,-17,355
857.5,-40,-50,304
860.0,-40,-50,304
862.5,-8,-29,315
865.0,-21,-24,305
867.5,29,10,219
870.0,29,-6,294
872.5,14,-43,344
875.0,82,25,224
877.5,4,-33,352
880.0,29,-55,295
882.5,108,49,266
885.0,-20,-6,239
887.5,-13,1,299
890.0,-8,-14,294
892.5,21,-4,346
895.0,0,-8,188
897.5,-90,-48,453
900.0,57,29,356
902.5,10,-52,233
905.0,-24,-56,296
907.5,10,-6,254
910.0,10,-6,254
912.5,33,28,281
915.0,96,-26,330
917.5,40,15,306
920.0,54,-12,357
922.5,48,-8,302
925.0,-31,-52,243
927.5,18,9,255
930.0,8,-13,256
932.5,2,-16,325
935.0,22,-47,315
937.5,8,18,365
940.0,-15,-37,346
942.5,7,-18,324
945.0,28,-41,243
947.5,-38,-44,302
950.0,30,-24,245
952.5,-1,3,308
955.0,14,17,352
957.5,7,11,357
960.0,7,11,357
962.5,-8,-42,310
965.0,31,12,325
967.5,69,-11,264
970.0,-6,-16,298
972.5,10,-38,259
975.0,36,6,258
977.5,-10,-9,346
980.0,56,2,273
982.5,-24,-34,379
985.0,4,-16,327
987.5,47,-20,290
990.0,-26,-31,318
992.5,41,10,275
995.0,-17,17,291
997.5,-11,-2,304
1000.0,74,3,359
1002.5,26,-9,336
1005.0,-38,-76,318
1007.5,-38,-75,284
1010.0,-38,-75,284
1012.5,9,-12,291
1015.0,42,28,288
1017.5,8,5,284
1020.0,-13,21,304
1022.5,37,45,306
1025.0,-15,-4,380
1027.5,-7,-21,314
1030.0,19,-2,309
1032.5,-32,-35,282
1035.0,3,20,260
1037.5,48,34,282
1040.0,-63,-38,346
1042.5,-25,13,302
1045.0,-18,-9,369
1047.5,11,10,252
1050.0,-12,-86,266
1052.5,43,0,273
1055.0,57,8,274
1057.5,-16,-14,243
1060.0,-16,-14,243
1062.5,47,-12,350
1065.0,-7,5,359
1067.5,-17,-19,406
1070.0,12,-14,320
1072.5,9,-14,291
1075.0,-84,-70,347
1077.5,-20,1,327
1080.0,73,21,341
1082.5,39,-6,357
1085.0,28,31,239
1087.5,-73,-59,284
1090.0,60,6,283
1092.5,103,-15,300
1095.0,-45,-36,296
1097.5,-7,-28,338
1100.0,9,15,321
1102.5,-42,-42,363
1105.0,24,30,271
1107.5,24,30,271
1110.0,9,-28,376
1112.5,30,9,251
1115.0,-8,-37,284
1117.5,-32,-3,324
1120.0,30,2,320
1122.5,25,26,262
1125.0,43,-19,328
1127.5,-3,-1,334
1130.0,48,-14,393
1132.5,7,14,233
1135.0,44,22,291
1137.5,-8,-17,330
1140.0,55,-9,220
1142.5,18,16,303
1145.0,17,-14,353
1147.5,-14,57,293
1150.0,52,24,441
1152.5,-18,-50,342
1155.0,21,-16,265
1157.5,21,-16,265
1160.0,-5,-11,298
1162.5,-15,15,249
1165.0,53,20,260
1167.5,-19,31,303
1170.0,6,0,296
1172.5,-23,-23,377
1175.0,25,21,322
1177.5,75,4,268
1180.0,-38,-43,301
1182.5,82,30,307
1185.0,55,30,259
1187.5,-11,17,277
1190.0,71,11,289
1192.5,44,18,314
1195.0,-24,-49,384
1197.5,21,18,284
1200.0,-21,-10,326
1202.5,8,14,208
1205.0,34,8,270
1207.5,34,8,270
1210.0,11,5,287
1212.5,38,11,281
1215.0,-2,-18,315
1217.5,-9,-3,317
1220.0,61,42,248
1222.5,-37,-26,349
1225.0,26,-33,238
1227.5,14,55,229
1230.0,-16,-22,309
1232.5,-7,-15,306
1235.0,-2,-13,293
1237.5,28,-15,364
1240.0,38,-6,280
1242.5,40,-22,425
1245.0,52,2,216
1247.5,-20,-33,264
1250.0,33,13,321
1252.5,60,32,381
1255.0,78,38,230
1257.5,78,38,230
1260.0,18,-31,358
1262.5,43,5,271
1265.0,-97,-64,436
1267.5,-31,-14,274
1270.0,-31,50,390
1272.5,8,-15,300
1275.0,0,-6,269
1277.5,30,1,282
1280.0,-35,-50,385
1282.5,145,32,270
1285.0,-17,-58,378
1287.5,-13,-26,248
1290.0,-17,-29,241
1292.5,-14,-30,319
1295.0,38,-21,230
1297.5,16,14,355
1300.0,90,105,275
1302.5,-7,-22,357
1305.0,-33,-49,356
1307.5,-33,-49,356
1310.0,-31,-36,303
1312.5,25,-7,300
1315.0,-9,-12,306
1317.5,38,-8,240
1320.0,44,25,262
1322.5,17,-17,326
1325.0,66,-8,298
1327.5,4,-8,357
1330.0,21,19,277
1332.5,-27,-42,329
1335.0,6,-5,301
1337.5,22,-32,371
1340.0,45,17,268
1342.5,-28,-63,400
1345.0,70,8,248
1347.5,-15,4,360
1350.0,26,27,248
1352.5,19,-37,311
1355.0,11,-3,294
1357.5,11,-3,294
1360.0,6,-26,289
1362.5,13,2,302
1365.0,34,-20,345
1367.5,59,1,274
1370.0,-60,-55,360
1372.5,28,-22,289
1375.0,-20,0,293
1377.5,-21,-9,283
1380.0,5,-3,296
1382.5,1,-40,293
1385.0,63,1,347
1387.5,3,1,245
1390.0,-57,-35,355
1392.5,44,-5,274
1395.0,-31,-31,305
1397.5,-31,-19,287
1400.0,50,-7,279
1402.5,51,11,289
1405.0,-11,12,331
1407.5,-11,12,331
1410.0,87,40,283
1412.5,73,26,340
1415.0,-27,-50,257
1417.5,19,-2,369
1420.0,-18,-8,320
1422.5,37,0,323
1425.0,-8,7,294
1427.5,74,-4,397
1430.0,43,-29,271
1432.5,19,1,223
1435.0,12,-15,261
1437.5,1,-30,302
1440.0,13,18,293
1442.5,56,-21,296
1445.0,-11,-13,359
1447.5,38,-6,325
1450.0,33,27,224
1452.5,17,-10,288
1455.0,46,23,237
1457.5,46,23,237
1460.0,53,-11,245
1462.5,44,-51,320
1465.0,44,-7,348
1467.5,11,-4,315
1470.0,-16,-2,394
1472.5,57,14,273
1475.0,39,-80,266
1477.5,-3,-15,215
1480.0,-26,-40,333
1482.5,-7,-9,336
1485.0,50,-9,266
1487.5,43,-13,327
1490.0,-87,-59,282
1492.5,144,42,268
1495.0,42,7,319
1497.5,20,-40,260
1500.0,29,9,281
1502.5,-59,-52,316
1505.0,-10,-38,275
1507.5,-10,-38,275
1510.0,-3,-26,336
1512.5,41,8,312
1515.0,13,-14,288
1517.5,-11,-21,369
1520.0,47,0,218
1522.5,27,27,256
1525.0,-39,2,358
1527.5,7,-7,281
1530.0,33,-2,299
1532.5,24,-42,362
1535.0,57,-29,319
1537.5,12,-10,315
1540.0,3,-20,299
1542.5,9,-29,304
1545.0,-38,-24,294
1547.5,-31,13,268
1550.0,-11,4,310
1552.5,-5,3,334
1555.0,44,-3,332
1557.5,44,-3,332
1560.0,16,-7,378
1562.5,0,-50,280
1565.0,-7,2,232
1567.5,7,-38,317
1570.0,0,-10,245
1572.5,9,17,285
1575.0,0,-10,367
1577.5,13,-7,309
1580.0,-56,-14,336
1582.5,27,5,307
1585.0,38,-24,303
1587.5,-21,-16,334
1590.0,71,32,204
1592.5,21,14,287
1595.0,-3,9,281
1597.5,12,-7,344
1600.0,-23,-32,338
1602.5,14,-38,363
1605.0,-6,-20,254
1607.5,-6,-20,254
1610.0,-15,-19,346
1612.5,11,-19,239
1615.0,43,-6,276
1617.5,-66,6,383
1620.0,19,-13,330
1622.5,27,-18,330
1625.0,2,-55,441
1627.5,11,-1,196
1630.0,-57,-25,332
1632.5,-3,36,234
1635.0,-15,-16,333
1637.5,-21,30,198
1640.0,102,-18,346
1642.5,11,9,352
1645.0,34,8,276
1647.5,70,-4,265
1650.0,14,6,324
1652.5,-25,-62,183
1655.0,-25,-62,183
1657.5,39,18,348
1660.0,10,-8,289
1662.5,24,4,334
1665.0,-10,-26,303
1667.5,37,35,311
1670.0,59,19,344
1672.5,23,0,308
1675.0,58,0,234
1677.5,15,10,197
1680.0,-14,-24,381
1682.5,44,4,249
1685.0,-57,-40,351
1687.5,1,30,357
1690.0,78,-7,262
1692.5,13,-10,337
1695.0,-28,-36,274
1697.5,-68,-18,351
1700.0,-19,-31,264
1702.5,12,12,343
1705.0,12,12,343
1707.5,28,-8,314
1710.0,-26,-22,408
1712.5,6,6,263
1715.0,-17,-16,367
1717.5,56,29,242
1720.0,15,0,281
1722.5,-5,18,265
1725.0,1,-24,306
1727.5,39,16,296
1730.0,23,-36,315
1732.5,33,-3,253
1735.0,-53,-61,310
1737.5,95,13,268
1740.0,-11,-30,302
1742.5,-33,-11,298
1745.0,-14,-12,316
1747.5,41,-7,362
1750.0,17,-4,321
1752.5,37,-27,252
1755.0,37,-27,252
1757.5,-8,-22,331
1760.0,61,12,226
1762.5,-2,8,302
1765.0,16,-31,341
1767.5,21,13,300
1770.0,-18,-32,358
1772.5,14,-8,305
1775.0,39,-29,277
1777.5,26,7,320
1780.0,54,-5,282
1782.5,31,-36,325
1785.0,9,-26,378
1787.5,51,-30,330
1790.0,-27,-33,354
1792.5,102,-1,241
1795.0,-15,-17,342
1797.5,-50,-67,273
1800.0,-20,-17,261
1802.5,-14,14,244
1805.0,-14,14,244
1807.5,-40,0,348
1810.0,22,-27,327
1812.5,-23,-58,392
1815.0,-13,-55,306
1817.5,22,-17,259
1820.0,-11,1,292
1822.5,65,32,216
1825.0,51,2,303
1827.5,-6,-6,348
1830.0,52,-28,273
1832.5,32,21,329
1835.0,79,12,339
1837.5,14,-15,222
1840.0,27,3,324
1842.5,-3,-10,263
1845.0,-29,-63,285
1847.5,4,7,396
1850.0,14,0,343
1852.5,25,-16,300
1855.0,25,-16,300
1857.5,17,24,254
1860.0,33,12,216
1862.5,-46,-53,328
1865.0,43,12,265
1867.5,34,8,261
1870.0,21,36,352
1872.5,5,-19,335
1875.0,79,-29,335
1877.5,-30,-13,346
1880.0,-3,-26,272
1882.5,-18,-23,288
1885.0,55,-32,272
1887.5,-4,11,311
1890.0,7,-36,335
1892.5,19,-7,298
1895.0,-2,-52,339
1897.5,-55,-22,338
1900.0,46,35,285
1902.5,10,7,364
1905.0,10,7,364
1907.5,92,-7,286
1910.0,10,-51,317
1912.5,-21,-14,285
1915.0,41,10,307
1917.5,-34,-23,301
1920.0,-16,4,339
1922.5,-38,51,250
1925.0,2,-41,380
1927.5,36,15,257
1930.0,-14,33,273
1932.5,-10,-40,301
1935.0,-15,-32,274
1937.5,-94,1,271
1940.0,23,-20,406
1942.5,-33,-16,325
1945.0,-4,-21,358
1947.5,-11,10,252
1950.0,-6,-12,308
1952.5,8,-2,284
1955.0,8,-2,284
1957.5,30,29,272
1960.0,-45,3,299
1962.5,-69,-6,352
1965.0,43,-12,322
1967.5,-12,-2,368
1970.0,57,9,290
1972.5,38,-18,250
1975.0,1,-2,309
1977.5,22,-9,232
1980.0,35,-10,298
1982.5,-6,-23,354
1985.0,41,10,279
1987.5,24,0,287
1990.0,13,24,358
1992.5,52,13,246
1995.0,-11,9,354
1997.5,79,-2,216
2000.0,10,16,310
2002.5,11,-47,306
2005.0,11,-47,306
2007.5,-2,22,286
2010.0,17,-2,307
2012.5,98,48,310
2015.0,-10,41,201
2017.5,17,-31,332
2020.0,50,26,191
2022.5,-7,14,280
2025.0,26,17,274
2027.5,2,18,292
2030.0,10,-24,356
2032.5,24,-40,313
2035.0,39,-1,282
2037.5,-38,-37,330
2040.0,86,36,257
2042.5,12,-26,255
2045.0,-18,9,299
2047.5,-17,-2,298
2050.0,8,13,306
2052.5,63,5,267
2055.0,63,5,267
2057.5,18,-4,244
2060.0,29,-15,372
2062.5,40,23,175
2065.0,-50,-26,357
2067.5,-13,17,340
2070.0,2,-23,328
2072.5,-55,-16,293
2075.0,-11,5,341
2077.5,49,-11,290
2080.0,-33,-19,348
2082.5,33,-37,148
2085.0,76,51,255
2087.5,31,-12,342
2090.0,20,15,309
2092.5,-10,-11,324
2095.0,40,21,332
2097.5,61,69,270
2100.0,-7,-21,284
2102.5,1,-21,250
2105.0,1,-21,250
2107.5,6,9,336
2110.0,-1,-32,361
2112.5,21,-2,294
2115.0,-4,-1,357
2117.5,55,13,311
2120.0,50,7,260
2122.5,-23,-21,310
2125.0,44,18,229
2127.5,17,-21,310
2130.0,-3,3,352
2132.5,32,-15,342
2135.0,-22,-17,375
2137.5,-5,-34,319
2140.0,59,18,278
2142.5,5,18,306
2145.0,42,13,255
2147.5,15,-9,329
2150.0,-20,-5,306
2152.5,-20,-5,306
2155.0,80,54,337
2157.5,-12,-2,362
2160.0,-17,-50,293
2162.5,51,-50,355
2165.0,-15,-55,336
2167.5,75,15,265
2170.0,-11,7,246
2172.5,-27,-48,359
2175.0,-29,-25,286
2177.5,-57,-13,425
2180.0,50,28,196
2182.5,43,-32,234
2185.0,31,11,296
2187.5,39,20,270
2190.0,52,24,398
2192.5,-7,-17,350
2195.0,-1,8,261
2197.5,8,-75,397
2200.0,10,-42,251
2202.5,10,-42,251
2205.0,33,14,338
2207.5,-36,-21,315
2210.0,30,6,279
2212.5,18,8,328
2215.0,-10,4,316
2217.5,-5,-19,270
2220.0,-26,-23,389
2222.5,-10,-22,301
2225.0,24,-4,228
2227.5,-13,-30,322
2230.0,45,-17,318
2232.5,47,23,339
2235.0,-5,-5,357
2237.5,31,-27,349
2240.0,-53,-9,318
2242.5,12,-7,296
2245.0,-40,-29,220
2247.5,-10,-30,316
2250.0,72,34,217
2252.5,72,34,217
2255.0,16,3,299
2257.5,13,-19,352
2260.0,59,-26,311
2262.5,-8,-59,351
2265.0,0,-20,260
2267.5,-11,-49,252
2270.0,-14,3,320
2272.5,27,33,297
2275.0,-36,-4,316
2277.5,-12,-18,349
2280.0,-23,7,280
2282.5,-37,-5,335
2285.0,7,-52,331
2287.5,33,-14,230
2290.0,3,-35,336
2292.5,-52,11,285
2295.0,8,-14,311
2297.5,-19,-14,277
2300.0,46,-30,312
2302.5,46,-30,312
2305.0,-64,3,319
2307.5,22,2,374
2310.0,7,-9,200
2312.5,-22,14,334
2315.0,-11,-1,264
2317.5,-25,0,289
2320.0,-10,0,295
2322.5,-5,0,318
2325.0,-1,-42,342
2327.5,32,-46,377
2330.0,88,-6,280
2332.5,-16,-2,385
2335.0,-3,-7,260
2337.5,5,-4,281
2340.0,0,-11,283
2342.5,53,14,271
2345.0,-55,-30,302
2347.5,1,-19,339
2350.0,31,7,296
2352.5,31,7,296
2355.0,-12,22,384
2357.5,-23,-14,278
2360.0,11,52,344
2362.5,-5,32,310
2365.0,45,-26,233
2367.5,-29,-49,300
2370.0,25,-10,330
2372.5,-21,-18,339
2375.0,1,13,305
2377.5,-5,-34,282
2380.0,-8,76,317
2382.5,-1,45,203
2385.0,18,14,279
2387.5,5,-35,268
2390.0,-39,-5,296
2392.5,44,0,342
2395.0,-23,-14,418
2397.5,27,-20,173
2400.0,-94,-79,317
2402.5,-94,-79,317
2405.0,72,25,272
2407.5,20,-18,293
2410.0,-13,-40,303
2412.5,35,48,411
2415.0,31,-11,302
2417.5,38,35,336
2420.0,22,36,196
2422.5,4,16,282
2425.0,-37,-44,290
2427.5,58,15,188
2430.0,-29,-11,325
2432.5,-40,7,412
2435.0,13,-21,308
2437.5,50,10,330
2440.0,-12,-66,319
2442.5,13,-17,267
2445.0,24,-24,320
2447.5,34,19,251
2450.0,-5,-11,309
2452.5,-5,-11,309
2455.0,-43,-44,318
2457.5,57,0,358
2460.0,4,8,364
2462.5,-1,-24,270
2465.0,24,-37,296
2467.5,29,-1,297
2470.0,17,14,309
2472.5,-25,-30,304
2475.0,-21,-6,310
2477.5,66,10,279
2480.0,-27,-67,338
2482.5,39,12,285
2485.0,51,-14,302
2487.5,-13,-29,311
2490.0,28,-12,295
2492.5,11,4,292
2495.0,18,-20,342
2497.5,-7,-20,272
2500.0,-1,-11,363
2502.5,-1,-11,363
2505.0,54,14,284
2507.5,40,11,280
2510.0,9,-14,269
2512.5,29,6,259
2515.0,-7,-19,323
2517.5,-28,6,340
2520.0,22,-12,326
2522.5,-14,-27,339
2525.0,48,-44,267
2527.5,33,-4,297
2530.0,-4,0,305
2532.5,54,12,288
2535.0,-18,-36,404
2537.5,46,-12,364
2540.0,-14,3,294
2542.5,1,-11,348
2545.0,-18,-17,247
2547.5,-5,20,287
2550.0,-17,24,313
2552.5,-17,24,313
2555.0,-26,-55,296
2557.5,-13,-10,327
2560.0,42,17,268
2562.5,20,-11,296
2565.0,-3,-20,313
2567.5,-45,67,213
2570.0,23,37,339
2572.5,73,-1,417
2575.0,-31,9,351
2577.5,-9,-47,319
2580.0,33,5,294
2582.5,61,27,254
2585.0,-34,-49,321
2587.5,37,-12,254
2590.0,14,-27,367
2592.5,-10,-2,307
2595.0,-10,-5,314
2597.5,34,-9,330
2600.0,110,-24,345
2602.5,110,-24,345
2605.0,48,17,262
2607.5,-102,-29,329
2610.0,-37,-15,257
2612.5,47,-36,280
2615.0,-15,9,341
2617.5,-46,-31,300
2620.0,-30,0,306
2622.5,-24,-14,326
2625.0,16,-7,267
2627.5,-30,-38,362
2630.0,88,-22,257
2632.5,-16,-66,309
2635.0,55,-6,323
2637.5,27,1,276
2640.0,43,28,331
2642.5,46,-25,359
2645.0,22,-35,298
2647.5,-29,-12,352
2650.0,6,-1,256
2652.5,6,-1,256
2655.0,1,-8,221
2657.5,12,-10,302
2660.0,33,-18,312
2662.5,34,-18,314
2665.0,-22,-27,303
2667.5,20,-27,281
2670.0,-30,5,348
2672.5,-6,-60,297
2675.0,7,-34,297
2677.5,-4,-2,296
2680.0,44,5,330
2682.5,-31,11,281
2685.0,-15,-21,336
2687.5,28,0,271
2690.0,23,-10,372
2692.5,23,-2,333
2695.0,40,18,260
2697.5,-14,-5,311
2700.0,-20,-25,252
2702.5,-20,-25,252
2705.0,-8,-10,312
2707.5,14,-13,329
2710.0,10,14,295
2712.5,-43,-28,363
2715.0,-3,30,324
2717.5,34,-48,310
2720.0,-18,-16,342
2722.5,158,20,248
2725.0,46,13,252
2727.5,4,10,237
2730.0,56,-47,367
2732.5,48,2,379
2735.0,53,-6,216
2737.5,37,-10,257
2740.0,13,-30,369
2742.5,36,14,208
2745.0,7,19,256
2747.5,-1,25,302
2750.0,23,-48,343
2752.5,23,-48,343
2755.0,-25,-13,273
2757.5,-22,-43,354
2760.0,5,10,179
2762.5,-6,-13,305
2765.0,18,-20,238
2767.5,-40,-14,436
2770.0,27,34,341
2772.5,68,25,264
2775.0,41,-22,286
2777.5,10,14,399
2780.0,-15,-22,213
2782.5,-63,-19,319
2785.0,24,-17,309
2787.5,12,-28,331
2790.0,0,-16,333
2792.5,44,23,315
2795.0,3,30,332
2797.5,58,21,253
2800.0,58,21,253
2802.5,-59,-59,298
2805.0,-17,-27,334
2807.5,67,23,243
2810.0,-24,-18,292
2812.5,8,-29,375
2815.0,53,10,286
2817.5,-31,3,324
2820.0,4,8,303
2822.5,48,-3,289
2825.0,-7,26,362
2827.5,85,-13,223
2830.0,22,7,297
2832.5,-2,-36,348
2835.0,20,-23,355
2837.5,-37,-38,359
2840.0,37,11,265
2842.5,70,8,333
2845.0,56,-32,284
2847.5,-2,-9,255
2850.0,-2,-9,255
2852.5,-41,-35,269
2855.0,-32,39,351
2857.5,68,36,353
2860.0,-19,-22,366
2862.5,21,-24,331
2865.0,-32,22,288
2867.5,-33,-35,318
2870.0,36,16,266
2872.5,-15,-5,281
2875.0,-6,6,320
2877.5,3,21,256
2880.0,-13,-23,358
2882.5,71,-54,327
2885.0,81,17,269
2887.5,1,-4,286
2890.0,20,-8,277
2892.5,23,8,304
2895.0,46,-10,346
2897.5,59,32,313
2900.0,59,32,313
2902.5,22,4,318
2905.0,27,39,338
2907.5,-83,-84,448
2910.0,8,-18,329
2912.5,20,24,261
2915.0,11,1,290
2917.5,14,-33,385
2920.0,19,-15,339
2922.5,-170,-140,408
2925.0,-5,-34,322
2927.5,-38,-23,321
2930.0,-14,3,263
2932.5,-59,14,318
2935.0,-12,-19,368
2937.5,-2,-45,362
2940.0,-55,-2,211
2942.5,51,1,331
2945.0,10,22,244
2947.5,21,-8,170
2950.0,21,-8,170
2952.5,-52,2,349
2955.0,22,25,321
2957.5,-84,-19,281
2960.0,97,30,337
2962.5,60,53,308
2965.0,-38,-15,368
2967.5,-71,-64,290
2970.0,-1,1,331
2972.5,34,22,296
2975.0,47,-6,261
2977.5,-19,15,325
2980.0,-30,-6,336
2982.5,58,20,293
2985.0,-34,17,353
2987.5,-18,9,225
2990.0,15,-53,314
2992.5,14,-19,287
2995.0,27,0,274
2997.5,-12,-10,327
3000.0,-12,-10,327
3002.5,-47,-19,334
3005.0,46,17,274
3007.5,-41,-35,329
3010.0,3,9,273
3012.5,39,9,297
3015.0,-19,-9,346
3017.5,37,11,262
3020.0,75,-24,224
3022.5,21,-16,302
3025.0,29,24,296
3027.5,-37,-26,371
3030.0,3,-28,327
3032.5,70,-18,206
3035.0,-10,-2,295
3037.5,11,17,219
3040.0,22,1,284
3042.5,-20,7,309
3045.0,12,-15,374
3047.5,5,-36,347
3050.0,5,-36,347
3052.5,7,-11,345
3055.0,40,6,230
3057.5,-34,-51,365
3060.0,-45,-32,234
3062.5,46,16,287
3065.0,22,-4,292
3067.5,20,-14,308
3070.0,8,-3,308
3072.5,-3,-4,342
3075.0,34,-8,297
3077.5,-2,-31,375
3080.0,-21,-26,257
3082.5,11,-14,269
3085.0,-21,-20,302
3087.5,-30,32,303
3090.0,-5,-15,284
3092.5,20,-36,383
3095.0,73,-28,240
3097.5,50,20,263
3100.0,50,20,263
3102.5,13,28,237
3105.0,10,41,336
3107.5,5,-12,327
3110.0,14,22,284
3112.5,-7,2,304
3115.0,32,-9,349
3117.5,16,-29,313
3120.0,-23,-21,252
3122.5,-104,50,278
3125.0,100,46,278
3127.5,-19,-38,261
3130.0,52,-1,262
3132.5,17,31,332
3135.0,25,-4,352
3137.5,-31,-20,403
3140.0,45,-7,326
3142.5,45,-47,278
3145.0,27,-31,290
3147.5,26,-3,305
3150.0,26,-3,305
3152.5,55,46,244
3155.0,-6,11,285
3157.5,-43,-52,370
3160.0,7,5,290
3162.5,-20,-3,366
3165.0,-18,-41,281
3167.5,-35,-3,368
3170.0,3,29,280
3172.5,34,5,182
3175.0,33,-3,294
3177.5,48,-3,335
3180.0,46,-4,215
3182.5,-7,-16,307
3185.0,-36,-26,320
3187.5,-12,-25,293
3190.0,1,4,336
3192.5,15,-5,296
3195.0,-15,-6,323
3197.5,14,-53,300
3200.0,14,-53,300
3202.5,-71,-48,290
3205.0,-26,-44,329
3207.5,61,25,272
3210.0,6,-33,264
3212.5,-46,-38,303
3215.0,-1,1,315
3217.5,30,-15,310
3220.0,0,-13,340
3222.5,51,-8,307
3225.0,15,-36,373
3227.5,-12,-68,226
3230.0,-12,-2,273
3232.5,-43,-32,288
3235.0,8,-2,375
3237.5,-19,-38,334
3240.0,23,21,331
3242.5,112,-22,300
3245.0,-23,-18,364
3247.5,22,-35,250
3250.0,22,-35,250
3252.5,43,4,294
3255.0,-9,-20,290
3257.5,22,-8,286
3260.0,27,9,327
3262.5,8,-38,355
3265.0,6,-11,304
3267.5,-27,-34,337
3270.0,76,38,252
3272.5,-1,27,276
3275.0,-43,-18,301
3277.5,-63,21,350
3280.0,-21,-10,377
3282.5,-60,-39,378
3285.0,39,-14,206
3287.5,1,-22,355
3290.0,51,10,267
3292.5,-37,8,271
3295.0,2,31,340
3297.5,2,31,340
3300.0,-13,-37,322
3302.5,7,-8,360
3305.0,4,-40,334
3307.5,16,-5,215
3310.0,5,1,305
3312.5,45,-10,263
3315.0,34,-1,298
3317.5,-40,14,326
3320.0,31,-13,291
3322.5,1,-67,343
3325.0,-40,-44,323
3327.5,49,61,191
3330.0,21,-45,374
3332.5,47,-2,252
3335.0,45,28,241
3337.5,-3,3,288
3340.0,32,10,325
3342.5,47,0,302
3345.0,71,-19,259
3347.5,71,-19,259
3350.0,6,1,226
3352.5,-13,-32,364
3355.0,-14,-12,231
3357.5,-2,-40,310
3360.0,4,-12,327
3362.5,24,1,264
3365.0,19,8,282
3367.5,29,-41,308
3370.0,27,-13,312
3372.5,-31,10,294
3375.0,2,38,257
3377.5,-10,-24,339
3380.0,-5,-14,332
3382.5,43,33,262
3385.0,-16,9,298
3387.5,36,-7,365
3390.0,72,23,281
3392.5,-26,-40,345
3395.0,1,-16,256
3397.5,1,-16,256
3400.0,2,0,265
3402.5,-59,-43,301
3405.0,-45,-70,426
3407.5,3,26,350
3410.0,-17,-2,305
3412.5,7,-20,289
3415.0,38,-11,374
3417.5,-8,-12,293
3420.0,-82,-43,269
3422.5,9,3,321
3425.0,32,1,255
3427.5,5,7,294
3430.0,-3,-29,337
3432.5,64,-14,321
3435.0,-2,-11,329
3437.5,-9,-33,279
3440.0,24,4,267
3442.5,9,-31,276
3445.0,15,-8,230
3447.5,15,-8,230
3450.0,10,0,288
3452.5,25,-27,330
3455.0,43,17,292
3457.5,3,-30,350
3460.0,26,-3,337
3462.5,131,-5,289
3465.0,-1,-42,310
3467.5,44,-19,284
3470.0,32,42,266
3472.5,16,-22,320
3475.0,-23,30,320
3477.5,-73,-60,409
3480.0,41,39,248
3482.5,-39,-35,209
3485.0,-53,-25,290
3487.5,45,-19,321
3490.0,10,-11,302
3492.5,-10,11,310
3495.0,13,13,306
3497.5,13,13,306
3500.0,-8,12,316
3502.5,26,-41,315
3505.0,27,12,250
3507.5,21,-76,300
3510.0,51,12,245
3512.5,1,-6,287
3515.0,-43,-4,325
3517.5,-32,1,330
3520.0,23,1,322
3522.5,-21,7,372
3525.0,7,-3,235
3527.5,-43,-42,359
3530.0,37,28,182
3532.5,-23,-26,314
3535.0,-11,-64,318
3537.5,-4,-1,318
3540.0,1,7,348
3542.5,35,-22,280
3545.0,72,16,279
3547.5,72,16,279
3550.0,57,4,295
3552.5,16,0,237
3555.0,-13,7,222
3557.5,-65,-30,365
3560.0,-11,-35,366
3562.5,20,19,349
3565.0,20,-16,301
3567.5,26,-57,293
3570.0,-13,-4,358
3572.5,66,3,232
3575.0,12,11,315
3577.5,41,-9,323
3580.0,24,-9,292
3582.5,3,-28,297
3585.0,3,-30,280
3587.5,109,70,244
3590.0,-12,-36,332
3592.5,-2,-34,230
3595.0,16,-13,326
3597.5,16,-13,326
3600.0,1,-9,322
3602.5,54,-2,309
3605.0,43,-2,354
3607.5,10,-39,293
3610.0,-47,50,275
3612.5,-33,-25,293
3615.0,35,21,277
3617.5,-61,-8,271
3620.0,-30,-35,323
3622.5,-27,-15,279
3625.0,-29,-36,374
3627.5,27,44,260
3630.0,22,12,265
3632.5,32,3,297
3635.0,39,4,279
3637.5,-9,-16,336
3640.0,34,-32,337
3642.5,56,-54,201
3645.0,-229,-178,441
3647.5,-229,-178,441
3650.0,-111,-18,367
3652.5,-14,-21,327
3655.0,-12,-18,282
3657.5,45,-17,256
3660.0,8,-9,387
3662.5,-23,-69,395
3665.0,19,20,264
3667.5,-57,-44,311
3670.0,-15,-5,311
3672.5,-25,-31,409
3675.0,15,-46,263
3677.5,26,-20,282
3680.0,61,-34,339
3682.5,14,30,362
3685.0,25,-2,282
3687.5,-33,-37,345
3690.0,51,-24,282
3692.5,31,-21,343
3695.0,31,-21,343
3697.5,-28,-26,265
3700.0,59,67,283
3702.5,1,3,355
3705.0,-13,5,384
3707.5,-30,-23,221
3710.0,-22,-8,344
3712.5,43,-33,244
3715.0,4,-7,287
3717.5,93,3,309
3720.0,33,-4,294
3722.5,53,-82,332
3725.0,57,-35,399
3727.5,-44,-32,292
3730.0,-107,-87,414
3732.5,29,14,291
3735.0,-21,-1,260
3737.5,-26,-26,318
3740.0,42,2,283
3742.5,67,-25,280
3745.0,67,-25,280
3747.5,15,9,272
3750.0,58,-21,258
3752.5,15,-13,294
3755.0,14,-25,306
3757.5,3,25,287
3760.0,4,-30,328
3762.5,43,-28,264
3765.0,41,22,301
3767.5,-1,-24,323
3770.0,48,-7,288
3772.5,-36,-21,365
3775.0,-65,-12,304
3777.5,28,-14,289
3780.0,-1,-58,291
3782.5,66,16,266
3785.0,-18,38,296
3787.5,-2,-22,333
3790.0,4,12,298
3792.5,1,-42,345
3795.0,1,-42,345
3797.5,-21,12,293
3800.0,45,1,294
3802.5,-22,-11,304
3805.0,5,-15,253
3807.5,-4,-12,309
3810.0,-9,2,338
3812.5,70,11,309
3815.0,-48,-32,344
3817.5,29,23,316
3820.0,58,-18,297
3822.5,-26,-23,326
3825.0,52,-4,229
3827.5,-13,34,272
3830.0,17,-29,351
3832.5,-6,-2,305
3835.0,-10,-17,375
3837.5,15,1,301
3840.0,33,63,231
3842.5,-3,22,254
3845.0,-3,22,254
3847.5,31,37,134
3850.0,-45,-20,373
3852.5,-17,7,373
3855.0,-14,-45,333
3857.5,25,-9,330
3860.0,11,-38,348
3862.5,29,-41,418
3865.0,1,2,151
3867.5,40,26,242
3870.0,-31,-68,256
3872.5,22,-32,328
3875.0,16,19,340
3877.5,40,-40,385
3880.0,16,23,183
3882.5,23,-9,305
3885.0,-27,-50,318
3887.5,8,-45,286
3890.0,-16,3,285
3892.5,-40,-21,344
3895.0,-40,-21,344
3897.5,-32,-37,385
3900.0,30,7,340
3902.5,29,12,285
3905.0,64,-19,212
3907.5,-37,-37,315
3910.0,59,-18,214
3912.5,-22,-19,344
3915.0,16,-32,390
3917.5,5,-11,361
3920.0,4,-9,341
3922.5,54,21,307
3925.0,52,4,248
3927.5,-6,-3,321
3930.0,15,-43,271
3932.5,37,-10,300
3935.0,20,-32,342
3937.5,53,24,297
3940.0,23,-4,365
3942.5,3,-18,339
3945.0,3,-18,339
3947.5,-22,7,229
3950.0,-29,-16,303
3952.5,-42,15,259
3955.0,-12,-8,305
3957.5,-25,17,352
3960.0,20,-4,319
3962.5,-9,-24,346
3965.0,-30,-63,308
3967.5,-43,-12,262
3970.0,-14,-17,312
3972.5,43,16,311
3975.0,7,12,298
3977.5,-34,-32,319
3980.0,18,43,220
3982.5,-40,17,351
3985.0,5,-1,287
3987.5,-4,14,268
3990.0,-21,-33,283
3992.5,13,4,261
3995.0,13,4,261
3997.5,-17,13,312
4000.0,-9,13,311
4002.5,42,-5,281
4005.0,19,-20,369
4007.5,16,-14,280
4010.0,-15,-47,302
4012.5,-21,3,283
4015.0,14,-27,333
4017.5,-44,10,348
4020.0,-18,-10,333
4022.5,-3,-18,291
4025.0,32,-44,284
4027.5,37,4,312
4030.0,48,9,362
4032.5,-23,-41,330
4035.0,21,0,270
4037.5,-3,-35,309
4040.0,3,12,315
4042.5,3,12,315
4045.0,-8,-4,275
4047.5,-44,-36,306
4050.0,-72,3,208
4052.5,-3,-19,321
4055.0,-19,-39,394
4057.5,52,33,248
4060.0,18,-18,284
4062.5,-31,15,332
4065.0,95,19,262
4067.5,-8,-10,277
4070.0,12,46,298
4072.5,-56,-4,341
4075.0,-6,9,288
4077.5,-50,-13,301
4080.0,12,-22,379
4082.5,7,9,304
4085.0,24,0,212
4087.5,68,8,292
4090.0,2,8,263
4092.5,2,8,263
4095.0,56,-44,291
4097.5,-11,-16,322
4100.0,66,-14,251
4102.5,-27,7,334
4105.0,-16,-25,320
4107.5,40,-15,274
4110.0,-23,0,362
4112.5,11,-34,274
4115.0,-26,-10,344
4117.5,-19,-20,318
4120.0,17,11,313
4122.5,-33,-14,292
4125.0,13,-27,332
4127.5,7,1,276
4130.0,-10,-15,360
4132.5,68,4,259
4135.0,23,13,268
4137.5,-10,-32,331
4140.0,7,20,297
4142.5,7,20,297
4145.0,-25,-53,322
4147.5,25,-32,265
4150.0,-2,-21,268
4152.5,-37,-26,391
4155.0,-5,-14,270
4157.5,11,-8,288
4160.0,-24,-28,314
4162.5,28,-33,325
4165.0,6,-6,279
4167.5,19,-60,355
4170.0,3,17,262
4172.5,-20,-13,347
4175.0,13,3,226
4177.5,16,15,303
4180.0,-4,-5,285
4182.5,25,28,256
4185.0,-67,-27,278
4187.5,15,-11,359
4190.0,90,-26,334
4192.5,90,-26,334
4195.0,-2,-14,344
4197.5,-13,-35,292
4200.0,40,3,281
4202.5,-22,-36,278
4205.0,55,20,270
4207.5,-49,-29,288
4210.0,-57,0,318
4212.5,-11,2,371
4215.0,20,-34,344
4217.5,33,5,373
4220.0,30,34,223
4222.5,-23,-10,299
4225.0,22,14,186
4227.5,24,-32,308
4230.0,11,18,362
4232.5,1,-41,422
4235.0,46,20,265
4237.5,2,-34,228
4240.0,45,25,237
4242.5,45,25,237
4245.0,22,5,336
4247.5,58,13,130
4250.0,-3,-15,288
4252.5,-18,22,388
4255.0,51,17,332
4257.5,10,-36,375
4260.0,51,-5,318
4262.5,-111,18,318
4265.0,7,-7,213
4267.5,49,14,249
4270.0,-21,-6,266
4272.5,-15,-114,329
4275.0,45,12,302
4277.5,-37,-5,393
4280.0,-16,-14,290
4282.5,-29,-14,289
4285.0,-9,-30,266
4287.5,52,0,288
4290.0,-13,-27,300
4292.5,-13,-27,300
4295.0,31,15,328
4297.5,-11,35,387
4300.0,22,-7,325
4302.5,40,36,202
4305.0,9,-24,270
4307.5,14,4,345
4310.0,43,4,291
4312.5,-22,-11,301
4315.0,10,-39,374
4317.5,51,8,264
4320.0,-31,-11,322
4322.5,40,23,286
4325.0,0,4,325
4327.5,47,9,289
4330.0,20,15,264
4332.5,-23,-24,286
4335.0,0,30,321
4337.5,7,-8,257
4340.0,-46,-18,333
4342.5,-46,-18,333
4345.0,21,-40,234
4347.5,19,20,300
4350.0,-23,-20,298
4352.5,16,18,324
4355.0,12,-14,333
4357.5,0,-16,346
4360.0,-47,-3,232
4362.5,-60,-33,327
4365.0,44,25,235
4367.5,35,-7,300
4370.0,-24,-11,303
4372.5,12,-18,320
4375.0,39,-1,330
4377.5,66,-13,320
4380.0,33,-4,295
4382.5,22,-30,303
4385.0,-54,-50,261
4387.5,18,-14,323
4390.0,-1,-1,277
4392.5,-1,-1,277
4395.0,38,-11,255
4397.5,-40,-21,369
4400.0,44,-11,386
4402.5,131,1,209
4405.0,-16,-59,334
4407.5,-5,-30,294
4410.0,-39,-7,275
4412.5,20,14,381
4415.0,39,-9,286
4417.5,-8,-24,331
4420.0,16,17,310
4422.5,82,-29,252
4425.0,-5,-22,357
4427.5,13,1,306
4430.0,6,0,260
4432.5,1,-9,350
4435.0,20,-6,343
4437.5,39,-9,314
4440.0,-11,13,251
4442.5,-11,13,251
4445.0,51,-4,273
4447.5,59,42,332
4450.0,32,-23,268
4452.5,4,33,287
4455.0,39,39,358
4457.5,10,25,339
4460.0,5,-31,353
4462.5,-8,35,269
4465.0,28,0,287
4467.5,-91,-36,303
4470.0,-51,19,291
4472.5,-7,-2,327
4475.0,-40,-1,279
4477.5,36,5,286
4480.0,4,-56,366
4482.5,-4,-67,324
4485.0,-35,23,265
4487.5,-59,-33,379
4490.0,42,18,272
4492.5,42,18,272
4495.0,-6,13,313
4497.5,-23,-4,299
4500.0,21,-5,339
4502.5,19,-30,346
4505.0,54,-32,381
4507.5,20,-45,309
4510.0,1,-13,345
4512.5,26,-20,299
4515.0,3,6,311
4517.5,16,-10,306
4520.0,7,21,297
4522.5,-28,-10,316
4525.0,10,-20,332
4527.5,52,-28,288
4530.0,-16,5,360
4532.5,43,18,238
4535.0,8,-2,283
4537.5,-7,-48,321
4540.0,-7,-48,321
4542.5,43,-40,282
4545.0,-19,-34,321
4547.5,23,-17,363
4550.0,0,-12,302
4552.5,-45,-42,363
4555.0,-3,-32,290
4557.5,-13,6,274
4560.0,-12,-39,296
4562.5,43,6,282
4565.0,12,-6,317
4567.5,-56,-36,352
4570.0,-49,-2,313
4572.5,16,-22,375
4575.0,-28,-21,324
4577.5,-71,-67,257
4580.0,6,13,293
4582.5,29,16,259
4585.0,-13,-17,297
4587.5,13,2,382
4590.0,13,2,382
4592.5,61,11,282
4595.0,-34,-62,380
4597.5,39,-7,247
4600.0,8,-23,284
4602.5,-40,8,291
4605.0,60,17,287
4607.5,-12,-8,342
4610.0,-9,3,351
4612.5,27,0,321
4615.0,29,-46,359
4617.5,29,-16,306
4620.0,35,-32,238
4622.5,10,-10,355
4625.0,36,7,232
4627.5,-47,-10,356
4630.0,-29,-16,371
4632.5,-13,12,442
4635.0,-9,-34,302
4637.5,1,-25,273
4640.0,1,-25,273
4642.5,63,13,225
4645.0,10,-10,344
4647.5,15,6,192
4650.0,14,-1,252
4652.5,-72,-50,387
4655.0,66,3,273
4657.5,19,5,309
4660.0,8,-14,335
4662.5,21,-16,349
4665.0,25,-3,255
4667.5,31,35,270
4670.0,21,-28,308
4672.5,-64,-22,329
4675.0,54,-4,335
4677.5,6,-21,320
4680.0,-23,-51,312
4682.5,29,-70,255
4685.0,4,16,293
4687.5,11,-23,289
4690.0,11,-23,289
4692.5,5,-13,352
4695.0,2,30,271
4697.5,42,-9,306
4700.0,7,-37,377
4702.5,-9,-14,265
4705.0,56,5,292
4707.5,30,3,286
4710.0,43,11,253
4712.5,2,-18,327
4715.0,32,-42,367
4717.5,-53,-73,327
4720.0,-13,-39,348
4722.5,18,18,245
4725.0,52,-9,290
4727.5,36,30,279
4730.0,29,1,270
4732.5,17,13,293
4735.0,20,-26,376
4737.5,43,9,250
4740.0,43,9,250
4742.5,-40,-10,336
4745.0,55,24,238
4747.5,30,-1,275
4750.0,48,15,303
4752.5,36,17,291
4755.0,5,2,351
4757.5,-3,-37,316
4760.0,-11,-87,391
4762.5,-56,-29,291
4765.0,35,6,238
4767.5,77,33,255
4770.0,-10,-15,308
4772.5,-50,14,291
4775.0,18,3,315
4777.5,-59,-51,319
4780.0,-14,-3,238
4782.5,-39,14,386
4785.0,38,28,200
4787.5,-52,27,313
4790.0,-52,27,313
4792.5,-14,-12,321
4795.0,50,13,304
4797.5,-21,-28,339
4800.0,15,0,385
4802.5,31,-12,262
4805.0,11,-18,348
4807.5,10,-35,219
4810.0,38,37,206
4812.5,3,3,311
4815.0,26,26,322
4817.5,42,30,252
4820.0,-3,4,329
4822.5,-14,-44,308
4825.0,4,-30,377
4827.5,79,32,241
4830.0,18,-34,254
4832.5,-7,-5,310
4835.0,57,20,282
4837.5,-52,-27,343
4840.0,-52,-27,343
4842.5,22,0,318
4845.0,12,-3,311
4847.5,22,-21,357
4850.0,-19,-26,263
4852.5,-10,-40,318
4855.0,78,26,292
4857.5,33,21,255
4860.0,54,11,299
4862.5,32,-21,362
4865.0,22,-38,306
4867.5,21,-69,330
4870.0,13,-66,332
4872.5,-24,-1,257
4875.0,21,-23,319
4877.5,21,-16,295
4880.0,-11,-37,317
4882.5,24,-4,335
4885.0,64,9,271
4887.5,-41,0,394
4890.0,-41,0,394
4892.5,5,8,312
4895.0,-14,-26,284
4897.5,27,6,316
4900.0,72,-4,262
4902.5,82,30,238
4905.0,-13,7,300
4907.5,21,-5,290
4910.0,-9,-2,326
4912.5,18,-1,316
4915.0,56,-41,246
4917.5,-22,-14,337
4920.0,10,-12,225
4922.5,43,4,310
4925.0,-6,-17,292
4927.5,55,-20,260
4930.0,-12,-8,300
4932.5,16,18,355
4935.0,25,-9,305
4937.5,-14,-7,374
4940.0,-14,-7,374
4942.5,36,23,275
4945.0,-26,-17,273
4947.5,23,5,265
4950.0,19,6,279
4952.5,-11,-19,374
4955.0,-19,16,422
4957.5,-26,-16,365
4960.0,-30,-37,469
4962.5,15,-8,315
4965.0,12,13,285
4967.5,5,32,194
4970.0,9,21,309
4972.5,-32,-38,399
4975.0,-20,12,245
4977.5,-14,8,290
4980.0,-9,-39,386
4982.5,-15,-92,277
4985.0,51,0,294
4987.5,5,27,340
4990.0,5,27,340
4992.5,73,19,245
4995.0,-6,5,310
4997.5,-14,23,312
5000.0,50,-7,331
5002.5,-21,-16,314
5005.0,6,-24,358
5007.5,20,14,174
5010.0,7,-42,303
5012.5,55,29,247
5015.0,-24,-3,267
5017.5,-58,-1,329
5020.0,46,75,239
5022.5,-47,-30,384
5025.0,5,-73,270
5027.5,-38,-55,329
5030.0,41,33,306
5032.5,-23,3,330
5035.0,19,-24,276
5037.5,19,-24,276
5040.0,-47,-49,326
5042.5,19,-2,297
5045.0,-22,13,371
5047.5,16,-18,258
5050.0,25,-22,237
5052.5,-26,-2,318
5055.0,58,20,247
5057.5,46,21,311
5060.0,18,-38,337
5062.5,-5,-17,385
5065.0,12,-29,336
5067.5,-37,-35,278
5070.0,53,-7,259
5072.5,-21,-13,293
5075.0,82,18,285
5077.5,-22,-36,262
5080.0,-36,-20,330
5082.5,-26,52,225
5085.0,-19,-27,372
5087.5,-19,-27,372
5090.0,-18,-25,250
5092.5,43,37,312
5095.0,-12,-29,308
5097.5,14,-1,286
5100.0,-35,-19,316
5102.5,34,-5,370
5105.0,70,-3,297
5107.5,-30,-12,361
5110.0,60,30,235
5112.5,-12,-30,248
5115.0,-13,-43,285
5117.5,42,-1,269
5120.0,17,-38,308
5122.5,35,-24,360
5125.0,164,-89,347
5127.5,5,6,442
5130.0,12,3,273
5132.5,28,-2,254
5135.0,0,-11,272
5137.5,0,-11,272
5140.0,22,-6,237
5142.5,-18,-14,363
5145.0,-41,-25,301
5147.5,71,16,233
5150.0,-66,-10,286
5152.5,-114,-24,240
5155.0,-20,-26,310
5157.5,11,17,263
5160.0,40,13,274
5162.5,-15,-24,365
5165.0,-37,6,341
5167.5,47,-9,269
5170.0,-15,-41,360
5172.5,18,35,239
5175.0,-28,-11,299
5177.5,-13,-21,295
5180.0,-69,-34,351
5182.5,16,-8,351
5185.0,-44,-14,351
5187.5,-44,-14,351
5190.0,9,-55,284
5192.5,-9,-10,349
5195.0,-33,8,286
5197.5,11,30,298
5200.0,4,12,343
5202.5,42,3,276
5205.0,16,-29,302
5207.5,-27,6,350
5210.0,-33,-87,296
5212.5,-35,-8,323
5215.0,95,12,302
5217.5,-14,-28,268
5220.0,8,-15,323
5222.5,6,-38,314
5225.0,9,-25,309
5227.5,22,-51,385
5230.0,14,-27,325
5232.5,22,-5,327
5235.0,30,7,290
5237.5,30,7,290
5240.0,44,-3,236
5242.5,44,0,268
5245.0,43,11,251
5247.5,21,20,273
5250.0,-11,2,268
5252.5,15,10,312
5255.0,-23,1,356
5257.5,-39,0,362
5260.0,108,26,214
5262.5,-29,-21,310
5265.0,-30,-7,226
5267.5,34,32,272
5270.0,22,16,299
5272.5,72,-1,298
5275.0,-10,-13,344
5277.5,-22,15,357
5280.0,34,2,270
5282.5,42,2,339
5285.0,30,-22,241
5287.5,30,-22,241
5290.0,63,26,251
5292.5,57,0,281
5295.0,2,-10,312
5297.5,-14,-30,295
5300.0,-9,-34,322
5302.5,-16,2,326
5305.0,-10,-4,376
5307.5,-18,-39,234
5310.0,-13,-33,245
5312.5,75,17,285
5315.0,7,9,265
5317.5,-52,-19,275
5320.0,1,-1,357
5322.5,50,46,341
5325.0,-58,-29,368
5327.5,-21,-45,335
5330.0,41,-29,340
5332.5,-10,-14,286
5335.0,42,-20,235
5337.5,42,-20,235
5340.0,-6,9,269
5342.5,20,20,369
5345.0,21,-83,444
5347.5,73,-1,298
5350.0,74,-10,347
5352.5,6,21,179
5355.0,17,-13,330
5357.5,43,14,359
5360.0,3,14,339
5362.5,2,17,314
5365.0,34,-21,393
5367.5,0,-33,327
5370.0,-1,11,281
5372.5,12,-25,247
5375.0,-58,-32,403
5377.5,-19,-25,251
5380.0,20,-13,272
5382.5,30,-30,265
5385.0,44,34,280
5387.5,44,34,280
5390.0,-27,-40,363
5392.5,56,44,283
5395.0,28,-3,253
5397.5,-33,-45,357
5400.0,21,27,242
5402.5,-1,-1,294
5405.0,20,11,366
5407.5,-2,-9,300
5410.0,-28,3,339
5412.5,41,41,274
5415.0,-13,-29,241
5417.5,-29,-28,317
5420.0,6,-31,297
5422.5,38,9,292
5425.0,5,-11,329
5427.5,1,-10,331
5430.0,24,-6,342
5432.5,-2,-8,391
5435.0,83,4,249
5437.5,83,4,249
5440.0,-37,-28,302
5442.5,7,12,267
5445.0,-28,-53,291
5447.5,-7,4,352
5450.0,29,-18,333
5452.5,-28,-19,403
5455.0,9,-13,296
5457.5,12,-44,307
5460.0,-16,-41,317
5462.5,-11,-12,270
5465.0,-22,-48,308
5467.5,-27,12,321
5470.0,-20,14,290
5472.5,-24,7,361
5475.0,14,-42,268
5477.5,111,4,290
5480.0,-1,-26,283
5482.5,49,23,265
5485.0,-5,-8,295
5487.5,-5,-8,295
5490.0,19,-37,377
5492.5,80,34,298
5495.0,13,2,350
5497.5,32,-31,242
5500.0,20,25,375
5502.5,4,11,309
5505.0,24,-19,338
5507.5,-2,9,258
5510.0,21,-27,387
5512.5,-33,14,334
5515.0,9,2,392
5517.5,4,-24,320
5520.0,35,-39,291
5522.5,-4,-35,330
5525.0,-13,-9,301
5527.5,8,7,312
5530.0,24,4,344
5532.5,12,24,299
5535.0,12,24,299
5537.5,-113,-104,362
5540.0,-45,-3,311
5542.5,7,18,299
5545.0,-27,-11,293
5547.5,23,14,304
5550.0,24,-9,353
5552.5,42,-31,278
5555.0,48,-54,246
5557.5,22,-33,336
5560.0,34,-22,276
5562.5,-17,-13,285
5565.0,73,-7,270
5567.5,65,27,276
5570.0,-17,11,295
5572.5,6,-11,322
5575.0,24,-34,291
5577.5,1,-46,383
5580.0,52,21,287
5582.5,29,18,285
5585.0,29,18,285
5587.5,-11,-19,314
5590.0,5,-7,252
5592.5,12,-12,305
5595.0,-17,8,337
5597.5,79,9,281
5600.0,2,1,379
5602.5,10,-1,268
5605.0,33,-35,256
5607.5,-28,-40,337
5610.0,-12,-12,304
5612.5,24,-61,311
5615.0,0,-23,371
5617.5,13,-5,302
5620.0,91,-21,314
5622.5,26,-13,316
5625.0,49,6,275
5627.5,-33,-17,370
5630.0,-13,-17,236
5632.5,23,-11,308
5635.0,23,-11,308
5637.5,-3,-3,294
5640.0,66,4,288
5642.5,-23,-32,299
5645.0,-9,0,336
5647.5,-11,-5,278
5650.0,-30,-24,317
5652.5,2,-31,261
5655.0,-2,-17,284
5657.5,-7,5,289
5660.0,25,11,308
5662.5,-21,-38,328
5665.0,40,-26,372
5667.5,16,-14,305
5670.0,-27,-30,376
5672.5,65,45,261
5675.0,1,2,291
5677.5,-27,-32,316
5680.0,18,3,263
5682.5,1,1,330
5685.0,1,1,330
5687.5,1,-38,360
5690.0,50,10,317
5692.5,37,-36,353
5695.0,6,12,225
5697.5,63,-22,273
5700.0,-78,-35,278
5702.5,-57,-45,403
5705.0,18,-24,301
5707.5,-8,-6,309
5710.0,4,0,248
5712.5,19,-26,360
5715.0,6,1,248
5717.5,-32,-20,318
5720.0,-19,-25,358
5722.5,-7,-3,257
5725.0,6,-12,277
5727.5,4,25,372
5730.0,43,-6,355
5732.5,15,-25,302
5735.0,15,-25,302
5737.5,33,-23,379
5740.0,60,25,204
5742.5,-64,-43,301
5745.0,-21,-14,264
5747.5,-45,-12,416
5750.0,45,5,412
5752.5,48,-11,322
5755.0,8,-12,366
5757.5,33,18,278
5760.0,80,3,256
5762.5,31,-35,214
5765.0,3,-4,322
5767.5,-22,-3,328
5770.0,-18,-12,371
5772.5,41,10,274
5775.0,-1,10,333
5777.5,43,-65,226
5780.0,39,-1,283
5782.5,33,1,302
5785.0,33,1,302
5787.5,23,-18,254
5790.0,-4,6,281
5792.5,58,9,312
5795.0,59,1,319
5797.5,14,-39,327
5800.0,8,-34,334
5802.5,41,10,236
5805.0,-24,-13,345
5807.5,13,2,221
5810.0,-58,-31,323
5812.5,11,-3,313
5815.0,39,7,322
5817.5,19,-5,348
5820.0,26,36,278
5822.5,-2,11,249
5825.0,23,-7,284
5827.5,3,22,303
5830.0,-6,16,265
5832.5,-29,15,313
5835.0,-29,15,313
5837.5,13,27,239
5840.0,-87,-33,392
5842.5,6,10,261
5845.0,-4,-49,281
5847.5,-5,-16,284
5850.0,70,-3,278
5852.5,-9,-14,300
5855.0,3,-41,332
5857.5,-16,-18,286
5860.0,-43,-26,343
5862.5,29,-27,259
5865.0,6,-14,277
5867.5,7,-8,245
5870.0,-12,-45,241
5872.5,85,34,279
5875.0,11,-32,317
5877.5,39,-39,228
5880.0,-43,-24,399
5882.5,30,17,290
5885.0,30,17,290
5887.5,69,-36,200
5890.0,16,-31,271
5892.5,-39,17,264
5895.0,0,9,254
5897.5,45,-9,355
5900.0,23,-31,289
5902.5,-8,-67,381
5905.0,47,28,292
5907.5,39,-33,260
5910.0,-42,0,262
5912.5,-18,2,294
5915.0,0,13,290
5917.5,-7,22,328
5920.0,-23,13,303
5922.5,-136,-40,434
5925.0,22,11,271
5927.5,-29,-31,229
5930.0,-5,15,320
5932.5,23,1,296
5935.0,23,1,296
5937.5,35,-28,322
5940.0,39,-24,339
5942.5,54,25,264
5945.0,-4,-1,295
5947.5,0,-35,264
5950.0,46,-2,317
5952.5,42,32,274
5955.0,7,-16,235
5957.5,-3,13,303
5960.0,-14,-27,345
5962.5,25,17,261
5965.0,-21,-33,333
5967.5,50,11,242
5970.0,2,38,199
5972.5,-43,-22,270
5975.0,62,-14,290
5977.5,7,-5,301
5980.0,11,-10,321
5982.5,11,-10,321
5985.0,61,-20,320
5987.5,26,-3,375
5990.0,47,16,345
5992.5,30,-25,256
5995.0,-30,-26,325
5997.5,85,27,202
6000.0,22,-17,290
6002.5,-29,-7,293
6005.0,8,24,328
6007.5,-21,-16,350
6010.0,-11,-46,346
6012.5,-11,-44,230
6015.0,-29,-2,298
6017.5,-36,-34,228
6020.0,36,-23,292
6022.5,20,9,316
6025.0,36,9,264
6027.5,6,3,330
6030.0,24,-25,317
6032.5,24,-25,317
6035.0,9,-17,236
6037.5,25,-10,339
6040.0,64,9,248
6042.5,21,6,262
6045.0,6,-20,283
6047.5,33,12,223
6050.0,8,-6,311
6052.5,12,-13,363
6055.0,-4,-4,340
6057.5,-20,-1,368
6060.0,78,9,248
6062.5,-38,-37,111
6065.0,-8,56,276
6067.5,129,17,236
6070.0,-27,-15,201
6072.5,-2,-37,401
6075.0,15,14,347
6077.5,1,-11,357
6080.0,7,-51,201
6082.5,7,-51,201
6085.0,89,25,272
6087.5,60,0,434
6090.0,-4,-29,149
6092.5,-9,1,323
6095.0,-17,-17,290
6097.5,-1,-34,305
6100.0,-20,-12,336
6102.5,31,-64,206
6105.0,28,38,215
6107.5,20,12,448
6110.0,36,14,259
6112.5,-22,-9,336
6115.0,-38,12,298
6117.5,-62,-55,360
6120.0,-6,-8,371
6122.5,-13,-8,303
6125.0,-27,-13,257
6127.5,-18,-27,301
6130.0,-21,6,281
6132.5,-21,6,281
6135.0,40,8,244
6137.5,-50,-33,364
6140.0,22,5,380
6142.5,-4,-27,355
6145.0,-13,-43,293
6147.5,17,-13,257
6150.0,6,13,277
6152.5,32,-5,272
6155.0,-37,-34,264
6157.5,-40,-44,349
6160.0,34,11,294
6162.5,-20,-25,343
6165.0,6,-32,313
6167.5,4,-7,310
6170.0,25,-33,280
6172.5,39,12,274
6175.0,-34,1,356
6177.5,-5,9,317
6180.0,51,33,258
6182.5,51,33,258
6185.0,-5,-7,350
6187.5,-15,-43,284
6190.0,57,-2,293
6192.5,-84,-74,262
6195.0,48,6,287
6197.5,8,6,310
6200.0,3,-22,365
6202.5,20,10,275
6205.0,-19,17,373
6207.5,19,25,241
6210.0,-74,-85,259
6212.5,-1,0,282
6215.0,44,33,272
6217.5,-28,-39,302
6220.0,35,-25,329
6222.5,-27,-72,281
6225.0,-51,-52,353
6227.5,38,-31,255
6230.0,26,20,267
6232.5,26,20,267
6235.0,-7,1,303
6237.5,25,5,278
6240.0,-86,-25,265
6242.5,-3,-31,337
6245.0,51,10,366
6247.5,-50,-51,370
6250.0,41,-12,233
6252.5,44,-13,308
6255.0,0,0,297
6257.5,44,-11,284
6260.0,-20,-26,305
6262.5,-59,-68,373
6265.0,68,-44,314
6267.5,43,-10,384
6270.0,41,12,234
6272.5,-10,6,244
6275.0,-41,-11,296
6277.5,-37,13,264
6280.0,6,-40,266
6282.5,6,-40,266
6285.0,-13,0,288
6287.5,16,-4,266
6290.0,42,-14,391
6292.5,37,24,255
6295.0,-132,-62,327
6297.5,15,43,330
6300.0,20,-7,311
6302.5,10,-18,291
6305.0,-5,-26,336
6307.5,-68,-14,297
6310.0,-25,8,376
6312.5,31,-27,271
6315.0,47,-21,228
6317.5,13,25,303
6320.0,45,-18,288
6322.5,-94,-32,248
6325.0,82,1,374
6327.5,-11,-29,319
6330.0,6,-29,355
6332.5,6,-29,355
6335.0,-11,-17,277
6337.5,-41,-55,275
6340.0,-19,11,324
6342.5,16,-8,254
6345.0,8,-14,256
6347.5,3,-23,359
6350.0,74,11,292
6352.5,4,-21,348
6355.0,35,63,316
6357.5,58,-18,264
6360.0,-32,-49,332
6362.5,61,16,285
6365.0,32,27,291
6367.5,88,-7,316
6370.0,-41,0,256
6372.5,-65,-16,362
6375.0,-7,-19,356
6377.5,29,6,285
6380.0,-13,-33,341
6382.5,-13,-33,341
6385.0,-14,-46,227
6387.5,9,-4,253
6390.0,4,0,283
6392.5,17,13,321
6395.0,-60,-23,327
6397.5,-7,-7,335
6400.0,79,21,286
6402.5,3,-39,354
6405.0,75,4,238
6407.5,-89,-51,291
6410.0,33,-1,302
6412.5,10,-13,281
6415.0,-20,-4,273
6417.5,30,-18,355
6420.0,-24,-10,284
6422.5,-30,-19,379
6425.0,57,6,247
6427.5,73,-15,262
6430.0,73,-15,262
6432.5,4,-13,275
6435.0,9,24,238
6437.5,-5,6,335
6440.0,14,23,321
6442.5,21,43,179
6445.0,-24,-60,434
6447.5,2,32,277
6450.0,-28,-3,209
6452.5,31,19,253
6455.0,26,29,302
6457.5,-2,-24,403
6460.0,7,-29,267
6462.5,50,-91,329
6465.0,3,24,302
6467.5,28,-12,301
6470.0,96,19,270
6472.5,-73,-39,385
6475.0,32,-12,176
6477.5,-3,12,330
6480.0,-3,12,330
6482.5,-33,18,316
6485.0,39,-22,262
6487.5,-36,-17,289
6490.0,-57,-63,367
6492.5,73,-14,251
6495.0,-18,-6,355
6497.5,62,28,285
6500.0,-13,-24,278
6502.5,14,-5,355
6505.0,42,3,242
6507.5,-13,-32,389
6510.0,34,-8,313
6512.5,-10,-42,299
6515.0,74,-10,285
6517.5,30,3,324
6520.0,38,-4,303
6522.5,-46,50,301
6525.0,71,8,308
6527.5,7,-15,339
6530.0,7,-15,339
6532.5,-11,-3,312
6535.0,35,-14,204
6537.5,-40,-26,320
6540.0,44,15,305
6542.5,-28,-24,294
6545.0,-10,23,324
6547.5,-9,-28,312
6550.0,-22,-36,338
6552.5,35,-11,297
6555.0,47,-13,267
6557.5,2,-13,306
6560.0,25,16,273
6562.5,-25,-57,328
6565.0,-12,-55,355
6567.5,97,-19,316
6570.0,24,-17,345
6572.5,26,13,255
6575.0,79,10,274
6577.5,36,-11,297
6580.0,36,-11,297
6582.5,52,-17,317
6585.0,-5,15,276
6587.5,31,-34,358
6590.0,149,20,339
6592.5,-22,-33,397
6595.0,36,39,220
6597.5,15,22,300
6600.0,6,-20,296
6602.5,26,-8,300
6605.0,15,-50,336
6607.5,31,-8,357
6610.0,133,-72,315
6612.5,87,-12,396
6615.0,163,62,235
6617.5,60,9,210
6620.0,-19,-28,296
6622.5,27,6,269
6625.0,95,61,362
6627.5,2,-25,339
6630.0,2,-25,339
6632.5,-19,-29,257
6635.0,-32,-34,352
6637.5,58,40,220
6640.0,-55,-21,310
6642.5,-9,26,327
6645.0,13,-18,308
6647.5,-7,-12,360
6650.0,-6,8,324
6652.5,34,37,250
6655.0,-8,-15,308
6657.5,32,19,218
6660.0,-13,-2,298
6662.5,-17,-10,279
6665.0,58,39,281
6667.5,-54,-17,324
6670.0,9,1,351
6672.5,-16,-26,321
6675.0,-31,-33,385
6677.5,-12,-35,265
6680.0,-12,-35,265
6682.5,19,-59,335
6685.0,-7,-29,344
6687.5,43,-13,283
6690.0,21,6,333
6692.5,22,-32,348
6695.0,-44,-37,296
6697.5,-9,-11,350
6700.0,28,-30,296
6702.5,-4,6,218
6705.0,-8,21,323
6707.5,2,-11,332
6710.0,15,-52,333
6712.5,67,19,321
6715.0,23,-10,331
6717.5,-9,14,340
6720.0,-15,-43,340
6722.5,73,-7,263
6725.0,-37,-27,323
6727.5,62,-24,244
6730.0,62,-24,244
6732.5,19,29,253
6735.0,6,5,265
6737.5,17,21,337
6740.0,12,24,316
6742.5,43,28,313
6745.0,-21,7,277
6747.5,-19,-29,358
6750.0,16,-37,269
6752.5,11,9,293
6755.0,49,14,282
6757.5,-1,-1,305
6760.0,7,-1,306
6762.5,13,5,339
6765.0,56,-60,292
6767.5,-1,-16,339
6770.0,81,18,271
6772.5,-19,-39,224
6775.0,-1,-12,277
6777.5,2,16,289
6780.0,2,16,289
6782.5,35,11,314
6785.0,-26,-36,340
6787.5,13,-19,279
6790.0,-7,-2,376
6792.5,8,-2,287
6795.0,55,-25,275
6797.5,-9,-23,291
6800.0,11,-15,288
6802.5,-31,-29,313
6805.0,15,-11,297
6807.5,2,-25,285
6810.0,89,23,344
6812.5,6,3,185
6815.0,12,36,316
6817.5,-14,-8,319
6820.0,69,2,211
6822.5,6,16,232
6825.0,-1,-33,374
6827.5,-1,-33,374
6830.0,33,42,457
6832.5,3,-37,270
6835.0,30,-13,392
6837.5,31,-23,213
6840.0,5,-46,342
6842.5,0,17,272
6845.0,4,38,333
6847.5,-18,-4,271
6850.0,44,0,345
6852.5,87,-19,269
6855.0,43,-14,340
6857.5,1,-38,209
6860.0,-28,6,350
6862.5,43,21,192
6865.0,62,-16,297
6867.5,44,-2,316
6870.0,48,17,256
6872.5,74,38,297
6875.0,46,-15,304
6877.5,46,-15,304
6880.0,-74,-31,328
6882.5,-1,-25,378
6885.0,-5,5,251
6887.5,18,-27,283
6890.0,3,15,295
6892.5,57,-17,279
6895.0,46,-18,328
6897.5,8,-16,293
6900.0,33,-44,292
6902.5,6,1,342
6905.0,3,-13,228
6907.5,57,24,300
6910.0,11,7,314
6912.5,70,12,320
6915.0,6,-15,286
6917.5,-21,-32,358
6920.0,-11,-17,248
6922.5,-19,-40,352
6925.0,108,42,241
6927.5,108,42,241
6930.0,-8,-31,277
6932.5,16,-7,286
6935.0,13,5,298
6937.5,34,-12,391
6940.0,-27,-75,345
6942.5,23,-39,267
6945.0,10,3,339
6947.5,3,10,235
6950.0,-9,11,271
6952.5,46,-35,347
6955.0,40,18,285
6957.5,48,-2,351
6960.0,62,-49,317
6962.5,23,20,237
6965.0,-4,-28,310
6967.5,64,13,217
6970.0,25,11,325
6972.5,-8,-11,367
6975.0,39,-2,311
6977.5,39,-2,311
6980.0,-13,-15,292
6982.5,41,-8,227
6985.0,61,39,303
6987.5,0,-41,304
6990.0,4,-34,275
6992.5,52,22,276
6995.0,34,-26,349
6997.5,37,12,404
7000.0,-28,-25,372
7002.5,-22,22,339
7005.0,6,-70,216
7007.5,-31,-30,272
7010.0,-4,-1,300
7012.5,-22,-17,281
7015.0,0,14,343
7017.5,-29,8,344
7020.0,17,8,328
7022.5,47,-4,239
7025.0,32,-67,189
7027.5,32,-67,189
7030.0,10,-27,310
7032.5,-20,8,281
7035.0,-32,15,292
7037.5,11,32,307
7040.0,2,-48,310
7042.5,69,7,269
7045.0,52,-9,298
7047.5,83,56,234
7050.0,4,3,309
7052.5,117,51,239
7055.0,57,-46,390
7057.5,-14,-22,336
7060.0,43,26,283
7062.5,8,-18,337
7065.0,-9,-64,322
7067.5,22,-12,300
7070.0,-14,-23,372
7072.5,14,-21,270
7075.0,-43,-17,345
7077.5,-43,-17,345
7080.0,-17,-36,334
7082.5,7,9,279
7085.0,41,41,292
7087.5,25,-44,376
7090.0,7,-11,341
7092.5,-28,-1,334
7095.0,-51,10,265
7097.5,82,19,288
7100.0,14,-6,268
7102.5,27,25,259
7105.0,-16,3,291
7107.5,-12,25,325
7110.0,47,-7,260
7112.5,-105,-20,368
7115.0,-2,-28,332
7117.5,-31,-31,308
7120.0,17,-14,336
7122.5,-22,-8,263
7125.0,-14,-10,285
7127.5,-14,-10,285
7130.0,-23,-18,371
7132.5,0,32,286
7135.0,7,-22,353
7137.5,57,19,309
7140.0,51,-22,281
7142.5,-38,-11,318
7145.0,77,34,248
7147.5,9,9,287
7150.0,33,10,302
7152.5,10,38,326
7155.0,-47,1,318
7157.5,22,-33,358
7160.0,0,-10,252
7162.5,-33,-17,339
7165.0,-20,-8,236
7167.5,17,-21,307
7170.0,-20,-14,329
7172.5,25,8,297
7175.0,24,-33,301
7177.5,24,-33,301
7180.0,67,-4,270
7182.5,10,-51,264
7185.0,-59,-56,394
7187.5,-73,-76,405
7190.0,39,0,289
7192.5,-20,-29,315
7195.0,63,10,262
7197.5,-22,-20,320
7200.0,49,13,263
7202.5,27,-3,367
7205.0,22,-17,384
7207.5,58,31,196
7210.0,-18,32,267
7212.5,17,-14,286
7215.0,26,28,323
7217.5,42,5,263
7220.0,13,-26,311
7222.5,-42,-3,355
7225.0,-26,-34,354
7227.5,-26,-34,354
7230.0,43,23,254
7232.5,13,-12,380
7235.0,5,23,322
7237.5,26,-19,242
7240.0,43,17,280
7242.5,0,-34,379
7245.0,29,25,261
7247.5,4,-14,297
7250.0,-8,3,385
7252.5,18,-2,225
7255.0,6,16,332
7257.5,10,-13,257
7260.0,-21,-34,374
7262.5,-31,15,313
7265.0,-21,-7,285
7267.5,-16,-24,285
7270.0,-16,-64,302
7272.5,62,-6,231
7275.0,21,-30,273
7277.5,21,-30,273
7280.0,8,10,303
7282.5,-15,31,308
7285.0,11,19,325
7287.5,15,-3,272
7290.0,-124,-43,426
7292.5,56,3,233
7295.0,19,-14,295
7297.5,20,10,326
7300.0,46,18,290
7302.5,-42,-18,306
7305.0,-52,-18,343
7307.5,0,5,299
7310.0,-29,-13,370
7312.5,-5,-53,277
7315.0,12,4,277
7317.5,-15,-38,322
7320.0,3,-22,278
7322.5,48,7,298
7325.0,48,7,298
7327.5,43,-25,377
7330.0,-51,-46,326
7332.5,-27,-15,372
7335.0,94,25,252
7337.5,28,2,239
7340.0,-10,-51,333
7342.5,53,-12,266
7345.0,-86,-8,268
7347.5,37,-24,372
7350.0,40,11,317
7352.5,19,16,397
7355.0,159,75,284
7357.5,21,57,267
7360.0,28,8,287
7362.5,19,2,262
7365.0,11,5,292
7367.5,33,48,349
7370.0,2,-35,302
7372.5,13,-22,370
7375.0,13,-22,370
7377.5,-8,30,270
7380.0,-7,-8,358
7382.5,-1,-14,298
7385.0,7,8,243
7387.5,-4,-49,323
7390.0,64,-18,374
7392.5,-33,-91,239
7395.0,-39,-27,362
7397.5,-18,-14,268
7400.0,-13,31,183
7402.5,-96,-46,388
7405.0,17,21,328
7407.5,-103,-2,379
7410.0,55,-25,423
7412.5,44,48,242
7415.0,-50,-12,357
7417.5,5,-10,333
7420.0,-27,10,278
7422.5,75,28,284
7425.0,75,28,284
7427.5,11,-37,288
7430.0,4,-22,299
7432.5,-18,-22,359
7435.0,-10,-16,327
7437.5,9,-23,311
7440.0,25,-4,362
7442.5,12,-41,295
7445.0,21,-6,269
7447.5,9,-8,263
7450.0,-22,-50,329
7452.5,-59,-36,329
7455.0,19,-4,304
7457.5,-6,-29,357
7460.0,2,-29,307
7462.5,27,-25,267
7465.0,-6,-35,344
7467.5,12,-30,273
7470.0,-26,15,263
7472.5,5,28,259
7475.0,5,28,259
7477.5,30,12,272
7480.0,59,3,321
7482.5,-17,4,329
7485.0,17,60,238
7487.5,-5,-7,350
7490.0,53,-7,301
7492.5,-20,-9,297
7495.0,12,-11,299
7497.5,58,22,281
7500.0,35,-80,332
7502.5,45,-24,390
7505.0,-50,-10,265
7507.5,-33,-44,365
7510.0,62,0,259
7512.5,44,-1,275
7515.0,-10,-21,285
7517.5,-11,-22,326
7520.0,21,2,320
7522.5,-33,-38,335
7525.0,-33,-38,335
7527.5,28,-34,333
7530.0,-33,-37,378
7532.5,-1,-29,278
7535.0,7,-37,257
7537.5,18,-2,299
7540.0,15,-28,285
7542.5,20,-26,299
7545.0,5,-3,350
7547.5,41,10,310
7550.0,136,-40,331
7552.5,6,-2,365
7555.0,35,30,291
7557.5,-56,-48,349
7560.0,96,8,203
7562.5,8,3,293
7565.0,1,-41,351
7567.5,49,2,353
7570.0,52,-5,305
7572.5,-7,-2,278
7575.0,-7,-2,278
7577.5,-65,-94,226
7580.0,-37,-49,280
7582.5,48,36,269
7585.0,8,1,327
7587.5,-62,4,301
7590.0,59,-9,247
7592.5,12,-6,370
7595.0,-20,-56,382
7597.5,14,-23,282
7600.0,-17,-22,317
7602.5,-7,49,281
7605.0,7,17,245
7607.5,36,41,315
7610.0,57,29,330
7612.5,-6,-21,339
7615.0,11,-51,277
7617.5,-7,-15,321
7620.0,22,3,363
7622.5,-6,0,198
7625.0,-6,0,198
7627.5,13,-38,315
7630.0,-23,-38,337
7632.5,57,32,304
7635.0,40,20,281
7637.5,28,-20,337
7640.0,7,-15,310
7642.5,-32,-46,369
7645.0,16,-35,230
7647.5,17,36,297
7650.0,-16,-6,313
7652.5,-11,9,310
7655.0,68,-3,336
7657.5,-28,-15,331
7660.0,10,-82,221
7662.5,-2,10,291
7665.0,49,60,218
7667.5,3,-25,297
7670.0,-19,-36,324
7672.5,29,2,331
7675.0,29,2,331
7677.5,-58,-24,372
7680.0,9,-29,323
7682.5,21,-60,250
7685.0,4,10,317
7687.5,59,20,257
7690.0,3,14,273
7692.5,-17,-21,337
7695.0,-22,-41,294
7697.5,23,-19,362
7700.0,45,-28,321
7702.5,9,-25,274
7705.0,-24,-16,352
7707.5,17,20,267
7710.0,-2,-7,294
7712.5,0,2,298
7715.0,-24,-2,308
7717.5,43,-45,368
7720.0,42,33,268
7722.5,65,31,227
7725.0,65,31,227
7727.5,87,16,270
7730.0,7,-42,210
7732.5,-3,-32,289
7735.0,-11,-15,298
7737.5,33,-1,285
7740.0,-20,-43,366
7742.5,15,-39,365
7745.0,41,25,284
7747.5,30,28,271
7750.0,21,8,272
7752.5,-12,-15,318
7755.0,44,-7,315
7757.5,107,-65,294
7760.0,9,-7,341
7762.5,9,-2,339
7765.0,22,-5,239
7767.5,20,4,325
7770.0,-1,-59,278
7772.5,-33,-43,304
7775.0,-33,-43,304
7777.5,-15,-7,323
7780.0,-22,-3,307
7782.5,19,-37,344
7785.0,-22,14,361
7787.5,25,-3,235
7790.0,-38,-51,374
7792.5,-18,-30,276
7795.0,15,-10,342
7797.5,-61,-59,351
7800.0,48,17,304
7802.5,35,6,301
7805.0,38,1,360
7807.5,65,-36,206
7810.0,-10,-63,367
7812.5,-18,-19,242
7815.0,23,4,264
7817.5,54,11,302
7820.0,-30,21,312
7822.5,106,35,248
7825.0,106,35,248
7827.5,28,15,239
7830.0,-14,-19,242
7832.5,-2,1,354
7835.0,4,9,242
7837.5,-8,-24,282
7840.0,19,-33,290
7842.5,24,5,181
7845.0,-15,-12,281
7847.5,-14,-21,330
7850.0,52,-21,296
7852.5,-32,3,365
7855.0,59,37,274
7857.5,36,-14,274
7860.0,21,9,309
7862.5,54,-11,291
7865.0,-28,0,289
7867.5,0,35,325
7870.0,2,-9,271
7872.5,2,-9,271
7875.0,-43,13,366
7877.5,21,-50,299
7880.0,44,0,255
7882.5,22,9,316
7885.0,101,20,265
7887.5,31,27,254
7890.0,3,-2,304
7892.5,24,14,318
7895.0,68,3,320
7897.5,14,-35,337
7900.0,14,15,244
7902.5,-22,-9,364
7905.0,52,-25,227
7907.5,13,-18,299
7910.0,1,-20,308
7912.5,37,5,269
7915.0,15,36,303
7917.5,48,17,347
7920.0,48,-3,301
7922.5,48,-3,301
7925.0,38,-49,387
7927.5,53,38,240
7930.0,80,-41,384
7932.5,-8,20,286
7935.0,0,-18,292
7937.5,11,4,321
7940.0,2,-46,428
7942.5,40,-13,313
7945.0,-98,-31,443
7947.5,-26,-18,233
7950.0,-43,-2,259
7952.5,3,2,268
7955.0,41,-6,365
7957.5,-27,13,270
7960.0,51,-5,325
7962.5,16,25,325
7965.0,-13,12,332
7967.5,-5,-28,276
7970.0,46,-15,246
7972.5,46,-15,246
7975.0,8,-9,312
7977.5,13,-1,255
7980.0,-40,-9,355
7982.5,0,-51,319
7985.0,27,23,328
7987.5,25,-42,305
7990.0,37,-108,268
7992.5,17,-15,275
7995.0,5,-31,251
7997.5,85,4,291
8000.0,34,-6,277
8002.5,-53,-54,360
8005.0,-13,-28,239
8007.5,-24,4,367
8010.0,-4,10,312
8012.5,11,-17,320
8015.0,5,-52,262
8017.5,-32,2,312
8020.0,-16,1,317
8022.5,-16,1,317
8025.0,9,-61,333
8027.5,23,45,280
8030.0,-18,-3,319
8032.5,-15,-40,256
8035.0,35,-13,268
8037.5,8,4,300
8040.0,18,-16,208
8042.5,17,34,283
8045.0,18,-31,374
8047.5,87,5,294
8050.0,-22,-46,355
8052.5,17,17,262
8055.0,23,6,296
8057.5,5,-31,295
8060.0,-9,-24,304
8062.5,-8,-28,297
8065.0,5,6,351
8067.5,-14,-18,351
8070.0,-54,-21,345
8072.5,-54,-21,345
8075.0,-12,-19,260
8077.5,53,41,270
8080.0,-30,-19,310
8082.5,54,-4,299
8085.0,42,12,320
8087.5,34,-4,344
8090.0,87,-3,317
8092.5,-29,-42,353
8095.0,115,-20,282
8097.5,8,-26,286
8100.0,29,12,250
8102.5,7,16,298
8105.0,-16,-13,292
8107.5,2,33,352
8110.0,25,-14,344
8112.5,-45,-30,380
8115.0,69,56,246
8117.5,26,-17,233
8120.0,66,52,312
8122.5,66,52,312
8125.0,48,12,267
8127.5,4,-25,336
8130.0,48,-3,412
8132.5,3,0,246
8135.0,-25,-46,299
8137.5,47,-18,315
8140.0,-37,9,324
8142.5,20,18,271
8145.0,8,27,331
8147.5,20,10,316
8150.0,161,-4,284
8152.5,29,45,270
8155.0,-28,-33,340
8157.5,73,42,233
8160.0,-54,-31,262
8162.5,-48,-8,317
8165.0,17,9,262
8167.5,-6,-3,345
8170.0,15,-17,342
8172.5,15,-17,342
8175.0,3,-2,285
8177.5,6,-14,335
8180.0,53,30,281
8182.5,66,-13,337
8185.0,-56,-49,308
8187.5,38,-17,239
8190.0,21,-32,305
8192.5,-39,12,323
8195.0,9,-3,248
8197.5,-8,-9,367
8200.0,35,34,293
8202.5,25,-9,211
8205.0,-14,-58,328
8207.5,22,-13,303
8210.0,-18,-15,291
8212.5,12,-11,319
8215.0,-8,-38,263
8217.5,1,-12,314
8220.0,46,26,270
8222.5,46,26,270
8225.0,40,-4,276
8227.5,-55,10,285
8230.0,29,-59,315
8232.5,-6,-30,308
8235.0,2,-4,286
8237.5,23,13,296
8240.0,-12,-36,322
8242.5,-11,-69,335
8245.0,38,-28,250
8247.5,-24,-20,339
8250.0,11,-24,236
8252.5,-33,-42,316
8255.0,17,-22,324
8257.5,30,3,282
8260.0,-14,4,338
8262.5,25,-12,317
8265.0,49,-13,273
8267.5,-30,-28,359
8270.0,63,19,272
8272.5,63,19,272
8275.0,44,21,287
8277.5,-21,-22,300
8280.0,15,-3,281
8282.5,36,14,324
8285.0,21,-29,358
8287.5,58,0,251
8290.0,-6,-15,378
8292.5,46,-39,134
8295.0,-11,-46,245
8297.5,40,14,304
8300.0,25,-10,384
8302.5,63,41,218
8305.0,1,-2,319
8307.5,-14,-25,250
8310.0,13,1,363
8312.5,60,-22,137
8315.0,29,-3,313
8317.5,1,-15,425
8320.0,-15,-39,239
8322.5,-15,-39,239
8325.0,33,15,288
8327.5,54,8,416
8330.0,74,3,322
8332.5,-69,-36,308
8335.0,-22,-18,299
8337.5,74,-2,349
8340.0,83,24,281
8342.5,7,-21,236
8345.0,28,-23,262
8347.5,26,18,312
8350.0,30,13,370
8352.5,-8,-8,320
8355.0,-19,25,308
8357.5,2,-23,290
8360.0,-48,-6,371
8362.5,29,30,287
8365.0,-34,-15,322
8367.5,-21,-13,335
8370.0,-21,-13,335
8372.5,-44,-32,335
8375.0,36,-12,330
8377.5,13,-49,256
8380.0,31,16,255
8382.5,-55,-51,292
8385.0,31,13,289
8387.5,-27,-22,297
8390.0,16,-2,401
8392.5,55,17,303
8395.0,-37,-12,342
8397.5,4,-48,263
8400.0,-5,8,235
8402.5,-11,-11,296
8405.0,-4,1,245
8407.5,18,-7,307
8410.0,7,-51,322
8412.5,13,-4,317
8415.0,19,9,365
8417.5,-10,-62,326
8420.0,-10,-62,326
8422.5,0,-38,271
8425.0,-8,-25,321
8427.5,38,23,285
8430.0,9,-25,317
8432.5,4,9,315
8435.0,30,10,280
8437.5,11,-12,382
8440.0,-14,-53,281
8442.5,58,-31,275
8445.0,4,1,284
8447.5,74,23,248
8450.0,10,0,288
8452.5,-59,-25,333
8455.0,42,-5,286
8457.5,-8,-11,347
8460.0,16,5,234
8462.5,16,-15,311
8465.0,7,-54,311
8467.5,-19,-89,279
8470.0,-19,-89,279
8472.5,63,1,298
8475.0,-26,-16,306
8477.5,-16,-11,264
8480.0,-8,-13,400
8482.5,14,34,273
8485.0,44,32,283
8487.5,-13,-12,300
8490.0,33,-40,251
8492.5,67,40,321
8495.0,86,8,357
8497.5,-32,-22,249
8500.0,-13,-57,350
8502.5,-34,-25,249
8505.0,29,-7,156
8507.5,20,6,327
8510.0,-9,32,339
8512.5,1,-45,288
8515.0,5,-27,343
8517.5,69,38,312
8520.0,69,38,312
8522.5,-3,-38,398
8525.0,-36,-44,294
8527.5,44,-1,285
8530.0,11,-27,274
8532.5,34,-5,289
8535.0,-51,-58,300
8537.5,27,-20,308
8540.0,-4,-20,283
8542.5,-13,-16,339
8545.0,0,-53,248
8547.5,127,24,286
8550.0,-19,-2,295
8552.5,16,22,260
8555.0,-36,2,316
8557.5,-16,-16,332
8560.0,70,-8,295
8562.5,-44,-7,331
8565.0,22,-39,296
8567.5,32,10,286
8570.0,32,10,286
8572.5,-55,-29,312
8575.0,40,34,286
8577.5,-44,-11,329
8580.0,-29,-40,352
8582.5,-29,7,275
8585.0,-2,15,348
8587.5,41,-32,325
8590.0,-59,-27,237
8592.5,-12,-24,372
8595.0,-43,-47,269
8597.5,-93,0,294
8600.0,1,-8,324
8602.5,48,-26,317
8605.0,54,-4,341
8607.5,15,-4,333
8610.0,49,11,252
8612.5,-4,-8,318
8615.0,65,29,260
8617.5,-17,-17,319
8620.0,-17,-17,319
8622.5,22,16,295
8625.0,44,-1,256
8627.5,32,8,313
8630.0,33,18,332
8632.5,-48,-11,318
8635.0,-73,-32,346
8637.5,46,6,246
8640.0,49,1,237
8642.5,-8,-14,300
8645.0,52,-13,299
8647.5,4,-8,309
8650.0,21,-24,371
8652.5,45,-12,325
8655.0,33,-32,365
8657.5,70,21,233
8660.0,43,-18,204
8662.5,-5,-6,329
8665.0,84,-6,280
8667.5,-14,-15,321
8670.0,-14,-15,321
8672.5,31,5,511
8675.0,48,1,236
8677.5,-28,-30,351
8680.0,16,10,201
8682.5,-6,0,284
8685.0,-32,-30,331
8687.5,-96,-1,432
8690.0,36,-9,326
8692.5,-45,-22,340
8695.0,66,5,330
8697.5,-54,-57,374
8700.0,77,7,255
8702.5,99,-22,265
8705.0,47,-41,290
8707.5,41,7,239
8710.0,-4,-10,380
8712.5,31,-17,320
8715.0,29,-14,316
8717.5,5,11,353
8720.0,5,11,353
8722.5,35,-7,278
8725.0,22,-39,218
8727.5,-28,-30,347
8730.0,32,-5,220
8732.5,-9,-32,297
8735.0,-28,-17,445
8737.5,62,14,276
8740.0,76,-19,317
8742.5,57,28,313
8745.0,-11,-63,238
8747.5,-6,-32,276
8750.0,47,-11,241
8752.5,-26,-4,301
8755.0,-43,16,347
8757.5,22,-21,271
8760.0,-70,-32,345
8762.5,-10,-39,304
8765.0,109,10,305
8767.5,20,-37,288
8770.0,20,-37,288
8772.5,-21,-33,305
8775.0,-11,9,314
8777.5,33,-43,332
8780.0,44,11,338
8782.5,25,-9,357
8785.0,44,23,317
8787.5,11,-2,260
8790.0,-25,-26,293
8792.5,41,32,279
8795.0,10,-9,304
8797.5,48,-1,286
8800.0,21,-2,314
8802.5,-38,-21,318
8805.0,8,-6,260
8807.5,-25,-18,218
8810.0,-37,9,291
8812.5,-15,11,293
8815.0,-14,-4,304
8817.5,-16,-24,350
8820.0,-16,-24,350
8822.5,20,4,296
8825.0,7,-8,362
8827.5,-20,-40,270
8830.0,85,65,290
8832.5,-29,-15,311
8835.0,-1,-14,282
8837.5,-1,9,291
8840.0,-13,0,318
8842.5,-82,-13,339
8845.0,-8,-11,377
8847.5,-60,-52,288
8850.0,55,-12,219
8852.5,18,-11,313
8855.0,24,18,312
8857.5,-56,-4,251
8860.0,18,-64,346
8862.5,-9,-65,326
8865.0,-22,-21,372
8867.5,-22,-21,372
8870.0,8,-71,255
8872.5,71,-24,255
8875.0,-30,-54,302
8877.5,9,0,327
8880.0,43,21,310
8882.5,20,-28,339
8885.0,34,3,271
8887.5,44,16,372
8890.0,60,-6,287
8892.5,64,5,207
8895.0,37,16,311
8897.5,9,-23,303
8900.0,-30,-24,308
8902.5,-12,25,332
8905.0,52,-5,326
8907.5,48,-39,336
8910.0,115,30,248
8912.5,-23,-10,268
8915.0,-13,-17,313
8917.5,-13,-17,313
8920.0,38,-24,286
8922.5,-14,36,302
8925.0,3,-68,322
8927.5,-11,0,330
8930.0,9,-17,367
8932.5,7,-6,301
8935.0,11,-16,250
8937.5,58,-12,344
8940.0,89,66,250
8942.5,5,-23,326
8945.0,7,2,332
8947.5,31,2,298
8950.0,54,11,343
8952.5,8,-62,304
8955.0,155,52,224
8957.5,59,15,287
8960.0,9,-25,231
8962.5,41,19,279
8965.0,-10,63,334
8967.5,-10,63,334
8970.0,20,43,289
8972.5,3,-14,326
8975.0,7,23,303
8977.5,9,14,262
8980.0,46,-12,365
8982.5,85,7,257
8985.0,10,3,275
8987.5,-13,-7,272
8990.0,18,-29,349
8992.5,1,-20,329
8995.0,2,-36,345
8997.5,-4,-19,315
9000.0,4,-45,391
9002.5,0,-53,284
9005.0,5,-27,290
9007.5,5,-12,306
9010.0,38,-1,260
9012.5,17,-10,307
9015.0,-60,-20,314
9017.5,-60,-20,314
9020.0,56,-33,338
9022.5,-29,-3,348
9025.0,11,-19,285
9027.5,0,-11,239
9030.0,-13,21,300
9032.5,29,-1,217
9035.0,16,-7,311
9037.5,19,-53,348
9040.0,64,7,345
9042.5,41,2,452
9045.0,51,-4,242
9047.5,65,-11,270
9050.0,6,7,242
9052.5,58,7,269
9055.0,68,42,157
9057.5,-3,-20,360
9060.0,81,9,345
9062.5,-43,-34,264
9065.0,-6,-48,345
9067.5,-6,-48,345
9070.0,-33,-42,291
9072.5,-21,-44,309
9075.0,87,93,217
9077.5,50,14,285
9080.0,-32,10,453
9082.5,22,-8,343
9085.0,3,-9,285
9087.5,97,44,310
9090.0,48,10,205
9092.5,-27,-22,310
9095.0,38,-1,217
9097.5,-15,0,342
9100.0,-18,-32,356
9102.5,-7,17,380
9105.0,42,11,336
9107.5,-19,-43,246
9110.0,35,-9,249
9112.5,23,-1,344
9115.0,53,33,239
9117.5,53,33,239
9120.0,24,-1,269
9122.5,-20,7,353
9125.0,-7,-15,325
9127.5,-12,-18,354
9130.0,-21,-20,347
9132.5,16,-7,273
9135.0,-23,-5,285
9137.5,-7,-32,256
9140.0,18,25,253
9142.5,-32,-2,330
9145.0,33,0,256
9147.5,32,23,308
9150.0,49,22,320
9152.5,75,-16,275
9155.0,-31,-33,331
9157.5,12,-8,264
9160.0,-21,-18,325
9162.5,-1,-25,295
9165.0,48,21,307
9167.5,48,21,307
9170.0,28,-16,344
9172.5,36,8,313
9175.0,37,-14,286
9177.5,-35,-34,312
9180.0,48,-20,227
9182.5,-1,-23,306
9185.0,16,4,327
9187.5,85,68,338
9190.0,-25,-42,354
9192.5,40,-5,296
9195.0,-7,-4,246
9197.5,-18,2,301
9200.0,13,-27,299
9202.5,-2,-19,300
9205.0,-5,25,316
9207.5,-1,-17,318
9210.0,37,-23,278
9212.5,30,-33,280
9215.0,103,-7,298
9217.5,103,-7,298
9220.0,-39,-26,250
9222.5,58,-1,239
9225.0,28,34,322
9227.5,-20,-1,409
9230.0,93,-1,290
9232.5,37,-13,306
9235.0,17,-45,329
9237.5,43,-36,248
9240.0,19,-19,301
9242.5,8,-11,274
9245.0,24,-39,298
9247.5,8,-17,303
9250.0,-10,-22,190
9252.5,-33,-59,383
9255.0,50,17,267
9257.5,42,32,211
9260.0,-32,-20,289
9262.5,11,26,282
9265.0,57,10,286
9267.5,57,10,286
9270.0,-15,3,389
9272.5,-2,-37,300
9275.0,12,13,362
9277.5,28,-1,270
9280.0,61,17,221
9282.5,-57,-3,291
9285.0,48,-6,255
9287.5,9,-18,300
9290.0,2,-9,356
9292.5,2,-61,309
9295.0,-59,10,355
9297.5,-5,2,276
9300.0,29,-44,263
9302.5,31,-4,334
9305.0,35,20,255
9307.5,40,30,263
9310.0,63,28,332
9312.5,3,18,295
9315.0,8,-29,321
9317.5,8,-29,321
9320.0,-48,-28,306
9322.5,85,33,234
9325.0,-19,-12,337
9327.5,43,7,302
9330.0,1,15,272
9332.5,-10,1,300
9335.0,25,-23,325
9337.5,-95,-29,326
9340.0,23,-51,389
9342.5,-23,-26,291
9345.0,-3,1,293
9347.5,75,32,212
9350.0,3,-20,303
9352.5,-8,6,294
9355.0,35,15,275
9357.5,22,-5,332
9360.0,-5,-29,349
9362.5,16,-19,283
9365.0,-7,-37,383
9367.5,-7,-37,383
9370.0,15,-18,265
9372.5,20,-14,278
9375.0,6,-27,326
9377.5,27,3,264
9380.0,-37,-2,302
9382.5,-28,3,332
9385.0,46,-5,299
9387.5,2,-5,370
9390.0,-18,-48,323
9392.5,44,9,265
9395.0,16,-8,296
9397.5,53,-12,255
9400.0,-9,-12,308
9402.5,-33,7,378
9405.0,-70,-46,405
9407.5,2,-3,407
9410.0,-22,-22,379
9412.5,37,15,387
9415.0,37,15,387
9417.5,-31,-34,293
9420.0,1,-21,233
9422.5,-33,-20,270
9425.0,-24,-23,369
9427.5,18,0,327
9430.0,17,-37,396
9432.5,46,25,239
9435.0,22,-36,215
9437.5,-25,-31,267
9440.0,13,-10,293
9442.5,-64,17,231
9445.0,-56,-36,315
9447.5,-1,-3,345
9450.0,-31,-27,307
9452.5,26,-49,354
9455.0,70,1,251
9457.5,-3,-6,425
9460.0,87,2,190
9462.5,54,3,296
9465.0,54,3,296
9467.5,51,-45,300
9470.0,53,13,328
9472.5,56,-8,270
9475.0,-17,-36,301
9477.5,4,-2,317
9480.0,-34,-31,297
9482.5,-1,-43,284
9485.0,56,15,236
9487.5,42,-14,283
9490.0,30,23,226
9492.5,4,13,349
9495.0,1,-29,364
9497.5,95,32,313
9500.0,-47,-28,277
9502.5,6,-45,314
9505.0,-4,-4,305
9507.5,24,-30,326
9510.0,83,32,299
9512.5,-23,-6,301
9515.0,-23,-6,301
9517.5,26,-18,261
9520.0,73,-7,259
9522.5,2,-10,329
9525.0,50,-5,248
9527.5,-21,-8,291
9530.0,36,11,357
9532.5,54,-12,405
9535.0,-48,-21,320
9537.5,19,7,324
9540.0,85,28,303
9542.5,0,-35,325
9545.0,43,-22,245
9547.5,83,28,272
9550.0,-45,-3,331
9552.5,4,-16,311
9555.0,-38,4,340
9557.5,24,-10,290
9560.0,-24,-6,247
9562.5,-24,-45,299
9565.0,-24,-45,299
9567.5,34,15,270
9570.0,-45,9,327
9572.5,-23,-15,363
9575.0,55,-16,343
9577.5,-6,-3,390
9580.0,-47,-84,217
9582.5,111,16,281
9585.0,-24,-31,303
9587.5,145,44,232
9590.0,-7,-20,241
9592.5,-56,-32,318
9595.0,-31,37,364
9597.5,-37,-18,368
9600.0,0,-10,273
9602.5,3,-1,211
9605.0,-8,18,346
9607.5,37,14,279
9610.0,-62,-13,280
9612.5,-52,5,374
9615.0,-52,5,374
9617.5,27,9,282
9620.0,-107,-39,307
9622.5,19,22,318
9625.0,44,-16,284
9627.5,6,17,282
9630.0,55,13,299
9632.5,28,-8,350
9635.0,-82,2,316
9637.5,30,-20,313
9640.0,-8,-57,381
9642.5,51,0,292
9645.0,19,-12,216
9647.5,-20,-41,296
9650.0,97,-2,386
9652.5,-7,-31,323
9655.0,9,-44,342
9657.5,66,-8,325
9660.0,69,-7,359
9662.5,33,-7,273
9665.0,33,-7,273
9667.5,71,-15,265
9670.0,13,62,275
9672.5,5,-1,245
9675.0,6,-11,294
9677.5,1,-53,360
9680.0,166,0,333
9682.5,47,22,370
9685.0,-1,-13,333
9687.5,31,-36,261
9690.0,-30,3,364
9692.5,1,-12,313
9695.0,-12,-3,299
9697.5,38,-9,388
9700.0,48,-12,380
9702.5,34,-40,350
9705.0,8,-31,381
9707.5,-1,34,292
9710.0,-60,-41,348
9712.5,-47,3,260
9715.0,-47,3,260
9717.5,27,7,312
9720.0,7,-4,295
9722.5,53,30,299
9725.0,-6,-11,352
9727.5,80,-14,374
9730.0,19,-11,344
9732.5,-12,-12,368
9735.0,-17,-8,237
9737.5,-54,-61,276
9740.0,-1,-25,308
9742.5,32,17,275
9745.0,59,-10,326
9747.5,41,-22,335
9750.0,58,-28,350
9752.5,-36,-29,395
9755.0,-4,-31,273
9757.5,70,80,308
9760.0,-36,-18,294
9762.5,-36,-18,294
9765.0,20,16,244
9767.5,-7,-20,309
9770.0,13,-7,366
9772.5,-3,-5,300
9775.0,19,-23,329
9777.5,11,-41,290
9780.0,-28,-48,305
9782.5,-24,-15,374
9785.0,25,-17,332
9787.5,46,-2,237
9790.0,-51,-34,294
9792.5,22,-5,243
9795.0,-33,1,310
9797.5,-32,-65,164
9800.0,12,-31,242
9802.5,-12,-23,374
9805.0,29,33,210
9807.5,4,-20,272
9810.0,27,-20,392
9812.5,27,-20,392
9815.0,121,55,292
9817.5,3,-34,290
9820.0,61,-13,296
9822.5,28,-23,292
9825.0,26,-19,306
9827.5,9,-36,229
9830.0,-38,-8,339
9832.5,35,-33,317
9835.0,57,3,324
9837.5,6,11,262
9840.0,26,28,283
9842.5,27,9,255
9845.0,-27,2,319
9847.5,37,-1,272
9850.0,16,-18,284
9852.5,4,-4,354
9855.0,56,-11,296
9857.5,-42,-7,316
9860.0,37,-9,242
9862.5,37,-9,242
9865.0,66,12,311
9867.5,-8,-20,300
9870.0,34,-8,300
9872.5,15,-11,310
9875.0,8,-3,335
9877.5,74,-2,286
9880.0,-27,-1,322
9882.5,18,17,335
9885.0,81,31,244
9887.5,-34,-22,296
9890.0,-2,15,259
9892.5,-7,-13,320
9895.0,28,5,321
9897.5,33,19,325
9900.0,-55,-26,322
9902.5,-18,-83,296
9905.0,51,-2,306
9907.5,28,-12,286
9910.0,33,-4,287
9912.5,33,-4,287
9915.0,52,17,316
9917.5,-25,-44,347
9920.0,2,-5,305
9922.5,-11,-14,366
9925.0,-10,-56,272
9927.5,-33,-38,240
9930.0,-3,4,276
9932.5,48,18,289
9935.0,-11,-6,300
9937.5,-23,-40,359
9940.0,26,-22,351
9942.5,-24,-7,392
9945.0,20,7,239
9947.5,71,48,294
9950.0,27,3,287
9952.5,50,8,262
9955.0,-45,-52,331
9957.5,-7,-30,330
9960.0,1,-1,219
9962.5,1,-1,219
9965.0,-9,-45,412
9967.5,-6,-6,276
9970.0,46,21,287
9972.5,-30,18,392
9975.0,-16,-42,282
9977.5,-5,30,335
9980.0,32,-8,363
9982.5,1,-1,260
9985.0,16,10,314
9987.5,-7,50,310
9990.0,-58,-42,269
9992.5,39,14,260
9995.0,-18,19,336
9997.5,-6,1,362
10000.0,-41,-24,335
10002.5,45,0,228
10005.0,-101,-84,369
10007.5,42,38,261
10010.0,-31,-24,294
10012.5,-31,-24,294
10015.0,-45,-12,308
10017.5,52,18,305
10020.0,31,-10,324
10022.5,-18,-15,397
10025.0,27,-53,372
10027.5,56,6,279
10030.0,16,-51,281
10032.5,8,-9,288
10035.0,32,27,373
10037.5,59,14,261
10040.0,-26,-16,370
10042.5,-14,-16,327
10045.0,18,19,257
10047.5,-22,-17,373
10050.0,26,-106,337
10052.5,-12,17,290
10055.0,1,-20,312
10057.5,56,-11,270
10060.0,-11,17,310
10062.5,-11,17,310
10065.0,-13,-32,354
10067.5,86,22,259
10070.0,26,-22,367
10072.5,39,-46,292
10075.0,25,-9,233
10077.5,-50,-66,347
10080.0,66,18,240
10082.5,-46,15,273
10085.0,-3,-29,332
10087.5,74,-16,361
10090.0,37,-6,364
10092.5,-37,-5,355
10095.0,52,-2,292
10097.5,24,-22,356
10100.0,12,1,264
10102.5,-45,1,289
10105.0,-13,-14,337
10107.5,5,3,309
10110.0,-33,-11,298
10112.5,-33,-11,298
10115.0,11,-45,317
10117.5,109,33,341
10120.0,-14,-1,353
10122.5,46,-6,255
10125.0,32,36,263
10127.5,19,-34,303
10130.0,35,-19,269
10132.5,-3,3,302
10135.0,4,8,359
10137.5,44,-17,301
10140.0,56,-8,360
10142.5,22,-12,266
10145.0,59,47,191
10147.5,-16,-39,251
10150.0,23,-7,304
10152.5,-37,-12,308
10155.0,-3,-39,403
10157.5,36,3,293
10160.0,-6,-8,376
10162.5,-6,-8,376
10165.0,-32,-24,278
10167.5,16,18,252
10170.0,-37,-9,292
10172.5,85,16,412
10175.0,29,-15,266
10177.5,33,-42,334
10180.0,18,9,291
10182.5,-31,-23,324
10185.0,-3,-13,311
10187.5,12,5,251
10190.0,-16,-24,363
10192.5,-8,9,240
10195.0,-12,-3,431
10197.5,-71,-36,379
10200.0,37,44,388
10202.5,58,-1,287
10205.0,-2,-39,302
10207.5,47,5,253
10210.0,26,-7,344
10212.5,26,-7,344
10215.0,42,20,172
10217.5,55,3,297
10220.0,46,19,336
10222.5,13,13,360
10225.0,3,-27,307
10227.5,43,5,308
10230.0,80,-2,295
10232.5,34,-22,276
10235.0,37,25,253
10237.5,1,-18,295
10240.0,27,13,379
10242.5,48,31,272
10245.0,34,-35,314
10247.5,-23,-24,320
10250.0,-59,-30,379
10252.5,-61,-28,347
10255.0,34,-14,211
10257.5,9,7,275
10260.0,9,7,275
10262.5,27,-36,308
10265.0,64,7,327
10267.5,4,-24,324
10270.0,20,31,317
10272.5,56,12,257
10275.0,-66,-50,329
10277.5,31,-10,238
10280.0,40,1,291
10282.5,-53,-11,333
10285.0,18,-56,307
10287.5,-26,-39,323
10290.0,43,10,272
10292.5,30,17,244
10295.0,-6,-22,290
10297.5,15,1,315
10300.0,41,1,270
10302.5,10,0,360
10305.0,39,8,296
10307.5,1,10,324
10310.0,1,10,324
10312.5,20,-18,306
10315.0,-8,-46,232
10317.5,-13,-24,322
10320.0,35,13,269
10322.5,16,-11,292
10325.0,-17,-41,365
10327.5,133,20,352
10330.0,3,-8,335
10332.5,-17,-35,255
10335.0,3,-14,235
10337.5,-28,-9,323
10340.0,-8,-43,300
10342.5,44,-49,363
10345.0,7,3,309
10347.5,-63,27,202
10350.0,5,-15,411
10352.5,37,28,299
10355.0,64,8,249
10357.5,9,-10,312
10360.0,9,-10,312
10362.5,29,-1,230
10365.0,17,-14,299
10367.5,-54,6,337
10370.0,33,19,293
10372.5,-63,12,301
10375.0,-3,-32,300
10377.5,70,-23,263
10380.0,60,10,319
10382.5,-31,-1,283
10385.0,46,12,323
10387.5,15,-35,329
10390.0,62,8,302
10392.5,-64,-61,345
10395.0,100,-34,324
10397.5,35,-25,244
10400.0,1,9,286
10402.5,29,-5,264
10405.0,-25,35,308
10407.5,-3,47,294
10410.0,-3,47,294
10412.5,16,-13,310
10415.0,4,-17,313
10417.5,33,-6,293
10420.0,-17,33,214
10422.5,38,0,329
10425.0,1,28,246
10427.5,27,-4,304
10430.0,17,-9,281
10432.5,10,20,267
10435.0,61,6,331
10437.5,14,11,287
10440.0,40,13,291
10442.5,-42,-37,359
10445.0,18,3,247
10447.5,-2,-32,282
10450.0,11,-5,303
10452.5,2,34,289
10455.0,5,-33,324
10457.5,15,-11,358
10460.0,15,-11,358
10462.5,17,-14,311
10465.0,-7,-22,390
10467.5,59,19,229
10470.0,-28,-22,301
10472.5,11,-2,352
10475.0,43,21,287
10477.5,19,-12,328
10480.0,26,6,316
10482.5,5,-9,298
10485.0,3,-21,364
10487.5,-3,4,296
10490.0,82,3,268
10492.5,-20,12,306
10495.0,28,22,262
10497.5,4,-2,325
10500.0,-23,-13,382
10502.5,68,-7,355
10505.0,-50,-25,369
10507.5,12,9,297
10510.0,12,9,297
10512.5,19,-9,276
10515.0,-7,-36,319
10517.5,-38,3,287
10520.0,-62,-35,408
10522.5,-82,-10,400
10525.0,-31,-23,389
10527.5,-34,4,382
10530.0,39,-45,268
10532.5,12,13,217
10535.0,1,-58,306
10537.5,71,25,275
10540.0,43,89,313
10542.5,-61,-33,262
10545.0,-1,-33,306
10547.5,-31,-35,256
10550.0,-11,-61,322
10552.5,77,23,268
10555.0,-2,-27,304
10557.5,29,0,242
10560.0,29,0,242
10562.5,30,8,276
10565.0,-2,44,340
10567.5,-19,-9,353
10570.0,-19,-50,314
10572.5,51,37,276
10575.0,44,-28,231
10577.5,5,-16,269
10580.0,59,-25,256
10582.5,12,-10,317
10585.0,-23,-53,270
10587.5,-70,-22,360
10590.0,16,16,380
10592.5,1,-54,286
10595.0,51,7,219
10597.5,-5,7,315
10600.0,34,0,261
10602.5,-27,-10,244
10605.0,7,-43,369
10607.5,24,48,307
10610.0,24,48,307
10612.5,6,10,318
10615.0,26,-25,314
10617.5,-12,-44,297
10620.0,5,-19,308
10622.5,29,6,226
10625.0,-3,-14,289
10627.5,-6,14,299
10630.0,-4,-11,325
10632.5,9,-28,274
10635.0,31,-2,287
10637.5,-16,-1,240
10640.0,-23,-16,324
10642.5,56,-4,241
10645.0,-31,16,302
10647.5,-41,-31,338
10650.0,0,59,333
10652.5,-43,-18,377
10655.0,60,15,309
10657.5,42,-2,265
10660.0,42,-2,265
10662.5,-29,-21,324
10665.0,6,-31,271
10667.5,5,-4,289
10670.0,-23,-13,345
10672.5,49,2,299
10675.0,-52,-15,336
10677.5,3,-38,285
10680.0,115,24,272
10682.5,0,-6,312
10685.0,34,-43,257
10687.5,48,-32,281
10690.0,-20,-5,323
10692.5,33,3,322
10695.0,-26,14,385
10697.5,79,-7,316
10700.0,15,-37,264
10702.5,0,-11,243
10705.0,46,43,286
10707.5,23,-9,272
10710.0,23,-9,272
10712.5,-13,14,275
10715.0,11,-2,280
10717.5,-3,-1,299
10720.0,31,-43,251
10722.5,112,4,315
10725.0,-23,-32,266
10727.5,10,26,280
10730.0,94,-27,352
10732.5,27,19,303
10735.0,46,-4,184
10737.5,-33,-18,418
10740.0,40,19,249
10742.5,63,27,173
10745.0,-10,-6,283
10747.5,31,43,324
10750.0,38,-10,341
10752.5,-39,-3,344
10755.0,-34,-8,283
10757.5,-1,-8,358
10760.0,-1,-8,358
10762.5,3,31,265
10765.0,23,-2,271
10767.5,14,-10,288
10770.0,21,6,280
10772.5,8,-6,295
10775.0,25,-18,370
10777.5,170,0,317
10780.0,-21,43,388
10782.5,-3,-4,355
10785.0,-14,-11,251
10787.5,-29,-40,300
10790.0,-20,10,265
10792.5,-22,-15,267
10795.0,98,0,332
10797.5,-66,-40,277
10800.0,-5,-14,339
10802.5,0,-29,318
10805.0,13,-12,259
10807.5,13,-12,259
10810.0,-19,-11,348
10812.5,67,-12,270
10815.0,17,14,285
10817.5,28,-8,326
10820.0,30,-25,283
10822.5,42,-34,343
10825.0,43,45,335
10827.5,82,27,308
10830.0,0,-32,356
10832.5,-45,2,273
10835.0,25,12,290
10837.5,15,11,275
10840.0,15,5,309
10842.5,-8,-23,309
10845.0,-8,-28,352
10847.5,26,-10,321
10850.0,-32,-12,347
10852.5,10,-13,242
10855.0,53,-21,293
10857.5,53,-21,293
10860.0,12,-14,296
10862.5,14,-8,289
10865.0,28,34,320
10867.5,25,-20,351
10870.0,-23,-14,318
10872.5,-16,-35,373
10875.0,2,-45,306
10877.5,-12,-17,277
10880.0,4,3,306
10882.5,32,7,284
10885.0,-57,-18,291
10887.5,-19,-10,369
10890.0,28,14,257
10892.5,9,4,366
10895.0,41,-24,345
10897.5,-34,-29,313
10900.0,-37,-37,323
10902.5,-18,-26,244
10905.0,-32,-4,289
10907.5,-32,-4,289
10910.0,-56,6,339
10912.5,138,13,321
10915.0,40,33,258
10917.5,5,6,364
10920.0,14,-15,290
10922.5,18,-12,307
10925.0,44,-2,260
10927.5,57,17,374
10930.0,20,3,323
10932.5,119,33,305
10935.0,12,-9,292
10937.5,-8,-72,345
10940.0,42,8,207
10942.5,-39,-29,360
10945.0,27,-23,250
10947.5,-8,-12,325
10950.0,56,-34,331
10952.5,50,63,305
10955.0,-26,-27,325
10957.5,-26,-27,325
10960.0,-9,-73,263
10962.5,31,36,303
10965.0,38,17,294
10967.5,51,17,383
10970.0,8,-3,303
10972.5,-9,5,302
10975.0,96,34,284
10977.5,50,1,358
10980.0,41,22,254
10982.5,30,19,248
10985.0,-25,-30,246
10987.5,33,-5,268
10990.0,0,-1,323
10992.5,26,11,308
10995.0,55,-21,320
10997.5,-6,-12,368
11000.0,10,1,300
11002.5,-29,-20,224
11005.0,-25,-4,331
11007.5,-25,-4,331
11010.0,39,18,250
11012.5,-19,5,308
11015.0,-12,-12,343
11017.5,80,-1,294
11020.0,-41,-9,366
11022.5,14,3,241
11025.0,37,-18,318
11027.5,-1,3,297
11030.0,44,31,289
11032.5,-47,3,308
11035.0,69,37,335
11037.5,-21,-14,325
11040.0,16,-13,365
11042.5,-6,-52,260
11045.0,73,9,292
11047.5,6,-27,264
11050.0,61,11,338
11052.5,19,26,258
11055.0,-46,-67,308
11057.5,-46,-67,308
11060.0,1,-35,324
11062.5,-41,4,338
11065.0,106,8,247
11067.5,21,44,215
11070.0,2,-53,337
11072.5,13,-1,330
11075.0,-24,-3,281
11077.5,57,-28,373
11080.0,-27,-10,331
11082.5,-47,-28,347
11085.0,20,-37,296
11087.5,53,9,241
11090.0,4,3,308
11092.5,39,-86,342
11095.0,-3,-18,286
11097.5,-10,-16,327
11100.0,-7,19,332
11102.5,-9,-40,383
11105.0,10,-16,270
11107.5,10,-16,270
11110.0,9,-26,236
11112.5,13,-5,278
11115.0,-6,-13,297
11117.5,-35,6,351
11120.0,-9,5,245
11122.5,75,-29,288
11125.0,14,-18,373
11127.5,24,-18,272
11130.0,-25,-31,280
11132.5,-22,-4,280
11135.0,17,17,305
11137.5,-113,-4,301
11140.0,-61,6,308
11142.5,37,-8,301
11145.0,-4,4,341
11147.5,-23,-59,280
11150.0,-33,-32,230
11152.5,0,-6,380
11155.0,49,-8,294
11157.5,49,-8,294
11160.0,48,-43,292
11162.5,-10,-22,328
11165.0,30,-23,334
11167.5,-98,-37,367
11170.0,-36,-45,317
11172.5,32,-13,256
11175.0,-47,-45,359
11177.5,56,8,302
11180.0,-57,49,282
11182.5,52,-7,305
11185.0,81,10,260
11187.5,27,-25,296
11190.0,89,20,291
11192.5,95,8,267
11195.0,32,-10,345
11197.5,-1,-23,274
11200.0,32,11,266
11202.5,-8,3,330
11205.0,39,15,308
11207.5,39,15,308
11210.0,-18,12,336
11212.5,-15,21,305
11215.0,20,-43,246
11217.5,-37,-33,381
11220.0,43,13,288
11222.5,7,-25,347
11225.0,-21,-29,276
11227.5,28,-11,318
11230.0,-55,-19,287
11232.5,38,-29,344
11235.0,61,-11,304
11237.5,-41,-27,332
11240.0,37,16,248
11242.5,-9,27,266
11245.0,-16,-38,300
11247.5,11,-8,275
11250.0,21,-26,329
11252.5,-10,-14,339
11255.0,74,-6,312
11257.5,74,-6,312
11260.0,-46,-63,328
11262.5,-30,-6,255
11265.0,-54,-7,290
11267.5,-24,-35,325
11270.0,-83,-85,405
11272.5,4,3,319
11275.0,-28,3,333
11277.5,5,-14,263
11280.0,19,7,350
11282.5,90,5,402
11285.0,50,11,146
11287.5,-52,-28,329
11290.0,17,-21,221
11292.5,-14,-26,339
11295.0,-20,-25,384
11297.5,8,-4,386
11300.0,-34,-39,308
11302.5,28,-13,277
11305.0,28,-13,277
11307.5,17,-18,297
11310.0,-15,-22,336
11312.5,15,-5,223
11315.0,-64,-38,379
11317.5,-35,28,319
11320.0,54,-16,308
11322.5,44,-16,216
11325.0,71,46,240
11327.5,31,-65,259
11330.0,-2,1,248
11332.5,-7,-31,278
11335.0,10,36,299
11337.5,-3,-37,404
11340.0,28,-7,283
11342.5,32,20,364
11345.0,29,-9,313
11347.5,26,-8,252
11350.0,-40,-47,307
11352.5,-13,39,267
11355.0,-13,39,267
11357.5,8,5,321
11360.0,-6,-35,353
11362.5,27,1,271
11365.0,-41,-19,298
11367.5,41,-17,342
11370.0,13,16,274
11372.5,16,-38,356
11375.0,51,-43,233
11377.5,-3,-1,299
11380.0,63,-4,339
11382.5,21,1,289
11385.0,-29,-8,339
11387.5,40,-8,290
11390.0,92,-7,294
11392.5,-17,-36,301
11395.0,62,2,254
11397.5,-10,2,314
11400.0,2,-34,370
11402.5,34,-20,304
11405.0,34,-20,304
11407.5,-9,-22,361
11410.0,31,18,313
11412.5,-40,-20,264
11415.0,-42,-49,330
11417.5,45,8,266
11420.0,-7,23,295
11422.5,4,-1,387
11425.0,71,12,333
11427.5,-24,-70,353
11430.0,65,12,290
11432.5,58,7,254
11435.0,-28,-60,336
11437.5,-58,9,311
11440.0,26,-20,295
11442.5,12,2,315
11445.0,61,20,257
11447.5,-44,-20,308
11450.0,-18,-45,336
11452.5,74,-20,247
11455.0,74,-20,247
11457.5,-1,27,249
11460.0,88,13,237
11462.5,-2,-22,318
11465.0,39,-39,358
11467.5,17,-6,239
11470.0,4,-18,346
11472.5,36,-19,318
11475.0,9,-30,246
11477.5,-41,-44,328
11480.0,-6,0,284
11482.5,-9,21,316
11485.0,13,-29,358
11487.5,-5,6,328
11490.0,8,13,302
11492.5,46,-1,281
11495.0,14,7,245
11497.5,-41,-24,294
11500.0,-8,-3,253
11502.5,14,13,260
11505.0,14,13,260
11507.5,14,-16,363
11510.0,8,-23,349
11512.5,0,-7,323
11515.0,41,-43,346
11517.5,53,-22,245
11520.0,67,66,254
11522.5,17,43,276
11525.0,45,-2,302
11527.5,11,-5,300
11530.0,40,-24,326
11532.5,-22,-54,331
11535.0,75,55,293
11537.5,37,-11,270
11540.0,24,-11,309
11542.5,91,37,284
11545.0,17,1,313
11547.5,-2,-35,302
11550.0,46,7,369
11552.5,20,7,322
11555.0,20,7,322
11557.5,12,-27,324
11560.0,10,10,284
11562.5,-13,-23,374
11565.0,1,-47,275
11567.5,-56,-22,359
11570.0,13,23,341
11572.5,26,15,325
11575.0,37,18,280
11577.5,-33,-26,315
11580.0,59,-17,317
11582.5,24,-22,325
11585.0,-13,-8,315
11587.5,-37,-8,260
11590.0,-4,-46,342
11592.5,24,-13,278
11595.0,2,-19,308
11597.5,11,-17,319
11600.0,35,16,292
11602.5,21,-5,328
11605.0,21,-5,328
11607.5,40,-1,300
11610.0,43,24,271
11612.5,-49,-36,326
11615.0,-21,-24,267
11617.5,18,-12,296
11620.0,-17,0,316
11622.5,47,3,339
11625.0,-7,-20,326
11627.5,49,-19,296
11630.0,84,-42,277
11632.5,9,17,327
11635.0,-66,-15,301
11637.5,-25,9,265
11640.0,5,-16,365
11642.5,29,37,236
11645.0,35,-24,315
11647.5,53,42,295
11650.0,54,-5,310
11652.5,33,7,241
11655.0,33,7,241
11657.5,13,-57,432
11660.0,-29,-14,304
11662.5,-28,-11,261
11665.0,10,0,315
11667.5,-14,-16,337
11670.0,-2,-20,349
11672.5,-10,-8,313
11675.0,-61,-49,287
11677.5,29,-16,281
11680.0,15,0,361
11682.5,-19,-25,291
11685.0,48,15,231
11687.5,0,-18,351
11690.0,38,33,341
11692.5,49,5,234
11695.0,-20,-31,340
11697.5,20,35,192
11700.0,2,-25,263
11702.5,14,0,340
11705.0,14,0,340
11707.5,34,24,318
11710.0,23,-52,290
11712.5,51,-15,334
11715.0,-24,-60,461
11717.5,-33,-32,297
11720.0,45,11,273
11722.5,66,26,263
11725.0,-55,-34,304
11727.5,1,-5,245
11730.0,-1,-26,266
11732.5,22,-42,350
11735.0,46,-25,289
11737.5,-34,-48,348
11740.0,59,28,224
11742.5,64,12,287
11745.0,54,1,250
11747.5,22,-18,311
11750.0,7,-19,302
11752.5,42,28,321
11755.0,42,28,321
11757.5,46,-42,296
11760.0,-6,-25,377
11762.5,62,14,238
11765.0,-10,1,272
11767.5,-27,-19,305
11770.0,-8,-14,307
11772.5,35,7,322
11775.0,48,13,348
11777.5,57,-9,244
11780.0,-32,-29,348
11782.5,107,19,231
11785.0,38,-14,319
11787.5,-9,-12,314
11790.0,50,16,316
11792.5,-40,-3,313
11795.0,0,-26,362
11797.5,28,34,294
11800.0,-9,-26,346
11802.5,53,7,278
11805.0,53,7,278
11807.5,6,-31,208
11810.0,-106,-78,294
11812.5,80,41,288
11815.0,17,-11,289
11817.5,-17,-3,339
11820.0,2,-8,256
11822.5,-12,-31,347
11825.0,-21,-40,268
11827.5,-3,-27,407
11830.0,-3,0,362
11832.5,25,29,350
11835.0,1,-29,375
11837.5,14,-27,328
11840.0,22,9,216
11842.5,-15,-5,338
11845.0,76,-35,219
11847.5,51,-18,331
11850.0,1,3,346
11852.5,35,17,290
11855.0,35,17,290
11857.5,-5,-58,299
11860.0,8,-7,331
11862.5,56,30,213
11865.0,-25,-21,291
11867.5,-16,-27,275
11870.0,-15,3,283
11872.5,-2,-19,328
11875.0,70,28,321
11877.5,21,-18,285
11880.0,103,-21,301
11882.5,104,5,193
11885.0,44,-22,346
11887.5,78,0,288
11890.0,32,11,323
11892.5,7,-48,295
11895.0,12,51,281
11897.5,-15,42,269
11900.0,44,-22,344
11902.5,44,-22,344
11905.0,-11,2,285
11907.5,-38,-31,371
11910.0,-5,38,273
11912.5,12,24,322
11915.0,25,0,307
11917.5,9,-4,269
11920.0,24,11,324
11922.5,4,-22,352
11925.0,48,-18,312
11927.5,12,-13,334
11930.0,-5,-41,243
11932.5,36,-5,267
11935.0,3,2,331
11937.5,-42,7,310
11940.0,-80,-26,288
11942.5,-58,-5,343
11945.0,93,46,281
11947.5,0,-6,344
11950.0,10,33,278
11952.5,10,33,278
11955.0,36,5,227
11957.5,-35,-5,295
11960.0,70,5,294
11962.5,-28,-64,322
11965.0,29,2,343
11967.5,34,-7,302
11970.0,58,-7,330
11972.5,79,39,295
11975.0,43,31,251
11977.5,-56,-20,313
11980.0,10,-13,263
11982.5,6,-9,307
11985.0,-27,4,301
11987.5,30,-6,307
11990.0,-20,-8,324
11992.5,5,-24,351
11995.0,13,-4,275
11997.5,-59,-49,375
12000.0,14,-24,247
12002.5,14,-24,247
12005.0,4,-30,213
12007.5,-61,-17,348
12010.0,22,8,277
12012.5,-15,-59,436
12015.0,16,-13,296
12017.5,38,3,327
12020.0,6,-5,309
12022.5,87,-5,250
12025.0,-9,-48,326
12027.5,53,-6,251
12030.0,35,-7,304
12032.5,-49,-22,249
12035.0,-28,29,324
12037.5,24,-40,330
12040.0,-62,-5,467
12042.5,-2,-36,247
12045.0,-48,-39,295
12047.5,7,-12,330
12050.0,-8,26,297
12052.5,-8,26,297
12055.0,0,29,283
12057.5,-20,-14,332
12060.0,69,8,278
12062.5,8,-28,353
12065.0,12,-19,241
12067.5,44,12,298
12070.0,-2,-24,303
12072.5,32,19,343
12075.0,-57,-33,301
12077.5,-12,-15,320
12080.0,47,19,303
12082.5,22,-8,343
12085.0,20,-44,244
12087.5,-63,-9,265
12090.0,37,13,342
12092.5,22,-7,348
12095.0,-21,-22,309
12097.5,10,-31,284
12100.0,47,4,373
12102.5,47,4,373
12105.0,-64,-48,390
12107.5,27,-27,245
12110.0,16,38,296
12112.5,-1,-1,305
12115.0,30,3,385
12117.5,8,20,270
12120.0,-1,-25,334
12122.5,-11,-27,253
12125.0,-22,-43,361
12127.5,49,34,224
12130.0,21,-30,274
12132.5,-30,-15,329
12135.0,81,-41,332
12137.5,31,-39,339
12140.0,40,-18,312
12142.5,0,-67,293
12145.0,14,-9,321
12147.5,48,-7,274
12150.0,-36,-15,292
12152.5,-36,-15,292
12155.0,-40,-5,299
12157.5,-54,1,313
12160.0,-43,-20,358
12162.5,10,13,318
12165.0,42,39,239
12167.5,-26,-2,302
12170.0,-24,13,213
12172.5,9,6,309
12175.0,22,-10,337
12177.5,86,-17,375
12180.0,33,-92,406
12182.5,30,0,315
12185.0,5,-26,294
12187.5,15,9,253
12190.0,13,-1,286
12192.5,-6,30,282
12195.0,-16,20,337
12197.5,-18,-12,342
12200.0,-19,-8,324
12202.5,-19,-8,324
12205.0,30,-22,258
12207.5,22,-35,252
12210.0,4,-2,276
12212.5,-12,56,314
12215.0,10,15,353
12217.5,11,15,331
12220.0,-7,42,193
12222.5,-3,2,371
12225.0,-29,-38,331
12227.5,-1,8,272
12230.0,-6,-50,294
12232.5,89,1,217
12235.0,22,15,289
12237.5,36,-35,359
12240.0,-3,-6,333
12242.5,-14,-24,404
12245.0,-10,-59,238
12247.5,25,-24,272
12250.0,-19,-9,324
12252.5,-19,-9,324
12255.0,15,-5,232
12257.5,16,10,329
12260.0,-58,-52,356
12262.5,106,-19,306
12265.0,20,-57,388
12267.5,43,-13,266
12270.0,9,-37,229
12272.5,-20,-28,302
12275.0,29,39,285
12277.5,10,-31,271
12280.0,30,21,341
12282.5,19,23,291
12285.0,0,9,339
12287.5,-5,-35,284
12290.0,32,29,251
12292.5,-2,-1,332
12295.0,8,0,251
12297.5,31,-25,274
12300.0,-4,14,371
12302.5,-4,14,371
12305.0,16,-8,369
12307.5,3,-11,341
12310.0,-20,13,326
12312.5,-40,-29,278
12315.0,-52,-19,378
12317.5,6,-8,300
12320.0,-12,4,287
12322.5,-1,22,260
12325.0,23,18,274
12327.5,-25,-16,352
12330.0,54,-10,371
12332.5,-2,-25,330
12335.0,-61,-46,381
12337.5,29,17,234
12340.0,-4,18,260
12342.5,-20,-39,321
12345.0,29,39,290
12347.5,-29,-39,334
12350.0,33,-7,350
12352.5,33,-7,350
12355.0,45,33,315
12357.5,-24,-32,402
12360.0,-2,10,233
12362.5,-32,18,259
12365.0,-36,-5,286
12367.5,30,5,269
12370.0,-4,12,285
12372.5,-31,7,312
12375.0,-19,-1,351
12377.5,16,-9,401
12380.0,-13,16,118
12382.5,50,6,336
12385.0,-25,-24,310
12387.5,31,22,235
12390.0,-7,-18,268
12392.5,44,13,340
12395.0,39,44,230
12397.5,-24,-8,299
12400.0,5,-27,306
12402.5,5,-27,306
12405.0,28,3,209
12407.5,11,8,333
12410.0,13,13,285
12412.5,-41,-8,435
12415.0,34,-31,316
12417.5,40,-4,381
12420.0,32,2,288
12422.5,-20,-17,261
12425.0,-29,-14,121
12427.5,-46,-40,321
12430.0,37,37,277
12432.5,-8,14,282
12435.0,-44,-27,341
12437.5,34,-2,294
12440.0,77,11,378
12442.5,53,-18,249
12445.0,76,14,248
12447.5,-14,8,302
12450.0,23,-12,328
12452.5,23,-12,328
12455.0,28,14,331
12457.5,8,-71,328
12460.0,-43,-29,327
12462.5,-37,-42,329
12465.0,0,23,233
12467.5,61,6,272
12470.0,-10,-2,304
12472.5,65,27,283
12475.0,-39,-41,313
12477.5,45,-9,344
12480.0,14,-8,332
12482.5,-27,-34,359
12485.0,39,-58,266
12487.5,30,33,264
12490.0,-7,-10,328
12492.5,1,0,297
12495.0,-21,-66,324
12497.5,26,42,310
12500.0,81,7,325
12502.5,81,7,325
12505.0,-65,-36,372
12507.5,74,-5,229
12510.0,21,9,298
12512.5,-3,-11,298
12515.0,45,2,292
12517.5,-46,-30,314
12520.0,-41,-34,326
12522.5,-20,-12,246
12525.0,-20,-8,314
12527.5,-13,-11,272
12530.0,34,18,276
12532.5,-16,-25,307
12535.0,9,-4,294
12537.5,22,-34,324
12540.0,-23,-60,343
12542.5,-31,-50,278
12545.0,-24,-20,326
12547.5,-1,-15,295
12550.0,-1,-15,295
12552.5,40,61,299
12555.0,0,-18,318
12557.5,10,0,309
12560.0,20,6,297
12562.5,44,27,362
12565.0,11,-33,323
12567.5,28,-7,350
12570.0,50,-23,198
12572.5,-39,-40,257
12575.0,-39,-5,328
12577.5,-23,-31,282
12580.0,50,-11,381
12582.5,3,-41,263
12585.0,10,-11,213
12587.5,13,13,304
12590.0,29,25,249
12592.5,40,-2,262
12595.0,-27,3,302
12597.5,-9,-1,307
12600.0,-9,-1,307
12602.5,-50,-40,277
12605.0,30,3,292
12607.5,8,1,284
12610.0,-5,-60,337
12612.5,1,-45,294
12615.0,0,-10,318
12617.5,14,-64,329
12620.0,-15,63,266
12622.5,-21,6,376
12625.0,23,19,294
12627.5,53,21,273
12630.0,27,33,352
12632.5,-5,-52,294
12635.0,6,-73,348
12637.5,54,16,338
12640.0,34,14,297
12642.5,26,-26,318
12645.0,22,-6,322
12647.5,15,-15,265
12650.0,15,-15,265
12652.5,4,-2,318
12655.0,12,20,217
12657.5,35,0,306
12660.0,-20,-27,355
12662.5,-33,5,343
12665.0,-21,-11,304
12667.5,2,16,311
12670.0,74,-17,261
12672.5,16,-19,340
12675.0,-7,-34,225
12677.5,66,-39,247
12680.0,32,-29,282
12682.5,32,2,294
12685.0,-1,-14,346
12687.5,11,-13,337
12690.0,-32,-2,227
12692.5,16,-3,340
12695.0,41,-60,313
12697.5,-67,-2,331
12700.0,-67,-2,331
12702.5,6,5,296
12705.0,9,-19,313
12707.5,-10,-41,306
12710.0,59,1,349
12712.5,-32,-31,304
12715.0,-54,-62,359
12717.5,11,-32,248
12720.0,15,12,334
12722.5,19,31,288
12725.0,50,20,224
12727.5,79,6,289
12730.0,-2,-11,351
12732.5,61,34,339
12735.0,-36,17,377
12737.5,5,-15,265
12740.0,117,5,269
12742.5,-72,-71,299
12745.0,100,-25,202
12747.5,-4,7,235
12750.0,-4,7,235
12752.5,-1,23,327
12755.0,10,-68,237
12757.5,33,-3,353
12760.0,-42,-50,355
12762.5,5,-21,292
12765.0,21,18,273
12767.5,-88,-17,482
12770.0,20,2,326
12772.5,1,-18,367
12775.0,88,-5,313
12777.5,-33,-17,368
12780.0,-35,-73,279
12782.5,58,-20,236
12785.0,15,9,274
12787.5,20,14,271
12790.0,16,-41,346
12792.5,-16,22,316
12795.0,11,-3,249
12797.5,5,-14,337
12800.0,5,-14,337
12802.5,44,-13,277
12805.0,-9,9,210
12807.5,-62,-9,339
12810.0,36,13,292
12812.5,-12,52,250
12815.0,-53,-54,301
12817.5,-15,-19,318
12820.0,21,-40,352
12822.5,-13,-29,298
12825.0,44,16,244
12827.5,-15,17,291
12830.0,35,-1,316
12832.5,-45,-30,315
12835.0,19,-48,350
12837.5,34,9,271
12840.0,16,-21,344
12842.5,3,-38,229
12845.0,56,-12,312
12847.5,2,-5,279
12850.0,2,-5,279
12852.5,33,8,327
12855.0,38,11,278
12857.5,-13,-34,352
12860.0,-3,-27,304
12862.5,-35,-27,348
12865.0,44,-1,255
12867.5,46,-1,266
12870.0,-37,-17,321
12872.5,20,-1,268
12875.0,-35,-16,319
12877.5,6,-49,366
12880.0,10,-17,233
12882.5,-10,-40,364
12885.0,11,-29,256
12887.5,-4,-13,239
12890.0,-8,-12,297
12892.5,43,-5,327
12895.0,57,23,280
12897.5,62,-3,346
12900.0,62,-3,346
12902.5,16,-12,256
12905.0,16,-2,338
12907.5,35,-17,276
12910.0,-4,-24,250
12912.5,11,21,289
12915.0,37,-19,330
12917.5,43,-45,391
12920.0,14,-87,390
12922.5,-40,-16,339
12925.0,-1,-3,314
12927.5,11,-12,210
12930.0,44,-7,272
12932.5,-5,15,299
12935.0,18,8,315
12937.5,-23,-20,324
12940.0,8,1,253
12942.5,-56,21,251
12945.0,-26,1,294
12947.5,-25,4,276
12950.0,-25,4,276
12952.5,-32,6,320
12955.0,2,-7,312
12957.5,22,-5,276
12960.0,9,11,339
12962.5,-26,-18,382
12965.0,21,5,216
12967.5,0,-36,308
12970.0,-46,8,259
12972.5,20,3,329
12975.0,16,-38,408
12977.5,28,-18,342
12980.0,1,-3,283
12982.5,-27,-57,347
12985.0,-29,22,274
12987.5,-38,-50,394
12990.0,99,0,273
12992.5,45,37,273
12995.0,-51,-10,337
12997.5,47,-35,341
13000.0,47,-35,341
13002.5,5,9,324
13005.0,76,-29,304
13007.5,72,-9,265
13010.0,-2,-15,308
13012.5,17,-11,285
13015.0,42,19,293
13017.5,-24,35,283
13020.0,11,21,279
13022.5,-23,-33,307
13025.0,25,-15,373
13027.5,-4,-34,254
13030.0,2,-13,344
13032.5,-29,39,326
13035.0,-29,-24,307
13037.5,-8,-10,254
13040.0,2,0,288
13042.5,-32,-32,348
13045.0,57,17,330
13047.5,41,26,239
13050.0,41,26,239
13052.5,105,-3,365
13055.0,79,-37,264
13057.5,-9,-22,225
13060.0,-9,-30,265
13062.5,-25,-7,343
13065.0,-24,-51,275
13067.5,55,-12,385
13070.0,58,3,306
13072.5,30,-21,337
13075.0,64,-16,295
13077.5,41,7,266
13080.0,-48,-38,320
13082.5,-17,34,275
13085.0,-49,1,280
13087.5,-9,4,349
13090.0,11,-1,280
13092.5,57,-11,357
13095.0,19,8,283
13097.5,19,8,283
13100.0,7,-3,234
13102.5,7,-29,319
13105.0,63,-7,231
13107.5,24,-8,286
13110.0,-2,-28,349
13112.5,58,-7,339
13115.0,30,-4,329
13117.5,85,1,255
13120.0,9,-6,308
13122.5,-93,-22,503
13125.0,81,1,242
13127.5,35,-46,304
13130.0,-1,-2,277
13132.5,9,6,279
13135.0,-20,-31,291
13137.5,9,-28,309
13140.0,13,-18,250
13142.5,-20,-58,283
13145.0,31,-8,266
13147.5,31,-8,266
13150.0,-26,3,298
13152.5,25,61,282
13155.0,36,0,253
13157.5,31,-16,366
13160.0,66,24,325
13162.5,41,-10,393
13165.0,0,-19,341
13167.5,70,58,227
13170.0,18,23,254
13172.5,11,-52,368
13175.0,15,47,253
13177.5,47,-40,346
13180.0,2,-69,205
13182.5,-17,-32,227
13185.0,5,-24,365
13187.5,54,23,193
13190.0,16,10,287
13192.5,19,17,382
13195.0,-17,-3,372
13197.5,-17,-3,372
13200.0,-11,-19,281
13202.5,21,-46,347
13205.0,26,-16,229
13207.5,-31,-13,324
13210.0,-6,-23,202
13212.5,17,16,269
13215.0,4,15,354
13217.5,-39,2,349
13220.0,-2,-31,287
13222.5,-6,-50,281
13225.0,36,-19,295
13227.5,3,-46,278
13230.0,-31,-20,290
13232.5,20,32,306
13235.0,14,1,318
13237.5,16,3,270
13240.0,55,9,359
13242.5,-34,-69,299
13245.0,57,32,281
13247.5,57,32,281
13250.0,-10,0,297
13252.5,28,-8,293
13255.0,-4,-8,300
13257.5,6,0,338
13260.0,92,13,318
13262.5,-33,-25,348
13265.0,33,29,227
13267.5,23,-12,265
13270.0,2,-18,305
13272.5,59,-15,319
13275.0,16,-32,290
13277.5,15,-33,331
13280.0,-21,27,299
13282.5,-20,-6,390
13285.0,-14,-15,256
13287.5,21,-1,203
13290.0,-50,1,361
13292.5,22,42,337
13295.0,23,4,326
13297.5,23,4,326
13300.0,22,-13,306
13302.5,29,-21,260
13305.0,-93,-26,338
13307.5,-42,-1,249
13310.0,-18,40,360
13312.5,-14,-7,286
13315.0,-16,-40,319
13317.5,9,-18,371
13320.0,-14,-1,338
13322.5,31,14,297
13325.0,-6,-29,348
13327.5,-35,23,187
13330.0,4,47,300
13332.5,-57,-23,301
13335.0,14,-13,284
13337.5,-1,-22,303
13340.0,24,-37,354
13342.5,-72,-7,254
13345.0,-1,18,352
13347.5,-1,18,352
13350.0,-7,18,278
13352.5,10,-44,317
13355.0,-47,-1,312
13357.5,46,-12,276
13360.0,-43,-16,265
13362.5,34,-36,287
13365.0,19,9,246
13367.5,1,24,341
13370.0,-31,-10,255
13372.5,-5,-18,306
13375.0,-36,27,339
13377.5,57,-41,340
13380.0,25,48,286
13382.5,-24,-10,317
13385.0,64,3,271
13387.5,-43,-17,349
13390.0,9,-25,289
13392.5,35,-3,297
13395.0,9,-17,310
13397.5,9,-17,310
13400.0,36,5,286
13402.5,2,-21,308
13405.0,24,-27,374
13407.5,45,-45,296
13410.0,-8,-7,350
13412.5,37,32,252
13415.0,-39,-46,240
13417.5,12,-15,313
13420.0,70,19,238
13422.5,24,-26,286
13425.0,4,-9,309
13427.5,-29,-12,278
13430.0,1,-22,335
13432.5,10,-7,310
13435.0,39,17,257
13437.5,-32,-4,310
13440.0,34,23,271
13442.5,-20,-6,303
13445.0,-23,-19,313
13447.5,-23,-19,313
13450.0,34,6,299
13452.5,23,-15,325
13455.0,-20,-33,343
13457.5,-5,-34,280
13460.0,-3,1,360
13462.5,16,-21,263
13465.0,6,-27,280
13467.5,9,-11,316
13470.0,13,42,297
13472.5,-16,-8,328
13475.0,-29,-6,345
13477.5,6,-29,299
13480.0,-76,-58,371
13482.5,17,50,340
13485.0,18,11,272
13487.5,-88,-30,332
13490.0,28,11,261
13492.5,-20,25,363
13495.0,41,-16,427
13497.5,41,-16,427
13500.0,18,7,332
13502.5,33,-3,284
13505.0,71,24,269
13507.5,43,34,393
13510.0,-41,-46,184
13512.5,23,13,336
13515.0,-53,-16,300
13517.5,22,-19,350
13520.0,81,11,285
13522.5,-1,1,391
13525.0,78,15,219
13527.5,77,0,315
13530.0,21,0,241
13532.5,12,-22,263
13535.0,-49,-9,320
13537.5,47,81,365
13540.0,13,-2,286
13542.5,-39,-25,291
13545.0,28,14,217
13547.5,28,14,217
13550.0,23,-18,286
13552.5,47,-17,300
13555.0,2,-15,332
13557.5,36,11,326
13560.0,-4,-14,328
13562.5,-1,8,353
13565.0,-15,-5,360
13567.5,2,-13,222
13570.0,33,-2,272
13572.5,16,-11,297
13575.0,9,-4,330
13577.5,-4,-12,312
13580.0,-10,2,306
13582.5,-55,-35,339
13585.0,-27,-14,332
13587.5,20,-27,246
13590.0,-9,6,288
13592.5,-35,-79,323
13595.0,85,-15,300
13597.5,85,-15,300
13600.0,20,-13,278
13602.5,28,-23,348
13605.0,58,10,244
13607.5,-54,-29,337
13610.0,7,-2,239
13612.5,2,3,249
13615.0,-19,-8,322
13617.5,32,30,335
13620.0,2,-4,269
13622.5,49,50,316
13625.0,67,44,257
13627.5,-15,8,357
13630.0,41,-10,268
13632.5,81,20,289
13635.0,-22,4,318
13637.5,42,-12,326
13640.0,13,-3,320
13642.5,-14,-7,332
13645.0,27,-25,257
13647.5,27,-25,257
13650.0,8,15,308
13652.5,53,6,258
13655.0,7,31,274
13657.5,-4,5,282
13660.0,113,88,330
13662.5,-107,-57,393
13665.0,28,-11,406
13667.5,-35,0,243
13670.0,-26,-15,314
13672.5,-11,0,258
13675.0,-7,1,274
13677.5,-45,6,277
13680.0,64,45,322
13682.5,-12,-23,319
13685.0,33,4,294
13687.5,52,25,266
13690.0,39,-46,329
13692.5,-8,1,273
13695.0,-8,1,273
13697.5,28,37,329
13700.0,-47,3,282
13702.5,75,30,281
13705.0,-32,-24,331
13707.5,66,-4,313
13710.0,50,-3,245
13712.5,-42,-13,312
13715.0,-9,-27,255
13717.5,28,-39,335
13720.0,-22,-1,312
13722.5,-32,7,256
13725.0,-89,16,333
13727.5,-35,-50,339
13730.0,17,-1,266
13732.5,-32,-13,327
13735.0,-36,6,282
13737.5,-28,-1,295
13740.0,10,27,343
13742.5,34,23,267
13745.0,34,23,267
13747.5,-28,23,329
13750.0,-35,12,335
13752.5,49,7,228
13755.0,16,-13,334
13757.5,12,-13,268
13760.0,-54,43,295
13762.5,-61,3,350
13765.0,80,18,304
13767.5,-7,-5,283
13770.0,-5,-33,311
13772.5,1,-36,302
13775.0,-21,-55,324
13777.5,19,-47,259
13780.0,-5,-15,245
13782.5,-34,-21,296
13785.0,32,18,252
13787.5,-11,-6,322
13790.0,-31,16,365
13792.5,-48,-8,342
13795.0,-48,-8,342
13797.5,-26,-35,391
13800.0,98,-5,259
13802.5,100,-22,243
13805.0,-3,12,271
13807.5,-18,8,314
13810.0,5,-8,282
13812.5,-40,14,325
13815.0,29,-5,295
13817.5,4,4,373
13820.0,53,9,271
13822.5,7,-15,240
13825.0,-50,-21,307
13827.5,19,-32,261
13830.0,4,-2,301
13832.5,-26,-23,345
13835.0,55,-2,323
13837.5,36,-11,341
13840.0,54,-26,301
13842.5,-61,3,225
13845.0,-61,3,225
13847.5,-4,-22,329
13850.0,25,-8,261
13852.5,-61,18,312
13855.0,0,11,287
13857.5,98,1,300
13860.0,2,-44,380
13862.5,45,-43,167
13865.0,-8,-15,266
13867.5,-28,-25,357
13870.0,35,29,194
13872.5,61,9,211
13875.0,23,16,367
13877.5,16,27,308
13880.0,-1,-26,235
13882.5,48,-10,369
13885.0,67,14,232
13887.5,1,-8,307
13890.0,70,3,245
13892.5,21,-20,418
13895.0,21,-20,418
13897.5,-23,-14,300
13900.0,41,15,346
13902.5,27,2,273
13905.0,31,14,343
13907.5,26,-53,282
13910.0,-44,-61,406
13912.5,3,-24,379
13915.0,18,-10,308
13917.5,-1,8,291
13920.0,22,34,263
13922.5,-16,19,329
13925.0,78,-15,270
13927.5,-11,-6,292
13930.0,-6,-15,300
13932.5,22,7,320
13935.0,-6,-19,325
13937.5,-50,21,323
13940.0,45,7,349
13942.5,45,15,280
13945.0,45,15,280
13947.5,8,-40,278
13950.0,76,7,251
13952.5,59,4,343
13955.0,26,6,226
13957.5,-19,23,275
13960.0,-22,-19,308
13962.5,59,7,295
13965.0,-2,-42,360
13967.5,44,24,295
13970.0,3,-16,291
13972.5,-12,-7,341
13975.0,72,71,192
13977.5,20,-11,290
13980.0,55,16,299
13982.5,11,-17,299
13985.0,-1,-14,354
13987.5,27,19,312
13990.0,-3,-30,289
13992.5,-23,-9,333
13995.0,-23,-9,333
13997.5,26,2,257
14000.0,-29,-26,303
14002.5,25,-8,361
14005.0,60,14,290
14007.5,54,-27,346
14010.0,21,0,284
14012.5,31,11,247
14015.0,-43,-18,272
14017.5,-3,-7,285
14020.0,26,7,320
14022.5,-55,31,320
14025.0,-41,-8,321
14027.5,24,-25,362
14030.0,30,-22,275
14032.5,-66,-89,303
14035.0,76,-3,265
14037.5,11,-9,303
14040.0,-10,-24,279
14042.5,-6,20,347
14045.0,-6,20,347
14047.5,12,8,362
14050.0,-39,-5,353
14052.5,-15,-17,218
14055.0,-34,-89,268
14057.5,-6,-9,288
14060.0,5,19,280
14062.5,-13,-9,331
14065.0,-20,-20,349
14067.5,-11,28,271
14070.0,43,63,411
14072.5,-32,-34,299
14075.0,-8,-11,285
14077.5,-16,5,357
14080.0,9,15,298
14082.5,21,-20,283
14085.0,-44,-40,365
14087.5,-14,29,362
14090.0,44,-17,347
14092.5,77,-46,264
14095.0,77,-46,264
14097.5,-48,23,290
14100.0,-36,-34,274
14102.5,127,25,281
14105.0,26,40,334
14107.5,-59,-44,341
14110.0,33,-43,288
14112.5,22,-4,360
14115.0,51,26,371
14117.5,35,-23,263
14120.0,-3,-35,306
14122.5,38,-15,264
14125.0,-4,32,310
14127.5,3,-58,386
14130.0,86,79,253
14132.5,-72,-26,274
14135.0,8,-21,242
14137.5,64,3,252
14140.0,37,0,340
14142.5,91,51,258
14145.0,91,51,258
14147.5,-6,-10,273
14150.0,-13,-17,370
14152.5,40,-8,263
14155.0,24,-25,339
14157.5,-23,1,323
14160.0,-64,16,290
14162.5,-30,-43,360
14165.0,-34,7,228
14167.5,12,14,326
14170.0,11,-13,308
14172.5,8,25,312
14175.0,-17,-7,311
14177.5,48,-25,344
14180.0,6,-30,286
14182.5,-33,-39,378
14185.0,75,-13,242
14187.5,-5,-6,285
14190.0,20,-18,334
14192.5,15,17,281
14195.0,15,17,281
14197.5,3,14,317
14200.0,3,-52,340
14202.5,30,-15,277
14205.0,28,-22,335
14207.5,-7,-4,241
14210.0,89,-10,289
14212.5,6,-21,295
14215.0,47,12,310
14217.5,-22,-70,315
14220.0,-10,-29,377
14222.5,29,-9,346
14225.0,39,-28,378
14227.5,82,25,291
14230.0,14,-28,336
14232.5,8,-26,249
14235.0,67,-34,202
14237.5,-21,-20,324
14240.0,-51,22,346
14242.5,-48,-17,194
14245.0,-48,-17,194
14247.5,-36,-23,344
14250.0,-73,-43,485
14252.5,-37,-6,254
14255.0,-23,-28,242
14257.5,70,10,249
14260.0,7,7,353
14262.5,-63,-2,363
14265.0,62,-43,386
14267.5,55,14,320
14270.0,51,3,290
14272.5,22,-32,201
14275.0,7,7,344
14277.5,104,10,233
14280.0,13,-16,279
14282.5,-28,-4,421
14285.0,90,14,298
14287.5,-27,0,382
14290.0,14,15,309
14292.5,42,-68,293
14295.0,42,-68,293
14297.5,49,20,251
14300.0,18,17,264
14302.5,-5,-27,330
14305.0,-5,57,352
14307.5,25,-11,287
14310.0,-32,-62,354
14312.5,15,16,285
14315.0,105,19,258
14317.5,29,-4,291
14320.0,47,8,310
14322.5,41,27,313
14325.0,-25,-1,264
14327.5,14,-33,327
14330.0,25,11,326
14332.5,31,2,286
14335.0,-39,-40,226
14337.5,-53,-39,291
14340.0,-32,-29,297
14342.5,18,-15,301
14345.0,18,-15,301
14347.5,-54,-25,298
14350.0,43,-5,317
14352.5,16,19,314
14355.0,19,-3,244
14357.5,8,8,238
14360.0,-57,-21,315
14362.5,6,-18,294
14365.0,0,-1,320
14367.5,43,22,296
14370.0,21,6,293
14372.5,28,-31,370
14375.0,62,1,296
14377.5,-12,-26,296
14380.0,33,-5,288
14382.5,1,4,287
14385.0,-1,7,297
14387.5,-31,-50,360
14390.0,-8,-9,305
14392.5,-8,-9,305
14395.0,8,-17,337
14397.5,41,9,260
14400.0,-12,-39,263
14402.5,30,21,289
14405.0,20,20,233
14407.5,-48,-43,367
14410.0,4,-28,346
14412.5,6,4,233
14415.0,4,-27,397
14417.5,-22,2,260
14420.0,-4,0,331
14422.5,-7,-14,277
14425.0,13,23,326
14427.5,-8,-30,317
14430.0,13,-19,398
14432.5,9,19,203
14435.0,6,-8,346
14437.5,41,5,263
14440.0,-18,-3,265
14442.5,-18,-3,265
14445.0,-30,-24,295
14447.5,6,22,325
14450.0,-7,-47,298
14452.5,-53,-28,355
14455.0,-67,-1,286
14457.5,56,-10,439
14460.0,38,5,297
14462.5,-11,-13,234
14465.0,-32,-33,314
14467.5,41,-2,344
14470.0,41,69,350
14472.5,7,-11,369
14475.0,49,-41,268
14477.5,-12,23,371
14480.0,32,-4,258
14482.5,-9,12,258
14485.0,-100,-105,325
14487.5,37,15,333
14490.0,-12,7,296
14492.5,-12,7,296
14495.0,27,-27,333
14497.5,40,-21,309
14500.0,-51,-4,333
14502.5,10,-37,367
14505.0,17,1,270
14507.5,-30,4,281
14510.0,84,9,251
14512.5,-19,-24,297
14515.0,49,-5,351
14517.5,-80,-60,241
14520.0,-14,10,390
14522.5,68,-8,358
14525.0,6,-29,281
14527.5,-28,-13,309
14530.0,67,63,261
14532.5,19,9,204
14535.0,6,10,282
14537.5,18,-15,300
14540.0,31,-11,364
14542.5,31,-11,364
14545.0,15,-15,323
14547.5,63,3,225
14550.0,78,13,303
14552.5,76,-26,234
14555.0,17,-1,283
14557.5,-5,-30,323
14560.0,22,8,281
14562.5,53,-26,347
14565.0,74,-23,345
14567.5,52,-10,294
14570.0,-23,-23,333
14572.5,59,-53,265
14575.0,-26,-11,280
14577.5,16,-11,326
14580.0,0,22,272
14582.5,16,-9,332
14585.0,2,14,337
14587.5,42,-21,339
14590.0,-29,-44,368
14592.5,-29,-44,368
14595.0,12,-5,300
14597.5,31,7,196
14600.0,-5,17,285
14602.5,-22,28,283
14605.0,57,-13,184
14607.5,-159,-99,347
14610.0,-27,-43,488
14612.5,-82,-22,310
14615.0,-4,-53,281
14617.5,9,-29,237
14620.0,-48,-58,437
14622.5,46,14,198
14625.0,38,5,278
14627.5,8,-20,367
14630.0,64,23,339
14632.5,23,-31,388
14635.0,-8,-67,259
14637.5,-37,-6,197
14640.0,-73,-55,320
14642.5,-73,-55,320
14645.0,-2,-50,234
14647.5,-10,8,284
14650.0,5,-6,370
14652.5,-13,1,330
14655.0,-51,-43,300
14657.5,-2,-39,268
14660.0,57,29,263
14662.5,-39,-58,315
14665.0,40,2,301
14667.5,20,2,280
14670.0,-18,-4,313
14672.5,4,21,359
14675.0,35,-14,367
14677.5,67,-3,302
14680.0,1,-4,328
14682.5,29,-7,342
14685.0,26,-28,261
14687.5,-1,-25,330
14690.0,10,-38,335
14692.5,10,-38,335
14695.0,-52,-56,417
14697.5,-10,-20,329
14700.0,-28,-55,288
14702.5,-29,-3,293
14705.0,-26,-38,349
14707.5,1,12,294
14710.0,-19,-48,263
14712.5,19,-34,374
14715.0,46,20,340
14717.5,-13,-25,340
14720.0,41,18,239
14722.5,7,-54,297
14725.0,21,1,326
14727.5,75,-6,240
14730.0,-26,-28,290
14732.5,18,-38,348
14735.0,65,-55,341
14737.5,15,-13,336
14740.0,39,32,258
14742.5,39,32,258
14745.0,-12,8,229
14747.5,-21,-21,288
14750.0,42,24,272
14752.5,-12,-12,312
14755.0,-21,3,317
14757.5,13,-9,309
14760.0,27,-4,360
14762.5,42,5,272
14765.0,8,-6,283
14767.5,-4,-34,282
14770.0,87,18,304
14772.5,-66,-35,225
14775.0,4,33,369
14777.5,-22,-14,366
14780.0,-61,-35,333
14782.5,13,-32,296
14785.0,-17,63,265
14787.5,3,-3,299
14790.0,2,-5,272
14792.5,2,-5,272
14795.0,-20,2,306
14797.5,15,-41,370
14800.0,72,8,278
14802.5,-3,-22,355
14805.0,35,-38,285
14807.5,47,9,245
14810.0,14,-45,287
14812.5,-15,2,263
14815.0,1,29,288
14817.5,24,-70,363
14820.0,34,5,291
14822.5,57,22,362
14825.0,33,-11,303
14827.5,41,-57,213
14830.0,-44,-26,348
14832.5,44,0,268
14835.0,24,-34,339
14837.5,-8,-35,373
14840.0,-43,-47,316
14842.5,-43,-47,316
14845.0,-60,-14,372
14847.5,4,-37,305
14850.0,10,-2,220
14852.5,-5,6,327
14855.0,26,-4,288
14857.5,-23,2,308
14860.0,-4,21,340
14862.5,10,18,332
14865.0,-8,-42,355
14867.5,-33,-64,360
14870.0,51,-16,295
14872.5,5,-21,349
14875.0,41,-12,272
14877.5,54,4,290
14880.0,-9,-28,332
14882.5,40,3,320
14885.0,20,-5,324
14887.5,-4,20,326
14890.0,27,4,278
14892.5,27,4,278
14895.0,-17,-15,357
14897.5,41,5,243
14900.0,-68,24,287
14902.5,22,-34,342
14905.0,49,-6,296
14907.5,-26,-26,282
14910.0,20,-15,358
14912.5,34,-23,335
14915.0,28,-25,374
14917.5,27,-16,278
14920.0,-52,2,265
14922.5,-27,-5,266
14925.0,7,14,283
14927.5,6,-9,311
14930.0,-17,-12,340
14932.5,12,-4,318
14935.0,13,-1,351
14937.5,5,-11,300
14940.0,5,-11,300
14942.5,-1,-12,287
14945.0,-30,-6,300
14947.5,70,-18,261
14950.0,4,-18,311
14952.5,0,-21,336
14955.0,14,5,317
14957.5,-47,-3,325
14960.0,37,12,305
14962.5,96,-21,284
14965.0,8,-9,327
14967.5,11,-35,260
14970.0,-68,-34,277
14972.5,-58,-12,412
14975.0,9,13,168
14977.5,14,-12,277
14980.0,42,-13,332
14982.5,64,20,328
14985.0,-29,-28,329
14987.5,40,22,214
14990.0,40,22,214
14992.5,65,37,494
14995.0,68,34,302
14997.5,60,-35,373
15000.0,-27,9,284
15002.5,35,-25,315
15005.0,78,6,271
15007.5,-23,14,328
15010.0,6,-27,241
15012.5,20,0,295
15015.0,-4,-3,290
15017.5,14,-25,313
15020.0,37,-26,336
15022.5,-27,-44,397
15025.0,53,19,303
15027.5,-22,-47,353
15030.0,73,7,235
15032.5,65,8,235
15035.0,-1,-5,262
15037.5,24,-13,261
15040.0,24,-13,261
15042.5,-39,-23,362
15045.0,-22,-26,341
15047.5,45,-20,361
15050.0,-8,-15,314
15052.5,14,-29,231
15055.0,28,-20,239
15057.5,-4,-29,349
15060.0,19,16,271
15062.5,-18,-21,322
15065.0,17,-3,337
15067.5,-16,-21,244
15070.0,-31,-50,358
15072.5,9,-9,272
15075.0,-33,-24,281
15077.5,5,-22,325
15080.0,18,23,340
15082.5,-26,-45,314
15085.0,-25,-6,327
15087.5,32,15,270
15090.0,32,15,270
15092.5,-50,-11,364
15095.0,-1,-29,255
15097.5,7,8,275
15100.0,-11,15,302
15102.5,33,23,284
15105.0,41,8,327
15107.5,-16,-7,327
15110.0,84,75,276
15112.5,-11,-24,343
15115.0,-17,-43,238
15117.5,33,29,250
15120.0,-26,-12,296
15122.5,38,39,308
15125.0,84,0,283
15127.5,-16,17,316
15130.0,29,-16,266
15132.5,4,-4,326
15135.0,-6,-39,266
15137.5,5,15,260
15140.0,5,15,260
15142.5,-4,-6,331
15145.0,12,53,247
15147.5,-39,-19,461
15150.0,7,-30,339
15152.5,33,27,230
15155.0,-4,-22,327
15157.5,41,15,290
15160.0,25,7,286
15162.5,-9,1,190
15165.0,35,16,285
15167.5,-113,-41,360
15170.0,43,-36,310
15172.5,-7,-55,289
15175.0,-39,-17,301
15177.5,18,29,268
15180.0,24,-7,375
15182.5,62,-22,340
15185.0,-5,-27,299
15187.5,-59,-40,334
15190.0,-59,-40,334
15192.5,-40,4,323
15195.0,-8,-59,299
15197.5,-8,-35,320
15200.0,29,17,304
15202.5,26,29,380
15205.0,-13,-42,352
15207.5,10,3,338
15210.0,17,-25,329
15212.5,25,-28,349
15215.0,48,33,312
15217.5,-30,-34,349
15220.0,88,60,229
15222.5,-32,-34,299
15225.0,-75,-7,295
15227.5,53,24,301
15230.0,18,-13,281
15232.5,30,-37,354
15235.0,57,17,233
15237.5,-29,-30,341
15240.0,-29,-30,341
15242.5,9,-42,325
15245.0,-17,-37,299
15247.5,-12,-14,297
15250.0,43,3,203
15252.5,8,1,311
15255.0,-8,-8,384
15257.5,56,-10,341
15260.0,78,-5,381
15262.5,16,-6,334
15265.0,33,-7,252
15267.5,58,4,352
15270.0,26,8,269
15272.5,-32,-10,310
15275.0,11,-28,358
15277.5,-45,-37,323
15280.0,-47,-50,350
15282.5,-28,-42,337
15285.0,-13,-19,282
15287.5,-36,-29,271
15290.0,-36,-29,271
15292.5,0,-2,254
15295.0,58,24,272
15297.5,-25,-38,329
15300.0,71,-3,298
15302.5,-6,-3,311
15305.0,-22,-52,328
15307.5,48,-32,290
15310.0,-63,-40,352
15312.5,13,-23,221
15315.0,0,9,293
15317.5,12,-16,326
15320.0,4,1,281
15322.5,-27,-6,304
15325.0,32,-19,388
15327.5,12,-7,265
15330.0,-59,-32,361
15332.5,12,-18,255
15335.0,54,13,223
15337.5,-3,-18,283
15340.0,-3,-18,283
15342.5,59,34,209
15345.0,19,0,339
15347.5,-47,6,328
15350.0,22,-10,399
15352.5,44,17,377
15355.0,44,8,206
15357.5,11,5,160
15360.0,50,-4,337
15362.5,10,-27,288
15365.0,-43,-31,255
15367.5,-19,-15,383
15370.0,-10,-27,332
15372.5,9,-35,325
15375.0,6,-13,247
15377.5,89,3,301
15380.0,9,18,293
15382.5,-4,-32,298
15385.0,45,2,278
15387.5,45,2,278
15390.0,-49,-43,336
15392.5,37,-26,265
15395.0,-6,-43,368
15397.5,-15,10,354
15400.0,41,-22,282
15402.5,-18,-15,302
15405.0,33,-3,292
15407.5,-6,-12,373
15410.0,12,13,306
15412.5,47,11,270
15415.0,-18,-7,325
15417.5,12,-43,394
15420.0,64,-42,293
15422.5,-42,-26,334
15425.0,50,17,230
15427.5,-51,-33,297
15430.0,-38,-11,302
15432.5,6,16,314
15435.0,-10,-39,340
15437.5,-10,-39,340
15440.0,-9,-5,239
15442.5,-34,-50,287
15445.0,17,11,303
15447.5,11,-6,310
15450.0,35,13,281
15452.5,-66,-22,355
15455.0,68,16,291
15457.5,10,-16,358
15460.0,59,17,254
15462.5,29,0,279
15465.0,-17,-47,273
15467.5,32,54,280
15470.0,45,6,297
15472.5,0,6,305
15475.0,29,-4,293
15477.5,13,0,373
15480.0,-8,-56,294
15482.5,31,-30,271
15485.0,-50,-37,299
15487.5,-50,-37,299
15490.0,43,21,266
15492.5,26,22,328
15495.0,-23,-8,319
15497.5,-4,-11,274
15500.0,15,-4,350
15502.5,68,33,280
15505.0,-12,-19,269
15507.5,-25,-3,305
15510.0,17,-3,305
15512.5,-21,1,305
15515.0,10,-28,349
15517.5,99,33,130
15520.0,91,13,341
15522.5,24,16,299
15525.0,28,-15,180
15527.5,30,26,269
15530.0,48,-15,313
15532.5,45,-17,238
15535.0,44,0,246
15537.5,44,0,246
15540.0,85,-98,331
15542.5,-30,-7,378
15545.0,31,9,257
15547.5,77,-7,262
15550.0,1,-31,282
15552.5,75,-12,250
15555.0,9,-75,297
15557.5,79,58,325
15560.0,45,1,366
15562.5,0,-36,337
15565.0,49,12,265
15567.5,59,-33,229
15570.0,-63,-13,261
15572.5,30,7,212
15575.0,-9,-8,269
15577.5,-5,-9,388
15580.0,51,19,313
15582.5,-9,-25,302
15585.0,-100,-60,348
15587.5,-100,-60,348
15590.0,7,-9,239
15592.5,-48,-33,287
15595.0,22,11,262
15597.5,-2,3,333
15600.0,19,-17,325
15602.5,-37,23,224
15605.0,-20,2,337
15607.5,58,-29,330
15610.0,31,-26,281
15612.5,-105,-56,324
15615.0,106,13,307
15617.5,27,-59,324
15620.0,-55,-21,339
15622.5,23,18,261
15625.0,23,-25,337
15627.5,-30,-22,344
15630.0,85,-14,280
15632.5,-9,-24,331
15635.0,58,-27,252
15637.5,58,-27,252
15640.0,6,-44,313
15642.5,-15,-28,317
15645.0,-1,-47,331
15647.5,-4,-14,263
15650.0,9,-40,353
15652.5,-38,7,319
15655.0,9,-4,365
15657.5,18,10,258
15660.0,20,-39,253
15662.5,35,-45,277
15665.0,6,0,303
15667.5,-15,-14,331
15670.0,11,-10,350
15672.5,-10,-6,305
15675.0,-21,-45,363
15677.5,-4,-16,323
15680.0,60,3,281
15682.5,-41,-34,313
15685.0,-47,10,252
15687.5,-47,10,252
15690.0,5,-11,296
15692.5,5,-19,357
15695.0,64,-63,339
15697.5,-20,-11,358
15700.0,51,16,308
15702.5,85,40,260
15705.0,-42,-81,311
15707.5,56,5,260
15710.0,-37,-14,330
15712.5,-65,50,388
15715.0,44,-64,292
15717.5,27,-12,293
15720.0,-22,-43,384
15722.5,-5,-23,229
15725.0,0,-5,334
15727.5,-23,-42,196
15730.0,18,-28,302
15732.5,7,-35,342
15735.0,53,-26,237
15737.5,53,-26,237
15740.0,8,19,369
15742.5,-13,-37,304
15745.0,-26,-35,279
15747.5,19,34,383
15750.0,-9,-51,244
15752.5,36,-16,269
15755.0,-20,-10,367
15757.5,24,-94,313
15760.0,4,-20,326
15762.5,0,-30,328
15765.0,-57,-19,291
15767.5,-72,-37,281
15770.0,12,-4,262
15772.5,24,35,199
15775.0,-18,-24,296
15777.5,33,-45,222
15780.0,-31,-6,233
15782.5,57,8,339
15785.0,40,-24,370
15787.5,40,-24,370
15790.0,-22,-38,363
15792.5,-16,-59,233
15795.0,-50,-52,312
15797.5,19,34,279
15800.0,52,2,314
15802.5,7,-12,298
15805.0,-23,-14,291
15807.5,19,-23,258
15810.0,-70,-30,351
15812.5,-41,-40,260
15815.0,2,-29,292
15817.5,26,8,318
15820.0,18,25,316
15822.5,-44,3,331
15825.0,36,18,299
15827.5,88,24,239
15830.0,-66,-33,316
15832.5,-23,6,269
15835.0,-9,-54,306
15837.5,-9,-54,306
15840.0,13,-13,266
15842.5,32,-6,326
15845.0,-15,-18,293
15847.5,36,5,323
15850.0,69,21,282
15852.5,-1,-18,357
15855.0,80,24,238
15857.5,47,5,293
15860.0,1,8,296
15862.5,28,13,292
15865.0,12,-5,335
15867.5,59,26,293
15870.0,61,-4,246
15872.5,-35,-5,327
15875.0,9,8,281
15877.5,16,26,335
15880.0,14,12,320
15882.5,33,-17,325
15885.0,0,-7,378
15887.5,0,-7,378
15890.0,133,-31,333
15892.5,22,-34,333
15895.0,-13,-42,334
15897.5,25,22,204
15900.0,35,15,329
15902.5,-35,-40,388
15905.0,8,-60,299
15907.5,-64,29,389
15910.0,61,-39,344
15912.5,24,-20,226
15915.0,39,-4,299
15917.5,20,35,220
15920.0,30,34,350
15922.5,-13,13,294
15925.0,29,-47,301
15927.5,13,-57,331
15930.0,-29,-24,288
15932.5,51,42,236
15935.0,-42,-22,335
15937.5,-42,-22,335
15940.0,-24,4,245
15942.5,-42,-39,281
15945.0,-29,7,331
15947.5,-1,35,331
15950.0,41,-24,314
15952.5,-30,16,323
15955.0,70,4,220
15957.5,-3,-19,354
15960.0,-45,-10,301
15962.5,45,-4,299
15965.0,-19,-6,371
15967.5,40,42,336
15970.0,-9,43,284
15972.5,44,24,326
15975.0,36,-30,303
15977.5,5,-7,378
15980.0,49,-26,302
15982.5,-21,-50,315
15985.0,-21,-50,315
15987.5,31,-26,294
15990.0,48,30,233
15992.5,-34,-5,289
15995.0,-27,-61,356
15997.5,19,-5,284
16000.0,-62,-34,325
16002.5,-22,-40,305
16005.0,-26,12,309
16007.5,-11,-27,298
16010.0,40,1,285
16012.5,-9,-35,322
16015.0,47,36,348
16017.5,-32,-22,265
16020.0,47,-12,356
16022.5,14,-64,309
16025.0,-16,-4,282
16027.5,6,-8,297
16030.0,24,-19,251
16032.5,33,43,263
16035.0,33,43,263
16037.5,8,-11,338
16040.0,86,22,293
16042.5,-2,-26,340
16045.0,29,-6,317
16047.5,65,6,276
16050.0,24,-26,317
16052.5,56,17,236
16055.0,-4,-4,299
16057.5,-8,6,387
16060.0,-8,3,318
16062.5,-15,-21,348
16065.0,19,20,319
16067.5,30,-32,270
16070.0,-20,-19,307
16072.5,43,3,269
16075.0,-8,-4,301
16077.5,-22,-9,281
16080.0,27,6,268
16082.5,14,-25,369
16085.0,14,-25,369
16087.5,32,-30,362
16090.0,-36,-18,143
16092.5,35,8,410
16095.0,21,-13,229
16097.5,-4,-44,282
16100.0,5,-7,327
16102.5,77,29,298
16105.0,15,-23,333
16107.5,59,-7,257
16110.0,47,45,254
16112.5,-6,-63,342
16115.0,35,14,281
16117.5,-91,-31,290
16120.0,13,-32,363
16122.5,11,34,286
16125.0,-33,-7,353
16127.5,12,-5,296
16130.0,-18,-64,297
16132.5,-84,-21,319
16135.0,-84,-21,319
16137.5,-74,-23,332
16140.0,20,-9,309
16142.5,-17,-9,339
16145.0,33,9,287
16147.5,-1,-17,266
16150.0,-75,6,301
16152.5,-11,13,241
16155.0,-6,-10,374
16157.5,57,-24,213
16160.0,53,10,339
16162.5,-31,-17,309
16165.0,9,-23,345
16167.5,54,10,280
16170.0,11,12,313
16172.5,44,34,259
16175.0,11,-1,308
16177.5,41,-28,328
16180.0,23,8,237
16182.5,-9,-13,306
16185.0,-9,-13,306
16187.5,43,20,303
16190.0,17,8,365
16192.5,-9,-46,271
16195.0,83,3,307
16197.5,27,6,327
16200.0,36,21,217
16202.5,18,14,292
16205.0,1,2,304
16207.5,93,-34,353
16210.0,6,11,311
16212.5,41,16,302
16215.0,48,-7,282
16217.5,-15,-34,329
16220.0,6,-24,269
16222.5,-26,-7,285
16225.0,33,1,351
16227.5,7,-11,315
16230.0,-17,-13,348
16232.5,-15,-21,281
16235.0,-15,-21,281
16237.5,74,10,266
16240.0,-9,-29,327
16242.5,32,33,255
16245.0,-16,-14,311
16247.5,-31,-15,341
16250.0,2,-48,321
16252.5,17,0,346
16255.0,47,-13,249
16257.5,97,94,213
16260.0,-85,-91,310
16262.5,34,3,264
16265.0,-17,-32,258
16267.5,-23,-51,340
16270.0,9,-28,252
16272.5,-17,-12,304
16275.0,43,3,270
16277.5,16,-10,254
16280.0,-31,-73,315
16282.5,30,11,294
16285.0,30,11,294
16287.5,74,8,313
16290.0,-65,-28,357
16292.5,21,16,283
16295.0,44,-11,375
16297.5,45,-50,298
16300.0,60,13,234
16302.5,-9,-24,275
16305.0,24,-6,312
16307.5,7,21,303
16310.0,-34,-3,323
16312.5,175,38,191
16315.0,10,-34,316
16317.5,84,30,235
16320.0,55,-12,223
16322.5,-31,-22,293
16325.0,19,24,293
16327.5,23,-6,311
16330.0,4,-24,351
16332.5,21,-9,323
16335.0,21,-9,323
16337.5,24,-2,326
16340.0,-25,-52,254
16342.5,-52,-1,225
16345.0,60,17,357
16347.5,56,-7,227
16350.0,-23,2,293
16352.5,-2,-34,376
16355.0,45,-19,337
16357.5,-27,-26,292
16360.0,15,-65,305
16362.5,11,-4,214
16365.0,-10,-3,338
16367.5,35,3,267
16370.0,-6,17,295
16372.5,1,-17,377
16375.0,17,-10,363
16377.5,-4,2,371
16380.0,13,-47,331
16382.5,70,-14,252
16385.0,70,-14,252
16387.5,5,-14,296
16390.0,20,26,232
16392.5,24,-20,266
16395.0,-33,-6,298
16397.5,32,-1,306
16400.0,29,-35,335
16402.5,7,2,322
16405.0,16,-1,231
16407.5,21,36,335
16410.0,-18,-2,247
16412.5,20,-11,317
16415.0,-18,-29,325
16417.5,10,33,312
16420.0,18,-5,329
16422.5,-41,8,319
16425.0,11,7,284
16427.5,42,-6,330
16430.0,35,-15,246
16432.5,11,11,285
16435.0,11,11,285
16437.5,15,6,289
16440.0,45,6,290
16442.5,-14,6,311
16445.0,36,-1,332
16447.5,-7,11,254
16450.0,-6,-64,370
16452.5,47,4,332
16455.0,-67,-62,226
16457.5,-51,-48,336
16460.0,50,-26,104
16462.5,-6,-13,268
16465.0,-37,29,360
16467.5,12,8,355
16470.0,8,-3,292
16472.5,1,-8,255
16475.0,-70,-88,371
16477.5,34,10,291
16480.0,-4,-14,286
16482.5,25,-2,297
16485.0,25,-2,297
16487.5,-47,-27,429
16490.0,-5,-22,312
16492.5,1,-66,388
16495.0,25,-46,205
16497.5,-13,-9,269
16500.0,32,36,279
16502.5,-21,-19,269
16505.0,51,19,296
16507.5,-60,-20,333
16510.0,-28,-13,344
16512.5,-48,-66,386
16515.0,12,-17,317
16517.5,97,-5,276
16520.0,-26,-63,288
16522.5,10,-2,283
16525.0,-26,17,322
16527.5,-4,-33,360
16530.0,-3,-8,354
16532.5,17,-20,350
16535.0,17,-20,350
16537.5,-18,-43,263
16540.0,84,37,247
16542.5,10,7,309
16545.0,86,12,294
16547.5,3,0,300
16550.0,54,-11,336
16552.5,38,-10,308
16555.0,-51,-46,322
16557.5,-2,-3,261
16560.0,-38,-18,281
16562.5,-9,-41,340
16565.0,34,10,327
16567.5,20,-20,323
16570.0,53,19,368
16572.5,49,4,288
16575.0,-51,-23,323
16577.5,21,-17,239
16580.0,27,-20,257
16582.5,-24,-15,300
16585.0,-24,-15,300
16587.5,27,35,293
16590.0,-58,-27,302
16592.5,-3,29,324
16595.0,60,3,249
16597.5,-9,-28,338
16600.0,24,-6,235
16602.5,11,-29,310
16605.0,-35,22,307
16607.5,-5,-46,281
16610.0,-4,-25,320
16612.5,28,-2,280
16615.0,73,-16,289
16617.5,13,4,309
16620.0,5,-2,263
16622.5,27,26,293
16625.0,18,38,298
16627.5,-119,-72,186
16630.0,-41,-29,433
16632.5,32,28,369
16635.0,32,28,369
16637.5,66,31,205
16640.0,-12,-1,287
16642.5,115,22,251
16645.0,3,-9,255
16647.5,23,-47,353
16650.0,76,38,292
16652.5,12,-41,437
16655.0,29,16,322
16657.5,-9,-18,220
16660.0,6,-29,322
16662.5,51,50,306
16665.0,2,-35,302
16667.5,3,-32,439
16670.0,63,-4,373
16672.5,9,-58,338
16675.0,45,-37,327
16677.5,28,-29,268
16680.0,80,19,329
16682.5,95,-11,212
16685.0,95,-11,212
16687.5,-38,-10,364
16690.0,1,-5,312
16692.5,13,11,321
16695.0,-71,-33,378
16697.5,33,13,337
16700.0,31,-18,297
16702.5,31,4,278
16705.0,-7,-15,270
16707.5,73,17,277
16710.0,-66,0,300
16712.5,-28,-71,294
16715.0,-10,16,364
16717.5,-26,-16,293
16720.0,3,-15,248
16722.5,5,-11,339
16725.0,-5,8,261
16727.5,-63,-33,324
16730.0,3,-16,354
16732.5,1,-8,327
16735.0,1,-8,327
16737.5,21,-27,345
16740.0,-18,5,338
16742.5,108,13,281
16745.0,-25,-4,330
16747.5,-10,-20,273
16750.0,40,2,229
16752.5,18,-29,333
16755.0,12,9,279
16757.5,20,19,299
16760.0,45,-9,333
16762.5,9,27,296
16765.0,21,-8,334
16767.5,12,-7,275
16770.0,17,15,269
16772.5,19,-17,305
16775.0,48,-11,257
16777.5,32,1,311
16780.0,-6,-34,319
16782.5,61,-25,300
16785.0,61,-25,300
16787.5,18,-8,339
16790.0,46,-2,265
16792.5,38,-9,273
16795.0,-21,9,291
16797.5,17,48,271
16800.0,25,-11,296
16802.5,-45,22,310
16805.0,57,-9,307
16807.5,19,4,360
16810.0,30,-7,283
16812.5,5,-21,265
16815.0,9,-4,291
16817.5,58,17,279
16820.0,-17,-24,318
16822.5,59,-39,305
16825.0,72,-5,272
16827.5,27,2,400
16830.0,44,23,405
16832.5,29,-18,168
16835.0,29,-18,168
16837.5,-63,-64,320
16840.0,89,2,212
16842.5,-28,-25,377
16845.0,-33,-6,379
16847.5,-63,-44,379
16850.0,27,-3,294
16852.5,53,20,294
16855.0,112,36,234
16857.5,-41,-28,357
16860.0,109,26,166
16862.5,-34,-10,351
16865.0,7,14,380
16867.5,39,9,319
16870.0,-18,-38,326
16872.5,31,-25,285
16875.0,88,8,303
16877.5,1,-8,230
16880.0,25,-16,225
16882.5,11,10,258
16885.0,11,10,258
16887.5,-28,-13,362
16890.0,62,36,291
16892.5,-25,-31,377
16895.0,9,-10,324
16897.5,30,53,250
16900.0,42,26,242
16902.5,55,35,217
16905.0,-62,-34,265
16907.5,12,42,285
16910.0,54,-6,289
16912.5,-19,-22,364
16915.0,-4,-35,240
16917.5,53,2,249
16920.0,-15,-6,335
16922.5,35,7,284
16925.0,25,26,308
16927.5,-11,-66,359
16930.0,-3,-7,278
16932.5,-56,-36,315
16935.0,-56,-36,315
16937.5,-45,16,249
16940.0,-15,-39,277
16942.5,26,-5,298
16945.0,8,33,300
16947.5,5,-16,303
16950.0,27,-22,357
16952.5,39,24,312
16955.0,-5,-29,354
16957.5,24,-3,264
16960.0,-26,-21,285
16962.5,-27,-36,316
16965.0,2,-20,330
16967.5,29,-15,303
16970.0,37,25,336
16972.5,39,9,278
16975.0,33,2,354
16977.5,43,-72,282
16980.0,4,-11,320
16982.5,4,-11,320
16985.0,-18,-13,322
16987.5,26,13,310
16990.0,-37,-54,334
16992.5,7,-65,307
16995.0,62,-18,271
16997.5,-30,-44,340
17000.0,-46,-51,264
17002.5,-65,-63,324
17005.0,40,5,264
17007.5,32,-18,304
17010.0,11,19,302
17012.5,-29,-18,368
17015.0,90,55,270
17017.5,-17,-48,371
17020.0,28,-46,259
17022.5,-38,28,443
17025.0,-9,-33,400
17027.5,-29,30,253
17030.0,10,-36,298
17032.5,10,-36,298
17035.0,57,21,315
17037.5,38,-11,248
17040.0,-29,-48,344
17042.5,32,3,299
17045.0,29,9,267
17047.5,-1,-6,354
17050.0,57,-5,331
17052.5,46,4,252
17055.0,71,8,256
17057.5,103,22,231
17060.0,33,-4,300
17062.5,55,27,228
17065.0,-44,-1,287
17067.5,-91,-48,333
17070.0,-9,-5,324
17072.5,21,-13,267
17075.0,-29,-25,334
17077.5,113,9,270
17080.0,-12,-39,304
17082.5,-12,-39,304
17085.0,31,-20,213
17087.5,44,35,311
17090.0,-19,-8,342
17092.5,3,9,270
17095.0,44,13,334
17097.5,100,3,323
17100.0,58,49,243
17102.5,-60,-10,307
17105.0,42,-26,264
17107.5,-29,-27,307
17110.0,25,22,309
17112.5,27,38,292
17115.0,-24,-47,358
17117.5,-10,-28,403
17120.0,40,-27,299
17122.5,-18,-32,350
17125.0,83,-31,280
17127.5,-5,-50,285
17130.0,-1,-29,322
17132.5,-1,-29,322
17135.0,28,6,296
17137.5,35,29,326
17140.0,26,22,317
17142.5,84,-32,291
17145.0,-39,-1,308
17147.5,-2,-19,286
17150.0,0,23,270
17152.5,-12,-45,310
17155.0,64,21,280
17157.5,-25,-46,314
17160.0,65,-20,346
17162.5,17,-29,262
17165.0,52,-19,349
17167.5,34,18,230
17170.0,24,4,263
17172.5,-3,-28,306
17175.0,23,15,288
17177.5,103,-7,303
17180.0,24,6,355
17182.5,24,6,355
17185.0,-12,-17,319
17187.5,13,-6,362
17190.0,82,29,271
17192.5,11,11,222
17195.0,7,32,316
17197.5,72,47,270
17200.0,45,-38,349
17202.5,89,46,360
17205.0,50,10,328
17207.5,16,-21,373
17210.0,44,-18,201
17212.5,55,10,249
17215.0,88,-12,376
17217.5,26,14,213
17220.0,-36,-52,315
17222.5,2,2,313
17225.0,-10,1,291
17227.5,-24,16,371
17230.0,-46,3,215
17232.5,-46,3,215
17235.0,11,-4,233
17237.5,36,-28,333
17240.0,-17,-40,215
17242.5,28,11,344
17245.0,31,24,319
17247.5,-64,-14,425
17250.0,-22,-28,335
17252.5,-3,6,270
17255.0,104,29,200
17257.5,-18,-10,285
17260.0,2,-62,204
17262.5,7,23,271
17265.0,-41,-36,408
17267.5,19,-25,277
17270.0,-45,-53,399
17272.5,17,-3,300
17275.0,-14,-23,356
17277.5,10,-31,339
17280.0,-2,-36,267
17282.5,-2,-36,267
17285.0,13,2,311
17287.5,22,-7,339
17290.0,53,-17,264
17292.5,-41,-50,343
17295.0,39,-6,256
17297.5,-6,1,312
17300.0,-8,-28,322
17302.5,-8,4,304
17305.0,-45,11,337
17307.5,-12,20,334
17310.0,12,0,298
17312.5,-13,-19,319
17315.0,-34,12,200
17317.5,25,46,294
17320.0,9,12,322
17322.5,84,35,307
17325.0,-41,10,323
17327.5,41,-54,298
17330.0,-61,-53,270
17332.5,-61,-53,270
17335.0,-45,-18,322
17337.5,72,23,254
17340.0,21,12,268
17342.5,-16,-19,296
17345.0,51,2,300
17347.5,-36,-29,320
17350.0,36,-5,301
17352.5,-20,-40,281
17355.0,-2,-5,323
17357.5,43,-8,266
17360.0,61,48,301
17362.5,-22,9,323
17365.0,21,-5,318
17367.5,-76,5,286
17370.0,71,55,332
17372.5,-22,-55,347
17375.0,-18,-20,270
17377.5,14,2,255
17380.0,-13,-19,327
17382.5,-13,-19,327
17385.0,11,-24,325
17387.5,104,6,161
17390.0,-6,-21,369
17392.5,-23,-86,313
17395.0,81,36,287
17397.5,-40,-1,338
17400.0,60,-8,329
17402.5,-28,21,247
17405.0,-9,-18,307
17407.5,-52,-4,210
17410.0,-44,-80,393
17412.5,19,17,273
17415.0,28,-9,273
17417.5,-39,-30,296
17420.0,31,24,336
17422.5,79,34,251
17425.0,-4,-24,303
17427.5,48,43,348
17430.0,-103,-45,365
17432.5,-103,-45,365
17435.0,8,-34,265
17437.5,-7,6,267
17440.0,-46,-10,296
17442.5,30,-30,285
17445.0,30,5,341
17447.5,-64,15,306
17450.0,-41,14,226
17452.5,56,49,400
17455.0,-11,-31,311
17457.5,38,-2,238
17460.0,2,6,284
17462.5,5,1,282
17465.0,-15,-29,307
17467.5,-25,-47,344
17470.0,46,-14,314
17472.5,3,-35,354
17475.0,-23,-16,252
17477.5,81,12,216
17480.0,-92,-5,262
17482.5,-92,-5,262
17485.0,112,5,236
17487.5,32,9,310
17490.0,15,-4,354
17492.5,25,13,305
17495.0,13,2,325
17497.5,62,-27,352
17500.0,-19,27,287
17502.5,-38,-11,277
17505.0,45,13,303
17507.5,30,1,312
17510.0,-15,5,336
17512.5,52,6,321
17515.0,12,-2,357
17517.5,-23,7,312
17520.0,48,2,270
17522.5,26,7,333
17525.0,25,8,279
17527.5,-28,-29,287
17530.0,8,-20,336
17532.5,8,-20,336
17535.0,28,11,276
17537.5,50,-16,340
17540.0,16,-17,336
17542.5,53,-13,295
17545.0,-52,-25,341
17547.5,83,19,220
17550.0,48,3,258
17552.5,-19,-6,292
17555.0,27,4,307
17557.5,37,-2,339
17560.0,32,-34,329
17562.5,115,14,222
17565.0,17,-10,276
17567.5,32,-25,252
17570.0,5,25,466
17572.5,-29,39,263
17575.0,-12,3,292
17577.5,3,-7,276
17580.0,-55,28,278
17582.5,-55,28,278
17585.0,-18,-20,288
17587.5,-70,-52,446
17590.0,88,14,212
17592.5,19,-22,249
17595.0,-50,-28,315
17597.5,-22,-10,361
17600.0,25,-45,288
17602.5,31,-63,343
17605.0,-11,2,217
17607.5,-2,12,308
17610.0,69,35,293
17612.5,-19,3,267
17615.0,39,-19,319
17617.5,24,7,299
17620.0,-38,-37,351
17622.5,58,28,247
17625.0,38,18,349
17627.5,16,-5,326
17630.0,39,1,310
17632.5,39,1,310
17635.0,44,49,298
17637.5,-29,-7,322
17640.0,22,-6,334
17642.5,39,0,322
17645.0,19,42,282
17647.5,-6,-75,263
17650.0,-42,-25,345
17652.5,-35,-14,278
17655.0,-27,1,311
17657.5,24,-42,321
17660.0,-17,-46,349
17662.5,-40,-30,360
17665.0,14,-42,263
17667.5,36,-6,280
17670.0,-3,-11,287
17672.5,4,-9,263
17675.0,27,17,281
17677.5,16,-33,320
17680.0,53,1,301
17682.5,53,1,301
17685.0,7,-36,362
17687.5,2,-26,264
17690.0,37,-19,305
17692.5,-30,-1,333
17695.0,26,-3,307
17697.5,8,5,300
17700.0,-10,-44,327
17702.5,-6,-34,299
17705.0,-6,-5,356
17707.5,57,22,260
17710.0,55,-13,291
17712.5,23,2,310
17715.0,26,3,273
17717.5,-34,-41,290
17720.0,64,7,346
17722.5,97,21,292
17725.0,-34,-37,362
17727.5,31,-28,244
17730.0,24,-8,263
17732.5,24,-8,263
17735.0,20,-21,286
17737.5,125,20,335
17740.0,-31,-28,361
17742.5,14,21,338
17745.0,57,-14,305
17747.5,-9,-35,340
17750.0,78,32,229
17752.5,15,-31,359
17755.0,-22,-34,321
17757.5,46,-21,279
17760.0,21,-12,312
17762.5,-8,-30,373
17765.0,-29,49,204
17767.5,-12,13,327
17770.0,-1,24,307
17772.5,-17,5,306
17775.0,-42,-19,332
17777.5,-14,10,376
17780.0,0,-8,345
17782.5,0,-8,345
17785.0,-30,-54,316
17787.5,107,24,239
17790.0,-11,-8,348
17792.5,-11,10,321
17795.0,-68,-51,325
17797.5,-15,-4,348
17800.0,-31,-4,330
17802.5,-36,-5,357
17805.0,-25,-3,326
17807.5,12,-2,272
17810.0,23,-16,388
17812.5,-2,-36,258
17815.0,1,7,312
17817.5,-46,-22,362
17820.0,42,-7,396
17822.5,107,19,266
17825.0,45,12,289
17827.5,50,-12,204
17830.0,26,-11,302
17832.5,26,-11,302
17835.0,60,-18,240
17837.5,55,52,281
17840.0,-42,-31,347
17842.5,80,-3,331
17845.0,-21,-26,330
17847.5,46,-17,317
17850.0,24,22,266
17852.5,7,-8,327
17855.0,5,-3,280
17857.5,-46,-33,319
17860.0,-6,-34,326
17862.5,33,23,261
17865.0,-58,-7,290
17867.5,-11,39,381
17870.0,-27,14,315
17872.5,-29,-37,341
17875.0,-9,-21,262
17877.5,76,0,267
17880.0,-17,-46,280
17882.5,-17,-46,280
17885.0,1,-1,271
17887.5,18,-1,289
17890.0,-17,-7,337
17892.5,4,-6,312
17895.0,7,-9,360
17897.5,8,-31,269
17900.0,13,-20,257
17902.5,4,16,312
17905.0,-9,32,269
17907.5,2,11,300
17910.0,-15,-20,318
17912.5,32,-6,304
17915.0,-19,-9,351
17917.5,-10,-40,302
17920.0,6,-5,272
17922.5,-17,-15,293
17925.0,45,-9,272
17927.5,2,18,289
17930.0,2,18,289
17932.5,-2,-13,382
17935.0,34,42,413
17937.5,-43,-12,387
17940.0,-6,-35,263
17942.5,-17,-42,311
17945.0,20,-3,286
17947.5,45,-33,279
17950.0,7,8,258
17952.5,9,-1,326
17955.0,29,-39,449
17957.5,-4,-34,259
17960.0,7,-40,357
17962.5,37,-20,223
17965.0,8,-16,325
17967.5,23,-33,284
17970.0,-30,-6,426
17972.5,11,2,261
17975.0,21,-5,348
17977.5,-43,-26,281
17980.0,-43,-26,281
17982.5,-14,-58,313
17985.0,117,17,246
17987.5,-8,-23,359
17990.0,2,-2,280
17992.5,19,-24,295
17995.0,-15,-13,307
17997.5,16,26,293
18000.0,-44,-49,336
18002.5,-14,-19,272
18005.0,-5,-29,275
18007.5,13,-13,314
18010.0,17,-16,297
18012.5,89,34,294
18015.0,-19,-46,338
18017.5,46,11,321
18020.0,6,-32,342
18022.5,20,-14,225
18025.0,-24,20,206
18027.5,-16,-9,307
18030.0,-16,-9,307
18032.5,44,20,314
18035.0,-22,1,312
18037.5,23,17,345
18040.0,44,-16,273
18042.5,34,-8,365
18045.0,67,-5,248
18047.5,52,-3,269
18050.0,-5,-30,307
18052.5,42,-18,269
18055.0,54,20,319
18057.5,33,-27,318
18060.0,7,-30,254
18062.5,-40,-45,392
18065.0,49,7,265
18067.5,-21,2,282
18070.0,-3,-12,321
18072.5,-23,1,311
18075.0,-40,-15,324
18077.5,9,-34,322
18080.0,9,-34,322
18082.5,16,-15,255
18085.0,16,12,331
18087.5,41,18,249
18090.0,13,15,275
18092.5,14,-9,303
18095.0,71,27,302
18097.5,4,-20,333
18100.0,37,18,308
18102.5,107,5,285
18105.0,4,22,310
18107.5,-138,-11,300
18110.0,-57,20,349
18112.5,-26,-8,348
18115.0,36,12,387
18117.5,47,-17,291
18120.0,16,-37,384
18122.5,23,-26,301
18125.0,-22,-10,265
18127.5,-19,7,199
18130.0,-19,7,199
18132.5,1,-79,339
18135.0,33,-22,369
18137.5,14,-33,381
18140.0,-38,-20,314
18142.5,39,-1,294
18145.0,36,-24,298
18147.5,7,-16,386
18150.0,47,-67,246
18152.5,-27,21,310
18155.0,-29,-21,362
18157.5,-4,7,269
18160.0,33,-5,286
18162.5,-11,9,329
18165.0,15,-13,256
18167.5,-24,-23,294
18170.0,35,1,269
18172.5,-5,35,303
18175.0,-7,-57,327
18177.5,51,-5,310
18180.0,51,-5,310
18182.5,-26,10,313
18185.0,56,17,331
18187.5,71,-12,253
18190.0,-31,-59,334
18192.5,56,1,271
18195.0,-12,9,294
18197.5,-18,-1,327
18200.0,13,1,289
18202.5,32,-27,333
18205.0,29,-2,317
18207.5,-54,-30,261
18210.0,2,-1,355
18212.5,3,-44,298
18215.0,59,6,290
18217.5,-4,-3,323
18220.0,37,-25,314
18222.5,17,-17,316
18225.0,42,-31,314
18227.5,75,17,304
18230.0,75,17,304
18232.5,-21,-15,335
18235.0,21,-22,287
18237.5,51,-20,295
18240.0,-30,-47,291
18242.5,-29,21,261
18245.0,24,-7,296
18247.5,-40,10,349
18250.0,11,9,269
18252.5,53,5,337
18255.0,-2,-40,278
18257.5,-5,3,286
18260.0,-12,-13,307
18262.5,5,-15,311
18265.0,-62,-23,318
18267.5,3,-8,359
18270.0,49,3,310
18272.5,-29,-27,344
18275.0,35,14,220
18277.5,40,65,288
18280.0,40,65,288
18282.5,-38,2,279
18285.0,26,-3,290
18287.5,-20,23,299
18290.0,30,-19,342
18292.5,4,-13,305
18295.0,10,-45,365
18297.5,-16,-7,249
18300.0,91,-4,246
18302.5,-44,-25,257
18305.0,0,-18,372
18307.5,-24,4,380
18310.0,6,-86,392
18312.5,43,-21,293
18315.0,-1,-1,355
18317.5,14,-16,231
18320.0,19,10,318
18322.5,52,16,330
18325.0,-6,-2,304
18327.5,25,3,251
18330.0,25,3,251
18332.5,10,-62,347
18335.0,9,-14,319
18337.5,-19,-11,345
18340.0,5,-1,241
18342.5,48,14,291
18345.0,50,9,331
18347.5,4,-15,329
18350.0,10,24,284
18352.5,16,-31,375
18355.0,-17,-21,316
18357.5,11,-20,302
18360.0,-18,2,296
18362.5,22,-18,275
18365.0,6,-15,339
18367.5,4,-17,302
18370.0,-39,-76,362
18372.5,25,1,327
18375.0,42,-52,308
18377.5,33,-30,284
18380.0,33,-30,284
18382.5,-9,-14,262
18385.0,-57,-50,214
18387.5,65,-22,207
18390.0,21,23,327
18392.5,1,-34,325
18395.0,-45,-10,343
18397.5,28,18,273
18400.0,13,-20,384
18402.5,-25,-3,222
18405.0,-4,-11,275
18407.5,28,-1,323
18410.0,10,5,306
18412.5,-15,-42,382
18415.0,-3,-9,375
18417.5,1,-25,267
18420.0,-28,-15,317
18422.5,31,20,221
18425.0,47,41,245
18427.5,14,-16,308
18430.0,14,-16,308
18432.5,10,20,277
18435.0,24,1,334
18437.5,20,-36,320
18440.0,40,-14,279
18442.5,-9,-22,338
18445.0,71,-33,321
18447.5,-3,-17,299
18450.0,12,-38,354
18452.5,66,2,287
18455.0,-45,-58,296
18457.5,46,7,324
18460.0,101,14,251
18462.5,-32,-22,297
18465.0,3,4,270
18467.5,-15,-20,331
18470.0,-14,-7,351
18472.5,35,-19,310
18475.0,10,-88,287
18477.5,33,-57,299
18480.0,33,-57,299
18482.5,13,-17,296
18485.0,61,3,259
18487.5,-5,-20,262
18490.0,-14,-50,298
18492.5,-57,8,337
18495.0,22,34,352
18497.5,26,30,356
18500.0,-10,-83,287
18502.5,-7,-21,381
18505.0,-30,-27,312
18507.5,1,40,256
18510.0,-34,11,317
18512.5,-39,-11,329
18515.0,108,-32,294
18517.5,-23,-15,340
18520.0,-16,-23,281
18522.5,-20,-9,222
18525.0,-8,22,387
18527.5,39,4,302
18530.0,39,4,302
18532.5,-156,-49,301
18535.0,60,24,280
18537.5,6,-38,317
18540.0,19,-16,319
18542.5,37,-5,244
18545.0,38,40,186
18547.5,61,43,278
18550.0,124,28,262
18552.5,13,-18,279
18555.0,-85,-45,344
18557.5,36,8,293
18560.0,34,-2,298
18562.5,27,8,337
18565.0,-11,-13,332
18567.5,-44,-63,322
18570.0,46,23,283
18572.5,20,3,316
18575.0,19,-63,338
18577.5,70,8,254
18580.0,70,8,254
18582.5,-18,-36,367
18585.0,4,12,305
18587.5,-10,-44,261
18590.0,-32,-18,325
18592.5,-67,-22,284
18595.0,-10,7,270
18597.5,46,-2,322
18600.0,49,16,307
18602.5,-5,-25,357
18605.0,32,-11,311
18607.5,23,22,268
18610.0,-13,-13,312
18612.5,55,-2,263
18615.0,-20,-30,316
18617.5,-7,10,325
18620.0,27,10,307
18622.5,-27,6,331
18625.0,26,-32,308
18627.5,10,-34,272
18630.0,10,-34,272
18632.5,-15,-6,297
18635.0,0,4,246
18637.5,8,-7,317
18640.0,9,-2,334
18642.5,30,-19,323
18645.0,32,-10,344
18647.5,10,-34,354
18650.0,27,-3,279
18652.5,-10,-6,350
18655.0,-10,38,266
18657.5,13,1,314
18660.0,41,5,303
18662.5,29,20,365
18665.0,-31,-21,340
18667.5,-14,-9,342
18670.0,11,18,327
18672.5,3,-18,364
18675.0,37,-29,302
18677.5,17,-11,233
18680.0,17,-11,233
18682.5,-123,-41,339
18685.0,22,3,273
18687.5,-16,19,324
18690.0,-36,-2,293
18692.5,5,-13,341
18695.0,-37,-15,404
18697.5,-2,-37,185
18700.0,-47,-38,367
18702.5,-41,-39,261
18705.0,78,50,301
18707.5,-6,-47,352
18710.0,52,20,357
18712.5,39,-12,271
18715.0,40,-21,357
18717.5,-3,15,250
18720.0,-17,-10,350
18722.5,7,28,299
18725.0,20,-33,370
18727.5,26,-40,330
18730.0,26,-40,330
18732.5,19,18,320
18735.0,68,-26,232
18737.5,9,-26,317
18740.0,-4,-31,195
18742.5,74,5,192
18745.0,33,22,312
18747.5,-1,32,378
18750.0,-29,-13,314
18752.5,22,12,333
18755.0,3,-62,252
18757.5,-21,-1,302
18760.0,-16,39,229
18762.5,7,-10,283
18765.0,-24,-40,329
18767.5,8,36,253
18770.0,33,12,330
18772.5,-10,-48,347
18775.0,-16,-10,310
18777.5,-16,-10,310
18780.0,-7,-6,360
18782.5,17,5,278
18785.0,8,-23,328
18787.5,15,-1,278
18790.0,2,-27,364
18792.5,30,-21,331
18795.0,44,48,272
18797.5,-17,6,282
18800.0,-33,-46,334
18802.5,68,29,238
18805.0,23,-13,298
18807.5,-50,-10,329
18810.0,63,-26,384
18812.5,-27,-33,351
18815.0,19,21,265
18817.5,-28,19,249
18820.0,47,-18,313
18822.5,-15,0,279
18825.0,-12,1,301
18827.5,-12,1,301
18830.0,-33,3,310
18832.5,25,-7,322
18835.0,-26,-41,367
18837.5,16,24,219
18840.0,-48,-33,266
18842.5,-31,-33,332
18845.0,44,13,267
18847.5,31,11,323
18850.0,-31,-1,332
18852.5,72,-6,300
18855.0,-30,-21,352
18857.5,11,-45,193
18860.0,10,4,299
18862.5,11,10,286
18865.0,35,-47,270
18867.5,114,1,282
18870.0,25,-15,386
18872.5,14,36,217
18875.0,13,9,337
18877.5,13,9,337
18880.0,95,49,240
18882.5,-13,-4,304
18885.0,-7,7,303
18887.5,11,-25,369
18890.0,-1,-2,398
18892.5,36,-14,353
18895.0,-6,-38,205
18897.5,-69,-25,349
18900.0,39,-20,270
18902.5,37,-16,260
18905.0,11,-9,286
18907.5,5,-5,334
18910.0,-16,15,296
18912.5,-22,-25,358
18915.0,13,3,259
18917.5,-41,-50,394
18920.0,-46,-7,259
18922.5,41,-8,257
18925.0,9,15,285
18927.5,9,15,285
18930.0,54,18,278
18932.5,-43,-52,262
18935.0,24,14,337
18937.5,32,-6,290
18940.0,-40,-23,350
18942.5,-6,-20,322
18945.0,-46,-20,287
18947.5,75,38,346
18950.0,35,-1,253
18952.5,-1,-5,284
18955.0,13,-27,361
18957.5,20,-26,257
18960.0,-14,-25,334
18962.5,-22,-17,341
18965.0,-34,-34,306
18967.5,-13,-50,311
18970.0,12,20,273
18972.5,37,13,327
18975.0,-2,-25,327
18977.5,-2,-25,327
18980.0,35,29,267
18982.5,-41,5,332
18985.0,0,-7,274
18987.5,-26,17,297
18990.0,-24,-24,296
18992.5,77,32,306
18995.0,-14,-12,257
18997.5,2,-1,311
19000.0,-5,-8,315
19002.5,-3,-38,374
19005.0,9,-34,296
19007.5,-8,-8,254
19010.0,7,-39,333
19012.5,-62,9,274
19015.0,21,12,304
19017.5,-22,-8,318
19020.0,71,-10,250
19022.5,-4,-22,330
19025.0,-7,5,294
19027.5,-7,5,294
19030.0,10,-44,270
19032.5,-41,-34,305
19035.0,87,-20,253
19037.5,66,20,291
19040.0,-59,-7,315
19042.5,44,-17,312
19045.0,8,-72,392
19047.5,6,-36,320
19050.0,17,-21,299
19052.5,4,-17,272
19055.0,47,-3,301
19057.5,-10,17,271
19060.0,8,-19,369
19062.5,54,20,310
19065.0,-125,-17,468
19067.5,-53,-8,349
19070.0,76,27,314
19072.5,20,-22,260
19075.0,2,-26,337
19077.5,2,-26,337
19080.0,43,43,238
19082.5,4,38,370
19085.0,32,-20,297
19087.5,-50,-33,325
19090.0,84,48,245
19092.5,84,-19,169
19095.0,0,-18,266
19097.5,31,18,237
19100.0,-26,-16,312
19102.5,-19,-1,369
19105.0,5,-24,321
19107.5,-33,-54,346
19110.0,-56,-31,313
19112.5,27,-1,288
19115.0,8,-28,304
19117.5,82,16,270
19120.0,38,-7,291
19122.5,19,-44,332
19125.0,0,-22,363
19127.5,0,-22,363
19130.0,-12,-26,359
19132.5,38,28,264
19135.0,58,0,298
19137.5,0,27,267
19140.0,19,-3,348
19142.5,-10,18,321
19145.0,-13,-4,295
19147.5,54,-16,253
19150.0,-46,0,326
19152.5,36,33,186
19155.0,-11,25,248
19157.5,-55,-18,333
19160.0,35,19,300
19162.5,-3,-23,325
19165.0,6,4,327
19167.5,39,-29,312
19170.0,8,-9,384
19172.5,44,-33,257
19175.0,-31,-28,313
19177.5,-31,-28,313
19180.0,5,-7,309
19182.5,35,28,304
19185.0,12,-9,291
19187.5,20,-7,335
19190.0,11,12,227
19192.5,-32,-10,329
19195.0,64,25,261
19197.5,15,8,259
19200.0,-19,-4,296
19202.5,19,12,286
19205.0,-22,-49,356
19207.5,64,21,304
19210.0,-33,-30,278
19212.5,21,6,313
19215.0,25,11,220
19217.5,19,-36,268
19220.0,14,15,385
19222.5,-49,-40,357
19225.0,9,-18,306
19227.5,9,-18,306
19230.0,39,-10,294
19232.5,29,28,283
19235.0,-26,2,331
19237.5,10,33,266
19240.0,-18,13,311
19242.5,30,-14,389
19245.0,34,30,329
19247.5,16,-1,315
19250.0,22,-8,248
19252.5,-36,-17,200
19255.0,-6,-29,314
19257.5,8,-66,273
19260.0,-16,-16,259
19262.5,26,-1,319
19265.0,28,-32,289
19267.5,66,6,363
19270.0,31,-40,286
19272.5,-33,21,223
19275.0,11,-17,322
19277.5,11,-17,322
19280.0,-8,13,296
19282.5,37,-8,296
19285.0,-15,-28,332
19287.5,35,-59,238
19290.0,40,-23,325
19292.5,-9,7,258
19295.0,53,19,250
19297.5,0,14,322
19300.0,6,11,302
19302.5,88,-7,330
19305.0,-76,3,329
19307.5,-6,-11,286
19310.0,-27,-34,316
19312.5,5,-87,282
19315.0,73,31,275
19317.5,-1,6,331
19320.0,17,-19,314
19322.5,55,2,294
19325.0,-58,-38,339
19327.5,-58,-38,339
19330.0,58,-29,293
19332.5,20,6,312
19335.0,-12,9,329
19337.5,88,-27,314
19340.0,-22,-21,304
19342.5,4,-24,268
19345.0,-17,2,308
19347.5,28,-3,367
19350.0,12,-34,265
19352.5,6,-41,311
19355.0,25,21,242
19357.5,11,-19,272
19360.0,-8,-22,294
19362.5,-21,-2,265
19365.0,46,23,231
19367.5,-26,-37,322
19370.0,49,8,297
19372.5,26,-47,349
19375.0,18,-48,342
19377.5,18,-48,342
19380.0,-33,-3,258
19382.5,-49,-42,334
19385.0,28,1,240
19387.5,24,47,297
19390.0,-16,-9,321
19392.5,36,6,295
19395.0,22,-10,322
19397.5,31,-27,355
19400.0,7,-38,292
19402.5,-56,-53,306
19405.0,61,4,259
19407.5,2,33,316
19410.0,-10,-22,305
19412.5,6,-44,304
19415.0,-21,-3,405
19417.5,0,28,251
19420.0,41,12,329
19422.5,-40,-38,328
19425.0,-42,-60,249
19427.5,-42,-60,249
19430.0,55,2,224
19432.5,-3,0,328
19435.0,14,10,485
19437.5,50,30,189
19440.0,-22,-63,333
19442.5,52,41,176
19445.0,-46,-12,293
19447.5,-9,-42,257
19450.0,47,-12,276
19452.5,46,82,292
19455.0,56,-29,322
19457.5,-24,-25,274
19460.0,23,-47,317
19462.5,4,21,208
19465.0,-69,-49,359
19467.5,-14,-5,239
19470.0,2,-7,290
19472.5,-22,-22,339
19475.0,-16,-3,300
19477.5,-16,-3,300
19480.0,32,18,314
19482.5,75,42,249
19485.0,-39,-51,310
19487.5,-40,-22,317
19490.0,77,-5,303
19492.5,38,19,279
19495.0,-38,2,312
19497.5,2,-4,272
19500.0,3,-5,337
19502.5,24,38,268
19505.0,37,-80,271
19507.5,-22,4,290
19510.0,29,-16,250
19512.5,-23,-26,360
19515.0,-6,1,318
19517.5,20,1,354
19520.0,-25,-42,333
19522.5,14,0,313
19525.0,54,16,240
19527.5,54,16,240
19530.0,-30,-32,327
19532.5,16,2,244
19535.0,-52,-39,332
19537.5,-13,5,329
19540.0,18,-26,342
19542.5,21,0,382
19545.0,17,-11,269
19547.5,-2,8,306
19550.0,-29,-37,292
19552.5,68,25,287
19555.0,18,56,286
19557.5,-20,-45,365
19560.0,30,54,286
19562.5,-57,-56,387
19565.0,23,-4,281
19567.5,-23,-6,287
19570.0,-15,-28,332
19572.5,25,11,295
19575.0,25,11,295
19577.5,-2,-4,291
19580.0,75,-1,377
19582.5,17,-17,252
19585.0,25,-9,341
19587.5,85,46,274
19590.0,-51,-79,409
19592.5,-31,-2,396
19595.0,9,-4,361
19597.5,-12,-24,282
19600.0,10,11,343
19602.5,-6,-17,272
19605.0,4,34,345
19607.5,67,-32,267
19610.0,-22,8,328
19612.5,-33,-4,308
19615.0,16,3,335
19617.5,51,2,278
19620.0,23,-28,342
19622.5,15,5,257
19625.0,15,5,257
19627.5,-111,-66,372
19630.0,60,16,229
19632.5,35,-52,268
19635.0,8,-36,321
19637.5,97,-37,393
19640.0,-60,12,271
19642.5,40,-8,335
19645.0,-1,-15,277
19647.5,-9,-22,366
19650.0,26,-28,301
19652.5,29,12,313
19655.0,-29,-30,332
19657.5,0,58,333
19660.0,-23,-23,346
19662.5,-32,13,341
19665.0,-57,-43,261
19667.5,-14,26,321
19670.0,119,13,282
19672.5,13,-9,344
19675.0,13,-9,344
19677.5,2,-32,307
19680.0,28,-22,323
19682.5,42,5,287
19685.0,-59,-13,314
19687.5,-11,-32,306
19690.0,19,-19,391
19692.5,56,50,260
19695.0,-46,-12,270
19697.5,-18,-24,334
19700.0,91,6,294
19702.5,8,-6,306
19705.0,-1,-20,399
19707.5,4,8,340
19710.0,-18,-15,368
19712.5,16,-2,258
19715.0,73,13,200
19717.5,9,-9,271
19720.0,13,-55,307
19722.5,-34,-29,298
19725.0,-34,-29,298
19727.5,46,-29,383
19730.0,29,2,285
19732.5,-10,-20,354
19735.0,12,-25,285
19737.5,-54,-4,315
19740.0,23,-15,279
19742.5,34,26,290
19745.0,-21,3,302
19747.5,39,-25,348
19750.0,-13,-47,284
19752.5,21,1,333
19755.0,33,-17,267
19757.5,-44,-42,212
19760.0,-18,-1,284
19762.5,36,19,244
19765.0,24,-33,292
19767.5,-10,-13,351
19770.0,0,-10,312
19772.5,-3,-13,333
19775.0,-3,-13,333
19777.5,25,-21,228
19780.0,103,-16,298
19782.5,1,-37,294
19785.0,20,-12,323
19787.5,54,-33,333
19790.0,78,40,397
19792.5,57,24,299
19795.0,-25,-59,364
19797.5,34,28,293
19800.0,70,11,334
19802.5,-5,-36,245
19805.0,-8,-27,304
19807.5,9,-6,256
19810.0,16,-42,325
19812.5,23,-14,265
19815.0,-40,-7,320
19817.5,24,-29,224
19820.0,-34,-33,208
19822.5,-26,-21,322
19825.0,-26,-21,322
19827.5,-6,20,305
19830.0,-13,-11,343
19832.5,18,-2,330
19835.0,-20,-7,368
19837.5,42,-9,300
19840.0,-35,-50,289
19842.5,48,2,181
19845.0,-26,-3,338
19847.5,28,37,241
19850.0,-30,36,350
19852.5,-1,-25,348
19855.0,37,23,307
19857.5,61,-25,293
19860.0,95,18,264
19862.5,46,-36,333
19865.0,-13,-47,195
19867.5,6,9,308
19870.0,-11,23,316
19872.5,-16,-10,373
19875.0,-16,-10,373
19877.5,-11,-32,262
19880.0,9,-30,370
19882.5,50,-6,278
19885.0,28,-40,284
19887.5,2,-18,302
19890.0,30,12,277
19892.5,79,47,308
19895.0,0,-18,303
19897.5,35,5,323
19900.0,35,11,358
19902.5,82,-20,245
19905.0,10,-66,242
19907.5,-6,-16,331
19910.0,14,12,338
19912.5,-52,-27,285
19915.0,4,-25,353
19917.5,0,-43,285
19920.0,-37,-22,375
19922.5,20,-20,229
19925.0,20,-20,229
19927.5,43,4,308
19930.0,-43,-30,315
19932.5,4,-35,320
19935.0,-2,-26,307
19937.5,42,-10,315
19940.0,1,-18,266
19942.5,-7,-5,325
19945.0,80,39,243
19947.5,-2,-38,307
19950.0,25,6,292
19952.5,58,-8,273
19955.0,-14,0,294
19957.5,25,23,267
19960.0,-57,45,359
19962.5,18,-7,282
19965.0,45,23,240
19967.5,-10,-16,283
19970.0,7,-11,348
19972.5,11,1,318
19975.0,11,1,318
19977.5,13,-55,326
19980.0,-9,-55,243
19982.5,22,9,316
19985.0,-21,-9,363
19987.5,55,19,265
19990.0,18,14,299
19992.5,0,-32,385
19995.0,51,9,234
19997.5,17,33,380
20000.0,-20,-31,279
20002.5,26,-41,197
20005.0,1,-27,324
20007.5,61,-11,279
20010.0,-3,1,256
20012.5,34,36,301
20015.0,37,-39,381
20017.5,-26,-25,367
20020.0,0,21,287
20022.5,-75,27,284
20025.0,-75,27,284
20027.5,12,-70,324
20030.0,58,-57,288
20032.5,-5,-3,306
20035.0,-22,-42,365
20037.5,8,-32,344
20040.0,-33,-19,313
20042.5,44,-24,380
20045.0,102,12,243
20047.5,7,-43,315
20050.0,61,0,312
20052.5,2,-33,349
20055.0,4,-21,315
20057.5,106,27,319
20060.0,13,-5,344
20062.5,38,22,277
20065.0,-13,-60,293
20067.5,23,27,322
20070.0,48,46,244
20072.5,47,-4,304
20075.0,47,-4,304
20077.5,33,-55,389
20080.0,-1,-38,313
20082.5,14,-33,358
20085.0,41,-43,297
20087.5,0,14,298
20090.0,-28,1,343
20092.5,47,-21,276
20095.0,13,-38,317
20097.5,-7,-50,323
20100.0,-42,-23,316
20102.5,-24,-14,335
20105.0,51,21,314
20107.5,20,13,227
20110.0,-11,31,303
20112.5,34,20,254
20115.0,20,12,312
20117.5,-5,-43,335
20120.0,11,-10,287
20122.5,68,-28,344
20125.0,68,-28,344
20127.5,29,-12,324
20130.0,-4,-28,281
20132.5,-15,-8,329
20135.0,17,24,245
20137.5,-15,-10,275
20140.0,2,-34,340
20142.5,48,14,305
20145.0,34,5,330
20147.5,-33,-37,335
20150.0,-14,-15,287
20152.5,14,-66,375
20155.0,84,39,292
20157.5,66,27,175
20160.0,44,48,322
20162.5,-4,-11,320
20165.0,-9,37,299
20167.5,21,-23,291
20170.0,-1,6,272
20172.5,31,-4,457
20175.0,31,-4,457
20177.5,20,-20,239
20180.0,53,35,260
20182.5,-11,12,314
20185.0,57,-9,329
20187.5,-1,-30,301
20190.0,17,-31,290
20192.5,19,34,260
20195.0,-11,14,338
20197.5,-5,11,225
20200.0,27,20,312
20202.5,-23,15,290
20205.0,-20,2,349
20207.5,-41,23,297
20210.0,-40,-55,346
20212.5,-3,28,244
20215.0,-13,-18,282
20217.5,38,12,287
20220.0,-4,-6,217
20222.5,-26,3,290
20225.0,-26,3,290
20227.5,43,4,327
20230.0,10,-50,381
20232.5,8,-34,277
20235.0,24,-1,320
20237.5,16,0,373
20240.0,66,23,226
20242.5,25,-11,294
20245.0,-15,32,355
20247.5,33,-46,304
20250.0,138,38,263
20252.5,20,9,316
20255.0,-6,-30,255
20257.5,-67,-19,334
20260.0,27,0,281
20262.5,-28,-8,326
20265.0,-50,-17,353
20267.5,93,31,263
20270.0,34,13,372
20272.5,34,13,372
20275.0,47,13,323
20277.5,51,-20,263
20280.0,17,-26,298
20282.5,41,25,266
20285.0,-21,-8,310
20287.5,-18,23,322
20290.0,87,3,288
20292.5,46,-13,356
20295.0,23,-14,259
20297.5,-33,1,276
20300.0,-21,-54,314
20302.5,9,-6,326
20305.0,-16,-42,329
20307.5,66,20,355
20310.0,-1,-15,333
20312.5,-68,-39,358
20315.0,-31,-54,262
20317.5,-24,-27,286
20320.0,6,1,297
20322.5,6,1,297
20325.0,-8,-27,320
20327.5,35,11,317
20330.0,-142,-133,329
20332.5,67,52,365
20335.0,2,-27,365
20337.5,15,-40,223
20340.0,-33,-10,295
20342.5,-12,-9,320
20345.0,53,20,245
20347.5,12,8,320
20350.0,14,7,367
20352.5,30,7,261
20355.0,-31,-45,343
20357.5,112,17,246
20360.0,-19,7,355
20362.5,31,14,345
20365.0,19,39,274
20367.5,7,5,369
20370.0,8,-10,384
20372.5,8,-10,384
20375.0,-18,-18,245
20377.5,-29,-46,373
20380.0,78,-34,292
20382.5,55,-8,357
20385.0,-7,-27,346
20387.5,67,2,279
20390.0,68,-40,317
20392.5,43,5,336
20395.0,39,-12,250
20397.5,-4,-20,349
20400.0,-31,-13,304
20402.5,-46,31,344
20405.0,-17,-10,370
20407.5,47,11,312
20410.0,31,-74,258
20412.5,33,-21,306
20415.0,51,23,228
20417.5,-54,-39,289
20420.0,10,-47,313
20422.5,10,-47,313
20425.0,-28,-10,294
20427.5,-59,-41,360
20430.0,-23,-5,316
20432.5,24,14,326
20435.0,-6,-31,343
20437.5,64,-17,270
20440.0,-62,-2,289
20442.5,-34,-13,263
20445.0,17,-19,278
20447.5,-36,-60,350
20450.0,18,0,283
20452.5,5,-51,345
20455.0,-64,-31,360
20457.5,7,-14,289
20460.0,-2,-53,376
20462.5,-19,13,225
20465.0,19,-21,325
20467.5,-5,-35,314
20470.0,-3,-11,293
20472.5,-3,-11,293
20475.0,-19,23,318
20477.5,-63,-5,353
20480.0,-22,-28,295
20482.5,47,-20,354
20485.0,19,-10,252
20487.5,-14,25,218
20490.0,-25,4,301
20492.5,15,15,259
20495.0,26,-5,308
20497.5,17,-1,357
20500.0,5,-7,317
20502.5,-7,-22,388
20505.0,17,-27,282
20507.5,20,-28,254
20510.0,-25,-60,296
20512.5,46,12,248
20515.0,26,8,332
20517.5,-27,-16,353
20520.0,28,37,284
20522.5,28,37,284
20525.0,0,-58,375
20527.5,25,34,292
20530.0,32,14,414
20532.5,1,38,240
20535.0,35,6,253
20537.5,-42,-20,342
20540.0,-35,-4,343
20542.5,52,10,297
20545.0,-1,-4,419
20547.5,21,-16,266
20550.0,8,9,229
20552.5,46,-7,305
20555.0,27,45,281
20557.5,-4,-31,268
20560.0,-43,-23,295
20562.5,30,37,334
20565.0,62,13,286
20567.5,14,-48,322
20570.0,29,-28,254
20572.5,29,-28,254
20575.0,-95,-23,318
20577.5,50,-6,235
20580.0,-30,-38,343
20582.5,-31,-13,330
20585.0,-31,-42,354
20587.5,50,-30,321
20590.0,52,19,267
20592.5,-13,-45,301
20595.0,17,32,274
20597.5,-1,2,310
20600.0,39,18,308
20602.5,21,-51,336
20605.0,4,9,289
20607.5,-19,-2,345
20610.0,13,37,215
20612.5,90,3,318
20615.0,39,12,264
20617.5,9,-29,369
20620.0,-34,-27,338
20622.5,-34,-27,338
20625.0,8,-36,354
20627.5,18,-3,308
20630.0,-47,-43,358
20632.5,22,-21,225
20635.0,-35,-31,260
20637.5,31,-9,310
20640.0,37,5,349
20642.5,22,2,276
20645.0,55,9,344
20647.5,17,30,257
20650.0,-6,-16,319
20652.5,70,19,224
20655.0,-7,-68,291
20657.5,-6,-1,293
20660.0,50,3,327
20662.5,25,25,324
20665.0,26,-24,337
20667.5,-34,-61,307
20670.0,-32,-19,376
20672.5,-32,-19,376
20675.0,64,22,252
20677.5,-58,-38,278
20680.0,-22,-11,303
20682.5,-16,-25,297
20685.0,22,-20,380
20687.5,61,31,272
20690.0,110,56,248
20692.5,11,-26,333
20695.0,121,87,220
20697.5,5,47,273
20700.0,54,17,389
20702.5,25,5,342
20705.0,-37,-19,308
20707.5,6,-27,307
20710.0,14,3,303
20712.5,-35,-17,270
20715.0,34,19,250
20717.5,17,7,279
20720.0,-39,-25,373
20722.5,-39,-25,373
20725.0,-12,-28,301
20727.5,71,-18,373
20730.0,17,15,266
20732.5,25,-2,257
20735.0,46,-19,331
20737.5,5,12,274
20740.0,-41,-33,309
20742.5,-30,11,366
20745.0,25,8,305
20747.5,20,2,334
20750.0,-27,-28,324
20752.5,-36,-1,343
20755.0,45,-12,274
20757.5,62,-56,279
20760.0,-55,-9,257
20762.5,-38,14,302
20765.0,87,1,226
20767.5,9,-46,304
20770.0,26,-31,263
20772.5,26,-31,263
20775.0,105,13,246
20777.5,36,-13,333
20780.0,-39,17,271
20782.5,1,22,297
20785.0,12,7,335
20787.5,40,-1,302
20790.0,-46,-11,309
20792.5,28,-60,305
20795.0,-62,60,198
20797.5,-1,-4,387
20800.0,-2,-4,294
20802.5,-43,-41,336
20805.0,-9,31,315
20807.5,14,26,309
20810.0,11,-10,378
20812.5,11,-47,288
20815.0,-10,-14,272
20817.5,-44,-12,319
20820.0,-14,-49,305
20822.5,-14,-49,305
20825.0,-5,13,294
20827.5,-16,-1,348
20830.0,20,-46,310
20832.5,-49,-54,372
20835.0,12,-5,313
20837.5,42,22,272
20840.0,-48,-46,302
20842.5,8,-23,269
20845.0,-6,-11,297
20847.5,28,-18,369
20850.0,29,-4,311
20852.5,-29,-54,353
20855.0,13,25,313
20857.5,116,16,260
20860.0,-10,-53,323
20862.5,20,-7,279
20865.0,0,-15,307
20867.5,-14,-28,330
20870.0,26,-9,326
20872.5,26,-9,326
20875.0,-11,-7,341
20877.5,21,-14,325
20880.0,90,-22,253
20882.5,4,3,314
20885.0,77,16,219
20887.5,-3,18,296
20890.0,38,-21,291
20892.5,21,-1,328
20895.0,52,-6,365
20897.5,100,38,250
20900.0,46,-21,297
20902.5,-16,-17,361
20905.0,29,18,206
20907.5,4,-3,284
20910.0,-26,10,323
20912.5,46,3,477
20915.0,55,7,263
20917.5,-4,-35,353
20920.0,-23,-25,213
20922.5,-23,-25,213
20925.0,-71,-28,324
20927.5,-21,-13,296
20930.0,-5,-11,283
20932.5,-31,-16,341
20935.0,50,21,295
20937.5,9,50,306
20940.0,21,9,315
20942.5,31,-23,195
20945.0,-6,-48,316
20947.5,103,-2,366
20950.0,47,13,290
20952.5,-3,-13,335
20955.0,29,-14,293
20957.5,43,-9,372
20960.0,71,15,231
20962.5,-2,18,284
20965.0,6,-18,313
20967.5,16,-9,307
20970.0,16,-9,307
20972.5,0,-8,302
20975.0,1,6,389
20977.5,63,2,328
20980.0,12,23,314
20982.5,48,29,270
20985.0,-23,-49,212
20987.5,13,-18,300
20990.0,21,30,257
20992.5,-41,-3,310
20995.0,-33,-1,334
20997.5,-26,-17,308
21000.0,-25,-26,344
21002.5,29,-27,284
21005.0,-16,8,320
21007.5,2,-31,314
21010.0,19,14,289
21012.5,-41,-28,337
21015.0,35,-28,350
21017.5,77,23,270
21020.0,77,23,270
21022.5,-22,-27,365
21025.0,84,6,244
21027.5,58,21,284
21030.0,17,-23,308
21032.5,48,16,318
21035.0,-57,-45,339
21037.5,55,48,313
21040.0,-5,-68,279
21042.5,-25,-17,344
21045.0,10,15,252
21047.5,44,-1,283
21050.0,-9,-23,311
21052.5,-5,7,293
21055.0,27,-31,327
21057.5,0,-36,310
21060.0,7,-10,289
21062.5,-25,9,304
21065.0,-12,5,268
21067.5,28,7,256
21070.0,28,7,256
21072.5,54,-11,273
21075.0,23,11,325
21077.5,41,-38,317
21080.0,15,35,340
21082.5,41,16,286
21085.0,8,-8,285
21087.5,14,-27,210
21090.0,41,-3,381
21092.5,-12,18,340
21095.0,10,-22,285
21097.5,-38,-1,331
21100.0,40,13,307
21102.5,-67,11,169
21105.0,19,-26,286
21107.5,-37,12,296
21110.0,-2,20,259
21112.5,-11,-6,351
21115.0,106,56,265
21117.5,-3,-25,349
21120.0,-3,-25,349
21122.5,46,-3,306
21125.0,34,12,210
21127.5,-1,-3,299
21130.0,69,-18,261
21132.5,-7,-9,337
21135.0,35,-30,355
21137.5,5,-9,305
21140.0,-2,-69,349
21142.5,13,-27,280
21145.0,-4,-12,286
21147.5,60,40,331
21150.0,56,-1,242
21152.5,-24,0,290
21155.0,15,-32,336
21157.5,56,-5,310
21160.0,8,-31,350
21162.5,-17,24,279
21165.0,44,-20,220
21167.5,-14,-2,289
21170.0,-14,-2,289
21172.5,18,12,290
21175.0,-41,-7,320
21177.5,24,17,355
21180.0,34,-36,233
21182.5,15,-3,341
21185.0,15,-44,298
21187.5,98,17,261
21190.0,6,0,326
21192.5,14,-10,257
21195.0,-30,-35,306
21197.5,-17,-13,323
21200.0,-19,-16,310
21202.5,66,-25,347
21205.0,14,-24,338
21207.5,-8,7,242
21210.0,-81,-4,295
21212.5,12,-22,269
21215.0,18,-5,270
21217.5,-16,-13,336
21220.0,-16,-13,336
21222.5,49,2,285
21225.0,16,-14,326
21227.5,6,-23,340
21230.0,6,-14,266
21232.5,-37,-27,317
21235.0,41,-14,234
21237.5,27,1,292
21240.0,-9,-13,302
21242.5,49,7,311
21245.0,-29,-16,340
21247.5,-2,-11,331
21250.0,-26,17,303
21252.5,27,19,327
21255.0,58,27,238
21257.5,42,10,273
21260.0,-25,70,322
21262.5,59,25,299
21265.0,35,11,353
21267.5,-39,-86,421
21270.0,-39,-86,421
21272.5,53,1,229
21275.0,-20,-24,383
21277.5,24,-6,245
21280.0,-27,-26,292
21282.5,55,21,323
21285.0,37,10,253
21287.5,-6,-38,305
21290.0,16,61,391
21292.5,39,42,294
21295.0,-30,-18,298
21297.5,44,-10,192
21300.0,70,38,216
21302.5,3,-23,374
21305.0,47,13,344
21307.5,-46,-32,356
21310.0,-8,-15,335
21312.5,20,-16,316
21315.0,-16,11,298
21317.5,24,-23,243
21320.0,24,-23,243
21322.5,-46,-5,226
21325.0,-31,-30,339
21327.5,114,42,217
21330.0,26,-51,283
21332.5,-15,-62,415
21335.0,39,-50,251
21337.5,-10,-46,413
21340.0,-3,-4,350
21342.5,-41,-34,298
21345.0,42,0,276
21347.5,3,22,337
21350.0,-17,-6,279
21352.5,45,17,294
21355.0,73,2,218
21357.5,25,-3,290
21360.0,-9,-12,291
21362.5,53,14,294
21365.0,-36,-6,312
21367.5,16,-43,333
21370.0,16,-43,333
21372.5,-37,-4,387
21375.0,12,-5,318
21377.5,-17,-15,264
21380.0,-31,-31,309
21382.5,7,-2,251
21385.0,5,11,294
21387.5,-13,-28,354
21390.0,26,0,307
21392.5,29,4,350
21395.0,-15,5,279
21397.5,35,11,269
21400.0,-6,-27,332
21402.5,-11,27,275
21405.0,8,-6,328
21407.5,11,21,356
21410.0,-12,-5,305
21412.5,-58,-42,333
21415.0,8,-20,266
21417.5,32,32,267
21420.0,32,32,267
21422.5,-21,-50,321
21425.0,48,14,303
21427.5,21,0,302
21430.0,29,-11,355
21432.5,3,9,313
21435.0,78,-12,323
21437.5,-27,60,330
21440.0,25,-3,371
21442.5,3,-9,286
21445.0,33,4,277
21447.5,-7,-9,286
21450.0,6,4,360
21452.5,103,-13,177
21455.0,10,-41,288
21457.5,31,37,252
21460.0,43,-75,292
21462.5,-34,-42,348
21465.0,61,15,319
21467.5,61,15,319
21470.0,-40,-15,329
21472.5,56,24,370
21475.0,188,9,284
21477.5,11,-20,335
21480.0,98,22,261
21482.5,1,-28,283
21485.0,36,-9,358
21487.5,46,-9,319
21490.0,-12,-28,267
21492.5,-11,-8,329
21495.0,1,-55,312
21497.5,9,-30,329
21500.0,0,18,255
21502.5,-24,-91,323
21505.0,8,38,349
21507.5,10,-29,336
21510.0,39,-41,298
21512.5,13,-38,348
21515.0,16,-14,268
21517.5,16,-14,268
21520.0,38,-58,318
21522.5,19,-14,256
21525.0,51,-38,322
21527.5,28,-25,329
21530.0,11,10,333
21532.5,-61,-27,329
21535.0,83,56,331
21537.5,16,-27,274
21540.0,-7,-8,325
21542.5,24,-34,244
21545.0,21,37,288
21547.5,6,3,328
21550.0,34,4,318
21552.5,-1,-20,330
21555.0,-82,-52,368
21557.5,37,-20,318
21560.0,29,-19,355
21562.5,4,-31,282
21565.0,11,-46,320
21567.5,11,-46,320
21570.0,-32,-39,250
21572.5,44,11,296
21575.0,-19,-2,326
21577.5,25,-6,350
21580.0,24,-8,268
21582.5,-22,-1,379
21585.0,27,-35,275
21587.5,16,10,313
21590.0,-14,-51,310
21592.5,66,33,316
21595.0,-26,-3,282
21597.5,-6,-10,319
21600.0,46,-39,307
21602.5,-4,-9,347
21605.0,-1,-30,289
21607.5,91,-6,265
21610.0,-13,-25,297
21612.5,31,-1,259
21615.0,-11,-39,306
21617.5,-11,-39,306
21620.0,-30,8,342
21622.5,60,-3,327
21625.0,-18,-21,328
21627.5,-1,-21,313
21630.0,-37,-7,377
21632.5,-94,-53,284
21635.0,71,28,257
21637.5,41,-26,285
21640.0,-25,-75,259
21642.5,-15,-30,387
21645.0,1,1,377
21647.5,-13,-8,300
21650.0,-33,-24,164
21652.5,-199,-143,511
21655.0,113,11,285
21657.5,10,-7,283
21660.0,4,-13,350
21662.5,55,58,338
21665.0,-31,-55,370
21667.5,-31,-55,370
21670.0,19,-6,245
21672.5,-23,21,253
21675.0,45,-15,336
21677.5,56,15,291
21680.0,-42,-41,284
21682.5,-23,29,283
21685.0,35,3,339
21687.5,12,0,350
21690.0,38,19,311
21692.5,65,-56,343
21695.0,-45,-32,314
21697.5,61,-20,302
21700.0,30,-9,261
21702.5,-18,-43,342
21705.0,92,11,315
21707.5,37,1,350
21710.0,-31,10,185
21712.5,-55,-45,247
21715.0,-15,-32,365
21717.5,-15,-32,365
21720.0,42,6,273
21722.5,-45,-27,327
21725.0,-15,-23,338
21727.5,-3,-27,381
21730.0,-21,-22,283
21732.5,0,-24,246
21735.0,23,24,217
21737.5,-10,21,284
21740.0,19,-21,270
21742.5,-9,-25,347
21745.0,-11,-6,335
21747.5,72,-6,289
21750.0,-31,-63,324
21752.5,17,-30,225
21755.0,15,29,297
21757.5,19,-13,266
21760.0,5,-26,325
21762.5,-5,-51,310
21765.0,16,-52,358
21767.5,16,-52,358
21770.0,-34,-36,271
21772.5,11,-27,373
21775.0,40,-12,298
21777.5,-19,-35,305
21780.0,6,1,328
21782.5,45,1,306
21785.0,-20,-31,316
21787.5,-4,-23,313
21790.0,45,-13,302
21792.5,35,-32,382
21795.0,-44,-59,281
21797.5,-25,-71,286
21800.0,37,-13,328
21802.5,129,3,298
21805.0,-22,-46,247
21807.5,-30,-42,328
21810.0,-15,35,204
21812.5,-37,-6,305
21815.0,-22,24,240
21817.5,-22,24,240
21820.0,2,-33,305
21822.5,-20,-8,381
21825.0,18,20,270
21827.5,33,6,229
21830.0,46,21,316
21832.5,72,25,264
21835.0,9,-47,302
21837.5,13,-36,275
21840.0,-3,17,323
21842.5,-99,-31,319
21845.0,30,11,260
21847.5,22,-6,355
21850.0,11,3,293
21852.5,70,40,197
21855.0,-2,-16,347
21857.5,-15,-10,207
21860.0,28,-7,290
21862.5,22,-26,386
21865.0,-7,-7,299
21867.5,-7,-7,299
21870.0,-68,-35,323
21872.5,4,16,299
21875.0,-1,-44,290
21877.5,14,14,346
21880.0,-17,-37,247
21882.5,-47,13,284
21885.0,-6,9,379
21887.5,-11,-22,281
21890.0,4,-1,357
21892.5,28,-51,299
21895.0,82,30,199
21897.5,-22,-61,327
21900.0,37,2,273
21902.5,9,-40,273
21905.0,7,20,358
21907.5,-19,7,374
21910.0,14,-59,295
21912.5,19,-19,329
21915.0,33,-65,312
21917.5,33,-65,312
21920.0,43,-33,405
21922.5,23,7,295
21925.0,-3,-17,272
21927.5,12,2,330
21930.0,64,27,291
21932.5,-10,-28,333
21935.0,30,-8,397
21937.5,14,6,318
21940.0,-23,-2,346
21942.5,45,-7,228
21945.0,33,-20,281
21947.5,14,7,298
21950.0,-13,-6,315
21952.5,-37,-40,346
21955.0,-2,20,328
21957.5,26,35,263
21960.0,38,0,344
21962.5,27,-37,286
21965.0,27,-6,236
21967.5,27,-6,236
21970.0,-13,4,283
21972.5,-16,1,275
21975.0,-1,10,309
21977.5,-48,-25,306
21980.0,6,-4,295
21982.5,63,-5,359
21985.0,25,6,272
21987.5,23,9,227
21990.0,-13,18,300
21992.5,26,33,253
21995.0,27,-6,319
21997.5,-25,-7,351
22000.0,-22,22,282
22002.5,-74,-103,344
22005.0,-2,-21,340
22007.5,-1,4,423
22010.0,42,30,269
22012.5,50,18,183
22015.0,-3,-30,301
22017.5,-3,-30,301
22020.0,-16,26,377
22022.5,34,-28,175
22025.0,8,-21,311
22027.5,-4,-39,378
22030.0,67,16,257
22032.5,-37,-12,274
22035.0,-84,25,279
22037.5,30,23,346
22040.0,22,-42,315
22042.5,0,-54,436
22045.0,-16,-5,334
22047.5,1,-10,345
22050.0,51,-16,209
22052.5,-26,-28,358
22055.0,73,9,226
22057.5,-14,-44,321
22060.0,8,20,329
22062.5,-9,-31,333
22065.0,-9,-31,333
22067.5,-76,-67,317
22070.0,25,-4,258
22072.5,-89,-21,392
22075.0,10,-4,311
22077.5,19,-6,321
22080.0,-20,-48,305
22082.5,-100,1,291
22085.0,-2,-20,296
22087.5,69,7,388
22090.0,-10,-59,246
22092.5,71,-7,320
22095.0,-12,26,264
22097.5,54,4,306
22100.0,21,-7,352
22102.5,-67,1,322
22105.0,-15,-45,302
22107.5,-4,-24,345
22110.0,5,1,216
22112.5,53,9,265
22115.0,53,9,265
22117.5,11,6,310
22120.0,39,6,268
22122.5,17,-26,326
22125.0,-15,-18,330
22127.5,71,13,272
22130.0,-29,-27,349
22132.5,50,5,237
22135.0,30,10,295
22137.5,14,-6,315
22140.0,37,16,294
22142.5,-32,-62,327
22145.0,-19,-12,334
22147.5,-2,-33,258
22150.0,-58,-58,333
22152.5,50,6,289
22155.0,9,2,301
22157.5,-2,-5,316
22160.0,57,-2,331
22162.5,5,-7,302
22165.0,5,-7,302
22167.5,10,-3,333
22170.0,61,14,278
22172.5,-4,10,288
22175.0,104,89,262
22177.5,-82,-35,348
22180.0,2,-9,344
22182.5,25,-41,330
22185.0,48,-36,319
22187.5,54,-5,385
22190.0,-27,8,267
22192.5,36,-43,290
22195.0,53,9,248
22197.5,-31,-27,253
22200.0,27,43,303
22202.5,6,-21,365
22205.0,-36,-50,351
22207.5,76,22,290
22210.0,69,45,286
22212.5,-116,-48,296
22215.0,-116,-48,296
22217.5,15,18,251
22220.0,-13,-27,325
22222.5,-26,-25,345
22225.0,-41,3,301
22227.5,-51,-50,320
22230.0,65,-40,329
22232.5,76,-44,268
22235.0,-55,-32,310
22237.5,7,31,242
22240.0,22,3,325
22242.5,-45,-48,319
22245.0,-8,-30,312
22247.5,52,29,317
22250.0,4,2,313
22252.5,13,-20,258
22255.0,-8,1,334
22257.5,6,-41,317
22260.0,-14,42,278
22262.5,-36,11,376
22265.0,-36,11,376
22267.5,4,3,287
22270.0,-19,5,301
22272.5,23,-30,290
22275.0,68,11,211
22277.5,26,-32,314
22280.0,28,-5,217
22282.5,55,5,327
22285.0,-7,-19,361
22287.5,20,-12,303
22290.0,38,-7,320
22292.5,172,-21,361
22295.0,71,-23,275
22297.5,45,-1,278
22300.0,35,-10,246
22302.5,61,4,272
22305.0,-67,2,335
22307.5,22,-22,330
22310.0,16,7,297
22312.5,-40,-37,313
22315.0,-40,-37,313
22317.5,23,4,235
22320.0,23,5,301
22322.5,25,1,253
22325.0,18,50,254
22327.5,50,11,287
22330.0,62,-1,282
22332.5,-13,-33,326
22335.0,35,-20,349
22337.5,32,-20,286
22340.0,7,-62,376
22342.5,67,12,239
22345.0,79,33,258
22347.5,-99,-54,252
22350.0,2,-10,294
22352.5,9,-30,311
22355.0,7,-17,326
22357.5,-12,8,277
22360.0,-27,-37,351
22362.5,-60,-61,261
22365.0,-60,-61,261
22367.5,85,-2,235
22370.0,-10,15,330
22372.5,53,47,230
22375.0,-5,-2,336
22377.5,22,-81,226
22380.0,-11,-51,305
22382.5,-45,-26,375
22385.0,29,19,264
22387.5,97,33,261
22390.0,-20,-8,287
22392.5,-39,-13,386
22395.0,15,14,306
22397.5,-47,-14,368
22400.0,15,-20,267
22402.5,-39,-11,343
22405.0,-31,-86,288
22407.5,84,96,223
22410.0,88,20,310
22412.5,-12,16,300
22415.0,-12,16,300
22417.5,6,-28,354
22420.0,2,9,350
22422.5,-8,-28,240
22425.0,11,9,326
22427.5,16,-50,265
22430.0,-3,-33,260
22432.5,37,-19,346
22435.0,10,-5,279
22437.5,-11,-28,359
22440.0,-13,-51,285
22442.5,51,-10,315
22445.0,-25,-41,305
22447.5,64,23,276
22450.0,17,9,231
22452.5,2,-16,367
22455.0,27,14,279
22457.5,29,-26,323
22460.0,1,-51,326
22462.5,75,16,292
22465.0,75,16,292
22467.5,-13,-31,339
22470.0,124,-10,212
22472.5,-58,-20,286
22475.0,-12,-30,333
22477.5,12,-4,313
22480.0,-43,-27,319
22482.5,-27,12,343
22485.0,105,16,266
22487.5,23,-1,315
22490.0,61,7,258
22492.5,62,2,310
22495.0,-26,-28,316
22497.5,25,33,315
22500.0,-1,10,322
22502.5,-11,-18,308
22505.0,-41,-22,287
22507.5,-15,-1,346
22510.0,52,33,228
22512.5,-21,-31,285
22515.0,-21,-31,285
22517.5,10,-31,340
22520.0,37,-23,273
22522.5,-11,-4,346
22525.0,52,22,304
22527.5,100,44,276
22530.0,-25,-22,326
22532.5,9,-24,276
22535.0,-46,-29,284
22537.5,57,37,341
22540.0,55,6,318
22542.5,21,15,323
22545.0,4,-28,191
22547.5,-99,27,298
22550.0,-23,-5,356
22552.5,-25,4,294
22555.0,-9,-27,282
22557.5,-44,-3,350
22560.0,12,-29,334
22562.5,-90,-47,291
22565.0,-90,-47,291
22567.5,47,-6,238
22570.0,19,-14,360
22572.5,6,-27,309
22575.0,-1,-27,261
22577.5,-45,-6,317
22580.0,9,1,333
22582.5,-11,-4,231
22585.0,-44,-84,402
22587.5,-8,18,291
22590.0,40,15,219
22592.5,-44,-14,299
22595.0,10,2,278
22597.5,-98,0,272
22600.0,44,55,343
22602.5,-13,4,334
22605.0,-15,-31,292
22607.5,11,8,287
22610.0,21,18,286
22612.5,-22,-101,325
22615.0,-22,-101,325
22617.5,43,3,272
22620.0,-17,-24,301
22622.5,-35,5,393
22625.0,-34,-15,358
22627.5,56,23,323
22630.0,-46,-1,334
22632.5,-59,19,266
22635.0,27,3,258
22637.5,34,20,303
22640.0,11,-23,333
22642.5,58,6,342
22645.0,37,-11,309
22647.5,-37,-18,383
22650.0,4,9,276
22652.5,51,0,250
22655.0,45,28,297
22657.5,-22,-41,344
22660.0,23,-26,324
22662.5,23,-26,324
22665.0,-35,-21,324
22667.5,58,-7,315
22670.0,-49,-42,321
22672.5,27,1,289
22675.0,-8,-19,291
22677.5,-42,-8,340
22680.0,33,-4,261
22682.5,46,-3,253
22685.0,6,-38,351
22687.5,31,1,322
22690.0,-49,-13,342
22692.5,-14,-17,352
22695.0,20,5,277
22697.5,-12,4,315
22700.0,0,8,267
22702.5,25,0,284
22705.0,10,-12,323
22707.5,33,-2,293
22710.0,-15,-3,345
22712.5,-15,-3,345
22715.0,-29,-44,327
22717.5,67,19,255
22720.0,10,-25,334
22722.5,53,-2,227
22725.0,36,21,303
22727.5,-10,-6,324
22730.0,51,5,306
22732.5,-59,-11,295
22735.0,-29,-23,347
22737.5,-2,-13,251
22740.0,20,3,265
22742.5,-10,-22,312
22745.0,38,16,274
22747.5,-37,-34,452
22750.0,75,2,289
22752.5,21,-35,292
22755.0,-14,-37,301
22757.5,9,-6,272
22760.0,-17,-34,360
22762.5,-17,-34,360
22765.0,69,28,189
22767.5,26,-24,257
22770.0,-10,17,332
22772.5,47,0,277
22775.0,-26,-5,331
22777.5,23,-27,340
22780.0,41,-32,243
22782.5,-48,-34,296
22785.0,35,10,245
22787.5,-1,-26,345
22790.0,22,26,303
22792.5,-5,-5,424
22795.0,57,14,252
22797.5,-54,-63,291
22800.0,0,9,296
22802.5,-38,-36,327
22805.0,53,-19,250
22807.5,70,-3,213
22810.0,-7,16,326
22812.5,-7,16,326
22815.0,-31,-52,340
22817.5,-32,-11,406
22820.0,61,11,303
22822.5,-19,-57,351
22825.0,4,-25,287
22827.5,60,5,261
22830.0,52,1,281
22832.5,-44,-10,355
22835.0,66,-14,242
22837.5,41,9,299
22840.0,85,-24,298
22842.5,-18,-14,208
22845.0,13,-20,352
22847.5,-10,-11,299
22850.0,33,4,334
22852.5,-13,3,277
22855.0,-5,-51,353
22857.5,-8,-19,345
22860.0,-23,-27,305
22862.5,-23,-27,305
22865.0,53,-44,336
22867.5,10,12,374
22870.0,-27,40,277
22872.5,-16,7,297
22875.0,-15,-14,294
22877.5,-12,-58,319
22880.0,-21,-27,389
22882.5,10,-57,278
22885.0,96,9,309
22887.5,8,-49,299
22890.0,8,-4,302
22892.5,-33,-23,289
22895.0,13,-42,351
22897.5,11,-7,314
22900.0,-15,9,346
22902.5,22,-10,233
22905.0,-39,-14,264
22907.5,-3,16,311
22910.0,-6,-19,334
22912.5,-6,-19,334
22915.0,-5,21,292
22917.5,56,-16,362
22920.0,22,98,402
22922.5,42,19,300
22925.0,11,6,220
22927.5,81,15,249
22930.0,-17,-40,320
22932.5,53,-37,359
22935.0,17,-48,366
22937.5,-62,-19,350
22940.0,34,16,213
22942.5,7,-44,350
22945.0,-33,27,204
22947.5,16,-3,299
22950.0,-35,3,348
22952.5,23,-13,319
22955.0,-27,-15,405
22957.5,-41,-28,377
22960.0,39,1,230
22962.5,39,1,230
22965.0,26,-30,369
22967.5,-1,7,252
22970.0,-62,-47,289
22972.5,11,-42,382
22975.0,19,-35,372
22977.5,23,-14,337
22980.0,6,-5,317
22982.5,46,23,237
22985.0,49,36,352
22987.5,49,3,245
22990.0,22,-33,284
22992.5,-17,19,354
22995.0,13,11,321
22997.5,-12,-45,315
23000.0,-30,-39,260
23002.5,79,7,257
23005.0,-31,-27,341
23007.5,11,-41,242
23010.0,0,28,302
23012.5,0,28,302
23015.0,7,-41,349
23017.5,98,-18,275
23020.0,-26,-14,294
23022.5,37,34,317
23025.0,57,17,258
23027.5,-8,-15,325
23030.0,-4,45,302
23032.5,-28,-50,334
23035.0,-18,-39,356
23037.5,6,0,278
23040.0,15,1,323
23042.5,-13,-23,298
23045.0,42,5,267
23047.5,-23,-9,382
23050.0,10,-27,257
23052.5,-48,-9,288
23055.0,-5,-36,334
23057.5,-1,-25,352
23060.0,-6,-33,289
23062.5,-6,-33,289
23065.0,42,-36,368
23067.5,45,-5,263
23070.0,23,-7,337
23072.5,9,-44,249
23075.0,-74,-10,294
23077.5,21,10,259
23080.0,37,-2,283
23082.5,-39,0,287
23085.0,34,-27,351
23087.5,27,12,316
23090.0,-36,-25,333
23092.5,-10,-53,279
23095.0,23,-23,259
23097.5,12,-5,298
23100.0,59,13,286
23102.5,1,2,297
23105.0,24,32,336
23107.5,88,-5,278
23110.0,55,50,307
23112.5,55,50,307
23115.0,49,-13,330
23117.5,73,55,53
23120.0,29,-19,351
23122.5,-21,-59,291
23125.0,-49,-15,275
23127.5,-19,6,337
23130.0,16,-6,291
23132.5,-93,-23,511
23135.0,23,-4,339
23137.5,10,-32,258
23140.0,-2,-25,332
23142.5,28,12,303
23145.0,-11,-27,310
23147.5,-38,55,310
23150.0,8,38,300
23152.5,-32,-21,364
23155.0,6,15,206
23157.5,32,-28,294
23160.0,16,10,285
23162.5,16,10,285
23165.0,-49,-17,323
23167.5,-15,13,334
23170.0,-34,-17,346
23172.5,16,-1,395
23175.0,8,-26,350
23177.5,38,-11,169
23180.0,62,-1,250
23182.5,5,5,306
23185.0,18,-2,302
23187.5,12,23,326
23190.0,5,-33,342
23192.5,36,-9,390
23195.0,47,19,336
23197.5,8,-2,213
23200.0,33,-14,257
23202.5,19,13,301
23205.0,34,14,306
23207.5,31,24,251
23210.0,24,-41,377
23212.5,24,-41,377
23215.0,5,-33,239
23217.5,-45,-9,334
23220.0,-10,-25,241
23222.5,-55,13,267
23225.0,-10,-12,301
23227.5,6,-2,322
23230.0,-48,3,284
23232.5,56,-17,301
23235.0,-38,22,317
23237.5,-31,8,311
23240.0,14,-19,271
23242.5,24,-29,328
23245.0,-6,-14,309
23247.5,16,15,295
23250.0,12,-6,335
23252.5,-21,2,329
23255.0,58,32,259
23257.5,-34,-35,358
23260.0,-7,6,234
23262.5,-7,6,234
23265.0,31,5,303
23267.5,5,47,335
23270.0,-18,18,352
23272.5,-14,-21,350
23275.0,63,55,309
23277.5,6,-10,287
23280.0,13,3,326
23282.5,36,37,254
23285.0,62,76,163
23287.5,84,-66,448
23290.0,-5,20,318
23292.5,-53,-44,344
23295.0,105,41,300
23297.5,20,41,273
23300.0,-22,13,308
23302.5,-10,11,238
23305.0,6,36,271
23307.5,-10,2,352
23310.0,50,19,348
23312.5,50,19,348
23315.0,-57,-4,334
23317.5,-22,-46,254
23320.0,15,10,285
23322.5,48,44,309
23325.0,15,31,281
23327.5,5,36,310
23330.0,-16,5,356
23332.5,13,0,245
23335.0,-32,0,389
23337.5,32,-32,265
23340.0,24,27,266
23342.5,-10,-8,310
23345.0,40,33,248
23347.5,-4,-2,306
23350.0,-52,32,336
23352.5,34,43,304
23355.0,-7,-20,370
23357.5,-7,-64,255
23360.0,-7,-64,255
23362.5,3,27,285
23365.0,54,4,316
23367.5,32,-29,309
23370.0,5,37,283
23372.5,36,-29,371
23375.0,51,21,319
23377.5,8,-21,316
23380.0,72,-3,304
23382.5,43,19,298
23385.0,-44,-41,342
23387.5,30,-11,273
23390.0,-55,-25,307
23392.5,8,-26,353
23395.0,29,-24,303
23397.5,-19,-35,381
23400.0,39,3,335
23402.5,64,5,257
23405.0,5,-2,334
23407.5,38,-1,279
23410.0,38,-1,279
23412.5,-28,-20,305
23415.0,1,11,395
23417.5,-12,-5,284
23420.0,12,-40,362
23422.5,46,10,279
23425.0,25,-28,279
23427.5,6,-50,330
23430.0,23,5,288
23432.5,17,-2,303
23435.0,8,-33,321
23437.5,24,22,304
23440.0,-2,-23,341
23442.5,23,-9,309
23445.0,38,-11,229
23447.5,-8,-3,324
23450.0,-2,-1,247
23452.5,17,-26,298
23455.0,23,-9,318
23457.5,38,6,302
23460.0,38,6,302
23462.5,57,-10,304
23465.0,42,-8,332
23467.5,-32,-25,268
23470.0,10,8,329
23472.5,18,-12,215
23475.0,6,-12,285
23477.5,-43,-42,344
23480.0,25,-9,337
23482.5,57,35,337
23485.0,-42,-60,407
23487.5,19,50,351
23490.0,-22,-44,302
23492.5,5,-3,204
23495.0,7,8,247
23497.5,-43,-12,355
23500.0,55,-24,196
23502.5,45,66,335
23505.0,62,28,432
23507.5,26,-10,211
23510.0,26,-10,211
23512.5,-33,-20,278
23515.0,18,-22,297
23517.5,20,-11,377
23520.0,17,24,270
23522.5,19,-2,337
23525.0,68,26,284
23527.5,-42,-24,301
23530.0,26,-19,276
23532.5,19,-17,424
23535.0,51,24,223
23537.5,-11,13,274
23540.0,47,-9,344
23542.5,61,-10,333
23545.0,28,-15,310
23547.5,48,-5,243
23550.0,98,41,343
23552.5,37,-11,324
23555.0,30,11,225
23557.5,-6,-10,307
23560.0,-6,-10,307
23562.5,-42,-30,340
23565.0,44,21,259
23567.5,-54,-29,358
23570.0,-2,-38,260
23572.5,24,0,231
23575.0,30,-16,284
23577.5,61,4,274
23580.0,6,5,315
23582.5,7,1,331
23585.0,46,-4,352
23587.5,-9,-12,333
23590.0,27,-14,246
23592.5,114,-44,284
23595.0,46,-76,374
23597.5,27,0,203
23600.0,29,5,316
23602.5,9,-32,369
23605.0,-19,-38,308
23607.5,-57,-65,394
23610.0,-57,-65,394
23612.5,-1,-31,287
23615.0,-1,13,290
23617.5,-15,-29,338
23620.0,4,11,288
23622.5,3,-16,308
23625.0,38,-6,361
23627.5,-20,6,256
23630.0,-3,-26,300
23632.5,32,-9,268
23635.0,-23,36,256
23637.5,20,-9,298
23640.0,73,28,298
23642.5,-60,-34,325
23645.0,35,50,315
23647.5,27,2,260
23650.0,-35,7,265
23652.5,-59,-84,232
23655.0,4,18,391
23657.5,17,-2,337
23660.0,17,-2,337
23662.5,-7,25,267
23665.0,11,0,331
23667.5,31,-26,353
23670.0,-13,-14,243
23672.5,43,-5,313
23675.0,44,-5,278
23677.5,-41,-7,218
23680.0,16,19,332
23682.5,48,-57,308
23685.0,41,6,365
23687.5,72,32,297
23690.0,44,13,218
23692.5,17,-6,355
23695.0,-33,-52,266
23697.5,-17,-30,267
23700.0,29,-34,317
23702.5,0,31,344
23705.0,-104,-25,271
23707.5,8,-3,347
23710.0,8,-3,347
23712.5,27,-2,278
23715.0,40,-1,272
23717.5,20,-17,296
23720.0,28,-3,344
23722.5,31,-43,324
23725.0,42,-35,249
23727.5,-31,-21,355
23730.0,24,31,286
23732.5,11,-50,257
23735.0,7,15,329
23737.5,6,15,254
23740.0,16,6,345
23742.5,-28,-25,384
23745.0,12,-15,284
23747.5,8,-5,329
23750.0,34,9,324
23752.5,35,-18,212
23755.0,7,-5,288
23757.5,56,-3,245
23760.0,56,-3,245
23762.5,23,-11,314
23765.0,-9,22,310
23767.5,28,4,301
23770.0,-61,-37,318
23772.5,43,26,293
23775.0,70,3,246
23777.5,34,-31,346
23780.0,32,-28,294
23782.5,3,11,307
23785.0,-9,-10,288
23787.5,20,6,284
23790.0,23,-15,282
23792.5,9,-34,358
23795.0,7,28,265
23797.5,8,11,306
23800.0,28,15,273
23802.5,27,-4,345
23805.0,-1,-6,298
23807.5,42,-20,323
23810.0,42,-20,323
23812.5,-18,-16,324
23815.0,-11,11,309
23817.5,21,-19,298
23820.0,3,-11,318
23822.5,34,-22,258
23825.0,39,-1,297
23827.5,-17,-30,342
23830.0,47,11,306
23832.5,72,-8,293
23835.0,7,6,331
23837.5,-16,-30,272
23840.0,-15,-20,333
23842.5,16,-45,210
23845.0,6,-18,251
23847.5,21,35,291
23850.0,83,61,263
23852.5,26,-5,352
23855.0,-16,-11,364
23857.5,86,3,227
23860.0,86,3,227
23862.5,57,28,339
23865.0,14,-17,262
23867.5,-30,-34,287
23870.0,78,14,112
23872.5,11,56,330
23875.0,11,-28,389
23877.5,-73,-68,291
23880.0,77,-1,230
23882.5,-21,-26,368
23885.0,-2,-18,242
23887.5,4,-9,289
23890.0,9,-81,335
23892.5,24,32,355
23895.0,24,2,297
23897.5,42,-8,295
23900.0,38,50,463
23902.5,12,-11,328
23905.0,-6,-36,270
23907.5,66,-2,238
23910.0,66,-2,238
23912.5,-22,-6,306
23915.0,-31,17,295
23917.5,-48,33,369
23920.0,52,28,319
23922.5,39,-25,274
23925.0,4,-22,308
23927.5,61,5,280
23930.0,-12,-10,339
23932.5,-8,-32,322
23935.0,57,5,333
23937.5,40,-43,335
23940.0,16,18,380
23942.5,2,-29,278
23945.0,-13,-36,327
23947.5,24,7,277
23950.0,-26,-16,270
23952.5,-24,-7,326
23955.0,-13,-4,253
23957.5,-13,-4,253
23960.0,0,-22,337
23962.5,15,-71,258
23965.0,12,-2,297
23967.5,15,10,301
23970.0,45,33,303
23972.5,21,6,305
23975.0,-25,18,313
23977.5,6,-20,289
23980.0,16,8,377
23982.5,64,19,255
23985.0,-6,-9,260
23987.5,3,0,299
23990.0,52,4,295
23992.5,16,-1,295
23995.0,51,-25,371
23997.5,57,-19,254
24000.0,-10,-5,313
24002.5,27,-9,252
24005.0,-9,-1,268
24007.5,-9,-1,268
24010.0,1,-9,299
24012.5,-29,37,314
24015.0,54,14,330
24017.5,-44,-49,325
24020.0,13,15,250
24022.5,-6,-1,245
24025.0,-32,-34,160
24027.5,44,-7,353
24030.0,18,22,354
24032.5,-19,-18,283
24035.0,27,29,288
24037.5,42,-31,345
24040.0,68,18,257
24042.5,-45,-43,250
24045.0,105,30,191
24047.5,29,12,330
24050.0,-43,1,368
24052.5,34,0,241
24055.0,3,-46,368
24057.5,3,-46,368
24060.0,54,37,329
24062.5,71,21,213
24065.0,27,34,215
24067.5,-10,30,249
24070.0,6,-7,317
24072.5,12,-43,367
24075.0,49,2,299
24077.5,-59,-4,311
24080.0,-10,5,321
24082.5,-7,-22,227
24085.0,31,7,292
24087.5,62,32,297
24090.0,-69,-39,291
24092.5,-18,-89,356
24095.0,21,-20,339
24097.5,0,-26,328
24100.0,25,-40,276
24102.5,61,16,265
24105.0,0,-6,349
24107.5,0,-6,349
24110.0,59,6,311
24112.5,39,5,295
24115.0,-23,-3,335
24117.5,36,-29,258
24120.0,21,-29,349
24122.5,61,7,344
24125.0,32,-33,235
24127.5,9,-24,231
24130.0,37,-15,249
24132.5,8,-21,307
24135.0,10,-10,335
24137.5,37,7,292
24140.0,-18,-3,321
24142.5,28,30,284
24145.0,79,28,249
24147.5,60,-17,341
24150.0,-64,7,248
24152.5,2,-13,297
24155.0,-17,-2,351
24157.5,-17,-2,351
24160.0,8,25,308
24162.5,1,-19,335
24165.0,18,-19,310
24167.5,-40,-21,240
24170.0,-15,1,300
24172.5,-21,-26,272
24175.0,-8,-18,301
24177.5,-14,-23,353
24180.0,47,-47,342
24182.5,-58,-35,327
24185.0,8,-36,353
24187.5,-41,-21,264
24190.0,-3,26,379
24192.5,51,10,244
24195.0,13,-5,292
24197.5,-29,-7,308
24200.0,37,1,299
24202.5,26,6,314
24205.0,12,-23,338
24207.5,12,-23,338
24210.0,14,-7,266
24212.5,-3,-24,346
24215.0,17,-14,219
24217.5,-36,24,239
24220.0,1,-29,355
24222.5,10,-26,322
24225.0,9,3,207
24227.5,9,-38,336
24230.0,8,-11,228
24232.5,-42,-13,298
24235.0,6,16,192
24237.5,-22,13,244
24240.0,7,28,428
24242.5,11,-8,229
24245.0,34,-27,321
24247.5,-9,-35,328
24250.0,-13,-20,249
24252.5,-98,-39,270
24255.0,-84,-80,398
24257.5,-84,-80,398
24260.0,12,2,336
24262.5,-1,-5,325
24265.0,59,-13,259
24267.5,26,-43,370
24270.0,-13,-52,198
24272.5,37,-29,229
24275.0,-4,0,387
24277.5,1,17,263
24280.0,-44,-50,360
24282.5,-13,0,308
24285.0,20,-11,387
24287.5,83,-16,300
24290.0,5,3,263
24292.5,24,7,241
24295.0,-5,-22,335
24297.5,-62,-56,262
24300.0,52,15,285
24302.5,-44,-36,354
24305.0,8,-43,398
24307.5,8,-43,398
24310.0,-3,-5,291
24312.5,6,-41,298
24315.0,28,-2,334
24317.5,19,-8,324
24320.0,70,13,280
24322.5,40,25,279
24325.0,-14,20,304
24327.5,13,-12,275
24330.0,33,-9,361
24332.5,40,29,269
24335.0,34,-10,279
24337.5,7,-27,311
24340.0,21,-24,305
24342.5,-34,0,323
24345.0,27,-17,305
24347.5,70,55,269
24350.0,-31,-53,367
24352.5,65,28,227
24355.0,-21,-12,283
24357.5,-21,-12,283
24360.0,18,-12,298
24362.5,-4,3,314
24365.0,12,0,295
24367.5,-2,-3,302
24370.0,6,-22,257
24372.5,-43,-41,333
24375.0,34,16,249
24377.5,28,-18,299
24380.0,-32,20,305
24382.5,36,1,271
24385.0,23,-16,363
24387.5,28,-40,279
24390.0,31,-4,255
24392.5,-30,-56,311
24395.0,46,3,294
24397.5,37,22,331
24400.0,34,-49,353
24402.5,3,14,256
24405.0,23,-15,361
24407.5,23,-15,361
24410.0,50,15,324
24412.5,56,9,199
24415.0,20,-2,257
24417.5,129,-6,303
24420.0,-81,-72,378
24422.5,-24,-29,342
24425.0,26,-27,272
24427.5,-59,-10,382
24430.0,-2,31,279
24432.5,79,12,310
24435.0,-28,-31,323
24437.5,26,-20,273
24440.0,-5,5,349
24442.5,-55,18,334
24445.0,-57,-22,278
24447.5,91,-61,407
24450.0,29,-24,257
24452.5,-8,-29,200
24455.0,-16,-31,320
24457.5,-16,-31,320
24460.0,-11,-2,320
24462.5,45,18,293
24465.0,-11,-52,387
24467.5,13,-25,313
24470.0,-52,-13,329
24472.5,-28,-40,321
24475.0,1,-22,273
24477.5,72,27,307
24480.0,17,6,255
24482.5,-56,-8,316
24485.0,28,14,347
24487.5,59,-3,314
24490.0,-16,-11,371
24492.5,47,15,274
24495.0,25,-9,291
24497.5,-20,-10,268
24500.0,-28,-3,291
24502.5,13,8,321
24505.0,-7,-30,326
24507.5,-7,-30,326
24510.0,86,21,241
24512.5,88,33,329
24515.0,26,3,248
24517.5,34,48,239
24520.0,-16,-54,288
24522.5,-20,12,294
24525.0,-4,4,295
24527.5,2,-17,338
24530.0,64,15,296
24532.5,62,12,343
24535.0,48,-24,288
24537.5,-71,-40,246
24540.0,-40,-21,321
24542.5,23,2,299
24545.0,-13,-22,308
24547.5,10,-1,343
24550.0,31,-3,310
24552.5,45,6,334
24555.0,14,0,293
24557.5,14,0,293
24560.0,-26,-50,291
24562.5,-36,-14,313
24565.0,56,10,265
24567.5,48,13,303
24570.0,34,-25,355
24572.5,48,-16,330
24575.0,-1,-10,323
24577.5,35,-14,308
24580.0,-13,-47,247
24582.5,-48,-43,331
24585.0,44,-3,264
24587.5,22,37,253
24590.0,-95,27,348
24592.5,-49,-31,297
24595.0,-2,37,322
24597.5,-5,12,311
24600.0,31,6,237
24602.5,-32,-50,274
24605.0,41,19,276
24607.5,41,19,276
24610.0,-5,-42,511
24612.5,60,21,294
24615.0,26,16,309
24617.5,-11,-34,286
24620.0,-1,6,303
24622.5,21,8,262
24625.0,-48,-24,380
24627.5,21,-28,273
24630.0,25,6,334
24632.5,-60,-38,308
24635.0,45,-1,316
24637.5,-74,-71,322
24640.0,39,-39,298
24642.5,43,45,231
24645.0,-3,-43,300
24647.5,45,-10,223
24650.0,55,38,264
24652.5,-23,-11,326
24655.0,-23,-11,326
24657.5,25,9,241
24660.0,18,-5,373
24662.5,17,6,380
24665.0,-21,-17,267
24667.5,32,16,285
24670.0,36,-17,291
24672.5,9,4,305
24675.0,-30,-12,330
24677.5,28,-31,293
24680.0,-38,-11,332
24682.5,7,-32,210
24685.0,-10,-55,288
24687.5,-3,-4,317
24690.0,-13,-34,317
24692.5,11,-11,358
24695.0,56,13,334
24697.5,30,10,296
24700.0,-71,-70,338
24702.5,26,4,241
24705.0,26,4,241
24707.5,-29,-13,259
24710.0,-41,-8,283
24712.5,-3,16,255
24715.0,96,29,282
24717.5,-25,-6,280
24720.0,4,-1,270
24722.5,-61,-28,355
24725.0,12,-33,231
24727.5,12,-8,295
24730.0,-14,-8,335
24732.5,56,15,297
24735.0,-98,-36,297
24737.5,24,-51,339
24740.0,57,21,294
24742.5,40,0,328
24745.0,37,18,235
24747.5,28,41,275
24750.0,-37,-26,335
24752.5,-32,36,279
24755.0,-32,36,279
24757.5,-10,2,339
24760.0,58,8,351
24762.5,-9,-68,209
24765.0,2,-2,400
24767.5,56,11,289
24770.0,-17,5,239
24772.5,41,11,368
24775.0,25,-13,372
24777.5,-29,-21,323
24780.0,41,-5,198
24782.5,66,-2,306
24785.0,-76,-29,354
24787.5,32,7,291
24790.0,-8,9,321
24792.5,-39,19,353
24795.0,24,24,238
24797.5,-45,52,295
24800.0,-16,-50,290
24802.5,-20,-17,307
24805.0,-20,-17,307
24807.5,-40,-34,267
24810.0,39,22,308
24812.5,-15,-37,355
24815.0,-49,-32,297
24817.5,-30,37,321
24820.0,21,-18,312
24822.5,45,33,180
24825.0,55,-27,227
24827.5,-10,-65,321
24830.0,63,12,295
24832.5,11,-2,316
24835.0,17,-16,324
24837.5,93,10,286
24840.0,-5,-10,384
24842.5,-64,-4,245
24845.0,-54,52,361
24847.5,1,-8,325
24850.0,10,11,237
24852.5,-22,-15,335
24855.0,-22,-15,335
24857.5,4,-29,362
24860.0,-40,-50,285
24862.5,10,-40,347
24865.0,15,-49,293
24867.5,19,-13,303
24870.0,7,-1,312
24872.5,47,0,260
24875.0,-24,-49,303
24877.5,-8,-42,376
24880.0,5,-14,260
24882.5,44,-15,364
24885.0,24,-5,276
24887.5,4,12,278
24890.0,-18,-20,308
24892.5,-1,-20,296
24895.0,32,-2,311
24897.5,-12,-2,351
24900.0,-23,-17,304
24902.5,55,-20,364
24905.0,55,-20,364
24907.5,-9,-20,317
24910.0,30,-15,326
24912.5,-29,-54,299
24915.0,-4,-26,272
24917.5,-59,-10,311
24920.0,-65,6,307
24922.5,49,4,306
24925.0,-28,-36,360
24927.5,15,-11,283
24930.0,-3,-11,251
24932.5,38,17,325
24935.0,9,5,282
24937.5,-52,-3,305
24940.0,-6,0,351
24942.5,48,-2,303
24945.0,20,-4,329
24947.5,11,-7,276
24950.0,23,2,216
24952.5,-5,-19,291
24955.0,-5,-19,291
24957.5,33,-19,248
24960.0,3,14,267
24962.5,-4,7,268
24965.0,-42,-10,458
24967.5,-3,0,352
24970.0,-4,-24,279
24972.5,59,17,204
24975.0,-49,-49,322
24977.5,12,-11,184
24980.0,-50,39,280
24982.5,-53,5,356
24985.0,36,-13,355
24987.5,2,-14,335
24990.0,18,2,260
24992.5,77,-2,283
24995.0,46,-29,268
24997.5,33,2,229
25000.0,62,28,300
25002.5,-58,-74,411
25005.0,-58,-74,411
25007.5,23,34,286
25010.0,-47,5,422
25012.5,6,-23,273
25015.0,11,24,307
25017.5,-3,-2,288
25020.0,19,-30,298
25022.5,18,22,281
25025.0,33,53,260
25027.5,-26,-110,425
25030.0,-45,-17,407
25032.5,-16,-12,203
25035.0,-14,-27,304
25037.5,9,-23,320
25040.0,-11,18,279
25042.5,-3,-44,347
25045.0,24,3,300
25047.5,16,-3,313
25050.0,-4,-9,273
25052.5,-28,-26,214
25055.0,-28,-26,214
25057.5,25,-14,341
25060.0,-4,-5,283
25062.5,32,30,363
25065.0,16,-11,305
25067.5,10,-21,309
25070.0,-8,-42,245
25072.5,8,-22,337
25075.0,76,15,249
25077.5,4,-2,304
25080.0,-55,-29,337
25082.5,16,-23,308
25085.0,-2,-44,337
25087.5,85,39,286
25090.0,-23,-44,305
25092.5,-25,8,320
25095.0,11,-31,280
25097.5,-12,-20,290
25100.0,-4,-8,350
25102.5,46,8,289
25105.0,46,8,289
25107.5,69,4,346
25110.0,18,20,266
25112.5,13,13,262
25115.0,-11,9,296
25117.5,29,0,273
25120.0,6,-14,306
25122.5,-24,-35,325
25125.0,54,35,259
25127.5,-4,-44,382
25130.0,-106,16,186
25132.5,37,-33,355
25135.0,-65,-67,399
25137.5,-22,22,329
25140.0,70,17,262
25142.5,15,-21,389
25145.0,25,-31,315
25147.5,-23,-59,365
25150.0,21,0,266
25152.5,-54,-18,305
25155.0,-54,-18,305
25157.5,0,-30,394
25160.0,32,-29,342
25162.5,42,27,311
25165.0,-27,24,308
25167.5,20,-1,248
25170.0,-14,-10,391
25172.5,12,11,272
25175.0,34,27,220
25177.5,10,9,326
25180.0,13,0,331
25182.5,59,-21,304
25185.0,35,47,301
25187.5,-1,-32,254
25190.0,33,39,321
25192.5,26,-46,303
25195.0,15,21,314
25197.5,-91,-21,313
25200.0,-39,-20,316
25202.5,-39,-20,316
25205.0,-22,51,317
25207.5,-35,-31,315
25210.0,67,1,288
25212.5,-2,-39,343
25215.0,8,-13,299
25217.5,-96,-73,264
25220.0,32,-14,297
25222.5,70,6,295
25225.0,-22,5,310
25227.5,-14,-32,340
25230.0,124,102,243
25232.5,-18,10,327
25235.0,-58,-29,228
25237.5,25,-25,333
25240.0,18,2,322
25242.5,55,19,314
25245.0,-23,-82,331
25247.5,-1,-15,339
25250.0,4,-31,228
25252.5,4,-31,228
25255.0,-2,-12,318
25257.5,5,-8,261
25260.0,-35,53,275
25262.5,27,-21,286
25265.0,77,-50,317
25267.5,-3,-4,316
25270.0,-4,25,336
25272.5,27,-31,258
25275.0,-12,-19,329
25277.5,12,-35,265
25280.0,23,5,323
25282.5,13,-18,304
25285.0,59,14,283
25287.5,-12,-17,309
25290.0,-28,0,320
25292.5,29,-30,284
25295.0,37,-4,336
25297.5,36,-43,265
25300.0,-1,-26,268
25302.5,-1,-26,268
25305.0,6,-6,302
25307.5,37,15,276
25310.0,19,-9,323
25312.5,49,-3,333
25315.0,83,26,270
25317.5,-42,-50,350
25320.0,19,-33,267
25322.5,1,73,207
25325.0,62,10,340
25327.5,-38,8,275
25330.0,18,-7,300
25332.5,13,27,432
25335.0,-5,-7,221
25337.5,19,14,343
25340.0,13,-11,242
25342.5,-15,-14,266
25345.0,59,8,242
25347.5,14,32,273
25350.0,-7,5,367
25352.5,-7,5,367
25355.0,42,10,298
25357.5,24,-12,211
25360.0,-24,-40,369
25362.5,36,17,198
25365.0,14,-26,221
25367.5,-40,-33,370
25370.0,-8,-27,346
25372.5,-22,-58,378
25375.0,-50,-63,340
25377.5,-6,20,379
25380.0,55,-33,270
25382.5,48,32,196
25385.0,-14,-13,237
25387.5,8,12,359
25390.0,27,-13,259
25392.5,11,-32,332
25395.0,61,26,344
25397.5,2,1,230
25400.0,-24,-25,314
25402.5,-24,-25,314
25405.0,71,-26,258
25407.5,26,11,401
25410.0,11,-13,319
25412.5,29,10,277
25415.0,-39,-37,309
25417.5,16,-40,280
25420.0,22,-15,301
25422.5,22,1,260
25425.0,-17,21,350
25427.5,-32,-24,313
25430.0,-71,21,343
25432.5,-13,-10,301
25435.0,-45,-25,375
25437.5,-4,-51,247
25440.0,-10,-22,275
25442.5,-7,-1,283
25445.0,20,2,283
25447.5,20,13,329
25450.0,4,-67,341
25452.5,4,-67,341
25455.0,62,27,281
25457.5,-36,-39,372
25460.0,14,-20,239
25462.5,19,-8,295
25465.0,-4,-20,304
25467.5,6,-10,341
25470.0,5,31,296
25472.5,-13,-20,345
25475.0,54,-3,310
25477.5,-8,-31,350
25480.0,-56,-30,221
25482.5,29,-12,282
25485.0,-26,-19,356
25487.5,30,26,301
25490.0,-40,-20,300
25492.5,0,-58,341
25495.0,15,19,237
25497.5,-39,-81,293
25500.0,57,-2,338
25502.5,57,-2,338
25505.0,-38,8,397
25507.5,11,-5,383
25510.0,-10,-15,278
25512.5,91,26,345
25515.0,30,24,340
25517.5,25,-55,275
25520.0,4,7,248
25522.5,29,11,253
25525.0,31,-56,363
25527.5,-19,-4,393
25530.0,22,5,233
25532.5,-27,-17,349
25535.0,25,-7,300
25537.5,-23,-4,268
25540.0,-25,-4,304
25542.5,49,28,265
25545.0,18,16,326
25547.5,-33,-22,374
25550.0,86,30,285
25552.5,86,30,285
25555.0,43,-15,332
25557.5,52,10,269
25560.0,34,-43,224
25562.5,-27,-23,299
25565.0,-28,-19,320
25567.5,48,-10,344
25570.0,-26,-20,314
25572.5,4,-30,293
25575.0,-22,2,327
25577.5,18,2,204
25580.0,-22,9,274
25582.5,-25,-2,324
25585.0,28,-13,342
25587.5,42,-2,320
25590.0,26,10,309
25592.5,15,-15,253
25595.0,60,-7,303
25597.5,-88,-14,365
25600.0,8,0,360
25602.5,8,0,360
25605.0,-6,-7,302
25607.5,42,7,278
25610.0,9,-51,308
25612.5,32,-30,280
25615.0,96,12,242
25617.5,-48,5,342
25620.0,-39,-12,267
25622.5,-33,-26,342
25625.0,-3,16,281
25627.5,34,-47,320
25630.0,-8,-34,285
25632.5,-18,2,319
25635.0,11,16,252
25637.5,-38,-18,358
25640.0,-2,-43,291
25642.5,67,20,261
25645.0,27,-12,253
25647.5,38,33,247
25650.0,41,38,306
25652.5,41,38,306
25655.0,34,-34,335
25657.5,18,-22,332
25660.0,-15,-28,389
25662.5,9,-24,267
25665.0,15,-47,270
25667.5,-25,10,287
25670.0,10,20,299
25672.5,5,-21,323
25675.0,-1,-53,356
25677.5,60,-1,341
25680.0,37,-3,359
25682.5,-9,4,256
25685.0,-32,-91,269
25687.5,3,-3,291
25690.0,60,12,243
25692.5,-11,-21,312
25695.0,12,25,427
25697.5,36,-27,284
25700.0,-36,-69,455
25702.5,-36,-69,455
25705.0,62,-11,301
25707.5,60,8,235
25710.0,-15,-76,292
25712.5,28,4,349
25715.0,15,-6,359
25717.5,1,-30,346
25720.0,-7,-11,251
25722.5,-48,-49,346
25725.0,27,56,143
25727.5,-19,4,290
25730.0,12,13,289
25732.5,17,6,292
25735.0,19,2,353
25737.5,19,0,379
25740.0,5,-6,352
25742.5,15,-21,336
25745.0,12,-60,319
25747.5,2,-22,206
25750.0,3,2,306
25752.5,3,2,306
25755.0,-43,22,341
25757.5,43,14,331
25760.0,101,17,223
25762.5,18,18,162
25765.0,11,-10,369
25767.5,22,25,220
25770.0,-2,29,407
25772.5,59,8,320
25775.0,4,-48,415
25777.5,21,-21,319
25780.0,22,55,296
25782.5,104,30,252
25785.0,11,-35,320
25787.5,46,2,136
25790.0,27,4,261
25792.5,30,-14,357
25795.0,-26,-7,304
25797.5,16,3,313
25800.0,64,-3,304
25802.5,64,-3,304
25805.0,-98,20,345
25807.5,-37,-26,274
25810.0,13,-23,327
25812.5,-14,-4,325
25815.0,-39,3,318
25817.5,41,-20,282
25820.0,23,-41,371
25822.5,47,23,269
25825.0,-64,-42,302
25827.5,14,-15,318
25830.0,0,-26,301
25832.5,40,26,339
25835.0,53,42,338
25837.5,12,-6,300
25840.0,-40,-24,345
25842.5,54,9,252
25845.0,-17,-51,282
25847.5,-34,-32,322
25850.0,65,17,344
25852.5,65,17,344
25855.0,5,-42,345
25857.5,-8,-27,323
25860.0,75,16,283
25862.5,19,19,353
25865.0,45,3,230
25867.5,-5,-39,296
25870.0,-123,-42,320
25872.5,36,21,336
25875.0,57,-4,334
25877.5,20,-1,262
25880.0,85,41,235
25882.5,23,-12,306
25885.0,46,39,212
25887.5,-38,-24,242
25890.0,-20,-36,379
25892.5,45,-4,234
25895.0,21,-17,374
25897.5,8,-14,295
25900.0,23,-9,209
25902.5,23,-9,209
25905.0,-63,-20,291
25907.5,102,-11,261
25910.0,-36,7,314
25912.5,13,-4,370
25915.0,18,-24,278
25917.5,-21,-1,380
25920.0,9,-52,265
25922.5,-37,-67,257
25925.0,25,-61,255
25927.5,18,-32,325
25930.0,-29,36,328
25932.5,-56,30,323
25935.0,78,-18,248
25937.5,-92,9,407
25940.0,-14,-18,345
25942.5,1,-19,282
25945.0,11,4,337
25947.5,33,10,293
25950.0,9,13,262
25952.5,9,13,262
25955.0,40,17,298
25957.5,-72,-42,269
25960.0,14,-27,334
25962.5,50,-2,251
25965.0,-45,-22,229
25967.5,-88,-24,261
25970.0,68,9,250
25972.5,6,30,228
25975.0,-55,-29,347
25977.5,-37,-53,299
25980.0,-47,-23,336
25982.5,87,-43,302
25985.0,0,-15,333
25987.5,21,-29,339
25990.0,40,-15,304
25992.5,-9,-73,316
25995.0,63,-28,343
25997.5,44,-55,310
26000.0,-38,-32,394
26002.5,-38,-32,394
26005.0,13,-7,246
26007.5,66,5,262
26010.0,19,-11,287
26012.5,26,16,303
26015.0,20,31,313
26017.5,-1,-40,358
26020.0,-13,-38,261
26022.5,25,-8,351
26025.0,32,4,251
26027.5,61,8,260
26030.0,-35,-32,278
26032.5,-6,5,261
26035.0,17,-25,335
26037.5,-37,-35,346
26040.0,14,-21,304
26042.5,-35,-22,332
26045.0,-13,-6,261
26047.5,61,18,282
26050.0,61,18,282
26052.5,32,-12,320
26055.0,30,34,275
26057.5,27,2,301
26060.0,-27,44,326
26062.5,-9,-75,428
26065.0,-35,-62,399
26067.5,13,18,308
26070.0,-2,-11,386
26072.5,29,2,228
26075.0,65,16,285
26077.5,61,46,314
26080.0,4,-24,363
26082.5,77,8,148
26085.0,96,23,260
26087.5,41,10,322
26090.0,8,-56,294
26092.5,14,2,298
26095.0,-18,-5,297
26097.5,-21,11,361
26100.0,-21,11,361
26102.5,-59,-9,351
26105.0,57,19,272
26107.5,27,4,339
26110.0,61,-23,211
26112.5,68,25,239
26115.0,47,21,303
26117.5,27,8,320
26120.0,-54,5,301
26122.5,12,-14,264
26125.0,19,15,244
26127.5,-39,-12,330
26130.0,-33,4,249
26132.5,41,19,325
26135.0,-27,6,363
26137.5,39,-9,296
26140.0,-34,-27,290
26142.5,-14,4,309
26145.0,32,-6,249
26147.5,-16,-24,372
26150.0,-16,-24,372
26152.5,38,-21,264
26155.0,6,-7,292
26157.5,31,-27,341
26160.0,9,-27,357
26162.5,34,-7,323
26165.0,-27,-19,324
26167.5,10,-3,274
26170.0,-32,-37,321
26172.5,1,-2,347
26175.0,-27,-25,282
26177.5,26,-4,332
26180.0,82,35,291
26182.5,10,-12,313
26185.0,46,22,268
26187.5,-17,-51,266
26190.0,-13,-17,324
26192.5,18,-1,272
26195.0,-19,-34,335
26197.5,-2,-5,326
26200.0,-2,-5,326
26202.5,7,-19,259
26205.0,-13,0,355
26207.5,57,53,228
26210.0,-26,-8,254
26212.5,52,-37,282
26215.0,51,-29,328
26217.5,-4,-8,311
26220.0,-34,-6,333
26222.5,67,51,274
26225.0,21,0,332
26227.5,25,-9,259
26230.0,15,7,286
26232.5,-11,-6,355
26235.0,12,53,292
26237.5,-61,-39,480
26240.0,28,13,380
26242.5,-36,-47,227
26245.0,-12,9,281
26247.5,21,22,261
26250.0,21,22,261
26252.5,-52,-10,278
26255.0,5,-27,336
26257.5,-2,-21,338
26260.0,34,29,345
26262.5,9,-2,279
26265.0,53,-54,239
26267.5,-29,-25,297
26270.0,44,19,308
26272.5,26,15,341
26275.0,47,29,300
26277.5,-11,-31,288
26280.0,21,-37,343
26282.5,2,-38,264
26285.0,42,13,301
26287.5,33,8,306
26290.0,-9,-72,260
26292.5,-22,19,305
26295.0,-30,-7,334
26297.5,58,-14,285
26300.0,58,-14,285
26302.5,-22,-60,360
26305.0,-116,-95,318
26307.5,4,15,312
26310.0,49,8,298
26312.5,20,-25,323
26315.0,-56,9,302
26317.5,-31,22,356
26320.0,46,-42,273
26322.5,-3,-6,338
26325.0,-36,2,214
26327.5,67,-10,283
26330.0,-28,-1,343
26332.5,11,-20,325
26335.0,1,-33,294
26337.5,40,-21,365
26340.0,9,-20,247
26342.5,-24,13,307
26345.0,18,-2,282
26347.5,-29,-3,231
26350.0,-29,-3,231
26352.5,8,-2,246
26355.0,26,-2,306
26357.5,-24,-28,303
26360.0,-56,-29,356
26362.5,9,9,266
26365.0,-17,7,318
26367.5,48,25,224
26370.0,57,11,244
26372.5,35,22,297
26375.0,14,22,294
26377.5,-7,-5,312
26380.0,-39,12,305
26382.5,-54,-21,260
26385.0,19,-12,365
26387.5,26,23,271
26390.0,-1,13,236
26392.5,-14,-51,323
26395.0,16,13,260
26397.5,-35,6,311
26400.0,-35,6,311
26402.5,-4,-12,347
26405.0,5,-48,312
26407.5,-31,-33,345
26410.0,47,0,274
26412.5,33,45,241
26415.0,-17,-3,306
26417.5,51,-9,301
26420.0,-2,-29,286
26422.5,-44,8,327
26425.0,50,-2,314
26427.5,6,17,338
26430.0,-23,11,305
26432.5,55,12,283
26435.0,-80,-51,333
26437.5,-7,-46,292
26440.0,13,-27,227
26442.5,-57,-13,309
26445.0,13,-26,338
26447.5,-67,-5,343
26450.0,-67,-5,343
26452.5,23,12,266
26455.0,33,-9,254
26457.5,40,-6,244
26460.0,14,31,223
26462.5,34,14,285
26465.0,-21,-24,369
26467.5,-19,-14,294
26470.0,0,-58,325
26472.5,-27,-24,285
26475.0,39,10,272
26477.5,-53,-36,402
26480.0,-30,-14,288
26482.5,34,-47,269
26485.0,-40,-38,354
26487.5,16,-31,266
26490.0,1,-17,305
26492.5,-32,-8,294
26495.0,64,-3,213
26497.5,10,-8,288
26500.0,10,-8,288
26502.5,-15,-6,320
26505.0,-49,-64,340
26507.5,45,72,321
26510.0,45,3,256
26512.5,-12,0,324
26515.0,20,-6,212
26517.5,21,-7,298
26520.0,-4,-1,326
26522.5,7,-11,344
26525.0,48,4,279
26527.5,38,16,301
26530.0,49,36,278
26532.5,-24,-22,313
26535.0,-56,-8,299
26537.5,60,12,288
26540.0,4,1,346
26542.5,52,11,254
26545.0,-9,-24,346
26547.5,6,-56,346
26550.0,6,-56,346
26552.5,-33,-12,236
26555.0,10,-12,345
26557.5,85,0,235
26560.0,26,-6,290
26562.5,11,2,329
26565.0,19,-7,296
26567.5,-7,-19,345
26570.0,45,24,276
26572.5,26,55,283
26575.0,-26,-48,314
26577.5,27,-12,287
26580.0,-7,6,323
26582.5,-14,-23,332
26585.0,87,24,283
26587.5,-31,-38,335
26590.0,7,-19,281
26592.5,-18,-24,287
26595.0,2,-6,302
26597.5,-10,-5,284
26600.0,-10,-5,284
26602.5,-43,-42,292
26605.0,52,11,305
26607.5,52,49,337
26610.0,35,-16,401
26612.5,3,-31,269
26615.0,-29,0,259
26617.5,-2,-13,320
26620.0,86,39,280
26622.5,-6,-24,293
26625.0,26,-15,297
26627.5,29,10,230
26630.0,-19,-28,317
26632.5,32,25,283
26635.0,55,38,373
26637.5,-45,-43,387
26640.0,31,-16,320
26642.5,-14,-14,355
26645.0,28,-39,290
26647.5,33,-24,205
26650.0,33,-24,205
26652.5,-11,7,285
26655.0,12,6,253
26657.5,-43,-88,307
26660.0,-72,-28,362
26662.5,63,-12,338
26665.0,-8,-19,315
26667.5,-8,-28,287
26670.0,46,39,223
26672.5,6,-30,292
26675.0,3,-63,261
26677.5,-24,-16,335
26680.0,-20,2,319
26682.5,6,33,293
26685.0,2,12,343
26687.5,93,77,275
26690.0,-23,-60,275
26692.5,26,-47,335
26695.0,19,-6,296
26697.5,-18,4,307
26700.0,-18,4,307
26702.5,-18,-74,387
26705.0,8,-24,331
26707.5,-34,-11,337
26710.0,43,-26,305
26712.5,51,2,240
26715.0,55,18,335
26717.5,56,29,255
26720.0,70,42,313
26722.5,34,-19,341
26725.0,71,-19,270
26727.5,7,-5,299
26730.0,28,-14,285
26732.5,-22,-26,267
26735.0,1,-28,337
26737.5,-50,-8,228
26740.0,3,6,313
26742.5,3,15,303
26745.0,52,5,322
26747.5,52,5,322
26750.0,-27,-78,327
26752.5,7,-42,354
26755.0,59,-8,248
26757.5,-2,-61,352
26760.0,47,8,244
26762.5,43,15,310
26765.0,24,28,312
26767.5,19,11,310
26770.0,-20,-17,326
26772.5,21,-9,329
26775.0,-25,-32,272
26777.5,-12,-6,347
26780.0,45,-19,236
26782.5,-3,42,251
26785.0,4,-5,345
26787.5,86,41,239
26790.0,-20,-28,307
26792.5,-15,-29,334
26795.0,9,-8,246
26797.5,9,-8,246
26800.0,1,-49,270
26802.5,12,20,243
26805.0,-41,-14,357
26807.5,-57,-26,432
26810.0,21,-6,294
26812.5,-70,-38,340
26815.0,63,-11,284
26817.5,52,2,327
26820.0,14,-13,211
26822.5,-10,-32,396
26825.0,39,29,306
26827.5,-41,0,236
26830.0,44,4,256
26832.5,35,24,350
26835.0,-34,-69,298
26837.5,34,10,290
26840.0,47,-49,306
26842.5,68,40,311
26845.0,4,1,289
26847.5,4,1,289
26850.0,-7,-36,315
26852.5,42,33,357
26855.0,30,-27,308
26857.5,9,-32,295
26860.0,35,-17,187
26862.5,-30,7,307
26865.0,39,6,257
26867.5,-22,8,344
26870.0,33,-6,375
26872.5,-8,16,287
26875.0,39,16,330
26877.5,-17,3,325
26880.0,-152,-38,313
26882.5,38,-38,299
26885.0,1,-24,280
26887.5,-13,-24,322
26890.0,-1,21,333
26892.5,33,-33,310
26895.0,-60,-14,368
26897.5,-60,-14,368
26900.0,-9,-37,259
26902.5,48,-10,289
26905.0,8,2,280
26907.5,-5,-21,299
26910.0,11,-1,327
26912.5,34,-28,330
26915.0,-46,-58,316
26917.5,-67,-56,364
26920.0,-17,-43,289
26922.5,-4,21,269
26925.0,-28,-21,348
26927.5,17,-3,307
26930.0,-41,-9,296
26932.5,72,8,327
26935.0,108,37,259
26937.5,-25,-24,341
26940.0,35,2,241
26942.5,71,25,278
26945.0,-2,-3,290
26947.5,-2,-3,290
26950.0,39,16,286
26952.5,-35,-3,280
26955.0,46,10,317
26957.5,23,41,281
26960.0,-19,-13,324
26962.5,2,-20,269
26965.0,2,-4,282
26967.5,37,-8,346
26970.0,16,-14,307
26972.5,-33,-3,307
26975.0,35,-51,270
26977.5,127,62,277
26980.0,-21,-27,266
26982.5,10,-20,259
26985.0,-1,-15,337
26987.5,-76,-3,361
26990.0,54,31,342
26992.5,-14,-87,360
26995.0,-32,-46,269
26997.5,-32,-46,269
27000.0,31,5,365
27002.5,-30,-38,323
27005.0,83,-40,237
27007.5,-57,-81,357
27010.0,13,-21,388
27012.5,-41,63,155
27015.0,-60,-52,304
27017.5,-34,-37,282
27020.0,-36,-12,302
27022.5,4,10,318
27025.0,-15,5,316
27027.5,-38,-50,251
27030.0,49,-27,291
27032.5,61,12,280
27035.0,13,-33,314
27037.5,-12,-31,226
27040.0,-1,-13,230
27042.5,-65,-5,342
27045.0,2,-26,360
27047.5,2,-26,360
27050.0,33,-12,326
27052.5,39,-33,344
27055.0,83,-29,214
27057.5,30,32,308
27060.0,39,-38,330
27062.5,-18,15,307
27065.0,37,8,302
27067.5,-5,-6,300
27070.0,-118,8,286
27072.5,36,-31,371
27075.0,104,18,269
27077.5,-24,-35,319
27080.0,35,13,260
27082.5,1,-23,305
27085.0,22,-9,298
27087.5,77,-25,221
27090.0,0,-6,306
27092.5,35,-31,361
27095.0,9,0,328
27097.5,9,0,328
27100.0,-25,7,369
27102.5,-64,-7,264
27105.0,-21,21,279
27107.5,37,23,275
27110.0,60,27,290
27112.5,31,7,298
27115.0,46,-35,346
27117.5,10,17,274
27120.0,-15,-20,360
27122.5,-28,-24,243
27125.0,23,-23,288
27127.5,-2,-56,307
27130.0,-8,-5,279
27132.5,-28,-25,334
27135.0,43,-8,344
27137.5,53,-9,304
27140.0,-54,-46,336
27142.5,-14,4,266
27145.0,-8,-13,289
27147.5,-8,-13,289
27150.0,-35,-28,288
27152.5,38,48,279
27155.0,22,-14,333
27157.5,-2,-27,339
27160.0,26,-40,275
27162.5,21,-7,321
27165.0,55,6,224
27167.5,150,44,139
27170.0,10,14,209
27172.5,33,36,204
27175.0,7,31,351
27177.5,2,100,224
27180.0,3,35,304
27182.5,-30,-65,316
27185.0,32,-35,286
27187.5,84,-6,259
27190.0,-14,40,392
27192.5,10,-8,288
27195.0,10,-8,288
27197.5,-15,9,341
27200.0,45,2,350
27202.5,60,14,364
27205.0,87,19,302
27207.5,-42,-14,285
27210.0,19,15,276
27212.5,3,-27,329
27215.0,0,-12,269
27217.5,44,18,320
27220.0,43,3,341
27222.5,-45,-67,231
27225.0,-42,-32,393
27227.5,-1,-39,257
27230.0,-43,-29,293
27232.5,-5,-22,311
27235.0,30,24,391
27237.5,-14,-17,352
27240.0,60,-38,333
27242.5,16,-45,239
27245.0,16,-45,239
27247.5,-21,-35,293
27250.0,35,-12,239
27252.5,-24,-4,294
27255.0,-34,-52,318
27257.5,4,19,335
27260.0,-8,8,313
27262.5,-22,-22,296
27265.0,-30,-11,310
27267.5,-10,-23,352
27270.0,25,10,238
27272.5,-3,28,329
27275.0,-19,-13,333
27277.5,60,12,248
27280.0,55,-9,333
27282.5,3,-34,324
27285.0,-95,-40,255
27287.5,-55,-41,337
27290.0,41,2,251
27292.5,7,15,318
27295.0,7,15,318
27297.5,14,-26,365
27300.0,2,5,300
27302.5,-42,-4,313
27305.0,39,-2,285
27307.5,27,31,223
27310.0,6,-18,320
27312.5,-1,8,292
27315.0,4,-42,304
27317.5,-20,2,330
27320.0,-9,0,288
27322.5,-14,4,342
27325.0,2,-46,314
27327.5,34,49,249
27330.0,-5,-38,299
27332.5,20,5,280
27335.0,-26,8,289
27337.5,3,-23,318
27340.0,-21,-40,303
27342.5,-131,-66,399
27345.0,-131,-66,399
27347.5,27,35,285
27350.0,45,-3,280
27352.5,-25,-40,272
27355.0,59,11,240
27357.5,25,-26,415
27360.0,-9,-47,374
27362.5,13,-16,293
27365.0,-12,-20,325
27367.5,-9,-20,360
27370.0,-63,-40,323
27372.5,68,6,271
27375.0,8,5,321
27377.5,-14,-47,348
27380.0,12,-13,255
27382.5,32,38,280
27385.0,-35,0,350
27387.5,3,-19,281
27390.0,24,-6,301
27392.5,26,-27,300
27395.0,26,-27,300
27397.5,5,40,288
27400.0,-41,-1,378
27402.5,45,-3,373
27405.0,-12,-30,211
27407.5,6,-22,338
27410.0,101,25,240
27412.5,-4,6,327
27415.0,24,-26,292
27417.5,18,-20,311
27420.0,46,35,317
27422.5,-4,-14,379
27425.0,11,-18,303
27427.5,12,-18,351
27430.0,47,28,261
27432.5,9,-12,281
27435.0,39,-1,295
27437.5,30,-14,340
27440.0,-96,-45,325
27442.5,-18,-28,336
27445.0,-18,-28,336
27447.5,-5,-31,203
27450.0,9,-55,342
27452.5,-10,-50,273
27455.0,66,7,296
27457.5,9,-6,277
27460.0,46,-23,275
27462.5,38,-10,271
27465.0,13,-25,349
27467.5,6,-9,242
27470.0,-72,-43,321
27472.5,32,-19,267
27475.0,60,17,265
27477.5,-48,-38,295
27480.0,16,30,254
27482.5,25,-1,328
27485.0,-4,10,281
27487.5,-27,-22,292
27490.0,-40,13,319
27492.5,12,-28,268
27495.0,12,-28,268
27497.5,-43,-6,293
27500.0,-8,-34,318
27502.5,19,-2,297
27505.0,7,-21,304
27507.5,6,-31,333
27510.0,50,5,304
27512.5,55,6,365
27515.0,20,7,265
27517.5,19,-5,250
27520.0,-4,-12,312
27522.5,6,-8,233
27525.0,0,-53,303
27527.5,-11,-15,349
27530.0,40,-12,320
27532.5,-40,-8,336
27535.0,15,-5,265
27537.5,57,7,322
27540.0,27,-38,315
27542.5,64,-3,151
27545.0,64,-3,151
27547.5,-67,-78,306
27550.0,-13,22,309
27552.5,-13,-34,328
27555.0,12,8,322
27557.5,-14,24,297
27560.0,52,-3,446
27562.5,156,43,179
27565.0,33,8,276
27567.5,21,-4,280
27570.0,-6,-26,376
27572.5,24,18,330
27575.0,107,42,387
27577.5,10,-42,275
27580.0,51,18,299
27582.5,-1,-6,278
27585.0,8,-4,291
27587.5,7,10,307
27590.0,-35,-62,332
27592.5,58,27,328
27595.0,58,27,328
27597.5,35,-40,359
27600.0,53,-56,326
27602.5,81,4,192
27605.0,32,-2,269
27607.5,26,0,253
27610.0,-6,5,348
27612.5,11,0,332
27615.0,-9,7,345
27617.5,15,-9,349
27620.0,34,-48,255
27622.5,43,-20,232
27625.0,19,6,324
27627.5,51,39,274
27630.0,1,5,300
27632.5,-26,-28,317
27635.0,-2,3,310
27637.5,-42,-44,355
27640.0,33,-45,254
27642.5,24,-31,286
27645.0,24,-31,286
27647.5,16,10,293
27650.0,-40,-21,309
27652.5,10,12,317
27655.0,7,-39,351
27657.5,30,-31,330
27660.0,20,-17,370
27662.5,34,-20,276
27665.0,15,-36,311
27667.5,-33,-27,347
27670.0,21,-8,332
27672.5,27,32,303
27675.0,-29,12,334
27677.5,10,8,215
27680.0,-38,-23,325
27682.5,21,-15,241
27685.0,-45,26,293
27687.5,4,9,312
27690.0,61,25,285
27692.5,61,25,285
27695.0,53,-2,342
27697.5,7,-39,346
27700.0,-5,11,259
27702.5,-13,-12,347
27705.0,-28,-25,267
27707.5,12,-5,296
27710.0,9,91,312
27712.5,164,20,211
27715.0,-38,-15,360
27717.5,53,23,303
27720.0,62,-2,198
27722.5,-8,6,322
27725.0,21,8,301
27727.5,-33,-3,310
27730.0,43,21,371
27732.5,75,2,362
27735.0,-32,6,345
27737.5,58,-31,273
27740.0,-23,-32,252
27742.5,-23,-32,252
27745.0,-1,-9,337
27747.5,122,-9,250
27750.0,-48,-53,266
27752.5,17,4,330
27755.0,-34,-29,313
27757.5,-2,-28,336
27760.0,9,-51,284
27762.5,85,2,273
27765.0,-33,12,293
27767.5,24,-16,261
27770.0,1,-33,335
27772.5,6,-6,355
27775.0,61,-23,279
27777.5,19,-41,393
27780.0,49,119,404
27782.5,6,-21,291
27785.0,-1,-1,298
27787.5,18,5,268
27790.0,27,-6,276
27792.5,27,-6,276
27795.0,-4,-18,361
27797.5,-54,-26,296
27800.0,-27,32,323
27802.5,35,24,272
27805.0,-5,-39,251
27807.5,-50,-21,311
27810.0,21,-19,268
27812.5,32,-25,302
27815.0,-2,-43,386
27817.5,-24,-3,313
27820.0,-6,-30,351
27822.5,39,6,328
27825.0,54,-11,244
27827.5,43,-36,364
27830.0,12,13,240
27832.5,38,-8,330
27835.0,-37,-42,341
27837.5,60,8,304
27840.0,42,-32,326
27842.5,42,-32,326
27845.0,7,-8,295
27847.5,-23,28,249
27850.0,-29,-27,350
27852.5,5,-20,218
27855.0,-6,-30,316
27857.5,-1,-13,300
27860.0,16,-18,292
27862.5,-5,-23,319
27865.0,21,10,298
27867.5,70,3,282
27870.0,-3,-19,349
27872.5,34,-36,256
27875.0,9,-9,290
27877.5,-34,-7,303
27880.0,53,16,285
27882.5,-46,21,305
27885.0,45,3,364
27887.5,-30,-28,294
27890.0,-47,-22,374
27892.5,-47,-22,374
27895.0,14,-6,266
27897.5,6,-2,240
27900.0,43,4,265
27902.5,56,8,283
27905.0,77,9,298
27907.5,69,-2,401
27910.0,95,0,352
27912.5,-78,-38,350
27915.0,62,0,337
27917.5,4,-29,193
27920.0,-15,-27,330
27922.5,8,18,337
27925.0,-29,-12,329
27927.5,48,-47,349
27930.0,-27,8,418
27932.5,-26,-27,362
27935.0,36,-2,272
27937.5,32,-12,298
27940.0,18,0,300
27942.5,18,0,300
27945.0,-10,13,203
27947.5,20,13,282
27950.0,-79,-38,415
27952.5,159,58,207
27955.0,42,-17,353
27957.5,-27,12,300
27960.0,-60,-14,409
27962.5,4,-4,214
27965.0,59,25,248
27967.5,0,15,292
27970.0,-35,-16,376
27972.5,24,-46,249
27975.0,-68,-7,407
27977.5,23,-38,260
27980.0,21,-53,340
27982.5,37,6,289
27985.0,8,5,327
27987.5,12,-36,325
27990.0,119,65,258
27992.5,119,65,258
27995.0,-64,-35,365
27997.5,-33,-21,359
28000.0,27,-23,266
28002.5,7,4,249
28005.0,-41,24,322
28007.5,-57,12,314
28010.0,30,-7,300
28012.5,-12,-45,344
28015.0,-19,-18,266
28017.5,-25,-17,344
28020.0,2,-8,257
28022.5,9,0,343
28025.0,-27,-40,348
28027.5,41,11,291
28030.0,34,-17,323
28032.5,101,33,297
28035.0,24,-41,305
28037.5,-14,-9,334
28040.0,55,26,308
28042.5,55,26,308
28045.0,-9,-29,324
28047.5,-38,1,326
28050.0,21,12,298
28052.5,3,-7,363
28055.0,40,12,256
28057.5,-33,-12,242
28060.0,-58,-44,315
28062.5,64,25,277
28065.0,28,-9,287
28067.5,-59,1,312
28070.0,0,-4,305
28072.5,54,-18,367
28075.0,9,-36,298
28077.5,-25,-11,287
28080.0,23,3,208
28082.5,-6,-3,204
28085.0,-30,-55,363
28087.5,27,-47,340
28090.0,-2,-27,223
28092.5,-2,-27,223
28095.0,42,-6,350
28097.5,34,2,288
28100.0,33,8,306
28102.5,-58,16,292
28105.0,-5,51,206
28107.5,50,-9,346
28110.0,28,35,351
28112.5,6,-8,175
28115.0,-30,-9,311
28117.5,24,2,283
28120.0,0,28,319
28122.5,-83,-74,352
28125.0,30,-22,338
28127.5,43,9,333
28130.0,82,4,348
28132.5,28,-1,242
28135.0,-100,-38,401
28137.5,-34,1,288
28140.0,-43,20,272
28142.5,-43,20,272
28145.0,12,-46,324
28147.5,43,-19,330
28150.0,-12,-22,318
28152.5,23,-21,308
28155.0,-33,13,239
28157.5,8,-13,303
28160.0,44,-13,244
28162.5,14,-57,300
28165.0,21,-15,325
28167.5,0,-2,264
28170.0,45,6,321
28172.5,2,-2,373
28175.0,15,-37,258
28177.5,18,-38,328
28180.0,-65,-76,366
28182.5,36,-11,296
28185.0,21,16,282
28187.5,32,-17,277
28190.0,17,-39,321
28192.5,17,-39,321
28195.0,64,-31,369
28197.5,-84,-36,279
28200.0,-6,-73,372
28202.5,31,17,323
28205.0,-42,-32,352
28207.5,2,-6,342
28210.0,74,1,265
28212.5,-59,-32,319
28215.0,-33,-39,347
28217.5,5,10,325
28220.0,5,9,346
28222.5,0,-41,235
28225.0,40,2,279
28227.5,40,24,306
28230.0,-2,17,282
28232.5,15,11,314
28235.0,-8,-12,322
28237.5,-17,9,300
28240.0,-23,-60,339
28242.5,-23,-60,339
28245.0,-39,-20,264
28247.5,43,19,301
28250.0,10,11,296
28252.5,27,17,271
28255.0,41,-4,297
28257.5,45,23,323
28260.0,147,2,354
28262.5,-14,-72,371
28265.0,-23,-20,269
28267.5,1,-2,271
28270.0,-25,-3,299
28272.5,-11,-13,260
28275.0,36,-26,294
28277.5,84,28,293
28280.0,-77,-46,382
28282.5,32,12,239
28285.0,-13,33,324
28287.5,44,6,326
28290.0,-47,-23,268
28292.5,-47,-23,268
28295.0,88,19,230
28297.5,9,1,324
28300.0,16,91,430
28302.5,37,28,271
28305.0,-22,7,309
28307.5,-16,-44,260
28310.0,52,-9,298
28312.5,43,22,316
28315.0,78,-41,258
28317.5,-7,-26,329
28320.0,-10,3,404
28322.5,8,-26,272
28325.0,43,4,357
28327.5,33,-2,224
28330.0,-21,-5,293
28332.5,11,11,266
28335.0,-25,-15,307
28337.5,-35,4,311
28340.0,-35,4,311
28342.5,10,-38,282
28345.0,8,-18,405
28347.5,-67,-19,287
28350.0,15,-1,270
28352.5,37,12,220
28355.0,4,-14,369
28357.5,10,-14,246
28360.0,-1,4,331
28362.5,-32,-37,335
28365.0,16,-42,269
28367.5,-64,-64,357
28370.0,1,-18,218
28372.5,-12,-23,242
28375.0,18,-12,257
28377.5,9,-27,329
28380.0,-16,-51,331
28382.5,-1,-9,360
28385.0,43,10,275
28387.5,-8,-14,361
28390.0,-8,-14,361
28392.5,-33,-11,279
28395.0,20,20,307
28397.5,-36,-11,304
28400.0,4,-17,310
28402.5,78,-2,325
28405.0,89,27,291
28407.5,21,-27,265
28410.0,-16,-42,346
28412.5,-19,-15,268
28415.0,-27,-42,285
28417.5,-17,-15,345
28420.0,67,33,332
28422.5,-20,-1,334
28425.0,16,-10,288
28427.5,14,-19,274
28430.0,-4,-9,308
28432.5,28,-3,303
28435.0,-71,-48,265
28437.5,-48,0,306
28440.0,-48,0,306
28442.5,-37,-33,315
28445.0,10,-7,344
28447.5,35,33,268
28450.0,-17,-41,303
28452.5,-20,-36,247
28455.0,-6,-40,229
28457.5,50,-5,305
28460.0,4,-30,385
28462.5,66,5,203
28465.0,-14,-28,389
28467.5,45,-1,252
28470.0,5,-34,266
28472.5,36,-13,269
28475.0,50,-17,349
28477.5,-76,1,327
28480.0,35,1,337
28482.5,54,1,258
28485.0,-17,-6,371
28487.5,76,-51,255
28490.0,76,-51,255
28492.5,55,-37,305
28495.0,-13,0,409
28497.5,51,22,318
28500.0,14,-20,263
28502.5,32,-14,317
28505.0,53,30,231
28507.5,16,-40,330
28510.0,84,16,273
28512.5,47,31,247
28515.0,-37,-6,330
28517.5,3,-2,336
28520.0,-6,46,299
28522.5,-4,-36,288
28525.0,48,-20,188
28527.5,-42,-26,300
28530.0,-11,-23,304
28532.5,-10,-8,314
28535.0,11,38,309
28537.5,15,-16,345
28540.0,15,-16,345
28542.5,16,4,292
28545.0,49,-38,271
28547.5,81,-3,292
28550.0,41,16,280
28552.5,25,16,183
28555.0,72,-41,266
28557.5,-3,-1,314
28560.0,48,-80,323
28562.5,-25,-35,331
28565.0,93,-47,355
28567.5,35,22,242
28570.0,-25,-39,295
28572.5,-7,16,248
28575.0,58,-7,319
28577.5,6,-23,343
28580.0,28,-22,314
28582.5,8,-2,322
28585.0,-10,-8,329
28587.5,7,-11,232
28590.0,7,-11,232
28592.5,-19,-33,329
28595.0,11,0,270
28597.5,2,-45,348
28600.0,-36,6,357
28602.5,67,-15,330
28605.0,-43,-22,308
28607.5,11,2,319
28610.0,9,-33,265
28612.5,11,-18,352
28615.0,56,-43,239
28617.5,8,-77,330
28620.0,17,3,311
28622.5,16,34,287
28625.0,12,-3,319
28627.5,-9,-26,354
28630.0,24,8,310
28632.5,-13,-35,367
28635.0,3,-23,245
28637.5,-34,23,233
28640.0,-34,23,233
28642.5,5,8,303
28645.0,19,7,284
28647.5,8,11,349
28650.0,-74,-13,321
28652.5,-4,-44,293
28655.0,-40,2,404
28657.5,59,43,242
28660.0,33,-3,283
28662.5,-16,-12,229
28665.0,59,28,258
28667.5,9,6,308
28670.0,-13,-4,318
28672.5,-7,24,231
28675.0,-3,-42,320
28677.5,36,34,244
28680.0,37,11,291
28682.5,6,-23,477
28685.0,80,18,275
28687.5,3,-25,349
28690.0,3,-25,349
28692.5,1,-41,293
28695.0,-6,-33,257
28697.5,20,-1,314
28700.0,-82,-49,328
28702.5,6,-11,317
28705.0,56,-55,381
28707.5,47,33,322
28710.0,28,-22,312
28712.5,56,-61,331
28715.0,16,-2,195
28717.5,-30,-57,320
28720.0,58,-18,263
28722.5,-29,-9,328
28725.0,-40,-32,322
28727.5,74,39,309
28730.0,15,-30,351
28732.5,-1,-57,231
28735.0,56,-1,199
28737.5,-14,-19,288
28740.0,-14,-19,288
28742.5,88,52,329
28745.0,21,-13,291
28747.5,-2,-12,302
28750.0,16,-19,303
28752.5,-46,-39,380
28755.0,-20,-52,293
28757.5,-37,13,218
28760.0,-15,-2,338
28762.5,-27,-2,313
28765.0,-40,-14,301
28767.5,4,-40,332
28770.0,42,34,206
28772.5,-5,-30,333
28775.0,54,17,231
28777.5,-10,-6,283
28780.0,9,10,319
28782.5,45,38,326
28785.0,-32,-9,335
28787.5,1,-47,331
28790.0,1,-47,331
28792.5,-2,-16,274
28795.0,6,-20,343
28797.5,40,-16,265
28800.0,27,9,277
28802.5,14,-36,338
28805.0,69,3,306
28807.5,41,-21,346
28810.0,23,3,284
28812.5,61,12,220
28815.0,-39,-10,292
28817.5,13,-1,268
28820.0,12,18,259
28822.5,52,73,348
28825.0,56,4,298
28827.5,9,-31,338
28830.0,65,12,249
28832.5,37,-8,256
28835.0,-34,-16,341
28837.5,3,1,246
28840.0,3,1,246
28842.5,-22,13,248
28845.0,-41,-29,399
28847.5,24,-28,339
28850.0,-57,3,319
28852.5,55,24,214
28855.0,29,-32,311
28857.5,-28,-75,320
28860.0,73,-1,261
28862.5,30,3,314
28865.0,89,15,321
28867.5,33,5,283
28870.0,-28,-44,354
28872.5,72,8,217
28875.0,21,-16,313
28877.5,-27,-6,382
28880.0,19,6,288
28882.5,-42,-43,248
28885.0,29,-39,341
28887.5,20,-94,272
28890.0,20,-94,272
28892.5,-12,-41,385
28895.0,54,-31,233
28897.5,12,0,270
28900.0,50,-29,356
28902.5,-26,12,306
28905.0,19,-12,301
28907.5,18,0,315
28910.0,58,-13,253
28912.5,-33,-21,351
28915.0,14,-21,290
28917.5,-11,11,327
28920.0,28,-9,349
28922.5,-4,-19,345
28925.0,13,-3,303
28927.5,-13,-31,354
28930.0,36,19,323
28932.5,17,40,342
28935.0,2,0,263
28937.5,2,0,263
28940.0,59,42,284
28942.5,17,-3,292
28945.0,47,10,313
28947.5,-19,-24,347
28950.0,64,-27,378
28952.5,-12,-25,280
28955.0,6,-32,348
28957.5,41,-41,257
28960.0,-36,-8,279
28962.5,-52,-51,298
28965.0,-8,17,338
28967.5,9,6,343
28970.0,-18,19,361
28972.5,24,-7,288
28975.0,-1,-13,324
28977.5,-9,-14,296
28980.0,22,-5,271
28982.5,-16,-26,307
28985.0,36,23,287
28987.5,36,23,287
28990.0,42,-3,335
28992.5,-28,-38,337
28995.0,84,46,306
28997.5,13,10,344
29000.0,54,-18,253
29002.5,42,1,289
29005.0,17,-5,327
29007.5,40,31,301
29010.0,-9,-26,339
29012.5,21,-20,337
29015.0,42,16,235
29017.5,-16,-44,374
29020.0,85,33,139
29022.5,39,-12,321
29025.0,-12,-25,321
29027.5,27,-19,275
29030.0,57,7,325
29032.5,-19,4,335
29035.0,83,17,470
29037.5,83,17,470
29040.0,17,-28,238
29042.5,14,-28,188
29045.0,45,-1,252
29047.5,-42,-2,326
29050.0,22,-10,327
29052.5,-4,-29,381
29055.0,43,-18,338
29057.5,64,-18,258
29060.0,-11,-13,281
29062.5,0,4,285
29065.0,-33,-39,278
29067.5,40,6,356
29070.0,65,-37,328
29072.5,-22,3,286
29075.0,3,10,355
29077.5,31,-33,245
29080.0,1,14,324
29082.5,0,10,249
29085.0,4,17,317
29087.5,4,17,317
29090.0,-43,-14,344
29092.5,6,-10,341
29095.0,-15,-20,345
29097.5,-4,3,274
29100.0,13,-14,308
29102.5,-41,-67,281
29105.0,11,-14,307
29107.5,51,20,325
29110.0,-16,-57,334
29112.5,63,38,242
29115.0,-57,-52,339
29117.5,-8,-23,218
29120.0,-46,-26,277
29122.5,-24,-38,323
29125.0,-4,7,315
29127.5,-3,5,311
29130.0,-2,-3,322
29132.5,47,-16,317
29135.0,26,-3,367
29137.5,26,-3,367
29140.0,-30,-15,264
29142.5,-24,-23,277
29145.0,-44,-27,293
29147.5,39,21,337
29150.0,46,26,329
29152.5,12,-53,354
29155.0,-14,-47,284
29157.5,33,1,338
29160.0,21,13,270
29162.5,-57,-10,299
29165.0,-57,19,318
29167.5,63,5,315
29170.0,-53,-61,354
29172.5,7,-16,254
29175.0,26,-18,276
29177.5,-17,3,292
29180.0,31,27,309
29182.5,27,28,305
29185.0,-3,-67,293
29187.5,-3,-67,293
29190.0,43,-23,233
29192.5,119,40,296
29195.0,0,-43,272
29197.5,43,12,148
29200.0,10,33,257
29202.5,55,21,333
29205.0,-85,-32,347
29207.5,59,-11,350
29210.0,111,-19,256
29212.5,81,93,416
29215.0,52,13,320
29217.5,42,9,179
29220.0,-11,-32,348
29222.5,60,6,391
29225.0,58,9,298
29227.5,35,8,241
29230.0,-7,-16,286
29232.5,3,0,361
29235.0,2,-41,258
29237.5,2,-41,258
29240.0,-11,20,319
29242.5,-80,-34,333
29245.0,17,-40,289
29247.5,21,-20,336
29250.0,23,-13,314
29252.5,87,13,292
29255.0,45,-68,306
29257.5,68,30,250
29260.0,-23,-34,317
29262.5,-13,-6,277
29265.0,29,-19,295
29267.5,34,4,404
29270.0,101,-14,299
29272.5,-11,-23,226
29275.0,-17,-29,306
29277.5,25,-16,285
29280.0,6,-74,304
29282.5,19,-36,368
29285.0,49,63,239
29287.5,49,63,239
29290.0,5,2,363
29292.5,-6,-27,271
29295.0,-17,-19,217
29297.5,-65,-5,324
29300.0,10,-21,314
29302.5,-87,20,312
29305.0,18,-21,371
29307.5,41,-1,276
29310.0,-54,-57,320
29312.5,23,-16,259
29315.0,73,19,259
29317.5,-24,17,287
29320.0,85,1,308
29322.5,16,-18,317
29325.0,-39,6,341
29327.5,48,-17,306
29330.0,9,4,318
29332.5,-2,-17,281
29335.0,3,4,287
29337.5,3,4,287
29340.0,-38,-34,287
29342.5,43,-14,305
29345.0,23,2,303
29347.5,-50,-27,329
29350.0,60,-20,311
29352.5,-6,-33,367
29355.0,-6,-5,319
29357.5,47,30,277
29360.0,-16,-16,323
29362.5,51,-23,276
29365.0,2,22,296
29367.5,8,-10,354
29370.0,40,-14,319
29372.5,-37,-27,321
29375.0,20,-17,265
29377.5,-12,-65,253
29380.0,27,0,283
29382.5,3,-4,329
29385.0,-66,-23,352
29387.5,-66,-23,352
29390.0,31,36,243
29392.5,74,-1,315
29395.0,6,30,371
29397.5,-14,-32,291
29400.0,103,38,219
29402.5,26,5,313
29405.0,67,-4,473
29407.5,-21,-1,213
29410.0,1,-7,294
29412.5,79,19,275
29415.0,23,2,341
29417.5,25,0,215
29420.0,-54,-76,381
29422.5,-38,-2,265
29425.0,-36,-58,369
29427.5,31,-25,328
29430.0,50,21,298
29432.5,21,11,396
29435.0,21,11,396
29437.5,-35,-26,324
29440.0,-24,14,232
29442.5,15,-10,297
29445.0,-29,-16,358
29447.5,31,23,273
29450.0,-23,-42,377
29452.5,69,19,352
29455.0,6,-25,285
29457.5,-6,5,327
29460.0,41,44,324
29462.5,11,-39,240
29465.0,-27,-25,244
29467.5,-29,-17,349
29470.0,-38,-12,275
29472.5,-27,-27,305
29475.0,67,-2,229
29477.5,5,13,351
29480.0,0,-2,301
29482.5,33,-12,291
29485.0,33,-12,291
29487.5,-43,-23,332
29490.0,18,-10,292
29492.5,47,-14,338
29495.0,-1,-3,243
29497.5,15,-11,328
29500.0,-9,-5,242
29502.5,2,-13,270
29505.0,38,-22,309
29507.5,35,-7,331
29510.0,6,-13,303
29512.5,-65,-33,341
29515.0,88,28,258
29517.5,7,-32,279
29520.0,-6,-7,301
29522.5,27,1,293
29525.0,-44,-8,320
29527.5,9,-17,329
29530.0,-32,-36,274
29532.5,-50,-20,308
29535.0,-50,-20,308
29537.5,-2,-17,288
29540.0,-6,-14,313
29542.5,34,15,324
29545.0,-37,-15,300
29547.5,10,6,348
29550.0,-16,-60,288
29552.5,39,0,232
29555.0,49,1,265
29557.5,39,-48,268
29560.0,38,16,347
29562.5,3,-7,352
29565.0,23,15,282
29567.5,-17,0,390
29570.0,42,30,275
29572.5,34,-16,239
29575.0,-40,17,267
29577.5,-32,21,274
29580.0,37,34,274
29582.5,75,-16,346
29585.0,75,-16,346
29587.5,16,-5,263
29590.0,-5,-4,383
29592.5,-13,-22,273
29595.0,-93,-69,376
29597.5,-22,11,254
29600.0,-36,5,311
29602.5,-47,-6,307
29605.0,25,11,321
29607.5,-2,-34,263
29610.0,-80,-68,350
29612.5,-29,-6,246
29615.0,6,-7,255
29617.5,-13,-12,329
29620.0,23,-40,348
29622.5,-17,-71,310
29625.0,20,11,389
29627.5,40,14,275
29630.0,14,1,272
29632.5,21,-1,240
29635.0,21,-1,240
29637.5,-12,-35,307
29640.0,78,-22,326
29642.5,53,3,342
29645.0,37,-8,337
29647.5,14,-23,336
29650.0,35,8,275
29652.5,-26,-20,362
29655.0,-22,5,313
29657.5,8,-14,279
29660.0,-30,-16,338
29662.5,19,-7,312
29665.0,-20,-23,284
29667.5,47,14,294
29670.0,42,34,250
29672.5,21,-21,314
29675.0,-2,8,261
29677.5,-51,18,286
29680.0,-6,-19,318
29682.5,-41,32,312
29685.0,-41,32,312
29687.5,32,-1,360
29690.0,49,-44,311
29692.5,28,-26,274
29695.0,-3,-53,333
29697.5,6,5,287
29700.0,-42,-14,280
29702.5,26,-16,314
29705.0,38,3,253
29707.5,40,-11,334
29710.0,36,10,318
29712.5,40,3,251
29715.0,-21,-6,327
29717.5,53,19,256
29720.0,-32,-27,321
29722.5,-19,-14,332
29725.0,52,-7,301
29727.5,-6,-15,323
29730.0,-11,-26,296
29732.5,-6,-36,281
29735.0,-6,-36,281
29737.5,-15,-7,319
29740.0,23,8,213
29742.5,-6,10,271
29745.0,50,-17,337
29747.5,50,9,260
29750.0,-43,7,363
29752.5,-16,-7,276
29755.0,10,53,268
29757.5,-95,-75,313
29760.0,36,3,149
29762.5,11,19,336
29765.0,-9,-8,311
29767.5,60,16,358
29770.0,-39,-68,197
29772.5,-46,-43,317
29775.0,-17,-44,321
29777.5,-23,18,247
29780.0,44,17,284
29782.5,-2,-20,335
29785.0,-2,-20,335
29787.5,3,34,360
29790.0,50,-43,294
29792.5,-43,-22,308
29795.0,-18,-51,348
29797.5,-5,33,260
29800.0,21,6,278
29802.5,-4,-10,316
29805.0,-7,5,292
29807.5,51,-36,337
29810.0,22,44,245
29812.5,-21,-16,305
29815.0,68,-7,151
29817.5,26,21,240
29820.0,-11,-7,350
29822.5,-6,-48,451
29825.0,-9,-29,352
29827.5,-35,-44,352
29830.0,2,-1,319
29832.5,-24,-6,290
29835.0,-24,-6,290
29837.5,-33,-14,281
29840.0,-9,-13,264
29842.5,-20,18,293
29845.0,-52,7,287
29847.5,-29,34,314
29850.0,31,9,286
29852.5,-8,-36,243
29855.0,-41,-20,337
29857.5,17,-25,237
29860.0,11,-19,364
29862.5,-23,-24,296
29865.0,-11,1,322
29867.5,14,-20,312
29870.0,45,2,265
29872.5,45,43,321
29875.0,19,11,300
29877.5,45,11,279
29880.0,-17,10,298
29882.5,-17,10,298
29885.0,-36,-33,342
29887.5,153,-15,318
29890.0,-89,-19,365
29892.5,8,24,203
29895.0,-33,3,285
29897.5,9,-15,330
29900.0,31,13,293
29902.5,11,-5,306
29905.0,21,-6,309
29907.5,58,19,282
29910.0,-13,-6,322
29912.5,24,-35,280
29915.0,-3,4,294
29917.5,-33,9,298
29920.0,25,-8,329
29922.5,16,-17,349
29925.0,-47,-52,468
29927.5,-23,-18,338
29930.0,-38,-13,321
29932.5,-38,-13,321
29935.0,82,-2,248
29937.5,10,-3,303
29940.0,20,1,373
29942.5,78,22,230
29945.0,-52,10,321
29947.5,70,-15,241
29950.0,16,-31,300
29952.5,8,-34,333
29955.0,-25,-10,273
29957.5,-13,-12,327
29960.0,49,33,347
29962.5,-50,-33,317
29965.0,-35,-36,347
29967.5,37,-7,243
29970.0,70,35,271
29972.5,-32,-9,296
29975.0,30,39,314
29977.5,10,-48,314
29980.0,-51,-37,406
29982.5,-51,-37,406
29985.0,11,-13,271
29987.5,-8,-6,333
29990.0,46,-5,212
29992.5,-17,-1,228
29995.0,10,-40,294
29997.5,36,-7,306
30000.0,43,8,311
30002.5,-18,-12,310
30005.0,33,-33,246
30007.5,-39,-26,362
30010.0,-21,-52,323
30012.5,17,-37,251
30015.0,28,-12,311
30017.5,65,12,306
30020.0,-81,-23,216
30022.5,28,-38,283
30025.0,42,-16,207
30027.5,14,-13,347
30030.0,-10,-21,249
30032.5,-10,-21,249
30035.0,19,-37,312
30037.5,50,-17,307
30040.0,59,20,246
30042.5,8,-17,359
30045.0,17,-10,312
30047.5,45,-18,296
30050.0,-10,20,325
30052.5,30,-21,335
30055.0,45,15,288
30057.5,25,-33,306
30060.0,19,-6,300
30062.5,-17,-25,345
30065.0,-29,-9,337
30067.5,53,31,258
30070.0,-6,-52,398
30072.5,25,-9,262
30075.0,16,14,299
30077.5,-6,25,315
30080.0,56,20,300
30082.5,56,20,300
30085.0,18,-29,326
30087.5,18,-3,328
30090.0,65,8,259
30092.5,-9,3,292
30095.0,-1,-14,238
30097.5,-21,32,281
30100.0,-61,-6,327
30102.5,8,-6,293
30105.0,17,-29,329
30107.5,38,-45,354
30110.0,55,-26,290
30112.5,-20,-34,323
30115.0,-5,24,240
30117.5,54,-23,325
30120.0,2,-51,365
30122.5,-35,11,317
30125.0,6,-40,432
30127.5,9,-24,411
30130.0,23,5,263
30132.5,23,5,263
30135.0,42,-30,268
30137.5,7,-53,270
30140.0,5,-5,340
30142.5,45,16,309
30145.0,43,-3,340
30147.5,-37,-12,334
30150.0,25,-40,268
30152.5,25,-44,264
30155.0,-20,4,367
30157.5,25,-2,256
30160.0,4,-23,349
30162.5,-13,-43,296
30165.0,33,4,346
30167.5,83,17,338
30170.0,-14,-26,308
30172.5,66,18,250
30175.0,-17,-16,328
30177.5,21,13,306
30180.0,-15,24,247
30182.5,-15,24,247
30185.0,84,-53,373
30187.5,17,7,211
30190.0,13,-7,369
30192.5,22,23,259
30195.0,-38,-35,333
30197.5,-5,-6,354
30200.0,8,-35,403
30202.5,7,-15,322
30205.0,-7,-8,297
30207.5,113,36,264
30210.0,17,4,302
30212.5,38,-37,251
30215.0,7,13,240
30217.5,-25,1,292
30220.0,18,-34,340
30222.5,9,-28,330
30225.0,69,34,316
30227.5,2,-56,233
30230.0,-23,-37,378
30232.5,-23,-37,378
30235.0,-23,-10,275
30237.5,-41,-34,319
30240.0,0,-1,353
30242.5,35,-24,291
30245.0,25,4,342
30247.5,2,15,269
30250.0,-3,-6,274
30252.5,-6,2,325
30255.0,16,15,273
30257.5,-4,7,351
30260.0,24,-44,369
30262.5,-48,-67,349
30265.0,-21,-31,381
30267.5,6,-53,249
30270.0,-121,-75,294
30272.5,-49,-22,345
30275.0,56,24,327
30277.5,42,8,322
30280.0,-38,1,324
30282.5,-38,1,324
30285.0,45,0,263
30287.5,7,-3,292
30290.0,-35,-7,211
30292.5,11,-17,232
30295.0,103,44,355
30297.5,3,8,367
30300.0,-44,-14,282
30302.5,-1,-10,290
30305.0,18,-10,272
30307.5,-37,-40,364
30310.0,7,8,258
30312.5,-26,19,304
30315.0,-69,-91,394
30317.5,108,-9,363
30320.0,-41,-57,318
30322.5,23,-9,283
30325.0,4,-25,225
30327.5,21,7,327
30330.0,21,7,327
30332.5,15,-42,280
30335.0,-44,-58,327
30337.5,-36,-42,310
30340.0,81,31,233
30342.5,-30,-17,338
30345.0,-94,7,283
30347.5,6,-3,342
30350.0,-35,-2,303
30352.5,6,24,267
30355.0,2,-59,333
30357.5,3,-27,336
30360.0,79,13,274
30362.5,44,-45,367
30365.0,67,-11,225
30367.5,-18,-4,267
30370.0,-6,25,369
30372.5,13,18,308
30375.0,46,19,300
30377.5,16,13,308
30380.0,16,13,308
30382.5,75,-9,239
30385.0,24,18,319
30387.5,44,0,259
30390.0,3,2,284
30392.5,15,0,325
30395.0,-6,-22,302
30397.5,52,0,318
30400.0,-18,-25,349
30402.5,15,9,279
30405.0,23,-12,295
30407.5,25,16,251
30410.0,42,-30,276
30412.5,-28,-5,309
30415.0,21,-10,279
30417.5,-28,8,342
30420.0,27,24,317
30422.5,3,3,276
30425.0,2,-57,368
30427.5,-24,-22,261
30430.0,-24,-22,261
30432.5,8,-35,290
30435.0,-7,12,283
30437.5,30,-15,322
30440.0,-20,1,381
30442.5,-6,-7,315
30445.0,45,-3,260
30447.5,-72,-30,308
30450.0,14,-24,248
30452.5,41,-17,307
30455.0,-25,15,324
30457.5,-19,29,252
30460.0,1,-7,320
30462.5,54,13,314
30465.0,-14,1,292
30467.5,-35,-30,352
30470.0,48,-34,235
30472.5,-20,2,257
30475.0,-26,-10,298
30477.5,39,8,305
30480.0,39,8,305
30482.5,11,6,359
30485.0,-28,-31,426
30487.5,22,-38,214
30490.0,-50,-79,247
30492.5,92,57,146
30495.0,-51,-18,230
30497.5,-9,-14,368
30500.0,21,4,370
30502.5,5,-12,337
30505.0,-26,-45,316
30507.5,-29,-57,461
30510.0,-54,-13,353
30512.5,-66,-75,233
30515.0,40,-19,270
30517.5,37,-6,378
30520.0,37,-9,297
30522.5,2,-57,420
30525.0,11,-16,281
30527.5,7,37,250
30530.0,7,37,250
30532.5,17,5,302
30535.0,35,29,266
30537.5,-35,-9,352
30540.0,-40,-34,293
30542.5,-37,-38,400
30545.0,-6,-2,308
30547.5,-53,-24,313
30550.0,26,-41,255
30552.5,5,19,337
30555.0,47,27,264
30557.5,11,36,224
30560.0,-48,-19,367
30562.5,-11,26,258
30565.0,-55,-54,339
30567.5,17,6,279
30570.0,24,16,284
30572.5,4,-29,312
30575.0,-2,14,279
30577.5,-6,-35,323
30580.0,-6,-35,323
30582.5,25,-18,323
30585.0,15,6,263
30587.5,-26,-31,362
30590.0,17,-14,253
30592.5,-30,-35,289
30595.0,24,-2,295
30597.5,33,-11,320
30600.0,-37,-17,328
30602.5,62,-8,296
30605.0,-13,-24,282
30607.5,18,-19,333
30610.0,6,28,243
30612.5,15,5,310
30615.0,12,-2,308
30617.5,13,21,301
30620.0,-27,-19,359
30622.5,-1,0,332
30625.0,63,-7,270
30627.5,-2,-17,329
30630.0,-2,-17,329
30632.5,48,-1,273
30635.0,21,57,261
30637.5,-9,-16,329
30640.0,7,-32,301
30642.5,41,-42,374
30645.0,12,8,221
30647.5,17,-17,278
30650.0,44,-7,293
30652.5,-14,-9,282
30655.0,40,15,339
30657.5,-33,-85,295
30660.0,51,6,368
30662.5,-20,11,375
30665.0,13,-34,288
30667.5,16,-15,274
30670.0,38,6,343
30672.5,67,18,322
30675.0,66,1,268
30677.5,28,31,296
30680.0,28,31,296
30682.5,34,50,220
30685.0,-19,-39,321
30687.5,62,1,283
30690.0,15,21,191
30692.5,42,13,317
30695.0,69,1,317
30697.5,78,26,304
30700.0,10,16,255
30702.5,24,18,213
30705.0,7,-15,292
30707.5,76,-4,285
30710.0,19,39,292
30712.5,-36,22,280
30715.0,-39,2,273
30717.5,45,-2,311
30720.0,55,32,310
30722.5,53,15,236
30725.0,-15,-55,343
30727.5,45,-1,240
30730.0,45,-1,240
30732.5,-39,-41,368
30735.0,-49,18,338
30737.5,0,5,274
30740.0,-12,-45,381
30742.5,107,16,268
30745.0,47,-8,286
30747.5,15,-14,324
30750.0,43,-19,319
30752.5,1,33,290
30755.0,-36,32,307
30757.5,111,-4,279
30760.0,-11,-76,401
30762.5,-1,-21,292
30765.0,58,-3,244
30767.5,-9,-19,356
30770.0,-27,9,274
30772.5,15,39,323
30775.0,-7,22,359
30777.5,51,1,303
30780.0,51,1,303
30782.5,-17,-22,300
30785.0,37,4,303
30787.5,56,20,232
30790.0,-14,-37,309
30792.5,48,-17,282
30795.0,0,-54,324
30797.5,-10,-19,395
30800.0,29,3,295
30802.5,-19,-9,333
30805.0,21,14,241
30807.5,51,10,246
30810.0,-46,-13,334
30812.5,45,-26,258
30815.0,30,7,266
30817.5,6,-23,342
30820.0,70,-1,307
30822.5,3,-16,355
30825.0,38,-16,299
30827.5,47,-6,264
30830.0,47,-6,264
30832.5,-68,-63,321
30835.0,46,46,237
30837.5,26,13,297
30840.0,3,-50,387
30842.5,30,-30,326
30845.0,0,-33,389
30847.5,21,-6,305
30850.0,50,-36,323
30852.5,11,-11,291
30855.0,-1,25,322
30857.5,13,-30,325
30860.0,18,-5,395
30862.5,35,-5,325
30865.0,4,-9,427
30867.5,-50,-23,290
30870.0,64,1,269
30872.5,39,18,316
30875.0,-57,10,295
30877.5,19,12,248
30880.0,19,12,248
30882.5,-24,-25,364
30885.0,8,-9,272
30887.5,-37,-48,360
30890.0,27,-24,235
30892.5,59,3,276
30895.0,44,25,284
30897.5,16,33,326
30900.0,16,-16,389
30902.5,-21,12,287
30905.0,32,90,365
30907.5,51,31,332
30910.0,29,-26,287
30912.5,65,-9,252
30915.0,-5,3,313
30917.5,4,-3,238
30920.0,-63,-29,307
30922.5,6,-47,362
30925.0,81,34,303
30927.5,-32,-42,312
30930.0,-32,-42,312
30932.5,27,3,275
30935.0,5,15,302
30937.5,57,-10,238
30940.0,12,-10,338
30942.5,32,-11,269
30945.0,56,-4,355
30947.5,51,8,244
30950.0,-27,-38,348
30952.5,86,31,236
30955.0,-25,-61,264
30957.5,-5,-17,327
30960.0,31,-42,297
30962.5,37,-1,341
30965.0,101,41,251
30967.5,72,18,294
30970.0,5,-17,317
30972.5,36,-21,278
30975.0,-15,-32,277
30977.5,-15,-32,277
30980.0,-12,8,353
30982.5,22,-12,298
30985.0,32,-23,361
30987.5,35,-13,253
30990.0,27,11,267
30992.5,-23,-26,320
30995.0,0,-11,304
30997.5,-34,-12,294
31000.0,73,3,347
31002.5,1,-20,293
31005.0,-23,-32,348
31007.5,13,9,246
31010.0,3,-8,247
31012.5,38,12,299
31015.0,46,0,327
31017.5,-58,-27,301
31020.0,3,0,338
31022.5,5,12,260
31025.0,33,13,236
31027.5,33,13,236
31030.0,-9,-20,273
31032.5,-83,24,342
31035.0,-13,11,312
31037.5,3,-2,262
31040.0,39,2,337
31042.5,35,-29,379
31045.0,-9,-55,286
31047.5,2,-2,261
31050.0,-31,-12,225
31052.5,40,33,275
31055.0,45,-42,362
31057.5,-16,-23,265
31060.0,-22,-23,368
31062.5,47,-14,302
31065.0,111,35,246
31067.5,-37,7,246
31070.0,53,16,312
31072.5,-49,0,288
31075.0,-2,-16,354
31077.5,-2,-16,354
31080.0,86,22,331
31082.5,47,-10,366
31085.0,46,29,235
31087.5,80,51,196
31090.0,-19,-5,315
31092.5,17,-18,264
31095.0,-35,-13,292
31097.5,90,32,363
31100.0,76,-17,314
31102.5,4,11,302
31105.0,-23,-41,259
31107.5,71,12,266
31110.0,-12,38,255
31112.5,83,34,190
31115.0,11,12,276
31117.5,-75,-18,358
31120.0,4,-22,285
31122.5,16,-41,349
31125.0,82,4,318
31127.5,82,4,318
31130.0,-43,-18,300
31132.5,-30,-16,264
31135.0,55,31,273
31137.5,44,23,328
31140.0,32,-23,340
31142.5,-74,-17,293
31145.0,-19,-60,314
31147.5,-20,-18,272
31150.0,-31,-45,279
31152.5,-42,-30,282
31155.0,-7,23,357
31157.5,-3,-25,337
31160.0,20,18,340
31162.5,-5,-12,300
31165.0,3,-28,381
31167.5,-30,-23,278
31170.0,-87,-1,272
31172.5,9,13,304
31175.0,13,-25,303
31177.5,13,-25,303
31180.0,16,-10,285
31182.5,11,-6,320
31185.0,-50,-13,332
31187.5,-43,-40,393
31190.0,13,-49,291
31192.5,56,37,306
31195.0,-21,-60,300
31197.5,10,-7,271
31200.0,-18,-8,322
31202.5,6,-42,378
31205.0,-17,-18,289
31207.5,-32,-28,334
31210.0,43,22,249
31212.5,59,-10,230
31215.0,6,-3,287
31217.5,41,-20,273
31220.0,-25,-43,262
31222.5,172,41,376
31225.0,21,4,368
31227.5,21,4,368
31230.0,24,-30,438
31232.5,9,-19,343
31235.0,53,28,294
31237.5,21,-2,245
31240.0,9,-12,330
31242.5,32,42,160
31245.0,-112,-55,295
31247.5,51,12,354
31250.0,-3,22,302
31252.5,3,-52,228
31255.0,68,-49,292
31257.5,80,40,239
31260.0,91,6,283
31262.5,-63,-43,317
31265.0,26,1,372
31267.5,46,0,308
31270.0,-34,-26,322
31272.5,32,9,256
31275.0,13,-11,246
31277.5,13,-11,246
31280.0,-40,-9,358
31282.5,-15,33,289
31285.0,-46,5,341
31287.5,-3,-18,295
31290.0,26,-13,386
31292.5,7,-16,359
31295.0,53,-22,242
31297.5,-2,9,229
31300.0,1,9,365
31302.5,2,7,364
31305.0,44,-1,293
31307.5,30,-5,264
31310.0,-4,-22,230
31312.5,16,-28,303
31315.0,16,-11,247
31317.5,-27,-34,345
31320.0,9,4,359
31322.5,56,-9,353
31325.0,-11,-28,316
31327.5,-11,-28,316
31330.0,30,-39,277
31332.5,7,-4,329
31335.0,-15,-49,254
31337.5,27,18,296
31340.0,-22,-14,332
31342.5,49,-10,357
31345.0,36,-5,297
31347.5,2,14,362
31350.0,40,6,265
31352.5,19,-18,265
31355.0,0,-6,308
31357.5,27,-4,322
31360.0,-45,-30,325
31362.5,11,-4,288
31365.0,49,1,229
31367.5,8,-14,336
31370.0,28,16,270
31372.5,47,21,283
31375.0,-46,-55,335
31377.5,-46,-55,335
31380.0,-14,5,320
31382.5,-26,-8,331
31385.0,77,-10,335
31387.5,5,-34,301
31390.0,-37,-30,326
31392.5,-18,-10,276
31395.0,-12,25,261
31397.5,-60,-42,332
31400.0,75,0,370
31402.5,30,7,325
31405.0,-3,-1,280
31407.5,-24,-25,231
31410.0,-30,-11,368
31412.5,17,16,266
31415.0,33,-28,317
31417.5,-79,-33,335
31420.0,3,-2,265
31422.5,-44,-18,359
31425.0,3,29,243
31427.5,3,29,243
31430.0,23,-27,311
31432.5,-43,-6,316
31435.0,19,0,293
31437.5,12,-28,335
31440.0,29,-9,350
31442.5,-4,2,294
31445.0,-15,-41,416
31447.5,-1,48,193
31450.0,66,12,236
31452.5,39,4,280
31455.0,54,12,281
31457.5,11,-62,317
31460.0,-1,14,353
31462.5,-20,9,272
31465.0,72,-28,401
31467.5,39,-34,341
31470.0,16,-39,313
31472.5,25,-16,314
31475.0,24,4,283
31477.5,24,4,283
31480.0,45,-85,296
31482.5,43,-4,325
31485.0,49,4,260
31487.5,-79,-19,331
31490.0,68,1,292
31492.5,3,28,316
31495.0,-4,-8,336
31497.5,-1,-25,313
31500.0,24,-21,332
31502.5,-2,-1,320
31505.0,2,-24,251
31507.5,35,-26,284
31510.0,-64,-25,269
31512.5,21,-4,305
31515.0,-19,-7,286
31517.5,61,36,295
31520.0,-78,7,288
31522.5,-9,1,324
31525.0,-9,1,324
31527.5,-26,-33,250
31530.0,3,-29,344
31532.5,53,-31,236
31535.0,18,-1,319
31537.5,-4,-13,325
31540.0,-11,20,363
31542.5,30,-12,339
31545.0,-34,-23,317
31547.5,1,-46,239
31550.0,-28,-16,317
31552.5,39,-19,248
31555.0,3,-33,261
31557.5,2,32,287
31560.0,46,0,277
31562.5,14,-13,296
31565.0,-22,-11,318
31567.5,24,9,302
31570.0,-2,-39,377
31572.5,-44,-19,239
31575.0,-44,-19,239
31577.5,-7,3,313
31580.0,-20,-8,312
31582.5,34,9,294
31585.0,0,25,315
31587.5,-10,15,352
31590.0,32,-17,272
31592.5,-92,-45,331
31595.0,-24,19,254
31597.5,53,2,347
31600.0,51,20,263
31602.5,29,4,319
31605.0,46,9,300
31607.5,139,61,322
31610.0,64,7,164
31612.5,-62,-65,294
31615.0,23,-16,257
31617.5,46,-38,319
31620.0,-3,-27,363
31622.5,56,1,308
31625.0,56,1,308
31627.5,42,-19,374
31630.0,12,-44,322
31632.5,54,-13,290
31635.0,13,-44,317
31637.5,40,27,279
31640.0,22,12,284
31642.5,-8,0,353
31645.0,34,-3,237
31647.5,14,15,346
31650.0,57,0,234
31652.5,39,-30,270
31655.0,46,-14,305
31657.5,-44,-54,292
31660.0,11,-1,348
31662.5,9,-47,355
31665.0,63,27,406
31667.5,-29,5,336
31670.0,-17,-43,286
31672.5,-15,-2,319
31675.0,-15,-2,319
31677.5,-37,-8,297
31680.0,14,-14,298
31682.5,14,24,303
31685.0,16,-9,282
31687.5,-6,-21,235
31690.0,-32,-25,372
31692.5,37,-20,206
31695.0,-1,-15,292
31697.5,2,-5,283
31700.0,-13,-11,338
31702.5,-3,-11,311
31705.0,-18,-36,362
31707.5,22,-16,307
31710.0,-1,5,383
31712.5,11,-5,266
31715.0,-14,-33,287
31717.5,-46,-25,374
31720.0,-9,-7,310
31722.5,5,-32,337
31725.0,5,-32,337
31727.5,-49,-50,330
31730.0,60,8,265
31732.5,-25,-21,346
31735.0,49,21,242
31737.5,19,7,339
31740.0,8,-9,369
31742.5,46,21,316
31745.0,-62,-21,334
31747.5,32,-1,274
31750.0,-32,-45,233
31752.5,29,4,310
31755.0,85,27,263
31757.5,24,12,290
31760.0,-85,-55,232
31762.5,-89,-80,286
31765.0,1,-47,387
31767.5,44,-16,305
31770.0,-1,-18,166
31772.5,-19,-23,290
31775.0,-19,-23,290
31777.5,22,-8,321
31780.0,24,-5,339
31782.5,81,15,299
31785.0,48,1,290
31787.5,-14,-3,428
31790.0,50,-7,268
31792.5,-40,-2,237
31795.0,7,-10,330
31797.5,22,21,330
31800.0,-40,-36,300
31802.5,68,-23,346
31805.0,18,-6,240
31807.5,-4,0,288
31810.0,83,36,266
31812.5,-9,0,326
31815.0,25,-12,337
31817.5,87,78,261
31820.0,88,-38,339
31822.5,48,13,288
31825.0,48,13,288
31827.5,32,-35,252
31830.0,-41,-31,354
31832.5,-31,53,274
31835.0,-9,15,344
31837.5,-37,-5,337
31840.0,25,-31,350
31842.5,-33,-52,321
31845.0,3,-14,334
31847.5,42,-9,243
31850.0,-2,47,336
31852.5,1,-3,229
31855.0,6,3,266
31857.5,16,-5,296
31860.0,-23,-15,322
31862.5,-7,2,328
31865.0,42,-1,358
31867.5,-1,-16,225
31870.0,-8,-38,355
31872.5,66,-4,266
31875.0,66,-4,266
31877.5,-33,-28,269
31880.0,-4,-1,350
31882.5,-31,-24,336
31885.0,17,-24,396
31887.5,43,-9,334
31890.0,149,25,281
31892.5,82,11,316
31895.0,47,-2,230
31897.5,-2,-29,291
31900.0,22,-24,331
31902.5,9,-6,284
31905.0,49,6,316
31907.5,3,-44,314
31910.0,26,-17,263
31912.5,-3,-25,352
31915.0,41,24,251
31917.5,-1,-4,278
31920.0,17,7,329
31922.5,-2,-1,322
31925.0,-2,-1,322
31927.5,-49,-35,357
31930.0,-24,1,339
31932.5,-14,-33,267
31935.0,-23,-5,322
31937.5,11,27,258
31940.0,-49,-12,282
31942.5,25,4,335
31945.0,-3,-5,319
31947.5,-76,-65,326
31950.0,33,3,305
31952.5,-43,-65,292
31955.0,-5,-4,356
31957.5,97,-37,199
31960.0,39,-49,292
31962.5,-65,-38,358
31965.0,4,7,336
31967.5,17,-17,332
31970.0,8,-10,304
31972.5,97,28,187
31975.0,97,28,187
31977.5,-29,-23,323
31980.0,156,27,191
31982.5,-13,-22,268
31985.0,-51,-1,429
31987.5,8,15,284
31990.0,34,3,383
31992.5,28,-10,255
31995.0,107,-12,295
31997.5,40,1,270
32000.0,-46,-38,329
32002.5,-2,4,297
32005.0,-35,-6,342
32007.5,-36,19,257
32010.0,-86,-44,432
32012.5,17,-40,315
32015.0,67,8,258
32017.5,12,-21,243
32020.0,-3,-14,274
32022.5,-9,-52,416
32025.0,-9,-52,416
32027.5,63,82,265
32030.0,15,-6,398
32032.5,8,-25,373
32035.0,-7,26,186
32037.5,15,5,265
32040.0,7,26,315
32042.5,11,5,316
32045.0,-12,-32,313
32047.5,34,13,322
32050.0,8,-14,332
32052.5,-46,-28,360
32055.0,42,-24,253
32057.5,-37,0,260
32060.0,-4,17,304
32062.5,39,-7,325
32065.0,-14,9,326
32067.5,-11,-10,349
32070.0,51,37,258
32072.5,51,37,258
32075.0,-3,-18,340
32077.5,41,-3,279
32080.0,41,-9,293
32082.5,-2,-19,337
32085.0,-16,-5,322
32087.5,-14,-8,332
32090.0,-16,-35,294
32092.5,56,24,244
32095.0,-8,-27,304
32097.5,21,10,281
32100.0,-16,3,284
32102.5,4,13,307
32105.0,37,-14,306
32107.5,-14,2,326
32110.0,22,-25,278
32112.5,8,-21,249
32115.0,47,20,274
32117.5,-1,-21,310
32120.0,-12,-31,313
32122.5,-12,-31,313
32125.0,73,6,330
32127.5,18,-18,349
32130.0,-44,-46,394
32132.5,196,126,240
32135.0,-157,-106,387
32137.5,20,10,361
32140.0,11,-25,303
32142.5,11,-13,357
32145.0,-10,-34,361
32147.5,-24,12,234
32150.0,3,-1,301
32152.5,26,-29,242
32155.0,-40,-11,330
32157.5,-32,-5,320
32160.0,6,3,338
32162.5,-10,-37,339
32165.0,61,57,298
32167.5,-10,-21,222
32170.0,-11,12,314
32172.5,-11,12,314
32175.0,32,-4,322
32177.5,52,18,279
32180.0,-13,-40,351
32182.5,13,-11,301
32185.0,-92,-93,357
32187.5,0,35,336
32190.0,-26,-29,277
32192.5,26,-12,285
32195.0,78,47,286
32197.5,-5,18,301
32200.0,79,-15,319
32202.5,77,-38,271
32205.0,18,-33,323
32207.5,17,10,269
32210.0,81,3,270
32212.5,-54,-16,302
32215.0,27,8,317
32217.5,-45,-19,303
32220.0,-48,-3,336
32222.5,-48,-3,336
32225.0,90,25,294
32227.5,-29,-59,348
32230.0,9,42,234
32232.5,65,-23,309
32235.0,-49,-43,344
32237.5,55,0,281
32240.0,-3,-7,288
32242.5,-53,-6,321
32245.0,3,15,276
32247.5,22,-32,365
32250.0,27,-47,253
32252.5,51,-30,302
32255.0,-15,-3,311
32257.5,11,20,289
32260.0,76,6,362
32262.5,-31,-20,349
32265.0,16,19,279
32267.5,-32,-26,330
32270.0,-2,4,282
32272.5,-2,4,282
32275.0,6,-14,253
32277.5,34,35,307
32280.0,16,18,302
32282.5,-6,-51,339
32285.0,-43,-1,332
32287.5,3,-1,306
32290.0,21,-11,353
32292.5,70,21,248
32295.0,20,0,241
32297.5,13,-37,320
32300.0,11,17,273
32302.5,8,-1,284
32305.0,2,-16,339
32307.5,66,-16,306
32310.0,39,5,329
32312.5,40,1,263
32315.0,30,-6,254
32317.5,-7,10,308
32320.0,33,22,275
32322.5,33,22,275
32325.0,-20,-11,300
32327.5,-25,-13,368
32330.0,47,-51,272
32332.5,-20,-57,272
32335.0,69,-48,433
32337.5,10,-30,231
32340.0,-23,-19,259
32342.5,45,20,183
32345.0,13,-18,317
32347.5,-66,-47,317
32350.0,-17,15,266
32352.5,68,-18,395
32355.0,-12,-35,236
32357.5,68,32,252
32360.0,-22,-29,330
32362.5,46,-2,355
32365.0,35,17,290
32367.5,-20,1,375
32370.0,-16,0,216
32372.5,-16,0,216
32375.0,-83,-51,387
32377.5,41,4,252
32380.0,-36,-30,306
32382.5,-5,-9,326
32385.0,49,29,294
32387.5,-16,-34,316
32390.0,-41,-32,315
32392.5,23,-21,402
32395.0,14,-32,289
32397.5,-18,16,208
32400.0,-9,-36,247
32402.5,-30,0,350
32405.0,7,3,323
32407.5,30,-1,363
32410.0,2,-62,347
32412.5,-38,-14,298
32415.0,-67,-22,308
32417.5,40,11,242
32420.0,8,-24,377
32422.5,8,-24,377
32425.0,16,-41,362
32427.5,37,18,294
32430.0,-2,-50,344
32432.5,30,-4,370
32435.0,4,2,284
32437.5,11,-10,274
32440.0,26,-12,266
32442.5,-13,25,316
32445.0,-19,0,329
32447.5,7,-26,303
32450.0,-18,-7,372
32452.5,-1,-15,290
32455.0,-2,-5,308
32457.5,-17,-17,322
32460.0,59,25,281
32462.5,12,-14,287
32465.0,42,-5,364
32467.5,56,-32,255
32470.0,-18,-39,359
32472.5,-18,-39,359
32475.0,-13,-28,246
32477.5,7,34,248
32480.0,-5,-13,299
32482.5,50,27,292
32485.0,44,24,274
32487.5,-22,-19,328
32490.0,-29,-28,275
32492.5,-73,-53,347
32495.0,0,16,241
32497.5,11,10,281
32500.0,11,-15,344
32502.5,34,28,387
32505.0,28,-1,337
32507.5,6,-40,346
32510.0,38,-18,180
32512.5,-18,-9,324
32515.0,70,-4,287
32517.5,31,50,368
32520.0,-8,-28,355
32522.5,-8,-28,355
32525.0,31,46,351
32527.5,-46,-3,432
32530.0,13,-60,231
32532.5,54,8,199
32535.0,7,21,315
32537.5,30,36,278
32540.0,92,36,328
32542.5,31,-4,358
32545.0,19,-2,273
32547.5,-12,-33,368
32550.0,-50,-34,250
32552.5,15,0,260
32555.0,9,-88,280
32557.5,51,-16,294
32560.0,7,-30,296
32562.5,-1,-22,355
32565.0,-8,-43,332
32567.5,9,-12,387
32570.0,-2,-11,274
32572.5,-2,-11,274
32575.0,69,13,226
32577.5,-5,-39,321
32580.0,4,5,331
32582.5,-53,-50,313
32585.0,-19,-31,287
32587.5,30,51,230
32590.0,45,-18,337
32592.5,40,-1,262
32595.0,48,25,293
32597.5,-51,-18,288
32600.0,-15,-34,306
32602.5,56,46,291
32605.0,57,-15,339
32607.5,69,28,254
32610.0,-31,-22,323
32612.5,-28,11,251
32615.0,-36,-58,278
32617.5,-3,-14,300
32620.0,2,22,269
32622.5,2,22,269
32625.0,-22,-2,311
32627.5,-11,-47,329
32630.0,20,-25,270
32632.5,-10,-41,407
32635.0,22,-22,272
32637.5,17,28,276
32640.0,6,-5,283
32642.5,45,30,305
32645.0,-34,-16,294
32647.5,52,-26,374
32650.0,51,-27,244
32652.5,28,19,326
32655.0,50,-32,235
32657.5,107,3,293
32660.0,34,0,261
32662.5,8,-16,288
32665.0,-39,-15,316
32667.5,10,-34,355
32670.0,10,-34,355
32672.5,-5,-8,322
32675.0,-63,-26,338
32677.5,5,2,259
32680.0,5,16,259
32682.5,-10,-21,301
32685.0,28,1,294
32687.5,15,2,343
32690.0,46,13,345
32692.5,54,-18,263
32695.0,1,0,338
32697.5,96,40,200
32700.0,94,44,150
32702.5,-3,-19,320
32705.0,-32,-5,336
32707.5,-61,-38,314
32710.0,60,2,303
32712.5,21,-33,330
32715.0,-84,-75,511
32717.5,90,10,246
32720.0,90,10,246
32722.5,37,8,255
32725.0,-1,5,301
32727.5,-5,-47,354
32730.0,12,-30,281
32732.5,68,45,262
32735.0,41,-27,256
32737.5,3,2,332
32740.0,39,-11,220
32742.5,45,27,292
32745.0,-18,1,302
32747.5,4,8,397
32750.0,7,-5,375
32752.5,-7,-16,322
32755.0,12,-67,261
32757.5,-19,-10,319
32760.0,33,19,242
32762.5,-7,-14,257
32765.0,-6,-43,348
32767.5,76,26,294
32770.0,76,26,294
32772.5,-36,-37,387
32775.0,21,-8,285
32777.5,-51,-32,269
32780.0,33,-19,298
32782.5,24,18,271
32785.0,7,11,318
32787.5,14,-6,315
32790.0,55,-17,260
32792.5,42,-39,298
32795.0,21,2,281
32797.5,59,-13,243
32800.0,19,1,319
32802.5,-9,37,278
32805.0,27,-2,321
32807.5,-27,-12,359
32810.0,36,7,307
32812.5,-20,-33,335
32815.0,32,-22,241
32817.5,17,39,292
32820.0,17,39,292
32822.5,-6,-19,269
32825.0,45,26,324
32827.5,-36,-28,299
32830.0,0,21,344
32832.5,49,7,230
32835.0,-65,-56,315
32837.5,62,26,259
32840.0,-16,-42,283
32842.5,-32,-24,311
32845.0,-31,-1,264
32847.5,36,-1,341
32850.0,29,19,311
32852.5,63,-20,284
32855.0,16,-11,284
32857.5,43,-36,291
32860.0,-13,-14,309
32862.5,25,16,361
32865.0,90,22,312
32867.5,-28,10,312
32870.0,-28,10,312
32872.5,111,-1,343
32875.0,17,-5,311
32877.5,-43,-41,271
32880.0,43,3,267
32882.5,-13,-17,372
32885.0,-34,3,407
32887.5,-18,-1,300
32890.0,38,10,298
32892.5,42,-9,239
32895.0,28,13,258
32897.5,60,67,219
32900.0,-31,36,316
32902.5,-24,0,357
32905.0,-42,-12,351
32907.5,36,-61,267
32910.0,3,-26,346
32912.5,17,-6,249
32915.0,-15,-9,253
32917.5,-20,-30,331
32920.0,-20,-30,331
32922.5,110,44,312
32925.0,13,-14,309
32927.5,26,0,321
32930.0,84,14,263
32932.5,13,2,398
32935.0,105,31,231
32937.5,33,20,312
32940.0,-15,6,330
32942.5,-1,51,297
32945.0,-46,-45,345
32947.5,19,17,326
32950.0,128,27,214
32952.5,-89,-45,339
32955.0,37,17,274
32957.5,-4,14,253
32960.0,36,12,379
32962.5,18,16,344
32965.0,-13,-36,265
32967.5,47,26,275
32970.0,47,26,275
32972.5,-14,10,213
32975.0,-16,-53,342
32977.5,23,-38,265
32980.0,22,-20,298
32982.5,-40,15,339
32985.0,-8,-17,341
32987.5,-27,-28,298
32990.0,0,14,332
32992.5,28,0,254
32995.0,-33,-1,324
32997.5,82,24,287
33000.0,74,-38,294
33002.5,-7,20,314
33005.0,23,19,296
33007.5,-17,-23,325
33010.0,-21,-31,340
33012.5,-19,-48,275
33015.0,-42,-47,301
33017.5,26,-44,263
33020.0,26,-44,263
33022.5,35,26,261
33025.0,12,14,308
33027.5,37,18,290
33030.0,45,1,319
33032.5,-27,1,332
33035.0,46,15,296
33037.5,-29,-46,347
33040.0,62,6,234
33042.5,-59,6,239
33045.0,32,8,301
33047.5,1,17,306
33050.0,-2,10,311
33052.5,3,-16,349
33055.0,5,-21,299
33057.5,-66,-59,365
33060.0,17,-19,249
33062.5,-109,-27,274
33065.0,29,-12,382
33067.5,40,7,143
33070.0,40,7,143
33072.5,-15,-26,304
33075.0,11,31,369
33077.5,32,15,275
33080.0,50,-40,324
33082.5,36,-48,268
33085.0,15,-37,388
33087.5,64,2,202
33090.0,2,18,302
33092.5,15,-8,279
33095.0,6,-20,342
33097.5,77,-60,259
33100.0,29,-15,376
33102.5,91,43,247
33105.0,-8,-28,300
33107.5,-17,-24,331
33110.0,19,1,280
33112.5,40,-25,327
33115.0,21,30,273
33117.5,-9,-23,359
33120.0,-9,-23,359
33122.5,-43,-18,286
33125.0,35,21,337
33127.5,-3,10,296
33130.0,-7,-2,356
33132.5,26,1,292
33135.0,0,-26,345
33137.5,-18,-47,231
33140.0,51,-14,271
33142.5,56,24,345
33145.0,51,10,280
33147.5,22,-12,330
33150.0,8,-32,337
33152.5,3,-21,318
33155.0,-17,1,320
33157.5,48,2,318
33160.0,80,23,316
33162.5,-26,-21,317
33165.0,65,18,244
33167.5,40,26,277
33170.0,40,26,277
33172.5,-25,-31,294
33175.0,31,0,349
33177.5,26,-9,342
33180.0,17,36,231
33182.5,22,-3,302
33185.0,7,-20,284
33187.5,24,-7,319
33190.0,-40,-24,275
33192.5,42,-6,322
33195.0,29,-13,219
33197.5,5,-20,344
33200.0,43,-10,252
33202.5,-11,-6,284
33205.0,10,11,324
33207.5,32,-13,308
33210.0,-27,-17,338
33212.5,11,-35,339
33215.0,-8,-30,289
33217.5,-40,-43,344
33220.0,-40,-43,344
33222.5,9,13,277
33225.0,-39,-14,324
33227.5,-30,-12,303
33230.0,33,-12,318
33232.5,17,-25,346
33235.0,94,13,311
33237.5,61,6,264
33240.0,97,25,272
33242.5,109,26,207
33245.0,7,-9,286
33247.5,-83,20,294
33250.0,109,39,297
33252.5,-18,-9,417
33255.0,-24,-24,280
33257.5,10,10,318
33260.0,-9,14,370
33262.5,31,71,293
33265.0,-27,-45,280
33267.5,-27,-45,280
33270.0,8,-15,346
33272.5,56,0,271
33275.0,74,-20,347
33277.5,62,30,266
33280.0,-13,-35,306
33282.5,-22,-39,307
33285.0,-19,18,320
33287.5,42,-14,320
33290.0,-2,-45,398
33292.5,-29,-17,281
33295.0,15,-11,302
33297.5,70,58,233
33300.0,10,-15,246
33302.5,-8,-22,284
33305.0,48,-1,356
33307.5,18,-10,334
33310.0,5,-51,350
33312.5,17,12,263
33315.0,-35,-23,329
33317.5,-35,-23,329
33320.0,49,-49,251
33322.5,59,-20,306
33325.0,-1,-54,370
33327.5,21,-10,288
33330.0,-85,-20,302
33332.5,49,23,395
33335.0,15,-29,272
33337.5,-44,-6,329
33340.0,34,25,223
33342.5,82,16,261
33345.0,1,4,302
33347.5,4,0,316
33350.0,62,45,282
33352.5,30,-16,358
33355.0,95,9,285
33357.5,-6,-6,328
33360.0,6,4,245
33362.5,35,-14,307
33365.0,0,7,295
33367.5,0,7,295
33370.0,15,11,295
33372.5,38,35,313
33375.0,30,3,353
33377.5,15,19,265
33380.0,48,25,320
33382.5,22,-16,233
33385.0,21,0,258
33387.5,-24,-33,304
33390.0,77,-18,301
33392.5,-30,-32,329
33395.0,27,-14,348
33397.5,2,0,303
33400.0,0,-2,354
33402.5,4,-3,258
33405.0,68,9,275
33407.5,-47,-21,287
33410.0,20,-7,244
33412.5,11,-15,271
33415.0,-32,-4,318
33417.5,-32,-4,318
33420.0,19,23,323
33422.5,-49,-13,349
33425.0,-3,-20,263
33427.5,-37,-23,271
33430.0,39,-55,257
33432.5,-47,-1,321
33435.0,5,-9,378
33437.5,31,29,227
33440.0,-36,-56,402
33442.5,2,-17,387
33445.0,9,1,280
33447.5,7,-32,223
33450.0,11,10,315
33452.5,56,3,402
33455.0,82,-3,198
33457.5,-14,-20,336
33460.0,35,-2,302
33462.5,31,-25,335
33465.0,-13,-37,256
33467.5,-13,-37,256
33470.0,59,22,285
33472.5,-38,-37,334
33475.0,38,22,354
33477.5,8,-4,297
33480.0,4,25,339
33482.5,-10,-27,228
33485.0,63,-29,361
33487.5,14,-22,305
33490.0,-47,-9,244
33492.5,2,-9,414
33495.0,25,-13,292
33497.5,47,-26,354
33500.0,60,28,278
33502.5,63,-14,290
33505.0,-27,-27,327
33507.5,31,-39,240
33510.0,-30,-7,244
33512.5,-63,-31,344
33515.0,50,47,304
33517.5,50,47,304
33520.0,-28,-12,320
33522.5,38,3,321
33525.0,26,8,277
33527.5,-15,-8,302
33530.0,56,9,225
33532.5,7,18,288
33535.0,-33,-1,319
33537.5,43,32,336
33540.0,-20,9,323
33542.5,2,-26,347
33545.0,106,28,319
33547.5,-18,-30,334
33550.0,66,13,248
33552.5,5,-26,306
33555.0,-28,-21,300
33557.5,27,10,312
33560.0,36,-8,314
33562.5,5,15,310
33565.0,-14,-20,246
33567.5,-14,-20,246
33570.0,-76,-28,294
33572.5,-11,-15,259
33575.0,-44,3,301
33577.5,-16,-24,362
33580.0,66,10,321
33582.5,19,-1,361
33585.0,1,-33,298
33587.5,-8,-13,241
33590.0,-21,-9,300
33592.5,-17,-22,279
33595.0,-14,13,304
33597.5,-37,34,331
33600.0,8,46,300
33602.5,-60,-62,417
33605.0,-17,17,277
33607.5,28,29,305
33610.0,-52,-32,365
33612.5,8,14,341
33615.0,31,20,289
33617.5,31,20,289
33620.0,-28,3,333
33622.5,155,-24,301
33625.0,-4,16,351
33627.5,90,51,226
33630.0,18,-17,317
33632.5,-10,2,326
33635.0,32,-48,339
33637.5,26,-6,256
33640.0,-24,-6,339
33642.5,-41,-15,262
33645.0,-45,-3,339
33647.5,-74,-35,265
33650.0,-39,-19,296
33652.5,17,-2,293
33655.0,57,1,316
33657.5,59,7,369
33660.0,70,36,326
33662.5,68,37,260
33665.0,6,8,293
33667.5,6,8,293
33670.0,-8,-9,235
33672.5,-37,11,330
33675.0,-53,-17,412
33677.5,18,-28,294
33680.0,-30,-21,276
33682.5,-67,-31,326
33685.0,63,13,273
33687.5,-42,-10,309
33690.0,10,-49,233
33692.5,5,4,302
33695.0,-16,9,293
33697.5,53,7,279
33700.0,-2,-20,319
33702.5,6,20,258
33705.0,101,36,252
33707.5,-10,-11,338
33710.0,60,-13,270
33712.5,-12,-53,318
33715.0,-52,13,322
33717.5,-52,13,322
33720.0,-3,-3,309
33722.5,16,-22,341
33725.0,19,-48,304
33727.5,-18,-28,287
33730.0,-26,-10,338
33732.5,-10,-25,254
33735.0,76,3,267
33737.5,0,-18,281
33740.0,29,-29,337
33742.5,-7,-34,333
33745.0,-5,-57,350
33747.5,0,-30,336
33750.0,10,-8,375
33752.5,48,-39,286
33755.0,-17,-18,270
33757.5,-24,-8,347
33760.0,39,-33,331
33762.5,-19,-12,315
33765.0,-22,-44,358
33767.5,-22,-44,358
33770.0,76,19,307
33772.5,14,11,339
33775.0,77,22,218
33777.5,45,25,264
33780.0,39,-1,287
33782.5,9,3,238
33785.0,14,-15,331
33787.5,-7,-71,337
33790.0,-76,-10,293
33792.5,-10,11,341
33795.0,52,12,247
33797.5,70,29,247
33800.0,43,34,298
33802.5,62,14,237
33805.0,-8,12,266
33807.5,-6,-28,386
33810.0,22,14,361
33812.5,-46,-40,385
33815.0,72,12,177
33817.5,72,12,177
33820.0,9,27,253
33822.5,32,0,257
33825.0,-8,-32,365
33827.5,-48,-35,369
33830.0,13,-12,308
33832.5,53,2,253
33835.0,-1,-32,310
33837.5,-17,5,263
33840.0,-11,-16,240
33842.5,34,-25,357
33845.0,36,17,293
33847.5,-15,14,366
33850.0,-50,-49,248
33852.5,-11,-23,327
33855.0,-60,-23,317
33857.5,15,6,161
33860.0,-24,-39,323
33862.5,-5,-26,314
33865.0,4,20,389
33867.5,4,20,389
33870.0,63,-16,315
33872.5,-22,-8,380
33875.0,15,-15,243
33877.5,-72,-59,352
33880.0,5,37,236
33882.5,-91,-25,312
33885.0,-25,-32,348
33887.5,37,-24,351
33890.0,-9,-27,341
33892.5,29,-2,302
33895.0,81,22,341
33897.5,-27,-61,292
33900.0,11,-13,277
33902.5,-13,4,295
33905.0,-26,-32,377
33907.5,29,-30,355
33910.0,-58,-41,348
33912.5,5,-28,302
33915.0,39,36,245
33917.5,39,36,245
33920.0,-13,-39,318
33922.5,53,2,256
33925.0,37,7,292
33927.5,31,16,337
33930.0,-8,-27,326
33932.5,-10,-35,383
33935.0,-22,-53,281
33937.5,27,25,309
33940.0,-20,-13,296
33942.5,44,10,282
33945.0,-55,-19,313
33947.5,-22,-50,360
33950.0,14,13,312
33952.5,-7,-7,370
33955.0,32,37,198
33957.5,20,0,266
33960.0,50,30,281
33962.5,55,3,274
33965.0,-40,-21,289
33967.5,-40,-21,289
33970.0,-1,-7,303
33972.5,-47,-7,221
33975.0,-19,-50,383
33977.5,23,11,294
33980.0,-95,-83,353
33982.5,10,-18,292
33985.0,-22,-10,277
33987.5,39,-15,342
33990.0,20,-36,357
33992.5,24,19,248
33995.0,-2,-3,287
33997.5,62,40,244
34000.0,5,32,282
34002.5,-28,4,334
34005.0,27,-2,312
34007.5,-34,-21,305
34010.0,49,41,275
34012.5,-11,-59,219
34015.0,38,-20,264
34017.5,38,-20,264
34020.0,22,-15,266
34022.5,20,9,282
34025.0,2,-30,372
34027.5,-11,-31,325
34030.0,3,-7,335
34032.5,59,22,256
34035.0,-7,3,209
34037.5,-63,-52,305
34040.0,26,17,289
34042.5,-12,34,247
34045.0,25,42,349
34047.5,-24,-5,385
34050.0,36,-12,352
34052.5,24,12,291
34055.0,29,-18,254
34057.5,16,-27,296
34060.0,75,3,244
34062.5,16,-12,324
34065.0,6,-31,360
34067.5,6,-31,360
34070.0,29,-1,315
34072.5,-2,-53,324
34075.0,149,-21,360
34077.5,-11,-24,250
34080.0,19,-21,317
34082.5,52,-4,263
34085.0,-69,17,315
34087.5,-25,40,339
34090.0,8,-32,289
34092.5,42,-21,294
34095.0,66,-44,283
34097.5,19,-30,228
34100.0,-29,-1,345
34102.5,87,46,271
34105.0,-17,5,310
34107.5,-28,-3,307
34110.0,25,-6,326
34112.5,-28,-28,313
34115.0,47,27,309
34117.5,47,27,309
34120.0,9,14,242
34122.5,27,-15,328
34125.0,20,18,249
34127.5,9,6,268
34130.0,-6,26,292
34132.5,22,-6,294
34135.0,49,0,324
34137.5,44,-40,303
34140.0,53,-19,284
34142.5,-14,-22,339
34145.0,40,-35,267
34147.5,4,-6,292
34150.0,-20,-7,301
34152.5,29,14,308
34155.0,-32,-12,327
34157.5,7,-42,340
34160.0,60,10,231
34162.5,-55,-34,295
34165.0,16,11,141
34167.5,16,11,141
34170.0,-17,-39,227
34172.5,3,-11,396
34175.0,3,9,358
34177.5,-58,-22,511
34180.0,47,-39,249
34182.5,34,-7,246
34185.0,66,21,280
34187.5,45,-22,259
34190.0,44,-42,218
34192.5,2,-50,313
34195.0,61,29,374
34197.5,-5,13,289
34200.0,-31,-70,310
34202.5,42,-43,264
34205.0,50,-7,306
34207.5,17,-2,264
34210.0,4,-21,307
34212.5,-18,24,313
34215.0,19,14,298
34217.5,19,14,298
34220.0,-14,6,286
34222.5,-27,-68,316
34225.0,1,1,170
34227.5,-52,-23,312
34230.0,49,-18,273
34232.5,60,43,280
34235.0,-20,-38,341
34237.5,-32,-38,350
34240.0,-2,-31,360
34242.5,19,-14,299
34245.0,52,-10,255
34247.5,4,-2,348
34250.0,72,11,186
34252.5,7,3,277
34255.0,-38,2,359
34257.5,39,37,317
34260.0,-56,-26,314
34262.5,37,15,276
34265.0,37,15,276
34267.5,51,60,332
34270.0,-26,-38,309
34272.5,15,-18,219
34275.0,23,5,302
34277.5,-30,-19,331
34280.0,66,23,422
34282.5,7,-18,348
34285.0,-30,-25,252
34287.5,48,-20,230
34290.0,-1,-31,334
34292.5,-1,6,289
34295.0,7,3,333
34297.5,34,5,333
34300.0,73,3,288
34302.5,-17,-18,352
34305.0,61,35,244
34307.5,-4,10,263
34310.0,26,-5,312
34312.5,24,8,311
34315.0,24,8,311
34317.5,-8,-11,314
34320.0,28,-20,337
34322.5,4,-19,246
34325.0,-15,-29,354
34327.5,21,21,278
34330.0,49,8,320
34332.5,1,-18,336
34335.0,-3,-28,327
34337.5,39,-28,317
34340.0,19,-47,316
34342.5,93,12,301
34345.0,-2,-37,347
34347.5,48,-15,325
34350.0,-3,-18,287
34352.5,-40,5,297
34355.0,56,-29,291
34357.5,-8,-2,437
34360.0,73,37,319
34362.5,44,-13,194
34365.0,44,-13,194
34367.5,-33,-4,267
34370.0,9,6,245
34372.5,33,-1,361
34375.0,-16,0,353
34377.5,29,-29,260
34380.0,3,-20,424
34382.5,21,-49,299
34385.0,70,29,238
34387.5,-1,-10,273
34390.0,0,18,306
34392.5,64,27,307
34395.0,17,-32,384
34397.5,42,8,264
34400.0,-10,-34,342
34402.5,28,9,235
34405.0,-14,-14,219
34407.5,-30,-33,329
34410.0,-1,1,363
34412.5,-43,2,282
34415.0,-43,2,282
34417.5,-81,1,330
34420.0,16,-10,270
34422.5,0,3,350
34425.0,-1,-26,275
34427.5,-36,18,256
34430.0,11,-24,289
34432.5,100,22,265
34435.0,30,2,311
34437.5,29,-33,338
34440.0,34,-5,274
34442.5,105,-28,325
34445.0,2,-35,285
34447.5,106,13,271
34450.0,27,-26,276
34452.5,65,9,278
34455.0,-35,-36,293
34457.5,24,23,376
34460.0,-43,-36,358
34462.5,-36,33,349
34465.0,-36,33,349
34467.5,-10,-24,283
34470.0,29,12,322
34472.5,-3,-21,258
34475.0,-25,-26,261
34477.5,-2,30,291
34480.0,-43,3,347
34482.5,-38,11,307
34485.0,-55,-25,353
34487.5,-7,11,303
34490.0,15,-28,288
34492.5,-28,-9,312
34495.0,45,14,287
34497.5,-30,-55,332
34500.0,-81,-10,320
34502.5,39,-3,311
34505.0,41,-30,370
34507.5,41,18,262
34510.0,-20,-29,246
34512.5,-78,-28,309
34515.0,-78,-28,309
34517.5,19,16,241
34520.0,36,-3,307
34522.5,41,-14,346
34525.0,5,16,322
34527.5,-30,-6,358
34530.0,-4,-37,297
34532.5,14,-30,272
34535.0,-8,-17,302
34537.5,1,-19,279
34540.0,-34,-57,341
34542.5,-48,0,363
34545.0,-9,-88,341
34547.5,68,0,298
34550.0,22,-34,294
34552.5,29,-5,205
34555.0,-85,-61,358
34557.5,7,-10,258
34560.0,-25,-27,440
34562.5,0,23,353
34565.0,0,23,353
34567.5,-21,7,294
34570.0,-5,-7,367
34572.5,10,-32,293
34575.0,12,-17,120
34577.5,41,-31,298
34580.0,46,8,305
34582.5,68,41,274
34585.0,8,9,271
34587.5,39,-5,285
34590.0,23,-28,398
34592.5,-17,-35,226
34595.0,15,-2,272
34597.5,-13,-36,295
34600.0,-11,2,317
34602.5,20,-34,306
34605.0,30,86,330
34607.5,-57,-24,307
34610.0,-39,-19,283
34612.5,19,6,206
34615.0,19,6,206
34617.5,-26,49,225
34620.0,-7,-22,258
34622.5,20,-24,285
34625.0,28,-11,372
34627.5,-8,0,330
34630.0,-22,-16,301
34632.5,60,-20,264
34635.0,-8,-24,259
34637.5,34,-4,322
34640.0,2,11,276
34642.5,35,3,332
34645.0,64,-17,301
34647.5,75,-8,306
34650.0,29,8,243
34652.5,-1,-1,328
34655.0,0,-26,286
34657.5,10,10,330
34660.0,11,12,329
34662.5,42,3,319
34665.0,42,3,319
34667.5,-42,-23,302
34670.0,26,-4,270
34672.5,71,-12,277
34675.0,7,-4,327
34677.5,15,-11,285
34680.0,-13,-4,307
34682.5,-2,1,345
34685.0,45,14,282
34687.5,36,13,346
34690.0,29,-20,261
34692.5,-6,2,277
34695.0,0,-16,317
34697.5,4,-11,316
34700.0,-50,-27,307
34702.5,30,6,379
34705.0,42,17,297
34707.5,-7,-49,388
34710.0,57,23,231
34712.5,-51,-59,273
34715.0,-51,-59,273
34717.5,43,30,332
34720.0,65,21,233
34722.5,-51,-81,289
34725.0,37,56,294
34727.5,2,-13,256
34730.0,-44,-35,302
34732.5,20,-20,241
34735.0,52,-3,248
34737.5,17,33,251
34740.0,27,-17,391
34742.5,83,-8,349
34745.0,7,-7,331
34747.5,55,-44,301
34750.0,-155,-69,327
34752.5,32,1,250
34755.0,-14,-31,272
34757.5,-43,26,328
34760.0,38,-17,340
34762.5,47,12,324
34765.0,47,12,324
34767.5,55,-30,359
34770.0,50,16,258
34772.5,-35,-23,297
34775.0,-37,15,271
34777.5,10,11,318
34780.0,-44,-35,330
34782.5,47,12,286
34785.0,-44,-36,330
34787.5,-1,-8,272
34790.0,13,-67,252
34792.5,-39,-44,315
34795.0,83,11,281
34797.5,-3,-15,251
34800.0,-15,-21,384
34802.5,20,11,322
34805.0,30,-18,331
34807.5,35,37,280
34810.0,36,-45,202
34812.5,0,-3,280
34815.0,0,-3,280
34817.5,61,26,232
34820.0,-29,-7,302
34822.5,-40,-6,352
34825.0,10,24,307
34827.5,-35,-23,311
34830.0,-4,14,340
34832.5,-15,-3,248
34835.0,-13,-4,334
34837.5,-3,-25,291
34840.0,-9,-4,281
34842.5,-10,25,305
34845.0,-2,-11,302
34847.5,41,22,331
34850.0,60,-16,298
34852.5,28,-22,296
34855.0,-9,-24,376
34857.5,65,25,241
34860.0,-2,-36,294
34862.5,-8,-10,310
34865.0,-8,-10,310
34867.5,-10,-10,298
34870.0,50,23,326
34872.5,5,7,287
34875.0,-15,0,257
34877.5,-54,-16,310
34880.0,18,-3,288
34882.5,19,10,294
34885.0,-31,-19,346
34887.5,-45,14,294
34890.0,19,-26,375
34892.5,-18,-44,353
34895.0,100,-55,315
34897.5,-21,-8,312
34900.0,63,3,229
34902.5,-9,-26,294
34905.0,-10,-15,387
34907.5,-17,-22,301
34910.0,-22,-1,337
34912.5,-22,-1,337
34915.0,77,-48,411
34917.5,39,28,200
34920.0,19,20,326
34922.5,12,38,238
34925.0,-14,-28,363
34927.5,30,0,216
34930.0,-50,2,511
34932.5,82,9,416
34935.0,20,2,307
34937.5,61,22,210
34940.0,-36,-8,321
34942.5,15,-31,235
34945.0,24,-57,320
34947.5,24,0,351
34950.0,61,4,389
34952.5,-2,-14,363
34955.0,-5,-63,287
34957.5,113,-81,368
34960.0,-26,-16,233
34962.5,-26,-16,233
34965.0,35,-54,335
34967.5,14,-13,308
34970.0,-79,11,289
34972.5,83,24,261
34975.0,15,-4,343
34977.5,-7,-46,340
34980.0,-17,-56,205
34982.5,6,-43,289
34985.0,31,10,287
34987.5,8,22,363
34990.0,41,-5,358
34992.5,-16,-29,329
34995.0,21,-14,347
34997.5,23,-26,237
35000.0,-14,-10,284
35002.5,23,54,328
35005.0,67,-4,294
35007.5,11,0,266
35010.0,35,1,330
35012.5,35,1,330
35015.0,20,-5,254
35017.5,6,-11,358
35020.0,22,-80,231
35022.5,1,-5,318
35025.0,30,7,309
35027.5,6,7,340
35030.0,29,-7,319
35032.5,-42,-19,315
35035.0,72,9,255
35037.5,-53,-43,302
35040.0,-2,-7,261
35042.5,31,52,271
35045.0,9,-11,329
35047.5,94,33,312
35050.0,61,-16,369
35052.5,51,23,267
35055.0,49,-4,279
35057.5,-4,1,293
35060.0,6,-3,329
35062.5,6,-3,329
35065.0,21,-1,302
35067.5,-21,-47,316
35070.0,5,-46,305
35072.5,-29,-27,400
35075.0,-12,-13,251
35077.5,-93,-14,259
35080.0,30,-9,331
35082.5,-13,59,287
35085.0,35,-37,398
35087.5,78,41,318
35090.0,-12,-13,270
35092.5,-19,-51,357
35095.0,41,-29,390
35097.5,-46,-18,363
35100.0,-45,-44,302
35102.5,44,-17,265
35105.0,53,9,334
35107.5,3,6,345
35110.0,107,27,234
35112.5,107,27,234
35115.0,36,24,358
35117.5,53,14,301
35120.0,31,-85,276
35122.5,-4,22,293
35125.0,-22,-19,308
35127.5,18,38,298
35130.0,9,26,315
35132.5,36,13,240
35135.0,-67,-58,360
35137.5,39,-7,271
35140.0,-7,-7,272
35142.5,-5,-13,338
35145.0,71,-14,351
35147.5,21,-61,276
35150.0,30,-4,280
35152.5,52,34,216
35155.0,-5,-24,362
35157.5,-24,-35,254
35160.0,-10,30,309
35162.5,-10,30,309
35165.0,19,25,292
35167.5,22,-12,338
35170.0,-5,-9,325
35172.5,26,-21,313
35175.0,82,-4,291
35177.5,-45,-15,315
35180.0,105,-68,309
35182.5,15,-19,323
35185.0,-18,-27,347
35187.5,27,5,302
35190.0,-23,-32,304
35192.5,-50,-1,301
35195.0,49,-43,278
35197.5,-73,-24,342
35200.0,51,-5,246
35202.5,48,-16,328
35205.0,-9,-1,288
35207.5,24,-41,324
35210.0,66,9,388
35212.5,66,9,388
35215.0,74,13,300
35217.5,38,21,244
35220.0,-46,-50,312
35222.5,26,22,236
35225.0,66,29,309
35227.5,-59,-27,356
35230.0,16,7,298
35232.5,10,-3,315
35235.0,-1,-32,340
35237.5,57,-11,264
35240.0,-35,-36,328
35242.5,48,42,226
35245.0,21,-21,296
35247.5,11,7,296
35250.0,17,4,300
35252.5,17,-23,310
35255.0,6,-46,341
35257.5,65,5,287
35260.0,-29,-10,364
35262.5,-29,-10,364
35265.0,9,4,275
35267.5,10,-26,270
35270.0,9,5,296
35272.5,2,-23,369
35275.0,25,9,318
35277.5,34,47,304
35280.0,3,-34,289
35282.5,41,29,372
35285.0,11,-8,238
35287.5,105,6,288
35290.0,12,-7,272
35292.5,28,-44,327
35295.0,30,4,350
35297.5,24,42,322
35300.0,-9,13,245
35302.5,13,-4,370
35305.0,50,25,199
35307.5,-26,1,315
35310.0,10,10,278
35312.5,10,10,278
35315.0,-40,3,254
35317.5,10,25,363
35320.0,57,31,295
35322.5,51,54,314
35325.0,-1,-27,314
35327.5,74,-4,158
35330.0,36,0,244
35332.5,-5,3,400
35335.0,45,-20,314
35337.5,-15,-45,364
35340.0,26,-1,305
35342.5,25,28,294
35345.0,18,-8,326
35347.5,48,1,311
35350.0,45,-9,282
35352.5,-21,13,333
35355.0,81,-9,343
35357.5,22,-26,289
35360.0,9,-53,272
35362.5,9,-53,272
35365.0,51,4,188
35367.5,-4,-12,322
35370.0,35,-15,224
35372.5,28,52,293
35375.0,-16,-62,325
35377.5,-50,-27,375
35380.0,-35,-17,371
35382.5,51,-11,285
35385.0,-4,18,360
35387.5,5,10,286
35390.0,-5,1,302
35392.5,-35,-20,275
35395.0,-44,-17,315
35397.5,-7,-27,285
35400.0,-66,-32,363
35402.5,22,-53,235
35405.0,2,-12,281
35407.5,-21,-9,299
35410.0,34,7,320
35412.5,34,7,320
35415.0,6,-31,356
35417.5,28,-7,346
35420.0,-23,-39,283
35422.5,8,-5,313
35425.0,26,-7,293
35427.5,11,-6,299
35430.0,37,-34,350
35432.5,49,15,341
35435.0,-29,-24,333
35437.5,-4,-14,280
35440.0,-6,28,269
35442.5,-15,37,324
35445.0,-8,6,359
35447.5,-11,26,298
35450.0,7,-3,272
35452.5,-5,-40,293
35455.0,-18,-8,313
35457.5,-21,-51,244
35460.0,69,19,249
35462.5,69,19,249
35465.0,8,-21,317
35467.5,-67,1,334
35470.0,-10,-21,297
35472.5,-6,-35,349
35475.0,27,26,260
35477.5,6,19,315
35480.0,68,26,202
35482.5,-18,6,289
35485.0,23,4,345
35487.5,-76,-4,357
35490.0,-9,18,360
35492.5,-12,-51,402
35495.0,-24,-36,227
35497.5,-12,11,407
35500.0,65,13,276
35502.5,-5,-37,302
35505.0,7,-3,389
35507.5,29,10,337
35510.0,27,11,312
35512.5,27,11,312
35515.0,-6,3,333
35517.5,-19,-26,300
35520.0,-14,-52,408
35522.5,-5,7,227
35525.0,1,-5,258
35527.5,-5,-24,376
35530.0,23,0,305
35532.5,80,17,299
35535.0,41,37,282
35537.5,11,29,238
35540.0,-21,2,313
35542.5,-5,-30,236
35545.0,39,-9,272
35547.5,-22,-18,305
35550.0,23,19,269
35552.5,52,8,286
35555.0,-48,2,344
35557.5,26,-4,265
35560.0,-13,0,312
35562.5,-13,0,312
35565.0,72,22,237
35567.5,47,-10,245
35570.0,35,15,278
35572.5,34,-16,276
35575.0,1,-49,326
35577.5,-21,-12,341
35580.0,35,-19,320
35582.5,-41,-15,367
35585.0,57,-42,308
35587.5,50,22,356
35590.0,-41,8,305
35592.5,2,21,334
35595.0,38,12,291
35597.5,-17,23,319
35600.0,1,-29,262
35602.5,-46,-41,328
35605.0,47,-5,276
35607.5,-10,-25,311
35610.0,-10,-25,311
35612.5,-20,-21,303
35615.0,20,1,324
35617.5,-45,-24,314
35620.0,-19,-17,330
35622.5,15,-13,306
35625.0,-11,-14,355
35627.5,-34,-22,264
35630.0,-10,-29,296
35632.5,-25,-26,303
35635.0,-17,-2,327
35637.5,-5,9,342
35640.0,-36,-29,306
35642.5,39,-43,165
35645.0,-57,-40,213
35647.5,-2,52,278
35650.0,-61,-10,385
35652.5,6,-2,348
35655.0,32,-7,349
35657.5,-5,-5,329
35660.0,-5,-5,329
35662.5,40,-43,353
35665.0,41,8,89
35667.5,24,-28,388
35670.0,9,-2,278
35672.5,-3,21,249
35675.0,-32,-13,345
35677.5,-20,15,322
35680.0,-18,0,247
35682.5,-29,-23,298
35685.0,110,25,263
35687.5,15,-20,340
35690.0,9,4,276
35692.5,25,3,280
35695.0,24,6,304
35697.5,66,-22,258
35700.0,-52,-12,295
35702.5,22,-13,282
35705.0,14,23,275
35707.5,9,-27,315
35710.0,9,-27,315
35712.5,-54,-48,399
35715.0,-43,-21,323
35717.5,-61,-7,270
35720.0,9,-11,246
35722.5,-19,-31,310
35725.0,44,23,253
35727.5,-12,-50,206
35730.0,-18,-11,310
35732.5,34,-6,306
35735.0,-28,-17,344
35737.5,5,3,331
35740.0,31,-12,322
35742.5,0,3,326
35745.0,-16,-33,241
35747.5,28,2,274
35750.0,12,-4,282
35752.5,35,-16,346
35755.0,39,21,263
35757.5,49,7,337
35760.0,49,7,337
35762.5,51,19,243
35765.0,0,-86,332
35767.5,31,-9,219
35770.0,-62,-9,292
35772.5,-35,-19,314
35775.0,30,8,329
35777.5,-18,-46,355
35780.0,-46,-47,309
35782.5,87,45,282
35785.0,-31,-5,340
35787.5,78,26,226
35790.0,-37,-21,284
35792.5,-31,-49,339
35795.0,46,24,287
35797.5,-38,-43,330
35800.0,37,-11,290
35802.5,-3,-33,251
35805.0,-7,-27,283
35807.5,-25,-24,260
35810.0,-25,-24,260
35812.5,59,6,298
35815.0,37,-9,325
35817.5,72,-15,265
35820.0,-1,2,352
35822.5,9,-61,346
35825.0,29,14,266
35827.5,-40,-36,301
35830.0,39,3,220
35832.5,4,-21,307
35835.0,-10,-46,413
35837.5,4,-3,292
35840.0,-15,25,309
35842.5,84,-3,333
35845.0,-14,-9,351
35847.5,-8,-24,288
35850.0,6,15,301
35852.5,15,17,382
35855.0,-19,22,379
35857.5,72,32,266
35860.0,72,32,266
35862.5,-48,-7,307
35865.0,20,-12,313
35867.5,2,-50,327
35870.0,-4,27,307
35872.5,24,36,337
35875.0,13,-39,359
35877.5,-26,-33,320
35880.0,81,72,210
35882.5,7,-22,324
35885.0,5,11,261
35887.5,21,75,363
35890.0,-67,-14,350
35892.5,2,-1,320
35895.0,50,24,272
35897.5,-57,-62,321
35900.0,15,-26,253
35902.5,-19,17,334
35905.0,27,1,246
35907.5,-12,13,321
35910.0,-12,13,321
35912.5,19,20,343
35915.0,-27,-19,321
35917.5,94,12,359
35920.0,78,8,306
35922.5,12,20,224
35925.0,28,-17,331
35927.5,10,-13,281
35930.0,26,-27,309
35932.5,5,-19,349
35935.0,-41,-51,362
35937.5,-5,-13,358
35940.0,17,24,317
35942.5,35,-5,270
35945.0,-20,-23,291
35947.5,9,-25,215
35950.0,11,25,277
35952.5,7,22,319
35955.0,-2,-21,325
35957.5,40,4,384
35960.0,40,4,384
35962.5,40,28,303
35965.0,55,-18,237
35967.5,-12,-4,298
35970.0,-11,-36,277
35972.5,7,-18,307
35975.0,-22,-20,323
35977.5,22,0,290
35980.0,7,-4,335
35982.5,-17,-38,344
35985.0,24,-6,276
35987.5,11,-11,335
35990.0,32,-39,228
35992.5,9,27,309
35995.0,-22,-16,312
35997.5,6,-9,336
36000.0,19,-28,334
36002.5,12,-8,307
36005.0,65,22,248
36007.5,37,6,352
36010.0,37,6,352
36012.5,-31,-31,242
36015.0,22,15,247
36017.5,-29,5,372
36020.0,-66,-63,369
36022.5,-38,-16,322
36025.0,-25,-50,370
36027.5,83,28,263
36030.0,-85,-8,384
36032.5,2,21,168
36035.0,-37,-27,304
36037.5,-40,-21,424
36040.0,14,14,349
36042.5,-10,16,282
36045.0,-3,-40,307
36047.5,23,18,184
36050.0,-9,-4,275
36052.5,-20,-22,240
36055.0,-22,-11,247
36057.5,-16,-53,376
36060.0,-16,-53,376
36062.5,58,3,311
36065.0,-69,-32,399
36067.5,16,-6,210
36070.0,75,21,269
36072.5,19,-18,247
36075.0,-38,-15,343
36077.5,-13,-57,243
36080.0,-61,-22,330
36082.5,-16,-17,359
36085.0,35,8,303
36087.5,60,-39,322
36090.0,25,-4,213
36092.5,23,-3,321
36095.0,49,36,296
36097.5,0,23,305
36100.0,-29,-10,312
36102.5,28,6,304
36105.0,39,12,302
36107.5,71,28,236
36110.0,71,28,236
36112.5,22,-6,311
36115.0,10,-31,267
36117.5,3,-36,330
36120.0,32,17,302
36122.5,2,7,317
36125.0,86,4,223
36127.5,-14,-24,350
36130.0,38,-38,252
36132.5,24,28,337
36135.0,-42,-22,291
36137.5,32,-14,387
36140.0,-80,-37,327
36142.5,20,-18,341
36145.0,-40,-28,269
36147.5,-55,-35,337
36150.0,59,9,281
36152.5,-61,-74,315
36155.0,17,-46,365
36157.5,68,14,294
36160.0,68,14,294
36162.5,-123,-34,343
36165.0,44,5,262
36167.5,-27,-47,255
36170.0,-36,-37,312
36172.5,-27,-3,270
36175.0,-30,-53,326
36177.5,-51,32,336
36180.0,57,-3,310
36182.5,18,-38,343
36185.0,53,23,282
36187.5,-22,-28,313
36190.0,85,-1,348
36192.5,72,10,213
36195.0,-34,-31,310
36197.5,80,0,417
36200.0,-61,-34,223
36202.5,-9,-11,325
36205.0,24,13,223
36207.5,39,-25,179
36210.0,39,-25,179
36212.5,61,15,261
36215.0,65,-10,302
36217.5,57,20,280
36220.0,-1,42,305
36222.5,65,25,215
36225.0,7,12,373
36227.5,-22,7,225
36230.0,-22,5,285
36232.5,-29,-17,327
36235.0,109,4,314
36237.5,19,-1,292
36240.0,60,38,320
36242.5,22,5,209
36245.0,-36,-8,290
36247.5,23,-36,277
36250.0,66,30,309
36252.5,-57,-1,319
36255.0,39,-83,339
36257.5,-5,-1,342
36260.0,-5,-1,342
36262.5,-14,-13,334
36265.0,9,-6,237
36267.5,-21,20,335
36270.0,15,15,328
36272.5,36,-78,347
36275.0,-64,-31,390
36277.5,39,-12,356
36280.0,-8,-3,301
36282.5,-25,-34,316
36285.0,17,23,271
36287.5,-20,39,322
36290.0,-27,23,230
36292.5,-4,10,310
36295.0,-31,12,312
36297.5,59,-22,357
36300.0,-49,0,351
36302.5,1,-37,381
36305.0,1,-14,262
36307.5,8,-11,312
36310.0,8,-11,312
36312.5,45,22,266
36315.0,44,-13,252
36317.5,-10,-14,297
36320.0,7,-22,289
36322.5,1,-3,335
36325.0,-11,16,312
36327.5,-25,-16,263
36330.0,-57,-75,330
36332.5,84,1,268
36335.0,18,-33,301
36337.5,-19,-13,294
36340.0,38,22,315
36342.5,40,12,298
36345.0,48,-30,352
36347.5,30,-4,251
36350.0,-2,-28,355
36352.5,64,2,232
36355.0,4,-15,262
36357.5,27,-15,316
36360.0,27,-15,316
36362.5,41,17,281
36365.0,30,-41,338
36367.5,-11,-12,339
36370.0,23,4,253
36372.5,-24,7,335
36375.0,15,-3,246
36377.5,22,6,296
36380.0,13,-11,343
36382.5,59,-62,363
36385.0,2,1,382
36387.5,62,39,417
36390.0,5,-16,230
36392.5,-26,10,347
36395.0,34,27,240
36397.5,-4,-6,336
36400.0,-4,-54,254
36402.5,-122,-61,428
36405.0,30,-42,391
36407.5,-21,-41,276
36410.0,-21,-41,276
36412.5,12,0,220
36415.0,-15,-37,351
36417.5,-13,-37,232
36420.0,53,2,265
36422.5,-44,-10,303
36425.0,10,-8,393
36427.5,-5,-14,327
36430.0,-67,-80,307
36432.5,94,32,263
36435.0,6,12,253
36437.5,-30,-23,266
36440.0,29,27,249
36442.5,-22,19,360
36445.0,8,12,340
36447.5,-121,21,326
36450.0,-8,41,372
36452.5,114,27,273
36455.0,35,-26,292
36457.5,20,-18,286
36460.0,20,-18,286
36462.5,-20,3,368
36465.0,17,-19,336
36467.5,16,-12,324
36470.0,16,2,341
36472.5,-12,-75,325
36475.0,5,-28,312
36477.5,-6,-25,273
36480.0,28,8,309
36482.5,9,0,282
36485.0,-26,-57,352
36487.5,78,6,289
36490.0,-72,-51,346
36492.5,3,-30,290
36495.0,79,76,354
36497.5,6,-29,310
36500.0,32,44,284
36502.5,11,-25,348
36505.0,100,24,309
36507.5,18,-42,279
36510.0,18,-42,279
36512.5,10,33,312
36515.0,-24,-21,248
36517.5,46,22,273
36520.0,1,-4,312
36522.5,47,14,285
36525.0,37,-1,335
36527.5,-42,-24,354
36530.0,33,3,258
36532.5,10,17,330
36535.0,50,-12,251
36537.5,-99,-22,285
36540.0,42,22,362
36542.5,58,10,326
36545.0,14,18,338
36547.5,54,13,290
36550.0,10,-19,284
36552.5,27,-87,283
36555.0,-19,-32,308
36557.5,-15,-25,339
36560.0,-15,-25,339
36562.5,-15,30,328
36565.0,-5,15,272
36567.5,26,0,357
36570.0,23,8,290
36572.5,27,-23,176
36575.0,21,-27,319
36577.5,6,46,239
36580.0,13,1,299
36582.5,8,-49,393
36585.0,52,-4,285
36587.5,23,-55,360
36590.0,50,15,198
36592.5,-85,-114,399
36595.0,-64,-7,352
36597.5,-34,19,300
36600.0,11,2,272
36602.5,37,-5,367
36605.0,-8,-8,276
36607.5,100,23,385
36610.0,100,23,385
36612.5,12,21,225
36615.0,-83,5,275
36617.5,-36,28,362
36620.0,61,15,324
36622.5,22,32,223
36625.0,-11,-4,276
36627.5,28,-19,274
36630.0,-11,-35,356
36632.5,95,-56,234
36635.0,32,-2,272
36637.5,-16,29,259
36640.0,12,-9,347
36642.5,-16,1,304
36645.0,3,24,304
36647.5,11,15,272
36650.0,-6,-21,329
36652.5,12,-15,368
36655.0,-32,-9,340
36657.5,-7,-1,307
36660.0,-7,-1,307
36662.5,58,1,275
36665.0,-12,-22,328
36667.5,20,-1,297
36670.0,70,11,260
36672.5,2,5,322
36675.0,27,-35,335
36677.5,8,12,321
36680.0,-17,-16,277
36682.5,-8,26,330
36685.0,54,26,346
36687.5,34,24,345
36690.0,26,-50,225
36692.5,-12,20,316
36695.0,34,-3,255
36697.5,26,-3,285
36700.0,16,-3,300
36702.5,1,3,314
36705.0,25,2,281
36707.5,25,2,281
36710.0,-6,-21,343
36712.5,-25,-29,246
36715.0,28,15,339
36717.5,45,18,257
36720.0,11,16,279
36722.5,13,4,310
36725.0,-24,17,272
36727.5,-14,8,287
36730.0,-1,8,336
36732.5,72,-6,277
36735.0,-22,-65,370
36737.5,48,-16,243
36740.0,20,22,276
36742.5,82,23,333
36745.0,-4,-1,284
36747.5,-2,-24,326
36750.0,28,51,320
36752.5,-27,-34,260
36755.0,-4,-38,474
36757.5,-4,-38,474
36760.0,63,22,282
36762.5,64,30,260
36765.0,-16,11,285
36767.5,22,-2,348
36770.0,11,9,337
36772.5,10,-17,316
36775.0,28,-5,245
36777.5,-12,-49,356
36780.0,47,50,194
36782.5,73,8,313
36785.0,-72,-21,324
36787.5,89,35,272
36790.0,32,-33,298
36792.5,26,-35,316
36795.0,36,-4,355
36797.5,-73,-51,289
36800.0,84,17,294
36802.5,49,24,258
36805.0,-24,-45,329
36807.5,-24,-45,329
36810.0,24,-37,277
36812.5,-23,-18,339
36815.0,28,-35,275
36817.5,-52,-32,288
36820.0,38,-18,326
36822.5,26,-10,242
36825.0,-29,-7,293
36827.5,11,7,350
36830.0,-6,-4,278
36832.5,-23,-19,282
36835.0,32,-15,284
36837.5,3,-11,185
36840.0,29,5,281
36842.5,20,44,256
36845.0,6,18,248
36847.5,8,-56,347
36850.0,17,-9,290
36852.5,61,-42,342
36855.0,-5,-8,231
36857.5,-5,-8,231
36860.0,71,17,295
36862.5,-12,-21,263
36865.0,24,14,310
36867.5,10,-11,302
36870.0,-5,-25,329
36872.5,-1,-18,303
36875.0,-11,-2,357
36877.5,63,-3,250
36880.0,25,5,314
36882.5,-24,-8,287
36885.0,-23,-15,299
36887.5,5,-22,352
36890.0,16,-10,342
36892.5,-26,-38,285
36895.0,-20,-25,344
36897.5,79,10,257
36900.0,39,13,268
36902.5,8,-25,315
36905.0,-31,-28,295
36907.5,-31,-28,295
36910.0,-57,-5,316
36912.5,-10,-40,282
36915.0,56,49,267
36917.5,-24,1,300
36920.0,34,9,229
36922.5,-7,-29,248
36925.0,0,-15,267
36927.5,-25,-16,379
36930.0,7,-47,315
36932.5,-36,-56,282
36935.0,26,19,243
36937.5,-32,-14,363
36940.0,-17,3,315
36942.5,10,-15,266
36945.0,13,-16,330
36947.5,16,-46,185
36950.0,28,-56,400
36952.5,63,-32,266
36955.0,-15,-24,253
36957.5,-15,-24,253
36960.0,-18,-19,306
36962.5,1,58,314
36965.0,-94,-28,346
36967.5,-2,-8,315
36970.0,60,11,196
36972.5,14,-5,379
36975.0,-9,-38,248
36977.5,-14,-31,244
36980.0,16,-14,355
36982.5,14,27,311
36985.0,40,-21,302
36987.5,58,-33,311
36990.0,-41,-36,274
36992.5,-38,-29,362
36995.0,31,-7,285
36997.5,17,-22,257
37000.0,-50,-30,347
37002.5,27,-32,365
37005.0,39,-25,307
37007.5,39,-25,307
37010.0,17,-21,339
37012.5,66,37,238
37015.0,-17,-15,347
37017.5,36,15,321
37020.0,-21,-6,324
37022.5,35,-29,348
37025.0,-11,-46,340
37027.5,16,7,299
37030.0,42,3,316
37032.5,-23,34,276
37035.0,12,28,321
37037.5,19,-14,249
37040.0,18,-16,277
37042.5,-10,15,289
37045.0,47,-47,350
37047.5,-10,-80,361
37050.0,-1,2,327
37052.5,74,32,270
37055.0,15,3,318
37057.5,15,3,318
37060.0,-7,-1,289
37062.5,-2,22,312
37065.0,-17,-2,297
37067.5,-6,-18,301
37070.0,-1,13,320
37072.5,-20,-38,316
37075.0,74,23,255
37077.5,-56,-45,334
37080.0,66,13,228
37082.5,5,-8,291
37085.0,-10,13,284
37087.5,14,12,306
37090.0,2,-23,344
37092.5,-8,-12,346
37095.0,49,-10,314
37097.5,-11,-14,357
37100.0,-14,-5,237
37102.5,18,-14,284
37105.0,7,-18,337
37107.5,7,-18,337
37110.0,68,-51,314
37112.5,8,-18,329
37115.0,-8,35,312
37117.5,-53,-43,314
37120.0,-48,-79,265
37122.5,60,-12,197
37125.0,52,49,345
37127.5,18,-2,326
37130.0,24,-1,326
37132.5,10,32,298
37135.0,-23,-12,365
37137.5,39,-13,289
37140.0,7,8,302
37142.5,71,-5,247
37145.0,-100,-41,282
37147.5,58,25,303
37150.0,44,-9,276
37152.5,77,0,319
37155.0,14,-38,304
37157.5,14,-38,304
37160.0,139,62,299
37162.5,19,-36,306
37165.0,7,-37,269
37167.5,3,15,280
37170.0,-64,-25,406
37172.5,55,-13,274
37175.0,18,-7,260
37177.5,39,-3,338
37180.0,69,-3,273
37182.5,-4,-8,319
37185.0,-23,-7,333
37187.5,-8,-1,334
37190.0,-20,24,324
37192.5,32,3,320
37195.0,-13,-16,351
37197.5,46,-14,219
37200.0,61,16,254
37202.5,-7,-42,337
37205.0,-12,-12,260
37207.5,-12,-12,260
37210.0,-12,-4,325
37212.5,0,-20,334
37215.0,-70,-116,400
37217.5,-36,-40,368
37220.0,2,-31,245
37222.5,62,43,261
37225.0,10,-6,282
37227.5,30,15,410
37230.0,-25,-16,300
37232.5,-26,29,289
37235.0,82,13,248
37237.5,-48,-40,324
37240.0,-30,30,259
37242.5,-11,-24,327
37245.0,4,12,345
37247.5,4,-15,307
37250.0,-40,-37,323
37252.5,65,31,317
37255.0,105,-1,283
37257.5,105,-1,283
37260.0,-29,-34,336
37262.5,14,-16,265
37265.0,21,14,310
37267.5,28,-60,361
37270.0,59,9,287
37272.5,28,-14,359
37275.0,50,28,277
37277.5,72,16,252
37280.0,-37,-12,302
37282.5,36,-12,273
37285.0,11,-16,298
37287.5,30,-30,338
37290.0,-23,-49,237
37292.5,62,-14,298
37295.0,-53,-100,299
37297.5,34,20,266
37300.0,13,8,290
37302.5,77,50,198
37305.0,39,25,313
37307.5,39,25,313
37310.0,18,40,354
37312.5,89,6,253
37315.0,-48,-4,332
37317.5,40,-19,320
37320.0,5,29,365
37322.5,-26,1,312
37325.0,28,-36,296
37327.5,-41,-65,352
37330.0,37,-1,376
37332.5,56,-47,239
37335.0,18,23,268
37337.5,-5,-5,262
37340.0,0,-7,323
37342.5,-55,-31,302
37345.0,39,9,291
37347.5,-10,-36,365
37350.0,22,4,276
37352.5,76,-3,217
37355.0,-4,-6,323
37357.5,-4,-6,323
37360.0,72,-9,261
37362.5,-30,-11,319
37365.0,-17,-14,320
37367.5,41,-11,323
37370.0,-1,1,302
37372.5,45,-9,297
37375.0,40,56,317
37377.5,-14,-37,379
37380.0,49,14,259
37382.5,16,15,310
37385.0,22,-29,348
37387.5,83,2,321
37390.0,6,4,337
37392.5,29,-22,319
37395.0,66,-13,258
37397.5,-39,-38,346
37400.0,29,15,262
37402.5,-6,2,308
37405.0,68,44,325
37407.5,68,44,325
37410.0,-7,0,347
37412.5,-7,-6,349
37415.0,34,21,300
37417.5,-28,-17,251
37420.0,34,-35,303
37422.5,55,3,295
37425.0,51,4,239
37427.5,-11,-1,287
37430.0,56,-17,293
37432.5,20,-13,350
37435.0,28,29,305
37437.5,9,-6,243
37440.0,-20,-33,320
37442.5,59,38,247
37445.0,-23,-8,299
37447.5,-2,7,341
37450.0,67,6,298
37452.5,4,-39,341
37455.0,4,-39,341
37457.5,32,-25,282
37460.0,59,-8,273
37462.5,25,-41,345
37465.0,8,5,283
37467.5,-10,5,301
37470.0,-8,0,311
37472.5,22,-16,317
37475.0,-27,-45,327
37477.5,13,-7,314
37480.0,122,16,237
37482.5,5,-8,303
37485.0,31,-11,230
37487.5,49,90,242
37490.0,-47,-35,349
37492.5,-27,-24,420
37495.0,81,38,297
37497.5,21,20,286
37500.0,4,-28,211
37502.5,-55,-11,284
37505.0,-55,-11,284
37507.5,46,-12,161
37510.0,-1,-3,251
37512.5,-34,-19,421
37515.0,73,-10,264
37517.5,80,13,323
37520.0,17,-48,318
37522.5,-26,-67,293
37525.0,-48,-29,258
37527.5,9,6,298
37530.0,47,36,281
37532.5,33,-39,342
37535.0,-16,-20,284
37537.5,-42,-30,390
37540.0,75,39,282
37542.5,-11,21,325
37545.0,-15,-29,287
37547.5,-19,-1,322
37550.0,-39,53,322
37552.5,31,15,251
37555.0,31,15,251
37557.5,-32,-79,401
37560.0,35,-4,338
37562.5,-29,-18,386
37565.0,45,26,293
37567.5,15,6,268
37570.0,62,0,264
37572.5,36,34,243
37575.0,35,21,328
37577.5,66,-2,257
37580.0,-59,10,311
37582.5,66,-7,225
37585.0,-2,-6,304
37587.5,-7,14,298
37590.0,30,-1,313
37592.5,9,-20,327
37595.0,48,18,313
37597.5,55,10,263
37600.0,9,-16,345
37602.5,64,54,248
37605.0,64,54,248
37607.5,14,15,316
37610.0,-76,-33,338
37612.5,-14,-1,307
37615.0,50,-2,363
37617.5,10,-12,276
37620.0,33,-34,302
37622.5,31,6,319
37625.0,-8,-3,286
37627.5,9,20,305
37630.0,-23,5,319
37632.5,29,-21,311
37635.0,4,7,361
37637.5,34,49,262
37640.0,-26,-36,300
37642.5,-22,-51,326
37645.0,16,25,312
37647.5,47,5,311
37650.0,26,-4,328
37652.5,44,20,307
37655.0,44,20,307
37657.5,-11,1,327
37660.0,88,44,227
37662.5,54,28,209
37665.0,5,-22,425
37667.5,-3,-7,365
37670.0,-29,0,273
37672.5,8,-24,362
37675.0,82,27,326
37677.5,-31,-21,328
37680.0,49,4,195
37682.5,19,-4,274
37685.0,-21,-18,375
37687.5,6,-2,317
37690.0,-32,-23,363
37692.5,24,-13,273
37695.0,-28,-28,209
37697.5,116,36,311
37700.0,4,4,272
37702.5,-23,-25,271
37705.0,-23,-25,271
37707.5,68,39,355
37710.0,34,-14,309
37712.5,54,8,301
37715.0,55,28,308
37717.5,-23,5,298
37720.0,-9,-27,317
37722.5,15,-30,290
37725.0,54,18,356
37727.5,-45,-50,314
37730.0,-15,-8,321
37732.5,-29,8,306
37735.0,-9,-9,243
37737.5,36,-67,282
37740.0,-3,42,287
37742.5,77,-2,265
37745.0,83,34,328
37747.5,-18,-34,339
37750.0,-24,7,274
37752.5,42,-41,356
37755.0,42,-41,356
37757.5,72,-50,281
37760.0,3,57,357
37762.5,-65,-14,309
37765.0,27,48,252
37767.5,22,1,348
37770.0,1,-51,345
37772.5,62,35,264
37775.0,-34,-29,348
37777.5,40,32,244
37780.0,26,13,286
37782.5,7,-2,305
37785.0,-16,50,304
37787.5,26,-2,300
37790.0,-3,-2,371
37792.5,-3,-7,307
37795.0,25,-26,362
37797.5,22,29,237
37800.0,-6,3,208
37802.5,3,-10,254
37805.0,3,-10,254
37807.5,40,4,332
37810.0,2,-12,339
37812.5,60,-21,354
37815.0,-18,14,284
37817.5,-44,-7,347
37820.0,-20,-19,245
37822.5,22,-26,263
37825.0,-9,-7,296
37827.5,22,-7,293
37830.0,-55,0,316
37832.5,18,-17,352
37835.0,-9,-83,358
37837.5,-40,-51,389
37840.0,29,4,289
37842.5,44,16,320
37845.0,10,-8,307
37847.5,61,1,313
37850.0,53,-37,246
37852.5,79,3,366
37855.0,79,3,366
37857.5,11,-39,298
37860.0,16,-10,206
37862.5,-31,-82,291
37865.0,55,-1,279
37867.5,-47,-4,321
37870.0,52,47,250
37872.5,-16,-8,331
37875.0,9,-67,464
37877.5,80,0,207
37880.0,-8,-36,352
37882.5,5,-27,229
37885.0,-51,-37,245
37887.5,-7,-14,319
37890.0,51,-9,308
37892.5,59,1,282
37895.0,-13,-26,347
37897.5,50,28,194
37900.0,-7,1,330
37902.5,38,14,190
37905.0,38,14,190
37907.5,-22,-27,312
37910.0,1,1,378
37912.5,50,1,264
37915.0,20,18,314
37917.5,31,-24,317
37920.0,48,-6,321
37922.5,-51,-44,291
37925.0,-37,-28,251
37927.5,-44,-41,342
37930.0,-2,24,347
37932.5,15,8,298
37935.0,-70,-46,364
37937.5,82,14,288
37940.0,-10,15,230
37942.5,-17,-22,324
37945.0,44,-33,311
37947.5,16,5,284
37950.0,35,29,289
37952.5,-18,-16,277
37955.0,-18,-16,277
37957.5,38,-5,312
37960.0,27,-32,295
37962.5,38,-14,266
37965.0,38,18,297
37967.5,45,3,285
37970.0,5,-8,325
37972.5,-48,-61,316
37975.0,48,27,265
37977.5,-15,-26,351
37980.0,43,-38,221
37982.5,-35,-12,263
37985.0,97,49,306
37987.5,50,32,275
37990.0,-37,-16,265
37992.5,-2,18,333
37995.0,-16,-14,240
37997.5,-14,-38,335
38000.0,-29,-28,263
38002.5,-21,-3,300
38005.0,-21,-3,300
38007.5,7,-16,322
38010.0,27,-10,293
38012.5,9,-72,344
38015.0,69,35,283
38017.5,43,5,247
38020.0,-4,-29,310
38022.5,48,-9,221
38025.0,56,2,298
38027.5,-82,-30,296
38030.0,10,80,301
38032.5,2,-26,404
38035.0,-9,1,278
38037.5,-46,11,228
38040.0,32,31,267
38042.5,71,39,222
38045.0,1,-18,289
38047.5,34,-16,314
38050.0,83,-35,291
38052.5,11,-14,368
38055.0,11,-14,368
38057.5,-48,-58,283
38060.0,-49,-7,264
38062.5,41,0,285
38065.0,-2,-16,320
38067.5,-10,37,342
38070.0,-6,9,350
38072.5,58,25,272
38075.0,-6,-43,296
38077.5,-8,-7,265
38080.0,25,27,323
38082.5,30,19,382
38085.0,22,18,332
38087.5,62,41,251
38090.0,11,-3,294
38092.5,34,-15,198
38095.0,3,52,425
38097.5,7,-2,357
38100.0,-42,22,275
38102.5,1,7,331
38105.0,1,7,331
38107.5,48,-20,305
38110.0,-6,-65,324
38112.5,64,21,347
38115.0,-2,-7,254
38117.5,9,-20,295
38120.0,-14,-66,304
38122.5,21,-6,362
38125.0,-18,8,310
38127.5,39,-27,324
38130.0,46,-16,312
38132.5,20,39,328
38135.0,-10,-15,251
38137.5,-86,-45,318
38140.0,56,-15,315
38142.5,26,-60,299
38145.0,7,-19,309
38147.5,49,34,304
38150.0,-33,-12,331
38152.5,0,16,328
38155.0,0,16,328
38157.5,-59,4,274
38160.0,-8,-47,347
38162.5,35,-2,243
38165.0,15,16,278
38167.5,6,-14,308
38170.0,38,23,305
38172.5,14,-50,331
38175.0,-35,16,332
38177.5,29,-36,301
38180.0,15,-23,374
38182.5,34,-1,234
38185.0,29,16,268
38187.5,39,-12,298
38190.0,3,43,288
38192.5,1,-30,333
38195.0,23,-32,355
38197.5,40,-12,319
38200.0,3,-58,376
38202.5,37,9,230
38205.0,37,9,230
38207.5,-35,-8,284
38210.0,-37,-22,328
38212.5,32,3,296
38215.0,-35,-31,326
38217.5,15,-24,286
38220.0,61,-21,245
38222.5,14,-49,380
38225.0,-19,-57,280
38227.5,-8,-75,73
38230.0,47,7,294
38232.5,46,-6,319
38235.0,-16,-12,242
38237.5,53,-1,341
38240.0,-14,9,286
38242.5,8,-27,326
38245.0,61,-53,178
38247.5,21,62,279
38250.0,-19,9,289
38252.5,-11,-35,344
38255.0,-11,-35,344
38257.5,6,-34,375
38260.0,45,-24,353
38262.5,87,-30,268
38265.0,-53,-13,317
38267.5,69,41,164
38270.0,-16,-3,324
38272.5,3,-25,340
38275.0,76,42,385
38277.5,33,-6,347
38280.0,16,25,304
38282.5,-32,-26,253
38285.0,-46,-17,286
38287.5,11,-5,402
38290.0,-4,-18,291
38292.5,-2,2,308
38295.0,54,-1,297
38297.5,28,-20,347
38300.0,-18,-30,216
38302.5,56,8,342
38305.0,56,8,342
38307.5,-27,0,320
38310.0,21,-9,317
38312.5,-10,14,363
38315.0,13,1,331
38317.5,26,-14,305
38320.0,-54,-37,319
38322.5,29,-24,317
38325.0,13,17,277
38327.5,16,16,274
38330.0,50,-6,316
38332.5,8,-2,333
38335.0,4,9,368
38337.5,22,-10,236
38340.0,-59,-26,323
38342.5,19,0,257
38345.0,34,1,311
38347.5,13,-17,284
38350.0,57,34,300
38352.5,57,34,300
38355.0,-18,6,317
38357.5,13,-5,297
38360.0,-21,-46,324
38362.5,-50,-14,300
38365.0,68,-7,286
38367.5,48,32,278
38370.0,9,-3,339
38372.5,48,5,296
38375.0,31,-10,362
38377.5,25,-28,282
38380.0,56,25,267
38382.5,19,-15,321
38385.0,27,-5,286
38387.5,-37,18,324
38390.0,-12,32,372
38392.5,79,-41,277
38395.0,13,-1,340
38397.5,-1,-47,205
38400.0,38,-7,344
38402.5,38,-7,344
38405.0,-15,-47,303
38407.5,-6,22,209
38410.0,1,-38,337
38412.5,-15,10,347
38415.0,59,39,233
38417.5,-44,-62,279
38420.0,108,-11,332
38422.5,-42,-46,352
38425.0,-10,-10,275
38427.5,63,-47,283
38430.0,21,-43,381
38432.5,-70,-10,331
38435.0,74,26,229
38437.5,14,-19,328
38440.0,-6,16,298
38442.5,-35,-60,337
38445.0,2,-10,377
38447.5,57,39,282
38450.0,-19,-17,383
38452.5,-19,-17,383
38455.0,-11,-13,309
38457.5,45,-5,215
38460.0,12,-9,332
38462.5,40,-16,282
38465.0,-71,-53,322
38467.5,8,-26,355
38470.0,49,-11,348
38472.5,-38,-32,312
38475.0,-33,-30,300
38477.5,56,12,264
38480.0,69,67,301
38482.5,-20,-48,304
38485.0,26,-25,297
38487.5,-16,-3,347
38490.0,23,-41,302
38492.5,18,1,310
38495.0,31,0,261
38497.5,5,-21,232
38500.0,47,-11,368
38502.5,47,-11,368
38505.0,29,-34,316
38507.5,26,34,325
38510.0,-48,18,320
38512.5,65,-9,333
38515.0,17,-4,394
38517.5,27,10,279
38520.0,16,-5,240
38522.5,-6,0,274
38525.0,37,30,305
38527.5,7,-12,349
38530.0,6,-40,377
38532.5,76,-7,308
38535.0,-20,-19,339
38537.5,7,-30,274
38540.0,-48,-12,258
38542.5,14,15,306
38545.0,-16,2,321
38547.5,-8,-18,320
38550.0,9,-17,325
38552.5,9,-17,325
38555.0,-7,-25,304
38557.5,15,-11,358
38560.0,40,0,303
38562.5,59,41,231
38565.0,-33,-4,308
38567.5,-51,-24,226
38570.0,44,-17,293
38572.5,-11,4,334
38575.0,39,2,300
38577.5,-8,-11,333
38580.0,58,38,297
38582.5,43,-34,268
38585.0,64,10,308
38587.5,90,11,255
38590.0,42,-30,293
38592.5,7,13,346
38595.0,57,33,187
38597.5,-7,-34,367
38600.0,-27,-52,340
38602.5,-27,-52,340
38605.0,27,-14,231
38607.5,-27,-11,310
38610.0,-3,12,171
38612.5,-88,64,439
38615.0,5,8,402
38617.5,-37,5,270
38620.0,50,-36,312
38622.5,-2,-34,257
38625.0,57,12,205
38627.5,41,85,257
38630.0,21,-5,285
38632.5,9,-47,391
38635.0,-1,-19,336
38637.5,25,3,262
38640.0,-25,-31,254
38642.5,-16,-41,251
38645.0,51,-3,326
38647.5,19,3,234
38650.0,-15,-27,419
38652.5,-15,-27,419
38655.0,3,11,312
38657.5,-41,-40,291
38660.0,44,-2,279
38662.5,-9,26,334
38665.0,70,-19,221
38667.5,-1,8,301
38670.0,-16,-10,297
38672.5,44,7,382
38675.0,26,-8,355
38677.5,-10,-19,325
38680.0,-21,-27,345
38682.5,-27,-24,339
38685.0,2,-61,224
38687.5,66,-4,260
38690.0,-17,-44,313
38692.5,42,-7,287
38695.0,16,-19,305
38697.5,71,39,278
38700.0,7,-21,267
38702.5,7,-21,267
38705.0,0,-25,341
38707.5,78,-5,291
38710.0,-4,2,326
38712.5,0,-16,311
38715.0,79,28,326
38717.5,-63,-63,335
38720.0,26,0,280
38722.5,77,12,256
38725.0,2,-3,303
38727.5,48,18,318
38730.0,-52,-41,309
38732.5,-2,4,361
38735.0,75,16,295
38737.5,-21,-55,346
38740.0,83,55,195
38742.5,54,-20,318
38745.0,-28,-15,300
38747.5,19,1,343
38750.0,7,2,335
38752.5,7,2,335
38755.0,22,33,297
38757.5,-53,7,243
38760.0,-39,19,302
38762.5,-3,-13,245
38765.0,25,40,248
38767.5,2,22,279
38770.0,16,0,307
38772.5,-15,-41,304
38775.0,76,28,230
38777.5,44,18,297
38780.0,-36,-6,306
38782.5,20,-3,230
38785.0,-33,-14,246
38787.5,-9,-1,351
38790.0,-8,-51,353
38792.5,-20,-15,349
38795.0,-45,-47,264
38797.5,36,-22,331
38800.0,104,10,349
38802.5,104,10,349
38805.0,49,19,212
38807.5,-20,11,279
38810.0,-6,14,383
38812.5,20,-11,282
38815.0,13,-4,350
38817.5,-9,-44,289
38820.0,36,-58,317
38822.5,12,-41,296
38825.0,58,-18,304
38827.5,21,-4,296
38830.0,-44,-21,308
38832.5,30,54,299
38835.0,-25,-4,370
38837.5,-21,-51,293
38840.0,20,-15,276
38842.5,-27,28,300
38845.0,101,8,291
38847.5,-74,-32,343
38850.0,10,-22,334
38852.5,10,-22,334
38855.0,1,-12,267
38857.5,17,-31,353
38860.0,24,3,241
38862.5,59,-3,303
38865.0,18,0,315
38867.5,37,-23,244
38870.0,14,-15,287
38872.5,49,-40,347
38875.0,29,-35,347
38877.5,-8,-38,376
38880.0,-41,-28,247
38882.5,56,-27,276
38885.0,24,-13,322
38887.5,26,-5,332
38890.0,-39,-9,294
38892.5,12,-27,332
38895.0,-31,-8,252
38897.5,23,9,375
38900.0,12,26,262
38902.5,12,26,262
38905.0,-53,30,290
38907.5,46,-9,312
38910.0,7,17,240
38912.5,20,18,292
38915.0,42,6,358
38917.5,26,-21,264
38920.0,-32,-30,341
38922.5,49,8,253
38925.0,-33,0,269
38927.5,3,44,263
38930.0,49,10,293
38932.5,-29,-32,339
38935.0,23,-5,344
38937.5,37,-32,265
38940.0,-14,-44,340
38942.5,25,-34,279
38945.0,25,-6,295
38947.5,-24,-18,300
38950.0,61,-3,273
38952.5,61,-3,273
38955.0,13,-57,307
38957.5,23,-17,353
38960.0,-70,-9,319
38962.5,-30,-66,335
38965.0,30,-29,325
38967.5,23,-9,255
38970.0,-35,-13,344
38972.5,-26,-28,324
38975.0,-39,-1,399
38977.5,11,-6,326
38980.0,6,24,247
38982.5,-37,-28,310
38985.0,-18,-18,196
38987.5,7,-32,299
38990.0,-13,-2,362
38992.5,56,33,197
38995.0,7,23,284
38997.5,13,0,321
39000.0,-60,-55,254
39002.5,-60,-55,254
39005.0,31,0,316
39007.5,28,-3,279
39010.0,30,1,404
39012.5,-12,-6,310
39015.0,21,-12,263
39017.5,12,-48,243
39020.0,73,28,306
39022.5,39,4,169
39025.0,10,-7,298
39027.5,0,-23,312
39030.0,-31,-31,301
39032.5,19,-8,380
39035.0,98,33,242
39037.5,47,-4,378
39040.0,66,15,210
39042.5,-63,-31,230
39045.0,-16,-16,282
39047.5,0,15,370
39050.0,18,15,245
39052.5,18,15,245
39055.0,44,-31,341
39057.5,16,-18,341
39060.0,-9,-22,312
39062.5,21,-12,219
39065.0,-34,-23,287
39067.5,7,11,331
39070.0,57,-23,247
39072.5,-30,-24,322
39075.0,1,-20,312
39077.5,41,18,280
39080.0,-18,10,325
39082.5,27,-53,296
39085.0,42,-9,316
39087.5,4,19,289
39090.0,-18,16,275
39092.5,2,-32,321
39095.0,9,-45,309
39097.5,-19,-29,268
39100.0,-22,-16,321
39102.5,-22,-16,321
39105.0,25,-14,282
39107.5,-61,-34,299
39110.0,31,-21,366
39112.5,78,0,325
39115.0,-9,-2,331
39117.5,-13,-53,313
39120.0,78,3,251
39122.5,13,-8,287
39125.0,73,18,287
39127.5,-24,-35,338
39130.0,4,-7,332
39132.5,18,-5,281
39135.0,-53,-36,410
39137.5,75,20,274
39140.0,41,3,290
39142.5,4,10,312
39145.0,9,-10,293
39147.5,-19,25,295
39150.0,1,26,293
39152.5,1,26,293
39155.0,60,-8,226
39157.5,-14,-30,333
39160.0,11,-30,280
39162.5,41,-29,317
39165.0,0,-42,335
39167.5,51,10,346
39170.0,3,-49,374
39172.5,5,-10,358
39175.0,25,0,273
39177.5,43,-3,287
39180.0,-6,-17,269
39182.5,18,-9,267
39185.0,66,7,366
39187.5,11,-16,305
39190.0,16,-5,276
39192.5,48,27,302
39195.0,82,19,263
39197.5,14,-39,285
39200.0,10,-12,268
39202.5,10,-12,268
39205.0,9,-24,353
39207.5,-12,-2,305
39210.0,7,-16,309
39212.5,-14,17,364
39215.0,3,1,343
39217.5,3,-113,233
39220.0,19,-21,309
39222.5,31,19,247
39225.0,-2,-7,321
39227.5,-63,-55,380
39230.0,-40,-57,313
39232.5,-41,-16,373
39235.0,22,-18,340
39237.5,-30,-27,260
39240.0,5,-23,321
39242.5,71,0,266
39245.0,8,19,337
39247.5,-4,-56,418
39250.0,0,2,323
39252.5,0,2,323
39255.0,0,-16,348
39257.5,6,-2,335
39260.0,54,9,261
39262.5,8,-50,300
39265.0,67,-9,231
39267.5,-24,11,274
39270.0,17,8,344
39272.5,51,-7,327
39275.0,-19,-44,336
39277.5,-11,-16,326
39280.0,119,19,302
39282.5,79,1,332
39285.0,43,5,263
39287.5,21,-44,303
39290.0,-13,-17,354
39292.5,26,-13,303
39295.0,-26,-36,347
39297.5,91,-22,314
39300.0,30,4,256
39302.5,30,4,256
39305.0,47,7,324
39307.5,4,-7,259
39310.0,4,-30,316
39312.5,14,-25,339
39315.0,25,-4,305
39317.5,34,-28,322
39320.0,-7,-4,315
39322.5,63,-10,238
39325.0,-17,7,248
39327.5,105,5,310
39330.0,-22,-37,331
39332.5,-5,-2,346
39335.0,36,17,256
39337.5,33,-15,369
39340.0,74,18,256
39342.5,-41,-29,230
39345.0,32,-3,227
39347.5,-38,-52,282
39350.0,9,1,329
39352.5,9,1,329
39355.0,-31,-7,299
39357.5,5,-4,309
39360.0,-5,-15,389
39362.5,-44,-37,251
39365.0,54,-12,163
39367.5,-10,-23,260
39370.0,43,29,321
39372.5,21,-19,343
39375.0,-49,-55,319
39377.5,-31,-28,374
39380.0,-21,-21,322
39382.5,28,15,232
39385.0,11,11,193
39387.5,37,-40,348
39390.0,24,-69,280
39392.5,17,-42,291
39395.0,47,-15,396
39397.5,12,-6,293
39400.0,55,-10,335
39402.5,55,-10,335
39405.0,70,60,248
39407.5,24,24,317
39410.0,-3,-43,326
39412.5,26,30,278
39415.0,45,8,282
39417.5,-9,15,319
39420.0,46,-6,290
39422.5,-47,-12,364
39425.0,1,-38,259
39427.5,9,17,325
39430.0,-34,20,319
39432.5,-9,-14,284
39435.0,14,-4,341
39437.5,39,-2,274
39440.0,63,-5,294
39442.5,25,-2,339
39445.0,78,-5,241
39447.5,-22,-14,354
39450.0,-11,-29,331
39452.5,-11,-29,331
39455.0,16,-9,324
39457.5,-11,-4,333
39460.0,-18,-56,279
39462.5,-1,-83,305
39465.0,11,-19,303
39467.5,99,24,240
39470.0,7,-7,290
39472.5,-23,-22,326
39475.0,5,-5,292
39477.5,-65,-53,356
39480.0,44,33,257
39482.5,12,0,282
39485.0,25,-23,304
39487.5,50,9,289
39490.0,-56,-65,302
39492.5,-2,-8,346
39495.0,-15,0,287
39497.5,-33,-12,392
39500.0,82,22,269
39502.5,82,22,269
39505.0,46,4,288
39507.5,-31,-14,304
39510.0,65,6,259
39512.5,57,49,348
39515.0,52,25,377
39517.5,25,-44,259
39520.0,-3,-11,303
39522.5,9,7,304
39525.0,-30,2,348
39527.5,18,1,364
39530.0,-2,5,287
39532.5,43,14,338
39535.0,49,-7,281
39537.5,111,89,243
39540.0,-2,33,299
39542.5,-37,-6,272
39545.0,5,-1,307
39547.5,-63,2,355
39550.0,69,-59,312
39552.5,69,-59,312
39555.0,45,1,407
39557.5,9,-17,284
39560.0,-3,-29,201
39562.5,-15,-29,331
39565.0,30,-33,301
39567.5,71,7,318
39570.0,-29,-29,352
39572.5,-15,-49,322
39575.0,-50,-58,347
39577.5,-2,12,262
39580.0,20,13,215
39582.5,-14,-24,350
39585.0,14,3,253
39587.5,52,35,259
39590.0,-38,-28,317
39592.5,2,-2,381
39595.0,141,18,315
39597.5,-14,16,227
39600.0,-9,-25,281
39602.5,-9,-25,281
39605.0,5,-11,341
39607.5,3,0,278
39610.0,-23,25,324
39612.5,-2,41,334
39615.0,15,14,321
39617.5,26,-7,333
39620.0,71,44,239
39622.5,56,21,277
39625.0,-4,-47,262
39627.5,15,-24,274
39630.0,50,-30,282
39632.5,29,-29,355
39635.0,11,-2,269
39637.5,47,-1,361
39640.0,76,29,261
39642.5,76,-4,278
39645.0,3,-19,299
39647.5,25,-14,280
39650.0,-47,-18,315
39652.5,-47,-18,315
39655.0,20,-34,338
39657.5,29,-17,331
39660.0,-17,-17,380
39662.5,40,2,238
39665.0,64,-7,283
39667.5,2,-5,296
39670.0,-8,12,267
39672.5,4,-6,302
39675.0,-2,-27,328
39677.5,51,6,265
39680.0,-19,-29,393
39682.5,83,13,278
39685.0,34,27,254
39687.5,38,-14,282
39690.0,17,16,305
39692.5,-10,6,328
39695.0,26,-10,359
39697.5,19,-57,331
39700.0,-1,18,388
39702.5,-1,18,388
39705.0,-22,-1,253
39707.5,-1,-14,258
39710.0,-8,33,317
39712.5,53,-19,307
39715.0,57,44,270
39717.5,59,-56,298
39720.0,53,1,289
39722.5,-36,-31,367
39725.0,-1,-10,279
39727.5,19,1,308
39730.0,-39,-85,419
39732.5,32,21,278
39735.0,-14,-15,335
39737.5,-11,-35,290
39740.0,-19,28,256
39742.5,16,-6,348
39745.0,3,-15,295
39747.5,39,7,277
39750.0,-39,-36,311
39752.5,-39,-36,311
39755.0,16,5,374
39757.5,-3,2,288
39760.0,35,-28,314
39762.5,23,9,211
39765.0,-35,-15,323
39767.5,35,6,268
39770.0,27,-5,341
39772.5,-16,3,338
39775.0,29,-26,305
39777.5,-19,-15,317
39780.0,24,-12,268
39782.5,-12,-24,205
39785.0,-28,-18,317
39787.5,34,37,370
39790.0,74,29,281
39792.5,70,14,323
39795.0,-5,-56,275
39797.5,-13,-38,343
39800.0,19,7,288
39802.5,19,7,288
39805.0,11,-76,265
39807.5,-20,-33,392
39810.0,35,-6,312
39812.5,6,-7,322
39815.0,-29,-26,302
39817.5,36,5,290
39820.0,-7,-30,373
39822.5,48,-12,230
39825.0,41,24,306
39827.5,-4,-7,311
39830.0,36,-1,285
39832.5,-46,-31,324
39835.0,19,5,295
39837.5,27,-7,269
39840.0,-9,-10,296
39842.5,72,1,258
39845.0,-5,-9,308
39847.5,-16,-16,345
39850.0,45,-8,282
39852.5,45,-8,282
39855.0,49,-30,360
39857.5,41,-23,268
39860.0,-32,-39,241
39862.5,12,5,270
39865.0,85,18,263
39867.5,6,-20,246
39870.0,-18,-6,320
39872.5,52,34,337
39875.0,11,9,324
39877.5,35,7,197
39880.0,-19,-27,296
39882.5,-15,-3,327
39885.0,35,-18,304
39887.5,4,-2,267
39890.0,37,6,344
39892.5,55,16,288
39895.0,-15,33,281
39897.5,6,34,285
39900.0,-20,-20,332
39902.5,-20,-20,332
39905.0,37,-2,344
39907.5,55,44,291
39910.0,-61,-40,353
39912.5,60,-18,303
39915.0,29,-14,219
39917.5,25,-32,325
39920.0,43,7,292
39922.5,-74,-83,305
39925.0,-67,-1,348
39927.5,13,2,287
39930.0,1,4,346
39932.5,55,16,263
39935.0,84,3,222
39937.5,74,48,300
39940.0,11,-17,308
39942.5,87,22,260
39945.0,17,-27,356
39947.5,-19,0,292
39950.0,-48,-69,394
39952.5,-48,-69,394
39955.0,55,11,268
39957.5,33,22,245
39960.0,7,-19,313
39962.5,8,22,270
39965.0,-40,30,295
39967.5,0,-10,381
39970.0,-25,0,366
39972.5,49,15,332
39975.0,73,15,306
39977.5,6,-22,296
39980.0,-50,-17,304
39982.5,18,-1,317
39985.0,-4,-27,303
39987.5,-45,-25,347
39990.0,34,10,265
39992.5,-32,-20,327
39995.0,-27,-43,308
39997.5,22,29,308
40000.0,2,28,302
40002.5,2,28,302
40005.0,15,23,287
40007.5,-78,-54,341
40010.0,4,-22,329
40012.5,-32,-48,285
40015.0,-14,-3,351
40017.5,-8,-30,274
40020.0,47,-16,276
40022.5,13,-24,326
40025.0,8,-6,291
40027.5,15,21,310
40030.0,22,-6,330
40032.5,29,-6,298
40035.0,-74,-30,371
40037.5,50,-35,278
40040.0,-4,-48,280
40042.5,26,-18,300
40045.0,30,42,292
40047.5,43,4,323
40050.0,-10,-47,333
40052.5,-10,-47,333
40055.0,-39,-76,256
40057.5,-23,-28,362
40060.0,110,109,242
40062.5,68,58,233
40065.0,-7,11,307
40067.5,74,3,120
40070.0,1,-10,329
40072.5,12,-10,337
40075.0,37,-7,314
40077.5,72,-16,340
40080.0,44,31,212
40082.5,-35,13,433
40085.0,-31,-6,339
40087.5,50,63,252
40090.0,65,6,290
40092.5,56,-15,348
40095.0,85,42,213
40097.5,13,-37,364
40100.0,63,-1,257
40102.5,63,-1,257
40105.0,6,-5,292
40107.5,0,-20,291
40110.0,75,61,355
40112.5,-15,-27,327
40115.0,69,19,277
40117.5,52,-24,290
40120.0,0,18,282
40122.5,7,-38,275
40125.0,4,0,319
40127.5,53,-25,333
40130.0,71,-2,314
40132.5,-28,-57,294
40135.0,74,20,238
40137.5,-61,-9,266
40140.0,3,-10,334
40142.5,11,17,293
40145.0,32,28,300
40147.5,-31,-26,341
40150.0,34,-9,363
40152.5,34,-9,363
40155.0,10,-18,369
40157.5,14,13,258
40160.0,72,22,296
40162.5,23,19,285
40165.0,42,10,278
40167.5,34,-12,298
40170.0,64,7,293
40172.5,5,-19,243
40175.0,11,15,367
40177.5,67,-2,253
40180.0,-3,-7,308
40182.5,9,5,302
40185.0,19,3,312
40187.5,-34,-49,291
40190.0,-24,-18,336
40192.5,56,15,263
40195.0,-37,-48,330
40197.5,54,13,247
40200.0,36,29,281
40202.5,36,29,281
40205.0,-8,-6,314
40207.5,59,-10,320
40210.0,-87,-60,359
40212.5,14,10,290
40215.0,-37,-28,260
40217.5,-5,-20,316
40220.0,53,24,278
40222.5,-3,-3,308
40225.0,-4,-11,334
40227.5,93,8,286
40230.0,-33,-48,347
40232.5,68,7,227
40235.0,-15,14,282
40237.5,-29,-33,298
40240.0,32,-1,282
40242.5,-22,-4,312
40245.0,23,15,258
40247.5,9,-6,343
40250.0,-12,5,387
40252.5,-12,5,387
40255.0,59,-11,248
40257.5,-9,31,287
40260.0,-62,-17,394
40262.5,-58,-18,328
40265.0,10,-43,349
40267.5,15,-60,325
40270.0,63,6,263
40272.5,-92,-104,327
40275.0,60,-24,206
40277.5,-60,-49,348
40280.0,3,-17,415
40282.5,64,-10,278
40285.0,-20,-9,327
40287.5,-7,-6,310
40290.0,-28,-5,235
40292.5,-44,-43,260
40295.0,58,13,284
40297.5,-11,-3,349
40300.0,36,-15,336
40302.5,36,-15,336
40305.0,25,19,285
40307.5,-44,-40,363
40310.0,72,18,307
40312.5,12,-7,247
40315.0,12,-30,325
40317.5,16,-26,304
40320.0,22,-6,332
40322.5,-47,-6,294
40325.0,39,-2,287
40327.5,-43,-41,353
40330.0,8,-27,306
40332.5,-27,-1,282
40335.0,35,5,322
40337.5,18,12,274
40340.0,4,7,291
40342.5,-40,9,292
40345.0,-24,10,270
40347.5,-27,-49,336
40350.0,34,12,288
40352.5,34,12,288
40355.0,62,-13,243
40357.5,3,-16,343
40360.0,86,0,327
40362.5,30,12,270
40365.0,53,-22,289
40367.5,14,-6,257
40370.0,-23,-15,326
40372.5,32,7,299
40375.0,-56,5,302
40377.5,-21,-10,260
40380.0,33,-11,281
40382.5,30,32,316
40385.0,-2,-40,329
40387.5,21,-18,281
40390.0,-11,-3,344
40392.5,26,-5,251
40395.0,105,11,270
40397.5,-44,-14,273
40400.0,32,-5,228
40402.5,32,-5,228
40405.0,17,-7,306
40407.5,81,-10,330
40410.0,9,-4,301
40412.5,-35,-26,359
40415.0,24,37,238
40417.5,-10,-10,313
40420.0,-21,6,300
40422.5,33,-14,292
40425.0,19,-32,310
40427.5,-21,20,351
40430.0,16,36,282
40432.5,-69,-77,303
40435.0,33,-15,317
40437.5,-63,-31,263
40440.0,20,-21,350
40442.5,34,43,252
40445.0,-32,-28,317
40447.5,-11,-47,354
40450.0,32,-18,362
40452.5,32,-18,362
40455.0,2,-21,333
40457.5,19,-11,245
40460.0,6,-4,280
40462.5,-48,-10,320
40465.0,96,-5,320
40467.5,44,3,289
40470.0,-36,-19,332
40472.5,16,-37,221
40475.0,-8,-2,362
40477.5,90,13,228
40480.0,35,17,381
40482.5,13,28,273
40485.0,33,-22,315
40487.5,-6,-10,279
40490.0,60,13,279
40492.5,100,25,192
40495.0,55,4,284
40497.5,53,9,319
40500.0,15,4,332
40502.5,15,4,332
40505.0,-26,28,421
40507.5,27,-33,300
40510.0,-17,0,368
40512.5,37,-39,283
40515.0,63,31,291
40517.5,42,1,281
40520.0,8,-25,308
40522.5,-5,17,289
40525.0,67,-33,351
40527.5,82,-10,348
40530.0,23,2,349
40532.5,41,-3,245
40535.0,106,35,271
40537.5,40,10,334
40540.0,72,22,310
40542.5,10,20,302
40545.0,-36,-19,332
40547.5,-23,-24,257
40550.0,-23,-24,257
40552.5,9,2,355
40555.0,-29,1,260
40557.5,66,48,312
40560.0,-4,16,287
40562.5,46,3,323
40565.0,-8,-3,297
40567.5,56,23,307
40570.0,-26,-41,234
40572.5,18,-8,279
40575.0,57,16,274
40577.5,-8,9,311
40580.0,-9,-9,344
40582.5,17,-2,323
40585.0,-4,-22,356
40587.5,16,-6,264
40590.0,20,-14,268
40592.5,-15,-9,296
40595.0,9,-17,326
40597.5,2,-4,306
40600.0,2,-4,306
40602.5,-54,-84,301
40605.0,48,-33,233
40607.5,-92,-49,362
40610.0,4,22,246
40612.5,12,-5,211
40615.0,-11,-23,342
40617.5,56,8,316
40620.0,-2,-26,403
40622.5,40,-42,267
40625.0,54,-5,220
40627.5,-23,-15,313
40630.0,84,-29,239
40632.5,20,-55,303
40635.0,-10,-23,371
40637.5,57,8,298
40640.0,-8,-32,475
40642.5,10,-15,302
40645.0,43,-21,207
40647.5,16,-10,332
40650.0,16,-10,332
40652.5,57,-14,257
40655.0,11,13,280
40657.5,10,0,302
40660.0,23,-1,335
40662.5,48,-44,304
40665.0,39,-32,275
40667.5,45,-31,287
40670.0,-66,-96,280
40672.5,86,34,251
40675.0,-34,7,309
40677.5,-29,-36,349
40680.0,57,9,274
40682.5,-3,-46,326
40685.0,53,-28,337
40687.5,65,-26,301
40690.0,4,-17,293
40692.5,43,-13,294
40695.0,27,-19,328
40697.5,22,-38,293
40700.0,22,-38,293
40702.5,67,20,257
40705.0,-37,-31,378
40707.5,-2,-43,259
40710.0,-6,-17,291
40712.5,4,4,312
40715.0,30,4,296
40717.5,25,-16,295
40720.0,27,-52,397
40722.5,86,-7,274
40725.0,-42,-16,337
40727.5,27,-7,274
40730.0,-61,26,242
40732.5,-4,20,272
40735.0,-9,-5,286
40737.5,20,-42,306
40740.0,-18,-41,358
40742.5,144,18,301
40745.0,-26,-25,335
40747.5,1,-19,234
40750.0,1,-19,234
40752.5,-62,-43,306
40755.0,-3,2,313
40757.5,13,13,270
40760.0,42,-39,334
40762.5,29,-42,324
40765.0,91,-1,286
40767.5,-19,-29,353
40770.0,6,-26,249
40772.5,-17,3,257
40775.0,-16,-16,307
40777.5,18,-30,289
40780.0,22,-5,309
40782.5,53,-18,377
40785.0,-11,-18,275
40787.5,-42,-10,376
40790.0,57,21,228
40792.5,35,-45,352
40795.0,48,-24,235
40797.5,113,20,313
40800.0,113,20,313
40802.5,46,-43,210
40805.0,96,49,326
40807.5,59,-15,305
40810.0,63,39,360
40812.5,22,-6,210
40815.0,55,8,289
40817.5,-47,107,417
40820.0,-6,-5,231
40822.5,-19,-44,368
40825.0,56,-34,279
40827.5,66,-8,289
40830.0,65,21,322
40832.5,-21,19,229
40835.0,-30,-4,301
40837.5,-3,-8,408
40840.0,18,-35,355
40842.5,-26,-10,347
40845.0,39,-7,207
40847.5,39,-14,242
40850.0,39,-14,242
40852.5,-2,-34,351
40855.0,33,-3,256
40857.5,5,-15,376
40860.0,5,64,344
40862.5,74,20,329
40865.0,31,-5,295
40867.5,-30,-48,260
40870.0,2,-12,213
40872.5,-7,-16,351
40875.0,44,-14,224
40877.5,4,-35,299
40880.0,-51,-53,340
40882.5,-10,16,323
40885.0,-42,-49,371
40887.5,49,17,261
40890.0,6,10,371
40892.5,-9,-12,294
40895.0,15,32,330
40897.5,-13,5,324
40900.0,-13,5,324
40902.5,42,-30,364
40905.0,23,-6,244
40907.5,-65,-42,316
40910.0,-3,15,270
40912.5,-45,-59,306
40915.0,-22,11,322
40917.5,24,-2,241
40920.0,-9,11,322
40922.5,13,-36,269
40925.0,125,41,262
40927.5,-21,21,298
40930.0,11,8,282
40932.5,-31,-21,312
40935.0,83,13,327
40937.5,44,15,316
40940.0,38,2,354
40942.5,-2,-15,244
40945.0,4,12,282
40947.5,25,-34,311
40950.0,25,-34,311
40952.5,-18,12,285
40955.0,17,10,339
40957.5,34,41,335
40960.0,-7,-43,286
40962.5,5,-29,339
40965.0,14,10,261
40967.5,58,56,303
40970.0,-56,-1,288
40972.5,-49,-65,300
40975.0,-11,9,273
40977.5,-10,-24,331
40980.0,-2,-26,175
40982.5,-15,-1,266
40985.0,83,-32,218
40987.5,-5,-10,314
40990.0,-12,2,374
40992.5,79,-17,317
40995.0,-32,-43,387
40997.5,74,33,227
41000.0,74,33,227
41002.5,-44,-37,259
41005.0,23,-5,293
41007.5,79,-5,295
41010.0,-37,60,267
41012.5,-17,-38,381
41015.0,5,76,264
41017.5,18,1,374
41020.0,14,2,224
41022.5,19,12,265
41025.0,-36,-18,292
41027.5,78,16,313
41030.0,-44,-7,298
41032.5,31,-26,401
41035.0,54,-84,241
41037.5,-60,4,325
41040.0,46,-13,256
41042.5,73,-28,330
41045.0,34,-26,302
41047.5,35,-13,368
41050.0,35,-13,368
41052.5,15,-50,294
41055.0,43,-22,274
41057.5,13,-11,215
41060.0,-22,26,315
41062.5,19,27,256
41065.0,-34,-12,288
41067.5,-25,-10,359
41070.0,-17,5,350
41072.5,-34,-14,348
41075.0,13,-23,289
41077.5,39,-7,245
41080.0,14,-37,340
41082.5,9,8,290
41085.0,-40,7,324
41087.5,-24,16,315
41090.0,43,-5,304
41092.5,-34,-60,301
41095.0,45,-26,324
41097.5,57,-13,258
41100.0,57,-13,258
41102.5,21,-11,310
41105.0,-6,-62,296
41107.5,8,-37,314
41110.0,5,11,324
41112.5,28,-23,294
41115.0,-5,-19,334
41117.5,46,-51,330
41120.0,91,0,276
41122.5,-8,-48,334
41125.0,29,24,231
41127.5,-10,1,279
41130.0,-12,-14,305
41132.5,-3,-29,308
41135.0,23,-34,349
41137.5,24,3,274
41140.0,-19,-34,260
41142.5,-34,-57,334
41145.0,27,2,270
41147.5,-1,-12,323
41150.0,-1,-12,323
41152.5,-21,-45,395
41155.0,26,-17,325
41157.5,-50,-23,334
41160.0,43,-37,320
41162.5,10,-61,231
41165.0,-44,5,296
41167.5,0,-14,252
41170.0,-37,0,497
41172.5,-9,13,330
41175.0,51,41,277
41177.5,27,-10,310
41180.0,51,11,309
41182.5,41,32,200
41185.0,36,23,325
41187.5,55,-30,305
41190.0,42,13,282
41192.5,48,-29,342
41195.0,43,-5,295
41197.5,-19,19,332
41200.0,-19,19,332
41202.5,46,23,265
41205.0,-52,-78,351
41207.5,-20,-46,276
41210.0,75,11,409
41212.5,-16,-26,264
41215.0,-61,-57,250
41217.5,31,3,297
41220.0,-5,-9,356
41222.5,99,15,230
41225.0,15,-22,289
41227.5,-20,68,259
41230.0,90,67,286
41232.5,-35,-60,355
41235.0,-76,-41,340
41237.5,25,16,316
41240.0,-30,-3,317
41242.5,26,2,267
41245.0,-6,19,256
41247.5,18,-12,382
41250.0,18,-12,382
41252.5,45,-29,309
41255.0,-54,-16,322
41257.5,38,27,262
41260.0,68,-13,210
41262.5,-54,-9,293
41265.0,24,-10,270
41267.5,-11,-45,331
41270.0,61,-43,344
41272.5,-33,-15,363
41275.0,60,0,330
41277.5,41,16,240
41280.0,54,29,227
41282.5,-3,1,325
41285.0,-7,8,345
41287.5,-53,-17,286
41290.0,1,-23,329
41292.5,58,19,247
41295.0,-38,-60,375
41297.5,-38,-60,375
41300.0,6,-35,237
41302.5,74,-5,295
41305.0,-44,4,297
41307.5,-11,9,307
41310.0,-42,-36,311
41312.5,32,9,298
41315.0,63,32,233
41317.5,-16,-40,288
41320.0,37,6,266
41322.5,-12,-28,301
41325.0,-39,-7,334
41327.5,3,-16,318
41330.0,-12,-68,294
41332.5,-19,-65,275
41335.0,29,18,287
41337.5,-80,12,343
41340.0,-25,28,322
41342.5,-28,-52,345
41345.0,-6,9,305
41347.5,-6,9,305
41350.0,-16,4,354
41352.5,-33,-86,364
41355.0,67,-11,222
41357.5,34,-11,311
41360.0,-37,7,308
41362.5,112,48,307
41365.0,18,-44,320
41367.5,-17,-49,338
41370.0,75,17,225
41372.5,37,-31,272
41375.0,77,17,277
41377.5,-7,12,338
41380.0,-19,3,285
41382.5,66,21,295
41385.0,-23,-20,388
41387.5,-13,-69,268
41390.0,-43,-37,246
41392.5,-55,-29,316
41395.0,51,9,302
41397.5,51,9,302
41400.0,8,-23,353
41402.5,27,21,376
41405.0,-25,-28,275
41407.5,-25,31,446
41410.0,21,-22,309
41412.5,73,22,215
41415.0,28,-12,343
41417.5,-2,-18,299
41420.0,84,-5,305
41422.5,-39,-79,304
41425.0,12,-9,331
41427.5,6,-18,338
41430.0,-26,-25,248
41432.5,77,31,251
41435.0,5,46,364
41437.5,-1,-33,331
41440.0,-20,-8,293
41442.5,-9,-11,352
41445.0,27,2,329
41447.5,27,2,329
41450.0,44,-4,313
41452.5,8,-9,348
41455.0,26,6,271
41457.5,-1,-6,243
41460.0,19,-48,297
41462.5,-18,-48,331
41465.0,46,10,368
41467.5,31,3,278
41470.0,-18,-29,352
41472.5,2,-1,258
41475.0,18,-29,281
41477.5,-14,-8,260
41480.0,56,-10,248
41482.5,26,-47,289
41485.0,27,-9,349
41487.5,41,4,266
41490.0,-19,-12,358
41492.5,62,8,222
41495.0,25,-20,279
41497.5,25,-20,279
41500.0,-10,-8,306
41502.5,10,-19,361
41505.0,-40,-21,353
41507.5,24,-5,347
41510.0,28,10,322
41512.5,-24,-14,381
41515.0,58,-27,267
41517.5,-4,-26,314
41520.0,1,0,315
41522.5,49,-4,299
41525.0,24,8,311
41527.5,-20,17,307
41530.0,-3,-12,291
41532.5,-34,-52,330
41535.0,64,-23,100
41537.5,25,-35,253
41540.0,30,32,338
41542.5,43,3,372
41545.0,-24,3,308
41547.5,-24,3,308
41550.0,-8,-12,330
41552.5,67,-22,405
41555.0,54,10,278
41557.5,-30,-3,233
41560.0,31,-22,267
41562.5,-49,-28,364
41565.0,-15,17,332
41567.5,1,16,362
41570.0,57,-20,237
41572.5,117,21,258
41575.0,-36,-44,274
41577.5,1,20,229
41580.0,-48,-6,276
41582.5,8,10,355
41585.0,34,-46,351
41587.5,53,22,320
41590.0,85,9,262
41592.5,42,2,253
41595.0,-27,-41,376
41597.5,-27,-41,376
41600.0,55,25,269
41602.5,-13,-33,307
41605.0,47,5,313
41607.5,-67,-67,314
41610.0,8,-12,356
41612.5,37,4,231
41615.0,64,31,305
41617.5,16,40,307
41620.0,99,26,371
41622.5,-28,-50,306
41625.0,-10,19,297
41627.5,44,-15,269
41630.0,-21,-7,328
41632.5,66,21,237
41635.0,7,-21,298
41637.5,37,31,317
41640.0,61,-14,293
41642.5,-1,-22,329
41645.0,57,46,287
41647.5,57,46,287
41650.0,0,-35,277
41652.5,-40,-51,320
41655.0,-15,-18,277
41657.5,6,-32,286
41660.0,1,-15,298
41662.5,17,-6,286
41665.0,9,25,377
41667.5,-17,-15,277
41670.0,7,-2,290
41672.5,11,-2,320
41675.0,31,-2,269
41677.5,39,-10,302
41680.0,11,-24,345
41682.5,-59,-1,256
41685.0,2,7,329
41687.5,13,3,236
41690.0,64,12,286
41692.5,-70,-44,306
41695.0,-19,-19,328
41697.5,-19,-19,328
41700.0,28,-33,336
41702.5,9,-6,321
41705.0,126,58,269
41707.5,0,-93,284
41710.0,61,25,212
41712.5,-55,-76,331
41715.0,2,7,343
41717.5,4,10,321
41720.0,-18,-8,396
41722.5,-41,-29,256
41725.0,60,1,212
41727.5,-14,-65,305
41730.0,21,-1,311
41732.5,54,-42,298
41735.0,47,-29,365
41737.5,52,7,290
41740.0,-76,-62,343
41742.5,-81,-39,292
41745.0,-9,-23,314
41747.5,-9,-23,314
41750.0,-72,5,329
41752.5,10,-20,300
41755.0,-10,-18,309
41757.5,99,-30,328
41760.0,22,12,241
41762.5,2,-27,282
41765.0,53,-24,237
41767.5,15,-14,345
41770.0,-10,-4,324
41772.5,71,27,314
41775.0,5,-16,358
41777.5,-31,-50,349
41780.0,-22,-3,246
41782.5,-82,17,334
41785.0,18,-3,278
41787.5,-2,-10,301
41790.0,-20,-4,294
41792.5,4,-16,314
41795.0,16,-34,295
41797.5,16,-34,295
41800.0,-26,-86,354
41802.5,-1,17,254
41805.0,-11,-10,334
41807.5,-37,13,290
41810.0,-2,-51,310
41812.5,16,-40,341
41815.0,25,29,282
41817.5,-1,1,369
41820.0,-11,5,365
41822.5,-65,-48,264
41825.0,-11,-48,330
41827.5,31,19,287
41830.0,58,32,256
41832.5,-13,-16,341
41835.0,47,-3,297
41837.5,43,-18,373
41840.0,5,-11,286
41842.5,-16,-36,253
41845.0,18,-37,337
41847.5,18,-37,337
41850.0,19,19,251
41852.5,-54,9,298
41855.0,16,0,347
41857.5,50,2,295
41860.0,8,-32,359
41862.5,28,-22,286
41865.0,45,30,226
41867.5,-29,-30,285
41870.0,46,16,323
41872.5,20,-21,301
41875.0,-23,-17,324
41877.5,5,-22,309
41880.0,81,-25,373
41882.5,9,8,268
41885.0,-8,-34,314
41887.5,-4,-52,319
41890.0,25,0,273
41892.5,-70,-40,362
41895.0,-21,-38,329
41897.5,-21,-38,329
41900.0,96,20,251
41902.5,13,-29,409
41905.0,16,-54,396
41907.5,50,3,246
41910.0,11,-13,318
41912.5,30,-50,343
41915.0,-72,-39,323
41917.5,-15,-4,328
41920.0,27,-33,357
41922.5,-18,-31,405
41925.0,67,-11,270
41927.5,33,44,247
41930.0,-61,1,307
41932.5,-29,-23,469
41935.0,66,-10,248
41937.5,18,-30,346
41940.0,59,14,214
41942.5,-65,-42,373
41945.0,-49,-10,275
41947.5,-49,-10,275
41950.0,-48,23,381
41952.5,-10,-20,351
41955.0,36,13,340
41957.5,-41,-23,255
41960.0,11,-41,301
41962.5,32,-9,378
41965.0,33,-19,315
41967.5,-33,15,255
41970.0,-4,-74,248
41972.5,29,-27,385
41975.0,47,-12,338
41977.5,28,10,374
41980.0,-11,30,311
41982.5,101,29,258
41985.0,14,-12,322
41987.5,-6,-13,307
41990.0,40,-10,410
41992.5,31,22,270
41995.0,-17,-35,282
41997.5,-17,-35,282
42000.0,18,28,341
42002.5,80,44,243
42005.0,17,1,260
42007.5,-48,-25,278
42010.0,10,10,303
42012.5,-29,3,317
42015.0,30,-23,339
42017.5,21,22,294
42020.0,-49,-5,333
42022.5,51,38,242
42025.0,-22,-46,325
42027.5,0,-1,330
42030.0,-20,-34,342
42032.5,14,2,347
42035.0,38,10,351
42037.5,2,-27,265
42040.0,-23,-10,308
42042.5,8,16,247
42045.0,0,-3,278
42047.5,0,-3,278
42050.0,59,0,317
42052.5,16,-20,305
42055.0,-46,-33,374
42057.5,11,-25,220
42060.0,-80,-18,296
42062.5,-31,-35,322
42065.0,39,21,286
42067.5,-34,-33,316
42070.0,-58,-13,347
42072.5,70,48,178
42075.0,13,-6,366
42077.5,28,-10,284
42080.0,-13,-4,218
42082.5,-30,5,361
42085.0,-8,26,336
42087.5,-12,-26,355
42090.0,34,-4,294
42092.5,18,14,218
42095.0,-1,-38,345
42097.5,-1,-38,345
42100.0,55,47,264
42102.5,15,-8,317
42105.0,-40,-32,370
42107.5,58,-3,319
42110.0,78,-24,426
42112.5,38,-10,260
42115.0,63,5,232
42117.5,54,-34,307
42120.0,49,-13,312
42122.5,19,-37,306
42125.0,42,-53,368
42127.5,-23,13,253
42130.0,-33,-11,340
42132.5,4,-20,248
42135.0,77,-4,265
42137.5,46,-82,356
42140.0,23,-2,287
42142.5,-6,36,275
42145.0,-10,-7,340
42147.5,-10,-7,340
42150.0,14,3,340
42152.5,-33,-28,335
42155.0,-40,5,316
42157.5,-112,-76,383
42160.0,-4,-25,340
42162.5,16,16,306
42165.0,-47,-27,322
42167.5,39,-25,326
42170.0,58,32,279
42172.5,68,-17,318
42175.0,22,-16,249
42177.5,-14,1,296
42180.0,-10,10,351
42182.5,17,29,290
42185.0,-47,-39,259
42187.5,-3,-15,307
42190.0,-60,-43,289
42192.5,53,-22,369
42195.0,-26,-38,299
42197.5,-26,-38,299
42200.0,107,20,295
42202.5,-21,-21,294
42205.0,52,-4,260
42207.5,-22,-9,300
42210.0,-23,-37,352
42212.5,-30,-40,266
42215.0,-29,-34,338
42217.5,28,-35,234
42220.0,-16,5,302
42222.5,-50,-19,325
42225.0,0,-4,305
42227.5,25,-24,350
42230.0,17,-8,339
42232.5,15,-7,277
42235.0,-14,9,321
42237.5,41,-28,272
42240.0,21,16,289
42242.5,1,-11,310
42245.0,78,9,300
42247.5,78,9,300
42250.0,-42,-37,302
42252.5,-10,-22,335
42255.0,82,12,238
42257.5,-64,-65,322
42260.0,20,56,215
42262.5,57,53,223
42265.0,-25,-78,352
42267.5,-79,-43,398
42270.0,12,-80,321
42272.5,52,29,270
42275.0,54,8,253
42277.5,15,-14,310
42280.0,-1,-37,332
42282.5,-1,-16,279
42285.0,-21,-10,480
42287.5,11,-33,333
42290.0,-72,-20,314
42292.5,32,2,234
42295.0,-40,-35,192
42297.5,-40,-35,192
42300.0,-39,-14,305
42302.5,17,-1,236
42305.0,39,-17,331
42307.5,-12,-18,301
42310.0,24,12,331
42312.5,-48,-16,305
42315.0,-44,23,164
42317.5,27,13,273
42320.0,19,-15,306
42322.5,50,13,305
42325.0,-11,-17,346
42327.5,24,9,325
42330.0,38,-20,313
42332.5,44,8,297
42335.0,-2,2,213
42337.5,90,-12,260
42340.0,-24,-15,302
42342.5,114,8,375
42345.0,39,11,274
42347.5,39,11,274
42350.0,32,-42,288
42352.5,80,11,244
42355.0,-31,-40,345
42357.5,24,6,256
42360.0,-34,-41,295
42362.5,-8,14,353
42365.0,13,4,357
42367.5,13,-1,269
42370.0,-8,-32,303
42372.5,30,41,230
42375.0,-44,-32,270
42377.5,-14,-17,310
42380.0,-5,24,298
42382.5,42,-4,388
42385.0,31,-10,291
42387.5,-16,-51,330
42390.0,37,24,254
42392.5,41,-29,283
42395.0,-10,-27,319
42397.5,-10,-27,319
42400.0,67,55,291
42402.5,21,11,277
42405.0,14,21,333
42407.5,13,-18,255
42410.0,43,14,361
42412.5,-18,-48,214
42415.0,-15,-52,266
42417.5,31,23,325
42420.0,9,-23,282
42422.5,23,44,315
42425.0,54,41,299
42427.5,104,11,289
42430.0,-6,-22,326
42432.5,-8,-19,299
42435.0,51,-26,338
42437.5,-27,25,269
42440.0,-13,-49,345
42442.5,-35,-28,295
42445.0,-22,-14,213
42447.5,-22,-14,213
42450.0,50,10,295
42452.5,-12,-18,293
42455.0,27,32,184
42457.5,106,-12,302
42460.0,98,-31,341
42462.5,63,7,257
42465.0,-12,-17,389
42467.5,33,9,269
42470.0,15,-22,299
42472.5,-26,29,310
42475.0,1,-17,395
42477.5,-15,45,381
42480.0,-32,-21,326
42482.5,53,56,204
42485.0,1,41,337
42487.5,55,2,296
42490.0,28,-26,349
42492.5,13,2,354
42495.0,40,-19,312
42497.5,40,-19,312
42500.0,46,-17,305
42502.5,10,-51,330
42505.0,147,15,272
42507.5,25,15,333
42510.0,91,4,233
42512.5,-8,17,290
42515.0,-34,-33,356
42517.5,60,11,305
42520.0,-41,-65,318
42522.5,-20,-42,327
42525.0,39,8,242
42527.5,-29,-35,325
42530.0,21,0,281
42532.5,-45,-17,295
42535.0,33,73,386
42537.5,-6,1,302
42540.0,-33,-4,345
42542.5,-19,-18,291
42545.0,30,5,291
42547.5,30,5,291
42550.0,-28,-23,302
42552.5,22,-36,225
42555.0,34,-2,322
42557.5,-61,-37,322
42560.0,48,-1,266
42562.5,2,-35,354
42565.0,-10,-5,280
42567.5,-20,-20,297
42570.0,20,3,274
42572.5,-6,17,291
42575.0,36,23,316
42577.5,-40,-39,286
42580.0,-11,1,246
42582.5,-21,11,337
42585.0,18,-72,279
42587.5,32,-16,264
42590.0,50,22,299
42592.5,74,-28,305
42595.0,10,-19,320
42597.5,10,-19,320
42600.0,35,8,335
42602.5,-17,-5,285
42605.0,38,-10,350
42607.5,14,8,228
42610.0,-4,-25,224
42612.5,-12,-23,309
42615.0,2,11,285
42617.5,39,-1,365
42620.0,6,-22,352
42622.5,17,-41,269
42625.0,-39,-45,312
42627.5,-37,-21,293
42630.0,-47,19,356
42632.5,-56,9,335
42635.0,-4,36,324
42637.5,-2,57,362
42640.0,80,48,302
42642.5,15,-13,255
42645.0,15,-13,255
42647.5,-64,-29,316
42650.0,6,-7,263
42652.5,19,-1,222
42655.0,-51,7,354
42657.5,32,-10,380
42660.0,-1,15,323
42662.5,-64,-50,311
42665.0,51,11,271
42667.5,-45,-52,440
42670.0,56,71,208
42672.5,-62,-16,268
42675.0,-9,12,281
42677.5,-19,-4,344
42680.0,-52,-49,354
42682.5,-22,-11,377
42685.0,13,9,275
42687.5,-20,-27,297
42690.0,60,-29,351
42692.5,32,29,279
42695.0,32,29,279
42697.5,-54,-33,363
42700.0,68,-16,221
42702.5,-14,-33,345
42705.0,6,-9,232
42707.5,-62,-67,259
42710.0,6,1,311
42712.5,47,19,312
42715.0,8,20,286
42717.5,61,-44,354
42720.0,25,-4,248
42722.5,-32,-2,303
42725.0,54,33,263
42727.5,-24,18,218
42730.0,-21,-24,296
42732.5,76,36,272
42735.0,41,25,326
42737.5,12,-8,347
42740.0,57,17,310
42742.5,-50,-34,355
42745.0,-50,-34,355
42747.5,-18,-4,246
42750.0,33,11,319
42752.5,-8,-5,304
42755.0,54,5,278
42757.5,36,-19,331
42760.0,12,-11,287
42762.5,-12,-11,304
42765.0,-66,-27,302
42767.5,20,19,298
42770.0,16,27,309
42772.5,3,-39,340
42775.0,12,10,279
42777.5,-52,-43,364
42780.0,52,-6,280
42782.5,29,-79,242
42785.0,18,9,284
42787.5,28,-1,292
42790.0,19,-43,309
42792.5,-30,-17,334
42795.0,-30,-17,334
42797.5,100,72,315
42800.0,6,-16,360
42802.5,-5,-23,202
42805.0,89,11,306
42807.5,59,24,321
42810.0,75,-7,273
42812.5,7,-34,345
42815.0,58,-50,239
42817.5,85,26,240
42820.0,-19,-51,342
42822.5,18,17,237
42825.0,49,-11,278
42827.5,70,-14,399
42830.0,7,-34,392
42832.5,-17,3,298
42835.0,88,56,239
42837.5,-16,-38,221
42840.0,-29,20,340
42842.5,38,-29,278
42845.0,38,-29,278
42847.5,-24,-70,316
42850.0,21,-13,354
42852.5,21,-22,276
42855.0,-29,-31,346
42857.5,28,-25,277
42860.0,15,25,229
42862.5,24,18,308
42865.0,51,-3,302
42867.5,-2,-4,280
42870.0,44,-21,314
42872.5,109,39,238
42875.0,32,3,356
42877.5,56,12,226
42880.0,9,19,263
42882.5,7,6,358
42885.0,27,28,341
42887.5,92,3,250
42890.0,-38,-50,335
42892.5,45,-55,234
42895.0,45,-55,234
42897.5,46,-31,329
42900.0,17,-20,257
42902.5,-23,-35,247
42905.0,66,-53,333
42907.5,5,-48,337
42910.0,27,-8,329
42912.5,-5,1,292
42915.0,85,16,250
42917.5,-22,7,367
42920.0,18,-8,347
42922.5,22,-4,345
42925.0,33,-7,321
42927.5,2,26,304
42930.0,58,36,279
42932.5,19,-16,389
42935.0,5,-10,299
42937.5,35,18,360
42940.0,101,5,258
42942.5,-13,-26,285
42945.0,-13,-26,285
42947.5,10,-10,319
42950.0,32,-4,258
42952.5,10,-6,315
42955.0,9,-17,316
42957.5,28,-17,260
42960.0,-35,-17,330
42962.5,41,-1,275
42965.0,72,-13,348
42967.5,-36,-55,304
42970.0,31,-7,302
42972.5,46,3,307
42975.0,22,11,332
42977.5,-12,-40,276
42980.0,32,-1,368
42982.5,-41,17,245
42985.0,-2,-25,314
42987.5,-14,-23,343
42990.0,33,5,192
42992.5,-27,-17,223
42995.0,-27,-17,223
42997.5,25,11,359
43000.0,11,-11,249
43002.5,-10,-23,349
43005.0,96,27,138
43007.5,47,-6,254
43010.0,-34,-26,366
43012.5,-5,8,321
43015.0,59,-19,364
43017.5,49,-2,230
43020.0,57,-8,376
43022.5,17,3,328
43025.0,31,25,168
43027.5,14,-3,263
43030.0,11,-16,382
43032.5,34,12,283
43035.0,27,-26,356
43037.5,30,-28,308
43040.0,129,23,248
43042.5,-8,-18,315
43045.0,-8,-18,315
43047.5,-13,-7,270
43050.0,-65,-54,367
43052.5,38,-18,327
43055.0,-8,-27,343
43057.5,57,-12,327
43060.0,26,-48,322
43062.5,22,-14,256
43065.0,38,-5,320
43067.5,52,16,280
43070.0,11,-3,310
43072.5,49,-43,335
43075.0,12,-51,270
43077.5,3,-37,327
43080.0,57,3,216
43082.5,37,-3,303
43085.0,54,-8,312
43087.5,6,-2,356
43090.0,31,-31,322
43092.5,68,52,316
43095.0,68,52,316
43097.5,27,-14,258
43100.0,-19,-3,311
43102.5,64,20,238
43105.0,35,3,282
43107.5,-21,16,295
43110.0,30,-6,310
43112.5,4,-16,318
43115.0,64,33,333
43117.5,42,-18,288
43120.0,-108,13,288
43122.5,37,1,243
43125.0,-27,-21,330
43127.5,34,-1,335
43130.0,30,2,286
43132.5,44,8,344
43135.0,-5,-23,287
43137.5,69,-4,343
43140.0,-13,-21,311
43142.5,55,48,287
43145.0,55,48,287
43147.5,-19,20,291
43150.0,11,-29,351
43152.5,10,-1,302
43155.0,34,-12,361
43157.5,-5,-61,290
43160.0,-8,-29,303
43162.5,4,19,297
43165.0,4,-10,293
43167.5,1,-57,325
43170.0,59,-13,367
43172.5,-39,-7,226
43175.0,-52,-19,356
43177.5,88,1,258
43180.0,-13,-3,343
43182.5,10,-32,262
43185.0,5,25,327
43187.5,-10,18,352
43190.0,7,9,289
43192.5,71,10,181
43195.0,71,10,181
43197.5,-1,-43,335
43200.0,3,12,321
43202.5,-44,14,265
43205.0,-38,-74,358
43207.5,72,14,373
43210.0,19,36,330
43212.5,32,-32,275
43215.0,72,-8,225
43217.5,-47,-7,374
43220.0,48,-6,351
43222.5,-52,-19,256
43225.0,-41,-30,274
43227.5,29,17,306
43230.0,20,-41,350
43232.5,-13,-34,257
43235.0,30,38,296
43237.5,1,-83,400
43240.0,53,-11,258
43242.5,-41,-43,295
43245.0,-41,-43,295
43247.5,-26,-28,371
43250.0,9,-17,287
43252.5,-18,-35,336
43255.0,19,2,328
43257.5,-3,-50,324
43260.0,23,-17,296
43262.5,36,8,284
43265.0,-41,-20,324
43267.5,-29,-56,330
43270.0,-9,39,243
43272.5,-6,7,345
43275.0,12,-18,311
43277.5,26,-39,262
43280.0,-34,16,291
43282.5,25,5,306
43285.0,-50,-13,290
43287.5,-5,-33,368
43290.0,12,-3,329
43292.5,25,9,375
43295.0,25,9,375
43297.5,15,-11,227
43300.0,79,71,317
43302.5,-41,-21,292
43305.0,46,37,307
43307.5,2,-16,335
43310.0,36,-2,317
43312.5,21,-4,259
43315.0,-77,-20,342
43317.5,80,46,246
43320.0,-105,18,256
43322.5,44,-12,319
43325.0,73,17,271
43327.5,17,-11,319
43330.0,16,-21,337
43332.5,110,20,260
43335.0,17,-1,359
43337.5,36,6,235
43340.0,-12,3,297
43342.5,0,13,319
43345.0,0,13,319
43347.5,-11,-26,313
43350.0,10,-13,337
43352.5,36,3,320
43355.0,5,-23,254
43357.5,-1,-27,340
43360.0,-5,1,254
43362.5,-59,-13,290
43365.0,-10,4,374
43367.5,-26,67,317
43370.0,-46,5,424
43372.5,57,40,509
43375.0,-23,-68,285
43377.5,-71,-30,298
43380.0,29,-14,246
43382.5,37,-22,296
43385.0,-22,-32,247
43387.5,-2,-42,383
43390.0,34,0,365
43392.5,-73,-12,286
43395.0,-73,-12,286
43397.5,15,-25,232
43400.0,-18,-13,340
43402.5,-91,-61,291
43405.0,117,93,221
43407.5,1,8,303
43410.0,12,13,302
43412.5,-49,-42,353
43415.0,-51,-23,301
43417.5,26,-10,383
43420.0,39,-16,355
43422.5,6,-3,227
43425.0,-11,-12,290
43427.5,12,17,387
43430.0,79,30,323
43432.5,23,-19,295
43435.0,-6,-105,437
43437.5,28,5,218
43440.0,-67,-7,369
43442.5,117,44,281
43445.0,117,44,281
43447.5,46,-44,256
43450.0,0,-20,348
43452.5,96,51,391
43455.0,15,-8,379
43457.5,-2,5,244
43460.0,56,7,296
43462.5,70,19,271
43465.0,-13,6,316
43467.5,6,-31,279
43470.0,41,3,372
43472.5,57,20,252
43475.0,-83,-45,436
43477.5,-46,-56,280
43480.0,-36,-8,289
43482.5,-37,-16,341
43485.0,28,17,290
43487.5,29,1,319
43490.0,-17,-45,314
43492.5,7,-34,296
43495.0,7,-34,296
43497.5,-5,-13,341
43500.0,35,34,230
43502.5,-4,28,292
43505.0,-48,-50,325
43507.5,103,0,329
43510.0,-4,-24,377
43512.5,9,-1,281
43515.0,41,20,299
43517.5,-20,-25,316
43520.0,37,0,288
43522.5,-19,-13,311
43525.0,-30,-18,340
43527.5,-13,-2,305
43530.0,2,-27,346
43532.5,51,18,242
43535.0,111,-12,295
43537.5,-53,-3,258
43540.0,26,18,249
43542.5,-55,-59,455
43545.0,-55,-59,455
43547.5,-24,5,316
43550.0,-26,-20,232
43552.5,-33,-3,320
43555.0,-44,42,303
43557.5,-11,-66,329
43560.0,-10,-6,287
43562.5,57,63,321
43565.0,-42,-1,352
43567.5,-32,-62,260
43570.0,84,49,230
43572.5,9,-23,323
43575.0,3,2,268
43577.5,-7,-1,337
43580.0,-5,-27,324
43582.5,-13,11,278
43585.0,-40,-40,314
43587.5,5,-7,292
43590.0,-42,-55,215
43592.5,2,-28,332
43595.0,2,-28,332
43597.5,81,21,326
43600.0,75,39,323
43602.5,-23,-16,344
43605.0,19,-27,284
43607.5,-39,-14,364
43610.0,5,-41,361
43612.5,5,9,223
43615.0,-13,-24,321
43617.5,24,9,293
43620.0,-41,-43,349
43622.5,9,-29,298
43625.0,-40,-33,297
43627.5,-31,-13,321
43630.0,6,0,255
43632.5,41,28,272
43635.0,114,10,292
43637.5,-23,-26,216
43640.0,-7,-11,287
43642.5,3,-16,369
43645.0,3,-16,369
43647.5,-14,-46,300
43650.0,9,-10,387
43652.5,23,-58,288
43655.0,71,-4,319
43657.5,0,-36,324
43660.0,50,-32,301
43662.5,40,22,303
43665.0,-72,-12,327
43667.5,56,4,277
43670.0,-11,-9,377
43672.5,-12,1,253
43675.0,57,-11,308
43677.5,14,15,313
43680.0,36,5,279
43682.5,26,8,309
43685.0,38,-28,354
43687.5,15,-17,331
43690.0,15,-18,364
43692.5,15,-18,364
43695.0,4,-18,267
43697.5,75,23,294
43700.0,-45,-20,293
43702.5,58,37,260
43705.0,27,19,282
43707.5,-67,19,316
43710.0,58,-27,287
43712.5,-40,-29,329
43715.0,31,-11,304
43717.5,72,15,278
43720.0,-34,-28,307
43722.5,42,-20,312
43725.0,3,-10,310
43727.5,14,-11,371
43730.0,-27,-56,330
43732.5,88,15,308
43735.0,-40,-27,369
43737.5,-29,-8,234
43740.0,-39,14,270
43742.5,-39,14,270
43745.0,58,38,207
43747.5,-33,-10,300
43750.0,-3,-66,343
43752.5,-15,5,321
43755.0,15,22,446
43757.5,67,-8,286
43760.0,-64,-36,327
43762.5,9,3,292
43765.0,19,-6,313
43767.5,-16,-26,342
43770.0,15,1,294
43772.5,29,24,254
43775.0,-23,-24,360
43777.5,20,6,189
43780.0,-35,-26,324
43782.5,-24,-16,308
43785.0,0,-5,353
43787.5,15,-31,312
43790.0,-43,-5,386
43792.5,-43,-5,386
43795.0,65,6,287
43797.5,5,-10,289
43800.0,-28,22,284
43802.5,46,-21,235
43805.0,-62,-65,329
43807.5,42,-13,316
43810.0,-11,-37,363
43812.5,-61,-48,331
43815.0,6,-26,318
43817.5,-19,-10,348
43820.0,70,5,212
43822.5,-8,2,316
43825.0,32,19,371
43827.5,5,-4,353
43830.0,-24,-11,277
43832.5,-11,-37,274
43835.0,27,-35,218
43837.5,-36,-27,305
43840.0,27,26,297
43842.5,27,26,297
43845.0,-27,-6,331
43847.5,32,-4,352
43850.0,0,-79,358
43852.5,-11,4,372
43855.0,2,9,239
43857.5,-2,-24,269
43860.0,-6,-19,272
43862.5,42,23,311
43865.0,18,9,306
43867.5,8,14,331
43870.0,69,15,267
43872.5,-10,-22,339
43875.0,24,-53,211
43877.5,-34,-45,275
43880.0,21,3,298
43882.5,78,18,276
43885.0,-2,-7,316
43887.5,-12,-28,352
43890.0,-15,-10,264
43892.5,-15,-10,264
43895.0,-48,-11,321
43897.5,12,-15,266
43900.0,-11,-4,294
43902.5,46,-9,354
43905.0,142,79,287
43907.5,-22,-22,320
43910.0,38,23,225
43912.5,77,92,262
43915.0,-15,9,262
43917.5,61,-14,233
43920.0,4,6,276
43922.5,30,14,341
43925.0,0,-34,293
43927.5,-52,-12,319
43930.0,64,-27,303
43932.5,9,-34,275
43935.0,0,-25,290
43937.5,16,-51,251
43940.0,26,-13,355
43942.5,26,-13,355
43945.0,-131,-15,332
43947.5,32,34,205
43950.0,-22,1,331
43952.5,1,-57,236
43955.0,58,29,243
43957.5,-17,-13,300
43960.0,-30,-45,320
43962.5,14,-36,345
43965.0,6,6,340
43967.5,47,4,233
43970.0,25,23,330
43972.5,44,24,214
43975.0,-76,82,297
43977.5,-29,31,333
43980.0,-25,17,268
43982.5,19,-53,307
43985.0,89,0,362
43987.5,37,-9,275
43990.0,40,-33,376
43992.5,40,-33,376
43995.0,16,-24,301
43997.5,10,3,268
44000.0,22,2,343
44002.5,19,4,281
44005.0,-35,-27,317
44007.5,24,8,315
44010.0,-74,10,212
44012.5,-45,-43,363
44015.0,57,-22,302
44017.5,48,22,332
44020.0,79,-11,244
44022.5,41,-1,239
44025.0,-11,1,287
44027.5,-40,-20,312
44030.0,-5,-6,252
44032.5,61,-14,279
44035.0,3,7,268
44037.5,40,33,308
44040.0,21,7,297
44042.5,21,7,297
44045.0,21,-9,305
44047.5,-16,-5,310
44050.0,11,-31,321
44052.5,47,7,322
44055.0,-7,-24,373
44057.5,23,-15,228
44060.0,-8,-1,270
44062.5,-13,10,320
44065.0,9,25,293
44067.5,-5,-19,310
44070.0,-22,-28,353
44072.5,16,-11,277
44075.0,-10,-22,348
44077.5,38,-12,236
44080.0,16,13,311
44082.5,-1,-28,320
44085.0,-4,10,298
44087.5,-19,-33,341
44090.0,33,-5,333
44092.5,33,-5,333
44095.0,40,-27,264
44097.5,-41,-41,334
44100.0,19,-11,216
44102.5,-17,-59,192
44105.0,-46,11,307
44107.5,42,58,145
44110.0,-2,47,269
44112.5,14,-23,380
44115.0,39,-17,296
44117.5,-44,-24,328
44120.0,63,-36,310
44122.5,-23,-10,465
44125.0,45,-2,258
44127.5,25,71,291
44130.0,56,-28,299
44132.5,41,-13,285
44135.0,66,22,268
44137.5,8,-3,415
44140.0,30,-9,267
44142.5,30,-9,267
44145.0,16,-10,334
44147.5,32,-12,285
44150.0,12,-5,308
44152.5,68,9,347
44155.0,15,-39,245
44157.5,110,34,334
44160.0,-2,-11,320
44162.5,9,36,307
44165.0,5,0,295
44167.5,14,-24,462
44170.0,102,33,198
44172.5,19,2,283
44175.0,96,13,282
44177.5,85,-10,261
44180.0,-53,-35,320
44182.5,45,14,362
44185.0,-3,-4,283
44187.5,-30,-24,350
44190.0,10,-5,272
44192.5,10,-5,272
44195.0,2,-40,329
44197.5,-19,-50,330
44200.0,83,-3,275
44202.5,35,3,285
44205.0,10,-30,291
44207.5,8,11,321
44210.0,2,-26,374
44212.5,75,13,353
44215.0,-18,-52,358
44217.5,80,32,244
44220.0,17,-36,273
44222.5,46,-32,283
44225.0,23,29,342
44227.5,30,6,318
44230.0,-27,-11,331
44232.5,-6,-7,286
44235.0,-99,-7,340
44237.5,-12,-19,243
44240.0,-12,-19,243
44242.5,3,1,292
44245.0,-20,-15,324
44247.5,-10,-18,307
44250.0,-19,-8,337
44252.5,1,-29,345
44255.0,33,44,257
44257.5,-29,-29,330
44260.0,64,19,251
44262.5,-85,-28,269
44265.0,-8,-52,381
44267.5,100,-2,355
44270.0,-44,-65,360
44272.5,3,-96,342
44275.0,-10,2,285
44277.5,-66,-19,333
44280.0,21,-14,337
44282.5,-52,-56,298
44285.0,32,21,239
44287.5,0,-27,352
44290.0,0,-27,352
44292.5,11,19,329
44295.0,36,10,236
44297.5,59,-5,284
44300.0,-155,-35,301
44302.5,70,-7,284
44305.0,-3,-2,314
44307.5,32,-45,394
44310.0,11,11,301
44312.5,-119,-80,278
44315.0,-56,-22,336
44317.5,27,6,331
44320.0,4,-1,303
44322.5,-62,0,342
44325.0,41,17,353
44327.5,48,-3,372
44330.0,59,26,224
44332.5,18,4,351
44335.0,-11,-23,252
44337.5,54,-51,257
44340.0,54,-51,257
44342.5,44,-45,329
44345.0,-53,-37,373
44347.5,-38,-23,280
44350.0,42,-24,348
44352.5,35,-22,284
44355.0,-8,-9,352
44357.5,33,-38,278
44360.0,18,22,327
44362.5,-15,-24,327
44365.0,30,30,309
44367.5,-11,-22,328
44370.0,93,2,347
44372.5,5,4,272
44375.0,-77,-10,415
44377.5,-28,-16,304
44380.0,8,3,317
44382.5,-4,-10,330
44385.0,24,-4,312
44387.5,18,-14,282
44390.0,18,-14,282
44392.5,-11,26,335
44395.0,23,-49,221
44397.5,2,-7,342
44400.0,102,26,295
44402.5,-2,-27,321
44405.0,-8,-19,331
44407.5,-4,9,304
44410.0,-37,-4,305
44412.5,15,-12,361
44415.0,59,-39,271
44417.5,44,12,332
44420.0,46,-7,233
44422.5,-51,-55,324
44425.0,0,8,308
44427.5,30,9,284
44430.0,-6,-24,342
44432.5,16,-25,334
44435.0,25,-13,282
44437.5,-18,-2,349
44440.0,-18,-2,349
44442.5,40,-14,232
44445.0,-81,47,264
44447.5,-14,-1,307
44450.0,11,-3,318
44452.5,-22,-18,337
44455.0,27,1,352
44457.5,-16,30,303
44460.0,-44,-40,378
44462.5,48,21,238
44465.0,-40,-17,264
44467.5,1,9,295
44470.0,-9,-28,362
44472.5,16,-42,297
44475.0,60,38,210
44477.5,42,35,283
44480.0,28,-16,339
44482.5,30,20,219
44485.0,12,-11,248
44487.5,5,-3,307
44490.0,5,-3,307
44492.5,14,54,430
44495.0,45,17,250
44497.5,39,27,385
44500.0,87,-26,225
44502.5,-31,-26,350
44505.0,52,-34,256
44507.5,45,-5,245
44510.0,69,-32,293
44512.5,76,29,266
44515.0,-15,-25,304
44517.5,17,7,320
44520.0,49,33,143
44522.5,-75,-59,310
44525.0,39,15,311
44527.5,-61,-13,278
44530.0,14,8,327
44532.5,18,12,290
44535.0,20,9,342
44537.5,-3,6,286
44540.0,-3,6,286
44542.5,53,-25,320
44545.0,-16,-17,314
44547.5,77,75,283
44550.0,1,16,241
44552.5,-68,-26,334
44555.0,50,-19,317
44557.5,44,0,338
44560.0,-2,-27,305
44562.5,103,25,242
44565.0,-50,-19,291
44567.5,12,24,240
44570.0,21,9,319
44572.5,6,-35,369
44575.0,22,-11,337
44577.5,-33,-30,337
44580.0,6,-10,281
44582.5,-20,-29,279
44585.0,-27,-12,304
44587.5,-7,6,237
44590.0,-7,6,237
44592.5,29,-5,352
44595.0,16,-25,341
44597.5,71,37,219
44600.0,-27,-5,326
44602.5,40,-9,226
44605.0,-6,9,293
44607.5,36,4,288
44610.0,-18,-22,295
44612.5,-37,-6,270
44615.0,-43,-5,346
44617.5,41,-28,315
44620.0,-58,-32,356
44622.5,11,21,221
44625.0,-53,-13,246
44627.5,51,41,296
44630.0,-10,-12,330
44632.5,22,-32,347
44635.0,36,-26,367
44637.5,27,-7,295
44640.0,27,-7,295
44642.5,7,23,339
44645.0,-39,-64,276
44647.5,87,-3,283
44650.0,-29,8,418
44652.5,20,-40,337
44655.0,-30,-30,297
44657.5,95,63,304
44660.0,5,-31,343
44662.5,-7,-5,287
44665.0,109,6,244
44667.5,-16,-18,374
44670.0,-49,2,367
44672.5,-4,5,319
44675.0,-32,-15,341
44677.5,-9,18,290
44680.0,-66,-70,189
44682.5,-19,-24,293
44685.0,-7,-14,317
44687.5,-34,-34,263
44690.0,-34,-34,263
44692.5,7,3,334
44695.0,60,-63,274
44697.5,-66,-28,369
44700.0,43,2,300
44702.5,4,-1,242
44705.0,2,-33,336
44707.5,47,-35,316
44710.0,-66,-3,296
44712.5,49,44,338
44715.0,17,-12,272
44717.5,-11,-21,319
44720.0,27,-11,267
44722.5,22,-29,308
44725.0,-48,-27,308
44727.5,124,-44,370
44730.0,-13,0,349
44732.5,1,7,301
44735.0,27,-6,247
44737.5,46,-13,362
44740.0,46,-13,362
44742.5,102,-9,234
44745.0,16,-38,218
44747.5,35,11,280
44750.0,40,-12,307
44752.5,48,22,313
44755.0,42,19,312
44757.5,68,-16,254
44760.0,-2,-19,336
44762.5,45,11,246
44765.0,-12,4,298
44767.5,-9,-48,313
44770.0,31,-31,323
44772.5,1,6,282
44775.0,-5,8,348
44777.5,11,-4,254
44780.0,0,2,352
44782.5,-1,-51,258
44785.0,32,-4,258
44787.5,-7,-11,323
44790.0,-7,-11,323
44792.5,45,18,303
44795.0,-2,-29,308
44797.5,30,-9,324
44800.0,57,-23,351
44802.5,-47,-51,403
44805.0,16,-13,249
44807.5,17,30,238
44810.0,-21,-15,286
44812.5,50,1,289
44815.0,10,-34,335
44817.5,-21,20,347
44820.0,28,6,334
44822.5,-79,-28,349
44825.0,30,7,240
44827.5,88,22,245
44830.0,16,-44,264
44832.5,70,1,273
44835.0,-45,-41,338
44837.5,-14,-35,435
44840.0,-14,-35,435
44842.5,13,34,311
44845.0,36,14,292
44847.5,12,-35,322
44850.0,46,12,279
44852.5,26,-26,306
44855.0,17,-14,271
44857.5,-6,-50,361
44860.0,44,-18,359
44862.5,28,-9,258
44865.0,-50,-23,344
44867.5,-18,-48,226
44870.0,37,15,330
44872.5,12,-19,340
44875.0,37,5,384
44877.5,-2,-5,271
44880.0,11,-11,318
44882.5,84,30,262
44885.0,7,-7,376
44887.5,87,29,150
44890.0,87,29,150
44892.5,-23,-12,204
44895.0,-37,-29,415
44897.5,15,-41,381
44900.0,46,10,379
44902.5,110,19,294
44905.0,-84,-3,356
44907.5,-20,0,304
44910.0,9,-12,219
44912.5,12,22,302
44915.0,24,-6,363
44917.5,29,-9,271
44920.0,-15,-58,369
44922.5,-15,-37,333
44925.0,-32,-41,258
44927.5,-9,1,287
44930.0,113,43,243
44932.5,8,-23,381
44935.0,53,64,334
44937.5,2,-34,337
44940.0,2,-34,337
44942.5,-17,-21,306
44945.0,-20,-43,275
44947.5,61,-3,252
44950.0,-21,-34,293
44952.5,69,31,302
44955.0,-12,-7,341
44957.5,38,13,348
44960.0,1,-32,304
44962.5,-24,-9,354
44965.0,45,29,214
44967.5,-98,-90,327
44970.0,12,-25,326
44972.5,-3,-8,290
44975.0,-7,-29,319
44977.5,8,16,342
44980.0,46,27,246
44982.5,-79,-53,331
44985.0,53,23,249
44987.5,53,23,249
44990.0,10,-13,285
44992.5,-10,8,322
44995.0,-16,-31,311
44997.5,-33,-6,329
45000.0,11,-16,302
45002.5,143,49,244
45005.0,-18,-57,296
45007.5,61,12,225
45010.0,54,59,287
45012.5,-107,-12,327
45015.0,41,6,265
45017.5,-34,-2,363
45020.0,53,10,362
45022.5,40,4,249
45025.0,-2,-27,349
45027.5,6,-58,330
45030.0,-45,3,317
45032.5,6,-25,329
45035.0,0,-9,312
45037.5,0,-9,312
45040.0,44,-43,410
45042.5,27,-17,232
45045.0,72,33,257
45047.5,1,-13,293
45050.0,-26,-65,319
45052.5,66,-17,332
45055.0,-9,-22,331
45057.5,39,22,208
45060.0,0,-1,333
45062.5,59,20,289
45065.0,-80,-31,363
45067.5,-7,-18,329
45070.0,4,-41,353
45072.5,9,1,269
45075.0,-10,-11,327
45077.5,38,-19,276
45080.0,127,10,352
45082.5,-12,-15,273
45085.0,-43,-1,291
45087.5,-43,-1,291
45090.0,-6,-29,363
45092.5,23,-2,356
45095.0,52,-41,319
45097.5,67,7,286
45100.0,38,-49,218
45102.5,61,-22,297
45105.0,-5,-9,249
45107.5,47,3,294
45110.0,-39,5,317
45112.5,-6,-51,263
45115.0,33,58,341
45117.5,2,1,324
45120.0,50,19,229
45122.5,-38,-43,323
45125.0,57,16,291
45127.5,64,-57,266
45130.0,52,-7,304
45132.5,-13,-22,278
45135.0,-10,-32,334
45137.5,-10,-32,334
45140.0,-55,-41,326
45142.5,-81,-5,252
45145.0,17,-7,335
45147.5,78,16,255
45150.0,10,-26,287
45152.5,29,3,321
45155.0,56,31,273
45157.5,3,27,302
45160.0,-28,-19,350
45162.5,-4,-3,291
45165.0,26,-35,372
45167.5,79,-15,228
45170.0,19,-3,296
45172.5,-1,-20,307
45175.0,30,6,310
45177.5,25,-27,347
45180.0,6,34,323
45182.5,39,4,282
45185.0,-5,-7,324
45187.5,-5,-7,324
45190.0,26,-8,248
45192.5,1,-3,275
45195.0,-17,-12,323
45197.5,22,6,304
45200.0,9,23,343
45202.5,14,-33,356
45205.0,-26,-48,253
45207.5,17,16,308
45210.0,82,8,281
45212.5,62,16,164
45215.0,17,41,238
45217.5,61,16,328
45220.0,-33,19,330
45222.5,-11,-26,362
45225.0,13,18,265
45227.5,-103,-33,403
45230.0,31,19,191
45232.5,-12,-22,252
45235.0,5,10,321
45237.5,5,10,321
45240.0,60,-5,336
45242.5,14,-31,356
45245.0,72,-51,253
45247.5,13,-20,298
45250.0,13,8,304
45252.5,55,-20,272
45255.0,6,-17,314
45257.5,72,-13,318
45260.0,89,47,297
45262.5,-46,4,340
45265.0,19,-14,263
45267.5,-7,-35,405
45270.0,-53,-28,324
45272.5,39,9,292
45275.0,39,-1,284
45277.5,9,8,308
45280.0,10,-2,286
45282.5,-4,-30,331
45285.0,-9,9,220
45287.5,-9,9,220
45290.0,15,-13,248
45292.5,-28,-18,331
45295.0,10,4,301
45297.5,-27,9,331
45300.0,57,18,346
45302.5,28,21,349
45305.0,48,-4,342
45307.5,55,-9,265
45310.0,38,-6,245
45312.5,-17,-13,290
45315.0,31,-28,323
45317.5,5,5,297
45320.0,4,-32,345
45322.5,22,-1,299
45325.0,-18,-32,385
45327.5,-4,15,199
45330.0,69,1,340
45332.5,13,20,282
45335.0,-8,-16,302
45337.5,-8,-16,302
45340.0,23,-24,356
45342.5,69,29,330
45345.0,54,22,300
45347.5,-25,-17,326
45350.0,65,-24,268
45352.5,-14,-32,303
45355.0,36,-28,350
45357.5,68,16,332
45360.0,-32,-37,382
45362.5,-3,-44,281
45365.0,-40,-41,274
45367.5,-67,-53,311
45370.0,24,26,269
45372.5,12,15,304
45375.0,8,-18,359
45377.5,78,10,298
45380.0,-56,-13,426
45382.5,-31,-57,331
45385.0,-31,-45,271
45387.5,-31,-45,271
45390.0,22,-12,274
45392.5,94,16,293
45395.0,-71,-81,418
45397.5,26,-37,349
45400.0,-21,-3,281
45402.5,35,-52,326
45405.0,-14,2,299
45407.5,20,27,347
45410.0,-42,-8,297
45412.5,25,11,330
45415.0,-17,-4,339
45417.5,13,-45,277
45420.0,50,44,208
45422.5,-25,14,330
45425.0,1,39,236
45427.5,-11,-11,313
45430.0,-41,-12,296
45432.5,21,23,309
45435.0,11,-24,382
45437.5,11,-24,382
45440.0,-24,11,327
45442.5,48,13,250
45445.0,-36,-24,289
45447.5,53,33,237
45450.0,-15,29,261
45452.5,-42,11,339
45455.0,1,16,309
45457.5,26,-6,305
45460.0,60,7,343
45462.5,109,1,175
45465.0,29,-47,348
45467.5,71,-21,271
45470.0,-14,-3,306
45472.5,-12,8,329
45475.0,72,-42,365
45477.5,7,-21,281
45480.0,-5,-20,309
45482.5,3,-9,241
45485.0,30,-18,369
45487.5,30,-18,369
45490.0,0,86,251
45492.5,-60,3,267
45495.0,35,-27,329
45497.5,2,-37,340
45500.0,2,-21,363
45502.5,3,-52,349
45505.0,65,-28,277
45507.5,9,-44,347
45510.0,-2,26,223
45512.5,1,-47,326
45515.0,31,-10,351
45517.5,32,-29,328
45520.0,-36,-43,318
45522.5,4,-22,326
45525.0,22,-30,243
45527.5,21,-8,300
45530.0,17,-7,255
45532.5,3,-40,322
45535.0,-11,-21,332
45537.5,-11,-21,332
45540.0,29,1,307
45542.5,-55,4,316
45545.0,-10,-20,305
45547.5,66,20,251
45550.0,-22,-31,346
45552.5,49,20,249
45555.0,2,22,296
45557.5,-19,-9,355
45560.0,19,1,290
45562.5,36,-21,361
45565.0,46,1,323
45567.5,-39,-2,248
45570.0,-46,-12,311
45572.5,23,13,287
45575.0,-72,-41,322
45577.5,-41,-50,360
45580.0,30,61,347
45582.5,74,-28,262
45585.0,16,7,367
45587.5,16,7,367
45590.0,-33,-62,215
45592.5,-37,-6,311
45595.0,18,-54,300
45597.5,-119,-44,429
45600.0,-23,-45,399
45602.5,33,1,352
45605.0,73,-6,327
45607.5,20,10,321
45610.0,109,-15,233
45612.5,54,45,282
45615.0,25,-22,258
45617.5,-48,-7,296
45620.0,-18,-52,363
45622.5,33,-20,270
45625.0,-39,-9,271
45627.5,36,9,239
45630.0,-8,-30,309
45632.5,-37,12,282
45635.0,16,5,308
45637.5,16,5,308
45640.0,-21,-40,292
45642.5,-122,-63,382
45645.0,53,7,314
45647.5,-24,-15,320
45650.0,-7,-29,209
45652.5,-68,-5,251
45655.0,5,-6,293
45657.5,-20,-36,322
45660.0,4,6,349
45662.5,-57,-53,334
45665.0,74,31,302
45667.5,-45,-73,320
45670.0,-36,7,271
45672.5,-12,-2,289
45675.0,35,-6,302
45677.5,28,21,244
45680.0,-32,-21,241
45682.5,11,30,346
45685.0,11,30,346
45687.5,9,-13,320
45690.0,60,-17,340
45692.5,50,-34,257
45695.0,17,-15,248
45697.5,2,0,290
45700.0,57,30,316
45702.5,11,-13,274
45705.0,32,-11,310
45707.5,22,-13,277
45710.0,8,-37,367
45712.5,21,-31,259
45715.0,-10,-20,328
45717.5,-9,-6,293
45720.0,58,-5,308
45722.5,-28,-61,328
45725.0,51,17,281
45727.5,57,27,247
45730.0,-45,-12,299
45732.5,42,-9,257
45735.0,42,-9,257
45737.5,1,-26,294
45740.0,30,11,383
45742.5,90,11,315
45745.0,5,-31,362
45747.5,76,20,324
45750.0,61,-10,300
45752.5,-58,-91,310
45755.0,43,51,256
45757.5,-4,11,284
45760.0,10,-10,279
45762.5,65,11,267
45765.0,-45,-31,312
45767.5,38,-5,232
45770.0,-26,12,198
45772.5,48,-28,311
45775.0,37,-5,326
45777.5,32,-2,285
45780.0,-6,27,333
45782.5,21,9,278
45785.0,21,9,278
45787.5,-66,-41,349
45790.0,1,-21,248
45792.5,-27,5,276
45795.0,-27,-25,324
45797.5,3,30,320
45800.0,9,-9,318
45802.5,-17,-29,302
45805.0,163,20,241
45807.5,20,-11,311
45810.0,5,-42,295
45812.5,0,-17,326
45815.0,-41,8,313
45817.5,40,-7,271
45820.0,-13,-48,357
45822.5,0,-1,318
45825.0,36,-40,242
45827.5,-10,-17,362
45830.0,-23,12,246
45832.5,18,-15,315
45835.0,18,-15,315
45837.5,0,-34,363
45840.0,80,-1,290
45842.5,14,-7,297
45845.0,51,26,325
45847.5,60,-39,287
45850.0,-27,10,328
45852.5,34,-39,225
45855.0,4,-27,270
45857.5,22,-26,349
45860.0,49,-5,311
45862.5,-37,-36,282
45865.0,-6,-16,319
45867.5,52,-59,304
45870.0,-6,-18,333
45872.5,65,-7,210
45875.0,-2,23,264
45877.5,20,-10,292
45880.0,46,14,253
45882.5,40,31,288
45885.0,40,31,288
45887.5,-31,-51,304
45890.0,52,21,299
45892.5,4,-22,322
45895.0,43,20,256
45897.5,18,15,257
45900.0,-36,-13,338
45902.5,-16,52,308
45905.0,-17,-11,318
45907.5,-22,-22,347
45910.0,45,-11,309
45912.5,-7,-65,392
45915.0,38,-1,301
45917.5,4,11,275
45920.0,42,-16,326
45922.5,16,-32,271
45925.0,36,-13,319
45927.5,64,-15,373
45930.0,36,-37,312
45932.5,-49,-51,341
45935.0,-49,-51,341
45937.5,56,21,241
45940.0,-3,-17,235
45942.5,40,35,291
45945.0,79,32,233
45947.5,5,-7,294
45950.0,27,4,197
45952.5,61,16,268
45955.0,0,-14,427
45957.5,79,24,203
45960.0,-36,-65,304
45962.5,13,-33,338
45965.0,-48,2,436
45967.5,-29,-18,283
45970.0,40,26,336
45972.5,41,16,263
45975.0,5,6,351
45977.5,74,-5,259
45980.0,-47,-35,311
45982.5,-13,0,300
45985.0,-13,0,300
45987.5,69,-32,242
45990.0,7,-17,329
45992.5,18,8,289
45995.0,13,-6,255
45997.5,46,-9,327
46000.0,27,-63,370
46002.5,13,-21,278
46005.0,-31,-27,338
46007.5,10,-4,293
46010.0,41,26,365
46012.5,23,26,289
46015.0,5,-36,265
46017.5,-49,-1,353
46020.0,-1,-38,325
46022.5,39,-28,285
46025.0,-47,2,304
46027.5,3,17,321
46030.0,-5,-6,319
46032.5,-1,-6,331
46035.0,-1,-6,331
46037.5,66,3,260
46040.0,-77,-49,315
46042.5,30,-61,275
46045.0,-13,-23,288
46047.5,-44,13,335
46050.0,77,1,320
46052.5,-31,-57,318
46055.0,26,9,240
46057.5,55,28,353
46060.0,-7,-39,297
46062.5,16,0,300
46065.0,33,54,323
46067.5,36,-2,343
46070.0,-51,-56,260
46072.5,-9,8,352
46075.0,43,1,251
46077.5,32,-3,268
46080.0,-11,-21,314
46082.5,77,55,316
46085.0,77,55,316
46087.5,7,34,298
46090.0,-37,-8,338
46092.5,53,17,312
46095.0,7,-7,381
46097.5,-43,-87,261
46100.0,11,-64,253
46102.5,20,18,315
46105.0,-1,-19,297
46107.5,11,17,310
46110.0,13,-22,315
46112.5,49,3,262
46115.0,-43,-53,339
46117.5,-21,6,269
46120.0,-33,23,268
46122.5,-41,27,288
46125.0,35,2,347
46127.5,63,-14,281
46130.0,33,24,291
46132.5,-17,-53,307
46135.0,-17,-53,307
46137.5,43,1,283
46140.0,37,32,200
46142.5,22,-3,299
46145.0,37,-12,370
46147.5,1,-36,267
46150.0,18,11,326
46152.5,7,4,278
46155.0,0,-16,169
46157.5,6,7,278
46160.0,-5,-7,305
46162.5,-8,1,292
46165.0,-46,27,334
46167.5,-19,-30,265
46170.0,31,-19,338
46172.5,-3,7,298
46175.0,60,19,252
46177.5,-29,-11,293
46180.0,47,-44,341
46182.5,-23,-17,281
46185.0,-23,-17,281
46187.5,11,-1,346
46190.0,-23,-9,258
46192.5,9,-44,320
46195.0,30,-7,286
46197.5,6,10,272
46200.0,-82,-29,331
46202.5,-32,49,289
46205.0,-34,-7,340
46207.5,-13,-12,329
46210.0,-1,-5,273
46212.5,-71,-3,385
46215.0,48,-25,275
46217.5,-13,7,285
46220.0,-19,-16,263
46222.5,14,-9,280
46225.0,11,6,295
46227.5,-13,-22,320
46230.0,-1,7,248
46232.5,-6,-41,357
46235.0,-6,-41,357
46237.5,3,-15,262
46240.0,132,20,341
46242.5,-42,-29,287
46245.0,49,29,304
46247.5,31,-34,255
46250.0,-47,-25,389
46252.5,-53,-7,267
46255.0,-12,-6,344
46257.5,32,1,246
46260.0,38,3,243
46262.5,-10,-24,333
46265.0,24,-15,272
46267.5,-14,26,297
46270.0,-20,-6,333
46272.5,15,-25,295
46275.0,27,12,347
46277.5,16,-16,318
46280.0,91,14,239
46282.5,3,14,291
46285.0,3,14,291
46287.5,4,-12,269
46290.0,11,-33,316
46292.5,1,-20,358
46295.0,62,10,326
46297.5,15,-47,368
46300.0,31,2,255
46302.5,47,19,232
46305.0,-63,-41,312
46307.5,75,20,227
46310.0,54,-27,268
46312.5,-12,-28,358
46315.0,-35,-46,397
46317.5,-71,-79,288
46320.0,-118,-90,411
46322.5,46,9,281
46325.0,-26,-20,264
46327.5,128,11,285
46330.0,-40,-26,309
46332.5,-38,8,333
46335.0,-38,8,333
46337.5,10,-34,252
46340.0,10,-14,369
46342.5,-8,0,302
46345.0,38,-18,302
46347.5,47,-2,317
46350.0,-48,-7,358
46352.5,20,6,331
46355.0,-14,-38,340
46357.5,39,0,263
46360.0,-5,-6,316
46362.5,43,0,167
46365.0,50,-15,205
46367.5,-7,-15,365
46370.0,50,-20,284
46372.5,21,3,310
46375.0,67,-5,302
46377.5,-27,-35,399
46380.0,41,-6,340
46382.5,41,-6,340
46385.0,40,31,201
46387.5,11,4,218
46390.0,-15,-45,287
46392.5,59,40,238
46395.0,1,-37,278
46397.5,44,25,355
46400.0,14,-7,340
46402.5,-13,1,364
46405.0,3,-39,232
46407.5,56,18,323
46410.0,11,-10,321
46412.5,83,54,297
46415.0,-6,1,247
46417.5,-12,-40,311
46420.0,-93,-31,194
46422.5,-1,-28,301
46425.0,22,-26,256
46427.5,-40,-89,321
46430.0,52,66,366
46432.5,52,66,366
46435.0,14,-57,300
46437.5,-4,-13,324
46440.0,13,-51,343
46442.5,15,25,289
46445.0,-1,-13,374
46447.5,16,-1,354
46450.0,-33,-47,314
46452.5,-23,-51,354
46455.0,10,-12,290
46457.5,28,-12,360
46460.0,52,4,256
46462.5,-5,-72,275
46465.0,-5,-18,315
46467.5,7,-15,308
46470.0,-2,-40,301
46472.5,55,29,325
46475.0,-40,-37,317
46477.5,-14,-18,391
46480.0,81,41,259
46482.5,81,41,259
46485.0,44,-27,362
46487.5,28,-14,335
46490.0,50,-1,224
46492.5,-17,-17,409
46495.0,39,33,393
46497.5,-19,-57,204
46500.0,100,55,375
46502.5,59,-23,327
46505.0,-37,16,272
46507.5,-20,-4,286
46510.0,-69,41,358
46512.5,-101,20,332
46515.0,-13,38,310
46517.5,92,-42,239
46520.0,41,-4,339
46522.5,27,-77,225
46525.0,42,3,296
46527.5,8,2,336
46530.0,27,-13,342
46532.5,27,-13,342
46535.0,11,33,322
46537.5,14,-26,323
46540.0,-23,-2,222
46542.5,-36,-5,342
46545.0,37,0,301
46547.5,47,30,316
46550.0,9,-41,381
46552.5,11,5,344
46555.0,34,7,256
46557.5,-22,-29,337
46560.0,-32,-8,256
46562.5,-70,-34,348
46565.0,-14,-31,258
46567.5,-18,-14,291
46570.0,-78,-49,336
46572.5,22,-17,396
46575.0,-30,-9,359
46577.5,-13,-49,329
46580.0,86,30,256
46582.5,86,30,256
46585.0,-30,-6,325
46587.5,35,-7,256
46590.0,-28,-25,307
46592.5,-6,11,340
46595.0,12,-15,346
46597.5,7,7,320
46600.0,8,4,322
46602.5,26,-1,263
46605.0,-45,-35,308
46607.5,28,5,257
46610.0,24,-20,309
46612.5,4,-29,334
46615.0,31,-17,327
46617.5,39,49,282
46620.0,3,25,307
46622.5,29,1,248
46625.0,-38,-14,338
46627.5,24,-45,317
46630.0,28,-25,216
46632.5,28,-25,216
46635.0,-22,-6,294
46637.5,25,20,327
46640.0,-38,-1,338
46642.5,19,-24,342
46645.0,-4,-12,281
46647.5,-2,-31,355
46650.0,42,-7,206
46652.5,-34,-33,283
46655.0,23,-4,320
46657.5,24,10,284
46660.0,-48,-24,324
46662.5,9,-13,324
46665.0,-1,-16,294
46667.5,-59,-12,348
46670.0,32,-1,246
46672.5,36,-9,281
46675.0,-3,10,305
46677.5,69,-5,278
46680.0,41,-14,246
46682.5,41,-14,246
46685.0,129,42,288
46687.5,37,-25,170
46690.0,31,4,422
46692.5,36,-16,297
46695.0,-6,25,309
46697.5,-8,-13,291
46700.0,49,6,286
46702.5,-61,26,440
46705.0,-39,-46,267
46707.5,75,-27,303
46710.0,-19,-57,335
46712.5,-9,28,273
46715.0,-17,-17,294
46717.5,-34,-51,337
46720.0,5,-8,285
46722.5,-36,-30,366
46725.0,-45,-35,292
46727.5,6,-64,296
46730.0,16,-39,310
46732.5,16,-39,310
46735.0,-29,-14,311
46737.5,-27,-19,294
46740.0,-32,-16,345
46742.5,-7,-2,376
46745.0,-9,-4,308
46747.5,19,-41,316
46750.0,11,-27,283
46752.5,-54,-26,312
46755.0,-47,-42,326
46757.5,-21,40,333
46760.0,-32,19,301
46762.5,-5,-27,406
46765.0,59,12,326
46767.5,27,-4,306
46770.0,119,45,260
46772.5,-45,-49,297
46775.0,16,-30,306
46777.5,-4,-21,255
46780.0,-10,-11,332
46782.5,-10,-11,332
46785.0,87,-13,294
46787.5,-36,-31,341
46790.0,17,0,322
46792.5,36,16,253
46795.0,10,-35,322
46797.5,42,30,310
46800.0,8,6,298
46802.5,-34,-17,297
46805.0,48,22,291
46807.5,-12,-30,355
46810.0,-3,1,267
46812.5,-26,-22,310
46815.0,33,15,284
46817.5,-43,-24,326
46820.0,-32,-31,330
46822.5,34,-24,354
46825.0,49,13,276
46827.5,-25,-28,347
46830.0,62,-3,255
46832.5,62,-3,255
46835.0,-18,-29,282
46837.5,-7,8,318
46840.0,40,23,327
46842.5,-7,-18,351
46845.0,25,-12,333
46847.5,38,-33,257
46850.0,-30,-20,378
46852.5,43,-16,212
46855.0,7,-9,309
46857.5,-29,-40,323
46860.0,-85,-52,361
46862.5,-32,-39,312
46865.0,16,7,282
46867.5,28,15,267
46870.0,16,-13,296
46872.5,60,-11,275
46875.0,11,-2,285
46877.5,-1,-3,341
46880.0,16,6,352
46882.5,16,6,352
46885.0,-35,-14,361
46887.5,38,-5,277
46890.0,123,14,207
46892.5,-1,-78,315
46895.0,39,-8,316
46897.5,3,-6,302
46900.0,-6,31,319
46902.5,49,-56,312
46905.0,-9,-10,399
46907.5,-17,-31,252
46910.0,26,2,250
46912.5,-6,-24,332
46915.0,37,1,263
46917.5,7,-22,297
46920.0,2,12,336
46922.5,-2,23,190
46925.0,16,-13,337
46927.5,9,30,223
46930.0,-45,9,282
46932.5,-45,9,282
46935.0,-11,23,339
46937.5,82,14,343
46940.0,6,22,321
46942.5,-59,-42,359
46945.0,51,-14,320
46947.5,46,-25,337
46950.0,24,-33,252
46952.5,-19,-29,218
46955.0,89,-9,309
46957.5,36,29,247
46960.0,18,-18,302
46962.5,0,-21,321
46965.0,40,19,262
46967.5,119,-4,310
46970.0,47,-31,252
46972.5,61,11,267
46975.0,26,22,320
46977.5,-60,14,278
46980.0,-60,14,278
46982.5,-39,-82,364
46985.0,-12,6,357
46987.5,87,-3,295
46990.0,0,-30,360
46992.5,24,-29,331
46995.0,11,13,255
46997.5,-23,-7,303
47000.0,9,-16,280
47002.5,18,-5,311
47005.0,-23,-21,337
47007.5,33,-4,341
47010.0,33,-3,359
47012.5,48,16,286
47015.0,58,-14,270
47017.5,-17,-30,315
47020.0,57,-3,265
47022.5,21,-10,310
47025.0,-27,-10,319
47027.5,60,-6,317
47030.0,60,-6,317
47032.5,-31,-26,342
47035.0,9,-48,305
47037.5,51,54,263
47040.0,34,24,316
47042.5,43,-11,268
47045.0,12,1,296
47047.5,29,-2,350
47050.0,89,17,357
47052.5,-20,-51,326
47055.0,21,-31,239
47057.5,56,-9,273
47060.0,20,-60,226
47062.5,31,8,264
47065.0,25,-13,311
47067.5,28,-29,370
47070.0,126,-35,260
47072.5,-32,-36,342
47075.0,-47,-47,319
47077.5,-5,-25,244
47080.0,-5,-25,244
47082.5,17,-4,312
47085.0,50,8,303
47087.5,-29,-31,416
47090.0,76,66,288
47092.5,-16,-66,374
47095.0,31,0,335
47097.5,11,-27,235
47100.0,43,-19,226
47102.5,51,-19,319
47105.0,52,10,359
47107.5,-19,-24,334
47110.0,31,-35,377
47112.5,31,6,271
47115.0,34,10,392
47117.5,44,-18,217
47120.0,-4,-30,339
47122.5,8,-34,322
47125.0,60,19,327
47127.5,-34,-22,342
47130.0,-34,-22,342
47132.5,3,-29,334
47135.0,83,14,249
47137.5,-9,-21,321
47140.0,48,5,254
47142.5,6,0,284
47145.0,-6,18,390
47147.5,42,22,290
47150.0,-15,-37,280
47152.5,24,-46,320
47155.0,-25,-12,297
47157.5,-12,-1,325
47160.0,-2,-8,230
47162.5,-19,5,324
47165.0,-17,-17,322
47167.5,-3,27,284
47170.0,2,-5,337
47172.5,-7,-49,277
47175.0,54,32,254
47177.5,-43,0,295
47180.0,-43,0,295
47182.5,65,10,288
47185.0,-11,-17,338
47187.5,2,-49,351
47190.0,38,-8,294
47192.5,15,24,387
47195.0,71,43,260
47197.5,87,27,276
47200.0,-23,-27,307
47202.5,39,9,300
47205.0,-34,-24,316
47207.5,48,-26,372
47210.0,51,-14,293
47212.5,-6,-46,415
47215.0,-35,-24,249
47217.5,-79,-55,307
47220.0,-15,20,351
47222.5,32,53,291
47225.0,69,37,341
47227.5,13,-19,369
47230.0,13,-19,369
47232.5,66,16,261
47235.0,-41,-14,266
47237.5,9,-11,294
47240.0,-8,25,393
47242.5,-33,-10,314
47245.0,36,22,267
47247.5,43,11,319
47250.0,99,-21,314
47252.5,88,-5,282
47255.0,-45,-42,297
47257.5,64,-6,270
47260.0,-7,4,272
47262.5,21,-49,421
47265.0,-9,-16,376
47267.5,-52,2,290
47270.0,30,-44,275
47272.5,16,-21,279
47275.0,-57,-121,368
47277.5,16,-3,250
47280.0,16,-3,250
47282.5,16,-46,309
47285.0,3,-1,399
47287.5,104,-10,256
47290.0,65,-33,344
47292.5,-44,-19,255
47295.0,67,31,238
47297.5,-53,-3,283
47300.0,-17,13,275
47302.5,18,-14,327
47305.0,-65,-17,313
47307.5,-21,3,212
47310.0,45,-33,370
47312.5,56,-2,274
47315.0,21,21,253
47317.5,6,-21,329
47320.0,68,12,307
47322.5,-22,33,248
47325.0,-26,1,342
47327.5,35,-18,282
47330.0,35,-18,282
47332.5,-4,-11,330
47335.0,43,-40,296
47337.5,39,4,237
47340.0,12,-8,313
47342.5,-23,25,243
47345.0,22,10,293
47347.5,-35,-15,322
47350.0,39,31,286
47352.5,-1,-49,349
47355.0,-5,-51,316
47357.5,20,-16,225
47360.0,11,-50,298
47362.5,71,-12,291
47365.0,7,-11,309
47367.5,-7,-21,344
47370.0,11,-1,278
47372.5,77,12,302
47375.0,21,-10,280
47377.5,10,-7,251
47380.0,10,-7,251
47382.5,-49,-37,287
47385.0,14,11,261
47387.5,11,17,313
47390.0,0,-26,338
47392.5,18,-7,299
47395.0,-47,-15,332
47397.5,23,3,283
47400.0,32,-20,267
47402.5,-20,12,307
47405.0,15,-6,272
47407.5,-42,-8,294
47410.0,-4,-12,335
47412.5,67,29,278
47415.0,-39,-23,313
47417.5,120,-22,218
47420.0,41,-18,244
47422.5,-34,-11,292
47425.0,48,-28,306
47427.5,31,22,305
47430.0,31,22,305
47432.5,-52,18,351
47435.0,36,-2,344
47437.5,8,-11,324
47440.0,103,-70,386
47442.5,95,3,118
47445.0,-14,-40,384
47447.5,26,12,212
47450.0,14,-5,329
47452.5,8,-59,391
47455.0,-51,-46,296
47457.5,59,-21,304
47460.0,4,22,285
47462.5,23,4,235
47465.0,16,-13,280
47467.5,32,-5,281
47470.0,6,-3,405
47472.5,21,-42,329
47475.0,54,-6,319
47477.5,30,8,271
47480.0,30,8,271
47482.5,71,41,223
47485.0,-39,-38,309
47487.5,43,6,268
47490.0,43,19,240
47492.5,53,12,277
47495.0,22,12,350
47497.5,16,15,265
47500.0,0,1,355
47502.5,2,8,234
47505.0,58,25,325
47507.5,15,30,297
47510.0,76,5,313
47512.5,95,22,329
47515.0,38,-8,247
47517.5,-12,-55,317
47520.0,-25,-5,298
47522.5,-17,-66,304
47525.0,8,-4,317
47527.5,8,-4,317
47530.0,3,-43,373
47532.5,68,15,307
47535.0,38,-20,342
47537.5,15,6,275
47540.0,-5,-44,274
47542.5,-41,2,305
47545.0,24,15,242
47547.5,-13,-15,316
47550.0,35,8,328
47552.5,89,17,281
47555.0,-22,-19,357
47557.5,8,19,234
47560.0,42,12,284
47562.5,8,-34,299
47565.0,16,-1,312
47567.5,13,-42,337
47570.0,-31,-19,321
47572.5,60,-2,312
47575.0,-25,-4,358
47577.5,-25,-4,358
47580.0,-26,-44,250
47582.5,-18,-14,287
47585.0,4,0,330
47587.5,65,9,309
47590.0,-25,14,311
47592.5,-29,-102,279
47595.0,6,-26,184
47597.5,-79,-40,327
47600.0,87,-2,296
47602.5,-47,18,222
47605.0,81,10,327
47607.5,-9,-13,385
47610.0,58,-4,365
47612.5,40,9,267
47615.0,56,39,233
47617.5,-18,-35,295
47620.0,24,-2,291
47622.5,32,-19,297
47625.0,-25,-23,348
47627.5,-25,-23,348
47630.0,56,-39,292
47632.5,18,15,344
47635.0,5,-17,272
47637.5,40,-2,215
47640.0,-2,5,320
47642.5,63,-6,254
47645.0,6,-6,309
47647.5,82,8,373
47650.0,-1,-71,340
47652.5,-4,0,319
47655.0,78,21,198
47657.5,9,-18,256
47660.0,74,-8,331
47662.5,14,-45,323
47665.0,-5,11,254
47667.5,-53,19,321
47670.0,1,6,301
47672.5,60,-32,248
47675.0,93,-29,255
47677.5,93,-29,255
47680.0,-7,-29,265
47682.5,16,1,284
47685.0,22,5,315
47687.5,-34,-8,319
47690.0,43,-49,347
47692.5,77,-6,247
47695.0,16,17,322
47697.5,-4,-27,288
47700.0,-4,-28,320
47702.5,-44,5,285
47705.0,79,24,270
47707.5,37,-1,225
47710.0,35,-10,330
47712.5,47,6,308
47715.0,-34,3,328
47717.5,-18,-34,261
47720.0,-73,19,255
47722.5,58,23,285
47725.0,17,-27,306
47727.5,17,-27,306
47730.0,13,6,314
47732.5,-3,-37,335
47735.0,-101,-21,335
47737.5,-58,-36,398
47740.0,29,-10,276
47742.5,21,15,287
47745.0,-23,-39,340
47747.5,-1,14,295
47750.0,-12,2,319
47752.5,-22,-20,334
47755.0,-7,-17,300
47757.5,-6,22,356
47760.0,-10,31,237
47762.5,-54,-26,304
47765.0,23,19,271
47767.5,25,28,291
47770.0,14,19,323
47772.5,-4,-59,348
47775.0,65,8,323
47777.5,65,8,323
47780.0,-34,-29,338
47782.5,-28,-19,245
47785.0,-83,-15,304
47787.5,6,-2,282
47790.0,28,29,290
47792.5,-56,-26,233
47795.0,-48,-47,375
47797.5,46,18,299
47800.0,-20,30,336
47802.5,69,25,148
47805.0,12,-12,255
47807.5,15,14,349
47810.0,13,4,340
47812.5,42,12,347
47815.0,3,-11,375
47817.5,19,15,327
47820.0,-29,-7,314
47822.5,89,29,353
47825.0,57,23,186
47827.5,57,23,186
47830.0,-35,-24,321
47832.5,55,24,271
47835.0,22,15,303
47837.5,-53,-29,326
47840.0,42,3,282
47842.5,-26,-18,357
47845.0,20,-18,282
47847.5,12,-35,334
47850.0,7,-16,342
47852.5,49,52,371
47855.0,-26,-21,272
47857.5,20,8,309
47860.0,-52,-34,210
47862.5,-36,-45,358
47865.0,73,17,182
47867.5,-22,5,279
47870.0,11,-69,344
47872.5,62,48,333
47875.0,-79,-77,344
47877.5,-79,-77,344
47880.0,44,25,317
47882.5,33,49,238
47885.0,57,15,307
47887.5,74,24,268
47890.0,2,-20,296
47892.5,-16,-5,314
47895.0,51,3,306
47897.5,61,-54,333
47900.0,26,1,276
47902.5,14,-27,308
47905.0,7,-1,310
47907.5,-13,9,317
47910.0,-61,-23,319
47912.5,58,-11,346
47915.0,40,-4,238
47917.5,-75,-30,335
47920.0,-11,-7,277
47922.5,-32,-19,279
47925.0,-7,7,308
47927.5,-7,7,308
47930.0,-46,-26,338
47932.5,0,7,317
47935.0,-15,14,332
47937.5,64,43,274
47940.0,-40,-43,338
47942.5,52,38,213
47945.0,-21,-20,267
47947.5,-11,-16,338
47950.0,39,28,300
47952.5,6,-9,310
47955.0,-14,-32,280
47957.5,35,-3,242
47960.0,42,-15,340
47962.5,49,-2,204
47965.0,75,64,338
47967.5,31,-2,315
47970.0,30,28,244
47972.5,6,-7,371
47975.0,61,-2,362
47977.5,61,-2,362
47980.0,13,-17,187
47982.5,-29,-29,227
47985.0,-90,-24,317
47987.5,8,46,376
47990.0,-41,32,358
47992.5,-45,-1,274
47995.0,-8,-41,362
47997.5,21,-36,258
48000.0,46,-36,304
48002.5,-15,-19,291
48005.0,9,-2,315
48007.5,3,-68,330
48010.0,-7,-26,334
48012.5,60,70,204
48015.0,-60,-87,404
48017.5,-52,-43,359
48020.0,-23,-29,280
48022.5,-7,7,322
48025.0,19,22,289
48027.5,19,22,289
48030.0,-8,16,293
48032.5,34,37,335
48035.0,37,-39,302
48037.5,-29,-24,384
48040.0,39,-21,287
48042.5,-116,23,250
48045.0,-22,50,295
48047.5,21,22,319
48050.0,-29,-88,348
48052.5,71,-15,353
48055.0,68,0,303
48057.5,38,22,301
48060.0,144,68,255
48062.5,-1,45,275
48065.0,32,4,261
48067.5,-6,0,329
48070.0,-27,-35,339
48072.5,14,-47,367
48075.0,14,-47,367
48077.5,80,45,228
48080.0,34,-21,287
48082.5,54,28,211
48085.0,27,30,293
48087.5,-14,5,320
48090.0,-12,4,304
48092.5,29,-29,341
48095.0,51,-33,353
48097.5,29,-24,298
48100.0,-48,-41,332
48102.5,7,-29,239
48105.0,29,37,263
48107.5,-29,-22,285
48110.0,6,-15,297
48112.5,-30,-5,289
48115.0,37,-18,326
48117.5,17,28,266
48120.0,-8,-13,347
48122.5,8,6,234
48125.0,8,6,234
48127.5,21,-25,246
48130.0,-30,-45,313
48132.5,30,10,280
48135.0,2,-9,307
48137.5,18,-58,378
48140.0,4,19,305
48142.5,-25,-41,350
48145.0,56,0,223
48147.5,55,-18,241
48150.0,60,-10,293
48152.5,22,-32,233
48155.0,55,-26,278
48157.5,107,2,397
48160.0,9,-31,170
48162.5,-56,-54,362
48165.0,-12,-29,265
48167.5,2,-5,303
48170.0,-14,28,292
48172.5,-21,0,288
48175.0,-21,0,288
48177.5,-77,4,511
48180.0,-10,35,323
48182.5,58,-12,222
48185.0,17,-35,269
48187.5,34,11,269
48190.0,-6,21,256
48192.5,-55,-20,242
48195.0,50,36,334
48197.5,-6,7,295
48200.0,-33,15,349
48202.5,82,22,219
48205.0,-38,-35,301
48207.5,8,-23,301
48210.0,39,-26,354
48212.5,24,-12,334
48215.0,-6,-6,445
48217.5,16,-31,327
48220.0,55,13,279
48222.5,9,-20,277
48225.0,9,-20,277
48227.5,-31,-19,330
48230.0,9,23,214
48232.5,12,-11,332
48235.0,-3,-22,352
48237.5,24,-3,317
48240.0,-26,-38,351
48242.5,44,25,299
48245.0,-8,-5,242
48247.5,-76,-71,300
48250.0,21,0,338
48252.5,35,-10,286
48255.0,-6,15,339
48257.5,55,-17,270
48260.0,-22,-37,400
48262.5,3,-62,231
48265.0,81,4,278
48267.5,13,-25,318
48270.0,23,8,290
48272.5,10,1,324
48275.0,10,1,324
48277.5,16,-34,318
48280.0,88,12,299
48282.5,-53,-58,332
48285.0,86,-11,229
48287.5,52,2,314
48290.0,-21,4,314
48292.5,28,-3,298
48295.0,26,1,342
48297.5,10,27,344
48300.0,86,15,248
48302.5,-4,-3,313
48305.0,52,9,245
48307.5,-78,-15,295
48310.0,14,-31,370
48312.5,36,25,259
48315.0,90,16,286
48317.5,40,9,300
48320.0,42,-32,301
48322.5,-21,3,316
48325.0,-21,3,316
48327.5,-2,-101,266
48330.0,25,-60,250
48332.5,46,-73,385
48335.0,-33,-24,343
48337.5,36,-17,289
48340.0,54,-1,250
48342.5,27,-14,303
48345.0,-11,-18,280
48347.5,65,10,253
48350.0,19,5,292
48352.5,30,-3,333
48355.0,29,-9,251
48357.5,-61,-24,304
48360.0,84,37,183
48362.5,1,31,294
48365.0,-91,-35,295
48367.5,45,-19,266
48370.0,57,-37,359
48372.5,21,41,355
48375.0,21,41,355
48377.5,70,11,210
48380.0,-21,-79,329
48382.5,-29,5,374
48385.0,11,-21,293
48387.5,45,16,314
48390.0,21,22,292
48392.5,9,-22,320
48395.0,-26,-18,342
48397.5,156,58,230
48400.0,4,-48,367
48402.5,85,22,247
48405.0,4,2,264
48407.5,18,-29,370
48410.0,24,26,300
48412.5,-47,21,373
48415.0,-37,-30,328
48417.5,1,-23,267
48420.0,-11,-7,320
48422.5,63,15,268
48425.0,63,15,268
48427.5,23,-29,245
48430.0,-38,-6,376
48432.5,43,13,336
48435.0,32,-48,367
48437.5,-24,-1,352
48440.0,129,42,309
48442.5,-95,-50,357
48445.0,-14,-31,236
48447.5,32,-22,275
48450.0,15,36,293
48452.5,45,15,316
48455.0,-2,15,304
48457.5,73,5,281
48460.0,21,-8,243
48462.5,5,21,291
48465.0,70,-38,273
48467.5,-4,-8,282
48470.0,22,11,350
48472.5,6,-17,279
48475.0,6,-17,279
48477.5,36,-16,287
48480.0,-6,-9,339
48482.5,-3,-25,270
48485.0,12,0,357
48487.5,13,-25,265
48490.0,-44,-13,287
48492.5,-17,-10,310
48495.0,31,0,289
48497.5,-61,-13,306
48500.0,-5,6,338
48502.5,15,-14,271
48505.0,-14,5,332
48507.5,49,37,226
48510.0,-13,-35,283
48512.5,15,4,312
48515.0,45,3,302
48517.5,-18,-4,305
48520.0,-59,-5,357
48522.5,-35,-58,365
48525.0,-35,-58,365
48527.5,43,-64,409
48530.0,124,2,141
48532.5,54,10,252
48535.0,2,-4,351
48537.5,41,0,323
48540.0,-17,-21,354
48542.5,-25,-17,343
48545.0,83,29,343
48547.5,23,-21,296
48550.0,43,16,222
48552.5,-19,12,280
48555.0,2,0,395
48557.5,38,19,273
48560.0,-49,35,306
48562.5,23,26,371
48565.0,-30,-25,248
48567.5,-28,-52,250
48570.0,46,-17,326
48572.5,-63,34,376
48575.0,-63,34,376
48577.5,23,15,256
48580.0,30,0,387
48582.5,18,19,332
48585.0,-13,-4,298
48587.5,96,19,232
48590.0,53,-24,361
48592.5,21,-12,246
48595.0,6,-35,291
48597.5,23,10,346
48600.0,4,-11,326
48602.5,35,-20,326
48605.0,32,59,264
48607.5,-20,-27,285
48610.0,-37,-30,280
48612.5,50,11,295
48615.0,26,-29,312
48617.5,88,34,381
48620.0,-19,-36,294
48622.5,-76,-35,324
48625.0,-76,-35,324
48627.5,30,22,231
48630.0,78,-3,252
48632.5,-48,-26,312
48635.0,-24,-26,372
48637.5,-31,-7,330
48640.0,-50,-14,325
48642.5,72,19,224
48645.0,87,-42,380
48647.5,0,2,233
48650.0,1,-19,310
48652.5,-44,-2,298
48655.0,9,9,283
48657.5,-71,-11,305
48660.0,-11,-93,326
48662.5,18,-34,285
48665.0,14,-13,342
48667.5,51,12,293
48670.0,28,-8,292
48672.5,28,-8,292
48675.0,-22,-41,339
48677.5,14,-5,293
48680.0,37,11,348
48682.5,43,-3,299
48685.0,58,-38,294
48687.5,42,11,325
48690.0,46,40,260
48692.5,-18,-10,305
48695.0,23,-19,358
48697.5,17,-7,274
48700.0,-152,-21,462
48702.5,27,12,283
48705.0,19,-22,260
48707.5,36,13,236
48710.0,-42,16,346
48712.5,-55,3,357
48715.0,-31,14,379
48717.5,6,10,347
48720.0,-81,-19,383
48722.5,-81,-19,383
48725.0,68,36,240
48727.5,16,-64,327
48730.0,-15,-50,331
48732.5,63,-28,320
48735.0,71,-10,350
48737.5,27,-26,354
48740.0,30,-21,277
48742.5,21,-24,314
48745.0,11,-19,254
48747.5,-57,-75,328
48750.0,-15,-67,420
48752.5,-13,-7,321
48755.0,31,7,315
48757.5,-24,-51,346
48760.0,65,23,246
48762.5,7,13,292
48765.0,35,0,291
48767.5,9,-39,386
48770.0,-20,-8,342
48772.5,-20,-8,342
48775.0,15,-6,314
48777.5,62,-3,341
48780.0,26,3,287
48782.5,21,-51,280
48785.0,-65,-47,316
48787.5,-19,-17,244
48790.0,41,14,321
48792.5,-29,17,315
48795.0,-121,-116,407
48797.5,26,-15,378
48800.0,18,14,245
48802.5,15,-42,243
48805.0,7,-29,349
48807.5,-59,2,264
48810.0,40,-20,309
48812.5,-9,-5,315
48815.0,-1,0,325
48817.5,-15,2,348
48820.0,-22,-65,312
48822.5,-22,-65,312
48825.0,33,24,258
48827.5,-16,-63,344
48830.0,-34,-3,226
48832.5,23,27,306
48835.0,1,-18,351
48837.5,-3,9,305
48840.0,19,-8,304
48842.5,-3,-13,327
48845.0,15,-4,273
48847.5,6,-9,373
48850.0,71,23,270
48852.5,23,-16,300
48855.0,-12,-8,300
48857.5,5,-13,318
48860.0,-6,-15,331
48862.5,28,-15,322
48865.0,34,1,278
48867.5,14,10,347
48870.0,65,-2,308
48872.5,65,-2,308
48875.0,8,-21,272
48877.5,-34,-28,321
48880.0,13,19,317
48882.5,47,-9,340
48885.0,-6,-66,355
48887.5,51,-62,322
48890.0,-93,-28,341
48892.5,-21,15,193
48895.0,18,-48,295
48897.5,-17,30,213
48900.0,12,-40,343
48902.5,-29,-48,385
48905.0,10,-18,322
48907.5,34,5,291
48910.0,-22,8,222
48912.5,30,-34,358
48915.0,40,6,285
48917.5,-61,16,308
48920.0,-8,-32,326
48922.5,-8,-32,326
48925.0,-40,-32,339
48927.5,23,10,309
48930.0,5,4,387
48932.5,-70,-20,312
48935.0,68,8,246
48937.5,20,-4,293
48940.0,-38,5,328
48942.5,54,26,296
48945.0,4,-4,257
48947.5,-48,-53,328
48950.0,2,25,161
48952.5,-68,-50,310
48955.0,23,41,279
48957.5,-41,22,385
48960.0,-5,-25,376
48962.5,35,-31,236
48965.0,-28,-38,335
48967.5,8,14,242
48970.0,112,55,377
48972.5,112,55,377
48975.0,38,-5,264
48977.5,11,20,286
48980.0,-7,6,313
48982.5,62,19,396
48985.0,85,0,354
48987.5,-39,-42,364
48990.0,5,-35,257
48992.5,47,37,304
48995.0,-8,-27,309
48997.5,62,26,267
49000.0,-97,-21,252
49002.5,9,-43,326
49005.0,20,10,302
49007.5,25,-33,355
49010.0,68,20,241
49012.5,-3,-12,278
49015.0,-48,-20,356
49017.5,5,0,339
49020.0,3,-2,335
49022.5,3,-2,335
49025.0,79,43,308
49027.5,60,18,266
49030.0,-34,-34,327
49032.5,96,9,260
49035.0,64,23,299
49037.5,13,18,325
49040.0,53,-10,315
49042.5,42,39,363
49045.0,40,14,262
49047.5,25,4,295
49050.0,18,24,251
49052.5,56,46,274
49055.0,-64,-36,308
49057.5,61,-22,371
49060.0,-30,-47,310
49062.5,-61,-15,307
49065.0,102,32,259
49067.5,-24,-59,351
49070.0,-8,-34,279
49072.5,-8,-34,279
49075.0,-35,-35,314
49077.5,-17,-32,310
49080.0,64,25,340
49082.5,50,-45,305
49085.0,0,-27,336
49087.5,24,-18,265
49090.0,-40,-82,317
49092.5,-25,-38,363
49095.0,-16,-17,318
49097.5,45,40,350
49100.0,36,-2,353
49102.5,87,-9,199
49105.0,14,-65,261
49107.5,84,45,255
49110.0,31,41,329
49112.5,2,-5,317
49115.0,14,30,271
49117.5,41,-47,309
49120.0,30,-22,255
49122.5,30,-22,255
49125.0,74,-20,225
49127.5,9,-14,308
49130.0,29,2,254
49132.5,34,-51,306
49135.0,-55,17,367
49137.5,6,-7,340
49140.0,77,-20,332
49142.5,82,23,259
49145.0,92,-28,239
49147.5,38,47,275
49150.0,40,-47,261
49152.5,5,-17,316
49155.0,12,-30,354
49157.5,35,26,307
49160.0,-38,-13,330
49162.5,-87,-32,338
49165.0,31,-56,331
49167.5,-22,2,288
49170.0,66,-1,290
49172.5,66,-1,290
49175.0,14,16,304
49177.5,-34,-39,304
49180.0,9,-1,273
49182.5,9,9,345
49185.0,0,2,299
49187.5,60,5,263
49190.0,-18,-23,330
49192.5,-27,6,253
49195.0,-8,14,252
49197.5,-23,23,300
49200.0,-33,5,300
49202.5,20,-42,356
49205.0,13,-21,295
49207.5,24,-33,261
49210.0,-5,-76,321
49212.5,-12,-19,278
49215.0,14,4,291
49217.5,20,-19,333
49220.0,20,-19,333
49222.5,20,61,289
49225.0,-15,5,322
49227.5,49,22,317
49230.0,13,-28,273
49232.5,24,9,312
49235.0,60,36,227
49237.5,-52,43,248
49240.0,-59,5,324
49242.5,11,-15,308
49245.0,-91,-48,295
49247.5,-8,-31,302
49250.0,-27,-11,247
49252.5,27,-6,332
49255.0,45,8,249
49257.5,6,-11,293
49260.0,9,-45,329
49262.5,-51,-34,317
49265.0,-3,-40,402
49267.5,3,13,291
49270.0,3,13,291
49272.5,44,-7,262
49275.0,-51,-65,302
49277.5,5,-12,339
49280.0,3,8,255
49282.5,-16,55,428
49285.0,8,-19,311
49287.5,12,-8,328
49290.0,94,13,285
49292.5,118,36,278
49295.0,-30,-19,249
49297.5,20,33,291
49300.0,-9,-33,326
49302.5,-37,8,369
49305.0,44,-20,297
49307.5,-12,-10,321
49310.0,26,6,289
49312.5,-20,-43,188
49315.0,-9,-32,335
49317.5,-3,20,261
49320.0,-3,20,261
49322.5,-20,-13,351
49325.0,-34,-1,318
49327.5,-10,-20,352
49330.0,-47,-36,348
49332.5,62,-37,237
49335.0,133,-4,249
49337.5,-41,-67,289
49340.0,-18,-3,329
49342.5,91,37,241
49345.0,-16,-26,322
49347.5,10,-54,214
49350.0,36,-68,306
49352.5,-61,68,106
49355.0,-44,-21,301
49357.5,27,-32,303
49360.0,87,23,314
49362.5,-58,-40,317
49365.0,9,16,308
49367.5,101,5,376
49370.0,101,5,376
49372.5,-32,-6,329
49375.0,12,-2,238
49377.5,13,-30,280
49380.0,0,-13,280
49382.5,31,12,315
49385.0,-55,-30,301
49387.5,25,-16,309
49390.0,52,-10,227
49392.5,11,18,303
49395.0,12,-41,267
49397.5,-23,-35,331
49400.0,36,19,351
49402.5,24,-2,306
49405.0,58,3,349
49407.5,76,26,278
49410.0,108,23,275
49412.5,29,8,302
49415.0,20,16,254
49417.5,45,11,297
49420.0,45,11,297
49422.5,-1,-26,342
49425.0,29,-13,302
49427.5,60,0,343
49430.0,20,-25,281
49432.5,-11,-19,243
49435.0,49,-25,253
49437.5,-51,-12,268
49440.0,35,35,312
49442.5,15,-41,359
49445.0,68,-8,234
49447.5,0,-11,355
49450.0,22,-41,219
49452.5,-3,-11,278
49455.0,-54,-26,229
49457.5,-56,-23,239
49460.0,-27,-15,316
49462.5,61,22,299
49465.0,68,10,202
49467.5,-56,-47,314
49470.0,-56,-47,314
49472.5,-95,-15,279
49475.0,16,4,274
49477.5,9,-11,302
49480.0,42,3,329
49482.5,-24,-42,379
49485.0,-14,15,330
49487.5,59,-5,296
49490.0,-22,-27,376
49492.5,-26,24,251
49495.0,-51,-3,294
49497.5,-59,-17,331
49500.0,71,67,278
49502.5,4,-101,404
49505.0,22,-16,345
49507.5,73,-10,251
49510.0,50,-37,337
49512.5,45,28,263
49515.0,12,28,266
49517.5,-12,3,310
49520.0,-12,3,310
49522.5,22,-11,331
49525.0,2,-42,345
49527.5,-24,-32,338
49530.0,23,6,288
49532.5,3,36,331
49535.0,-59,17,292
49537.5,8,-6,279
49540.0,0,12,287
49542.5,58,46,319
49545.0,-50,-20,299
49547.5,32,5,312
49550.0,26,4,201
49552.5,-14,-20,327
49555.0,-21,36,268
49557.5,-42,-26,308
49560.0,19,-6,286
49562.5,-18,-41,290
49565.0,16,-11,359
49567.5,-3,-39,333
49570.0,-3,-39,333
49572.5,36,-20,260
49575.0,-25,-45,334
49577.5,53,18,289
49580.0,4,-13,279
49582.5,72,16,272
49585.0,54,16,324
49587.5,-34,-28,312
49590.0,21,7,347
49592.5,34,19,315
49595.0,-10,-36,368
49597.5,62,17,249
49600.0,29,0,276
49602.5,-11,-23,314
49605.0,10,27,315
49607.5,-21,-6,327
49610.0,-7,-8,337
49612.5,29,-20,315
49615.0,-17,-26,362
49617.5,4,-16,286
49620.0,4,-16,286
49622.5,1,-2,254
49625.0,-28,-11,312
49627.5,58,33,239
49630.0,44,-18,292
49632.5,75,-8,372
49635.0,12,-10,278
49637.5,-31,-25,303
49640.0,46,-14,269
49642.5,-5,-20,335
49645.0,-8,-12,343
49647.5,11,-35,258
49650.0,35,44,341
49652.5,33,-3,319
49655.0,-31,-33,252
49657.5,21,-6,282
49660.0,-4,15,232
49662.5,24,-6,253
49665.0,-42,8,437
49667.5,-39,-41,293
49670.0,-39,-41,293
49672.5,35,-1,271
49675.0,32,-35,302
49677.5,122,28,248
49680.0,21,13,342
49682.5,59,47,265
49685.0,-3,6,310
49687.5,1,-52,345
49690.0,34,4,330
49692.5,27,11,319
49695.0,21,-23,299
49697.5,91,-6,288
49700.0,42,11,302
49702.5,-6,6,251
49705.0,-20,-6,310
49707.5,6,20,320
49710.0,80,-14,334
49712.5,-7,-29,338
49715.0,-22,-32,285
49717.5,-63,-21,280
49720.0,-63,-21,280
49722.5,-30,-22,307
49725.0,4,33,314
49727.5,-3,-27,324
49730.0,17,-35,338
49732.5,0,4,297
49735.0,7,-51,351
49737.5,42,23,243
49740.0,-17,6,239
49742.5,3,-18,289
49745.0,0,2,346
49747.5,27,4,346
49750.0,20,8,307
49752.5,10,9,283
49755.0,-4,-17,334
49757.5,31,-30,223
49760.0,52,-7,282
49762.5,-8,-2,274
49765.0,17,-44,347
49767.5,-29,-8,307
49770.0,-29,-8,307
49772.5,-4,-27,303
49775.0,122,19,237
49777.5,-22,-30,296
49780.0,-15,-19,250
49782.5,-25,14,288
49785.0,20,14,336
49787.5,21,-29,312
49790.0,12,-32,362
49792.5,23,12,287
49795.0,12,2,234
49797.5,-60,-16,295
49800.0,-27,-4,283
49802.5,11,-60,267
49805.0,-37,6,394
49807.5,65,-12,349
49810.0,-20,-23,299
49812.5,-11,-30,199
49815.0,22,-37,350
49817.5,-7,-9,350
49820.0,-7,-9,350
49822.5,-11,-49,290
49825.0,-45,-33,268
49827.5,28,13,429
49830.0,30,-23,368
49832.5,-8,-14,340
49835.0,-23,-46,226
49837.5,-14,45,273
49840.0,-70,-57,424
49842.5,-6,10,326
49845.0,14,17,265
49847.5,11,-36,327
49850.0,-42,-8,305
49852.5,23,-13,332
49855.0,51,17,312
49857.5,51,11,351
49860.0,-3,-26,269
49862.5,-5,-12,304
49865.0,24,28,331
49867.5,6,-35,309
49870.0,6,-35,309
49872.5,30,-63,256
49875.0,-20,-74,369
49877.5,117,-13,284
49880.0,-37,-21,268
49882.5,22,-51,329
49885.0,43,31,302
49887.5,-2,-8,320
49890.0,30,-22,309
49892.5,92,17,309
49895.0,42,-25,338
49897.5,18,-10,280
49900.0,42,-40,311
49902.5,25,4,257
49905.0,44,34,285
49907.5,49,19,292
49910.0,-42,-9,356
49912.5,9,-43,318
49915.0,14,10,362
49917.5,14,10,362
49920.0,53,-18,300
49922.5,-13,-27,283
49925.0,-2,17,299
49927.5,49,17,300
49930.0,36,2,321
49932.5,-22,13,281
49935.0,55,-21,226
49937.5,34,24,336
49940.0,39,19,242
49942.5,-45,10,269
49945.0,29,3,298
49947.5,-54,9,313
49950.0,13,23,315
49952.5,-14,18,320
49955.0,73,-11,273
49957.5,-24,-53,335
49960.0,15,-5,257
49962.5,-30,1,216
49965.0,13,1,286
49967.5,13,1,286
49970.0,11,25,286
49972.5,11,3,347
49975.0,23,-17,341
49977.5,17,-5,296
49980.0,25,1,350
49982.5,48,7,254
49985.0,-33,-15,251
49987.5,23,11,304
49990.0,12,41,283
49992.5,-109,0,348
49995.0,68,-28,333
49997.5,76,2,289
50000.0,45,2,348
50002.5,1,0,280
50005.0,12,-21,191
50007.5,32,15,348
50010.0,6,14,267
50012.5,-23,-42,365
50015.0,33,13,340
50017.5,33,13,340
50020.0,-61,-49,316
50022.5,-43,-58,275
50025.0,19,-7,253
50027.5,2,-13,259
50030.0,-9,2,358
50032.5,84,48,258
50035.0,55,15,253
50037.5,-2,-63,363
50040.0,47,9,280
50042.5,11,-29,373
50045.0,93,38,212
50047.5,14,-47,344
50050.0,-50,-10,292
50052.5,38,4,343
50055.0,12,-21,296
50057.5,3,-12,313
50060.0,9,-16,237
50062.5,22,2,332
50065.0,10,-22,223
50067.5,10,-22,223
50070.0,25,42,250
50072.5,5,-31,338
50075.0,8,24,331
50077.5,-45,-27,303
50080.0,91,26,231
50082.5,68,36,244
50085.0,1,3,316
50087.5,0,-6,299
50090.0,-21,-26,319
50092.5,5,-15,362
50095.0,-15,-18,311
50097.5,16,-21,374
50100.0,50,-19,240
50102.5,78,-5,287
50105.0,-19,-2,292
50107.5,-24,-48,301
50110.0,33,-19,355
50112.5,-22,35,338
50115.0,1,-1,301
50117.5,1,-1,301
50120.0,-33,-19,357
50122.5,74,13,290
50125.0,-28,0,303
50127.5,21,-5,300
50130.0,2,8,299
50132.5,-57,-63,310
50135.0,44,27,371
50137.5,30,10,258
50140.0,34,-5,338
50142.5,9,-27,273
50145.0,29,21,282
50147.5,-42,-11,295
50150.0,-28,-13,302
50152.5,-28,14,332
50155.0,58,8,324
50157.5,-8,-20,249
50160.0,-34,-38,332
50162.5,38,-21,276
50165.0,6,-35,352
50167.5,6,-35,352
50170.0,-67,-64,312
50172.5,34,61,326
50175.0,-14,-10,495
50177.5,45,10,283
50180.0,20,11,215
50182.5,-22,-13,287
50185.0,39,-4,349
50187.5,-52,-16,299
50190.0,3,-23,292
50192.5,50,20,296
50195.0,-13,-91,354
50197.5,27,9,230
50200.0,30,-5,338
50202.5,6,-35,311
50205.0,-19,-42,361
50207.5,-33,-3,325
50210.0,42,36,356
50212.5,-42,-51,283
50215.0,-28,-9,348
50217.5,-28,-9,348
50220.0,6,47,288
50222.5,-58,8,229
50225.0,-9,50,386
50227.5,101,-15,340
50230.0,34,-2,259
50232.5,5,-59,357
50235.0,39,9,208
50237.5,-8,3,289
50240.0,68,36,299
50242.5,25,-19,341
50245.0,15,1,246
50247.5,-18,25,304
50250.0,-40,-8,317
50252.5,15,5,272
50255.0,112,16,250
50257.5,-11,-42,319
50260.0,-7,-30,270
50262.5,36,10,290
50265.0,-11,-28,314
50267.5,-11,-28,314
50270.0,12,-1,312
50272.5,97,-29,331
50275.0,29,5,376
50277.5,4,-9,292
50280.0,45,-25,373
50282.5,63,-51,280
50285.0,106,24,226
50287.5,31,-7,271
50290.0,70,34,276
50292.5,46,-5,310
50295.0,66,-11,372
50297.5,115,6,233
50300.0,-36,-3,311
50302.5,-15,4,259
50305.0,-39,-33,317
50307.5,21,-3,338
50310.0,22,12,316
50312.5,48,-16,295
50315.0,-38,-24,333
50317.5,-38,-24,333
50320.0,42,-14,331
50322.5,-61,-43,334
50325.0,77,-23,276
50327.5,-19,-20,294
50330.0,-21,24,316
50332.5,59,34,302
50335.0,-15,-17,348
50337.5,-12,-17,334
50340.0,-8,4,248
50342.5,-58,-30,305
50345.0,40,-14,236
50347.5,54,13,277
50350.0,28,18,316
50352.5,46,-4,302
50355.0,24,16,334
50357.5,-31,-21,343
50360.0,-9,-21,313
50362.5,-8,38,311
50365.0,-59,-6,271
50367.5,-59,-6,271
50370.0,11,19,363
50372.5,-61,-7,420
50375.0,-20,-11,284
50377.5,29,-14,349
50380.0,-14,-2,302
50382.5,105,19,239
50385.0,66,-23,190
50387.5,-111,-18,284
50390.0,38,27,308
50392.5,-34,12,286
50395.0,28,-10,308
50397.5,-37,-9,339
50400.0,34,-2,339
50402.5,-30,10,287
50405.0,19,-13,285
50407.5,95,-3,341
50410.0,-29,-20,283
50412.5,0,-23,345
50415.0,-30,-29,323
50417.5,-30,-29,323
50420.0,21,-12,326
50422.5,-13,-46,280
50425.0,23,15,212
50427.5,-52,-43,315
50430.0,-36,1,221
50432.5,-11,-63,283
50435.0,-30,-17,314
50437.5,1,-47,341
50440.0,-41,-28,297
50442.5,17,-29,279
50445.0,78,27,336
50447.5,10,-2,276
50450.0,25,12,271
50452.5,20,-10,310
50455.0,46,20,374
50457.5,-8,-19,327
50460.0,42,-36,365
50462.5,47,-18,239
50465.0,-5,-2,244
50467.5,-5,-2,244
50470.0,-4,-18,291
50472.5,42,28,281
50475.0,-43,-27,358
50477.5,41,18,296
50480.0,62,16,305
50482.5,-18,-29,342
50485.0,102,14,220
50487.5,35,25,370
50490.0,-45,-23,351
50492.5,-12,-16,321
50495.0,51,-41,318
50497.5,70,-24,333
50500.0,-40,-28,244
50502.5,18,-35,342
50505.0,35,-31,252
50507.5,37,20,277
50510.0,-11,10,323
50512.5,42,-7,312
50515.0,42,5,351
50517.5,42,5,351
50520.0,17,-23,310
50522.5,74,39,257
50525.0,9,-17,322
50527.5,31,-16,274
50530.0,39,-22,322
50532.5,-4,12,329
50535.0,37,-2,281
50537.5,-74,-44,316
50540.0,47,80,394
50542.5,1,-35,429
50545.0,-25,-2,331
50547.5,-48,-35,265
50550.0,-27,14,273
50552.5,29,-28,323
50555.0,52,20,278
50557.5,-52,-63,453
50560.0,54,-14,230
50562.5,-41,46,288
50565.0,3,-18,346
50567.5,3,-18,346
50570.0,51,-12,301
50572.5,127,56,329
50575.0,-3,-2,375
50577.5,131,-1,293
50580.0,6,-28,300
50582.5,22,-27,274
50585.0,22,-24,318
50587.5,-29,-19,335
50590.0,-13,19,323
50592.5,45,-62,344
50595.0,31,19,326
50597.5,55,19,219
50600.0,53,5,306
50602.5,-6,-21,246
50605.0,60,17,317
50607.5,3,-32,404
50610.0,22,-2,381
50612.5,-59,20,321
50615.0,26,-47,358
50617.5,26,-47,358
50620.0,37,-20,211
50622.5,-60,-9,314
50625.0,2,25,282
50627.5,32,18,294
50630.0,36,23,316
50632.5,16,-39,280
50635.0,-113,-35,318
50637.5,-26,-45,388
50640.0,36,-4,266
50642.5,-28,-38,322
50645.0,-14,-12,260
50647.5,36,-19,302
50650.0,-29,-31,308
50652.5,1,-3,331
50655.0,-2,-41,365
50657.5,46,4,335
50660.0,-11,3,271
50662.5,-10,-11,330
50665.0,0,-22,287
50667.5,0,-22,287
50670.0,-27,9,282
50672.5,3,28,293
50675.0,78,-5,305
50677.5,19,-14,325
50680.0,2,-13,341
50682.5,69,40,258
50685.0,-6,-7,353
50687.5,-4,10,229
50690.0,-32,-16,286
50692.5,7,12,335
50695.0,45,-25,330
50697.5,46,7,336
50700.0,27,7,324
50702.5,63,-4,271
50705.0,-21,-10,332
50707.5,-1,-46,245
50710.0,-26,-69,245
50712.5,-48,-13,295
50715.0,-48,-13,295
50717.5,29,18,285
50720.0,44,-8,317
50722.5,-5,-35,366
50725.0,4,-31,285
50727.5,-79,-36,341
50730.0,4,-5,272
50732.5,-20,31,273
50735.0,1,39,246
50737.5,134,15,283
50740.0,-30,-12,312
50742.5,104,18,329
50745.0,71,43,253
50747.5,40,-33,315
50750.0,-52,-46,331
50752.5,27,3,294
50755.0,-21,-47,426
50757.5,25,5,257
50760.0,-45,-32,268
50762.5,10,-32,254
50765.0,10,-32,254
50767.5,-29,-45,258
50770.0,60,0,327
50772.5,18,-1,321
50775.0,10,1,333
50777.5,-45,-52,333
50780.0,39,1,403
50782.5,8,-32,343
50785.0,20,-6,286
50787.5,25,2,229
50790.0,-7,5,299
50792.5,8,20,251
50795.0,-9,-24,307
50797.5,-27,42,262
50800.0,25,33,247
50802.5,-109,-51,413
50805.0,-26,-18,299
50807.5,-5,-3,367
50810.0,71,6,354
50812.5,46,-15,233
50815.0,46,-15,233
50817.5,16,3,267
50820.0,-47,-12,326
50822.5,-21,-38,306
50825.0,-32,-44,386
50827.5,41,12,151
50830.0,46,4,258
50832.5,-43,-28,290
50835.0,-21,0,315
50837.5,9,0,265
50840.0,37,20,334
50842.5,34,-16,281
50845.0,-25,-41,332
50847.5,22,-42,237
50850.0,-2,-15,289
50852.5,38,5,328
50855.0,43,3,291
50857.5,62,3,307
50860.0,0,-34,310
50862.5,22,7,274
50865.0,22,7,274
50867.5,-82,-61,308
50870.0,15,-14,236
50872.5,-44,-27,295
50875.0,0,-24,355
50877.5,72,11,309
50880.0,-34,-25,356
50882.5,-19,-21,286
50885.0,-32,-48,276
50887.5,-39,-23,326
50890.0,35,34,288
50892.5,-11,22,313
50895.0,-56,2,332
50897.5,2,-30,288
50900.0,-20,-34,332
50902.5,-36,-23,266
50905.0,54,-23,284
50907.5,-98,-78,364
50910.0,15,17,371
50912.5,11,-28,365
50915.0,11,-28,365
50917.5,24,-8,328
50920.0,81,11,284
50922.5,-18,-32,373
50925.0,22,-8,265
50927.5,21,4,260
50930.0,-28,-20,341
50932.5,26,-21,307
50935.0,17,-61,389
50937.5,48,8,407
50940.0,-12,1,255
50942.5,-6,-60,306
50945.0,1,-28,297
50947.5,9,-44,346
50950.0,-6,-22,330
50952.5,-17,11,334
50955.0,-15,-3,392
50957.5,-34,-23,326
50960.0,4,-68,337
50962.5,-58,-27,345
50965.0,-58,-27,345
50967.5,52,-9,274
50970.0,15,-49,299
50972.5,-15,13,336
50975.0,-32,4,302
50977.5,-12,33,400
50980.0,0,-22,335
50982.5,1,-46,216
50985.0,-9,-9,326
50987.5,81,9,293
50990.0,-17,-22,316
50992.5,-11,-28,341
50995.0,35,-20,371
50997.5,21,-47,327
51000.0,11,-6,265
51002.5,35,20,233
51005.0,6,-27,352
51007.5,20,-25,266
51010.0,-11,36,243
51012.5,-5,31,319
51015.0,-5,31,319
51017.5,78,-5,309
51020.0,41,-9,323
51022.5,-59,-34,292
51025.0,30,0,257
51027.5,-30,-32,357
51030.0,21,-22,292
51032.5,-1,-31,311
51035.0,18,-25,321
51037.5,11,3,297
51040.0,28,-18,332
51042.5,59,-4,313
51045.0,14,-13,270
51047.5,22,-31,334
51050.0,29,-7,276
51052.5,-45,-6,311
51055.0,7,-6,362
51057.5,10,-21,307
51060.0,14,20,342
51062.5,16,37,295
51065.0,16,37,295
51067.5,52,15,281
51070.0,-41,-60,325
51072.5,14,-4,279
51075.0,13,-19,320
51077.5,-53,-9,323
51080.0,39,-2,316
51082.5,-35,-22,328
51085.0,33,3,297
51087.5,19,-5,267
51090.0,10,26,314
51092.5,57,22,280
51095.0,-4,-7,304
51097.5,28,-16,368
51100.0,11,-59,338
51102.5,-53,-19,423
51105.0,10,-3,342
51107.5,12,-42,395
51110.0,-21,-39,276
51112.5,38,25,270
51115.0,38,25,270
51117.5,24,5,261
51120.0,66,0,317
51122.5,114,55,332
51125.0,61,-38,199
51127.5,10,-14,355
51130.0,1,-48,161
51132.5,-24,-19,317
51135.0,2,54,323
51137.5,8,-12,319
51140.0,16,-24,333
51142.5,-13,-35,291
51145.0,-10,-24,329
51147.5,-76,-26,390
51150.0,-7,0,223
51152.5,7,-4,301
51155.0,17,38,298
51157.5,3,58,288
51160.0,141,-49,248
51162.5,0,-28,252
51165.0,0,-28,252
51167.5,-23,-5,329
51170.0,37,2,286
51172.5,22,-28,321
51175.0,6,1,300
51177.5,15,41,387
51180.0,36,-4,284
51182.5,34,10,338
51185.0,-23,-9,299
51187.5,-51,-42,382
51190.0,81,9,211
51192.5,44,48,339
51195.0,26,29,285
51197.5,21,-23,382
51200.0,-51,-11,367
51202.5,-16,-47,331
51205.0,59,-18,234
51207.5,-16,-11,303
51210.0,2,26,253
51212.5,51,25,259
51215.0,51,25,259
51217.5,-44,-57,336
51220.0,-15,-3,321
51222.5,-9,-14,271
51225.0,9,16,298
51227.5,60,38,235
51230.0,7,-36,331
51232.5,44,8,278
51235.0,-6,-29,320
51237.5,9,7,312
51240.0,-38,-4,272
51242.5,-32,-48,366
51245.0,-24,-75,269
51247.5,-5,8,290
51250.0,-11,-10,290
51252.5,0,5,332
51255.0,-14,-55,342
51257.5,25,-16,335
51260.0,4,0,283
51262.5,-18,-28,363
51265.0,-18,-28,363
51267.5,6,8,262
51270.0,1,-6,281
51272.5,-23,-6,333
51275.0,1,-26,299
51277.5,-37,9,316
51280.0,3,31,335
51282.5,81,11,303
51285.0,0,-8,291
51287.5,38,24,258
51290.0,-9,-31,309
51292.5,15,-44,352
51295.0,25,-10,322
51297.5,-6,-41,333
51300.0,-97,-42,330
51302.5,58,-63,312
51305.0,-4,-39,283
51307.5,40,-9,265
51310.0,28,-34,312
51312.5,61,-30,338
51315.0,61,-30,338
51317.5,52,8,310
51320.0,3,4,324
51322.5,57,-11,288
51325.0,38,23,184
51327.5,-61,48,274
51330.0,51,-41,256
51332.5,-48,-18,290
51335.0,-47,-12,313
51337.5,13,34,259
51340.0,4,6,418
51342.5,81,33,302
51345.0,56,11,240
51347.5,-5,-35,287
51350.0,12,-19,312
51352.5,22,23,327
51355.0,-47,17,342
51357.5,64,-69,255
51360.0,-74,-24,332
51362.5,-33,-16,231
51365.0,-33,-16,231
51367.5,-35,2,246
51370.0,36,-16,362
51372.5,14,-2,322
51375.0,12,-24,302
51377.5,-6,-14,354
51380.0,15,11,277
51382.5,2,4,380
51385.0,27,-26,259
51387.5,-22,43,264
51390.0,0,-13,325
51392.5,28,9,285
51395.0,9,-10,272
51397.5,-42,6,330
51400.0,12,-19,288
51402.5,29,-6,357
51405.0,23,-3,306
51407.5,10,-2,315
51410.0,1,-51,337
51412.5,1,-51,337
51415.0,71,-11,284
51417.5,15,-5,307
51420.0,10,44,342
51422.5,22,-22,300
51425.0,49,6,334
51427.5,4,-24,254
51430.0,-8,-47,213
51432.5,-46,-20,281
51435.0,63,23,271
51437.5,-20,-11,301
51440.0,-70,12,321
51442.5,-13,-8,274
51445.0,20,-9,340
51447.5,43,-11,260
51450.0,63,-14,262
51452.5,12,-8,331
51455.0,85,32,256
51457.5,-34,-27,309
51460.0,-77,-28,351
51462.5,-77,-28,351
51465.0,20,-2,299
51467.5,30,6,341
51470.0,-30,6,271
51472.5,-16,-5,368
51475.0,21,-13,349
51477.5,-27,-10,352
51480.0,61,16,293
51482.5,-21,0,322
51485.0,35,8,200
51487.5,-26,-57,356
51490.0,75,-6,82
51492.5,10,48,175
51495.0,-4,-24,379
51497.5,0,22,203
51500.0,-39,-10,302
51502.5,43,-6,366
51505.0,-23,-31,339
51507.5,-31,-35,259
51510.0,6,-46,298
51512.5,6,-46,298
51515.0,53,11,233
51517.5,-10,-42,377
51520.0,37,30,310
51522.5,-24,-27,402
51525.0,86,28,201
51527.5,75,-6,292
51530.0,41,-7,359
51532.5,10,22,278
51535.0,23,30,359
51537.5,21,8,312
51540.0,14,-38,352
51542.5,7,-35,298
51545.0,14,-8,358
51547.5,54,-5,283
51550.0,57,29,321
51552.5,28,-34,235
51555.0,46,27,284
51557.5,-1,11,324
51560.0,50,-9,319
51562.5,50,-9,319
51565.0,-64,-18,374
51567.5,-15,-30,250
51570.0,-39,-55,338
51572.5,-9,-20,295
51575.0,25,-22,356
51577.5,-10,-36,322
51580.0,-16,-36,306
51582.5,13,-24,286
51585.0,27,-9,337
51587.5,-3,-23,231
51590.0,-51,6,321
51592.5,5,3,255
51595.0,49,40,284
51597.5,-26,46,257
51600.0,31,16,334
51602.5,23,-26,293
51605.0,9,-21,355
51607.5,19,-35,253
51610.0,33,-3,293
51612.5,33,-3,293
51615.0,-6,-20,318
51617.5,51,8,298
51620.0,55,21,338
51622.5,-22,-18,313
51625.0,-37,90,276
51627.5,-11,-6,359
51630.0,30,0,250
51632.5,27,-20,312
51635.0,-61,-55,338
51637.5,33,7,307
51640.0,12,-29,365
51642.5,111,67,222
51645.0,50,26,256
51647.5,30,-5,320
51650.0,2,14,319
51652.5,41,16,232
51655.0,4,11,350
51657.5,-4,-25,330
51660.0,-59,-19,330
51662.5,-59,-19,330
51665.0,4,-41,239
51667.5,1,-39,325
51670.0,50,-26,285
51672.5,9,-28,309
51675.0,37,41,265
51677.5,-8,5,346
51680.0,43,-9,302
51682.5,-7,24,400
51685.0,-26,-2,218
51687.5,24,-14,232
51690.0,17,19,321
51692.5,14,8,308
51695.0,41,-61,268
51697.5,17,5,284
51700.0,27,-31,282
51702.5,28,-7,326
51705.0,16,26,218
51707.5,20,4,297
51710.0,-213,-5,320
51712.5,-213,-5,320
51715.0,64,22,360
51717.5,-23,-59,340
51720.0,7,-28,348
51722.5,42,-39,256
51725.0,0,-22,302
51727.5,71,-24,337
51730.0,64,27,276
51732.5,-18,-25,307
51735.0,51,-3,309
51737.5,-22,-24,314
51740.0,-96,-6,285
51742.5,33,35,292
51745.0,29,-19,333
51747.5,36,-38,271
51750.0,29,-40,285
51752.5,45,-9,319
51755.0,41,14,286
51757.5,-56,-6,301
51760.0,10,31,269
51762.5,10,31,269
51765.0,12,2,220
51767.5,0,-6,350
51770.0,53,10,281
51772.5,59,-22,318
51775.0,4,-38,325
51777.5,32,10,281
51780.0,-25,-14,278
51782.5,11,0,334
51785.0,146,43,296
51787.5,11,-29,344
51790.0,39,22,214
51792.5,-73,-79,345
51795.0,35,9,303
51797.5,-10,-18,317
51800.0,40,-12,321
51802.5,-14,-17,330
51805.0,26,11,309
51807.5,-29,-75,412
51810.0,-20,-24,235
51812.5,-20,-24,235
51815.0,40,35,261
51817.5,17,-10,289
51820.0,-24,-12,326
51822.5,-2,-32,320
51825.0,34,-3,324
51827.5,36,4,286
51830.0,-16,-37,401
51832.5,34,1,257
51835.0,21,-6,285
51837.5,72,11,220
51840.0,12,0,337
51842.5,-59,-17,231
51845.0,164,45,330
51847.5,54,42,270
51850.0,-42,-19,380
51852.5,12,33,197
51855.0,38,-21,300
51857.5,-5,-43,390
51860.0,-36,42,239
51862.5,-36,42,239
51865.0,-15,-29,340
51867.5,-43,-25,260
51870.0,67,13,235
51872.5,-46,-77,329
51875.0,22,-27,198
51877.5,33,79,294
51880.0,-42,-5,433
51882.5,35,29,281
51885.0,36,-15,369
51887.5,21,-19,295
51890.0,-35,26,315
51892.5,-18,-34,343
51895.0,61,13,326
51897.5,-3,17,302
51900.0,25,-27,354
51902.5,42,17,354
51905.0,-7,-20,277
51907.5,28,-12,325
51910.0,63,27,235
51912.5,63,27,235
51915.0,-2,-15,277
51917.5,36,4,263
51920.0,3,4,353
51922.5,5,21,338
51925.0,-3,15,352
51927.5,7,0,352
51930.0,26,12,207
51932.5,43,-9,229
51935.0,11,-25,260
51937.5,0,-30,370
51940.0,-37,-14,329
51942.5,40,-20,370
51945.0,-39,-36,295
51947.5,0,-14,344
51950.0,67,-28,299
51952.5,6,-16,313
51955.0,-9,-37,333
51957.5,-1,19,305
51960.0,22,10,312
51962.5,22,10,312
51965.0,-49,-60,297
51967.5,69,33,276
51970.0,-44,-35,345
51972.5,28,-22,239
51975.0,-29,-66,334
51977.5,-14,-15,333
51980.0,-23,7,325
51982.5,10,40,309
51985.0,24,-5,306
51987.5,88,56,256
51990.0,-26,-5,319
51992.5,-34,5,272
51995.0,-8,-22,314
51997.5,-81,8,359
52000.0,-132,12,368
52002.5,15,-1,356
52005.0,-17,-52,289
52007.5,68,7,302
52010.0,-88,-27,260
52012.5,-88,-27,260
52015.0,65,83,381
52017.5,-66,-45,475
52020.0,19,-12,368
52022.5,-29,-31,178
52025.0,-124,-110,350
52027.5,-15,-22,305
52030.0,4,17,268
52032.5,16,5,195
52035.0,-24,11,314
52037.5,-35,31,368
52040.0,43,11,346
52042.5,104,6,177
52045.0,0,-36,346
52047.5,-9,-70,313
52050.0,-62,-11,295
52052.5,-30,-49,360
52055.0,-10,28,280
52057.5,7,-32,263
52060.0,7,-32,263
52062.5,51,-6,298
52065.0,77,0,250
52067.5,10,-3,333
52070.0,-35,2,290
52072.5,11,29,288
52075.0,-7,1,378
52077.5,64,-33,372
52080.0,-20,-8,307
52082.5,1,-3,287
52085.0,38,-34,208
52087.5,-6,-15,306
52090.0,107,-21,294
52092.5,-14,-40,296
52095.0,12,37,378
52097.5,-17,-9,371
52100.0,51,-13,358
52102.5,68,15,284
52105.0,105,9,277
52107.5,84,-17,339
52110.0,84,-17,339
52112.5,63,-11,213
52115.0,8,-16,242
52117.5,-5,-19,352
52120.0,22,6,309
52122.5,-31,-27,350
52125.0,-4,-14,377
52127.5,18,4,289
52130.0,17,11,298
52132.5,7,-5,251
52135.0,-8,-3,346
52137.5,-21,-24,330
52140.0,22,-3,284
52142.5,-46,-22,382
52145.0,15,8,343
52147.5,30,-14,266
52150.0,38,-27,329
52152.5,30,0,264
52155.0,53,-30,302
52157.5,3,-3,314
52160.0,3,-3,314
52162.5,-52,-32,326
52165.0,0,-5,363
52167.5,-23,-7,335
52170.0,28,-42,290
52172.5,33,-48,358
52175.0,81,-12,257
52177.5,-1,-14,306
52180.0,20,10,324
52182.5,56,-12,297
52185.0,-27,-27,339
52187.5,7,-14,326
52190.0,31,5,264
52192.5,-31,-31,307
52195.0,53,9,258
52197.5,-78,-2,279
52200.0,-42,-3,351
52202.5,48,-25,330
52205.0,52,-13,274
52207.5,-4,-32,342
52210.0,-4,-32,342
52212.5,99,23,129
52215.0,-7,19,372
52217.5,-7,-54,265
52220.0,-34,6,231
52222.5,12,-49,348
52225.0,15,-12,288
52227.5,45,-23,375
52230.0,36,-9,231
52232.5,16,-60,293
52235.0,43,-51,282
52237.5,-3,12,302
52240.0,-28,-38,346
52242.5,1,-5,418
52245.0,14,19,292
52247.5,34,-24,357
52250.0,4,-32,245
52252.5,-22,-53,263
52255.0,58,12,248
52257.5,-23,-37,386
52260.0,-23,-37,386
52262.5,-17,-23,358
52265.0,63,53,313
52267.5,40,3,381
52270.0,-11,9,317
52272.5,48,-21,352
52275.0,-11,-41,177
52277.5,-27,-48,295
52280.0,-3,-18,335
52282.5,-30,9,275
52285.0,62,13,351
52287.5,48,-5,240
52290.0,30,19,332
52292.5,39,-1,243
52295.0,-58,-21,239
52297.5,10,-34,315
52300.0,13,3,402
52302.5,37,15,325
52305.0,-41,-28,296
52307.5,46,-14,292
52310.0,46,-14,292
52312.5,-26,-14,307
52315.0,-5,-11,290
52317.5,1,3,266
52320.0,-25,-40,336
52322.5,31,-14,287
52325.0,-37,-31,319
52327.5,-33,-38,341
52330.0,56,-24,272
52332.5,-45,-37,329
52335.0,-33,-1,294
52337.5,41,26,263
52340.0,-3,18,332
52342.5,31,2,264
52345.0,-23,-21,372
52347.5,-30,-36,284
52350.0,-41,-45,307
52352.5,-17,-50,285
52355.0,70,26,320
52357.5,11,35,235
52360.0,11,35,235
52362.5,-22,-29,346
52365.0,-23,-17,313
52367.5,-78,-78,393
52370.0,8,-21,247
52372.5,-40,12,228
52375.0,34,-6,341
52377.5,2,8,288
52380.0,-112,-111,253
52382.5,56,31,334
52385.0,13,-22,360
52387.5,-65,-8,404
52390.0,-1,-33,172
52392.5,44,-13,286
52395.0,-44,-47,344
52397.5,18,-26,322
52400.0,3,-1,315
52402.5,-5,4,368
52405.0,4,3,346
52407.5,-14,-16,333
52410.0,-14,-16,333
52412.5,35,25,276
52415.0,-51,48,336
52417.5,-33,-65,346
52420.0,106,3,287
52422.5,39,8,329
52425.0,52,25,289
52427.5,48,3,284
52430.0,7,-31,313
52432.5,23,-6,288
52435.0,-20,-41,253
52437.5,42,-41,354
52440.0,59,17,298
52442.5,-3,1,307
52445.0,24,-34,267
52447.5,49,-6,254
52450.0,59,44,278
52452.5,-6,-8,286
52455.0,44,-16,335
52457.5,-12,-20,377
52460.0,-12,-20,377
52462.5,63,-57,333
52465.0,-21,-63,349
52467.5,27,-19,369
52470.0,-17,-4,272
52472.5,-16,-10,343
52475.0,50,27,309
52477.5,-49,-21,295
52480.0,-6,-5,392
52482.5,59,-49,322
52485.0,11,-24,297
52487.5,38,0,273
52490.0,8,-5,234
52492.5,27,3,301
52495.0,5,4,239
52497.5,40,-9,295
52500.0,-11,-25,340
52502.5,42,9,292
52505.0,-54,-55,324
52507.5,-3,-43,302
52510.0,-3,-43,302
52512.5,56,-12,312
52515.0,-6,2,321
52517.5,18,11,289
52520.0,28,25,324
52522.5,15,-15,348
52525.0,-16,-14,318
52527.5,14,2,331
52530.0,14,15,273
52532.5,19,-26,275
52535.0,-28,17,301
52537.5,34,1,256
52540.0,-1,-12,323
52542.5,-5,4,316
52545.0,81,0,295
52547.5,35,9,343
52550.0,16,-9,299
52552.5,-14,-9,250
52555.0,-17,-7,302
52557.5,-18,-25,275
52560.0,-18,-25,275
52562.5,1,5,295
52565.0,-2,-7,330
52567.5,45,-5,323
52570.0,5,-28,369
52572.5,78,-11,207
52575.0,90,32,152
52577.5,-30,33,268
52580.0,64,32,99
52582.5,11,-11,283
52585.0,-4,-21,364
52587.5,60,-40,333
52590.0,-11,-25,323
52592.5,10,2,253
52595.0,-75,-27,422
52597.5,22,-16,319
52600.0,78,11,335
52602.5,14,3,296
52605.0,20,-39,377
52607.5,62,32,256
52610.0,62,32,256
52612.5,-10,34,305
52615.0,14,-19,288
52617.5,-20,5,256
52620.0,-22,-8,269
52622.5,21,-13,310
52625.0,-39,-26,340
52627.5,-69,-36,310
52630.0,60,30,341
52632.5,-29,-9,293
52635.0,-2,25,335
52637.5,-25,8,276
52640.0,-18,-1,297
52642.5,60,1,367
52645.0,67,21,277
52647.5,16,-33,302
52650.0,45,-2,255
52652.5,-34,-35,355
52655.0,43,22,298
52657.5,43,22,298
52660.0,16,3,308
52662.5,-18,-13,328
52665.0,37,-4,322
52667.5,3,-15,281
52670.0,-15,-17,329
52672.5,-11,-21,233
52675.0,29,-8,324
52677.5,54,18,263
52680.0,9,-5,307
52682.5,8,19,308
52685.0,73,12,286
52687.5,-38,-27,333
52690.0,-21,-51,299
52692.5,-27,-24,267
52695.0,36,-9,297
52697.5,-5,-9,309
52700.0,8,2,299
52702.5,-15,-24,306
52705.0,-29,-2,294
52707.5,-29,-2,294
52710.0,-23,1,354
52712.5,-19,-42,263
52715.0,-2,-21,271
52717.5,-14,-28,329
52720.0,33,20,292
52722.5,-27,-36,314
52725.0,16,-29,344
52727.5,57,54,278
52730.0,24,8,358
52732.5,75,3,249
52735.0,3,2,282
52737.5,22,15,326
52740.0,63,5,311
52742.5,42,16,318
52745.0,77,-4,289
52747.5,11,36,319
52750.0,-14,9,433
52752.5,49,-19,278
52755.0,36,3,263
52757.5,36,3,263
52760.0,-36,-18,310
52762.5,73,-47,284
52765.0,1,-47,359
52767.5,45,2,250
52770.0,68,-17,206
52772.5,-64,-25,381
52775.0,29,6,317
52777.5,-19,-36,256
52780.0,-18,-21,377
52782.5,45,-3,386
52785.0,105,17,377
52787.5,-3,-17,320
52790.0,30,-71,289
52792.5,-20,-6,346
52795.0,10,2,334
52797.5,-53,-11,297
52800.0,76,0,280
52802.5,-37,-20,230
52805.0,-42,-34,339
52807.5,-42,-34,339
52810.0,-6,0,275
52812.5,42,21,311
52815.0,-15,4,305
52817.5,19,13,284
52820.0,-15,-50,317
52822.5,-70,-3,351
52825.0,33,-21,299
52827.5,-81,1,393
52830.0,-57,16,319
52832.5,-37,-2,249
52835.0,-23,-10,321
52837.5,4,-21,310
52840.0,-6,-28,314
52842.5,-33,-27,325
52845.0,82,-15,234
52847.5,25,-26,359
52850.0,-3,-1,217
52852.5,-62,-33,261
52855.0,-13,-10,311
52857.5,-13,-10,311
52860.0,-23,-9,309
52862.5,-90,-47,346
52865.0,-19,-13,384
52867.5,15,13,338
52870.0,23,-4,319
52872.5,90,20,246
52875.0,-2,10,284
52877.5,54,19,238
52880.0,-57,32,300
52882.5,-24,-21,346
52885.0,12,1,339
52887.5,31,-30,259
52890.0,30,11,324
52892.5,58,14,298
52895.0,-1,1,312
52897.5,-48,-11,312
52900.0,6,-6,276
52902.5,-14,-30,320
52905.0,-8,-4,328
52907.5,-8,-4,328
52910.0,-16,-19,264
52912.5,13,-47,319
52915.0,79,2,258
52917.5,-97,22,287
52920.0,10,1,303
52922.5,27,10,303
52925.0,21,-34,286
52927.5,-15,-56,354
52930.0,45,16,258
52932.5,1,-9,332
52935.0,78,25,245
52937.5,-7,-12,257
52940.0,21,14,312
52942.5,0,68,277
52945.0,40,-9,331
52947.5,26,37,280
52950.0,30,-47,283
52952.5,20,-13,374
52955.0,61,17,241
52957.5,61,17,241
52960.0,-27,37,275
52962.5,25,3,347
52965.0,21,8,392
52967.5,160,62,205
52970.0,5,-27,334
52972.5,72,-17,266
52975.0,-53,-15,332
52977.5,79,12,118
52980.0,42,-15,347
52982.5,-43,-12,420
52985.0,82,41,344
52987.5,73,-23,332
52990.0,35,-3,313
52992.5,36,-67,376
52995.0,72,4,273
52997.5,-38,-25,278
53000.0,37,-11,298
53002.5,-82,-15,325
53005.0,8,-27,249
53007.5,8,-27,249
53010.0,10,20,276
53012.5,37,19,347
53015.0,52,0,253
53017.5,-9,-44,301
53020.0,53,-18,256
53022.5,2,-5,357
53025.0,8,-24,333
53027.5,54,-6,324
53030.0,-29,-11,352
53032.5,18,-39,257
53035.0,-20,-25,146
53037.5,-67,-55,305
53040.0,58,23,308
53042.5,10,-11,281
53045.0,37,-34,370
53047.5,-10,13,311
53050.0,74,-17,361
53052.5,39,7,202
53055.0,-47,-36,299
53057.5,-47,-36,299
53060.0,42,-3,295
53062.5,26,0,299
53065.0,-6,-16,304
53067.5,-32,-18,344
53070.0,54,18,288
53072.5,-31,-54,341
53075.0,38,5,247
53077.5,65,20,306
53080.0,7,6,308
53082.5,45,-10,346
53085.0,40,-25,327
53087.5,68,30,315
53090.0,43,-32,268
53092.5,33,-3,328
53095.0,50,5,278
53097.5,-5,-1,302
53100.0,12,-44,371
53102.5,-13,11,318
53105.0,22,-5,348
53107.5,22,-5,348
53110.0,-64,-52,237
53112.5,18,0,252
53115.0,-7,-1,314
53117.5,-4,-4,312
53120.0,-19,-2,299
53122.5,16,50,299
53125.0,58,-3,305
53127.5,18,8,341
53130.0,-11,-72,231
53132.5,19,-17,166
53135.0,27,-14,222
53137.5,36,23,319
53140.0,-37,-5,321
53142.5,-41,-22,301
53145.0,16,-27,306
53147.5,-16,-43,399
53150.0,-60,-58,285
53152.5,-18,-41,363
53155.0,-18,-41,363
53157.5,11,-19,315
53160.0,44,-4,367
53162.5,-68,-43,315
53165.0,-14,-7,330
53167.5,17,-20,225
53170.0,-25,12,357
53172.5,23,-48,272
53175.0,-4,29,209
53177.5,11,-4,371
53180.0,11,11,375
53182.5,-36,0,292
53185.0,83,2,325
53187.5,71,-12,261
53190.0,14,5,311
53192.5,7,2,276
53195.0,8,-38,327
53197.5,-34,-65,322
53200.0,-3,4,317
53202.5,-52,13,316
53205.0,-52,13,316
53207.5,-18,-39,333
53210.0,53,-15,279
53212.5,23,-8,351
53215.0,54,-6,387
53217.5,14,27,255
53220.0,-38,-9,319
53222.5,27,-79,339
53225.0,-54,-31,317
53227.5,65,-20,329
53230.0,6,0,275
53232.5,-3,-23,329
53235.0,19,-28,291
53237.5,-15,-15,301
53240.0,20,17,313
53242.5,-38,-10,295
53245.0,-54,-65,322
53247.5,16,-44,354
53250.0,53,-10,271
53252.5,1,-52,348
53255.0,1,-52,348
53257.5,-25,-26,254
53260.0,37,27,288
53262.5,8,-4,318
53265.0,26,-7,307
53267.5,9,-18,342
53270.0,32,11,314
53272.5,36,-41,259
53275.0,-15,-37,323
53277.5,12,-25,288
53280.0,-27,-7,308
53282.5,16,8,324
53285.0,42,7,311
53287.5,-6,-11,316
53290.0,11,-47,351
53292.5,30,-2,299
53295.0,32,-38,358
53297.5,16,6,255
53300.0,23,-23,291
53302.5,1,13,313
53305.0,1,13,313
53307.5,59,11,257
53310.0,55,17,315
53312.5,39,-68,360
53315.0,64,24,361
53317.5,30,6,363
53320.0,-25,-22,231
53322.5,-30,-20,292
53325.0,7,5,321
53327.5,78,2,296
53330.0,54,18,165
53332.5,68,4,220
53335.0,43,1,258
53337.5,-38,9,268
53340.0,-13,-38,269
53342.5,22,-16,329
53345.0,63,-20,318
53347.5,84,-59,233
53350.0,29,-17,357
53352.5,13,-5,330
53355.0,13,-5,330
53357.5,-47,-17,252
53360.0,-44,-29,308
53362.5,-10,-12,291
53365.0,17,-9,290
53367.5,31,4,326
53370.0,38,0,290
53372.5,-31,-57,302
53375.0,-24,-44,176
53377.5,-16,44,252
53380.0,32,3,267
53382.5,38,-25,372
53385.0,21,1,328
53387.5,9,-24,318
53390.0,-78,-31,390
53392.5,-29,-28,352
53395.0,-3,14,211
53397.5,-53,-23,283
53400.0,-3,-40,315
53402.5,20,2,301
53405.0,20,2,301
53407.5,6,-64,299
53410.0,-8,8,373
53412.5,55,-1,297
53415.0,20,-16,289
53417.5,13,2,230
53420.0,45,50,295
53422.5,-12,1,282
53425.0,26,-7,304
53427.5,55,0,295
53430.0,61,36,342
53432.5,92,33,286
53435.0,6,-44,344
53437.5,44,19,287
53440.0,3,45,326
53442.5,-48,-13,301
53445.0,14,-3,311
53447.5,-76,-34,325
53450.0,-40,-55,298
53452.5,106,3,302
53455.0,106,3,302
53457.5,-16,-32,307
53460.0,83,40,277
53462.5,-47,-16,289
53465.0,55,15,335
53467.5,-58,-21,357
53470.0,-42,-21,379
53472.5,11,19,240
53475.0,33,-7,287
53477.5,-15,-16,272
53480.0,4,-28,315
53482.5,-68,-87,302
53485.0,-151,-107,380
53487.5,25,9,395
53490.0,-18,-35,378
53492.5,43,13,197
53495.0,-11,-5,300
53497.5,26,4,287
53500.0,60,50,288
53502.5,25,-7,385
53505.0,25,-7,385
53507.5,-8,17,320
53510.0,61,56,243
53512.5,-50,-32,350
53515.0,20,8,241
53517.5,25,4,305
53520.0,-88,-35,345
53522.5,32,-29,363
53525.0,-4,-1,341
53527.5,67,13,287
53530.0,4,-14,231
53532.5,8,-7,358
53535.0,99,29,236
53537.5,-10,-14,257
53540.0,-18,14,379
53542.5,11,14,309
53545.0,-36,-31,325
53547.5,67,26,268
53550.0,46,24,216
53552.5,-17,-23,348
53555.0,-17,-23,348
53557.5,20,-26,295
53560.0,-5,15,312
53562.5,-46,-47,345
53565.0,-31,17,268
53567.5,41,40,292
53570.0,-4,-12,318
53572.5,-11,-19,229
53575.0,-49,-32,319
53577.5,18,2,275
53580.0,-69,26,298
53582.5,-87,-16,349
53585.0,11,-27,280
53587.5,-37,11,369
53590.0,-38,-36,331
53592.5,6,-12,263
53595.0,65,7,298
53597.5,101,37,217
53600.0,23,-35,306
53602.5,4,-2,341
53605.0,4,-2,341
53607.5,18,29,278
53610.0,46,32,348
53612.5,32,12,317
53615.0,-8,-9,299
53617.5,-56,-10,325
53620.0,8,-21,322
53622.5,9,-2,296
53625.0,1,-43,347
53627.5,9,-16,320
53630.0,-13,-9,374
53632.5,-13,-6,336
53635.0,25,3,271
53637.5,-49,-53,329
53640.0,2,40,234
53642.5,75,-16,294
53645.0,-6,-2,390
53647.5,-44,-24,278
53650.0,-20,24,296
53652.5,-13,-19,309
53655.0,-13,-19,309
53657.5,51,-36,298
53660.0,11,-1,316
53662.5,58,11,273
53665.0,-23,19,294
53667.5,0,-5,310
53670.0,58,17,323
53672.5,-39,-33,322
53675.0,-2,3,332
53677.5,-16,1,338
53680.0,-89,-41,312
53682.5,49,17,233
53685.0,53,28,438
53687.5,-29,-68,280
53690.0,30,-27,272
53692.5,-57,-9,291
53695.0,-3,-28,353
53697.5,78,5,249
53700.0,-21,-22,375
53702.5,4,3,226
53705.0,4,3,226
53707.5,29,6,308
53710.0,-62,-26,332
53712.5,-6,-40,323
53715.0,55,-1,302
53717.5,8,-8,253
53720.0,49,-21,217
53722.5,-28,-35,293
53725.0,14,21,274
53727.5,-18,-32,332
53730.0,-54,5,382
53732.5,39,33,333
53735.0,-38,-38,331
53737.5,-8,-12,200
53740.0,-28,-39,278
53742.5,28,-1,304
53745.0,54,-12,307
53747.5,4,35,320
53750.0,-65,-32,332
53752.5,-21,-34,390
53755.0,-21,-34,390
53757.5,4,-12,338
53760.0,23,-20,257
53762.5,10,-16,274
53765.0,26,4,326
53767.5,6,-24,271
53770.0,-3,-27,339
53772.5,26,44,246
53775.0,77,24,247
53777.5,-10,-17,371
53780.0,68,16,219
53782.5,-19,-60,373
53785.0,24,7,299
53787.5,2,-17,312
53790.0,37,-18,275
53792.5,40,3,324
53795.0,21,6,304
53797.5,-76,-49,336
53800.0,28,0,231
53802.5,-6,-35,303
53805.0,-6,-35,303
53807.5,-23,-7,325
53810.0,-61,-15,286
53812.5,25,-30,357
53815.0,97,19,337
53817.5,-12,-30,274
53820.0,-8,-21,326
53822.5,106,-1,254
53825.0,21,-7,302
53827.5,-57,-54,358
53830.0,86,17,344
53832.5,-39,-4,337
53835.0,2,-35,293
53837.5,62,-8,260
53840.0,38,8,297
53842.5,63,23,253
53845.0,-28,-15,313
53847.5,10,-33,347
53850.0,39,24,272
53852.5,17,-43,377
53855.0,17,-43,377
53857.5,16,-33,270
53860.0,53,23,229
53862.5,-22,-8,281
53865.0,-17,1,284
53867.5,7,13,296
53870.0,1,-23,388
53872.5,148,-18,261
53875.0,33,4,281
53877.5,144,11,257
53880.0,27,-35,387
53882.5,-2,-42,318
53885.0,-4,-33,267
53887.5,25,-4,333
53890.0,-39,-20,380
53892.5,-7,-26,256
53895.0,5,-3,272
53897.5,27,-34,236
53900.0,-36,-33,337
53902.5,44,-20,326
53905.0,44,-20,326
53907.5,96,25,269
53910.0,12,3,384
53912.5,-31,-28,319
53915.0,64,21,235
53917.5,9,5,312
53920.0,-100,27,234
53922.5,9,17,317
53925.0,-6,-16,323
53927.5,-10,-3,314
53930.0,-42,-22,278
53932.5,48,-33,345
53935.0,123,-3,317
53937.5,39,-6,391
53940.0,41,-13,250
53942.5,-35,2,252
53945.0,-5,-11,323
53947.5,27,12,281
53950.0,41,65,311
53952.5,41,65,311
53955.0,17,-28,329
53957.5,-22,-43,234
53960.0,-20,-21,323
53962.5,-19,-35,257
53965.0,17,-10,295
53967.5,-45,-22,346
53970.0,81,-54,339
53972.5,17,-22,348
53975.0,0,-23,335
53977.5,79,32,217
53980.0,57,-21,329
53982.5,14,-5,295
53985.0,33,-5,275
53987.5,13,-25,348
53990.0,3,-30,337
53992.5,-4,2,336
53995.0,47,12,324
53997.5,-2,-6,248
54000.0,-6,-20,305
54002.5,-6,-20,305
54005.0,44,34,239
54007.5,7,17,303
54010.0,-9,-24,290
54012.5,22,2,293
54015.0,27,-18,343
54017.5,20,-20,348
54020.0,45,3,265
54022.5,8,-1,307
54025.0,-13,-23,213
54027.5,15,-20,314
54030.0,7,-6,333
54032.5,52,33,285
54035.0,-19,-21,326
54037.5,39,-16,320
54040.0,11,-12,233
54042.5,-81,-4,301
54045.0,40,-66,230
54047.5,-32,21,357
54050.0,-65,-21,385
54052.5,-65,-21,385
54055.0,35,-3,409
54057.5,16,20,313
54060.0,33,-21,344
54062.5,56,27,264
54065.0,-10,-24,372
54067.5,31,-32,78
54070.0,-90,-7,304
54072.5,-16,-16,394
54075.0,14,-20,297
54077.5,-33,-8,349
54080.0,6,-39,357
54082.5,32,-10,235
54085.0,-45,-21,256
54087.5,-51,13,237
54090.0,-23,-7,339
54092.5,-23,30,344
54095.0,-16,-4,246
54097.5,48,-20,357
54100.0,3,-21,306
54102.5,3,-21,306
54105.0,-11,-26,280
54107.5,-87,-27,236
54110.0,-39,-36,368
54112.5,14,8,321
54115.0,-4,2,386
54117.5,74,-6,331
54120.0,17,-19,301
54122.5,73,21,235
54125.0,42,2,251
54127.5,43,20,321
54130.0,45,-16,255
54132.5,-3,-4,357
54135.0,-8,-23,332
54137.5,-3,13,309
54140.0,20,9,334
54142.5,34,-10,267
54145.0,6,-37,270
54147.5,35,-2,289
54150.0,65,10,310
54152.5,65,10,310
54155.0,36,31,289
54157.5,-57,-7,327
54160.0,32,10,256
54162.5,-47,-17,356
54165.0,50,8,240
54167.5,31,-13,363
54170.0,-20,-23,324
54172.5,27,-32,345
54175.0,32,7,277
54177.5,19,11,303
54180.0,-7,-12,254
54182.5,-16,-17,354
54185.0,26,-5,258
54187.5,-51,-21,251
54190.0,15,-5,304
54192.5,24,-10,296
54195.0,40,12,320
54197.5,31,-21,315
54200.0,22,4,237
54202.5,22,4,237
54205.0,-23,-22,325
54207.5,21,6,276
54210.0,10,-13,314
54212.5,13,-31,370
54215.0,27,-3,305
54217.5,-43,2,357
54220.0,-20,25,317
54222.5,-96,-5,276
54225.0,-11,-26,377
54227.5,48,30,262
54230.0,-3,-32,251
54232.5,-47,8,315
54235.0,9,-9,349
54237.5,-52,-12,372
54240.0,-34,-47,238
54242.5,24,-8,169
54245.0,8,-3,360
54247.5,3,37,302
54250.0,-5,5,277
54252.5,-5,5,277
54255.0,-10,-53,361
54257.5,25,-38,285
54260.0,-22,2,409
54262.5,-78,-28,268
54265.0,-48,-3,274
54267.5,-7,17,299
54270.0,38,6,321
54272.5,-80,-22,280
54275.0,45,5,282
54277.5,71,-12,258
54280.0,9,-18,297
54282.5,97,33,235
54285.0,38,-5,275
54287.5,-21,7,359
54290.0,-17,-45,288
54292.5,-44,-52,348
54295.0,28,-24,364
54297.5,51,28,257
54300.0,-46,-4,335
54302.5,-46,-4,335
54305.0,8,50,300
54307.5,28,1,309
54310.0,-17,-2,307
54312.5,2,-10,299
54315.0,-20,-31,300
54317.5,25,-27,383
54320.0,76,1,325
54322.5,-12,-18,374
54325.0,77,-20,274
54327.5,-6,18,273
54330.0,1,-19,291
54332.5,36,57,278
54335.0,38,-43,300
54337.5,-5,-51,392
54340.0,86,-16,304
54342.5,-35,-30,353
54345.0,-10,-10,257
54347.5,0,-52,270
54350.0,59,-13,298
54352.5,59,-13,298
54355.0,-10,62,279
54357.5,-46,-27,298
54360.0,32,10,346
54362.5,61,15,272
54365.0,33,0,339
54367.5,37,1,247
54370.0,-67,-21,283
54372.5,-13,-20,323
54375.0,32,-8,322
54377.5,-1,2,353
54380.0,-41,0,333
54382.5,82,-2,264
54385.0,6,-30,349
54387.5,9,24,253
54390.0,133,7,307
54392.5,5,-15,267
54395.0,51,12,275
54397.5,-1,-15,306
54400.0,-4,-33,353
54402.5,-4,-33,353
54405.0,1,-22,333
54407.5,12,-15,370
54410.0,33,-6,248
54412.5,110,-32,263
54415.0,-49,-25,201
54417.5,77,35,261
54420.0,2,14,272
54422.5,-12,-61,413
54425.0,33,2,327
54427.5,-71,-53,371
54430.0,16,-17,235
54432.5,20,-21,276
54435.0,-74,-30,307
54437.5,-42,-28,433
54440.0,72,32,292
54442.5,-5,-4,342
54445.0,-8,-12,269
54447.5,-42,-47,332
54450.0,45,41,162
54452.5,45,41,162
54455.0,55,10,210
54457.5,-55,-40,369
54460.0,-32,3,296
54462.5,58,10,391
54465.0,-15,-25,283
54467.5,17,-15,392
54470.0,79,-4,230
54472.5,38,8,187
54475.0,9,-3,288
54477.5,-52,-20,302
54480.0,84,10,189
54482.5,-53,-45,297
54485.0,22,13,314
54487.5,-40,-43,292
54490.0,-22,-47,341
54492.5,6,-11,286
54495.0,50,14,389
54497.5,-8,-29,276
54500.0,-44,-17,322
54502.5,-44,-17,322
54505.0,53,-18,324
54507.5,77,35,300
54510.0,30,-54,215
54512.5,-45,-13,293
54515.0,-5,-32,267
54517.5,45,-9,278
54520.0,-79,-46,300
54522.5,-38,-26,347
54525.0,64,26,367
54527.5,5,-45,228
54530.0,72,36,271
54532.5,6,-13,316
54535.0,-25,-12,304
54537.5,18,1,307
54540.0,-18,-6,353
54542.5,42,10,301
54545.0,-12,-7,333
54547.5,5,15,259
54550.0,-32,-15,309
54552.5,-32,-15,309
54555.0,11,-6,310
54557.5,-9,-22,281
54560.0,-31,-10,340
54562.5,32,-24,368
54565.0,24,5,312
54567.5,12,11,404
54570.0,131,42,228
54572.5,16,-3,291
54575.0,-57,-7,300
54577.5,40,-10,300
54580.0,48,7,322
54582.5,38,23,316
54585.0,-50,-9,248
54587.5,42,-41,276
54590.0,27,-24,233
54592.5,-83,-90,367
54595.0,19,-19,354
54597.5,39,-16,287
54600.0,-6,-22,315
54602.5,-6,-22,315
54605.0,-11,-15,335
54607.5,11,-83,215
54610.0,13,-19,297
54612.5,43,6,260
54615.0,41,5,282
54617.5,-60,-18,338
54620.0,-20,-17,292
54622.5,63,-24,316
54625.0,44,-26,269
54627.5,8,42,212
54630.0,-47,-29,252
54632.5,65,4,284
54635.0,-19,-12,254
54637.5,6,1,345
54640.0,-36,-57,322
54642.5,-36,-39,457
54645.0,-28,-33,289
54647.5,40,16,182
54650.0,40,16,182
54652.5,44,-22,281
54655.0,22,-8,317
54657.5,-37,-66,310
54660.0,-20,15,383
54662.5,57,43,298
54665.0,79,18,307
54667.5,76,10,261
54670.0,89,35,258
54672.5,-30,-59,294
54675.0,-32,5,234
54677.5,51,-7,330
54680.0,32,-19,359
54682.5,19,8,265
54685.0,-22,15,334
54687.5,124,52,339
54690.0,25,-30,304
54692.5,-45,-24,268
54695.0,7,5,295
54697.5,-26,-1,320
54700.0,-26,-1,320
54702.5,29,-8,323
54705.0,27,-33,285
54707.5,-31,-54,394
54710.0,5,-27,248
54712.5,49,-4,289
54715.0,-17,14,332
54717.5,49,31,317
54720.0,18,-38,278
54722.5,-7,2,322
54725.0,-3,36,307
54727.5,-41,-14,358
54730.0,5,-14,264
54732.5,-20,-12,316
54735.0,5,-4,313
54737.5,31,-19,293
54740.0,0,-17,311
54742.5,7,-10,346
54745.0,76,-19,326
54747.5,-9,-17,349
54750.0,-9,-17,349
54752.5,-20,-23,274
54755.0,-2,2,223
54757.5,46,-6,315
54760.0,31,0,271
54762.5,-67,-9,301
54765.0,14,23,344
54767.5,16,-17,301
54770.0,22,-14,369
54772.5,11,-65,271
54775.0,-11,-58,286
54777.5,6,-4,269
54780.0,22,27,223
54782.5,-26,-31,388
54785.0,41,38,258
54787.5,5,0,313
54790.0,3,-16,357
54792.5,48,21,300
54795.0,15,-35,305
54797.5,-32,-28,257
54800.0,-32,-28,257
54802.5,65,-16,280
54805.0,10,-30,209
54807.5,63,5,332
54810.0,16,-7,314
54812.5,43,16,338
54815.0,63,-22,245
54817.5,91,9,315
54820.0,52,-4,247
54822.5,-58,0,276
54825.0,-15,-8,310
54827.5,-49,-54,365
54830.0,8,-20,270
54832.5,3,6,311
54835.0,2,-23,340
54837.5,36,-11,284
54840.0,-10,-25,339
54842.5,13,-12,307
54845.0,36,-6,331
54847.5,2,11,308
54850.0,2,11,308
54852.5,-47,-32,352
54855.0,-41,-36,324
54857.5,36,-84,156
54860.0,50,-32,263
54862.5,-15,-9,323
54865.0,-70,-7,328
54867.5,-12,12,274
54870.0,-18,-39,352
54872.5,-39,-40,301
54875.0,-59,-68,362
54877.5,23,11,244
54880.0,0,26,296
54882.5,-4,-21,366
54885.0,45,2,303
54887.5,22,-4,313
54890.0,3,-17,274
54892.5,0,32,270
54895.0,20,-19,279
54897.5,34,-10,269
54900.0,34,-10,269
54902.5,-9,-24,293
54905.0,-3,35,322
54907.5,-97,-30,290
54910.0,-90,-52,394
54912.5,-13,-63,305
54915.0,107,2,333
54917.5,-18,-27,297
54920.0,112,-4,256
54922.5,-40,-21,269
54925.0,-52,22,301
54927.5,31,-28,236
54930.0,-23,-8,378
54932.5,31,4,229
54935.0,1,8,287
54937.5,6,-61,325
54940.0,72,14,298
54942.5,-35,-28,323
54945.0,42,-4,314
54947.5,4,-4,261
54950.0,4,-4,261
54952.5,13,12,320
54955.0,-19,-20,266
54957.5,21,-3,292
54960.0,-17,-18,326
54962.5,-101,-61,279
54965.0,-35,-21,324
54967.5,8,-18,305
54970.0,41,-21,234
54972.5,44,-14,345
54975.0,26,-26,241
54977.5,36,12,266
54980.0,8,-10,349
54982.5,-9,-24,322
54985.0,21,-38,436
54987.5,40,46,232
54990.0,13,-48,214
54992.5,32,38,317
54995.0,83,26,372
54997.5,-3,-11,326
55000.0,-3,-11,326
55002.5,-12,-33,340
55005.0,-13,-18,316
55007.5,-45,-18,398
55010.0,-22,15,276
55012.5,107,24,242
55015.0,7,-5,293
55017.5,-5,2,315
55020.0,-34,-19,309
55022.5,-63,11,311
55025.0,18,-8,279
55027.5,44,-70,361
55030.0,-18,-61,236
55032.5,-3,18,251
55035.0,-25,-5,317
55037.5,34,28,292
55040.0,-77,-22,203
55042.5,-35,-26,302
55045.0,-19,-35,268
55047.5,48,7,322
55050.0,48,7,322
55052.5,-34,4,289
55055.0,-17,26,287
55057.5,-25,-48,405
55060.0,-9,-10,250
55062.5,-18,-14,314
55065.0,-39,-23,337
55067.5,10,-4,254
55070.0,38,1,301
55072.5,59,-12,283
55075.0,8,-23,314
55077.5,15,6,311
55080.0,31,-9,311
55082.5,-15,-16,313
55085.0,80,5,389
55087.5,11,2,276
55090.0,-18,5,341
55092.5,-13,-48,294
55095.0,56,-9,280
55097.5,-41,-6,281
55100.0,-41,-6,281
55102.5,1,44,270
55105.0,-27,-16,296
55107.5,-46,-13,324
55110.0,-26,-23,279
55112.5,10,-4,350
55115.0,10,-23,238
55117.5,45,8,260
55120.0,37,13,328
55122.5,40,7,294
55125.0,32,-6,344
55127.5,7,-19,354
55130.0,8,-10,292
55132.5,-50,-46,353
55135.0,-17,-25,270
55137.5,10,7,246
55140.0,-14,10,298
55142.5,29,5,279
55145.0,-2,-28,310
55147.5,-23,3,348
55150.0,-23,3,348
55152.5,70,-2,323
55155.0,0,-16,318
55157.5,23,8,281
55160.0,29,26,256
55162.5,-29,-11,352
55165.0,31,-12,293
55167.5,29,26,280
55170.0,-62,-39,459
55172.5,15,-5,274
55175.0,-57,-46,349
55177.5,56,3,250
55180.0,41,15,246
55182.5,38,-17,305
55185.0,46,21,262
55187.5,12,-56,314
55190.0,-66,-44,279
55192.5,31,-16,307
55195.0,-6,-23,319
55197.5,3,-31,230
55200.0,3,-31,230
55202.5,76,10,249
55205.0,11,-2,394
55207.5,5,-20,300
55210.0,1,-26,295
55212.5,14,6,292
55215.0,20,-20,334
55217.5,50,-16,285
55220.0,5,68,273
55222.5,3,-25,358
55225.0,-10,-5,262
55227.5,93,-26,335
55230.0,111,-10,274
55232.5,68,18,248
55235.0,43,-19,214
55237.5,-43,-15,296
55240.0,-23,-16,250
55242.5,52,9,324
55245.0,10,-63,295
55247.5,17,6,313
55250.0,17,6,313
55252.5,-27,-21,324
55255.0,-1,-38,317
55257.5,94,19,297
55260.0,27,3,348
55262.5,39,13,341
55265.0,24,-20,278
55267.5,-19,-26,313
55270.0,59,-3,298
55272.5,23,-34,367
55275.0,6,-28,257
55277.5,-42,8,286
55280.0,-23,-31,301
55282.5,63,32,238
55285.0,15,26,269
55287.5,29,-55,337
55290.0,-9,-10,287
55292.5,67,-16,367
55295.0,61,6,242
55297.5,63,5,266
55300.0,63,5,266
55302.5,-9,-32,323
55305.0,29,-9,317
55307.5,15,-23,322
55310.0,42,-18,351
55312.5,80,25,247
55315.0,30,6,326
55317.5,67,-8,262
55320.0,29,1,282
55322.5,14,3,304
55325.0,72,19,286
55327.5,-53,-23,283
55330.0,-121,-100,378
55332.5,14,-7,244
55335.0,-113,-46,336
55337.5,5,38,279
55340.0,-92,-72,301
55342.5,14,8,352
55345.0,-35,14,233
55347.5,3,-30,318
55350.0,3,-30,318
55352.5,-26,-11,308
55355.0,33,8,281
55357.5,9,15,351
55360.0,39,-20,252
55362.5,10,-19,317
55365.0,16,12,327
55367.5,61,-3,301
55370.0,-75,-1,310
55372.5,-10,-42,259
55375.0,49,5,283
55377.5,-26,31,284
55380.0,20,12,290
55382.5,-55,-43,378
55385.0,-37,-5,346
55387.5,75,-27,279
55390.0,28,-28,399
55392.5,31,-25,284
55395.0,59,-28,303
55397.5,-28,-7,276
55400.0,-28,-7,276
55402.5,9,5,274
55405.0,45,35,265
55407.5,-1,-4,332
55410.0,32,8,312
55412.5,-16,-45,364
55415.0,-36,-20,305
55417.5,14,-20,275
55420.0,43,0,297
55422.5,12,25,284
55425.0,24,8,257
55427.5,4,-39,296
55430.0,15,-9,280
55432.5,-17,1,361
55435.0,-15,-30,277
55437.5,5,53,277
55440.0,36,20,305
55442.5,27,11,283
55445.0,27,-13,298
55447.5,10,-32,345
55450.0,10,-32,345
55452.5,3,-6,288
55455.0,47,-35,330
55457.5,45,33,232
55460.0,26,42,257
55462.5,-28,-12,314
55465.0,-2,-48,316
55467.5,-21,6,309
55470.0,-63,-2,364
55472.5,-56,-31,289
55475.0,-1,-32,392
55477.5,27,-11,296
55480.0,34,1,268
55482.5,5,18,303
55485.0,35,43,279
55487.5,13,3,313
55490.0,-59,-32,310
55492.5,24,-8,283
55495.0,41,3,336
55497.5,41,3,336
55500.0,38,16,282
55502.5,30,-19,253
55505.0,-21,0,312
55507.5,25,-22,267
55510.0,-4,-16,319
55512.5,-28,-35,353
55515.0,28,-18,299
55517.5,12,-23,357
55520.0,84,14,234
55522.5,62,-21,218
55525.0,-2,-11,338
55527.5,-6,27,359
55530.0,40,42,273
55532.5,-14,10,349
55535.0,119,39,334
55537.5,-34,-37,334
55540.0,-2,-9,180
55542.5,130,52,381
55545.0,-49,-24,343
55547.5,-49,-24,343
55550.0,23,25,218
55552.5,99,35,248
55555.0,40,-29,396
55557.5,-10,-12,337
55560.0,-15,-47,396
55562.5,-32,-8,271
55565.0,9,-21,310
55567.5,-35,-9,296
55570.0,-14,0,266
55572.5,80,-53,376
55575.0,-4,-60,280
55577.5,86,18,268
55580.0,-2,7,337
55582.5,32,12,231
55585.0,60,15,262
55587.5,-16,8,252
55590.0,-4,-16,384
55592.5,43,7,251
55595.0,-11,24,255
55597.5,-11,24,255
55600.0,14,-1,274
55602.5,17,-30,383
55605.0,19,4,260
55607.5,59,0,282
55610.0,-23,6,302
55612.5,16,-14,305
55615.0,12,-5,327
55617.5,4,-43,376
55620.0,-53,-33,219
55622.5,-62,-45,303
55625.0,46,-23,263
55627.5,-8,-23,293
55630.0,-20,-53,348
55632.5,38,12,256
55635.0,-9,-31,360
55637.5,34,21,277
55640.0,80,11,238
55642.5,-13,-6,341
55645.0,35,-19,250
55647.5,35,-19,250
55650.0,11,2,323
55652.5,11,28,327
55655.0,41,15,331
55657.5,-22,-7,369
55660.0,-13,-12,267
55662.5,74,-28,294
55665.0,-6,-28,283
55667.5,4,3,281
55670.0,-32,16,295
55672.5,-26,-36,338
55675.0,10,-11,249
55677.5,18,14,336
55680.0,45,-16,236
55682.5,-41,10,257
55685.0,-9,-9,331
55687.5,71,10,309
55690.0,-20,-9,322
55692.5,130,-56,282
55695.0,169,130,228
55697.5,169,130,228
55700.0,-102,-104,352
55702.5,10,-21,269
55705.0,33,-7,259
55707.5,-7,7,305
55710.0,-4,-13,324
55712.5,52,-30,368
55715.0,18,-17,305
55717.5,129,-2,260
55720.0,-30,1,376
55722.5,22,12,318
55725.0,-53,-17,302
55727.5,39,-35,385
55730.0,5,-10,307
55732.5,-28,-19,342
55735.0,-42,-29,295
55737.5,32,-24,285
55740.0,44,21,345
55742.5,65,-4,290
55745.0,-62,-42,237
55747.5,-62,-42,237
55750.0,66,26,386
55752.5,60,12,381
55755.0,-37,-32,302
55757.5,23,-9,280
55760.0,112,19,283
55762.5,-35,36,398
55765.0,24,40,323
55767.5,30,-27,334
55770.0,-5,5,375
55772.5,-23,-31,265
55775.0,0,7,371
55777.5,20,2,375
55780.0,57,9,339
55782.5,27,-26,278
55785.0,43,23,314
55787.5,23,17,316
55790.0,37,-22,351
55792.5,84,31,233
55795.0,-16,-33,308
55797.5,-16,-33,308
55800.0,-25,-12,234
55802.5,-37,-54,234
55805.0,-21,-4,320
55807.5,83,-4,293
55810.0,24,-18,258
55812.5,1,-9,368
55815.0,23,-9,345
55817.5,11,-10,391
55820.0,48,-38,279
55822.5,0,-78,319
55825.0,19,18,308
55827.5,54,-28,279
55830.0,8,-10,247
55832.5,-21,22,327
55835.0,9,-39,296
55837.5,-11,-39,345
55840.0,-3,-30,273
55842.5,25,-18,264
55845.0,1,-10,281
55847.5,1,-10,281
55850.0,64,14,301
55852.5,-11,6,320
55855.0,30,13,313
55857.5,9,-27,307
55860.0,30,-49,352
55862.5,67,20,265
55865.0,36,2,245
55867.5,-8,-17,327
55870.0,-22,10,259
55872.5,-29,-3,304
55875.0,37,-20,341
55877.5,77,6,311
55880.0,-10,-22,347
55882.5,23,-6,262
55885.0,50,14,297
55887.5,-32,-105,293
55890.0,26,24,254
55892.5,65,-3,312
55895.0,-96,-53,427
55897.5,-96,-53,427
55900.0,20,16,277
55902.5,53,-25,351
55905.0,-1,-29,237
55907.5,-11,-33,270
55910.0,-3,-20,307
55912.5,52,48,336
55915.0,-7,-40,313
55917.5,11,-53,358
55920.0,39,20,276
55922.5,-5,12,346
55925.0,-50,-47,197
55927.5,-14,-31,242
55930.0,-32,-32,310
55932.5,6,-1,330
55935.0,5,49,444
55937.5,7,36,344
55940.0,120,6,207
55942.5,71,1,323
55945.0,30,57,215
55947.5,30,57,215
55950.0,49,8,161
55952.5,-3,-14,325
55955.0,42,43,270
55957.5,-42,-23,280
55960.0,-32,-31,422
55962.5,-1,-41,234
55965.0,-2,-37,360
55967.5,61,-30,238
55970.0,-14,-34,383
55972.5,79,-7,250
55975.0,-41,-17,307
55977.5,34,38,299
55980.0,27,13,294
55982.5,37,-17,243
55985.0,21,-3,272
55987.5,16,22,241
55990.0,-21,-40,253
55992.5,-42,-52,283
55995.0,67,23,306
55997.5,67,23,306
56000.0,-66,-38,374
56002.5,-32,-43,283
56005.0,63,21,281
56007.5,10,-10,311
56010.0,0,-52,259
56012.5,49,10,309
56015.0,24,6,369
56017.5,7,-10,310
56020.0,61,-6,337
56022.5,32,-28,292
56025.0,34,8,303
56027.5,-18,-21,298
56030.0,54,30,309
56032.5,16,-33,313
56035.0,29,-21,349
56037.5,-2,-77,340
56040.0,-28,-21,335
56042.5,53,38,249
56045.0,56,7,257
56047.5,56,7,257
56050.0,-15,-37,285
56052.5,97,30,288
56055.0,-17,-15,299
56057.5,63,40,329
56060.0,57,-28,257
56062.5,-9,-23,366
56065.0,29,-11,298
56067.5,-55,-29,372
56070.0,-27,18,313
56072.5,-12,-17,276
56075.0,23,-24,345
56077.5,-13,-32,346
56080.0,0,-21,245
56082.5,45,11,261
56085.0,32,4,210
56087.5,-46,-18,271
56090.0,40,-47,403
56092.5,30,-3,355
56095.0,30,-3,355
56097.5,-25,-57,398
56100.0,-18,-15,300
56102.5,95,54,207
56105.0,-30,10,279
56107.5,3,4,268
56110.0,20,-2,257
56112.5,-5,-16,366
56115.0,-84,-79,306
56117.5,-1,-10,429
56120.0,-10,-3,354
56122.5,24,5,248
56125.0,77,43,310
56127.5,15,29,269
56130.0,-31,-26,295
56132.5,4,49,359
56135.0,18,46,314
56137.5,16,-3,342
56140.0,21,35,234
56142.5,82,20,209
56145.0,82,20,209
56147.5,18,-4,269
56150.0,-30,-25,230
56152.5,2,-14,292
56155.0,-49,1,334
56157.5,27,-16,308
56160.0,11,-14,349
56162.5,68,0,288
56165.0,-7,-24,292
56167.5,-42,-28,298
56170.0,27,40,297
56172.5,-6,-4,319
56175.0,-21,-36,369
56177.5,3,2,218
56180.0,127,-4,326
56182.5,29,-1,226
56185.0,-13,-31,295
56187.5,25,-24,349
56190.0,21,15,286
56192.5,11,-48,235
56195.0,11,-48,235
56197.5,-26,26,290
56200.0,19,-32,297
56202.5,-72,-54,349
56205.0,-16,-17,266
56207.5,68,1,282
56210.0,34,-31,342
56212.5,7,28,257
56215.0,-11,3,305
56217.5,28,-8,334
56220.0,-46,-33,300
56222.5,-5,-14,344
56225.0,16,16,271
56227.5,50,27,240
56230.0,-10,-36,309
56232.5,5,0,270
56235.0,10,20,299
56237.5,-9,-27,336
56240.0,-3,-23,296
56242.5,52,3,357
56245.0,52,3,357
56247.5,16,-17,286
56250.0,52,33,239
56252.5,4,-3,307
56255.0,-14,2,314
56257.5,39,-18,281
56260.0,-35,-37,354
56262.5,-18,27,328
56265.0,-44,-20,296
56267.5,24,-14,245
56270.0,32,-62,290
56272.5,0,-15,251
56275.0,85,16,297
56277.5,-23,-65,272
56280.0,52,-10,296
56282.5,66,16,399
56285.0,-64,-23,326
56287.5,1,-32,262
56290.0,54,-35,266
56292.5,88,1,313
56295.0,88,1,313
56297.5,74,-2,265
56300.0,-11,-11,337
56302.5,14,-5,361
56305.0,15,-1,338
56307.5,-31,-7,338
56310.0,61,13,317
56312.5,80,-8,216
56315.0,33,-15,272
56317.5,21,27,287
56320.0,-35,23,304
56322.5,123,44,218
56325.0,63,-15,228
56327.5,18,-3,383
56330.0,15,-1,231
56332.5,-24,10,324
56335.0,4,-6,382
56337.5,58,16,403
56340.0,-11,-19,260
56342.5,-17,-16,310
56345.0,-17,-16,310
56347.5,81,8,252
56350.0,-41,-25,339
56352.5,54,-19,260
56355.0,6,26,297
56357.5,-20,-36,364
56360.0,33,28,348
56362.5,73,-11,345
56365.0,20,-14,275
56367.5,-25,7,312
56370.0,-82,-24,317
56372.5,24,-4,250
56375.0,24,-19,304
56377.5,-2,-8,358
56380.0,27,1,322
56382.5,-56,-44,335
56385.0,-8,-33,297
56387.5,118,29,312
56390.0,-24,-5,301
56392.5,-15,-4,296
56395.0,-15,-4,296
56397.5,-24,7,312
56400.0,-1,-11,363
56402.5,-40,-37,325
56405.0,-30,-34,369
56407.5,69,9,235
56410.0,0,21,237
56412.5,-3,-17,299
56415.0,38,22,298
56417.5,31,12,295
56420.0,51,0,353
56422.5,28,-10,249
56425.0,-49,-54,292
56427.5,-15,17,198
56430.0,20,-3,258
56432.5,-16,33,278
56435.0,-51,-29,292
56437.5,46,-15,326
56440.0,35,-3,285
56442.5,49,32,287
56445.0,49,32,287
56447.5,-49,-39,382
56450.0,31,-19,254
56452.5,14,45,268
56455.0,68,-41,380
56457.5,135,-28,266
56460.0,-30,-12,365
56462.5,-17,-20,278
56465.0,-43,-29,213
56467.5,-31,-62,307
56470.0,50,-26,320
56472.5,-57,-64,327
56475.0,-41,-42,278
56477.5,57,-29,299
56480.0,4,-4,370
56482.5,-4,-32,265
56485.0,-21,5,269
56487.5,-7,-32,283
56490.0,26,9,319
56492.5,-11,-17,264
56495.0,-11,-17,264
56497.5,-12,10,345
56500.0,-37,-71,313
56502.5,54,-11,384
56505.0,-68,-16,286
56507.5,51,15,267
56510.0,-49,7,306
56512.5,-8,-9,298
56515.0,-35,25,266
56517.5,-7,3,350
56520.0,49,-11,297
56522.5,5,-19,331
56525.0,101,8,266
56527.5,1,30,202
56530.0,27,-20,309
56532.5,56,-2,302
56535.0,-35,-38,355
56537.5,-79,11,349
56540.0,-8,3,268
56542.5,-8,3,268
56545.0,-60,11,325
56547.5,28,-56,276
56550.0,81,-29,291
56552.5,-37,-28,308
56555.0,20,53,299
56557.5,0,26,301
56560.0,-20,12,378
56562.5,1,23,264
56565.0,-60,-10,330
56567.5,-44,-36,244
56570.0,10,-11,281
56572.5,-16,-17,284
56575.0,-17,-28,333
56577.5,3,15,345
56580.0,-39,-10,308
56582.5,38,-50,293
56585.0,-52,-53,358
56587.5,-12,-41,280
56590.0,90,15,266
56592.5,90,15,266
56595.0,-24,-46,315
56597.5,5,-7,266
56600.0,36,2,306
56602.5,-11,-26,340
56605.0,15,-34,325
56607.5,-53,-18,352
56610.0,37,14,289
56612.5,30,7,291
56615.0,-61,-35,295
56617.5,18,-6,271
56620.0,15,-51,323
56622.5,-12,-62,353
56625.0,-22,30,414
56627.5,-3,-39,357
56630.0,17,-10,341
56632.5,16,15,415
56635.0,-30,-8,300
56637.5,-30,-21,294
56640.0,-26,-40,297
56642.5,-26,-40,297
56645.0,59,102,326
56647.5,-3,-80,275
56650.0,11,46,316
56652.5,-32,-48,257
56655.0,81,19,289
56657.5,16,-15,296
56660.0,3,-34,307
56662.5,38,-24,415
56665.0,-81,-24,314
56667.5,-28,-75,295
56670.0,32,-5,316
56672.5,18,-8,274
56675.0,-23,-28,297
56677.5,29,-26,385
56680.0,24,17,264
56682.5,25,-2,311
56685.0,-5,23,322
56687.5,19,-12,287
56690.0,-99,-40,316
56692.5,-99,-40,316
56695.0,-20,-37,290
56697.5,-102,13,316
56700.0,6,16,310
56702.5,5,-16,400
56705.0,5,4,365
56707.5,29,0,396
56710.0,-15,-41,266
56712.5,16,-14,365
56715.0,21,3,258
56717.5,52,-3,294
56720.0,1,12,274
56722.5,51,12,272
56725.0,33,-14,325
56727.5,11,-43,317
56730.0,55,5,268
56732.5,-68,-32,282
56735.0,-19,7,370
56737.5,38,5,279
56740.0,-24,-18,313
56742.5,-24,-18,313
56745.0,72,16,278
56747.5,36,-15,330
56750.0,-12,-36,313
56752.5,36,-3,255
56755.0,-1,1,350
56757.5,52,31,226
56760.0,37,-11,296
56762.5,-3,-47,345
56765.0,7,-17,300
56767.5,-34,-15,369
56770.0,69,23,237
56772.5,-5,-6,284
56775.0,14,-11,306
56777.5,17,-3,273
56780.0,5,17,315
56782.5,49,-10,349
56785.0,-3,-16,329
56787.5,-51,-40,363
56790.0,-36,-37,265
56792.5,-36,-37,265
56795.0,-24,-5,288
56797.5,2,-19,318
56800.0,19,66,285
56802.5,46,4,308
56805.0,-35,-47,342
56807.5,41,1,331
56810.0,-12,0,274
56812.5,87,41,265
56815.0,-1,-38,349
56817.5,0,-1,366
56820.0,37,10,247
56822.5,-12,16,292
56825.0,-16,-10,282
56827.5,17,-42,260
56830.0,19,-11,296
56832.5,24,-28,269
56835.0,-59,9,322
56837.5,-33,50,432
56840.0,-2,-10,377
56842.5,-2,-10,377
56845.0,11,-45,293
56847.5,-6,-26,255
56850.0,11,-78,344
56852.5,-4,-34,305
56855.0,65,33,243
56857.5,45,-37,340
56860.0,-70,-46,343
56862.5,93,32,244
56865.0,37,-2,344
56867.5,37,34,249
56870.0,38,64,268
56872.5,3,-43,280
56875.0,44,18,290
56877.5,-17,-32,351
56880.0,25,30,359
56882.5,-37,32,262
56885.0,27,-4,386
56887.5,27,-1,271
56890.0,20,-12,246
56892.5,20,-12,246
56895.0,7,-35,341
56897.5,-49,10,291
56900.0,-20,34,288
56902.5,-7,-5,349
56905.0,54,-20,261
56907.5,16,-21,329
56910.0,9,-25,276
56912.5,-2,-38,297
56915.0,-23,-52,315
56917.5,-41,5,317
56920.0,-10,-11,342
56922.5,-15,0,352
56925.0,7,18,290
56927.5,0,-41,343
56930.0,24,-3,239
56932.5,30,-21,269
56935.0,-34,0,295
56937.5,-35,-31,286
56940.0,-33,-35,320
56942.5,-33,-35,320
56945.0,-32,-12,323
56947.5,61,-1,307
56950.0,40,4,325
56952.5,-23,-56,267
56955.0,49,-23,283
56957.5,27,18,276
56960.0,-21,26,303
56962.5,9,-13,316
56965.0,19,-1,305
56967.5,17,7,298
56970.0,52,13,371
56972.5,48,26,281
56975.0,21,-31,293
56977.5,-15,-18,294
56980.0,38,-3,316
56982.5,-4,-45,307
56985.0,-58,10,330
56987.5,-13,0,299
56990.0,-13,0,299
56992.5,54,-17,325
56995.0,28,-44,209
56997.5,3,15,310
57000.0,49,10,336
57002.5,48,-39,327
57005.0,54,4,273
57007.5,-35,-37,340
57010.0,49,2,229
57012.5,-48,-19,334
57015.0,10,-25,221
57017.5,15,-22,130
57020.0,-31,-33,376
57022.5,8,-15,295
57025.0,-33,-19,316
57027.5,21,-28,383
57030.0,-31,-21,288
57032.5,5,-38,302
57035.0,27,28,256
57037.5,20,-13,332
57040.0,20,-13,332
57042.5,21,7,299
57045.0,34,-32,269
57047.5,15,23,350
57050.0,10,-14,313
57052.5,-28,-24,280
57055.0,-17,-44,256
57057.5,114,30,303
57060.0,28,-40,251
57062.5,-27,-17,266
57065.0,3,5,319
57067.5,13,-32,303
57070.0,46,38,305
57072.5,72,19,241
57075.0,-37,-45,360
57077.5,51,34,251
57080.0,-10,14,317
57082.5,-7,-6,328
57085.0,27,-21,317
57087.5,-9,-41,303
57090.0,-9,-41,303
57092.5,62,-18,319
57095.0,11,-6,268
57097.5,-17,-35,285
57100.0,11,-11,283
57102.5,15,18,300
57105.0,-12,25,294
57107.5,18,11,309
57110.0,-47,12,327
57112.5,35,10,287
57115.0,-6,-5,248
57117.5,8,-10,341
57120.0,33,34,281
57122.5,-2,-36,297
57125.0,-14,9,323
57127.5,-2,4,283
57130.0,-43,-33,364
57132.5,6,3,269
57135.0,80,17,280
57137.5,-7,-21,304
57140.0,-7,-21,304
57142.5,-16,-35,301
57145.0,-16,-39,346
57147.5,31,3,341
57150.0,24,-54,270
57152.5,-3,18,323
57155.0,-24,-61,285
57157.5,47,-8,306
57160.0,-12,-14,315
57162.5,70,25,298
57165.0,2,-1,314
57167.5,-20,-41,349
57170.0,-110,-80,258
57172.5,-133,-125,309
57175.0,76,1,272
57177.5,25,18,231
57180.0,1,-26,321
57182.5,-47,5,356
57185.0,42,-6,358
57187.5,68,11,276
57190.0,68,11,276
57192.5,-6,4,292
57195.0,-26,7,286
57197.5,35,-32,293
57200.0,6,-28,304
57202.5,8,-10,372
57205.0,31,-72,287
57207.5,-44,-86,366
57210.0,26,-15,275
57212.5,56,36,229
57215.0,-1,-2,293
57217.5,0,34,297
57220.0,8,-13,320
57222.5,82,-7,425
57225.0,-22,-17,311
57227.5,-33,-4,323
57230.0,-21,-36,276
57232.5,-14,-31,343
57235.0,-78,-12,309
57237.5,10,-13,248
57240.0,10,-13,248
57242.5,29,-3,237
57245.0,-46,3,348
57247.5,20,-26,357
57250.0,-27,9,327
57252.5,54,20,323
57255.0,6,-39,280
57257.5,-23,-4,285
57260.0,-5,13,314
57262.5,17,0,350
57265.0,55,-15,332
57267.5,40,10,254
57270.0,-15,-19,376
57272.5,14,-9,267
57275.0,47,5,291
57277.5,35,20,301
57280.0,-5,-1,249
57282.5,19,21,290
57285.0,-57,-28,333
57287.5,19,-28,315
57290.0,19,-28,315
57292.5,-1,-2,343
57295.0,-18,-16,271
57297.5,67,79,325
57300.0,-44,-25,263
57302.5,50,23,261
57305.0,4,-26,324
57307.5,16,-7,323
57310.0,49,47,263
57312.5,-18,-33,318
57315.0,-11,-33,322
57317.5,-46,-40,295
57320.0,21,2,314
57322.5,-8,-27,307
57325.0,13,7,310
57327.5,-22,-7,311
57330.0,11,-10,284
57332.5,5,5,355
57335.0,10,-24,281
57337.5,8,76,304
57340.0,8,76,304
57342.5,-8,28,312
57345.0,48,9,252
57347.5,14,-41,331
57350.0,-32,-11,341
57352.5,19,-11,343
57355.0,-33,-40,343
57357.5,30,-14,254
57360.0,62,11,240
57362.5,1,8,336
57365.0,28,-59,418
57367.5,-19,-1,363
57370.0,-69,-132,415
57372.5,9,-13,355
57375.0,25,-1,384
57377.5,2,17,217
57380.0,-39,-16,267
57382.5,32,-5,258
57385.0,16,5,340
57387.5,-6,-23,390
57390.0,-6,-23,390
57392.5,-14,-18,352
57395.0,45,-20,353
57397.5,32,-4,327
57400.0,53,29,252
57402.5,-21,-13,209
57405.0,-31,-12,332
57407.5,-25,0,354
57410.0,-43,-43,300
57412.5,23,6,300
57415.0,34,-29,415
57417.5,-5,6,309
57420.0,82,-11,190
57422.5,-20,4,210
57425.0,24,-6,322
57427.5,16,20,308
57430.0,-7,-53,248
57432.5,-46,-23,377
57435.0,45,16,201
57437.5,45,16,201
57440.0,30,3,321
57442.5,56,23,219
57445.0,-39,-24,301
57447.5,-34,-8,312
57450.0,59,-34,419
57452.5,10,-12,359
57455.0,5,-41,313
57457.5,12,-4,314
57460.0,42,2,302
57462.5,14,-24,240
57465.0,-23,9,265
57467.5,22,14,456
57470.0,92,53,241
57472.5,43,10,302
57475.0,-5,-46,288
57477.5,4,4,314
57480.0,11,-20,354
57482.5,33,29,270
57485.0,-49,-48,342
57487.5,-49,-48,342
57490.0,39,19,378
57492.5,67,-11,325
57495.0,0,-19,345
57497.5,-3,20,219
57500.0,36,13,271
57502.5,36,-10,324
57505.0,4,-2,297
57507.5,12,-9,301
57510.0,34,-42,397
57512.5,-4,-10,286
57515.0,-34,-19,346
57517.5,-21,-49,245
57520.0,-45,-9,245
57522.5,-2,7,298
57525.0,7,-21,269
57527.5,-17,-2,301
57530.0,43,2,323
57532.5,73,15,231
57535.0,10,-53,274
57537.5,10,-53,274
57540.0,45,32,304
57542.5,-38,-2,294
57545.0,11,-38,353
57547.5,105,40,275
57550.0,25,-25,333
57552.5,17,21,332
57555.0,98,3,282
57557.5,-3,-31,292
57560.0,52,-40,329
57562.5,36,-49,366
57565.0,-13,-11,375
57567.5,41,17,317
57570.0,-45,-79,370
57572.5,-14,0,241
57575.0,-56,-27,281
57577.5,27,-6,311
57580.0,-31,-15,292
57582.5,-61,8,285
57585.0,36,19,323
57587.5,36,19,323
57590.0,42,26,251
57592.5,23,-99,376
57595.0,22,-8,324
57597.5,-5,-8,226
57600.0,18,-21,341
57602.5,28,0,306
57605.0,22,-31,277
57607.5,41,13,362
57610.0,59,-65,323
57612.5,25,-36,326
57615.0,36,26,271
57617.5,-26,3,311
57620.0,29,-10,317
57622.5,86,35,275
57625.0,-4,-13,294
57627.5,26,-24,368
57630.0,-15,-9,302
57632.5,-51,-15,356
57635.0,-20,0,364
57637.5,-20,0,364
57640.0,-1,-21,390
57642.5,2,-4,293
57645.0,9,-23,285
57647.5,-22,-34,312
57650.0,21,-14,310
57652.5,64,-18,248
57655.0,-17,-18,371
57657.5,43,39,267
57660.0,-45,1,265
57662.5,-48,24,321
57665.0,54,18,268
57667.5,22,-20,282
57670.0,19,-40,340
57672.5,-6,-23,252
57675.0,-42,-19,348
57677.5,49,51,242
57680.0,-51,-47,284
57682.5,-36,-27,345
57685.0,3,-18,314
57687.5,3,-18,314
57690.0,14,26,301
57692.5,5,-32,350
57695.0,-2,-9,339
57697.5,18,-8,357
57700.0,-39,-14,264
57702.5,43,2,308
57705.0,-23,2,301
57707.5,46,13,262
57710.0,-7,-44,320
57712.5,4,-54,343
57715.0,47,-23,322
57717.5,-31,-44,360
57720.0,75,33,231
57722.5,26,-5,225
57725.0,-13,-1,302
57727.5,28,15,274
57730.0,42,14,222
57732.5,20,2,322
57735.0,38,-30,220
57737.5,38,-30,220
57740.0,-16,-45,274
57742.5,20,-6,219
57745.0,106,27,307
57747.5,51,29,209
57750.0,-18,-3,312
57752.5,75,-9,460
57755.0,33,-2,323
57757.5,65,-37,285
57760.0,-37,-12,290
57762.5,35,9,250
57765.0,-29,-18,306
57767.5,13,-16,302
57770.0,70,5,274
57772.5,30,14,362
57775.0,24,5,284
57777.5,32,-2,264
57780.0,-52,-48,327
57782.5,36,24,311
57785.0,58,-4,330
57787.5,58,-4,330
57790.0,-14,4,320
57792.5,15,8,293
57795.0,43,8,301
57797.5,-19,-24,331
57800.0,1,-54,199
57802.5,20,4,353
57805.0,61,15,230
57807.5,9,-1,328
57810.0,-9,-38,361
57812.5,-18,12,364
57815.0,-11,-11,333
57817.5,-39,-18,302
57820.0,1,-33,244
57822.5,-57,-25,296
57825.0,-31,8,250
57827.5,-22,-24,302
57830.0,-14,10,363
57832.5,80,25,293
57835.0,80,25,293
57837.5,64,-10,356
57840.0,29,-18,246
57842.5,-6,-15,256
57845.0,51,6,340
57847.5,42,23,297
57850.0,-5,-8,321
57852.5,-15,-43,352
57855.0,-17,-33,257
57857.5,-42,-21,327
57860.0,78,-29,239
57862.5,-27,-34,305
57865.0,-21,-33,333
57867.5,54,47,305
57870.0,43,3,326
57872.5,2,-14,337
57875.0,27,-8,261
57877.5,52,2,338
57880.0,24,30,225
57882.5,25,-1,300
57885.0,25,-1,300
57887.5,46,33,286
57890.0,-22,23,270
57892.5,-16,-22,340
57895.0,30,20,275
57897.5,15,-12,254
57900.0,-56,-33,324
57902.5,27,43,289
57905.0,6,-30,272
57907.5,21,-13,368
57910.0,66,-24,369
57912.5,9,1,296
57915.0,-7,-8,245
57917.5,-41,10,355
57920.0,-17,-46,308
57922.5,75,31,270
57925.0,-15,-10,263
57927.5,38,-57,355
57930.0,-58,48,243
57932.5,8,-12,390
57935.0,8,-12,390
57937.5,-2,-45,231
57940.0,-4,-15,220
57942.5,4,16,316
57945.0,56,6,248
57947.5,-11,-31,288
57950.0,77,-9,326
57952.5,77,4,265
57955.0,-30,-33,368
57957.5,70,-9,246
57960.0,61,12,252
57962.5,-11,9,330
57965.0,70,9,294
57967.5,-73,5,298
57970.0,-48,31,335
57972.5,66,-40,206
57975.0,-14,8,330
57977.5,-17,-16,223
57980.0,82,1,259
57982.5,28,2,329
57985.0,28,2,329
57987.5,76,-3,286
57990.0,82,83,324
57992.5,-6,-31,358
57995.0,51,22,243
57997.5,-45,-32,287
58000.0,39,8,272
58002.5,41,7,273
58005.0,-3,30,239
58007.5,51,-9,316
58010.0,-12,26,315
58012.5,-23,-22,312
58015.0,-39,-7,274
58017.5,-1,-29,367
58020.0,17,-4,295
58022.5,-20,-10,250
58025.0,11,-1,302
58027.5,30,-4,333
58030.0,-11,10,333
58032.5,12,-15,365
58035.0,12,-15,365
58037.5,5,-27,272
58040.0,52,2,326
58042.5,32,0,251
58045.0,-31,14,263
58047.5,25,-15,328
58050.0,30,1,304
58052.5,10,-10,340
58055.0,-5,29,316
58057.5,50,19,267
58060.0,-7,-4,306
58062.5,9,-14,218
58065.0,21,-39,301
58067.5,-34,-13,307
58070.0,22,19,284
58072.5,-2,-15,327
58075.0,36,16,326
58077.5,-24,-19,288
58080.0,-55,-8,321
58082.5,-15,-16,247
58085.0,-15,-16,247
58087.5,20,-21,279
58090.0,12,-6,322
58092.5,29,-3,316
58095.0,1,-5,333
58097.5,18,-11,299
58100.0,59,-15,233
58102.5,-31,-20,368
58105.0,-70,-41,215
58107.5,-56,-72,329
58110.0,16,-25,331
58112.5,20,-30,307
58115.0,79,-37,301
58117.5,66,-7,251
58120.0,26,-73,345
58122.5,-62,-70,210
58125.0,-13,13,230
58127.5,12,-7,305
58130.0,-16,27,360
58132.5,-16,26,326
58135.0,-16,26,326
58137.5,22,-18,361
58140.0,31,24,245
58142.5,76,13,252
58145.0,-7,-22,291
58147.5,9,-22,300
58150.0,12,-29,264
58152.5,67,25,333
58155.0,9,-20,328
58157.5,49,11,349
58160.0,38,-23,281
58162.5,63,2,245
58165.0,-1,37,313
58167.5,14,5,241
58170.0,-1,-5,327
58172.5,-11,21,286
58175.0,17,-28,256
58177.5,-69,-39,355
58180.0,2,-12,258
58182.5,59,18,278
58185.0,59,18,278
58187.5,-4,-14,277
58190.0,-7,29,301
58192.5,12,19,268
58195.0,103,79,364
58197.5,32,6,259
58200.0,-66,-40,344
58202.5,-2,13,250
58205.0,21,13,315
58207.5,-40,-6,328
58210.0,9,-16,302
58212.5,-2,-20,347
58215.0,27,-34,338
58217.5,15,-14,271
58220.0,-32,1,313
58222.5,20,-17,240
58225.0,-5,-11,281
58227.5,22,-5,340
58230.0,81,58,350
58232.5,-26,-29,387
58235.0,-26,-29,387
58237.5,26,-1,301
58240.0,22,-2,288
58242.5,7,-29,342
58245.0,35,9,237
58247.5,1,-3,316
58250.0,20,5,345
58252.5,19,-21,294
58255.0,41,-28,352
58257.5,-11,4,246
58260.0,-12,-6,284
58262.5,-15,-5,305
58265.0,66,5,234
58267.5,19,-14,311
58270.0,84,-20,343
58272.5,23,15,311
58275.0,0,-20,431
58277.5,30,-9,273
58280.0,44,-19,326
58282.5,-15,-23,289
58285.0,-15,-23,289
58287.5,7,-3,329
58290.0,0,9,393
58292.5,-24,-6,362
58295.0,6,-7,285
58297.5,-24,-22,407
58300.0,4,5,296
58302.5,22,-3,312
58305.0,4,28,350
58307.5,-11,-9,325
58310.0,-59,-122,315
58312.5,52,-48,339
58315.0,37,29,242
58317.5,-24,-1,280
58320.0,13,14,272
58322.5,-6,16,339
58325.0,-44,15,299
58327.5,-46,-10,298
58330.0,36,-14,342
58332.5,36,-14,342
58335.0,25,-2,261
58337.5,92,12,260
58340.0,-15,-31,292
58342.5,41,-49,269
58345.0,31,24,275
58347.5,20,-25,329
58350.0,45,-23,318
58352.5,-16,-20,344
58355.0,51,6,270
58357.5,63,11,304
58360.0,-11,-49,346
58362.5,41,-1,274
58365.0,38,3,278
58367.5,-21,3,334
58370.0,-1,-4,288
58372.5,41,2,379
58375.0,26,-25,302
58377.5,129,18,245
58380.0,21,-29,335
58382.5,21,-29,335
58385.0,-10,-22,277
58387.5,57,1,288
58390.0,-39,1,380
58392.5,12,-17,338
58395.0,-8,-21,339
58397.5,21,4,243
58400.0,-21,-5,236
58402.5,-11,4,341
58405.0,14,19,284
58407.5,-16,-15,324
58410.0,28,-30,368
58412.5,-42,-36,318
58415.0,-63,-24,355
58417.5,42,6,293
58420.0,5,-21,270
58422.5,6,-9,319
58425.0,9,20,280
58427.5,-13,-40,326
58430.0,-41,3,336
58432.5,-41,3,336
58435.0,33,-17,314
58437.5,29,-8,352
58440.0,96,56,247
58442.5,-13,-33,281
58445.0,24,2,305
58447.5,16,-22,266
58450.0,5,46,237
58452.5,-22,-18,365
58455.0,55,-2,308
58457.5,22,-35,358
58460.0,27,-37,317
58462.5,52,11,251
58465.0,-6,-34,301
58467.5,92,81,262
58470.0,-28,1,386
58472.5,55,96,221
58475.0,39,-13,271
58477.5,10,-6,371
58480.0,15,8,234
58482.5,15,8,234
58485.0,31,-5,278
58487.5,-15,-13,289
58490.0,-22,-2,511
58492.5,17,-1,290
58495.0,-9,-37,342
58497.5,9,7,193
58500.0,-14,-10,375
58502.5,-29,-48,280
58505.0,136,80,265
58507.5,46,-1,364
58510.0,33,-10,268
58512.5,-31,-7,319
58515.0,7,-26,366
58517.5,-24,16,189
58520.0,-11,-31,315
58522.5,4,3,295
58525.0,42,8,246
58527.5,22,-6,419
58530.0,37,33,320
58532.5,37,33,320
58535.0,-18,-51,342
58537.5,27,-7,282
58540.0,14,4,272
58542.5,3,-1,303
58545.0,25,-21,301
58547.5,22,-53,221
58550.0,13,-28,326
58552.5,17,13,335
58555.0,-6,14,277
58557.5,-43,-63,350
58560.0,60,15,292
58562.5,-39,-38,431
58565.0,19,-6,262
58567.5,-15,-30,341
58570.0,24,5,333
58572.5,47,5,341
58575.0,-43,-41,351
58577.5,-2,-36,312
58580.0,-8,-19,272
58582.5,-8,-19,272
58585.0,13,-49,313
58587.5,12,-10,300
58590.0,-6,-12,315
58592.5,21,-47,316
58595.0,45,-14,281
58597.5,-13,-1,327
58600.0,25,10,285
58602.5,5,-53,283
58605.0,-6,1,283
58607.5,80,21,297
58610.0,5,-11,309
58612.5,15,-59,324
58615.0,29,16,312
58617.5,-34,-22,374
58620.0,65,36,231
58622.5,23,-10,250
58625.0,35,11,301
58627.5,13,-3,292
58630.0,58,7,291
58632.5,58,7,291
58635.0,16,24,339
58637.5,17,-15,311
58640.0,20,-4,396
58642.5,-28,2,299
58645.0,-92,-103,306
58647.5,-5,-10,334
58650.0,-62,-22,292
58652.5,-20,-41,305
58655.0,6,-11,379
58657.5,111,30,277
58660.0,-2,-42,384
58662.5,57,19,196
58665.0,-92,-32,369
58667.5,13,6,426
58670.0,-21,-6,266
58672.5,70,-5,338
58675.0,33,19,289
58677.5,42,-82,199
58680.0,-40,-23,248
58682.5,-40,-23,248
58685.0,31,-5,278
58687.5,33,17,320
58690.0,-1,-39,378
58692.5,40,36,352
58695.0,38,51,273
58697.5,-120,-101,315
58700.0,-20,-49,280
58702.5,-24,-38,323
58705.0,2,4,294
58707.5,-90,-79,299
58710.0,-15,26,364
58712.5,23,-33,364
58715.0,-7,-30,288
58717.5,-22,-8,315
58720.0,21,24,265
58722.5,-7,-32,332
58725.0,24,17,264
58727.5,12,-12,341
58730.0,15,0,334
58732.5,15,0,334
58735.0,-8,-19,274
58737.5,11,9,358
58740.0,42,-53,322
58742.5,50,9,229
58745.0,-44,-16,300
58747.5,-14,-23,285
58750.0,-13,-48,307
58752.5,4,-22,358
58755.0,6,-16,291
58757.5,-18,-18,318
58760.0,41,-3,228
58762.5,92,-9,245
58765.0,-5,-42,333
58767.5,34,-8,278
58770.0,6,-28,240
58772.5,-5,-23,341
58775.0,17,-21,283
58777.5,-11,-14,367
58780.0,-11,-14,367
58782.5,-9,-26,283
58785.0,42,13,247
58787.5,18,-39,310
58790.0,61,6,302
58792.5,42,7,297
58795.0,-12,-36,362
58797.5,25,6,308
58800.0,-9,-27,356
58802.5,-8,-63,337
58805.0,69,-99,358
58807.5,-6,-22,359
58810.0,121,-5,249
58812.5,24,7,305
58815.0,-12,-25,362
58817.5,79,50,310
58820.0,17,-29,351
58822.5,15,-13,286
58825.0,-23,-32,250
58827.5,23,-5,332
58830.0,23,-5,332
58832.5,21,1,274
58835.0,30,-24,320
58837.5,-11,-17,363
58840.0,72,37,315
58842.5,60,-32,210
58845.0,32,11,327
58847.5,77,-15,297
58850.0,-17,-38,303
58852.5,-23,-22,228
58855.0,26,-5,313
58857.5,-18,4,366
58860.0,8,6,288
58862.5,15,1,382
58865.0,60,4,299
58867.5,-35,-49,264
58870.0,-5,-20,248
58872.5,-63,-24,313
58875.0,1,-18,307
58877.5,9,-32,355
58880.0,9,-32,355
58882.5,69,13,200
58885.0,17,-8,330
58887.5,11,-29,236
58890.0,33,18,199
58892.5,49,27,358
58895.0,53,12,338
58897.5,-34,-9,375
58900.0,-10,-38,313
58902.5,17,29,395
58905.0,2,-13,323
58907.5,-26,-25,233
58910.0,-35,9,263
58912.5,-9,-6,320
58915.0,-48,-19,231
58917.5,-21,-36,314
58920.0,-98,-31,323
58922.5,56,11,257
58925.0,-57,-28,359
58927.5,-10,-23,226
58930.0,-10,-23,226
58932.5,-65,-4,297
58935.0,19,-9,360
58937.5,46,-7,204
58940.0,18,-5,310
58942.5,-45,-35,325
58945.0,63,7,226
58947.5,22,-25,319
58950.0,-22,-36,301
58952.5,-1,-2,321
58955.0,-35,-31,360
58957.5,14,3,284
58960.0,-31,-54,308
58962.5,21,-31,306
58965.0,94,2,278
58967.5,14,-21,318
58970.0,91,29,260
58972.5,-1,1,314
58975.0,-46,-55,345
58977.5,10,23,264
58980.0,10,23,264
58982.5,18,-7,359
58985.0,-12,-52,288
58987.5,-10,-13,240
58990.0,31,-8,261
58992.5,62,-3,240
58995.0,-15,6,273
58997.5,-62,0,346
59000.0,-9,-18,318
59002.5,-34,-44,340
59005.0,22,-18,291
59007.5,-15,-24,229
59010.0,-5,23,373
59012.5,-30,-26,327
59015.0,-16,8,326
59017.5,43,-10,380
59020.0,35,1,178
59022.5,-41,-22,374
59025.0,-53,-51,290
59027.5,9,-2,373
59030.0,9,-2,373
59032.5,-24,-23,317
59035.0,2,20,278
59037.5,-24,-18,324
59040.0,-23,-11,278
59042.5,16,7,238
59045.0,22,-1,323
59047.5,57,3,270
59050.0,98,-84,348
59052.5,-11,-22,346
59055.0,17,5,330
59057.5,4,-22,351
59060.0,5,-44,312
59062.5,88,-4,233
59065.0,14,-5,316
59067.5,74,-22,242
59070.0,-12,-22,299
59072.5,-1,6,330
59075.0,59,31,311
59077.5,42,-18,302
59080.0,42,-18,302
59082.5,75,22,289
59085.0,42,-14,219
59087.5,-11,-3,335
59090.0,20,37,295
59092.5,-20,31,310
59095.0,28,4,288
59097.5,72,13,326
59100.0,42,-28,334
59102.5,74,-26,288
59105.0,31,-42,248
59107.5,-33,-26,310
59110.0,61,-30,298
59112.5,-7,-16,302
59115.0,21,-8,319
59117.5,22,9,284
59120.0,3,-24,332
59122.5,-5,-23,292
59125.0,23,-38,264
59127.5,53,14,350
59130.0,53,14,350
59132.5,18,-20,251
59135.0,24,-4,292
59137.5,-56,-37,301
59140.0,33,-30,299
59142.5,-3,-14,327
59145.0,41,-19,324
59147.5,42,10,293
59150.0,-41,-18,320
59152.5,-36,16,246
59155.0,2,22,222
59157.5,26,0,310
59160.0,-13,3,345
59162.5,-52,-18,347
59165.0,12,-7,339
59167.5,5,0,290
59170.0,-48,-24,321
59172.5,35,4,250
59175.0,-2,-21,288
59177.5,-66,13,327
59180.0,-66,13,327
59182.5,8,9,330
59185.0,-8,1,358
59187.5,58,7,328
59190.0,75,-14,275
59192.5,-19,-5,314
59195.0,11,6,279
59197.5,-32,-8,327
59200.0,-42,-2,370
59202.5,-23,-57,275
59205.0,-73,-92,342
59207.5,-68,-61,327
59210.0,37,65,71
59212.5,23,-26,289
59215.0,17,7,302
59217.5,75,12,321
59220.0,-13,4,346
59222.5,-14,28,309
59225.0,-43,-18,357
59227.5,17,-11,284
59230.0,17,-11,284
59232.5,58,-16,290
59235.0,-31,-25,309
59237.5,42,8,326
59240.0,-5,-6,269
59242.5,10,-57,366
59245.0,22,6,331
59247.5,-27,-17,299
59250.0,-14,-38,278
59252.5,102,9,245
59255.0,4,-20,313
59257.5,21,-12,322
59260.0,27,7,371
59262.5,-64,-83,301
59265.0,46,1,398
59267.5,13,3,339
59270.0,67,-29,235
59272.5,35,-14,221
59275.0,-18,-3,316
59277.5,-18,5,274
59280.0,-18,5,274
59282.5,29,18,329
59285.0,72,-12,346
59287.5,-21,-33,368
59290.0,-25,-43,375
59292.5,12,-30,243
59295.0,97,3,336
59297.5,-3,-25,280
59300.0,-2,-2,173
59302.5,110,19,249
59305.0,-44,7,326
59307.5,38,-30,301
59310.0,2,-11,366
59312.5,98,9,220
59315.0,63,26,301
59317.5,41,-44,327
59320.0,9,44,361
59322.5,32,-29,317
59325.0,15,-50,320
59327.5,15,-50,320
59330.0,39,9,305
59332.5,5,-19,311
59335.0,57,28,256
59337.5,57,43,266
59340.0,-10,-5,276
59342.5,-5,-47,294
59345.0,-79,-21,350
59347.5,35,5,334
59350.0,35,-22,301
59352.5,-87,-19,296
59355.0,71,20,278
59357.5,-20,-7,280
59360.0,-69,14,325
59362.5,7,-25,310
59365.0,-23,-10,350
59367.5,-19,-31,245
59370.0,39,-1,293
59372.5,-1,-10,309
59375.0,17,7,269
59377.5,17,7,269
59380.0,-58,-32,275
59382.5,-108,-58,341
59385.0,56,17,339
59387.5,-45,-21,331
59390.0,-14,-10,217
59392.5,8,12,345
59395.0,-57,-38,359
59397.5,2,14,297
59400.0,33,-18,290
59402.5,75,4,304
59405.0,51,16,296
59407.5,-10,-14,343
59410.0,38,-53,233
59412.5,28,3,313
59415.0,-101,-115,285
59417.5,96,9,284
59420.0,-2,8,320
59422.5,51,-30,327
59425.0,48,24,201
59427.5,48,24,201
59430.0,-24,-8,338
59432.5,-61,-9,310
59435.0,26,-21,359
59437.5,-16,-10,357
59440.0,50,27,304
59442.5,19,3,335
59445.0,19,-11,258
59447.5,113,7,269
59450.0,-54,-34,311
59452.5,17,-11,253
59455.0,53,21,320
59457.5,32,-31,355
59460.0,-16,41,259
59462.5,99,33,346
59465.0,-5,19,270
59467.5,84,10,220
59470.0,-7,-16,300
59472.5,57,18,307
59475.0,-32,-60,283
59477.5,-32,-60,283
59480.0,21,-8,350
59482.5,14,2,294
59485.0,-36,-34,365
59487.5,-13,-29,371
59490.0,39,17,278
59492.5,31,-5,379
59495.0,49,-10,278
59497.5,-14,-33,252
59500.0,-23,-8,321
59502.5,9,-5,305
59505.0,70,25,352
59507.5,14,5,312
59510.0,49,22,288
59512.5,-32,0,362
59515.0,-13,4,257
59517.5,18,2,309
59520.0,26,12,331
59522.5,-12,-8,281
59525.0,64,-25,290
59527.5,64,-25,290
59530.0,22,-16,345
59532.5,9,-42,250
59535.0,-36,-23,313
59537.5,6,48,239
59540.0,30,-14,302
59542.5,-17,-9,326
59545.0,51,4,278
59547.5,96,-9,337
59550.0,-19,-34,313
59552.5,31,-1,265
59555.0,-33,-62,352
59557.5,16,-25,267
59560.0,6,-18,304
59562.5,-12,-2,329
59565.0,0,-14,305
59567.5,4,-13,345
59570.0,48,-34,359
59572.5,21,-81,149
59575.0,26,-50,343
59577.5,26,-50,343
59580.0,96,14,125
59582.5,-5,-68,315
59585.0,-23,-24,359
59587.5,24,-13,295
59590.0,28,-3,365
59592.5,35,-12,288
59595.0,-29,81,333
59597.5,-25,-47,258
59600.0,14,-30,213
59602.5,23,-5,288
59605.0,6,-27,385
59607.5,12,-5,256
59610.0,-4,-10,350
59612.5,-21,-28,309
59615.0,30,17,251
59617.5,-31,-34,255
59620.0,7,11,306
59622.5,-29,-8,320
59625.0,-5,-84,272
59627.5,-5,-84,272
59630.0,59,13,410
59632.5,6,-34,323
59635.0,-15,-30,302
59637.5,-33,-14,222
59640.0,-30,28,318
59642.5,59,7,289
59645.0,5,-10,301
59647.5,17,16,301
59650.0,14,0,306
59652.5,-15,-10,348
59655.0,28,11,213
59657.5,-23,20,326
59660.0,8,3,287
59662.5,27,9,298
59665.0,23,-27,323
59667.5,28,-40,337
59670.0,43,-30,295
59672.5,-5,24,354
59675.0,23,-4,238
59677.5,23,-4,238
59680.0,-7,-23,272
59682.5,3,-15,327
59685.0,18,-1,335
59687.5,-33,-20,343
59690.0,72,26,342
59692.5,13,23,318
59695.0,4,-16,332
59697.5,22,6,285
59700.0,40,26,276
59702.5,-3,7,274
59705.0,36,-4,339
59707.5,-30,-43,298
59710.0,51,-22,319
59712.5,4,-20,262
59715.0,-10,-15,330
59717.5,13,-12,261
59720.0,10,-20,283
59722.5,-81,-23,340
59725.0,48,-5,331
59727.5,48,-5,331
59730.0,90,-1,345
59732.5,62,12,274
59735.0,128,51,273
59737.5,23,-7,305
59740.0,43,16,264
59742.5,-18,-5,296
59745.0,-11,-5,351
59747.5,-180,-68,310
59750.0,-49,-27,511
59752.5,40,7,264
59755.0,40,7,249
59757.5,16,-19,290
59760.0,39,19,365
59762.5,-89,-61,332
59765.0,-46,-72,368
59767.5,6,-29,359
59770.0,-1,-24,415
59772.5,20,-14,306
59775.0,-42,4,300
59777.5,-42,4,300
59780.0,-4,-17,308
59782.5,4,3,314
59785.0,11,11,322
59787.5,19,-5,339
59790.0,-17,1,273
59792.5,9,-3,289
59795.0,-4,-33,247
59797.5,56,-5,289
59800.0,7,24,290
59802.5,58,45,314
59805.0,-27,11,276
59807.5,24,-10,325
59810.0,19,4,240
59812.5,-63,-22,310
59815.0,13,13,298
59817.5,-81,16,360
59820.0,-23,-5,308
59822.5,7,-25,296
59825.0,3,-33,328
59827.5,3,-33,328
59830.0,66,27,286
59832.5,-26,13,281
59835.0,10,-52,393
59837.5,4,-16,313
59840.0,58,-32,308
59842.5,15,-13,345
59845.0,-44,50,284
59847.5,56,-13,294
59850.0,10,-31,272
59852.5,45,-26,264
59855.0,6,-12,347
59857.5,-10,-34,232
59860.0,-28,-62,284
59862.5,46,-15,297
59865.0,35,-20,311
59867.5,-20,-7,267
59870.0,53,-27,270
59872.5,26,2,214
59875.0,5,28,285
59877.5,5,28,285
59880.0,-2,-39,281
59882.5,20,20,269
59885.0,20,3,345
59887.5,21,-11,316
59890.0,10,-22,334
59892.5,12,-10,302
59895.0,59,29,253
59897.5,-7,-1,319
59900.0,-32,26,214
59902.5,-35,-3,289
59905.0,-2,17,293
59907.5,17,4,297
59910.0,43,21,317
59912.5,42,5,318
59915.0,8,-19,309
59917.5,-30,-18,338
59920.0,48,20,252
59922.5,15,0,284
59925.0,15,0,284
59927.5,-8,-2,323
59930.0,35,-10,294
59932.5,43,13,344
59935.0,13,-20,308
59937.5,72,16,312
59940.0,-13,25,340
59942.5,-30,-54,192
59945.0,-10,-14,283
59947.5,62,57,208
59950.0,43,-43,296
59952.5,-59,-27,336
59955.0,35,-14,303
59957.5,43,20,257
59960.0,4,-29,347
59962.5,13,29,446
59965.0,51,43,183
59967.5,-2,-22,361
59970.0,30,0,289
59972.5,-34,-25,354
59975.0,-34,-25,354
59977.5,6,-9,310
59980.0,-37,-11,195
59982.5,6,0,302
59985.0,84,35,296
59987.5,7,-38,273
59990.0,16,-5,355
59992.5,113,42,353
59995.0,41,-18,298
59997.5,-36,-28,360
60000.0,138,38,271
60002.5,18,13,363
60005.0,58,41,253
60007.5,-63,15,366
60010.0,80,24,326
60012.5,-80,-31,295
60015.0,-15,-25,323
60017.5,23,17,220
60020.0,78,58,251
60022.5,58,5,250
60025.0,58,5,250
60027.5,-61,-49,345
60030.0,19,30,323
60032.5,55,-47,367
60035.0,0,-32,288
60037.5,-48,-27,386
60040.0,51,41,240
60042.5,-45,-46,290
60045.0,-9,-4,284
60047.5,63,19,396
60050.0,48,25,274
60052.5,45,19,303
60055.0,79,4,246
60057.5,-50,-52,327
60060.0,13,6,279
60062.5,52,-6,275
60065.0,42,43,364
60067.5,18,12,229
60070.0,44,11,317
60072.5,77,36,299
60075.0,77,36,299
60077.5,63,10,257
60080.0,-25,-25,315
60082.5,52,27,307
60085.0,2,-22,307
60087.5,61,-28,355
60090.0,40,16,291
60092.5,-20,-2,319
60095.0,-36,-30,301
60097.5,10,-12,272
60100.0,52,30,334
60102.5,31,18,285
60105.0,6,-4,305
60107.5,-14,26,338
60110.0,46,7,322
60112.5,-59,-15,349
60115.0,-10,-1,292
60117.5,26,-60,394
60120.0,-18,-16,273
60122.5,-7,-38,280
60125.0,-7,-38,280
60127.5,2,-51,334
60130.0,8,22,360
60132.5,58,21,262
60135.0,-46,-34,370
60137.5,60,1,286
60140.0,35,-2,298
60142.5,-10,9,330
60145.0,67,26,329
60147.5,-11,-31,339
60150.0,43,-21,353
60152.5,9,44,180
60155.0,34,63,340
60157.5,36,27,313
60160.0,-8,11,319
60162.5,-14,-39,328
60165.0,40,-11,292
60167.5,4,-41,273
60170.0,52,-32,282
60172.5,17,-45,294
60175.0,17,-45,294
60177.5,-15,-30,374
60180.0,31,-8,283
60182.5,-68,-22,275
60185.0,6,41,371
60187.5,-35,-11,307
60190.0,-61,-7,338
60192.5,55,7,292
60195.0,23,16,246
60197.5,-29,-92,271
60200.0,87,7,252
60202.5,15,-34,290
60205.0,9,-36,342
60207.5,93,23,280
60210.0,25,-15,360
60212.5,79,4,330
60215.0,9,-3,261
60217.5,-6,-22,289
60220.0,34,-14,298
60222.5,1,-5,324
60225.0,1,-5,324
60227.5,-14,41,297
60230.0,-9,-11,234
60232.5,-36,-21,320
60235.0,47,39,301
60237.5,79,-11,280
60240.0,2,-10,333
60242.5,72,17,244
60245.0,7,11,288
60247.5,-4,-14,318
60250.0,-1,-8,296
60252.5,12,-21,346
60255.0,13,-28,298
60257.5,-11,-13,229
60260.0,-32,-71,337
60262.5,102,31,268
60265.0,-9,-32,289
60267.5,-36,9,312
60270.0,51,-20,331
60272.5,-16,-41,364
60275.0,-16,-41,364
60277.5,13,-55,305
60280.0,18,-6,263
60282.5,-62,-25,303
60285.0,25,-4,271
60287.5,21,-12,288
60290.0,55,14,339
60292.5,43,-13,326
60295.0,-54,-24,384
60297.5,49,-8,341
60300.0,68,6,284
60302.5,6,1,313
60305.0,36,-1,239
60307.5,-83,-21,315
60310.0,-2,59,315
60312.5,43,5,316
60315.0,-15,-13,336
60317.5,133,46,255
60320.0,110,-29,311
60322.5,-6,5,256
60325.0,-6,5,256
60327.5,11,7,295
60330.0,-7,-13,359
60332.5,-35,-39,295
60335.0,-21,-12,329
60337.5,-13,-13,331
60340.0,30,-12,256
60342.5,6,1,217
60345.0,-6,-36,199
60347.5,33,25,318
60350.0,9,-8,342
60352.5,-23,-37,320
60355.0,100,34,317
60357.5,28,0,322
60360.0,-48,-68,247
60362.5,35,17,202
60365.0,0,-3,356
60367.5,-10,-6,315
60370.0,4,15,325
60372.5,31,-7,279
60375.0,31,-7,279
60377.5,-6,-22,371
60380.0,11,-14,363
60382.5,-21,-33,268
60385.0,136,37,221
60387.5,32,1,287
60390.0,30,-1,327
60392.5,55,37,236
60395.0,85,32,364
60397.5,-27,-46,292
60400.0,-41,-33,354
60402.5,30,-32,189
60405.0,-95,-44,331
60407.5,13,-10,332
60410.0,39,24,326
60412.5,17,5,280
60415.0,41,22,311
60417.5,92,38,258
60420.0,0,-59,332
60422.5,20,36,245
60425.0,20,36,245
60427.5,45,9,308
60430.0,18,-16,321
60432.5,118,45,272
60435.0,63,-4,315
60437.5,65,26,279
60440.0,-1,-32,248
60442.5,-42,-23,292
60445.0,-1,-5,264
60447.5,57,-9,283
60450.0,18,22,309
60452.5,-10,-52,301
60455.0,-10,-9,373
60457.5,57,-20,312
60460.0,29,21,284
60462.5,-11,18,285
60465.0,64,49,316
60467.5,-31,1,330
60470.0,26,-2,345
60472.5,41,-33,270
60475.0,41,-33,270
60477.5,-29,-52,317
60480.0,-27,0,258
60482.5,39,-46,236
60485.0,-114,-39,325
60487.5,-8,-40,368
60490.0,-2,-20,265
60492.5,-21,-7,337
60495.0,37,9,267
60497.5,-10,-21,350
60500.0,28,-43,238
60502.5,-31,6,286
60505.0,-12,-21,325
60507.5,-4,2,295
60510.0,17,-3,341
60512.5,62,-19,307
60515.0,89,43,225
60517.5,-32,-11,347
60520.0,149,97,282
60522.5,-44,-55,332
60525.0,-44,-55,332
60527.5,-4,-14,337
60530.0,28,12,270
60532.5,35,21,332
60535.0,16,48,274
60537.5,-34,-26,216
60540.0,1,-16,325
60542.5,16,-22,283
60545.0,36,-10,287
60547.5,16,-13,387
60550.0,23,9,332
60552.5,-8,-33,322
60555.0,23,-4,258
60557.5,-29,-21,241
60560.0,-72,-22,367
60562.5,9,3,286
60565.0,16,-40,293
60567.5,16,-13,371
60570.0,11,-55,295
60572.5,-6,24,354
60575.0,-6,24,354
60577.5,-1,26,302
60580.0,9,-23,259
60582.5,22,-4,322
60585.0,49,7,290
60587.5,17,-11,263
60590.0,27,-16,371
60592.5,30,24,260
60595.0,-39,-20,307
60597.5,-28,-41,288
60600.0,36,40,204
60602.5,-26,-9,306
60605.0,17,6,251
60607.5,-13,-15,290
60610.0,-24,40,313
60612.5,1,5,314
60615.0,-7,-20,322
60617.5,5,8,288
60620.0,-21,-2,272
60622.5,-71,-15,307
60625.0,-71,-15,307
60627.5,-12,-51,298
60630.0,34,18,241
60632.5,6,-31,303
60635.0,-16,-3,269
60637.5,55,-1,346
60640.0,39,23,295
60642.5,5,-28,272
60645.0,-9,-3,297
60647.5,31,-2,266
60650.0,-4,-15,323
60652.5,-45,-27,345
60655.0,58,6,285
60657.5,-36,-23,348
60660.0,29,-10,303
60662.5,26,30,251
60665.0,-20,-29,317
60667.5,15,-1,259
60670.0,-18,-5,293
60672.5,-2,3,355
60675.0,-2,3,355
60677.5,47,-24,322
60680.0,-46,-7,370
60682.5,-45,29,329
60685.0,36,34,290
60687.5,4,-3,249
60690.0,-15,-40,242
60692.5,-11,16,273
60695.0,-57,8,361
60697.5,77,37,168
60700.0,47,15,291
60702.5,24,-33,324
60705.0,11,-43,194
60707.5,-6,-23,320
60710.0,-38,-22,315
60712.5,-15,3,216
60715.0,39,25,377
60717.5,14,1,307
60720.0,22,-35,399
60722.5,22,-35,399
60725.0,47,-15,253
60727.5,52,-4,269
60730.0,41,19,314
60732.5,-5,-15,282
60735.0,2,-2,396
60737.5,26,-10,304
60740.0,52,38,308
60742.5,-10,-23,343
60745.0,-35,-13,295
60747.5,29,-34,277
60750.0,-30,4,321
60752.5,37,-5,295
60755.0,-1,-23,296
60757.5,55,22,302
60760.0,-43,-55,274
60762.5,22,17,336
60765.0,49,-23,235
60767.5,5,4,313
60770.0,-6,-10,316
60772.5,-6,-10,316
60775.0,10,3,291
60777.5,46,-25,309
60780.0,0,-38,352
60782.5,26,29,285
60785.0,2,-26,332
60787.5,22,2,241
60790.0,15,6,235
60792.5,-27,-1,302
60795.0,12,-30,328
60797.5,-31,-28,349
60800.0,22,15,320
60802.5,-10,14,242
60805.0,-62,-18,320
60807.5,18,-9,281
60810.0,26,11,332
60812.5,-75,18,325
60815.0,-33,-76,329
60817.5,42,-12,371
60820.0,57,-10,260
60822.5,57,-10,260
60825.0,-53,-2,288
60827.5,25,-15,262
60830.0,21,-24,304
60832.5,25,-21,331
60835.0,38,2,320
60837.5,54,1,297
60840.0,11,-17,364
60842.5,114,30,245
60845.0,24,-12,279
60847.5,-1,-10,308
60850.0,56,3,299
60852.5,18,6,220
60855.0,-17,-57,274
60857.5,52,1,257
60860.0,-21,-31,408
60862.5,68,14,222
60865.0,24,-18,308
60867.5,-17,-15,377
60870.0,37,-8,283
60872.5,37,-8,283
60875.0,-31,22,258
60877.5,21,19,310
60880.0,-12,-1,290
60882.5,-120,-71,273
60885.0,-15,-39,253
60887.5,58,8,322
60890.0,-40,-47,358
60892.5,-21,29,289
60895.0,22,0,317
60897.5,86,36,302
60900.0,53,-33,223
60902.5,-13,-32,261
60905.0,117,47,255
60907.5,-36,-45,285
60910.0,26,-25,329
60912.5,-8,-4,274
60915.0,-38,-16,342
60917.5,4,63,246
60920.0,11,50,275
60922.5,11,50,275
60925.0,29,-5,294
60927.5,1,-5,276
60930.0,-4,-6,282
60932.5,0,-48,369
60935.0,8,33,264
60937.5,27,-7,380
60940.0,-30,-10,305
60942.5,17,25,243
60945.0,10,-13,324
60947.5,44,54,288
60950.0,23,-17,295
60952.5,-79,-15,291
60955.0,53,-9,323
60957.5,-5,-34,378
60960.0,14,-33,274
60962.5,-6,-27,238
60965.0,-28,-8,352
60967.5,36,-16,262
60970.0,29,0,302
60972.5,29,0,302
60975.0,33,-17,317
60977.5,64,41,300
60980.0,100,20,311
60982.5,15,-25,336
60985.0,49,18,248
60987.5,-43,-8,344
60990.0,53,40,289
60992.5,12,0,315
60995.0,35,25,339
60997.5,50,-8,266
61000.0,17,-36,349
61002.5,66,24,281
61005.0,97,-11,281
61007.5,8,22,310
61010.0,24,-10,282
61012.5,-30,7,318
61015.0,-24,-43,334
61017.5,7,-7,321
61020.0,9,-3,357
61022.5,9,-3,357
61025.0,12,1,316
61027.5,55,2,264
61030.0,-37,-19,316
61032.5,23,-22,259
61035.0,29,24,286
61037.5,-13,-8,398
61040.0,13,8,302
61042.5,4,10,348
61045.0,0,1,267
61047.5,18,12,241
61050.0,-5,-35,301
61052.5,57,5,306
61055.0,32,50,299
61057.5,-75,-23,322
61060.0,57,-1,327
61062.5,-98,-39,409
61065.0,36,-1,259
61067.5,0,-59,388
61070.0,41,-23,256
61072.5,41,-23,256
61075.0,21,-3,229
61077.5,45,15,320
61080.0,-20,-21,360
61082.5,56,-6,247
61085.0,113,6,301
61087.5,22,-10,287
61090.0,49,-7,264
61092.5,12,15,309
61095.0,-1,2,273
61097.5,-33,-2,409
61100.0,-4,-6,269
61102.5,30,11,257
61105.0,28,6,301
61107.5,8,-6,285
61110.0,40,-11,231
61112.5,12,-24,345
61115.0,44,1,311
61117.5,2,4,293
61120.0,79,11,310
61122.5,79,11,310
61125.0,54,32,244
61127.5,9,-5,364
61130.0,30,-26,238
61132.5,-13,-26,291
61135.0,-40,-12,305
61137.5,15,4,319
61140.0,-30,-3,255
61142.5,-87,-47,320
61145.0,42,21,271
61147.5,23,-3,302
61150.0,22,7,276
61152.5,33,-19,324
61155.0,70,22,325
61157.5,34,27,219
61160.0,38,-3,318
61162.5,51,7,297
61165.0,7,-7,289
61167.5,-50,-47,339
61170.0,58,57,308
61172.5,58,57,308
61175.0,19,-4,319
61177.5,1,-16,368
61180.0,57,-63,315
61182.5,-6,-10,366
61185.0,30,13,320
61187.5,42,-2,310
61190.0,-68,-30,308
61192.5,33,24,276
61195.0,18,16,271
61197.5,8,-26,339
61200.0,-10,-20,299
61202.5,-51,-47,384
61205.0,89,17,240
61207.5,82,4,277
61210.0,-10,-10,300
61212.5,64,4,306
61215.0,-23,-53,338
61217.5,80,28,351
61220.0,39,-43,305
61222.5,39,-43,305
61225.0,-29,-28,341
61227.5,101,7,225
61230.0,-10,-63,289
61232.5,39,-7,333
61235.0,-19,-47,299
61237.5,33,7,331
61240.0,94,15,290
61242.5,55,10,216
61245.0,44,12,326
61247.5,53,13,271
61250.0,3,23,309
61252.5,22,-29,387
61255.0,33,10,357
61257.5,-10,15,319
61260.0,-13,-30,334
61262.5,24,-11,247
61265.0,-9,-18,345
61267.5,67,0,299
61270.0,-54,-15,293
61272.5,-54,-15,293
61275.0,-26,-95,224
61277.5,50,26,326
61280.0,8,-21,302
61282.5,94,48,223
61285.0,9,-42,270
61287.5,-75,-11,300
61290.0,6,49,255
61292.5,39,-11,334
61295.0,-40,4,311
61297.5,14,-6,282
61300.0,-41,-40,372
61302.5,53,-29,332
61305.0,-41,-33,258
61307.5,-39,-8,288
61310.0,12,-9,303
61312.5,-12,-20,325
61315.0,-62,-11,330
61317.5,49,-51,321
61320.0,-16,-20,327
61322.5,-16,-20,327
61325.0,19,3,278
61327.5,57,-22,269
61330.0,-17,-5,315
61332.5,45,9,308
61335.0,-39,-4,235
61337.5,8,4,360
61340.0,17,-25,315
61342.5,40,4,330
61345.0,26,-13,246
61347.5,136,27,241
61350.0,17,-49,337
61352.5,18,5,250
61355.0,44,-16,314
61357.5,65,-30,368
61360.0,-28,-21,298
61362.5,-40,-17,350
61365.0,-9,-51,299
61367.5,22,2,293
61370.0,0,-2,291
61372.5,0,-2,291
61375.0,11,-13,285
61377.5,24,29,304
61380.0,-59,-12,324
61382.5,18,-2,326
61385.0,29,-20,364
61387.5,10,-6,291
61390.0,29,28,263
61392.5,0,-31,337
61395.0,18,32,248
61397.5,25,7,318
61400.0,19,-20,408
61402.5,50,0,312
61405.0,-17,-2,348
61407.5,17,-20,296
61410.0,27,-3,272
61412.5,-97,-5,333
61415.0,-71,-11,306
61417.5,-32,-22,380
61420.0,8,50,445
61422.5,8,50,445
61425.0,3,-30,288
61427.5,-75,-69,371
61430.0,27,11,274
61432.5,120,9,280
61435.0,64,-11,220
61437.5,44,-9,319
61440.0,-8,3,370
61442.5,-3,-32,354
61445.0,9,-41,357
61447.5,-25,-40,359
61450.0,67,-3,163
61452.5,115,-27,275
61455.0,-24,-20,250
61457.5,15,-15,315
61460.0,4,-22,353
61462.5,62,-27,325
61465.0,-40,-13,357
61467.5,62,-14,254
61470.0,62,-14,254
61472.5,-55,-2,231
61475.0,-15,-22,210
61477.5,-1,28,306
61480.0,41,13,328
61482.5,16,-15,311
61485.0,49,10,367
61487.5,39,-29,381
61490.0,-42,-85,323
61492.5,-19,15,256
61495.0,38,38,408
61497.5,70,0,355
61500.0,25,-16,329
61502.5,12,20,272
61505.0,12,-7,302
61507.5,-19,-14,281
61510.0,-53,-21,274
61512.5,22,-3,260
61515.0,-10,-2,326
61517.5,-8,-48,315
61520.0,-8,-48,315
61522.5,94,-21,316
61525.0,8,-43,373
61527.5,1,-8,243
61530.0,-7,14,226
61532.5,-28,-23,288
61535.0,-37,-52,273
61537.5,46,-14,348
61540.0,9,-24,328
61542.5,-15,-8,360
61545.0,-88,-72,378
61547.5,4,-7,247
61550.0,6,41,331
61552.5,-27,-14,272
61555.0,9,5,293
61557.5,-10,18,310
61560.0,18,5,356
61562.5,-16,-6,300
61565.0,-1,-19,370
61567.5,3,-30,270
61570.0,3,-30,270
61572.5,81,13,255
61575.0,24,-21,327
61577.5,32,22,312
61580.0,5,10,325
61582.5,-8,27,318
61585.0,1,8,251
61587.5,-48,12,309
61590.0,-51,-8,273
61592.5,-48,13,334
61595.0,41,23,383
61597.5,5,-12,333
61600.0,50,-53,305
61602.5,62,-50,311
61605.0,41,5,314
61607.5,-4,-3,254
61610.0,29,1,257
61612.5,12,10,349
61615.0,-23,-19,380
61617.5,71,-39,254
61620.0,71,-39,254
61622.5,42,-6,350
61625.0,24,-14,289
61627.5,26,-53,258
61630.0,29,-17,323
61632.5,17,-5,269
61635.0,-11,-11,268
61637.5,16,24,343
61640.0,25,10,269
61642.5,57,-50,361
61645.0,37,-11,275
61647.5,4,18,227
61650.0,-37,-17,332
61652.5,48,0,312
61655.0,-20,9,272
61657.5,-36,9,334
61660.0,-29,6,243
61662.5,4,-10,364
61665.0,18,25,227
61667.5,19,19,278
61670.0,19,19,278
61672.5,-18,-17,402
61675.0,-14,-30,401
61677.5,-30,-32,312
61680.0,3,-43,314
61682.5,-12,32,253
61685.0,-27,-8,310
61687.5,-86,-25,306
61690.0,16,0,347
61692.5,-23,-13,331
61695.0,38,3,289
61697.5,-36,-15,305
61700.0,-43,0,275
61702.5,7,17,257
61705.0,-25,-32,328
61707.5,-42,-16,240
61710.0,2,-22,267
61712.5,19,-25,311
61715.0,-9,-28,341
61717.5,26,-59,318
61720.0,26,-59,318
61722.5,46,-25,336
61725.0,26,-2,239
61727.5,43,-12,357
61730.0,-3,-26,294
61732.5,38,9,356
61735.0,21,-21,306
61737.5,9,7,278
61740.0,-20,-34,304
61742.5,39,-16,344
61745.0,83,-32,275
61747.5,-40,-22,344
61750.0,-2,-21,301
61752.5,-35,-4,291
61755.0,-21,-18,264
61757.5,58,38,279
61760.0,26,4,298
61762.5,41,-27,373
61765.0,13,3,260
61767.5,-24,10,350
61770.0,-24,10,350
61772.5,54,-35,290
61775.0,-1,-31,277
61777.5,-5,-17,305
61780.0,9,6,251
61782.5,5,46,379
61785.0,-53,12,336
61787.5,-65,-2,380
61790.0,-80,-87,474
61792.5,-36,-2,273
61795.0,49,82,309
61797.5,-58,-26,280
61800.0,5,-14,268
61802.5,-57,-28,230
61805.0,53,62,299
61807.5,17,-56,320
61810.0,-3,15,346
61812.5,-10,-16,239
61815.0,-55,-28,306
61817.5,20,-23,323
61820.0,20,-23,323
61822.5,-35,-3,344
61825.0,36,-13,360
61827.5,33,28,277
61830.0,26,-3,353
61832.5,-13,-18,334
61835.0,19,-14,257
61837.5,38,-4,269
61840.0,-22,22,299
61842.5,122,5,270
61845.0,55,2,294
61847.5,20,22,252
61850.0,76,20,206
61852.5,-115,-40,377
61855.0,26,-65,244
61857.5,-10,2,294
61860.0,42,6,328
61862.5,62,-8,426
61865.0,72,13,297
61867.5,18,-13,280
61870.0,18,-13,280
61872.5,41,11,211
61875.0,37,-28,307
61877.5,32,10,298
61880.0,6,5,234
61882.5,-18,-17,357
61885.0,103,67,260
61887.5,-16,2,310
61890.0,12,8,304
61892.5,-17,-18,339
61895.0,7,-12,345
61897.5,38,3,289
61900.0,7,-10,307
61902.5,-5,-16,309
61905.0,25,22,311
61907.5,-39,-63,351
61910.0,-3,-27,301
61912.5,41,14,303
61915.0,-56,1,255
61917.5,-16,-20,280
61920.0,-16,-20,280
61922.5,7,-1,314
61925.0,46,-15,366
61927.5,8,-14,246
61930.0,-11,-42,368
61932.5,1,-14,234
61935.0,59,-15,288
61937.5,-59,-22,310
61940.0,52,19,288
61942.5,-41,0,306
61945.0,54,-25,339
61947.5,24,8,232
61950.0,-28,-25,314
61952.5,-2,-11,194
61955.0,-28,31,287
61957.5,29,24,296
61960.0,-5,-33,378
61962.5,-61,-43,274
61965.0,-6,-3,264
61967.5,-6,-3,264
61970.0,-17,-6,249
61972.5,-36,-24,315
61975.0,-4,22,284
61977.5,9,0,307
61980.0,-19,-9,373
61982.5,36,-45,306
61985.0,-28,-7,412
61987.5,21,-13,319
61990.0,29,-31,259
61992.5,4,4,287
61995.0,56,3,283
61997.5,10,-14,327
62000.0,9,-1,314
62002.5,51,-14,252
62005.0,14,8,362
62007.5,-12,50,181
62010.0,-54,-22,240
62012.5,8,46,278
62015.0,27,-21,346
62017.5,27,-21,346
62020.0,-35,-48,284
62022.5,20,-40,359
62025.0,-12,5,212
62027.5,-2,-43,439
62030.0,21,-15,307
62032.5,9,21,274
62035.0,-17,-5,310
62037.5,18,-19,310
62040.0,-13,-2,288
62042.5,54,2,292
62045.0,52,-6,263
62047.5,-36,-22,356
62050.0,38,20,260
62052.5,-44,-13,308
62055.0,76,-53,337
62057.5,4,8,267
62060.0,-46,3,287
62062.5,-60,-24,354
62065.0,12,6,326
62067.5,12,6,326
62070.0,43,16,340
62072.5,13,-37,251
62075.0,-35,-29,297
62077.5,-32,19,302
62080.0,36,15,302
62082.5,56,15,327
62085.0,26,-32,284
62087.5,76,-9,219
62090.0,-4,-39,316
62092.5,60,0,279
62095.0,-19,-1,270
62097.5,3,-37,319
62100.0,28,34,306
62102.5,-14,-3,345
62105.0,24,-8,355
62107.5,34,-22,315
62110.0,17,-2,355
62112.5,-30,5,235
62115.0,-19,-21,314
62117.5,-19,-21,314
62120.0,28,-16,309
62122.5,20,-2,296
62125.0,-14,-2,285
62127.5,42,0,332
62130.0,39,-37,313
62132.5,-21,-3,343
62135.0,29,0,245
62137.5,3,-24,312
62140.0,-6,-14,294
62142.5,23,1,277
62145.0,30,-37,325
62147.5,45,20,335
62150.0,-52,-58,310
62152.5,48,-28,305
62155.0,20,-20,271
62157.5,-9,-29,402
62160.0,-3,-1,343
62162.5,68,5,260
62165.0,67,10,273
62167.5,67,10,273
62170.0,39,12,366
62172.5,17,-56,410
62175.0,-11,-38,247
62177.5,21,-42,281
62180.0,87,-29,243
62182.5,-29,-40,344
62185.0,23,9,336
62187.5,-6,26,385
62190.0,19,-5,324
62192.5,100,49,284
62195.0,-3,-15,328
62197.5,-5,-13,254
62200.0,43,6,309
62202.5,-64,-22,323
62205.0,35,28,273
62207.5,1,-26,295
62210.0,69,16,266
62212.5,66,22,230
62215.0,-35,-51,325
62217.5,-35,-51,325
62220.0,49,-2,304
62222.5,-24,-12,330
62225.0,-17,-26,411
62227.5,65,-2,354
62230.0,-10,-34,314
62232.5,50,-36,330
62235.0,13,24,222
62237.5,-29,1,339
62240.0,-9,-34,246
62242.5,23,6,308
62245.0,8,-27,332
62247.5,32,-6,252
62250.0,-59,-32,343
62252.5,-11,-21,226
62255.0,8,13,289
62257.5,18,3,282
62260.0,65,25,361
62262.5,-40,-56,296
62265.0,57,20,325
62267.5,57,20,325
62270.0,18,-16,252
62272.5,-56,-6,317
62275.0,62,11,240
62277.5,21,-3,301
62280.0,-10,0,323
62282.5,62,9,339
62285.0,59,-7,356
62287.5,25,-33,377
62290.0,19,-9,292
62292.5,-20,-12,320
62295.0,81,-2,246
62297.5,-12,7,285
62300.0,13,-8,274
62302.5,22,13,294
62305.0,-13,-45,306
62307.5,-13,-15,274
62310.0,56,17,230
62312.5,-40,-51,311
62315.0,54,6,250
62317.5,54,6,250
62320.0,4,-25,314
62322.5,-58,-22,328
62325.0,45,6,321
62327.5,-26,-43,324
62330.0,-67,-43,314
62332.5,53,-18,268
62335.0,-43,-5,243
62337.5,14,-6,247
62340.0,29,22,340
62342.5,9,-28,406
62345.0,-16,-42,276
62347.5,-53,-35,395
62350.0,30,1,296
62352.5,29,-18,315
62355.0,9,-11,275
62357.5,-20,-4,294
62360.0,-22,5,328
62362.5,0,-44,381
62365.0,33,-23,245
62367.5,33,-23,245
62370.0,3,-29,320
62372.5,-8,-40,287
62375.0,-43,-5,304
62377.5,-25,5,314
62380.0,39,13,256
62382.5,35,-46,365
62385.0,22,-40,343
62387.5,30,-28,257
62390.0,-40,-43,349
62392.5,28,-16,264
62395.0,65,60,350
62397.5,-30,-48,314
62400.0,10,34,313
62402.5,0,7,314
62405.0,-47,-8,309
62407.5,39,10,306
62410.0,-20,-1,345
62412.5,6,0,246
62415.0,23,5,336
62417.5,23,5,336
62420.0,-25,-20,327
62422.5,59,-12,294
62425.0,45,19,308
62427.5,27,-34,312
62430.0,12,-34,288
62432.5,-19,-13,372
62435.0,13,-20,263
62437.5,79,26,340
62440.0,-44,-61,344
62442.5,-8,5,282
62445.0,-69,-13,306
62447.5,-15,-28,289
62450.0,-1,21,228
62452.5,-55,-31,337
62455.0,-33,1,273
62457.5,66,4,243
62460.0,27,-8,285
62462.5,58,-8,267
62465.0,-71,-36,323
62467.5,-71,-36,323
62470.0,17,-13,326
62472.5,23,6,266
62475.0,0,-30,293
62477.5,45,30,243
62480.0,55,-9,305
62482.5,-26,1,281
62485.0,34,8,297
62487.5,-32,-18,319
62490.0,-29,-43,346
62492.5,-9,-5,277
62495.0,25,16,328
62497.5,-6,-6,271
62500.0,-18,-8,285
62502.5,-21,-8,322
62505.0,76,36,282
62507.5,2,-40,308
62510.0,22,6,331
62512.5,62,55,261
62515.0,62,55,261
62517.5,2,-69,367
62520.0,-28,-1,153
62522.5,48,11,255
62525.0,-4,44,292
62527.5,57,26,456
62530.0,4,-15,349
62532.5,22,-15,317
62535.0,45,45,205
62537.5,-44,-21,326
62540.0,44,34,194
62542.5,33,-11,246
62545.0,21,18,335
62547.5,15,-9,408
62550.0,-19,-23,302
62552.5,27,-21,309
62555.0,-11,-26,349
62557.5,66,5,281
62560.0,47,41,260
62562.5,24,6,271
62565.0,24,6,271
62567.5,-49,-56,354
62570.0,55,10,230
62572.5,-95,-83,288
62575.0,-33,-69,310
62577.5,11,-3,255
62580.0,13,1,288
62582.5,32,6,280
62585.0,74,9,385
62587.5,0,52,296
62590.0,55,-6,444
62592.5,47,23,296
62595.0,0,8,386
62597.5,-10,-2,262
62600.0,-45,-25,264
62602.5,59,26,312
62605.0,-1,-6,314
62607.5,-6,8,319
62610.0,52,-4,246
62612.5,1,-6,393
62615.0,1,-6,393
62617.5,60,22,204
62620.0,30,-5,253
62622.5,-29,-40,247
62625.0,-10,25,304
62627.5,-43,-26,328
62630.0,62,-33,323
62632.5,16,-9,321
62635.0,-1,14,396
62637.5,44,-28,269
62640.0,45,3,308
62642.5,-10,-23,299
62645.0,41,20,339
62647.5,-14,-20,352
62650.0,37,-28,362
62652.5,54,14,221
62655.0,10,-2,288
62657.5,79,14,238
62660.0,29,-30,304
62662.5,-7,-46,334
62665.0,-7,-46,334
62667.5,39,10,286
62670.0,-24,-4,307
62672.5,70,27,312
62675.0,41,-3,278
62677.5,10,-7,304
62680.0,23,24,257
62682.5,15,-8,298
62685.0,-22,1,326
62687.5,159,39,350
62690.0,-21,-60,368
62692.5,-38,-51,275
62695.0,13,-19,328
62697.5,-31,-24,395
62700.0,66,19,290
62702.5,-32,-30,250
62705.0,-7,-43,419
62707.5,12,-23,325
62710.0,-43,4,371
62712.5,75,0,222
62715.0,75,0,222
62717.5,57,-3,278
62720.0,20,6,295
62722.5,45,28,280
62725.0,8,-5,335
62727.5,-5,-2,355
62730.0,38,-12,333
62732.5,57,35,353
62735.0,6,19,229
62737.5,39,2,245
62740.0,14,-24,362
62742.5,47,22,371
62745.0,-16,-37,311
62747.5,104,-6,330
62750.0,-1,7,295
62752.5,-43,-14,376
62755.0,25,29,282
62757.5,-43,-13,295
62760.0,-47,-16,294
62762.5,-48,13,307
62765.0,-48,13,307
62767.5,-18,-28,279
62770.0,13,53,298
62772.5,56,0,280
62775.0,-5,9,323
62777.5,-81,-20,275
62780.0,23,-13,302
62782.5,-21,-18,332
62785.0,58,21,285
62787.5,-15,-8,327
62790.0,-10,-43,334
62792.5,-40,24,248
62795.0,-32,7,342
62797.5,30,-25,281
62800.0,-44,-26,320
62802.5,-10,5,301
62805.0,22,-18,328
62807.5,14,-35,367
62810.0,22,-4,389
62812.5,81,-32,299
62815.0,81,-32,299
62817.5,-68,-15,345
62820.0,32,-69,303
62822.5,28,-53,333
62825.0,29,7,311
62827.5,54,-13,309
62830.0,13,0,301
62832.5,-35,-17,342
62835.0,-28,-11,274
62837.5,-2,-53,340
62840.0,34,-27,229
62842.5,66,-13,293
62845.0,29,-10,350
62847.5,54,-14,321
62850.0,-23,-37,320
62852.5,5,14,334
62855.0,-23,-2,247
62857.5,-19,-25,329
62860.0,42,15,252
62862.5,-47,-16,247
62865.0,-47,-16,247
62867.5,-6,-22,279
62870.0,-5,19,329
62872.5,65,-26,315
62875.0,4,3,330
62877.5,8,-8,296
62880.0,-7,-28,342
62882.5,79,8,230
62885.0,103,-23,318
62887.5,89,97,263
62890.0,36,28,277
62892.5,31,-2,274
62895.0,68,36,341
62897.5,20,20,244
62900.0,-84,-46,375
62902.5,41,-14,207
62905.0,11,2,312
62907.5,57,6,398
62910.0,35,8,133
62912.5,36,-51,408
62915.0,36,-51,408
62917.5,43,29,273
62920.0,95,-10,335
62922.5,-41,-17,341
62925.0,16,6,281
62927.5,58,44,282
62930.0,-31,-27,351
62932.5,19,-10,287
62935.0,15,5,311
62937.5,28,-13,268
62940.0,6,-39,286
62942.5,10,-19,321
62945.0,91,1,285
62947.5,3,-30,310
62950.0,-22,31,296
62952.5,24,-11,401
62955.0,-47,6,277
62957.5,-47,-33,401
62960.0,-4,3,259
62962.5,-69,-11,309
62965.0,-69,-11,309
62967.5,7,9,300
62970.0,51,17,280
62972.5,-5,-34,320
62975.0,10,1,312
62977.5,-2,-23,318
62980.0,46,9,291
62982.5,12,-34,179
62985.0,35,-14,278
62987.5,59,39,268
62990.0,22,3,271
62992.5,-77,-53,353
62995.0,-37,9,289
62997.5,9,-45,371
63000.0,32,21,250
63002.5,82,19,282
63005.0,7,-8,305
63007.5,47,1,310
63010.0,-71,-44,301
63012.5,-71,-44,301
63015.0,-39,-22,278
63017.5,13,-7,291
63020.0,-36,-35,353
63022.5,-1,-35,226
63025.0,13,-22,291
63027.5,38,-4,270
63030.0,60,-8,268
63032.5,-52,-37,310
63035.0,-36,-38,315
63037.5,5,-23,293
63040.0,-15,-12,326
63042.5,32,23,257
63045.0,-22,-10,297
63047.5,-11,-10,321
63050.0,48,-8,305
63052.5,-16,-11,348
63055.0,67,1,302
63057.5,67,-49,248
63060.0,7,-33,293
63062.5,7,-33,293
63065.0,76,14,245
63067.5,64,-58,369
63070.0,4,11,347
63072.5,75,8,268
63075.0,-74,-46,342
63077.5,-29,-59,343
63080.0,-30,-4,319
63082.5,-10,-16,226
63085.0,62,-14,302
63087.5,34,-6,270
63090.0,73,-34,364
63092.5,58,-34,281
63095.0,-53,-14,334
63097.5,-3,3,210
63100.0,-7,29,274
63102.5,3,-3,261
63105.0,41,-4,282
63107.5,15,-4,296
63110.0,-34,5,353
63112.5,-34,5,353
63115.0,8,11,231
63117.5,51,-9,375
63120.0,-6,-17,280
63122.5,-32,7,260
63125.0,15,1,337
63127.5,35,6,342
63130.0,24,-68,299
63132.5,-47,-58,327
63135.0,30,-23,275
63137.5,-34,-14,343
63140.0,9,-32,286
63142.5,11,-11,273
63145.0,-10,24,309
63147.5,5,1,330
63150.0,-29,-24,296
63152.5,5,10,290
63155.0,59,-20,235
63157.5,14,-2,301
63160.0,185,-9,215
63162.5,185,-9,215
63165.0,11,-4,227
63167.5,-29,19,316
63170.0,35,-1,287
63172.5,-15,-41,368
63175.0,50,42,272
63177.5,64,-9,262
63180.0,65,-4,324
63182.5,118,16,281
63185.0,-65,-17,291
63187.5,-34,-12,310
63190.0,43,-26,293
63192.5,-72,-24,305
63195.0,63,-17,373
63197.5,15,2,298
63200.0,-65,-29,367
63202.5,43,-56,315
63205.0,-24,-3,294
63207.5,6,-5,314
63210.0,-2,-55,371
63212.5,-2,-55,371
63215.0,-31,-14,339
63217.5,11,12,317
63220.0,29,9,298
63222.5,-29,-31,380
63225.0,73,37,236
63227.5,-31,44,312
63230.0,9,-22,315
63232.5,24,-15,259
63235.0,-9,1,311
63237.5,-4,-60,337
63240.0,61,-10,282
63242.5,-58,-4,366
63245.0,65,25,221
63247.5,6,3,268
63250.0,17,-13,306
63252.5,4,-13,344
63255.0,-12,15,379
63257.5,-87,-16,285
63260.0,31,-21,300
63262.5,31,-21,300
63265.0,-65,-20,365
63267.5,59,25,261
63270.0,-5,-4,320
63272.5,-24,16,287
63275.0,10,-13,308
63277.5,51,-12,331
63280.0,-71,-56,268
63282.5,-6,-17,272
63285.0,3,-40,404
63287.5,90,-15,254
63290.0,0,-17,295
63292.5,77,-44,353
63295.0,57,-3,278
63297.5,-46,-33,361
63300.0,-4,-25,303
63302.5,28,-5,280
63305.0,33,1,355
63307.5,23,2,270
63310.0,20,-12,265
63312.5,20,-12,265
63315.0,-5,-9,367
63317.5,44,11,261
63320.0,19,-27,336
63322.5,29,-7,407
63325.0,34,29,198
63327.5,-51,-47,328
63330.0,18,32,218
63332.5,3,9,348
63335.0,23,-2,387
63337.5,24,-57,289
63340.0,-38,9,282
63342.5,37,2,299
63345.0,55,19,229
63347.5,8,-10,314
63350.0,18,-6,362
63352.5,34,18,296
63355.0,-59,-18,272
63357.5,51,-17,255
63360.0,-40,-51,410
63362.5,-40,-51,410
63365.0,-11,-25,323
63367.5,71,-8,278
63370.0,68,0,233
63372.5,-6,-24,318
63375.0,-19,-14,296
63377.5,6,-53,291
63380.0,97,33,296
63382.5,-24,-25,337
63385.0,32,-25,263
63387.5,11,-32,254
63390.0,13,0,273
63392.5,-24,2,328
63395.0,21,4,339
63397.5,14,-17,359
63400.0,53,-12,281
63402.5,-43,-40,364
63405.0,1,26,261
63407.5,6,-6,285
63410.0,-54,-29,327
63412.5,-54,-29,327
63415.0,-37,21,285
63417.5,-24,-34,325
63420.0,15,-52,302
63422.5,-38,1,245
63425.0,-7,-23,352
63427.5,11,33,203
63430.0,-17,-12,331
63432.5,-10,-32,315
63435.0,-57,-59,267
63437.5,31,7,295
63440.0,-5,4,275
63442.5,77,-11,257
63445.0,33,-39,278
63447.5,54,-18,295
63450.0,-5,-53,265
63452.5,44,-29,393
63455.0,0,27,287
63457.5,-23,11,355
63460.0,17,6,246
63462.5,17,6,246
63465.0,44,0,263
63467.5,65,-1,290
63470.0,103,41,266
63472.5,25,-25,271
63475.0,66,-5,322
63477.5,47,8,254
63480.0,-35,-4,406
63482.5,77,-13,265
63485.0,-10,-7,225
63487.5,-4,20,360
63490.0,27,46,316
63492.5,5,-29,271
63495.0,-41,-34,316
63497.5,127,46,232
63500.0,-56,10,420
63502.5,31,-31,313
63505.0,23,12,293
63507.5,4,-29,363
63510.0,32,46,321
63512.5,32,46,321
63515.0,36,-5,295
63517.5,-42,-8,277
63520.0,-38,-3,261
63522.5,-27,-49,362
63525.0,-25,-51,289
63527.5,57,5,292
63530.0,40,-11,317
63532.5,36,5,306
63535.0,-42,2,278
63537.5,-17,-31,341
63540.0,21,-12,290
63542.5,-33,-10,326
63545.0,-30,-24,288
63547.5,15,-38,328
63550.0,21,-16,327
63552.5,20,0,267
63555.0,-91,-16,295
63557.5,33,-21,385
63560.0,26,-15,306
63562.5,26,-15,306
63565.0,-51,-35,324
63567.5,76,18,264
63570.0,-5,-13,312
63572.5,-5,14,288
63575.0,50,28,292
63577.5,-51,1,320
63580.0,40,7,377
63582.5,57,-2,296
63585.0,-53,-36,340
63587.5,105,22,253
63590.0,8,10,266
63592.5,2,23,314
63595.0,35,34,296
63597.5,-61,-44,334
63600.0,6,0,335
63602.5,39,-31,314
63605.0,-20,-3,340
63607.5,51,-1,244
63610.0,51,-1,244
63612.5,7,24,248
63615.0,-46,-24,302
63617.5,82,23,286
63620.0,-17,9,321
63622.5,85,8,389
63625.0,-21,-3,317
63627.5,33,21,335
63630.0,45,-15,205
63632.5,-7,-31,347
63635.0,-51,-15,394
63637.5,-5,-8,319
63640.0,1,-32,312
63642.5,-9,24,330
63645.0,54,-3,386
63647.5,-26,-30,236
63650.0,-93,-49,262
63652.5,3,25,291
63655.0,-4,20,320
63657.5,-9,-11,323
63660.0,-9,-11,323
63662.5,-80,-2,348
63665.0,82,49,219
63667.5,37,-33,308
63670.0,-6,-9,279
63672.5,24,28,271
63675.0,28,22,262
63677.5,-86,-120,299
63680.0,-23,19,375
63682.5,17,3,337
63685.0,14,-20,336
63687.5,110,-2,253
63690.0,16,31,253
63692.5,58,17,234
63695.0,90,-30,373
63697.5,-60,-47,363
63700.0,53,23,418
63702.5,37,17,319
63705.0,4,-34,258
63707.5,55,-7,316
63710.0,55,-7,316
63712.5,0,-38,283
63715.0,-59,-40,291
63717.5,-33,-23,310
63720.0,38,-6,332
63722.5,-9,-22,296
63725.0,-46,-51,387
63727.5,-13,-24,237
63730.0,48,12,294
63732.5,-65,-18,329
63735.0,12,10,315
63737.5,-12,1,321
63740.0,-35,-7,327
63742.5,104,15,256
63745.0,44,14,339
63747.5,0,14,263
63750.0,46,-3,290
63752.5,6,0,290
63755.0,45,-19,334
63757.5,2,-76,331
63760.0,2,-76,331
63762.5,36,6,313
63765.0,8,-1,295
63767.5,-11,-19,325
63770.0,-24,-32,297
63772.5,19,-12,294
63775.0,27,5,344
63777.5,31,-3,284
63780.0,-56,-30,329
63782.5,30,2,313
63785.0,-16,-53,258
63787.5,47,11,325
63790.0,75,3,287
63792.5,4,-18,310
63795.0,17,-22,360
63797.5,20,-30,271
63800.0,25,22,345
63802.5,9,-16,325
63805.0,28,-5,291
63807.5,12,-5,227
63810.0,12,-5,227
63812.5,-2,-6,328
63815.0,-28,-39,343
63817.5,1,6,343
63820.0,66,36,227
63822.5,10,25,389
63825.0,16,12,256
63827.5,1,-13,245
63830.0,9,-27,283
63832.5,78,-6,372
63835.0,64,-13,306
63837.5,45,-34,306
63840.0,-47,-14,257
63842.5,-24,-16,349
63845.0,-3,23,242
63847.5,23,1,303
63850.0,-21,23,312
63852.5,-56,8,337
63855.0,-85,-31,320
63857.5,-12,-26,277
63860.0,-12,-26,277
63862.5,17,11,233
63865.0,-1,-39,328
63867.5,67,28,297
63870.0,-61,-42,332
63872.5,26,4,325
63875.0,40,11,283
63877.5,-56,-15,291
63880.0,33,20,238
63882.5,90,-39,300
63885.0,9,-2,312
63887.5,17,-13,288
63890.0,-22,-15,323
63892.5,22,-1,340
63895.0,-18,14,281
63897.5,46,-21,294
63900.0,-37,-37,298
63902.5,5,-9,252
63905.0,-30,2,340
63907.5,25,4,289
63910.0,25,4,289
63912.5,-5,-18,305
63915.0,62,-45,308
63917.5,29,-9,250
63920.0,29,-16,356
63922.5,-21,0,295
63925.0,-38,15,224
63927.5,4,6,370
63930.0,57,-55,337
63932.5,37,-2,301
63935.0,39,-2,365
63937.5,58,22,303
63940.0,8,15,343
63942.5,-11,-17,344
63945.0,-11,-27,255
63947.5,-76,-21,319
63950.0,-39,-38,243
63952.5,-3,0,297
63955.0,-15,-20,336
63957.5,26,-1,289
63960.0,26,-1,289
63962.5,-40,-26,337
63965.0,71,11,281
63967.5,43,-1,241
63970.0,-2,-50,315
63972.5,57,27,261
63975.0,-21,-28,312
63977.5,-30,-34,367
63980.0,29,19,300
63982.5,-36,-13,331
63985.0,-18,-32,288
63987.5,59,-5,236
63990.0,-41,-20,303
63992.5,39,30,273
63995.0,44,-21,350
63997.5,-9,-56,246
64000.0,40,-6,301
64002.5,-13,-15,379
64005.0,23,-14,296
64007.5,102,-4,218
64010.0,102,-4,218
64012.5,31,-11,283
64015.0,18,43,309
64017.5,24,-26,243
64020.0,-63,6,372
64022.5,23,22,299
64025.0,-36,-21,337
64027.5,5,-62,278
64030.0,-56,-6,300
64032.5,-2,5,291
64035.0,-8,-15,294
64037.5,89,56,325
64040.0,19,-38,378
64042.5,85,46,305
64045.0,-89,-28,277
64047.5,6,-4,260
64050.0,-1,-16,245
64052.5,-12,-12,320
64055.0,19,-9,355
64057.5,-60,-32,404
64060.0,-60,-32,404
64062.5,10,-29,332
64065.0,-10,6,299
64067.5,-53,-37,314
64070.0,-26,-4,289
64072.5,51,-26,260
64075.0,66,16,236
64077.5,38,4,322
64080.0,55,24,297
64082.5,-9,-76,341
64085.0,-8,-14,239
64087.5,-103,-37,304
64090.0,2,-12,264
64092.5,-22,-64,306
64095.0,0,-28,349
64097.5,60,17,306
64100.0,-10,-35,356
64102.5,60,39,300
64105.0,66,14,307
64107.5,57,16,314
64110.0,57,16,314
64112.5,-3,16,303
64115.0,20,4,266
64117.5,-66,23,294
64120.0,-21,1,306
64122.5,1,-7,377
64125.0,-13,-45,305
64127.5,48,5,323
64130.0,1,-8,317
64132.5,1,-1,292
64135.0,6,18,311
64137.5,-13,1,302
64140.0,-24,-28,302
64142.5,-13,0,348
64145.0,92,24,256
64147.5,-16,-23,318
64150.0,-14,-13,312
64152.5,75,21,294
64155.0,-54,-29,323
64157.5,59,-29,323
64160.0,59,-29,323
64162.5,19,-9,307
64165.0,14,2,355
64167.5,47,12,312
64170.0,-30,34,320
64172.5,-21,-1,272
64175.0,20,3,300
64177.5,-22,-16,265
64180.0,2,13,342
64182.5,14,-2,254
64185.0,-11,-25,321
64187.5,-4,-19,277
64190.0,-6,-11,317
64192.5,-18,-18,388
64195.0,-47,-53,370
64197.5,-39,-13,320
64200.0,0,1,244
64202.5,18,14,191
64205.0,37,30,308
64207.5,37,30,308
64210.0,6,17,267
64212.5,-13,0,286
64215.0,14,-11,372
64217.5,57,1,308
64220.0,-108,-41,311
64222.5,2,5,311
64225.0,-19,0,284
64227.5,-16,-16,332
64230.0,22,4,311
64232.5,5,19,306
64235.0,64,-4,347
64237.5,50,-12,290
64240.0,0,-2,315
64242.5,24,18,251
64245.0,83,-15,278
64247.5,9,-2,256
64250.0,73,-7,170
64252.5,41,26,277
64255.0,35,-45,382
64257.5,35,-45,382
64260.0,33,-33,297
64262.5,-29,-30,325
64265.0,93,13,374
64267.5,21,-47,299
64270.0,-40,-28,277
64272.5,19,17,272
64275.0,12,-26,338
64277.5,-4,-47,337
64280.0,-33,16,273
64282.5,-20,-21,345
64285.0,-38,-31,248
64287.5,31,-15,273
64290.0,-1,1,324
64292.5,48,1,288
64295.0,9,12,311
64297.5,-28,-5,372
64300.0,82,28,260
64302.5,-34,-44,346
64305.0,23,-30,276
64307.5,23,-30,276
64310.0,-24,20,304
64312.5,13,-7,300
64315.0,-16,-24,305
64317.5,-17,-2,293
64320.0,47,-16,356
64322.5,64,12,274
64325.0,-7,-33,360
64327.5,-26,-20,241
64330.0,-36,25,270
64332.5,15,-7,317
64335.0,72,21,298
64337.5,2,-1,351
64340.0,35,-46,357
64342.5,27,19,271
64345.0,53,-10,335
64347.5,20,-33,237
64350.0,58,5,255
64352.5,-5,-14,283
64355.0,48,3,326
64357.5,48,3,326
64360.0,2,-13,263
64362.5,4,43,285
64365.0,61,19,346
64367.5,-7,-57,283
64370.0,-47,-74,355
64372.5,87,15,307
64375.0,36,12,312
64377.5,32,-24,277
64380.0,3,-10,302
64382.5,-152,-91,364
64385.0,40,25,259
64387.5,-31,-45,394
64390.0,-7,-25,219
64392.5,-4,-8,235
64395.0,-9,-23,322
64397.5,19,-18,363
64400.0,-25,-20,237
64402.5,63,22,317
64405.0,77,-24,337
64407.5,77,-24,337
64410.0,0,20,325
64412.5,15,-23,221
64415.0,-49,-3,237
64417.5,-19,-32,376
64420.0,23,26,367
64422.5,-16,-23,392
64425.0,-81,-20,316
64427.5,27,-8,235
64430.0,-69,-24,282
64432.5,-2,-17,193
64435.0,28,-30,272
64437.5,-11,9,316
64440.0,80,7,280
64442.5,1,-42,311
64445.0,19,-8,339
64447.5,21,1,300
64450.0,31,10,338
64452.5,18,-17,274
64455.0,55,-19,320
64457.5,55,-19,320
64460.0,14,-12,354
64462.5,38,-5,297
64465.0,-5,11,318
64467.5,-10,9,321
64470.0,34,3,236
64472.5,80,24,298
64475.0,48,21,304
64477.5,-30,-27,287
64480.0,50,6,381
64482.5,-9,-7,311
64485.0,-35,-71,441
64487.5,55,32,232
64490.0,-48,-42,285
64492.5,67,0,279
64495.0,-28,-15,289
64497.5,13,21,267
64500.0,72,22,324
64502.5,62,27,243
64505.0,-25,-23,367
64507.5,-25,-23,367
64510.0,62,-31,248
64512.5,38,16,321
64515.0,-37,7,340
64517.5,48,-24,341
64520.0,-25,-14,322
64522.5,-2,-63,324
64525.0,74,33,288
64527.5,0,-2,362
64530.0,87,12,250
64532.5,68,52,280
64535.0,-2,3,248
64537.5,20,-2,302
64540.0,15,10,285
64542.5,37,19,276
64545.0,130,29,258
64547.5,104,20,261
64550.0,117,-2,280
64552.5,16,18,299
64555.0,23,-19,339
64557.5,23,-19,339
64560.0,-31,-38,304
64562.5,-82,-12,378
64565.0,78,-9,254
64567.5,125,31,312
64570.0,10,-34,279
64572.5,31,4,283
64575.0,21,34,281
64577.5,12,45,355
64580.0,38,4,264
64582.5,15,37,368
64585.0,38,6,265
64587.5,-114,-126,326
64590.0,-42,-16,281
64592.5,65,22,246
64595.0,18,0,310
64597.5,43,-33,403
64600.0,-32,-19,271
64602.5,-37,-52,355
64605.0,2,11,234
64607.5,2,11,234
64610.0,-76,-5,332
64612.5,-5,-10,321
64615.0,-30,-15,317
64617.5,-37,-25,286
64620.0,48,-16,374
64622.5,12,-32,258
64625.0,-66,-4,297
64627.5,39,-1,259
64630.0,26,-50,298
64632.5,14,-63,375
64635.0,-11,27,352
64637.5,-12,23,312
64640.0,23,19,319
64642.5,-13,-19,254
64645.0,-64,10,356
64647.5,80,-9,308
64650.0,-42,-11,307
64652.5,-22,5,279
64655.0,26,-8,300
64657.5,26,-8,300
64660.0,-8,19,302
64662.5,18,-21,370
64665.0,58,8,239
64667.5,43,-10,367
64670.0,15,-19,295
64672.5,51,15,315
64675.0,16,-20,310
64677.5,78,5,293
64680.0,44,-16,249
64682.5,85,-25,342
64685.0,14,-25,271
64687.5,-73,-41,347
64690.0,44,2,273
64692.5,1,-21,314
64695.0,-20,-3,296
64697.5,-2,-10,275
64700.0,3,-7,261
64702.5,70,-19,354
64705.0,49,-20,308
64707.5,49,-20,308
64710.0,22,-45,409
64712.5,15,-16,251
64715.0,3,-1,281
64717.5,4,-14,295
64720.0,6,-6,288
64722.5,35,-20,332
64725.0,8,-21,350
64727.5,56,8,293
64730.0,-80,-31,370
64732.5,27,-43,260
64735.0,4,5,270
64737.5,34,47,288
64740.0,-8,-31,304
64742.5,-61,20,303
64745.0,3,-3,369
64747.5,-1,-20,270
64750.0,-12,-28,511
64752.5,20,-6,153
64755.0,12,-40,303
64757.5,12,-40,303
64760.0,17,8,302
64762.5,50,-8,291
64765.0,-14,-9,271
64767.5,29,-45,351
64770.0,-26,-11,250
64772.5,-6,-25,336
64775.0,106,56,250
64777.5,38,8,271
64780.0,-27,-17,317
64782.5,9,-24,371
64785.0,21,-21,343
64787.5,15,-40,302
64790.0,113,19,270
64792.5,-2,-6,313
64795.0,1,-13,346
64797.5,46,10,279
64800.0,-25,14,294
64802.5,19,-22,330
64805.0,-15,-23,288
64807.5,-15,-23,288
64810.0,43,-3,270
64812.5,53,-3,242
64815.0,26,-11,349
64817.5,49,-17,304
64820.0,0,-10,336
64822.5,-35,10,292
64825.0,-14,-14,326
64827.5,43,-5,368
64830.0,45,4,336
64832.5,-25,-13,264
64835.0,-25,-6,300
64837.5,35,12,313
64840.0,8,7,300
64842.5,12,-79,409
64845.0,49,27,339
64847.5,-36,-35,384
64850.0,13,1,218
64852.5,5,8,340
64855.0,43,1,272
64857.5,43,1,272
64860.0,53,6,288
64862.5,36,-20,293
64865.0,48,-4,321
64867.5,-16,-3,238
64870.0,-9,-23,348
64872.5,1,19,235
64875.0,70,-24,312
64877.5,7,-25,316
64880.0,-10,-4,286
64882.5,19,-12,358
64885.0,47,5,311
64887.5,-22,-62,297
64890.0,13,-10,325
64892.5,73,1,200
64895.0,20,-11,310
64897.5,6,-44,361
64900.0,26,-40,411
64902.5,12,-34,348
64905.0,113,8,257
64907.5,113,8,257
64910.0,52,-11,205
64912.5,-41,-77,289
64915.0,7,3,263
64917.5,-41,-22,310
64920.0,-77,2,358
64922.5,-4,-3,224
64925.0,-30,-29,300
64927.5,83,-6,262
64930.0,40,-11,319
64932.5,13,-31,267
64935.0,27,3,269
64937.5,30,6,357
64940.0,40,37,372
64942.5,33,19,278
64945.0,-41,-25,290
64947.5,68,52,233
64950.0,39,-17,355
64952.5,1,-29,313
64955.0,48,41,267
64957.5,48,41,267
64960.0,45,-2,298
64962.5,41,0,297
64965.0,-6,-5,193
64967.5,-31,-40,366
64970.0,43,-17,275
64972.5,-69,16,292
64975.0,-12,4,353
64977.5,0,9,309
64980.0,97,-10,362
64982.5,-39,-14,337
64985.0,-22,2,233
64987.5,62,105,353
64990.0,5,-2,308
64992.5,63,16,327
64995.0,1,-8,308
64997.5,42,-1,371
65000.0,-14,-41,351
65002.5,14,-72,332
65005.0,14,-72,332
65007.5,5,-19,249
65010.0,-1,-13,342
65012.5,55,-2,266
65015.0,22,-7,283
65017.5,0,-46,335
65020.0,-27,-32,369
65022.5,17,24,333
65025.0,-10,-11,315
65027.5,58,11,263
65030.0,18,-12,304
65032.5,25,-11,250
65035.0,75,-32,305
65037.5,23,13,290
65040.0,54,-16,308
65042.5,-38,21,290
65045.0,43,5,338
65047.5,74,2,281
65050.0,26,13,323
65052.5,21,-1,266
65055.0,21,-1,266
65057.5,14,17,290
65060.0,40,-32,319
65062.5,37,7,307
65065.0,47,-14,325
65067.5,-8,-9,335
65070.0,-15,12,272
65072.5,-3,-6,354
65075.0,-29,-40,257
65077.5,32,-33,294
65080.0,-21,-15,324
65082.5,77,17,289
65085.0,-94,-20,305
65087.5,-45,-29,315
65090.0,106,14,260
65092.5,2,-13,299
65095.0,11,-10,151
65097.5,-40,-55,251
65100.0,-13,-50,393
65102.5,34,24,361
65105.0,34,24,361
65107.5,-10,22,252
65110.0,69,8,333
65112.5,34,12,267
65115.0,-55,-40,304
65117.5,-30,-19,153
65120.0,-10,-9,373
65122.5,-27,-33,346
65125.0,-17,-27,263
65127.5,19,22,288
65130.0,33,-5,341
65132.5,13,-28,208
65135.0,-68,-19,326
65137.5,-40,-40,302
65140.0,-30,15,308
65142.5,10,-28,359
65145.0,75,7,286
65147.5,-19,-5,434
65150.0,34,17,270
65152.5,8,-20,256
65155.0,8,-20,256
65157.5,12,10,277
65160.0,12,21,286
65162.5,-15,-20,334
65165.0,-45,0,379
65167.5,-9,-18,331
65170.0,-12,-22,381
65172.5,50,-22,207
65175.0,51,15,281
65177.5,53,19,323
65180.0,11,-1,252
65182.5,-29,-9,339
65185.0,-1,-13,352
65187.5,-3,-8,324
65190.0,19,-26,367
65192.5,53,29,248
65195.0,-8,-15,300
65197.5,7,-2,292
65200.0,-10,-7,300
65202.5,-32,-29,306
65205.0,-32,-29,306
65207.5,-28,-4,322
65210.0,32,-21,232
65212.5,-24,-40,343
65215.0,20,-4,233
65217.5,111,74,336
65220.0,-33,-16,326
65222.5,-3,-11,297
65225.0,43,12,311
65227.5,7,-32,351
65230.0,49,-3,254
65232.5,-11,-11,282
65235.0,40,-32,294
65237.5,-1,-29,302
65240.0,-23,-5,330
65242.5,16,-4,252
65245.0,-12,18,349
65247.5,40,11,242
65250.0,21,-32,310
65252.5,24,-4,302
65255.0,24,-4,302
65257.5,76,11,258
65260.0,-5,-36,318
65262.5,6,-7,338
65265.0,-77,-57,312
65267.5,-58,-38,394
65270.0,13,-9,225
65272.5,77,44,288
65275.0,12,38,354
65277.5,31,6,301
65280.0,-6,-15,270
65282.5,-52,15,314
65285.0,72,-24,326
65287.5,-19,-40,367
65290.0,13,-4,243
65292.5,28,-19,311
65295.0,45,-26,428
65297.5,32,-9,424
65300.0,-28,-45,316
65302.5,-8,-19,324
65305.0,-8,-19,324
65307.5,-42,10,238
65310.0,-63,-41,379
65312.5,15,27,212
65315.0,-32,-19,257
65317.5,-37,12,343
65320.0,-20,-6,331
65322.5,9,18,310
65325.0,-23,-5,370
65327.5,26,7,268
65330.0,-60,-27,278
65332.5,2,1,297
65335.0,47,-35,346
65337.5,56,25,362
65340.0,-35,-48,259
65342.5,-9,0,304
65345.0,27,-26,309
65347.5,-62,-23,234
65350.0,5,-15,357
65352.5,100,13,257
65355.0,100,13,257
65357.5,-1,-31,330
65360.0,17,-20,362
65362.5,13,-10,303
65365.0,-70,-10,310
65367.5,-21,-6,267
65370.0,84,-4,389
65372.5,-30,-35,362
65375.0,16,3,257
65377.5,-11,21,306
65380.0,16,-14,374
65382.5,0,13,281
65385.0,-9,-23,317
65387.5,76,-4,251
65390.0,5,-38,303
65392.5,-33,-18,340
65395.0,35,7,290
65397.5,-16,-17,269
65400.0,-17,-7,322
65402.5,16,22,254
65405.0,16,22,254
65407.5,-3,20,343
65410.0,32,-29,296
65412.5,27,-35,248
65415.0,16,-27,324
65417.5,24,40,265
65420.0,39,11,299
65422.5,23,-31,340
65425.0,57,4,328
65427.5,-21,-27,344
65430.0,21,-23,294
65432.5,27,-21,274
65435.0,-43,-6,280
65437.5,66,4,280
65440.0,-33,-3,315
65442.5,-8,-1,349
65445.0,55,-2,311
65447.5,-3,2,340
65450.0,13,-29,280
65452.5,16,-19,244
65455.0,16,-19,244
65457.5,-6,-45,321
65460.0,61,3,247
65462.5,15,1,305
65465.0,7,23,336
65467.5,25,-18,314
65470.0,-25,-33,394
65472.5,40,-41,448
65475.0,114,11,226
65477.5,-44,-22,313
65480.0,14,23,285
65482.5,22,3,336
65485.0,-17,-8,356
65487.5,0,-22,483
65490.0,25,10,284
65492.5,84,8,254
65495.0,134,13,235
65497.5,9,-11,334
65500.0,8,16,278
65502.5,37,17,244
65505.0,37,17,244
65507.5,9,13,327
65510.0,56,5,259
65512.5,-69,-44,328
65515.0,-15,1,243
65517.5,-41,-27,364
65520.0,55,14,280
65522.5,45,18,270
65525.0,29,13,296
65527.5,-69,-58,344
65530.0,51,-8,214
65532.5,-24,-18,265
65535.0,6,-19,319
65537.5,-64,-2,265
65540.0,0,-19,437
65542.5,51,1,323
65545.0,-25,-7,335
65547.5,14,-32,258
65550.0,55,5,257
65552.5,-55,-52,325
65555.0,-55,-52,325
65557.5,-27,-52,244
65560.0,22,-32,254
65562.5,1,17,302
65565.0,16,7,323
65567.5,49,-15,332
65570.0,14,0,295
65572.5,3,-8,254
65575.0,56,5,382
65577.5,31,30,257
65580.0,-57,-23,327
65582.5,18,2,369
65585.0,96,-4,335
65587.5,10,-42,353
65590.0,2,-35,267
65592.5,97,-5,327
65595.0,26,-11,309
65597.5,54,35,300
65600.0,13,5,302
65602.5,-10,16,298
65605.0,-10,16,298
65607.5,-7,-39,273
65610.0,-14,-11,340
65612.5,14,11,240
65615.0,26,2,296
65617.5,-8,-11,309
65620.0,28,6,297
65622.5,-22,20,305
65625.0,-48,-3,321
65627.5,-1,-6,283
65630.0,-23,-21,352
65632.5,12,-3,234
65635.0,-44,-11,303
65637.5,-10,-18,273
65640.0,56,-11,310
65642.5,-134,-91,502
65645.0,36,14,323
65647.5,-31,-14,184
65650.0,-67,-83,325
65652.5,-67,-83,325
65655.0,87,20,272
65657.5,-29,-3,300
65660.0,-3,-14,321
65662.5,-10,1,291
65665.0,-9,-23,328
65667.5,-9,30,268
65670.0,35,-24,306
65672.5,34,14,310
65675.0,10,-32,309
65677.5,106,75,264
65680.0,-20,-12,310
65682.5,-74,-48,280
65685.0,10,-30,336
65687.5,11,-20,300
65690.0,-84,-52,177
65692.5,44,21,285
65695.0,-13,-21,314
65697.5,-9,-44,319
65700.0,32,-46,371
65702.5,32,-46,371
65705.0,83,54,276
65707.5,-73,-27,376
65710.0,64,43,296
65712.5,-26,-30,286
65715.0,18,-29,321
65717.5,33,-47,327
65720.0,-17,-16,324
65722.5,-31,-1,306
65725.0,10,41,216
65727.5,-17,-38,285
65730.0,-53,1,272
65732.5,-9,-14,329
65735.0,-1,39,297
65737.5,21,-2,288
65740.0,31,8,250
65742.5,35,-33,309
65745.0,33,-21,313
65747.5,-37,-29,350
65750.0,22,-53,256
65752.5,22,-53,256
65755.0,-83,-48,282
65757.5,-8,-14,281
65760.0,31,29,282
65762.5,28,-27,304
65765.0,-4,-39,353
65767.5,47,16,284
65770.0,4,-3,340
65772.5,55,18,201
65775.0,-1,-32,230
65777.5,-34,-33,314
65780.0,19,-5,301
65782.5,-13,-2,330
65785.0,46,-28,343
65787.5,18,-21,282
65790.0,-54,-20,325
65792.5,31,7,230
65795.0,-27,-7,254
65797.5,8,11,258
65800.0,22,-27,294
65802.5,22,-27,294
65805.0,4,-26,305
65807.5,31,-24,344
65810.0,3,-5,301
65812.5,27,17,375
65815.0,21,-12,294
65817.5,4,-23,293
65820.0,-18,-7,288
65822.5,-2,15,280
65825.0,-25,-23,329
65827.5,4,-4,346
65830.0,46,28,270
65832.5,-45,-18,379
65835.0,37,-34,334
65837.5,27,-6,302
65840.0,-97,-106,388
65842.5,-11,-10,256
65845.0,7,-17,257
65847.5,23,7,281
65850.0,-13,-31,284
65852.5,-13,-31,284
65855.0,26,21,440
65857.5,19,-2,261
65860.0,-8,14,355
65862.5,-12,-11,277
65865.0,48,-12,295
65867.5,51,11,344
65870.0,-20,-45,325
65872.5,77,-18,269
65875.0,-17,-34,276
65877.5,17,-2,230
65880.0,-10,-14,308
65882.5,-6,-26,364
65885.0,-8,-29,337
65887.5,6,-15,290
65890.0,60,-17,310
65892.5,48,7,198
65895.0,23,3,253
65897.5,17,-72,290
65900.0,14,28,250
65902.5,14,28,250
65905.0,-90,-43,322
65907.5,2,11,353
65910.0,20,1,316
65912.5,29,52,289
65915.0,69,-22,289
65917.5,38,14,233
65920.0,47,22,208
65922.5,-10,1,319
65925.0,-18,-34,330
65927.5,-8,-8,296
65930.0,26,-12,341
65932.5,-33,-14,283
65935.0,41,-7,284
65937.5,-25,-27,319
65940.0,1,19,272
65942.5,-37,6,273
65945.0,49,-22,383
65947.5,-13,-13,290
65950.0,-50,-27,355
65952.5,-50,-27,355
65955.0,58,1,214
65957.5,25,-10,345
65960.0,-10,-29,300
65962.5,-4,28,351
65965.0,-63,-31,306
65967.5,-16,-34,316
65970.0,-44,-40,242
65972.5,-19,-13,338
65975.0,21,23,230
65977.5,27,-10,253
65980.0,-41,-8,302
65982.5,2,2,303
65985.0,-18,-21,328
65987.5,11,-52,299
65990.0,111,67,223
65992.5,8,-18,317
65995.0,32,-27,264
65997.5,-8,-45,326
66000.0,19,25,287
66002.5,19,25,287
66005.0,39,-14,338
66007.5,-14,-30,285
66010.0,-4,-51,254
66012.5,-47,-3,287
66015.0,-6,12,293
66017.5,13,27,294
66020.0,-2,1,282
66022.5,-25,-45,371
66025.0,74,10,283
66027.5,3,-16,340
66030.0,81,27,246
66032.5,-41,-75,303
66035.0,-38,-31,316
66037.5,32,37,288
66040.0,6,-15,292
66042.5,-63,-44,315
66045.0,94,-7,248
66047.5,4,-65,321
66050.0,27,-38,239
66052.5,27,-38,239
66055.0,41,-17,273
66057.5,-21,-8,339
66060.0,-1,-46,333
66062.5,23,-40,335
66065.0,-24,-17,285
66067.5,81,44,212
66070.0,-32,-19,320
66072.5,-31,4,285
66075.0,61,36,305
66077.5,-36,-1,372
66080.0,12,10,294
66082.5,24,-25,325
66085.0,34,-37,318
66087.5,39,-54,225
66090.0,14,11,306
66092.5,-17,-14,238
66095.0,27,40,258
66097.5,20,2,309
66100.0,-5,0,274
66102.5,-5,0,274
66105.0,-4,-38,307
66107.5,-4,-12,327
66110.0,38,27,261
66112.5,-20,-22,338
66115.0,66,-15,291
66117.5,58,-3,303
66120.0,37,38,315
66122.5,-61,-44,344
66125.0,56,-5,348
66127.5,72,-39,307
66130.0,-16,-39,270
66132.5,-26,-14,325
66135.0,-15,-13,316
66137.5,32,18,306
66140.0,28,37,317
66142.5,48,4,264
66145.0,22,-30,326
66147.5,17,27,302
66150.0,40,-50,250
66152.5,40,-50,250
66155.0,-37,-53,348
66157.5,78,26,232
66160.0,-19,-19,309
66162.5,-1,5,311
66165.0,42,-12,311
66167.5,-10,-25,326
66170.0,-23,-62,345
66172.5,-8,37,253
66175.0,-18,-68,335
66177.5,-11,-5,261
66180.0,-38,0,313
66182.5,3,30,335
66185.0,13,-42,296
66187.5,24,-31,318
66190.0,56,17,275
66192.5,59,12,263
66195.0,-39,-36,329
66197.5,71,15,267
66200.0,-19,-32,337
66202.5,-19,-32,337
66205.0,-37,-36,387
66207.5,-19,-43,296
66210.0,7,-11,258
66212.5,54,35,276
66215.0,48,30,205
66217.5,-47,-45,310
66220.0,73,-5,273
66222.5,36,35,362
66225.0,87,-5,319
66227.5,44,-8,335
66230.0,-68,-36,353
66232.5,-17,-10,286
66235.0,2,13,244
66237.5,-40,-16,401
66240.0,33,23,178
66242.5,-55,-54,320
66245.0,-109,-6,313
66247.5,-20,-2,362
66250.0,46,-12,317
66252.5,46,-12,317
66255.0,35,-1,252
66257.5,-34,-29,344
66260.0,22,4,288
66262.5,-8,-24,324
66265.0,18,-1,297
66267.5,41,-35,387
66270.0,10,-14,266
66272.5,8,-42,339
66275.0,74,18,237
66277.5,36,25,268
66280.0,-4,-15,322
66282.5,42,-21,396
66285.0,52,14,328
66287.5,27,-22,327
66290.0,33,-1,255
66292.5,-49,-44,346
66295.0,26,-8,313
66297.5,-25,-50,314
66300.0,-25,-50,314
66302.5,-16,-8,335
66305.0,-10,21,306
66307.5,-38,-18,312
66310.0,14,-29,335
66312.5,-28,-38,314
66315.0,-77,-57,313
66317.5,10,-1,241
66320.0,3,9,285
66322.5,-19,-11,278
66325.0,-43,-24,272
66327.5,6,-43,333
66330.0,63,43,305
66332.5,60,-7,272
66335.0,-41,-38,321
66337.5,1,-8,297
66340.0,-12,-15,290
66342.5,-16,-19,326
66345.0,-18,-21,308
66347.5,-86,-38,398
66350.0,-86,-38,398
66352.5,22,0,273
66355.0,57,-11,288
66357.5,44,32,287
66360.0,19,19,274
66362.5,78,-2,272
66365.0,78,8,368
66367.5,55,0,284
66370.0,17,-12,352
66372.5,57,-15,212
66375.0,-71,-61,279
66377.5,29,-28,311
66380.0,5,-12,323
66382.5,114,8,335
66385.0,40,8,251
66387.5,119,25,255
66390.0,-52,-46,348
66392.5,6,43,283
66395.0,5,-4,309
66397.5,-50,-6,425
66400.0,-50,-6,425
66402.5,23,-19,349
66405.0,-33,-4,274
66407.5,32,-11,305
66410.0,1,-15,262
66412.5,-30,5,260
66415.0,112,47,214
66417.5,-25,-7,357
66420.0,1,-13,375
66422.5,27,38,304
66425.0,89,2,361
66427.5,141,10,265
66430.0,123,38,174
66432.5,-14,-35,315
66435.0,22,-4,328
66437.5,-81,25,284
66440.0,6,-10,364
66442.5,106,-14,258
66445.0,-5,-37,351
66447.5,63,35,243
66450.0,63,35,243
66452.5,-13,-36,201
66455.0,21,-17,351
66457.5,-38,-6,285
66460.0,77,-28,331
66462.5,-36,-11,384
66465.0,-18,-24,308
66467.5,-28,-33,335
66470.0,-44,-7,277
66472.5,-65,44,259
66475.0,91,-23,290
66477.5,27,-1,301
66480.0,1,-39,341
66482.5,-47,8,322
66485.0,36,18,301
66487.5,40,0,302
66490.0,26,-3,355
66492.5,15,17,299
66495.0,21,-16,328
66497.5,-27,-19,271
66500.0,-27,-19,271
66502.5,9,-3,301
66505.0,45,34,295
66507.5,5,-12,294
66510.0,23,4,352
66512.5,41,-6,274
66515.0,53,11,282
66517.5,-50,-17,250
66520.0,31,51,211
66522.5,36,-14,292
66525.0,12,-6,364
66527.5,23,-44,318
66530.0,-20,-21,346
66532.5,-17,-22,269
66535.0,32,18,289
66537.5,-27,-25,301
66540.0,22,18,279
66542.5,25,-28,310
66545.0,-17,-7,322
66547.5,12,-28,322
66550.0,12,-28,322
66552.5,9,7,349
66555.0,27,6,287
66557.5,72,-1,290
66560.0,4,12,288
66562.5,14,-16,271
66565.0,33,15,265
66567.5,88,25,253
66570.0,-17,6,271
66572.5,102,7,323
66575.0,89,37,124
66577.5,13,-5,275
66580.0,-8,-18,377
66582.5,6,-23,164
66585.0,1,-10,317
66587.5,38,17,373
66590.0,-8,50,390
66592.5,72,25,302
66595.0,-1,-15,258
66597.5,-23,-49,239
66600.0,-23,-49,239
66602.5,13,-8,319
66605.0,13,-4,340
66607.5,52,48,257
66610.0,-63,-7,311
66612.5,-6,-29,295
66615.0,-46,-46,348
66617.5,5,-41,257
66620.0,-62,-32,166
66622.5,-36,-25,286
66625.0,3,-18,262
66627.5,34,-23,339
66630.0,44,35,373
66632.5,28,-28,287
66635.0,-48,-30,340
66637.5,-16,-45,204
66640.0,-25,10,272
66642.5,44,16,336
66645.0,17,6,334
66647.5,4,-6,311
66650.0,4,-6,311
66652.5,-35,-20,322
66655.0,66,8,223
66657.5,14,10,268
66660.0,28,-29,308
66662.5,1,-2,270
66665.0,-51,-12,318
66667.5,56,19,265
66670.0,-41,8,325
66672.5,18,-6,279
66675.0,4,27,244
66677.5,-37,-6,269
66680.0,24,-33,275
66682.5,-16,-22,365
66685.0,18,14,339
66687.5,-41,-48,316
66690.0,22,-19,338
66692.5,28,7,261
66695.0,-20,-35,273
66697.5,-18,-4,299
66700.0,-18,-4,299
66702.5,77,23,237
66705.0,-38,-22,288
66707.5,-50,-39,319
66710.0,41,2,231
66712.5,21,-33,395
66715.0,10,-21,261
66717.5,-77,-20,300
66720.0,-19,0,327
66722.5,18,2,265
66725.0,-89,-33,292
66727.5,-82,-51,338
66730.0,2,-41,292
66732.5,-68,-51,306
66735.0,11,-12,274
66737.5,-22,-4,247
66740.0,2,13,282
66742.5,-70,-8,302
66745.0,19,4,321
66747.5,48,47,287
66750.0,48,47,287
66752.5,116,57,240
66755.0,-17,28,226
66757.5,26,4,371
66760.0,45,-4,331
66762.5,-41,9,349
66765.0,67,60,327
66767.5,29,-21,368
66770.0,55,-21,235
66772.5,-17,-12,250
66775.0,16,-27,360
66777.5,36,8,314
66780.0,-58,-32,278
66782.5,41,-2,331
66785.0,-31,-13,349
66787.5,-16,6,409
66790.0,2,-21,211
66792.5,24,54,256
66795.0,17,-19,364
66797.5,8,13,302
66800.0,8,13,302
66802.5,1,4,281
66805.0,-37,-5,362
66807.5,7,28,260
66810.0,54,-48,304
66812.5,14,-24,289
66815.0,-22,-20,333
66817.5,-1,-21,273
66820.0,54,-34,375
66822.5,28,4,370
66825.0,-59,12,304
66827.5,15,13,247
66830.0,-10,-12,331
66832.5,32,3,236
66835.0,52,-25,290
66837.5,-20,-34,334
66840.0,-1,-27,293
66842.5,0,19,267
66845.0,37,-11,316
66847.5,37,-11,316
66850.0,94,6,272
66852.5,-13,-7,344
66855.0,8,29,218
66857.5,10,-8,336
66860.0,20,-3,302
66862.5,20,-17,308
66865.0,30,35,312
66867.5,7,-25,337
66870.0,39,18,310
66872.5,-35,-52,419
66875.0,-41,-20,266
66877.5,-65,-2,275
66880.0,-21,3,282
66882.5,90,11,291
66885.0,28,-12,312
66887.5,71,15,357
66890.0,61,-24,287
66892.5,-34,-21,362
66895.0,21,-19,252
66897.5,21,-19,252
66900.0,-82,-21,289
66902.5,-18,-15,313
66905.0,33,18,290
66907.5,42,-20,339
66910.0,-46,-13,337
66912.5,28,-31,307
66915.0,-22,-20,368
66917.5,6,-16,237
66920.0,-4,71,247
66922.5,-5,15,325
66925.0,11,-3,289
66927.5,6,13,292
66930.0,21,-9,336
66932.5,64,-27,350
66935.0,-49,-15,396
66937.5,67,-2,262
66940.0,-19,-25,249
66942.5,45,-48,315
66945.0,95,-6,265
66947.5,95,-6,265
66950.0,8,-10,315
66952.5,39,-1,385
66955.0,1,-1,329
66957.5,8,10,275
66960.0,81,-23,233
66962.5,-44,-17,196
66965.0,-5,-9,380
66967.5,1,-28,274
66970.0,25,24,308
66972.5,-4,-39,262
66975.0,-17,-34,315
66977.5,65,-6,364
66980.0,32,-9,255
66982.5,47,11,248
66985.0,5,5,340
66987.5,64,15,343
66990.0,14,5,223
66992.5,-29,-49,382
66995.0,100,62,199
66997.5,100,62,199
67000.0,-44,-52,319
67002.5,75,17,279
67005.0,-65,-33,363
67007.5,-31,-25,306
67010.0,95,5,279
67012.5,3,-45,349
67015.0,58,6,336
67017.5,96,2,274
67020.0,8,-4,234
67022.5,29,-26,243
67025.0,42,8,298
67027.5,-82,9,348
67030.0,-41,7,277
67032.5,-55,-45,314
67035.0,-39,-36,277
67037.5,55,-17,286
67040.0,76,9,307
67042.5,40,-6,297
67045.0,-2,-10,270
67047.5,-2,-10,270
67050.0,5,-38,342
67052.5,-12,9,272
67055.0,19,-33,387
67057.5,-11,8,210
67060.0,-75,-14,270
67062.5,-28,-41,334
67065.0,2,36,282
67067.5,50,11,318
67070.0,18,2,335
67072.5,80,23,326
67075.0,19,6,366
67077.5,69,35,248
67080.0,45,-11,287
67082.5,12,-22,307
67085.0,66,6,292
67087.5,33,-5,330
67090.0,5,-47,340
67092.5,-15,-46,250
67095.0,-25,-19,320
67097.5,-25,-19,320
67100.0,8,0,252
67102.5,-9,-6,300
67105.0,-51,-33,321
67107.5,28,12,318
67110.0,98,-9,336
67112.5,-39,-38,220
67115.0,-57,10,265
67117.5,-68,-33,300
67120.0,19,-9,339
67122.5,18,-1,271
67125.0,-42,-30,346
67127.5,-42,-36,352
67130.0,-19,-2,376
67132.5,23,16,210
67135.0,123,-21,204
67137.5,59,-30,332
67140.0,35,-2,260
67142.5,7,-52,269
67145.0,38,-38,357
67147.5,38,-38,357
67150.0,4,26,176
67152.5,-26,-12,396
67155.0,41,-14,284
67157.5,44,0,230
67160.0,17,56,312
67162.5,62,53,353
67165.0,108,15,280
67167.5,-4,51,283
67170.0,50,-4,224
67172.5,-5,-39,311
67175.0,48,-8,225
67177.5,51,-18,326
67180.0,-22,-12,341
67182.5,4,15,306
67185.0,-26,18,292
67187.5,-22,-20,327
67190.0,47,-9,255
67192.5,107,5,293
67195.0,37,19,244
67197.5,37,19,244
67200.0,33,-37,324
67202.5,-20,-31,355
67205.0,79,15,333
67207.5,-18,-45,325
67210.0,-40,-37,393
67212.5,-28,-4,261
67215.0,16,-27,276
67217.5,4,-1,225
67220.0,46,9,315
67222.5,80,20,320
67225.0,36,-11,279
67227.5,54,29,346
67230.0,-48,-9,335
67232.5,35,-9,291
67235.0,-41,-36,337
67237.5,34,-13,295
67240.0,39,-43,295
67242.5,-23,-5,370
67245.0,93,37,311
67247.5,93,37,311
67250.0,-25,-20,304
67252.5,33,7,320
67255.0,27,5,256
67257.5,-36,-24,328
67260.0,27,12,248
67262.5,5,-12,329
67265.0,32,-21,306
67267.5,52,17,360
67270.0,-33,-48,320
67272.5,-21,-23,329
67275.0,54,22,238
67277.5,-14,-4,316
67280.0,-8,-32,252
67282.5,-24,-22,275
67285.0,-18,-22,325
67287.5,47,4,346
67290.0,46,-20,389
67292.5,-29,-11,329
67295.0,90,11,253
67297.5,90,11,253
67300.0,-20,-65,328
67302.5,3,-3,241
67305.0,22,4,278
67307.5,77,-39,291
67310.0,124,14,279
67312.5,-62,-39,301
67315.0,-61,-73,316
67317.5,-39,-27,284
67320.0,-26,-22,343
67322.5,99,25,232
67325.0,56,1,166
67327.5,-83,29,333
67330.0,48,4,318
67332.5,-33,-8,264
67335.0,34,-17,323
67337.5,116,6,278
67340.0,-10,-6,272
67342.5,25,-58,322
67345.0,16,-6,331
67347.5,16,-6,331
67350.0,20,-29,374
67352.5,39,15,340
67355.0,-54,-42,312
67357.5,7,1,314
67360.0,33,28,239
67362.5,7,0,332
67365.0,13,-35,261
67367.5,-2,2,300
67370.0,-55,-15,313
67372.5,-6,33,317
67375.0,32,-9,343
67377.5,22,-19,251
67380.0,61,2,261
67382.5,6,-15,340
67385.0,71,-48,390
67387.5,41,-43,272
67390.0,5,-29,360
67392.5,37,4,306
67395.0,37,4,306
67397.5,-6,-1,338
67400.0,81,18,226
67402.5,141,24,273
67405.0,35,3,286
67407.5,-5,-40,340
67410.0,0,-28,300
67412.5,24,-8,323
67415.0,43,-10,331
67417.5,51,15,299
67420.0,47,-33,248
67422.5,19,-12,260
67425.0,-5,-19,329
67427.5,-5,34,322
67430.0,45,68,302
67432.5,39,-45,358
67435.0,71,29,292
67437.5,11,-34,320
67440.0,64,11,270
67442.5,0,-39,288
67445.0,0,-39,288
67447.5,3,-17,338
67450.0,47,-7,303
67452.5,-36,-71,336
67455.0,27,17,259
67457.5,66,-2,293
67460.0,28,-18,304
67462.5,-17,25,288
67465.0,-25,-28,272
67467.5,-30,8,315
67470.0,-17,-11,304
67472.5,-70,-31,358
67475.0,-8,-38,257
67477.5,50,41,268
67480.0,49,29,301
67482.5,10,-33,296
67485.0,-11,-9,271
67487.5,-48,12,297
67490.0,43,0,234
67492.5,19,-12,378
67495.0,19,-12,378
67497.5,26,15,290
67500.0,-41,11,342
67502.5,-21,-15,352
67505.0,48,43,285
67507.5,-16,1,408
67510.0,-19,-21,328
67512.5,97,49,255
67515.0,68,23,306
67517.5,-41,-35,266
67520.0,-92,-18,283
67522.5,54,-28,415
67525.0,21,20,315
67527.5,57,-33,317
67530.0,74,3,295
67532.5,86,20,184
67535.0,69,-95,321
67537.5,-10,-16,292
67540.0,-4,8,283
67542.5,-36,1,345
67545.0,-36,1,345
67547.5,-35,-26,264
67550.0,25,-22,313
67552.5,13,-23,299
67555.0,60,-22,248
67557.5,-23,-6,350
67560.0,-41,5,254
67562.5,27,17,238
67565.0,8,-13,348
67567.5,23,-13,329
67570.0,-32,-18,327
67572.5,-8,-20,348
67575.0,-24,-25,246
67577.5,1,-20,351
67580.0,30,-30,277
67582.5,-64,-19,319
67585.0,-21,-14,347
67587.5,-4,18,280
67590.0,-19,-58,339
67592.5,-10,-13,318
67595.0,-10,-13,318
67597.5,55,23,310
67600.0,-53,-45,324
67602.5,21,-35,285
67605.0,-9,-31,298
67607.5,-16,21,365
67610.0,62,-5,315
67612.5,13,-49,315
67615.0,33,23,250
67617.5,32,-18,280
67620.0,-9,-16,308
67622.5,30,-13,312
67625.0,33,-9,302
67627.5,-16,-17,280
67630.0,-14,-20,280
67632.5,-17,-8,324
67635.0,0,-14,283
67637.5,23,-30,286
67640.0,-30,-2,299
67642.5,-9,-9,280
67645.0,-9,-9,280
67647.5,-4,-30,318
67650.0,-27,-43,370
67652.5,43,-7,321
67655.0,20,-19,369
67657.5,-17,-34,301
67660.0,-76,-30,260
67662.5,35,-7,327
67665.0,30,27,202
67667.5,18,7,281
67670.0,-23,-24,376
67672.5,94,77,253
67675.0,46,-19,317
67677.5,5,57,380
67680.0,11,-64,447
67682.5,29,6,278
67685.0,38,-1,246
67687.5,0,-6,307
67690.0,-24,30,328
67692.5,48,3,235
67695.0,48,3,235
67697.5,-30,16,494
67700.0,16,14,321
67702.5,-37,-39,226
67705.0,-55,-18,262
67707.5,31,8,307
67710.0,-17,-42,333
67712.5,35,-10,199
67715.0,82,-9,352
67717.5,-7,-15,333
67720.0,-51,-18,276
67722.5,68,-14,250
67725.0,37,-9,315
67727.5,77,-8,307
67730.0,-46,-6,252
67732.5,48,-4,319
67735.0,16,-14,342
67737.5,-23,11,332
67740.0,-16,16,313
67742.5,44,-11,331
67745.0,44,-11,331
67747.5,13,-8,305
67750.0,74,44,297
67752.5,54,-12,304
67755.0,19,0,315
67757.5,-9,-28,237
67760.0,-70,-23,334
67762.5,10,8,235
67765.0,76,13,336
67767.5,37,39,292
67770.0,38,3,251
67772.5,12,-11,349
67775.0,33,-27,321
67777.5,26,-18,256
67780.0,37,-7,308
67782.5,55,10,275
67785.0,-11,4,277
67787.5,21,-12,351
67790.0,17,4,286
67792.5,-57,-48,311
67795.0,-57,-48,311
67797.5,26,-20,282
67800.0,60,-28,269
67802.5,23,-9,303
67805.0,74,8,333
67807.5,-7,-30,287
67810.0,-37,4,300
67812.5,9,-31,233
67815.0,-12,11,366
67817.5,18,17,229
67820.0,-64,-20,276
67822.5,14,-1,300
67825.0,-10,-5,320
67827.5,65,-2,317
67830.0,5,-1,301
67832.5,-25,-18,247
67835.0,-19,-30,353
67837.5,-41,-28,262
67840.0,-53,-3,317
67842.5,-53,-3,317
67845.0,-16,4,349
67847.5,4,-3,271
67850.0,-30,5,234
67852.5,-96,-62,372
67855.0,-15,13,227
67857.5,-27,-14,305
67860.0,85,21,308
67862.5,23,3,304
67865.0,-86,-25,351
67867.5,2,2,261
67870.0,73,23,331
67872.5,93,-13,297
67875.0,74,-8,253
67877.5,-15,-11,299
67880.0,5,-11,318
67882.5,-36,-72,335
67885.0,-13,-7,408
67887.5,-21,1,331
67890.0,-58,-22,360
67892.5,-58,-22,360
67895.0,12,-34,278
67897.5,7,13,287
67900.0,81,-56,332
67902.5,104,9,220
67905.0,14,22,362
67907.5,61,-2,384
67910.0,45,27,206
67912.5,37,-7,356
67915.0,142,88,269
67917.5,-29,33,367
67920.0,-39,10,271
67922.5,-30,-21,304
67925.0,10,-19,304
67927.5,-62,-10,286
67930.0,88,11,219
67932.5,-23,-31,385
67935.0,-17,-23,294
67937.5,-59,8,245
67940.0,3,-12,353
67942.5,3,-12,353
67945.0,19,0,329
67947.5,34,-8,279
67950.0,-43,8,316
67952.5,74,14,228
67955.0,-13,7,363
67957.5,84,27,269
67960.0,13,12,314
67962.5,56,-5,331
67965.0,51,-25,392
67967.5,-24,-19,335
67970.0,-31,-4,339
67972.5,0,-43,271
67975.0,-2,-6,299
67977.5,67,27,251
67980.0,23,10,255
67982.5,-17,-9,332
67985.0,27,35,319
67987.5,-24,-40,331
67990.0,45,5,340
67992.5,45,5,340
67995.0,35,-3,295
67997.5,-10,-1,368
68000.0,84,32,237
68002.5,55,-19,304
68005.0,-17,-30,316
68007.5,54,22,301
68010.0,-10,-18,317
68012.5,16,-25,340
68015.0,29,-15,270
68017.5,26,-1,344
68020.0,-4,-36,208
68022.5,-43,-15,247
68025.0,-9,-2,309
68027.5,87,2,316
68030.0,-39,-42,351
68032.5,31,10,320
68035.0,-28,0,242
68037.5,-6,-18,304
68040.0,105,14,275
68042.5,105,14,275
68045.0,36,23,319
68047.5,14,26,332
68050.0,20,38,368
68052.5,-66,-8,344
68055.0,-43,-20,317
68057.5,18,-2,196
68060.0,-37,-21,347
68062.5,18,-6,267
68065.0,33,-10,226
68067.5,-46,-40,438
68070.0,27,-19,329
68072.5,-17,-49,338
68075.0,46,-46,327
68077.5,34,-1,227
68080.0,-31,-41,272
68082.5,-18,-22,354
68085.0,0,22,246
68087.5,-54,-37,341
68090.0,39,-1,239
68092.5,39,-1,239
68095.0,133,19,329
68097.5,2,-3,292
68100.0,7,-24,198
68102.5,30,3,316
68105.0,10,5,275
68107.5,-38,10,305
68110.0,30,-33,285
68112.5,-24,-4,328
68115.0,16,-12,318
68117.5,36,7,262
68120.0,-50,-30,267
68122.5,19,11,274
68125.0,26,16,276
68127.5,-51,-30,334
68130.0,60,31,263
68132.5,83,22,269
68135.0,-30,-39,349
68137.5,73,1,255
68140.0,-12,-29,346
68142.5,-12,-29,346
68145.0,18,-41,351
68147.5,89,18,315
68150.0,50,-13,286
68152.5,-2,10,315
68155.0,44,11,276
68157.5,-55,-35,336
68160.0,72,22,255
68162.5,12,-18,295
68165.0,29,-10,315
68167.5,5,7,248
68170.0,17,-38,304
68172.5,32,17,279
68175.0,15,-13,291
68177.5,33,-41,308
68180.0,59,-5,278
68182.5,11,-1,297
68185.0,-47,-25,340
68187.5,86,25,284
68190.0,-61,-57,352
68192.5,-61,-57,352
68195.0,26,-23,281
68197.5,104,55,312
68200.0,-23,-22,304
68202.5,9,-34,321
68205.0,-9,1,305
68207.5,59,-1,362
68210.0,59,-8,346
68212.5,-43,-32,371
68215.0,75,-42,239
68217.5,29,22,254
68220.0,7,-8,280
68222.5,2,-13,356
68225.0,38,19,299
68227.5,-26,-30,357
68230.0,-22,12,285
68232.5,-108,7,357
68235.0,64,38,196
68237.5,-87,-86,344
68240.0,-1,-21,357
68242.5,-1,-21,357
68245.0,-15,3,342
68247.5,-82,-64,313
68250.0,4,-35,309
68252.5,14,25,191
68255.0,-61,-8,305
68257.5,-16,4,305
68260.0,3,0,293
68262.5,22,16,349
68265.0,15,6,267
68267.5,53,-6,339
68270.0,39,5,320
68272.5,54,-5,271
68275.0,34,25,272
68277.5,33,-17,301
68280.0,91,-25,306
68282.5,26,-16,279
68285.0,-2,-18,277
68287.5,-3,-23,341
68290.0,6,-37,271
68292.5,6,-37,271
68295.0,42,-11,266
68297.5,-13,2,301
68300.0,52,23,343
68302.5,-27,-17,336
68305.0,-4,-11,318
68307.5,-27,9,262
68310.0,6,25,338
68312.5,39,-78,366
68315.0,66,-94,255
68317.5,1,-6,296
68320.0,43,1,305
68322.5,-55,-14,306
68325.0,10,-27,350
68327.5,45,-1,245
68330.0,-9,-31,338
68332.5,-63,-14,248
68335.0,68,1,281
68337.5,-14,-32,323
68340.0,10,3,335
68342.5,10,3,335
68345.0,58,7,285
68347.5,51,7,311
68350.0,-13,38,217
68352.5,-7,-8,359
68355.0,-20,-20,301
68357.5,17,-20,297
68360.0,11,-17,314
68362.5,18,-19,309
68365.0,0,3,324
68367.5,20,-40,370
68370.0,-37,26,265
68372.5,-12,-22,328
68375.0,-3,-49,250
68377.5,30,-58,304
68380.0,-11,-21,291
68382.5,52,23,286
68385.0,1,-6,318
68387.5,28,-14,308
68390.0,60,13,246
68392.5,60,13,246
68395.0,-32,-52,350
68397.5,68,17,258
68400.0,17,-14,303
68402.5,-7,-6,304
68405.0,-11,-28,288
68407.5,-43,-24,390
68410.0,18,-38,332
68412.5,11,-33,287
68415.0,10,-46,177
68417.5,48,-23,269
68420.0,21,-9,324
68422.5,-30,-38,247
68425.0,40,-7,183
68427.5,-6,-21,310
68430.0,-8,-8,249
68432.5,-19,12,221
68435.0,16,13,368
68437.5,52,15,231
68440.0,52,15,231
68442.5,52,-12,319
68445.0,-2,-8,324
68447.5,-1,29,377
68450.0,-32,-55,296
68452.5,33,3,355
68455.0,56,33,137
68457.5,-34,-53,324
68460.0,93,38,187
68462.5,54,-18,249
68465.0,-12,2,384
68467.5,-75,-49,335
68470.0,-48,-33,381
68472.5,24,-43,318
68475.0,-46,-36,363
68477.5,-7,-22,332
68480.0,87,10,231
68482.5,25,-16,296
68485.0,12,-6,366
68487.5,107,3,225
68490.0,107,3,225
68492.5,106,2,326
68495.0,36,13,309
68497.5,38,19,270
68500.0,35,-20,318
68502.5,41,0,275
68505.0,-37,-31,314
68507.5,37,24,320
68510.0,38,4,294
68512.5,-35,-26,320
68515.0,-17,-54,254
68517.5,1,10,259
68520.0,19,15,280
68522.5,40,6,355
68525.0,-46,-1,307
68527.5,-17,18,344
68530.0,-57,-42,302
68532.5,-45,-41,355
68535.0,20,-4,221
68537.5,7,-8,255
68540.0,7,-8,255
68542.5,-2,-34,327
68545.0,48,-2,316
68547.5,41,-12,336
68550.0,33,-12,306
68552.5,56,32,255
68555.0,-60,-25,307
68557.5,35,10,254
68560.0,-34,12,301
68562.5,13,6,328
68565.0,30,0,341
68567.5,-43,-43,362
68570.0,9,-21,287
68572.5,-13,-23,254
68575.0,8,5,320
68577.5,-45,-9,337
68580.0,36,23,244
68582.5,10,29,323
68585.0,17,10,183
68587.5,-31,-34,422
68590.0,-31,-34,422
68592.5,-43,-10,372
68595.0,2,-13,194
68597.5,-4,-9,294
68600.0,42,9,299
68602.5,-2,10,310
68605.0,-1,-36,338
68607.5,72,33,299
68610.0,-44,-37,383
68612.5,76,-25,243
68615.0,-51,12,284
68617.5,30,-28,332
68620.0,1,-28,274
68622.5,-46,7,324
68625.0,5,-1,320
68627.5,-4,-11,216
68630.0,-10,20,361
68632.5,-6,-14,230
68635.0,84,39,249
68637.5,-37,-11,359
68640.0,-37,-11,359
68642.5,8,-20,356
68645.0,8,-17,265
68647.5,16,2,290
68650.0,61,-14,266
68652.5,34,69,368
68655.0,-2,-1,207
68657.5,-58,-12,228
68660.0,-11,8,314
68662.5,-6,-33,339
68665.0,-41,-37,300
68667.5,44,-12,248
68670.0,26,-20,229
68672.5,1,22,294
68675.0,36,18,240
68677.5,18,-31,342
68680.0,-89,-40,277
68682.5,-21,25,289
68685.0,6,-8,342
68687.5,45,20,285
68690.0,45,20,285
68692.5,41,-5,261
68695.0,29,-5,328
68697.5,-2,-32,341
68700.0,77,-67,270
68702.5,8,11,293
68705.0,0,-5,254
68707.5,-17,-49,295
68710.0,-16,-41,294
68712.5,-50,-81,272
68715.0,-45,-36,340
68717.5,43,7,292
68720.0,-5,-17,319
68722.5,-7,0,310
68725.0,-13,-22,281
68727.5,36,22,331
68730.0,15,5,324
68732.5,54,28,306
68735.0,10,-31,339
68737.5,10,8,267
68740.0,10,8,267
68742.5,3,-20,314
68745.0,-51,-20,316
68747.5,5,-19,316
68750.0,-51,-25,362
68752.5,-23,-43,340
68755.0,6,-20,261
68757.5,-27,-27,311
68760.0,68,9,260
68762.5,-15,-6,278
68765.0,11,-15,331
68767.5,58,-25,292
68770.0,-13,-12,358
68772.5,23,7,310
68775.0,-6,-49,192
68777.5,-148,-89,308
68780.0,-41,36,192
68782.5,36,-29,278
68785.0,1,-71,263
68787.5,10,-40,343
68790.0,10,-40,343
68792.5,-43,-20,316
68795.0,-25,-15,293
68797.5,81,-5,175
68800.0,-109,-10,509
68802.5,-3,-4,258
68805.0,-29,-9,305
68807.5,-5,-20,364
68810.0,0,14,300
68812.5,41,-7,341
68815.0,55,13,260
68817.5,26,-1,260
68820.0,62,4,275
68822.5,21,-31,271
68825.0,116,17,327
68827.5,9,0,283
68830.0,-28,-28,310
68832.5,24,-10,364
68835.0,1,-20,224
68837.5,-4,5,323
68840.0,-4,5,323
68842.5,15,-8,355
68845.0,34,65,325
68847.5,21,28,294
68850.0,-12,-22,254
68852.5,18,-17,238
68855.0,-60,-38,317
68857.5,42,-25,185
68860.0,15,-24,302
68862.5,5,5,325
68865.0,4,1,322
68867.5,-9,-1,321
68870.0,23,10,323
68872.5,-36,-69,268
68875.0,-1,-11,309
68877.5,11,-28,270
68880.0,-15,-16,261
68882.5,-24,-5,278
68885.0,-38,-30,347
68887.5,23,-12,295
68890.0,23,-12,295
68892.5,58,12,354
68895.0,88,0,225
68897.5,-7,-14,333
68900.0,11,-20,242
68902.5,-53,-16,337
68905.0,-38,-51,304
68907.5,62,17,337
68910.0,49,21,338
68912.5,55,62,250
68915.0,29,-6,258
68917.5,-2,-1,312
68920.0,-10,-28,302
68922.5,30,18,303
68925.0,-8,-29,358
68927.5,-44,-16,291
68930.0,48,-18,355
68932.5,-25,-12,235
68935.0,59,1,264
68937.5,-6,-34,276
68940.0,-6,-34,276
68942.5,2,-15,282
68945.0,-10,-5,331
68947.5,48,-32,316
68950.0,8,-44,284
68952.5,84,28,281
68955.0,116,33,256
68957.5,73,30,263
68960.0,-21,-24,261
68962.5,58,4,270
68965.0,123,30,362
68967.5,46,-25,318
68970.0,94,49,253
68972.5,-6,-64,280
68975.0,32,-15,276
68977.5,7,-27,336
68980.0,16,24,305
68982.5,32,-10,294
68985.0,35,-13,324
68987.5,-46,-2,303
68990.0,-46,-2,303
68992.5,2,-14,273
68995.0,41,-10,338
68997.5,-30,4,292
69000.0,19,30,295
69002.5,-36,-25,347
69005.0,-77,-19,285
69007.5,-27,-37,306
69010.0,17,-9,273
69012.5,-52,-20,196
69015.0,-36,-33,329
69017.5,-72,-6,220
69020.0,8,-12,345
69022.5,-9,10,350
69025.0,93,-23,299
69027.5,30,-29,289
69030.0,-6,-13,320
69032.5,60,-12,250
69035.0,-44,-66,355
69037.5,68,-6,268
69040.0,68,-6,268
69042.5,62,6,286
69045.0,14,-5,351
69047.5,61,32,302
69050.0,37,-36,308
69052.5,37,12,292
69055.0,72,1,273
69057.5,43,-3,370
69060.0,10,-4,211
69062.5,-59,-12,288
69065.0,4,38,346
69067.5,21,-25,385
69070.0,63,-22,305
69072.5,60,7,279
69075.0,-13,19,246
69077.5,-14,-64,278
69080.0,-70,-32,278
69082.5,21,4,302
69085.0,25,-52,304
69087.5,25,-52,304
69090.0,-1,11,326
69092.5,-5,-39,362
69095.0,-94,13,344
69097.5,38,-32,258
69100.0,14,-33,346
69102.5,43,21,235
69105.0,1,-13,322
69107.5,-31,-13,283
69110.0,29,5,315
69112.5,-30,-22,339
69115.0,-4,-61,330
69117.5,-32,-70,284
69120.0,0,-25,345
69122.5,22,-20,257
69125.0,32,7,301
69127.5,-18,-33,327
69130.0,25,-4,323
69132.5,-46,-31,348
69135.0,29,19,314
69137.5,29,19,314
69140.0,73,-37,310
69142.5,-22,-39,342
69145.0,64,5,247
69147.5,88,32,207
69150.0,13,-9,289
69152.5,84,33,155
69155.0,46,-4,297
69157.5,-60,-9,388
69160.0,-34,-26,237
69162.5,-36,-34,343
69165.0,43,-17,244
69167.5,-97,-26,446
69170.0,35,-24,235
69172.5,96,37,392
69175.0,14,-9,275
69177.5,5,-4,395
69180.0,1,-2,211
69182.5,51,-3,316
69185.0,8,0,217
69187.5,8,0,217
69190.0,-17,-1,275
69192.5,12,-17,253
69195.0,56,4,288
69197.5,-61,-17,289
69200.0,34,5,288
69202.5,-54,-33,246
69205.0,-46,-31,355
69207.5,-16,-2,315
69210.0,52,8,313
69212.5,56,7,433
69215.0,61,13,218
69217.5,7,-14,262
69220.0,56,13,271
69222.5,32,-5,238
69225.0,-18,-18,362
69227.5,129,23,253
69230.0,-26,-15,356
69232.5,29,-23,391
69235.0,56,22,317
69237.5,56,22,317
69240.0,-3,-6,295
69242.5,-9,-40,358
69245.0,115,28,307
69247.5,65,7,340
69250.0,22,-16,284
69252.5,-45,-28,300
69255.0,16,-19,335
69257.5,-21,-18,334
69260.0,-1,8,359
69262.5,1,-24,243
69265.0,73,-10,313
69267.5,0,-19,298
69270.0,-2,-2,268
69272.5,38,-2,295
69275.0,-13,-32,323
69277.5,-18,-45,261
69280.0,-25,-27,307
69282.5,-38,-8,254
69285.0,14,-13,319
69287.5,14,-13,319
69290.0,35,-20,299
69292.5,16,-2,265
69295.0,-5,-18,323
69297.5,30,-12,347
69300.0,98,34,302
69302.5,-27,-40,332
69305.0,80,2,267
69307.5,17,9,257
69310.0,5,-14,313
69312.5,-13,-20,300
69315.0,-60,-33,325
69317.5,67,-19,331
69320.0,49,-26,291
69322.5,93,69,281
69325.0,98,52,210
69327.5,6,5,282
69330.0,-29,-15,286
69332.5,-52,-2,286
69335.0,-65,-32,382
69337.5,-65,-32,382
69340.0,-20,-4,320
69342.5,-8,-64,225
69345.0,22,34,366
69347.5,24,-9,255
69350.0,8,-51,260
69352.5,-6,-12,328
69355.0,18,-14,343
69357.5,-72,-81,340
69360.0,-12,-49,365
69362.5,-39,-23,278
69365.0,-59,3,285
69367.5,-13,-13,266
69370.0,9,11,314
69372.5,-9,-4,337
69375.0,35,13,270
69377.5,-33,-21,353
69380.0,7,-5,296
69382.5,-25,33,231
69385.0,-53,-36,322
69387.5,-53,-36,322
69390.0,37,-26,317
69392.5,44,36,280
69395.0,-4,-4,347
69397.5,60,16,316
69400.0,-89,-40,324
69402.5,-12,-1,268
69405.0,9,-21,258
69407.5,6,6,320
69410.0,-10,10,294
69412.5,14,6,299
69415.0,3,-5,326
69417.5,-37,-44,274
69420.0,-52,-30,413
69422.5,23,12,304
69425.0,36,-18,264
69427.5,-15,-4,327
69430.0,35,-13,278
69432.5,-45,-2,308
69435.0,5,-24,355
69437.5,5,-24,355
69440.0,-8,16,283
69442.5,-10,-14,350
69445.0,73,-36,338
69447.5,58,10,276
69450.0,-25,-24,321
69452.5,9,-2,287
69455.0,26,-4,259
69457.5,50,-4,341
69460.0,55,24,312
69462.5,30,-7,303
69465.0,21,-32,268
69467.5,-7,-2,223
69470.0,-55,-38,320
69472.5,-12,-32,292
69475.0,27,3,313
69477.5,-4,-6,310
69480.0,38,-9,300
69482.5,57,7,324
69485.0,22,-16,314
69487.5,22,-16,314
69490.0,60,-18,244
69492.5,-51,-27,312
69495.0,-14,-28,231
69497.5,-36,4,287
69500.0,-33,5,333
69502.5,60,-4,308
69505.0,-47,9,290
69507.5,-4,-12,343
69510.0,46,6,275
69512.5,22,-50,383
69515.0,-43,-10,215
69517.5,64,4,356
69520.0,9,-16,326
69522.5,-9,-42,363
69525.0,23,10,311
69527.5,-12,-16,300
69530.0,39,-34,251
69532.5,-51,-12,327
69535.0,76,35,370
69537.5,76,35,370
69540.0,6,3,183
69542.5,-33,-20,320
69545.0,56,-1,288
69547.5,0,11,325
69550.0,2,-2,336
69552.5,-63,-71,202
69555.0,-51,-47,330
69557.5,-44,-6,323
69560.0,-54,-29,233
69562.5,9,1,390
69565.0,-48,-5,237
69567.5,-7,-22,331
69570.0,66,1,289
69572.5,90,19,214
69575.0,-31,-20,307
69577.5,-5,8,248
69580.0,0,-12,430
69582.5,31,-48,361
69585.0,-29,-55,360
69587.5,-29,-55,360
69590.0,-70,-46,296
69592.5,30,-37,371
69595.0,49,3,235
69597.5,-15,-52,345
69600.0,4,9,267
69602.5,-17,-29,296
69605.0,-4,-9,305
69607.5,40,-16,285
69610.0,7,-1,328
69612.5,13,32,250
69615.0,5,13,338
69617.5,-17,19,267
69620.0,59,16,323
69622.5,-11,-20,308
69625.0,17,10,385
69627.5,18,-13,355
69630.0,38,17,326
69632.5,-19,-19,233
69635.0,-68,-4,266
69637.5,-68,-4,266
69640.0,46,15,276
69642.5,23,15,303
69645.0,-44,-39,309
69647.5,14,16,315
69650.0,6,-38,273
69652.5,12,3,348
69655.0,63,20,239
69657.5,71,28,311
69660.0,-1,2,293
69662.5,65,30,257
69665.0,-26,17,272
69667.5,-20,-40,340
69670.0,-3,-17,279
69672.5,2,-12,335
69675.0,33,16,254
69677.5,7,-4,231
69680.0,39,-12,335
69682.5,54,-34,316
69685.0,-29,-18,332
69687.5,-29,-18,332
69690.0,1,50,256
69692.5,35,20,273
69695.0,-3,-6,365
69697.5,37,-8,339
69700.0,-20,-17,244
69702.5,48,-1,375
69705.0,18,10,333
69707.5,5,-20,416
69710.0,96,26,238
69712.5,55,-46,196
69715.0,-13,-37,336
69717.5,18,-20,274
69720.0,31,3,258
69722.5,26,-43,366
69725.0,13,3,297
69727.5,-37,-31,451
69730.0,29,5,278
69732.5,85,-9,217
69735.0,-18,-25,309
69737.5,-18,-25,309
69740.0,48,-17,285
69742.5,-41,1,305
69745.0,7,-9,391
69747.5,4,0,370
69750.0,10,-30,348
69752.5,-24,-38,328
69755.0,-42,-22,263
69757.5,-7,-60,336
69760.0,56,17,227
69762.5,4,-9,262
69765.0,-10,-17,369
69767.5,66,-18,337
69770.0,-73,-5,341
69772.5,68,13,390
69775.0,61,-23,287
69777.5,-53,-23,268
69780.0,-24,-5,287
69782.5,19,-9,323
69785.0,9,-36,290
69787.5,9,-36,290
69790.0,65,-5,273
69792.5,76,24,353
69795.0,21,8,295
69797.5,-50,-18,208
69800.0,-1,-21,304
69802.5,10,10,291
69805.0,101,23,234
69807.5,39,-3,341
69810.0,51,5,324
69812.5,-28,-32,362
69815.0,2,-41,302
69817.5,21,-25,296
69820.0,-8,-23,289
69822.5,74,-31,276
69825.0,65,1,286
69827.5,-23,-18,343
69830.0,24,-22,314
69832.5,39,26,334
69835.0,39,26,334
69837.5,-10,0,343
69840.0,37,17,259
69842.5,-17,-3,329
69845.0,27,-19,267
69847.5,28,18,282
69850.0,-3,-1,321
69852.5,23,-22,285
69855.0,2,27,311
69857.5,23,-7,274
69860.0,42,-27,269
69862.5,34,-55,273
69865.0,-24,-22,249
69867.5,23,-21,293
69870.0,15,-14,356
69872.5,26,0,292
69875.0,-19,-21,328
69877.5,-2,-35,331
69880.0,-5,-11,284
69882.5,-1,-7,339
69885.0,-1,-7,339
69887.5,36,-11,252
69890.0,-25,-57,265
69892.5,-77,-16,371
69895.0,-1,1,285
69897.5,-62,-12,324
69900.0,62,35,241
69902.5,67,-3,277
69905.0,-17,-19,312
69907.5,16,-44,358
69910.0,0,17,295
69912.5,19,-7,288
69915.0,33,-17,308
69917.5,-2,-13,334
69920.0,-4,-5,271
69922.5,107,20,212
69925.0,-26,-19,316
69927.5,44,3,296
69930.0,27,0,365
69932.5,52,26,318
69935.0,52,26,318
69937.5,18,5,304
69940.0,8,2,354
69942.5,10,-5,292
69945.0,23,30,257
69947.5,-35,-21,292
69950.0,37,25,301
69952.5,40,-1,238
69955.0,2,-43,377
69957.5,29,-4,297
69960.0,-41,18,415
69962.5,-28,-19,312
69965.0,50,38,232
69967.5,3,-9,324
69970.0,56,-7,280
69972.5,50,39,337
69975.0,53,-43,331
69977.5,10,-35,289
69980.0,40,-1,291
69982.5,64,13,279
69985.0,64,13,279
69987.5,44,45,259
69990.0,-16,-15,294
69992.5,23,-10,318
69995.0,38,5,380
69997.5,5,-41,329
70000.0,1,-11,254
70002.5,-78,-37,315
70005.0,17,-29,209
70007.5,-4,-29,270
70010.0,27,-5,281
70012.5,77,6,316
70015.0,32,-15,316
70017.5,-54,-42,318
70020.0,-9,-31,294
70022.5,-92,-65,353
70025.0,42,17,221
70027.5,43,33,279
70030.0,-39,-19,305
70032.5,7,-7,318
70035.0,7,-7,318
70037.5,-57,-68,315
70040.0,-13,-36,290
70042.5,16,-26,262
70045.0,-49,-28,311
70047.5,29,-11,263
70050.0,29,-11,291
70052.5,31,-16,375
70055.0,6,37,293
70057.5,-2,-51,445
70060.0,-8,-25,343
70062.5,-98,-38,370
70065.0,-22,26,231
70067.5,36,11,220
70070.0,8,-10,296
70072.5,-21,0,310
70075.0,68,27,340
70077.5,-3,-11,332
70080.0,70,32,210
70082.5,-13,-47,245
70085.0,-13,-47,245
70087.5,29,-39,316
70090.0,50,27,305
70092.5,3,40,234
70095.0,36,-36,345
70097.5,49,-1,194
70100.0,41,6,364
70102.5,-15,-10,337
70105.0,-30,-26,278
70107.5,41,30,286
70110.0,39,18,322
70112.5,-56,-43,281
70115.0,76,40,304
70117.5,54,8,207
70120.0,-82,-49,299
70122.5,39,25,249
70125.0,-22,-5,310
70127.5,39,-32,338
70130.0,44,-32,354
70132.5,23,-61,355
70135.0,23,-61,355
70137.5,32,-31,357
70140.0,-13,7,258
70142.5,-67,-42,366
70145.0,-57,30,257
70147.5,50,-5,342
70150.0,3,2,287
70152.5,-2,-28,319
70155.0,-68,2,287
70157.5,1,-10,293
70160.0,-14,-9,262
70162.5,-5,4,307
70165.0,55,-4,248
70167.5,46,-13,266
70170.0,-1,-53,308
70172.5,-36,-62,339
70175.0,25,1,304
70177.5,19,-14,354
70180.0,19,4,275
70182.5,-49,-35,359
70185.0,-49,-35,359
70187.5,27,32,203
70190.0,-20,-46,301
70192.5,29,-8,244
70195.0,41,-7,304
70197.5,-44,-26,309
70200.0,104,-14,356
70202.5,101,2,230
70205.0,61,18,343
70207.5,-26,6,280
70210.0,77,6,310
70212.5,-4,-28,311
70215.0,-11,4,295
70217.5,-25,-11,320
70220.0,7,8,326
70222.5,122,19,311
70225.0,35,-15,353
70227.5,51,21,236
70230.0,61,-6,272
70232.5,1,-18,284
70235.0,1,-18,284
70237.5,18,-2,321
70240.0,24,3,339
70242.5,-6,-34,343
70245.0,11,-3,302
70247.5,-25,6,373
70250.0,22,16,239
70252.5,8,-29,357
70255.0,-104,-21,375
70257.5,83,55,328
70260.0,10,-30,431
70262.5,2,-35,342
70265.0,34,-8,303
70267.5,-7,-12,323
70270.0,-37,-35,277
70272.5,81,25,115
70275.0,0,-27,396
70277.5,43,2,401
70280.0,-50,-17,287
70282.5,104,-12,375
70285.0,104,-12,375
70287.5,55,-4,348
70290.0,-46,-9,287
70292.5,57,9,254
70295.0,49,-31,289
70297.5,63,-7,347
70300.0,43,15,332
70302.5,29,11,329
70305.0,101,11,352
70307.5,45,-19,303
70310.0,-49,-17,257
70312.5,-38,-62,195
70315.0,-60,-12,265
70317.5,6,-3,326
70320.0,-6,35,319
70322.5,39,-7,293
70325.0,-17,4,331
70327.5,52,12,235
70330.0,-48,-59,322
70332.5,-48,-59,322
70335.0,21,32,241
70337.5,37,-5,277
70340.0,13,3,354
70342.5,4,-6,293
70345.0,-33,6,300
70347.5,57,-16,336
70350.0,48,16,318
70352.5,45,4,337
70355.0,99,-3,272
70357.5,36,-1,328
70360.0,56,5,341
70362.5,29,20,354
70365.0,15,5,325
70367.5,8,-21,295
70370.0,61,15,263
70372.5,-34,29,273
70375.0,17,-15,243
70377.5,-3,-14,278
70380.0,-23,-37,329
70382.5,-23,-37,329
70385.0,49,-31,336
70387.5,7,4,374
70390.0,35,12,267
70392.5,-7,-21,313
70395.0,-6,2,308
70397.5,57,13,317
70400.0,-7,-15,297
70402.5,26,21,357
70405.0,7,-39,258
70407.5,14,-12,341
70410.0,112,12,252
70412.5,50,-24,339
70415.0,31,-34,353
70417.5,63,4,316
70420.0,29,-6,334
70422.5,1,-30,366
70425.0,61,0,269
70427.5,-22,-33,291
70430.0,37,17,354
70432.5,37,17,354
70435.0,3,-24,281
70437.5,-7,-14,351
70440.0,64,23,285
70442.5,15,-18,419
70445.0,-39,-38,372
70447.5,24,3,216
70450.0,3,-60,293
70452.5,20,18,300
70455.0,-13,-41,331
70457.5,20,12,334
70460.0,-21,-48,298
70462.5,-76,-67,393
70465.0,74,-21,300
70467.5,59,46,193
70470.0,5,-36,282
70472.5,20,0,303
70475.0,-25,-12,315
70477.5,15,-25,365
70480.0,51,-12,301
70482.5,51,-12,301
70485.0,1,7,352
70487.5,24,-21,275
70490.0,22,-16,280
70492.5,10,4,313
70495.0,90,8,222
70497.5,2,-20,294
70500.0,1,-31,362
70502.5,54,14,319
70505.0,-37,-30,363
70507.5,-24,-85,294
70510.0,19,-56,282
70512.5,32,7,298
70515.0,38,-7,264
70517.5,14,-15,331
70520.0,41,19,350
70522.5,2,-20,325
70525.0,-89,20,374
70527.5,-5,-15,281
70530.0,20,3,273
70532.5,20,3,273
70535.0,-32,-32,296
70537.5,-7,16,267
70540.0,23,-16,293
70542.5,0,-35,352
70545.0,18,-35,308
70547.5,-15,3,365
70550.0,72,-20,306
70552.5,39,-38,262
70555.0,76,-1,305
70557.5,59,-18,267
70560.0,13,-9,304
70562.5,-79,10,332
70565.0,40,-7,306
70567.5,-15,-6,337
70570.0,13,-41,290
70572.5,-59,2,282
70575.0,14,-30,327
70577.5,9,-18,293
70580.0,3,-8,322
70582.5,3,-8,322
70585.0,60,-2,306
70587.5,41,-21,331
70590.0,-66,-34,364
70592.5,47,14,263
70595.0,5,-25,283
70597.5,-28,-14,307
70600.0,1,-2,290
70602.5,-12,1,326
70605.0,-10,-5,320
70607.5,-18,-23,311
70610.0,7,-23,355
70612.5,-23,-24,248
70615.0,-24,4,258
70617.5,7,16,287
70620.0,-11,0,250
70622.5,33,-7,374
70625.0,13,7,275
70627.5,-51,-20,430
70630.0,14,24,334
70632.5,14,24,334
70635.0,-21,-34,224
70637.5,101,13,226
70640.0,34,41,309
70642.5,72,43,143
70645.0,-89,-4,304
70647.5,-15,-35,479
70650.0,50,39,225
70652.5,37,-7,344
70655.0,41,20,261
70657.5,58,51,302
70660.0,26,-5,330
70662.5,-77,-31,400
70665.0,21,-5,296
70667.5,25,13,456
70670.0,65,2,217
70672.5,-4,-63,333
70675.0,41,-26,241
70677.5,-32,-31,273
70680.0,-14,-35,335
70682.5,-14,-35,335
70685.0,55,1,297
70687.5,-38,-19,257
70690.0,52,-15,256
70692.5,83,42,394
70695.0,0,-31,329
70697.5,62,-28,302
70700.0,0,2,308
70702.5,15,2,340
70705.0,103,25,269
70707.5,19,-24,375
70710.0,43,-24,300
70712.5,7,10,295
70715.0,20,-19,276
70717.5,32,-18,324
70720.0,-19,-1,298
70722.5,-15,11,299
70725.0,18,-31,357
70727.5,-12,0,293
70730.0,-12,0,293
70732.5,31,-16,242
70735.0,58,-13,250
70737.5,-23,-25,310
70740.0,24,25,301
70742.5,50,2,257
70745.0,-26,-1,322
70747.5,51,-26,313
70750.0,-4,4,408
70752.5,-24,-5,259
70755.0,-8,2,279
70757.5,31,-9,289
70760.0,24,25,317
70762.5,-45,-38,305
70765.0,-32,7,318
70767.5,-33,-18,244
70770.0,-62,-59,311
70772.5,17,-3,253
70775.0,-45,4,263
70777.5,-5,0,314
70780.0,-5,0,314
70782.5,29,23,316
70785.0,18,-10,340
70787.5,27,-18,314
70790.0,59,-5,268
70792.5,-15,-22,323
70795.0,103,15,299
70797.5,31,-26,198
70800.0,-50,2,371
70802.5,44,8,292
70805.0,19,-29,332
70807.5,7,-17,339
70810.0,6,24,351
70812.5,5,12,310
70815.0,74,3,246
70817.5,-106,-3,274
70820.0,-93,-12,363
70822.5,60,-38,288
70825.0,4,12,350
70827.5,10,-28,272
70830.0,10,-28,272
70832.5,29,20,255
70835.0,98,13,304
70837.5,45,-31,249
70840.0,4,-16,270
70842.5,12,-4,308
70845.0,94,22,260
70847.5,-56,-54,295
70850.0,51,23,271
70852.5,-99,-5,293
70855.0,2,5,305
70857.5,42,22,276
70860.0,23,34,308
70862.5,108,24,323
70865.0,55,22,300
70867.5,-18,-40,348
70870.0,3,-22,293
70872.5,24,-1,321
70875.0,14,-19,315
70877.5,100,71,351
70880.0,100,71,351
70882.5,33,2,316
70885.0,19,21,295
70887.5,-29,-12,232
70890.0,-18,-36,373
70892.5,-3,-39,258
70895.0,-34,22,304
70897.5,19,-4,373
70900.0,33,27,306
70902.5,-55,-17,298
70905.0,28,12,335
70907.5,111,17,287
70910.0,32,21,308
70912.5,18,-50,214
70915.0,54,-13,260
70917.5,-1,-24,312
70920.0,65,-15,315
70922.5,-5,-31,303
70925.0,1,-23,311
70927.5,40,0,202
70930.0,40,0,202
70932.5,-38,-21,340
70935.0,49,-5,279
70937.5,-19,-18,296
70940.0,21,8,334
70942.5,30,10,293
70945.0,-19,9,276
70947.5,23,3,329
70950.0,17,15,247
70952.5,-24,1,344
70955.0,45,-17,283
70957.5,8,-17,319
70960.0,-6,-5,299
70962.5,38,9,314
70965.0,13,-30,333
70967.5,47,-63,346
70970.0,61,-18,275
70972.5,-21,-38,343
70975.0,99,27,253
70977.5,63,-9,265
70980.0,63,-9,265
70982.5,-34,10,286
70985.0,15,9,311
70987.5,-40,-31,345
70990.0,45,61,291
70992.5,-62,-57,265
70995.0,-28,-38,308
70997.5,-30,-14,263
71000.0,13,13,236
71002.5,-54,5,307
71005.0,1,1,304
71007.5,-24,4,348
71010.0,-41,-20,426
71012.5,40,1,217
71015.0,-40,-36,349
71017.5,63,17,216
71020.0,-8,-12,292
71022.5,1,-4,383
71025.0,-27,-16,317
71027.5,-27,-16,317
71030.0,98,-5,303
71032.5,56,-8,275
71035.0,-41,-8,238
71037.5,-6,-23,367
71040.0,27,27,173
71042.5,-40,26,322
71045.0,11,-12,357
71047.5,46,18,311
71050.0,5,-21,292
71052.5,12,2,309
71055.0,9,61,219
71057.5,30,-58,270
71060.0,40,5,312
71062.5,35,-29,351
71065.0,-55,-24,353
71067.5,-17,-51,344
71070.0,-68,22,336
71072.5,2,-22,265
71075.0,-56,-46,252
71077.5,-56,-46,252
71080.0,-5,11,255
71082.5,34,26,259
71085.0,-46,-6,299
71087.5,19,-56,341
71090.0,8,-117,400
71092.5,-30,-17,339
71095.0,29,6,257
71097.5,15,-5,284
71100.0,-2,-17,303
71102.5,-34,10,334
71105.0,-30,10,293
71107.5,-12,-16,322
71110.0,53,-20,292
71112.5,-25,-22,357
71115.0,-35,-30,257
71117.5,-17,46,299
71120.0,-14,11,315
71122.5,1,-3,284
71125.0,-15,-24,279
71127.5,-15,-24,279
71130.0,-4,-41,334
71132.5,16,-21,242
71135.0,-43,-24,311
71137.5,53,4,282
71140.0,-45,-41,309
71142.5,-51,-34,327
71145.0,12,-27,314
71147.5,31,27,345
71150.0,30,10,263
71152.5,-4,-11,254
71155.0,-69,-28,300
71157.5,-3,5,291
71160.0,69,9,336
71162.5,-19,6,322
71165.0,85,46,225
71167.5,120,53,359
71170.0,97,38,238
71172.5,-2,16,216
71175.0,65,5,332
71177.5,65,5,332
71180.0,35,53,311
71182.5,-19,-22,335
71185.0,-15,-19,317
71187.5,62,25,239
71190.0,-41,-2,351
71192.5,94,23,248
71195.0,59,-7,275
71197.5,23,27,310
71200.0,58,12,332
71202.5,-67,-5,303
71205.0,-3,12,298
71207.5,116,-10,242
71210.0,10,-30,314
71212.5,53,16,242
71215.0,-6,9,253
71217.5,20,47,379
71220.0,22,-36,323
71222.5,47,6,375
71225.0,24,-14,301
71227.5,24,-14,301
71230.0,28,-78,211
71232.5,-11,-68,371
71235.0,47,-36,281
71237.5,37,-23,246
71240.0,-39,-8,343
71242.5,-29,-21,310
71245.0,-62,-59,321
71247.5,87,-36,320
71250.0,-15,-58,258
71252.5,-37,-8,293
71255.0,26,20,280
71257.5,7,-28,326
71260.0,104,-2,333
71262.5,-8,-26,287
71265.0,-46,-43,336
71267.5,69,26,294
71270.0,42,-8,245
71272.5,-32,-87,297
71275.0,23,26,359
71277.5,23,26,359
71280.0,-23,-34,316
71282.5,6,2,331
71285.0,48,-15,299
71287.5,-57,-38,313
71290.0,16,-9,313
71292.5,19,17,278
71295.0,-2,34,299
71297.5,36,7,271
71300.0,31,-20,295
71302.5,25,-25,350
71305.0,26,-3,309
71307.5,-3,-33,349
71310.0,9,26,312
71312.5,-1,-46,296
71315.0,-21,-6,330
71317.5,2,-8,277
71320.0,18,-18,325
71322.5,40,-24,329
71325.0,-21,28,288
71327.5,-21,28,288
71330.0,-42,-16,355
71332.5,-20,-36,302
71335.0,39,32,245
71337.5,-40,4,305
71340.0,27,-9,271
71342.5,-76,32,281
71345.0,-6,14,358
71347.5,16,6,291
71350.0,-16,-21,372
71352.5,31,0,379
71355.0,-43,22,267
71357.5,-41,-52,285
71360.0,79,5,255
71362.5,-1,-13,218
71365.0,-50,-33,334
71367.5,-58,-32,316
71370.0,-29,-42,362
71372.5,-2,-4,191
71375.0,35,8,274
71377.5,35,8,274
71380.0,35,-23,268
71382.5,59,38,217
71385.0,30,-12,374
71387.5,-17,-15,338
71390.0,0,-19,296
71392.5,14,-10,319
71395.0,-53,-62,354
71397.5,42,-11,183
71400.0,40,-25,294
71402.5,-9,-15,220
71405.0,-8,-11,344
71407.5,12,-12,298
71410.0,-16,-17,343
71412.5,48,-12,371
71415.0,86,1,209
71417.5,-24,-38,304
71420.0,15,-4,295
71422.5,16,-9,325
71425.0,3,-27,307
71427.5,3,-27,307
71430.0,49,-6,309
71432.5,71,-4,215
71435.0,24,-20,365
71437.5,-9,40,236
71440.0,-26,2,344
71442.5,-28,-21,376
71445.0,48,-10,290
71447.5,26,-3,335
71450.0,44,-33,334
71452.5,-21,-26,332
71455.0,51,4,348
71457.5,-12,-13,239
71460.0,36,4,300
71462.5,13,-15,347
71465.0,33,-4,312
71467.5,-50,0,302
71470.0,61,34,294
71472.5,47,-17,253
71475.0,47,-17,253
71477.5,9,-21,345
71480.0,23,35,267
71482.5,22,0,313
71485.0,-25,-23,310
71487.5,15,-24,308
71490.0,55,0,363
71492.5,40,-29,325
71495.0,28,-35,261
71497.5,-10,-8,283
71500.0,11,2,300
71502.5,-19,-13,297
71505.0,29,-12,345
71507.5,86,31,291
71510.0,-41,-13,335
71512.5,49,-26,266
71515.0,9,4,263
71517.5,8,-13,334
71520.0,26,2,294
71522.5,-34,-24,313
71525.0,-34,-24,313
71527.5,10,-38,282
71530.0,44,-35,236
71532.5,-27,-37,335
71535.0,131,44,261
71537.5,-159,-90,276
71540.0,-34,-22,394
71542.5,8,6,248
71545.0,-6,-25,356
71547.5,-3,-5,366
71550.0,-14,-2,228
71552.5,8,27,298
71555.0,65,27,380
71557.5,-63,-5,357
71560.0,37,-30,421
71562.5,71,-48,301
71565.0,40,23,381
71567.5,-25,-39,271
71570.0,52,15,321
71572.5,15,4,331
71575.0,15,4,331
71577.5,21,9,246
71580.0,10,-5,300
71582.5,-30,-20,380
71585.0,-21,-54,324
71587.5,-13,27,373
71590.0,-23,-2,269
71592.5,64,-5,194
71595.0,-16,7,297
71597.5,38,0,311
71600.0,38,-32,246
71602.5,26,-47,319
71605.0,37,0,229
71607.5,16,20,324
71610.0,54,8,237
71612.5,-138,-53,264
71615.0,-2,86,338
71617.5,32,1,330
71620.0,-15,-14,334
71622.5,62,-4,335
71625.0,62,-4,335
71627.5,35,-14,320
71630.0,49,21,334
71632.5,131,-4,232
71635.0,122,45,263
71637.5,26,-24,245
71640.0,30,18,301
71642.5,-5,-24,344
71645.0,32,22,326
71647.5,86,29,251
71650.0,-13,-45,344
71652.5,3,-4,191
71655.0,16,-28,328
71657.5,25,2,304
71660.0,-56,4,305
71662.5,7,-18,318
71665.0,21,-24,372
71667.5,36,0,317
71670.0,-9,-29,359
71672.5,30,-6,280
71675.0,30,-6,280
71677.5,18,-17,305
71680.0,-30,-20,291
71682.5,52,17,300
71685.0,31,-27,319
71687.5,-40,-45,307
71690.0,111,26,276
71692.5,-12,-43,362
71695.0,19,19,223
71697.5,6,32,260
71700.0,-37,8,290
71702.5,-4,0,279
71705.0,-21,-33,291
71707.5,-2,9,341
71710.0,-24,-9,288
71712.5,12,-13,362
71715.0,52,10,273
71717.5,12,6,277
71720.0,16,-21,327
71722.5,67,-1,217
71725.0,67,-1,217
71727.5,78,-18,312
71730.0,22,-13,345
71732.5,126,31,112
71735.0,18,1,366
71737.5,39,-14,302
71740.0,12,-20,307
71742.5,29,-1,316
71745.0,46,16,288
71747.5,-64,-45,511
71750.0,21,-21,382
71752.5,13,-21,233
71755.0,-7,-23,301
71757.5,21,10,244
71760.0,9,5,282
71762.5,-42,11,257
71765.0,39,31,349
71767.5,44,-32,400
71770.0,28,-31,301
71772.5,115,24,267
71775.0,115,24,267
71777.5,-51,-12,282
71780.0,-18,-17,267
71782.5,-33,-6,320
71785.0,-28,6,274
71787.5,-68,-27,425
71790.0,-19,-53,319
71792.5,33,19,260
71795.0,-30,-4,260
71797.5,-55,-32,317
71800.0,32,-25,266
71802.5,-27,-33,324
71805.0,6,11,361
71807.5,-32,-33,320
71810.0,60,3,351
71812.5,-16,-27,320
71815.0,26,7,281
71817.5,26,-7,292
71820.0,68,3,303
71822.5,64,9,296
71825.0,64,9,296
71827.5,-9,-64,339
71830.0,17,-13,266
71832.5,18,0,380
71835.0,75,43,207
71837.5,-103,-87,302
71840.0,-34,-17,313
71842.5,-1,-7,312
71845.0,29,-26,322
71847.5,7,-1,314
71850.0,-1,-21,285
71852.5,16,-13,363
71855.0,44,40,207
71857.5,-30,-36,297
71860.0,-27,-21,301
71862.5,-26,23,263
71865.0,23,4,334
71867.5,44,41,320
71870.0,22,18,232
71872.5,7,-19,318
71875.0,7,-19,318
71877.5,-19,-30,292
71880.0,7,-1,314
71882.5,-42,-9,315
71885.0,11,62,307
71887.5,-31,-22,321
71890.0,38,18,274
71892.5,91,15,261
71895.0,26,-16,284
71897.5,-8,-2,272
71900.0,-18,38,304
71902.5,14,6,316
71905.0,39,3,241
71907.5,30,-7,313
71910.0,73,10,157
71912.5,-11,4,327
71915.0,-2,-27,298
71917.5,26,40,257
71920.0,-60,-35,303
71922.5,-17,-13,328
71925.0,-17,-13,328
71927.5,76,-43,285
71930.0,10,-45,329
71932.5,-25,25,295
71935.0,52,43,329
71937.5,-27,-3,324
71940.0,21,14,301
71942.5,-22,-67,393
71945.0,35,-35,368
71947.5,112,36,212
71950.0,-60,-36,310
71952.5,41,-70,261
71955.0,1,-7,318
71957.5,17,-20,328
71960.0,-14,17,340
71962.5,-5,-3,367
71965.0,58,13,213
71967.5,-60,15,250
71970.0,9,-17,326
71972.5,9,-17,326
71975.0,44,25,279
71977.5,16,-30,292
71980.0,24,-47,390
71982.5,60,9,215
71985.0,43,-24,338
71987.5,-26,-10,267
71990.0,45,-15,230
71992.5,-63,-46,299
71995.0,70,-9,302
71997.5,-63,-59,276
72000.0,-23,-33,353
72002.5,-3,-5,344
72005.0,12,-18,306
72007.5,-10,-5,287
72010.0,-20,14,280
72012.5,-50,23,328
72015.0,34,1,327
72017.5,32,17,280
72020.0,0,8,329
72022.5,0,8,329
72025.0,-11,-34,310
72027.5,85,-14,337
72030.0,22,-27,261
72032.5,23,-46,303
72035.0,-48,-36,302
72037.5,9,-4,259
72040.0,-1,-27,330
72042.5,-24,25,362
72045.0,16,-17,280
72047.5,11,14,342
72050.0,42,12,238
72052.5,26,-6,301
72055.0,1,31,288
72057.5,0,-11,290
72060.0,11,8,323
72062.5,-7,-36,352
72065.0,36,-7,300
72067.5,-47,-19,340
72070.0,4,-9,239
72072.5,4,-9,239
72075.0,75,8,273
72077.5,42,-12,337
72080.0,36,0,245
72082.5,27,-16,321
72085.0,20,26,332
72087.5,-7,-18,319
72090.0,55,-37,360
72092.5,96,45,178
72095.0,40,-5,219
72097.5,-3,-17,313
72100.0,17,43,324
72102.5,40,22,249
72105.0,-43,-6,324
72107.5,-10,-14,229
72110.0,-44,-16,368
72112.5,2,-4,221
72115.0,-23,6,285
72117.5,29,4,287
72120.0,-10,-6,259
72122.5,-10,-6,259
72125.0,33,5,264
72127.5,67,-13,393
72130.0,53,35,220
72132.5,148,10,336
72135.0,-1,-15,245
72137.5,6,-1,307
72140.0,-42,-25,397
72142.5,69,19,277
72145.0,-68,10,298
72147.5,69,-39,237
72150.0,33,-26,281
72152.5,25,1,339
72155.0,22,16,233
72157.5,37,-29,227
72160.0,-38,25,269
72162.5,13,-47,461
72165.0,-21,-12,300
72167.5,-48,-67,324
72170.0,21,-7,286
72172.5,21,-7,286
72175.0,47,6,298
72177.5,67,6,239
72180.0,-41,-42,342
72182.5,4,-27,369
72185.0,50,12,343
72187.5,-26,-17,280
72190.0,48,-13,275
72192.5,-17,-38,286
72195.0,-14,-30,283
72197.5,-26,6,284
72200.0,33,-17,307
72202.5,-1,-15,298
72205.0,63,-8,231
72207.5,-30,-21,354
72210.0,35,49,233
72212.5,-29,-21,316
72215.0,-2,-5,285
72217.5,-17,6,282
72220.0,-51,-31,306
72222.5,-51,-31,306
72225.0,12,-25,304
72227.5,-30,-76,310
72230.0,10,-36,360
72232.5,-17,-29,246
72235.0,15,10,275
72237.5,34,28,293
72240.0,13,6,349
72242.5,-25,6,341
72245.0,59,8,310
72247.5,141,101,224
72250.0,16,1,295
72252.5,13,-16,256
72255.0,38,36,283
72257.5,-26,-10,346
72260.0,5,-20,287
72262.5,35,-30,381
72265.0,31,-34,273
72267.5,83,-9,306
72270.0,-29,-62,344
72272.5,-29,-62,344
72275.0,-24,-28,202
72277.5,-5,9,321
72280.0,22,-32,348
72282.5,48,20,290
72285.0,-26,-34,346
72287.5,4,-35,275
72290.0,-41,-23,246
72292.5,-2,-35,312
72295.0,-25,19,301
72297.5,-28,-31,294
72300.0,17,-28,349
72302.5,56,19,275
72305.0,27,108,344
72307.5,37,-15,272
72310.0,-49,3,289
72312.5,13,-46,358
72315.0,20,-6,364
72317.5,46,-23,303
72320.0,22,79,257
72322.5,22,79,257
72325.0,-58,-9,270
72327.5,-43,-40,371
72330.0,-85,14,290
72332.5,76,10,319
72335.0,-27,-35,333
72337.5,-47,-5,317
72340.0,-58,-38,325
72342.5,9,-9,304
72345.0,94,2,261
72347.5,6,-16,371
72350.0,-41,2,203
72352.5,-34,80,235
72355.0,-139,-43,319
72357.5,30,-14,337
72360.0,41,-23,335
72362.5,5,-89,289
72365.0,-8,3,255
72367.5,-133,-50,278
72370.0,52,5,240
72372.5,52,5,240
72375.0,-13,-11,302
72377.5,-31,19,321
72380.0,-10,12,271
72382.5,-18,-29,282
72385.0,-6,-31,296
72387.5,100,-18,276
72390.0,-9,-18,324
72392.5,27,-6,268
72395.0,11,-39,323
72397.5,7,-52,361
72400.0,58,35,282
72402.5,-46,-26,352
72405.0,22,-5,339
72407.5,61,12,290
72410.0,-17,-9,333
72412.5,35,30,291
72415.0,-1,-10,294
72417.5,10,-21,301
72420.0,2,-40,331
72422.5,2,-40,331
72425.0,-30,-36,371
72427.5,0,-24,303
72430.0,35,-11,258
72432.5,-37,-12,303
72435.0,7,-22,259
72437.5,-25,-6,300
72440.0,30,-34,338
72442.5,41,0,329
72445.0,-78,-39,318
72447.5,35,-9,285
72450.0,46,1,265
72452.5,9,-34,330
72455.0,74,9,213
72457.5,-28,-10,235
72460.0,16,-9,379
72462.5,44,-16,385
72465.0,48,46,307
72467.5,-11,11,291
72470.0,8,-18,251
72472.5,8,-18,251
72475.0,-10,-9,371
72477.5,82,38,192
72480.0,-9,2,331
72482.5,38,94,330
72485.0,9,-28,217
72487.5,-28,-28,390
72490.0,-13,-17,252
72492.5,58,-1,295
72495.0,-22,-36,319
72497.5,-21,19,332
72500.0,-9,-19,254
72502.5,10,-9,380
72505.0,10,30,333
72507.5,0,21,342
72510.0,20,43,191
72512.5,40,34,323
72515.0,85,21,300
72517.5,23,-10,380
72520.0,23,-10,380
72522.5,19,3,286
72525.0,7,-10,339
72527.5,-54,-14,378
72530.0,8,-17,328
72532.5,-4,-70,299
72535.0,-14,-17,274
72537.5,-4,-5,336
72540.0,65,-13,316
72542.5,30,4,344
72545.0,-46,-27,298
72547.5,-7,-30,257
72550.0,-44,-56,312
72552.5,25,28,202
72555.0,70,-1,295
72557.5,-6,-27,335
72560.0,-12,-18,316
72562.5,32,-19,345
72565.0,11,-50,286
72567.5,-3,-28,259
72570.0,-3,-28,259
72572.5,5,26,333
72575.0,0,-1,296
72577.5,0,0,272
72580.0,4,14,326
72582.5,34,33,309
72585.0,-19,-17,360
72587.5,-4,-14,258
72590.0,36,-16,312
72592.5,4,-3,309
72595.0,64,17,313
72597.5,-38,-17,302
72600.0,-35,-23,356
72602.5,35,26,305
72605.0,-46,-28,369
72607.5,72,44,229
72610.0,66,0,336
72612.5,-1,-31,331
72615.0,35,-22,343
72617.5,41,-2,373
72620.0,41,-2,373
72622.5,106,-38,353
72625.0,88,-56,293
72627.5,7,-54,304
72630.0,35,-24,269
72632.5,-15,-24,280
72635.0,27,-33,365
72637.5,5,27,287
72640.0,-108,-24,465
72642.5,-20,-44,309
72645.0,-41,-49,258
72647.5,59,4,343
72650.0,71,-9,271
72652.5,10,-4,306
72655.0,-20,-43,302
72657.5,86,23,330
72660.0,4,24,358
72662.5,41,-11,244
72665.0,77,8,193
72667.5,3,-15,296
72670.0,3,-15,296
72672.5,-15,8,355
72675.0,26,28,321
72677.5,-21,-31,382
72680.0,-1,-62,291
72682.5,-3,-12,299
72685.0,-21,-2,231
72687.5,90,5,232
72690.0,-31,4,348
72692.5,45,-5,350
72695.0,40,18,244
72697.5,66,-20,356
72700.0,-40,-5,297
72702.5,33,-4,391
72705.0,-32,-3,264
72707.5,2,26,264
72710.0,-28,2,323
72712.5,34,25,319
72715.0,18,-14,294
72717.5,-27,-41,378
72720.0,-27,-41,378
72722.5,61,7,307
72725.0,-26,-22,289
72727.5,48,-14,283
72730.0,48,21,305
72732.5,16,56,267
72735.0,20,-10,258
72737.5,13,-31,304
72740.0,1,18,365
72742.5,-46,2,274
72745.0,-68,-69,355
72747.5,-14,-60,289
72750.0,6,-14,319
72752.5,-8,-22,290
72755.0,41,44,308
72757.5,59,16,331
72760.0,29,7,337
72762.5,-28,0,277
72765.0,-36,-6,341
72767.5,-37,-3,278
72770.0,-37,-3,278
72772.5,27,-6,313
72775.0,12,-29,337
72777.5,35,-14,299
72780.0,39,-15,291
72782.5,-65,-15,325
72785.0,12,-25,302
72787.5,-30,-16,313
72790.0,-17,-46,263
72792.5,12,24,299
72795.0,7,23,302
72797.5,25,40,285
72800.0,-33,-1,310
72802.5,1,-17,337
72805.0,81,38,235
72807.5,-33,-25,319
72810.0,9,16,219
72812.5,8,32,288
72815.0,-6,1,317
72817.5,20,-1,297
72820.0,20,-1,297
72822.5,-26,3,312
72825.0,10,-23,294
72827.5,-3,0,269
72830.0,-39,-39,253
72832.5,3,36,286
72835.0,23,59,163
72837.5,39,-42,378
72840.0,-16,-8,310
72842.5,-29,34,316
72845.0,16,-18,226
72847.5,70,-13,265
72850.0,109,-16,293
72852.5,121,4,192
72855.0,-14,-21,345
72857.5,-95,-2,379
72860.0,94,-28,333
72862.5,1,-4,347
72865.0,3,-42,275
72867.5,-87,-7,177
72870.0,-87,-7,177
72872.5,-21,-35,314
72875.0,7,6,282
72877.5,4,-19,324
72880.0,-41,-33,309
72882.5,25,1,280
72885.0,-55,-48,322
72887.5,-59,-6,247
72890.0,49,-18,282
72892.5,79,15,335
72895.0,-13,-33,417
72897.5,12,6,308
72900.0,-2,-64,315
72902.5,128,-22,281
72905.0,-1,-78,331
72907.5,3,-3,198
72910.0,-49,-8,333
72912.5,-75,-23,365
72915.0,-20,-22,386
72917.5,-2,6,298
72920.0,-2,6,298
72922.5,15,-32,311
72925.0,69,30,365
72927.5,39,14,345
72930.0,-3,-4,232
72932.5,47,-14,268
72935.0,-8,4,343
72937.5,-21,-3,239
72940.0,7,-2,330
72942.5,-34,-59,297
72945.0,-11,-46,317
72947.5,-83,-46,373
72950.0,98,-6,234
72952.5,27,-17,300
72955.0,-17,-9,327
72957.5,7,9,274
72960.0,55,-2,356
72962.5,16,-32,254
72965.0,-1,-32,290
72967.5,-8,-21,313
72970.0,-8,-21,313
72972.5,24,-10,290
72975.0,37,3,273
72977.5,-33,-29,332
72980.0,-7,-38,338
72982.5,-14,30,381
72985.0,47,20,272
72987.5,31,-34,275
72990.0,-12,-24,290
72992.5,67,3,288
72995.0,48,-11,355
72997.5,23,-58,369
73000.0,85,-5,293
73002.5,-18,-25,321
73005.0,9,-40,215
73007.5,-5,14,285
73010.0,37,5,330
73012.5,-28,4,312
73015.0,-94,-30,331
73017.5,-94,-30,331
73020.0,-10,-9,349
73022.5,54,15,274
73025.0,-12,-34,246
73027.5,34,-25,314
73030.0,-11,-12,345
73032.5,-6,7,336
73035.0,-41,10,272
73037.5,-41,13,337
73040.0,6,43,254
73042.5,-11,-4,273
73045.0,-26,-40,319
73047.5,23,-13,291
73050.0,143,81,292
73052.5,5,1,350
73055.0,58,-26,265
73057.5,10,3,357
73060.0,21,-14,299
73062.5,37,-20,221
73065.0,20,-17,297
73067.5,20,-17,297
73070.0,22,-26,297
73072.5,-15,-4,309
73075.0,45,5,308
73077.5,-33,-8,300
73080.0,32,46,347
73082.5,45,11,274
73085.0,-53,57,238
73087.5,-12,-29,370
73090.0,61,-41,267
73092.5,13,-6,284
73095.0,12,12,326
73097.5,35,-20,249
73100.0,-4,-66,363
73102.5,-18,21,288
73105.0,-25,-24,303
73107.5,-24,-24,326
73110.0,42,-25,314
73112.5,-6,-40,325
73115.0,-22,-33,338
73117.5,-22,-33,338
73120.0,13,-25,273
73122.5,24,-24,357
73125.0,-22,-22,254
73127.5,44,18,291
73130.0,36,8,285
73132.5,-25,14,267
73135.0,-55,-45,354
73137.5,8,-25,365
73140.0,97,17,268
73142.5,22,3,348
73145.0,63,-13,286
73147.5,-44,-19,271
73150.0,20,-26,317
73152.5,16,-22,308
73155.0,-3,-3,312
73157.5,36,-19,345
73160.0,-29,-29,295
73162.5,28,-25,350
73165.0,-10,-32,228
73167.5,-10,-32,228
73170.0,-15,-4,309
73172.5,38,-34,282
73175.0,35,-27,294
73177.5,13,8,329
73180.0,-54,-50,340
73182.5,31,-2,264
73185.0,26,2,351
73187.5,-24,-7,248
73190.0,120,23,264
73192.5,22,9,275
73195.0,63,7,220
73197.5,32,-63,332
73200.0,137,63,331
73202.5,86,32,257
73205.0,25,6,331
73207.5,-16,-36,237
73210.0,-32,3,259
73212.5,18,-13,334
73215.0,15,5,211
73217.5,15,5,211
73220.0,126,104,377
73222.5,16,-16,403
73225.0,82,31,224
73227.5,-55,-58,338
73230.0,-20,17,256
73232.5,68,2,199
73235.0,-21,-38,390
73237.5,-16,-26,344
73240.0,3,22,277
73242.5,-2,-30,302
73245.0,14,-30,280
73247.5,-5,23,392
73250.0,-2,23,191
73252.5,-44,-33,338
73255.0,-9,2,386
73257.5,40,-5,320
73260.0,29,31,320
73262.5,1,-55,207
73265.0,-6,-16,245
73267.5,-6,-16,245
73270.0,-5,-34,297
73272.5,15,16,249
73275.0,-30,-15,311
73277.5,53,33,262
73280.0,20,-26,282
73282.5,38,0,369
73285.0,37,14,295
73287.5,33,-27,282
73290.0,32,-8,277
73292.5,34,33,281
73295.0,-33,-43,246
73297.5,-48,-80,358
73300.0,29,-24,299
73302.5,-78,-40,330
73305.0,51,-12,287
73307.5,-1,-25,272
73310.0,-26,-48,293
73312.5,47,50,337
73315.0,28,-33,381
73317.5,28,-33,381
73320.0,97,9,351
73322.5,27,14,347
73325.0,-63,-49,325
73327.5,-5,7,265
73330.0,0,5,309
73332.5,-14,-9,313
73335.0,-16,-15,272
73337.5,4,-3,354
73340.0,31,1,311
73342.5,64,40,296
73345.0,-10,-11,320
73347.5,43,8,235
73350.0,-58,-23,280
73352.5,-69,-7,351
73355.0,56,7,307
73357.5,-26,-29,345
73360.0,-26,-25,255
73362.5,-26,-26,306
73365.0,11,-6,309
73367.5,11,-6,309
73370.0,58,-27,355
73372.5,-18,-92,306
73375.0,22,-56,368
73377.5,36,0,313
73380.0,3,7,291
73382.5,-3,0,287
73385.0,-52,-43,372
73387.5,-31,12,320
73390.0,-5,19,277
73392.5,91,-27,322
73395.0,16,18,364
73397.5,0,-41,309
73400.0,-51,-67,307
73402.5,49,-5,262
73405.0,45,36,316
73407.5,-63,35,372
73410.0,-17,-30,335
73412.5,-27,-4,299
73415.0,40,33,300
73417.5,40,33,300
73420.0,41,-4,205
73422.5,-15,-24,252
73425.0,42,89,226
73427.5,-74,-39,341
73430.0,4,-36,343
73432.5,48,-6,278
73435.0,-26,-32,372
73437.5,80,29,222
73440.0,160,116,221
73442.5,-3,9,298
73445.0,-19,2,286
73447.5,31,24,276
73450.0,-12,2,284
73452.5,14,-30,238
73455.0,56,-23,334
73457.5,27,8,303
73460.0,-21,-21,260
73462.5,-30,-28,308
73465.0,-20,-7,299
73467.5,-20,-7,299
73470.0,-68,-57,333
73472.5,-28,-31,379
73475.0,-11,-36,279
73477.5,-34,10,358
73480.0,-3,-14,274
73482.5,43,-16,252
73485.0,-74,-25,287
73487.5,5,18,283
73490.0,-39,-36,296
73492.5,-41,-14,365
73495.0,38,-24,292
73497.5,55,-33,330
73500.0,9,9,241
73502.5,46,23,204
73505.0,15,7,291
73507.5,33,10,282
73510.0,-13,-11,297
73512.5,39,-11,366
73515.0,26,3,288
73517.5,26,3,288
73520.0,8,-16,382
73522.5,21,-17,292
73525.0,26,20,321
73527.5,-9,-48,313
73530.0,23,8,281
73532.5,0,11,313
73535.0,-25,-2,310
73537.5,38,-19,318
73540.0,-8,-22,343
73542.5,-36,-6,280
73545.0,-17,-34,276
73547.5,-31,-5,301
73550.0,19,22,286
73552.5,-30,-22,288
73555.0,49,38,336
73557.5,49,-12,303
73560.0,9,-22,326
73562.5,110,-41,275
73565.0,110,-41,275
73567.5,48,-29,278
73570.0,52,11,291
73572.5,37,13,373
73575.0,51,-15,273
73577.5,-18,49,282
73580.0,17,-8,299
73582.5,-75,-45,349
73585.0,-3,-47,190
73587.5,-187,-16,255
73590.0,3,11,333
73592.5,13,-10,294
73595.0,9,-7,295
73597.5,49,-8,391
73600.0,-54,-46,424
73602.5,5,-13,259
73605.0,65,34,228
73607.5,11,9,224
73610.0,-26,-7,459
73612.5,83,58,256
73615.0,83,58,256
73617.5,19,7,304
73620.0,49,-5,267
73622.5,-20,2,266
73625.0,-12,-28,338
73627.5,61,-9,265
73630.0,-43,8,190
73632.5,24,-24,315
73635.0,8,23,394
73637.5,-20,-48,289
73640.0,25,-16,311
73642.5,102,-27,273
73645.0,9,-5,318
73647.5,72,22,174
73650.0,-17,-17,314
73652.5,-21,-41,315
73655.0,30,4,330
73657.5,-22,-18,318
73660.0,-3,-54,240
73662.5,36,12,295
73665.0,36,12,295
73667.5,0,-28,291
73670.0,10,-3,345
73672.5,51,15,269
73675.0,-1,-9,265
73677.5,-38,-44,249
73680.0,-10,6,404
73682.5,-19,-5,279
73685.0,-97,-62,290
73687.5,5,-4,317
73690.0,29,-13,221
73692.5,30,-1,300
73695.0,72,37,329
73697.5,44,49,296
73700.0,-49,-17,365
73702.5,16,-14,250
73705.0,71,17,292
73707.5,-44,-30,297
73710.0,30,-17,327
73712.5,-8,-15,310
73715.0,-8,-15,310
73717.5,12,-19,339
73720.0,-73,-43,273
73722.5,-69,-11,304
73725.0,14,-25,260
73727.5,79,6,284
73730.0,-42,-1,291
73732.5,-32,-26,261
73735.0,66,28,342
73737.5,39,-17,235
73740.0,1,30,280
73742.5,83,1,254
73745.0,-8,-18,290
73747.5,-18,-3,283
73750.0,12,-7,374
73752.5,22,8,358
73755.0,-68,-40,423
73757.5,6,16,243
73760.0,108,13,272
73762.5,5,-13,301
73765.0,5,-13,301
73767.5,38,30,288
73770.0,77,15,295
73772.5,35,-20,364
73775.0,-30,-9,215
73777.5,106,21,354
73780.0,19,8,225
73782.5,69,30,209
73785.0,85,23,310
73787.5,20,2,294
73790.0,37,-25,261
73792.5,100,-4,279
73795.0,76,3,222
73797.5,6,51,330
73800.0,-5,-24,285
73802.5,2,-11,312
73805.0,69,15,304
73807.5,-25,-3,305
73810.0,-22,-38,325
73812.5,-14,-21,347
73815.0,-14,-21,347
73817.5,40,-29,242
73820.0,-86,-44,359
73822.5,-52,-28,367
73825.0,-13,-50,321
73827.5,-58,-5,279
73830.0,29,18,298
73832.5,22,-10,314
73835.0,6,-4,350
73837.5,3,-54,330
73840.0,44,30,377
73842.5,13,-8,274
73845.0,7,-7,288
73847.5,-3,-17,349
73850.0,36,-12,366
73852.5,14,-16,360
73855.0,-19,-30,390
73857.5,98,14,267
73860.0,1,-62,352
73862.5,-26,27,252
73865.0,-26,27,252
73867.5,71,-12,312
73870.0,-25,-17,311
73872.5,37,36,324
73875.0,14,-31,342
73877.5,24,10,331
73880.0,33,6,273
73882.5,23,-1,336
73885.0,-4,-39,303
73887.5,10,-6,301
73890.0,14,-8,338
73892.5,34,0,284
73895.0,49,-27,324
73897.5,42,0,328
73900.0,8,-40,286
73902.5,23,-1,333
73905.0,47,15,233
73907.5,-9,31,277
73910.0,-21,-3,284
73912.5,45,0,297
73915.0,45,0,297
73917.5,4,-43,354
73920.0,5,-19,347
73922.5,22,-6,295
73925.0,-32,-30,357
73927.5,-55,4,257
73930.0,39,-16,341
73932.5,-21,-76,371
73935.0,68,52,290
73937.5,-32,-43,305
73940.0,74,-26,333
73942.5,34,5,254
73945.0,-28,-22,343
73947.5,37,29,172
73950.0,8,3,283
73952.5,-12,-2,327
73955.0,-33,-50,262
73957.5,-55,-15,423
73960.0,42,-87,322
73962.5,17,-19,248
73965.0,17,-19,248
73967.5,18,-29,320
73970.0,25,-16,205
73972.5,-23,-21,306
73975.0,-64,40,438
73977.5,3,5,268
73980.0,-34,-23,326
73982.5,28,-25,274
73985.0,-30,1,277
73987.5,-25,10,283
73990.0,22,3,337
73992.5,23,12,313
73995.0,-36,4,333
73997.5,46,-24,344
74000.0,34,-10,261
74002.5,43,-16,292
74005.0,70,-12,248
74007.5,50,-12,346
74010.0,58,23,306
74012.5,-31,33,330
74015.0,-31,33,330
74017.5,-18,-11,349
74020.0,-61,-66,342
74022.5,-39,-61,307
74025.0,-4,29,272
74027.5,-62,-68,281
74030.0,-74,-3,272
74032.5,69,9,330
74035.0,91,-5,263
74037.5,65,15,323
74040.0,-41,0,220
74042.5,19,20,345
74045.0,-1,32,286
74047.5,24,-11,311
74050.0,11,4,294
74052.5,-33,-3,321
74055.0,-45,-14,336
74057.5,-8,-3,324
74060.0,74,-5,277
74062.5,-33,-10,322
74065.0,-33,-10,322
74067.5,-2,-40,259
74070.0,37,17,325
74072.5,-21,-13,368
74075.0,-1,-15,286
74077.5,44,-24,350
74080.0,8,-8,258
74082.5,-10,-27,275
74085.0,-39,-48,280
74087.5,50,7,299
74090.0,14,0,278
74092.5,-7,-37,363
74095.0,7,0,327
74097.5,-11,-13,371
74100.0,56,-5,220
74102.5,82,21,287
74105.0,28,-1,287
74107.5,6,4,254
74110.0,-100,-55,428
74112.5,-8,34,367
74115.0,-8,34,367
74117.5,-3,-18,182
74120.0,-90,-93,357
74122.5,-24,-25,311
74125.0,-22,-31,322
74127.5,-2,15,238
74130.0,6,-9,296
74132.5,5,-11,320
74135.0,58,35,291
74137.5,45,7,224
74140.0,-8,-33,342
74142.5,54,12,312
74145.0,-14,13,265
74147.5,-39,-6,349
74150.0,14,2,303
74152.5,13,-12,311
74155.0,-27,-54,257
74157.5,-48,13,208
74160.0,56,14,299
74162.5,56,14,299
74165.0,66,7,231
74167.5,-25,1,299
74170.0,59,8,399
74172.5,42,1,356
74175.0,-62,-31,338
74177.5,-12,-30,306
74180.0,-15,-9,224
74182.5,-38,-8,362
74185.0,45,6,287
74187.5,-51,39,317
74190.0,-99,-84,330
74192.5,45,-4,296
74195.0,15,2,311
74197.5,36,-3,278
74200.0,57,-17,285
74202.5,23,13,256
74205.0,74,29,221
74207.5,27,-37,285
74210.0,5,-55,392
74212.5,5,-55,392
74215.0,23,-15,339
74217.5,-13,-17,335
74220.0,45,27,270
74222.5,68,-1,233
74225.0,62,13,301
74227.5,-6,0,288
74230.0,18,-6,314
74232.5,12,-15,338
74235.0,27,69,246
74237.5,4,-18,363
74240.0,2,28,309
74242.5,89,16,290
74245.0,-4,14,299
74247.5,44,-11,254
74250.0,36,30,268
74252.5,1,20,360
74255.0,22,-28,313
74257.5,-57,-10,323
74260.0,10,-17,303
74262.5,10,-17,303
74265.0,29,-17,266
74267.5,-6,6,298
74270.0,78,38,253
74272.5,-17,-30,316
74275.0,5,-19,362
74277.5,24,6,296
74280.0,4,0,358
74282.5,-6,8,309
74285.0,-47,-16,238
74287.5,-37,-14,301
74290.0,-14,-12,272
74292.5,19,-12,336
74295.0,-40,-37,389
74297.5,73,-4,328
74300.0,-42,-86,360
74302.5,76,9,216
74305.0,15,-13,166
74307.5,-47,-1,304
74310.0,20,-44,282
74312.5,20,-44,282
74315.0,22,-44,331
74317.5,-46,-29,295
74320.0,37,-36,340
74322.5,82,-48,445
74325.0,39,42,253
74327.5,39,-16,276
74330.0,29,-18,282
74332.5,18,31,281
74335.0,27,11,308
74337.5,17,0,400
74340.0,42,-8,260
74342.5,-2,-42,389
74345.0,24,-5,227
74347.5,-24,-37,208
74350.0,2,-10,284
74352.5,58,26,361
74355.0,46,-1,310
74357.5,40,-40,346
74360.0,32,1,312
74362.5,32,1,312
74365.0,-42,-44,320
74367.5,7,-1,237
74370.0,-5,10,250
74372.5,-26,6,340
74375.0,31,9,341
74377.5,-70,-28,307
74380.0,58,15,351
74382.5,-61,-69,298
74385.0,-26,-27,332
74387.5,44,4,281
74390.0,45,-17,286
74392.5,16,12,330
74395.0,-49,-15,377
74397.5,24,-5,345
74400.0,16,-84,306
74402.5,-41,-36,239
74405.0,-51,-15,359
74407.5,96,35,240
74410.0,-13,-47,317
74412.5,-13,-47,317
74415.0,-71,-60,403
74417.5,-3,-59,396
74420.0,18,12,360
74422.5,3,-18,297
74425.0,150,64,274
74427.5,-38,-50,260
74430.0,25,-28,300
74432.5,62,44,252
74435.0,-65,-33,301
74437.5,61,-9,288
74440.0,39,21,349
74442.5,-2,-60,289
74445.0,41,-35,292
74447.5,-40,-29,316
74450.0,59,-10,292
74452.5,10,6,310
74455.0,48,6,319
74457.5,20,-20,250
74460.0,-33,-38,356
74462.5,-33,-38,356
74465.0,44,6,229
74467.5,-28,-36,227
74470.0,35,6,300
74472.5,21,10,338
74475.0,23,-21,233
74477.5,9,5,320
74480.0,-1,3,351
74482.5,-95,-93,302
74485.0,61,16,186
74487.5,25,-38,295
74490.0,-13,7,325
74492.5,27,7,339
74495.0,-4,-9,320
74497.5,109,-24,350
74500.0,53,-43,277
74502.5,-54,-52,314
74505.0,53,-30,302
74507.5,1,-62,349
74510.0,-20,-17,380
74512.5,-20,-17,380
74515.0,89,36,288
74517.5,13,-16,327
74520.0,12,5,262
74522.5,106,33,209
74525.0,-32,-42,288
74527.5,-65,38,259
74530.0,0,-18,287
74532.5,-12,16,321
74535.0,54,2,288
74537.5,49,-43,344
74540.0,44,-1,252
74542.5,80,50,190
74545.0,7,17,269
74547.5,25,-18,272
74550.0,16,11,336
74552.5,-47,-24,338
74555.0,29,-35,310
74557.5,-7,-33,375
74560.0,-58,-8,287
74562.5,-58,-8,287
74565.0,-12,-18,261
74567.5,-11,-14,272
74570.0,75,16,289
74572.5,6,19,316
74575.0,42,-44,424
74577.5,-26,-48,333
74580.0,-3,-16,350
74582.5,-1,-21,298
74585.0,-31,-37,324
74587.5,-25,-37,284
74590.0,54,20,266
74592.5,49,-3,283
74595.0,-30,-14,320
74597.5,41,4,305
74600.0,-51,-86,390
74602.5,-6,-44,313
74605.0,-16,-24,306
74607.5,-1,-10,322
74610.0,6,4,285
74612.5,6,4,285
74615.0,0,-21,323
74617.5,-31,-9,289
74620.0,44,-10,273
74622.5,-49,-8,355
74625.0,36,-20,269
74627.5,16,3,284
74630.0,13,3,302
74632.5,13,-24,277
74635.0,10,12,311
74637.5,-55,-9,308
74640.0,48,21,297
74642.5,22,-5,348
74645.0,49,21,279
74647.5,8,25,212
74650.0,-11,-13,286
74652.5,-5,30,269
74655.0,12,19,319
74657.5,-43,-11,324
74660.0,-43,-11,324
74662.5,44,-16,262
74665.0,58,-1,345
74667.5,-12,-44,252
74670.0,6,-13,337
74672.5,-36,-62,245
74675.0,24,42,116
74677.5,23,-33,367
74680.0,-47,-14,376
74682.5,33,-38,293
74685.0,31,-10,312
74687.5,23,-34,317
74690.0,-27,26,437
74692.5,31,0,146
74695.0,87,25,312
74697.5,-17,-35,268
74700.0,15,6,354
74702.5,40,-2,301
74705.0,60,-98,365
74707.5,23,-19,323
74710.0,23,-19,323
74712.5,36,3,301
74715.0,-30,-12,228
74717.5,-2,-23,310
74720.0,26,27,258
74722.5,69,-49,379
74725.0,-22,-6,251
74727.5,-23,15,308
74730.0,3,-5,304
74732.5,-17,-25,270
74735.0,-35,-37,381
74737.5,44,12,259
74740.0,-40,-15,290
74742.5,8,-48,335
74745.0,55,-10,267
74747.5,9,-14,309
74750.0,-46,18,237
74752.5,-7,7,318
74755.0,47,-23,361
74757.5,42,1,298
74760.0,42,1,298
74762.5,5,-23,331
74765.0,34,-5,351
74767.5,91,-21,275
74770.0,7,-14,366
74772.5,61,-1,251
74775.0,-6,4,309
74777.5,33,17,339
74780.0,32,6,287
74782.5,-41,-34,339
74785.0,16,4,261
74787.5,13,12,226
74790.0,-11,-16,303
74792.5,34,-1,264
74795.0,-44,-14,298
74797.5,-13,-35,324
74800.0,-1,-35,300
74802.5,-14,-32,339
74805.0,17,-48,285
74807.5,13,-3,251
74810.0,13,-3,251
74812.5,-14,-21,288
74815.0,-23,-20,303
74817.5,-58,-12,303
74820.0,-3,-47,356
74822.5,-15,-41,282
74825.0,-26,-16,342
74827.5,36,-24,227
74830.0,17,4,281
74832.5,37,-22,329
74835.0,10,26,315
74837.5,33,-17,356
74840.0,13,-8,309
74842.5,-26,-43,263
74845.0,15,-89,331
74847.5,-33,-5,246
74850.0,-5,-35,267
74852.5,40,-54,345
74855.0,-24,26,252
74857.5,0,-8,342
74860.0,0,-8,342
74862.5,21,29,264
74865.0,67,20,177
74867.5,-75,-47,338
74870.0,22,26,275
74872.5,12,-9,283
74875.0,-48,-23,354
74877.5,4,-32,323
74880.0,-52,-27,259
74882.5,23,-26,271
74885.0,29,-77,354
74887.5,28,-13,302
74890.0,-8,13,313
74892.5,53,9,339
74895.0,35,14,327
74897.5,147,-6,294
74900.0,-17,-27,344
74902.5,-10,1,262
74905.0,-47,-31,216
74907.5,-6,29,269
74910.0,-6,29,269
74912.5,1,-40,345
74915.0,-31,-48,369
74917.5,17,9,294
74920.0,49,-10,236
74922.5,-29,-56,366
74925.0,-79,-48,312
74927.5,-34,20,259
74930.0,-37,-13,329
74932.5,52,3,338
74935.0,45,-23,365
74937.5,26,-11,363
74940.0,47,-20,220
74942.5,-5,-15,373
74945.0,34,18,274
74947.5,70,-20,296
74950.0,-28,-21,325
74952.5,31,10,360
74955.0,74,-5,267
74957.5,-36,-64,337
74960.0,-36,-64,337
74962.5,38,11,277
74965.0,44,11,337
74967.5,17,-15,262
74970.0,-18,-63,287
74972.5,-53,-30,294
74975.0,-38,15,331
74977.5,-3,2,329
74980.0,-6,-34,345
74982.5,-10,-4,335
74985.0,-73,-26,338
74987.5,15,8,242
74990.0,21,-13,265
74992.5,-17,-23,316
74995.0,53,-29,321
74997.5,27,-6,346
75000.0,21,-12,329
75002.5,32,3,314
75005.0,-62,-31,358
75007.5,33,-16,244
75010.0,33,-16,244
75012.5,-13,42,300
75015.0,-2,-70,312
75017.5,58,-10,255
75020.0,7,-6,271
75022.5,9,-40,347
75025.0,11,-11,287
75027.5,18,-1,367
75030.0,2,-14,255
75032.5,96,17,294
75035.0,-5,-45,248
75037.5,51,15,315
75040.0,-52,-74,323
75042.5,43,11,183
75045.0,93,20,297
75047.5,-26,-33,323
75050.0,-18,-21,164
75052.5,-2,-52,228
75055.0,5,-7,315
75057.5,33,29,442
75060.0,33,29,442
75062.5,52,-58,239
75065.0,29,-34,378
75067.5,78,6,242
75070.0,-11,-18,365
75072.5,52,13,164
75075.0,41,-11,397
75077.5,25,-9,309
75080.0,32,15,355
75082.5,-29,-29,252
75085.0,20,11,356
75087.5,14,26,239
75090.0,-26,40,203
75092.5,-20,-2,322
75095.0,-21,-16,293
75097.5,13,2,416
75100.0,17,-18,310
75102.5,-73,-42,385
75105.0,12,-26,288
75107.5,67,-56,260
75110.0,67,-56,260
75112.5,9,-16,278
75115.0,19,-15,297
75117.5,2,5,307
75120.0,-20,-12,347
75122.5,43,-9,360
75125.0,6,-40,354
75127.5,44,-21,300
75130.0,19,-3,222
75132.5,-29,7,366
75135.0,-9,-11,315
75137.5,-24,-16,310
75140.0,29,-24,322
75142.5,-16,-25,286
75145.0,48,28,385
75147.5,0,18,293
75150.0,-17,-16,309
75152.5,-23,-27,309
75155.0,23,4,308
75157.5,-7,-24,308
75160.0,-7,-24,308
75162.5,22,-48,361
75165.0,18,-9,282
75167.5,32,-12,353
75170.0,88,22,222
75172.5,-20,-15,284
75175.0,25,15,328
75177.5,44,25,334
75180.0,-5,25,317
75182.5,-4,-27,340
75185.0,29,-24,272
75187.5,-5,-9,312
75190.0,10,-13,246
75192.5,13,-1,295
75195.0,-26,-39,321
75197.5,45,0,284
75200.0,18,-30,349
75202.5,-14,-40,328
75205.0,-53,-23,279
75207.5,-53,-23,279
75210.0,-4,-16,324
75212.5,35,-9,260
75215.0,41,7,236
75217.5,3,-19,332
75220.0,-40,-48,363
75222.5,-20,-6,303
75225.0,11,21,289
75227.5,28,6,298
75230.0,-6,-12,316
75232.5,31,-36,294
75235.0,6,29,335
75237.5,-25,-23,401
75240.0,87,-13,253
75242.5,-28,-43,285
75245.0,-17,-55,280
75247.5,35,63,252
75250.0,-41,-20,321
75252.5,42,17,325
75255.0,-21,-8,258
75257.5,-21,-8,258
75260.0,-31,-15,403
75262.5,-46,-51,282
75265.0,-74,-1,348
75267.5,10,-34,206
75270.0,43,-15,261
75272.5,80,-23,286
75275.0,3,31,316
75277.5,-1,-19,311
75280.0,79,11,346
75282.5,-10,-24,246
75285.0,3,5,319
75287.5,41,-2,296
75290.0,-31,-20,273
75292.5,17,-17,323
75295.0,2,52,249
75297.5,57,9,366
75300.0,-26,-27,309
75302.5,9,5,292
75305.0,-25,-37,379
75307.5,-25,-37,379
75310.0,38,34,298
75312.5,29,-30,316
75315.0,-14,-26,334
75317.5,70,28,348
75320.0,-16,5,344
75322.5,51,-38,331
75325.0,32,-21,299
75327.5,-12,-84,314
75330.0,-59,-29,318
75332.5,14,-19,327
75335.0,35,8,292
75337.5,47,22,257
75340.0,27,4,327
75342.5,-25,-45,329
75345.0,61,28,268
75347.5,-26,-21,334
75350.0,11,20,252
75352.5,3,12,279
75355.0,-2,-18,275
75357.5,-2,-18,275
75360.0,34,-15,292
75362.5,18,6,318
75365.0,-5,8,328
75367.5,-13,5,264
75370.0,-16,-29,318
75372.5,84,10,251
75375.0,-3,-9,284
75377.5,-5,-26,317
75380.0,46,-11,282
75382.5,31,-2,341
75385.0,49,3,331
75387.5,43,-21,267
75390.0,-46,-46,314
75392.5,-19,-5,242
75395.0,-63,-22,295
75397.5,-4,-19,357
75400.0,23,26,325
75402.5,-13,36,390
75405.0,22,-129,335
75407.5,22,-129,335
75410.0,-11,-15,333
75412.5,-8,-43,284
75415.0,-35,-43,216
75417.5,20,-24,332
75420.0,-13,-7,349
75422.5,-24,8,310
75425.0,-12,-4,246
75427.5,32,-39,430
75430.0,28,-34,226
75432.5,-39,-26,315
75435.0,27,-21,234
75437.5,12,-24,336
75440.0,22,-18,339
75442.5,86,-1,318
75445.0,-37,-45,268
75447.5,4,-21,320
75450.0,4,-3,202
75452.5,19,-14,336
75455.0,10,-3,274
75457.5,10,-3,274
75460.0,0,10,297
75462.5,64,29,345
75465.0,65,-17,264
75467.5,4,-11,335
75470.0,-51,-44,274
75472.5,26,17,357
75475.0,-22,4,317
75477.5,6,-23,226
75480.0,15,-2,296
75482.5,-19,-23,335
75485.0,61,-12,297
75487.5,54,3,292
75490.0,45,7,242
75492.5,30,-20,240
75495.0,-8,-3,389
75497.5,7,-10,269
75500.0,33,49,229
75502.5,-1,-1,335
75505.0,57,-2,284
75507.5,57,-2,284
75510.0,6,-43,327
75512.5,61,-18,243
75515.0,30,-24,311
75517.5,5,-12,262
75520.0,-15,3,291
75522.5,-77,-21,308
75525.0,14,-14,339
75527.5,30,10,269
75530.0,-63,-5,354
75532.5,11,2,284
75535.0,-6,-39,300
75537.5,-5,-42,344
75540.0,59,4,265
75542.5,50,-14,336
75545.0,29,7,308
75547.5,-29,-63,295
75550.0,-16,-26,297
75552.5,84,7,293
75555.0,-10,23,295
75557.5,-10,23,295
75560.0,-10,8,352
75562.5,13,-11,324
75565.0,-6,-19,366
75567.5,45,23,249
75570.0,-50,-35,272
75572.5,-43,-20,328
75575.0,-23,24,300
75577.5,50,-15,341
75580.0,-38,19,344
75582.5,-8,41,350
75585.0,16,-16,311
75587.5,-37,-51,216
75590.0,29,6,215
75592.5,44,-20,302
75595.0,4,9,333
75597.5,53,-3,354
75600.0,72,18,300
75602.5,56,3,238
75605.0,1,-67,370
75607.5,1,-67,370
75610.0,47,-3,267
75612.5,-65,34,317
75615.0,2,7,376
75617.5,61,41,295
75620.0,68,13,295
75622.5,14,-17,288
75625.0,7,-41,284
75627.5,17,5,393
75630.0,1,29,284
75632.5,-15,-48,313
75635.0,-59,12,381
75637.5,-12,-5,251
75640.0,10,-5,344
75642.5,-18,-68,255
75645.0,64,-4,271
75647.5,-98,0,303
75650.0,-21,45,257
75652.5,-16,-12,336
75655.0,-17,-4,376
75657.5,-17,-4,376
75660.0,16,-27,312
75662.5,-65,-23,285
75665.0,43,9,286
75667.5,52,-20,247
75670.0,-4,-24,318
75672.5,-19,4,339
75675.0,11,12,354
75677.5,41,64,391
75680.0,-67,-34,342
75682.5,16,-1,351
75685.0,11,-29,263
75687.5,18,-8,305
75690.0,-8,-16,273
75692.5,63,-13,329
75695.0,-43,-16,318
75697.5,-5,-15,376
75700.0,32,15,329
75702.5,50,-28,359
75705.0,-23,-64,221
75707.5,-23,-64,221
75710.0,-52,3,255
75712.5,1,-13,273
75715.0,0,10,277
75717.5,-41,5,308
75720.0,-24,-5,341
75722.5,13,-11,315
75725.0,-33,-22,326
75727.5,52,2,266
75730.0,65,1,252
75732.5,28,23,302
75735.0,-10,-4,279
75737.5,50,-18,329
75740.0,-1,-20,327
75742.5,40,-25,310
75745.0,11,-23,372
75747.5,43,-4,282
75750.0,-13,-31,231
75752.5,3,-10,289
75755.0,3,-10,289
75757.5,31,13,275
75760.0,23,-30,338
75762.5,-20,-23,325
75765.0,24,6,312
75767.5,-16,-12,377
75770.0,-7,-10,252
75772.5,36,7,279
75775.0,115,23,273
75777.5,55,5,280
75780.0,24,-15,398
75782.5,-66,-35,243
75785.0,-15,-15,351
75787.5,-24,-58,333
75790.0,-34,-19,293
75792.5,128,22,268
75795.0,-20,-4,363
75797.5,37,10,278
75800.0,-38,-29,324
75802.5,46,-11,345
75805.0,46,-11,345
75807.5,28,1,259
75810.0,-13,-59,288
75812.5,25,10,231
75815.0,-37,-31,310
75817.5,-83,22,293
75820.0,-3,9,318
75822.5,0,-8,292
75825.0,-58,-27,316
75827.5,-14,3,236
75830.0,-33,-55,352
75832.5,-2,-23,280
75835.0,26,-3,312
75837.5,19,-9,349
75840.0,12,-25,331
75842.5,-23,3,320
75845.0,-39,-49,336
75847.5,14,-8,283
75850.0,-16,-19,285
75852.5,56,15,207
75855.0,56,15,207
75857.5,27,17,277
75860.0,-2,-33,376
75862.5,41,-15,282
75865.0,-21,-14,326
75867.5,8,-38,248
75870.0,14,-14,220
75872.5,25,-12,343
75875.0,15,15,233
75877.5,-23,-7,321
75880.0,-35,6,354
75882.5,75,3,319
75885.0,26,-29,327
75887.5,18,-53,278
75890.0,40,-6,317
75892.5,22,11,267
75895.0,-3,-27,297
75897.5,42,3,305
75900.0,44,9,355
75902.5,-1,-25,330
75905.0,-1,-25,330
75907.5,-26,2,378
75910.0,100,6,245
75912.5,-6,-18,319
75915.0,11,-20,311
75917.5,11,4,295
75920.0,41,5,322
75922.5,13,9,330
75925.0,2,-20,249
75927.5,-94,-41,348
75930.0,60,5,261
75932.5,15,8,275
75935.0,-30,-6,320
75937.5,3,-5,299
75940.0,-24,6,326
75942.5,15,-28,289
75945.0,47,-9,262
75947.5,48,-33,333
75950.0,51,-16,335
75952.5,-49,-7,298
75955.0,-49,-7,298
75957.5,-18,-20,292
75960.0,27,5,295
75962.5,-68,-34,404
75965.0,-71,-35,335
75967.5,87,25,235
75970.0,-44,-20,319
75972.5,28,-13,255
75975.0,18,-48,285
75977.5,-36,-41,323
75980.0,51,-15,218
75982.5,-7,-9,317
75985.0,174,27,284
75987.5,24,-37,250
75990.0,-28,-34,255
75992.5,49,12,313
75995.0,46,-13,391
75997.5,12,-37,340
76000.0,157,11,196
76002.5,35,-31,365
76005.0,35,-31,365
76007.5,-22,-31,277
76010.0,-73,-25,282
76012.5,30,-6,333
76015.0,28,9,332
76017.5,-33,-30,357
76020.0,-15,13,349
76022.5,87,-22,274
76025.0,-25,-21,308
76027.5,36,-21,258
76030.0,-20,-1,261
76032.5,6,-49,312
76035.0,-61,10,340
76037.5,1,-23,303
76040.0,56,-40,345
76042.5,31,-41,241
76045.0,14,-67,401
76047.5,31,28,316
76050.0,9,4,254
76052.5,19,-30,351
76055.0,19,-30,351
76057.5,49,8,336
76060.0,45,-27,311
76062.5,24,34,311
76065.0,89,-5,171
76067.5,24,8,346
76070.0,30,-33,278
76072.5,27,-18,309
76075.0,-30,-9,293
76077.5,37,8,290
76080.0,-21,-10,278
76082.5,-30,-5,335
76085.0,-29,15,271
76087.5,-25,-21,312
76090.0,14,3,265
76092.5,42,12,262
76095.0,-2,1,318
76097.5,47,-18,312
76100.0,-62,-35,355
76102.5,-22,-21,333
76105.0,-22,-21,333
76107.5,81,24,275
76110.0,34,-21,341
76112.5,125,6,246
76115.0,43,18,295
76117.5,7,-10,300
76120.0,169,-3,330
76122.5,35,-20,280
76125.0,-14,0,334
76127.5,52,-12,309
76130.0,-9,-39,350
76132.5,31,4,216
76135.0,-27,9,267
76137.5,16,9,386
76140.0,-3,38,398
76142.5,-29,-12,446
76145.0,31,33,347
76147.5,9,-33,401
76150.0,-8,-4,301
76152.5,-23,-4,233
76155.0,-23,-4,233
76157.5,24,-9,287
76160.0,-30,-49,334
76162.5,29,80,302
76165.0,-10,-35,207
76167.5,23,-18,386
76170.0,32,46,238
76172.5,50,-10,379
76175.0,56,16,255
76177.5,-33,9,270
76180.0,7,-20,334
76182.5,41,0,260
76185.0,74,24,319
76187.5,18,4,313
76190.0,19,4,239
76192.5,-10,15,369
76195.0,-24,-20,262
76197.5,13,-23,297
76200.0,28,-11,296
76202.5,41,-7,281
76205.0,41,-7,281
76207.5,-8,-63,359
76210.0,31,-30,305
76212.5,-33,-13,250
76215.0,-24,-21,351
76217.5,28,27,284
76220.0,18,5,288
76222.5,14,-15,317
76225.0,-20,-8,279
76227.5,-9,-30,345
76230.0,13,-24,231
76232.5,19,-30,280
76235.0,-11,-20,315
76237.5,64,21,335
76240.0,-25,-13,339
76242.5,16,-19,336
76245.0,-5,8,294
76247.5,-73,-31,316
76250.0,92,22,295
76252.5,32,-18,288
76255.0,32,-18,288
76257.5,3,-16,299
76260.0,16,6,354
76262.5,-24,-3,288
76265.0,-80,-26,334
76267.5,46,16,251
76270.0,-59,-46,342
76272.5,37,16,266
76275.0,34,-6,343
76277.5,-2,-3,280
76280.0,34,-12,308
76282.5,74,-8,336
76285.0,57,-16,301
76287.5,32,-56,322
76290.0,-42,-27,313
76292.5,-49,10,260
76295.0,-20,-7,286
76297.5,-13,-13,340
76300.0,47,-31,295
76302.5,-19,-6,362
76305.0,-19,-6,362
76307.5,27,-38,302
76310.0,19,-8,264
76312.5,26,-85,341
76315.0,-7,-4,235
76317.5,-128,-29,273
76320.0,-4,-18,319
76322.5,105,11,224
76325.0,-107,-50,268
76327.5,52,34,302
76330.0,21,-28,351
76332.5,-25,-44,318
76335.0,30,14,276
76337.5,-1,-13,349
76340.0,-30,-30,332
76342.5,25,-6,306
76345.0,29,-45,309
76347.5,-37,-32,285
76350.0,-36,-2,312
76352.5,27,-49,391
76355.0,27,-49,391
76357.5,53,-27,338
76360.0,-11,51,259
76362.5,-26,4,341
76365.0,41,-2,237
76367.5,-76,-31,261
76370.0,137,47,291
76372.5,-44,-13,321
76375.0,33,16,311
76377.5,49,-21,318
76380.0,36,-25,368
76382.5,86,-12,325
76385.0,98,21,226
76387.5,23,-31,284
76390.0,22,7,305
76392.5,33,3,318
76395.0,-47,-1,313
76397.5,57,14,259
76400.0,-13,-5,332
76402.5,-7,-6,297
76405.0,-7,-6,297
76407.5,24,25,233
76410.0,7,8,329
76412.5,89,27,268
76415.0,9,8,233
76417.5,25,-33,337
76420.0,26,3,318
76422.5,-36,-23,353
76425.0,45,-54,308
76427.5,-36,-34,262
76430.0,-30,-22,321
76432.5,73,-1,289
76435.0,26,-16,313
76437.5,40,-22,326
76440.0,-7,-23,283
76442.5,35,0,320
76445.0,88,-8,325
76447.5,40,-4,249
76450.0,-51,-43,300
76452.5,6,1,246
76455.0,6,1,246
76457.5,10,6,302
76460.0,-8,-17,300
76462.5,63,-32,302
76465.0,-44,-42,358
76467.5,52,-16,372
76470.0,-34,-11,272
76472.5,65,14,324
76475.0,13,-9,243
76477.5,-24,-43,306
76480.0,-4,-25,341
76482.5,52,23,286
76485.0,-27,-31,347
76487.5,63,-22,332
76490.0,21,-6,229
76492.5,-11,21,313
76495.0,43,8,237
76497.5,-9,-13,288
76500.0,5,-17,349
76502.5,-5,22,339
76505.0,-5,22,339
76507.5,46,-20,325
76510.0,30,49,270
76512.5,72,-21,372
76515.0,-66,-20,312
76517.5,-72,-65,319
76520.0,13,22,322
76522.5,-45,17,350
76525.0,41,-27,311
76527.5,1,-26,356
76530.0,90,21,159
76532.5,-61,-37,250
76535.0,39,-15,360
76537.5,45,9,244
76540.0,22,39,327
76542.5,13,22,337
76545.0,0,-65,432
76547.5,28,-20,283
76550.0,11,5,344
76552.5,-9,-9,284
76555.0,-9,-9,284
76557.5,-48,-19,307
76560.0,53,13,293
76562.5,-24,-7,322
76565.0,-3,-4,381
76567.5,31,-11,295
76570.0,-39,-42,254
76572.5,-33,-66,235
76575.0,-6,37,349
76577.5,35,-14,289
76580.0,6,-17,308
76582.5,32,-22,289
76585.0,5,-14,400
76587.5,35,-4,274
76590.0,58,-8,336
76592.5,34,2,253
76595.0,-8,-17,272
76597.5,-31,-1,279
76600.0,23,10,285
76602.5,14,-29,396
76605.0,14,-29,396
76607.5,19,18,286
76610.0,70,23,269
76612.5,-95,-46,286
76615.0,0,-24,253
76617.5,40,-17,264
76620.0,24,5,333
76622.5,41,0,321
76625.0,16,-12,288
76627.5,25,-30,332
76630.0,37,21,248
76632.5,-52,-36,329
76635.0,68,15,210
76637.5,26,-17,336
76640.0,-5,-26,322
76642.5,22,-31,288
76645.0,10,-19,375
76647.5,21,-10,328
76650.0,-29,-31,263
76652.5,-29,-31,263
76655.0,-71,-32,298
76657.5,103,30,261
76660.0,17,4,306
76662.5,-35,-33,320
76665.0,18,9,308
76667.5,-43,-60,374
76670.0,-39,-50,253
76672.5,2,5,280
76675.0,-57,-73,315
76677.5,127,17,329
76680.0,2,-55,366
76682.5,26,-4,329
76685.0,18,-21,266
76687.5,-51,4,408
76690.0,28,-19,295
76692.5,24,6,174
76695.0,-14,-15,335
76697.5,53,26,315
76700.0,31,27,344
76702.5,31,27,344
76705.0,-31,9,341
76707.5,-17,-21,240
76710.0,-88,-26,353
76712.5,-33,-27,241
76715.0,-79,-19,302
76717.5,1,21,345
76720.0,67,-10,272
76722.5,88,-4,359
76725.0,36,-25,328
76727.5,32,0,226
76730.0,6,7,324
76732.5,84,7,266
76735.0,-86,-18,279
76737.5,-83,-56,361
76740.0,15,-15,353
76742.5,2,-10,311
76745.0,-6,1,296
76747.5,76,6,258
76750.0,90,4,307
76752.5,90,4,307
76755.0,25,0,275
76757.5,-3,-32,329
76760.0,-7,-11,335
76762.5,-31,-12,298
76765.0,28,-11,326
76767.5,-22,-48,336
76770.0,108,-21,277
76772.5,-5,-6,302
76775.0,53,-15,253
76777.5,45,19,300
76780.0,4,-33,336
76782.5,63,-28,314
76785.0,6,-11,364
76787.5,-27,1,245
76790.0,-8,12,275
76792.5,22,-34,365
76795.0,43,-6,274
76797.5,-72,13,246
76800.0,-24,33,354
76802.5,-24,33,354
76805.0,-45,-9,301
76807.5,-13,-30,301
76810.0,29,26,303
76812.5,83,-17,314
76815.0,-69,-51,364
76817.5,74,-13,227
76820.0,55,-11,248
76822.5,2,-7,300
76825.0,18,7,274
76827.5,-3,15,321
76830.0,32,-13,320
76832.5,35,-24,311
76835.0,-11,-53,347
76837.5,33,32,274
76840.0,24,17,295
76842.5,-21,-18,331
76845.0,12,6,278
76847.5,-15,-33,318
76850.0,30,-30,320
76852.5,30,-30,320
76855.0,28,-24,265
76857.5,6,16,307
76860.0,23,-7,243
76862.5,18,-35,306
76865.0,-15,-34,348
76867.5,55,-4,313
76870.0,-100,-49,324
76872.5,-12,-43,310
76875.0,26,-41,249
76877.5,-51,-62,293
76880.0,138,-26,268
76882.5,-20,-13,271
76885.0,-39,-40,444
76887.5,7,-27,292
76890.0,-5,16,327
76892.5,80,4,268
76895.0,-7,-25,233
76897.5,53,5,416
76900.0,107,-6,243
76902.5,107,-6,243
76905.0,0,-32,294
76907.5,-20,-13,319
76910.0,30,1,309
76912.5,-111,-41,346
76915.0,47,39,298
76917.5,62,3,205
76920.0,12,-19,322
76922.5,34,8,273
76925.0,14,21,335
76927.5,-10,-1,338
76930.0,41,-9,340
76932.5,68,-2,306
76935.0,6,-44,276
76937.5,87,15,203
76940.0,13,-11,297
76942.5,75,24,224
76945.0,13,-9,269
76947.5,2,9,378
76950.0,-41,10,255
76952.5,-41,10,255
76955.0,-11,5,368
76957.5,-5,8,275
76960.0,-58,-24,284
76962.5,37,17,348
76965.0,47,-36,359
76967.5,22,-14,290
76970.0,19,0,315
76972.5,-21,-47,217
76975.0,61,-3,284
76977.5,-17,-20,307
76980.0,-28,-64,277
76982.5,-59,-48,343
76985.0,0,5,304
76987.5,28,25,307
76990.0,16,25,323
76992.5,36,3,272
76995.0,-49,-40,367
76997.5,-19,-29,242
77000.0,52,-4,359
77002.5,52,-4,359
77005.0,-32,18,329
77007.5,6,-41,328
77010.0,1,-37,313
77012.5,17,-26,344
77015.0,48,0,269
77017.5,-33,-49,332
77020.0,-7,-2,270
77022.5,-6,-13,279
77025.0,5,-22,357
77027.5,62,21,286
77030.0,45,45,352
77032.5,4,-34,272
77035.0,-9,-41,249
77037.5,-57,-21,296
77040.0,-5,2,234
77042.5,-11,-51,329
77045.0,50,11,357
77047.5,156,1,349
77050.0,40,31,312
77052.5,40,31,312
77055.0,62,38,250
77057.5,25,-18,284
77060.0,15,-29,244
77062.5,40,26,280
77065.0,39,-51,287
77067.5,60,-14,391
77070.0,-26,-34,254
77072.5,-39,-5,331
77075.0,101,11,260
77077.5,8,-18,313
77080.0,5,-9,306
77082.5,39,3,294
77085.0,-7,-18,327
77087.5,-23,-27,337
77090.0,54,20,251
77092.5,27,-54,350
77095.0,27,-11,293
77097.5,27,-31,290
77100.0,30,6,319
77102.5,30,6,319
77105.0,45,11,337
77107.5,75,14,327
77110.0,6,-24,330
77112.5,48,26,239
77115.0,22,-29,357
77117.5,-13,-42,267
77120.0,57,-32,303
77122.5,26,3,338
77125.0,10,-9,327
77127.5,-12,-33,369
77130.0,18,-16,332
77132.5,98,43,216
77135.0,-5,32,295
77137.5,48,-7,297
77140.0,-10,-4,277
77142.5,-24,-17,336
77145.0,48,18,314
77147.5,52,-19,308
77150.0,68,-35,269
77152.5,68,-35,269
77155.0,-20,-28,255
77157.5,-33,-4,369
77160.0,23,1,288
77162.5,-5,-28,324
77165.0,-10,-27,302
77167.5,21,22,228
77170.0,-5,-6,304
77172.5,57,23,294
77175.0,-8,2,257
77177.5,50,-25,346
77180.0,34,-23,337
77182.5,15,3,272
77185.0,10,5,292
77187.5,33,16,281
77190.0,-15,-3,328
77192.5,-22,4,299
77195.0,0,19,204
77197.5,-63,-9,295
77200.0,37,17,250
77202.5,37,17,250
77205.0,-23,8,308
77207.5,-12,2,350
77210.0,56,-7,314
77212.5,53,11,333
77215.0,-5,-17,345
77217.5,-9,-12,254
77220.0,1,-11,345
77222.5,-34,8,248
77225.0,-65,3,320
77227.5,-6,-9,394
77230.0,52,13,340
77232.5,-21,-28,321
77235.0,-14,-13,310
77237.5,41,7,276
77240.0,-28,40,371
77242.5,-26,-7,195
77245.0,-6,-25,260
77247.5,9,9,325
77250.0,9,9,325
77252.5,18,-13,300
77255.0,-33,-50,351
77257.5,65,-2,330
77260.0,42,60,268
77262.5,71,-25,300
77265.0,30,11,232
77267.5,59,-2,349
77270.0,-90,-13,323
77272.5,36,-13,362
77275.0,19,-16,349
77277.5,39,5,273
77280.0,151,12,265
77282.5,213,11,366
77285.0,72,30,243
77287.5,-22,-34,332
77290.0,12,-30,342
77292.5,62,24,278
77295.0,-45,-59,288
77297.5,42,-12,321
77300.0,42,-12,321
77302.5,6,-21,245
77305.0,12,-10,329
77307.5,33,-10,276
77310.0,8,-9,304
77312.5,-46,-73,336
77315.0,26,-11,279
77317.5,-6,-11,385
77320.0,33,-34,290
77322.5,75,-33,313
77325.0,-11,-21,281
77327.5,28,-61,264
77330.0,70,13,271
77332.5,54,-19,356
77335.0,52,-18,279
77337.5,-26,-19,292
77340.0,-56,-31,243
77342.5,-27,-24,250
77345.0,10,-13,354
77347.5,-8,16,307
77350.0,-8,16,307
77352.5,15,-36,366
77355.0,53,22,324
77357.5,72,29,208
77360.0,21,-7,380
77362.5,75,4,249
77365.0,-15,-16,318
77367.5,-21,-4,286
77370.0,47,-21,327
77372.5,67,15,284
77375.0,56,0,361
77377.5,-18,-24,282
77380.0,-72,-52,335
77382.5,38,3,270
77385.0,27,21,304
77387.5,-16,-15,288
77390.0,3,-5,327
77392.5,-50,-11,340
77395.0,0,-24,308
77397.5,-3,-35,239
77400.0,-3,-35,239
77402.5,-19,-30,324
77405.0,84,-1,268
77407.5,13,-6,309
77410.0,-9,-8,331
77412.5,42,-3,301
77415.0,47,3,347
77417.5,41,4,262
77420.0,34,-11,260
77422.5,12,-25,364
77425.0,-75,-91,264
77427.5,-55,33,271
77430.0,61,17,303
77432.5,-9,-25,389
77435.0,-8,-14,406
77437.5,110,7,245
77440.0,26,49,242
77442.5,-26,-35,344
77445.0,74,13,254
77447.5,48,-40,266
77450.0,48,-40,266
77452.5,10,-30,327
77455.0,43,-2,256
77457.5,32,-34,307
77460.0,36,4,275
77462.5,16,-30,333
77465.0,11,-14,273
77467.5,39,29,350
77470.0,21,7,313
77472.5,-62,21,314
77475.0,31,17,205
77477.5,7,-23,337
77480.0,122,1,287
77482.5,70,-4,339
77485.0,13,-6,327
77487.5,24,9,298
77490.0,74,-19,314
77492.5,-3,-14,315
77495.0,-13,-15,250
77497.5,-39,-28,367
77500.0,-39,-28,367
77502.5,-2,-63,267
77505.0,-38,-54,210
77507.5,14,5,390
77510.0,67,7,319
77512.5,35,42,275
77515.0,47,-5,321
77517.5,-43,-6,285
77520.0,-38,-34,399
77522.5,62,6,276
77525.0,-52,7,245
77527.5,33,30,326
77530.0,8,22,315
77532.5,33,11,285
77535.0,35,35,310
77537.5,87,13,264
77540.0,-31,-22,346
77542.5,11,-42,266
77545.0,34,21,276
77547.5,-6,-40,334
77550.0,-6,-40,334
77552.5,23,21,301
77555.0,-59,-17,318
77557.5,28,-36,295
77560.0,82,-7,283
77562.5,-24,-21,334
77565.0,73,4,239
77567.5,-4,-28,296
77570.0,40,11,278
77572.5,40,-7,307
77575.0,49,-27,317
77577.5,6,-3,331
77580.0,9,-9,330
77582.5,40,-24,372
77585.0,-11,-14,301
77587.5,-29,-17,296
77590.0,-25,-40,339
77592.5,4,6,320
77595.0,-37,-14,298
77597.5,20,-35,360
77600.0,20,-35,360
77602.5,66,-6,301
77605.0,-37,-33,339
77607.5,82,-9,265
77610.0,-27,-7,303
77612.5,20,0,312
77615.0,1,31,316
77617.5,-39,-39,325
77620.0,13,-2,326
77622.5,-6,-52,368
77625.0,39,2,335
77627.5,22,8,212
77630.0,-16,-6,202
77632.5,-7,-28,354
77635.0,-45,-43,351
77637.5,-34,8,258
77640.0,-3,7,409
77642.5,109,-3,230
77645.0,-23,-45,381
77647.5,75,-2,254
77650.0,75,-2,254
77652.5,-3,-11,336
77655.0,15,-24,325
77657.5,20,10,258
77660.0,8,15,277
77662.5,89,56,304
77665.0,73,20,208
77667.5,33,-8,382
77670.0,42,22,188
77672.5,50,-13,294
77675.0,2,1,273
77677.5,-19,-10,256
77680.0,30,9,325
77682.5,47,14,267
77685.0,34,-28,296
77687.5,-17,-22,335
77690.0,7,-52,337
77692.5,24,-5,292
77695.0,-11,-26,339
77697.5,31,-10,240
77700.0,31,-10,240
77702.5,30,11,289
77705.0,8,10,295
77707.5,2,-1,237
77710.0,21,1,314
77712.5,32,4,305
77715.0,-29,-4,320
77717.5,-34,-5,297
77720.0,28,-37,308
77722.5,-12,-15,332
77725.0,-13,-35,341
77727.5,37,-6,275
77730.0,-14,-29,298
77732.5,-1,-3,295
77735.0,-32,13,273
77737.5,10,-50,352
77740.0,35,-1,268
77742.5,21,-33,371
77745.0,21,16,258
77747.5,21,16,258
77750.0,-46,-21,273
77752.5,-15,-18,319
77755.0,-14,-12,297
77757.5,-52,-25,296
77760.0,31,0,352
77762.5,6,-9,308
77765.0,-24,-32,371
77767.5,30,14,240
77770.0,11,38,257
77772.5,5,-1,298
77775.0,69,18,317
77777.5,23,20,331
77780.0,-24,-107,350
77782.5,53,-18,264
77785.0,7,-34,307
77787.5,36,32,223
77790.0,-70,-35,254
77792.5,7,32,392
77795.0,8,-9,321
77797.5,8,-9,321
77800.0,-18,-57,351
77802.5,11,12,391
77805.0,70,54,328
77807.5,9,42,253
77810.0,33,-2,303
77812.5,-16,-43,252
77815.0,-25,-8,347
77817.5,38,-20,374
77820.0,-8,-52,366
77822.5,89,-14,304
77825.0,-52,-7,246
77827.5,-46,-97,293
77830.0,17,17,250
77832.5,-8,1,225
77835.0,-24,-31,342
77837.5,39,-15,331
77840.0,-19,-4,334
77842.5,-5,9,326
77845.0,-3,-33,314
77847.5,-3,-33,314
77850.0,-30,10,247
77852.5,-7,17,322
77855.0,-34,0,369
77857.5,13,-54,283
77860.0,43,-36,238
77862.5,-25,-1,323
77865.0,-16,-36,272
77867.5,6,-35,301
77870.0,-35,-41,306
77872.5,101,-11,280
77875.0,-43,11,301
77877.5,50,-13,316
77880.0,7,-7,297
77882.5,25,-30,370
77885.0,-36,-72,225
77887.5,-38,-25,292
77890.0,-2,-1,303
77892.5,78,14,322
77895.0,-30,-6,296
77897.5,-30,-6,296
77900.0,36,-20,346
77902.5,48,16,256
77905.0,-11,27,404
77907.5,10,12,252
77910.0,-25,3,227
77912.5,-11,14,295
77915.0,62,16,293
77917.5,-53,-24,255
77920.0,30,-10,341
77922.5,20,21,280
77925.0,13,-6,318
77927.5,-3,-46,293
77930.0,-5,-11,278
77932.5,-10,-11,321
77935.0,36,25,314
77937.5,-19,19,315
77940.0,19,-17,326
77942.5,18,-19,286
77945.0,29,-32,354
77947.5,29,-32,354
77950.0,57,28,282
77952.5,60,0,268
77955.0,-22,12,291
77957.5,13,23,284
77960.0,-15,13,309
77962.5,7,-12,337
77965.0,50,-2,299
77967.5,-34,-14,352
77970.0,34,26,301
77972.5,-41,-13,290
77975.0,-31,-23,296
77977.5,50,8,283
77980.0,-15,20,317
77982.5,2,-8,344
77985.0,18,-53,308
77987.5,58,-29,408
77990.0,-31,6,353
77992.5,25,28,227
77995.0,-22,9,342
77997.5,-22,9,342
78000.0,24,42,262
78002.5,-13,12,313
78005.0,9,-43,203
78007.5,21,17,417
78010.0,16,7,387
78012.5,8,-37,179
78015.0,112,30,280
78017.5,68,-3,341
78020.0,42,16,235
78022.5,44,26,278
78025.0,43,2,407
78027.5,-1,-24,364
78030.0,-15,-28,369
78032.5,-25,6,244
78035.0,48,-70,340
78037.5,51,2,286
78040.0,82,68,300
78042.5,30,14,270
78045.0,1,-20,333
78047.5,1,-20,333
78050.0,25,-28,346
78052.5,-7,-5,273
78055.0,114,71,285
78057.5,13,43,270
78060.0,-1,-22,362
78062.5,12,10,350
78065.0,-45,-64,377
78067.5,37,-22,278
78070.0,55,30,234
78072.5,36,20,337
78075.0,8,2,270
78077.5,13,-45,346
78080.0,47,18,322
78082.5,44,12,321
78085.0,8,-39,295
78087.5,-8,-18,328
78090.0,7,-24,260
78092.5,-6,-57,352
78095.0,95,47,242
78097.5,95,47,242
78100.0,-24,-3,334
78102.5,-46,-31,342
78105.0,29,35,319
78107.5,-5,4,353
78110.0,47,23,293
78112.5,4,-3,271
78115.0,47,9,340
78117.5,-2,-37,287
78120.0,-23,-28,320
78122.5,-58,17,356
78125.0,143,-2,318
78127.5,-11,-16,362
78130.0,-15,-40,288
78132.5,34,12,282
78135.0,-12,-22,288
78137.5,34,-16,287
78140.0,-18,-25,318
78142.5,-13,-27,367
78145.0,-55,-27,309
78147.5,-55,-27,309
78150.0,-21,-22,368
78152.5,4,-11,251
78155.0,-1,-7,289
78157.5,-37,-41,321
78160.0,39,19,226
78162.5,-93,-96,427
78165.0,31,-4,369
78167.5,-19,-15,287
78170.0,-21,-27,356
78172.5,-45,-26,279
78175.0,-3,-17,373
78177.5,17,5,256
78180.0,21,-4,306
78182.5,-97,-11,346
78185.0,49,10,321
78187.5,-13,-44,277
78190.0,-46,-40,351
78192.5,44,10,238
78195.0,-27,-23,323
78197.5,-27,-23,323
78200.0,-51,-18,309
78202.5,10,24,281
78205.0,-82,-59,322
78207.5,25,-14,341
78210.0,43,-3,228
78212.5,77,-36,314
78215.0,-44,-8,263
78217.5,7,5,313
78220.0,11,-17,361
78222.5,15,-30,310
78225.0,-25,-48,272
78227.5,10,-56,330
78230.0,28,-11,237
78232.5,-63,-59,330
78235.0,41,-2,314
78237.5,35,-36,329
78240.0,-71,-37,294
78242.5,34,17,258
78245.0,6,16,363
78247.5,6,16,363
78250.0,30,-32,340
78252.5,-4,-12,255
78255.0,-9,10,337
78257.5,-17,6,327
78260.0,-8,-29,336
78262.5,12,-2,340
78265.0,48,-6,286
78267.5,35,5,357
78270.0,34,-20,295
78272.5,20,-18,185
78275.0,25,-34,283
78277.5,30,-22,286
78280.0,-1,-1,316
78282.5,9,10,321
78285.0,23,-18,344
78287.5,21,-32,362
78290.0,8,-34,340
78292.5,18,-22,252
78295.0,18,-22,252
78297.5,32,9,327
78300.0,10,-19,281
78302.5,-15,-6,260
78305.0,-26,8,298
78307.5,11,-6,289
78310.0,0,-10,334
78312.5,72,-10,335
78315.0,42,-24,285
78317.5,-15,-35,325
78320.0,6,-14,259
78322.5,19,6,291
78325.0,-32,18,313
78327.5,14,11,299
78330.0,55,-15,351
78332.5,37,-11,321
78335.0,74,-4,245
78337.5,-10,-37,309
78340.0,-10,-27,275
78342.5,-5,-8,310
78345.0,-5,-8,310
78347.5,21,-1,313
78350.0,89,19,263
78352.5,-45,-17,405
78355.0,-17,-57,343
78357.5,2,-24,247
78360.0,-68,-51,433
78362.5,-9,0,240
78365.0,-25,-33,349
78367.5,-50,-3,269
78370.0,3,-3,313
78372.5,80,24,277
78375.0,-51,-40,340
78377.5,130,14,254
78380.0,10,8,253
78382.5,-4,-13,285
78385.0,38,21,329
78387.5,36,-8,343
78390.0,54,-4,289
78392.5,-24,-34,372
78395.0,-24,-34,372
78397.5,55,13,355
78400.0,74,19,285
78402.5,-14,-19,282
78405.0,88,59,345
78407.5,0,-3,264
78410.0,-15,-54,347
78412.5,104,17,266
78415.0,44,-19,335
78417.5,-17,-4,256
78420.0,4,-15,260
78422.5,-10,-36,374
78425.0,6,-11,278
78427.5,-7,-16,341
78430.0,-69,-50,357
78432.5,58,9,287
78435.0,0,1,303
78437.5,-67,-34,317
78440.0,-33,2,242
78442.5,-7,9,294
78445.0,-7,9,294
78447.5,73,24,291
78450.0,-27,-24,306
78452.5,-15,3,352
78455.0,107,-4,281
78457.5,-59,-39,336
78460.0,4,-38,319
78462.5,56,17,366
78465.0,49,15,238
78467.5,-19,1,213
78470.0,-11,-28,303
78472.5,29,17,314
78475.0,8,-12,314
78477.5,-32,-40,337
78480.0,24,-18,222
78482.5,23,-4,287
78485.0,-10,-11,332
78487.5,1,0,321
78490.0,-24,2,305
78492.5,-21,-24,307
78495.0,-21,-24,307
78497.5,7,-6,283
78500.0,-34,-19,327
78502.5,40,54,241
78505.0,7,-9,308
78507.5,6,-24,329
78510.0,4,10,285
78512.5,33,78,313
78515.0,44,2,272
78517.5,29,20,249
78520.0,-73,-50,313
78522.5,65,-2,269
78525.0,-1,-8,335
78527.5,-3,-20,273
78530.0,-3,18,370
78532.5,38,-12,316
78535.0,-20,-25,281
78537.5,63,-25,260
78540.0,-7,-21,356
78542.5,60,7,271
78545.0,60,7,271
78547.5,39,40,292
78550.0,-11,11,335
78552.5,16,22,256
78555.0,35,15,385
78557.5,-9,14,223
78560.0,107,0,270
78562.5,17,-9,307
78565.0,-23,24,315
78567.5,-39,-6,290
78570.0,56,3,346
78572.5,0,14,295
78575.0,0,-20,401
78577.5,6,-45,242
78580.0,42,2,260
78582.5,-37,-24,355
78585.0,33,-5,322
78587.5,-14,10,321
78590.0,17,-19,334
78592.5,100,21,251
78595.0,100,21,251
78597.5,-25,-35,340
78600.0,-19,-20,255
78602.5,46,-16,239
78605.0,-17,-16,330
78607.5,-34,-8,325
78610.0,85,0,203
78612.5,-84,-16,302
78615.0,20,-9,301
78617.5,-56,-50,335
78620.0,-2,-3,296
78622.5,-70,-7,307
78625.0,61,-8,374
78627.5,32,15,291
78630.0,-27,-48,312
78632.5,20,-28,352
78635.0,-2,-2,231
78637.5,-22,-20,286
78640.0,-13,10,292
78642.5,-85,-14,293
78645.0,-85,-14,293
78647.5,-24,-7,309
78650.0,29,-8,286
78652.5,11,41,287
78655.0,-94,-40,309
78657.5,7,46,370
78660.0,-14,-5,362
78662.5,-13,-25,256
78665.0,47,17,318
78667.5,19,5,281
78670.0,10,-23,317
78672.5,0,29,313
78675.0,30,-8,320
78677.5,19,-11,310
78680.0,-31,-20,377
78682.5,-16,-34,274
78685.0,60,-36,322
78687.5,31,-9,352
78690.0,27,8,285
78692.5,-13,-14,323
78695.0,-13,-14,323
78697.5,43,18,351
78700.0,0,-24,292
78702.5,-40,-29,352
78705.0,29,-7,259
78707.5,-9,-11,284
78710.0,18,-24,292
78712.5,57,13,235
78715.0,28,-3,306
78717.5,27,-14,378
78720.0,-41,-44,380
78722.5,-36,-2,307
78725.0,3,-5,324
78727.5,83,1,324
78730.0,0,-35,246
78732.5,-25,15,255
78735.0,3,-12,295
78737.5,-77,1,428
78740.0,-61,-20,258
78742.5,-25,-66,347
78745.0,-25,-66,347
78747.5,6,-30,297
78750.0,37,-3,217
78752.5,25,16,287
78755.0,47,-10,373
78757.5,-36,-63,273
78760.0,93,16,334
78762.5,10,2,341
78765.0,-5,-31,328
78767.5,1,11,269
78770.0,94,28,234
78772.5,-19,-12,337
78775.0,0,22,193
78777.5,-2,-18,323
78780.0,43,26,291
78782.5,17,-41,334
78785.0,25,-39,329
78787.5,38,-60,298
78790.0,-17,-17,292
78792.5,-27,2,305
78795.0,-27,2,305
78797.5,-29,44,290
78800.0,9,15,322
78802.5,50,15,343
78805.0,3,-28,265
78807.5,-29,-25,367
78810.0,-23,-12,239
78812.5,59,-33,289
78815.0,30,-8,251
78817.5,51,17,315
78820.0,9,-13,321
78822.5,-12,-44,296
78825.0,99,38,288
78827.5,-6,-25,327
78830.0,14,-2,182
78832.5,-36,6,306
78835.0,-13,-21,314
78837.5,69,-5,298
78840.0,60,-4,331
78842.5,60,-4,331
78845.0,74,18,290
78847.5,6,-43,263
78850.0,-25,-20,345
78852.5,-20,-13,256
78855.0,-39,-67,321
78857.5,-33,-13,350
78860.0,7,7,284
78862.5,25,-26,351
78865.0,11,-33,283
78867.5,39,-15,293
78870.0,30,8,279
78872.5,4,-29,306
78875.0,-13,-6,281
78877.5,55,-12,337
78880.0,16,-26,268
78882.5,-27,-36,350
78885.0,38,17,229
78887.5,-24,-28,294
78890.0,-50,15,298
78892.5,-50,15,298
78895.0,22,-22,332
78897.5,4,-26,265
78900.0,51,28,381
78902.5,0,31,217
78905.0,4,-11,299
78907.5,61,-10,250
78910.0,-44,-17,320
78912.5,-8,-16,300
78915.0,35,48,238
78917.5,-50,-10,368
78920.0,-21,-41,344
78922.5,45,35,245
78925.0,-94,-25,265
78927.5,35,13,242
78930.0,13,-10,320
78932.5,-48,-19,366
78935.0,41,13,304
78937.5,0,-56,353
78940.0,7,-41,308
78942.5,7,-41,308
78945.0,46,-37,282
78947.5,-68,-67,311
78950.0,-20,-10,299
78952.5,-61,-28,343
78955.0,-16,-37,355
78957.5,11,27,304
78960.0,34,-51,389
78962.5,41,4,293
78965.0,71,28,305
78967.5,-7,-23,361
78970.0,26,-12,289
78972.5,-44,17,294
78975.0,-33,-21,325
78977.5,139,-21,335
78980.0,15,-19,382
78982.5,29,-6,310
78985.0,-14,-45,182
78987.5,-39,-2,302
78990.0,-12,-19,288
78992.5,-12,-19,288
78995.0,22,12,310
78997.5,35,60,336
79000.0,26,5,283
79002.5,-18,-54,324
79005.0,-28,-35,321
79007.5,38,-4,251
79010.0,-64,-25,338
79012.5,-45,1,312
79015.0,18,5,322
79017.5,-41,-3,314
79020.0,8,-6,306
79022.5,-55,-41,296
79025.0,-34,-23,303
79027.5,-2,-11,261
79030.0,49,-17,355
79032.5,7,22,268
79035.0,23,-10,278
79037.5,7,-9,306
79040.0,4,-6,278
79042.5,4,-6,278
79045.0,81,31,263
79047.5,13,3,328
79050.0,-2,-4,264
79052.5,-22,-20,313
79055.0,0,2,235
79057.5,35,8,258
79060.0,38,3,317
79062.5,19,2,288
79065.0,28,-8,352
79067.5,-24,-24,324
79070.0,106,10,252
79072.5,-24,-19,348
79075.0,11,-27,270
79077.5,47,11,278
79080.0,-2,-30,298
79082.5,12,13,343
79085.0,27,-41,306
79087.5,9,44,278
79090.0,31,-19,227
79092.5,31,-19,227
79095.0,-21,-13,318
79097.5,31,-15,205
79100.0,0,1,266
79102.5,0,-11,335
79105.0,67,30,284
79107.5,47,-4,328
79110.0,3,-33,240
79112.5,-33,-34,385
79115.0,-5,-23,384
79117.5,-48,-32,185
79120.0,70,-2,246
79122.5,-17,-14,300
79125.0,86,4,265
79127.5,-67,-15,385
79130.0,-25,-25,414
79132.5,33,-17,289
79135.0,15,-9,347
79137.5,0,34,211
79140.0,-28,9,313
79142.5,-28,9,313
79145.0,-35,-88,314
79147.5,9,-34,352
79150.0,-94,-35,296
79152.5,3,-32,305
79155.0,-66,-31,294
79157.5,-41,-23,308
79160.0,29,-35,318
79162.5,28,-16,295
79165.0,-25,-35,350
79167.5,42,-17,311
79170.0,-29,-17,316
79172.5,-13,-43,314
79175.0,-51,-47,260
79177.5,-79,-52,292
79180.0,50,21,325
79182.5,4,-15,318
79185.0,-84,-47,347
79187.5,15,11,254
79190.0,47,-1,356
79192.5,47,-1,356
79195.0,34,-20,235
79197.5,-1,-4,291
79200.0,-19,-12,285
79202.5,20,17,270
79205.0,20,1,330
79207.5,-9,-19,320
79210.0,15,-4,361
79212.5,-29,-11,391
79215.0,42,29,251
79217.5,-11,5,268
79220.0,-15,-1,323
79222.5,44,2,297
79225.0,12,4,316
79227.5,20,3,349
79230.0,38,10,295
79232.5,-41,-47,375
79235.0,-4,-36,223
79237.5,19,-29,308
79240.0,-22,-17,300
79242.5,-22,-17,300
79245.0,45,20,334
79247.5,-57,-26,327
79250.0,-65,-55,324
79252.5,49,27,263
79255.0,99,51,327
79257.5,7,15,250
79260.0,-28,-90,329
79262.5,28,-33,352
79265.0,108,28,299
79267.5,38,-18,351
79270.0,37,9,259
79272.5,90,21,219
79275.0,-18,-3,202
79277.5,12,31,308
79280.0,4,-13,363
79282.5,-1,-2,325
79285.0,25,44,277
79287.5,-8,-2,367
79290.0,21,-14,312
79292.5,21,-14,312
79295.0,21,5,286
79297.5,9,-19,315
79300.0,55,1,300
79302.5,-6,21,265
79305.0,33,-16,352
79307.5,37,0,292
79310.0,-28,-27,353
79312.5,-38,-34,265
79315.0,33,23,273
79317.5,29,-61,297
79320.0,22,-17,223
79322.5,17,-26,301
79325.0,-39,-23,365
79327.5,43,18,297
79330.0,46,-91,298
79332.5,-19,-68,292
79335.0,20,-25,292
79337.5,-24,-32,292
79340.0,4,10,318
79342.5,4,10,318
79345.0,48,-18,368
79347.5,5,-14,288
79350.0,44,-40,242
79352.5,-23,7,378
79355.0,13,-33,289
79357.5,23,-20,292
79360.0,33,-12,321
79362.5,48,13,288
79365.0,-14,5,303
79367.5,-73,24,284
79370.0,-35,-40,264
79372.5,-16,-24,323
79375.0,12,-11,289
79377.5,15,-28,277
79380.0,0,-16,294
79382.5,12,33,261
79385.0,37,12,257
79387.5,-9,4,325
79390.0,84,6,237
79392.5,84,6,237
79395.0,-8,-36,317
79397.5,28,-6,264
79400.0,-11,25,282
79402.5,-7,-3,350
79405.0,4,-46,304
79407.5,45,6,330
79410.0,62,-32,343
79412.5,18,-24,305
79415.0,56,49,327
79417.5,9,-11,308
79420.0,-27,-6,235
79422.5,-86,-49,307
79425.0,22,9,252
79427.5,27,-6,300
79430.0,31,-14,368
79432.5,84,40,211
79435.0,-30,-5,335
79437.5,46,3,289
79440.0,46,3,289
79442.5,21,-7,298
79445.0,-39,-23,305
79447.5,12,2,261
79450.0,28,-11,305
79452.5,-9,-12,343
79455.0,61,29,311
79457.5,94,73,364
79460.0,87,-27,216
79462.5,112,55,206
79465.0,93,-7,117
79467.5,34,29,300
79470.0,-20,-16,436
79472.5,1,-25,358
79475.0,30,-16,273
79477.5,-22,-5,311
79480.0,62,-19,360
79482.5,-1,-27,223
79485.0,-53,-41,348
79487.5,33,1,242
79490.0,33,1,242
79492.5,16,6,316
79495.0,-11,24,344
79497.5,30,-4,358
79500.0,33,-60,302
79502.5,-45,-31,348
79505.0,-54,-40,141
79507.5,-3,-3,362
79510.0,77,80,373
79512.5,-66,-55,258
79515.0,1,6,400
79517.5,76,13,320
79520.0,2,-13,355
79522.5,-4,13,292
79525.0,1,-20,380
79527.5,-68,-12,324
79530.0,-8,-1,227
79532.5,1,4,325
79535.0,-17,5,322
79537.5,35,-2,273
79540.0,35,-2,273
79542.5,-37,-16,362
79545.0,15,12,247
79547.5,77,5,270
79550.0,-26,-17,302
79552.5,3,-39,289
79555.0,-43,-10,360
79557.5,48,20,366
79560.0,-43,-4,344
79562.5,-40,-27,325
79565.0,25,6,231
79567.5,-51,-39,246
79570.0,10,-9,298
79572.5,43,26,330
79575.0,-8,-23,322
79577.5,6,2,382
79580.0,95,17,239
79582.5,6,-45,342
79585.0,19,6,254
79587.5,1,-10,304
79590.0,1,-10,304
79592.5,-17,-4,312
79595.0,58,1,323
79597.5,-27,-42,329
79600.0,15,-3,319
79602.5,64,41,263
79605.0,18,-22,310
79607.5,46,6,244
79610.0,63,37,286
79612.5,11,6,343
79615.0,31,-4,302
79617.5,7,17,339
79620.0,-11,-7,302
79622.5,-59,-78,233
79625.0,-15,41,264
79627.5,34,39,251
79630.0,-18,-31,307
79632.5,7,-17,351
79635.0,-51,-44,187
79637.5,-60,47,438
79640.0,-60,47,438
79642.5,-33,-12,342
79645.0,21,7,183
79647.5,-29,-14,331
79650.0,31,-33,360
79652.5,-46,-15,314
79655.0,-8,-14,331
79657.5,29,31,241
79660.0,-5,-89,397
79662.5,44,-46,243
79665.0,-7,-11,264
79667.5,-41,-12,315
79670.0,-28,-8,298
79672.5,67,51,311
79675.0,4,-34,344
79677.5,-2,-29,289
79680.0,69,-8,361
79682.5,25,27,187
79685.0,22,-57,300
79687.5,20,-29,267
79690.0,20,-29,267
79692.5,35,5,327
79695.0,4,-31,276
79697.5,-19,-34,310
79700.0,10,-33,294
79702.5,-5,11,304
79705.0,50,-3,257
79707.5,6,12,230
79710.0,58,23,282
79712.5,-9,-9,336
79715.0,-69,-43,329
79717.5,28,6,344
79720.0,-17,-7,336
79722.5,-27,-27,315
79725.0,46,2,273
79727.5,1,-53,304
79730.0,9,14,303
79732.5,-8,-4,256
79735.0,25,-34,316
79737.5,-40,-4,343
79740.0,-40,-4,343
79742.5,-21,-11,313
79745.0,-11,-6,358
79747.5,35,34,186
79750.0,-51,14,261
79752.5,-4,11,326
79755.0,-15,-3,305
79757.5,12,-4,311
79760.0,26,-8,315
79762.5,2,24,255
79765.0,-16,-15,341
79767.5,27,4,229
79770.0,-21,-55,317
79772.5,1,1,304
79775.0,12,21,263
79777.5,26,-1,264
79780.0,-7,11,324
79782.5,4,-12,305
79785.0,-79,-57,370
79787.5,5,-51,254
79790.0,5,-51,254
79792.5,62,-8,267
79795.0,18,-22,288
79797.5,39,-9,289
79800.0,9,6,333
79802.5,6,5,336
79805.0,-2,17,260
79807.5,-28,-57,352
79810.0,-5,-5,254
79812.5,18,52,292
79815.0,-54,-29,300
79817.5,42,9,305
79820.0,-5,-1,329
79822.5,-56,15,314
79825.0,32,21,291
79827.5,44,-16,392
79830.0,-27,-20,282
79832.5,24,-49,167
79835.0,13,3,275
79837.5,-15,-12,306
79840.0,-15,-12,306
79842.5,-47,-27,293
79845.0,70,-3,335
79847.5,47,-19,333
79850.0,21,8,511
79852.5,-33,-33,257
79855.0,66,-1,295
79857.5,29,2,327
79860.0,11,-18,372
79862.5,25,31,332
79865.0,-40,-36,295
79867.5,-29,-42,301
79870.0,-33,-26,375
79872.5,14,-32,240
79875.0,-27,21,290
79877.5,-3,-9,310
79880.0,-58,-80,372
79882.5,35,48,290
79885.0,38,0,359
79887.5,79,-3,262
79890.0,79,-3,262
79892.5,12,-3,299
79895.0,44,-16,220
79897.5,-8,-16,267
79900.0,-3,3,370
79902.5,36,16,317
79905.0,-44,-11,367
79907.5,2,-8,300
79910.0,7,14,328
79912.5,34,-10,328
79915.0,22,-12,248
79917.5,35,38,275
79920.0,16,6,320
79922.5,74,26,385
79925.0,63,20,246
79927.5,12,-6,344
79930.0,18,-39,267
79932.5,-45,-32,341
79935.0,13,-1,250
79937.5,6,-12,274
79940.0,6,-12,274
79942.5,26,-10,416
79945.0,-5,13,354
79947.5,35,1,355
79950.0,26,-17,323
79952.5,67,-4,306
79955.0,-37,-37,275
79957.5,62,16,244
79960.0,37,-20,322
79962.5,21,-7,326
79965.0,52,-4,319
79967.5,-22,-30,339
79970.0,26,-15,299
79972.5,-16,-5,305
79975.0,-38,-13,276
79977.5,32,21,309
79980.0,-27,-12,296
79982.5,12,2,357
79985.0,-12,-24,257
79987.5,-12,-24,257
79990.0,-5,-4,338
79992.5,52,43,228
79995.0,-49,-32,251
79997.5,-16,-25,305
80000.0,29,4,241
80002.5,-26,-14,315
80005.0,65,-24,378
80007.5,-7,11,412
80010.0,0,-4,290
80012.5,0,-40,198
80015.0,34,68,321
80017.5,1,-11,347
80020.0,6,3,308
80022.5,30,6,346
80025.0,-66,-4,361
80027.5,-25,2,292
80030.0,-16,11,319
80032.5,59,2,267
80035.0,-7,-26,315
80037.5,-7,-26,315
80040.0,-22,-63,353
80042.5,-9,-36,273
80045.0,-102,2,354
80047.5,29,-34,277
80050.0,-16,-35,166
80052.5,7,-25,355
80055.0,-35,12,275
80057.5,36,-8,259
80060.0,-23,-28,359
80062.5,26,-1,313
80065.0,30,-19,340
80067.5,4,-33,308
80070.0,-44,-8,299
80072.5,-34,-13,372
80075.0,-19,19,228
80077.5,-13,-13,300
80080.0,4,32,373
80082.5,-50,-3,266
80085.0,-101,-14,316
80087.5,-101,-14,316
80090.0,23,-18,269
80092.5,78,14,221
80095.0,-10,43,305
80097.5,3,10,215
80100.0,23,45,246
80102.5,25,-4,324
80105.0,14,-1,263
80107.5,-93,-37,330
80110.0,-19,-16,316
80112.5,9,-9,312
80115.0,-7,-9,313
80117.5,-1,2,268
80120.0,-50,11,285
80122.5,-39,-22,373
80125.0,55,6,323
80127.5,16,-9,339
80130.0,10,8,322
80132.5,0,24,185
80135.0,-13,-29,298
80137.5,-13,-29,298
80140.0,-38,1,266
80142.5,-5,3,308
80145.0,13,-6,327
80147.5,29,17,291
80150.0,-6,-48,370
80152.5,-9,-41,289
80155.0,84,-39,262
80157.5,67,20,335
80160.0,65,29,293
80162.5,8,-19,310
80165.0,64,26,338
80167.5,48,24,270
80170.0,23,-50,314
80172.5,65,-32,364
80175.0,-45,-49,273
80177.5,-37,-33,352
80180.0,14,-3,250
80182.5,-30,39,288
80185.0,-9,-23,318
80187.5,-9,-23,318
80190.0,18,12,313
80192.5,-43,-20,313
80195.0,47,-40,320
80197.5,32,24,220
80200.0,-23,-15,364
80202.5,-30,14,219
80205.0,-26,-55,432
80207.5,-56,32,375
80210.0,43,21,311
80212.5,31,40,313
80215.0,74,-16,309
80217.5,-2,-53,267
80220.0,15,28,277
80222.5,26,5,225
80225.0,16,-2,323
80227.5,-29,-20,369
80230.0,23,-4,307
80232.5,6,14,428
80235.0,56,23,292
80237.5,56,23,292
80240.0,56,-25,304
80242.5,-25,-28,280
80245.0,51,-10,275
80247.5,-4,10,292
80250.0,-151,-63,325
80252.5,-5,28,345
80255.0,-54,-29,307
80257.5,-8,-16,331
80260.0,91,-29,303
80262.5,32,-12,335
80265.0,52,-20,204
80267.5,-36,-54,304
80270.0,21,39,365
80272.5,-24,-34,378
80275.0,-27,-43,343
80277.5,-11,-73,244
80280.0,50,-7,286
80282.5,39,9,281
80285.0,36,30,302
80287.5,36,30,302
80290.0,34,13,306
80292.5,27,-9,370
80295.0,27,-20,273
80297.5,-16,-29,351
80300.0,2,32,235
80302.5,76,7,334
80305.0,-44,-33,311
80307.5,2,38,273
80310.0,15,-28,349
80312.5,43,17,345
80315.0,30,7,256
80317.5,27,-13,318
80320.0,85,26,222
80322.5,21,-14,275
80325.0,10,-26,314
80327.5,38,9,338
80330.0,16,-7,324
80332.5,41,27,303
80335.0,65,12,275
80337.5,65,12,275
80340.0,-55,-38,311
80342.5,-40,-30,246
80345.0,40,-4,292
80347.5,6,-4,329
80350.0,-12,-38,313
80352.5,13,-32,343
80355.0,59,-14,302
80357.5,75,52,285
80360.0,-18,-7,335
80362.5,21,-29,288
80365.0,-13,-1,302
80367.5,31,12,342
80370.0,-50,-30,278
80372.5,143,6,336
80375.0,102,-9,343
80377.5,7,-21,287
80380.0,13,-3,224
80382.5,89,-19,355
80385.0,-28,-25,314
80387.5,-28,-25,314
80390.0,-20,11,368
80392.5,91,13,246
80395.0,13,25,354
80397.5,9,11,283
80400.0,51,-5,272
80402.5,37,3,280
80405.0,40,-17,300
80407.5,-43,6,259
80410.0,49,34,349
80412.5,11,35,318
80415.0,-13,-37,296
80417.5,-7,13,248
80420.0,2,-6,333
80422.5,-34,-18,323
80425.0,63,-17,246
80427.5,38,33,327
80430.0,8,-64,370
80432.5,39,-47,285
80435.0,-42,-11,365
80437.5,-42,-11,365
80440.0,76,12,250
80442.5,140,28,292
80445.0,-23,-35,294
80447.5,63,-1,320
80450.0,81,-55,360
80452.5,-56,-38,336
80455.0,79,44,251
80457.5,2,17,378
80460.0,15,15,248
80462.5,-21,-55,277
80465.0,31,-13,353
80467.5,-38,-10,315
80470.0,16,16,299
80472.5,17,-25,354
80475.0,3,-30,264
80477.5,29,5,341
80480.0,7,-14,258
80482.5,36,-24,267
80485.0,10,-28,313
80487.5,10,-28,313
80490.0,58,-14,284
80492.5,-7,-22,303
80495.0,-27,1,336
80497.5,-3,12,340
80500.0,27,-23,315
80502.5,37,-27,257
80505.0,-1,-47,258
80507.5,-25,-28,321
80510.0,7,3,283
80512.5,-74,-17,316
80515.0,-23,-13,335
80517.5,81,-31,316
80520.0,-14,-30,354
80522.5,40,1,250
80525.0,46,22,264
80527.5,69,-5,327
80530.0,8,38,267
80532.5,12,-13,297
80535.0,10,-15,338
80537.5,10,-15,338
80540.0,-1,-3,288
80542.5,-40,6,341
80545.0,-4,-7,260
80547.5,66,5,260
80550.0,-42,-29,305
80552.5,20,-9,275
80555.0,46,12,330
80557.5,0,-14,344
80560.0,5,-16,311
80562.5,-12,0,348
80565.0,56,33,297
80567.5,-8,17,336
80570.0,-48,-30,318
80572.5,-146,-30,368
80575.0,-26,-15,329
80577.5,15,-23,365
80580.0,77,17,282
80582.5,-31,-17,314
80585.0,93,19,172
80587.5,93,19,172
80590.0,64,6,237
80592.5,4,-11,354
80595.0,41,2,241
80597.5,-72,-64,276
80600.0,-54,-3,366
80602.5,-47,-25,383
80605.0,-96,-66,353
80607.5,24,-9,307
80610.0,34,3,209
80612.5,76,-8,292
80615.0,-3,14,270
80617.5,-118,41,395
80620.0,-30,-32,358
80622.5,-30,-27,288
80625.0,-14,-48,227
80627.5,-78,-59,302
80630.0,-9,-20,273
80632.5,54,12,246
80635.0,19,9,344
80637.5,19,9,344
80640.0,4,-18,283
80642.5,-13,-14,331
80645.0,33,2,304
80647.5,71,-11,422
80650.0,101,40,234
80652.5,18,-6,275
80655.0,-16,-8,278
80657.5,84,21,314
80660.0,-12,-4,345
80662.5,-72,-37,361
80665.0,-5,-40,272
80667.5,-10,-25,318
80670.0,21,-30,208
80672.5,54,-8,293
80675.0,-27,-30,321
80677.5,-6,-10,294
80680.0,-40,10,303
80682.5,-5,-2,328
80685.0,-5,-2,328
80687.5,-5,-8,248
80690.0,21,-19,374
80692.5,7,-24,296
80695.0,-3,5,301
80697.5,4,-10,260
80700.0,13,19,291
80702.5,44,21,328
80705.0,17,-4,316
80707.5,97,8,283
80710.0,19,-8,302
80712.5,32,11,288
80715.0,46,33,307
80717.5,-6,-5,364
80720.0,80,17,298
80722.5,-13,-13,374
80725.0,26,4,265
80727.5,73,10,250
80730.0,0,12,327
80732.5,249,62,276
80735.0,249,62,276
80737.5,40,42,301
80740.0,58,33,308
80742.5,13,24,224
80745.0,8,16,426
80747.5,39,6,268
80750.0,-26,-15,218
80752.5,-20,7,311
80755.0,25,15,265
80757.5,11,-19,281
80760.0,-23,-16,297
80762.5,40,-6,251
80765.0,-41,-81,399
80767.5,-22,-36,289
80770.0,35,9,315
80772.5,-3,25,333
80775.0,13,12,339
80777.5,-66,37,263
80780.0,60,-10,290
80782.5,61,-19,176
80785.0,61,-19,176
80787.5,-45,-24,258
80790.0,64,-19,254
80792.5,123,21,303
80795.0,-121,-34,366
80797.5,61,-28,327
80800.0,-67,-36,303
80802.5,47,28,324
80805.0,62,-3,280
80807.5,-69,-45,309
80810.0,95,65,236
80812.5,-5,-18,283
80815.0,1,-24,360
80817.5,12,14,322
80820.0,3,1,332
80822.5,8,52,375
80825.0,108,-10,292
80827.5,-26,16,295
80830.0,-28,-32,274
80832.5,-18,-11,317
80835.0,-18,-11,317
80837.5,-3,-36,367
80840.0,-20,-21,306
80842.5,21,-3,352
80845.0,17,17,310
80847.5,11,12,246
80850.0,3,-13,370
80852.5,4,23,299
80855.0,-19,21,296
80857.5,-58,-6,347
80860.0,27,-15,306
80862.5,45,-14,309
80865.0,15,-28,357
80867.5,9,5,210
80870.0,-24,-43,299
80872.5,-15,-15,306
80875.0,-37,3,286
80877.5,-3,4,290
80880.0,57,-9,287
80882.5,51,-6,335
80885.0,51,-6,335
80887.5,36,31,329
80890.0,56,-34,229
80892.5,69,-8,347
80895.0,46,10,235
80897.5,-8,5,293
80900.0,19,12,289
80902.5,25,5,263
80905.0,-7,-37,298
80907.5,43,-42,352
80910.0,21,-9,288
80912.5,-21,-19,348
80915.0,48,-31,242
80917.5,62,-20,337
80920.0,-48,-36,282
80922.5,44,-14,290
80925.0,-3,3,297
80927.5,34,-26,363
80930.0,39,-1,220
80932.5,-36,-63,316
80935.0,-36,-63,316
80937.5,-55,-20,314
80940.0,-9,-22,308
80942.5,16,23,395
80945.0,1,18,205
80947.5,74,24,272
80950.0,49,31,258
80952.5,46,-29,274
80955.0,-28,-24,361
80957.5,-75,-25,401
80960.0,4,2,222
80962.5,-9,-9,277
80965.0,-4,9,255
80967.5,34,-10,314
80970.0,40,-27,397
80972.5,33,1,359
80975.0,-49,19,244
80977.5,30,-27,289
80980.0,70,24,335
80982.5,3,-31,313
80985.0,3,-31,313
80987.5,23,19,295
80990.0,-8,6,292
80992.5,27,-3,340
80995.0,75,26,245
80997.5,28,-3,287
81000.0,46,-22,192
81002.5,-24,-17,290
81005.0,-4,-17,348
81007.5,39,21,275
81010.0,19,-79,304
81012.5,-27,-7,347
81015.0,-73,-30,343
81017.5,6,-12,280
81020.0,28,27,249
81022.5,50,31,289
81025.0,-38,-16,358
81027.5,22,-19,235
81030.0,25,-7,334
81032.5,25,-22,320
81035.0,25,-22,320
81037.5,31,5,297
81040.0,-43,-39,331
81042.5,103,19,271
81045.0,43,18,308
81047.5,52,-14,300
81050.0,-9,-22,339
81052.5,-108,-49,316
81055.0,-12,11,309
81057.5,1,-3,251
81060.0,34,28,328
81062.5,-3,2,262
81065.0,-9,-10,294
81067.5,-61,2,286
81070.0,52,-21,274
81072.5,23,4,325
81075.0,-10,-33,311
81077.5,-66,-38,273
81080.0,4,-1,289
81082.5,46,40,284
81085.0,46,40,284
81087.5,-47,5,288
81090.0,-48,5,327
81092.5,51,1,282
81095.0,-27,-28,345
81097.5,3,-9,264
81100.0,43,22,267
81102.5,-13,2,328
81105.0,5,18,292
81107.5,51,-13,313
81110.0,94,43,286
81112.5,191,59,270
81115.0,27,29,267
81117.5,24,7,262
81120.0,12,-8,236
81122.5,3,-50,339
81125.0,-19,6,304
81127.5,-18,-15,326
81130.0,-24,1,342
81132.5,1,-5,218
81135.0,1,-5,218
81137.5,27,-2,357
81140.0,52,0,308
81142.5,-32,14,297
81145.0,-39,3,332
81147.5,33,14,349
81150.0,25,-15,388
81152.5,-60,-9,320
81155.0,-20,-25,165
81157.5,-29,-1,303
81160.0,-27,28,252
81162.5,-58,-23,241
81165.0,39,2,335
81167.5,58,2,305
81170.0,-39,12,316
81172.5,-23,-9,302
81175.0,13,-32,236
81177.5,-91,-50,347
81180.0,4,42,272
81182.5,43,0,274
81185.0,43,0,274
81187.5,31,-33,368
81190.0,0,12,276
81192.5,49,-7,295
81195.0,-53,-62,328
81197.5,119,-16,302
81200.0,16,5,329
81202.5,59,-10,316
81205.0,20,-12,331
81207.5,14,47,301
81210.0,53,64,276
81212.5,-11,-8,287
81215.0,10,-26,359
81217.5,15,-23,318
81220.0,-19,-29,323
81222.5,-12,29,255
81225.0,5,-18,300
81227.5,-50,-35,405
81230.0,-18,-49,345
81232.5,46,29,330
81235.0,46,29,330
81237.5,1,-14,274
81240.0,0,-4,245
81242.5,-65,-30,318
81245.0,6,33,261
81247.5,-81,17,300
81250.0,29,-1,326
81252.5,-15,4,296
81255.0,71,-5,316
81257.5,62,14,309
81260.0,33,14,254
81262.5,25,12,330
81265.0,-19,-20,264
81267.5,38,-26,345
81270.0,-34,-37,333
81272.5,38,-14,315
81275.0,29,16,319
81277.5,11,-1,324
81280.0,47,17,288
81282.5,-13,4,326
81285.0,-13,4,326
81287.5,-25,-30,276
81290.0,8,-1,300
81292.5,1,-12,324
81295.0,28,-9,331
81297.5,29,-19,343
81300.0,-7,11,310
81302.5,8,-68,183
81305.0,-26,-11,329
81307.5,97,14,307
81310.0,67,26,245
81312.5,19,-6,213
81315.0,30,10,328
81317.5,-53,3,386
81320.0,80,46,333
81322.5,-2,-12,264
81325.0,-64,10,365
81327.5,25,38,200
81330.0,-45,-54,272
81332.5,-9,-42,358
81335.0,-9,-42,358
81337.5,-35,-76,323
81340.0,-22,-10,330
81342.5,-33,-48,350
81345.0,-30,-18,317
81347.5,30,-10,361
81350.0,-5,20,232
81352.5,-18,-10,285
81355.0,0,28,328
81357.5,-23,-6,352
81360.0,18,-48,334
81362.5,69,27,317
81365.0,13,-2,259
81367.5,-3,-2,323
81370.0,42,4,288
81372.5,49,5,265
81375.0,-19,-12,357
81377.5,-3,-31,295
81380.0,68,0,361
81382.5,40,18,258
81385.0,40,18,258
81387.5,85,15,262
81390.0,-83,-48,346
81392.5,55,0,226
81395.0,-21,-18,366
81397.5,10,-12,337
81400.0,46,16,264
81402.5,58,8,336
81405.0,54,33,282
81407.5,38,11,238
81410.0,-26,-27,318
81412.5,-3,18,263
81415.0,10,-4,310
81417.5,16,23,309
81420.0,46,-13,293
81422.5,20,-35,376
81425.0,-5,-26,287
81427.5,-37,-50,314
81430.0,34,4,271
81432.5,34,-11,282
81435.0,34,-11,282
81437.5,44,50,326
81440.0,81,0,338
81442.5,85,-8,310
81445.0,-18,-27,356
81447.5,14,-34,250
81450.0,-1,-23,292
81452.5,37,-12,310
81455.0,22,17,332
81457.5,-42,-26,323
81460.0,-12,-31,340
81462.5,21,-47,248
81465.0,-11,-7,333
81467.5,91,36,249
81470.0,-67,20,262
81472.5,-19,11,347
81475.0,39,-5,314
81477.5,107,36,325
81480.0,-57,-8,394
81482.5,-57,-8,394
81485.0,6,-6,346
81487.5,-65,-28,370
81490.0,37,-6,180
81492.5,-15,65,302
81495.0,-42,-11,423
81497.5,-4,-42,321
81500.0,-38,-24,293
81502.5,53,32,295
81505.0,74,9,282
81507.5,3,-16,243
81510.0,-27,-7,241
81512.5,29,22,332
81515.0,-54,-36,326
81517.5,12,28,243
81520.0,-63,-16,327
81522.5,46,-9,292
81525.0,6,-24,266
81527.5,-25,-10,279
81530.0,-25,-24,265
81532.5,-25,-24,265
81535.0,72,6,266
81537.5,17,-18,339
81540.0,73,-25,330
81542.5,76,-3,326
81545.0,-4,27,272
81547.5,-5,-60,263
81550.0,-10,-23,329
81552.5,-21,-12,305
81555.0,-18,-12,343
81557.5,2,-22,358
81560.0,106,-12,299
81562.5,94,56,425
81565.0,-5,-17,329
81567.5,55,0,230
81570.0,-41,-23,289
81572.5,23,19,302
81575.0,-11,9,257
81577.5,46,51,267
81580.0,34,17,345
81582.5,34,17,345
81585.0,-17,-12,365
81587.5,5,13,281
81590.0,-14,-47,280
81592.5,18,55,285
81595.0,19,57,264
81597.5,63,15,276
81600.0,4,-10,323
81602.5,13,-19,298
81605.0,-12,22,319
81607.5,45,-14,326
81610.0,-26,16,290
81612.5,1,7,361
81615.0,20,-4,286
81617.5,30,15,308
81620.0,6,17,330
81622.5,25,0,296
81625.0,-19,-4,368
81627.5,-2,-23,327
81630.0,35,15,245
81632.5,35,15,245
81635.0,36,-7,319
81637.5,121,-1,266
81640.0,2,5,316
81642.5,-30,-2,325
81645.0,50,-20,306
81647.5,11,-8,335
81650.0,76,-51,344
81652.5,43,-19,271
81655.0,70,6,330
81657.5,79,14,268
81660.0,14,-10,307
81662.5,-2,-16,335
81665.0,24,18,293
81667.5,-3,12,315
81670.0,-24,-16,330
81672.5,26,26,320
81675.0,13,-20,317
81677.5,73,48,144
81680.0,89,-29,361
81682.5,89,-29,361
81685.0,17,-6,316
81687.5,-5,-60,302
81690.0,-65,-42,282
81692.5,13,-29,305
81695.0,-66,-17,353
81697.5,-82,-32,169
81700.0,27,-26,218
81702.5,43,15,303
81705.0,-11,-19,346
81707.5,4,-13,301
81710.0,-32,11,311
81712.5,46,-17,354
81715.0,-67,-53,236
81717.5,-28,-33,297
81720.0,27,10,304
81722.5,-29,-21,285
81725.0,3,53,370
81727.5,-2,-38,399
81730.0,15,-10,345
81732.5,15,-10,345
81735.0,-21,-20,300
81737.5,88,0,240
81740.0,-7,-12,331
81742.5,9,-26,256
81745.0,21,-21,330
81747.5,4,-28,350
81750.0,103,60,292
81752.5,-60,0,390
81755.0,8,0,233
81757.5,15,17,307
81760.0,7,-24,259
81762.5,58,19,303
81765.0,-7,-11,311
81767.5,-6,-45,405
81770.0,47,-5,263
81772.5,47,-29,325
81775.0,7,3,269
81777.5,-30,-13,287
81780.0,-12,-22,330
81782.5,-12,-22,330
81785.0,45,-7,274
81787.5,-38,-9,305
81790.0,-5,-41,319
81792.5,-11,-21,272
81795.0,-49,-3,329
81797.5,16,-46,234
81800.0,35,-23,281
81802.5,4,-10,300
81805.0,12,13,348
81807.5,-33,-12,344
81810.0,-9,-28,356
81812.5,51,25,308
81815.0,13,-23,352
81817.5,-3,-22,291
81820.0,11,-22,304
81822.5,-38,-8,322
81825.0,17,-24,334
81827.5,-33,-33,323
81830.0,24,-44,302
81832.5,24,-44,302
81835.0,-21,-26,246
81837.5,27,-3,338
81840.0,51,22,218
81842.5,-12,-15,285
81845.0,24,-26,345
81847.5,-2,-4,265
81850.0,-35,-95,379
81852.5,55,-10,337
81855.0,61,19,360
81857.5,-9,-9,245
81860.0,64,8,289
81862.5,63,14,341
81865.0,-31,48,311
81867.5,32,-18,324
81870.0,67,2,423
81872.5,16,-33,279
81875.0,31,15,267
81877.5,13,-27,272
81880.0,83,22,302
81882.5,83,22,302
81885.0,-35,26,273
81887.5,91,50,380
81890.0,35,-36,367
81892.5,-14,14,306
81895.0,47,22,286
81897.5,-5,18,291
81900.0,45,-44,318
81902.5,41,41,258
81905.0,16,-22,324
81907.5,-4,-5,330
81910.0,109,21,216
81912.5,0,28,322
81915.0,-112,-103,343
81917.5,84,-3,386
81920.0,27,-4,251
81922.5,71,-15,314
81925.0,-63,-22,297
81927.5,71,-20,342
81930.0,-3,-30,288
81932.5,-3,-30,288
81935.0,66,32,389
81937.5,56,-5,300
81940.0,-18,28,257
81942.5,13,-25,334
81945.0,42,-21,293
81947.5,28,-24,346
81950.0,-14,3,361
81952.5,37,7,312
81955.0,-13,-23,332
81957.5,-37,-32,266
81960.0,13,-68,264
81962.5,-54,6,283
81965.0,68,25,301
81967.5,7,-8,288
81970.0,17,22,303
81972.5,-24,2,314
81975.0,30,-1,348
81977.5,-38,-31,247
81980.0,29,-8,266
81982.5,29,-8,266
81985.0,7,10,290
81987.5,30,7,282
81990.0,20,-5,303
81992.5,-42,10,321
81995.0,-5,-3,323
81997.5,10,-25,395
82000.0,25,-27,289
82002.5,90,-29,284
82005.0,-19,-43,315
82007.5,3,20,284
82010.0,49,-51,312
82012.5,-47,-11,330
82015.0,19,-29,306
82017.5,75,-8,396
82020.0,-1,11,316
82022.5,39,-14,247
82025.0,-67,-31,309
82027.5,67,-1,277
82030.0,25,-31,335
82032.5,25,-31,335
82035.0,-36,-45,368
82037.5,21,-10,314
82040.0,3,-19,342
82042.5,8,-39,294
82045.0,-80,-17,256
82047.5,27,8,276
82050.0,-40,-54,373
82052.5,-25,-33,329
82055.0,-1,-9,338
82057.5,98,20,228
82060.0,60,3,327
82062.5,80,17,292
82065.0,48,-13,137
82067.5,-49,-14,365
82070.0,-4,22,192
82072.5,5,2,380
82075.0,-32,-13,381
82077.5,49,15,293
82080.0,-22,9,285
82082.5,-22,9,285
82085.0,20,9,334
82087.5,26,19,271
82090.0,-15,-27,375
82092.5,0,-7,194
82095.0,-50,-35,301
82097.5,-9,-25,369
82100.0,22,-2,262
82102.5,42,-38,292
82105.0,1,-3,232
82107.5,96,-24,275
82110.0,52,-33,227
82112.5,20,25,372
82115.0,5,41,304
82117.5,-1,-14,335
82120.0,98,12,315
82122.5,19,-59,347
82125.0,24,-26,273
82127.5,19,-23,256
82130.0,-22,-27,278
82132.5,-22,-27,278
82135.0,31,-15,299
82137.5,-23,-41,316
82140.0,49,26,346
82142.5,-40,-41,298
82145.0,-16,-30,353
82147.5,-4,-9,234
82150.0,-100,-39,253
82152.5,13,-17,343
82155.0,64,31,307
82157.5,-5,-24,282
82160.0,30,8,361
82162.5,-29,-22,285
82165.0,24,-11,375
82167.5,-17,-38,223
82170.0,52,1,298
82172.5,10,9,260
82175.0,30,-18,306
82177.5,36,-4,329
82180.0,20,0,324
82182.5,20,0,324
82185.0,127,83,252
82187.5,18,-22,329
82190.0,17,-29,214
82192.5,7,-21,303
82195.0,-113,-83,336
82197.5,-24,51,328
82200.0,50,-9,373
82202.5,29,-12,293
82205.0,-53,-15,224
82207.5,-34,-16,296
82210.0,48,19,278
82212.5,38,-26,330
82215.0,-57,-35,356
82217.5,7,37,228
82220.0,44,6,441
82222.5,-23,-14,293
82225.0,75,7,180
82227.5,59,28,297
82230.0,43,-32,254
82232.5,43,-32,254
82235.0,-11,-15,271
82237.5,-8,-15,303
82240.0,15,7,259
82242.5,-48,26,375
82245.0,33,45,223
82247.5,-48,27,304
82250.0,34,-2,295
82252.5,46,-13,339
82255.0,51,-21,270
82257.5,13,-15,331
82260.0,32,14,245
82262.5,6,0,328
82265.0,2,-15,227
82267.5,-52,-16,237
82270.0,19,-49,354
82272.5,45,27,357
82275.0,-30,-17,272
82277.5,5,-39,272
82280.0,5,-39,272
82282.5,86,-54,320
82285.0,10,-43,335
82287.5,58,-15,255
82290.0,5,-13,332
82292.5,38,-14,370
82295.0,57,0,315
82297.5,-4,9,293
82300.0,9,-15,359
82302.5,53,2,211
82305.0,-21,1,313
82307.5,-7,3,280
82310.0,3,27,282
82312.5,-22,-56,314
82315.0,-2,6,274
82317.5,10,-13,344
82320.0,39,3,352
82322.5,30,-50,278
82325.0,-14,-65,342
82327.5,105,31,246
82330.0,105,31,246
82332.5,-9,-28,282
82335.0,-15,6,343
82337.5,33,9,322
82340.0,15,-20,359
82342.5,8,-44,326
82345.0,8,-33,282
82347.5,69,-50,378
82350.0,-22,-13,239
82352.5,-20,-25,288
82355.0,1,15,315
82357.5,28,-29,318
82360.0,-41,-29,329
82362.5,52,-6,357
82365.0,0,-17,304
82367.5,-12,-22,331
82370.0,18,9,235
82372.5,-7,-1,274
82375.0,57,-43,311
82377.5,19,-5,277
82380.0,19,-5,277
82382.5,5,11,325
82385.0,7,14,327
82387.5,48,0,313
82390.0,36,-39,354
82392.5,10,-5,245
82395.0,-2,7,308
82397.5,6,-39,305
82400.0,32,11,295
82402.5,53,5,329
82405.0,-56,-1,341
82407.5,8,-15,326
82410.0,-5,-7,341
82412.5,14,-6,215
82415.0,-12,-1,227
82417.5,-5,-39,487
82420.0,64,26,196
82422.5,-53,-12,271
82425.0,-71,-62,332
82427.5,-3,5,320
82430.0,-3,5,320
82432.5,-26,-21,321
82435.0,-4,-14,290
82437.5,17,-8,300
82440.0,-25,-7,245
82442.5,69,-4,312
82445.0,7,-11,328
82447.5,0,-10,292
82450.0,82,-5,241
82452.5,-41,-47,375
82455.0,-1,-26,311
82457.5,18,21,384
82460.0,-27,0,329
82462.5,125,26,437
82465.0,47,-10,272
82467.5,-2,-36,344
82470.0,26,-12,255
82472.5,-37,-60,332
82475.0,36,-15,139
82477.5,7,-9,203
82480.0,7,-9,203
82482.5,-15,-9,391
82485.0,40,30,303
82487.5,-23,-33,330
82490.0,-2,4,358
82492.5,-1,-9,321
82495.0,-47,-55,299
82497.5,-8,-41,206
82500.0,71,7,199
82502.5,41,2,361
82505.0,36,24,244
82507.5,-7,-40,290
82510.0,39,-4,326
82512.5,19,11,326
82515.0,-93,-55,320
82517.5,25,-13,231
82520.0,77,1,345
82522.5,56,18,229
82525.0,36,-35,342
82527.5,-5,-12,307
82530.0,-5,-12,307
82532.5,20,24,321
82535.0,-48,-52,276
82537.5,1,1,356
82540.0,21,-3,252
82542.5,-4,-2,322
82545.0,-15,-8,301
82547.5,56,20,350
82550.0,-61,-33,321
82552.5,-50,-60,314
82555.0,47,5,278
82557.5,26,16,316
82560.0,105,9,256
82562.5,8,-17,328
82565.0,-2,21,354
82567.5,32,-11,300
82570.0,-9,-14,320
82572.5,48,10,289
82575.0,-15,-17,233
82577.5,-20,-21,325
82580.0,-20,-21,325
82582.5,110,48,263
82585.0,-22,-10,297
82587.5,-46,-22,371
82590.0,-150,-76,322
82592.5,27,30,339
82595.0,-28,16,268
82597.5,-9,-42,259
82600.0,26,-3,303
82602.5,12,-50,382
82605.0,0,-27,328
82607.5,-43,25,316
82610.0,35,0,313
82612.5,9,-55,372
82615.0,-19,-48,214
82617.5,68,-3,232
82620.0,20,-15,316
82622.5,-30,-27,323
82625.0,-8,41,351
82627.5,7,-44,366
82630.0,7,-44,366
82632.5,116,-25,250
82635.0,19,-23,381
82637.5,158,28,241
82640.0,-33,-70,322
82642.5,-61,-29,311
82645.0,6,6,265
82647.5,-20,-78,328
82650.0,17,-3,381
82652.5,8,-21,297
82655.0,-13,13,366
82657.5,48,-11,266
82660.0,16,-21,300
82662.5,-11,-32,328
82665.0,40,2,303
82667.5,29,-61,343
82670.0,79,-34,279
82672.5,108,2,256
82675.0,11,-17,339
82677.5,38,-33,239
82680.0,38,-33,239
82682.5,12,6,287
82685.0,6,-7,308
82687.5,-32,-31,275
82690.0,-4,-17,323
82692.5,21,-44,400
82695.0,-10,-14,285
82697.5,-70,-61,323
82700.0,0,-73,332
82702.5,-61,1,296
82705.0,3,19,331
82707.5,30,-12,315
82710.0,22,5,322
82712.5,71,-4,332
82715.0,57,24,238
82717.5,-23,-1,305
82720.0,-2,-2,281
82722.5,14,-31,312
82725.0,20,-1,338
82727.5,-13,26,275
82730.0,-13,26,275
82732.5,8,10,295
82735.0,-56,-1,329
82737.5,58,-10,322
82740.0,58,1,352
82742.5,38,-11,270
82745.0,34,-25,240
82747.5,9,3,286
82750.0,38,4,265
82752.5,6,4,308
82755.0,4,9,352
82757.5,61,-15,312
82760.0,52,-2,332
82762.5,28,9,290
82765.0,75,22,258
82767.5,36,8,320
82770.0,19,-28,259
82772.5,25,31,313
82775.0,-5,9,344
82777.5,86,10,241
82780.0,86,10,241
82782.5,4,20,338
82785.0,2,-2,374
82787.5,88,-34,175
82790.0,72,16,295
82792.5,44,11,279
82795.0,2,-11,327
82797.5,-47,-15,349
82800.0,-18,-11,269
82802.5,58,-28,340
82805.0,73,9,265
82807.5,-5,-35,269
82810.0,42,13,250
82812.5,53,-48,273
82815.0,7,0,275
82817.5,-41,-49,386
82820.0,-6,-28,326
82822.5,19,-22,343
82825.0,90,13,267
82827.5,67,3,247
82830.0,67,3,247
82832.5,-51,-8,222
82835.0,-25,-5,326
82837.5,-13,-7,350
82840.0,-32,-34,339
82842.5,-24,2,334
82845.0,16,-24,320
82847.5,39,41,247
82850.0,83,17,262
82852.5,-43,-43,306
82855.0,58,16,253
82857.5,5,9,336
82860.0,13,-21,317
82862.5,-34,-60,374
82865.0,12,-18,369
82867.5,41,14,193
82870.0,-30,-37,326
82872.5,-34,-3,293
82875.0,23,9,280
82877.5,-4,-31,328
82880.0,-4,-31,328
82882.5,-18,-37,353
82885.0,12,-31,266
82887.5,26,-1,344
82890.0,7,-56,210
82892.5,6,4,338
82895.0,-14,-31,327
82897.5,48,32,286
82900.0,-17,8,320
82902.5,-13,3,326
82905.0,20,-35,253
82907.5,18,7,340
82910.0,10,-34,267
82912.5,89,19,304
82915.0,-41,3,290
82917.5,6,2,285
82920.0,44,17,329
82922.5,24,4,324
82925.0,-32,-29,276
82927.5,-46,-32,366
82930.0,-46,-32,366
82932.5,12,-6,238
82935.0,49,0,285
82937.5,-22,-38,326
82940.0,100,34,322
82942.5,2,-20,321
82945.0,29,-49,292
82947.5,33,9,252
82950.0,-5,-11,330
82952.5,26,3,205
82955.0,71,-4,221
82957.5,70,-14,308
82960.0,8,23,316
82962.5,5,-27,320
82965.0,43,-2,232
82967.5,-8,-21,321
82970.0,0,-13,334
82972.5,25,9,226
82975.0,1,0,295
82977.5,2,-29,349
82980.0,2,-29,349
82982.5,52,0,239
82985.0,-36,-17,343
82987.5,82,60,223
82990.0,38,-34,280
82992.5,22,-51,250
82995.0,72,-6,226
82997.5,-87,-40,293
83000.0,43,9,331
83002.5,-30,3,318
83005.0,-31,-46,340
83007.5,34,-15,246
83010.0,86,-37,298
83012.5,35,5,307
83015.0,13,1,319
83017.5,-4,-21,305
83020.0,-33,68,331
83022.5,31,12,233
83025.0,-10,-13,387
83027.5,32,21,222
83030.0,32,21,222
83032.5,99,17,255
83035.0,-27,-24,307
83037.5,35,10,276
83040.0,-29,47,259
83042.5,14,12,372
83045.0,-39,-24,254
83047.5,-7,7,285
83050.0,1,-35,299
83052.5,-12,7,220
83055.0,10,4,211
83057.5,28,26,262
83060.0,-8,2,277
83062.5,4,-13,365
83065.0,18,24,320
83067.5,14,-34,305
83070.0,63,-26,236
83072.5,32,-13,254
83075.0,17,-17,326
83077.5,17,-17,326
83080.0,-1,28,257
83082.5,35,18,302
83085.0,-114,3,361
83087.5,70,17,343
83090.0,3,-43,344
83092.5,87,2,306
83095.0,20,-30,260
83097.5,-23,-33,278
83100.0,33,-17,294
83102.5,24,5,295
83105.0,21,-11,299
83107.5,65,-22,302
83110.0,8,-30,340
83112.5,47,36,306
83115.0,6,-11,221
83117.5,38,-2,330
83120.0,29,-7,280
83122.5,12,-6,290
83125.0,-4,-47,349
83127.5,-4,-47,349
83130.0,30,36,314
83132.5,-8,-56,381
83135.0,-8,-11,332
83137.5,8,-15,291
83140.0,18,-27,349
83142.5,36,21,228
83145.0,35,23,266
83147.5,10,-20,351
83150.0,86,35,269
83152.5,-18,-18,349
83155.0,17,-64,286
83157.5,-2,-2,351
83160.0,64,5,357
83162.5,14,19,204
83165.0,61,-32,272
83167.5,-30,18,316
83170.0,47,-27,229
83172.5,79,-24,293
83175.0,-54,-32,344
83177.5,-54,-32,344
83180.0,-12,-15,285
83182.5,-31,-15,325
83185.0,-35,-22,245
83187.5,58,10,354
83190.0,8,11,354
83192.5,30,-3,340
83195.0,65,24,298
83197.5,80,16,316
83200.0,100,11,261
83202.5,-28,-11,360
83205.0,13,43,265
83207.5,-1,-46,335
83210.0,4,28,322
83212.5,-2,61,301
83215.0,31,-17,340
83217.5,8,-19,276
83220.0,-33,13,228
83222.5,-18,-21,320
83225.0,-5,-48,370
83227.5,-5,-48,370
83230.0,27,-1,283
83232.5,-1,-15,348
83235.0,-1,1,316
83237.5,34,-7,306
83240.0,78,44,231
83242.5,34,9,189
83245.0,17,-14,322
83247.5,20,12,207
83250.0,-1,-40,333
83252.5,-15,-21,374
83255.0,49,-10,339
83257.5,-24,-55,359
83260.0,-41,-69,280
83262.5,18,-44,318
83265.0,34,6,304
83267.5,23,28,297
83270.0,-42,6,336
83272.5,-22,-58,359
83275.0,-3,-14,250
83277.5,-3,-14,250
83280.0,-27,-6,379
83282.5,30,10,286
83285.0,29,-3,303
83287.5,-3,-8,301
83290.0,4,-32,270
83292.5,16,17,271
83295.0,59,30,328
83297.5,2,-19,282
83300.0,-22,-25,398
83302.5,111,41,275
83305.0,-62,-25,285
83307.5,-38,-31,342
83310.0,31,16,311
83312.5,18,-8,309
83315.0,22,-16,344
83317.5,44,-9,326
83320.0,60,19,342
83322.5,81,39,212
83325.0,33,-32,212
83327.5,33,-32,212
83330.0,-6,51,393
83332.5,46,2,318
83335.0,77,10,278
83337.5,47,35,335
83340.0,105,20,249
83342.5,47,-12,352
83345.0,50,25,200
83347.5,-42,-48,254
83350.0,17,8,329
83352.5,46,1,318
83355.0,-14,11,330
83357.5,7,-45,296
83360.0,-18,3,197
83362.5,90,-35,376
83365.0,69,-45,272
83367.5,-8,-16,267
83370.0,-41,-2,359
83372.5,-4,-4,353
83375.0,-82,-29,259
83377.5,-82,-29,259
83380.0,44,-5,229
83382.5,54,-13,247
83385.0,2,3,284
83387.5,12,-9,296
83390.0,42,-23,310
83392.5,14,20,298
83395.0,87,-23,226
83397.5,43,-5,325
83400.0,43,7,297
83402.5,-26,2,222
83405.0,-32,-9,335
83407.5,-11,-28,255
83410.0,30,-46,338
83412.5,-44,30,307
83415.0,-13,-5,286
83417.5,56,-4,338
83420.0,58,42,309
83422.5,-31,-33,299
83425.0,-14,-12,298
83427.5,-14,-12,298
83430.0,2,-20,227
83432.5,2,-6,313
83435.0,-9,-9,330
83437.5,-63,20,306
83440.0,27,25,271
83442.5,-41,-7,362
83445.0,38,-14,259
83447.5,-37,-25,312
83450.0,-2,18,271
83452.5,32,17,297
83455.0,13,-24,293
83457.5,-7,-5,304
83460.0,-16,-14,312
83462.5,28,-10,347
83465.0,44,10,275
83467.5,2,-1,343
83470.0,-9,-18,242
83472.5,30,-5,307
83475.0,8,4,312
83477.5,8,4,312
83480.0,-5,-5,291
83482.5,30,-38,332
83485.0,43,-4,333
83487.5,19,-21,262
83490.0,-16,-54,345
83492.5,100,43,248
83495.0,-6,20,268
83497.5,-24,14,306
83500.0,47,13,292
83502.5,18,13,310
83505.0,97,5,342
83507.5,38,-31,272
83510.0,-35,-40,336
83512.5,41,25,238
83515.0,-31,-16,206
83517.5,65,-13,240
83520.0,42,67,231
83522.5,-11,-17,336
83525.0,-11,-64,337
83527.5,-11,-64,337
83530.0,8,57,247
83532.5,27,-16,403
83535.0,8,12,269
83537.5,26,5,298
83540.0,-30,-13,269
83542.5,-42,-15,511
83545.0,29,-2,357
83547.5,21,-68,328
83550.0,-19,-10,241
83552.5,-45,-9,357
83555.0,-16,-50,271
83557.5,108,-21,252
83560.0,-32,-16,311
83562.5,-37,-11,314
83565.0,0,-9,357
83567.5,-17,-23,321
83570.0,-34,-11,287
83572.5,21,-37,329
83575.0,34,-20,303
83577.5,34,-20,303
83580.0,23,-20,234
83582.5,-65,-7,388
83585.0,26,15,306
83587.5,-123,-41,331
83590.0,41,13,373
83592.5,59,28,247
83595.0,18,-34,321
83597.5,44,-2,245
83600.0,2,-11,249
83602.5,16,-15,305
83605.0,15,2,393
83607.5,-29,10,305
83610.0,-28,-20,338
83612.5,39,-11,300
83615.0,35,39,421
83617.5,52,-51,266
83620.0,42,12,294
83622.5,1,-36,294
83625.0,50,-29,333
83627.5,50,-29,333
83630.0,0,-14,344
83632.5,-14,-33,335
83635.0,6,-3,345
83637.5,2,3,333
83640.0,93,17,266
83642.5,83,12,278
83645.0,12,9,276
83647.5,131,6,281
83650.0,-47,-36,326
83652.5,33,-5,326
83655.0,69,-53,301
83657.5,0,-24,342
83660.0,6,-27,274
83662.5,-4,-10,268
83665.0,60,12,339
83667.5,69,70,272
83670.0,8,-8,370
83672.5,83,26,309
83675.0,72,14,276
83677.5,72,14,276
83680.0,16,-19,289
83682.5,23,-5,290
83685.0,3,15,315
83687.5,22,12,328
83690.0,42,42,285
83692.5,21,-59,376
83695.0,69,-27,289
83697.5,8,-42,301
83700.0,44,-26,232
83702.5,59,12,241
83705.0,-21,-35,335
83707.5,25,-22,376
83710.0,91,19,226
83712.5,37,21,338
83715.0,49,1,253
83717.5,52,-10,259
83720.0,-1,-18,283
83722.5,17,-50,286
83725.0,17,-50,286
83727.5,2,-56,278
83730.0,23,-39,356
83732.5,48,18,185
83735.0,-62,-56,374
83737.5,65,8,263
83740.0,-27,19,274
83742.5,-17,1,360
83745.0,50,1,296
83747.5,27,29,285
83750.0,41,-54,357
83752.5,-23,-45,235
83755.0,40,-37,317
83757.5,22,4,272
83760.0,4,-30,394
83762.5,-36,-17,320
83765.0,65,-9,332
83767.5,72,-6,308
83770.0,-53,-67,313
83772.5,3,43,249
83775.0,3,43,249
83777.5,-6,-40,288
83780.0,-1,27,173
83782.5,-13,-34,284
83785.0,-25,10,293
83787.5,38,32,295
83790.0,-27,-37,322
83792.5,-74,-14,328
83795.0,35,2,329
83797.5,-10,-22,358
83800.0,-41,-57,254
83802.5,1,-7,288
83805.0,-20,3,316
83807.5,-3,30,320
83810.0,-3,-21,323
83812.5,16,20,288
83815.0,62,-9,280
83817.5,-34,-47,354
83820.0,13,39,247
83822.5,-30,-33,247
83825.0,-30,-33,247
83827.5,-28,4,298
83830.0,19,15,261
83832.5,2,-4,313
83835.0,-16,10,325
83837.5,24,-33,295
83840.0,72,13,384
83842.5,48,19,295
83845.0,2,-63,283
83847.5,5,2,332
83850.0,-28,-17,288
83852.5,27,3,307
83855.0,8,-15,346
83857.5,36,-2,269
83860.0,-49,-25,312
83862.5,56,2,277
83865.0,63,16,278
83867.5,4,8,311
83870.0,19,8,276
83872.5,-39,-20,291
83875.0,-39,-20,291
83877.5,-5,-15,359
83880.0,26,-1,316
83882.5,-8,-8,331
83885.0,36,6,300
83887.5,34,13,241
83890.0,-23,-16,231
83892.5,26,-6,343
83895.0,-4,-23,225
83897.5,-21,-2,354
83900.0,29,-7,313
83902.5,-32,2,305
83905.0,97,52,267
83907.5,85,-16,260
83910.0,89,68,281
83912.5,76,6,275
83915.0,-14,-27,317
83917.5,-23,0,363
83920.0,18,-43,347
83922.5,-61,-44,337
83925.0,-61,-44,337
83927.5,-21,-17,425
83930.0,17,-3,176
83932.5,-65,-28,268
83935.0,-3,-34,265
83937.5,-92,-11,307
83940.0,-17,-14,361
83942.5,-62,-24,397
83945.0,-13,-17,354
83947.5,58,25,255
83950.0,68,61,217
83952.5,-30,-40,290
83955.0,104,17,322
83957.5,51,13,241
83960.0,-21,13,342
83962.5,58,-4,352
83965.0,-25,-6,394
83967.5,-48,-9,279
83970.0,2,-30,323
83972.5,76,-6,367
83975.0,76,-6,367
83977.5,73,20,266
83980.0,-43,-19,365
83982.5,-22,-2,342
83985.0,46,-26,415
83987.5,85,-11,322
83990.0,46,6,210
83992.5,-36,-32,288
83995.0,8,-1,330
83997.5,1,-18,322
84000.0,-53,14,237
84002.5,-2,-25,361
84005.0,22,-8,288
84007.5,0,-24,337
84010.0,63,-1,273
84012.5,12,2,285
84015.0,19,7,298
84017.5,-29,-17,288
84020.0,21,-5,334
84022.5,-11,7,330
84025.0,-11,7,330
84027.5,21,-63,313
84030.0,-20,-21,352
84032.5,21,-13,248
84035.0,5,-26,290
84037.5,-2,-14,318
84040.0,71,31,288
84042.5,-27,12,326
84045.0,-22,-12,357
84047.5,22,-3,269
84050.0,18,13,341
84052.5,3,-14,266
84055.0,9,-27,296
84057.5,1,-54,336
84060.0,20,-12,425
84062.5,25,-21,391
84065.0,33,-69,247
84067.5,76,3,300
84070.0,12,-5,296
84072.5,78,25,208
84075.0,78,25,208
84077.5,21,44,277
84080.0,34,-11,370
84082.5,50,-36,311
84085.0,48,-3,299
84087.5,38,-36,311
84090.0,58,-16,294
84092.5,-31,-10,314
84095.0,-4,7,287
84097.5,20,-13,329
84100.0,-33,-12,346
84102.5,100,0,191
84105.0,7,1,321
84107.5,51,-5,272
84110.0,51,-32,242
84112.5,-26,-27,301
84115.0,20,1,274
84117.5,-11,17,316
84120.0,-9,4,410
84122.5,-12,7,254
84125.0,-12,7,254
84127.5,74,-28,341
84130.0,13,-34,265
84132.5,26,-21,206
84135.0,37,-18,352
84137.5,27,-9,293
84140.0,-12,-19,289
84142.5,-30,-34,314
84145.0,61,0,338
84147.5,52,11,339
84150.0,5,-2,320
84152.5,33,-9,293
84155.0,-26,-8,296
84157.5,39,-6,328
84160.0,51,-17,313
84162.5,-43,-77,266
84165.0,8,7,341
84167.5,12,-23,344
84170.0,26,-11,269
84172.5,26,-11,269
84175.0,11,-39,237
84177.5,31,37,321
84180.0,35,13,227
84182.5,2,-8,304
84185.0,-34,-21,347
84187.5,36,5,298
84190.0,-53,-29,337
84192.5,22,-9,305
84195.0,43,-1,227
84197.5,12,-55,288
84200.0,-4,15,282
84202.5,-11,-4,324
84205.0,-9,-34,298
84207.5,111,9,246
84210.0,43,-22,339
84212.5,71,18,321
84215.0,81,-13,288
84217.5,25,7,325
84220.0,14,-20,255
84222.5,14,-20,255
84225.0,-47,-13,333
84227.5,-40,-22,331
84230.0,34,12,311
84232.5,-37,-6,327
84235.0,10,-16,334
84237.5,28,-2,300
84240.0,15,-26,354
84242.5,7,-21,218
84245.0,-35,-2,272
84247.5,-51,-5,308
84250.0,53,22,338
84252.5,16,-3,408
84255.0,-18,-28,281
84257.5,-25,-25,262
84260.0,-37,-129,298
84262.5,-10,-35,218
84265.0,-65,-59,468
84267.5,-17,-33,325
84270.0,24,12,298
84272.5,24,12,298
84275.0,12,-8,273
84277.5,13,3,374
84280.0,61,6,176
84282.5,17,30,268
84285.0,32,16,324
84287.5,24,-79,246
84290.0,-12,-6,337
84292.5,51,20,377
84295.0,108,23,388
84297.5,104,10,307
84300.0,-51,-72,237
84302.5,7,-39,300
84305.0,-6,2,269
84307.5,-4,9,287
84310.0,-27,0,300
84312.5,47,-62,215
84315.0,58,1,310
84317.5,44,-5,310
84320.0,-35,-6,218
84322.5,-35,-6,218
84325.0,-48,-49,343
84327.5,-9,36,255
84330.0,-29,-11,315
84332.5,1,2,333
84335.0,-14,-8,313
84337.5,-2,-17,345
84340.0,118,20,373
84342.5,11,-30,210
84345.0,32,-5,341
84347.5,60,-21,307
84350.0,5,-12,316
84352.5,-2,-23,348
84355.0,11,-40,282
84357.5,58,19,306
84360.0,51,-1,316
84362.5,25,2,249
84365.0,-67,-31,277
84367.5,69,31,337
84370.0,36,0,287
84372.5,36,0,287
84375.0,-33,-23,315
84377.5,30,-6,292
84380.0,27,-26,374
84382.5,17,-1,304
84385.0,2,-21,297
84387.5,23,-1,314
84390.0,42,1,261
84392.5,24,-2,254
84395.0,-30,29,290
84397.5,-1,-21,268
84400.0,-42,-34,370
84402.5,-5,-24,263
84405.0,97,28,305
84407.5,0,-17,277
84410.0,-44,-9,274
84412.5,-17,44,298
84415.0,51,-18,378
84417.5,63,-8,300
84420.0,-40,-5,337
84422.5,-40,-5,337
84425.0,35,-34,247
84427.5,66,8,244
84430.0,-21,9,286
84432.5,26,30,272
84435.0,-21,-33,288
84437.5,-19,4,312
84440.0,153,62,316
84442.5,-17,8,384
84445.0,89,45,210
84447.5,27,4,349
84450.0,-8,10,336
84452.5,48,-27,318
84455.0,51,-19,315
84457.5,27,30,292
84460.0,-34,-47,238
84462.5,-30,-26,316
84465.0,9,-1,261
84467.5,-5,-18,305
84470.0,33,-16,336
84472.5,33,-16,336
84475.0,-28,-31,311
84477.5,-8,8,309
84480.0,68,31,326
84482.5,4,7,241
84485.0,26,-14,313
84487.5,42,19,306
84490.0,7,-8,331
84492.5,1,18,301
84495.0,9,-14,282
84497.5,9,12,357
84500.0,8,22,282
84502.5,41,7,268
84505.0,-37,-48,321
84507.5,-25,-27,274
84510.0,2,-5,292
84512.5,-40,-26,324
84515.0,-42,-51,256
84517.5,-55,-37,318
84520.0,-3,-33,321
84522.5,-3,-33,321
84525.0,4,-8,252
84527.5,-18,-11,307
84530.0,50,3,285
84532.5,44,-27,268
84535.0,43,-2,334
84537.5,-47,-13,361
84540.0,27,-52,336
84542.5,18,-13,302
84545.0,46,-25,270
84547.5,7,19,336
84550.0,81,19,271
84552.5,62,15,255
84555.0,9,-18,311
84557.5,16,28,291
84560.0,-11,-30,348
84562.5,0,-36,317
84565.0,6,-14,259
84567.5,21,2,364
84570.0,132,-9,306
84572.5,132,-9,306
84575.0,2,7,299
84577.5,14,5,291
84580.0,38,17,256
84582.5,-12,3,285
84585.0,-15,-3,308
84587.5,13,-15,282
84590.0,-6,16,326
84592.5,25,-6,300
84595.0,15,6,321
84597.5,18,-5,292
84600.0,30,-3,288
84602.5,-24,-15,300
84605.0,40,-31,372
84607.5,-48,-10,307
84610.0,-21,-27,366
84612.5,-46,-25,242
84615.0,80,-3,280
84617.5,20,2,306
84620.0,8,12,279
84622.5,8,12,279
84625.0,39,11,338
84627.5,52,-30,373
84630.0,19,15,334
84632.5,60,1,357
84635.0,43,43,198
84637.5,-13,38,263
84640.0,51,-12,273
84642.5,80,26,312
84645.0,-2,2,363
84647.5,26,-14,350
84650.0,-72,-68,287
84652.5,-45,-29,328
84655.0,-30,-21,234
84657.5,32,-18,256
84660.0,-41,-22,328
84662.5,34,3,285
84665.0,1,-6,350
84667.5,64,34,410
84670.0,-4,2,296
84672.5,-4,2,296
84675.0,-39,-63,343
84677.5,11,-13,280
84680.0,-14,7,192
84682.5,2,-17,300
84685.0,34,7,308
84687.5,-11,-13,298
84690.0,-8,-46,416
84692.5,12,4,339
84695.0,-36,-19,428
84697.5,29,0,234
84700.0,-8,-45,244
84702.5,-28,-29,289
84705.0,22,28,262
84707.5,8,-11,323
84710.0,91,65,327
84712.5,36,19,304
84715.0,46,-25,384
84717.5,52,-47,251
84720.0,24,-20,298
84722.5,24,-20,298
84725.0,5,-13,389
84727.5,49,7,301
84730.0,-70,-62,304
84732.5,-17,-19,321
84735.0,44,4,286
84737.5,-56,-22,300
84740.0,-3,-6,276
84742.5,-22,9,274
84745.0,-38,19,274
84747.5,11,-3,309
84750.0,9,-28,346
84752.5,-17,0,322
84755.0,69,19,244
84757.5,0,-18,321
84760.0,92,42,204
84762.5,5,4,298
84765.0,5,7,349
84767.5,57,1,325
84770.0,-9,15,331
84772.5,-9,15,331
84775.0,20,-5,282
84777.5,-54,-50,248
84780.0,-22,-14,318
84782.5,52,15,270
84785.0,33,11,297
84787.5,8,8,331
84790.0,48,-5,309
84792.5,-4,-9,345
84795.0,22,-48,305
84797.5,64,24,274
84800.0,-25,-51,335
84802.5,35,-21,322
84805.0,41,14,291
84807.5,12,-18,316
84810.0,-50,-27,346
84812.5,23,-28,331
84815.0,60,-8,299
84817.5,-22,-10,348
84820.0,-22,-10,348
84822.5,42,3,326
84825.0,44,13,268
84827.5,58,44,407
84830.0,95,11,393
84832.5,77,13,233
84835.0,-30,-20,335
84837.5,-10,-21,324
84840.0,-18,-4,258
84842.5,1,-54,323
84845.0,10,-3,340
84847.5,-11,16,266
84850.0,-23,-23,319
84852.5,-3,-9,262
84855.0,2,-20,353
84857.5,36,20,247
84860.0,-38,-22,289
84862.5,20,20,312
84865.0,1,-49,300
84867.5,-19,-6,334
84870.0,-19,-6,334
84872.5,-12,0,306
84875.0,133,44,211
84877.5,-18,17,293
84880.0,56,4,239
84882.5,-35,-19,296
84885.0,11,18,292
84887.5,-45,61,342
84890.0,29,-51,334
84892.5,-31,-5,282
84895.0,15,-25,229
84897.5,42,17,330
84900.0,-19,-35,201
84902.5,11,-53,298
84905.0,10,9,299
84907.5,44,1,252
84910.0,-50,-17,300
84912.5,75,-11,355
84915.0,-3,-2,293
84917.5,12,-37,376
84920.0,12,-37,376
84922.5,-1,-16,257
84925.0,12,4,290
84927.5,45,6,323
84930.0,-25,-41,287
84932.5,51,3,297
84935.0,28,16,343
84937.5,19,-4,283
84940.0,8,-16,353
84942.5,28,19,255
84945.0,36,16,250
84947.5,-37,-52,293
84950.0,-12,-19,304
84952.5,-36,-33,313
84955.0,-32,-8,327
84957.5,-30,17,275
84960.0,53,4,345
84962.5,79,27,254
84965.0,50,6,261
84967.5,-20,-6,279
84970.0,-20,-6,279
84972.5,14,9,265
84975.0,5,-3,312
84977.5,14,-6,345
84980.0,36,13,293
84982.5,54,-10,345
84985.0,47,-4,297
84987.5,56,-16,294
84990.0,-18,-47,322
84992.5,22,-24,256
84995.0,-22,9,311
84997.5,-45,23,386
85000.0,61,0,315
85002.5,-46,-36,276
85005.0,-92,-30,445
85007.5,69,-7,261
85010.0,31,-24,280
85012.5,68,21,239
85015.0,3,11,320
85017.5,24,12,444
85020.0,24,12,444
85022.5,87,7,135
85025.0,47,-15,373
85027.5,31,-10,221
85030.0,55,31,256
85032.5,-8,-39,326
85035.0,-17,-4,272
85037.5,-64,-10,305
85040.0,-52,-17,384
85042.5,96,28,292
85045.0,-44,-22,352
85047.5,-1,-10,262
85050.0,-35,-15,332
85052.5,36,-12,298
85055.0,-19,-3,264
85057.5,-5,9,295
85060.0,36,0,288
85062.5,-5,-17,282
85065.0,51,-25,266
85067.5,18,6,295
85070.0,18,6,295
85072.5,-11,-21,352
85075.0,-13,-5,317
85077.5,58,13,304
85080.0,13,-10,386
85082.5,27,46,316
85085.0,-20,-37,371
85087.5,-28,-9,318
85090.0,-40,-12,256
85092.5,18,-85,244
85095.0,-12,14,289
85097.5,22,-12,315
85100.0,-1,12,317
85102.5,16,-45,324
85105.0,7,-19,276
85107.5,-74,-53,346
85110.0,31,6,234
85112.5,-1,22,308
85115.0,12,-13,308
85117.5,38,-23,350
85120.0,38,-23,350
85122.5,-46,-19,305
85125.0,34,0,296
85127.5,28,21,307
85130.0,-51,-34,342
85132.5,67,8,242
85135.0,22,12,279
85137.5,-16,-7,295
85140.0,42,-91,300
85142.5,49,-4,306
85145.0,-15,-38,330
85147.5,72,7,286
85150.0,15,13,316
85152.5,90,23,203
85155.0,-29,-21,279
85157.5,3,3,326
85160.0,3,-60,267
85162.5,10,-5,296
85165.0,85,28,295
85167.5,-57,-10,231
85170.0,-57,-10,231
85172.5,2,-22,283
85175.0,45,11,305
85177.5,-39,-47,351
85180.0,22,-13,320
85182.5,-16,-30,296
85185.0,-38,-65,388
85187.5,-14,-29,328
85190.0,74,-17,282
85192.5,79,15,252
85195.0,28,17,260
85197.5,30,-5,378
85200.0,-71,-4,376
85202.5,62,66,284
85205.0,45,42,385
85207.5,54,12,271
85210.0,82,-14,250
85212.5,23,25,283
85215.0,96,-24,274
85217.5,27,4,327
85220.0,27,4,327
85222.5,61,-23,396
85225.0,35,-18,325
85227.5,-25,22,433
85230.0,-74,4,312
85232.5,9,31,265
85235.0,-45,-12,318
85237.5,16,18,298
85240.0,45,32,234
85242.5,-10,35,346
85245.0,-2,-7,289
85247.5,-58,-8,322
85250.0,41,17,262
85252.5,21,-28,214
85255.0,5,-51,396
85257.5,65,4,282
85260.0,19,-2,252
85262.5,7,-7,338
85265.0,-16,-7,310
85267.5,-53,-18,376
85270.0,-53,-18,376
85272.5,-12,-50,364
85275.0,-40,4,259
85277.5,3,-12,286
85280.0,13,-37,296
85282.5,26,5,305
85285.0,-8,-7,296
85287.5,22,10,293
85290.0,-55,-17,374
85292.5,6,-24,333
85295.0,-20,-19,259
85297.5,-8,12,327
85300.0,66,-7,224
85302.5,34,23,234
85305.0,36,3,312
85307.5,29,-16,303
85310.0,-40,-1,342
85312.5,56,-5,316
85315.0,54,-8,296
85317.5,-35,-12,314
85320.0,-35,-12,314
85322.5,63,19,210
85325.0,-4,4,294
85327.5,19,11,321
85330.0,15,-1,283
85332.5,42,-28,336
85335.0,0,40,332
85337.5,81,18,275
85340.0,40,12,337
85342.5,58,32,234
85345.0,12,7,282
85347.5,-13,-1,305
85350.0,51,11,294
85352.5,-42,-21,328
85355.0,1,4,318
85357.5,71,-43,301
85360.0,6,-20,325
85362.5,28,-25,285
85365.0,-68,-26,282
85367.5,-51,-17,365
85370.0,-51,-17,365
85372.5,47,23,374
85375.0,12,18,336
85377.5,30,-17,317
85380.0,24,-9,305
85382.5,-43,-45,312
85385.0,62,43,273
85387.5,-4,-14,296
85390.0,-19,-15,432
85392.5,15,-9,267
85395.0,19,78,359
85397.5,-48,-39,335
85400.0,-57,7,262
85402.5,-9,-43,286
85405.0,10,-54,253
85407.5,28,12,271
85410.0,12,-1,296
85412.5,82,9,288
85415.0,-16,-35,291
85417.5,-46,-36,287
85420.0,-46,-36,287
85422.5,13,-8,290
85425.0,-57,15,328
85427.5,-36,-40,286
85430.0,28,10,325
85432.5,-7,-14,327
85435.0,4,-69,380
85437.5,-23,-10,317
85440.0,-36,-33,279
85442.5,98,10,211
85445.0,34,35,335
85447.5,154,62,172
85450.0,-9,-10,204
85452.5,-9,-18,390
85455.0,33,25,311
85457.5,25,10,349
85460.0,-21,-41,332
85462.5,2,-13,298
85465.0,-55,-30,314
85467.5,26,-12,263
85470.0,26,-12,263
85472.5,-15,-24,288
85475.0,38,-29,352
85477.5,83,8,258
85480.0,72,16,285
85482.5,3,6,301
85485.0,13,-3,232
85487.5,20,-5,317
85490.0,76,23,278
85492.5,-19,-34,317
85495.0,9,4,345
85497.5,31,-29,315
85500.0,-84,-60,352
85502.5,28,-22,302
85505.0,31,2,293
85507.5,30,-7,312
85510.0,34,15,313
85512.5,-45,-40,315
85515.0,9,-11,344
85517.5,-19,-18,310
85520.0,-19,-18,310
85522.5,-68,-58,369
85525.0,26,22,266
85527.5,83,-5,308
85530.0,-51,-31,312
85532.5,30,-4,277
85535.0,-8,-36,320
85537.5,17,-4,332
85540.0,45,-5,298
85542.5,21,-12,360
85545.0,38,-5,309
85547.5,10,-5,300
85550.0,12,3,305
85552.5,31,-2,247
85555.0,-18,-69,365
85557.5,29,17,352
85560.0,6,-4,242
85562.5,-3,-23,261
85565.0,2,-9,264
85567.5,7,-6,302
85570.0,7,-6,302
85572.5,64,31,275
85575.0,16,-15,286
85577.5,-31,-6,368
85580.0,99,43,258
85582.5,63,-5,330
85585.0,-62,-43,346
85587.5,60,24,256
85590.0,-9,-36,311
85592.5,-16,-41,353
85595.0,42,-15,322
85597.5,-53,-27,280
85600.0,35,0,301
85602.5,-8,33,234
85605.0,-41,-29,374
85607.5,-43,-28,267
85610.0,0,-82,333
85612.5,0,-84,369
85615.0,-50,-22,342
85617.5,-14,-9,323
85620.0,-14,-9,323
85622.5,-41,-44,322
85625.0,74,-12,242
85627.5,31,-23,328
85630.0,36,7,254
85632.5,62,-16,243
85635.0,32,-22,295
85637.5,45,-15,288
85640.0,26,23,334
85642.5,-7,10,332
85645.0,-21,10,294
85647.5,-29,-27,371
85650.0,71,9,305
85652.5,46,-22,330
85655.0,1,-16,327
85657.5,-26,-21,296
85660.0,76,68,309
85662.5,-6,-7,321
85665.0,5,0,287
85667.5,12,14,346
85670.0,12,14,346
85672.5,-44,-27,350
85675.0,-56,26,304
85677.5,-3,7,283
85680.0,42,3,278
85682.5,3,-51,340
85685.0,26,21,314
85687.5,37,22,250
85690.0,-14,-45,335
85692.5,14,-34,260
85695.0,50,12,265
85697.5,8,0,287
85700.0,56,-5,296
85702.5,-30,-4,300
85705.0,22,16,328
85707.5,21,-2,307
85710.0,-22,-11,339
85712.5,0,-18,237
85715.0,-30,-46,226
85717.5,11,1,291
85720.0,11,1,291
85722.5,47,20,243
85725.0,-3,-20,312
85727.5,6,-23,333
85730.0,25,-14,318
85732.5,63,-19,326
85735.0,49,-4,231
85737.5,-17,8,290
85740.0,-65,-52,318
85742.5,-2,21,208
85745.0,63,30,249
85747.5,39,26,304
85750.0,-10,-15,331
85752.5,-8,6,313
85755.0,-4,-51,324
85757.5,166,78,454
85760.0,122,-36,194
85762.5,-2,-5,289
85765.0,52,20,246
85767.5,13,-42,354
85770.0,13,-42,354
85772.5,89,-5,349
85775.0,-47,-8,333
85777.5,83,31,209
85780.0,107,-22,232
85782.5,-14,8,252
85785.0,36,-2,330
85787.5,16,7,293
85790.0,-39,20,376
85792.5,25,-1,238
85795.0,-43,-36,352
85797.5,13,30,230
85800.0,57,15,234
85802.5,-65,-51,301
85805.0,-3,10,248
85807.5,-63,-31,330
85810.0,14,-12,364
85812.5,-35,-12,359
85815.0,-32,-38,321
85817.5,-32,-38,321
85820.0,26,-26,236
85822.5,-13,7,250
85825.0,-33,-11,326
85827.5,30,-11,293
85830.0,-1,-25,333
85832.5,-18,10,317
85835.0,17,-15,280
85837.5,-50,-54,384
85840.0,37,-37,298
85842.5,-30,2,292
85845.0,-14,-16,293
85847.5,29,-5,382
85850.0,-31,-3,314
85852.5,46,4,349
85855.0,50,-34,308
85857.5,10,-20,341
85860.0,17,-8,256
85862.5,46,28,280
85865.0,-83,-55,294
85867.5,-83,-55,294
85870.0,71,6,341
85872.5,-2,5,337
85875.0,43,-34,321
85877.5,122,17,284
85880.0,-11,-26,340
85882.5,99,16,245
85885.0,35,2,262
85887.5,-22,-71,364
85890.0,-18,-23,311
85892.5,96,-38,345
85895.0,44,30,279
85897.5,-4,7,218
85900.0,-64,-50,284
85902.5,9,6,293
85905.0,15,-2,316
85907.5,7,-6,369
85910.0,-18,-38,304
85912.5,17,-12,303
85915.0,-144,-162,299
85917.5,-144,-162,299
85920.0,28,5,265
85922.5,18,-28,335
85925.0,53,-35,301
85927.5,-38,-52,336
85930.0,-43,-23,334
85932.5,23,-40,319
85935.0,-5,-101,462
85937.5,-64,-25,277
85940.0,-3,3,285
85942.5,6,5,242
85945.0,-24,-53,325
85947.5,-5,10,376
85950.0,2,-32,316
85952.5,38,-5,298
85955.0,-21,-82,353
85957.5,-15,-41,233
85960.0,-1,15,316
85962.5,-13,-7,349
85965.0,23,71,276
85967.5,23,71,276
85970.0,10,14,366
85972.5,37,-38,351
85975.0,-8,21,298
85977.5,-40,-13,374
85980.0,129,21,240
85982.5,21,-11,262
85985.0,-39,-29,286
85987.5,9,-4,313
85990.0,3,-5,335
85992.5,87,-2,351
85995.0,87,-22,293
85997.5,-8,-3,359
86000.0,-8,-80,295
86002.5,10,-20,294
86005.0,19,-7,337
86007.5,-25,-2,325
86010.0,35,39,284
86012.5,8,-16,314
86015.0,46,-19,273
86017.5,46,-19,273
86020.0,-27,-30,326
86022.5,-10,16,254
86025.0,38,16,307
86027.5,56,38,268
86030.0,24,3,265
86032.5,63,-32,243
86035.0,-10,-57,410
86037.5,30,6,298
86040.0,-14,-3,300
86042.5,-20,-14,214
86045.0,-6,17,257
86047.5,29,-10,303
86050.0,44,11,275
86052.5,-31,9,316
86055.0,25,-32,352
86057.5,-12,-65,259
86060.0,57,-4,336
86062.5,35,2,246
86065.0,30,2,283
86067.5,30,2,283
86070.0,-31,-27,320
86072.5,32,9,279
86075.0,-35,-23,333
86077.5,-17,-3,356
86080.0,7,7,305
86082.5,-10,-18,379
86085.0,50,3,297
86087.5,40,0,285
86090.0,-28,-20,287
86092.5,9,-1,287
86095.0,-6,-22,328
86097.5,33,10,363
86100.0,30,-20,303
86102.5,44,-1,395
86105.0,52,17,236
86107.5,30,-22,124
86110.0,-47,-22,297
86112.5,6,-36,409
86115.0,7,-18,310
86117.5,7,-18,310
86120.0,21,-39,356
86122.5,11,16,308
86125.0,-20,4,324
86127.5,24,19,224
86130.0,14,-52,307
86132.5,54,23,310
86135.0,2,7,281
86137.5,9,-3,344
86140.0,-78,-14,355
86142.5,51,-6,363
86145.0,34,16,299
86147.5,9,-29,325
86150.0,-19,-9,192
86152.5,-15,-13,348
86155.0,30,-23,282
86157.5,12,1,431
86160.0,1,3,287
86162.5,20,-18,304
86165.0,69,-2,288
86167.5,69,-2,288
86170.0,68,15,283
86172.5,24,-53,213
86175.0,-90,-40,268
86177.5,-15,16,317
86180.0,26,5,279
86182.5,-5,-8,382
86185.0,32,-28,265
86187.5,-29,5,364
86190.0,-4,-16,234
86192.5,64,6,315
86195.0,36,-7,286
86197.5,28,10,355
86200.0,-3,-4,263
86202.5,-58,-87,346
86205.0,22,24,311
86207.5,-94,-69,300
86210.0,71,10,256
86212.5,2,29,275
86215.0,44,75,316
86217.5,44,75,316
86220.0,31,1,225
86222.5,-2,-32,343
86225.0,70,20,352
86227.5,25,-6,280
86230.0,-59,-27,340
86232.5,52,15,255
86235.0,27,-10,308
86237.5,21,-2,296
86240.0,49,4,304
86242.5,-34,-22,297
86245.0,-28,-21,316
86247.5,18,-56,284
86250.0,-19,-5,346
86252.5,43,8,247
86255.0,77,-11,288
86257.5,-38,-14,299
86260.0,76,17,300
86262.5,-42,-37,324
86265.0,17,-31,324
86267.5,17,-31,324
86270.0,79,39,258
86272.5,-64,-44,320
86275.0,-1,-17,236
86277.5,41,50,280
86280.0,-64,7,348
86282.5,64,2,269
86285.0,33,-34,422
86287.5,26,6,252
86290.0,-10,-35,234
86292.5,-27,-10,313
86295.0,18,25,265
86297.5,16,17,302
86300.0,20,13,319
86302.5,2,-8,301
86305.0,2,-5,372
86307.5,72,21,288
86310.0,78,22,227
86312.5,-1,-20,350
86315.0,57,-37,305
86317.5,57,-37,305
86320.0,-9,-48,309
86322.5,-12,-15,380
86325.0,33,-11,350
86327.5,38,-10,303
86330.0,-4,-20,224
86332.5,-3,-19,256
86335.0,-9,-2,268
86337.5,26,9,288
86340.0,27,23,285
86342.5,-57,11,322
86345.0,48,-15,300
86347.5,41,12,333
86350.0,-129,-73,356
86352.5,34,-33,288
86355.0,-37,-30,286
86357.5,60,36,273
86360.0,27,20,292
86362.5,-57,-25,305
86365.0,125,24,214
86367.5,125,24,214
86370.0,-22,28,314
86372.5,17,20,294
86375.0,13,-1,237
86377.5,-20,-41,302
86380.0,112,20,287
86382.5,0,-37,223
86385.0,-39,-19,331
86387.5,19,28,283
86390.0,-3,-27,333
86392.5,107,-11,295
86395.0,87,-30,250
86397.5,43,-21,310
86400.0,26,-21,277
86402.5,6,44,263
86405.0,0,23,307
86407.5,-62,-19,311
86410.0,-39,-2,368
86412.5,-22,-24,360
86415.0,85,54,280
86417.5,85,54,280
86420.0,-46,-38,322
86422.5,16,-4,255
86425.0,6,-31,290
86427.5,-38,-12,305
86430.0,-5,4,295
86432.5,28,3,348
86435.0,-18,-4,346
86437.5,-27,-3,283
86440.0,-37,-53,328
86442.5,7,-31,255
86445.0,30,7,287
86447.5,-24,-47,331
86450.0,70,4,296
86452.5,-60,-32,335
86455.0,10,-29,351
86457.5,19,-41,267
86460.0,-27,-23,352
86462.5,28,-8,243
86465.0,-49,-3,256
86467.5,-49,-3,256
86470.0,-11,5,290
86472.5,13,-11,339
86475.0,80,-2,310
86477.5,-14,-25,284
86480.0,38,-1,329
86482.5,34,-16,205
86485.0,-6,-21,337
86487.5,3,-13,301
86490.0,0,22,265
86492.5,82,35,260
86495.0,-28,-12,310
86497.5,34,19,463
86500.0,78,15,165
86502.5,-49,-22,345
86505.0,71,7,236
86507.5,-24,-2,294
86510.0,-33,-25,314
86512.5,-50,-23,361
86515.0,-50,-23,361
86517.5,-14,11,277
86520.0,9,-8,354
86522.5,51,-7,267
86525.0,-47,-1,346
86527.5,35,13,179
86530.0,37,-1,246
86532.5,-7,7,429
86535.0,20,-11,289
86537.5,42,-44,417
86540.0,17,9,317
86542.5,12,-32,370
86545.0,-34,-37,278
86547.5,-20,-29,288
86550.0,-42,-7,255
86552.5,0,18,340
86555.0,-6,-16,271
86557.5,-79,-2,304
86560.0,49,-39,358
86562.5,-27,-35,254
86565.0,-27,-35,254
86567.5,8,-44,364
86570.0,30,6,266
86572.5,6,7,395
86575.0,-11,-3,273
86577.5,8,-28,362
86580.0,22,39,275
86582.5,12,-31,335
86585.0,60,-3,293
86587.5,-14,-57,342
86590.0,27,16,300
86592.5,47,-11,288
86595.0,-50,-26,298
86597.5,7,-2,310
86600.0,-87,-42,315
86602.5,-8,-24,295
86605.0,51,0,298
86607.5,-36,-33,368
86610.0,75,-7,243
86612.5,-7,-10,323
86615.0,-7,-10,323
86617.5,-17,-12,311
86620.0,47,-17,295
86622.5,76,-33,374
86625.0,34,20,295
86627.5,-60,-79,277
86630.0,-41,-14,309
86632.5,-11,-9,274
86635.0,-43,-8,327
86637.5,-28,-15,331
86640.0,47,3,325
86642.5,53,11,343
86645.0,52,32,287
86647.5,103,-34,340
86650.0,-11,-56,279
86652.5,25,-22,262
86655.0,-37,-29,303
86657.5,-16,-56,366
86660.0,27,-4,283
86662.5,-32,-47,395
86665.0,-32,-47,395
86667.5,-22,-43,291
86670.0,-76,-40,307
86672.5,22,26,245
86675.0,-36,-15,304
86677.5,36,18,272
86680.0,-37,8,345
86682.5,-62,15,248
86685.0,22,-29,339
86687.5,102,26,216
86690.0,42,2,325
86692.5,54,9,305
86695.0,57,-41,316
86697.5,-34,27,281
86700.0,61,-10,380
86702.5,51,27,168
86705.0,-112,-101,428
86707.5,-27,-21,318
86710.0,-25,-2,217
86712.5,-6,-4,311
86715.0,-6,-4,311
86717.5,8,-34,343
86720.0,2,34,299
86722.5,45,-36,361
86725.0,8,13,280
86727.5,-60,-35,342
86730.0,4,-4,269
86732.5,-23,-79,307
86735.0,16,62,303
86737.5,19,-3,307
86740.0,13,23,315
86742.5,4,-28,383
86745.0,37,-19,272
86747.5,-26,-34,354
86750.0,-15,44,291
86752.5,-32,10,292
86755.0,-18,-34,274
86757.5,36,12,297
86760.0,25,-19,276
86762.5,-20,5,357
86765.0,-20,5,357
86767.5,24,-59,365
86770.0,-33,-22,354
86772.5,38,-27,303
86775.0,68,-58,333
86777.5,-53,-43,257
86780.0,18,9,321
86782.5,-6,-7,280
86785.0,-35,10,316
86787.5,-19,5,269
86790.0,-17,-8,380
86792.5,-6,-41,311
86795.0,-55,-2,248
86797.5,4,-5,338
86800.0,55,-13,285
86802.5,-10,-25,320
86805.0,-22,-15,337
86807.5,19,0,294
86810.0,-70,-42,335
86812.5,29,-25,300
86815.0,29,-25,300
86817.5,52,26,278
86820.0,32,-42,344
86822.5,65,34,278
86825.0,-1,-13,289
86827.5,-3,-5,306
86830.0,28,-22,292
86832.5,-1,-37,334
86835.0,22,10,305
86837.5,36,27,224
86840.0,-30,-14,323
86842.5,13,15,256
86845.0,46,-2,353
86847.5,3,-7,306
86850.0,-77,-8,352
86852.5,-86,-23,496
86855.0,-45,-15,363
86857.5,6,-24,270
86860.0,18,4,311
86862.5,-4,-10,229
86865.0,-4,-10,229
86867.5,-19,-13,232
86870.0,-32,7,420
86872.5,-1,-8,358
86875.0,-33,-19,317
86877.5,39,-24,338
86880.0,30,-37,291
86882.5,-49,-8,319
86885.0,53,-31,293
86887.5,8,8,313
86890.0,4,4,311
86892.5,-23,-37,370
86895.0,12,0,314
86897.5,61,46,325
86900.0,57,15,209
86902.5,-3,-37,329
86905.0,28,14,216
86907.5,-35,-6,294
86910.0,7,13,328
86912.5,15,10,369
86915.0,15,10,369
86917.5,9,-15,333
86920.0,17,7,340
86922.5,17,18,260
86925.0,26,1,331
86927.5,-23,-92,363
86930.0,-25,2,264
86932.5,11,3,339
86935.0,33,16,258
86937.5,-39,-38,306
86940.0,1,-20,279
86942.5,47,23,328
86945.0,22,-14,377
86947.5,83,-7,234
86950.0,18,1,257
86952.5,37,-5,317
86955.0,-34,-27,294
86957.5,65,23,331
86960.0,47,4,349
86962.5,-20,-12,265
86965.0,-20,-12,265
86967.5,-18,2,306
86970.0,41,7,309
86972.5,18,-15,316
86975.0,23,11,344
86977.5,68,-5,286
86980.0,32,-14,374
86982.5,52,16,271
86985.0,-18,-31,236
86987.5,-19,-5,271
86990.0,-6,6,285
86992.5,-1,-1,298
86995.0,-25,-18,318
86997.5,12,-14,327
87000.0,46,-22,388
87002.5,35,-50,322
87005.0,-16,-10,300
87007.5,1,-12,297
87010.0,7,-26,279
87012.5,-17,-21,328
87015.0,-17,-21,328
87017.5,12,-49,343
87020.0,10,-18,267
87022.5,-58,-15,345
87025.0,8,32,236
87027.5,47,13,291
87030.0,-2,-14,346
87032.5,34,6,232
87035.0,58,-5,321
87037.5,57,-9,349
87040.0,36,-5,247
87042.5,-8,5,318
87045.0,4,-5,238
87047.5,-57,-2,338
87050.0,-41,-2,297
87052.5,-11,-26,297
87055.0,29,29,289
87057.5,18,10,373
87060.0,66,21,324
87062.5,8,-31,315
87065.0,8,-31,315
87067.5,20,6,214
87070.0,1,9,261
87072.5,-13,-1,314
87075.0,23,14,335
87077.5,50,-29,339
87080.0,52,-15,359
87082.5,-43,-71,279
87085.0,-33,-32,396
87087.5,34,17,272
87090.0,16,-2,237
87092.5,49,7,282
87095.0,39,26,317
87097.5,53,34,270
87100.0,-19,-13,313
87102.5,-61,-36,245
87105.0,-14,-15,396
87107.5,7,-55,321
87110.0,18,-29,300
87112.5,4,-3,288
87115.0,4,-3,288
87117.5,43,-8,289
87120.0,32,-48,286
87122.5,-26,38,381
87125.0,-30,-55,303
87127.5,-31,-32,324
87130.0,-36,-33,242
87132.5,77,5,259
87135.0,3,-12,331
87137.5,3,-12,315
87140.0,-17,-16,299
87142.5,-36,13,332
87145.0,57,-3,268
87147.5,31,-49,327
87150.0,42,28,300
87152.5,15,29,302
87155.0,-10,19,312
87157.5,51,7,284
87160.0,5,-32,335
87162.5,9,24,333
87165.0,9,24,333
87167.5,-10,27,297
87170.0,12,28,345
87172.5,0,-32,303
87175.0,14,0,250
87177.5,-11,19,317
87180.0,28,-12,247
87182.5,16,-15,302
87185.0,-16,-13,320
87187.5,33,10,331
87190.0,31,-29,345
87192.5,-13,-24,325
87195.0,-4,2,259
87197.5,9,-29,327
87200.0,41,-6,264
87202.5,121,9,286
87205.0,3,29,308
87207.5,14,-11,286
87210.0,29,-2,364
87212.5,15,-83,315
87215.0,15,-83,315
87217.5,28,-38,198
87220.0,29,-17,293
87222.5,38,23,148
87225.0,-40,-43,356
87227.5,40,7,363
87230.0,-14,39,300
87232.5,-5,-23,271
87235.0,-48,-30,333
87237.5,27,-22,469
87240.0,39,1,248
87242.5,2,-73,251
87245.0,54,1,270
87247.5,-13,-7,318
87250.0,64,24,356
87252.5,-41,-22,300
87255.0,65,-14,286
87257.5,60,9,322
87260.0,8,9,313
87262.5,61,-33,258
87265.0,61,-33,258
87267.5,14,11,266
87270.0,18,42,349
87272.5,-6,3,353
87275.0,39,-32,277
87277.5,-52,-32,305
87280.0,24,16,274
87282.5,-47,-70,323
87285.0,-17,-34,204
87287.5,-38,-13,250
87290.0,7,9,322
87292.5,41,-14,373
87295.0,-5,0,279
87297.5,30,-10,289
87300.0,22,22,263
87302.5,3,13,336
87305.0,-37,-12,225
87307.5,37,22,293
87310.0,-9,-42,359
87312.5,11,-6,271
87315.0,11,-6,271
87317.5,-36,-15,289
87320.0,32,-34,274
87322.5,19,15,250
87325.0,8,17,303
87327.5,-17,-45,260
87330.0,16,38,308
87332.5,10,18,256
87335.0,51,-2,331
87337.5,-17,-1,348
87340.0,21,-31,359
87342.5,27,-16,270
87345.0,17,-23,365
87347.5,71,11,290
87350.0,-16,-15,288
87352.5,40,-4,316
87355.0,25,2,303
87357.5,83,-33,370
87360.0,63,20,295
87362.5,-38,-41,251
87365.0,-38,-41,251
87367.5,-24,-36,294
87370.0,25,-32,299
87372.5,-28,-37,310
87375.0,-26,-36,336
87377.5,34,13,299
87380.0,9,4,336
87382.5,43,-12,261
87385.0,16,-16,278
87387.5,45,15,283
87390.0,-27,24,285
87392.5,-45,-54,192
87395.0,123,45,389
87397.5,-49,-21,347
87400.0,-15,17,271
87402.5,70,-16,263
87405.0,-14,-23,341
87407.5,0,-9,281
87410.0,0,-54,264
87412.5,0,-54,264
87415.0,54,-13,345
87417.5,-35,-2,379
87420.0,24,-53,350
87422.5,-19,3,297
87425.0,12,-37,228
87427.5,18,-32,319
87430.0,65,-25,329
87432.5,38,6,248
87435.0,57,21,261
87437.5,-18,-15,329
87440.0,22,11,298
87442.5,-89,-50,318
87445.0,-76,-38,363
87447.5,39,-13,270
87450.0,22,12,273
87452.5,64,8,328
87455.0,9,-7,350
87457.5,31,36,317
87460.0,93,-18,276
87462.5,93,-18,276
87465.0,2,-11,319
87467.5,-6,-9,278
87470.0,32,-16,244
87472.5,6,0,320
87475.0,12,40,264
87477.5,22,33,320
87480.0,9,0,305
87482.5,20,-34,296
87485.0,-18,-19,314
87487.5,31,-26,295
87490.0,-65,45,228
87492.5,47,-34,340
87495.0,-34,-9,272
87497.5,17,11,298
87500.0,1,-27,338
87502.5,-26,11,280
87505.0,-62,-48,305
87507.5,53,-50,332
87510.0,25,-30,255
87512.5,25,-30,255
87515.0,-11,-54,363
87517.5,0,-5,208
87520.0,-7,-32,316
87522.5,-21,-9,314
87525.0,8,-22,317
87527.5,48,16,356
87530.0,57,-9,329
87532.5,5,-17,247
87535.0,7,4,311
87537.5,37,23,255
87540.0,25,-20,271
87542.5,5,-4,329
87545.0,42,5,280
87547.5,24,-25,326
87550.0,26,8,354
87552.5,17,-9,295
87555.0,-29,-34,316
87557.5,96,7,263
87560.0,45,-12,271
87562.5,45,-12,271
87565.0,-16,-24,299
87567.5,36,10,310
87570.0,19,4,308
87572.5,2,-36,372
87575.0,-13,-30,314
87577.5,-29,-10,363
87580.0,42,17,229
87582.5,135,19,252
87585.0,57,-10,255
87587.5,90,99,281
87590.0,-86,-19,304
87592.5,33,-34,236
87595.0,35,-13,258
87597.5,-24,-37,334
87600.0,-13,-32,215
87602.5,-7,-33,285
87605.0,2,-6,336
87607.5,44,1,459
87610.0,55,-16,275
87612.5,55,-16,275
87615.0,33,-8,383
87617.5,12,-22,322
87620.0,-25,-5,358
87622.5,28,-27,246
87625.0,-77,-32,288
87627.5,42,5,290
87630.0,24,-15,278
87632.5,56,8,296
87635.0,37,19,359
87637.5,70,-12,202
87640.0,-12,-42,308
87642.5,-7,15,379
87645.0,-39,-18,252
87647.5,-47,9,281
87650.0,51,11,290
87652.5,-31,-12,407
87655.0,12,23,279
87657.5,-31,-28,367
87660.0,20,-3,327
87662.5,20,-3,327
87665.0,16,-7,340
87667.5,-18,-12,248
87670.0,47,21,265
87672.5,77,23,321
87675.0,-19,-28,242
87677.5,47,-1,331
87680.0,63,27,282
87682.5,-22,10,391
87685.0,41,-40,271
87687.5,-22,27,258
87690.0,31,8,297
87692.5,23,7,342
87695.0,-12,-21,333
87697.5,-44,-26,277
87700.0,49,8,257
87702.5,-4,-1,337
87705.0,91,-1,265
87707.5,47,36,329
87710.0,-36,-26,300
87712.5,-36,-26,300
87715.0,50,-15,316
87717.5,-20,-45,324
87720.0,33,-12,354
87722.5,69,20,291
87725.0,-11,-27,331
87727.5,17,-27,242
87730.0,61,41,319
87732.5,5,22,317
87735.0,-1,-4,303
87737.5,37,24,319
87740.0,17,-47,338
87742.5,91,-17,291
87745.0,10,9,342
87747.5,25,4,237
87750.0,26,2,308
87752.5,34,-20,328
87755.0,-55,-44,287
87757.5,-25,30,310
87760.0,-4,-5,335
87762.5,-4,-5,335
87765.0,24,-13,213
87767.5,30,48,330
87770.0,78,-9,213
87772.5,-7,-18,221
87775.0,-34,-35,358
87777.5,41,-23,306
87780.0,40,-9,391
87782.5,21,-10,246
87785.0,24,-11,260
87787.5,26,25,292
87790.0,30,53,270
87792.5,-43,-67,351
87795.0,29,1,379
87797.5,-53,-35,259
87800.0,-68,13,335
87802.5,49,16,278
87805.0,184,68,208
87807.5,-1,-41,337
87810.0,27,-4,270
87812.5,27,-4,270
87815.0,-48,16,253
87817.5,-19,41,270
87820.0,26,3,352
87822.5,-17,-33,297
87825.0,29,3,280
87827.5,36,16,280
87830.0,-64,66,253
87832.5,58,3,235
87835.0,35,-9,304
87837.5,8,-7,357
87840.0,61,10,311
87842.5,-31,9,320
87845.0,96,-4,296
87847.5,7,-43,207
87850.0,-20,14,296
87852.5,88,-13,273
87855.0,2,-48,320
87857.5,1,18,341
87860.0,-26,-22,263
87862.5,-26,-22,263
87865.0,22,-25,305
87867.5,31,-42,258
87870.0,69,15,256
87872.5,-10,-43,347
87875.0,20,17,286
87877.5,40,-34,306
87880.0,21,-2,268
87882.5,13,-17,288
87885.0,7,-27,301
87887.5,4,24,303
87890.0,-3,-24,232
87892.5,6,-1,304
87895.0,-64,13,203
87897.5,-32,1,299
87900.0,18,-3,314
87902.5,-3,-14,324
87905.0,-3,38,332
87907.5,-8,-28,377
87910.0,-20,-83,218
87912.5,-20,-83,218
87915.0,25,4,357
87917.5,50,-14,253
87920.0,-34,-34,261
87922.5,-11,-10,279
87925.0,-2,16,263
87927.5,13,-11,256
87930.0,47,-26,344
87932.5,13,-12,321
87935.0,-7,-28,360
87937.5,24,3,217
87940.0,50,-37,321
87942.5,-48,-16,315
87945.0,58,21,242
87947.5,8,-31,303
87950.0,-4,-40,362
87952.5,-72,-33,320
87955.0,-11,41,436
87957.5,41,11,299
87960.0,41,-14,324
87962.5,41,-14,324
87965.0,-19,-31,407
87967.5,51,1,190
87970.0,17,-23,374
87972.5,54,45,333
87975.0,-41,-59,403
87977.5,49,13,267
87980.0,27,21,454
87982.5,-64,-15,236
87985.0,-13,-13,245
87987.5,18,7,247
87990.0,23,-10,352
87992.5,63,-27,339
87995.0,64,-25,371
87997.5,22,-27,235
88000.0,-45,-17,264
88002.5,51,32,265
88005.0,0,-26,296
88007.5,73,2,342
88010.0,23,-12,255
88012.5,23,-12,255
88015.0,22,-42,360
88017.5,34,33,249
88020.0,-67,-49,345
88022.5,36,4,295
88025.0,-37,39,285
88027.5,-53,-10,334
88030.0,63,48,253
88032.5,21,20,298
88035.0,52,-15,335
88037.5,22,8,412
88040.0,44,-18,313
88042.5,63,-4,246
88045.0,-13,-37,271
88047.5,-29,-14,329
88050.0,40,36,329
88052.5,13,-19,267
88055.0,76,34,357
88057.5,12,-3,225
88060.0,12,-3,225
88062.5,-41,-51,338
88065.0,0,22,253
88067.5,-58,-23,259
88070.0,-6,-11,303
88072.5,-7,-3,319
88075.0,-44,-57,273
88077.5,8,-8,350
88080.0,39,4,274
88082.5,-7,-34,328
88085.0,6,10,263
88087.5,31,12,291
88090.0,-10,15,318
88092.5,7,-14,345
88095.0,0,-8,352
88097.5,-16,-51,354
88100.0,-14,-18,270
88102.5,-15,-34,351
88105.0,-1,18,218
88107.5,6,37,301
88110.0,6,37,301
88112.5,-20,18,322
88115.0,35,0,295
88117.5,39,-16,340
88120.0,74,15,310
88122.5,-32,-27,243
88125.0,17,25,386
88127.5,50,20,258
88130.0,22,-15,312
88132.5,-23,-11,380
88135.0,52,2,280
88137.5,-19,-23,292
88140.0,60,14,283
88142.5,28,8,265
88145.0,-23,-9,384
88147.5,-15,17,273
88150.0,1,11,314
88152.5,-39,-8,381
88155.0,-30,54,259
88157.5,-39,-1,400
88160.0,-39,-1,400
88162.5,67,23,230
88165.0,-33,-1,268
88167.5,-31,-12,286
88170.0,-10,9,255
88172.5,-28,-3,331
88175.0,27,27,404
88177.5,60,-46,340
88180.0,-6,-31,327
88182.5,36,-3,249
88185.0,88,11,222
88187.5,30,33,316
88190.0,31,5,260
88192.5,-2,-11,276
88195.0,-2,10,364
88197.5,-62,30,278
88200.0,-45,-17,406
88202.5,14,-55,305
88205.0,116,41,239
88207.5,32,41,333
88210.0,32,41,333
88212.5,49,4,285
88215.0,-7,-18,320
88217.5,48,17,389
88220.0,20,-49,330
88222.5,-13,-23,328
88225.0,59,-13,291
88227.5,88,27,258
88230.0,57,4,279
88232.5,113,27,250
88235.0,16,-6,263
88237.5,-19,-21,335
88240.0,37,19,287
88242.5,-64,-41,345
88245.0,118,8,336
88247.5,31,18,206
88250.0,39,-30,328
88252.5,6,8,256
88255.0,10,-2,315
88257.5,16,2,296
88260.0,16,2,296
88262.5,-6,-27,309
88265.0,-2,8,365
88267.5,5,-36,381
88270.0,-26,1,289
88272.5,6,9,327
88275.0,-55,-58,234
88277.5,68,13,241
88280.0,30,-26,295
88282.5,17,8,311
88285.0,-38,-23,342
88287.5,-17,0,313
88290.0,5,-25,276
88292.5,-31,-20,319
88295.0,0,-26,224
88297.5,12,11,285
88300.0,-24,18,313
88302.5,37,-9,296
88305.0,-23,-25,308
88307.5,49,60,337
88310.0,49,60,337
88312.5,30,0,275
88315.0,-28,-33,365
88317.5,70,-13,261
88320.0,13,-21,271
88322.5,1,-34,301
88325.0,50,-11,329
88327.5,41,12,368
88330.0,16,-5,257
88332.5,3,-50,163
88335.0,-71,30,276
88337.5,59,-24,238
88340.0,8,-17,281
88342.5,18,-23,305
88345.0,44,39,323
88347.5,-50,-7,400
88350.0,27,-34,272
88352.5,0,14,337
88355.0,24,30,365
88357.5,43,-33,243
88360.0,43,-33,243
88362.5,85,28,249
88365.0,-11,-35,382
88367.5,20,-10,268
88370.0,22,-10,276
88372.5,-64,-10,221
88375.0,-24,-25,295
88377.5,-26,-11,336
88380.0,133,49,174
88382.5,80,55,232
88385.0,8,-10,373
88387.5,-20,-4,317
88390.0,29,0,295
88392.5,-10,-28,309
88395.0,24,9,281
88397.5,-1,-46,392
88400.0,8,-7,281
88402.5,-58,-4,271
88405.0,-16,-10,363
88407.5,99,43,325
88410.0,99,43,325
88412.5,82,3,308
88415.0,1,-15,333
88417.5,52,2,274
88420.0,-25,-17,320
88422.5,-63,-66,319
88425.0,38,45,267
88427.5,-62,-35,294
88430.0,14,-8,352
88432.5,-88,-18,348
88435.0,0,-35,334
88437.5,152,49,229
88440.0,83,34,361
88442.5,50,-1,235
88445.0,-10,-8,331
88447.5,11,-31,282
88450.0,9,5,295
88452.5,-13,-35,324
88455.0,46,-5,314
88457.5,39,-6,264
88460.0,39,-6,264
88462.5,-35,-32,351
88465.0,104,34,244
88467.5,-9,-8,306
88470.0,-13,28,377
88472.5,42,-36,310
88475.0,39,3,350
88477.5,19,4,312
88480.0,28,29,289
88482.5,-14,-35,326
88485.0,19,6,289
88487.5,3,3,309
88490.0,29,-11,350
88492.5,1,10,312
88495.0,6,-27,309
88497.5,17,-24,304
88500.0,-45,9,273
88502.5,-8,-20,359
88505.0,-58,-64,366
88507.5,-3,-7,310
88510.0,-3,-7,310
88512.5,36,2,228
88515.0,21,-30,338
88517.5,-15,-57,333
88520.0,82,-23,234
88522.5,9,5,229
88525.0,-61,4,329
88527.5,-11,3,285
88530.0,5,-36,377
88532.5,40,-14,338
88535.0,109,17,219
88537.5,-8,-49,306
88540.0,13,34,293
88542.5,9,9,323
88545.0,19,16,265
88547.5,-4,-46,331
88550.0,-14,-28,359
88552.5,60,-5,297
88555.0,28,-11,289
88557.5,-36,-53,381
88560.0,-36,-53,381
88562.5,60,13,259
88565.0,-54,-27,269
88567.5,5,-19,322
88570.0,45,-9,301
88572.5,20,-3,299
88575.0,-14,-56,356
88577.5,56,19,278
88580.0,-3,-48,342
88582.5,37,26,235
88585.0,-40,-54,211
88587.5,-74,-14,311
88590.0,16,4,298
88592.5,0,-14,292
88595.0,45,38,335
88597.5,2,-1,292
88600.0,52,-27,344
88602.5,11,-18,255
88605.0,11,-7,222
88607.5,-32,-30,308
88610.0,-32,-30,308
88612.5,23,-3,310
88615.0,-39,-22,295
88617.5,34,-38,321
88620.0,105,-40,290
88622.5,-30,-17,364
88625.0,4,-1,329
88627.5,-31,-42,308
88630.0,15,-36,276
88632.5,46,-25,261
88635.0,26,13,311
88637.5,-14,-18,342
88640.0,8,-34,284
88642.5,13,-14,340
88645.0,-16,-9,323
88647.5,23,2,229
88650.0,-17,10,307
88652.5,51,-4,281
88655.0,0,-10,300
88657.5,0,-10,300
88660.0,5,-10,313
88662.5,65,24,321
88665.0,-28,-20,358
88667.5,-13,-1,316
88670.0,88,16,282
88672.5,-55,-11,323
88675.0,92,-3,254
88677.5,-46,-28,320
88680.0,11,-6,323
88682.5,6,-6,286
88685.0,30,-35,330
88687.5,46,17,337
88690.0,-43,-20,275
88692.5,-58,0,349
88695.0,-20,4,286
88697.5,-9,-2,201
88700.0,-76,-53,345
88702.5,-66,7,441
88705.0,95,16,270
88707.5,95,16,270
88710.0,29,5,343
88712.5,17,-7,174
88715.0,-35,-43,339
88717.5,149,2,23
88720.0,216,38,309
88722.5,9,-15,362
88725.0,30,24,276
88727.5,20,-2,317
88730.0,-1,-22,357
88732.5,29,14,255
88735.0,73,-15,305
88737.5,38,-36,265
88740.0,28,-16,363
88742.5,39,12,358
88745.0,48,-18,270
88747.5,28,-30,293
88750.0,64,-17,230
88752.5,20,-13,314
88755.0,-23,-12,312
88757.5,-23,-12,312
88760.0,-13,0,272
88762.5,27,3,244
88765.0,-19,44,312
88767.5,12,28,268
88770.0,-41,12,261
88772.5,37,-17,307
88775.0,64,-30,252
88777.5,-55,-13,274
88780.0,15,-10,256
88782.5,-47,-9,331
88785.0,9,-41,390
88787.5,0,21,373
88790.0,37,-30,355
88792.5,8,-34,265
88795.0,26,19,274
88797.5,16,-34,304
88800.0,78,17,260
88802.5,21,-13,289
88805.0,-37,-17,281
88807.5,-37,-17,281
88810.0,38,9,318
88812.5,-46,-29,316
88815.0,-3,-35,286
88817.5,40,-6,315
88820.0,-51,-31,341
88822.5,-12,-48,276
88825.0,-13,-24,301
88827.5,34,-31,317
88830.0,0,-16,294
88832.5,11,-29,351
88835.0,21,-24,298
88837.5,36,7,244
88840.0,-8,11,271
88842.5,78,1,268
88845.0,-20,39,277
88847.5,-56,9,317
88850.0,7,-14,302
88852.5,-42,-53,355
88855.0,-54,-38,308
88857.5,-54,-38,308
88860.0,-60,-23,293
88862.5,-85,-37,321
88865.0,62,8,315
88867.5,-25,-17,330
88870.0,42,17,328
88872.5,77,28,215
88875.0,-22,10,366
88877.5,13,-29,303
88880.0,28,-12,281
88882.5,37,16,201
88885.0,-24,1,296
88887.5,-25,-23,349
88890.0,42,-4,346
88892.5,17,-26,212
88895.0,15,-6,403
88897.5,68,14,257
88900.0,52,-3,304
88902.5,8,-30,337
88905.0,50,-1,322
88907.5,50,-1,322
88910.0,-114,-13,265
88912.5,-22,-4,271
88915.0,40,26,274
88917.5,24,-36,426
88920.0,-11,-11,287
88922.5,75,18,289
88925.0,-101,-20,344
88927.5,-25,62,271
88930.0,-22,-10,332
88932.5,-4,-10,352
88935.0,-6,16,257
88937.5,-24,53,317
88940.0,45,12,267
88942.5,-90,-9,312
88945.0,18,6,253
88947.5,16,-10,289
88950.0,-47,0,320
88952.5,-62,-22,321
88955.0,43,-5,303
88957.5,43,-5,303
88960.0,-41,-31,359
88962.5,30,0,221
88965.0,68,3,251
88967.5,-14,-27,324
88970.0,-5,7,264
88972.5,-21,-2,254
88975.0,-32,-77,337
88977.5,8,30,352
88980.0,-33,-25,378
88982.5,28,3,261
88985.0,136,-35,233
88987.5,3,-18,262
88990.0,-6,-13,256
88992.5,-25,-37,327
88995.0,19,-26,340
88997.5,56,33,319
89000.0,1,-8,383
89002.5,7,4,281
89005.0,35,-9,240
89007.5,35,-9,240
89010.0,-51,-19,313
89012.5,28,12,278
89015.0,19,23,285
89017.5,88,-10,340
89020.0,-6,-18,350
89022.5,-26,-9,340
89025.0,39,12,288
89027.5,97,-9,300
89030.0,29,-3,340
89032.5,4,-3,260
89035.0,22,1,309
89037.5,0,6,299
89040.0,42,-28,301
89042.5,-28,-27,312
89045.0,38,-38,326
89047.5,63,-21,282
89050.0,7,-24,344
89052.5,33,18,247
89055.0,14,-27,296
89057.5,14,-27,296
89060.0,-4,-28,342
89062.5,37,26,326
89065.0,30,-45,332
89067.5,16,49,279
89070.0,0,17,237
89072.5,-53,-56,259
89075.0,-10,-30,333
89077.5,65,4,287
89080.0,-37,-4,320
89082.5,2,-25,253
89085.0,-15,-5,337
89087.5,-30,-56,334
89090.0,32,-48,325
89092.5,-61,-50,342
89095.0,-17,-19,263
89097.5,53,6,305
89100.0,-9,-51,302
89102.5,62,1,438
89105.0,63,-16,266
89107.5,63,-16,266
89110.0,-30,-12,324
89112.5,62,-46,178
89115.0,5,-6,353
89117.5,-40,10,179
89120.0,-120,-66,402
89122.5,15,-3,362
89125.0,40,2,318
89127.5,70,4,302
89130.0,35,-55,282
89132.5,-1,21,297
89135.0,-31,-30,292
89137.5,24,-2,305
89140.0,-35,-12,304
89142.5,-69,-22,355
89145.0,-45,-33,332
89147.5,-82,-19,344
89150.0,55,15,305
89152.5,10,-36,221
89155.0,18,-4,355
89157.5,18,-4,355
89160.0,29,-3,246
89162.5,-78,-38,323
89165.0,2,21,266
89167.5,-20,20,335
89170.0,38,-18,313
89172.5,51,11,292
89175.0,117,-4,305
89177.5,-36,-30,370
89180.0,14,-17,288
89182.5,-24,5,280
89185.0,-28,-8,387
89187.5,71,17,275
89190.0,-38,-19,303
89192.5,43,-11,284
89195.0,-35,-12,260
89197.5,20,-3,324
89200.0,61,25,219
89202.5,38,31,264
89205.0,-36,7,334
89207.5,-36,7,334
89210.0,-67,-41,283
89212.5,-15,-30,356
89215.0,28,-19,282
89217.5,7,6,281
89220.0,-5,-16,306
89222.5,6,33,284
89225.0,-2,-14,297
89227.5,-17,-4,331
89230.0,25,-12,287
89232.5,-23,5,350
89235.0,-3,-28,269
89237.5,133,47,300
89240.0,17,-31,270
89242.5,-11,29,356
89245.0,-56,-28,349
89247.5,62,16,279
89250.0,-51,-14,242
89252.5,-24,25,391
89255.0,39,-2,206
89257.5,39,-2,206
89260.0,-47,44,232
89262.5,2,-29,224
89265.0,-21,20,339
89267.5,-18,23,327
89270.0,-70,-17,249
89272.5,25,20,210
89275.0,-32,-3,350
89277.5,-10,-13,246
89280.0,-39,-88,348
89282.5,-14,38,286
89285.0,17,53,342
89287.5,-13,-29,335
89290.0,38,10,374
89292.5,-26,-67,316
89295.0,-74,-68,318
89297.5,-12,-9,252
89300.0,-29,5,321
89302.5,-2,-14,321
89305.0,29,21,294
89307.5,29,21,294
89310.0,32,32,291
89312.5,54,4,363
89315.0,14,-12,280
89317.5,-5,-21,269
89320.0,75,-3,271
89322.5,-7,-10,349
89325.0,64,-10,333
89327.5,114,4,254
89330.0,-9,-12,281
89332.5,-17,-21,332
89335.0,71,-1,280
89337.5,-38,-1,330
89340.0,11,27,253
89342.5,-27,-18,293
89345.0,-27,-12,296
89347.5,34,6,302
89350.0,-49,15,312
89352.5,9,-4,347
89355.0,20,-20,317
89357.5,20,-20,317
89360.0,29,17,378
89362.5,53,1,328
89365.0,30,14,280
89367.5,-84,-33,281
89370.0,47,46,260
89372.5,-8,-2,282
89375.0,-4,-47,371
89377.5,25,-1,325
89380.0,-49,-40,352
89382.5,10,-10,307
89385.0,52,6,284
89387.5,26,5,314
89390.0,12,-22,267
89392.5,-52,-29,309
89395.0,-23,-17,315
89397.5,33,-18,316
89400.0,-94,-13,342
89402.5,47,-26,337
89405.0,50,23,274
89407.5,50,23,274
89410.0,57,4,339
89412.5,31,-2,240
89415.0,-37,-11,293
89417.5,-5,0,345
89420.0,45,6,346
89422.5,-35,-14,344
89425.0,1,5,309
89427.5,29,-14,271
89430.0,-17,8,321
89432.5,-26,-29,255
89435.0,88,89,276
89437.5,-45,0,337
89440.0,32,42,310
89442.5,56,-1,199
89445.0,62,-58,345
89447.5,53,-13,293
89450.0,54,5,325
89452.5,57,-18,262
89455.0,57,-18,262
89457.5,-36,-31,262
89460.0,-38,-24,392
89462.5,19,17,195
89465.0,-54,-7,278
89467.5,-21,-55,311
89470.0,64,7,296
89472.5,-70,-27,340
89475.0,-15,-45,222
89477.5,-65,-10,299
89480.0,-18,29,342
89482.5,5,-26,350
89485.0,33,-3,284
89487.5,-16,-30,310
89490.0,-24,-23,323
89492.5,-20,-33,350
89495.0,17,-40,215
89497.5,-9,8,340
89500.0,-20,-8,338
89502.5,38,7,395
89505.0,38,7,395
89507.5,38,-2,382
89510.0,-31,14,333
89512.5,57,-25,244
89515.0,0,3,310
89517.5,-12,-44,192
89520.0,3,-8,282
89522.5,14,-8,370
89525.0,7,-14,264
89527.5,4,-19,325
89530.0,-40,-51,347
89532.5,44,7,320
89535.0,54,4,277
89537.5,-14,-37,260
89540.0,13,1,267
89542.5,12,16,299
89545.0,-5,-28,332
89547.5,-30,-76,352
89550.0,1,-17,344
89552.5,34,-3,268
89555.0,34,-3,268
89557.5,-34,-32,297
89560.0,31,-18,235
89562.5,16,-26,298
89565.0,12,-13,293
89567.5,-6,-20,277
89570.0,-6,-22,339
89572.5,58,14,303
89575.0,77,20,279
89577.5,-38,-8,316
89580.0,64,0,229
89582.5,-4,-8,287
89585.0,-13,-7,350
89587.5,42,-8,296
89590.0,-44,-21,350
89592.5,1,-21,294
89595.0,-9,-26,237
89597.5,-58,-42,298
89600.0,14,17,246
89602.5,23,2,297
89605.0,23,2,297
89607.5,-67,-43,365
89610.0,130,42,245
89612.5,6,-25,361
89615.0,71,22,294
89617.5,49,-17,310
89620.0,-66,-32,304
89622.5,12,24,276
89625.0,17,-8,296
89627.5,7,-42,428
89630.0,4,0,266
89632.5,-11,-27,320
89635.0,23,43,240
89637.5,138,14,330
89640.0,52,-36,293
89642.5,82,-12,273
89645.0,20,-11,312
89647.5,-33,10,351
89650.0,-80,-26,228
89652.5,-10,-13,346
89655.0,-10,-13,346
89657.5,-44,-15,256
89660.0,-28,4,258
89662.5,-5,-91,350
89665.0,-22,2,289
89667.5,22,-6,267
89670.0,4,-22,319
89672.5,32,18,253
89675.0,49,-3,314
89677.5,74,-2,241
89680.0,53,-1,253
89682.5,-51,-53,248
89685.0,-5,-1,262
89687.5,-4,-1,321
89690.0,-7,26,349
89692.5,-43,-16,262
89695.0,-33,-30,376
89697.5,72,20,251
89700.0,47,20,224
89702.5,-24,13,311
89705.0,-24,13,311
89707.5,24,46,300
89710.0,-6,-32,286
89712.5,6,-34,351
89715.0,53,3,350
89717.5,48,-26,372
89720.0,42,-26,269
89722.5,51,16,231
89725.0,-58,-5,287
89727.5,103,0,264
89730.0,-32,-2,306
89732.5,-26,-42,343
89735.0,39,10,322
89737.5,42,-7,363
89740.0,42,15,275
89742.5,36,0,223
89745.0,-19,24,267
89747.5,2,-3,259
89750.0,-21,-9,278
89752.5,-30,20,326
89755.0,-30,20,326
89757.5,-7,-5,296
89760.0,32,23,298
89762.5,20,-21,315
89765.0,54,38,266
89767.5,-56,-33,319
89770.0,24,-18,260
89772.5,107,4,369
89775.0,-6,-36,326
89777.5,24,-14,329
89780.0,44,-15,285
89782.5,23,18,313
89785.0,37,13,238
89787.5,16,-10,357
89790.0,-6,-22,276
89792.5,-32,-2,327
89795.0,-23,-27,312
89797.5,26,12,291
89800.0,43,-4,344
89802.5,2,-40,294
89805.0,2,-40,294
89807.5,44,3,285
89810.0,-45,10,293
89812.5,31,10,287
89815.0,-35,-72,375
89817.5,14,-53,295
89820.0,17,6,298
89822.5,-47,2,274
89825.0,16,-24,354
89827.5,62,17,285
89830.0,-73,-40,376
89832.5,27,3,251
89835.0,-57,-33,219
89837.5,28,37,248
89840.0,11,-31,329
89842.5,35,14,286
89845.0,-25,-57,292
89847.5,13,-5,266
89850.0,-13,-18,368
89852.5,54,-37,287
89855.0,54,-37,287
89857.5,80,28,229
89860.0,-79,-39,355
89862.5,47,2,283
89865.0,-50,-30,357
89867.5,57,-34,332
89870.0,-13,-27,284
89872.5,-28,-22,290
89875.0,71,18,314
89877.5,7,0,235
89880.0,26,2,279
89882.5,57,39,268
89885.0,-23,-37,292
89887.5,-21,11,315
89890.0,74,-1,342
89892.5,-4,-18,383
89895.0,68,-9,263
89897.5,32,-8,287
89900.0,-37,12,274
89902.5,51,6,297
89905.0,51,6,297
89907.5,-10,-35,330
89910.0,-66,-23,288
89912.5,-29,2,232
89915.0,-35,-32,354
89917.5,28,-4,228
89920.0,61,4,292
89922.5,32,-12,339
89925.0,72,-1,352
89927.5,105,29,286
89930.0,0,-7,296
89932.5,-59,-64,253
89935.0,27,10,314
89937.5,16,15,238
89940.0,-18,-22,278
89942.5,15,13,315
89945.0,5,-16,283
89947.5,11,-5,336
89950.0,-4,-22,316
89952.5,-4,-22,316
89955.0,43,-11,308
89957.5,-36,-31,337
89960.0,3,-25,247
89962.5,-21,14,312
89965.0,6,-14,337
89967.5,17,-1,268
89970.0,9,0,347
89972.5,44,-24,277
89975.0,-14,-80,268
89977.5,-68,-73,320
89980.0,-15,55,195
89982.5,-25,-5,249
89985.0,21,43,378
89987.5,32,11,370
89990.0,-13,-36,430
89992.5,18,-42,239
89995.0,121,32,308
89997.5,5,-33,324
90000.0,21,-21,294
90002.5,21,-21,294
90005.0,9,-19,266
90007.5,58,32,278
90010.0,15,50,255
90012.5,56,1,312
90015.0,29,-11,252
90017.5,20,6,276
90020.0,-8,-12,335
90022.5,44,11,266
90025.0,-41,-23,338
90027.5,2,-10,361
90030.0,70,10,224
90032.5,57,5,320
90035.0,81,26,244
90037.5,53,-38,273
90040.0,40,-11,253
90042.5,25,56,269
90045.0,-3,34,296
90047.5,-28,-6,364
90050.0,134,-22,251
90052.5,134,-22,251
90055.0,98,51,344
90057.5,20,5,291
90060.0,37,13,240
90062.5,2,-28,299
90065.0,45,-46,299
90067.5,-47,5,268
90070.0,-84,-21,346
90072.5,-34,10,297
90075.0,2,9,310
90077.5,0,-4,280
90080.0,47,25,283
90082.5,-20,-7,328
90085.0,7,3,251
90087.5,-10,-19,285
90090.0,-7,-11,350
90092.5,-6,28,314
90095.0,-41,-48,301
90097.5,20,-50,353
90100.0,-1,11,225
90102.5,-1,11,225
90105.0,-67,-50,349
90107.5,-63,9,222
90110.0,-20,-21,300
90112.5,34,-9,392
90115.0,11,7,334
90117.5,-41,-9,312
90120.0,-3,11,328
90122.5,-30,-25,256
90125.0,-2,-59,316
90127.5,36,-30,243
90130.0,-7,6,279
90132.5,2,-21,336
90135.0,53,4,271
90137.5,61,-18,341
90140.0,-30,-39,300
90142.5,51,-16,283
90145.0,-26,-2,333
90147.5,90,4,269
90150.0,5,1,276
90152.5,5,1,276
90155.0,19,-8,322
90157.5,22,-23,294
90160.0,-17,-9,301
90162.5,13,-58,380
90165.0,53,25,322
90167.5,-20,-23,366
90170.0,55,-7,285
90172.5,9,-6,263
90175.0,53,17,246
90177.5,-27,-4,311
90180.0,-65,-38,371
90182.5,62,9,353
90185.0,12,26,408
90187.5,-13,-12,381
90190.0,-5,37,213
90192.5,40,0,200
90195.0,32,-5,345
90197.5,57,23,404
90200.0,140,66,205
90202.5,140,66,205
90205.0,46,-40,354
90207.5,82,-8,262
90210.0,-17,-13,271
90212.5,38,29,267
90215.0,29,-18,416
90217.5,71,-8,286
90220.0,14,-1,299
90222.5,30,-27,317
90225.0,17,-36,390
90227.5,7,-2,322
90230.0,-39,-41,426
90232.5,-33,29,120
90235.0,28,16,226
90237.5,-18,-23,301
90240.0,-11,-3,304
90242.5,4,-20,319
90245.0,70,-10,332
90247.5,-19,-1,399
90250.0,-7,-17,358
90252.5,-7,-17,358
90255.0,50,12,256
90257.5,-31,-30,253
90260.0,-14,-18,309
90262.5,79,11,323
90265.0,-46,-34,311
90267.5,71,15,343
90270.0,77,-2,275
90272.5,13,8,348
90275.0,103,10,286
90277.5,71,-20,281
90280.0,65,-3,273
90282.5,36,31,283
90285.0,28,-34,325
90287.5,-44,-24,318
90290.0,29,-6,298
90292.5,-9,-2,348
90295.0,21,-17,243
90297.5,34,34,312
90300.0,25,-13,327
90302.5,25,-13,327
90305.0,-47,-13,282
90307.5,-37,-39,305
90310.0,-29,-14,312
90312.5,130,45,262
90315.0,47,7,335
90317.5,83,-27,246
90320.0,-16,-13,252
90322.5,21,-45,346
90325.0,38,14,297
90327.5,34,22,310
90330.0,25,-6,306
90332.5,19,-14,292
90335.0,25,5,348
90337.5,6,18,234
90340.0,-14,4,263
90342.5,25,-12,356
90345.0,29,-8,292
90347.5,32,-31,366
90350.0,7,-33,305
90352.5,7,-33,305
90355.0,119,-2,225
90357.5,3,2,299
90360.0,116,37,228
90362.5,-23,-39,241
90365.0,12,16,337
90367.5,117,24,337
90370.0,-23,5,377
90372.5,20,-5,259
90375.0,19,-8,214
90377.5,-42,-34,335
90380.0,53,-11,311
90382.5,91,40,276
90385.0,-3,-12,354
90387.5,47,-12,328
90390.0,-32,-49,344
90392.5,-2,9,261
90395.0,-48,-56,285
90397.5,-22,-3,309
90400.0,71,23,272
90402.5,71,23,272
90405.0,8,-20,298
90407.5,3,-34,409
90410.0,26,13,394
90412.5,-43,-22,295
90415.0,67,6,273
90417.5,9,-24,229
90420.0,73,2,304
90422.5,-94,-21,231
90425.0,-49,-30,282
90427.5,12,-14,363
90430.0,-21,-9,318
90432.5,43,7,337
90435.0,16,-43,270
90437.5,79,10,235
90440.0,20,-27,303
90442.5,94,-3,240
90445.0,49,3,296
90447.5,-19,-6,316
90450.0,46,-51,308
90452.5,46,-51,308
90455.0,75,-30,326
90457.5,26,6,316
90460.0,53,30,190
90462.5,-69,-8,304
90465.0,19,-24,255
90467.5,-64,-23,311
90470.0,-42,-25,342
90472.5,48,14,296
90475.0,-24,2,288
90477.5,-30,-29,311
90480.0,-25,-8,288
90482.5,-1,17,341
90485.0,77,1,272
90487.5,-30,7,292
90490.0,9,-9,298
90492.5,-40,28,285
90495.0,-5,-16,322
90497.5,12,-44,346
90500.0,12,-44,346
90502.5,60,-21,330
90505.0,-11,-17,372
90507.5,-20,-24,269
90510.0,36,-61,308
90512.5,19,-12,299
90515.0,42,8,288
90517.5,67,-10,265
90520.0,-30,-37,351
90522.5,-73,-27,283
90525.0,-50,-10,403
90527.5,2,-15,320
90530.0,22,16,279
90532.5,-33,-19,309
90535.0,6,15,268
90537.5,11,-16,288
90540.0,8,8,343
90542.5,34,-39,349
90545.0,-32,-30,385
90547.5,7,-8,255
90550.0,7,-8,255
90552.5,7,-2,311
90555.0,16,-69,148
90557.5,97,32,274
90560.0,82,2,323
90562.5,-16,-31,341
90565.0,67,15,242
90567.5,-13,-23,356
90570.0,-34,-41,321
90572.5,27,10,159
90575.0,-91,-44,332
90577.5,3,-18,196
90580.0,-61,-21,317
90582.5,-16,-30,372
90585.0,-33,-7,485
90587.5,1,-21,305
90590.0,-20,-6,320
90592.5,54,18,197
90595.0,-18,-10,336
90597.5,-6,-5,92
90600.0,-6,-5,92
90602.5,44,7,244
90605.0,-3,-31,426
90607.5,55,4,236
90610.0,24,1,329
90612.5,51,-36,274
90615.0,105,45,354
90617.5,17,-13,317
90620.0,4,50,224
90622.5,-25,-18,324
90625.0,9,-37,403
90627.5,41,7,306
90630.0,-45,-33,329
90632.5,46,20,248
90635.0,80,-10,320
90637.5,14,0,290
90640.0,39,-6,268
90642.5,56,5,416
90645.0,24,-18,305
90647.5,41,9,270
90650.0,41,9,270
90652.5,23,-1,332
90655.0,67,30,315
90657.5,31,1,324
90660.0,3,2,263
90662.5,7,3,317
90665.0,6,-19,305
90667.5,-64,-13,317
90670.0,25,-9,269
90672.5,89,4,328
90675.0,49,-7,241
90677.5,-8,-15,263
90680.0,20,-9,336
90682.5,28,10,304
90685.0,29,16,303
90687.5,-20,-4,286
90690.0,12,-12,292
90692.5,33,-18,355
90695.0,45,-23,249
90697.5,54,-6,251
90700.0,54,-6,251
90702.5,-4,-1,295
90705.0,51,32,287
90707.5,-72,-38,290
90710.0,8,-28,339
90712.5,0,-5,288
90715.0,-7,-8,376
90717.5,18,26,265
90720.0,-4,18,366
90722.5,-7,16,246
90725.0,63,-10,250
90727.5,40,-11,310
90730.0,27,-26,352
90732.5,34,-39,239
90735.0,7,-28,342
90737.5,86,21,272
90740.0,22,-13,313
90742.5,-28,-17,246
90745.0,-28,5,330
90747.5,-55,-7,285
90750.0,-55,-7,285
90752.5,51,12,291
90755.0,75,-58,257
90757.5,12,-19,340
90760.0,-22,0,229
90762.5,-35,29,250
90765.0,16,-5,284
90767.5,66,-28,323
90770.0,-2,10,262
90772.5,5,-49,366
90775.0,23,-15,263
90777.5,-53,-7,350
90780.0,5,15,271
90782.5,-19,17,261
90785.0,56,-35,362
90787.5,55,-22,299
90790.0,-5,15,292
90792.5,-4,32,373
90795.0,107,41,303
90797.5,-25,10,311
90800.0,-25,10,311
90802.5,-10,5,263
90805.0,58,20,237
90807.5,7,-30,300
90810.0,45,24,279
90812.5,-23,20,271
90815.0,-12,1,339
90817.5,18,-22,296
90820.0,11,-25,342
90822.5,71,19,323
90825.0,-65,5,274
90827.5,-50,-38,280
90830.0,80,9,264
90832.5,7,-26,324
90835.0,7,-3,349
90837.5,52,-33,299
90840.0,-40,-34,335
90842.5,-18,-13,350
90845.0,-38,-6,263
90847.5,-38,16,314
90850.0,-38,16,314
90852.5,80,24,288
90855.0,13,6,264
90857.5,11,35,318
90860.0,56,13,308
90862.5,-16,-1,325
90865.0,-6,-11,298
90867.5,32,-35,272
90870.0,-29,-10,351
90872.5,17,-2,239
90875.0,35,-22,302
90877.5,15,14,310
90880.0,45,-20,291
90882.5,18,-31,328
90885.0,59,-20,380
90887.5,22,-10,245
90890.0,-23,-13,328
90892.5,42,-14,239
90895.0,-96,-69,308
90897.5,-96,-69,308
90900.0,9,-28,305
90902.5,-5,-15,287
90905.0,35,29,329
90907.5,18,-9,363
90910.0,15,-16,302
90912.5,-75,-34,369
90915.0,9,-3,250
90917.5,-62,-32,256
90920.0,22,-38,371
90922.5,28,-14,228
90925.0,-72,-14,264
90927.5,-4,15,298
90930.0,-22,-7,313
90932.5,-12,-30,366
90935.0,42,5,199
90937.5,-4,-13,228
90940.0,-55,-67,505
90942.5,50,5,223
90945.0,-10,-1,306
90947.5,-10,-1,306
90950.0,37,-52,352
90952.5,33,15,282
90955.0,-61,-33,329
90957.5,26,-43,277
90960.0,15,-2,213
90962.5,28,-34,356
90965.0,5,-28,238
90967.5,18,-5,316
90970.0,-42,-3,243
90972.5,-18,-29,332
90975.0,-33,-31,341
90977.5,30,18,221
90980.0,-12,1,323
90982.5,-19,-4,299
90985.0,47,6,232
90987.5,0,-24,265
90990.0,21,-11,344
90992.5,-10,-33,276
90995.0,-21,-17,303
90997.5,-21,-17,303
91000.0,9,-57,213
91002.5,52,14,287
91005.0,43,21,255
91007.5,29,15,270
91010.0,-22,-28,338
91012.5,-43,-22,331
91015.0,45,-14,330
91017.5,5,-20,305
91020.0,-7,7,297
91022.5,70,3,266
91025.0,-63,-41,318
91027.5,21,7,311
91030.0,-7,-18,293
91032.5,-8,12,323
91035.0,-50,-56,337
91037.5,-45,-21,408
91040.0,9,-74,269
91042.5,103,41,295
91045.0,-3,-7,227
91047.5,-3,-7,227
91050.0,3,-11,290
91052.5,-7,-4,333
91055.0,-1,-2,329
91057.5,37,-6,260
91060.0,-13,-36,362
91062.5,71,24,244
91065.0,-35,-6,286
91067.5,14,10,327
91070.0,11,10,290
91072.5,3,-39,333
91075.0,5,-7,367
91077.5,-6,-29,268
91080.0,-5,-6,330
91082.5,58,-7,246
91085.0,5,-7,263
91087.5,1,10,285
91090.0,90,48,313
91092.5,73,-6,251
91095.0,-23,-49,334
91097.5,-23,-49,334
91100.0,158,-26,350
91102.5,21,-3,313
91105.0,6,-9,224
91107.5,69,3,213
91110.0,-6,16,320
91112.5,46,-13,266
91115.0,50,-22,305
91117.5,-66,-50,353
91120.0,54,7,306
91122.5,52,-14,320
91125.0,88,-59,263
91127.5,-2,-2,338
91130.0,10,-14,353
91132.5,40,78,255
91135.0,13,23,294
91137.5,47,1,282
91140.0,-5,-23,244
91142.5,42,0,374
91145.0,36,1,214
91147.5,36,1,214
91150.0,-18,5,293
91152.5,23,37,373
91155.0,10,13,327
91157.5,42,4,292
91160.0,-17,-18,342
91162.5,185,-9,223
91165.0,22,2,367
91167.5,32,18,284
91170.0,-35,-10,300
91172.5,-35,-33,371
91175.0,-17,-12,298
91177.5,65,48,237
91180.0,81,-34,260
91182.5,64,-16,261
91185.0,-59,-56,315
91187.5,-54,-34,325
91190.0,-2,-41,282
91192.5,136,18,340
91195.0,15,-8,296
91197.5,15,-8,296
91200.0,24,-6,312
91202.5,-24,-23,347
91205.0,23,2,318
91207.5,84,14,354
91210.0,-75,-33,257
91212.5,-37,-12,269
91215.0,-41,-7,321
91217.5,39,24,296
91220.0,-19,-3,300
91222.5,40,26,300
91225.0,0,30,242
91227.5,2,-48,329
91230.0,23,12,270
91232.5,-31,-34,285
91235.0,-45,-15,334
91237.5,-16,-27,282
91240.0,19,0,348
91242.5,4,4,288
91245.0,14,-30,305
91247.5,14,-30,305
91250.0,18,-6,367
91252.5,-14,-34,333
91255.0,0,14,281
91257.5,16,-2,350
91260.0,60,-19,217
91262.5,2,-27,324
91265.0,-19,-25,316
91267.5,43,20,310
91270.0,-36,-13,297
91272.5,-46,-16,327
91275.0,13,-16,288
91277.5,-33,-27,365
91280.0,10,7,257
91282.5,8,-12,280
91285.0,13,13,289
91287.5,62,7,188
91290.0,17,21,293
91292.5,6,-35,421
91295.0,86,29,277
91297.5,86,29,277
91300.0,-4,0,323
91302.5,0,-42,323
91305.0,37,12,259
91307.5,-53,-11,305
91310.0,30,17,336
91312.5,-19,-22,511
91315.0,62,-37,318
91317.5,62,-17,255
91320.0,29,-12,311
91322.5,-27,-30,252
91325.0,-4,-12,163
91327.5,18,-12,324
91330.0,49,0,281
91332.5,-14,-14,300
91335.0,-11,-49,284
91337.5,14,3,292
91340.0,31,-3,309
91342.5,47,-18,239
91345.0,11,-4,329
91347.5,11,-4,329
91350.0,-14,-9,325
91352.5,-5,-28,354
91355.0,10,-36,326
91357.5,22,5,370
91360.0,38,2,317
91362.5,-23,-49,349
91365.0,62,-3,239
91367.5,-18,-22,292
91370.0,42,11,317
91372.5,28,25,332
91375.0,-31,8,338
91377.5,-26,-27,356
91380.0,19,2,306
91382.5,-54,-40,309
91385.0,134,28,240
91387.5,97,15,284
91390.0,1,-24,299
91392.5,-16,17,263
91395.0,-16,17,263
91397.5,-6,-47,290
91400.0,70,-7,374
91402.5,33,-6,251
91405.0,-4,-27,342
91407.5,32,-19,190
91410.0,5,32,309
91412.5,6,-29,292
91415.0,5,27,284
91417.5,12,-39,284
91420.0,20,7,332
91422.5,52,15,252
91425.0,-49,-61,316
91427.5,-8,-8,252
91430.0,-9,24,292
91432.5,12,5,307
91435.0,55,-33,280
91437.5,42,17,298
91440.0,-33,-17,320
91442.5,29,32,321
91445.0,29,32,321
91447.5,-14,-32,373
91450.0,11,2,230
91452.5,105,25,284
91455.0,-54,-21,296
91457.5,18,-10,291
91460.0,-47,-46,357
91462.5,35,-10,316
91465.0,49,-8,287
91467.5,-81,-96,256
91470.0,4,-16,258
91472.5,27,-23,306
91475.0,13,-40,258
91477.5,76,19,323
91480.0,51,2,317
91482.5,26,-3,347
91485.0,26,-24,283
91487.5,-83,-100,369
91490.0,38,-18,299
91492.5,-27,-8,313
91495.0,-27,-8,313
91497.5,-30,8,358
91500.0,35,-10,329
91502.5,-47,-21,291
91505.0,9,-31,376
91507.5,28,-6,270
91510.0,12,-1,268
91512.5,28,-6,274
91515.0,34,8,340
91517.5,-41,21,314
91520.0,26,3,301
91522.5,-37,16,293
91525.0,35,-16,363
91527.5,6,-2,224
91530.0,81,28,334
91532.5,31,-46,295
91535.0,25,20,380
91537.5,-22,-25,338
91540.0,35,9,283
91542.5,16,-27,316
91545.0,16,-27,316
91547.5,45,-4,345
91550.0,10,-14,200
91552.5,-112,-58,339
91555.0,-11,-25,229
91557.5,46,14,294
91560.0,44,-5,330
91562.5,12,-31,342
91565.0,5,-27,260
91567.5,51,18,266
91570.0,82,-1,269
91572.5,20,-17,341
91575.0,61,-1,278
91577.5,59,5,286
91580.0,85,5,263
91582.5,54,7,323
91585.0,-75,-6,326
91587.5,33,-31,384
91590.0,-10,5,273
91592.5,76,-3,287
91595.0,76,-3,287
91597.5,35,26,265
91600.0,-1,-20,266
91602.5,-11,-34,292
91605.0,22,16,294
91607.5,-52,-6,318
91610.0,-66,-41,330
91612.5,56,15,280
91615.0,42,8,326
91617.5,-21,-11,248
91620.0,27,35,295
91622.5,37,-4,340
91625.0,20,16,288
91627.5,46,-56,324
91630.0,6,-30,372
91632.5,8,6,297
91635.0,-11,-26,327
91637.5,23,-29,299
91640.0,23,-20,250
91642.5,-2,4,301
91645.0,-2,4,301
91647.5,78,6,263
91650.0,3,-2,291
91652.5,62,-17,345
91655.0,42,-26,292
91657.5,41,1,343
91660.0,72,-24,375
91662.5,116,-14,266
91665.0,53,-9,370
91667.5,22,5,310
91670.0,-24,-2,247
91672.5,-8,-30,363
91675.0,41,22,355
91677.5,18,-11,319
91680.0,15,1,254
91682.5,-98,-44,326
91685.0,-33,-24,365
91687.5,32,-21,211
91690.0,-34,-27,266
91692.5,-28,-2,320
91695.0,-28,-2,320
91697.5,44,31,301
91700.0,20,-23,410
91702.5,32,-18,361
91705.0,87,-6,281
91707.5,-18,-23,291
91710.0,-29,-46,234
91712.5,63,-27,365
91715.0,75,12,340
91717.5,20,-26,362
91720.0,24,1,221
91722.5,11,-7,322
91725.0,70,20,258
91727.5,4,-20,411
91730.0,-14,27,276
91732.5,23,-16,267
91735.0,-36,-19,300
91737.5,5,-46,326
91740.0,-65,17,352
91742.5,-57,-42,299
91745.0,-57,-42,299
91747.5,-26,-30,266
91750.0,-50,-24,313
91752.5,-57,-48,274
91755.0,-2,2,327
91757.5,-43,-29,366
91760.0,45,10,278
91762.5,-31,-46,264
91765.0,-39,-54,316
91767.5,-20,7,241
91770.0,-34,-30,303
91772.5,126,40,213
91775.0,17,-13,333
91777.5,8,4,293
91780.0,31,12,314
91782.5,1,-37,332
91785.0,49,13,304
91787.5,81,-3,279
91790.0,-36,-31,297
91792.5,28,0,252
91795.0,28,0,252
91797.5,19,-7,301
91800.0,11,-1,336
91802.5,24,9,288
91805.0,15,-12,355
91807.5,51,17,313
91810.0,-52,-97,266
91812.5,-33,-32,288
91815.0,68,-16,298
91817.5,15,-19,310
91820.0,28,4,387
91822.5,90,0,303
91825.0,13,-26,369
91827.5,33,0,268
91830.0,103,17,280
91832.5,38,-33,327
91835.0,69,-4,233
91837.5,-16,-6,299
91840.0,-111,-22,429
91842.5,49,0,293
91845.0,49,0,293
91847.5,-67,-53,347
91850.0,5,-9,298
91852.5,44,1,240
91855.0,-14,1,271
91857.5,3,-39,274
91860.0,31,-17,367
91862.5,5,2,343
91865.0,10,-37,290
91867.5,72,-13,332
91870.0,23,20,263
91872.5,59,27,179
91875.0,-51,-66,285
91877.5,28,10,329
91880.0,36,-39,311
91882.5,-39,-16,390
91885.0,73,-12,316
91887.5,-73,-10,315
91890.0,-11,-30,299
91892.5,-11,-30,299
91895.0,54,-23,238
91897.5,15,8,283
91900.0,34,2,334
91902.5,4,-62,330
91905.0,74,16,318
91907.5,-15,13,360
91910.0,-53,-27,307
91912.5,23,-20,309
91915.0,61,-29,273
91917.5,13,2,315
91920.0,84,-4,232
91922.5,-45,-11,301
91925.0,-42,26,341
91927.5,5,0,280
91930.0,73,0,330
91932.5,40,-11,288
91935.0,-24,-10,205
91937.5,-46,-8,327
91940.0,9,11,299
91942.5,9,11,299
91945.0,-11,12,307
91947.5,4,4,328
91950.0,-15,31,334
91952.5,26,-12,295
91955.0,-16,6,287
91957.5,50,-14,276
91960.0,62,20,368
91962.5,4,-27,317
91965.0,-6,-16,288
91967.5,4,-13,255
91970.0,0,23,272
91972.5,-43,-11,320
91975.0,12,-44,347
91977.5,39,-43,292
91980.0,-43,-49,327
91982.5,-80,-32,274
91985.0,1,13,288
91987.5,7,-22,316
91990.0,39,-46,308
91992.5,39,-46,308
91995.0,4,-6,318
91997.5,5,-30,334
92000.0,12,-8,309
92002.5,-13,-24,359
92005.0,-7,-4,254
92007.5,35,-51,280
92010.0,44,23,276
92012.5,-4,-18,270
92015.0,-30,11,298
92017.5,-9,-12,336
92020.0,56,-6,300
92022.5,-53,-44,302
92025.0,-12,-11,301
92027.5,106,7,212
92030.0,-24,-60,265
92032.5,45,15,310
92035.0,-23,-16,242
92037.5,-55,-3,364
92040.0,9,-2,310
92042.5,9,-2,310
92045.0,0,-29,360
92047.5,31,52,273
92050.0,-23,16,272
92052.5,-4,-13,328
92055.0,-32,22,285
92057.5,-9,-52,310
92060.0,-21,-16,327
92062.5,35,-3,293
92065.0,-4,-42,345
92067.5,-43,-61,240
92070.0,-20,14,228
92072.5,4,-31,347
92075.0,26,11,228
92077.5,38,15,331
92080.0,-8,19,334
92082.5,96,-25,314
92085.0,21,-1,282
92087.5,41,-33,332
92090.0,65,-12,213
92092.5,65,-12,213
92095.0,48,-36,331
92097.5,12,0,132
92100.0,13,-29,230
92102.5,-38,0,363
92105.0,2,14,318
92107.5,56,-10,283
92110.0,93,-37,314
92112.5,-28,16,331
92115.0,-78,-30,282
92117.5,-2,-11,310
92120.0,16,-20,345
92122.5,-16,1,381
92125.0,28,-5,340
92127.5,-88,-22,327
92130.0,-1,19,272
92132.5,80,12,235
92135.0,6,7,294
92137.5,40,-3,285
92140.0,16,-22,275
92142.5,16,-22,275
92145.0,-45,9,315
92147.5,60,-27,286
92150.0,-45,-28,292
92152.5,25,-16,343
92155.0,49,7,233
92157.5,-32,-41,320
92160.0,117,-2,207
92162.5,-8,-19,282
92165.0,15,-20,325
92167.5,49,22,305
92170.0,-39,-22,295
92172.5,49,-1,323
92175.0,4,-23,265
92177.5,23,23,276
92180.0,32,9,234
92182.5,13,-21,309
92185.0,8,-30,360
92187.5,21,15,280
92190.0,18,-23,349
92192.5,18,-23,349
92195.0,-2,-61,303
92197.5,-72,-52,263
92200.0,-75,-13,304
92202.5,46,11,284
92205.0,-38,-21,323
92207.5,-65,7,351
92210.0,55,15,225
92212.5,19,-51,394
92215.0,-28,-9,299
92217.5,48,19,130
92220.0,-4,-1,356
92222.5,71,-32,353
92225.0,-11,-18,304
92227.5,6,-11,363
92230.0,-56,7,335
92232.5,-52,-37,431
92235.0,22,-39,278
92237.5,-16,-3,268
92240.0,18,-41,294
92242.5,18,-41,294
92245.0,5,25,260
92247.5,28,30,331
92250.0,14,-20,342
92252.5,37,10,329
92255.0,10,-18,361
92257.5,18,-38,267
92260.0,71,-6,216
92262.5,36,46,317
92265.0,46,-22,305
92267.5,-32,-25,272
92270.0,49,-6,344
92272.5,27,10,328
92275.0,2,-19,352
92277.5,126,28,330
92280.0,55,23,224
92282.5,22,-11,300
92285.0,58,28,285
92287.5,4,-50,349
92290.0,46,7,378
92292.5,46,7,378
92295.0,-2,44,262
92297.5,-32,-12,293
92300.0,-17,-12,280
92302.5,30,-43,238
92305.0,-27,-13,297
92307.5,24,-53,373
92310.0,15,-21,363
92312.5,-11,2,380
92315.0,70,-16,313
92317.5,-15,-69,337
92320.0,17,-52,280
92322.5,-11,15,293
92325.0,-28,3,346
92327.5,1,-19,231
92330.0,34,5,277
92332.5,43,-5,306
92335.0,-72,28,289
92337.5,-20,-29,302
92340.0,-20,-29,302
92342.5,-77,-13,306
92345.0,32,42,272
92347.5,-63,-50,332
92350.0,89,1,271
92352.5,-19,-24,285
92355.0,-30,-4,327
92357.5,14,11,319
92360.0,-16,-23,341
92362.5,46,-6,365
92365.0,67,-13,285
92367.5,-14,-29,374
92370.0,24,2,230
92372.5,-10,46,231
92375.0,4,-15,293
92377.5,41,20,289
92380.0,-17,11,314
92382.5,-49,-30,330
92385.0,-27,10,240
92387.5,-10,-10,334
92390.0,-10,-10,334
92392.5,11,-16,278
92395.0,-50,-36,277
92397.5,-67,-35,308
92400.0,87,6,329
92402.5,18,-38,225
92405.0,45,-58,384
92407.5,50,5,330
92410.0,-124,-32,426
92412.5,20,-11,291
92415.0,106,48,269
92417.5,67,3,287
92420.0,12,-12,267
92422.5,19,-47,242
92425.0,-4,-72,311
92427.5,25,-11,311
92430.0,75,13,276
92432.5,77,5,323
92435.0,61,41,256
92437.5,20,-21,268
92440.0,20,-21,268
92442.5,139,32,228
92445.0,70,15,270
92447.5,33,13,292
92450.0,58,20,372
92452.5,-56,-42,318
92455.0,58,4,296
92457.5,67,10,287
92460.0,2,-18,309
92462.5,3,-9,229
92465.0,22,5,286
92467.5,7,-8,410
92470.0,13,37,365
92472.5,-28,-13,323
92475.0,-41,-48,294
92477.5,55,1,275
92480.0,-16,-40,255
92482.5,-78,-43,250
92485.0,23,7,276
92487.5,-44,-13,358
92490.0,-44,-13,358
92492.5,-28,-7,319
92495.0,65,-23,307
92497.5,17,8,316
92500.0,62,22,289
92502.5,56,16,331
92505.0,13,-14,310
92507.5,-6,-26,338
92510.0,71,0,344
92512.5,48,1,305
92515.0,2,-6,278
92517.5,16,-4,233
92520.0,-40,-17,228
92522.5,14,-11,386
92525.0,-19,-19,280
92527.5,25,-4,308
92530.0,-17,-3,273
92532.5,49,-20,306
92535.0,65,16,355
92537.5,-16,-44,303
92540.0,-16,-44,303
92542.5,24,2,324
92545.0,-23,-47,312
92547.5,32,26,285
92550.0,-25,-10,303
92552.5,17,-18,336
92555.0,16,-16,312
92557.5,-117,-20,356
92560.0,-22,-36,322
92562.5,-33,-6,303
92565.0,32,-12,295
92567.5,13,-19,227
92570.0,54,-12,284
92572.5,-54,-7,344
92575.0,-25,-39,254
92577.5,-51,-12,370
92580.0,-6,-20,308
92582.5,26,-7,238
92585.0,-14,-13,276
92587.5,44,4,323
92590.0,44,4,323
92592.5,-10,-16,292
92595.0,87,23,294
92597.5,66,31,230
92600.0,30,-9,282
92602.5,-58,-16,317
92605.0,-22,11,405
92607.5,-20,-19,309
92610.0,13,-3,315
92612.5,53,27,305
92615.0,-87,8,267
92617.5,76,-32,222
92620.0,8,-18,403
92622.5,13,-39,316
92625.0,57,0,230
92627.5,-30,11,291
92630.0,38,-35,303
92632.5,11,20,296
92635.0,-66,-42,366
92637.5,-23,-15,208
92640.0,-23,-15,208
92642.5,-33,2,349
92645.0,-8,-15,250
92647.5,51,3,318
92650.0,-12,-42,340
92652.5,52,-3,272
92655.0,28,19,263
92657.5,-29,16,328
92660.0,-50,-90,286
92662.5,-37,-57,433
92665.0,0,-17,311
92667.5,-32,-54,225
92670.0,64,31,318
92672.5,29,3,266
92675.0,-113,-68,271
92677.5,-11,-27,338
92680.0,7,-10,285
92682.5,-30,-34,365
92685.0,10,-31,352
92687.5,-15,-37,264
92690.0,-15,-37,264
92692.5,-4,-27,309
92695.0,21,-12,185
92697.5,3,-23,283
92700.0,26,-3,335
92702.5,9,7,308
92705.0,-46,-45,348
92707.5,20,-6,371
92710.0,22,20,255
92712.5,-27,-7,335
92715.0,25,-15,239
92717.5,45,25,291
92720.0,-15,12,325
92722.5,12,-29,313
92725.0,16,-16,361
92727.5,-2,8,321
92730.0,20,30,252
92732.5,-59,-33,329
92735.0,76,8,268
92737.5,-6,-25,278
92740.0,-6,-25,278
92742.5,-49,-44,304
92745.0,-21,-36,338
92747.5,-17,-12,344
92750.0,28,-4,337
92752.5,33,-5,316
92755.0,-14,-41,371
92757.5,-38,-28,232
92760.0,14,2,277
92762.5,55,4,324
92765.0,15,-14,279
92767.5,-3,-30,319
92770.0,3,-16,411
92772.5,16,-40,225
92775.0,31,10,316
92777.5,-13,-33,300
92780.0,-62,0,335
92782.5,21,14,320
92785.0,-76,-43,269
92787.5,-76,-43,269
92790.0,18,-13,345
92792.5,-14,2,346
92795.0,-20,-34,159
92797.5,-70,-74,284
92800.0,68,-2,325
92802.5,-62,-39,234
92805.0,-66,-42,314
92807.5,21,-13,294
92810.0,-82,-20,329
92812.5,14,-59,333
92815.0,26,13,371
92817.5,-37,-46,301
92820.0,-10,-38,335
92822.5,45,-37,236
92825.0,-10,-32,402
92827.5,15,-16,274
92830.0,1,-2,274
92832.5,-21,9,312
92835.0,31,-16,300
92837.5,31,-16,300
92840.0,15,12,316
92842.5,35,-5,308
92845.0,-18,4,382
92847.5,-20,2,320
92850.0,-43,-37,286
92852.5,-16,-45,308
92855.0,-24,-46,326
92857.5,50,4,240
92860.0,52,-15,376
92862.5,26,-37,285
92865.0,107,33,294
92867.5,-36,-4,281
92870.0,55,10,310
92872.5,-5,-16,339
92875.0,2,-10,334
92877.5,34,-10,316
92880.0,-8,-2,325
92882.5,7,-43,270
92885.0,-53,13,249
92887.5,-53,13,249
92890.0,36,46,332
92892.5,85,34,293
92895.0,-38,-5,284
92897.5,3,3,350
92900.0,-39,19,278
92902.5,24,17,403
92905.0,-14,-38,282
92907.5,-25,-32,298
92910.0,-29,3,288
92912.5,68,14,290
92915.0,5,22,303
92917.5,-12,-14,338
92920.0,-1,-19,302
92922.5,-28,-50,340
92925.0,-10,-32,284
92927.5,52,13,297
92930.0,-5,-22,310
92932.5,26,12,287
92935.0,-12,-11,324
92937.5,-12,-11,324
92940.0,-20,-51,339
92942.5,20,-31,273
92945.0,46,19,335
92947.5,-25,61,202
92950.0,114,9,278
92952.5,-112,-58,356
92955.0,-4,29,320
92957.5,-35,-11,276
92960.0,-63,-19,316
92962.5,39,-1,349
92965.0,-21,-25,319
92967.5,-64,-19,243
92970.0,14,-12,302
92972.5,75,64,317
92975.0,21,3,298
92977.5,22,-8,261
92980.0,7,-63,349
92982.5,-17,-38,260
92985.0,-12,-15,399
92987.5,-12,-15,399
92990.0,17,-42,330
92992.5,1,-27,289
92995.0,-5,12,309
92997.5,13,-17,321
93000.0,10,-57,362
93002.5,83,56,296
93005.0,72,-9,268
93007.5,46,16,352
93010.0,15,-23,320
93012.5,32,0,295
93015.0,1,-15,321
93017.5,61,36,305
93020.0,77,14,328
93022.5,0,-4,312
93025.0,35,6,270
93027.5,-11,-7,346
93030.0,14,-3,288
93032.5,55,-34,310
93035.0,-33,-38,305
93037.5,-33,-38,305
93040.0,42,28,267
93042.5,6,-18,322
93045.0,55,2,344
93047.5,-13,6,204
93050.0,-1,-8,332
93052.5,4,-47,295
93055.0,72,16,251
93057.5,-46,-8,321
93060.0,66,-4,254
93062.5,-37,-11,261
93065.0,-34,3,364
93067.5,43,-16,348
93070.0,8,-2,323
93072.5,56,28,284
93075.0,-14,-15,220
93077.5,-26,-14,356
93080.0,20,11,270
93082.5,55,9,258
93085.0,1,-31,301
93087.5,1,-31,301
93090.0,29,7,293
93092.5,-31,-21,324
93095.0,1,-27,329
93097.5,72,2,264
93100.0,18,17,346
93102.5,-23,-22,274
93105.0,-28,-8,282
93107.5,26,0,332
93110.0,66,-4,320
93112.5,15,8,326
93115.0,-28,-40,350
93117.5,51,-8,319
93120.0,12,-33,386
93122.5,45,-8,215
93125.0,-10,-13,301
93127.5,14,-7,293
93130.0,-1,29,280
93132.5,0,-30,324
93135.0,36,-22,362
93137.5,36,-22,362
93140.0,-41,-96,407
93142.5,-12,-22,415
93145.0,-43,-66,308
93147.5,11,-43,328
93150.0,17,-11,301
93152.5,8,8,304
93155.0,33,-2,306
93157.5,-5,2,337
93160.0,55,-15,258
93162.5,-24,-21,321
93165.0,81,-26,314
93167.5,69,-5,179
93170.0,25,5,318
93172.5,78,0,239
93175.0,51,-10,267
93177.5,15,-7,412
93180.0,-108,-39,323
93182.5,31,-1,321
93185.0,47,16,328
93187.5,47,16,328
93190.0,-71,-59,226
93192.5,-1,-31,319
93195.0,-2,8,267
93197.5,-47,24,302
93200.0,4,-25,372
93202.5,-19,-8,289
93205.0,30,6,310
93207.5,58,15,297
93210.0,137,15,215
93212.5,25,-9,246
93215.0,28,27,235
93217.5,74,21,224
93220.0,-18,29,326
93222.5,-55,-24,271
93225.0,3,44,394
93227.5,29,20,254
93230.0,6,-39,274
93232.5,6,-14,267
93235.0,5,27,267
93237.5,5,27,267
93240.0,2,-3,324
93242.5,40,-33,373
93245.0,4,-47,346
93247.5,20,-12,358
93250.0,6,-3,234
93252.5,41,-22,274
93255.0,43,42,323
93257.5,46,40,295
93260.0,12,-20,289
93262.5,4,-48,356
93265.0,-9,-24,320
93267.5,-81,-67,351
93270.0,-8,-21,239
93272.5,-29,-17,290
93275.0,24,-8,291
93277.5,-5,-15,279
93280.0,-11,20,297
93282.5,-17,-13,318
93285.0,-17,-13,318
93287.5,17,10,268
93290.0,-7,11,354
93292.5,-18,-24,257
93295.0,42,16,298
93297.5,24,-38,290
93300.0,40,-3,306
93302.5,37,15,335
93305.0,44,15,326
93307.5,26,-34,271
93310.0,-19,-26,321
93312.5,127,53,258
93315.0,41,-15,304
93317.5,11,22,299
93320.0,-73,-21,328
93322.5,24,-13,405
93325.0,29,33,304
93327.5,44,-30,233
93330.0,-82,-22,282
93332.5,42,-21,237
93335.0,42,-21,237
93337.5,64,17,270
93340.0,-46,6,288
93342.5,31,-15,310
93345.0,60,12,321
93347.5,111,42,351
93350.0,24,-18,235
93352.5,-20,-12,368
93355.0,39,26,253
93357.5,-10,-3,262
93360.0,-2,25,291
93362.5,29,-4,325
93365.0,41,0,328
93367.5,-9,7,349
93370.0,-64,-18,262
93372.5,-90,-60,370
93375.0,-16,-40,337
93377.5,-28,-70,357
93380.0,-16,-21,347
93382.5,77,-17,297
93385.0,77,-17,297
93387.5,-13,-13,246
93390.0,31,-76,324
93392.5,6,-11,310
93395.0,15,-8,310
93397.5,-22,-13,231
93400.0,30,-6,255
93402.5,15,-13,298
93405.0,-74,-14,291
93407.5,-31,-29,338
93410.0,13,49,300
93412.5,3,-21,264
93415.0,-41,-6,342
93417.5,6,-27,342
93420.0,-22,-26,206
93422.5,-21,8,272
93425.0,-80,-20,297
93427.5,69,-35,295
93430.0,-65,-63,365
93432.5,11,-54,329
93435.0,11,-54,329
93437.5,-19,-42,393
93440.0,36,19,284
93442.5,63,21,212
93445.0,-44,-30,336
93447.5,126,-38,291
93450.0,19,39,333
93452.5,-46,-17,356
93455.0,24,16,308
93457.5,-18,-72,348
93460.0,3,-48,335
93462.5,-4,-40,339
93465.0,-4,-3,336
93467.5,-7,-65,237
93470.0,30,-22,291
93472.5,-24,-31,338
93475.0,74,14,333
93477.5,-13,-11,350
93480.0,-67,-10,304
93482.5,-20,-21,316
93485.0,-20,-21,316
93487.5,-7,15,354
93490.0,98,-20,254
93492.5,17,22,265
93495.0,30,23,289
93497.5,64,0,296
93500.0,-69,-29,289
93502.5,61,-18,361
93505.0,43,-9,299
93507.5,12,-18,347
93510.0,74,38,242
93512.5,45,20,350
93515.0,-36,-42,423
93517.5,34,17,303
93520.0,-7,-24,248
93522.5,-105,-42,380
93525.0,4,-37,294
93527.5,-6,2,358
93530.0,57,10,212
93532.5,65,-12,215
93535.0,65,-12,215
93537.5,111,-34,270
93540.0,52,-15,339
93542.5,-56,-51,419
93545.0,-1,20,306
93547.5,-33,-22,332
93550.0,-7,-46,365
93552.5,46,22,267
93555.0,98,1,237
93557.5,-25,-35,320
93560.0,26,-3,273
93562.5,-27,-5,344
93565.0,-36,-1,295
93567.5,7,-36,350
93570.0,50,13,360
93572.5,23,-31,237
93575.0,66,-1,209
93577.5,-20,2,326
93580.0,89,57,279
93582.5,-21,-10,263
93585.0,-21,-10,263
93587.5,-25,-33,357
93590.0,-8,-4,355
93592.5,7,6,404
93595.0,29,16,331
93597.5,50,-34,263
93600.0,34,15,291
93602.5,26,3,299
93605.0,20,8,302
93607.5,52,-6,336
93610.0,19,-2,328
93612.5,-18,-57,334
93615.0,21,2,258
93617.5,65,-41,304
93620.0,6,-1,309
93622.5,51,26,256
93625.0,-53,-10,386
93627.5,10,6,321
93630.0,19,-2,295
93632.5,-21,-20,352
93635.0,-21,-20,352
93637.5,5,-47,285
93640.0,64,15,281
93642.5,53,16,375
93645.0,7,-7,313
93647.5,13,6,308
93650.0,-16,-16,295
93652.5,10,-11,288
93655.0,-37,-12,392
93657.5,9,-43,283
93660.0,71,2,283
93662.5,20,-26,320
93665.0,100,42,231
93667.5,40,32,244
93670.0,29,-41,357
93672.5,-25,-29,321
93675.0,-55,-54,385
93677.5,7,10,238
93680.0,100,-14,283
93682.5,-20,-23,294
93685.0,-20,-23,294
93687.5,-13,-24,251
93690.0,5,-22,278
93692.5,2,-18,343
93695.0,-79,6,366
93697.5,-34,-35,327
93700.0,-24,-33,256
93702.5,-11,-14,257
93705.0,14,-5,318
93707.5,8,-7,330
93710.0,-27,-20,325
93712.5,22,-56,338
93715.0,2,-39,278
93717.5,-84,-21,382
93720.0,10,19,183
93722.5,8,4,227
93725.0,-2,-8,283
93727.5,-23,-52,334
93730.0,6,46,280
93732.5,6,46,280
93735.0,-14,-43,353
93737.5,31,-27,281
93740.0,53,16,388
93742.5,-15,-25,273
93745.0,-51,-11,197
93747.5,44,23,313
93750.0,65,-13,293
93752.5,-62,-36,254
93755.0,13,-7,319
93757.5,-26,-15,336
93760.0,36,-21,350
93762.5,47,-45,294
93765.0,20,13,250
93767.5,26,27,335
93770.0,-20,0,291
93772.5,19,-50,315
93775.0,27,13,323
93777.5,76,19,320
93780.0,33,-2,320
93782.5,33,-2,320
93785.0,34,5,309
93787.5,-8,-18,263
93790.0,91,5,367
93792.5,66,-53,238
93795.0,58,8,282
93797.5,-29,-5,323
93800.0,11,-51,313
93802.5,-4,-68,314
93805.0,105,-15,329
93807.5,-6,-13,236
93810.0,-58,-26,270
93812.5,-25,-40,224
93815.0,3,5,299
93817.5,-40,-44,345
93820.0,75,19,307
93822.5,91,59,278
93825.0,36,-40,344
93827.5,-43,-5,289
93830.0,-74,-20,374
93832.5,-74,-20,374
93835.0,-12,-19,198
93837.5,-10,-13,229
93840.0,-40,-8,233
93842.5,21,12,274
93845.0,-2,-9,322
93847.5,14,-34,337
93850.0,44,-24,315
93852.5,-29,-29,346
93855.0,-15,-30,286
93857.5,-27,-29,248
93860.0,17,9,303
93862.5,-4,-7,273
93865.0,6,7,301
93867.5,-5,5,339
93870.0,41,-16,305
93872.5,-99,-27,314
93875.0,17,1,263
93877.5,70,19,243
93880.0,-14,6,299
93882.5,-14,6,299
93885.0,69,18,280
93887.5,-87,2,402
93890.0,19,35,367
93892.5,-23,15,401
93895.0,-28,-22,463
93897.5,-36,-36,304
93900.0,-13,-43,230
93902.5,-38,-17,247
93905.0,-6,-9,287
93907.5,-31,-9,363
93910.0,-32,-41,255
93912.5,-7,-39,337
93915.0,-21,-5,262
93917.5,1,-43,355
93920.0,75,-34,297
93922.5,28,6,362
93925.0,52,25,148
93927.5,69,16,309
93930.0,31,-7,375
93932.5,31,-7,375
93935.0,36,7,345
93937.5,11,7,301
93940.0,37,-61,337
93942.5,-69,-21,237
93945.0,-21,-12,332
93947.5,33,3,216
93950.0,-43,10,296
93952.5,-13,-10,350
93955.0,38,-3,296
93957.5,-3,-30,289
93960.0,34,11,366
93962.5,4,-71,238
93965.0,-11,-4,309
93967.5,-54,-56,266
93970.0,-13,-2,300
93972.5,-18,-26,326
93975.0,8,-7,271
93977.5,82,-7,301
93980.0,82,8,318
93982.5,82,8,318
93985.0,34,-16,254
93987.5,-11,-48,334
93990.0,16,13,270
93992.5,46,15,307
93995.0,-39,26,308
93997.5,-91,-49,372
94000.0,2,-30,307
94002.5,-29,-25,307
94005.0,21,-19,285
94007.5,-39,-37,361
94010.0,88,15,237
94012.5,35,44,289
94015.0,24,-36,343
94017.5,36,-3,305
94020.0,38,-14,335
94022.5,3,-15,298
94025.0,91,39,252
94027.5,-20,-52,318
94030.0,48,-6,276
94032.5,48,-6,276
94035.0,-22,6,312
94037.5,18,3,345
94040.0,21,-18,286
94042.5,9,-7,349
94045.0,9,4,278
94047.5,-10,-5,225
94050.0,-17,-57,299
94052.5,-39,-28,268
94055.0,-9,-32,300
94057.5,3,17,307
94060.0,75,25,334
94062.5,-43,-38,332
94065.0,9,-85,377
94067.5,-5,-9,255
94070.0,-60,-24,293
94072.5,-19,-39,253
94075.0,5,50,354
94077.5,-31,-5,354
94080.0,6,-66,289
94082.5,6,-66,289
94085.0,-7,-42,296
94087.5,-1,2,278
94090.0,109,-22,267
94092.5,13,-11,254
94095.0,7,12,253
94097.5,3,-4,332
94100.0,-12,-71,349
94102.5,-68,-15,322
94105.0,-6,16,333
94107.5,38,38,288
94110.0,39,11,198
94112.5,-29,-66,313
94115.0,39,11,302
94117.5,-51,-21,329
94120.0,6,6,319
94122.5,43,-21,314
94125.0,21,-44,317
94127.5,47,-104,306
94130.0,86,-1,349
94132.5,86,-1,349
94135.0,28,-26,346
94137.5,43,27,232
94140.0,-22,-19,310
94142.5,7,8,345
94145.0,-62,-23,277
94147.5,33,-18,361
94150.0,30,-52,313
94152.5,62,18,231
94155.0,-9,-28,331
94157.5,15,-24,325
94160.0,-55,-14,255
94162.5,-5,30,307
94165.0,46,-21,295
94167.5,-50,-47,328
94170.0,80,-4,325
94172.5,1,-86,239
94175.0,-5,4,353
94177.5,-53,5,295
94180.0,-53,5,295
94182.5,-44,0,303
94185.0,7,7,332
94187.5,-25,-14,295
94190.0,34,-2,308
94192.5,-20,-71,367
94195.0,95,39,285
94197.5,15,-14,352
94200.0,11,-33,253
94202.5,-35,7,297
94205.0,28,13,291
94207.5,27,-1,303
94210.0,-7,-22,325
94212.5,3,22,331
94215.0,84,38,282
94217.5,44,8,337
94220.0,57,18,250
94222.5,8,4,278
94225.0,10,-25,270
94227.5,27,30,232
94230.0,27,30,232
94232.5,-43,11,281
94235.0,11,-33,405
94237.5,67,-27,309
94240.0,6,-27,364
94242.5,21,-1,298
94245.0,9,1,247
94247.5,-50,-9,322
94250.0,52,19,220
94252.5,39,-33,318
94255.0,-17,-58,390
94257.5,2,-95,370
94260.0,-4,-64,336
94262.5,50,-9,304
94265.0,14,-36,335
94267.5,43,-6,332
94270.0,-13,1,161
94272.5,18,-12,295
94275.0,-12,-2,344
94277.5,39,59,230
94280.0,39,59,230
94282.5,-11,-59,312
94285.0,41,-35,414
94287.5,5,-8,222
94290.0,-86,-41,323
94292.5,16,12,277
94295.0,57,31,367
94297.5,21,0,249
94300.0,43,1,362
94302.5,-18,-46,290
94305.0,39,-16,398
94307.5,39,12,251
94310.0,2,-18,296
94312.5,52,-8,265
94315.0,22,-1,267
94317.5,-31,-12,310
94320.0,-2,5,295
94322.5,-36,-14,254
94325.0,45,-28,270
94327.5,-7,11,287
94330.0,-7,11,287
94332.5,-18,-21,313
94335.0,1,13,330
94337.5,-1,-21,283
94340.0,-27,-8,301
94342.5,92,16,295
94345.0,46,-5,354
94347.5,29,4,291
94350.0,54,-9,273
94352.5,40,9,308
94355.0,59,15,275
94357.5,66,18,315
94360.0,4,-2,303
94362.5,-23,26,285
94365.0,-43,-58,305
94367.5,17,-40,398
94370.0,92,32,241
94372.5,-56,-33,305
94375.0,-2,8,294
94377.5,-30,-36,314
94380.0,-30,-36,314
94382.5,21,-6,355
94385.0,70,-4,366
94387.5,25,-30,370
94390.0,19,9,319
94392.5,97,11,277
94395.0,15,-4,322
94397.5,76,3,258
94400.0,-18,31,290
94402.5,-49,-21,320
94405.0,11,27,277
94407.5,35,-30,353
94410.0,28,18,289
94412.5,-24,-43,278
94415.0,9,6,305
94417.5,-10,-21,259
94420.0,6,-17,301
94422.5,37,-35,333
94425.0,14,8,285
94427.5,-14,-20,369
94430.0,-14,-20,369
94432.5,-20,-44,277
94435.0,45,9,314
94437.5,-53,-30,283
94440.0,62,-20,247
94442.5,20,-31,278
94445.0,42,-14,335
94447.5,21,-29,279
94450.0,-42,-17,333
94452.5,-1,7,280
94455.0,6,-46,329
94457.5,-30,-19,360
94460.0,23,16,276
94462.5,27,-27,269
94465.0,-31,-48,362
94467.5,24,-33,335
94470.0,-10,-36,350
94472.5,-26,-24,317
94475.0,-41,-35,261
94477.5,-6,-14,321
94480.0,-6,-14,321
94482.5,-3,6,261
94485.0,-12,40,304
94487.5,55,-17,328
94490.0,99,27,288
94492.5,-2,-9,336
94495.0,33,-44,258
94497.5,109,-14,297
94500.0,28,-38,326
94502.5,89,-27,430
94505.0,-31,-4,334
94507.5,-20,-25,321
94510.0,17,12,267
94512.5,36,-23,369
94515.0,1,-40,284
94517.5,-22,-53,245
94520.0,92,-1,360
94522.5,9,21,239
94525.0,50,8,277
94527.5,-16,-8,352
94530.0,-16,-8,352
94532.5,16,-14,335
94535.0,-2,-3,359
94537.5,35,-39,372
94540.0,25,-30,304
94542.5,-10,-14,368
94545.0,62,-17,279
94547.5,17,0,279
94550.0,0,-49,376
94552.5,-17,0,356
94555.0,-63,-28,346
94557.5,10,-18,342
94560.0,14,-20,261
94562.5,-28,-44,385
94565.0,-50,-33,295
94567.5,-51,-52,301
94570.0,-10,4,305
94572.5,17,-19,298
94575.0,-4,-15,277
94577.5,-4,-15,277
94580.0,-28,6,295
94582.5,-10,-11,289
94585.0,-26,-31,344
94587.5,70,33,267
94590.0,66,1,262
94592.5,-29,-16,284
94595.0,7,1,278
94597.5,-28,-1,285
94600.0,-12,17,340
94602.5,30,-2,283
94605.0,-24,-31,343
94607.5,-8,-5,307
94610.0,-12,-40,245
94612.5,-13,-44,293
94615.0,50,6,270
94617.5,-12,24,263
94620.0,-11,-19,309
94622.5,35,-30,319
94625.0,0,-7,361
94627.5,0,-7,361
94630.0,-57,9,416
94632.5,-1,22,271
94635.0,-111,-44,312
94637.5,49,-38,357
94640.0,14,2,217
94642.5,-3,-45,313
94645.0,4,0,256
94647.5,-56,-16,336
94650.0,41,48,449
94652.5,11,12,160
94655.0,-49,-44,332
94657.5,48,-28,227
94660.0,38,49,320
94662.5,-25,3,344
94665.0,66,-7,389
94667.5,-22,4,300
94670.0,36,-14,273
94672.5,8,-5,216
94675.0,1,-1,347
94677.5,1,-1,347
94680.0,1,13,247
94682.5,-118,-53,420
94685.0,-2,-32,353
94687.5,25,8,268
94690.0,11,2,269
94692.5,0,-5,340
94695.0,72,13,179
94697.5,64,-22,313
94700.0,42,13,301
94702.5,5,-4,297
94705.0,-68,-34,328
94707.5,25,-4,313
94710.0,33,-32,349
94712.5,62,-20,297
94715.0,83,23,280
94717.5,52,20,301
94720.0,-10,9,240
94722.5,8,-3,318
94725.0,9,-80,355
94727.5,9,-80,355
94730.0,63,15,322
94732.5,55,-15,319
94735.0,16,-8,322
94737.5,82,28,267
94740.0,-17,17,338
94742.5,-2,-22,240
94745.0,73,18,290
94747.5,28,-4,340
94750.0,-19,13,291
94752.5,40,-11,302
94755.0,7,2,296
94757.5,2,-8,295
94760.0,40,13,340
94762.5,97,44,258
94765.0,3,-29,309
94767.5,13,-31,346
94770.0,20,-21,283
94772.5,-39,-50,346
94775.0,65,0,328
94777.5,65,0,328
94780.0,92,-13,289
94782.5,-6,3,324
94785.0,23,16,264
94787.5,-50,25,279
94790.0,-23,-10,366
94792.5,18,-13,305
94795.0,-60,-16,342
94797.5,-7,-15,274
94800.0,12,40,205
94802.5,-36,0,295
94805.0,13,13,292
94807.5,-1,-10,272
94810.0,56,38,247
94812.5,27,-59,349
94815.0,-34,-18,288
94817.5,-38,-54,311
94820.0,-9,0,312
94822.5,35,8,270
94825.0,-11,1,236
94827.5,-11,1,236
94830.0,8,-11,346
94832.5,-17,-45,379
94835.0,-8,4,237
94837.5,83,-3,376
94840.0,20,-11,309
94842.5,-18,-17,240
94845.0,-19,-18,304
94847.5,-28,22,264
94850.0,-33,8,270
94852.5,-78,-4,329
94855.0,9,27,294
94857.5,34,57,301
94860.0,71,-26,313
94862.5,109,1,301
94865.0,-2,-35,315
94867.5,27,-18,305
94870.0,40,-43,299
94872.5,-12,-21,401
94875.0,-41,-17,361
94877.5,-41,-17,361
94880.0,-17,-17,339
94882.5,60,19,297
94885.0,2,24,236
94887.5,-43,-16,276
94890.0,-18,-26,269
94892.5,-29,13,296
94895.0,-38,-18,341
94897.5,12,-20,334
94900.0,46,-15,353
94902.5,42,10,322
94905.0,50,-2,270
94907.5,11,-15,270
94910.0,9,-6,265
94912.5,-52,-9,281
94915.0,-3,-58,353
94917.5,7,7,315
94920.0,28,-26,334
94922.5,-7,-37,310
94925.0,46,14,280
94927.5,46,14,280
94930.0,-5,7,320
94932.5,59,-19,279
94935.0,4,11,299
94937.5,29,-5,330
94940.0,58,-18,333
94942.5,28,-33,313
94945.0,66,-12,355
94947.5,-21,-48,255
94950.0,-22,-53,373
94952.5,-44,-17,243
94955.0,35,3,259
94957.5,-3,-6,303
94960.0,26,4,292
94962.5,32,-5,327
94965.0,-11,-24,300
94967.5,4,-41,268
94970.0,-14,-41,369
94972.5,12,-10,231
94975.0,12,-10,231
94977.5,-48,-33,281
94980.0,-52,-31,310
94982.5,62,29,312
94985.0,-16,-9,313
94987.5,19,-27,363
94990.0,31,-3,295
94992.5,-49,6,354
94995.0,28,-8,241
94997.5,54,-23,290
95000.0,44,0,327
95002.5,75,38,311
95005.0,-73,-15,260
95007.5,-75,-48,348
95010.0,-1,0,317
95012.5,44,5,342
95015.0,-26,10,189
95017.5,55,1,243
95020.0,-23,9,335
95022.5,24,5,328
95025.0,24,5,328
95027.5,15,3,309
95030.0,-25,-29,357
95032.5,61,5,336
95035.0,-13,0,311
95037.5,19,-17,371
95040.0,25,2,234
95042.5,54,32,357
95045.0,18,-16,303
95047.5,-7,-24,321
95050.0,-18,1,315
95052.5,-47,-30,391
95055.0,-18,-37,353
95057.5,-12,9,284
95060.0,48,74,307
95062.5,52,-10,293
95065.0,5,0,286
95067.5,-7,-12,279
95070.0,-38,-36,344
95072.5,8,0,281
95075.0,8,0,281
95077.5,-45,-3,418
95080.0,22,-6,312
95082.5,-72,4,327
95085.0,11,-10,323
95087.5,29,21,264
95090.0,-1,-8,310
95092.5,-3,-20,335
95095.0,-14,8,393
95097.5,40,-8,343
95100.0,50,-24,242
95102.5,93,-5,273
95105.0,-54,-38,326
95107.5,14,-13,311
95110.0,-17,-32,367
95112.5,13,-26,374
95115.0,-16,-24,334
95117.5,-32,-13,348
95120.0,25,-20,234
95122.5,-11,-6,329
95125.0,-11,-6,329
95127.5,-13,-30,305
95130.0,-5,-34,346
95132.5,13,-13,315
95135.0,44,-24,336
95137.5,5,6,271
95140.0,16,1,365
95142.5,42,24,242
95145.0,-55,-14,260
95147.5,29,-1,338
95150.0,56,18,293
95152.5,-76,-59,308
95155.0,4,4,314
95157.5,-7,-11,255
95160.0,-22,-23,356
95162.5,78,16,253
95165.0,75,-3,271
95167.5,33,-36,287
95170.0,90,-32,290
95172.5,-4,-15,351
95175.0,-4,-15,351
95177.5,26,-34,347
95180.0,-2,-14,340
95182.5,-19,-21,294
95185.0,-42,-31,283
95187.5,-16,-32,300
95190.0,-38,25,294
95192.5,20,21,324
95195.0,58,-13,355
95197.5,-24,-2,265
95200.0,76,26,216
95202.5,41,45,349
95205.0,-41,-28,274
95207.5,-39,-32,310
95210.0,-2,12,376
95212.5,114,59,275
95215.0,38,-24,320
95217.5,5,-24,359
95220.0,-8,-25,210
95222.5,-92,-46,400
95225.0,-92,-46,400
95227.5,-2,28,269
95230.0,-97,0,294
95232.5,6,21,357
95235.0,12,4,368
95237.5,-6,-6,287
95240.0,-12,-7,314
95242.5,94,121,272
95245.0,-28,-55,374
95247.5,-38,-12,263
95250.0,6,19,219
95252.5,-17,-22,341
95255.0,29,28,337
95257.5,-10,-8,326
95260.0,-12,12,288
95262.5,126,-45,244
95265.0,-7,-38,350
95267.5,22,-19,252
95270.0,-43,-17,296
95272.5,-49,1,301
95275.0,-49,1,301
95277.5,22,-10,267
95280.0,55,3,284
95282.5,-14,-22,345
95285.0,-13,-38,275
95287.5,-10,-13,362
95290.0,64,9,252
95292.5,-45,-19,238
95295.0,11,17,262
95297.5,18,-6,294
95300.0,31,-11,326
95302.5,43,13,259
95305.0,67,5,275
95307.5,3,-18,294
95310.0,-18,5,264
95312.5,19,-11,291
95315.0,-33,-11,289
95317.5,52,7,266
95320.0,11,-11,301
95322.5,11,-11,301
95325.0,46,-21,358
95327.5,14,-10,304
95330.0,-22,-15,366
95332.5,46,-27,288
95335.0,-20,-45,273
95337.5,2,14,282
95340.0,-10,-7,281
95342.5,-23,0,296
95345.0,31,-34,372
95347.5,54,-16,307
95350.0,-86,-30,319
95352.5,-6,-19,294
95355.0,-39,-24,234
95357.5,-6,-16,334
95360.0,57,23,225
95362.5,-23,-6,275
95365.0,7,-1,289
95367.5,21,30,212
95370.0,-35,-88,316
95372.5,-35,-88,316
95375.0,-45,-48,303
95377.5,105,45,236
95380.0,-6,7,274
95382.5,-20,-51,296
95385.0,34,8,330
95387.5,-43,-23,348
95390.0,-3,-10,251
95392.5,-111,-95,507
95395.0,37,9,407
95397.5,10,-45,282
95400.0,-48,-10,315
95402.5,38,40,222
95405.0,22,22,285
95407.5,-20,-25,381
95410.0,57,-49,321
95412.5,-17,13,296
95415.0,-24,-76,293
95417.5,66,8,240
95420.0,12,20,295
95422.5,12,20,295
95425.0,32,-13,284
95427.5,3,37,300
95430.0,9,-21,328
95432.5,7,-14,398
95435.0,-17,-40,331
95437.5,44,15,222
95440.0,91,15,209
95442.5,-23,-35,353
95445.0,70,20,236
95447.5,4,0,354
95450.0,-15,-11,305
95452.5,-8,9,260
95455.0,97,20,301
95457.5,43,5,312
95460.0,103,10,280
95462.5,39,2,316
95465.0,59,11,262
95467.5,0,21,279
95470.0,14,7,356
95472.5,14,7,356
95475.0,39,-16,263
95477.5,-39,-10,322
95480.0,27,32,283
95482.5,-6,-25,316
95485.0,-25,-49,344
95487.5,26,-28,298
95490.0,28,7,314
95492.5,31,8,337
95495.0,124,89,311
95497.5,-46,-21,355
95500.0,-18,-51,307
95502.5,80,-5,294
95505.0,-24,-22,318
95507.5,-18,-31,289
95510.0,1,-4,309
95512.5,-38,-17,300
95515.0,49,-31,288
95517.5,-26,-18,358
95520.0,30,29,292
95522.5,30,29,292
95525.0,42,24,291
95527.5,15,10,289
95530.0,62,26,281
95532.5,-39,-9,306
95535.0,15,-47,351
95537.5,55,-16,314
95540.0,-20,-18,399
95542.5,56,43,216
95545.0,-100,20,292
95547.5,-109,31,298
95550.0,92,6,272
95552.5,14,-24,268
95555.0,76,34,255
95557.5,155,25,282
95560.0,-22,-26,373
95562.5,41,50,218
95565.0,20,-7,289
95567.5,3,6,353
95570.0,30,-3,297
95572.5,30,-3,297
95575.0,25,-5,287
95577.5,6,26,365
95580.0,11,0,281
95582.5,-22,-34,308
95585.0,209,56,265
95587.5,30,5,334
95590.0,-43,-9,298
95592.5,-34,4,314
95595.0,-8,10,325
95597.5,-58,-34,315
95600.0,-41,20,295
95602.5,-25,-17,381
95605.0,46,-12,282
95607.5,1,-13,313
95610.0,-33,-26,314
95612.5,23,54,332
95615.0,-40,-55,276
95617.5,58,32,314
95620.0,-60,-6,329
95622.5,-60,-6,329
95625.0,92,-43,403
95627.5,-37,-15,225
95630.0,50,-1,270
95632.5,7,-11,341
95635.0,2,1,294
95637.5,10,-33,288
95640.0,36,-40,346
95642.5,5,-39,315
95645.0,-23,-38,377
95647.5,-63,-27,324
95650.0,-14,-7,286
95652.5,-60,-18,299
95655.0,42,17,297
95657.5,25,-1,280
95660.0,6,-9,359
95662.5,-37,-27,308
95665.0,-12,-28,335
95667.5,27,-33,298
95670.0,76,-8,257
95672.5,76,-8,257
95675.0,81,36,326
95677.5,30,-4,331
95680.0,46,14,259
95682.5,-8,-40,329
95685.0,32,-43,277
95687.5,-50,-15,344
95690.0,-15,-54,302
95692.5,-9,-25,263
95695.0,-6,-9,326
95697.5,14,5,260
95700.0,-4,-12,303
95702.5,39,-30,347
95705.0,-1,-4,295
95707.5,87,11,341
95710.0,20,4,334
95712.5,-4,17,285
95715.0,-78,-49,343
95717.5,-32,-43,261
95720.0,38,0,296
95722.5,38,0,296
95725.0,-36,-9,350
95727.5,-25,-13,298
95730.0,65,17,318
95732.5,-1,-2,317
95735.0,-7,-22,252
95737.5,-15,-40,320
95740.0,28,-14,236
95742.5,48,39,306
95745.0,50,40,352
95747.5,65,-31,404
95750.0,44,16,304
95752.5,-7,-22,317
95755.0,-5,-59,253
95757.5,35,10,378
95760.0,24,-17,136
95762.5,-2,-79,434
95765.0,0,12,359
95767.5,-52,6,300
95770.0,-56,-58,343
95772.5,-56,-58,343
95775.0,4,-31,347
95777.5,43,1,318
95780.0,-12,-25,211
95782.5,6,-24,239
95785.0,-25,-11,271
95787.5,-16,-10,413
95790.0,19,-15,292
95792.5,43,-40,388
95795.0,109,46,188
95797.5,3,4,249
95800.0,27,1,307
95802.5,77,27,254
95805.0,60,15,246
95807.5,-99,31,307
95810.0,-1,6,380
95812.5,-12,19,309
95815.0,27,-38,289
95817.5,53,18,251
95820.0,53,18,251
95822.5,41,-13,360
95825.0,40,9,259
95827.5,-10,-7,290
95830.0,1,7,316
95832.5,75,29,348
95835.0,47,-7,292
95837.5,14,10,364
95840.0,50,-10,310
95842.5,16,5,340
95845.0,64,26,240
95847.5,-22,0,292
95850.0,3,-3,326
95852.5,30,-8,318
95855.0,-32,-14,372
95857.5,65,21,311
95860.0,90,59,264
95862.5,18,-28,334
95865.0,0,24,249
95867.5,-19,-46,288
95870.0,-19,-46,288
95872.5,-20,-32,289
95875.0,37,0,303
95877.5,14,-24,367
95880.0,-30,-48,313
95882.5,12,-20,293
95885.0,0,-32,306
95887.5,41,12,281
95890.0,-11,-3,316
95892.5,2,8,347
95895.0,62,17,287
95897.5,-29,-28,377
95900.0,45,-1,254
95902.5,11,-7,266
95905.0,35,-27,311
95907.5,-11,-36,311
95910.0,23,-90,302
95912.5,-25,-3,317
95915.0,41,2,274
95917.5,-42,-26,357
95920.0,-42,-26,357
95922.5,9,4,254
95925.0,15,6,303
95927.5,30,13,219
95930.0,-42,-1,327
95932.5,-12,-21,360
95935.0,-14,-6,322
95937.5,55,5,258
95940.0,27,97,382
95942.5,81,22,295
95945.0,-43,1,251
95947.5,28,6,261
95950.0,10,-38,319
95952.5,3,-28,297
95955.0,96,21,316
95957.5,32,-4,247
95960.0,14,-1,265
95962.5,-2,1,305
95965.0,-12,34,286
95967.5,-71,17,314
95970.0,-71,17,314
95972.5,47,10,283
95975.0,-60,-14,279
95977.5,4,-2,330
95980.0,19,-8,259
95982.5,-66,-32,319
95985.0,6,-49,367
95987.5,5,-40,316
95990.0,-23,-46,267
95992.5,5,18,321
95995.0,-43,6,341
95997.5,12,49,346
96000.0,-56,-6,244
96002.5,6,-26,370
96005.0,16,-8,285
96007.5,-30,-2,329
96010.0,11,38,278
96012.5,12,10,387
96015.0,32,-5,311
96017.5,3,-40,347
96020.0,3,-40,347
96022.5,-12,-12,303
96025.0,8,-24,353
96027.5,-6,-7,261
96030.0,-95,-104,349
96032.5,-38,-6,310
96035.0,15,7,246
96037.5,29,-45,313
96040.0,-30,-2,300
96042.5,1,10,291
96045.0,24,-26,368
96047.5,12,-26,322
96050.0,19,16,294
96052.5,-23,-24,296
96055.0,-6,-24,268
96057.5,40,-20,295
96060.0,6,-3,357
96062.5,21,-26,292
96065.0,29,-22,358
96067.5,43,-18,302
96070.0,43,-18,302
96072.5,-34,-24,284
96075.0,-41,-32,310
96077.5,79,-13,251
96080.0,29,-19,289
96082.5,-18,-45,338
96085.0,8,-16,294
96087.5,48,-17,329
96090.0,33,-1,317
96092.5,-42,-28,273
96095.0,-12,-8,334
96097.5,24,-14,245
96100.0,25,3,278
96102.5,16,-6,325
96105.0,30,30,311
96107.5,50,-9,359
96110.0,32,-70,248
96112.5,69,35,260
96115.0,36,1,263
96117.5,-21,-8,332
96120.0,-21,-8,332
96122.5,46,-2,343
96125.0,-22,-9,298
96127.5,-14,-11,268
96130.0,-13,-15,334
96132.5,98,17,324
96135.0,9,-50,194
96137.5,-68,-74,361
96140.0,49,-5,206
96142.5,-44,1,274
96145.0,23,-23,368
96147.5,62,105,335
96150.0,31,3,269
96152.5,18,-43,427
96155.0,26,-43,237
96157.5,-1,2,316
96160.0,-25,-26,224
96162.5,-6,5,370
96165.0,-8,21,361
96167.5,20,-18,358
96170.0,20,-18,358
96172.5,-10,-12,310
96175.0,7,-34,335
96177.5,74,47,263
96180.0,20,35,328
96182.5,7,-22,253
96185.0,7,-13,327
96187.5,-26,-24,378
96190.0,29,-16,315
96192.5,15,-77,322
96195.0,40,-25,388
96197.5,46,22,231
96200.0,29,3,287
96202.5,50,-21,268
96205.0,-7,28,315
96207.5,-45,-47,297
96210.0,-9,-3,308
96212.5,39,-26,346
96215.0,15,-18,307
96217.5,84,-14,257
96220.0,84,-14,257
96222.5,-79,-50,322
96225.0,-38,-28,253
96227.5,-28,-9,285
96230.0,-24,-21,311
96232.5,2,-22,251
96235.0,-1,-39,353
96237.5,55,12,290
96240.0,42,2,274
96242.5,-11,-11,291
96245.0,15,-2,286
96247.5,35,10,283
96250.0,-70,-18,326
96252.5,25,-12,287
96255.0,-45,-28,345
96257.5,1,-43,294
96260.0,46,14,274
96262.5,-30,-57,309
96265.0,31,26,280
96267.5,-39,-10,291
96270.0,-39,-10,291
96272.5,9,17,335
96275.0,18,-20,304
96277.5,28,-22,341
96280.0,46,2,254
96282.5,-12,-37,291
96285.0,-36,-49,311
96287.5,20,-22,252
96290.0,18,-16,300
96292.5,59,9,305
96295.0,4,-11,272
96297.5,-3,-31,326
96300.0,-48,-48,294
96302.5,-22,-53,328
96305.0,-53,-26,243
96307.5,77,4,311
96310.0,33,-13,326
96312.5,22,28,286
96315.0,-1,26,205
96317.5,-9,-31,363
96320.0,-9,-31,363
96322.5,-24,43,270
96325.0,-23,-17,319
96327.5,0,16,277
96330.0,53,-22,298
96332.5,23,-5,335
96335.0,32,-31,364
96337.5,-3,-9,304
96340.0,-64,8,402
96342.5,-34,9,315
96345.0,-65,17,227
96347.5,-8,7,303
96350.0,40,4,289
96352.5,42,0,296
96355.0,20,-37,289
96357.5,55,-24,346
96360.0,2,-3,346
96362.5,-63,-1,265
96365.0,0,5,205
96367.5,0,5,205
96370.0,13,-35,324
96372.5,0,-5,233
96375.0,-20,-9,288
96377.5,-43,-19,350
96380.0,58,23,294
96382.5,-3,-9,335
96385.0,23,25,354
96387.5,9,-4,296
96390.0,-13,-35,323
96392.5,75,-1,303
96395.0,23,3,318
96397.5,18,6,305
96400.0,9,24,248
96402.5,-82,-39,352
96405.0,-9,-10,307
96407.5,-8,-41,262
96410.0,-38,-30,344
96412.5,43,41,227
96415.0,-84,33,273
96417.5,-84,33,273
96420.0,-3,16,331
96422.5,2,-25,345
96425.0,29,-14,337
96427.5,28,-28,351
96430.0,-32,-3,203
96432.5,-29,-31,345
96435.0,44,15,274
96437.5,6,-7,265
96440.0,-9,-21,306
96442.5,12,25,318
96445.0,-9,-15,325
96447.5,-28,-44,318
96450.0,29,-50,327
96452.5,55,6,362
96455.0,41,4,242
96457.5,4,20,242
96460.0,-12,0,310
96462.5,13,-8,277
96465.0,-28,-11,229
96467.5,-28,-11,229
96470.0,58,-38,397
96472.5,28,-40,295
96475.0,-17,-50,383
96477.5,57,23,229
96480.0,-42,-29,285
96482.5,-12,-14,310
96485.0,9,15,275
96487.5,46,4,252
96490.0,-57,-23,282
96492.5,-26,-26,340
96495.0,-41,-36,354
96497.5,87,-21,266
96500.0,98,-1,248
96502.5,-44,-10,224
96505.0,54,7,285
96507.5,-60,0,345
96510.0,36,10,333
96512.5,37,-7,357
96515.0,65,-8,315
96517.5,65,-8,315
96520.0,-70,-5,311
96522.5,96,28,242
96525.0,-12,-22,280
96527.5,67,17,277
96530.0,36,-9,328
96532.5,108,56,285
96535.0,30,-9,213
96537.5,-52,-28,407
96540.0,13,13,210
96542.5,65,43,348
96545.0,55,17,312
96547.5,5,-23,306
96550.0,56,6,283
96552.5,46,-25,337
96555.0,69,-2,253
96557.5,-83,-80,317
96560.0,-15,-23,214
96562.5,-20,29,318
96565.0,-17,10,350
96567.5,-17,10,350
96570.0,43,32,317
96572.5,12,-25,335
96575.0,8,-40,315
96577.5,61,-65,260
96580.0,9,-25,328
96582.5,5,29,269
96585.0,10,-1,217
96587.5,21,-4,323
96590.0,1,0,318
96592.5,-40,-11,310
96595.0,55,18,358
96597.5,10,-24,266
96600.0,-37,-32,369
96602.5,13,-34,271
96605.0,35,0,285
96607.5,-13,-13,292
96610.0,49,-6,306
96612.5,-33,-9,340
96615.0,13,14,358
96617.5,13,14,358
96620.0,9,-13,283
96622.5,-10,-37,331
96625.0,21,-31,225
96627.5,64,-8,288
96630.0,-3,-1,314
96632.5,36,14,319
96635.0,18,-15,328
96637.5,-39,-22,323
96640.0,-9,11,230
96642.5,-26,-27,334
96645.0,48,7,241
96647.5,-11,-11,267
96650.0,-12,-14,324
96652.5,-16,-7,318
96655.0,-48,-28,307
96657.5,6,9,292
96660.0,40,-15,331
96662.5,16,-3,328
96665.0,-3,-13,216
96667.5,-3,-13,216
96670.0,-1,-37,282
96672.5,-1,14,322
96675.0,-35,13,288
96677.5,36,-34,338
96680.0,59,-11,316
96682.5,70,-13,274
96685.0,-35,-52,338
96687.5,41,-43,286
96690.0,16,-15,328
96692.5,-109,-13,311
96695.0,76,41,302
96697.5,35,2,324
96700.0,-10,16,348
96702.5,35,47,222
96705.0,-52,-43,368
96707.5,-3,19,277
96710.0,3,-18,315
96712.5,23,7,301
96715.0,23,7,301
96717.5,20,-1,291
96720.0,23,-23,288
96722.5,-33,-13,336
96725.0,-21,45,183
96727.5,9,-50,342
96730.0,1,-3,272
96732.5,55,-54,272
96735.0,36,20,334
96737.5,50,-8,303
96740.0,-9,-25,280
96742.5,45,71,296
96745.0,42,14,241
96747.5,-53,-38,316
96750.0,1,-14,285
96752.5,30,-17,291
96755.0,21,-16,337
96757.5,40,-38,348
96760.0,-7,-5,287
96762.5,48,-80,370
96765.0,48,-80,370
96767.5,3,-37,292
96770.0,-33,-28,315
96772.5,46,-24,277
96775.0,27,9,273
96777.5,6,-26,276
96780.0,15,-13,313
96782.5,80,-21,339
96785.0,-15,-16,297
96787.5,0,14,208
96790.0,-11,-23,324
96792.5,4,22,260
96795.0,-20,12,303
96797.5,66,13,298
96800.0,107,35,281
96802.5,-34,-37,333
96805.0,-4,17,379
96807.5,-22,-18,297
96810.0,46,-21,375
96812.5,79,27,253
96815.0,79,27,253
96817.5,15,-17,290
96820.0,-47,-14,303
96822.5,13,-9,280
96825.0,10,-14,303
96827.5,10,-23,343
96830.0,30,1,301
96832.5,-32,-27,367
96835.0,4,1,304
96837.5,112,-10,304
96840.0,-29,-38,313
96842.5,59,5,243
96845.0,-71,37,282
96847.5,4,6,346
96850.0,7,-56,375
96852.5,51,13,318
96855.0,-3,-43,347
96857.5,45,-4,314
96860.0,-59,-35,283
96862.5,26,-48,276
96865.0,26,-48,276
96867.5,15,10,308
96870.0,9,-38,386
96872.5,36,7,170
96875.0,35,-62,264
96877.5,108,15,343
96880.0,140,25,231
96882.5,4,-18,273
96885.0,18,-8,276
96887.5,-31,-11,204
96890.0,52,42,334
96892.5,79,12,334
96895.0,58,-29,339
96897.5,87,-2,311
96900.0,-25,-10,226
96902.5,-42,-86,356
96905.0,-27,-7,275
96907.5,-12,-5,327
96910.0,-52,-29,290
96912.5,-3,14,377
96915.0,-3,14,377
96917.5,16,-20,335
96920.0,81,59,265
96922.5,36,-21,237
96925.0,-17,-13,313
96927.5,21,5,283
96930.0,-12,2,277
96932.5,28,-9,340
96935.0,6,-14,328
96937.5,9,-27,391
96940.0,81,-14,294
96942.5,24,-22,277
96945.0,65,8,312
96947.5,46,17,307
96950.0,-5,6,305
96952.5,7,-23,330
96955.0,51,10,297
96957.5,-43,-34,351
96960.0,-13,-21,268
96962.5,-10,-32,249
96965.0,-10,-32,249
96967.5,-92,-56,313
96970.0,62,11,285
96972.5,45,-3,279
96975.0,12,-22,309
96977.5,41,-3,329
96980.0,4,-38,317
96982.5,31,4,270
96985.0,41,16,247
96987.5,30,-4,303
96990.0,50,-4,281
96992.5,15,-3,288
96995.0,-11,0,299
96997.5,44,-23,304
97000.0,-12,13,325
97002.5,42,0,288
97005.0,36,-33,290
97007.5,-26,-26,279
97010.0,24,17,266
97012.5,-14,-22,330
97015.0,-14,-22,330
97017.5,-1,17,347
97020.0,-52,-72,296
97022.5,-55,-39,372
97025.0,50,-28,302
97027.5,36,16,328
97030.0,-88,-73,258
97032.5,-6,6,277
97035.0,-60,-60,299
97037.5,34,2,217
97040.0,73,28,196
97042.5,-1,-5,320
97045.0,8,27,190
97047.5,78,-12,240
97050.0,12,-25,394
97052.5,27,-13,270
97055.0,42,15,257
97057.5,16,11,327
97060.0,58,-4,257
97062.5,58,-4,257
97065.0,-10,-64,301
97067.5,41,-17,304
97070.0,-20,-57,267
97072.5,7,-19,318
97075.0,39,11,278
97077.5,18,-27,324
97080.0,-18,13,322
97082.5,60,39,278
97085.0,34,26,339
97087.5,-12,-22,236
97090.0,18,-23,262
97092.5,-63,-2,328
97095.0,57,33,279
97097.5,2,-18,304
97100.0,89,-29,352
97102.5,56,-27,308
97105.0,60,29,368
97107.5,-91,29,215
97110.0,-59,9,283
97112.5,-59,9,283
97115.0,-14,-3,325
97117.5,-27,-33,265
97120.0,29,-14,295
97122.5,15,-11,350
97125.0,35,-28,322
97127.5,107,-18,416
97130.0,-15,-29,304
97132.5,-43,-31,233
97135.0,-31,-13,317
97137.5,52,1,282
97140.0,-102,-43,326
97142.5,-7,-11,355
97145.0,34,3,281
97147.5,32,-29,333
97150.0,60,-30,301
97152.5,-44,-18,251
97155.0,-22,18,375
97157.5,-21,-32,326
97160.0,19,17,278
97162.5,19,17,278
97165.0,23,0,328
97167.5,26,-11,310
97170.0,-1,-14,322
97172.5,16,-5,363
97175.0,14,4,284
97177.5,-25,-17,348
97180.0,23,-23,251
97182.5,-27,18,258
97185.0,-30,12,279
97187.5,31,1,284
97190.0,-12,-34,337
97192.5,45,-20,353
97195.0,73,-23,279
97197.5,-60,-26,338
97200.0,39,-26,237
97202.5,-10,-2,277
97205.0,13,12,304
97207.5,23,-14,251
97210.0,65,22,272
97212.5,65,22,272
97215.0,-75,-26,351
97217.5,118,-36,336
97220.0,48,-10,320
97222.5,-16,-44,343
97225.0,15,-33,268
97227.5,-45,-10,337
97230.0,49,-15,436
97232.5,59,17,220
97235.0,-66,-30,333
97237.5,82,-32,283
97240.0,11,-6,359
97242.5,25,-31,181
97245.0,-114,-60,227
97247.5,-12,5,348
97250.0,70,-6,258
97252.5,36,7,308
97255.0,34,5,404
97257.5,70,61,266
97260.0,41,16,311
97262.5,41,16,311
97265.0,64,-40,301
97267.5,32,2,256
97270.0,-62,-25,356
97272.5,-6,20,207
97275.0,18,13,403
97277.5,12,-24,385
97280.0,36,17,351
97282.5,-37,-34,297
97285.0,2,5,254
97287.5,17,24,195
97290.0,24,-15,328
97292.5,49,56,264
97295.0,-11,12,258
97297.5,-87,-19,329
97300.0,52,-1,278
97302.5,67,-17,347
97305.0,38,-20,275
97307.5,-40,-49,256
97310.0,-29,-49,331
97312.5,-29,-49,331
97315.0,10,13,302
97317.5,-46,-47,294
97320.0,19,59,355
97322.5,48,15,268
97325.0,-37,-6,365
97327.5,-19,-53,252
97330.0,-33,-22,263
97332.5,3,-16,342
97335.0,-18,-24,327
97337.5,15,13,322
97340.0,18,-40,349
97342.5,41,1,297
97345.0,29,-6,346
97347.5,67,55,290
97350.0,125,5,294
97352.5,55,16,283
97355.0,73,20,299
97357.5,-33,-4,298
97360.0,-28,-63,364
97362.5,-28,-63,364
97365.0,-1,34,291
97367.5,10,-28,348
97370.0,32,-26,289
97372.5,78,-6,272
97375.0,-1,2,286
97377.5,74,23,279
97380.0,-43,3,296
97382.5,47,-28,370
97385.0,27,2,307
97387.5,9,-20,341
97390.0,49,13,214
97392.5,-26,-18,279
97395.0,21,-64,365
97397.5,-17,-49,234
97400.0,-114,-89,322
97402.5,24,-13,326
97405.0,4,16,245
97407.5,12,-7,315
97410.0,-48,2,273
97412.5,-48,2,273
97415.0,21,18,279
97417.5,-30,-61,329
97420.0,-1,-9,309
97422.5,50,-27,329
97425.0,-11,22,297
97427.5,48,10,233
97430.0,-57,-59,319
97432.5,-11,-19,223
97435.0,84,39,207
97437.5,74,9,346
97440.0,66,1,319
97442.5,16,-10,303
97445.0,51,-31,400
97447.5,15,-13,318
97450.0,66,58,376
97452.5,-54,58,266
97455.0,-5,1,283
97457.5,1,-22,331
97460.0,1,-22,331
97462.5,3,8,294
97465.0,4,-13,335
97467.5,-17,-42,340
97470.0,71,27,320
97472.5,-21,5,339
97475.0,-22,-33,256
97477.5,-4,-16,279
97480.0,1,16,327
97482.5,14,-52,273
97485.0,-50,-5,330
97487.5,27,-7,342
97490.0,55,15,292
97492.5,-2,-32,351
97495.0,32,13,268
97497.5,55,6,228
97500.0,11,-53,339
97502.5,4,-9,206
97505.0,-2,11,288
97507.5,-6,-10,332
97510.0,-6,-10,332
97512.5,30,-12,304
97515.0,50,-20,297
97517.5,-39,-62,324
97520.0,16,-45,268
97522.5,33,19,351
97525.0,50,2,283
97527.5,54,-7,269
97530.0,-5,4,248
97532.5,17,11,284
97535.0,-20,-49,290
97537.5,29,1,332
97540.0,24,15,279
97542.5,10,-31,345
97545.0,27,-19,240
97547.5,4,5,270
97550.0,11,-14,323
97552.5,9,-4,296
97555.0,-34,-28,344
97557.5,36,-6,357
97560.0,36,-6,357
97562.5,48,0,309
97565.0,29,7,339
97567.5,-60,-32,225
97570.0,34,20,286
97572.5,-76,-27,315
97575.0,63,26,294
97577.5,-32,23,285
97580.0,-83,-10,322
97582.5,-12,25,336
97585.0,-25,-42,380
97587.5,0,-6,264
97590.0,83,-35,233
97592.5,94,12,318
97595.0,31,45,233
97597.5,-2,-11,290
97600.0,22,-8,398
97602.5,57,-25,287
97605.0,-24,-48,374
97607.5,61,6,234
97610.0,61,6,234
97612.5,7,-34,234
97615.0,51,47,205
97617.5,41,13,282
97620.0,-8,-10,357
97622.5,2,24,259
97625.0,-31,-30,311
97627.5,-58,-40,358
97630.0,54,2,221
97632.5,131,65,227
97635.0,52,4,322
97637.5,75,21,362
97640.0,21,17,290
97642.5,17,-13,323
97645.0,-5,-42,316
97647.5,13,-6,312
97650.0,-12,-19,304
97652.5,-14,-35,238
97655.0,-58,18,327
97657.5,27,4,152
97660.0,27,4,152
97662.5,-89,-4,265
97665.0,32,-11,430
97667.5,53,-3,251
97670.0,-85,-59,350
97672.5,-13,-36,314
97675.0,-36,36,311
97677.5,61,18,293
97680.0,38,0,282
97682.5,41,14,279
97685.0,-46,-139,389
97687.5,-33,-23,310
97690.0,-26,-58,328
97692.5,30,4,317
97695.0,-97,-15,317
97697.5,-39,1,348
97700.0,41,-27,245
97702.5,-9,4,284
97705.0,-48,-14,263
97707.5,-41,-2,315
97710.0,-41,-2,315
97712.5,32,4,350
97715.0,40,15,277
97717.5,-1,-20,238
97720.0,-10,-29,398
97722.5,64,8,290
97725.0,23,-1,304
97727.5,8,-18,387
97730.0,101,-25,310
97732.5,-15,-44,364
97735.0,1,-14,282
97737.5,-38,-44,252
97740.0,20,8,292
97742.5,15,39,289
97745.0,-24,10,289
97747.5,-4,-10,343
97750.0,17,-26,308
97752.5,-13,-20,351
97755.0,-33,27,238
97757.5,-4,11,274
97760.0,-4,11,274
97762.5,-9,-25,314
97765.0,-6,18,322
97767.5,30,-17,370
97770.0,6,3,319
97772.5,-67,-35,288
97775.0,-43,-46,374
97777.5,50,-10,302
97780.0,-25,22,203
97782.5,-9,-1,327
97785.0,-12,-3,366
97787.5,35,-24,297
97790.0,-10,-5,241
97792.5,8,6,298
97795.0,16,-28,368
97797.5,10,-42,208
97800.0,34,23,257
97802.5,6,13,276
97805.0,23,6,283
97807.5,7,-39,354
97810.0,7,-39,354
97812.5,-31,-33,376
97815.0,-54,-9,237
97817.5,-33,-10,392
97820.0,14,-19,275
97822.5,-11,32,307
97825.0,-76,-25,373
97827.5,-7,-12,373
97830.0,-58,18,283
97832.5,-11,-4,304
97835.0,-56,-7,300
97837.5,-2,18,398
97840.0,21,2,241
97842.5,-8,-11,214
97845.0,3,-50,321
97847.5,63,9,312
97850.0,-134,-38,275
97852.5,11,-17,411
97855.0,25,-21,316
97857.5,-2,-25,292
97860.0,-2,-25,292
97862.5,-60,-12,295
97865.0,-62,-12,316
97867.5,-40,12,258
97870.0,92,-16,206
97872.5,28,-9,294
97875.0,-5,-19,368
97877.5,-5,-12,318
97880.0,20,-14,355
97882.5,43,34,244
97885.0,-46,-26,264
97887.5,-1,-10,266
97890.0,-4,-12,295
97892.5,-5,-7,290
97895.0,-52,7,332
97897.5,42,38,278
97900.0,-10,-11,356
97902.5,28,-8,283
97905.0,-32,-1,236
97907.5,-32,-1,236
97910.0,21,-19,344
97912.5,38,47,210
97915.0,-29,-12,240
97917.5,43,1,351
97920.0,-32,-5,281
97922.5,60,-33,372
97925.0,10,-19,287
97927.5,18,11,276
97930.0,-20,-15,303
97932.5,-10,-10,278
97935.0,-1,-4,282
97937.5,-20,-26,319
97940.0,40,9,280
97942.5,27,-50,368
97945.0,-9,-28,323
97947.5,31,5,293
97950.0,-29,7,352
97952.5,65,-13,215
97955.0,50,26,273
97957.5,50,26,273
97960.0,-30,-25,310
97962.5,28,22,369
97965.0,-24,-7,291
97967.5,83,-4,319
97970.0,-20,0,304
97972.5,11,-45,469
97975.0,72,24,261
97977.5,13,-17,317
97980.0,36,13,293
97982.5,24,26,278
97985.0,-54,-30,240
97987.5,130,-25,278
97990.0,-5,-76,339
97992.5,-39,-29,308
97995.0,21,-19,274
97997.5,45,-12,319
98000.0,-7,22,327
98002.5,31,21,291
98005.0,37,-21,368
98007.5,37,-21,368
98010.0,41,21,305
98012.5,-52,-53,289
98015.0,-28,-43,303
98017.5,10,-40,354
98020.0,73,12,303
98022.5,-45,-18,281
98025.0,75,-4,304
98027.5,35,9,309
98030.0,38,-43,289
98032.5,21,23,211
98035.0,-105,-51,333
98037.5,37,-18,257
98040.0,8,-4,398
98042.5,21,8,283
98045.0,-89,-94,413
98047.5,38,26,310
98050.0,8,-25,371
98052.5,8,-44,229
98055.0,-79,-21,330
98057.5,-79,-21,330
98060.0,-19,42,184
98062.5,78,0,294
98065.0,6,-12,344
98067.5,50,23,303
98070.0,33,-22,313
98072.5,59,-22,307
98075.0,102,14,327
98077.5,10,-4,300
98080.0,17,-7,281
98082.5,-1,-49,315
98085.0,-27,-30,322
98087.5,65,23,315
98090.0,12,-29,347
98092.5,10,-23,341
98095.0,75,24,265
98097.5,-23,15,324
98100.0,50,9,211
98102.5,47,-7,313
98105.0,40,-6,362
98107.5,40,-6,362
98110.0,66,-5,290
98112.5,0,-44,354
98115.0,10,-7,287
98117.5,64,-12,295
98120.0,-12,-29,296
98122.5,52,9,280
98125.0,-9,-22,305
98127.5,-29,-13,362
98130.0,-20,-28,303
98132.5,-3,-29,346
98135.0,-46,-100,299
98137.5,36,30,212
98140.0,30,-18,301
98142.5,35,2,286
98145.0,-30,-34,249
98147.5,22,-40,303
98150.0,68,-2,292
98152.5,-24,-7,362
98155.0,-9,4,268
98157.5,-9,4,268
98160.0,34,43,235
98162.5,28,27,281
98165.0,58,19,295
98167.5,54,16,306
98170.0,96,29,300
98172.5,21,-18,283
98175.0,-28,-10,352
98177.5,22,10,286
98180.0,51,-17,292
98182.5,2,-28,284
98185.0,-19,-38,294
98187.5,-18,-26,314
98190.0,36,-20,349
98192.5,20,-2,229
98195.0,0,-25,353
98197.5,29,-24,268
98200.0,56,-18,206
98202.5,-13,5,298
98205.0,25,15,334
98207.5,25,15,334
98210.0,-26,8,286
98212.5,-14,-14,319
98215.0,49,11,238
98217.5,-31,-46,357
98220.0,13,-20,292
98222.5,-23,-23,294
98225.0,-13,15,258
98227.5,81,14,353
98230.0,26,15,315
98232.5,62,-27,355
98235.0,15,-37,270
98237.5,15,-14,331
98240.0,-35,-26,281
98242.5,-69,5,246
98245.0,-26,10,322
98247.5,22,-2,288
98250.0,-1,9,315
98252.5,85,5,386
98255.0,85,5,386
98257.5,91,-20,300
98260.0,-8,-10,370
98262.5,49,6,266
98265.0,105,20,248
98267.5,9,-10,313
98270.0,17,-21,249
98272.5,28,-20,286
98275.0,-35,2,305
98277.5,48,-24,294
98280.0,1,-12,352
98282.5,-4,-8,334
98285.0,45,-4,269
98287.5,17,-10,325
98290.0,60,12,217
98292.5,-2,-28,273
98295.0,53,-12,303
98297.5,72,11,281
98300.0,-67,-55,312
98302.5,33,-35,318
98305.0,33,-35,318
98307.5,59,22,292
98310.0,-28,-31,295
98312.5,20,32,260
98315.0,-60,30,259
98317.5,-16,1,308
98320.0,23,-10,337
98322.5,11,2,355
98325.0,-3,31,311
98327.5,-24,-2,241
98330.0,2,-17,338
98332.5,-2,-17,213
98335.0,71,-57,257
98337.5,-8,-20,344
98340.0,88,55,134
98342.5,5,-53,268
98345.0,-31,-40,334
98347.5,-8,-25,271
98350.0,-37,-38,310
98352.5,-2,-8,211
98355.0,-2,-8,211
98357.5,-95,9,380
98360.0,28,-1,335
98362.5,76,52,325
98365.0,16,12,288
98367.5,-53,-42,340
98370.0,21,8,299
98372.5,-31,-47,379
98375.0,-25,-47,256
98377.5,-34,-11,334
98380.0,-44,-4,278
98382.5,67,11,304
98385.0,7,22,270
98387.5,0,-52,319
98390.0,21,25,255
98392.5,-30,-47,328
98395.0,-28,-30,438
98397.5,-12,-7,273
98400.0,-17,-28,281
98402.5,-4,14,252
98405.0,-4,14,252
98407.5,-8,11,292
98410.0,-12,-36,351
98412.5,-61,-27,302
98415.0,-11,21,303
98417.5,-10,-7,269
98420.0,-40,-7,285
98422.5,-20,-11,341
98425.0,-42,-25,307
98427.5,0,-14,308
98430.0,78,-2,293
98432.5,37,5,255
98435.0,-22,-21,322
98437.5,12,-17,202
98440.0,0,22,317
98442.5,-76,-26,343
98445.0,42,-15,346
98447.5,42,0,355
98450.0,62,26,307
98452.5,-24,-57,281
98455.0,-24,-57,281
98457.5,-3,-62,354
98460.0,2,12,252
98462.5,49,2,253
98465.0,-27,4,324
98467.5,43,-31,277
98470.0,8,-20,340
98472.5,35,22,275
98475.0,60,6,279
98477.5,31,-14,323
98480.0,-3,-8,275
98482.5,-6,-5,318
98485.0,-40,14,325
98487.5,67,-1,303
98490.0,4,-8,333
98492.5,36,18,256
98495.0,69,9,290
98497.5,-14,-35,305
98500.0,53,15,300
98502.5,-31,-8,336
98505.0,-31,-8,336
98507.5,14,13,379
98510.0,-4,22,265
98512.5,-11,-18,396
98515.0,-41,3,273
98517.5,-20,11,241
98520.0,22,-1,307
98522.5,33,22,279
98525.0,49,40,298
98527.5,-19,-27,278
98530.0,2,9,192
98532.5,-150,-147,360
98535.0,29,7,239
98537.5,-35,-26,236
98540.0,-27,12,283
98542.5,4,5,320
98545.0,-48,-44,266
98547.5,32,-18,362
98550.0,65,-7,265
98552.5,-7,-10,326
98555.0,-7,-10,326
98557.5,1,-4,230
98560.0,-20,-3,274
98562.5,-6,-21,307
98565.0,45,-57,326
98567.5,-58,-39,334
98570.0,-5,-1,306
98572.5,38,-22,260
98575.0,-84,-55,372
98577.5,9,14,335
98580.0,10,-37,323
98582.5,5,7,264
98585.0,12,-12,360
98587.5,-76,-39,324
98590.0,-10,1,353
98592.5,40,7,217
98595.0,-94,-46,377
98597.5,-7,-56,235
98600.0,3,-4,271
98602.5,-3,-22,317
98605.0,-3,-22,317
98607.5,20,47,320
98610.0,11,11,263
98612.5,54,-19,383
98615.0,31,2,310
98617.5,20,32,355
98620.0,17,-18,251
98622.5,-20,-51,254
98625.0,-19,-17,347
98627.5,27,-24,258
98630.0,34,-24,314
98632.5,-30,-28,335
98635.0,24,62,298
98637.5,16,-14,320
98640.0,-4,3,278
98642.5,-12,-17,231
98645.0,-5,-3,304
98647.5,-52,11,275
98650.0,-5,-21,287
98652.5,-5,-21,287
98655.0,-79,-12,348
98657.5,41,-17,302
98660.0,23,-21,346
98662.5,21,10,264
98665.0,3,-21,290
98667.5,-26,-12,310
98670.0,27,3,273
98672.5,23,-20,324
98675.0,8,-48,331
98677.5,52,1,316
98680.0,-48,-21,336
98682.5,21,-2,314
98685.0,-5,-12,212
98687.5,26,19,312
98690.0,85,24,269
98692.5,-20,-2,300
98695.0,-5,3,334
98697.5,25,-8,322
98700.0,-41,-17,333
98702.5,-41,-17,333
98705.0,-42,-29,268
98707.5,13,-71,279
98710.0,-88,-30,341
98712.5,-49,-22,361
98715.0,-15,27,238
98717.5,1,1,278
98720.0,47,-30,317
98722.5,-73,-39,298
98725.0,5,-33,172
98727.5,71,27,246
98730.0,-5,-17,382
98732.5,22,14,176
98735.0,18,-13,305
98737.5,-12,-14,340
98740.0,-25,14,341
98742.5,136,-30,278
98745.0,48,-19,325
98747.5,32,25,232
98750.0,-3,-47,443
98752.5,-3,-47,443
98755.0,14,34,240
98757.5,-30,-48,350
98760.0,43,35,302
98762.5,74,13,319
98765.0,57,-30,343
98767.5,70,-11,310
98770.0,115,-37,161
98772.5,72,19,267
98775.0,92,36,241
98777.5,-47,-24,290
98780.0,-28,-10,366
98782.5,55,-19,313
98785.0,-57,-2,334
98787.5,86,19,242
98790.0,18,-15,323
98792.5,-26,-24,307
98795.0,-27,-9,296
98797.5,19,-5,242
98800.0,29,-12,323
98802.5,29,-12,323
98805.0,28,-22,315
98807.5,-3,-23,309
98810.0,1,-41,259
98812.5,75,38,232
98815.0,-34,-29,295
98817.5,26,45,238
98820.0,15,13,333
98822.5,-13,7,345
98825.0,-21,-4,307
98827.5,-11,19,339
98830.0,-6,-22,235
98832.5,-26,7,274
98835.0,45,-12,278
98837.5,48,-6,290
98840.0,45,19,297
98842.5,4,2,322
98845.0,57,8,267
98847.5,-36,-19,359
98850.0,42,3,256
98852.5,42,3,256
98855.0,111,26,282
98857.5,-21,2,295
98860.0,71,-4,236
98862.5,10,-19,318
98865.0,12,-27,341
98867.5,51,-4,315
98870.0,15,-9,344
98872.5,59,14,270
98875.0,-25,-9,271
98877.5,-60,-43,312
98880.0,63,-33,264
98882.5,38,-30,374
98885.0,-44,-11,288
98887.5,-9,-21,211
98890.0,-19,-32,316
98892.5,69,22,259
98895.0,-22,-6,308
98897.5,-13,18,313
98900.0,32,68,245
98902.5,32,68,245
98905.0,-32,-58,308
98907.5,52,-30,326
98910.0,70,16,240
98912.5,44,-9,319
98915.0,66,29,273
98917.5,-15,13,310
98920.0,-10,2,350
98922.5,2,-5,375
98925.0,-28,-7,357
98927.5,13,-48,397
98930.0,26,-17,261
98932.5,-37,-51,384
98935.0,17,4,230
98937.5,-5,20,330
98940.0,-18,-24,331
98942.5,70,-16,307
98945.0,18,-13,303
98947.5,32,-18,321
98950.0,-55,-31,267
98952.5,-55,-31,267
98955.0,-35,-44,300
98957.5,-3,15,275
98960.0,-21,4,302
98962.5,-72,-10,300
98965.0,67,-22,298
98967.5,14,29,335
98970.0,-25,-7,351
98972.5,30,-1,277
98975.0,-7,-83,370
98977.5,99,11,230
98980.0,17,58,289
98982.5,5,-4,283
98985.0,-16,-17,310
98987.5,10,-33,339
98990.0,60,5,324
98992.5,-5,-4,329
98995.0,2,-21,317
98997.5,-11,-42,271
99000.0,-33,-11,264
99002.5,-33,-11,264
99005.0,2,-2,280
99007.5,8,-12,249
99010.0,-61,-19,306
99012.5,41,-15,370
99015.0,12,-25,331
99017.5,47,5,340
99020.0,-22,-28,247
99022.5,-27,0,210
99025.0,-98,-14,280
99027.5,47,1,276
99030.0,3,7,309
99032.5,-26,-28,336
99035.0,78,-2,299
99037.5,43,-21,351
99040.0,25,0,259
99042.5,15,-48,281
99045.0,-58,-34,309
99047.5,11,13,267
99050.0,11,13,267
99052.5,-6,-18,287
99055.0,4,-17,344
99057.5,63,16,301
99060.0,-6,-53,386
99062.5,17,-2,332
99065.0,49,42,265
99067.5,-52,-39,327
99070.0,44,-5,269
99072.5,-1,-26,199
99075.0,10,13,315
99077.5,7,5,322
99080.0,-49,-57,261
99082.5,-9,-3,307
99085.0,55,3,339
99087.5,-23,-17,335
99090.0,51,19,239
99092.5,0,12,298
99095.0,1,24,471
99097.5,11,-1,278
99100.0,11,-1,278
99102.5,-20,-16,336
99105.0,47,11,262
99107.5,36,-74,321
99110.0,26,-11,307
99112.5,-33,9,184
99115.0,-31,21,360
99117.5,4,-17,421
99120.0,-2,14,270
99122.5,34,-24,353
99125.0,21,1,303
99127.5,46,11,344
99130.0,45,12,292
99132.5,2,-27,337
99135.0,24,11,282
99137.5,23,-3,299
99140.0,24,-2,386
99142.5,30,14,294
99145.0,51,15,292
99147.5,58,-5,242
99150.0,58,-5,242
99152.5,-13,-10,311
99155.0,54,20,264
99157.5,-31,-3,359
99160.0,-64,-23,304
99162.5,13,-8,341
99165.0,63,30,257
99167.5,-12,-7,263
99170.0,112,5,293
99172.5,-7,-31,283
99175.0,34,4,274
99177.5,17,-6,283
99180.0,-74,-4,334
99182.5,99,-1,293
99185.0,17,19,369
99187.5,-30,-93,299
99190.0,-19,-33,273
99192.5,15,12,311
99195.0,26,-15,307
99197.5,-11,-10,291
99200.0,-11,-10,291
99202.5,29,-18,292
99205.0,-10,8,261
99207.5,-81,-54,320
99210.0,-13,-61,255
99212.5,38,14,272
99215.0,-37,-48,306
99217.5,-10,-36,305
99220.0,-15,-19,296
99222.5,14,-8,346
99225.0,-42,-12,277
99227.5,17,-35,355
99230.0,41,-18,239
99232.5,-21,-18,271
99235.0,-7,-24,294
99237.5,8,-11,274
99240.0,-5,16,304
99242.5,16,-15,318
99245.0,100,19,223
99247.5,31,26,330
99250.0,31,26,330
99252.5,-45,-37,250
99255.0,49,10,300
99257.5,9,4,313
99260.0,24,-7,296
99262.5,29,-79,289
99265.0,5,-6,348
99267.5,49,-3,251
99270.0,-28,-34,323
99272.5,47,-18,244
99275.0,85,-35,294
99277.5,-21,13,315
99280.0,15,-19,274
99282.5,55,-44,313
99285.0,43,13,366
99287.5,32,42,256
99290.0,16,-64,318
99292.5,69,15,243
99295.0,12,17,281
99297.5,70,8,319
99300.0,70,8,319
99302.5,53,13,312
99305.0,0,-38,295
99307.5,-54,-29,308
99310.0,-39,-8,222
99312.5,-44,-20,365
99315.0,95,10,273
99317.5,-13,-39,304
99320.0,59,13,299
99322.5,50,11,298
99325.0,-27,4,310
99327.5,47,-27,341
99330.0,79,-25,250
99332.5,122,22,285
99335.0,89,-17,269
99337.5,-12,-20,267
99340.0,42,-10,329
99342.5,65,-33,292
99345.0,-31,-11,292
99347.5,73,-14,324
99350.0,73,-14,324
99352.5,106,-1,268
99355.0,-13,15,367
99357.5,60,3,292
99360.0,-5,15,272
99362.5,-40,7,258
99365.0,32,-7,235
99367.5,4,-12,339
99370.0,-39,-14,347
99372.5,35,-29,295
99375.0,36,-27,342
99377.5,56,-12,247
99380.0,44,26,266
99382.5,44,20,319
99385.0,-50,25,266
99387.5,2,10,298
99390.0,3,-83,368
99392.5,38,-36,299
99395.0,7,-23,355
99397.5,7,-23,355
99400.0,12,-4,265
99402.5,68,-5,264
99405.0,-34,-48,365
99407.5,23,-4,223
99410.0,48,14,291
99412.5,-12,-18,327
99415.0,-8,16,317
99417.5,28,-24,358
99420.0,4,-26,320
99422.5,60,11,274
99425.0,-60,-58,308
99427.5,-3,-2,251
99430.0,45,23,294
99432.5,12,-9,326
99435.0,-26,-20,307
99437.5,-29,-36,340
99440.0,16,-23,341
99442.5,35,-3,173
99445.0,-34,-45,365
99447.5,-34,-45,365
99450.0,79,9,255
99452.5,-4,-5,282
99455.0,-6,-14,303
99457.5,2,5,326
99460.0,-15,24,285
99462.5,-23,-17,409
99465.0,37,21,268
99467.5,25,-31,398
99470.0,115,-3,275
99472.5,36,-24,273
99475.0,61,-13,288
99477.5,37,41,340
99480.0,-24,-40,295
99482.5,-47,-10,366
99485.0,-10,-10,279
99487.5,-23,-46,356
99490.0,13,-1,290
99492.5,-48,4,260
99495.0,9,2,294
99497.5,9,2,294
99500.0,26,16,308
99502.5,-45,-16,360
99505.0,12,12,344
99507.5,42,8,292
99510.0,-8,-41,331
99512.5,48,-47,301
99515.0,24,10,272
99517.5,-10,-18,334
99520.0,-4,-53,281
99522.5,76,-30,332
99525.0,22,4,301
99527.5,91,27,250
99530.0,16,9,359
99532.5,87,36,272
99535.0,43,-35,256
99537.5,34,13,333
99540.0,107,5,370
99542.5,53,25,364
99545.0,-15,-34,320
99547.5,-15,-34,320
99550.0,20,-30,252
99552.5,19,-3,358
99555.0,-32,-3,225
99557.5,-37,-22,290
99560.0,1,17,332
99562.5,16,-14,307
99565.0,60,-1,344
99567.5,54,46,266
99570.0,-36,-22,230
99572.5,-40,-25,311
99575.0,35,5,264
99577.5,-42,-72,332
99580.0,-8,-73,371
99582.5,29,-13,302
99585.0,-43,-27,303
99587.5,8,-11,301
99590.0,-17,-18,254
99592.5,-27,-19,317
99595.0,-14,3,249
99597.5,-14,3,249
99600.0,-52,13,288
99602.5,-1,-9,301
99605.0,35,7,321
99607.5,32,-6,361
99610.0,20,17,283
99612.5,-23,-49,235
99615.0,-78,52,222
99617.5,0,40,303
99620.0,18,33,309
99622.5,26,1,298
99625.0,-17,17,318
99627.5,-17,6,443
99630.0,-24,-40,267
99632.5,-84,12,253
99635.0,0,-37,333
99637.5,-8,-3,277
99640.0,-25,-30,343
99642.5,77,-12,352
99645.0,27,10,277
99647.5,27,10,277
99650.0,-4,-17,374
99652.5,65,14,279
99655.0,11,-26,232
99657.5,-96,3,277
99660.0,69,19,279
99662.5,-67,-2,343
99665.0,-67,-13,348
99667.5,10,14,277
99670.0,-12,-22,418
99672.5,-49,-18,258
99675.0,53,-43,306
99677.5,19,-39,317
99680.0,-10,22,294
99682.5,31,-86,350
99685.0,-30,-9,360
99687.5,96,-22,232
99690.0,65,-12,356
99692.5,-23,-48,326
99695.0,82,15,245
99697.5,82,15,245
99700.0,-4,-16,333
99702.5,56,-5,276
99705.0,24,64,243
99707.5,45,7,382
99710.0,-24,29,277
99712.5,24,2,342
99715.0,35,-5,259
99717.5,-36,-43,236
99720.0,64,-31,374
99722.5,-11,24,258
99725.0,23,-12,284
99727.5,-17,-29,330
99730.0,44,11,340
99732.5,8,-19,298
99735.0,-19,-14,313
99737.5,69,-30,250
99740.0,46,-6,344
99742.5,49,-8,251
99745.0,28,22,315
99747.5,28,22,315
99750.0,42,16,292
99752.5,-5,3,295
99755.0,18,0,348
99757.5,35,-25,359
99760.0,55,18,284
99762.5,-1,-8,309
99765.0,-6,-44,280
99767.5,18,-10,303
99770.0,-6,-15,308
99772.5,27,-12,293
99775.0,-17,-18,317
99777.5,22,-21,311
99780.0,35,14,322
99782.5,-13,-25,379
99785.0,37,0,255
99787.5,18,12,266
99790.0,4,-14,314
99792.5,1,-8,291
99795.0,-69,-25,343
99797.5,-69,-25,343
99800.0,-15,-18,341
99802.5,24,-12,267
99805.0,54,-13,349
99807.5,26,5,234
99810.0,-26,1,268
99812.5,-2,-13,311
99815.0,59,56,321
99817.5,99,54,277
99820.0,30,-52,372
99822.5,66,21,290
99825.0,-10,3,266
99827.5,38,-15,293
99830.0,53,10,240
99832.5,-77,-22,330
99835.0,54,15,254
99837.5,-40,-39,312
99840.0,33,-26,405
99842.5,46,4,228
99845.0,46,4,228
99847.5,-30,-24,336
99850.0,37,15,278
99852.5,45,17,241
99855.0,-58,-9,272
99857.5,-3,-5,284
99860.0,-26,-14,309
99862.5,40,-5,350
99865.0,17,7,293
99867.5,-21,-19,428
99870.0,96,20,270
99872.5,17,-8,307
99875.0,50,12,274
99877.5,6,5,300
99880.0,-54,-24,360
99882.5,34,-34,391
99885.0,7,-20,300
99887.5,35,-11,326
99890.0,59,6,252
99892.5,29,-28,276
99895.0,29,-28,276
99897.5,-22,0,346
99900.0,44,1,278
99902.5,-35,-57,337
99905.0,-34,-12,312
99907.5,49,8,276
99910.0,-14,-10,290
99912.5,76,-31,292
99915.0,-4,19,303
99917.5,-1,-24,343
99920.0,84,26,350
99922.5,54,-6,297
99925.0,52,-24,321
99927.5,2,-66,260
99930.0,22,-17,334
99932.5,57,9,203
99935.0,-2,-20,319
99937.5,-24,-15,281
99940.0,-34,-40,328
99942.5,14,-20,352
99945.0,14,-20,352
99947.5,27,-10,293
99950.0,60,17,300
99952.5,33,-2,339
99955.0,7,-10,273
99957.5,-15,-5,300
99960.0,-6,-22,311
99962.5,-10,45,266
99965.0,-17,-16,338
99967.5,-6,4,278
99970.0,82,15,265
99972.5,43,4,307
99975.0,9,-23,252
99977.5,5,6,285
99980.0,-42,-15,347
99982.5,18,-21,343
99985.0,96,38,357
99987.5,35,-5,317
99990.0,5,-18,246
99992.5,-120,-66,269
99995.0,-120,-66,269
99997.5,56,-17,306
100000.0,26,11,417
100002.5,-29,-16,311
100005.0,82,14,221
100007.5,-10,-28,308
100010.0,-19,-14,235
100012.5,53,-21,255
100015.0,80,22,317
100017.5,0,2,331
100020.0,39,-22,347
100022.5,60,-31,377
100025.0,135,23,250
100027.5,-67,-56,310
100030.0,-27,16,310
100032.5,25,-15,370
100035.0,58,-12,364
100037.5,-12,-16,295
100040.0,-11,-16,300
100042.5,107,21,307
100045.0,107,21,307
100047.5,-16,-37,253
100050.0,45,-26,307
100052.5,56,1,253
100055.0,22,-67,281
100057.5,23,-10,286
100060.0,76,-4,236
100062.5,-27,-10,312
100065.0,-26,-38,358
100067.5,66,21,245
100070.0,49,22,362
100072.5,54,17,264
100075.0,85,-46,271
100077.5,10,-8,320
100080.0,86,21,311
100082.5,-26,3,345
100085.0,-38,-21,339
100087.5,-14,-4,259
100090.0,-26,-32,366
100092.5,18,-29,261
100095.0,18,-29,261
100097.5,1,4,254
100100.0,60,8,350
100102.5,59,16,291
100105.0,24,-33,315
100107.5,35,-11,364
100110.0,-8,-6,263
100112.5,16,4,304
100115.0,20,-18,295
100117.5,38,-17,311
100120.0,-14,8,330
100122.5,20,3,307
100125.0,48,13,291
100127.5,18,-7,335
100130.0,-23,19,274
100132.5,-40,-36,333
100135.0,-30,-48,315
100137.5,117,-29,326
100140.0,-35,-12,324
100142.5,-35,-12,324
100145.0,-78,-2,264
100147.5,2,12,316
100150.0,-19,-18,318
100152.5,11,-15,300
100155.0,-29,-7,348
100157.5,8,-27,316
100160.0,34,13,275
100162.5,12,24,324
100165.0,-32,-31,260
100167.5,14,0,300
100170.0,16,3,297
100172.5,51,8,315
100175.0,-19,-16,323
100177.5,-17,16,328
100180.0,54,19,250
100182.5,-27,-23,307
100185.0,-73,-32,225
100187.5,-8,-37,310
100190.0,58,91,149
100192.5,58,91,149
100195.0,105,11,305
100197.5,37,3,344
100200.0,41,10,308
100202.5,18,-11,249
100205.0,19,34,349
100207.5,76,-28,292
100210.0,56,18,192
100212.5,-61,-37,367
100215.0,25,25,299
100217.5,-54,-42,331
100220.0,13,-6,332
100222.5,48,45,255
100225.0,-2,-19,326
100227.5,-5,29,269
100230.0,52,-14,194
100232.5,31,6,297
100235.0,35,1,243
100237.5,-5,-8,305
100240.0,47,31,380
100242.5,47,31,380
100245.0,-3,-12,333
100247.5,-33,-8,320
100250.0,47,-49,245
100252.5,55,8,401
100255.0,19,27,280
100257.5,41,19,279
100260.0,-15,5,329
100262.5,-30,-2,304
100265.0,26,20,311
100267.5,-54,-16,383
100270.0,109,11,264
100272.5,-25,-4,287
100275.0,24,-14,299
100277.5,35,35,314
100280.0,36,-13,365
100282.5,40,-30,314
100285.0,-32,-12,282
100287.5,-66,-29,304
100290.0,51,62,269
100292.5,51,62,269
100295.0,24,-14,319
100297.5,10,-8,276
100300.0,-5,-2,354
100302.5,-29,-21,316
100305.0,-37,-87,327
100307.5,42,4,276
100310.0,43,-7,344
100312.5,20,2,262
100315.0,15,7,324
100317.5,2,6,289
100320.0,53,-13,308
100322.5,-12,-6,327
100325.0,53,36,294
100327.5,52,25,275
100330.0,-4,-39,344
100332.5,26,-43,257
100335.0,7,0,298
100337.5,12,-32,359
100340.0,25,-2,291
100342.5,25,-2,291
100345.0,3,-48,358
100347.5,23,-23,298
100350.0,-35,-25,234
100352.5,27,-16,329
100355.0,0,19,263
100357.5,2,-12,320
100360.0,-10,-19,370
100362.5,192,19,238
100365.0,22,-16,401
100367.5,41,10,304
100370.0,103,16,221
100372.5,-29,-54,416
100375.0,17,-22,320
100377.5,-19,-8,307
100380.0,-72,-44,299
100382.5,81,2,312
100385.0,-27,-51,387
100387.5,-24,8,222
100390.0,72,-22,286
100392.5,72,-22,286
100395.0,-29,-5,327
100397.5,22,-3,312
100400.0,-25,-20,303
100402.5,-27,27,272
100405.0,-22,-37,292
100407.5,75,-30,303
100410.0,90,49,215
100412.5,-37,-12,216
100415.0,6,16,287
100417.5,29,-41,296
100420.0,17,15,290
100422.5,-25,-12,353
100425.0,22,-38,271
100427.5,158,48,282
100430.0,18,-10,348
100432.5,8,-17,272
100435.0,-26,-26,304
100437.5,75,-19,302
100440.0,37,33,310
100442.5,37,33,310
100445.0,81,39,294
100447.5,-5,35,250
100450.0,-11,-33,335
100452.5,48,-38,333
100455.0,12,-2,234
100457.5,11,-8,326
100460.0,-10,4,287
100462.5,8,-14,295
100465.0,-24,0,335
100467.5,22,-1,288
100470.0,-40,-36,287
100472.5,43,-54,316
100475.0,20,-21,274
100477.5,27,17,370
100480.0,21,-21,314
100482.5,89,-22,292
100485.0,-8,1,311
100487.5,-4,28,293
100490.0,-4,28,293
100492.5,-55,-46,399
100495.0,-32,4,398
100497.5,55,-28,329
100500.0,1,-4,319
100502.5,17,3,280
100505.0,-6,4,268
100507.5,-12,-20,293
100510.0,4,-1,332
100512.5,-10,-29,338
100515.0,-30,-68,343
100517.5,25,-16,296
100520.0,-25,-39,358
100522.5,14,-15,242
100525.0,11,9,272
100527.5,-47,0,299
100530.0,9,-4,280
100532.5,-39,-45,306
100535.0,-3,12,315
100537.5,49,18,295
100540.0,49,18,295
100542.5,-25,-34,339
100545.0,-4,-23,263
100547.5,24,-34,231
100550.0,-23,-4,318
100552.5,23,0,272
100555.0,-83,-60,396
100557.5,-129,-65,391
100560.0,6,-29,402
100562.5,18,37,227
100565.0,4,-23,369
100567.5,28,-29,268
100570.0,-61,-54,277
100572.5,20,23,276
100575.0,-24,-3,312
100577.5,-96,-17,511
100580.0,53,51,367
100582.5,-36,-31,364
100585.0,5,3,297
100587.5,-14,-11,307
100590.0,-14,-11,307
100592.5,-31,-40,312
100595.0,9,40,350
100597.5,22,-8,299
100600.0,13,-20,339
100602.5,39,-27,342
100605.0,-62,-28,317
100607.5,54,-7,258
100610.0,22,1,201
100612.5,-8,-35,397
100615.0,39,-2,235
100617.5,-28,-14,334
100620.0,13,-6,394
100622.5,-21,-43,444
100625.0,52,25,337
100627.5,10,1,234
100630.0,45,38,265
100632.5,-10,-20,347
100635.0,10,21,127
100637.5,65,0,254
100640.0,65,0,254
100642.5,-18,10,334
100645.0,7,-18,275
100647.5,5,-22,335
100650.0,78,-29,326
100652.5,16,-50,376
100655.0,23,14,269
100657.5,67,46,229
100660.0,26,-13,263
100662.5,-13,-32,351
100665.0,86,28,299
100667.5,42,-27,365
100670.0,37,-4,261
100672.5,17,-11,259
100675.0,-29,-13,313
100677.5,50,27,295
100680.0,-13,4,310
100682.5,12,-20,255
100685.0,46,-16,276
100687.5,-34,-14,344
100690.0,-34,-14,344
100692.5,56,21,278
100695.0,-38,-15,291
100697.5,26,-14,310
100700.0,49,-8,300
100702.5,31,20,323
100705.0,64,6,359
100707.5,64,3,286
100710.0,-11,-15,367
100712.5,84,32,222
100715.0,-49,-61,307
100717.5,10,-34,311
100720.0,68,-1,322
100722.5,38,7,321
100725.0,-27,-9,300
100727.5,26,-27,252
100730.0,51,-29,353
100732.5,-10,-19,246
100735.0,-24,-68,368
100737.5,-36,-19,339
100740.0,-36,-19,339
100742.5,29,10,289
100745.0,28,8,346
100747.5,70,16,355
100750.0,8,-47,306
100752.5,-36,-41,288
100755.0,61,-33,286
100757.5,21,-1,274
100760.0,15,-5,333
100762.5,39,-11,300
100765.0,74,78,307
100767.5,9,-5,300
100770.0,34,-11,243
100772.5,34,-11,367
100775.0,44,-13,259
100777.5,44,-15,314
100780.0,14,-9,311
100782.5,-46,-20,325
100785.0,59,-15,348
100787.5,59,-15,348
100790.0,25,-18,351
100792.5,-17,-28,288
100795.0,-24,-7,328
100797.5,67,-24,270
100800.0,-9,1,271
100802.5,-54,-8,370
100805.0,-22,-6,347
100807.5,10,-29,314
100810.0,4,-12,346
100812.5,60,24,218
100815.0,28,15,359
100817.5,71,-6,263
100820.0,-21,34,239
100822.5,-20,15,308
100825.0,57,4,256
100827.5,-13,-8,292
100830.0,49,-29,398
100832.5,-25,-23,332
100835.0,-61,-16,356
100837.5,-61,-16,356
100840.0,-20,-30,277
100842.5,-38,-35,304
100845.0,27,40,316
100847.5,12,15,268
100850.0,-16,31,340
100852.5,-28,16,345
100855.0,0,-15,301
100857.5,10,-1,350
100860.0,94,10,298
100862.5,-54,-4,276
100865.0,-48,-9,309
100867.5,6,18,304
100870.0,-27,-10,341
100872.5,-17,-61,373
100875.0,62,10,260
100877.5,-10,-41,379
100880.0,14,-6,321
100882.5,72,-12,279
100885.0,-8,30,298
100887.5,-8,30,298
100890.0,-6,2,255
100892.5,4,25,255
100895.0,37,-7,334
100897.5,16,-27,303
100900.0,15,-37,357
100902.5,-5,-9,329
100905.0,67,51,315
100907.5,-82,-29,345
100910.0,-3,-36,260
100912.5,23,-10,302
100915.0,-18,-9,343
100917.5,34,-11,305
100920.0,1,-24,321
100922.5,62,-5,358
100925.0,42,-10,257
100927.5,-4,-30,259
100930.0,44,-28,264
100932.5,55,56,347
100935.0,6,-51,283
100937.5,6,-51,283
100940.0,8,-16,274
100942.5,-55,-31,294
100945.0,26,-39,430
100947.5,36,-3,271
100950.0,-2,-40,361
100952.5,4,-1,218
100955.0,13,15,274
100957.5,46,6,290
100960.0,22,2,316
100962.5,17,-33,251
100965.0,-43,-44,283
100967.5,-26,-21,382
100970.0,-22,9,359
100972.5,-90,-17,225
100975.0,-15,-9,305
100977.5,-8,18,342
100980.0,5,-1,196
100982.5,17,14,285
100985.0,28,15,336
100987.5,28,15,336
100990.0,29,-12,310
100992.5,-10,-27,306
100995.0,-17,-16,293
100997.5,45,-11,263
101000.0,-44,-35,267
101002.5,-9,-49,211
101005.0,47,-2,314
101007.5,-7,-56,346
101010.0,38,-12,233
101012.5,33,2,355
101015.0,97,-38,289
101017.5,97,0,302
101020.0,-22,-1,284
101022.5,25,-11,357
101025.0,11,-23,317
101027.5,26,0,328
101030.0,56,22,287
101032.5,-49,-27,356
101035.0,21,-19,242
101037.5,21,-19,242
101040.0,18,13,315
101042.5,11,5,326
101045.0,67,6,309
101047.5,9,12,275
101050.0,26,35,327
101052.5,6,38,275
101055.0,-17,-33,341
101057.5,53,-46,270
101060.0,37,28,326
101062.5,5,-27,308
101065.0,57,37,285
101067.5,46,-14,324
101070.0,-40,-16,302
101072.5,24,15,313
101075.0,-57,-37,333
101077.5,-13,-8,251
101080.0,3,-9,286
101082.5,-22,-20,355
101085.0,49,8,315
101087.5,49,8,315
101090.0,41,20,287
101092.5,-74,-36,293
101095.0,7,3,288
101097.5,-50,-25,361
101100.0,1,-3,220
101102.5,-67,-3,316
101105.0,-81,-13,274
101107.5,-85,-44,319
101110.0,-82,-88,338
101112.5,41,-26,248
101115.0,101,18,294
101117.5,-32,-44,366
101120.0,2,-10,234
101122.5,25,-9,268
101125.0,-44,-7,315
101127.5,37,-25,324
101130.0,-15,8,324
101132.5,7,-13,327
101135.0,95,2,257
101137.5,95,2,257
101140.0,24,-20,252
101142.5,25,9,260
101145.0,-17,-38,366
101147.5,-41,-6,298
101150.0,47,6,305
101152.5,13,-33,411
101155.0,-50,-12,258
101157.5,-24,38,242
101160.0,-131,-84,337
101162.5,23,21,275
101165.0,6,-17,287
101167.5,8,-22,330
101170.0,-47,-1,295
101172.5,52,23,323
101175.0,1,-20,317
101177.5,27,-3,308
101180.0,-47,-17,354
101182.5,-10,-60,249
101185.0,-10,-60,249
101187.5,-34,20,297
101190.0,26,28,326
101192.5,33,8,300
101195.0,-52,-15,301
101197.5,2,-13,349
101200.0,-4,-16,265
101202.5,-25,-42,416
101205.0,59,-9,286
101207.5,-92,0,264
101210.0,-9,4,349
101212.5,17,11,305
101215.0,12,4,275
101217.5,40,-26,327
101220.0,-40,29,231
101222.5,-29,-30,316
101225.0,-10,-9,248
101227.5,52,10,282
101230.0,5,-14,304
101232.5,88,18,293
101235.0,88,18,293
101237.5,-30,-20,311
101240.0,-1,-14,338
101242.5,-30,-15,266
101245.0,16,-36,358
101247.5,17,-4,287
101250.0,16,14,307
101252.5,-33,-23,325
101255.0,-2,-6,305
101257.5,-31,-14,326
101260.0,2,-26,339
101262.5,-16,-31,298
101265.0,72,-31,377
101267.5,52,-23,324
101270.0,0,-40,299
101272.5,12,-23,296
101275.0,17,-8,230
101277.5,0,18,284
101280.0,1,-28,329
101282.5,13,-11,287
101285.0,13,-11,287
101287.5,15,-2,326
101290.0,31,10,304
101292.5,74,8,256
101295.0,-51,-21,290
101297.5,-25,46,227
101300.0,-6,-28,342
101302.5,25,-22,378
101305.0,10,-4,403
101307.5,96,19,280
101310.0,-1,-29,290
101312.5,-2,-3,256
101315.0,-22,23,351
101317.5,100,-48,55
101320.0,39,-75,252
101322.5,71,16,379
101325.0,-25,-52,284
101327.5,-19,-58,305
101330.0,-38,-14,345
101332.5,-16,-22,219
101335.0,-16,-22,219
101337.5,9,-38,306
101340.0,29,-15,232
101342.5,4,6,348
101345.0,-14,0,364
101347.5,34,0,279
101350.0,34,-26,370
101352.5,-5,11,311
101355.0,-50,-32,275
101357.5,4,-37,212
101360.0,88,37,328
101362.5,-22,-18,325
101365.0,83,-12,399
101367.5,-24,9,343
101370.0,24,-5,316
101372.5,28,-46,317
101375.0,62,-1,247
101377.5,30,13,312
101380.0,52,0,279
101382.5,41,16,323
101385.0,41,16,323
101387.5,-5,1,339
101390.0,76,2,323
101392.5,23,6,318
101395.0,-24,-47,317
101397.5,9,25,223
101400.0,-8,-44,337
101402.5,-3,-5,284
101405.0,-11,-6,298
101407.5,-10,-25,347
101410.0,-42,-6,270
101412.5,46,8,351
101415.0,74,32,291
101417.5,61,6,322
101420.0,-5,-1,300
101422.5,32,16,284
101425.0,30,0,319
101427.5,-33,-11,298
101430.0,-15,-26,307
101432.5,7,-15,355
101435.0,7,-15,355
101437.5,19,5,335
101440.0,78,-34,312
101442.5,12,-22,351
101445.0,62,8,295
101447.5,-26,-14,282
101450.0,-22,3,315
101452.5,61,10,312
101455.0,12,-28,351
101457.5,1,5,286
101460.0,-13,-24,241
101462.5,4,-18,328
101465.0,43,-9,246
101467.5,-25,5,295
101470.0,3,-3,363
101472.5,-11,-1,311
101475.0,-6,-7,351
101477.5,12,19,335
101480.0,-27,-61,218
101482.5,17,0,285
101485.0,17,0,285
101487.5,14,7,317
101490.0,4,-24,312
101492.5,-19,-5,302
101495.0,7,-1,272
101497.5,30,-10,358
101500.0,-8,-16,225
101502.5,1,-8,277
101505.0,-37,-45,289
101507.5,61,41,284
101510.0,-33,-22,264
101512.5,10,26,235
101515.0,0,-20,339
101517.5,56,16,438
101520.0,28,-10,242
101522.5,-6,-4,223
101525.0,-97,-40,402
101527.5,-32,-15,352
101530.0,-17,-43,329
101532.5,-4,-32,338
101535.0,-4,-32,338
101537.5,24,-5,261
101540.0,-83,-23,300
101542.5,-49,-70,397
101545.0,-54,-13,243
101547.5,-41,-23,243
101550.0,13,44,268
101552.5,54,6,329
101555.0,55,18,341
101557.5,34,-27,315
101560.0,-15,7,334
101562.5,21,10,288
101565.0,26,-17,248
101567.5,12,-28,360
101570.0,-58,1,240
101572.5,-71,-32,276
101575.0,-9,-6,347
101577.5,42,-6,307
101580.0,14,-25,331
101582.5,14,-25,331
101585.0,10,-20,310
101587.5,84,-7,189
101590.0,3,-21,343
101592.5,-44,-41,210
101595.0,21,1,311
101597.5,-5,3,360
101600.0,24,-8,298
101602.5,-13,-27,296
101605.0,6,-10,329
101607.5,-5,15,257
101610.0,-52,-30,357
101612.5,23,-18,258
101615.0,-3,10,276
101617.5,6,-3,356
101620.0,53,6,312
101622.5,69,-28,329
101625.0,41,-34,370
101627.5,-31,-40,279
101630.0,7,-25,350
101632.5,7,-25,350
101635.0,43,-22,293
101637.5,5,-9,316
101640.0,-9,-14,282
101642.5,52,-8,293
101645.0,13,-7,311
101647.5,-4,-9,348
101650.0,-44,-42,279
101652.5,-22,-4,335
101655.0,35,-17,286
101657.5,12,-47,217
101660.0,-7,-11,297
101662.5,35,22,271
101665.0,-12,-30,353
101667.5,-75,-49,469
101670.0,1,-11,317
101672.5,26,-26,398
101675.0,-11,42,451
101677.5,25,2,319
101680.0,-20,-12,356
101682.5,-20,-12,356
101685.0,-23,1,277
101687.5,-11,-26,339
101690.0,9,50,274
101692.5,-25,-12,416
101695.0,65,-1,369
101697.5,30,-15,282
101700.0,52,-2,256
101702.5,17,-9,330
101705.0,51,4,281
101707.5,34,-2,235
101710.0,-17,13,386
101712.5,25,-50,333
101715.0,-19,-38,469
101717.5,-55,-10,242
101720.0,-32,-43,385
101722.5,-123,-20,292
101725.0,71,24,196
101727.5,18,-15,300
101730.0,-83,-63,330
101732.5,-83,-63,330
101735.0,68,22,252
101737.5,69,20,257
101740.0,-25,-21,354
101742.5,29,8,234
101745.0,-58,-32,261
101747.5,38,-10,252
101750.0,-103,-60,370
101752.5,13,17,279
101755.0,26,-67,387
101757.5,44,-2,332
101760.0,22,-45,300
101762.5,14,-27,197
101765.0,-42,-48,270
101767.5,39,7,287
101770.0,47,-3,263
101772.5,-48,-21,318
101775.0,12,2,286
101777.5,-19,-41,401
101780.0,44,23,212
101782.5,44,23,212
101785.0,89,0,308
101787.5,22,3,265
101790.0,48,-17,291
101792.5,-19,-24,287
101795.0,-20,-49,328
101797.5,25,-25,291
101800.0,-24,-20,325
101802.5,83,8,242
101805.0,-32,-15,269
101807.5,20,5,313
101810.0,-24,-1,275
101812.5,-50,-26,286
101815.0,15,-55,332
101817.5,87,16,278
101820.0,-45,-50,355
101822.5,39,22,254
101825.0,33,-1,306
101827.5,-14,-5,308
101830.0,104,-3,287
101832.5,104,-3,287
101835.0,15,-17,305
101837.5,44,-2,342
101840.0,-26,11,277
101842.5,-59,21,311
101845.0,18,-12,257
101847.5,-17,-16,359
101850.0,-27,12,309
101852.5,45,11,286
101855.0,-44,-13,258
101857.5,-29,-18,352
101860.0,25,-18,257
101862.5,-112,-22,368
101865.0,-11,5,287
101867.5,-24,-20,299
101870.0,10,6,366
101872.5,38,0,317
101875.0,-28,-2,321
101877.5,0,-44,379
101880.0,13,-3,211
101882.5,13,-3,211
101885.0,-34,0,316
101887.5,-1,-28,306
101890.0,48,-14,265
101892.5,-23,-16,395
101895.0,18,22,322
101897.5,111,-8,316
101900.0,32,36,240
101902.5,12,-10,204
101905.0,-35,-30,347
101907.5,25,2,260
101910.0,9,-9,354
101912.5,44,-12,346
101915.0,26,19,290
101917.5,22,-13,284
101920.0,16,-11,369
101922.5,-31,-30,213
101925.0,-64,-26,292
101927.5,115,21,274
101930.0,-73,-16,327
101932.5,-73,-16,327
101935.0,-11,-2,344
101937.5,44,6,302
101940.0,10,-11,318
101942.5,18,9,279
101945.0,21,-70,306
101947.5,-26,-47,386
101950.0,23,-27,246
101952.5,-78,-11,299
101955.0,-13,-30,332
101957.5,7,-37,288
101960.0,103,78,201
101962.5,-5,-4,386
101965.0,-60,-25,336
101967.5,6,-12,378
101970.0,14,-69,285
101972.5,-7,-25,290
101975.0,9,-17,275
101977.5,22,23,296
101980.0,22,23,296
101982.5,13,-2,268
101985.0,-16,17,349
101987.5,88,58,309
101990.0,49,-14,347
101992.5,-6,-37,310
101995.0,37,45,297
101997.5,-66,-32,316
102000.0,27,5,274
102002.5,16,-2,328
102005.0,-28,-33,347
102007.5,57,-24,289
102010.0,-8,-12,322
102012.5,37,0,279
102015.0,18,33,245
102017.5,-58,-1,302
102020.0,-4,-18,257
102022.5,-35,10,292
102025.0,6,5,338
102027.5,50,-1,304
102030.0,50,-1,304
102032.5,-8,-24,344
102035.0,9,-12,343
102037.5,44,9,168
102040.0,-112,-98,319
102042.5,84,10,269
102045.0,-40,24,205
102047.5,15,7,352
102050.0,-1,10,342
102052.5,-63,-1,264
102055.0,55,-19,277
102057.5,24,-2,277
102060.0,-31,12,435
102062.5,72,24,211
102065.0,-41,-48,299
102067.5,1,-37,339
102070.0,49,18,363
102072.5,29,7,329
102075.0,0,-34,264
102077.5,4,-18,232
102080.0,4,-18,232
102082.5,-2,-25,395
102085.0,23,-20,210
102087.5,2,1,289
102090.0,-19,-19,344
102092.5,59,5,386
102095.0,48,-21,307
102097.5,83,23,316
102100.0,-13,-17,211
102102.5,-78,-15,331
102105.0,40,-19,243
102107.5,86,20,253
102110.0,-11,6,395
102112.5,92,14,235
102115.0,-20,-13,317
102117.5,6,-50,350
102120.0,-7,-28,371
102122.5,-6,-1,357
102125.0,15,4,270
102127.5,25,51,280
102130.0,25,51,280
102132.5,-29,-27,361
102135.0,95,-61,306
102137.5,50,-29,268
102140.0,45,-5,342
102142.5,102,47,313
102145.0,-40,-18,287
102147.5,81,-20,266
102150.0,-15,27,283
102152.5,21,6,339
102155.0,-5,-37,336
102157.5,26,-5,303
102160.0,-2,-27,338
102162.5,-2,-29,247
102165.0,44,-7,317
102167.5,14,-32,280
102170.0,57,28,278
102172.5,41,19,314
102175.0,38,-27,275
102177.5,7,-32,361
102180.0,7,-32,361
102182.5,39,6,283
102185.0,53,8,263
102187.5,-65,-16,278
102190.0,-59,27,269
102192.5,-33,29,281
102195.0,-23,5,339
102197.5,9,-2,307
102200.0,17,-27,385
102202.5,1,-49,288
102205.0,-52,-48,225
102207.5,-20,-15,298
102210.0,-10,-5,314
102212.5,-97,-16,200
102215.0,27,-43,374
102217.5,-31,-27,374
102220.0,-33,-45,333
102222.5,-35,-44,301
102225.0,5,-37,218
102227.5,30,-15,299
102230.0,30,-15,299
102232.5,-31,-10,346
102235.0,-27,-39,275
102237.5,-14,-46,340
102240.0,29,-70,311
102242.5,-24,-22,360
102245.0,29,-10,205
102247.5,49,-51,256
102250.0,-15,-35,319
102252.5,81,19,385
102255.0,-11,-8,308
102257.5,14,-58,372
102260.0,54,10,246
102262.5,6,-2,397
102265.0,-26,-6,265
102267.5,-29,-29,273
102270.0,51,-19,281
102272.5,6,-18,285
102275.0,-18,-4,306
102277.5,-38,16,315
102280.0,-38,16,315
102282.5,31,24,244
102285.0,63,12,408
102287.5,-31,-6,243
102290.0,39,34,278
102292.5,2,-34,324
102295.0,-3,-17,284
102297.5,20,-16,239
102300.0,5,-15,351
102302.5,18,-10,315
102305.0,-21,-3,332
102307.5,36,-14,304
102310.0,13,20,268
102312.5,-20,-27,363
102315.0,6,-25,280
102317.5,21,15,306
102320.0,42,-16,378
102322.5,-4,21,298
102325.0,-10,-54,351
102327.5,78,-10,355
102330.0,78,-10,355
102332.5,39,-3,273
102335.0,-2,-11,311
102337.5,93,20,261
102340.0,49,-3,310
102342.5,34,-2,294
102345.0,29,-41,316
102347.5,-14,-9,321
102350.0,36,-51,368
102352.5,1,-28,286
102355.0,-7,0,298
102357.5,-23,-20,253
102360.0,2,-1,277
102362.5,5,13,314
102365.0,29,5,330
102367.5,19,16,308
102370.0,-33,-29,335
102372.5,4,-19,268
102375.0,8,-17,350
102377.5,69,10,251
102380.0,69,10,251
102382.5,33,-5,291
102385.0,31,4,285
102387.5,-14,2,274
102390.0,16,-19,324
102392.5,37,-13,355
102395.0,29,-44,292
102397.5,-51,-41,351
102400.0,-2,-27,260
102402.5,87,4,301
102405.0,-8,-28,283
102407.5,28,-28,302
102410.0,52,12,270
102412.5,-40,-28,356
102415.0,-3,36,189
102417.5,-64,-67,360
102420.0,6,-14,283
102422.5,-17,3,145
102425.0,60,-65,322
102427.5,60,-65,322
102430.0,29,-16,282
102432.5,-33,-38,366
102435.0,-1,-39,244
102437.5,44,16,338
102440.0,34,1,358
102442.5,-6,-14,273
102445.0,-25,-25,201
102447.5,19,-27,320
102450.0,67,20,278
102452.5,13,-9,306
102455.0,-10,14,316
102457.5,28,-19,316
102460.0,59,-15,272
102462.5,-28,-7,273
102465.0,24,19,318
102467.5,26,20,289
102470.0,9,4,330
102472.5,29,6,313
102475.0,5,16,348
102477.5,5,16,348
102480.0,7,-18,275
102482.5,-23,-57,353
102485.0,61,21,286
102487.5,-65,-7,253
102490.0,-29,-19,317
102492.5,-38,2,351
102495.0,-5,4,319
102497.5,58,-11,297
102500.0,39,15,271
102502.5,8,-23,345
102505.0,-42,11,316
102507.5,45,-32,252
102510.0,5,-16,303
102512.5,-1,-11,302
102515.0,-40,-24,343
102517.5,-20,-10,344
102520.0,33,2,258
102522.5,26,-30,360
102525.0,3,8,249
102527.5,3,8,249
102530.0,72,27,283
102532.5,28,15,298
102535.0,4,-19,289
102537.5,-15,-17,333
102540.0,-19,-11,331
102542.5,-20,0,290
102545.0,-33,7,389
102547.5,21,18,217
102550.0,-24,2,312
102552.5,-8,-30,327
102555.0,69,36,386
102557.5,-10,-37,340
102560.0,41,1,347
102562.5,69,-15,280
102565.0,-22,9,332
102567.5,18,-14,239
102570.0,-114,-80,266
102572.5,13,9,346
102575.0,20,5,286
102577.5,20,5,286
102580.0,-17,-38,327
102582.5,-7,-21,357
102585.0,59,72,226
102587.5,-131,-90,367
102590.0,7,36,341
102592.5,4,-34,344
102595.0,-10,-3,231
102597.5,41,-22,337
102600.0,27,-15,364
102602.5,13,-34,357
102605.0,4,11,224
102607.5,7,-46,335
102610.0,-30,-41,257
102612.5,-38,-19,304
102615.0,-16,-36,345
102617.5,46,-8,287
102620.0,-42,-37,313
102622.5,-2,-45,386
102625.0,182,0,264
102627.5,182,0,264
102630.0,-1,7,351
102632.5,93,-30,274
102635.0,-7,-36,372
102637.5,10,-53,313
102640.0,23,-23,182
102642.5,18,-44,287
102645.0,27,-23,371
102647.5,-27,30,265
102650.0,-2,-13,341
102652.5,-59,20,161
102655.0,63,19,271
102657.5,-33,-10,315
102660.0,42,20,313
102662.5,-6,-12,327
102665.0,64,2,337
102667.5,43,-27,301
102670.0,-15,-38,407
102672.5,-11,20,285
102675.0,43,6,270
102677.5,43,6,270
102680.0,-25,-22,293
102682.5,52,-31,308
102685.0,-18,-25,283
102687.5,-84,16,292
102690.0,13,-7,275
102692.5,55,11,369
102695.0,31,33,285
102697.5,91,-14,255
102700.0,47,-16,323
102702.5,12,-38,318
102705.0,-68,-6,302
102707.5,-15,14,321
102710.0,76,8,275
102712.5,35,-14,322
102715.0,-5,15,265
102717.5,15,-11,208
102720.0,-38,-10,361
102722.5,8,-27,295
102725.0,-76,-25,279
102727.5,-76,-25,279
102730.0,-8,-19,366
102732.5,-5,-18,304
102735.0,-21,3,356
102737.5,-18,12,313
102740.0,10,-15,282
102742.5,8,-13,320
102745.0,17,-39,216
102747.5,-1,29,275
102750.0,10,7,285
102752.5,8,-6,327
102755.0,-46,-44,346
102757.5,78,-7,343
102760.0,53,6,311
102762.5,0,-19,354
102765.0,83,49,205
102767.5,-69,-10,305
102770.0,27,-17,285
102772.5,80,-51,276
102775.0,-6,8,280
102777.5,-6,8,280
102780.0,63,-46,267
102782.5,24,-7,299
102785.0,-93,-79,408
102787.5,-8,-1,205
102790.0,-43,-15,272
102792.5,33,1,358
102795.0,26,12,281
102797.5,-24,0,320
102800.0,-52,-24,351
102802.5,-95,-84,458
102805.0,-41,-20,308
102807.5,-6,-25,298
102810.0,69,11,254
102812.5,5,-12,320
102815.0,0,3,300
102817.5,18,24,334
102820.0,-1,18,295
102822.5,-45,-17,327
102825.0,-22,-37,321
102827.5,-22,-37,321
102830.0,10,-14,268
102832.5,84,31,223
102835.0,-19,-12,279
102837.5,0,-7,314
102840.0,35,-11,299
102842.5,-104,5,418
102845.0,-17,-16,282
102847.5,-14,-2,417
102850.0,34,14,253
102852.5,-8,-49,291
102855.0,33,-5,332
102857.5,70,-8,282
102860.0,-2,2,332
102862.5,-54,-26,340
102865.0,26,-7,321
102867.5,-58,-46,321
102870.0,48,-5,250
102872.5,75,-18,271
102875.0,75,-18,271
102877.5,-76,-2,262
102880.0,1,13,275
102882.5,-61,-36,363
102885.0,20,3,330
102887.5,22,1,300
102890.0,-67,-46,337
102892.5,10,-16,286
102895.0,81,60,309
102897.5,18,-46,306
102900.0,42,-14,212
102902.5,20,1,303
102905.0,4,-35,308
102907.5,114,-15,300
102910.0,-57,-35,337
102912.5,-16,-21,278
102915.0,51,2,313
102917.5,-60,-52,300
102920.0,-7,-4,316
102922.5,-7,-3,303
102925.0,-7,-3,303
102927.5,-9,-31,317
102930.0,-60,-2,258
102932.5,53,-1,391
102935.0,26,-29,246
102937.5,-24,-41,261
102940.0,71,9,310
102942.5,24,-5,296
102945.0,-39,-7,308
102947.5,-6,-42,361
102950.0,45,-20,339
102952.5,-57,-23,334
102955.0,94,-30,266
102957.5,-29,-11,289
102960.0,-42,-40,355
102962.5,-25,-23,292
102965.0,-95,-19,288
102967.5,-12,-17,385
102970.0,66,-2,314
102972.5,-19,-16,340
102975.0,-19,-16,340
102977.5,78,17,181
102980.0,37,-14,224
102982.5,38,-31,350
102985.0,64,40,286
102987.5,49,-15,309
102990.0,-9,-13,366
102992.5,45,-2,301
102995.0,38,-34,355
102997.5,-15,7,227
103000.0,-53,-25,246
103002.5,17,4,302
103005.0,27,-2,343
103007.5,-35,-16,269
103010.0,50,-30,359
103012.5,13,8,278
103015.0,29,-16,307
103017.5,41,24,214
103020.0,43,-22,321
103022.5,-37,-37,384
103025.0,-37,-37,384
103027.5,-58,-58,311
103030.0,20,-13,320
103032.5,46,-45,385
103035.0,41,27,272
103037.5,-27,-43,295
103040.0,-32,-10,316
103042.5,-45,-7,340
103045.0,-13,-4,254
103047.5,-14,-1,285
103050.0,-39,-9,340
103052.5,-11,-25,325
103055.0,98,24,305
103057.5,-16,16,332
103060.0,3,-37,254
103062.5,74,1,308
103065.0,-15,5,306
103067.5,-3,-20,293
103070.0,4,4,271
103072.5,18,25,375
103075.0,18,25,375
103077.5,54,-12,294
103080.0,16,-11,375
103082.5,-9,-21,317
103085.0,54,-5,293
103087.5,-21,11,350
103090.0,-4,-70,270
103092.5,35,-5,274
103095.0,17,-3,338
103097.5,35,-7,299
103100.0,-9,-27,330
103102.5,57,-38,334
103105.0,54,26,246
103107.5,-58,-27,307
103110.0,-35,-5,214
103112.5,-57,-50,314
103115.0,45,15,328
103117.5,15,-1,316
103120.0,7,6,325
103122.5,-13,18,315
103125.0,-13,18,315
103127.5,48,-1,271
103130.0,-20,0,322
103132.5,-9,-11,293
103135.0,-1,3,301
103137.5,28,-19,331
103140.0,31,20,303
103142.5,12,8,341
103145.0,-21,-29,356
103147.5,-19,-8,331
103150.0,-64,-58,400
103152.5,64,14,296
103155.0,-60,-52,393
103157.5,-34,39,310
103160.0,-45,-36,233
103162.5,-4,-27,319
103165.0,-2,-54,317
103167.5,38,-1,299
103170.0,45,-20,374
103172.5,73,24,273
103175.0,73,24,273
103177.5,0,36,209
103180.0,-24,11,316
103182.5,50,26,310
103185.0,-41,-5,352
103187.5,46,-25,299
103190.0,-54,-53,398
103192.5,-12,-22,368
103195.0,-22,5,195
103197.5,16,-24,198
103200.0,-13,-1,337
103202.5,7,65,344
103205.0,18,3,251
103207.5,-2,11,386
103210.0,14,-29,333
103212.5,46,-13,346
103215.0,4,-42,250
103217.5,-1,-5,353
103220.0,20,-62,294
103222.5,20,-62,294
103225.0,-99,-15,320
103227.5,-9,-19,329
103230.0,22,-13,317
103232.5,-5,-6,225
103235.0,51,55,276
103237.5,79,7,318
103240.0,64,0,275
103242.5,-32,8,301
103245.0,-35,-1,271
103247.5,1,-28,373
103250.0,45,-5,378
103252.5,13,6,291
103255.0,-19,38,311
103257.5,31,50,236
103260.0,68,13,313
103262.5,-5,-23,271
103265.0,23,4,311
103267.5,13,-66,306
103270.0,20,-54,356
103272.5,20,-54,356
103275.0,57,-15,235
103277.5,-33,-10,371
103280.0,26,2,244
103282.5,12,-7,244
103285.0,-2,-21,330
103287.5,42,21,300
103290.0,28,-15,325
103292.5,-8,-3,332
103295.0,101,38,267
103297.5,-1,6,361
103300.0,12,-45,245
103302.5,63,-15,290
103305.0,-11,-5,309
103307.5,19,36,261
103310.0,32,-7,341
103312.5,-48,-11,324
103315.0,45,21,318
103317.5,-38,-47,370
103320.0,-17,-2,272
103322.5,-17,-2,272
103325.0,-73,-53,267
103327.5,3,9,331
103330.0,-5,-26,265
103332.5,-25,-29,356
103335.0,48,19,300
103337.5,1,-33,159
103340.0,25,-14,326
103342.5,10,-48,249
103345.0,-5,5,363
103347.5,-38,-31,323
103350.0,-7,4,287
103352.5,-55,-15,320
103355.0,-49,-54,289
103357.5,22,-3,244
103360.0,31,-6,315
103362.5,-31,20,258
103365.0,-64,-7,293
103367.5,-16,-28,335
103370.0,-5,6,331
103372.5,-5,6,331
103375.0,42,-40,325
103377.5,-48,9,312
103380.0,141,20,276
103382.5,80,25,380
103385.0,87,-34,320
103387.5,-55,0,312
103390.0,-4,-7,339
103392.5,70,5,333
103395.0,10,-27,262
103397.5,46,14,304
103400.0,43,-32,256
103402.5,7,-30,318
103405.0,43,-9,288
103407.5,29,-1,320
103410.0,-38,-43,301
103412.5,5,21,303
103415.0,33,-2,327
103417.5,-5,-39,340
103420.0,53,-25,219
103422.5,53,-25,219
103425.0,-17,37,359
103427.5,54,46,290
103430.0,62,-37,271
103432.5,36,17,276
103435.0,23,12,308
103437.5,-8,-24,323
103440.0,36,-43,326
103442.5,-1,-7,222
103445.0,51,12,302
103447.5,-22,-59,249
103450.0,23,25,280
103452.5,-28,-32,297
103455.0,-4,-80,302
103457.5,-24,-10,310
103460.0,15,15,368
103462.5,79,4,295
103465.0,-45,-35,325
103467.5,30,-4,316
103470.0,-13,-44,277
103472.5,-13,-44,277
103475.0,-67,-40,321
103477.5,17,-4,256
103480.0,-30,7,292
103482.5,-22,-20,352
103485.0,-20,-11,286
103487.5,-24,-35,354
103490.0,36,-11,341
103492.5,30,6,263
103495.0,-27,-33,353
103497.5,64,15,213
103500.0,60,20,292
103502.5,-45,-24,330
103505.0,2,-11,293
103507.5,-47,-15,343
103510.0,-11,-26,364
103512.5,-30,-27,276
103515.0,-31,-20,321
103517.5,82,-7,223
103520.0,55,91,261
103522.5,55,91,261
103525.0,89,84,317
103527.5,18,11,356
103530.0,45,-39,491
103532.5,34,17,306
103535.0,69,19,326
103537.5,69,14,316
103540.0,52,-21,260
103542.5,29,-18,81
103545.0,27,21,363
103547.5,15,-7,302
103550.0,-1,-21,269
103552.5,99,43,368
103555.0,57,-10,292
103557.5,40,-6,346
103560.0,80,20,269
103562.5,56,1,215
103565.0,36,-9,357
103567.5,25,7,276
103570.0,-17,-15,299
103572.5,-17,-15,299
103575.0,17,-9,261
103577.5,-17,-31,306
103580.0,-58,-48,304
103582.5,-3,6,201
103585.0,63,49,305
103587.5,18,-3,316
103590.0,39,22,356
103592.5,21,6,284
103595.0,2,-42,278
103597.5,3,29,242
103600.0,-1,-39,385
103602.5,48,-4,227
103605.0,64,33,300
103607.5,14,-9,343
103610.0,34,6,306
103612.5,41,13,369
103615.0,-5,-32,308
103617.5,-116,-64,375
103620.0,-57,-64,354
103622.5,-57,-64,354
103625.0,79,4,240
103627.5,30,23,248
103630.0,-29,-17,315
103632.5,69,-2,355
103635.0,-8,-12,324
103637.5,8,-64,334
103640.0,59,-24,263
103642.5,-43,2,313
103645.0,-15,-6,256
103647.5,-32,-24,316
103650.0,25,9,287
103652.5,1,-11,298
103655.0,12,0,311
103657.5,-11,-43,348
103660.0,8,1,262
103662.5,15,-6,354
103665.0,63,-17,257
103667.5,-38,-34,298
103670.0,-38,-34,298
103672.5,18,32,306
103675.0,42,4,315
103677.5,88,16,310
103680.0,55,-13,374
103682.5,39,-13,325
103685.0,-25,-1,369
103687.5,74,26,223
103690.0,20,20,246
103692.5,-22,-2,313
103695.0,-31,22,309
103697.5,-16,12,301
103700.0,76,6,344
103702.5,22,-6,315
103705.0,19,4,329
103707.5,-24,-18,241
103710.0,28,8,297
103712.5,-17,-52,358
103715.0,19,1,331
103717.5,-60,-63,312
103720.0,-60,-63,312
103722.5,23,-48,427
103725.0,-3,40,265
103727.5,5,-12,338
103730.0,67,12,248
103732.5,32,-3,318
103735.0,-12,12,323
103737.5,37,27,375
103740.0,-53,-21,341
103742.5,71,3,286
103745.0,14,25,232
103747.5,-76,-58,380
103750.0,46,-80,340
103752.5,4,0,287
103755.0,32,-4,302
103757.5,37,-12,315
103760.0,-12,-19,329
103762.5,34,-15,346
103765.0,12,-5,243
103767.5,-76,-8,388
103770.0,-76,-8,388
103772.5,68,-5,261
103775.0,22,-7,282
103777.5,-18,-21,341
103780.0,83,18,345
103782.5,60,24,307
103785.0,47,48,319
103787.5,31,-5,225
103790.0,-5,-11,354
103792.5,-18,-29,294
103795.0,-29,11,286
103797.5,11,16,303
103800.0,32,44,258
103802.5,-20,-38,325
103805.0,-34,-75,336
103807.5,-23,-32,276
103810.0,-26,-98,348
103812.5,58,-53,345
103815.0,-44,10,241
103817.5,19,-6,329
103820.0,19,-6,329
103822.5,39,10,286
103825.0,-19,44,294
103827.5,-24,4,326
103830.0,-1,11,313
103832.5,-31,-30,332
103835.0,15,-10,322
103837.5,12,-13,275
103840.0,-51,-34,299
103842.5,16,6,328
103845.0,53,-1,293
103847.5,-11,-25,303
103850.0,-21,-1,289
103852.5,32,18,316
103855.0,-16,-42,341
103857.5,63,20,271
103860.0,11,-6,351
103862.5,81,39,251
103865.0,22,26,318
103867.5,-55,-29,318
103870.0,-55,-29,318
103872.5,70,31,298
103875.0,-18,-2,304
103877.5,22,16,301
103880.0,-9,-31,229
103882.5,-1,14,328
103885.0,27,19,221
103887.5,-32,-37,258
103890.0,17,-13,357
103892.5,-57,-33,390
103895.0,2,-7,307
103897.5,9,11,354
103900.0,-8,-15,434
103902.5,9,-36,328
103905.0,-5,-26,254
103907.5,33,15,214
103910.0,-69,-37,382
103912.5,20,1,294
103915.0,28,23,349
103917.5,15,-15,319
103920.0,15,-15,319
103922.5,-14,-23,265
103925.0,25,2,299
103927.5,100,7,244
103930.0,55,43,182
103932.5,75,-12,250
103935.0,57,0,278
103937.5,33,-10,319
103940.0,-19,-69,377
103942.5,45,-18,328
103945.0,-65,-47,310
103947.5,4,-38,234
103950.0,-28,-62,267
103952.5,-61,-20,300
103955.0,8,17,333
103957.5,-30,-14,317
103960.0,-87,-59,303
103962.5,18,-6,338
103965.0,-51,-28,316
103967.5,10,-13,189
103970.0,10,-13,189
103972.5,22,-13,251
103975.0,-62,-22,327
103977.5,-21,5,261
103980.0,48,19,321
103982.5,-15,29,334
103985.0,-27,-62,324
103987.5,16,5,329
103990.0,-37,-23,358
103992.5,31,13,270
103995.0,-76,-34,269
103997.5,71,20,267
104000.0,5,-6,293
104002.5,-39,-27,347
104005.0,10,-35,360
104007.5,9,-42,342
104010.0,34,-10,236
104012.5,67,-16,272
104015.0,29,-19,293
104017.5,82,17,299
104020.0,82,17,299
104022.5,-9,-14,289
104025.0,36,5,320
104027.5,-52,-47,282
104030.0,-22,-45,402
104032.5,8,1,269
104035.0,-13,-16,289
104037.5,-32,-13,300
104040.0,-17,-12,279
104042.5,21,-2,289
104045.0,46,15,340
104047.5,13,16,291
104050.0,-47,-36,331
104052.5,-48,8,258
104055.0,20,1,314
104057.5,-20,-22,289
104060.0,17,-15,313
104062.5,13,-23,335
104065.0,38,-27,342
104067.5,29,-20,265
104070.0,29,-20,265
104072.5,-3,-24,283
104075.0,53,-22,293
104077.5,1,-44,311
104080.0,-11,-15,236
104082.5,29,26,337
104085.0,12,3,343
104087.5,46,-4,335
104090.0,65,1,278
104092.5,28,-22,340
104095.0,52,-21,270
104097.5,-3,-51,261
104100.0,-40,-23,288
104102.5,15,-11,334
104105.0,-131,5,280
104107.5,-65,-36,374
104110.0,-42,-34,360
104112.5,-32,-22,321
104115.0,70,47,197
104117.5,70,47,197
104120.0,19,12,284
104122.5,-57,-16,299
104125.0,41,14,250
104127.5,-40,5,340
104130.0,-9,-18,352
104132.5,58,22,226
104135.0,-5,2,366
104137.5,-86,-27,302
104140.0,41,11,280
104142.5,12,2,313
104145.0,39,32,267
104147.5,48,-49,315
104150.0,6,11,344
104152.5,67,-14,294
104155.0,94,19,386
104157.5,-24,-15,194
104160.0,67,8,224
104162.5,-26,-11,289
104165.0,-71,7,269
104167.5,-71,7,269
104170.0,50,-10,311
104172.5,27,-16,378
104175.0,2,22,283
104177.5,-20,-19,335
104180.0,-6,-4,300
104182.5,27,10,254
104185.0,18,3,311
104187.5,-30,0,302
104190.0,35,13,329
104192.5,52,19,347
104195.0,24,8,262
104197.5,-26,-22,281
104200.0,47,-71,303
104202.5,-1,-8,252
104205.0,-31,-14,317
104207.5,69,-10,309
104210.0,-17,6,310
104212.5,-28,-4,324
104215.0,51,8,313
104217.5,51,8,313
104220.0,-16,-5,312
104222.5,4,-28,338
104225.0,-13,-45,324
104227.5,-30,-39,354
104230.0,10,-33,249
104232.5,-5,-48,300
104235.0,-21,-32,302
104237.5,59,33,238
104240.0,74,-13,295
104242.5,3,-44,347
104245.0,15,-10,316
104247.5,-33,-36,365
104250.0,-18,-45,277
104252.5,-19,-12,268
104255.0,-57,-19,296
104257.5,0,-10,280
104260.0,-61,-10,304
104262.5,-58,-14,388
104265.0,12,-21,213
104267.5,12,-21,213
104270.0,4,-30,362
104272.5,-28,17,253
104275.0,13,-32,204
104277.5,-82,-53,350
104280.0,-34,-13,298
104282.5,5,-2,282
104285.0,-19,-12,325
104287.5,-14,-4,511
104290.0,21,16,334
104292.5,-66,-30,299
104295.0,-2,-15,194
104297.5,-84,-33,327
104300.0,6,42,258
104302.5,22,-32,302
104305.0,4,-14,379
104307.5,47,-45,257
104310.0,-46,1,300
104312.5,-22,-10,340
104315.0,-25,-5,176
104317.5,-25,-5,176
104320.0,-9,-29,283
104322.5,14,5,313
104325.0,75,-10,278
104327.5,-51,-29,464
104330.0,12,-16,290
104332.5,72,4,336
104335.0,48,10,282
104337.5,-25,-20,178
104340.0,-77,-46,313
104342.5,-17,20,280
104345.0,4,5,263
104347.5,-32,3,362
104350.0,13,-10,325
104352.5,41,-23,326
104355.0,50,-3,329
104357.5,-30,-28,254
104360.0,-74,-54,301
104362.5,61,-25,210
104365.0,-19,-1,313
104367.5,-19,-1,313
104370.0,9,-9,329
104372.5,-3,21,310
104375.0,-9,-35,347
104377.5,-23,-21,320
104380.0,167,69,263
104382.5,-20,-4,304
104385.0,-9,5,231
104387.5,-10,3,297
104390.0,-7,1,276
104392.5,11,-18,337
104395.0,-73,-58,353
104397.5,45,-4,322
104400.0,15,-6,229
104402.5,-40,-40,294
104405.0,30,0,268
104407.5,-27,-7,286
104410.0,7,-8,316
104412.5,-19,-36,287
104415.0,85,-16,375
104417.5,85,-16,375
104420.0,25,-10,340
104422.5,83,55,261
104425.0,-6,-28,309
104427.5,39,15,258
104430.0,24,52,257
104432.5,-19,-14,303
104435.0,28,-6,280
104437.5,84,9,356
104440.0,-24,-18,203
104442.5,-103,-25,243
104445.0,22,4,257
104447.5,-11,-37,289
104450.0,44,-16,257
104452.5,42,26,381
104455.0,-6,-33,367
104457.5,17,-30,262
104460.0,17,11,303
104462.5,72,18,336
104465.0,8,-2,226
104467.5,8,-2,226
104470.0,37,2,282
104472.5,26,-37,305
104475.0,19,-15,336
104477.5,60,42,365
104480.0,33,-23,411
104482.5,2,-27,287
104485.0,74,-8,205
104487.5,-13,13,280
104490.0,40,1,259
104492.5,8,23,286
104495.0,7,45,328
104497.5,99,7,314
104500.0,-12,-55,330
104502.5,-8,29,258
104505.0,65,-14,236
104507.5,-6,-13,272
104510.0,4,-12,252
104512.5,40,-23,309
104515.0,26,-12,368
104517.5,26,-12,368
104520.0,0,34,295
104522.5,5,-27,306
104525.0,-106,-20,332
104527.5,27,-27,272
104530.0,-7,-21,308
104532.5,87,18,268
104535.0,-11,9,287
104537.5,-16,19,302
104540.0,121,41,328
104542.5,27,-35,324
104545.0,38,12,306
104547.5,67,12,225
104550.0,-30,-49,336
104552.5,35,20,175
104555.0,37,15,230
104557.5,-5,-10,283
104560.0,74,3,317
104562.5,-14,-30,339
104565.0,34,21,332
104567.5,34,21,332
104570.0,-37,-50,283
104572.5,-12,-55,328
104575.0,-25,-49,244
104577.5,4,-14,240
104580.0,48,-2,275
104582.5,22,11,286
104585.0,23,1,349
104587.5,50,5,330
104590.0,32,-22,211
104592.5,-26,-26,321
104595.0,-15,-68,254
104597.5,-35,-30,262
104600.0,-35,-30,285
104602.5,11,15,295
104605.0,-43,-44,318
104607.5,28,-3,337
104610.0,22,-5,313
104612.5,10,-2,364
104615.0,10,-2,364
104617.5,24,-2,293
104620.0,33,-8,264
104622.5,34,13,308
104625.0,45,-11,267
104627.5,-21,6,302
104630.0,24,2,376
104632.5,48,16,311
104635.0,-20,-11,341
104637.5,68,16,291
104640.0,-24,-16,200
104642.5,49,8,335
104645.0,158,23,288
104647.5,11,-16,332
104650.0,17,23,285
104652.5,11,-43,302
104655.0,-38,-32,358
104657.5,18,62,296
104660.0,60,-26,118
104662.5,24,2,310
104665.0,24,2,310
104667.5,95,10,206
104670.0,-2,-18,297
104672.5,39,2,335
104675.0,26,52,306
104677.5,-7,-3,330
104680.0,66,-3,348
104682.5,64,-2,226
104685.0,8,-4,258
104687.5,-20,-14,166
104690.0,31,-10,257
104692.5,3,8,349
104695.0,-57,-28,357
104697.5,-21,-4,335
104700.0,41,4,288
104702.5,48,4,365
104705.0,2,9,287
104707.5,14,39,192
104710.0,-31,3,268
104712.5,-45,-51,331
104715.0,-45,-51,331
104717.5,-2,-22,239
104720.0,72,39,294
104722.5,-21,8,385
104725.0,71,-10,254
104727.5,83,12,333
104730.0,81,-5,231
104732.5,-107,-55,336
104735.0,-34,-24,345
104737.5,29,-17,277
104740.0,-71,2,336
104742.5,1,-25,286
104745.0,94,15,291
104747.5,2,-56,254
104750.0,53,-12,267
104752.5,43,15,274
104755.0,-5,-37,336
104757.5,56,8,316
104760.0,-41,-25,337
104762.5,37,19,313
104765.0,37,19,313
104767.5,43,31,253
104770.0,27,-3,344
104772.5,-7,-18,287
104775.0,18,5,302
104777.5,41,-13,354
104780.0,60,6,310
104782.5,74,-27,374
104785.0,50,33,263
104787.5,36,-22,282
104790.0,38,2,305
104792.5,42,13,281
104795.0,30,-44,320
104797.5,3,-24,383
104800.0,39,-2,317
104802.5,-15,4,362
104805.0,27,-22,275
104807.5,-31,-24,220
104810.0,-122,-54,302
104812.5,19,31,212
104815.0,19,31,212
104817.5,4,-48,367
104820.0,10,-4,339
104822.5,58,-7,247
104825.0,-18,0,396
104827.5,16,-8,303
104830.0,30,-10,248
104832.5,29,-1,224
104835.0,9,46,329
104837.5,-3,18,348
104840.0,-18,-8,365
104842.5,41,-26,305
104845.0,22,-31,408
104847.5,43,19,280
104850.0,105,6,224
104852.5,-4,-41,254
104855.0,51,25,269
104857.5,-6,-11,336
104860.0,-73,-47,314
104862.5,62,-46,276
104865.0,62,-46,276
104867.5,128,29,372
104870.0,-57,-2,271
104872.5,-49,-1,244
104875.0,14,-29,351
104877.5,18,-8,281
104880.0,-42,-28,257
104882.5,26,19,353
104885.0,-35,8,346
104887.5,-58,-6,326
104890.0,9,-19,312
104892.5,112,13,238
104895.0,24,-28,329
104897.5,7,-6,257
104900.0,91,11,289
104902.5,34,-12,289
104905.0,67,-8,297
104907.5,-56,-36,288
104910.0,113,-42,367
104912.5,81,-4,279
104915.0,81,-4,279
104917.5,-50,-26,331
104920.0,18,-23,238
104922.5,16,-3,327
104925.0,-14,-33,364
104927.5,-20,17,290
104930.0,1,3,258
104932.5,-9,-16,348
104935.0,30,-10,257
104937.5,4,-36,316
104940.0,-32,-46,279
104942.5,28,19,289
104945.0,62,-24,257
104947.5,21,1,281
104950.0,14,-18,336
104952.5,-23,-9,287
104955.0,34,-45,259
104957.5,-11,-20,358
104960.0,21,-34,248
104962.5,54,-29,270
104965.0,54,-29,270
104967.5,-14,6,282
104970.0,39,19,309
104972.5,32,-27,317
104975.0,-53,-9,330
104977.5,-43,-10,305
104980.0,13,-45,360
104982.5,-19,-41,288
104985.0,41,28,288
104987.5,-49,-14,312
104990.0,13,-12,257
104992.5,16,-1,285
104995.0,-6,-16,380
104997.5,33,-6,315
105000.0,0,4,317
105002.5,-40,-45,296
105005.0,32,26,244
105007.5,20,-22,359
105010.0,91,10,259
105012.5,91,10,259
105015.0,-29,3,333
105017.5,-58,-5,277
105020.0,1,-32,410
105022.5,-44,6,270
105025.0,-55,-18,272
105027.5,32,-15,180
105030.0,52,23,381
105032.5,51,-7,271
105035.0,-6,-36,248
105037.5,-42,-37,310
105040.0,26,-48,331
105042.5,5,-15,290
105045.0,-2,-7,322
105047.5,41,3,250
105050.0,15,-8,307
105052.5,40,-4,245
105055.0,84,-1,305
105057.5,11,-57,306
105060.0,23,14,320
105062.5,23,14,320
105065.0,18,-22,315
105067.5,-34,-24,298
105070.0,28,1,251
105072.5,-15,-21,309
105075.0,21,35,276
105077.5,18,14,259
105080.0,-4,-8,309
105082.5,-28,-43,276
105085.0,64,30,344
105087.5,-46,-27,314
105090.0,-47,-53,280
105092.5,19,-4,365
105095.0,19,-17,237
105097.5,52,-14,358
105100.0,-50,-14,327
105102.5,64,20,242
105105.0,84,37,311
105107.5,-25,-34,326
105110.0,45,18,284
105112.5,45,18,284
105115.0,14,-1,372
105117.5,79,2,257
105120.0,-49,10,295
105122.5,-10,-22,338
105125.0,32,-10,296
105127.5,-16,-33,331
105130.0,36,-14,289
105132.5,22,-38,286
105135.0,-44,-44,306
105137.5,46,16,255
105140.0,41,0,292
105142.5,39,-27,310
105145.0,5,3,294
105147.5,-40,-42,309
105150.0,-8,-30,324
105152.5,10,-8,248
105155.0,39,24,323
105157.5,61,18,206
105160.0,-10,-20,310
105162.5,-10,-20,310
105165.0,7,-17,364
105167.5,67,-8,340
105170.0,-6,-21,354
105172.5,26,-15,277
105175.0,10,-8,280
105177.5,10,-24,308
105180.0,27,10,281
105182.5,-62,27,217
105185.0,36,-24,400
105187.5,16,-1,354
105190.0,-15,-11,311
105192.5,2,-9,261
105195.0,-3,-16,258
105197.5,-51,-24,349
105200.0,14,14,276
105202.5,-15,-26,294
105205.0,-7,-15,422
105207.5,15,-2,342
105210.0,-15,-21,321
105212.5,-15,-21,321
105215.0,20,3,269
105217.5,13,6,282
105220.0,15,-34,241
105222.5,157,43,209
105225.0,-16,16,351
105227.5,-53,11,331
105230.0,20,-23,256
105232.5,2,-25,373
105235.0,-29,5,286
105237.5,112,17,304
105240.0,-62,-39,350
105242.5,19,-15,281
105245.0,4,-17,329
105247.5,10,-2,371
105250.0,24,34,273
105252.5,-23,-16,347
105255.0,21,6,287
105257.5,-29,-30,252
105260.0,-42,-30,324
105262.5,-42,-30,324
105265.0,25,53,294
105267.5,-26,64,295
105270.0,9,-5,380
105272.5,57,-35,304
105275.0,-66,-30,317
105277.5,15,-1,321
105280.0,35,-18,255
105282.5,27,-9,331
105285.0,57,22,256
105287.5,32,5,300
105290.0,-3,-21,301
105292.5,78,-7,293
105295.0,-21,11,299
105297.5,-24,-40,306
105300.0,37,-6,220
105302.5,10,3,312
105305.0,32,0,287
105307.5,25,31,270
105310.0,56,17,332
105312.5,56,17,332
105315.0,29,38,248
105317.5,43,12,278
105320.0,-72,1,296
105322.5,60,-19,280
105325.0,-11,-58,345
105327.5,8,-9,309
105330.0,53,-9,325
105332.5,-25,-25,279
105335.0,6,-2,308
105337.5,25,-11,317
105340.0,-6,-3,318
105342.5,36,-3,297
105345.0,-24,-44,384
105347.5,45,-3,259
105350.0,33,-9,241
105352.5,8,-22,314
105355.0,-5,-15,274
105357.5,-18,0,281
105360.0,-19,-6,366
105362.5,-19,-6,366
105365.0,61,6,314
105367.5,80,-26,370
105370.0,11,-7,294
105372.5,-11,-4,224
105375.0,-36,-24,272
105377.5,39,31,167
105380.0,-41,-3,301
105382.5,81,9,402
105385.0,68,0,382
105387.5,-11,26,277
105390.0,26,-20,327
105392.5,63,6,218
105395.0,-54,10,396
105397.5,-4,-2,228
105400.0,73,-25,363
105402.5,25,-8,298
105405.0,-4,-8,381
105407.5,29,-41,291
105410.0,-23,-53,347
105412.5,-23,-53,347
105415.0,-7,-74,142
105417.5,18,2,283
105420.0,27,5,239
105422.5,-58,-18,301
105425.0,-29,-6,355
105427.5,11,-6,326
105430.0,-9,-13,318
105432.5,36,-64,307
105435.0,-44,-30,309
105437.5,8,9,307
105440.0,41,-29,195
105442.5,75,11,299
105445.0,-12,-20,343
105447.5,42,-20,266
105450.0,62,36,293
105452.5,9,5,244
105455.0,-32,-25,232
105457.5,3,-17,290
105460.0,3,-17,290
105462.5,25,3,231
105465.0,35,-12,287
105467.5,-5,-2,300
105470.0,66,-35,317
105472.5,-25,-50,333
105475.0,50,-1,395
105477.5,-35,-40,252
105480.0,-83,-39,318
105482.5,-3,-6,260
105485.0,-15,-17,301
105487.5,0,-18,326
105490.0,18,3,307
105492.5,-34,-3,293
105495.0,-7,-32,325
105497.5,46,0,313
105500.0,15,-17,333
105502.5,6,-6,261
105505.0,16,9,295
105507.5,-32,4,295
105510.0,-32,4,295
105512.5,33,2,373
105515.0,-15,-20,365
105517.5,48,-4,339
105520.0,77,22,271
105522.5,-60,-43,335
105525.0,19,19,239
105527.5,-29,1,286
105530.0,-1,-14,352
105532.5,9,10,303
105535.0,-57,-53,358
105537.5,2,1,307
105540.0,85,18,261
105542.5,-37,-43,301
105545.0,-12,-13,253
105547.5,5,-19,321
105550.0,57,-15,385
105552.5,-45,52,306
105555.0,89,36,270
105557.5,58,31,308
105560.0,58,31,308
105562.5,58,57,279
105565.0,-6,22,206
105567.5,-4,1,296
105570.0,-1,19,338
105572.5,3,-54,391
105575.0,53,-19,337
105577.5,22,25,376
105580.0,52,10,283
105582.5,14,-42,199
105585.0,17,-4,334
105587.5,30,-7,285
105590.0,48,4,243
105592.5,29,-27,406
105595.0,-15,-40,361
105597.5,-11,26,317
105600.0,21,9,241
105602.5,16,5,251
105605.0,-41,-62,304
105607.5,-2,-12,237
105610.0,-2,-12,237
105612.5,38,-2,302
105615.0,-2,3,337
105617.5,-21,15,305
105620.0,6,-31,328
105622.5,13,-32,285
105625.0,47,-14,285
105627.5,-47,-33,331
105630.0,33,24,256
105632.5,-1,11,295
105635.0,-23,8,340
105637.5,-71,-7,308
105640.0,4,-6,318
105642.5,34,-6,307
105645.0,78,8,245
105647.5,5,-33,340
105650.0,32,-4,271
105652.5,0,-6,312
105655.0,-62,-10,367
105657.5,-8,-2,296
105660.0,-8,-2,296
105662.5,74,25,313
105665.0,41,-25,361
105667.5,53,-8,258
105670.0,72,-63,385
105672.5,34,1,220
105675.0,36,34,229
105677.5,-38,-5,344
105680.0,90,10,327
105682.5,40,4,284
105685.0,68,-4,324
105687.5,54,13,264
105690.0,31,-5,352
105692.5,78,10,308
105695.0,-1,-10,267
105697.5,-55,-12,306
105700.0,49,25,288
105702.5,-10,-18,298
105705.0,13,-15,319
105707.5,12,-41,301
105710.0,12,-41,301
105712.5,-65,-19,316
105715.0,-7,-17,319
105717.5,48,20,255
105720.0,-10,-30,334
105722.5,20,25,219
105725.0,2,-15,285
105727.5,-20,-5,297
105730.0,23,3,307
105732.5,47,15,353
105735.0,15,19,316
105737.5,6,-2,263
105740.0,19,-18,328
105742.5,69,43,241
105745.0,56,40,272
105747.5,-1,1,255
105750.0,45,113,334
105752.5,52,-8,393
105755.0,-3,-9,335
105757.5,46,-44,224
105760.0,46,-44,224
105762.5,-25,-25,327
105765.0,65,25,257
105767.5,14,0,285
105770.0,20,9,260
105772.5,-81,-66,511
105775.0,40,-3,364
105777.5,-9,5,315
105780.0,73,18,234
105782.5,-71,-38,335
105785.0,-37,-19,260
105787.5,-21,-5,267
105790.0,-40,-9,320
105792.5,32,-8,313
105795.0,1,-27,274
105797.5,-22,-65,380
105800.0,-93,-61,395
105802.5,-8,29,302
105805.0,36,-35,311
105807.5,36,-35,311
105810.0,-17,-20,208
105812.5,-6,-17,426
105815.0,27,19,239
105817.5,52,81,256
105820.0,-14,-13,363
105822.5,-16,-1,279
105825.0,62,-18,308
105827.5,38,-13,242
105830.0,26,-44,228
105832.5,63,24,304
105835.0,-19,-12,295
105837.5,7,-13,286
105840.0,2,9,371
105842.5,79,-45,361
105845.0,-18,-16,303
105847.5,-28,-37,246
105850.0,-18,-27,240
105852.5,12,-3,318
105855.0,31,33,309
105857.5,31,33,309
105860.0,23,-21,331
105862.5,-26,1,277
105865.0,36,-18,338
105867.5,43,-20,372
105870.0,52,18,239
105872.5,19,-7,342
105875.0,29,-30,346
105877.5,-26,6,306
105880.0,-7,-13,335
105882.5,-30,13,331
105885.0,62,-24,274
105887.5,-9,2,346
105890.0,10,-40,291
105892.5,-21,-23,269
105895.0,22,0,300
105897.5,59,0,275
105900.0,-12,-6,309
105902.5,-13,5,322
105905.0,-15,-13,349
105907.5,-15,-13,349
105910.0,-73,-32,348
105912.5,21,6,261
105915.0,-15,-23,252
105917.5,45,14,292
105920.0,52,28,294
105922.5,3,10,311
105925.0,-33,12,307
105927.5,119,39,279
105930.0,3,-14,408
105932.5,-26,-17,285
105935.0,111,11,250
105937.5,-16,-12,317
105940.0,45,-10,322
105942.5,38,38,189
105945.0,36,25,240
105947.5,43,57,315
105950.0,10,-13,323
105952.5,35,-18,233
105955.0,-15,-15,264
105957.5,-15,-15,264
105960.0,10,-4,334
105962.5,83,-11,286
105965.0,50,14,326
105967.5,-79,3,300
105970.0,41,12,289
105972.5,49,14,377
105975.0,14,33,290
105977.5,5,-13,198
105980.0,4,-40,353
105982.5,15,-7,295
105985.0,80,-7,245
105987.5,26,-23,373
105990.0,46,-14,318
105992.5,2,27,286
105995.0,-27,-11,273
105997.5,-45,-49,255
106000.0,11,-1,357
106002.5,55,2,278
106005.0,6,-30,297
106007.5,6,-30,297
106010.0,-8,39,345
106012.5,7,34,269
106015.0,-47,-4,297
106017.5,2,6,338
106020.0,-18,-42,312
106022.5,-37,55,328
106025.0,-11,-11,302
106027.5,-98,-57,354
106030.0,-53,-24,334
106032.5,20,27,250
106035.0,15,-16,299
106037.5,36,1,360
106040.0,35,-17,244
106042.5,15,-16,373
106045.0,34,-12,304
106047.5,-22,-10,312
106050.0,31,6,273
106052.5,0,32,312
106055.0,17,-35,294
106057.5,17,-35,294
106060.0,-51,-3,302
106062.5,-30,0,253
106065.0,-30,6,381
106067.5,-16,-24,271
106070.0,33,20,265
106072.5,-5,2,322
106075.0,-57,2,259
106077.5,17,15,277
106080.0,-25,-25,345
106082.5,15,-6,292
106085.0,-93,-40,343
106087.5,-8,-22,298
106090.0,-22,-13,270
106092.5,-27,15,341
106095.0,26,-3,233
106097.5,-8,-30,309
106100.0,14,-10,336
106102.5,20,-14,295
106105.0,56,15,320
106107.5,56,15,320
106110.0,47,-6,314
106112.5,81,13,251
106115.0,-1,-26,338
106117.5,29,-13,306
106120.0,-16,-20,275
106122.5,-16,-137,323
106125.0,47,27,370
106127.5,75,49,196
106130.0,59,8,271
106132.5,44,-8,273
106135.0,-2,-41,328
106137.5,0,14,185
106140.0,-52,-23,245
106142.5,120,23,361
106145.0,43,-23,309
106147.5,-14,-10,331
106150.0,-87,-45,331
106152.5,-15,37,294
106155.0,24,-3,342
106157.5,24,-3,342
106160.0,8,6,276
106162.5,95,22,195
106165.0,-54,-17,321
106167.5,-47,-7,274
106170.0,-35,-16,318
106172.5,70,-5,364
106175.0,-21,-31,311
106177.5,18,-14,337
106180.0,49,3,252
106182.5,30,-19,298
106185.0,3,5,296
106187.5,67,-22,336
106190.0,61,0,295
106192.5,-16,-22,318
106195.0,16,-88,266
106197.5,-15,-27,377
106200.0,12,-44,301
106202.5,45,1,325
106205.0,54,4,306
106207.5,54,4,306
106210.0,51,28,296
106212.5,5,-10,325
106215.0,22,-30,313
106217.5,41,24,389
106220.0,36,-11,311
106222.5,-49,5,238
106225.0,-2,24,184
106227.5,11,-38,375
106230.0,30,4,291
106232.5,-53,-36,331
106235.0,-47,-19,346
106237.5,-67,19,339
106240.0,-14,-26,388
106242.5,2,-40,285
106245.0,16,-9,302
106247.5,-45,-51,298
106250.0,79,28,304
106252.5,38,22,297
106255.0,-23,-25,341
106257.5,-23,-25,341
106260.0,-23,-8,304
106262.5,16,-22,343
106265.0,29,-3,258
106267.5,46,-8,258
106270.0,3,-27,306
106272.5,-14,-4,301
106275.0,-20,-1,307
106277.5,6,-17,296
106280.0,-25,25,271
106282.5,42,9,341
106285.0,-15,-32,238
106287.5,111,17,297
106290.0,42,-1,302
106292.5,-1,2,314
106295.0,36,-22,322
106297.5,137,-5,250
106300.0,19,0,328
106302.5,-15,-29,319
106305.0,-15,-29,319
106307.5,-59,-10,217
106310.0,57,37,254
106312.5,66,-20,323
106315.0,10,-46,306
106317.5,63,0,328
106320.0,18,-26,346
106322.5,82,-38,303
106325.0,-2,5,365
106327.5,48,-3,246
106330.0,82,36,272
106332.5,20,-9,317
106335.0,-102,8,304
106337.5,-7,-46,354
106340.0,-34,-10,351
106342.5,9,24,237
106345.0,-60,-22,392
106347.5,-95,-22,300
106350.0,0,-16,287
106352.5,107,-40,279
106355.0,107,-40,279
106357.5,56,13,227
106360.0,82,-31,324
106362.5,-42,-20,332
106365.0,27,-31,305
106367.5,48,2,286
106370.0,19,-13,268
106372.5,3,-17,251
106375.0,-42,-6,325
106377.5,36,-35,270
106380.0,51,-20,318
106382.5,24,-33,320
106385.0,55,-21,285
106387.5,12,7,308
106390.0,14,-1,308
106392.5,64,-7,254
106395.0,-27,-37,306
106397.5,53,44,238
106400.0,-48,10,280
106402.5,-4,-14,283
106405.0,-4,-14,283
106407.5,40,40,307
106410.0,-11,-23,337
106412.5,63,21,328
106415.0,-43,-22,283
106417.5,30,-6,331
106420.0,85,12,229
106422.5,-10,-13,279
106425.0,-41,-25,318
106427.5,32,46,310
106430.0,-17,-20,330
106432.5,-23,-19,315
106435.0,15,-36,279
106437.5,-41,-27,365
106440.0,8,2,246
106442.5,-31,-8,260
106445.0,-20,-8,331
106447.5,21,16,292
106450.0,8,-12,292
106452.5,12,-15,331
106455.0,12,-15,331
106457.5,63,-38,326
106460.0,-34,-10,341
106462.5,21,5,317
106465.0,35,-6,309
106467.5,57,5,356
106470.0,19,-5,232
106472.5,32,-10,277
106475.0,-22,-44,327
106477.5,-39,20,274
106480.0,-44,-1,299
106482.5,11,-6,303
106485.0,6,-48,308
106487.5,-90,-39,353
106490.0,31,-30,242
106492.5,-29,-4,222
106495.0,-24,-33,361
106497.5,22,-22,373
106500.0,-47,0,447
106502.5,-12,-47,308
106505.0,-12,-47,308
106507.5,-70,-40,338
106510.0,30,9,323
106512.5,-4,-32,250
106515.0,66,43,264
106517.5,4,3,228
106520.0,14,15,328
106522.5,21,-15,256
106525.0,-45,-78,404
106527.5,13,-11,323
106530.0,-31,-38,300
106532.5,42,-34,239
106535.0,-13,-42,225
106537.5,-51,-7,412
106540.0,4,-24,314
106542.5,40,5,301
106545.0,-44,10,411
106547.5,59,-35,315
106550.0,49,16,324
106552.5,3,-11,309
106555.0,3,-11,309
106557.5,-46,-24,248
106560.0,12,-17,315
106562.5,26,17,356
106565.0,7,-2,307
106567.5,-3,-29,382
106570.0,82,-6,254
106572.5,58,-22,337
106575.0,50,16,252
106577.5,8,5,278
106580.0,25,-1,331
106582.5,7,-37,302
106585.0,-7,-37,357
106587.5,-65,-57,368
106590.0,10,-6,316
106592.5,50,16,288
106595.0,-4,-34,294
106597.5,92,-2,274
106600.0,-17,-34,333
106602.5,36,-13,248
106605.0,36,-13,248
106607.5,63,-9,280
106610.0,-10,-26,320
106612.5,40,1,300
106615.0,-19,-44,340
106617.5,36,-9,284
106620.0,-6,31,267
106622.5,-29,-8,327
106625.0,30,31,221
106627.5,-13,-53,307
106630.0,-14,-31,341
106632.5,38,-10,306
106635.0,-57,-30,340
106637.5,16,-24,350
106640.0,74,5,268
106642.5,-90,-42,306
106645.0,-15,-7,264
106647.5,-70,7,288
106650.0,-36,-35,342
106652.5,33,-14,306
106655.0,33,-14,306
106657.5,-10,-6,355
106660.0,14,20,311
106662.5,9,-14,275
106665.0,-23,13,265
106667.5,29,-4,300
106670.0,50,-18,295
106672.5,25,2,266
106675.0,18,16,325
106677.5,-52,-60,293
106680.0,-16,-46,304
106682.5,10,-42,362
106685.0,-14,-15,303
106687.5,87,20,261
106690.0,4,-32,295
106692.5,-56,-48,402
106695.0,16,0,378
106697.5,48,-3,360
106700.0,36,-16,313
106702.5,36,-16,313
106705.0,79,-19,243
106707.5,56,17,302
106710.0,-39,-19,222
106712.5,-83,30,334
106715.0,10,-10,315
106717.5,27,-5,288
106720.0,99,30,362
106722.5,1,-58,328
106725.0,59,-55,267
106727.5,-41,-44,353
106730.0,9,-18,305
106732.5,9,-7,298
106735.0,-10,-25,330
106737.5,35,30,264
106740.0,29,36,326
106742.5,-52,-20,327
106745.0,38,8,290
106747.5,-36,-50,409
106750.0,47,26,209
106752.5,47,26,209
106755.0,-33,5,304
106757.5,19,-4,313
106760.0,2,-6,277
106762.5,40,19,325
106765.0,29,-28,351
106767.5,11,23,234
106770.0,29,-33,382
106772.5,71,-46,360
106775.0,12,18,328
106777.5,2,-48,272
106780.0,41,8,295
106782.5,11,-40,319
106785.0,0,-32,377
106787.5,12,-39,306
106790.0,-34,-21,316
106792.5,-24,-19,282
106795.0,-10,31,240
106797.5,66,13,284
106800.0,37,4,224
106802.5,37,4,224
106805.0,56,29,296
106807.5,0,-2,333
106810.0,32,-8,289
106812.5,46,37,345
106815.0,-46,-25,309
106817.5,63,52,282
106820.0,9,-5,355
106822.5,12,-12,263
106825.0,48,-28,317
106827.5,16,7,312
106830.0,60,2,288
106832.5,-35,-27,341
106835.0,-27,-16,339
106837.5,77,-6,298
106840.0,-55,0,341
106842.5,-24,-24,261
106845.0,-23,-9,291
106847.5,-30,-16,277
106850.0,16,25,313
106852.5,16,25,313
106855.0,-9,-11,323
106857.5,-5,15,322
106860.0,-19,50,322
106862.5,-69,-72,364
106865.0,30,3,200
106867.5,-2,-19,176
106870.0,32,10,311
106872.5,53,7,245
106875.0,92,-9,276
106877.5,1,-18,347
106880.0,61,29,304
106882.5,23,-8,421
106885.0,87,25,238
106887.5,-25,61,341
106890.0,0,-46,254
106892.5,57,-2,234
106895.0,15,-26,286
106897.5,-11,11,404
106900.0,4,-18,269
106902.5,4,-18,269
106905.0,-18,-56,328
106907.5,28,24,310
106910.0,8,-23,263
106912.5,-5,14,295
106915.0,-19,-39,316
106917.5,89,45,249
106920.0,11,8,254
106922.5,28,-19,390
106925.0,50,9,327
106927.5,80,-15,384
106930.0,-15,-26,248
106932.5,-46,-20,353
106935.0,54,-20,262
106937.5,-62,-8,278
106940.0,13,-23,360
106942.5,57,38,267
106945.0,32,19,327
106947.5,15,-31,394
106950.0,39,29,291
106952.5,39,29,291
106955.0,-12,-44,326
106957.5,-26,-1,244
106960.0,15,-11,331
106962.5,-23,16,419
106965.0,72,23,297
106967.5,8,-8,325
106970.0,-4,44,295
106972.5,63,48,297
106975.0,-32,-4,309
106977.5,59,-16,235
106980.0,23,-10,336
106982.5,18,21,299
106985.0,24,22,294
106987.5,12,24,318
106990.0,22,4,318
106992.5,82,49,231
106995.0,-52,-43,342
106997.5,15,-39,259
107000.0,-33,-15,298
107002.5,-33,-15,298
107005.0,41,-20,304
107007.5,51,10,312
107010.0,18,15,350
107012.5,13,16,317
107015.0,66,50,284
107017.5,-19,-8,333
107020.0,4,-16,235
107022.5,97,47,285
107025.0,-28,-17,297
107027.5,37,0,302
107030.0,17,6,324
107032.5,6,-11,316
107035.0,65,57,305
107037.5,-113,-27,337
107040.0,49,11,325
107042.5,62,-35,291
107045.0,64,-28,378
107047.5,-25,39,246
107050.0,-69,-71,352
107052.5,-69,-71,352
107055.0,33,-5,339
107057.5,-10,10,220
107060.0,20,-12,355
107062.5,22,30,262
107065.0,24,29,252
107067.5,59,-46,287
107070.0,51,63,241
107072.5,56,-26,339
107075.0,13,38,286
107077.5,35,-43,256
107080.0,-23,-15,384
107082.5,19,35,285
107085.0,-37,4,258
107087.5,-4,-36,324
107090.0,26,12,308
107092.5,-38,-48,355
107095.0,51,3,319
107097.5,71,-2,232
107100.0,-31,6,302
107102.5,-31,6,302
107105.0,102,23,218
107107.5,36,4,260
107110.0,21,41,284
107112.5,105,-28,245
107115.0,21,-41,348
107117.5,-18,-4,307
107120.0,53,-42,282
107122.5,6,-25,360
107125.0,125,22,244
107127.5,66,34,265
107130.0,-34,19,332
107132.5,20,-12,269
107135.0,-17,-34,299
107137.5,29,-3,376
107140.0,56,-38,362
107142.5,18,-24,385
107145.0,13,-36,304
107147.5,81,7,259
107150.0,-18,-9,356
107152.5,-18,-9,356
107155.0,74,-5,261
107157.5,18,1,228
107160.0,31,-23,264
107162.5,49,3,301
107165.0,24,-20,329
107167.5,-15,-24,327
107170.0,-65,-47,257
107172.5,44,-53,393
107175.0,25,-11,277
107177.5,-10,14,300
107180.0,-3,-3,331
107182.5,22,0,282
107185.0,56,50,315
107187.5,19,-27,327
107190.0,3,7,303
107192.5,15,-1,367
107195.0,-9,-17,244
107197.5,38,-16,278
107200.0,38,-16,278
107202.5,-13,-13,308
107205.0,16,-5,271
107207.5,-26,-3,307
107210.0,-43,2,332
107212.5,1,9,285
107215.0,13,21,342
107217.5,10,-33,314
107220.0,63,-11,245
107222.5,44,-42,329
107225.0,46,-3,262
107227.5,11,0,303
107230.0,11,12,346
107232.5,17,-18,251
107235.0,26,-24,304
107237.5,-27,8,397
107240.0,30,-33,304
107242.5,-18,-21,232
107245.0,-31,-4,373
107247.5,19,0,331
107250.0,19,0,331
107252.5,-43,-11,336
107255.0,37,-6,257
107257.5,-18,-23,307
107260.0,61,35,296
107262.5,17,-1,204
107265.0,-11,-12,422
107267.5,-13,-38,255
107270.0,-6,-26,301
107272.5,17,-14,328
107275.0,6,-13,328
107277.5,17,-3,300
107280.0,-31,-57,364
107282.5,-27,17,339
107285.0,-30,-13,311
107287.5,27,-51,220
107290.0,8,-6,298
107292.5,62,10,299
107295.0,51,23,305
107297.5,18,27,264
107300.0,18,27,264
107302.5,49,28,274
107305.0,16,26,267
107307.5,63,31,260
107310.0,-1,-20,306
107312.5,47,25,269
107315.0,-14,-32,310
107317.5,19,-5,319
107320.0,25,37,384
107322.5,4,24,343
107325.0,6,-28,319
107327.5,-6,-27,327
107330.0,41,-17,297
107332.5,-8,-21,248
107335.0,-49,-16,280
107337.5,31,5,274
107340.0,-1,-26,290
107342.5,-22,-2,278
107345.0,-6,-36,296
107347.5,-4,-1,379
107350.0,-4,-1,379
107352.5,43,-8,241
107355.0,33,-28,293
107357.5,50,18,273
107360.0,10,-41,345
107362.5,-7,-17,323
107365.0,-9,12,321
107367.5,58,-9,287
107370.0,-48,-54,373
107372.5,-15,-45,295
107375.0,35,-40,287
107377.5,6,-2,300
107380.0,44,-3,278
107382.5,-28,-17,294
107385.0,27,19,339
107387.5,0,-31,315
107390.0,88,1,376
107392.5,-15,-11,296
107395.0,26,-40,270
107397.5,7,-23,302
107400.0,7,-23,302
107402.5,57,46,268
107405.0,29,2,289
107407.5,33,8,343
107410.0,10,-46,345
107412.5,149,27,368
107415.0,16,-43,205
107417.5,-66,-29,324
107420.0,27,-2,274
107422.5,26,-12,228
107425.0,14,-19,305
107427.5,-17,-33,363
107430.0,-3,2,288
107432.5,-31,22,488
107435.0,-61,-28,283
107437.5,54,-16,232
107440.0,-13,-13,275
107442.5,-4,4,232
107445.0,-48,-28,293
107447.5,28,-12,362
107450.0,28,-12,362
107452.5,-36,-5,284
107455.0,-42,-78,378
107457.5,55,8,273
107460.0,26,-4,310
107462.5,-32,-3,306
107465.0,59,-14,291
107467.5,55,-34,285
107470.0,68,-22,351
107472.5,25,-7,354
107475.0,-13,24,235
107477.5,-35,-85,280
107480.0,-31,-38,199
107482.5,-46,-24,397
107485.0,15,15,291
107487.5,50,-18,254
107490.0,-21,-5,305
107492.5,16,19,347
107495.0,-33,-7,278
107497.5,83,15,353
107500.0,83,15,353
107502.5,-18,-29,243
107505.0,4,-48,324
107507.5,91,31,267
107510.0,42,28,256
107512.5,81,30,253
107515.0,50,15,198
107517.5,2,0,285
107520.0,63,-13,395
107522.5,74,11,274
107525.0,-87,-66,337
107527.5,-51,15,355
107530.0,43,-31,317
107532.5,24,-9,272
107535.0,68,-6,282
107537.5,-90,8,284
107540.0,37,36,311
107542.5,-89,-16,333
107545.0,24,0,366
107547.5,40,16,279
107550.0,40,16,279
107552.5,80,-4,243
107555.0,-6,-29,339
107557.5,11,29,298
107560.0,4,-12,327
107562.5,-7,-32,383
107565.0,37,-10,337
107567.5,-4,-24,343
107570.0,39,-39,358
107572.5,56,-16,263
107575.0,-7,-35,327
107577.5,1,-2,224
107580.0,31,0,296
107582.5,5,-13,286
107585.0,68,-7,278
107587.5,25,-8,325
107590.0,24,-4,328
107592.5,27,-26,263
107595.0,-32,-23,330
107597.5,-32,-23,330
107600.0,33,-3,238
107602.5,-5,-9,239
107605.0,37,11,322
107607.5,22,4,306
107610.0,-29,-28,337
107612.5,40,-49,321
107615.0,29,23,331
107617.5,-17,-11,445
107620.0,-3,-39,392
107622.5,57,-8,305
107625.0,28,7,262
107627.5,33,-13,293
107630.0,20,10,339
107632.5,-14,-89,432
107635.0,-22,-26,310
107637.5,30,-1,334
107640.0,25,-24,229
107642.5,-38,-75,326
107645.0,37,28,240
107647.5,37,28,240
107650.0,10,-2,342
107652.5,3,30,322
107655.0,-49,-3,350
107657.5,15,-12,315
107660.0,-13,-31,291
107662.5,-43,-42,274
107665.0,-2,-10,255
107667.5,5,-6,305
107670.0,22,14,282
107672.5,-29,-20,348
107675.0,7,11,309
107677.5,36,-2,344
107680.0,48,13,361
107682.5,24,6,236
107685.0,32,41,286
107687.5,29,4,324
107690.0,-17,-54,206
107692.5,20,-7,268
107695.0,50,29,371
107697.5,50,29,371
107700.0,-56,-38,291
107702.5,49,14,329
107705.0,65,34,296
107707.5,4,-36,328
107710.0,-94,-31,340
107712.5,30,26,202
107715.0,43,10,297
107717.5,-45,9,262
107720.0,2,2,224
107722.5,-63,-1,324
107725.0,14,-26,343
107727.5,-98,-22,285
107730.0,-13,5,315
107732.5,15,45,298
107735.0,-14,1,315
107737.5,-63,-25,309
107740.0,-43,6,284
107742.5,25,4,353
107745.0,3,18,261
107747.5,3,18,261
107750.0,-9,5,283
107752.5,-15,-14,286
107755.0,32,20,301
107757.5,18,-9,291
107760.0,56,-28,329
107762.5,71,-6,342
107765.0,28,8,339
107767.5,58,14,268
107770.0,108,15,253
107772.5,-28,-14,269
107775.0,28,0,291
107777.5,3,-12,307
107780.0,-30,6,314
107782.5,31,-25,246
107785.0,-23,3,361
107787.5,-73,-4,358
107790.0,-7,-10,363
107792.5,2,1,295
107795.0,47,18,240
107797.5,47,18,240
107800.0,33,-6,366
107802.5,41,-15,384
107805.0,56,-25,288
107807.5,-23,-6,308
107810.0,28,8,305
107812.5,-32,0,325
107815.0,-21,-7,326
107817.5,-31,16,293
107820.0,-7,24,350
107822.5,76,35,320
107825.0,63,-25,268
107827.5,9,-48,339
107830.0,-6,-60,272
107832.5,-3,-27,233
107835.0,-19,-25,319
107837.5,-70,21,326
107840.0,78,38,312
107842.5,37,-43,343
107845.0,34,13,262
107847.5,34,13,262
107850.0,-25,2,313
107852.5,23,-56,251
107855.0,4,-49,223
107857.5,-14,25,367
107860.0,4,5,329
107862.5,-18,-51,291
107865.0,-38,-23,340
107867.5,71,14,273
107870.0,-18,-23,291
107872.5,-56,44,296
107875.0,13,-2,216
107877.5,32,33,304
107880.0,38,32,304
107882.5,-46,-7,318
107885.0,6,-30,388
107887.5,-8,-18,300
107890.0,34,2,265
107892.5,60,-36,325
107895.0,37,9,279
107897.5,37,9,279
107900.0,-31,-63,325
107902.5,5,1,265
107905.0,77,-51,255
107907.5,13,9,290
107910.0,61,-2,297
107912.5,-70,16,334
107915.0,-76,-16,379
107917.5,78,9,281
107920.0,-29,-32,318
107922.5,-20,-47,255
107925.0,-26,-4,316
107927.5,24,-27,284
107930.0,23,11,292
107932.5,-18,-44,329
107935.0,-45,-5,323
107937.5,31,10,209
107940.0,31,-9,349
107942.5,19,-10,250
107945.0,19,-10,250
107947.5,38,36,279
107950.0,28,25,292
107952.5,7,-4,281
107955.0,28,-12,324
107957.5,11,-1,316
107960.0,76,-3,304
107962.5,24,7,343
107965.0,44,9,274
107967.5,27,-33,262
107970.0,7,1,297
107972.5,29,-14,299
107975.0,-10,-15,306
107977.5,4,-39,343
107980.0,12,27,275
107982.5,-34,-14,341
107985.0,37,-23,346
107987.5,105,5,277
107990.0,23,36,307
107992.5,30,-2,320
107995.0,30,-2,320
107997.5,22,-7,253
108000.0,30,-30,359
108002.5,-13,-23,173
108005.0,41,-4,413
108007.5,19,7,375
108010.0,-54,-27,254
108012.5,-29,-38,342
108015.0,86,13,325
108017.5,18,-22,240
108020.0,-61,-18,362
108022.5,112,15,277
108025.0,28,25,288
108027.5,5,4,307
108030.0,62,1,251
108032.5,62,39,311
108035.0,20,-22,279
108037.5,-51,-18,335
108040.0,-29,1,340
108042.5,-53,-21,350
108045.0,-53,-21,350
108047.5,3,-44,355
108050.0,87,6,294
108052.5,47,24,223
108055.0,-12,-13,335
108057.5,46,16,227
108060.0,-3,-31,359
108062.5,26,-3,311
108065.0,-31,-13,303
108067.5,17,0,343
108070.0,65,-29,321
108072.5,-17,2,268
108075.0,-22,-37,308
108077.5,40,27,206
108080.0,-28,1,292
108082.5,16,14,341
108085.0,57,5,285
108087.5,-13,-20,309
108090.0,24,-23,308
108092.5,43,-33,307
108095.0,43,-33,307
108097.5,34,8,314
108100.0,85,-15,271
108102.5,35,2,287
108105.0,-5,-69,347
108107.5,-6,44,321
108110.0,-8,-11,331
108112.5,6,-17,294
108115.0,110,19,278
108117.5,14,8,310
108120.0,-28,-30,244
108122.5,-27,-14,284
108125.0,-24,-6,289
108127.5,-53,-52,299
108130.0,-20,30,360
108132.5,32,9,285
108135.0,19,7,262
108137.5,-20,-8,310
108140.0,35,-2,218
108142.5,73,5,310
108145.0,73,5,310
108147.5,-55,2,332
108150.0,37,-2,310
108152.5,-34,-44,341
108155.0,2,-18,274
108157.5,57,-14,299
108160.0,-58,3,360
108162.5,-19,-11,354
108165.0,-12,-31,288
108167.5,-57,9,278
108170.0,2,-11,281
108172.5,-7,-28,415
108175.0,2,-49,305
108177.5,84,5,209
108180.0,-10,28,339
108182.5,36,-42,261
108185.0,-64,-9,301
108187.5,-22,7,354
108190.0,33,-58,296
108192.5,-41,-26,337
108195.0,-41,-26,337
108197.5,8,16,317
108200.0,22,-12,310
108202.5,14,-41,323
108205.0,18,10,268
108207.5,12,-24,333
108210.0,-1,-46,367
108212.5,33,7,289
108215.0,45,-8,349
108217.5,24,1,261
108220.0,53,-45,304
108222.5,-54,1,334
108225.0,54,-35,292
108227.5,-23,-14,318
108230.0,15,-45,353
108232.5,68,16,302
108235.0,-10,-50,335
108237.5,71,30,290
108240.0,83,37,316
108242.5,1,-23,328
108245.0,1,-23,328
108247.5,35,1,244
108250.0,-31,4,302
108252.5,19,5,350
108255.0,48,44,319
108257.5,-31,-35,309
108260.0,41,22,301
108262.5,38,34,258
108265.0,13,-11,319
108267.5,6,5,243
108270.0,36,3,279
108272.5,-4,0,363
108275.0,-7,-42,326
108277.5,17,7,287
108280.0,-48,14,345
108282.5,33,0,319
108285.0,-5,-47,295
108287.5,24,2,240
108290.0,24,25,229
108292.5,27,-2,301
108295.0,27,-2,301
108297.5,-48,7,339
108300.0,-12,-20,335
108302.5,62,-21,381
108305.0,61,-35,341
108307.5,6,13,371
108310.0,-10,2,243
108312.5,13,-70,291
108315.0,-22,-10,295
108317.5,21,9,264
108320.0,-31,-21,321
108322.5,-35,24,289
108325.0,53,11,292
108327.5,42,1,352
108330.0,13,2,269
108332.5,61,-12,282
108335.0,-5,-11,274
108337.5,59,6,274
108340.0,42,-36,316
108342.5,42,-36,316
108345.0,-14,7,360
108347.5,35,-11,273
108350.0,-25,-28,397
108352.5,-5,22,313
108355.0,46,32,254
108357.5,-191,-114,352
108360.0,-92,-57,279
108362.5,31,20,292
108365.0,-28,-52,367
108367.5,-2,5,290
108370.0,8,-15,436
108372.5,82,0,277
108375.0,46,-31,375
108377.5,44,34,294
108380.0,44,6,224
108382.5,-50,-43,338
108385.0,-71,-57,387
108387.5,-31,10,244
108390.0,-35,-73,276
108392.5,-35,-73,276
108395.0,18,3,320
108397.5,2,-14,255
108400.0,38,14,342
108402.5,20,22,274
108405.0,44,9,342
108407.5,-26,-46,308
108410.0,-15,5,341
108412.5,48,25,272
108415.0,35,6,295
108417.5,4,-8,221
108420.0,-54,-45,389
108422.5,21,13,198
108425.0,29,45,253
108427.5,13,-65,330
108430.0,20,22,249
108432.5,0,-15,351
108435.0,44,-2,310
108437.5,24,-36,265
108440.0,29,-19,341
108442.5,29,-19,341
108445.0,81,24,299
108447.5,35,15,280
108450.0,-82,-32,371
108452.5,18,-1,289
108455.0,-12,-28,343
108457.5,12,27,262
108460.0,-29,-16,267
108462.5,-39,-14,311
108465.0,3,-27,296
108467.5,-33,-6,339
108470.0,-23,-21,359
108472.5,15,-24,305
108475.0,7,7,338
108477.5,40,14,321
108480.0,92,-20,260
108482.5,-19,-31,330
108485.0,47,-26,279
108487.5,-7,-22,322
108490.0,22,-47,371
108492.5,22,-47,371
108495.0,90,-2,301
108497.5,19,9,327
108500.0,53,47,265
108502.5,-43,-20,252
108505.0,-13,-24,310
108507.5,-8,-14,282
108510.0,35,-6,303
108512.5,-65,-46,349
108515.0,2,-11,289
108517.5,51,11,321
108520.0,-34,-45,305
108522.5,-161,-17,281
108525.0,3,8,351
108527.5,-3,-3,235
108530.0,-75,-30,245
108532.5,138,20,429
108535.0,10,-32,362
108537.5,-25,-35,340
108540.0,4,-32,310
108542.5,4,-32,310
108545.0,-21,-4,310
108547.5,0,-48,280
108550.0,62,29,295
108552.5,-9,-21,328
108555.0,14,-8,359
108557.5,9,-48,298
108560.0,-1,29,382
108562.5,84,1,308
108565.0,56,11,240
108567.5,35,-54,284
108570.0,30,-14,305
108572.5,25,19,261
108575.0,-29,-1,331
108577.5,-67,-23,358
108580.0,-71,-66,340
108582.5,66,-18,339
108585.0,-14,0,261
108587.5,-8,-35,290
108590.0,2,-22,297
108592.5,2,-22,297
108595.0,50,12,307
108597.5,-11,-20,338
108600.0,71,14,301
108602.5,50,-25,372
108605.0,3,-26,273
108607.5,42,3,219
108610.0,-11,-10,335
108612.5,38,-86,336
108615.0,-39,-99,331
108617.5,-1,27,340
108620.0,32,-18,285
108622.5,-67,-33,312
108625.0,5,15,268
108627.5,91,40,289
108630.0,-36,-29,318
108632.5,58,-6,269
108635.0,8,14,312
108637.5,40,-8,334
108640.0,52,12,284
108642.5,52,12,284
108645.0,34,-39,385
108647.5,-6,-4,312
108650.0,-37,-22,247
108652.5,-37,-34,359
108655.0,55,-11,312
108657.5,47,0,308
108660.0,-3,0,307
108662.5,-43,-20,262
108665.0,10,-33,336
108667.5,18,53,321
108670.0,-7,-27,279
108672.5,-10,37,343
108675.0,68,37,240
108677.5,52,-3,295
108680.0,-6,-15,290
108682.5,58,-1,280
108685.0,26,-6,326
108687.5,61,-15,353
108690.0,61,-15,353
108692.5,77,7,268
108695.0,-5,-4,337
108697.5,23,-43,240
108700.0,1,80,256
108702.5,4,30,299
108705.0,9,-7,290
108707.5,6,9,307
108710.0,14,-50,331
108712.5,39,6,300
108715.0,-71,-32,347
108717.5,-27,-4,274
108720.0,17,-1,281
108722.5,57,8,376
108725.0,-8,-2,381
108727.5,-38,5,449
108730.0,-68,-63,425
108732.5,-79,-16,259
108735.0,-62,-9,382
108737.5,24,7,277
108740.0,24,7,277
108742.5,33,2,302
108745.0,33,11,168
108747.5,-20,-29,337
108750.0,9,-18,396
108752.5,-33,-41,272
108755.0,41,-22,296
108757.5,18,-18,372
108760.0,-18,-26,323
108762.5,75,43,270
108765.0,-20,25,305
108767.5,32,11,335
108770.0,42,6,322
108772.5,24,-36,382
108775.0,-31,36,389
108777.5,19,-14,358
108780.0,24,-22,273
108782.5,36,-36,227
108785.0,-7,16,317
108787.5,55,23,154
108790.0,55,23,154
108792.5,37,10,322
108795.0,11,-14,413
108797.5,6,20,274
108800.0,65,-30,309
108802.5,4,31,332
108805.0,-55,-42,286
108807.5,25,24,264
108810.0,5,-38,276
108812.5,45,11,296
108815.0,-58,-23,359
108817.5,40,-21,287
108820.0,114,0,383
108822.5,27,23,240
108825.0,69,4,237
108827.5,-10,-13,290
108830.0,-48,-1,314
108832.5,-2,-13,325
108835.0,55,-18,311
108837.5,49,42,312
108840.0,49,42,312
108842.5,-24,-11,346
108845.0,-26,-56,290
108847.5,98,4,262
108850.0,43,-20,319
108852.5,5,28,249
108855.0,8,21,304
108857.5,8,24,339
108860.0,62,-3,306
108862.5,39,16,344
108865.0,15,-18,298
108867.5,51,65,289
108870.0,-15,-33,302
108872.5,4,-7,297
108875.0,-34,4,308
108877.5,-42,3,330
108880.0,9,-23,258
108882.5,36,24,373
108885.0,18,7,266
108887.5,12,-39,255
108890.0,12,-39,255
108892.5,53,19,317
108895.0,107,15,230
108897.5,-38,-22,311
108900.0,-65,-24,358
108902.5,34,14,328
108905.0,-60,-40,403
108907.5,18,20,305
108910.0,29,-19,214
108912.5,34,6,326
108915.0,50,-32,276
108917.5,76,-18,315
108920.0,56,2,284
108922.5,17,32,253
108925.0,10,-10,369
108927.5,101,63,268
108930.0,-53,-49,274
108932.5,-5,3,321
108935.0,27,28,298
108937.5,11,10,304
108940.0,11,10,304
108942.5,28,-4,315
108945.0,113,36,255
108947.5,32,-11,352
108950.0,-5,-34,251
108952.5,-56,-33,209
108955.0,25,1,333
108957.5,43,8,321
108960.0,4,25,275
108962.5,39,-17,343
108965.0,38,17,280
108967.5,-20,-23,397
108970.0,-25,-23,251
108972.5,31,-39,210
108975.0,-9,-35,295
108977.5,-45,10,290
108980.0,4,-11,290
108982.5,38,-45,401
108985.0,-2,-6,372
108987.5,-2,-6,372
108990.0,0,-5,310
108992.5,50,-6,322
108995.0,58,-10,302
108997.5,62,39,293
109000.0,94,36,204
109002.5,60,-9,306
109005.0,8,11,329
109007.5,25,-36,318
109010.0,12,-45,322
109012.5,146,47,325
109015.0,-10,-25,256
109017.5,-19,-4,317
109020.0,17,7,264
109022.5,25,-11,314
109025.0,16,-32,311
109027.5,24,7,319
109030.0,16,-10,290
109032.5,-22,-14,343
109035.0,25,-23,280
109037.5,25,-23,280
109040.0,75,-21,366
109042.5,63,-8,271
109045.0,23,14,258
109047.5,47,-14,324
109050.0,2,-22,299
109052.5,11,-7,328
109055.0,-28,-25,318
109057.5,-4,8,278
109060.0,26,5,361
109062.5,39,-23,259
109065.0,29,4,287
109067.5,-51,-15,299
109070.0,3,0,299
109072.5,-45,-6,296
109075.0,-41,23,357
109077.5,-18,4,306
109080.0,-4,-6,343
109082.5,38,-57,286
109085.0,47,7,226
109087.5,47,7,226
109090.0,-43,-35,304
109092.5,65,-13,314
109095.0,-63,-5,321
109097.5,-77,-30,315
109100.0,13,-6,406
109102.5,-38,-11,456
109105.0,-3,-15,319
109107.5,10,-30,269
109110.0,-12,16,275
109112.5,34,-38,248
109115.0,-32,-26,298
109117.5,-44,-24,489
109120.0,2,41,288
109122.5,-15,-25,251
109125.0,71,-10,342
109127.5,-32,-20,282
109130.0,36,62,287
109132.5,-36,-21,359
109135.0,-13,-11,331
109137.5,-13,-11,331
109140.0,-36,-35,360
109142.5,68,-7,349
109145.0,48,-20,293
109147.5,31,6,303
109150.0,-25,3,266
109152.5,-33,-26,329
109155.0,-6,3,268
109157.5,71,10,299
109160.0,1,-14,304
109162.5,38,-15,407
109165.0,23,52,328
109167.5,-32,-14,316
109170.0,46,-14,239
109172.5,24,3,312
109175.0,11,-78,189
109177.5,-12,-18,271
109180.0,-21,-83,373
109182.5,-24,26,366
109185.0,29,3,332
109187.5,29,3,332
109190.0,7,19,278
109192.5,22,-30,323
109195.0,-50,-15,337
109197.5,19,7,239
109200.0,59,-2,313
109202.5,2,6,293
109205.0,6,-13,236
109207.5,-12,-34,298
109210.0,43,5,304
109212.5,93,37,286
109215.0,76,-50,344
109217.5,44,-21,265
109220.0,8,-4,294
109222.5,5,11,290
109225.0,37,-23,294
109227.5,31,10,340
109230.0,52,-6,330
109232.5,24,-1,313
109235.0,-21,-29,350
109237.5,-21,-29,350
109240.0,63,1,258
109242.5,15,-9,324
109245.0,-19,-16,324
109247.5,28,-11,293
109250.0,58,-12,346
109252.5,29,-26,317
109255.0,32,9,241
109257.5,80,6,324
109260.0,66,31,259
109262.5,-11,-26,290
109265.0,-26,-8,328
109267.5,39,9,321
109270.0,14,19,320
109272.5,53,1,241
109275.0,77,22,293
109277.5,-18,-13,331
109280.0,54,-14,224
109282.5,11,-36,295
109285.0,-22,-27,365
109287.5,-22,-27,365
109290.0,35,11,290
109292.5,-69,-24,300
109295.0,-13,-21,322
109297.5,100,12,246
109300.0,21,-24,310
109302.5,13,17,293
109305.0,-20,16,332
109307.5,-17,-20,302
109310.0,-40,-34,291
109312.5,-2,-16,343
109315.0,17,14,253
109317.5,89,5,230
109320.0,3,-8,360
109322.5,2,23,263
109325.0,-10,-57,261
109327.5,-19,-33,415
109330.0,-6,-27,350
109332.5,-10,2,332
109335.0,-8,-20,344
109337.5,-8,-20,344
109340.0,36,-44,246
109342.5,-45,-61,383
109345.0,9,-23,320
109347.5,-17,11,261
109350.0,18,6,338
109352.5,58,30,334
109355.0,-28,-17,289
109357.5,-87,-26,309
109360.0,-2,2,241
109362.5,-12,-26,338
109365.0,97,-5,269
109367.5,11,31,303
109370.0,-35,1,405
109372.5,-35,-34,417
109375.0,2,13,302
109377.5,-3,-27,253
109380.0,60,1,267
109382.5,-58,-62,355
109385.0,56,18,243
109387.5,56,18,243
109390.0,-14,-79,333
109392.5,-23,-34,290
109395.0,29,11,291
109397.5,8,-3,307
109400.0,-35,-22,299
109402.5,66,-18,250
109405.0,-18,-23,362
109407.5,5,-23,289
109410.0,39,3,267
109412.5,0,52,283
109415.0,13,10,256
109417.5,35,21,280
109420.0,3,-54,333
109422.5,53,7,278
109425.0,39,-16,339
109427.5,27,-5,321
109430.0,31,8,294
109432.5,9,-41,382
109435.0,9,-41,382
109437.5,53,14,232
109440.0,13,-13,290
109442.5,16,-6,337
109445.0,62,45,233
109447.5,16,-25,313
109450.0,67,27,331
109452.5,-63,-37,341
109455.0,-15,-58,396
109457.5,45,-13,260
109460.0,-34,9,238
109462.5,-13,-16,292
109465.0,-135,-36,366
109467.5,-3,2,365
109470.0,42,-16,359
109472.5,7,2,323
109475.0,47,-9,284
109477.5,56,-25,283
109480.0,-11,-14,299
109482.5,11,-20,346
109485.0,11,-20,346
109487.5,18,-5,194
109490.0,-116,-98,333
109492.5,11,-22,435
109495.0,121,33,234
109497.5,26,-26,343
109500.0,-6,16,281
109502.5,-6,-24,172
109505.0,48,-40,365
109507.5,41,16,321
109510.0,11,-2,282
109512.5,27,-52,365
109515.0,41,18,333
109517.5,-44,20,276
109520.0,61,27,237
109522.5,60,-21,300
109525.0,50,12,290
109527.5,54,11,334
109530.0,34,3,345
109532.5,-26,-20,263
109535.0,-26,-20,263
109537.5,-20,-27,281
109540.0,44,-2,350
109542.5,29,-19,251
109545.0,69,12,306
109547.5,-22,-9,319
109550.0,13,-20,312
109552.5,-17,7,342
109555.0,31,-45,361
109557.5,53,30,341
109560.0,70,-22,320
109562.5,10,-39,254
109565.0,72,-13,262
109567.5,-59,-16,334
109570.0,33,15,294
109572.5,7,5,351
109575.0,-65,-22,313
109577.5,15,-60,324
109580.0,36,-16,368
109582.5,-4,-20,234
109585.0,-4,-20,234
109587.5,10,-18,292
109590.0,37,14,282
109592.5,33,45,337
109595.0,-28,-47,296
109597.5,51,6,368
109600.0,43,-8,293
109602.5,-33,-28,343
109605.0,-32,-50,288
109607.5,59,4,308
109610.0,5,-11,311
109612.5,23,-4,300
109615.0,-18,5,298
109617.5,-3,-46,361
109620.0,-20,-14,349
109622.5,35,13,374
109625.0,16,-18,237
109627.5,65,30,248
109630.0,-11,-32,282
109632.5,-3,-14,303
109635.0,-3,-14,303
109637.5,-25,-1,318
109640.0,-50,-33,327
109642.5,28,-39,230
109645.0,127,18,334
109647.5,65,63,297
109650.0,-18,3,333
109652.5,-9,-21,260
109655.0,47,20,287
109657.5,32,26,299
109660.0,40,-1,292
109662.5,-18,-16,227
109665.0,28,-46,377
109667.5,18,-11,309
109670.0,-14,-4,324
109672.5,20,8,301
109675.0,-28,-50,341
109677.5,5,-28,367
109680.0,12,29,360
109682.5,-15,-9,221
109685.0,-15,-9,221
109687.5,-40,3,330
109690.0,13,-13,235
109692.5,79,-32,270
109695.0,-53,-27,307
109697.5,44,24,326
109700.0,32,-14,316
109702.5,-42,-28,287
109705.0,58,13,284
109707.5,13,-2,384
109710.0,61,-6,339
109712.5,-62,24,284
109715.0,28,20,292
109717.5,-7,-22,265
109720.0,-7,22,306
109722.5,-42,17,394
109725.0,0,-16,306
109727.5,-6,-38,393
109730.0,19,-5,250
109732.5,29,17,237
109735.0,29,17,237
109737.5,-48,-28,327
109740.0,28,-48,326
109742.5,6,25,263
109745.0,-1,-7,357
109747.5,-25,12,305
109750.0,-29,12,333
109752.5,7,-28,348
109755.0,63,-15,319
109757.5,13,13,364
109760.0,45,24,256
109762.5,-29,-3,311
109765.0,-8,-5,350
109767.5,-7,63,315
109770.0,32,28,298
109772.5,5,-16,320
109775.0,4,-3,277
109777.5,-12,-4,366
109780.0,31,15,244
109782.5,18,40,264
109785.0,18,40,264
109787.5,10,7,277
109790.0,2,6,288
109792.5,29,-8,349
109795.0,7,-5,316
109797.5,57,2,282
109800.0,-20,3,335
109802.5,4,-13,246
109805.0,45,3,236
109807.5,70,9,333
109810.0,29,2,293
109812.5,4,-15,329
109815.0,3,12,336
109817.5,2,-41,283
109820.0,2,-42,371
109822.5,16,-26,289
109825.0,19,-22,272
109827.5,-19,-28,308
109830.0,25,3,300
109832.5,32,-44,309
109835.0,32,-44,309
109837.5,15,-31,403
109840.0,-8,1,309
109842.5,4,-71,356
109845.0,-10,-48,253
109847.5,-14,-30,299
109850.0,-39,-18,372
109852.5,40,40,225
109855.0,15,15,303
109857.5,13,31,328
109860.0,-16,-1,380
109862.5,44,-15,313
109865.0,-10,-24,326
109867.5,-1,-31,262
109870.0,-18,4,363
109872.5,-41,-35,228
109875.0,-19,-19,413
109877.5,27,16,332
109880.0,-3,-53,349
109882.5,50,-8,288
109885.0,50,-8,288
109887.5,16,5,343
109890.0,50,34,218
109892.5,24,-23,268
109895.0,49,-15,293
109897.5,84,6,231
109900.0,-62,0,319
109902.5,-9,-13,323
109905.0,15,-21,395
109907.5,36,13,288
109910.0,72,0,273
109912.5,66,17,334
109915.0,15,-16,387
109917.5,4,-14,303
109920.0,35,-32,282
109922.5,111,49,263
109925.0,20,-7,261
109927.5,-29,1,291
109930.0,59,34,258
109932.5,20,-14,402
109935.0,20,-14,402
109937.5,78,-10,235
109940.0,11,-23,291
109942.5,-19,-11,321
109945.0,4,11,296
109947.5,-17,-14,295
109950.0,38,5,320
109952.5,79,9,265
109955.0,-44,-23,371
109957.5,2,-18,219
109960.0,-18,-44,282
109962.5,26,-1,322
109965.0,34,0,279
109967.5,37,-8,331
109970.0,36,-3,355
109972.5,13,-25,286
109975.0,-11,-4,348
109977.5,-13,-2,236
109980.0,28,-19,286
109982.5,-43,-18,324
109985.0,-43,-18,324
109987.5,103,22,293
109990.0,11,-24,295
109992.5,-58,-33,324
109995.0,38,30,232
109997.5,-84,-89,289
110000.0,9,-7,251
110002.5,-8,-49,264
110005.0,27,16,309
110007.5,45,-22,312
110010.0,-52,45,304
110012.5,89,-19,341
110015.0,70,50,260
110017.5,-93,-2,313
110020.0,74,1,210
110022.5,-4,-34,259
110025.0,-26,-12,341
110027.5,20,-32,369
110030.0,-17,-22,361
110032.5,38,5,300
110035.0,38,5,300
110037.5,103,5,191
110040.0,48,17,319
110042.5,2,-17,245
110045.0,-42,-19,315
110047.5,-56,-12,372
110050.0,45,3,357
110052.5,60,-31,371
110055.0,25,-3,322
110057.5,7,-26,194
110060.0,-8,30,293
110062.5,110,-1,277
110065.0,-40,33,252
110067.5,67,-7,261
110070.0,39,-4,271
110072.5,22,-10,320
110075.0,41,17,302
110077.5,40,-22,238
110080.0,19,-53,283
110082.5,19,-53,283
110085.0,19,28,279
110087.5,31,-4,315
110090.0,35,-18,248
110092.5,27,-29,300
110095.0,-3,-23,366
110097.5,126,14,278
110100.0,-55,-15,218
110102.5,1,16,320
110105.0,39,7,288
110107.5,33,-24,268
110110.0,26,-5,315
110112.5,46,13,286
110115.0,-2,-23,299
110117.5,-40,3,353
110120.0,25,-26,322
110122.5,17,-19,378
110125.0,32,-52,319
110127.5,25,29,257
110130.0,-5,-9,294
110132.5,-5,-9,294
110135.0,67,-34,252
110137.5,4,-58,302
110140.0,3,4,303
110142.5,44,47,294
110145.0,-1,10,354
110147.5,-19,-29,335
110150.0,-10,7,266
110152.5,-5,-25,335
110155.0,6,-15,273
110157.5,3,-40,289
110160.0,10,4,315
110162.5,-47,-22,306
110165.0,16,11,366
110167.5,-45,32,313
110170.0,-3,-41,289
110172.5,-20,-41,367
110175.0,103,32,255
110177.5,-26,-7,274
110180.0,-34,-31,316
110182.5,-34,-31,316
110185.0,2,-53,312
110187.5,15,10,300
110190.0,-48,-42,341
110192.5,37,9,241
110195.0,-20,-10,348
110197.5,54,16,249
110200.0,103,24,264
110202.5,-65,-43,289
110205.0,59,35,302
110207.5,7,-24,299
110210.0,-12,-8,415
110212.5,-24,-33,394
110215.0,-55,-63,186
110217.5,10,-46,442
110220.0,64,-17,293
110222.5,2,-50,311
110225.0,70,16,181
110227.5,-7,11,286
110230.0,-65,-24,463
110232.5,-65,-24,463
110235.0,0,-1,276
110237.5,-24,-1,376
110240.0,87,42,220
110242.5,48,48,245
110245.0,9,-15,305
110247.5,-40,-5,199
110250.0,-4,-16,284
110252.5,-58,46,405
110255.0,8,5,260
110257.5,4,7,347
110260.0,15,4,277
110262.5,63,-17,364
110265.0,19,6,311
110267.5,32,2,243
110270.0,37,-15,311
110272.5,5,20,269
110275.0,4,52,371
110277.5,34,34,265
110280.0,-13,-17,308
110282.5,-13,-17,308
110285.0,-4,-21,261
110287.5,-40,-17,339
110290.0,41,-19,290
110292.5,2,-32,316
110295.0,-19,-16,275
110297.5,31,-8,285
110300.0,-18,-47,347
110302.5,43,20,293
110305.0,-6,-17,229
110307.5,41,1,344
110310.0,73,-15,266
110312.5,21,-26,332
110315.0,-51,19,337
110317.5,8,-11,289
110320.0,-73,-32,334
110322.5,-18,-43,308
110325.0,-12,-34,246
110327.5,-15,-15,312
110330.0,34,-9,244
110332.5,34,-9,244
110335.0,-28,-25,334
110337.5,-32,-99,335
110340.0,9,-17,361
110342.5,-32,-17,319
110345.0,37,5,295
110347.5,0,-10,303
110350.0,14,16,337
110352.5,-39,-40,285
110355.0,-12,23,303
110357.5,-21,10,326
110360.0,60,25,304
110362.5,18,-32,364
110365.0,55,23,288
110367.5,97,25,280
110370.0,-16,0,312
110372.5,-17,-5,275
110375.0,29,-29,310
110377.5,-11,28,288
110380.0,4,0,250
110382.5,4,0,250
110385.0,7,3,380
110387.5,63,-13,402
110390.0,-91,-93,387
110392.5,15,7,291
110395.0,-42,-13,281
110397.5,-5,8,299
110400.0,32,-43,364
110402.5,-32,-36,305
110405.0,-23,-45,282
110407.5,9,19,275
110410.0,47,37,328
110412.5,-43,-29,361
110415.0,11,-3,274
110417.5,7,-3,301
110420.0,-4,-10,383
110422.5,38,42,243
110425.0,28,-33,384
110427.5,-62,-39,314
110430.0,-15,15,286
110432.5,-15,15,286
110435.0,39,-16,357
110437.5,-28,-11,293
110440.0,81,7,286
110442.5,27,-54,371
110445.0,56,-19,311
110447.5,43,-43,380
110450.0,32,-7,279
110452.5,55,-5,236
110455.0,-47,-3,311
110457.5,18,-8,305
110460.0,-16,-12,336
110462.5,30,-2,329
110465.0,66,-9,268
110467.5,187,64,292
110470.0,36,27,250
110472.5,25,-23,220
110475.0,-21,-2,333
110477.5,36,-2,252
110480.0,29,31,303
110482.5,29,31,303
110485.0,-17,64,307
110487.5,-33,-5,324
110490.0,-109,0,296
110492.5,-19,-17,307
110495.0,9,-19,256
110497.5,-76,-9,327
110500.0,7,35,334
110502.5,30,-42,325
110505.0,20,-9,341
110507.5,91,0,316
110510.0,10,7,316
110512.5,-48,-23,316
110515.0,26,3,247
110517.5,-28,-17,377
110520.0,17,-6,287
110522.5,24,26,292
110525.0,20,-2,296
110527.5,25,1,305
110530.0,7,-5,290
110532.5,7,-5,290
110535.0,35,-23,360
110537.5,33,-15,309
110540.0,-25,-24,354
110542.5,-46,10,224
110545.0,58,12,283
110547.5,-44,-22,278
110550.0,-24,7,312
110552.5,39,-27,335
110555.0,-17,-22,337
110557.5,-4,-19,297
110560.0,22,-1,340
110562.5,14,6,289
110565.0,36,-27,277
110567.5,-37,-36,310
110570.0,2,-6,297
110572.5,-2,-26,319
110575.0,4,-38,387
110577.5,6,29,301
110580.0,-10,-7,290
110582.5,-10,-7,290
110585.0,91,-37,307
110587.5,69,-21,118
110590.0,-20,-51,353
110592.5,90,28,246
110595.0,58,1,287
110597.5,48,-25,330
110600.0,33,15,313
110602.5,-19,21,349
110605.0,38,-10,277
110607.5,96,67,229
110610.0,-101,-38,291
110612.5,29,-31,315
110615.0,-10,-2,296
110617.5,-8,-4,433
110620.0,34,6,270
110622.5,-21,-41,352
110625.0,54,51,184
110627.5,-4,3,220
110630.0,-6,-18,327
110632.5,-6,-18,327
110635.0,86,50,248
110637.5,-40,-1,299
110640.0,17,-23,361
110642.5,-60,-46,267
110645.0,14,-14,302
110647.5,-15,-21,267
110650.0,29,-5,204
110652.5,-72,-24,340
110655.0,63,14,263
110657.5,-25,-1,326
110660.0,-21,-17,351
110662.5,49,7,294
110665.0,-41,-51,264
110667.5,22,-26,281
110670.0,-18,-24,224
110672.5,-47,-33,307
110675.0,14,-17,341
110677.5,-19,-4,265
110680.0,-9,4,303
110682.5,-9,4,303
110685.0,11,27,246
110687.5,-23,-19,392
110690.0,23,15,324
110692.5,13,23,305
110695.0,-6,-5,324
110697.5,88,19,295
110700.0,-16,-11,293
110702.5,-42,-37,332
110705.0,30,53,338
110707.5,-91,-81,365
110710.0,2,-36,337
110712.5,-7,-8,256
110715.0,41,-9,335
110717.5,9,-7,290
110720.0,-33,-14,306
110722.5,-27,14,338
110725.0,-4,4,284
110727.5,66,8,345
110730.0,66,8,345
110732.5,0,-36,306
110735.0,56,-8,278
110737.5,-33,-40,305
110740.0,2,16,272
110742.5,-12,-3,330
110745.0,14,34,337
110747.5,-42,-10,296
110750.0,20,-11,344
110752.5,24,-31,274
110755.0,-34,-20,304
110757.5,1,-24,358
110760.0,-54,-58,331
110762.5,13,-9,307
110765.0,0,-6,349
110767.5,-50,0,267
110770.0,-38,-34,376
110772.5,28,-41,266
110775.0,55,12,255
110777.5,-22,-15,302
110780.0,-22,-15,302
110782.5,87,-11,277
110785.0,-5,18,339
110787.5,43,-22,373
110790.0,-1,-28,266
110792.5,-33,-40,359
110795.0,-55,-29,305
110797.5,-74,41,258
110800.0,-3,0,275
110802.5,48,3,302
110805.0,33,-34,308
110807.5,5,-14,355
110810.0,-3,-12,232
110812.5,0,-33,369
110815.0,7,-8,218
110817.5,12,-7,275
110820.0,-25,-1,333
110822.5,-10,24,320
110825.0,-1,-26,274
110827.5,3,-3,334
110830.0,3,-3,334
110832.5,63,-27,282
110835.0,-5,-7,368
110837.5,-20,-26,243
110840.0,59,53,209
110842.5,37,41,276
110845.0,17,-6,284
110847.5,-24,-8,314
110850.0,72,13,371
110852.5,-25,-16,320
110855.0,101,-1,346
110857.5,6,-71,285
110860.0,19,-15,219
110862.5,-15,3,348
110865.0,89,-7,327
110867.5,45,-20,303
110870.0,-33,1,327
110872.5,8,-18,268
110875.0,-84,-54,356
110877.5,-18,-26,308
110880.0,-18,-26,308
110882.5,18,22,250
110885.0,23,-6,329
110887.5,82,19,294
110890.0,10,35,304
110892.5,-5,4,316
110895.0,50,-17,300
110897.5,-1,-42,315
110900.0,63,-23,390
110902.5,84,17,251
110905.0,27,-16,363
110907.5,79,-7,247
110910.0,48,15,297
110912.5,25,3,316
110915.0,40,16,304
110917.5,-28,-39,320
110920.0,18,-5,342
110922.5,10,-24,323
110925.0,-28,-20,378
110927.5,64,1,252
110930.0,64,1,252
110932.5,51,3,262
110935.0,14,5,297
110937.5,16,-7,279
110940.0,-66,-45,318
110942.5,15,-13,342
110945.0,82,27,353
110947.5,-8,-66,349
110950.0,58,29,236
110952.5,36,-7,312
110955.0,-42,-46,262
110957.5,67,15,123
110960.0,-3,-2,285
110962.5,-28,-40,400
110965.0,55,46,319
110967.5,-42,-17,336
110970.0,-60,-48,301
110972.5,-40,-46,402
110975.0,13,-13,267
110977.5,32,7,278
110980.0,32,7,278
110982.5,22,-4,318
110985.0,-39,-66,402
110987.5,30,-14,274
110990.0,97,9,255
110992.5,-29,-21,331
110995.0,-46,-40,245
110997.5,-21,-13,256
111000.0,56,9,287
111002.5,-23,-5,305
111005.0,-34,-61,352
111007.5,26,18,403
111010.0,27,-25,289
111012.5,69,1,299
111015.0,98,-1,276
111017.5,-79,-42,289
111020.0,65,4,326
111022.5,-2,-26,362
111025.0,40,-12,339
111027.5,17,6,305
111030.0,17,6,305
111032.5,-23,-20,319
111035.0,-23,-81,232
111037.5,38,33,245
111040.0,-4,-76,315
111042.5,39,17,258
111045.0,-14,-38,305
111047.5,44,-21,354
111050.0,95,4,275
111052.5,-16,-45,366
111055.0,-9,12,260
111057.5,-1,-8,252
111060.0,2,-6,301
111062.5,49,18,341
111065.0,-51,-36,303
111067.5,-30,-56,329
111070.0,66,15,326
111072.5,-50,-24,351
111075.0,1,-22,203
111077.5,4,12,261
111080.0,4,12,261
111082.5,18,-16,318
111085.0,-32,15,284
111087.5,28,-11,313
111090.0,36,24,335
111092.5,-20,-23,245
111095.0,47,-9,358
111097.5,19,-14,247
111100.0,22,9,309
111102.5,-3,-31,343
111105.0,-17,-5,269
111107.5,33,-29,322
111110.0,27,29,324
111112.5,-13,-33,281
111115.0,-79,-50,337
111117.5,-8,-31,265
111120.0,1,-8,285
111122.5,51,10,317
111125.0,48,-27,292
111127.5,13,-26,355
111130.0,13,-26,355
111132.5,-21,-33,375
111135.0,77,6,244
111137.5,-115,-72,312
111140.0,70,2,281
111142.5,4,18,306
111145.0,13,3,303
111147.5,47,-33,302
111150.0,-12,-36,327
111152.5,20,21,311
111155.0,-60,-21,237
111157.5,28,7,259
111160.0,42,-10,285
111162.5,-24,-38,317
111165.0,9,-32,395
111167.5,51,10,328
111170.0,24,62,279
111172.5,-20,-12,262
111175.0,95,-4,275
111177.5,-56,-15,306
111180.0,-56,-15,306
111182.5,6,10,221
111185.0,-18,-5,350
111187.5,-13,-15,301
111190.0,55,11,259
111192.5,42,29,313
111195.0,7,-90,319
111197.5,15,61,210
111200.0,-38,-6,297
111202.5,-27,-20,268
111205.0,3,-1,298
111207.5,-10,-16,329
111210.0,76,-40,301
111212.5,27,-59,352
111215.0,45,0,307
111217.5,47,-11,272
111220.0,-31,-62,364
111222.5,75,24,273
111225.0,-86,-4,300
111227.5,-39,-36,364
111230.0,-39,-36,364
111232.5,-21,-24,317
111235.0,7,-15,316
111237.5,28,-36,348
111240.0,85,-35,264
111242.5,-25,55,344
111245.0,52,15,295
111247.5,-3,-44,319
111250.0,32,-1,321
111252.5,89,27,293
111255.0,30,3,303
111257.5,-21,-11,343
111260.0,59,16,270
111262.5,-43,-29,341
111265.0,-1,-30,300
111267.5,18,-3,286
111270.0,-27,2,281
111272.5,36,-25,279
111275.0,22,-25,324
111277.5,-55,-51,308
111280.0,-55,-51,308
111282.5,54,16,319
111285.0,43,4,354
111287.5,14,-16,285
111290.0,14,5,260
111292.5,10,-28,346
111295.0,3,-19,258
111297.5,-1,21,297
111300.0,-29,-46,348
111302.5,-2,-29,303
111305.0,21,-29,351
111307.5,53,17,314
111310.0,-26,6,225
111312.5,-14,-21,330
111315.0,44,8,222
111317.5,48,1,265
111320.0,-6,-11,284
111322.5,83,35,294
111325.0,74,16,339
111327.5,18,22,316
111330.0,18,22,316
111332.5,75,-28,229
111335.0,46,-12,358
111337.5,22,-29,208
111340.0,-75,-48,403
111342.5,4,3,319
111345.0,48,-18,335
111347.5,-1,-37,274
111350.0,43,3,314
111352.5,45,-21,240
111355.0,-31,-46,379
111357.5,-1,4,188
111360.0,6,-41,298
111362.5,-14,-22,356
111365.0,88,8,374
111367.5,75,12,296
111370.0,49,13,336
111372.5,49,29,211
111375.0,-44,-24,216
111377.5,-44,-24,216
111380.0,7,-10,278
111382.5,22,-2,256
111385.0,-28,-46,359
111387.5,38,8,288
111390.0,-59,-75,387
111392.5,36,-9,278
111395.0,25,28,222
111397.5,-45,-14,245
111400.0,-51,14,261
111402.5,48,8,297
111405.0,45,-15,282
111407.5,53,7,351
111410.0,11,-9,281
111412.5,-73,-32,301
111415.0,-7,-23,250
111417.5,-72,-59,388
111420.0,-23,19,275
111422.5,10,13,316
111425.0,-26,8,313
111427.5,-26,8,313
111430.0,15,-11,270
111432.5,-15,4,325
111435.0,62,-21,302
111437.5,89,33,273
111440.0,-69,-50,285
111442.5,-19,22,270
111445.0,32,-7,306
111447.5,-17,-22,265
111450.0,7,-15,335
111452.5,39,-18,324
111455.0,6,-27,324
111457.5,90,22,297
111460.0,1,-14,382
111462.5,91,30,210
111465.0,12,12,303
111467.5,2,3,315
111470.0,61,37,295
111472.5,-87,-35,306
111475.0,4,-13,289
111477.5,4,-13,289
111480.0,-4,-26,259
111482.5,45,21,324
111485.0,-34,-60,189
111487.5,-21,39,295
111490.0,-29,-12,355
111492.5,-21,-18,292
111495.0,41,-9,369
111497.5,39,62,376
111500.0,1,-14,290
111502.5,76,26,268
111505.0,12,5,323
111507.5,24,19,264
111510.0,-4,2,344
111512.5,31,24,299
111515.0,44,44,358
111517.5,37,-4,231
111520.0,92,31,195
111522.5,-17,-29,313
111525.0,53,-8,275
111527.5,53,-8,275
111530.0,-31,5,307
111532.5,11,-21,361
111535.0,27,8,280
111537.5,43,-34,390
111540.0,47,-12,258
111542.5,75,11,200
111545.0,28,-1,339
111547.5,-20,-5,286
111550.0,-5,36,266
111552.5,57,7,441
111555.0,-1,9,363
111557.5,-45,16,378
111560.0,47,1,272
111562.5,95,-43,291
111565.0,-34,-78,427
111567.5,8,-10,292
111570.0,-35,11,305
111572.5,-23,21,345
111575.0,-20,-39,330
111577.5,-20,-39,330
111580.0,-87,-54,340
111582.5,19,1,313
111585.0,93,-30,247
111587.5,-34,-63,316
111590.0,12,-13,271
111592.5,2,-7,296
111595.0,-10,-34,316
111597.5,-5,-37,268
111600.0,-76,-25,329
111602.5,5,-54,327
111605.0,55,43,247
111607.5,38,-29,357
111610.0,20,2,258
111612.5,-41,-23,293
111615.0,-31,-16,311
111617.5,-6,-11,324
111620.0,-52,-20,342
111622.5,-13,-19,354
111625.0,21,0,250
111627.5,21,0,250
111630.0,47,15,298
111632.5,51,0,238
111635.0,10,-3,291
111637.5,-9,-13,367
111640.0,52,-10,311
111642.5,-6,-5,305
111645.0,35,-33,362
111647.5,103,-11,282
111650.0,34,-7,326
111652.5,31,13,249
111655.0,-2,-39,318
111657.5,26,11,299
111660.0,1,1,292
111662.5,20,3,353
111665.0,-5,2,330
111667.5,-19,-21,303
111670.0,-13,-4,378
111672.5,-27,-27,268
111675.0,51,-28,288
111677.5,51,-28,288
111680.0,24,0,302
111682.5,35,7,214
111685.0,24,-31,278
111687.5,7,-12,354
111690.0,78,20,283
111692.5,87,-25,292
111695.0,-12,19,320
111697.5,30,-25,247
111700.0,-45,4,344
111702.5,10,-2,209
111705.0,39,-22,357
111707.5,-78,14,368
111710.0,-24,-21,327
111712.5,44,11,215
111715.0,-11,-14,278
111717.5,64,-6,316
111720.0,-31,-5,240
111722.5,14,-1,255
111725.0,-14,-17,374
111727.5,-14,-17,374
111730.0,-3,-54,247
111732.5,102,12,336
111735.0,-1,15,383
111737.5,-25,-32,321
111740.0,41,-8,204
111742.5,-25,0,292
111745.0,38,3,349
111747.5,23,-53,272
111750.0,-23,-15,364
111752.5,46,0,304
111755.0,-79,-13,336
111757.5,-21,-48,281
111760.0,-80,-34,298
111762.5,-6,-23,345
111765.0,0,-15,333
111767.5,34,5,257
111770.0,-4,31,341
111772.5,-8,-18,304
111775.0,19,22,267
111777.5,19,22,267
111780.0,-20,-28,360
111782.5,35,44,264
111785.0,13,-13,314
111787.5,54,-12,295
111790.0,29,10,306
111792.5,-5,-12,342
111795.0,-43,-44,276
111797.5,-18,-25,316
111800.0,-18,-13,290
111802.5,-31,10,205
111805.0,-28,-23,292
111807.5,-21,25,293
111810.0,-4,-11,284
111812.5,8,12,298
111815.0,41,-18,264
111817.5,-35,-14,376
111820.0,14,-15,264
111822.5,25,-21,267
111825.0,2,-12,302
111827.5,2,-12,302
111830.0,63,2,283
111832.5,28,-30,310
111835.0,-6,8,311
111837.5,94,69,279
111840.0,-53,-7,358
111842.5,96,28,234
111845.0,79,47,255
111847.5,-13,-14,282
111850.0,36,-16,286
111852.5,36,-4,314
111855.0,14,-36,344
111857.5,20,-17,247
111860.0,-22,-5,364
111862.5,71,-9,209
111865.0,70,34,289
111867.5,-4,7,313
111870.0,-5,30,250
111872.5,25,9,331
111875.0,-5,-29,369
111877.5,-5,-29,369
111880.0,-13,4,257
111882.5,-17,-56,405
111885.0,33,38,294
111887.5,31,14,333
111890.0,11,-13,303
111892.5,26,11,295
111895.0,-15,-21,319
111897.5,-18,-15,274
111900.0,76,-14,211
111902.5,-19,2,332
111905.0,31,-21,252
111907.5,47,-8,326
111910.0,7,-44,334
111912.5,22,-5,360
111915.0,25,47,299
111917.5,5,24,340
111920.0,-4,-39,252
111922.5,-30,-27,382
111925.0,-42,-9,296
111927.5,-42,-9,296
111930.0,-22,1,238
111932.5,-6,-49,331
111935.0,2,35,309
111937.5,-13,21,337
111940.0,21,-7,359
111942.5,34,-41,266
111945.0,-28,-51,350
111947.5,31,25,200
111950.0,-57,29,256
111952.5,26,16,298
111955.0,-22,6,297
111957.5,-42,-13,259
111960.0,-7,15,319
111962.5,-26,-23,322
111965.0,-49,-26,295
111967.5,-54,-16,258
111970.0,47,5,293
111972.5,-41,-36,356
111975.0,21,13,270
111977.5,21,13,270
111980.0,-1,-16,331
111982.5,84,3,384
111985.0,-3,-25,337
111987.5,13,-7,302
111990.0,-2,-9,273
111992.5,-30,5,275
111995.0,9,15,352
111997.5,-52,-40,291
112000.0,60,21,281
112002.5,-6,0,370
112005.0,49,-1,291
112007.5,15,5,365
112010.0,18,7,284
112012.5,35,51,240
112015.0,35,-27,297
112017.5,25,-26,260
112020.0,43,16,298
112022.5,-41,17,318
112025.0,77,6,317
112027.5,77,6,317
112030.0,76,-7,348
112032.5,55,-1,303
112035.0,-60,4,247
112037.5,-34,-23,332
112040.0,14,-17,253
112042.5,-2,51,275
112045.0,-49,-6,296
112047.5,-6,-11,317
112050.0,60,-39,326
112052.5,51,-17,294
112055.0,-19,-4,233
112057.5,-30,-42,299
112060.0,52,-17,175
112062.5,56,-6,286
112065.0,-16,-32,363
112067.5,-53,-27,325
112070.0,27,-23,510
112072.5,-27,1,326
112075.0,-36,-34,220
112077.5,-36,-34,220
112080.0,15,2,292
112082.5,19,-19,270
112085.0,41,-10,202
112087.5,-11,48,373
112090.0,70,8,302
112092.5,35,35,260
112095.0,28,-18,333
112097.5,2,-4,235
112100.0,-46,-22,320
112102.5,48,-40,307
112105.0,12,6,363
112107.5,-16,-25,297
112110.0,-18,-64,413
112112.5,9,22,373
112115.0,-71,-26,297
112117.5,25,9,257
112120.0,5,-57,331
112122.5,96,52,229
112125.0,96,52,229
112127.5,44,-2,271
112130.0,-9,-11,260
112132.5,24,23,279
112135.0,16,-16,400
112137.5,81,42,327
112140.0,43,-28,312
112142.5,-43,-10,298
112145.0,104,37,222
112147.5,-8,1,232
112150.0,-31,-15,346
112152.5,-2,35,353
112155.0,-49,-12,358
112157.5,-7,7,245
112160.0,75,17,240
112162.5,15,-25,334
112165.0,3,-4,230
112167.5,17,26,289
112170.0,47,19,276
112172.5,60,-14,290
112175.0,60,-14,290
112177.5,18,-15,264
112180.0,-4,-38,340
112182.5,48,-20,266
112185.0,10,-13,320
112187.5,62,21,253
112190.0,126,12,311
112192.5,9,-19,300
112195.0,-32,6,342
112197.5,-22,-21,319
112200.0,39,19,317
112202.5,77,-11,255
112205.0,-12,-23,352
112207.5,87,39,259
112210.0,-49,-19,309
112212.5,-9,-27,380
112215.0,96,20,317
112217.5,10,-2,328
112220.0,55,1,301
112222.5,45,1,240
112225.0,45,1,240
112227.5,-20,4,295
112230.0,-11,-13,249
112232.5,17,7,311
112235.0,-44,16,305
112237.5,54,13,233
112240.0,-23,-51,343
112242.5,-26,-46,339
112245.0,-11,5,277
112247.5,-54,-36,291
112250.0,51,-20,260
112252.5,21,15,306
112255.0,-10,16,365
112257.5,42,0,270
112260.0,115,11,324
112262.5,-1,17,318
112265.0,20,-25,259
112267.5,-9,-4,246
112270.0,75,18,270
112272.5,23,-32,379
112275.0,23,-32,379
112277.5,-39,53,371
112280.0,20,5,318
112282.5,1,-54,344
112285.0,6,-28,298
112287.5,54,-69,274
112290.0,-2,-27,299
112292.5,16,-15,332
112295.0,26,-38,339
112297.5,22,-10,332
112300.0,63,-2,313
112302.5,17,5,376
112305.0,-9,-7,267
112307.5,25,-55,292
112310.0,-31,-12,303
112312.5,71,-3,263
112315.0,-5,-20,305
112317.5,11,-11,333
112320.0,6,-29,295
112322.5,31,26,360
112325.0,31,26,360
112327.5,12,-11,341
112330.0,53,5,214
112332.5,-40,-33,339
112335.0,24,12,252
112337.5,24,21,281
112340.0,29,13,350
112342.5,35,-8,332
112345.0,41,-2,359
112347.5,-25,-19,288
112350.0,-38,-60,261
112352.5,-43,5,383
112355.0,3,4,319
112357.5,-78,-45,313
112360.0,-16,-11,330
112362.5,88,-9,312
112365.0,-28,-19,284
112367.5,-11,-2,389
112370.0,20,57,244
112372.5,-57,-14,333
112375.0,-57,-14,333
112377.5,-41,5,248
112380.0,-7,16,312
112382.5,45,-53,321
112385.0,-3,-20,279
112387.5,12,-10,285
112390.0,15,11,320
112392.5,10,14,300
112395.0,25,-13,345
112397.5,70,33,251
112400.0,19,2,280
112402.5,32,-1,318
112405.0,-2,-17,285
112407.5,-49,-2,321
112410.0,1,-11,370
112412.5,39,-23,288
112415.0,-27,-11,398
112417.5,60,34,283
112420.0,-13,-40,282
112422.5,30,-5,271
112425.0,30,-5,271
112427.5,49,3,243
112430.0,-17,15,310
112432.5,99,-51,311
112435.0,39,57,276
112437.5,1,-60,376
112440.0,9,-14,233
112442.5,140,0,268
112445.0,45,17,296
112447.5,46,11,286
112450.0,38,-9,293
112452.5,-82,31,317
112455.0,62,-34,379
112457.5,62,-24,229
112460.0,16,-22,314
112462.5,91,16,216
112465.0,-92,-54,348
112467.5,6,-8,336
112470.0,-4,28,300
112472.5,-16,-7,336
112475.0,-16,-7,336
112477.5,16,-36,282
112480.0,29,-20,231
112482.5,22,-22,301
112485.0,-1,-13,258
112487.5,34,-16,353
112490.0,65,16,319
112492.5,19,46,340
112495.0,28,4,324
112497.5,-21,-16,290
112500.0,-2,-40,273
112502.5,-24,-44,225
112505.0,71,6,292
112507.5,-11,5,281
112510.0,1,-3,335
112512.5,-22,-47,321
112515.0,55,-10,325
112517.5,17,-1,318
112520.0,-5,-18,394
112522.5,7,-11,215
112525.0,7,-11,215
112527.5,-20,-2,291
112530.0,26,-8,327
112532.5,-4,2,300
112535.0,75,-11,319
112537.5,62,11,384
112540.0,-2,-4,292
112542.5,37,3,337
112545.0,48,16,230
112547.5,6,3,268
112550.0,-26,-37,284
112552.5,16,-8,302
112555.0,-13,-38,297
112557.5,15,-38,359
112560.0,32,23,271
112562.5,-34,-20,376
112565.0,34,-2,230
112567.5,42,-10,306
112570.0,18,3,281
112572.5,43,23,296
112575.0,43,23,296
112577.5,33,-1,299
112580.0,26,25,317
112582.5,20,-20,252
112585.0,38,-4,350
112587.5,36,3,237
112590.0,-58,-18,249
112592.5,-22,2,319
112595.0,-18,-2,275
112597.5,91,9,325
112600.0,59,-5,327
112602.5,-7,-12,272
112605.0,19,-13,334
112607.5,38,1,230
112610.0,15,39,209
112612.5,-45,-27,380
112615.0,7,-15,360
112617.5,-42,-10,273
112620.0,-2,-18,283
112622.5,-21,8,317
112625.0,-21,8,317
112627.5,4,-7,301
112630.0,51,-12,192
112632.5,38,-26,279
112635.0,-30,-32,380
112637.5,28,-27,370
112640.0,-19,-59,375
112642.5,-18,24,298
112645.0,11,-23,250
112647.5,90,14,386
112650.0,50,15,197
112652.5,-28,11,292
112655.0,-9,13,376
112657.5,-23,-15,286
112660.0,17,-41,277
112662.5,-16,23,329
112665.0,13,-35,251
112667.5,20,-6,268
112670.0,36,-32,260
112672.5,36,-32,260
112675.0,23,19,359
112677.5,-34,21,303
112680.0,58,28,270
112682.5,-53,-63,350
112685.0,21,32,302
112687.5,-2,-3,241
112690.0,35,16,333
112692.5,13,-40,289
112695.0,-25,5,346
112697.5,7,-3,333
112700.0,12,-25,286
112702.5,-33,-31,327
112705.0,6,-1,319
112707.5,54,1,299
112710.0,-29,-8,367
112712.5,29,-4,293
112715.0,29,-32,302
112717.5,-33,-17,338
112720.0,23,-4,284
112722.5,23,-4,284
112725.0,5,-25,276
112727.5,28,-32,321
112730.0,19,8,303
112732.5,6,-44,373
112735.0,68,9,235
112737.5,128,-2,334
112740.0,-33,-20,346
112742.5,49,-20,300
112745.0,53,-30,383
112747.5,5,-34,369
112750.0,45,-28,319
112752.5,24,6,333
112755.0,75,39,212
112757.5,-8,-18,267
112760.0,-7,-17,319
112762.5,44,31,294
112765.0,-8,-16,315
112767.5,-30,-18,325
112770.0,8,-33,249
112772.5,8,-33,249
112775.0,4,8,331
112777.5,-12,-13,266
112780.0,53,-18,331
112782.5,5,8,307
112785.0,-15,-17,294
112787.5,53,-4,336
112790.0,20,-15,360
112792.5,51,7,310
112795.0,-55,-23,360
112797.5,29,16,224
112800.0,85,29,215
112802.5,18,-24,220
112805.0,-1,-58,308
112807.5,-11,4,355
112810.0,-6,-70,412
112812.5,40,-40,328
112815.0,-51,-26,355
112817.5,-14,13,194
112820.0,19,-17,346
112822.5,19,-17,346
112825.0,27,-24,319
112827.5,53,16,126
112830.0,9,2,274
112832.5,-25,-41,376
112835.0,-27,1,241
112837.5,98,3,300
112840.0,59,38,98
112842.5,-7,-47,235
112845.0,4,19,354
112847.5,-36,19,376
112850.0,21,8,287
112852.5,-5,12,376
112855.0,54,-29,397
112857.5,45,-2,280
112860.0,91,9,215
112862.5,106,18,277
112865.0,28,-12,356
112867.5,-1,-21,314
112870.0,-59,-32,365
112872.5,-59,-32,365
112875.0,12,-14,346
112877.5,-15,-6,205
112880.0,-45,-18,347
112882.5,7,23,228
112885.0,25,34,212
112887.5,31,15,226
112890.0,-4,-11,323
112892.5,-38,-7,396
112895.0,27,-42,365
112897.5,13,-31,311
112900.0,51,-10,373
112902.5,82,23,264
112905.0,-4,-35,305
112907.5,18,-37,303
112910.0,39,24,334
112912.5,-25,-40,333
112915.0,77,15,302
112917.5,24,-46,359
112920.0,-2,-14,382
112922.5,-2,-14,382
112925.0,64,-14,264
112927.5,8,-3,322
112930.0,9,-43,307
112932.5,33,43,275
112935.0,-58,-5,283
112937.5,-32,-23,340
112940.0,4,10,329
112942.5,-70,-21,369
112945.0,21,14,253
112947.5,63,-2,293
112950.0,-14,0,285
112952.5,68,76,330
112955.0,51,2,319
112957.5,49,-7,324
112960.0,52,2,287
112962.5,29,-15,351
112965.0,77,40,274
112967.5,16,-1,289
112970.0,-32,-41,327
112972.5,-32,-41,327
112975.0,66,28,314
112977.5,-71,1,324
112980.0,72,52,279
112982.5,141,90,287
112985.0,10,-1,264
112987.5,27,16,260
112990.0,-17,2,271
112992.5,12,-31,345
112995.0,4,-1,364
112997.5,5,0,278
113000.0,-35,-7,217
113002.5,37,-23,339
113005.0,-37,-36,328
113007.5,80,-8,234
113010.0,26,-32,305
113012.5,-33,-2,347
113015.0,90,-12,276
113017.5,18,0,389
113020.0,27,-24,294
113022.5,27,-24,294
113025.0,25,-28,190
113027.5,-9,-31,326
113030.0,59,-17,283
113032.5,46,-64,317
113035.0,-5,-40,403
113037.5,24,19,350
113040.0,41,6,272
113042.5,-2,18,268
113045.0,5,19,225
113047.5,160,-41,326
113050.0,65,-1,204
113052.5,28,-29,301
113055.0,43,-46,396
113057.5,-14,-4,300
113060.0,-31,2,282
113062.5,28,41,344
113065.0,31,20,291
113067.5,40,26,309
113070.0,40,26,309
113072.5,100,-2,255
113075.0,6,-15,306
113077.5,-53,8,320
113080.0,-3,-8,263
113082.5,18,-18,340
113085.0,64,-31,324
113087.5,63,-4,280
113090.0,-18,-32,340
113092.5,59,46,230
113095.0,-44,-7,258
113097.5,21,-6,291
113100.0,54,29,229
113102.5,-26,-40,316
113105.0,-45,32,314
113107.5,103,37,248
113110.0,21,13,281
113112.5,-1,-33,250
113115.0,25,-10,309
113117.5,4,-5,349
113120.0,4,-5,349
113122.5,32,5,304
113125.0,-16,-22,264
113127.5,21,20,296
113130.0,0,40,298
113132.5,-27,-32,376
113135.0,56,20,264
113137.5,37,33,281
113140.0,20,6,298
113142.5,33,9,294
113145.0,-29,-27,330
113147.5,-4,-7,345
113150.0,-70,-41,314
113152.5,-35,-12,408
113155.0,16,-26,276
113157.5,13,-3,298
113160.0,-4,-28,305
113162.5,42,33,270
113165.0,7,-7,298
113167.5,38,2,313
113170.0,38,2,313
113172.5,41,17,298
113175.0,80,-38,322
113177.5,59,-15,337
113180.0,45,-16,186
113182.5,-75,-29,354
113185.0,54,15,221
113187.5,-109,-86,313
113190.0,-87,-62,310
113192.5,-15,6,358
113195.0,53,-4,338
113197.5,40,-35,372
113200.0,28,17,291
113202.5,-3,-13,285
113205.0,-7,0,295
113207.5,5,-6,326
113210.0,-12,-23,297
113212.5,25,-48,321
113215.0,63,-4,298
113217.5,94,31,352
113220.0,94,31,352
113222.5,74,-1,269
113225.0,21,14,286
113227.5,72,-9,279
113230.0,44,-4,302
113232.5,-32,-10,318
113235.0,62,-10,194
113237.5,16,1,353
113240.0,-22,19,182
113242.5,17,18,216
113245.0,68,10,366
113247.5,66,32,327
113250.0,12,3,318
113252.5,34,1,325
113255.0,15,50,358
113257.5,-28,-13,354
113260.0,-6,-84,249
113262.5,10,13,276
113265.0,-7,10,284
113267.5,-7,-21,297
113270.0,-7,-21,297
113272.5,-48,-22,311
113275.0,6,-9,329
113277.5,51,-29,304
113280.0,23,-17,360
113282.5,28,-2,220
113285.0,33,25,330
113287.5,-16,-12,265
113290.0,11,-18,338
113292.5,24,-7,334
113295.0,-18,-60,384
113297.5,18,8,299
113300.0,-39,-27,330
113302.5,13,13,257
113305.0,-48,0,286
113307.5,18,-6,312
113310.0,30,-3,250
113312.5,17,3,309
113315.0,33,26,324
113317.5,-2,-6,300
113320.0,-2,-6,300
113322.5,7,-12,345
113325.0,-13,-44,244
113327.5,-18,-35,272
113330.0,-17,-10,307
113332.5,35,21,321
113335.0,28,8,279
113337.5,10,15,341
113340.0,-11,-34,283
113342.5,-80,-19,334
113345.0,35,-27,268
113347.5,-35,6,253
113350.0,52,-75,308
113352.5,24,-33,248
113355.0,-49,-38,274
113357.5,-44,-25,297
113360.0,-9,-3,261
113362.5,-29,-4,349
113365.0,40,-35,237
113367.5,20,-6,298
113370.0,20,-6,298
113372.5,15,-32,354
113375.0,54,-11,254
113377.5,19,-67,389
113380.0,8,-15,339
113382.5,93,30,182
113385.0,-13,-36,309
113387.5,31,-30,258
113390.0,92,-47,355
113392.5,28,-19,345
113395.0,0,7,299
113397.5,52,-24,321
113400.0,29,11,348
113402.5,81,5,184
113405.0,-45,-2,338
113407.5,-30,-10,289
113410.0,-7,5,347
113412.5,-11,-27,333
113415.0,-28,-6,298
113417.5,-18,-40,293
113420.0,-18,-40,293
113422.5,-2,23,293
113425.0,72,-33,268
113427.5,3,-4,373
113430.0,29,-6,303
113432.5,-9,-25,255
113435.0,68,26,307
113437.5,28,-20,319
113440.0,-60,-52,323
113442.5,53,-8,382
113445.0,69,-5,237
113447.5,-2,-37,307
113450.0,-31,-29,278
113452.5,-54,-23,311
113455.0,-32,-24,358
113457.5,4,-4,304
113460.0,-59,-32,325
113462.5,106,0,362
113465.0,-48,-12,322
113467.5,41,-15,339
113470.0,41,-15,339
113472.5,16,-28,267
113475.0,57,0,281
113477.5,-57,10,254
113480.0,-15,16,261
113482.5,11,-15,316
113485.0,-7,-25,327
113487.5,24,-34,284
113490.0,14,-12,364
113492.5,65,13,292
113495.0,21,-9,259
113497.5,24,8,339
113500.0,57,24,315
113502.5,7,-33,350
113505.0,17,-8,344
113507.5,15,2,277
113510.0,3,-17,336
113512.5,-14,-20,293
113515.0,25,-15,230
113517.5,23,-7,320
113520.0,23,-7,320
113522.5,51,22,241
113525.0,-38,-3,298
113527.5,9,28,348
113530.0,52,-1,320
113532.5,6,-42,342
113535.0,29,-15,316
113537.5,93,31,255
113540.0,0,-21,302
113542.5,-65,-9,252
113545.0,84,18,270
113547.5,21,-86,404
113550.0,14,13,334
113552.5,-2,-50,341
113555.0,95,-1,288
113557.5,103,27,223
113560.0,-45,-25,306
113562.5,-82,-28,237
113565.0,3,-15,311
113567.5,57,4,295
113570.0,57,4,295
113572.5,27,-8,376
113575.0,90,34,280
113577.5,-32,-23,281
113580.0,9,-45,280
113582.5,40,-10,345
113585.0,15,-19,219
113587.5,6,-3,299
113590.0,-30,4,334
113592.5,-3,-60,352
113595.0,-24,-20,324
113597.5,-4,-3,353
113600.0,6,-13,287
113602.5,-10,3,371
113605.0,34,-32,262
113607.5,12,-14,273
113610.0,-42,21,282
113612.5,17,-9,255
113615.0,8,13,298
113617.5,-54,-51,329
113620.0,-54,-51,329
113622.5,-61,-42,330
113625.0,-14,-45,343
113627.5,30,29,253
113630.0,26,18,259
113632.5,-15,15,331
113635.0,40,5,331
113637.5,-14,7,330
113640.0,19,23,319
113642.5,70,-1,213
113645.0,-29,1,332
113647.5,46,32,261
113650.0,-17,19,369
113652.5,3,26,333
113655.0,35,35,260
113657.5,23,-2,278
113660.0,-5,-30,323
113662.5,114,31,258
113665.0,12,2,313
113667.5,12,2,313
113670.0,42,-6,243
113672.5,12,-28,280
113675.0,36,5,322
113677.5,57,-2,309
113680.0,-57,-27,331
113682.5,-1,-18,292
113685.0,13,-3,314
113687.5,-2,-18,330
113690.0,31,-5,256
113692.5,11,-22,280
113695.0,13,27,322
113697.5,39,-4,278
113700.0,69,39,339
113702.5,42,15,278
113705.0,31,-16,260
113707.5,-18,-14,313
113710.0,-11,0,273
113712.5,-23,-14,325
113715.0,33,-14,340
113717.5,33,-14,340
113720.0,0,14,265
113722.5,-52,-29,409
113725.0,-24,-33,340
113727.5,-22,-6,219
113730.0,-27,-30,279
113732.5,-7,-23,311
113735.0,-72,-28,331
113737.5,13,-3,389
113740.0,99,37,235
113742.5,5,14,271
113745.0,16,-32,283
113747.5,39,-40,369
113750.0,-8,-17,358
113752.5,32,10,307
113755.0,-63,23,340
113757.5,143,23,276
113760.0,104,21,242
113762.5,-49,-35,338
113765.0,33,35,196
113767.5,33,35,196
113770.0,-33,-35,323
113772.5,-24,-1,293
113775.0,47,48,254
113777.5,67,32,332
113780.0,-32,-29,330
113782.5,-4,5,269
113785.0,-6,-8,381
113787.5,-4,-9,187
113790.0,1,-26,327
113792.5,-20,19,295
113795.0,44,-5,297
113797.5,15,13,304
113800.0,9,-17,317
113802.5,26,-22,279
113805.0,32,57,430
113807.5,-18,7,304
113810.0,-20,-32,229
113812.5,-54,-41,311
113815.0,9,-19,313
113817.5,9,-19,313
113820.0,31,0,294
113822.5,-4,-18,367
113825.0,-19,-23,300
113827.5,-37,-14,325
113830.0,0,6,258
113832.5,26,7,268
113835.0,-37,-40,364
113837.5,101,-20,272
113840.0,29,16,296
113842.5,10,-30,323
113845.0,29,-1,278
113847.5,40,1,294
113850.0,9,-55,277
113852.5,75,-33,267
113855.0,-15,-27,326
113857.5,31,-41,298
113860.0,-12,-4,308
113862.5,-52,19,338
113865.0,41,21,319
113867.5,41,21,319
113870.0,26,-17,317
113872.5,38,-5,318
113875.0,88,6,287
113877.5,-62,-56,329
113880.0,-33,-21,238
113882.5,-26,-5,293
113885.0,35,15,342
113887.5,51,7,308
113890.0,57,11,290
113892.5,0,-14,332
113895.0,-17,-16,279
113897.5,-23,-58,357
113900.0,47,-17,254
113902.5,8,2,289
113905.0,-1,-28,345
113907.5,15,-15,258
113910.0,19,-29,364
113912.5,18,-4,413
113915.0,25,-3,343
113917.5,25,-3,343
113920.0,-1,-15,344
113922.5,64,25,95
113925.0,60,-14,196
113927.5,-21,-31,341
113930.0,48,14,276
113932.5,-29,-51,311
113935.0,37,-10,345
113937.5,-93,-80,430
113940.0,43,22,309
113942.5,-11,-2,205
113945.0,-44,-61,251
113947.5,3,-17,304
113950.0,5,-24,308
113952.5,117,-21,272
113955.0,62,2,371
113957.5,12,-20,351
113960.0,-45,-32,366
113962.5,43,-1,234
113965.0,59,24,236
113967.5,59,24,236
113970.0,13,-8,280
113972.5,48,16,393
113975.0,-14,-6,280
113977.5,36,-29,298
113980.0,43,17,277
113982.5,38,-4,371
113985.0,77,19,216
113987.5,65,-2,286
113990.0,13,-17,301
113992.5,32,14,330
113995.0,14,12,287
113997.5,33,-1,325
114000.0,66,6,250
114002.5,-13,0,342
114005.0,94,-37,217
114007.5,4,7,239
114010.0,-5,-1,312
114012.5,-4,-30,310
114015.0,-6,-30,347
114017.5,-6,-30,347
114020.0,73,10,336
114022.5,31,18,278
114025.0,25,1,360
114027.5,92,8,253
114030.0,-47,-3,277
114032.5,-35,-43,295
114035.0,48,12,310
114037.5,1,-13,283
114040.0,12,10,338
114042.5,51,11,287
114045.0,-16,-20,376
114047.5,23,-23,257
114050.0,34,-13,304
114052.5,-2,-46,314
114055.0,39,-28,299
114057.5,19,-23,354
114060.0,-48,-31,325
114062.5,-18,-22,292
114065.0,23,-58,353
114067.5,23,-58,353
114070.0,52,15,249
114072.5,2,-13,283
114075.0,23,14,331
114077.5,22,10,297
114080.0,11,-12,338
114082.5,34,-22,321
114085.0,37,-1,316
114087.5,-42,-9,324
114090.0,-50,-46,273
114092.5,-114,-65,234
114095.0,-16,-3,444
114097.5,-11,14,418
114100.0,-56,-42,323
114102.5,18,6,357
114105.0,64,-25,273
114107.5,-25,-28,289
114110.0,4,0,202
114112.5,-28,-59,296
114115.0,-38,-21,362
114117.5,-38,-21,362
114120.0,-48,-16,293
114122.5,-25,-39,309
114125.0,18,-24,326
114127.5,-25,12,233
114130.0,25,-34,388
114132.5,3,-51,283
114135.0,47,-22,231
114137.5,-51,-1,307
114140.0,5,-21,319
114142.5,55,9,324
114145.0,1,-23,316
114147.5,67,-18,271
114150.0,-72,-28,275
114152.5,46,-5,252
114155.0,1,4,338
114157.5,-85,76,304
114160.0,-69,-2,339
114162.5,-30,-11,308
114165.0,30,-3,289
114167.5,30,-3,289
114170.0,18,7,231
114172.5,-6,-3,310
114175.0,30,42,301
114177.5,-45,-6,325
114180.0,-17,-10,312
114182.5,49,-24,282
114185.0,-18,-12,313
114187.5,-32,-2,341
114190.0,-2,15,252
114192.5,-21,-37,386
114195.0,80,7,238
114197.5,44,-4,254
114200.0,18,-11,304
114202.5,79,15,304
114205.0,30,7,308
114207.5,42,-29,368
114210.0,51,6,310
114212.5,32,-20,350
114215.0,50,0,282
114217.5,50,0,282
114220.0,9,-16,331
114222.5,48,-6,331
114225.0,21,-31,289
114227.5,-25,-35,293
114230.0,13,33,353
114232.5,16,-36,323
114235.0,18,-8,352
114237.5,60,9,280
114240.0,32,-21,244
114242.5,26,-7,329
114245.0,14,9,264
114247.5,14,-1,316
114250.0,-23,-21,344
114252.5,-65,-15,278
114255.0,53,-17,351
114257.5,55,29,270
114260.0,47,-12,279
114262.5,-26,-24,306
114265.0,11,-1,275
114267.5,11,-1,275
114270.0,-13,-4,320
114272.5,-3,-29,335
114275.0,20,-7,328
114277.5,42,9,361
114280.0,1,-4,304
114282.5,16,5,232
114285.0,-72,-11,220
114287.5,-38,-11,259
114290.0,-101,-61,312
114292.5,0,-57,474
114295.0,53,5,285
114297.5,-8,-9,356
114300.0,-30,-20,308
114302.5,55,5,349
114305.0,-22,-31,306
114307.5,1,10,275
114310.0,71,9,212
114312.5,-6,-9,327
114315.0,38,-27,306
114317.5,38,-27,306
114320.0,62,11,337
114322.5,-36,-7,279
114325.0,0,-14,289
114327.5,2,-15,370
114330.0,-6,15,231
114332.5,10,14,323
114335.0,-31,6,362
114337.5,-23,-26,349
114340.0,66,-16,264
114342.5,15,25,347
114345.0,22,6,257
114347.5,-50,-22,325
114350.0,32,0,264
114352.5,-22,-9,389
114355.0,12,5,320
114357.5,-7,0,284
114360.0,-5,-25,299
114362.5,-29,-26,296
114365.0,94,18,254
114367.5,94,18,254
114370.0,41,20,233
114372.5,25,-5,315
114375.0,-21,20,334
114377.5,-10,-22,385
114380.0,40,-1,295
114382.5,19,9,378
114385.0,84,37,319
114387.5,-46,6,267
114390.0,24,-15,356
114392.5,31,-24,277
114395.0,-43,-23,313
114397.5,-14,16,317
114400.0,59,3,325
114402.5,-31,-39,340
114405.0,-34,-44,297
114407.5,81,-15,269
114410.0,47,3,301
114412.5,51,7,260
114415.0,16,11,279
114417.5,16,11,279
114420.0,47,12,332
114422.5,109,29,358
114425.0,2,-5,364
114427.5,37,24,287
114430.0,10,6,229
114432.5,-34,-20,317
114435.0,-9,11,266
114437.5,-65,-24,316
114440.0,-48,-11,350
114442.5,6,-8,318
114445.0,32,5,348
114447.5,29,-10,284
114450.0,-82,-30,262
114452.5,-17,-12,310
114455.0,128,-1,254
114457.5,30,30,273
114460.0,50,-65,351
114462.5,21,-37,206
114465.0,21,-37,206
114467.5,31,-11,404
114470.0,28,18,248
114472.5,-49,-83,215
114475.0,0,4,336
114477.5,45,-10,334
114480.0,33,-5,360
114482.5,22,-22,359
114485.0,18,17,279
114487.5,-42,-16,389
114490.0,13,32,217
114492.5,-58,-17,306
114495.0,30,-18,306
114497.5,1,-53,310
114500.0,0,-19,277
114502.5,-6,-62,323
114505.0,69,-22,222
114507.5,-12,-45,368
114510.0,56,9,256
114512.5,-3,48,302
114515.0,-3,48,302
114517.5,25,-24,334
114520.0,17,-15,345
114522.5,31,-48,293
114525.0,-29,13,330
114527.5,92,8,319
114530.0,3,-10,357
114532.5,31,18,245
114535.0,-60,-27,247
114537.5,-44,-21,322
114540.0,69,1,349
114542.5,-41,-13,350
114545.0,56,27,368
114547.5,-17,58,254
114550.0,-57,-37,343
114552.5,-12,-32,222
114555.0,110,5,258
114557.5,-59,-30,292
114560.0,-1,-22,400
114562.5,-60,-10,324
114565.0,-60,-10,324
114567.5,-52,-19,306
114570.0,0,-28,269
114572.5,16,-31,350
114575.0,7,15,232
114577.5,6,-3,261
114580.0,-7,-19,295
114582.5,20,4,286
114585.0,13,-8,303
114587.5,33,-59,360
114590.0,45,-16,328
114592.5,37,-7,349
114595.0,10,-9,271
114597.5,56,19,240
114600.0,-1,-12,308
114602.5,29,24,270
114605.0,-20,-20,286
114607.5,-25,-41,369
114610.0,62,-30,303
114612.5,-61,-18,337
114615.0,-61,-18,337
114617.5,-36,-25,297
114620.0,111,11,275
114622.5,12,-18,309
114625.0,93,3,273
114627.5,-11,-4,297
114630.0,9,-10,302
114632.5,32,16,264
114635.0,-77,-15,293
114637.5,21,-16,286
114640.0,34,-1,271
114642.5,-34,-38,294
114645.0,95,31,251
114647.5,-14,-8,297
114650.0,-11,-36,342
114652.5,-31,25,304
114655.0,59,-8,298
114657.5,8,-83,362
114660.0,14,-10,291
114662.5,-33,-44,470
114665.0,-33,-44,470
114667.5,53,-48,275
114670.0,-4,-1,292
114672.5,5,-20,296
114675.0,2,-5,316
114677.5,-29,-64,322
114680.0,-76,-68,250
114682.5,-6,-65,270
114685.0,-56,-21,250
114687.5,-48,-34,272
114690.0,-35,-37,311
114692.5,31,30,270
114695.0,46,-22,314
114697.5,-2,-6,342
114700.0,-37,-19,349
114702.5,42,0,303
114705.0,30,-2,331
114707.5,-43,-17,256
114710.0,2,5,265
114712.5,39,8,370
114715.0,39,8,370
114717.5,46,43,245
114720.0,34,-27,295
114722.5,-31,16,221
114725.0,9,6,167
114727.5,-26,-41,339
114730.0,16,-8,230
114732.5,1,-6,311
114735.0,-1,-6,340
114737.5,13,3,389
114740.0,-34,-18,339
114742.5,-39,-55,358
114745.0,105,38,258
114747.5,34,8,291
114750.0,-46,-11,245
114752.5,-55,-12,320
114755.0,-9,13,307
114757.5,0,-13,313
114760.0,-9,-31,330
114762.5,-17,-34,309
114765.0,-17,-34,309
114767.5,118,16,301
114770.0,-24,-17,280
114772.5,0,-9,275
114775.0,32,-1,269
114777.5,-10,-5,359
114780.0,44,-2,289
114782.5,38,-11,313
114785.0,4,10,307
114787.5,58,38,259
114790.0,12,-17,298
114792.5,-6,-16,305
114795.0,-11,-24,296
