Time_ms,X,Y,Z
0.0,28,19,316
2.5,31,26,273
5.0,38,-26,241
7.5,-18,0,332
10.0,69,-45,234
12.5,69,-45,234
15.0,-97,-42,387
17.5,-48,-3,275
20.0,113,80,92
22.5,44,83,284
25.0,28,-22,387
27.5,-2,-2,248
30.0,-5,7,405
32.5,11,-25,322
35.0,24,-1,172
37.5,41,0,312
40.0,-2,22,378
42.5,-25,-16,287
45.0,-20,-39,333
47.5,-1,27,271
50.0,-28,-25,300
52.5,-39,-56,386
55.0,57,5,289
57.5,44,-3,287
60.0,119,48,199
62.5,119,48,199
65.0,40,-59,398
67.5,18,-19,415
70.0,7,-18,393
72.5,-37,12,363
75.0,-59,-25,152
77.5,36,10,275
80.0,61,-4,359
82.5,67,31,319
85.0,78,-14,290
87.5,-9,13,249
90.0,39,22,209
92.5,-63,-30,445
95.0,-17,-57,330
97.5,58,67,241
100.0,-85,-71,379
102.5,-59,-22,275
105.0,-31,-4,431
107.5,45,13,266
110.0,2,21,299
112.5,2,21,299
115.0,20,-59,305
117.5,-82,-38,371
120.0,42,0,244
122.5,15,1,369
125.0,45,12,362
127.5,-20,-29,302
130.0,-3,12,231
132.5,47,22,320
135.0,-45,-12,511
137.5,136,37,297
140.0,32,4,375
142.5,-8,-37,348
145.0,30,-4,227
147.5,67,5,304
150.0,-4,-32,344
152.5,84,18,254
155.0,-15,-25,300
157.5,-39,-44,326
160.0,-4,-14,333
162.5,-4,-14,333
165.0,-30,-28,328
167.5,21,-6,267
170.0,12,-2,336
172.5,13,15,322
175.0,-17,-3,290
177.5,43,31,341
180.0,71,128,374
182.5,49,-29,311
185.0,75,-40,312
187.5,113,-22,335
190.0,27,-61,354
192.5,-20,-20,358
195.0,80,12,229
197.5,-23,12,299
200.0,-47,-47,317
202.5,89,9,349
205.0,-12,1,311
207.5,-34,-27,219
210.0,66,13,314
212.5,66,13,314
215.0,-28,-46,309
217.5,45,35,264
220.0,30,-14,347
222.5,33,30,311
225.0,114,-6,302
227.5,-26,69,360
230.0,39,-7,287
232.5,162,13,260
235.0,-129,-45,431
237.5,144,26,277
240.0,9,-6,293
242.5,-18,18,168
245.0,47,4,299
247.5,8,-32,440
250.0,-42,-52,297
252.5,53,22,250
255.0,23,28,320
257.5,-8,95,227
260.0,-8,95,227
262.5,39,8,285
265.0,11,97,271
267.5,42,-19,304
270.0,-47,-13,242
272.5,-16,-120,359
275.0,23,-31,335
277.5,-12,-10,319
280.0,61,-22,320
282.5,37,-24,272
285.0,-5,-38,297
287.5,34,-25,274
290.0,29,6,341
292.5,17,26,257
295.0,0,36,203
297.5,-25,-21,316
300.0,-3,-48,357
302.5,69,-3,274
305.0,-10,36,321
307.5,-3,-35,265
310.0,-3,-35,265
312.5,87,-30,249
315.0,-14,-2,420
317.5,-29,-20,268
320.0,-1,17,274
322.5,1,-32,310
325.0,45,13,178
327.5,-16,2,291
330.0,27,-7,314
332.5,26,52,286
335.0,12,-10,326
337.5,-26,-52,325
340.0,44,14,322
342.5,15,-14,337
345.0,80,43,294
347.5,29,3,263
350.0,1,-33,364
352.5,8,-22,219
355.0,-23,-31,261
357.5,-6,3,298
360.0,-6,3,298
362.5,-11,-18,277
365.0,38,-7,319
367.5,-23,-23,321
370.0,46,47,310
372.5,72,10,328
375.0,-19,-33,313
377.5,54,52,259
380.0,-36,-36,319
382.5,90,32,235
385.0,-31,11,284
387.5,-110,-43,465
390.0,-25,21,289
392.5,41,-6,350
395.0,-110,-17,291
397.5,-56,-50,444
400.0,-25,-55,354
402.5,-14,-36,399
405.0,142,38,91
407.5,-28,-34,334
410.0,-28,-34,334
412.5,18,-30,279
415.0,81,17,427
417.5,15,12,293
420.0,-2,7,216
422.5,-15,7,247
425.0,16,-6,380
427.5,-28,-11,339
430.0,-3,-29,362
432.5,55,-29,299
435.0,28,-32,224
437.5,-116,-94,436
440.0,-21,-57,411
442.5,48,-38,292
445.0,1,-2,404
447.5,-16,59,327
450.0,91,27,247
452.5,24,-10,253
455.0,69,37,339
457.5,-7,-34,317
460.0,-7,-34,317
462.5,6,-34,239
465.0,-20,0,240
467.5,-6,-32,312
470.0,86,9,300
472.5,53,5,358
475.0,27,-51,338
477.5,102,4,203
480.0,-53,-14,244
482.5,73,-3,174
485.0,12,22,342
487.5,-5,-22,337
490.0,-6,-23,353
492.5,-22,-65,349
495.0,46,40,307
497.5,46,5,292
500.0,-45,-23,345
502.5,18,30,184
505.0,21,32,317
507.5,10,-18,372
510.0,10,-18,372
512.5,101,23,137
515.0,240,159,147
517.5,54,30,286
520.0,23,-23,246
522.5,41,2,288
525.0,63,7,251
527.5,-20,-50,464
530.0,30,-32,340
532.5,-16,-43,283
535.0,13,-1,331
537.5,-58,-21,372
540.0,1,-17,256
542.5,-15,-43,303
545.0,-2,-18,312
547.5,-16,-46,314
550.0,18,8,313
552.5,66,15,307
555.0,-18,5,352
557.5,-9,-26,307
560.0,-9,-26,307
562.5,44,5,239
565.0,-14,-31,330
567.5,-47,-5,255
570.0,-62,34,341
572.5,-139,-104,191
575.0,162,8,341
577.5,-5,18,397
580.0,-22,-20,252
582.5,127,18,112
585.0,-49,-19,296
587.5,10,-17,285
590.0,37,16,335
592.5,14,7,247
595.0,70,-4,297
597.5,33,-38,327
600.0,-45,-19,294
602.5,23,3,382
605.0,-57,-64,376
607.5,69,10,266
610.0,69,10,266
612.5,35,-8,291
615.0,10,-22,205
617.5,23,-27,312
620.0,35,32,357
622.5,-232,-69,369
625.0,97,-11,277
627.5,-51,-11,337
630.0,-73,-32,370
632.5,50,4,261
635.0,-50,-41,340
637.5,36,-11,371
640.0,34,-6,350
642.5,-33,11,215
645.0,0,-26,264
647.5,15,8,290
650.0,24,-42,366
652.5,85,19,288
655.0,-25,-71,326
657.5,-25,-71,326
660.0,36,-9,384
662.5,38,-51,163
665.0,23,-33,495
667.5,75,58,380
670.0,-6,33,244
672.5,192,6,232
675.0,63,65,237
677.5,51,11,247
680.0,18,-33,390
682.5,-6,-19,323
685.0,39,1,306
687.5,37,-10,321
690.0,-48,13,314
692.5,6,-34,357
695.0,72,17,312
697.5,1,1,268
700.0,-43,9,383
702.5,-26,16,212
705.0,53,6,299
707.5,53,6,299
710.0,-1,-35,268
712.5,38,-37,210
715.0,46,13,289
717.5,9,11,321
720.0,8,-21,292
722.5,-31,-31,325
725.0,-15,-3,359
727.5,19,13,317
730.0,-1,-9,336
732.5,51,-5,292
735.0,45,-13,215
737.5,-31,-29,306
740.0,29,4,258
742.5,40,10,296
745.0,8,-44,323
747.5,38,2,318
750.0,-31,-5,329
752.5,-10,4,317
755.0,44,-8,321
757.5,44,-8,321
760.0,-37,-35,350
762.5,-19,-41,318
765.0,-96,-55,271
767.5,-82,8,185
770.0,21,34,240
772.5,-61,-96,317
775.0,-46,-58,376
777.5,-17,-7,329
780.0,17,10,337
782.5,-78,-50,304
785.0,4,14,239
787.5,-2,2,371
790.0,-5,5,289
792.5,65,-21,256
795.0,-4,-16,265
797.5,42,25,228
800.0,43,5,313
802.5,-34,-3,270
805.0,71,61,211
807.5,71,61,211
810.0,6,-39,331
812.5,-51,-1,307
815.0,-43,-51,414
817.5,-61,51,405
820.0,9,13,195
822.5,-6,28,230
825.0,-29,-33,177
827.5,-2,-15,298
830.0,77,21,272
832.5,-26,-53,320
835.0,62,22,288
837.5,-48,31,318
840.0,-55,-70,280
842.5,-61,-25,270
845.0,-7,-1,266
847.5,-16,-13,269
850.0,-55,-12,359
852.5,-5,-23,268
855.0,9,-75,307
857.5,9,-75,307
860.0,-66,-4,330
862.5,13,35,213
865.0,65,30,274
867.5,-21,-26,359
870.0,45,27,284
872.5,42,67,326
875.0,-43,-42,353
877.5,54,63,263
880.0,3,8,380
882.5,-51,-65,239
885.0,39,45,326
887.5,4,1,269
890.0,-67,-36,401
892.5,35,-6,379
895.0,30,1,264
897.5,-1,-14,313
900.0,16,17,360
902.5,20,7,287
905.0,-15,-8,295
907.5,-15,-8,295
910.0,28,-22,375
912.5,-19,12,262
915.0,23,-5,290
917.5,62,-2,360
920.0,64,6,269
922.5,-10,1,316
925.0,9,33,236
927.5,-7,4,307
930.0,22,-27,342
932.5,35,-28,303
935.0,149,47,291
937.5,-132,-92,271
940.0,-26,-103,281
942.5,-2,-53,391
945.0,35,-6,289
947.5,17,16,334
950.0,-10,-22,253
952.5,-5,12,301
955.0,-18,-5,360
957.5,-18,-5,360
960.0,-4,12,347
962.5,33,10,267
965.0,3,-4,329
967.5,41,35,223
970.0,17,-5,303
972.5,-16,-27,277
975.0,49,22,236
977.5,18,4,325
980.0,-13,25,331
982.5,33,-18,279
985.0,-59,30,188
987.5,-31,-40,324
990.0,161,25,296
992.5,-256,-225,283
995.0,32,-27,361
997.5,24,6,253
1000.0,7,2,204
1002.5,26,-24,319
1005.0,-4,-33,337
1007.5,-4,-33,337
1010.0,-21,-28,271
1012.5,22,-17,341
1015.0,-42,-17,465
1017.5,12,9,239
1020.0,-10,22,228
1022.5,29,-4,321
1025.0,-38,-65,245
1027.5,89,-33,401
1030.0,60,47,343
1032.5,6,-23,298
1035.0,55,-45,350
1037.5,11,14,316
1040.0,4,13,329
1042.5,14,16,386
1045.0,-10,-52,350
1047.5,28,-61,240
1050.0,-16,-28,308
1052.5,99,24,217
1055.0,99,24,217
1057.5,-41,-37,289
1060.0,-40,-27,312
1062.5,-11,10,271
1065.0,-39,-28,269
1067.5,-8,20,351
1070.0,-14,2,341
1072.5,-18,-5,326
1075.0,50,-5,289
1077.5,77,32,286
1080.0,-35,-54,374
1082.5,10,1,260
1085.0,-13,-10,257
1087.5,-1,-13,316
1090.0,70,13,272
1092.5,-4,3,330
1095.0,-21,-14,350
1097.5,47,-10,320
1100.0,-25,-28,372
1102.5,1,-18,304
1105.0,1,-18,304
1107.5,87,15,285
1110.0,65,-12,314
1112.5,-21,-56,319
1115.0,79,8,255
1117.5,10,16,326
1120.0,23,-13,243
1122.5,27,-8,301
1125.0,21,10,320
1127.5,65,16,295
1130.0,14,4,355
1132.5,16,3,344
1135.0,50,-14,305
1137.5,53,-8,388
1140.0,-23,-39,293
1142.5,300,50,161
1145.0,-48,-23,281
1147.5,55,-67,69
1150.0,44,80,193
1152.5,-36,-24,343
1155.0,-36,-24,343
1157.5,-76,-28,400
1160.0,28,-4,410
1162.5,40,14,196
1165.0,20,15,192
1167.5,14,-30,292
1170.0,53,-7,447
1172.5,129,-13,266
1175.0,-27,-32,316
1177.5,12,-32,247
1180.0,70,-8,300
1182.5,-17,-12,375
1185.0,-11,-10,319
1187.5,26,-1,320
1190.0,12,10,313
1192.5,-58,33,317
1195.0,-16,-53,376
1197.5,-22,3,366
1200.0,-53,0,343
1202.5,-51,-21,320
1205.0,-51,-21,320
1207.5,-48,13,278
1210.0,-37,9,273
1212.5,-36,-37,327
1215.0,45,12,334
1217.5,42,12,266
1220.0,0,-52,205
1222.5,8,-77,276
1225.0,-8,-2,351
1227.5,-59,-83,433
1230.0,72,62,391
1232.5,59,23,261
1235.0,69,-9,264
1237.5,-99,-68,177
1240.0,14,-17,302
1242.5,-26,-34,373
1245.0,-43,-21,245
1247.5,29,6,291
1250.0,12,-25,223
1252.5,38,4,238
1255.0,38,4,238
1257.5,77,-3,295
1260.0,-5,2,341
1262.5,53,1,219
1265.0,9,-2,259
1267.5,-65,-18,332
1270.0,-11,-4,319
1272.5,-26,9,342
1275.0,-3,-31,313
1277.5,64,2,287
1280.0,-21,-28,305
1282.5,-13,-1,392
1285.0,20,-8,330
1287.5,-3,-45,300
1290.0,36,-6,278
1292.5,-3,4,364
1295.0,-12,-28,315
1297.5,101,3,243
1300.0,-14,-20,312
1302.5,3,5,256
1305.0,3,5,256
1307.5,12,19,331
1310.0,-39,6,296
1312.5,60,17,331
1315.0,60,60,388
1317.5,9,-18,270
1320.0,-117,48,335
1322.5,-38,-35,416
1325.0,-27,3,316
1327.5,36,37,244
1330.0,15,-14,266
1332.5,-18,-7,303
1335.0,27,-25,406
1337.5,65,43,329
1340.0,21,-44,251
1342.5,-36,-35,302
1345.0,48,-7,282
1347.5,-17,-4,310
1350.0,-10,-4,254
1352.5,-47,6,315
1355.0,-47,6,315
1357.5,36,23,227
1360.0,46,-17,250
1362.5,19,23,293
1365.0,102,33,364
1367.5,97,-11,425
1370.0,-73,-22,335
1372.5,20,0,222
1375.0,-6,-12,276
1377.5,-5,3,404
1380.0,-20,25,299
1382.5,51,-22,279
1385.0,-1,41,240
1387.5,-34,19,387
1390.0,86,26,306
1392.5,6,-55,285
1395.0,103,48,275
1397.5,75,41,350
1400.0,-55,-22,304
1402.5,75,-49,284
1405.0,75,-49,284
1407.5,-56,-69,289
1410.0,54,24,327
1412.5,-2,-41,261
1415.0,-19,-17,322
1417.5,86,35,364
1420.0,-46,-28,273
1422.5,-15,49,362
1425.0,20,-10,295
1427.5,9,-4,273
1430.0,-5,-8,306
1432.5,11,-13,340
1435.0,9,-23,290
1437.5,32,43,312
1440.0,5,-6,290
1442.5,-20,-58,334
1445.0,-28,-11,319
1447.5,-20,-22,333
1450.0,-19,-15,348
1452.5,-19,-15,348
1455.0,37,-45,278
1457.5,42,98,242
1460.0,-43,-8,312
1462.5,17,23,230
1465.0,22,-4,290
1467.5,22,7,266
1470.0,36,-9,256
1472.5,-8,-16,324
1475.0,54,-16,361
1477.5,46,23,309
1480.0,-5,19,341
1482.5,81,65,282
1485.0,57,7,232
1487.5,-82,-85,334
1490.0,16,5,249
1492.5,21,-7,288
1495.0,-2,-31,343
1497.5,16,-17,316
1500.0,-32,-55,357
1502.5,-32,-55,357
1505.0,-1,19,321
1507.5,28,-3,312
1510.0,49,23,340
1512.5,44,36,285
1515.0,35,48,242
1517.5,-118,-87,331
1520.0,56,37,250
1522.5,-45,19,422
1525.0,9,27,288
1527.5,59,3,220
1530.0,93,27,342
1532.5,-34,-26,441
1535.0,-7,-13,310
1537.5,54,-21,344
1540.0,-4,0,179
1542.5,-43,-34,189
1545.0,134,41,293
1547.5,20,-24,353
1550.0,1,22,259
1552.5,1,22,259
1555.0,40,-35,265
1557.5,29,64,252
1560.0,-19,-74,343
1562.5,17,-39,250
1565.0,64,31,239
1567.5,-64,-44,262
1570.0,-99,-71,350
1572.5,50,68,379
1575.0,6,-38,442
1577.5,-11,-23,415
1580.0,-11,0,302
1582.5,-2,-22,211
1585.0,89,-3,344
1587.5,-19,-47,406
1590.0,105,-36,292
1592.5,20,-33,296
1595.0,-66,-7,248
1597.5,36,-7,238
1600.0,-12,-13,346
1602.5,-12,-13,346
1605.0,68,20,401
1607.5,23,-12,296
1610.0,-6,3,258
1612.5,-33,-34,300
1615.0,73,-7,364
1617.5,-17,-36,346
1620.0,19,12,303
1622.5,-4,9,290
1625.0,111,-8,333
1627.5,77,36,238
1630.0,50,9,269
1632.5,13,3,239
1635.0,-8,-8,294
1637.5,-34,-38,255
1640.0,50,0,321
1642.5,-64,-50,492
1645.0,16,-22,368
1647.5,42,39,297
1650.0,-8,-26,319
1652.5,-8,-26,319
1655.0,26,-3,254
1657.5,15,17,316
1660.0,-22,31,409
1662.5,14,-25,339
1665.0,36,24,265
1667.5,35,-13,286
1670.0,79,29,265
1672.5,11,2,298
1675.0,64,15,240
1677.5,82,31,311
1680.0,27,-16,334
1682.5,32,7,264
1685.0,30,45,306
1687.5,2,100,384
1690.0,-21,-39,291
1692.5,-81,-41,289
1695.0,157,47,350
1697.5,106,82,385
1700.0,-8,11,320
1702.5,-8,11,320
1705.0,9,3,211
1707.5,-13,8,340
1710.0,-28,-33,308
1712.5,78,20,357
1715.0,21,5,334
1717.5,-53,39,242
1720.0,3,-22,336
1722.5,-44,-45,305
1725.0,22,18,279
1727.5,-8,-33,356
1730.0,17,-5,295
1732.5,-9,-48,332
1735.0,79,26,348
1737.5,56,-35,293
1740.0,42,21,251
1742.5,-3,19,461
1745.0,80,82,373
1747.5,-9,-54,320
1750.0,-71,-64,247
1752.5,-71,-64,247
1755.0,7,-30,289
1757.5,-5,-8,415
1760.0,-48,-59,320
1762.5,36,-7,229
1765.0,71,41,399
1767.5,-48,-22,302
1770.0,-15,-23,302
1772.5,5,-31,276
1775.0,71,37,277
1777.5,-4,-60,356
1780.0,12,-102,356
1782.5,1,-10,300
1785.0,71,-31,290
1787.5,4,5,334
1790.0,20,-46,269
1792.5,-34,-24,352
1795.0,-5,-24,317
1797.5,10,23,247
1800.0,56,17,199
1802.5,56,17,199
1805.0,34,-23,197
1807.5,10,-2,317
1810.0,30,20,334
1812.5,24,34,326
1815.0,81,40,293
1817.5,-67,-48,346
1820.0,93,-7,273
1822.5,4,3,399
1825.0,51,-8,288
1827.5,15,6,277
1830.0,-2,-50,302
1832.5,-41,-13,227
1835.0,-55,-40,307
1837.5,-22,-32,313
1840.0,29,4,240
1842.5,6,-11,340
1845.0,-48,-1,332
1847.5,58,-3,302
1850.0,-9,-20,313
1852.5,-9,-20,313
1855.0,28,-19,304
1857.5,74,42,271
1860.0,-17,-14,344
1862.5,16,-2,261
1865.0,74,16,309
1867.5,-8,-19,314
1870.0,35,2,288
1872.5,-37,-30,310
1875.0,-45,-64,352
1877.5,23,3,278
1880.0,-21,-47,332
1882.5,47,-25,350
1885.0,40,-14,318
1887.5,11,-12,363
1890.0,-4,-41,272
1892.5,22,-26,72
1895.0,-66,-54,242
1897.5,36,-46,318
1900.0,-14,-37,354
1902.5,-14,-37,354
1905.0,57,-37,361
1907.5,99,71,273
1910.0,69,-12,413
1912.5,-39,-34,308
1915.0,67,-21,109
1917.5,-76,-9,285
1920.0,54,-31,293
1922.5,3,3,377
1925.0,8,-8,318
1927.5,-7,-33,226
1930.0,46,7,299
1932.5,-86,37,334
1935.0,42,-7,314
1937.5,-41,1,296
1940.0,-19,-54,278
1942.5,-2,-46,228
1945.0,-58,30,376
1947.5,33,41,389
1950.0,33,41,389
1952.5,97,31,314
1955.0,-25,-13,352
1957.5,11,-1,322
1960.0,31,20,232
1962.5,17,-1,307
1965.0,39,62,426
1967.5,5,-17,383
1970.0,-4,10,198
1972.5,46,-28,270
1975.0,6,-6,293
1977.5,-29,-9,314
1980.0,13,-6,319
1982.5,-38,31,353
1985.0,76,58,140
1987.5,9,-11,359
1990.0,-5,36,293
1992.5,-12,18,358
1995.0,10,-31,333
1997.5,-5,-11,294
2000.0,-5,-11,294
2002.5,12,-38,342
2005.0,-54,7,332
2007.5,-55,-13,375
2010.0,-67,11,224
2012.5,54,-10,204
2015.0,-9,7,313
2017.5,67,26,387
2020.0,74,2,176
2022.5,62,14,280
2025.0,-93,-94,412
2027.5,64,18,275
2030.0,-11,-29,368
2032.5,41,-46,232
2035.0,8,-2,409
2037.5,-21,-6,276
2040.0,-10,-72,283
2042.5,24,-2,295
2045.0,45,-37,365
2047.5,-3,3,270
2050.0,-3,3,270
2052.5,-3,23,341
2055.0,27,15,314
2057.5,7,-8,319
2060.0,-15,-16,315
2062.5,13,-4,249
2065.0,20,-25,361
2067.5,16,-30,346
2070.0,74,30,268
2072.5,-22,-29,330
2075.0,58,72,192
2077.5,-96,-52,405
2080.0,-14,-24,121
2082.5,26,22,348
2085.0,5,-21,432
2087.5,4,-13,336
2090.0,91,8,134
2092.5,-56,-40,365
2095.0,20,13,192
2097.5,37,5,424
2100.0,37,5,424
2102.5,-29,-15,267
2105.0,5,-14,202
2107.5,26,-13,339
2110.0,-2,5,317
2112.5,22,4,350
2115.0,40,-16,360
2117.5,-16,-22,287
2120.0,90,-2,297
2122.5,-36,-19,302
2125.0,0,20,237
2127.5,18,-46,294
2130.0,71,-30,318
2132.5,72,69,221
2135.0,238,119,331
2137.5,-114,12,494
2140.0,41,-29,354
2142.5,-26,-35,204
2145.0,-39,-80,182
2147.5,94,41,271
2150.0,94,41,271
2152.5,-60,-56,413
2155.0,-15,33,135
2157.5,17,-6,278
2160.0,-59,-34,326
2162.5,22,55,298
2165.0,0,-7,334
2167.5,37,-35,307
2170.0,37,-37,230
2172.5,152,63,351
2175.0,81,-31,383
2177.5,63,13,310
2180.0,-51,-105,311
2182.5,20,-1,273
2185.0,25,-1,276
2187.5,60,62,285
2190.0,2,27,281
2192.5,19,-14,296
2195.0,1,39,350
2197.5,35,29,324
2200.0,35,29,324
2202.5,4,-36,336
2205.0,-4,8,291
2207.5,16,-13,256
2210.0,-20,12,345
2212.5,86,12,228
2215.0,-2,-13,309
2217.5,44,-6,331
2220.0,41,62,269
2222.5,7,-2,303
2225.0,-22,-19,309
2227.5,46,16,289
2230.0,42,-5,362
2232.5,-3,26,314
2235.0,30,-21,305
2237.5,29,9,351
2240.0,2,-52,305
2242.5,31,12,234
2245.0,-21,2,298
2247.5,70,29,235
2250.0,70,29,235
2252.5,-8,-24,272
2255.0,-42,-57,278
2257.5,32,-14,284
2260.0,8,-15,349
2262.5,2,23,326
2265.0,51,-15,327
2267.5,50,-24,369
2270.0,-5,-44,348
2272.5,5,-22,254
2275.0,184,14,171
2277.5,180,67,212
2280.0,210,26,163
2282.5,4,11,289
2285.0,-23,15,319
2287.5,43,-2,346
2290.0,-14,9,127
2292.5,22,34,298
2295.0,18,-37,360
2297.5,31,20,356
2300.0,31,20,356
2302.5,112,24,275
2305.0,-14,-38,312
2307.5,-1,-4,240
2310.0,23,40,330
2312.5,3,4,363
2315.0,57,-1,339
2317.5,6,-16,270
2320.0,12,-12,336
2322.5,158,127,235
2325.0,29,18,273
2327.5,35,-47,243
2330.0,-47,-25,201
2332.5,-34,-38,164
2335.0,53,13,244
2337.5,-39,7,389
2340.0,-31,-56,343
2342.5,30,-13,316
2345.0,47,14,308
2347.5,-6,-34,447
2350.0,-6,-34,447
2352.5,41,31,318
2355.0,-82,-35,462
2357.5,83,30,261
2360.0,-2,33,314
2362.5,-21,2,243
2365.0,72,-1,298
2367.5,37,40,242
2370.0,-9,-28,344
2372.5,-12,8,356
2375.0,-65,-48,318
2377.5,73,66,203
2380.0,26,10,405
2382.5,-60,-16,478
2385.0,-12,19,431
2387.5,-38,-14,390
2390.0,-35,-39,244
2392.5,70,20,250
2395.0,10,17,260
2397.5,66,17,136
2400.0,66,17,136
2402.5,4,-27,340
2405.0,-121,-17,301
2407.5,14,10,277
2410.0,-7,-66,355
2412.5,2,-10,302
2415.0,32,2,390
2417.5,16,-12,253
2420.0,30,-5,248
2422.5,34,3,289
2425.0,13,12,316
2427.5,25,0,321
2430.0,-5,6,345
2432.5,26,27,234
2435.0,-23,-11,289
2437.5,19,-24,311
2440.0,9,14,278
2442.5,85,30,231
2445.0,25,90,341
2447.5,68,116,151
2450.0,68,116,151
2452.5,-157,0,411
2455.0,22,48,279
2457.5,-9,-3,300
2460.0,54,36,236
2462.5,12,6,251
2465.0,9,-1,343
2467.5,-63,-35,336
2470.0,44,1,293
2472.5,-12,-10,325
2475.0,27,40,269
2477.5,53,-1,308
2480.0,-51,-21,326
2482.5,69,-15,252
2485.0,14,-4,298
2487.5,14,10,327
2490.0,-44,19,211
2492.5,-60,-49,330
2495.0,-49,-97,271
2497.5,-49,-97,271
2500.0,67,39,363
2502.5,28,-2,338
2505.0,1,-31,279
2507.5,-12,-50,371
2510.0,51,29,298
2512.5,-46,-61,349
2515.0,-1,-24,304
2517.5,7,-23,301
2520.0,32,-2,425
2522.5,-22,-70,377
2525.0,-148,-83,301
2527.5,77,-9,242
2530.0,55,23,365
2532.5,-29,-90,324
2535.0,-29,-12,325
2537.5,26,-66,262
2540.0,-11,17,296
2542.5,-51,-36,270
2545.0,6,16,348
2547.5,6,16,348
2550.0,5,7,297
2552.5,109,-41,379
2555.0,4,9,358
2557.5,98,-16,252
2560.0,-55,-29,418
2562.5,1,-30,291
2565.0,51,7,315
2567.5,-10,-14,303
2570.0,88,10,240
2572.5,-60,-31,307
2575.0,-39,-15,364
2577.5,12,-11,299
2580.0,-38,-58,250
2582.5,15,17,320
2585.0,67,-1,307
2587.5,58,56,308
2590.0,20,-35,247
2592.5,61,8,233
2595.0,-71,-48,296
2597.5,-71,-48,296
2600.0,10,-18,259
2602.5,75,30,250
2605.0,48,23,296
2607.5,41,12,262
2610.0,46,0,300
2612.5,-9,-16,387
2615.0,66,11,316
2617.5,-54,-19,316
2620.0,23,3,292
2622.5,-38,-42,289
2625.0,-2,13,338
2627.5,-7,-35,238
2630.0,-12,-14,267
2632.5,20,11,310
2635.0,32,-6,291
2637.5,0,7,302
2640.0,-18,17,344
2642.5,-59,-28,301
2645.0,10,-24,354
2647.5,10,-24,354
2650.0,-6,18,328
2652.5,38,52,388
2655.0,0,-50,382
2657.5,0,-17,256
2660.0,-1,-2,372
2662.5,-32,-44,413
2665.0,41,10,308
2667.5,69,9,300
2670.0,-8,-10,177
2672.5,3,-23,266
2675.0,22,-4,379
2677.5,-63,-60,434
2680.0,113,1,252
2682.5,-30,-25,297
2685.0,54,-2,191
2687.5,65,13,314
2690.0,-26,-48,329
2692.5,18,-12,284
2695.0,33,1,292
2697.5,33,1,292
2700.0,-38,-21,284
2702.5,-39,85,304
2705.0,-5,20,418
2707.5,-1,-54,297
2710.0,116,-17,286
2712.5,0,11,241
2715.0,47,27,184
2717.5,10,-9,318
2720.0,-40,-1,437
2722.5,19,16,332
2725.0,-2,-20,290
2727.5,11,-6,289
2730.0,16,-52,252
2732.5,-7,67,197
2735.0,17,25,301
2737.5,-4,-41,362
2740.0,-43,-27,326
2742.5,43,4,359
2745.0,-115,-64,392
2747.5,-115,-64,392
2750.0,27,10,238
2752.5,-10,-5,269
2755.0,-103,-72,268
2757.5,77,10,261
2760.0,2,-55,152
2762.5,-68,-32,170
2765.0,32,-32,327
2767.5,-97,-43,416
2770.0,4,-17,211
2772.5,25,-12,229
2775.0,-10,-33,305
2777.5,53,17,251
2780.0,27,-33,333
2782.5,-13,-7,352
2785.0,66,12,335
2787.5,13,-30,328
2790.0,8,-9,401
2792.5,66,48,233
2795.0,-28,-46,249
2797.5,-28,-46,249
2800.0,69,32,268
2802.5,64,4,330
2805.0,-72,-42,353
2807.5,26,32,306
2810.0,6,-16,330
2812.5,-27,-26,294
2815.0,50,9,296
2817.5,-9,-2,316
2820.0,9,26,293
2822.5,-40,53,234
2825.0,-83,-101,270
2827.5,-106,-28,296
2830.0,-139,19,442
2832.5,-67,-46,321
2835.0,60,1,245
2837.5,12,-25,224
2840.0,-10,1,273
2842.5,-10,-33,371
2845.0,-10,-41,328
2847.5,-10,-41,328
2850.0,22,-1,285
2852.5,0,-3,360
2855.0,-14,-42,311
2857.5,104,64,324
2860.0,-16,-16,362
2862.5,25,-56,230
2865.0,-30,37,278
2867.5,29,2,234
2870.0,134,63,204
2872.5,97,46,221
2875.0,-103,-136,390
2877.5,-80,-20,391
2880.0,-19,-23,404
2882.5,13,-6,132
2885.0,103,45,225
2887.5,6,10,335
2890.0,27,-3,229
2892.5,-50,3,311
2895.0,-35,-14,360
2897.5,-35,-14,360
2900.0,43,36,309
2902.5,-48,-17,275
2905.0,27,23,309
2907.5,97,37,307
2910.0,110,99,307
2912.5,184,65,270
2915.0,133,13,286
2917.5,4,-37,340
2920.0,-27,-41,254
2922.5,88,23,339
2925.0,-7,-42,310
2927.5,9,10,280
2930.0,52,9,315
2932.5,6,6,336
2935.0,20,-22,363
2937.5,15,-27,385
2940.0,-10,-28,265
2942.5,59,47,319
2945.0,-76,-43,351
2947.5,-76,-43,351
2950.0,-31,-41,357
2952.5,-11,-57,357
2955.0,-10,-24,284
2957.5,49,19,259
2960.0,-59,-53,364
2962.5,19,15,323
2965.0,1,-19,332
2967.5,-24,14,250
2970.0,53,-4,359
2972.5,-4,-39,275
2975.0,54,10,353
2977.5,42,17,286
2980.0,-8,-47,258
2982.5,-33,-22,275
2985.0,10,-2,259
2987.5,14,-12,282
2990.0,42,22,307
2992.5,68,-21,275
2995.0,68,-21,275
2997.5,57,35,318
3000.0,-15,28,320
3002.5,-3,-9,296
3005.0,20,1,316
3007.5,40,2,322
3010.0,42,-6,265
3012.5,33,34,331
3015.0,12,-24,249
3017.5,-20,-21,289
3020.0,3,-7,314
3022.5,3,1,269
3025.0,8,-16,347
3027.5,11,-20,355
3030.0,14,-46,208
3032.5,56,55,161
3035.0,-50,-57,300
3037.5,8,9,406
3040.0,-29,-84,483
3042.5,-86,-24,318
3045.0,-86,-24,318
3047.5,22,-66,383
3050.0,49,17,192
3052.5,-9,-2,206
3055.0,18,-6,355
3057.5,35,28,446
3060.0,17,9,326
3062.5,-40,18,290
3065.0,32,-2,270
3067.5,35,-17,338
3070.0,-17,4,306
3072.5,-44,-40,260
3075.0,-13,-40,263
3077.5,40,-52,147
3080.0,51,-21,361
3082.5,38,-9,348
3085.0,0,-54,396
3087.5,-5,-10,224
3090.0,27,-25,168
3092.5,4,-6,150
3095.0,4,-6,150
3097.5,-10,14,339
3100.0,42,20,346
3102.5,20,-4,310
3105.0,-53,-2,341
3107.5,38,41,297
3110.0,-19,-4,325
3112.5,-49,23,284
3115.0,16,-7,284
3117.5,53,29,263
3120.0,-26,-24,262
3122.5,76,13,188
3125.0,22,-8,322
3127.5,19,1,327
3130.0,59,2,264
3132.5,-76,11,334
3135.0,45,25,276
3137.5,-45,-29,407
3140.0,25,25,221
3142.5,-3,-23,334
3145.0,-3,-23,334
3147.5,10,34,312
3150.0,13,31,364
3152.5,21,-29,147
3155.0,-32,-38,219
3157.5,-10,27,252
3160.0,-24,12,293
3162.5,-36,-35,323
3165.0,-20,-31,292
3167.5,14,16,279
3170.0,1,-34,277
3172.5,15,5,285
3175.0,-57,-62,353
3177.5,34,-4,252
3180.0,23,-20,306
3182.5,5,20,318
3185.0,49,-23,310
3187.5,-3,-20,353
3190.0,30,-22,286
3192.5,43,-39,251
3195.0,43,-39,251
3197.5,-34,-7,329
3200.0,99,5,221
3202.5,111,-7,316
3205.0,146,27,339
3207.5,-73,-46,349
3210.0,8,-19,333
3212.5,43,18,294
3215.0,116,34,220
3217.5,-15,11,373
3220.0,-8,-51,276
3222.5,6,25,330
3225.0,-52,-44,276
3227.5,70,13,241
3230.0,3,-18,348
3232.5,-55,-29,324
3235.0,53,3,341
3237.5,-32,-39,370
3240.0,-46,23,245
3242.5,39,4,377
3245.0,39,4,377
3247.5,-79,-26,312
3250.0,-54,62,256
3252.5,-81,-70,400
3255.0,161,19,305
3257.5,-24,-20,336
3260.0,-19,-16,245
3262.5,35,25,235
3265.0,45,-11,301
3267.5,3,26,398
3270.0,64,6,225
3272.5,4,-7,237
3275.0,-13,37,242
3277.5,38,-27,294
3280.0,98,1,327
3282.5,-26,-25,355
3285.0,-14,-41,242
3287.5,63,-4,425
3290.0,14,-31,286
3292.5,-19,-21,294
3295.0,-19,-21,294
3297.5,-12,7,267
3300.0,71,-16,248
3302.5,53,-8,262
3305.0,-28,9,344
3307.5,37,34,321
3310.0,-18,26,306
3312.5,74,-27,325
3315.0,44,-18,368
3317.5,-4,-15,306
3320.0,-30,13,321
3322.5,-25,23,335
3325.0,-69,-59,452
3327.5,10,-57,285
3330.0,72,-7,319
3332.5,-2,-56,271
3335.0,104,-14,294
3337.5,25,7,303
3340.0,29,-62,327
3342.5,6,-41,299
3345.0,6,-41,299
3347.5,6,1,322
3350.0,9,5,322
3352.5,-1,3,299
3355.0,11,-17,354
3357.5,-3,-22,312
3360.0,62,3,264
3362.5,21,12,301
3365.0,14,-30,252
3367.5,-16,6,274
3370.0,25,25,315
3372.5,59,31,263
3375.0,15,-10,333
3377.5,-35,-30,335
3380.0,39,-34,322
3382.5,-57,-41,305
3385.0,-24,-31,330
3387.5,10,-15,258
3390.0,-21,-25,322
3392.5,10,-9,230
3395.0,10,-9,230
3397.5,74,13,277
3400.0,-14,-8,320
3402.5,32,-1,325
3405.0,-21,26,310
3407.5,94,40,176
3410.0,103,21,208
3412.5,38,-38,259
3415.0,-109,-7,387
3417.5,7,-30,460
3420.0,-30,-36,428
3422.5,7,-4,172
3425.0,17,-5,216
3427.5,-58,-42,241
3430.0,81,31,267
3432.5,26,-9,416
3435.0,3,-5,288
3437.5,13,-8,296
3440.0,-71,-71,360
3442.5,5,-40,331
3445.0,5,-40,331
3447.5,64,27,266
3450.0,114,35,253
3452.5,-49,27,233
3455.0,-7,-30,136
3457.5,1,-3,372
3460.0,64,-23,289
3462.5,-15,-22,369
3465.0,27,-44,300
3467.5,111,54,78
3470.0,2,-9,365
3472.5,-50,-22,338
3475.0,42,13,327
3477.5,-51,-17,255
3480.0,11,-4,289
3482.5,-22,22,332
3485.0,21,-1,280
3487.5,67,38,301
3490.0,-55,-14,405
3492.5,-55,-14,405
3495.0,8,-10,317
3497.5,6,-21,410
3500.0,-10,-7,351
3502.5,4,6,373
3505.0,10,8,367
3507.5,5,2,220
3510.0,61,9,277
3512.5,27,-1,344
3515.0,59,12,211
3517.5,40,-6,297
3520.0,-30,-16,349
3522.5,-19,-39,276
3525.0,41,-38,292
3527.5,54,-33,344
3530.0,-42,-15,325
3532.5,12,-17,340
3535.0,-14,4,225
3537.5,19,-11,247
3540.0,19,14,322
3542.5,19,14,322
3545.0,-9,-52,278
3547.5,28,39,205
3550.0,-59,-24,340
3552.5,65,0,292
3555.0,59,34,343
3557.5,19,-8,236
3560.0,7,-11,348
3562.5,-31,-57,361
3565.0,9,7,309
3567.5,-7,6,332
3570.0,4,45,308
3572.5,-6,-31,310
3575.0,-27,-24,357
3577.5,93,49,286
3580.0,-20,-42,326
3582.5,172,37,275
3585.0,174,-28,278
3587.5,-122,-95,382
3590.0,196,69,467
3592.5,196,69,467
3595.0,64,-5,411
3597.5,-9,10,385
3600.0,32,-20,103
3602.5,32,1,356
3605.0,-25,-5,364
3607.5,11,-9,328
3610.0,4,-31,304
3612.5,-57,-41,290
3615.0,67,-7,347
3617.5,-44,10,369
3620.0,-32,-48,264
3622.5,79,51,266
3625.0,20,0,240
3627.5,-28,-26,301
3630.0,-5,-42,234
3632.5,-100,20,356
3635.0,153,29,355
3637.5,-69,-54,411
3640.0,150,10,366
3642.5,150,10,366
3645.0,36,-8,414
3647.5,-47,-24,327
3650.0,5,12,189
3652.5,58,33,269
3655.0,-149,-2,353
3657.5,-19,-2,299
3660.0,-3,-7,299
3662.5,-31,-9,318
3665.0,28,1,331
3667.5,7,-25,313
3670.0,-41,-80,350
3672.5,35,-8,192
3675.0,32,-12,294
3677.5,-4,-90,310
3680.0,-57,-10,277
3682.5,130,64,330
3685.0,-35,114,228
3687.5,70,57,240
3690.0,70,-32,307
3692.5,70,-32,307
3695.0,79,36,299
3697.5,-21,-24,334
3700.0,56,24,309
3702.5,14,-8,294
3705.0,-52,-24,317
3707.5,16,-8,232
3710.0,47,21,278
3712.5,-31,-18,305
3715.0,56,24,259
3717.5,34,8,281
3720.0,12,-13,326
3722.5,59,18,284
3725.0,16,-32,352
3727.5,11,-23,376
3730.0,-47,16,372
3732.5,46,-11,369
3735.0,13,-7,327
3737.5,3,-26,238
3740.0,-31,-16,307
3742.5,-31,-16,307
3745.0,57,24,245
3747.5,-86,-19,294
3750.0,34,13,299
3752.5,29,11,282
3755.0,26,-2,320
3757.5,-56,-43,328
3760.0,33,-11,281
3762.5,-3,-16,327
3765.0,5,-9,297
3767.5,29,-39,257
3770.0,21,12,348
3772.5,49,-9,240
3775.0,48,-3,244
3777.5,17,18,262
3780.0,-10,-22,241
3782.5,-5,-26,272
3785.0,-60,48,384
3787.5,-31,20,292
3790.0,118,50,197
3792.5,118,50,197
3795.0,-12,4,242
3797.5,-36,-27,415
3800.0,-61,-51,511
3802.5,53,32,269
3805.0,37,66,262
3807.5,-21,-25,158
3810.0,17,-1,201
3812.5,64,-3,317
3815.0,-30,5,400
3817.5,-20,-54,284
3820.0,-22,-15,273
3822.5,31,-6,295
3825.0,-10,3,246
3827.5,-56,-28,317
3830.0,-38,-3,274
3832.5,4,-41,297
3835.0,-147,-62,406
3837.5,96,51,391
3840.0,11,-51,373
3842.5,11,-51,373
3845.0,41,25,363
3847.5,115,50,89
3850.0,49,19,212
3852.5,-10,-14,227
3855.0,46,-14,408
3857.5,-9,29,262
3860.0,68,-29,281
3862.5,69,-43,329
3865.0,55,-13,346
3867.5,122,29,313
3870.0,54,-5,348
3872.5,61,39,216
3875.0,17,8,329
3877.5,19,103,289
3880.0,76,1,297
3882.5,-31,-13,406
3885.0,-44,-72,300
3887.5,9,-6,275
3890.0,-30,-10,120
3892.5,-30,-10,120
3895.0,-28,-14,238
3897.5,19,-10,352
3900.0,-13,21,298
3902.5,-11,-6,339
3905.0,8,3,342
3907.5,-33,4,417
3910.0,41,-35,277
3912.5,-20,1,368
3915.0,35,-10,217
3917.5,9,4,413
3920.0,-7,0,293
3922.5,-39,-46,413
3925.0,-17,8,277
3927.5,-32,27,275
3930.0,48,10,215
3932.5,11,-53,364
3935.0,4,12,271
3937.5,4,6,316
3940.0,4,6,316
3942.5,-46,-33,317
3945.0,40,-9,294
3947.5,-29,-32,333
3950.0,-10,-4,299
3952.5,8,33,216
3955.0,-75,-77,385
3957.5,-61,-8,248
3960.0,138,73,348
3962.5,189,94,398
3965.0,12,-20,351
3967.5,-63,-58,304
3970.0,40,11,203
3972.5,38,8,260
3975.0,-13,-26,369
3977.5,80,-1,260
3980.0,38,-7,261
3982.5,5,22,275
3985.0,41,0,273
3987.5,12,-1,309
3990.0,12,-1,309
3992.5,-48,-35,313
3995.0,-4,-84,395
3997.5,-57,-6,427
4000.0,43,-16,252
4002.5,-75,-53,240
4005.0,-14,-30,331
4007.5,-148,-40,276
4010.0,71,-9,511
4012.5,-3,-1,330
4015.0,-16,-5,289
4017.5,-47,-35,283
4020.0,-15,-25,286
4022.5,59,27,339
4025.0,-28,4,257
4027.5,45,8,316
4030.0,-10,10,348
4032.5,-50,-36,289
4035.0,19,11,283
4037.5,-4,2,320
4040.0,-4,2,320
4042.5,80,44,245
4045.0,86,10,334
4047.5,34,-58,370
4050.0,69,-40,307
4052.5,42,-31,295
4055.0,-106,-59,356
4057.5,31,2,283
4060.0,-21,30,347
4062.5,-60,-25,431
4065.0,46,-42,312
4067.5,3,-11,231
4070.0,17,-30,319
4072.5,32,-4,299
4075.0,-13,-4,304
4077.5,45,-62,345
4080.0,99,11,278
4082.5,-100,-57,406
4085.0,-7,-23,283
4087.5,21,-9,342
4090.0,21,-9,342
4092.5,33,-5,291
4095.0,31,-10,244
4097.5,-10,-51,316
4100.0,-25,10,359
4102.5,-10,-9,314
4105.0,-12,-29,358
4107.5,-15,-62,329
4110.0,25,8,345
4112.5,-57,-35,310
4115.0,4,-1,266
4117.5,-3,-60,303
4120.0,-76,-41,340
4122.5,22,-18,229
4125.0,-12,-28,291
4127.5,-20,-29,297
4130.0,-3,-2,273
4132.5,-16,-19,344
4135.0,3,-46,351
4137.5,34,-20,325
4140.0,34,-20,325
4142.5,5,2,332
4145.0,-43,-61,320
4147.5,38,-2,261
4150.0,23,-3,349
4152.5,24,13,248
4155.0,9,-51,302
4157.5,2,19,315
4160.0,-24,-53,281
4162.5,157,34,188
4165.0,55,-45,-25
4167.5,34,37,156
4170.0,-8,-13,405
4172.5,-21,-17,468
4175.0,29,0,370
4177.5,82,-5,286
4180.0,63,-1,140
4182.5,1,4,264
4185.0,27,5,359
4187.5,29,13,373
4190.0,29,13,373
4192.5,18,40,300
4195.0,-39,9,240
4197.5,33,7,328
4200.0,30,5,374
4202.5,27,-17,271
4205.0,33,0,281
4207.5,-27,0,317
4210.0,47,47,220
4212.5,118,120,364
4215.0,-18,-12,486
4217.5,20,3,297
4220.0,-8,-7,296
4222.5,-34,-36,176
4225.0,3,8,178
4227.5,-29,-28,328
4230.0,-57,-41,351
4232.5,1,3,330
4235.0,-31,-13,337
4237.5,11,-34,297
4240.0,11,-34,297
4242.5,-21,-11,392
4245.0,10,38,395
4247.5,116,14,240
4250.0,-11,-18,369
4252.5,43,-19,229
4255.0,-78,-23,511
4257.5,-36,-36,381
4260.0,42,30,343
4262.5,-26,-1,351
4265.0,96,58,202
4267.5,16,-28,162
4270.0,-88,-41,270
4272.5,6,9,290
4275.0,-24,-1,384
4277.5,-52,-17,258
4280.0,5,-15,293
4282.5,-62,-26,343
4285.0,-54,-13,254
4287.5,60,23,222
4290.0,60,23,222
4292.5,-6,-14,298
4295.0,45,9,247
4297.5,32,-5,312
4300.0,-41,-25,288
4302.5,32,-45,353
4305.0,-2,-45,368
4307.5,28,-37,270
4310.0,76,35,308
4312.5,-40,-16,263
4315.0,5,9,264
4317.5,-1,49,337
4320.0,-58,2,337
4322.5,-14,-47,275
4325.0,30,39,331
4327.5,28,41,227
4330.0,176,-5,286
4332.5,-58,-14,244
4335.0,-95,-54,279
4337.5,-95,-54,279
4340.0,-49,-37,400
4342.5,-64,-81,383
4345.0,59,-12,293
4347.5,-38,-6,297
4350.0,-14,-52,308
4352.5,33,-21,302
4355.0,-54,-15,289
4357.5,25,-4,245
4360.0,-6,-31,313
4362.5,25,-1,356
4365.0,53,-14,311
4367.5,64,15,335
4370.0,73,2,294
4372.5,60,4,328
4375.0,-77,6,333
4377.5,-63,-96,213
4380.0,116,65,300
4382.5,59,57,389
4385.0,52,3,343
4387.5,52,3,343
4390.0,-2,2,294
4392.5,-52,-52,339
4395.0,-6,-14,319
4397.5,15,-52,423
4400.0,46,24,231
4402.5,58,30,269
4405.0,41,-38,374
4407.5,54,-50,322
4410.0,65,32,288
4412.5,-38,-52,340
4415.0,4,-27,264
4417.5,-31,-9,335
4420.0,-59,-25,295
4422.5,74,0,275
4425.0,17,-4,330
4427.5,62,37,208
4430.0,20,23,244
4432.5,4,-16,255
4435.0,31,-25,279
4437.5,31,-25,279
4440.0,-109,-55,432
4442.5,19,6,259
4445.0,69,-26,256
4447.5,3,2,343
4450.0,20,7,306
4452.5,95,-20,294
4455.0,69,46,331
4457.5,-21,-8,385
4460.0,12,4,251
4462.5,-42,-54,354
4465.0,21,2,215
4467.5,-33,-37,255
4470.0,13,-35,279
4472.5,75,0,280
4475.0,-2,-8,325
4477.5,-24,22,339
4480.0,61,1,322
4482.5,-8,-11,303
4485.0,-34,-48,324
4487.5,-34,-48,324
4490.0,38,20,287
4492.5,8,22,356
4495.0,7,-1,281
4497.5,-1,-17,232
4500.0,-18,-38,351
4502.5,33,-21,284
4505.0,-2,8,304
4507.5,-7,-2,318
4510.0,46,13,305
4512.5,-45,-27,326
4515.0,-14,-6,337
4517.5,39,0,315
4520.0,-5,-15,350
4522.5,17,-12,278
4525.0,60,15,252
4527.5,-63,-34,347
4530.0,-55,-34,282
4532.5,-14,-68,305
4535.0,-53,-16,337
4537.5,-53,-16,337
4540.0,23,-40,171
4542.5,-47,20,283
4545.0,-49,-32,321
4547.5,-53,-11,403
4550.0,-49,-48,463
4552.5,-83,-42,369
4555.0,30,16,328
4557.5,79,-7,346
4560.0,26,-4,184
4562.5,20,14,286
4565.0,-32,-54,395
4567.5,22,3,350
4570.0,-11,1,273
4572.5,-10,-8,285
4575.0,13,-4,368
4577.5,-31,-8,358
4580.0,-30,-19,322
4582.5,73,14,203
4585.0,116,4,180
4587.5,116,4,180
4590.0,19,42,238
4592.5,48,27,292
4595.0,3,-58,380
4597.5,-3,-16,237
4600.0,-28,-48,213
4602.5,2,-49,269
4605.0,-26,-52,279
4607.5,-26,7,301
4610.0,29,15,247
4612.5,-24,-17,313
4615.0,-34,-86,419
4617.5,-36,-9,400
4620.0,-5,0,387
4622.5,2,-7,321
4625.0,98,42,223
4627.5,48,15,327
4630.0,31,39,224
4632.5,-61,-8,302
4635.0,-52,-26,339
4637.5,-52,-26,339
4640.0,52,-10,266
4642.5,-1,-36,347
4645.0,43,-7,337
4647.5,4,42,407
4650.0,41,-24,291
4652.5,25,46,288
4655.0,1,-4,336
4657.5,9,28,333
4660.0,39,0,238
4662.5,-31,-18,270
4665.0,22,-58,315
4667.5,32,14,246
4670.0,-20,-41,242
4672.5,43,26,277
4675.0,22,0,268
4677.5,-30,-40,256
4680.0,-71,-37,338
4682.5,-22,-1,359
4685.0,-22,-45,264
4687.5,-22,-45,264
4690.0,79,8,260
4692.5,-4,-14,324
4695.0,21,-7,276
4697.5,21,-5,340
4700.0,-63,-22,323
4702.5,-8,-3,320
4705.0,-66,1,416
4707.5,29,-18,258
4710.0,-61,-51,291
4712.5,-131,-15,356
4715.0,-62,19,428
4717.5,-51,-19,387
4720.0,87,13,292
4722.5,100,12,248
4725.0,-58,-27,346
4727.5,10,-61,310
4730.0,65,33,305
4732.5,-21,-11,279
4735.0,-21,-11,279
4737.5,59,-7,242
4740.0,73,15,333
4742.5,-60,-29,297
4745.0,16,15,326
4747.5,-12,-26,355
4750.0,-8,29,313
4752.5,41,-113,309
4755.0,18,47,360
4757.5,-42,-43,282
4760.0,119,80,289
4762.5,89,52,389
4765.0,8,32,241
4767.5,0,-17,250
4770.0,-30,-26,326
4772.5,66,23,296
4775.0,-45,-49,427
4777.5,-12,-30,258
4780.0,84,16,205
4782.5,101,-6,258
4785.0,101,-6,258
4787.5,28,44,291
4790.0,39,-23,257
4792.5,188,39,357
4795.0,34,-48,231
4797.5,-12,-24,264
4800.0,32,-42,413
4802.5,60,-26,301
4805.0,-18,20,365
4807.5,14,-19,343
4810.0,22,13,240
4812.5,-76,-27,327
4815.0,14,-5,257
4817.5,1,3,293
4820.0,22,-51,344
4822.5,18,-17,336
4825.0,0,-27,354
4827.5,-49,-58,347
4830.0,99,32,296
4832.5,-30,-29,364
4835.0,-30,-29,364
4837.5,-71,-44,372
4840.0,68,59,280
4842.5,-18,-15,325
4845.0,-1,-28,329
4847.5,12,-39,304
4850.0,67,26,315
4852.5,21,-22,264
4855.0,-27,-31,315
4857.5,35,26,320
4860.0,37,17,310
4862.5,-33,-26,325
4865.0,26,-1,341
4867.5,11,-15,297
4870.0,-59,-52,325
4872.5,9,-43,286
4875.0,94,18,274
4877.5,-42,-9,330
4880.0,69,-19,279
4882.5,22,57,298
4885.0,22,57,298
4887.5,10,-28,305
4890.0,84,34,255
4892.5,-51,-66,337
4895.0,-10,-47,336
4897.5,25,-44,328
4900.0,17,20,329
4902.5,-1,-22,321
4905.0,83,33,245
4907.5,-19,-5,309
4910.0,121,42,194
4912.5,133,15,381
4915.0,-85,-106,349
4917.5,33,-22,275
4920.0,165,66,190
4922.5,-90,-90,402
4925.0,-50,-54,297
4927.5,-14,-8,430
4930.0,-5,1,244
4932.5,-1,-22,112
4935.0,-1,-22,112
4937.5,-28,-20,253
4940.0,48,2,374
4942.5,16,0,511
4945.0,-37,1,231
4947.5,70,28,285
4950.0,26,6,319
4952.5,14,-61,347
4955.0,22,-1,329
4957.5,34,25,309
4960.0,67,56,247
4962.5,-19,17,8
4965.0,-17,-2,225
4967.5,14,-5,346
4970.0,23,-23,404
4972.5,-13,-1,351
4975.0,148,17,91
4977.5,64,11,280
4980.0,-26,-25,312
4982.5,35,-11,371
4985.0,35,-11,371
4987.5,25,-16,321
4990.0,40,-16,217
4992.5,19,-16,313
4995.0,-29,-5,337
4997.5,4,36,189
5000.0,17,-14,295
5002.5,-34,-19,374
5005.0,77,10,375
5007.5,-4,-41,240
5010.0,48,-9,229
5012.5,16,9,290
5015.0,34,-48,317
5017.5,47,-19,281
5020.0,-2,3,361
5022.5,-37,-24,206
5025.0,59,-9,255
5027.5,-31,-33,409
5030.0,93,53,211
5032.5,11,-35,326
5035.0,11,-35,326
5037.5,-14,-110,338
5040.0,33,-11,479
5042.5,26,1,279
5045.0,-78,-98,298
5047.5,44,7,236
5050.0,-2,-14,330
5052.5,23,-10,273
5055.0,9,-50,340
5057.5,-49,1,420
5060.0,-48,-24,319
5062.5,-67,-18,279
5065.0,-11,-28,287
5067.5,23,9,240
5070.0,-24,-20,294
5072.5,-21,4,269
5075.0,-26,-7,310
5077.5,-8,-50,348
5080.0,31,24,281
5082.5,-41,-39,333
5085.0,-41,-39,333
5087.5,34,-8,301
5090.0,83,34,230
5092.5,-89,-26,287
5095.0,-72,25,220
5097.5,-246,-86,259
5100.0,-266,-20,414
5102.5,110,0,383
5105.0,2,-4,493
5107.5,-59,-45,277
5110.0,119,20,133
5112.5,-72,-29,332
5115.0,71,5,266
5117.5,43,-33,381
5120.0,-22,-7,255
5122.5,13,-10,281
5125.0,-38,-34,330
5127.5,-30,-7,306
5130.0,30,2,356
5132.5,-35,-40,336
5135.0,-35,-40,336
5137.5,27,17,229
5140.0,50,15,260
5142.5,22,-14,241
5145.0,51,18,250
5147.5,-40,-55,266
5150.0,52,-7,329
5152.5,159,145,277
5155.0,31,2,390
5157.5,39,-21,306
5160.0,56,19,307
5162.5,-75,-43,303
5165.0,33,4,257
5167.5,49,14,399
5170.0,-27,-6,313
5172.5,6,45,183
5175.0,54,36,286
5177.5,-21,-48,390
5180.0,75,-8,261
5182.5,75,-8,261
5185.0,14,11,264
5187.5,-72,-61,407
5190.0,94,23,282
5192.5,133,18,283
5195.0,24,-30,292
5197.5,44,-13,294
5200.0,-54,-86,261
5202.5,10,-18,293
5205.0,23,-31,317
5207.5,-23,11,338
5210.0,21,12,295
5212.5,-38,-12,293
5215.0,9,15,327
5217.5,22,-49,376
5220.0,20,-1,324
5222.5,4,-13,316
5225.0,83,-30,224
5227.5,-2,-13,268
5230.0,71,17,213
5232.5,71,17,213
5235.0,24,11,291
5237.5,-31,-74,269
5240.0,75,20,242
5242.5,3,-1,325
5245.0,0,-11,341
5247.5,-33,32,291
5250.0,-37,5,335
5252.5,-8,-29,341
5255.0,-31,-17,313
5257.5,40,-12,354
5260.0,35,-6,287
5262.5,5,-48,254
5265.0,-11,-33,346
5267.5,62,16,253
5270.0,5,-5,288
5272.5,32,-14,324
5275.0,76,-20,318
5277.5,8,4,345
5280.0,-16,-54,331
5282.5,-16,-54,331
5285.0,14,-1,313
5287.5,-26,3,371
5290.0,-21,-34,314
5292.5,98,55,197
5295.0,62,9,206
5297.5,31,-8,101
5300.0,78,3,234
5302.5,4,-26,325
5305.0,21,-17,369
5307.5,63,38,387
5310.0,-22,1,214
5312.5,-40,-47,274
5315.0,15,-37,275
5317.5,48,-9,378
5320.0,92,16,258
5322.5,9,-18,286
5325.0,40,-4,239
5327.5,32,-3,347
5330.0,-28,-22,363
5332.5,-28,-22,363
5335.0,-4,-51,305
5337.5,60,20,292
5340.0,-108,-11,274
5342.5,120,14,506
5345.0,-24,-22,494
5347.5,15,-6,394
5350.0,-46,-28,360
5352.5,-169,-49,55
5355.0,16,20,264
5357.5,85,30,388
5360.0,-32,-65,417
5362.5,18,8,273
5365.0,26,-43,287
5367.5,-44,-86,180
5370.0,102,-3,242
5372.5,123,-97,317
5375.0,-17,40,275
5377.5,37,21,362
5380.0,33,-35,317
5382.5,33,-35,317
5385.0,16,12,299
5387.5,11,26,416
5390.0,57,-74,390
5392.5,35,1,281
5395.0,-55,-26,254
5397.5,62,-17,294
5400.0,10,-13,316
5402.5,-90,-2,405
5405.0,79,64,303
5407.5,0,3,336
5410.0,31,-3,205
5412.5,65,-12,328
5415.0,-23,-81,362
5417.5,13,-69,257
5420.0,61,16,343
5422.5,-33,-87,328
5425.0,101,-37,324
5427.5,60,7,283
5430.0,-2,-20,201
5432.5,-2,-20,201
5435.0,47,-15,251
5437.5,26,21,365
5440.0,-7,-17,295
5442.5,55,4,328
5445.0,-96,-48,336
5447.5,73,35,256
5450.0,4,26,325
5452.5,-32,28,272
5455.0,-44,2,350
5457.5,-28,-18,297
5460.0,35,12,260
5462.5,28,-13,322
5465.0,165,63,332
5467.5,136,79,199
5470.0,-129,13,301
5472.5,-73,3,350
5475.0,66,0,332
5477.5,5,-10,270
5480.0,53,14,218
5482.5,53,14,218
5485.0,2,19,330
5487.5,-64,-65,352
5490.0,57,21,335
5492.5,-24,-23,298
5495.0,47,4,284
5497.5,63,-14,323
5500.0,-64,-26,318
5502.5,88,22,209
5505.0,25,44,283
5507.5,-35,-30,277
5510.0,16,37,299
5512.5,-117,23,306
5515.0,-74,-64,224
5517.5,205,61,280
5520.0,-1,-77,321
5522.5,-13,26,238
5525.0,-51,-13,259
5527.5,3,-22,223
5530.0,84,17,311
5532.5,84,17,311
5535.0,-46,12,421
5537.5,2,-18,252
5540.0,54,14,235
5542.5,25,-14,398
5545.0,-21,-42,364
5547.5,86,23,250
5550.0,30,16,282
5552.5,-44,-74,275
5555.0,5,-51,365
5557.5,147,-12,332
5560.0,43,-25,268
5562.5,10,38,311
5565.0,5,30,308
5567.5,31,-5,370
5570.0,-47,-78,384
5572.5,-122,-44,366
5575.0,126,5,321
5577.5,4,-15,378
5580.0,35,-29,275
5582.5,35,-29,275
5585.0,70,14,253
5587.5,-24,-26,283
5590.0,-7,-17,279
5592.5,-72,-30,245
5595.0,-9,-11,362
5597.5,-10,-7,308
5600.0,30,7,281
5602.5,-52,-32,292
5605.0,23,48,335
5607.5,-51,-49,288
5610.0,-66,-38,324
5612.5,63,-17,286
5615.0,-26,-44,358
5617.5,32,0,235
5620.0,52,22,249
5622.5,-48,-27,289
5625.0,-5,-28,235
5627.5,28,34,292
5630.0,-15,-44,359
5632.5,-15,-44,359
5635.0,43,26,315
5637.5,-25,-45,349
5640.0,-14,-32,328
5642.5,6,7,319
5645.0,35,-8,347
5647.5,2,-17,310
5650.0,73,17,224
5652.5,-35,-12,323
5655.0,41,-6,245
5657.5,49,60,249
5660.0,23,1,309
5662.5,50,32,270
5665.0,10,3,329
5667.5,-21,-73,310
5670.0,23,10,322
5672.5,-17,-44,511
5675.0,90,-29,275
5677.5,32,-128,403
5680.0,-39,-68,403
5682.5,-39,-68,403
5685.0,39,18,350
5687.5,90,56,265
5690.0,-2,-1,198
5692.5,6,10,220
5695.0,29,-19,398
5697.5,-41,-5,396
5700.0,-28,-18,239
5702.5,21,-19,300
5705.0,75,39,253
5707.5,6,-29,276
5710.0,23,-21,313
5712.5,12,37,238
5715.0,32,-11,271
5717.5,38,-26,107
5720.0,147,33,187
5722.5,-44,-36,399
5725.0,-27,18,314
5727.5,89,32,267
5730.0,89,32,267
5732.5,20,-7,298
5735.0,-10,-4,197
5737.5,36,13,228
5740.0,27,8,369
5742.5,50,24,368
5745.0,11,25,243
5747.5,-4,-63,303
5750.0,72,-27,271
5752.5,32,-1,361
5755.0,85,2,256
5757.5,-22,-74,233
5760.0,11,-3,344
5762.5,15,12,324
5765.0,-50,-57,349
5767.5,-7,-33,245
5770.0,8,-1,295
5772.5,3,-14,267
5775.0,4,34,284
5777.5,53,2,171
5780.0,53,2,171
5782.5,-6,-57,310
5785.0,-4,-47,356
5787.5,-44,-30,310
5790.0,-54,-19,216
5792.5,10,-25,265
5795.0,-25,-39,450
5797.5,32,-21,212
5800.0,12,-4,353
5802.5,18,-10,278
5805.0,90,16,336
5807.5,-23,-26,335
5810.0,-68,-4,257
5812.5,22,18,344
5815.0,-89,-47,352
5817.5,33,5,218
5820.0,-18,-21,307
5822.5,-36,-4,368
5825.0,56,7,321
5827.5,-6,-17,354
5830.0,-6,-17,354
5832.5,-6,-31,301
5835.0,45,45,227
5837.5,-31,-23,322
5840.0,40,-24,238
5842.5,68,1,247
5845.0,-112,-14,232
5847.5,2,30,280
5850.0,27,-12,399
5852.5,-25,-57,350
5855.0,13,3,246
5857.5,14,-14,251
5860.0,14,45,254
5862.5,53,-45,343
5865.0,-7,-46,307
5867.5,79,-12,219
5870.0,9,-27,295
5872.5,25,-15,317
5875.0,56,-7,363
5877.5,23,6,370
5880.0,23,6,370
5882.5,19,0,254
5885.0,97,25,237
5887.5,23,65,320
5890.0,79,58,130
5892.5,141,-27,290
5895.0,102,29,259
5897.5,50,7,380
5900.0,-35,-5,427
5902.5,6,-20,231
5905.0,51,4,247
5907.5,-24,-44,363
5910.0,28,33,238
5912.5,-9,-28,280
5915.0,-94,-60,366
5917.5,17,-25,284
5920.0,15,-53,272
5922.5,64,-41,304
5925.0,19,25,304
5927.5,-66,-66,331
5930.0,-66,-66,331
5932.5,19,22,332
5935.0,36,-16,369
5937.5,-10,13,402
5940.0,-4,-49,284
5942.5,-1,-17,278
5945.0,-15,-28,260
5947.5,80,26,231
5950.0,-23,9,320
5952.5,47,7,236
5955.0,32,11,268
5957.5,-12,-9,359
5960.0,-28,-62,345
5962.5,38,40,289
5965.0,12,-12,308
5967.5,-3,-60,296
5970.0,-6,-37,280
5972.5,-30,-24,295
5975.0,12,-17,242
5977.5,7,7,320
5980.0,7,7,320
5982.5,-37,-10,308
5985.0,-22,-9,260
5987.5,35,12,312
5990.0,-8,-16,364
5992.5,39,2,285
5995.0,-18,-4,344
5997.5,37,22,311
6000.0,-17,-80,290
6002.5,-41,-39,367
6005.0,41,-14,267
6007.5,51,20,247
6010.0,-30,7,292
6012.5,-14,-24,267
6015.0,36,-16,304
6017.5,0,-3,312
6020.0,-10,8,298
6022.5,18,18,281
6025.0,53,-17,339
6027.5,0,-22,298
6030.0,0,-22,298
6032.5,-20,-5,333
6035.0,59,22,289
6037.5,-7,-51,280
6040.0,8,-1,328
6042.5,59,14,200
6045.0,2,1,282
6047.5,1,-18,242
6050.0,-56,-11,349
6052.5,-36,-2,222
6055.0,32,16,235
6057.5,59,-41,370
6060.0,4,-25,453
6062.5,-41,-53,306
6065.0,2,-104,331
6067.5,60,17,261
6070.0,-15,-23,173
6072.5,44,-10,309
6075.0,24,18,334
6077.5,17,15,340
6080.0,17,15,340
6082.5,72,4,243
6085.0,-6,-31,343
6087.5,90,4,378
6090.0,-32,9,345
6092.5,37,-3,250
6095.0,24,-7,255
6097.5,12,-10,300
6100.0,21,-48,367
6102.5,-60,-56,433
6105.0,-22,5,408
6107.5,27,23,261
6110.0,19,-15,136
6112.5,14,24,205
6115.0,17,-11,331
6117.5,-31,16,316
6120.0,-3,-48,303
6122.5,-18,10,369
6125.0,-22,68,319
6127.5,-22,68,319
6130.0,-17,-14,321
6132.5,-36,-17,443
6135.0,22,17,292
6137.5,-22,-31,331
6140.0,-67,48,229
6142.5,60,43,294
6145.0,-14,-21,367
6147.5,25,14,274
6150.0,17,16,309
6152.5,16,15,427
6155.0,-14,-48,295
6157.5,14,27,348
6160.0,-19,10,370
6162.5,-7,-12,279
6165.0,-8,-2,306
6167.5,-23,19,355
6170.0,12,26,450
6172.5,56,46,286
6175.0,30,7,289
6177.5,30,7,289
6180.0,10,-9,222
6182.5,8,2,321
6185.0,44,44,286
6187.5,52,-15,401
6190.0,45,-34,217
6192.5,30,-27,284
6195.0,27,-27,405
6197.5,21,3,247
6200.0,25,-24,286
6202.5,-11,-12,301
6205.0,27,22,282
6207.5,21,1,332
6210.0,-43,-19,339
6212.5,68,28,284
6215.0,-26,-41,369
6217.5,62,-19,255
6220.0,33,-58,296
6222.5,22,64,399
6225.0,119,-50,353
6227.5,119,-50,353
6230.0,-5,-2,348
6232.5,37,-19,322
6235.0,32,7,189
6237.5,-48,-42,376
6240.0,-50,-95,297
6242.5,39,8,309
6245.0,-31,-33,278
6247.5,-1,-37,231
6250.0,67,50,294
6252.5,0,-28,334
6255.0,83,19,295
6257.5,-13,-15,335
6260.0,-12,-18,329
6262.5,33,36,312
6265.0,-11,-6,378
6267.5,59,-49,299
6270.0,53,-5,302
6272.5,372,163,305
6275.0,115,19,270
6277.5,115,19,270
6280.0,32,-20,276
6282.5,-55,-40,235
6285.0,14,-40,224
6287.5,39,-4,386
6290.0,-19,-6,373
6292.5,142,9,258
6295.0,77,92,224
6297.5,-26,-35,285
6300.0,47,11,270
6302.5,-3,-17,338
6305.0,-51,-21,231
6307.5,-29,-87,359
6310.0,-15,-50,381
6312.5,-37,-21,289
6315.0,-2,-38,395
6317.5,-22,-31,333
6320.0,-19,6,261
6322.5,3,-38,287
6325.0,-43,-13,272
6327.5,-43,-13,272
6330.0,-18,-30,280
6332.5,-58,-41,300
6335.0,58,2,239
6337.5,-17,-16,343
6340.0,-25,-73,345
6342.5,-15,-50,340
6345.0,8,-4,374
6347.5,-6,8,282
6350.0,51,17,278
6352.5,17,-70,352
6355.0,-18,13,281
6357.5,-10,-19,331
6360.0,-20,26,289
6362.5,-9,22,281
6365.0,6,-17,335
6367.5,4,-26,322
6370.0,41,23,278
6372.5,4,-25,346
6375.0,47,-20,300
6377.5,47,-20,300
6380.0,77,10,301
6382.5,-2,7,302
6385.0,46,16,316
6387.5,-15,-4,307
6390.0,-62,-58,339
6392.5,20,6,231
6395.0,-10,-33,259
6397.5,-65,-37,303
6400.0,60,38,276
6402.5,12,9,317
6405.0,23,10,353
6407.5,-39,4,287
6410.0,-11,-20,356
6412.5,11,-2,339
6415.0,88,13,280
6417.5,-19,-3,347
6420.0,-80,-17,325
6422.5,109,-4,375
6425.0,-50,-18,349
6427.5,-50,-18,349
6430.0,-10,-14,173
6432.5,-30,-49,332
6435.0,-60,-5,438
6437.5,15,-32,320
6440.0,22,-34,403
6442.5,-8,-43,230
6445.0,39,17,233
6447.5,11,-12,297
6450.0,-11,-48,378
6452.5,88,36,231
6455.0,-11,-33,219
6457.5,47,-11,271
6460.0,8,2,406
6462.5,-13,-11,355
6465.0,52,-66,292
6467.5,63,-91,318
6470.0,-46,9,282
6472.5,72,-79,302
6475.0,-24,2,331
6477.5,-24,2,331
6480.0,42,-5,233
6482.5,40,25,304
6485.0,-70,-30,136
6487.5,51,-4,249
6490.0,-21,-30,426
6492.5,-8,-53,372
6495.0,27,9,259
6497.5,21,-9,283
6500.0,35,30,246
6502.5,30,-30,327
6505.0,107,-5,373
6507.5,13,-12,337
6510.0,77,-21,427
6512.5,-4,-20,350
6515.0,-29,-8,318
6517.5,-49,-43,226
6520.0,-24,-13,246
6522.5,-20,-49,278
6525.0,-20,-49,278
6527.5,2,-60,254
6530.0,38,4,233
6532.5,-60,-65,324
6535.0,27,-33,340
6537.5,122,85,178
6540.0,58,24,321
6542.5,-92,-112,267
6545.0,102,31,293
6547.5,9,-17,311
6550.0,37,-43,476
6552.5,87,52,306
6555.0,-2,22,294
6557.5,41,6,205
6560.0,-13,-10,410
6562.5,-29,-84,162
6565.0,95,47,270
6567.5,-5,-22,346
6570.0,0,-11,321
6572.5,-10,15,327
6575.0,-10,15,327
6577.5,-19,-40,365
6580.0,67,48,258
6582.5,-54,-59,308
6585.0,-8,-20,251
6587.5,-30,-3,332
6590.0,-10,-38,354
6592.5,13,-5,300
6595.0,28,-4,290
6597.5,76,-18,292
6600.0,185,7,229
6602.5,89,3,368
6605.0,-146,-154,375
6607.5,-14,44,357
6610.0,-32,-36,293
6612.5,86,72,227
6615.0,-14,-11,297
6617.5,16,-7,282
6620.0,108,-4,357
6622.5,-29,-34,325
6625.0,-29,-34,325
6627.5,-27,-6,232
6630.0,2,-21,295
6632.5,-17,-24,286
6635.0,43,20,227
6637.5,6,-27,300
6640.0,-49,-27,270
6642.5,-20,24,297
6645.0,-173,50,429
6647.5,-188,-88,275
6650.0,46,-10,353
6652.5,0,52,345
6655.0,-34,-29,272
6657.5,-21,-16,304
6660.0,48,5,260
6662.5,18,-28,311
6665.0,29,-17,322
6667.5,9,1,121
6670.0,40,-13,264
6672.5,-4,6,455
6675.0,-4,6,455
6677.5,-4,-94,292
6680.0,118,37,222
6682.5,87,57,298
6685.0,-119,-71,270
6687.5,41,-42,373
6690.0,73,27,307
6692.5,-11,18,265
6695.0,-26,-8,224
6697.5,1,-6,290
6700.0,-2,7,335
6702.5,-65,-35,348
6705.0,26,2,251
6707.5,-78,20,180
6710.0,-60,-26,310
6712.5,-4,15,269
6715.0,-45,-22,256
6717.5,43,1,238
6720.0,126,33,295
6722.5,-12,-14,292
6725.0,-12,-14,292
6727.5,12,12,371
6730.0,33,-31,362
6732.5,19,18,295
6735.0,-10,-4,325
6737.5,24,2,224
6740.0,-30,-36,320
6742.5,23,-13,287
6745.0,14,-25,257
6747.5,5,37,316
6750.0,36,80,250
6752.5,0,4,291
6755.0,-21,-41,292
6757.5,40,-1,287
6760.0,12,-30,330
6762.5,9,-35,306
6765.0,-36,-35,288
6767.5,-22,-35,360
6770.0,-31,-48,315
6772.5,80,31,245
6775.0,80,31,245
6777.5,4,-7,305
6780.0,24,-7,267
6782.5,-19,-14,278
6785.0,23,32,314
6787.5,-5,-28,293
6790.0,71,14,321
6792.5,-62,-36,360
6795.0,26,-5,314
6797.5,5,4,347
6800.0,103,71,322
6802.5,27,-18,212
6805.0,-109,-103,377
6807.5,-10,-52,185
6810.0,52,23,168
6812.5,70,-17,265
6815.0,51,-19,396
6817.5,59,-18,474
6820.0,-34,-60,419
6822.5,-17,-39,396
6825.0,-17,-39,396
6827.5,-6,-23,255
6830.0,-1,-25,308
6832.5,23,-26,407
6835.0,-6,-30,457
6837.5,5,-32,189
6840.0,38,15,285
6842.5,-12,-17,292
6845.0,31,-13,321
6847.5,-33,-35,324
6850.0,-23,-8,312
6852.5,-38,-60,314
6855.0,-9,-20,381
6857.5,-62,-20,399
6860.0,21,-7,319
6862.5,-13,-17,316
6865.0,57,21,169
6867.5,21,-5,368
6870.0,-50,-35,348
6872.5,51,-5,343
6875.0,51,-5,343
6877.5,8,5,296
6880.0,-27,-38,181
6882.5,69,-17,209
6885.0,-59,12,305
6887.5,29,-6,326
6890.0,-27,-4,338
6892.5,-20,-73,268
6895.0,73,30,371
6897.5,-70,-12,433
6900.0,39,1,286
6902.5,69,8,349
6905.0,-42,-36,247
6907.5,23,25,350
6910.0,54,45,354
6912.5,-50,37,258
6915.0,0,-51,288
6917.5,62,33,350
6920.0,35,-51,265
6922.5,83,19,278
6925.0,83,19,278
6927.5,5,-24,396
6930.0,66,-67,346
6932.5,13,-23,356
6935.0,-55,-46,307
6937.5,35,25,318
6940.0,-37,-33,309
6942.5,-39,-99,364
6945.0,64,1,280
6947.5,-62,-30,301
6950.0,9,-18,280
6952.5,15,3,370
6955.0,-7,-13,352
6957.5,34,8,304
6960.0,63,-12,339
6962.5,44,-12,265
6965.0,85,48,283
6967.5,-23,-33,315
6970.0,-23,-10,275
6972.5,-23,-10,275
6975.0,180,44,277
6977.5,102,37,204
6980.0,161,84,343
6982.5,77,27,471
6985.0,-7,30,285
6987.5,44,8,260
6990.0,-41,-7,245
6992.5,1,-2,223
6995.0,36,-25,380
6997.5,2,-3,321
7000.0,74,-19,284
7002.5,-36,-6,317
7005.0,-28,-45,300
7007.5,12,5,309
7010.0,-32,-12,302
7012.5,67,14,207
7015.0,28,-25,300
7017.5,-42,7,343
7020.0,-102,-57,260
7022.5,-102,-57,260
7025.0,87,10,244
7027.5,265,180,249
7030.0,38,-68,364
7032.5,-44,-14,355
7035.0,2,-15,150
7037.5,67,13,266
7040.0,8,3,388
7042.5,75,29,258
7045.0,8,12,303
7047.5,-28,16,373
7050.0,21,-28,338
7052.5,-10,-2,316
7055.0,7,4,306
7057.5,34,27,279
7060.0,-185,-141,399
7062.5,-19,-25,342
7065.0,99,28,376
7067.5,0,-35,323
7070.0,88,9,305
7072.5,88,9,305
7075.0,-37,-24,371
7077.5,-11,31,325
7080.0,2,-32,284
7082.5,90,14,341
7085.0,40,7,314
7087.5,21,-8,206
7090.0,-48,-29,398
7092.5,27,58,269
7095.0,24,45,256
7097.5,-45,-7,241
7100.0,86,30,253
7102.5,8,-1,317
7105.0,-57,-47,376
7107.5,40,-6,337
7110.0,-10,18,324
7112.5,2,-24,258
7115.0,-6,-12,325
7117.5,32,-2,381
7120.0,44,2,295
7122.5,44,2,295
7125.0,-7,-11,263
7127.5,-22,-13,324
7130.0,48,4,256
7132.5,7,0,289
7135.0,21,12,319
7137.5,60,18,293
7140.0,16,-3,347
7142.5,-53,-95,355
7145.0,47,53,328
7147.5,-11,-18,324
7150.0,-37,-47,352
7152.5,15,-15,322
7155.0,-29,-14,381
7157.5,5,21,233
7160.0,48,1,274
7162.5,-34,-49,294
7165.0,84,33,274
7167.5,-44,-5,293
7170.0,14,-2,347
7172.5,14,-2,347
7175.0,54,8,325
7177.5,12,16,347
7180.0,-134,-60,380
7182.5,188,31,302
7185.0,-5,-17,232
7187.5,16,24,240
7190.0,-36,-18,383
7192.5,-35,1,395
7195.0,21,7,276
7197.5,79,24,321
7200.0,-7,-31,251
7202.5,-4,-8,231
7205.0,47,0,410
7207.5,51,-40,418
7210.0,85,-17,250
7212.5,-29,-34,286
7215.0,21,14,205
7217.5,56,52,352
7220.0,-8,-22,318
7222.5,-8,-22,318
7225.0,21,-14,280
7227.5,41,-2,267
7230.0,-31,-59,282
7232.5,-130,-119,232
7235.0,31,-55,264
7237.5,-70,-33,278
7240.0,2,31,253
7242.5,42,-12,132
7245.0,17,-9,256
7247.5,-36,1,254
7250.0,-74,-15,402
7252.5,22,17,304
7255.0,-57,-16,332
7257.5,-31,-35,259
7260.0,83,-54,256
7262.5,-192,-120,185
7265.0,70,11,227
7267.5,10,56,373
7270.0,-11,52,287
7272.5,-11,52,287
7275.0,129,26,233
7277.5,-84,-6,485
7280.0,-25,-22,315
7282.5,25,19,262
7285.0,7,-23,244
7287.5,-5,-26,255
7290.0,-18,-3,431
7292.5,-67,7,347
7295.0,23,16,330
7297.5,38,46,305
7300.0,-26,30,228
7302.5,2,-10,190
7305.0,34,69,245
7307.5,26,7,415
7310.0,-5,11,342
7312.5,6,7,289
7315.0,22,-11,315
7317.5,-1,-26,344
7320.0,41,16,198
7322.5,41,16,198
7325.0,3,-34,314
7327.5,-21,-26,312
7330.0,7,-21,320
7332.5,21,-12,329
7335.0,-38,-49,329
7337.5,47,8,285
7340.0,-38,-53,380
7342.5,-15,-28,247
7345.0,51,15,272
7347.5,-23,-36,321
7350.0,41,-11,286
7352.5,-38,106,294
7355.0,45,15,321
7357.5,52,137,260
7360.0,-14,17,445
7362.5,-49,-34,303
7365.0,50,12,147
7367.5,10,-24,265
7370.0,10,-24,265
7372.5,58,-13,293
7375.0,-2,-13,334
7377.5,-42,-27,303
7380.0,82,-18,293
7382.5,45,-8,373
7385.0,3,-51,296
7387.5,41,4,270
7390.0,22,29,257
7392.5,-5,49,247
7395.0,8,-29,298
7397.5,54,-42,356
7400.0,20,-15,254
7402.5,-49,-7,353
7405.0,-56,-4,372
7407.5,16,-23,248
7410.0,-31,-7,243
7412.5,33,-29,255
7415.0,-46,-51,363
7417.5,-3,-35,298
7420.0,-3,-35,298
7422.5,73,45,253
7425.0,20,5,239
7427.5,-2,10,269
7430.0,84,15,302
7432.5,-87,-116,302
7435.0,-82,-48,340
7437.5,47,-19,275
7440.0,-16,-58,290
7442.5,-3,-1,261
7445.0,-10,-6,306
7447.5,37,-7,268
7450.0,109,53,307
7452.5,19,23,276
7455.0,22,20,345
7457.5,-5,-1,353
7460.0,-113,-46,339
7462.5,-48,1,343
7465.0,25,-12,311
7467.5,-1,-37,328
7470.0,-1,-37,328
7472.5,31,-15,290
7475.0,-1,3,309
7477.5,5,-2,290
7480.0,10,-4,248
7482.5,17,-10,311
7485.0,7,4,302
7487.5,0,-24,330
7490.0,15,10,319
7492.5,44,-22,310
7495.0,1,-17,297
7497.5,69,-24,367
7500.0,64,9,256
7502.5,6,-4,237
7505.0,-38,-37,346
7507.5,27,0,277
7510.0,49,-17,274
7512.5,61,20,285
7515.0,21,4,277
7517.5,25,-4,348
7520.0,25,-4,348
7522.5,-56,-2,331
7525.0,36,-15,326
7527.5,-30,-42,354
7530.0,25,-41,310
7532.5,140,105,292
7535.0,-16,-63,351
7537.5,73,43,249
7540.0,47,42,241
7542.5,-10,-8,321
7545.0,48,19,284
7547.5,14,14,321
7550.0,47,45,368
7552.5,34,9,320
7555.0,-17,2,353
7557.5,54,1,175
7560.0,34,4,172
7562.5,70,25,315
7565.0,-1,73,257
7567.5,32,-2,273
7570.0,32,-2,273
7572.5,-5,-35,375
7575.0,37,-19,356
7577.5,58,78,189
7580.0,12,-27,239
7582.5,20,-8,257
7585.0,-59,-21,371
7587.5,32,-15,340
7590.0,93,-7,219
7592.5,-38,-38,247
7595.0,41,37,295
7597.5,30,40,326
7600.0,-31,27,363
7602.5,21,22,328
7605.0,8,11,221
7607.5,-11,67,244
7610.0,8,-90,286
7612.5,16,2,342
7615.0,13,-3,235
7617.5,-34,-31,236
7620.0,-34,-31,236
7622.5,5,-7,240
7625.0,-19,-16,422
7627.5,-48,-26,368
7630.0,52,8,332
7632.5,37,15,240
7635.0,-16,-16,318
7637.5,-27,-54,386
7640.0,14,2,312
7642.5,47,2,338
7645.0,-6,-38,294
7647.5,15,-28,287
7650.0,75,72,198
7652.5,47,28,238
7655.0,-35,-77,384
7657.5,24,-25,271
7660.0,31,21,110
7662.5,20,-33,260
7665.0,48,-30,350
7667.5,-23,-110,318
7670.0,-23,-110,318
7672.5,-8,-79,365
7675.0,57,33,267
7677.5,-10,-11,384
7680.0,30,7,222
7682.5,51,-33,301
7685.0,-6,-50,311
7687.5,22,-1,268
7690.0,-2,9,266
7692.5,-11,-44,365
7695.0,22,13,242
7697.5,0,-27,256
7700.0,49,-27,377
7702.5,26,14,359
7705.0,-11,-24,346
7707.5,35,13,276
7710.0,-13,5,301
7712.5,18,-35,328
7715.0,26,-28,279
7717.5,26,-28,279
7720.0,-23,-29,337
7722.5,21,23,249
7725.0,38,35,310
7727.5,-12,94,179
7730.0,-110,-74,286
7732.5,-64,-24,345
7735.0,96,116,439
7737.5,98,47,295
7740.0,-19,-65,311
7742.5,79,37,215
7745.0,63,41,294
7747.5,4,5,320
7750.0,94,35,321
7752.5,-47,-36,277
7755.0,-20,5,289
7757.5,53,37,309
7760.0,3,34,365
7762.5,16,17,228
7765.0,9,30,287
7767.5,9,30,287
7770.0,-59,-40,310
7772.5,41,-18,282
7775.0,20,44,164
7777.5,195,78,305
7780.0,76,106,272
7782.5,0,-103,378
7785.0,-60,-71,307
7787.5,16,-29,263
7790.0,21,25,293
7792.5,77,45,280
7795.0,66,63,312
7797.5,27,5,285
7800.0,25,-24,282
7802.5,7,-27,344
7805.0,-33,-35,384
7807.5,158,55,349
7810.0,52,-49,264
7812.5,-70,-23,365
7815.0,-76,-47,290
7817.5,-76,-47,290
7820.0,139,20,329
7822.5,27,-11,296
7825.0,28,12,319
7827.5,-7,20,260
7830.0,20,-7,267
7832.5,-11,-22,295
7835.0,12,-59,417
7837.5,-73,-35,339
7840.0,41,-50,246
7842.5,68,15,360
7845.0,18,44,304
7847.5,-62,-31,362
7850.0,29,-43,234
7852.5,64,-27,312
7855.0,-6,4,192
7857.5,57,51,243
7860.0,-43,4,283
7862.5,8,9,321
7865.0,-46,-13,403
7867.5,-46,-13,403
7870.0,26,-26,300
7872.5,-15,-32,267
7875.0,25,-1,317
7877.5,-13,7,333
7880.0,33,14,296
7882.5,76,-12,242
7885.0,-7,-14,290
7887.5,22,-13,259
7890.0,50,29,307
7892.5,23,-17,319
7895.0,32,24,282
7897.5,57,-3,334
7900.0,-62,-91,350
7902.5,110,4,296
7905.0,48,-27,326
7907.5,88,15,281
7910.0,-11,-27,269
7912.5,10,12,359
7915.0,-68,-50,306
7917.5,-68,-50,306
7920.0,-19,-17,229
7922.5,-4,-14,313
7925.0,68,24,267
7927.5,-34,3,339
7930.0,15,23,333
7932.5,89,25,209
7935.0,-74,-20,384
7937.5,-85,-72,352
7940.0,87,-45,341
7942.5,-20,-27,384
7945.0,-43,-11,338
7947.5,68,-11,347
7950.0,3,-10,311
7952.5,27,-11,136
7955.0,9,-16,274
7957.5,15,-29,409
7960.0,31,3,463
7962.5,-12,-40,269
7965.0,-7,-37,274
7967.5,-7,-37,274
7970.0,101,-1,235
7972.5,-4,-41,325
7975.0,-33,-39,258
7977.5,8,7,287
7980.0,11,-30,292
7982.5,19,49,190
7985.0,-76,72,251
7987.5,-18,-18,420
7990.0,21,-30,293
7992.5,-2,-9,390
7995.0,-39,11,224
7997.5,55,-20,183
8000.0,12,9,241
8002.5,25,-30,408
8005.0,23,-17,326
8007.5,25,-13,325
8010.0,87,-18,307
8012.5,38,35,386
8015.0,43,-41,232
8017.5,43,-41,232
8020.0,53,3,307
8022.5,-109,-13,392
8025.0,20,3,338
8027.5,-5,15,412
8030.0,-1,-4,458
8032.5,33,11,382
8035.0,-5,-23,367
8037.5,8,-38,240
8040.0,98,6,222
8042.5,-6,-100,333
8045.0,5,-3,181
8047.5,-13,-8,349
8050.0,-44,20,342
8052.5,56,-11,280
8055.0,6,-32,314
8057.5,-4,-48,269
8060.0,97,-2,279
8062.5,30,-46,345
8065.0,16,-12,262
8067.5,16,-12,262
8070.0,70,14,354
8072.5,-25,-29,322
8075.0,-91,-45,386
8077.5,31,-60,266
8080.0,-59,-35,243
8082.5,34,-61,278
8085.0,-47,-42,320
8087.5,-16,13,261
8090.0,6,20,329
8092.5,-33,-55,315
8095.0,41,13,280
8097.5,-24,25,302
8100.0,-6,-32,245
8102.5,-24,-34,309
8105.0,-4,-39,337
8107.5,34,29,258
8110.0,15,-3,318
8112.5,9,-40,277
8115.0,124,11,388
8117.5,124,11,388
8120.0,-130,-54,204
8122.5,-125,-28,354
8125.0,-1,-42,332
8127.5,-51,-43,306
8130.0,97,45,115
8132.5,52,10,384
8135.0,-49,18,291
8137.5,43,-14,407
8140.0,-4,-13,293
8142.5,4,8,243
8145.0,32,-21,312
8147.5,-43,-73,333
8150.0,150,54,251
8152.5,39,0,289
8155.0,-22,2,269
8157.5,48,13,315
8160.0,37,16,303
8162.5,-32,-16,322
8165.0,-32,-16,322
8167.5,154,84,284
8170.0,-82,17,408
8172.5,-104,-93,283
8175.0,149,61,317
8177.5,52,113,392
8180.0,16,-28,389
8182.5,7,-27,253
8185.0,16,8,236
8187.5,73,38,359
8190.0,-8,14,338
8192.5,-38,-50,261
8195.0,44,28,292
8197.5,-10,-31,399
8200.0,22,-19,298
8202.5,-4,-35,296
8205.0,-19,24,343
8207.5,-40,13,228
8210.0,-33,6,193
8212.5,-115,-64,424
8215.0,-115,-64,424
8217.5,-3,-55,343
8220.0,29,19,264
8222.5,-18,-12,320
8225.0,96,-24,302
8227.5,32,10,303
8230.0,100,24,334
8232.5,33,-5,261
8235.0,-25,-15,328
8237.5,-22,-37,308
8240.0,21,10,250
8242.5,-5,-26,311
8245.0,-21,-26,309
8247.5,-23,-10,329
8250.0,6,15,275
8252.5,16,-33,323
8255.0,66,-27,310
8257.5,-52,-39,312
8260.0,9,6,348
8262.5,-6,-10,373
8265.0,-6,-10,373
8267.5,12,-1,303
8270.0,47,6,284
8272.5,-18,-35,356
8275.0,44,37,258
8277.5,28,36,247
8280.0,-15,-11,313
8282.5,9,-3,274
8285.0,64,14,277
8287.5,-31,-13,315
8290.0,10,27,273
8292.5,-22,-11,283
8295.0,-44,-14,348
8297.5,20,-4,307
8300.0,5,1,371
8302.5,-8,-29,285
8305.0,44,-2,266
8307.5,-3,-32,325
8310.0,-2,-29,264
8312.5,-22,-39,296
8315.0,-22,-39,296
8317.5,44,-13,297
8320.0,168,10,88
8322.5,-44,-22,303
8325.0,-19,-60,396
8327.5,36,10,337
8330.0,85,4,197
8332.5,16,-9,243
8335.0,25,1,308
8337.5,13,-54,385
8340.0,19,-6,240
8342.5,29,-8,240
8345.0,-14,-7,277
8347.5,47,20,290
8350.0,-16,-13,347
8352.5,8,8,276
8355.0,74,55,236
8357.5,71,-9,349
8360.0,90,65,251
8362.5,53,6,263
8365.0,53,6,263
8367.5,39,-11,231
8370.0,50,-2,190
8372.5,-12,-23,224
8375.0,-33,-67,260
8377.5,-6,-1,370
8380.0,-18,-21,300
8382.5,16,-4,273
8385.0,66,18,195
8387.5,6,21,290
8390.0,77,-37,332
8392.5,55,-33,475
8395.0,14,-3,386
8397.5,4,-35,307
8400.0,12,68,312
8402.5,-13,-13,317
8405.0,68,8,179
8407.5,-40,89,391
8410.0,36,-50,265
8412.5,-23,-32,367
8415.0,-23,-32,367
8417.5,22,0,304
8420.0,66,-1,316
8422.5,-53,-10,350
8425.0,2,-11,403
8427.5,48,7,269
8430.0,-27,-10,267
8432.5,13,2,249
8435.0,-7,-8,324
8437.5,-20,-19,360
8440.0,81,-5,269
8442.5,4,-7,300
8445.0,13,26,206
8447.5,-15,18,236
8450.0,-37,-20,341
8452.5,3,-20,263
8455.0,70,40,321
8457.5,-15,-20,329
8460.0,21,31,287
8462.5,15,-2,348
8465.0,15,-2,348
8467.5,-35,-11,278
8470.0,60,3,283
8472.5,-51,-10,324
8475.0,-26,-23,264
8477.5,7,4,299
8480.0,-106,-25,245
8482.5,36,-35,226
8485.0,-315,-202,466
8487.5,-69,-22,313
8490.0,-82,-79,397
8492.5,44,19,390
8495.0,27,16,284
8497.5,41,3,214
8500.0,-39,-6,319
8502.5,-8,-13,307
8505.0,22,-20,408
8507.5,-70,-72,326
8510.0,104,49,229
8512.5,-37,-64,357
8515.0,-37,-64,357
8517.5,15,-24,249
8520.0,15,-50,315
8522.5,-31,-41,271
8525.0,93,10,261
8527.5,37,-15,404
8530.0,61,73,340
8532.5,39,58,284
8535.0,103,83,346
8537.5,-38,-38,377
8540.0,55,65,332
8542.5,-38,-29,237
8545.0,-19,-39,254
8547.5,66,49,312
8550.0,-32,-20,345
8552.5,-4,-44,247
8555.0,6,-24,291
8557.5,18,-47,336
8560.0,42,6,303
8562.5,-31,68,369
8565.0,-31,68,369
8567.5,-19,-13,307
8570.0,-16,-4,282
8572.5,-88,-46,236
8575.0,31,32,270
8577.5,10,-42,245
8580.0,82,-18,348
8582.5,-7,28,353
8585.0,13,-14,335
8587.5,48,-31,253
8590.0,-34,0,312
8592.5,-70,-39,301
8595.0,18,-16,257
8597.5,66,-2,208
8600.0,-20,-21,278
8602.5,59,-12,239
8605.0,11,43,265
8607.5,3,10,292
8610.0,16,-21,317
8612.5,32,-56,272
8615.0,32,-56,272
8617.5,-6,-9,327
8620.0,-31,-28,269
8622.5,111,32,307
8625.0,64,-18,325
8627.5,20,-16,250
8630.0,-29,-40,380
8632.5,55,37,267
8635.0,-11,-25,290
8637.5,15,37,322
8640.0,-5,-3,239
8642.5,-5,-1,305
8645.0,0,14,321
8647.5,7,-4,282
8650.0,3,-17,346
8652.5,82,41,337
8655.0,-10,-56,307
8657.5,-25,-20,326
8660.0,-63,-40,332
8662.5,-31,-53,275
8665.0,-31,-53,275
8667.5,-75,-46,296
8670.0,41,-7,218
8672.5,14,-27,328
8675.0,-18,-16,295
8677.5,13,-19,273
8680.0,-18,6,332
8682.5,-39,-2,360
8685.0,35,6,306
8687.5,58,-34,406
8690.0,49,-30,427
8692.5,4,-5,354
8695.0,-73,-46,414
8697.5,64,-3,281
8700.0,24,-43,397
8702.5,-10,-8,330
8705.0,-17,-22,318
8707.5,45,30,67
8710.0,-45,-20,294
8712.5,-45,-20,294
8715.0,32,-24,300
8717.5,17,-12,511
8720.0,8,-20,264
8722.5,-27,25,219
8725.0,18,3,271
8727.5,39,-20,298
8730.0,32,-19,352
8732.5,-19,-6,288
8735.0,66,53,299
8737.5,-5,-4,379
8740.0,-63,-110,495
8742.5,-1,-51,406
8745.0,33,24,417
8747.5,-16,-20,398
8750.0,10,50,276
8752.5,23,-7,118
8755.0,27,13,197
8757.5,48,34,329
8760.0,24,-38,389
8762.5,24,-38,389
8765.0,61,9,284
8767.5,11,48,311
8770.0,44,31,210
8772.5,54,25,207
8775.0,-43,32,362
8777.5,-26,58,429
8780.0,23,33,312
8782.5,-46,-17,334
8785.0,17,-72,262
8787.5,37,17,358
8790.0,-45,-66,323
8792.5,13,18,306
8795.0,-47,-142,364
8797.5,-6,2,249
8800.0,-104,-75,393
8802.5,35,-5,363
8805.0,-25,-24,335
8807.5,8,-3,297
8810.0,6,2,253
8812.5,6,2,253
8815.0,50,57,139
8817.5,-15,-2,241
8820.0,42,28,290
8822.5,37,18,318
8825.0,-2,-7,328
8827.5,6,-42,316
8830.0,-21,-98,485
8832.5,57,24,210
8835.0,32,-22,257
8837.5,4,4,278
8840.0,6,-8,298
8842.5,-8,-17,337
8845.0,-4,-61,345
8847.5,-9,-23,290
8850.0,39,-10,331
8852.5,14,-7,251
8855.0,38,35,289
8857.5,-30,-2,287
8860.0,64,34,316
8862.5,64,34,316
8865.0,21,3,303
8867.5,111,62,346
8870.0,-22,40,347
8872.5,-39,-24,348
8875.0,-16,-6,270
8877.5,48,2,196
8880.0,19,-23,310
8882.5,-59,-23,274
8885.0,-7,8,340
8887.5,-33,-50,325
8890.0,68,-15,327
8892.5,-13,-26,359
8895.0,5,-8,345
8897.5,80,43,284
8900.0,29,33,307
8902.5,16,-49,253
8905.0,82,-41,367
8907.5,26,-2,249
8910.0,-113,-32,237
8912.5,-113,-32,237
8915.0,-84,-90,336
8917.5,-73,-85,366
8920.0,10,13,281
8922.5,-31,-50,214
8925.0,29,-17,261
8927.5,34,-10,320
8930.0,7,-4,370
8932.5,57,37,187
8935.0,11,24,292
8937.5,-58,33,365
8940.0,81,39,316
8942.5,-1,18,290
8945.0,161,69,307
8947.5,108,49,189
8950.0,-50,6,382
8952.5,54,-20,319
8955.0,10,12,253
8957.5,-76,-35,242
8960.0,19,-8,270
8962.5,19,-8,270
8965.0,29,1,343
8967.5,-20,-37,377
8970.0,8,0,304
8972.5,97,-20,258
8975.0,-56,-16,319
8977.5,40,20,368
8980.0,-38,-18,296
8982.5,13,-32,358
8985.0,9,5,248
8987.5,12,-3,363
8990.0,0,16,237
8992.5,-14,-33,315
8995.0,31,13,262
8997.5,31,-1,314
9000.0,-14,-23,342
9002.5,-15,-19,329
9005.0,28,-32,290
9007.5,0,54,288
9010.0,-44,-6,337
9012.5,-44,-6,337
9015.0,37,-13,275
9017.5,-2,7,328
9020.0,-12,-44,268
9022.5,24,-7,272
9025.0,12,12,292
9027.5,79,14,251
9030.0,11,-15,317
9032.5,-6,-31,344
9035.0,51,29,289
9037.5,-29,-50,309
9040.0,18,-26,315
9042.5,7,11,315
9045.0,-8,2,333
9047.5,-25,-26,303
9050.0,73,2,257
9052.5,-58,6,293
9055.0,0,10,248
9057.5,14,17,281
9060.0,17,13,313
9062.5,17,13,313
9065.0,50,24,247
9067.5,26,-30,311
9070.0,-31,65,333
9072.5,51,-3,175
9075.0,-65,7,318
9077.5,36,-20,237
9080.0,-57,-56,333
9082.5,11,-25,433
9085.0,-6,-66,325
9087.5,144,-6,85
9090.0,26,-3,177
9092.5,-34,21,235
9095.0,85,38,374
9097.5,1,-27,429
9100.0,46,5,221
9102.5,-30,-21,359
9105.0,16,19,249
9107.5,121,23,337
9110.0,4,-39,307
9112.5,4,-39,307
9115.0,53,39,195
9117.5,2,-13,261
9120.0,-95,-81,431
9122.5,41,-103,352
9125.0,56,-2,301
9127.5,7,16,439
9130.0,33,-51,253
9132.5,5,-12,214
9135.0,-7,-2,218
9137.5,-39,-17,389
9140.0,-47,-28,353
9142.5,44,16,310
9145.0,-91,-6,296
9147.5,0,26,360
9150.0,34,-57,383
9152.5,18,-10,282
9155.0,51,-9,226
9157.5,22,-5,271
9160.0,22,-5,271
9162.5,-36,-4,261
9165.0,-7,-8,301
9167.5,-10,-16,416
9170.0,17,2,304
9172.5,75,3,61
9175.0,-50,-64,244
9177.5,60,-11,217
9180.0,84,-3,158
9182.5,-27,-35,310
9185.0,7,-26,356
9187.5,-11,-40,361
9190.0,-20,-1,282
9192.5,22,-7,271
9195.0,10,-21,368
9197.5,-21,-23,243
9200.0,-16,-6,294
9202.5,-75,-38,334
9205.0,66,-18,287
9207.5,90,20,288
9210.0,90,20,288
9212.5,15,34,382
9215.0,33,-47,224
9217.5,51,4,297
9220.0,41,10,283
9222.5,42,-34,301
9225.0,18,-12,343
9227.5,41,6,316
9230.0,-8,-13,334
9232.5,-38,24,299
9235.0,73,41,296
9237.5,77,-64,275
9240.0,-140,-43,295
9242.5,-303,-81,264
9245.0,-168,-103,458
9247.5,-20,-18,395
9250.0,74,2,323
9252.5,43,-50,202
9255.0,74,3,286
9257.5,-28,-52,351
9260.0,-28,-52,351
9262.5,38,-37,308
9265.0,18,3,266
9267.5,-25,-40,314
9270.0,23,16,295
9272.5,-35,-8,321
9275.0,-30,-26,328
9277.5,16,-14,284
9280.0,-61,-46,378
9282.5,-3,4,297
9285.0,-90,28,314
9287.5,-160,-111,312
9290.0,107,-81,324
9292.5,-107,-159,365
9295.0,-26,20,337
9297.5,47,24,374
9300.0,-17,7,356
9302.5,-5,-15,281
9305.0,-32,-16,299
9307.5,25,7,332
9310.0,25,7,332
9312.5,8,-5,202
9315.0,-9,-35,291
9317.5,13,12,325
9320.0,76,-10,239
9322.5,11,-26,330
9325.0,11,-19,298
9327.5,96,53,214
9330.0,106,20,439
9332.5,87,2,250
9335.0,1,-20,234
9337.5,53,29,314
9340.0,-34,-45,214
9342.5,88,-24,296
9345.0,23,0,262
9347.5,11,8,329
9350.0,27,-8,214
9352.5,-16,31,306
9355.0,35,23,361
9357.5,-13,-47,373
9360.0,-13,-47,373
9362.5,68,-24,323
9365.0,-9,37,241
9367.5,-26,-53,348
9370.0,21,26,262
9372.5,32,-47,306
9375.0,54,51,264
9377.5,39,41,227
9380.0,-32,7,274
9382.5,-16,2,379
9385.0,0,-13,360
9387.5,-35,-44,338
9390.0,9,-3,350
9392.5,-5,-29,299
9395.0,-20,-28,328
9397.5,-31,-36,297
9400.0,40,29,234
9402.5,-48,-47,313
9405.0,-71,-28,232
9407.5,-45,-6,278
9410.0,-45,-6,278
9412.5,43,33,292
9415.0,38,-9,272
9417.5,18,-15,309
9420.0,-18,-15,342
9422.5,20,-12,307
9425.0,67,-13,340
9427.5,36,0,320
9430.0,46,21,271
9432.5,-46,-33,333
9435.0,22,1,262
9437.5,-5,10,291
9440.0,-7,6,369
9442.5,136,91,309
9445.0,26,-3,135
9447.5,42,46,373
9450.0,118,6,327
9452.5,-62,-52,457
9455.0,40,-5,402
9457.5,20,21,316
9460.0,20,21,316
9462.5,23,-16,225
9465.0,-21,-5,202
9467.5,20,-12,395
9470.0,49,-6,321
9472.5,80,-5,244
9475.0,-88,12,242
9477.5,-31,-48,337
9480.0,104,38,240
9482.5,52,6,327
9485.0,22,-53,290
9487.5,-19,4,274
9490.0,-15,-17,398
9492.5,4,13,381
9495.0,-89,-18,461
9497.5,-25,-45,326
9500.0,23,10,205
9502.5,-26,2,287
9505.0,15,-36,377
9507.5,45,0,349
9510.0,45,0,349
9512.5,-48,-71,221
9515.0,59,-7,189
9517.5,42,0,289
9520.0,2,-7,288
9522.5,24,11,344
9525.0,-33,-11,413
9527.5,42,-19,306
9530.0,103,9,273
9532.5,52,2,340
9535.0,100,35,233
9537.5,50,27,375
9540.0,26,-8,354
9542.5,7,4,260
9545.0,27,-30,383
9547.5,19,-23,373
9550.0,46,17,363
9552.5,-22,-52,226
9555.0,-38,-101,354
9557.5,27,-34,280
9560.0,27,-34,280
9562.5,-41,-27,318
9565.0,57,-2,353
9567.5,-8,-25,330
9570.0,0,-48,264
9572.5,67,33,260
9575.0,7,14,392
9577.5,54,16,220
9580.0,39,-15,293
9582.5,-53,-28,324
9585.0,-18,9,434
9587.5,37,9,275
9590.0,-37,-14,303
9592.5,10,-19,274
9595.0,-29,-13,324
9597.5,-11,-15,260
9600.0,48,7,325
9602.5,26,-15,373
9605.0,48,-11,327
9607.5,22,-13,342
9610.0,22,-13,342
9612.5,-26,-42,293
9615.0,-17,31,373
9617.5,-120,-43,373
9620.0,-37,-38,268
9622.5,-58,-92,394
9625.0,-14,-16,269
9627.5,19,17,259
9630.0,15,-9,279
9632.5,-42,17,301
9635.0,48,-10,365
9637.5,-3,-4,360
9640.0,5,-32,247
9642.5,-19,-21,238
9645.0,33,-6,294
9647.5,60,15,253
9650.0,19,-5,309
9652.5,-25,12,269
9655.0,29,12,344
9657.5,33,-20,262
9660.0,33,-20,262
9662.5,-15,8,208
9665.0,-153,-70,277
9667.5,-23,-77,379
9670.0,-33,-171,311
9672.5,58,33,342
9675.0,-2,-40,180
9677.5,43,11,256
9680.0,-33,-15,409
9682.5,33,-30,348
9685.0,64,16,303
9687.5,-61,-18,429
9690.0,32,19,377
9692.5,135,56,251
9695.0,-1,-59,300
9697.5,-3,-71,303
9700.0,1,-8,285
9702.5,-38,15,303
9705.0,41,41,280
9707.5,41,41,280
9710.0,36,-42,331
9712.5,-9,-25,348
9715.0,35,-14,243
9717.5,64,-18,325
9720.0,36,-28,304
9722.5,66,48,327
9725.0,-2,-42,267
9727.5,-16,16,221
9730.0,-3,3,255
9732.5,-5,-31,319
9735.0,12,-7,268
9737.5,33,-5,281
9740.0,55,-2,309
9742.5,41,-20,383
9745.0,47,-28,330
9747.5,-28,-50,292
9750.0,11,-19,270
9752.5,-59,-63,392
9755.0,-11,47,231
9757.5,-11,47,231
9760.0,-28,-28,315
9762.5,-13,-17,331
9765.0,37,16,243
9767.5,-18,14,289
9770.0,-44,-16,327
9772.5,-9,-21,348
9775.0,-2,-17,346
9777.5,-11,-16,304
9780.0,42,-13,331
9782.5,37,-1,324
9785.0,27,23,283
9787.5,34,-23,263
9790.0,33,24,347
9792.5,36,-23,255
9795.0,-51,-27,250
9797.5,48,10,317
9800.0,54,19,269
9802.5,7,-6,321
9805.0,-7,8,331
9807.5,-7,8,331
9810.0,48,4,316
9812.5,14,18,342
9815.0,-31,-52,348
9817.5,52,2,282
9820.0,-31,-53,389
9822.5,62,0,255
9825.0,30,67,167
9827.5,-93,-27,225
9830.0,12,-10,232
9832.5,112,-29,297
9835.0,-19,-36,338
9837.5,116,25,312
9840.0,20,-33,335
9842.5,105,24,227
9845.0,91,19,120
9847.5,-19,-11,223
9850.0,55,-1,332
9852.5,19,11,490
9855.0,-36,-26,312
9857.5,-36,-26,312
9860.0,-17,-41,285
9862.5,63,22,281
9865.0,37,-8,367
9867.5,45,26,296
9870.0,28,-38,323
9872.5,34,13,148
9875.0,-4,-57,372
9877.5,92,59,238
9880.0,55,18,330
9882.5,49,13,370
9885.0,-41,-10,298
9887.5,31,-47,187
9890.0,61,22,260
9892.5,-3,3,322
9895.0,79,23,301
9897.5,-119,-32,372
9900.0,96,24,283
9902.5,-23,-29,360
9905.0,-12,-29,343
9907.5,-12,-29,343
9910.0,6,-22,297
9912.5,-70,-34,317
9915.0,2,9,243
9917.5,105,-14,163
9920.0,-53,-44,307
9922.5,39,29,325
9925.0,12,-6,346
9927.5,-5,32,295
9930.0,11,-54,324
9932.5,33,19,511
9935.0,-45,-69,391
9937.5,80,24,267
9940.0,-65,-35,258
9942.5,26,25,258
9945.0,-1,-5,237
9947.5,-83,-102,225
9950.0,7,33,323
9952.5,16,-8,362
9955.0,7,-17,215
9957.5,7,-17,215
9960.0,80,15,257
9962.5,2,-39,352
9965.0,-8,5,289
9967.5,50,22,351
9970.0,-35,-3,327
9972.5,18,0,281
9975.0,15,-25,384
9977.5,-41,-47,280
9980.0,48,31,274
9982.5,13,16,282
9985.0,17,8,273
9987.5,2,-16,338
9990.0,-19,-18,285
9992.5,48,-22,234
9995.0,-92,-140,309
9997.5,77,23,337
10000.0,-13,20,324
10002.5,-17,-33,280
10005.0,6,-54,207
10007.5,6,-54,207
10010.0,67,35,248
10012.5,-26,-22,296
10015.0,9,-25,348
10017.5,10,-8,380
10020.0,10,-16,292
10022.5,25,-13,291
10025.0,7,18,344
10027.5,16,-5,270
10030.0,-2,-91,319
10032.5,-14,-91,301
10035.0,43,1,338
10037.5,-38,-27,352
10040.0,-31,-98,347
10042.5,0,-96,286
10045.0,14,1,364
10047.5,40,23,362
10050.0,89,-10,327
10052.5,-12,-33,242
10055.0,-15,6,279
10057.5,-15,6,279
10060.0,35,-24,344
10062.5,19,-8,431
10065.0,17,25,278
10067.5,-20,-21,305
10070.0,-73,-61,306
10072.5,8,42,268
10075.0,-46,-32,312
10077.5,4,37,237
10080.0,-41,-4,255
10082.5,-111,9,401
10085.0,-60,-1,350
10087.5,61,-33,348
10090.0,120,-9,260
10092.5,66,25,263
10095.0,-30,-38,316
10097.5,-43,-11,336
10100.0,43,7,292
10102.5,-4,0,344
10105.0,-78,-12,248
10107.5,-78,-12,248
10110.0,52,-8,293
10112.5,-25,-31,271
10115.0,23,-60,217
10117.5,63,18,278
10120.0,-24,-13,268
10122.5,-4,-28,284
10125.0,19,-33,309
10127.5,73,21,330
10130.0,37,-7,269
10132.5,21,-10,375
10135.0,-18,-18,300
10137.5,31,35,249
10140.0,-52,-36,301
10142.5,-13,-6,276
10145.0,51,8,365
10147.5,-1,-28,306
10150.0,19,6,283
10152.5,13,-18,353
10155.0,46,20,314
10157.5,46,20,314
10160.0,28,-38,299
10162.5,-46,-20,323
10165.0,46,-20,325
10167.5,29,18,294
10170.0,-58,-61,380
10172.5,32,-17,230
10175.0,95,40,268
10177.5,-22,13,287
10180.0,41,21,295
10182.5,35,0,330
10185.0,30,-2,380
10187.5,26,-6,303
10190.0,16,6,335
10192.5,43,35,340
10195.0,82,-2,262
10197.5,53,5,226
10200.0,-16,-141,412
10202.5,-18,6,340
10205.0,9,-53,308
10207.5,9,-53,308
10210.0,96,60,288
10212.5,-8,-59,397
10215.0,-46,-47,376
10217.5,43,3,387
10220.0,32,-47,201
10222.5,22,-15,216
10225.0,68,-2,275
10227.5,5,15,473
10230.0,38,8,267
10232.5,-4,11,294
10235.0,-10,7,267
10237.5,57,1,355
10240.0,28,-24,356
10242.5,-23,5,349
10245.0,63,24,206
10247.5,-21,-35,356
10250.0,-30,-40,255
10252.5,272,77,338
10255.0,144,17,356
10257.5,144,17,356
10260.0,17,-15,343
10262.5,-73,7,432
10265.0,50,-5,212
10267.5,-5,36,236
10270.0,-7,-24,346
10272.5,28,53,246
10275.0,-12,-24,238
10277.5,-39,-16,285
10280.0,125,78,247
10282.5,40,79,85
10285.0,-37,-43,376
10287.5,57,17,319
10290.0,-9,13,331
10292.5,42,-35,209
10295.0,149,76,247
10297.5,97,37,308
10300.0,51,21,301
10302.5,21,-14,288
10305.0,-43,-2,345
10307.5,-43,-2,345
10310.0,22,-9,402
10312.5,-24,-45,362
10315.0,23,38,299
10317.5,68,29,236
10320.0,36,60,283
10322.5,5,-22,339
10325.0,-7,10,446
10327.5,36,-25,291
10330.0,-22,-51,337
10332.5,-7,0,329
10335.0,68,58,246
10337.5,18,-28,304
10340.0,-6,-16,250
10342.5,-15,-5,433
10345.0,53,23,314
10347.5,-9,-35,320
10350.0,29,7,233
10352.5,-10,-17,319
10355.0,17,20,256
10357.5,17,20,256
10360.0,5,-4,319
10362.5,-6,-1,333
10365.0,-7,-31,306
10367.5,-20,-43,382
10370.0,-51,-25,323
10372.5,-2,57,332
10375.0,10,-10,296
10377.5,-113,44,338
10380.0,25,-62,419
10382.5,27,21,335
10385.0,14,-17,229
10387.5,8,-16,293
10390.0,-70,-15,302
10392.5,42,9,370
10395.0,39,9,372
10397.5,-49,-73,250
10400.0,28,30,256
10402.5,8,-24,306
10405.0,8,-24,306
10407.5,17,14,260
10410.0,43,3,287
10412.5,-97,-65,349
10415.0,21,-36,326
10417.5,65,-25,381
10420.0,19,65,268
10422.5,-130,-63,249
10425.0,-74,-29,396
10427.5,71,25,220
10430.0,-5,-39,248
10432.5,-24,-29,278
10435.0,-17,-1,393
10437.5,-14,-41,330
10440.0,22,11,268
10442.5,-2,-34,221
10445.0,40,35,410
10447.5,95,-21,330
10450.0,67,-13,266
10452.5,-38,-99,346
10455.0,-38,-99,346
10457.5,-18,25,291
10460.0,33,-16,358
10462.5,21,-15,356
10465.0,94,23,271
10467.5,26,-49,309
10470.0,44,33,350
10472.5,79,21,307
10475.0,-23,1,349
10477.5,37,-12,353
10480.0,56,53,220
10482.5,-63,-54,332
10485.0,18,-11,255
10487.5,96,-22,355
10490.0,-10,6,316
10492.5,25,-7,251
10495.0,7,-50,314
10497.5,6,24,289
10500.0,49,47,363
10502.5,7,-9,338
10505.0,7,-9,338
10507.5,-18,-15,353
10510.0,74,1,268
10512.5,-18,-13,415
10515.0,9,0,256
10517.5,19,-2,231
10520.0,-21,24,286
10522.5,-17,-36,329
10525.0,-37,2,345
10527.5,23,20,279
10530.0,50,15,241
10532.5,-6,-14,347
10535.0,-8,-22,311
10537.5,4,-28,370
10540.0,-22,3,338
10542.5,26,2,272
10545.0,82,15,257
10547.5,-35,-27,310
10550.0,-23,-17,239
10552.5,36,42,256
10555.0,36,42,256
10557.5,-15,-35,303
10560.0,43,-9,280
10562.5,-30,-27,299
10565.0,7,-2,369
10567.5,22,4,329
10570.0,11,2,321
10572.5,42,9,305
10575.0,31,5,260
10577.5,-40,-98,352
10580.0,32,18,364
10582.5,-91,-24,342
10585.0,6,41,273
10587.5,-1,-20,297
10590.0,-6,-61,418
10592.5,3,-22,309
10595.0,30,-19,315
10597.5,80,-12,274
10600.0,-52,-39,232
10602.5,153,32,267
10605.0,153,32,267
10607.5,-52,-9,450
10610.0,38,18,221
10612.5,-11,-3,207
10615.0,3,0,301
10617.5,-9,-2,351
10620.0,33,13,313
10622.5,19,-4,355
10625.0,21,-10,236
10627.5,-42,-51,481
10630.0,45,-39,362
10632.5,-25,-9,381
10635.0,8,-6,417
10637.5,-73,-33,323
10640.0,41,20,147
10642.5,-22,-7,323
10645.0,2,7,399
10647.5,18,24,386
10650.0,62,42,162
10652.5,-12,17,228
10655.0,-12,17,228
10657.5,3,-1,475
10660.0,-46,-33,245
10662.5,-4,-77,414
10665.0,-44,-34,385
10667.5,-9,29,258
10670.0,74,38,346
10672.5,26,-6,367
10675.0,46,46,274
10677.5,-33,-17,294
10680.0,45,10,267
10682.5,-33,-44,356
10685.0,-61,-32,268
10687.5,63,13,308
10690.0,-53,-49,343
10692.5,-57,-38,235
10695.0,34,28,231
10697.5,7,6,305
10700.0,31,12,409
10702.5,23,-58,328
10705.0,23,-58,328
10707.5,12,43,255
10710.0,69,41,292
10712.5,1,-29,335
10715.0,20,-17,210
10717.5,70,14,403
10720.0,1,15,265
10722.5,6,-19,322
10725.0,27,-8,325
10727.5,13,-28,328
10730.0,-20,-2,252
10732.5,-35,-11,311
10735.0,43,-19,274
10737.5,17,-3,328
10740.0,56,47,344
10742.5,49,10,320
10745.0,28,1,301
10747.5,268,79,271
10750.0,209,13,140
10752.5,41,5,384
10755.0,41,5,384
10757.5,-33,-68,303
10760.0,-8,-57,345
10762.5,27,5,186
10765.0,3,16,284
10767.5,-52,-31,330
10770.0,-22,-17,348
10772.5,-4,2,245
10775.0,-30,-36,333
10777.5,52,-25,263
10780.0,23,45,321
10782.5,-23,-26,294
10785.0,42,-2,224
10787.5,13,2,280
10790.0,-86,-51,321
10792.5,72,-1,336
10795.0,29,-18,414
10797.5,-14,-72,290
10800.0,-101,-55,295
10802.5,11,9,497
10805.0,11,9,497
10807.5,12,-44,285
10810.0,-48,-53,222
10812.5,-5,-21,201
10815.0,45,-27,310
10817.5,-36,-18,378
10820.0,4,-8,313
10822.5,-25,9,275
10825.0,37,65,404
10827.5,22,30,331
10830.0,-14,-48,228
10832.5,24,19,347
10835.0,-6,22,324
10837.5,57,62,299
10840.0,0,-67,333
10842.5,-6,-15,358
10845.0,103,-12,242
10847.5,90,59,329
10850.0,81,-24,340
10852.5,-3,-14,427
10855.0,-3,-14,427
10857.5,114,-32,271
10860.0,18,-10,298
10862.5,-24,-65,357
10865.0,26,-2,226
10867.5,71,-4,338
10870.0,0,9,273
10872.5,74,54,264
10875.0,113,19,250
10877.5,66,-7,334
10880.0,7,2,303
10882.5,-13,13,323
10885.0,7,-55,318
10887.5,54,-9,251
10890.0,-85,-47,352
10892.5,13,-10,291
10895.0,-11,-19,298
10897.5,-46,-25,290
10900.0,48,24,277
10902.5,7,-8,310
10905.0,7,-8,310
10907.5,-7,-16,373
10910.0,-6,21,301
10912.5,-28,-9,316
10915.0,34,13,330
10917.5,-18,-22,322
10920.0,-26,-32,327
10922.5,-19,-32,281
10925.0,-13,4,254
10927.5,49,23,339
10930.0,94,12,233
10932.5,78,40,298
10935.0,11,-12,300
10937.5,39,15,276
10940.0,-3,-28,335
10942.5,80,-8,318
10945.0,34,23,295
10947.5,31,21,363
10950.0,-3,-21,319
10952.5,57,15,103
10955.0,57,15,103
10957.5,-58,-11,307
10960.0,-100,11,396
10962.5,-89,-56,470
10965.0,-2,-5,382
10967.5,15,-1,398
10970.0,39,50,219
10972.5,47,-9,274
10975.0,20,-7,252
10977.5,22,16,511
10980.0,-15,-26,310
10982.5,97,22,245
10985.0,-50,-18,254
10987.5,-41,15,291
10990.0,35,-35,373
10992.5,-28,-51,318
10995.0,-1,-18,263
10997.5,-41,28,311
11000.0,1,-22,259
11002.5,-20,-27,402
11005.0,-20,-27,402
11007.5,69,18,380
11010.0,6,-39,373
11012.5,-37,-7,342
11015.0,-14,-46,86
11017.5,56,19,271
11020.0,22,0,355
11022.5,-34,-6,415
11025.0,67,5,322
11027.5,19,23,290
11030.0,-11,-29,227
11032.5,-55,-12,295
11035.0,-27,-35,409
11037.5,66,53,301
11040.0,-25,-17,334
11042.5,-36,-9,255
11045.0,63,-29,219
11047.5,29,-4,381
11050.0,-15,-27,288
11052.5,-1,-14,292
11055.0,-1,-14,292
11057.5,12,-10,351
11060.0,0,-11,325
11062.5,-1,-23,361
11065.0,-25,5,396
11067.5,23,-9,274
11070.0,-49,8,228
11072.5,3,-1,221
11075.0,27,28,231
11077.5,24,-87,147
11080.0,91,23,133
11082.5,53,21,319
11085.0,18,-6,264
11087.5,59,4,256
11090.0,64,-3,338
11092.5,47,67,178
11095.0,89,-19,311
11097.5,19,-37,328
11100.0,-37,-18,291
11102.5,-50,-21,401
11105.0,-50,-21,401
11107.5,-54,-31,329
11110.0,10,-10,296
11112.5,29,8,386
11115.0,12,-16,200
11117.5,-18,-11,306
11120.0,-6,7,337
11122.5,78,0,275
11125.0,10,4,332
11127.5,63,-45,321
11130.0,21,27,253
11132.5,31,-26,290
11135.0,-43,-32,316
11137.5,-25,-111,107
11140.0,50,19,384
11142.5,1,-5,383
11145.0,-93,-11,362
11147.5,57,-21,203
11150.0,-1,-4,315
11152.5,-1,-4,315
11155.0,-22,5,476
11157.5,-22,-62,349
11160.0,91,13,243
11162.5,-8,-7,277
11165.0,50,16,298
11167.5,11,-3,317
11170.0,-48,3,316
11172.5,54,-19,301
11175.0,15,-17,331
11177.5,33,28,336
11180.0,10,35,295
11182.5,-6,12,194
11185.0,-108,-35,294
11187.5,-24,11,285
11190.0,-17,80,237
11192.5,-129,-46,378
11195.0,-26,-25,303
11197.5,-55,-28,217
11200.0,27,28,247
11202.5,27,28,247
11205.0,30,-36,361
11207.5,49,18,395
11210.0,12,-7,216
11212.5,-37,-14,273
11215.0,-46,-44,266
11217.5,54,30,306
11220.0,-20,-20,266
11222.5,0,-8,288
11225.0,67,-12,363
11227.5,47,-60,457
11230.0,-28,-110,343
11232.5,-55,-34,303
11235.0,-89,-6,357
11237.5,161,49,274
11240.0,-56,-83,398
11242.5,-71,2,268
11245.0,13,-19,294
11247.5,-27,5,325
11250.0,0,-28,256
11252.5,0,-28,256
11255.0,24,29,279
11257.5,-11,-2,347
11260.0,24,16,303
11262.5,9,-37,332
11265.0,29,-51,329
11267.5,17,16,300
11270.0,62,17,359
11272.5,-2,-13,313
11275.0,42,-21,214
11277.5,-73,-60,316
11280.0,40,11,237
11282.5,59,2,289
11285.0,25,-7,316
11287.5,32,-18,285
11290.0,19,1,312
11292.5,19,-22,355
11295.0,34,7,289
11297.5,44,-28,349
11300.0,15,-3,326
11302.5,15,-3,326
11305.0,-17,-34,232
11307.5,-25,15,354
11310.0,29,10,262
11312.5,6,-22,266
11315.0,6,-7,301
11317.5,22,9,270
11320.0,86,19,299
11322.5,20,-76,359
11325.0,54,-18,348
11327.5,9,-37,356
11330.0,-2,-35,373
11332.5,-53,-115,453
11335.0,-150,-71,511
11337.5,68,-98,309
11340.0,-105,-94,444
11342.5,-60,-50,405
11345.0,-37,-32,303
11347.5,104,57,337
11350.0,2,-22,255
11352.5,2,-22,255
11355.0,25,2,270
11357.5,-8,0,389
11360.0,22,-3,402
11362.5,42,-23,245
11365.0,40,-1,253
11367.5,42,2,288
11370.0,-54,-16,311
11372.5,3,-9,312
11375.0,81,48,192
11377.5,-41,-16,349
11380.0,20,10,321
11382.5,-10,-79,291
11385.0,-40,7,280
11387.5,-15,-9,428
11390.0,53,9,149
11392.5,42,9,89
11395.0,30,6,313
11397.5,-42,-14,365
11400.0,37,-10,364
11402.5,37,-10,364
11405.0,17,0,299
11407.5,-60,-68,308
11410.0,35,-43,365
11412.5,58,88,482
11415.0,-5,-23,303
11417.5,-34,33,342
11420.0,41,7,321
11422.5,-23,-5,278
11425.0,28,5,286
11427.5,-23,-42,397
11430.0,10,-43,368
11432.5,34,26,235
11435.0,92,5,292
11437.5,60,-13,231
11440.0,39,-29,306
11442.5,-11,-61,443
11445.0,6,-14,337
11447.5,20,2,329
11450.0,21,14,272
11452.5,21,14,272
11455.0,11,16,275
11457.5,-17,10,306
11460.0,64,35,278
11462.5,34,-19,301
11465.0,21,-11,343
11467.5,29,-29,362
11470.0,-10,-21,373
11472.5,-16,-38,333
11475.0,45,-28,332
11477.5,-22,-34,302
11480.0,11,-11,226
11482.5,45,26,351
11485.0,-21,-17,367
11487.5,72,29,321
11490.0,-26,-52,333
11492.5,46,10,289
11495.0,92,25,269
11497.5,-7,-6,308
11500.0,51,25,258
11502.5,51,25,258
11505.0,143,75,177
11507.5,-36,-65,311
11510.0,-53,-94,305
11512.5,39,-55,460
11515.0,26,-26,303
11517.5,68,44,297
11520.0,-22,-39,218
11522.5,-21,-35,217
11525.0,22,32,334
11527.5,7,-2,297
11530.0,-25,0,295
11532.5,-36,-9,314
11535.0,-25,-8,332
11537.5,88,7,303
11540.0,-28,-20,366
11542.5,46,-22,260
11545.0,118,-13,271
11547.5,-46,-24,363
11550.0,37,23,187
11552.5,37,23,187
11555.0,-38,-48,391
11557.5,3,134,386
11560.0,105,52,374
11562.5,-67,-21,399
11565.0,-6,-17,270
11567.5,-34,-41,182
11570.0,39,-14,278
11572.5,65,38,304
11575.0,84,16,188
11577.5,2,-41,266
11580.0,106,48,332
11582.5,7,-19,314
11585.0,33,23,345
11587.5,-47,6,334
11590.0,82,14,319
11592.5,-43,-13,222
11595.0,67,14,303
11597.5,-2,-64,350
11600.0,-1,-21,278
11602.5,-1,-21,278
11605.0,12,0,319
11607.5,42,-21,336
11610.0,21,-6,313
11612.5,29,72,275
11615.0,-15,-24,285
11617.5,-2,-37,306
11620.0,5,-1,340
11622.5,-6,-53,285
11625.0,19,-45,289
11627.5,-11,7,385
11630.0,-96,-59,275
11632.5,-47,6,269
11635.0,-25,-30,299
11637.5,-77,-55,384
11640.0,1,-3,385
11642.5,-56,-21,277
11645.0,32,27,270
11647.5,-15,-19,357
11650.0,-15,-13,349
11652.5,-15,-13,349
11655.0,89,-32,320
11657.5,-12,2,309
11660.0,-12,-23,287
11662.5,7,-17,270
11665.0,12,-10,367
11667.5,30,-3,207
11670.0,49,2,271
11672.5,-17,-11,289
11675.0,48,24,285
11677.5,-6,2,307
11680.0,-42,5,334
11682.5,55,12,321
11685.0,21,-19,343
11687.5,7,-23,353
11690.0,17,43,291
11692.5,-33,-22,334
11695.0,-28,-41,239
11697.5,29,-2,250
11700.0,-38,21,288
11702.5,-38,21,288
11705.0,41,-2,261
11707.5,106,30,238
11710.0,-141,-11,349
11712.5,-1,18,120
11715.0,-51,-7,198
11717.5,94,17,292
11720.0,37,87,399
11722.5,0,-43,397
11725.0,-4,-2,388
11727.5,151,52,171
11730.0,16,-30,275
11732.5,53,18,207
11735.0,40,14,333
11737.5,-36,-11,401
11740.0,-16,-14,216
11742.5,0,-5,284
11745.0,52,-16,346
11747.5,16,-29,307
11750.0,16,-29,307
11752.5,20,-15,326
11755.0,96,33,200
11757.5,60,32,278
11760.0,-18,-55,343
11762.5,-57,12,345
11765.0,-9,-21,486
11767.5,-14,-51,449
11770.0,99,-12,289
11772.5,32,-11,217
11775.0,15,5,182
11777.5,7,18,353
11780.0,8,21,319
11782.5,4,0,340
11785.0,0,-35,330
11787.5,-1,-13,343
11790.0,4,-4,306
11792.5,51,36,410
11795.0,34,30,250
11797.5,119,65,247
11800.0,119,65,247
11802.5,12,-7,294
11805.0,14,-77,221
11807.5,22,-50,344
11810.0,-54,0,371
11812.5,-40,-12,377
11815.0,48,17,304
11817.5,-2,-26,245
11820.0,-60,-119,288
11822.5,-67,-40,333
11825.0,29,-31,334
11827.5,32,44,310
11830.0,-76,-53,365
11832.5,-15,-20,277
11835.0,-16,38,308
11837.5,12,1,268
11840.0,15,-15,241
11842.5,14,13,283
11845.0,49,17,259
11847.5,43,2,436
11850.0,43,2,436
11852.5,22,-31,322
11855.0,34,9,276
11857.5,9,-27,345
11860.0,-26,-35,276
11862.5,64,-1,292
11865.0,-32,-34,310
11867.5,56,31,286
11870.0,24,8,320
11872.5,10,-14,310
11875.0,6,-3,309
11877.5,2,-22,372
11880.0,-27,-9,293
11882.5,-33,-123,251
11885.0,-71,-112,406
11887.5,-222,-4,342
11890.0,-45,-21,383
11892.5,-5,8,292
11895.0,69,4,242
11897.5,-4,-32,362
11900.0,-4,-32,362
11902.5,-12,-15,308
11905.0,150,55,320
11907.5,-14,-15,297
11910.0,22,7,237
11912.5,-6,29,317
11915.0,-38,-15,311
11917.5,60,20,274
11920.0,-6,27,343
11922.5,-26,3,277
11925.0,-12,-23,325
11927.5,-22,155,380
11930.0,254,82,275
11932.5,-123,-55,305
11935.0,-70,23,337
11937.5,39,-5,278
11940.0,-64,-78,214
11942.5,-18,-11,267
11945.0,14,7,396
11947.5,2,1,308
11950.0,2,1,308
11952.5,-3,5,254
11955.0,-13,-43,310
11957.5,-14,-40,347
11960.0,52,-32,220
11962.5,-5,-7,210
11965.0,-117,-50,389
11967.5,49,20,306
11970.0,-3,-35,295
11972.5,46,-1,333
11975.0,-14,24,238
11977.5,11,-18,328
11980.0,18,-47,320
11982.5,59,23,320
11985.0,1,-17,297
11987.5,-4,-59,258
11990.0,-6,-18,295
11992.5,1,-53,269
11995.0,37,4,197
11997.5,1,-6,349
12000.0,1,-6,349
12002.5,61,21,359
12005.0,-30,-13,285
12007.5,26,-10,252
12010.0,59,-58,343
12012.5,-20,8,286
12015.0,-53,-56,313
12017.5,-4,-28,305
12020.0,18,-34,262
12022.5,-46,-37,341
12025.0,-47,-57,243
12027.5,34,52,289
12030.0,37,32,293
12032.5,44,-19,285
12035.0,-21,-29,310
12037.5,36,18,352
12040.0,50,-3,319
12042.5,30,9,312
12045.0,13,21,273
12047.5,19,24,356
12050.0,19,24,356
12052.5,12,7,375
12055.0,-8,-51,266
12057.5,40,-43,269
12060.0,5,6,318
12062.5,5,9,255
12065.0,-19,-18,291
12067.5,-18,-43,336
12070.0,61,9,278
12072.5,-17,-41,308
12075.0,-10,-6,364
12077.5,51,-32,338
12080.0,8,-3,353
12082.5,55,-21,255
12085.0,-42,-12,249
12087.5,-3,5,227
12090.0,-72,-19,342
12092.5,-12,-69,385
12095.0,-27,-26,139
12097.5,97,13,277
12100.0,97,13,277
12102.5,65,-3,426
12105.0,-22,-24,385
12107.5,6,-58,232
12110.0,86,0,266
12112.5,-44,-2,231
12115.0,19,-5,301
12117.5,-50,-21,453
12120.0,-31,-29,226
12122.5,15,-21,315
12125.0,-14,-3,322
12127.5,53,37,331
12130.0,72,3,347
12132.5,25,-13,327
12135.0,28,-40,261
12137.5,-93,-22,360
12140.0,-7,-49,296
12142.5,55,-19,355
12145.0,-54,-51,396
12147.5,-60,-52,361
12150.0,-60,-52,361
12152.5,-14,-3,282
12155.0,-4,-24,263
12157.5,-31,-31,332
12160.0,-27,-46,389
12162.5,-4,-27,187
12165.0,15,-21,275
12167.5,-6,-12,439
12170.0,-26,-63,286
12172.5,30,-20,333
12175.0,69,40,324
12177.5,3,-58,256
12180.0,5,-18,212
12182.5,-49,-17,194
12185.0,10,-1,308
12187.5,-98,-80,351
12190.0,-48,-23,230
12192.5,-60,-23,278
12195.0,13,14,290
12197.5,121,-10,323
12200.0,121,-10,323
12202.5,84,29,355
12205.0,106,17,169
12207.5,17,-6,298
12210.0,31,-7,273
12212.5,44,11,460
12215.0,49,0,378
12217.5,55,-15,323
12220.0,4,-13,239
12222.5,20,-11,339
12225.0,-22,-32,233
12227.5,-3,-10,375
12230.0,-31,-30,405
12232.5,-4,-11,283
12235.0,57,-35,296
12237.5,-4,-4,284
12240.0,71,4,244
12242.5,10,-16,287
12245.0,3,-7,271
12247.5,59,5,299
12250.0,59,5,299
12252.5,-10,-37,329
12255.0,29,25,302
12257.5,-33,-77,243
12260.0,-68,-52,326
12262.5,89,46,92
12265.0,-81,-1,354
12267.5,28,59,340
12270.0,17,-2,361
12272.5,34,7,143
12275.0,30,15,256
12277.5,-5,-20,342
12280.0,-21,12,314
12282.5,99,12,297
12285.0,12,-44,318
12287.5,-13,-3,246
12290.0,90,32,257
12292.5,-46,-35,285
12295.0,51,14,251
12297.5,51,14,251
12300.0,-40,-60,302
12302.5,-124,-17,332
12305.0,-72,45,328
12307.5,-54,-19,318
12310.0,-13,-49,253
12312.5,-26,-71,246
12315.0,181,-61,499
12317.5,25,-6,366
12320.0,-13,14,308
12322.5,-5,14,178
12325.0,66,-8,301
12327.5,25,-37,399
12330.0,13,15,157
12332.5,18,20,198
12335.0,19,-5,378
12337.5,-101,-64,270
12340.0,-4,35,258
12342.5,-33,-63,285
12345.0,54,-87,233
12347.5,54,-87,233
12350.0,108,-2,294
12352.5,13,47,329
12355.0,-44,-10,283
12357.5,7,-21,237
12360.0,-50,-57,343
12362.5,-2,8,257
12365.0,4,-36,427
12367.5,-20,-55,274
12370.0,4,-1,226
12372.5,-12,0,366
12375.0,20,14,259
12377.5,0,3,281
12380.0,6,-29,282
12382.5,49,19,260
12385.0,-34,8,228
12387.5,95,-23,360
12390.0,-48,-34,305
12392.5,27,-43,326
12395.0,86,-36,318
12397.5,86,-36,318
12400.0,85,15,235
12402.5,-45,-18,359
12405.0,42,-8,253
12407.5,-12,-36,272
12410.0,-29,-14,300
12412.5,-2,-43,214
12415.0,50,26,299
12417.5,-9,18,346
12420.0,48,2,255
12422.5,6,-10,297
12425.0,37,12,344
12427.5,29,7,332
12430.0,-19,-22,384
12432.5,-2,-42,269
12435.0,14,9,264
12437.5,-68,-40,348
12440.0,5,-8,265
12442.5,-33,-53,293
12445.0,-15,-28,322
12447.5,-15,-28,322
12450.0,66,-3,283
12452.5,-11,-23,347
12455.0,6,6,351
12457.5,3,-26,316
12460.0,-83,-20,375
12462.5,-23,-72,475
12465.0,4,39,346
12467.5,34,-45,511
12470.0,-11,-47,373
12472.5,3,-10,436
12475.0,-48,-71,370
12477.5,-35,-7,301
12480.0,-3,-1,189
12482.5,-24,18,259
12485.0,-29,-34,367
12487.5,-13,-15,461
12490.0,18,-36,241
12492.5,22,-38,233
12495.0,14,-10,270
12497.5,14,-10,270
12500.0,17,-36,327
12502.5,-19,-38,298
12505.0,-25,52,271
12507.5,9,-62,299
12510.0,12,12,362
12512.5,26,-37,439
12515.0,30,-45,385
12517.5,65,21,315
12520.0,39,16,291
12522.5,5,18,223
12525.0,-25,-10,212
12527.5,44,-12,379
12530.0,28,-16,372
12532.5,63,-7,283
12535.0,55,1,234
12537.5,98,30,177
12540.0,40,-43,302
12542.5,-47,-36,365
12545.0,39,23,263
12547.5,39,23,263
12550.0,-19,-49,269
12552.5,-69,-26,322
12555.0,12,-32,289
12557.5,11,17,319
12560.0,-36,-58,342
12562.5,19,15,225
12565.0,-31,0,331
12567.5,-30,-43,405
12570.0,-19,7,339
12572.5,-28,-29,305
12575.0,-41,-90,369
12577.5,122,-7,251
12580.0,-18,-37,350
12582.5,-17,-48,223
12585.0,-15,-23,299
12587.5,-38,6,285
12590.0,-5,21,306
12592.5,43,5,347
12595.0,10,-43,356
12597.5,10,-43,356
12600.0,55,2,266
12602.5,-12,-21,347
12605.0,-60,-13,294
12607.5,57,11,313
12610.0,-67,-42,276
12612.5,6,52,247
12615.0,18,7,338
12617.5,-10,-25,306
12620.0,111,57,276
12622.5,-6,-8,362
12625.0,-55,-46,252
12627.5,28,32,274
12630.0,-34,-17,334
12632.5,35,-17,280
12635.0,-26,-32,316
12637.5,-103,-22,341
12640.0,-43,58,215
12642.5,-186,-121,303
12645.0,28,56,300
12647.5,28,56,300
12650.0,48,-5,303
12652.5,37,14,113
12655.0,16,26,197
12657.5,69,-14,309
12660.0,-26,6,330
12662.5,50,-13,263
12665.0,25,-20,341
12667.5,7,-22,250
12670.0,68,7,330
12672.5,41,28,275
12675.0,61,0,245
12677.5,-6,-35,341
12680.0,-100,-57,342
12682.5,235,29,258
12685.0,73,13,400
12687.5,-49,-63,264
12690.0,161,-26,430
12692.5,-58,-65,300
12695.0,31,-6,128
12697.5,31,-6,128
12700.0,7,14,274
12702.5,-32,-21,320
12705.0,23,-5,373
12707.5,-72,-28,346
12710.0,-81,-56,433
12712.5,23,-23,389
12715.0,-28,-24,391
12717.5,-22,-26,266
12720.0,139,-7,275
12722.5,-27,-94,357
12725.0,36,-27,331
12727.5,2,61,320
12730.0,82,-35,280
12732.5,49,-3,251
12735.0,-11,-46,357
12737.5,33,-17,345
12740.0,21,20,314
12742.5,3,21,393
12745.0,3,21,393
12747.5,-13,-40,277
12750.0,12,-33,243
12752.5,-59,-34,362
12755.0,-47,-18,232
12757.5,25,31,328
12760.0,-2,43,273
12762.5,55,-11,298
12765.0,-8,19,293
12767.5,35,-7,347
12770.0,67,2,310
12772.5,3,8,301
12775.0,19,3,357
12777.5,-11,-32,276
12780.0,-6,-7,366
12782.5,24,18,238
12785.0,71,15,212
12787.5,-10,-40,284
12790.0,66,35,263
12792.5,19,-2,308
12795.0,19,-2,308
12797.5,13,18,296
12800.0,10,-24,308
12802.5,-7,-59,324
12805.0,26,4,309
12807.5,-29,-61,347
12810.0,-37,-55,381
12812.5,5,-4,306
12815.0,4,-24,268
12817.5,-25,-25,296
12820.0,-2,-10,265
12822.5,36,5,307
12825.0,-46,-40,310
12827.5,32,13,276
12830.0,15,-12,349
12832.5,5,51,307
12835.0,-41,-63,306
12837.5,41,13,330
12840.0,-46,-48,329
12842.5,-96,-58,203
12845.0,-96,-58,203
12847.5,-100,-118,227
12850.0,51,2,194
12852.5,14,10,319
12855.0,-73,-31,374
12857.5,2,-80,449
12860.0,-12,16,333
12862.5,55,3,292
12865.0,27,7,114
12867.5,-39,-20,246
12870.0,45,27,295
12872.5,74,8,348
12875.0,14,-19,281
12877.5,39,4,207
12880.0,32,28,296
12882.5,4,-18,347
12885.0,70,7,318
12887.5,46,-41,374
12890.0,89,59,161
12892.5,97,-12,372
12895.0,97,-12,372
12897.5,-63,-30,288
12900.0,79,-41,314
12902.5,-23,-54,355
12905.0,-1,-7,265
12907.5,-61,-1,362
12910.0,30,15,324
12912.5,-14,-51,369
12915.0,45,-12,296
12917.5,62,-21,343
12920.0,-28,-51,177
12922.5,17,2,389
12925.0,-32,-18,337
12927.5,-45,-20,338
12930.0,61,23,251
12932.5,5,-39,324
12935.0,43,-48,336
12937.5,-14,29,365
12940.0,-4,-44,316
12942.5,5,40,315
12945.0,5,40,315
12947.5,-52,-34,350
12950.0,57,36,373
12952.5,55,-10,356
12955.0,70,-39,336
12957.5,59,11,270
12960.0,-39,-17,320
12962.5,16,-32,279
12965.0,18,45,399
12967.5,-63,39,328
12970.0,-45,-14,376
12972.5,9,0,343
12975.0,64,18,259
12977.5,56,18,267
12980.0,-4,-59,287
12982.5,29,10,229
12985.0,-22,-21,359
12987.5,-18,-13,340
12990.0,42,-12,332
12992.5,-32,-23,332
12995.0,-32,-23,332
12997.5,-6,24,261
13000.0,52,-11,275
13002.5,-2,-15,309
13005.0,65,-10,322
13007.5,-3,-14,328
13010.0,0,-50,356
13012.5,120,26,310
13015.0,-71,-133,338
13017.5,-36,-127,294
13020.0,92,57,313
13022.5,-179,42,511
13025.0,-79,-68,350
13027.5,36,-3,243
13030.0,20,-13,252
13032.5,31,6,236
13035.0,-15,-14,385
13037.5,22,-11,308
13040.0,28,17,216
13042.5,29,-45,315
13045.0,29,-45,315
13047.5,30,-6,260
13050.0,67,34,305
13052.5,10,14,272
13055.0,-10,-7,264
13057.5,-63,-48,395
13060.0,-11,-46,370
13062.5,58,-5,309
13065.0,-94,-48,320
13067.5,133,26,309
13070.0,113,-89,306
13072.5,-24,-40,336
13075.0,-2,37,294
13077.5,35,10,228
13080.0,-1,-46,343
13082.5,-16,-13,404
13085.0,9,-33,415
13087.5,6,-43,262
13090.0,-2,38,269
13092.5,26,-19,309
13095.0,26,-19,309
13097.5,-15,6,248
13100.0,27,-50,233
13102.5,-21,-33,324
13105.0,-12,-55,334
13107.5,-54,-47,398
13110.0,6,-38,287
13112.5,-32,32,348
13115.0,3,14,293
13117.5,-1,-17,304
13120.0,60,16,265
13122.5,-31,-21,317
13125.0,55,-7,225
13127.5,-65,-25,269
13130.0,56,30,245
13132.5,-22,41,265
13135.0,31,-19,299
13137.5,-73,-139,419
13140.0,4,-13,340
13142.5,-26,-60,357
13145.0,-26,-60,357
13147.5,-29,-68,343
13150.0,-12,-34,250
13152.5,58,14,316
13155.0,28,42,288
13157.5,14,1,319
13160.0,13,32,293
13162.5,61,17,257
13165.0,47,17,331
13167.5,-31,-40,341
13170.0,36,12,330
13172.5,-69,-22,358
13175.0,-25,-43,322
13177.5,19,-13,277
13180.0,-24,5,337
13182.5,-37,-23,308
13185.0,7,13,260
13187.5,-28,-15,326
13190.0,-13,-43,254
13192.5,67,18,288
13195.0,67,18,288
13197.5,20,2,285
13200.0,21,6,292
13202.5,-14,-30,352
13205.0,25,17,341
13207.5,4,6,317
13210.0,-39,-20,362
13212.5,-31,-66,275
13215.0,31,51,247
13217.5,-106,-127,203
13220.0,53,-33,247
13222.5,61,62,49
13225.0,37,-18,81
13227.5,114,11,283
13230.0,-16,10,434
13232.5,-19,-9,447
13235.0,59,-20,289
13237.5,-47,-45,273
13240.0,-25,14,146
13242.5,-25,14,146
13245.0,29,-2,389
13247.5,17,-16,444
13250.0,12,6,215
13252.5,-5,-17,310
13255.0,47,-21,327
13257.5,94,66,309
13260.0,41,14,319
13262.5,32,-55,253
13265.0,123,17,213
13267.5,-75,14,238
13270.0,35,-21,103
13272.5,69,-38,287
13275.0,22,2,370
13277.5,24,-3,240
13280.0,42,-32,233
13282.5,-17,44,215
13285.0,14,17,226
13287.5,18,-22,449
13290.0,-16,-56,240
13292.5,-16,-56,240
13295.0,-43,-16,291
13297.5,-46,-3,303
13300.0,39,43,192
13302.5,-13,14,320
13305.0,-33,-50,376
13307.5,-29,4,338
13310.0,-10,0,329
13312.5,23,-34,271
13315.0,-9,-141,319
13317.5,11,-23,342
13320.0,29,-17,316
13322.5,36,2,312
13325.0,-49,-37,278
13327.5,-8,-28,248
13330.0,-24,7,319
13332.5,5,-28,275
13335.0,-15,-30,320
13337.5,-71,-24,298
13340.0,11,-2,310
13342.5,11,-2,310
13345.0,-14,36,276
13347.5,-7,0,332
13350.0,-23,-31,253
13352.5,20,1,311
13355.0,5,-16,256
13357.5,-10,-74,309
13360.0,41,12,299
13362.5,41,-16,330
13365.0,7,-15,311
13367.5,38,18,325
13370.0,77,-15,285
13372.5,20,9,304
13375.0,13,-28,287
13377.5,-1,12,341
13380.0,-17,-27,342
13382.5,1,-53,306
13385.0,11,5,331
13387.5,134,9,294
13390.0,-3,-80,327
13392.5,-3,-80,327
13395.0,-179,-1,313
13397.5,-136,-108,363
13400.0,-2,-23,359
13402.5,-52,-17,349
13405.0,97,7,188
13407.5,15,-2,315
13410.0,17,-41,340
13412.5,108,43,292
13415.0,-27,-28,305
13417.5,-18,-5,229
13420.0,65,35,322
13422.5,-54,-14,297
13425.0,53,9,309
13427.5,30,-23,337
13430.0,38,27,243
13432.5,11,-72,410
13435.0,-75,-96,387
13437.5,13,79,320
13440.0,122,15,362
13442.5,122,15,362
13445.0,47,30,348
13447.5,-6,-27,244
13450.0,34,-40,274
13452.5,27,-27,392
13455.0,28,8,357
13457.5,67,-4,325
13460.0,-23,-13,269
13462.5,82,-39,325
13465.0,19,26,269
13467.5,-91,-1,287
13470.0,47,82,217
13472.5,-27,-31,355
13475.0,-5,-12,327
13477.5,-8,-50,291
13480.0,72,-78,365
13482.5,27,-16,253
13485.0,21,21,317
13487.5,-35,-80,330
13490.0,29,10,230
13492.5,29,10,230
13495.0,-21,-32,342
13497.5,98,5,276
13500.0,-64,-61,294
13502.5,-8,-3,286
13505.0,33,9,284
13507.5,-14,-11,345
13510.0,-34,26,322
13512.5,72,-52,333
13515.0,-64,-16,348
13517.5,-37,15,318
13520.0,-34,-26,232
13522.5,-11,-52,312
13525.0,20,11,244
13527.5,24,16,249
13530.0,38,-16,291
13532.5,12,16,298
13535.0,-33,-51,335
13537.5,7,15,342
13540.0,18,17,261
13542.5,18,17,261
13545.0,19,-5,333
13547.5,3,-10,335
13550.0,14,-9,324
13552.5,-14,8,359
13555.0,22,-14,243
13557.5,-4,-8,231
13560.0,-38,-10,261
13562.5,18,19,262
13565.0,-15,-23,300
13567.5,20,-16,346
13570.0,53,4,305
13572.5,13,-13,307
13575.0,-6,-9,328
13577.5,23,-29,293
13580.0,22,-18,356
13582.5,-15,-47,261
13585.0,1,-7,244
13587.5,57,14,310
13590.0,-26,-28,248
13592.5,-26,-28,248
13595.0,35,4,288
13597.5,67,13,268
13600.0,11,-14,139
13602.5,45,-17,184
13605.0,-80,-9,286
13607.5,51,-27,431
13610.0,-47,-71,443
13612.5,-2,7,315
13615.0,31,18,330
13617.5,-31,9,211
13620.0,-6,-8,281
13622.5,12,-23,433
13625.0,-33,-6,368
13627.5,27,10,214
13630.0,20,-62,330
13632.5,-6,-34,302
13635.0,-6,-22,313
13637.5,-18,6,234
13640.0,-18,6,234
13642.5,8,-33,190
13645.0,136,39,299
13647.5,-166,-47,390
13650.0,-59,-28,491
13652.5,14,-19,380
13655.0,70,18,308
13657.5,0,47,95
13660.0,-41,-34,302
13662.5,-23,-29,268
13665.0,20,-9,382
13667.5,-9,-20,343
13670.0,27,26,271
13672.5,24,-8,290
13675.0,-82,13,270
13677.5,107,-4,370
13680.0,-36,-9,384
13682.5,-14,-19,246
13685.0,25,35,295
13687.5,-15,-72,461
13690.0,-15,-72,461
13692.5,70,34,267
13695.0,11,-32,400
13697.5,20,21,310
13700.0,73,19,368
13702.5,-12,16,220
13705.0,15,30,200
13707.5,4,28,327
13710.0,-18,-30,358
13712.5,16,-7,312
13715.0,27,45,278
13717.5,63,54,221
13720.0,-8,-23,228
13722.5,-19,32,389
13725.0,4,-17,231
13727.5,-11,-16,372
13730.0,-59,8,293
13732.5,4,-8,367
13735.0,74,13,302
13737.5,19,21,264
13740.0,19,21,264
13742.5,-8,-8,301
13745.0,14,-2,324
13747.5,-9,-3,276
13750.0,27,7,346
13752.5,30,19,333
13755.0,-74,-25,308
13757.5,9,-19,364
13760.0,1,-7,266
13762.5,33,2,346
13765.0,-5,-30,253
13767.5,100,-32,199
13770.0,44,38,365
13772.5,99,-31,452
13775.0,13,-6,295
13777.5,-13,-47,325
13780.0,75,5,166
13782.5,18,-38,346
13785.0,-13,-14,312
13787.5,83,7,314
13790.0,83,7,314
13792.5,7,-15,277
13795.0,-38,-65,315
13797.5,23,30,340
13800.0,-26,-20,349
13802.5,-28,-46,309
13805.0,60,9,287
13807.5,-28,-30,340
13810.0,11,-13,270
13812.5,-1,-76,284
13815.0,-53,-98,308
13817.5,25,-111,353
13820.0,-143,-51,505
13822.5,-33,-35,344
13825.0,4,-19,262
13827.5,-3,-28,285
13830.0,2,5,265
13832.5,53,12,339
13835.0,26,-21,202
13837.5,-62,-55,261
13840.0,-62,-55,261
13842.5,128,-2,412
13845.0,-56,17,320
13847.5,73,4,323
13850.0,1,0,380
13852.5,89,12,298
13855.0,-1,-13,250
13857.5,-16,-21,360
13860.0,219,137,313
13862.5,-25,13,285
13865.0,2,46,303
13867.5,4,-22,265
13870.0,37,1,367
13872.5,37,-9,313
13875.0,14,-12,338
13877.5,-24,6,308
13880.0,-8,7,324
13882.5,19,-31,289
13885.0,-7,6,408
13887.5,-45,6,299
13890.0,-45,6,299
13892.5,37,-4,253
13895.0,29,-31,278
13897.5,62,-22,254
13900.0,3,6,343
13902.5,-28,49,342
13905.0,22,-6,307
13907.5,43,3,273
13910.0,-39,-62,300
13912.5,36,-5,334
13915.0,0,2,326
13917.5,31,-2,263
13920.0,65,-14,250
13922.5,18,38,265
13925.0,36,2,255
13927.5,0,-9,318
13930.0,-26,-28,322
13932.5,23,3,333
13935.0,-23,-18,337
13937.5,12,2,327
13940.0,12,2,327
13942.5,31,5,283
13945.0,45,-3,334
13947.5,25,2,299
13950.0,23,-2,258
13952.5,-48,-34,306
13955.0,-3,6,285
13957.5,-20,-26,311
13960.0,3,-4,303
13962.5,0,18,293
13965.0,52,18,250
13967.5,-70,-24,361
13970.0,30,8,211
13972.5,4,-31,470
13975.0,-58,-40,338
13977.5,-84,-61,397
13980.0,31,-12,354
13982.5,0,-4,306
13985.0,77,23,220
13987.5,33,4,239
13990.0,33,4,239
13992.5,33,33,275
13995.0,94,11,430
13997.5,0,2,451
14000.0,19,-3,216
14002.5,7,-8,318
14005.0,8,-50,330
14007.5,21,3,329
14010.0,4,-21,308
14012.5,38,-4,265
14015.0,40,-20,354
14017.5,83,85,243
14020.0,20,25,344
14022.5,-15,-23,458
14025.0,-19,-35,294
14027.5,-2,-40,308
14030.0,36,-18,258
14032.5,6,-33,180
14035.0,32,12,295
14037.5,-13,-15,404
14040.0,-13,-15,404
14042.5,36,-3,335
14045.0,8,-8,290
14047.5,15,-7,244
14050.0,28,-1,298
14052.5,-44,-25,295
14055.0,47,-20,313
14057.5,-37,-34,403
14060.0,-29,14,181
14062.5,-18,-11,334
14065.0,48,-105,469
14067.5,48,15,283
14070.0,-5,-26,242
14072.5,13,9,336
14075.0,3,5,271
14077.5,-28,18,351
14080.0,-31,14,252
14082.5,26,5,273
14085.0,-24,-61,398
14087.5,-24,-61,398
14090.0,16,-31,281
14092.5,66,33,249
14095.0,-39,-24,345
14097.5,11,-58,394
14100.0,29,-15,352
14102.5,-42,-25,282
14105.0,-1,-21,277
14107.5,21,-37,325
14110.0,-17,-45,267
14112.5,70,-1,298
14115.0,39,-35,318
14117.5,42,24,267
14120.0,-24,2,266
14122.5,-29,-9,332
14125.0,-29,-15,270
14127.5,-32,18,407
14130.0,0,7,236
14132.5,83,56,245
14135.0,14,5,296
14137.5,14,5,296
14140.0,21,-31,303
14142.5,25,-25,358
14145.0,38,-64,354
14147.5,-13,31,257
14150.0,-18,4,353
14152.5,50,32,386
14155.0,109,79,228
14157.5,-48,69,389
14160.0,-12,-26,451
14162.5,-73,-29,366
14165.0,43,-13,173
14167.5,-12,-13,323
14170.0,23,-20,415
14172.5,28,-38,386
14175.0,32,-5,241
14177.5,-17,-11,271
14180.0,28,-27,292
14182.5,6,-11,326
14185.0,-29,-19,310
14187.5,-29,-19,310
14190.0,40,-3,291
14192.5,-13,-24,346
14195.0,23,1,342
14197.5,7,0,313
14200.0,-23,1,332
14202.5,-39,13,337
14205.0,107,33,292
14207.5,11,-17,304
14210.0,18,19,324
14212.5,-54,-32,322
14215.0,-25,16,318
14217.5,28,-10,245
14220.0,-10,-44,279
14222.5,5,-17,399
14225.0,68,34,270
14227.5,-88,-58,238
14230.0,-14,-34,247
14232.5,-20,-7,304
14235.0,-10,-24,294
14237.5,-10,-24,294
14240.0,23,-19,275
14242.5,-60,-36,366
14245.0,11,-11,298
14247.5,0,-13,204
14250.0,-127,-23,243
14252.5,-13,-11,405
14255.0,32,-20,256
14257.5,-58,-34,369
14260.0,-26,-16,224
14262.5,-3,-15,327
14265.0,-20,-37,281
14267.5,15,5,290
14270.0,-6,-21,325
14272.5,12,-8,312
14275.0,72,26,280
14277.5,-24,-54,348
14280.0,42,-5,348
14282.5,22,-31,348
14285.0,17,-11,333
14287.5,17,-11,333
14290.0,65,-18,286
14292.5,51,31,240
14295.0,-47,-29,279
14297.5,2,-19,330
14300.0,23,-14,337
14302.5,10,-20,301
14305.0,37,13,281
14307.5,5,3,331
14310.0,3,7,346
14312.5,36,-11,333
14315.0,15,-28,350
14317.5,-8,-38,343
14320.0,-15,-46,265
14322.5,5,-37,375
14325.0,13,-4,245
14327.5,51,-23,270
14330.0,-4,-16,307
14332.5,45,35,254
14335.0,5,-18,293
14337.5,5,-18,293
14340.0,53,-18,356
14342.5,-27,-36,335
14345.0,-2,-35,346
14347.5,114,52,202
14350.0,44,-27,164
14352.5,24,50,52
14355.0,-1,24,172
14357.5,-46,19,284
14360.0,-77,-42,391
14362.5,-35,-35,332
14365.0,79,33,244
14367.5,0,3,296
14370.0,-70,-33,311
14372.5,42,-8,399
14375.0,19,-20,385
14377.5,-32,-3,228
14380.0,-2,-44,288
14382.5,15,25,216
14385.0,46,-25,298
14387.5,46,-25,298
14390.0,10,13,308
14392.5,25,6,209
14395.0,78,21,367
14397.5,-45,2,404
14400.0,6,-28,511
14402.5,65,-11,405
14405.0,16,-29,252
14407.5,-46,5,179
14410.0,39,7,245
14412.5,-25,-52,314
14415.0,-82,-91,371
14417.5,-43,36,315
14420.0,-19,-47,274
14422.5,-13,-37,299
14425.0,58,32,278
14427.5,-70,-10,265
14430.0,6,-22,378
14432.5,93,11,310
14435.0,-38,-22,279
14437.5,-38,-22,279
14440.0,-41,-13,284
14442.5,26,34,229
14445.0,-25,-35,367
14447.5,29,-35,349
14450.0,31,-18,276
14452.5,33,-39,323
14455.0,25,-18,213
14457.5,52,92,388
14460.0,105,71,281
14462.5,63,9,348
14465.0,-26,-7,283
14467.5,9,4,254
14470.0,116,83,216
14472.5,5,26,286
14475.0,54,43,305
14477.5,-30,-55,322
14480.0,-38,19,298
14482.5,22,-11,282
14485.0,40,-28,339
14487.5,40,-28,339
14490.0,13,-15,256
14492.5,-7,23,307
14495.0,-6,-42,330
14497.5,48,-6,262
14500.0,-2,-27,341
14502.5,73,-3,340
14505.0,-11,-8,312
14507.5,-63,-33,323
14510.0,0,-20,227
14512.5,-71,0,294
14515.0,-4,-11,328
14517.5,96,37,267
14520.0,129,28,328
14522.5,-79,-35,342
14525.0,-156,-109,340
14527.5,-9,34,382
14530.0,-26,-37,287
14532.5,19,20,144
14535.0,19,20,144
14537.5,-18,9,315
14540.0,-2,-28,284
14542.5,28,-4,355
14545.0,-20,13,295
14547.5,23,-27,286
14550.0,28,-51,395
14552.5,3,-25,298
14555.0,71,-26,322
14557.5,22,-8,260
14560.0,-37,-32,221
14562.5,-61,11,325
14565.0,36,0,262
14567.5,-139,-13,254
14570.0,-189,-104,245
14572.5,43,61,399
14575.0,95,21,273
14577.5,-54,-36,268
14580.0,5,44,212
14582.5,11,2,316
14585.0,11,2,316
14587.5,-18,-4,356
14590.0,64,29,237
14592.5,-1,26,228
14595.0,6,-80,393
14597.5,-2,-8,323
14600.0,13,8,293
14602.5,32,-30,339
14605.0,-31,-36,194
14607.5,59,10,372
14610.0,39,-60,343
14612.5,44,-77,291
14615.0,-20,-57,255
14617.5,78,66,304
14620.0,-34,-20,336
14622.5,-4,9,316
14625.0,36,6,356
14627.5,-12,-11,303
14630.0,-51,4,354
14632.5,-8,-59,309
14635.0,-8,-59,309
14637.5,-1,9,377
14640.0,64,27,254
14642.5,98,-21,284
14645.0,-26,-39,311
14647.5,50,9,261
14650.0,-8,-12,338
14652.5,-17,-20,236
14655.0,-56,-67,289
14657.5,-14,18,334
14660.0,-8,-22,382
14662.5,0,1,313
14665.0,-101,-11,315
14667.5,4,-10,318
14670.0,15,-38,273
14672.5,25,38,333
14675.0,31,-2,226
14677.5,1,-22,308
14680.0,8,-16,296
14682.5,26,12,273
14685.0,26,12,273
14687.5,-2,10,297
14690.0,-35,-33,321
14692.5,59,15,298
14695.0,-25,-29,317
14697.5,-17,-32,354
14700.0,-40,-37,262
14702.5,-17,0,318
14705.0,11,-1,277
14707.5,29,30,281
14710.0,-47,-59,331
14712.5,2,-36,255
14715.0,-41,-49,335
14717.5,-24,-10,313
14720.0,14,25,276
14722.5,-71,-42,397
14725.0,-123,-162,285
14727.5,65,53,71
14730.0,-52,-29,312
14732.5,-122,27,343
14735.0,-122,27,343
14737.5,41,-32,388
14740.0,-9,-21,460
14742.5,26,9,226
14745.0,36,59,108
14747.5,-38,-26,223
14750.0,-53,-15,425
14752.5,24,13,325
14755.0,-30,-12,313
14757.5,70,-12,221
14760.0,113,28,320
14762.5,19,-17,294
14765.0,30,-9,261
14767.5,-7,-23,222
14770.0,-3,13,235
14772.5,32,101,6
14775.0,48,42,236
14777.5,13,-36,391
14780.0,-30,-5,414
14782.5,-9,-53,232
14785.0,-9,-53,232
14787.5,72,-9,185
14790.0,57,38,283
14792.5,-25,-5,325
14795.0,14,-23,422
14797.5,-13,7,310
14800.0,80,20,293
14802.5,5,-47,347
14805.0,-5,18,341
14807.5,-79,-28,356
14810.0,-86,-12,232
14812.5,105,16,300
14815.0,76,13,320
14817.5,87,3,173
14820.0,-89,-6,287
14822.5,25,6,401
14825.0,-75,-70,328
14827.5,69,27,198
14830.0,-39,26,281
14832.5,-80,-63,406
14835.0,-80,-63,406
14837.5,50,53,321
14840.0,-5,-40,340
14842.5,0,8,305
14845.0,-64,6,334
14847.5,7,41,313
14850.0,-12,-18,345
14852.5,29,-19,287
14855.0,41,13,290
14857.5,18,-39,288
14860.0,-20,-49,337
14862.5,92,3,287
14865.0,69,13,288
14867.5,32,-33,362
14870.0,-18,-8,297
14872.5,-15,-4,283
14875.0,20,22,293
14877.5,-6,-15,336
14880.0,-7,2,316
14882.5,72,-3,284
14885.0,72,-3,284
14887.5,48,-3,327
14890.0,-2,-20,249
14892.5,58,0,274
14895.0,1,-7,298
14897.5,136,-55,234
14900.0,-16,-49,201
14902.5,-45,-72,423
14905.0,116,36,396
14907.5,53,19,375
14910.0,-14,-30,218
14912.5,52,18,258
14915.0,-19,-25,336
14917.5,51,0,220
14920.0,93,27,298
14922.5,-62,-18,291
14925.0,1,23,294
14927.5,21,2,352
14930.0,48,-4,325
14932.5,0,-5,291
14935.0,0,-5,291
14937.5,-83,-46,408
14940.0,-15,15,299
14942.5,70,51,256
14945.0,-61,-53,298
14947.5,100,71,351
14950.0,70,-32,414
14952.5,-75,-39,304
14955.0,19,-19,290
14957.5,34,25,374
14960.0,-73,-77,340
14962.5,81,12,262
14965.0,-44,-33,271
14967.5,3,-12,266
14970.0,-56,-26,377
14972.5,24,-76,361
14975.0,74,19,259
14977.5,-34,15,295
14980.0,-31,9,373
14982.5,-31,9,373
14985.0,-15,-26,251
14987.5,87,-46,379
14990.0,59,-5,242
14992.5,49,-17,297
14995.0,16,-29,327
14997.5,28,44,266
15000.0,23,-20,272
15002.5,-42,32,318
15005.0,33,34,337
15007.5,70,72,201
15010.0,83,-4,287
15012.5,-12,-27,279
15015.0,-57,39,300
15017.5,32,-2,301
15020.0,51,-5,267
15022.5,18,-4,291
15025.0,-5,-15,283
15027.5,-5,-34,335
15030.0,28,-5,313
15032.5,28,-5,313
15035.0,26,-8,262
15037.5,-83,8,336
15040.0,-11,0,304
15042.5,7,-26,348
15045.0,13,1,308
15047.5,5,38,280
15050.0,-15,-54,335
15052.5,-38,-23,307
15055.0,35,7,278
15057.5,22,-13,272
15060.0,-30,-12,288
15062.5,-11,11,291
15065.0,3,-27,309
15067.5,-37,-30,348
15070.0,24,20,302
15072.5,16,15,330
15075.0,-5,11,335
15077.5,54,-29,306
15080.0,22,20,306
15082.5,22,20,306
15085.0,25,-16,308
15087.5,17,7,246
15090.0,2,14,324
15092.5,31,23,245
15095.0,46,26,312
15097.5,11,-16,304
15100.0,5,-3,249
15102.5,48,-15,361
15105.0,-67,-49,424
15107.5,-75,-41,271
15110.0,-13,6,322
15112.5,-28,-25,448
15115.0,59,15,357
15117.5,-20,-20,295
15120.0,-4,-26,307
15122.5,83,27,284
15125.0,-64,-38,202
15127.5,0,24,269
15130.0,108,8,440
15132.5,108,8,440
15135.0,25,-2,368
15137.5,-18,-14,251
15140.0,16,-19,322
15142.5,-24,-10,290
15145.0,77,6,329
15147.5,26,-60,269
15150.0,21,1,285
15152.5,-21,-119,222
15155.0,-68,-91,351
15157.5,-61,-8,436
15160.0,-4,-24,383
15162.5,-8,-13,382
15165.0,59,-36,104
15167.5,-31,-2,222
15170.0,-23,-20,281
15172.5,-13,18,392
15175.0,-5,-33,350
15177.5,38,29,233
15180.0,47,-10,250
15182.5,47,-10,250
15185.0,-34,-23,314
15187.5,28,-37,338
15190.0,58,13,359
15192.5,61,66,234
15195.0,102,43,262
15197.5,-74,7,398
15200.0,1,-45,337
15202.5,-30,-13,414
15205.0,1,-59,286
15207.5,55,4,344
15210.0,-10,13,268
15212.5,40,-13,243
15215.0,75,13,318
15217.5,-6,-7,256
15220.0,56,5,302
15222.5,-20,-23,286
15225.0,-58,-68,315
15227.5,12,1,243
15230.0,17,-11,398
15232.5,17,-11,398
15235.0,63,13,194
15237.5,17,-29,316
15240.0,-51,-10,295
15242.5,-5,-9,314
15245.0,13,3,306
15247.5,-11,-31,281
15250.0,38,-11,287
15252.5,-22,6,324
15255.0,6,-15,289
15257.5,5,9,307
15260.0,3,5,359
15262.5,8,-30,311
15265.0,36,21,346
15267.5,37,12,232
15270.0,56,-25,272
15272.5,-106,-65,337
15275.0,-66,-129,203
15277.5,103,-53,429
15280.0,103,-53,429
15282.5,-62,-105,331
15285.0,-55,-42,274
15287.5,56,8,215
15290.0,-1,-17,281
15292.5,28,-11,284
15295.0,-1,-9,360
15297.5,14,-9,246
15300.0,34,12,282
15302.5,-22,9,296
15305.0,77,33,323
15307.5,-47,2,331
15310.0,-24,-35,308
15312.5,14,27,282
15315.0,-68,-50,400
15317.5,-17,-6,323
15320.0,14,-4,211
15322.5,-35,-46,309
15325.0,-44,8,247
15327.5,-201,28,444
15330.0,-201,28,444
15332.5,-19,9,392
15335.0,-30,-41,207
15337.5,75,-9,274
15340.0,36,23,354
15342.5,19,0,299
15345.0,-64,-27,295
15347.5,50,-15,246
15350.0,-2,-30,341
15352.5,-73,-21,345
15355.0,90,33,230
15357.5,77,33,262
15360.0,127,-39,355
15362.5,47,26,311
15365.0,55,19,416
15367.5,-32,2,258
15370.0,55,-31,247
15372.5,-58,-48,296
15375.0,44,-16,202
15377.5,38,7,265
15380.0,38,7,265
15382.5,-46,38,239
15385.0,31,7,293
15387.5,-28,-1,252
15390.0,-23,-26,307
15392.5,40,29,324
15395.0,18,-1,339
15397.5,12,10,295
15400.0,20,-18,266
15402.5,8,-52,399
15405.0,19,-20,413
15407.5,107,13,322
15410.0,-24,-8,245
15412.5,44,-8,244
15415.0,43,-3,308
15417.5,-11,-61,321
15420.0,13,3,303
15422.5,5,-13,354
15425.0,29,-12,292
15427.5,-11,-64,253
15430.0,-11,-64,253
15432.5,-20,-4,321
15435.0,11,9,300
15437.5,56,-23,245
15440.0,-50,-53,310
15442.5,-1,6,252
15445.0,2,10,279
15447.5,30,-3,304
15450.0,21,16,279
15452.5,29,19,300
15455.0,21,0,322
15457.5,28,-35,306
15460.0,-43,-26,325
15462.5,-15,8,305
15465.0,-2,7,255
15467.5,23,-23,349
15470.0,71,42,239
15472.5,10,0,305
15475.0,-55,9,147
15477.5,48,28,149
15480.0,48,28,149
15482.5,13,-33,390
15485.0,-111,-32,403
15487.5,-63,40,411
15490.0,61,1,428
15492.5,0,-43,464
15495.0,-39,0,206
15497.5,-15,-27,236
15500.0,-6,0,166
15502.5,71,-25,358
15505.0,-14,-16,408
15507.5,22,-25,215
15510.0,38,-13,291
15512.5,48,-6,345
15515.0,-44,-44,294
15517.5,22,-8,374
15520.0,14,-12,256
15522.5,27,-29,244
15525.0,45,50,252
15527.5,45,50,252
15530.0,-178,-132,433
15532.5,57,-6,455
15535.0,29,8,377
15537.5,75,44,340
15540.0,89,10,302
15542.5,68,33,206
15545.0,12,-26,281
15547.5,-26,-34,422
15550.0,50,-2,236
15552.5,74,43,252
15555.0,-19,-55,300
15557.5,70,11,370
15560.0,-3,-32,369
15562.5,18,-41,319
15565.0,123,-38,305
15567.5,-36,20,466
15570.0,22,-34,99
15572.5,80,34,216
15575.0,-31,11,356
15577.5,-31,11,356
15580.0,14,-33,278
15582.5,37,-12,409
15585.0,53,-7,273
15587.5,35,-15,284
15590.0,76,19,383
15592.5,-4,17,216
15595.0,12,12,269
15597.5,19,-1,323
15600.0,-11,-41,348
15602.5,39,-20,136
15605.0,139,28,160
15607.5,114,32,264
15610.0,-6,-8,309
15612.5,23,-72,260
15615.0,-8,-8,333
15617.5,14,0,363
15620.0,77,35,241
15622.5,-26,-24,301
15625.0,17,-3,297
15627.5,17,-3,297
15630.0,34,18,336
15632.5,-59,-55,328
15635.0,-12,11,246
15637.5,81,31,313
15640.0,-22,-29,328
15642.5,86,46,281
15645.0,6,16,339
15647.5,-30,-22,280
15650.0,99,-7,241
15652.5,-5,-39,324
15655.0,49,35,285
15657.5,74,82,374
15660.0,-40,19,342
15662.5,-63,-69,161
15665.0,129,51,391
15667.5,4,-60,410
15670.0,43,22,251
15672.5,73,-19,190
15675.0,-23,-11,240
15677.5,-23,-11,240
15680.0,95,0,397
15682.5,-11,3,303
15685.0,31,-21,188
15687.5,-41,-10,320
15690.0,5,17,324
15692.5,70,26,353
15695.0,-68,-42,392
15697.5,42,-20,259
15700.0,68,-11,272
15702.5,-48,-64,323
15705.0,83,27,251
15707.5,13,-60,182
15710.0,-118,49,276
15712.5,-30,-43,284
15715.0,-1,-48,379
15717.5,79,20,353
15720.0,22,-32,312
15722.5,-10,-29,210
15725.0,23,14,226
15727.5,23,14,226
15730.0,180,-3,375
15732.5,-19,-38,328
15735.0,20,18,209
15737.5,46,36,339
15740.0,-92,-52,353
15742.5,55,19,300
15745.0,-25,-5,349
15747.5,2,-39,296
15750.0,77,20,254
15752.5,-14,3,328
15755.0,-2,-48,372
15757.5,-43,-40,293
15760.0,18,-4,318
15762.5,49,57,261
15765.0,54,-28,299
15767.5,-59,-56,271
15770.0,17,2,325
15772.5,-6,9,314
15775.0,-14,-49,318
15777.5,-14,-49,318
15780.0,78,5,328
15782.5,8,0,338
15785.0,20,3,277
15787.5,19,-15,201
15790.0,-12,-19,284
15792.5,-16,-28,232
15795.0,67,31,297
15797.5,-20,-51,342
15800.0,-30,-10,338
15802.5,20,46,280
15805.0,-5,-30,345
15807.5,32,16,326
15810.0,-28,-29,353
15812.5,6,-6,315
15815.0,40,-44,273
15817.5,77,9,345
15820.0,-6,-57,250
15822.5,51,10,255
15825.0,51,10,255
15827.5,42,39,286
15830.0,42,-2,273
15832.5,25,2,301
15835.0,-29,-61,340
15837.5,37,28,295
15840.0,-71,-48,365
15842.5,43,-41,314
15845.0,69,6,298
15847.5,41,-3,332
15850.0,26,4,286
15852.5,-8,-76,258
15855.0,-74,13,345
15857.5,5,2,200
15860.0,72,54,196
15862.5,-92,-61,359
15865.0,-25,-21,312
15867.5,63,50,286
15870.0,-27,-59,361
15872.5,42,47,215
15875.0,42,47,215
15877.5,-3,14,263
15880.0,-16,-26,343
15882.5,102,41,331
15885.0,-26,-27,289
15887.5,-15,-28,221
15890.0,34,27,313
15892.5,1,-47,350
15895.0,-7,-21,266
15897.5,110,40,296
15900.0,30,1,321
15902.5,98,15,313
15905.0,-106,-52,338
15907.5,-3,-24,300
15910.0,104,52,184
15912.5,17,6,216
15915.0,11,2,232
15917.5,-67,-37,433
15920.0,-11,-65,346
15922.5,56,-14,264
15925.0,56,-14,264
15927.5,42,-31,306
15930.0,3,-45,241
15932.5,-54,-58,222
15935.0,-79,-5,335
15937.5,65,54,241
15940.0,32,-5,289
15942.5,13,-35,339
15945.0,68,-9,264
15947.5,-32,-81,459
15950.0,-73,5,283
15952.5,-16,-25,267
15955.0,-29,-36,299
15957.5,96,74,306
15960.0,20,-26,229
15962.5,25,1,307
15965.0,70,7,289
15967.5,97,28,262
15970.0,-2,3,286
15972.5,62,-38,329
15975.0,62,-38,329
15977.5,33,37,292
15980.0,-47,-47,272
15982.5,38,-13,275
15985.0,87,53,295
15987.5,100,51,267
15990.0,37,-19,310
15992.5,57,-7,289
15995.0,57,-12,317
15997.5,-15,-10,310
16000.0,31,-3,348
16002.5,-2,-2,267
16005.0,38,5,314
16007.5,51,11,288
16010.0,-69,-2,348
16012.5,36,-28,247
16015.0,45,-1,322
16017.5,-20,-33,310
16020.0,15,33,294
16022.5,1,10,356
16025.0,1,10,356
16027.5,-23,-81,190
16030.0,-77,-122,212
16032.5,84,-130,280
16035.0,-26,4,378
16037.5,49,15,307
16040.0,-23,-14,227
16042.5,70,16,209
16045.0,2,-26,339
16047.5,13,-7,352
16050.0,62,9,288
16052.5,-42,-50,318
16055.0,-25,-25,235
16057.5,103,3,317
16060.0,-21,-40,298
16062.5,50,0,243
16065.0,6,9,313
16067.5,-66,-63,320
16070.0,39,-4,359
16072.5,-26,-27,435
16075.0,-26,-27,435
16077.5,21,-19,286
16080.0,79,3,271
16082.5,139,64,313
16085.0,-7,-11,359
16087.5,-14,-32,442
16090.0,-5,-38,232
16092.5,64,42,213
16095.0,39,-8,324
16097.5,-67,-55,344
16100.0,8,24,238
16102.5,-10,-3,369
16105.0,-44,-25,325
16107.5,143,14,278
16110.0,64,-37,226
16112.5,99,-6,312
16115.0,31,35,181
16117.5,20,-37,306
16120.0,118,36,252
16122.5,80,32,247
16125.0,80,32,247
16127.5,139,35,326
16130.0,54,-21,247
16132.5,-6,-9,310
16135.0,31,16,317
16137.5,15,-2,259
16140.0,-47,-44,338
16142.5,31,-42,287
16145.0,6,-13,358
16147.5,-41,-95,364
16150.0,-24,-31,295
16152.5,18,-21,298
16155.0,-46,-46,394
16157.5,-2,-5,319
16160.0,-4,-33,281
16162.5,58,-1,314
16165.0,19,5,294
16167.5,14,39,339
16170.0,10,57,230
16172.5,-17,-40,282
16175.0,-17,-40,282
16177.5,-6,23,294
16180.0,7,-27,293
16182.5,-49,-28,330
16185.0,-11,5,288
16187.5,-5,-10,303
16190.0,29,-10,336
16192.5,40,-15,307
16195.0,-1,-22,306
16197.5,1,-14,312
16200.0,25,-18,286
16202.5,-2,4,246
16205.0,-12,-16,321
16207.5,73,21,245
16210.0,32,31,308
16212.5,13,33,266
16215.0,70,-3,276
16217.5,7,27,291
16220.0,19,-30,378
16222.5,38,28,333
16225.0,38,28,333
16227.5,11,-1,352
16230.0,23,-17,375
16232.5,60,12,257
16235.0,-98,-104,331
16237.5,37,9,418
16240.0,51,15,313
16242.5,29,12,281
16245.0,-7,2,311
16247.5,-20,-37,422
16250.0,44,-7,360
16252.5,71,12,260
16255.0,-5,-1,271
16257.5,-29,-8,193
16260.0,75,30,373
16262.5,-43,-23,501
16265.0,9,-13,165
16267.5,-41,-9,258
16270.0,3,-21,327
16272.5,3,-21,327
16275.0,80,34,296
16277.5,-13,-11,321
16280.0,-36,-59,349
16282.5,22,-40,216
16285.0,41,24,256
16287.5,-1,-1,-1
16290.0,29,55,390
16292.5,18,-86,339
16295.0,6,12,229
16297.5,-3,31,153
16300.0,2,15,268
16302.5,19,16,330
16305.0,-32,14,372
16307.5,44,-10,247
16310.0,148,15,207
16312.5,-14,-51,196
16315.0,1,44,299
16317.5,-43,10,319
16320.0,-9,-12,358
16322.5,-9,-12,358
16325.0,87,26,275
16327.5,21,-2,335
16330.0,80,49,268
16332.5,-66,39,309
16335.0,-71,-47,309
16337.5,32,37,292
16340.0,-26,-53,372
16342.5,-21,-30,124
16345.0,95,13,221
16347.5,73,20,368
16350.0,16,37,271
16352.5,35,-25,217
16355.0,7,-50,229
16357.5,22,60,225
16360.0,41,-9,288
16362.5,-12,-34,294
16365.0,39,-21,335
16367.5,2,-18,347
16370.0,48,22,236
16372.5,48,22,236
16375.0,9,24,365
16377.5,55,3,247
16380.0,-8,-48,273
16382.5,32,40,308
16385.0,21,-24,295
16387.5,-18,15,246
16390.0,-25,-27,299
16392.5,10,-10,254
16395.0,7,-22,305
16397.5,8,-22,331
16400.0,38,-2,286
16402.5,60,-7,317
16405.0,-61,33,268
16407.5,-25,24,205
16410.0,-213,-125,296
16412.5,-20,-78,343
16415.0,46,-28,351
16417.5,8,-40,276
16420.0,42,28,227
16422.5,42,28,227
16425.0,-19,3,352
16427.5,-66,-59,331
16430.0,63,40,318
16432.5,-43,-28,362
16435.0,-15,-11,224
16437.5,35,2,355
16440.0,-24,-43,277
16442.5,20,-7,276
16445.0,2,5,310
16447.5,13,36,217
16450.0,69,4,242
16452.5,36,85,353
16455.0,27,55,309
16457.5,190,31,331
16460.0,-2,-19,346
16462.5,37,5,186
16465.0,24,33,317
16467.5,-4,7,313
16470.0,64,20,307
16472.5,64,20,307
16475.0,-35,19,278
16477.5,-67,-32,362
16480.0,38,-3,376
16482.5,-3,20,362
16485.0,-43,-40,332
16487.5,86,-8,313
16490.0,5,12,339
16492.5,-27,-50,292
16495.0,18,-52,279
16497.5,-2,13,315
16500.0,-14,15,310
16502.5,53,7,247
16505.0,-22,22,369
16507.5,2,-18,237
16510.0,-123,-31,418
16512.5,25,4,346
16515.0,-1,-2,248
16517.5,-4,-11,284
16520.0,26,-27,245
16522.5,26,-27,245
16525.0,4,-36,334
16527.5,-19,-14,351
16530.0,48,7,371
16532.5,-29,-29,315
16535.0,42,-48,334
16537.5,31,-21,309
16540.0,-32,3,332
16542.5,-13,-12,285
16545.0,39,5,235
16547.5,-99,-50,367
16550.0,43,33,296
16552.5,-9,-7,323
16555.0,49,36,244
16557.5,9,-7,280
16560.0,34,27,283
16562.5,1,-25,353
16565.0,42,-6,330
16567.5,28,-22,383
16570.0,12,-19,289
16572.5,12,-19,289
16575.0,46,20,253
16577.5,-27,-22,345
16580.0,-7,-4,252
16582.5,71,14,278
16585.0,31,24,317
16587.5,32,7,274
16590.0,-23,-48,320
16592.5,67,77,319
16595.0,-3,-4,326
16597.5,-14,-22,309
16600.0,23,-8,315
16602.5,39,2,251
16605.0,-42,-32,378
16607.5,10,-14,307
16610.0,98,-8,211
16612.5,-173,-82,403
16615.0,11,4,222
16617.5,-8,45,238
16620.0,-47,-33,302
16622.5,-47,-33,302
16625.0,3,-40,442
16627.5,2,-38,302
16630.0,15,12,347
16632.5,-74,-80,287
16635.0,-80,-39,273
16637.5,50,19,252
16640.0,86,19,486
16642.5,-2,-10,249
16645.0,-43,-17,246
16647.5,-36,-18,279
16650.0,23,-19,397
16652.5,-16,-33,336
16655.0,25,-47,297
16657.5,-83,-87,226
16660.0,31,71,254
16662.5,-37,38,291
16665.0,-29,20,372
16667.5,15,5,359
16670.0,-75,-37,336
16672.5,-75,-37,336
16675.0,18,27,204
16677.5,-28,-94,310
16680.0,-33,-26,350
16682.5,67,33,308
16685.0,48,29,244
16687.5,-43,4,237
16690.0,-14,16,220
16692.5,-152,-50,244
16695.0,59,-27,451
16697.5,-32,18,393
16700.0,15,-19,304
16702.5,142,43,225
16705.0,-13,-62,328
16707.5,5,10,230
16710.0,50,7,363
16712.5,-48,11,250
16715.0,-22,-13,422
16717.5,102,22,248
16720.0,102,22,248
16722.5,21,3,191
16725.0,25,39,320
16727.5,-51,-52,334
16730.0,37,10,249
16732.5,4,14,346
16735.0,40,32,433
16737.5,12,-62,362
16740.0,-29,22,375
16742.5,-76,-92,274
16745.0,49,-14,306
16747.5,-21,-32,319
16750.0,19,15,370
16752.5,1,-29,370
16755.0,1,-4,283
16757.5,31,12,240
16760.0,-13,-46,349
16762.5,3,-19,250
16765.0,5,2,292
16767.5,-19,-30,284
16770.0,-19,-30,284
16772.5,36,-11,279
16775.0,12,-5,292
16777.5,-14,-11,324
16780.0,-65,15,331
16782.5,149,96,277
16785.0,10,50,226
16787.5,111,37,378
16790.0,-55,-63,461
16792.5,-23,12,315
16795.0,11,-14,292
16797.5,-10,-59,251
16800.0,-48,-15,323
16802.5,50,-43,442
16805.0,40,29,277
16807.5,74,-45,231
16810.0,-18,-16,282
16812.5,19,-7,268
16815.0,31,9,319
16817.5,-81,-60,323
16820.0,-81,-60,323
16822.5,78,25,324
16825.0,-48,-24,385
16827.5,74,13,252
16830.0,109,21,225
16832.5,-153,-92,307
16835.0,-134,-133,224
16837.5,135,47,435
16840.0,13,8,390
16842.5,27,-2,228
16845.0,-75,-32,262
16847.5,15,-11,324
16850.0,-5,-14,377
16852.5,-75,-39,306
16855.0,68,-3,367
16857.5,1,32,313
16860.0,-59,-74,315
16862.5,20,10,221
16865.0,37,23,327
16867.5,-16,-59,271
16870.0,-16,-59,271
16872.5,52,45,244
16875.0,69,-67,286
16877.5,6,39,364
16880.0,44,-77,304
16882.5,-70,7,372
16885.0,38,21,254
16887.5,33,-26,227
16890.0,3,-26,248
16892.5,56,-49,242
16895.0,-23,-45,308
16897.5,4,-30,321
16900.0,46,31,279
16902.5,-40,-50,309
16905.0,-1,-73,282
16907.5,-2,-26,287
16910.0,29,-52,319
16912.5,16,-13,302
16915.0,71,-36,259
16917.5,19,37,290
16920.0,19,37,290
16922.5,57,36,320
16925.0,-28,-7,274
16927.5,14,12,279
16930.0,31,15,283
16932.5,-33,-20,325
16935.0,29,-3,365
16937.5,4,-29,340
16940.0,18,18,329
16942.5,-15,-18,335
16945.0,62,-6,284
16947.5,-30,-55,361
16950.0,39,21,253
16952.5,-26,-13,301
16955.0,-30,-38,307
16957.5,29,16,237
16960.0,4,-14,287
16962.5,14,5,328
16965.0,87,93,255
16967.5,-38,-52,308
16970.0,-38,-52,308
16972.5,29,22,325
16975.0,-8,-26,291
16977.5,-48,-45,361
16980.0,6,-16,300
16982.5,-24,-46,229
16985.0,10,37,342
16987.5,-59,-9,265
16990.0,-11,3,382
16992.5,-10,7,373
16995.0,-52,-42,372
16997.5,27,-21,361
17000.0,-16,-75,487
17002.5,89,27,261
17005.0,59,-7,327
17007.5,-31,-22,225
17010.0,54,-17,369
17012.5,-18,-1,330
17015.0,8,16,163
17017.5,-19,-23,311
17020.0,-19,-23,311
17022.5,41,-48,384
17025.0,-19,-2,335
17027.5,-44,-7,362
17030.0,34,12,212
17032.5,39,29,203
17035.0,-24,-40,260
17037.5,176,-6,393
17040.0,83,-39,404
17042.5,-22,-19,381
17045.0,-56,-62,382
17047.5,-6,-62,374
17050.0,-33,-53,233
17052.5,66,34,143
17055.0,-7,-23,401
17057.5,34,-19,288
17060.0,11,-13,259
17062.5,31,3,234
17065.0,43,16,333
17067.5,30,-5,231
17070.0,30,-5,231
17072.5,-31,-34,288
17075.0,31,-21,270
17077.5,-72,-49,511
17080.0,15,2,241
17082.5,0,-4,224
17085.0,-35,-11,287
17087.5,63,47,295
17090.0,33,7,383
17092.5,-15,-54,322
17095.0,31,-5,318
17097.5,-22,-13,361
17100.0,4,-6,198
17102.5,10,0,279
17105.0,-8,-8,325
17107.5,24,58,285
17110.0,39,39,208
17112.5,24,-70,229
17115.0,49,26,286
17117.5,0,9,304
17120.0,0,9,304
17122.5,2,32,246
17125.0,12,-21,258
17127.5,13,6,449
17130.0,33,-10,249
17132.5,18,-5,267
17135.0,30,-1,258
17137.5,30,-17,320
17140.0,-35,-20,380
17142.5,-13,-13,248
17145.0,41,43,324
17147.5,-73,-29,310
17150.0,22,31,263
17152.5,-39,-44,304
17155.0,-16,-51,316
17157.5,93,-8,282
17160.0,-36,-40,311
17162.5,-4,-39,332
17165.0,-31,-15,339
17167.5,161,35,436
17170.0,161,35,436
17172.5,164,42,188
17175.0,-30,-99,372
17177.5,-31,-36,370
17180.0,15,23,193
17182.5,21,-1,257
17185.0,-28,-26,267
17187.5,17,4,391
17190.0,-29,-14,326
17192.5,36,13,207
17195.0,1,-31,342
17197.5,-35,-40,320
17200.0,34,26,279
17202.5,-40,-21,348
17205.0,33,11,248
17207.5,53,8,303
17210.0,-8,-23,279
17212.5,78,25,433
17215.0,29,-49,256
17217.5,31,-14,350
17220.0,31,-14,350
17222.5,131,-26,295
17225.0,-110,-88,302
17227.5,-19,-68,402
17230.0,23,8,140
17232.5,-38,-13,188
17235.0,-61,2,267
17237.5,30,-7,345
17240.0,-46,-25,315
17242.5,23,-15,248
17245.0,-44,-40,352
17247.5,-19,-50,367
17250.0,-15,-7,287
17252.5,48,-52,293
17255.0,58,13,288
17257.5,28,13,278
17260.0,18,-26,286
17262.5,-54,-48,305
17265.0,42,-37,378
17267.5,42,-37,378
17270.0,94,113,427
17272.5,2,-9,293
17275.0,-67,7,332
17277.5,-5,22,321
17280.0,-37,-32,337
17282.5,-25,-3,349
17285.0,14,-6,320
17287.5,27,-25,348
17290.0,-37,-47,344
17292.5,58,3,243
17295.0,90,27,248
17297.5,33,19,354
17300.0,35,-22,250
17302.5,32,6,271
17305.0,-20,-23,301
17307.5,-5,-60,296
17310.0,17,10,300
17312.5,-13,-23,320
17315.0,3,-16,273
17317.5,3,-16,273
17320.0,-53,-45,389
17322.5,0,-11,341
17325.0,35,18,296
17327.5,4,10,356
17330.0,56,-21,271
17332.5,53,1,245
17335.0,-19,4,313
17337.5,27,-3,278
17340.0,36,15,307
17342.5,46,40,354
17345.0,23,-14,311
17347.5,-27,-26,366
17350.0,-53,-121,326
17352.5,102,-14,259
17355.0,-76,-69,324
17357.5,17,20,248
17360.0,49,13,292
17362.5,-29,-12,314
17365.0,32,-19,239
17367.5,32,-19,239
17370.0,166,41,206
17372.5,-60,-32,209
17375.0,-4,68,220
17377.5,-25,-26,376
17380.0,-39,-37,305
17382.5,-92,-42,298
17385.0,53,30,475
17387.5,51,19,226
17390.0,-5,-5,163
17392.5,-5,-21,279
17395.0,25,-25,381
17397.5,-18,-55,354
17400.0,-38,-34,279
17402.5,40,4,297
17405.0,-54,-15,335
17407.5,71,9,298
17410.0,56,-2,290
17412.5,130,33,245
17415.0,43,-47,180
17417.5,43,-47,180
17420.0,47,91,201
17422.5,-34,-46,314
17425.0,38,-16,384
17427.5,-20,10,345
17430.0,-67,-33,296
17432.5,76,26,195
17435.0,-66,-30,265
17437.5,29,6,257
17440.0,92,56,369
17442.5,-13,-21,314
17445.0,7,-30,338
17447.5,29,65,355
17450.0,-81,-50,293
17452.5,41,2,294
17455.0,25,-36,376
17457.5,12,-36,122
17460.0,-130,-76,308
17462.5,-14,-21,374
17465.0,55,2,320
17467.5,55,2,320
17470.0,42,-17,344
17472.5,27,-17,255
17475.0,33,28,500
17477.5,45,-19,299
17480.0,49,0,243
17482.5,0,20,394
17485.0,36,20,307
17487.5,6,17,163
17490.0,-74,-29,280
17492.5,-91,48,395
17495.0,4,-28,315
17497.5,-60,-42,271
17500.0,19,-5,200
17502.5,107,-39,311
17505.0,20,-13,273
17507.5,-81,-30,301
17510.0,-13,11,280
17512.5,-17,-43,296
17515.0,17,0,252
17517.5,17,0,252
17520.0,-44,-16,296
17522.5,16,3,261
17525.0,33,9,304
17527.5,-12,-13,329
17530.0,33,7,293
17532.5,18,47,302
17535.0,-11,-28,326
17537.5,22,-8,262
17540.0,146,65,220
17542.5,-5,-2,280
17545.0,75,67,372
17547.5,-45,0,360
17550.0,2,-7,214
17552.5,22,-21,350
17555.0,-37,-20,301
17557.5,142,35,354
17560.0,9,-11,370
17562.5,4,-42,214
17565.0,5,-6,275
17567.5,5,-6,275
17570.0,-25,-13,294
17572.5,0,-57,309
17575.0,4,48,291
17577.5,-3,-42,288
17580.0,56,-1,226
17582.5,-43,-67,283
17585.0,109,65,305
17587.5,117,-12,297
17590.0,-43,-12,492
17592.5,-82,-27,288
17595.0,-12,-24,364
17597.5,-40,-15,279
17600.0,37,8,282
17602.5,19,8,396
17605.0,-34,9,360
17607.5,19,17,224
17610.0,-6,-80,419
17612.5,-12,-52,344
17615.0,95,-46,284
17617.5,95,-46,284
17620.0,0,-13,263
17622.5,25,-24,235
17625.0,21,13,333
17627.5,-66,86,379
17630.0,85,-4,306
17632.5,89,-18,313
17635.0,65,60,345
17637.5,-30,-23,253
17640.0,0,-15,322
17642.5,-10,-35,327
17645.0,-23,-34,295
17647.5,37,-15,248
17650.0,61,-2,270
17652.5,-8,-10,350
17655.0,-3,-17,264
17657.5,31,16,268
17660.0,73,-46,261
17662.5,24,18,315
17665.0,24,18,315
17667.5,80,42,326
17670.0,37,-26,332
17672.5,-66,-33,342
17675.0,96,52,238
17677.5,-30,-26,370
17680.0,-55,17,210
17682.5,-13,11,289
17685.0,29,12,277
17687.5,52,23,267
17690.0,0,-20,322
17692.5,-34,-16,308
17695.0,68,7,338
17697.5,3,5,345
17700.0,42,-10,373
17702.5,20,-16,339
17705.0,19,-14,345
17707.5,-42,-19,324
17710.0,34,21,281
17712.5,-3,12,300
17715.0,-3,12,300
17717.5,18,24,265
17720.0,-7,-16,286
17722.5,63,15,334
17725.0,14,-5,301
17727.5,0,-40,365
17730.0,23,-11,313
17732.5,-1,-11,324
17735.0,-54,-36,358
17737.5,21,-6,313
17740.0,123,-25,255
17742.5,-100,-42,395
17745.0,40,-3,188
17747.5,99,64,200
17750.0,-106,-42,354
17752.5,-79,-110,377
17755.0,9,-9,404
17757.5,18,27,376
17760.0,37,3,136
17762.5,7,-24,283
17765.0,7,-24,283
17767.5,2,-26,296
17770.0,147,37,286
17772.5,-18,-11,289
17775.0,61,-15,183
17777.5,18,20,216
17780.0,16,0,284
17782.5,39,-12,320
17785.0,62,24,316
17787.5,16,-11,290
17790.0,43,8,260
17792.5,-156,-135,226
17795.0,-21,-61,280
17797.5,89,4,329
17800.0,6,-31,399
17802.5,21,11,433
17805.0,-2,21,253
17807.5,-20,-18,312
17810.0,99,22,440
17812.5,38,8,385
17815.0,38,8,385
17817.5,38,-40,272
17820.0,57,9,276
17822.5,-28,-18,266
17825.0,-8,-22,355
17827.5,-86,-50,380
17830.0,-18,-57,404
17832.5,25,-33,249
17835.0,-35,-33,315
17837.5,40,7,255
17840.0,58,74,185
17842.5,-35,-36,322
17845.0,91,10,173
17847.5,-23,-10,354
17850.0,-7,11,264
17852.5,-7,-16,281
17855.0,33,21,382
17857.5,7,-14,271
17860.0,106,36,192
17862.5,10,35,266
17865.0,10,35,266
17867.5,-86,-61,462
17870.0,0,27,382
17872.5,2,-65,324
17875.0,93,35,288
17877.5,-25,-46,326
17880.0,-35,-6,237
17882.5,-24,-25,385
17885.0,7,-31,315
17887.5,52,8,295
17890.0,62,32,322
17892.5,1,-12,310
17895.0,-31,-25,271
17897.5,-27,-14,332
17900.0,33,-50,264
17902.5,-7,3,266
17905.0,-31,-5,314
17907.5,24,20,301
17910.0,42,16,321
17912.5,-38,-67,322
17915.0,-38,-67,322
17917.5,-27,-138,157
17920.0,157,126,325
17922.5,-97,16,391
17925.0,-24,3,375
17927.5,-26,-36,235
17930.0,30,14,269
17932.5,-28,4,325
17935.0,-28,-69,373
17937.5,1,-24,321
17940.0,-32,-41,340
17942.5,52,-11,238
17945.0,74,-42,313
17947.5,-22,-24,298
17950.0,-11,-13,243
17952.5,-1,-29,321
17955.0,-66,-76,255
17957.5,27,-6,254
17960.0,130,-12,418
17962.5,176,66,292
17965.0,176,66,292
17967.5,46,28,409
17970.0,-48,-33,373
17972.5,-8,-15,157
17975.0,7,-20,320
17977.5,11,29,343
17980.0,17,-18,320
17982.5,48,16,305
17985.0,-13,-26,336
17987.5,37,22,340
17990.0,-46,-30,415
17992.5,-24,10,273
17995.0,95,29,249
17997.5,-121,0,333
18000.0,-9,-36,336
18002.5,-25,-34,281
18005.0,-21,27,307
18007.5,18,-29,329
18010.0,-10,2,266
18012.5,-42,17,341
18015.0,-42,17,341
18017.5,-36,-29,297
18020.0,-20,-41,374
18022.5,-21,-35,372
18025.0,21,8,242
18027.5,54,39,347
18030.0,-29,-30,247
18032.5,22,-25,341
18035.0,101,1,206
18037.5,77,-9,243
18040.0,19,48,283
18042.5,-9,8,350
18045.0,-34,-18,304
18047.5,-25,-32,360
18050.0,-17,-73,336
18052.5,3,-24,282
18055.0,-47,-39,325
18057.5,7,-33,313
18060.0,83,47,254
18062.5,-11,1,302
18065.0,-11,1,302
18067.5,-13,-29,301
18070.0,50,34,283
18072.5,-37,-58,291
18075.0,15,-6,291
18077.5,10,-44,344
18080.0,44,40,304
18082.5,-2,5,284
18085.0,-6,-17,335
18087.5,11,6,319
18090.0,47,2,280
18092.5,-42,-21,319
18095.0,39,-23,249
18097.5,-35,-8,298
18100.0,-22,-25,312
18102.5,39,3,275
18105.0,16,-21,320
18107.5,-40,-60,370
18110.0,-31,-18,301
18112.5,-31,-18,301
18115.0,-29,14,345
18117.5,-25,8,358
18120.0,9,-10,307
18122.5,132,102,175
18125.0,-30,-8,333
18127.5,77,74,95
18130.0,22,2,290
18132.5,31,-27,385
18135.0,-6,-26,360
18137.5,-3,-43,450
18140.0,98,3,315
18142.5,-15,-12,303
18145.0,-1,-3,281
18147.5,53,-31,365
18150.0,4,-18,357
18152.5,-14,-36,213
18155.0,-15,-5,301
18157.5,-6,34,287
18160.0,-38,13,342
18162.5,-38,13,342
18165.0,54,-3,271
18167.5,-90,-57,259
18170.0,75,33,176
18172.5,-69,-36,326
18175.0,100,63,310
18177.5,54,5,354
18180.0,14,-12,258
18182.5,-36,-25,200
18185.0,-26,-38,283
18187.5,12,-15,368
18190.0,15,1,408
18192.5,-23,-29,343
18195.0,54,3,222
18197.5,125,35,230
18200.0,-41,-33,326
18202.5,21,-32,409
18205.0,57,15,369
18207.5,-79,-36,410
18210.0,34,18,330
18212.5,34,18,330
18215.0,-82,-24,411
18217.5,35,16,274
18220.0,62,-14,285
18222.5,-30,-41,356
18225.0,-59,-76,423
18227.5,-27,-28,303
18230.0,18,43,265
18232.5,113,72,225
18235.0,-43,-37,362
18237.5,94,74,167
18240.0,31,21,327
18242.5,-7,12,366
18245.0,63,-21,274
18247.5,14,-37,427
18250.0,-66,-25,316
18252.5,72,11,285
18255.0,-42,-57,356
18257.5,-24,-38,174
18260.0,24,-12,239
18262.5,24,-12,239
18265.0,6,19,307
18267.5,76,11,288
18270.0,22,-12,306
18272.5,43,32,322
18275.0,21,5,294
18277.5,-13,-27,367
18280.0,25,-1,267
18282.5,47,-3,285
18285.0,8,36,292
18287.5,10,17,239
18290.0,-106,-60,292
18292.5,-147,-228,245
18295.0,64,-12,342
18297.5,165,87,436
18300.0,30,19,258
18302.5,34,-9,211
18305.0,3,-11,269
18307.5,14,4,295
18310.0,-15,-9,389
18312.5,-15,-9,389
18315.0,16,-42,304
18317.5,-30,-30,253
18320.0,-67,-9,376
18322.5,50,11,267
18325.0,119,47,317
18327.5,28,-10,264
18330.0,-7,-45,263
18332.5,-39,-27,340
18335.0,14,-10,361
18337.5,49,57,295
18340.0,44,25,365
18342.5,64,-32,329
18345.0,72,81,398
18347.5,69,14,337
18350.0,-24,-39,143
18352.5,28,8,249
18355.0,-43,-29,305
18357.5,-6,-88,339
18360.0,16,-3,356
18362.5,16,-3,356
18365.0,-20,18,337
18367.5,4,31,297
18370.0,24,-47,401
18372.5,66,20,272
18375.0,69,-18,254
18377.5,12,-46,325
18380.0,-5,-60,306
18382.5,47,-14,347
18385.0,-91,-39,338
18387.5,5,-23,323
18390.0,30,-10,318
18392.5,-4,-61,293
18395.0,-39,-11,350
18397.5,70,38,357
18400.0,43,10,358
18402.5,-86,-15,296
18405.0,-56,-11,383
18407.5,34,-13,261
18410.0,-24,-27,286
18412.5,-24,-27,286
18415.0,-2,-30,218
18417.5,37,-1,284
18420.0,42,20,288
18422.5,-42,-29,458
18425.0,-32,-7,312
18427.5,20,-15,334
18430.0,10,-24,332
18432.5,0,1,231
18435.0,-15,-19,355
18437.5,41,6,254
18440.0,45,16,282
18442.5,21,28,306
18445.0,39,-16,286
18447.5,43,9,308
18450.0,-24,-39,331
18452.5,41,9,296
18455.0,25,0,349
18457.5,-39,-71,308
18460.0,-39,-71,308
18462.5,-43,-16,305
18465.0,-9,-29,330
18467.5,30,-30,290
18470.0,13,-25,273
18472.5,24,8,347
18475.0,68,-1,257
18477.5,21,5,267
18480.0,21,6,312
18482.5,19,-10,298
18485.0,28,-13,320
18487.5,-24,8,349
18490.0,23,-32,348
18492.5,-19,-50,229
18495.0,-56,-46,298
18497.5,-56,12,303
18500.0,44,82,341
18502.5,52,-31,389
18505.0,-83,-93,349
18507.5,12,-2,431
18510.0,12,-2,431
18512.5,1,-16,201
18515.0,-3,-10,209
18517.5,-42,-8,291
18520.0,69,2,405
18522.5,-10,-28,469
18525.0,1,-11,182
18527.5,12,-23,238
18530.0,-18,3,276
18532.5,-51,7,288
18535.0,6,-35,368
18537.5,-64,-35,291
18540.0,29,-18,225
18542.5,-29,-38,303
18545.0,-190,-50,412
18547.5,100,-37,422
18550.0,-17,-37,383
18552.5,34,-40,343
18555.0,37,5,232
18557.5,54,-23,186
18560.0,54,-23,186
18562.5,28,3,386
18565.0,-38,-26,397
18567.5,49,1,370
18570.0,94,18,179
18572.5,-34,-16,330
18575.0,113,52,192
18577.5,-64,-7,424
18580.0,63,37,342
18582.5,55,15,198
18585.0,-9,21,188
18587.5,6,-36,279
18590.0,56,10,208
18592.5,66,-17,353
18595.0,24,-7,254
18597.5,-2,-28,269
18600.0,-49,-12,417
18602.5,-8,-9,313
18605.0,-65,5,486
18607.5,-40,-55,313
18610.0,-40,-55,313
18612.5,-14,19,318
18615.0,-2,35,399
18617.5,11,-19,315
18620.0,22,51,194
18622.5,-17,-1,241
18625.0,55,25,293
18627.5,-21,-10,308
18630.0,17,-24,354
18632.5,5,-5,328
18635.0,-58,-60,342
18637.5,15,33,199
18640.0,-10,-12,305
18642.5,-66,-9,344
18645.0,69,39,371
18647.5,-18,-2,323
18650.0,19,-31,268
18652.5,103,74,316
18655.0,-52,-36,368
18657.5,2,0,230
18660.0,2,0,230
18662.5,53,-15,314
18665.0,-27,10,320
18667.5,45,9,266
18670.0,72,1,338
18672.5,-161,-62,268
18675.0,5,79,119
18677.5,-78,-83,319
18680.0,-8,18,256
18682.5,13,17,324
18685.0,50,25,277
18687.5,23,3,206
18690.0,-32,-7,329
18692.5,-39,-65,382
18695.0,40,17,299
18697.5,-37,-43,337
18700.0,43,8,243
18702.5,9,30,234
18705.0,-5,-30,283
18707.5,68,12,229
18710.0,68,12,229
18712.5,8,-22,284
18715.0,-66,29,320
18717.5,151,-9,223
18720.0,-93,-119,300
18722.5,17,-122,289
18725.0,29,29,266
18727.5,69,43,281
18730.0,13,-30,315
18732.5,-32,-38,241
18735.0,1,0,286
18737.5,-58,-85,380
18740.0,-68,12,188
18742.5,-23,-37,347
18745.0,41,-7,374
18747.5,-8,-9,405
18750.0,40,-26,273
18752.5,16,34,254
18755.0,52,-3,291
18757.5,-13,8,245
18760.0,-13,8,245
18762.5,94,31,287
18765.0,54,27,300
18767.5,39,0,248
18770.0,8,0,322
18772.5,19,-3,355
18775.0,43,-8,334
18777.5,-34,-39,323
18780.0,42,18,291
18782.5,5,18,237
18785.0,18,10,312
18787.5,-46,-12,328
18790.0,49,36,300
18792.5,53,25,381
18795.0,-24,-44,245
18797.5,10,-18,286
18800.0,-26,-60,371
18802.5,38,-2,339
18805.0,-27,-39,311
18807.5,-27,-39,311
18810.0,62,22,387
18812.5,60,11,281
18815.0,-24,6,286
18817.5,27,-19,248
18820.0,55,53,282
18822.5,-32,6,314
18825.0,0,14,255
18827.5,56,14,273
18830.0,12,11,332
18832.5,4,0,302
18835.0,-30,-14,305
18837.5,-46,-37,302
18840.0,49,8,313
18842.5,5,-30,342
18845.0,51,37,333
18847.5,83,29,256
18850.0,-30,-11,305
18852.5,-35,-41,260
18855.0,18,-7,291
18857.5,18,-7,291
18860.0,31,15,334
18862.5,54,12,257
18865.0,3,-23,320
18867.5,-15,20,346
18870.0,-4,-26,300
18872.5,-15,2,283
18875.0,121,56,411
18877.5,0,15,242
18880.0,107,77,350
18882.5,95,37,343
18885.0,-3,-44,325
18887.5,-44,12,349
18890.0,-6,-33,323
18892.5,83,16,136
18895.0,39,-29,199
18897.5,35,10,237
18900.0,3,-12,484
18902.5,-5,-58,313
18905.0,53,-19,228
18907.5,53,-19,228
18910.0,3,-30,271
18912.5,-32,-55,370
18915.0,-26,-4,338
18917.5,-63,27,347
18920.0,34,-81,249
18922.5,101,38,203
18925.0,-44,-80,259
18927.5,49,-11,256
18930.0,8,11,459
18932.5,26,-7,243
18935.0,-44,-2,184
18937.5,27,21,296
18940.0,41,31,403
18942.5,12,-14,330
18945.0,-32,-41,317
18947.5,195,53,104
18950.0,-70,-72,323
18952.5,-49,-11,308
18955.0,29,-20,354
18957.5,29,-20,354
18960.0,-29,-16,351
18962.5,58,15,247
18965.0,57,33,343
18967.5,99,16,243
18970.0,-81,-24,217
18972.5,-63,-83,263
18975.0,-51,-51,203
18977.5,-43,-55,275
18980.0,-13,-47,391
18982.5,75,35,392
18985.0,153,106,245
18987.5,36,-19,278
18990.0,16,11,252
18992.5,-38,-14,338
18995.0,-30,-2,191
18997.5,41,45,235
19000.0,-16,-21,288
19002.5,-34,-46,308
19005.0,-28,-40,283
19007.5,-28,-40,283
19010.0,31,-34,307
19012.5,-8,-48,235
19015.0,23,21,264
19017.5,28,28,328
19020.0,-1,-29,287
19022.5,25,7,362
19025.0,15,4,321
19027.5,3,19,349
19030.0,21,-10,297
19032.5,25,9,255
19035.0,-63,-15,308
19037.5,22,8,289
19040.0,-20,-38,345
19042.5,-111,27,320
19045.0,-242,-54,338
19047.5,-52,-32,322
19050.0,-95,-38,385
19052.5,-5,-26,389
19055.0,-18,1,309
19057.5,-18,1,309
19060.0,64,30,153
19062.5,-8,-54,337
19065.0,-24,-3,348
19067.5,89,-3,344
19070.0,-10,-24,327
19072.5,6,-45,273
19075.0,107,47,285
19077.5,-23,-15,330
19080.0,-36,-30,252
19082.5,80,33,276
19085.0,8,24,276
19087.5,-12,-42,340
19090.0,-6,2,282
19092.5,-22,-52,310
19095.0,38,61,325
19097.5,110,201,299
19100.0,-41,-58,365
19102.5,15,-6,432
19105.0,-28,-6,290
19107.5,-28,-6,290
19110.0,-20,-21,274
19112.5,85,-22,321
19115.0,-56,-17,418
19117.5,25,5,284
19120.0,-27,-34,334
19122.5,-2,-13,432
19125.0,59,34,283
19127.5,20,-18,373
19130.0,-3,-18,305
19132.5,44,-30,344
19135.0,-77,-72,324
19137.5,-9,-22,315
19140.0,-35,50,227
19142.5,83,-30,354
19145.0,-22,-5,313
19147.5,5,-6,315
19150.0,21,19,299
19152.5,22,-26,279
19155.0,-16,-32,331
19157.5,-16,-32,331
19160.0,0,-4,329
19162.5,-63,-22,327
19165.0,15,0,271
19167.5,69,-7,283
19170.0,-2,-37,229
19172.5,14,-3,250
19175.0,48,-1,300
19177.5,18,-33,348
19180.0,44,1,355
19182.5,28,-32,278
19185.0,44,11,370
19187.5,63,-15,253
19190.0,-14,-10,247
19192.5,21,-8,330
19195.0,-2,-9,262
19197.5,13,10,333
19200.0,-11,-31,300
19202.5,57,18,275
19205.0,36,3,328
19207.5,36,3,328
19210.0,3,-13,319
19212.5,73,5,313
19215.0,22,19,347
19217.5,20,0,292
19220.0,60,-23,241
19222.5,-3,-6,326
19225.0,13,5,225
19227.5,-17,-7,273
19230.0,5,-12,343
19232.5,40,1,294
19235.0,34,-37,327
19237.5,20,-41,342
19240.0,64,17,310
19242.5,31,-20,370
19245.0,-31,-83,326
19247.5,106,37,240
19250.0,65,-68,211
19252.5,-42,-19,308
19255.0,-42,-19,308
19257.5,24,21,316
19260.0,-1,3,373
19262.5,66,42,340
19265.0,-71,-3,327
19267.5,-9,9,400
19270.0,69,85,204
19272.5,-29,-20,252
19275.0,-14,-28,231
19277.5,59,44,302
19280.0,1,-14,387
19282.5,68,-10,184
19285.0,16,15,264
19287.5,19,-45,291
19290.0,-19,25,305
19292.5,-25,-78,350
19295.0,-6,-69,330
19297.5,-25,-43,236
19300.0,-15,-31,466
19302.5,59,120,261
19305.0,59,120,261
19307.5,47,-4,325
19310.0,-58,-44,377
19312.5,13,8,256
19315.0,8,-35,315
19317.5,8,-19,266
19320.0,4,30,336
19322.5,54,28,343
19325.0,41,-30,224
19327.5,-2,24,273
19330.0,2,-16,377
19332.5,-7,-14,361
19335.0,34,-66,363
19337.5,28,34,336
19340.0,108,65,245
19342.5,-39,-28,178
19345.0,21,8,175
19347.5,45,-25,270
19350.0,-46,-73,329
19352.5,12,-18,243
19355.0,12,-18,243
19357.5,25,-15,369
19360.0,32,0,497
19362.5,42,-45,339
19365.0,-25,-46,306
19367.5,18,3,205
19370.0,43,18,316
19372.5,-39,-27,356
19375.0,31,15,387
19377.5,23,26,340
19380.0,-16,-26,319
19382.5,60,-32,267
19385.0,-17,-22,362
19387.5,26,7,201
19390.0,-13,-43,291
19392.5,-22,-33,393
19395.0,47,28,301
19397.5,37,-11,309
19400.0,-35,-49,297
19402.5,-22,-21,239
19405.0,-22,-21,239
19407.5,-21,8,302
19410.0,66,23,275
19412.5,21,0,322
19415.0,-50,-62,339
19417.5,73,-51,328
19420.0,53,31,350
19422.5,113,71,364
19425.0,198,70,131
19427.5,9,-66,411
19430.0,-36,-38,333
19432.5,27,-31,343
19435.0,-3,-49,187
19437.5,45,22,266
19440.0,-22,6,330
19442.5,61,7,323
19445.0,53,-17,287
19447.5,-14,-9,317
19450.0,3,-31,273
19452.5,50,-20,329
19455.0,50,-20,329
19457.5,-22,30,312
19460.0,59,23,241
19462.5,25,-22,357
19465.0,-45,-28,282
19467.5,44,-18,246
19470.0,144,39,249
19472.5,-13,-63,348
19475.0,35,64,355
19477.5,-19,-28,275
19480.0,51,19,210
19482.5,-8,-32,305
19485.0,-11,15,424
19487.5,18,7,285
19490.0,-5,-48,306
19492.5,-51,-48,237
19495.0,5,23,291
19497.5,-23,-5,315
19500.0,-67,-50,302
19502.5,21,-45,290
19505.0,21,-45,290
19507.5,-25,-48,374
19510.0,13,-13,282
19512.5,20,51,272
19515.0,3,-14,335
19517.5,-14,-27,322
19520.0,-29,-29,330
19522.5,-18,-22,344
19525.0,-16,-44,329
19527.5,12,-22,405
19530.0,58,-22,295
19532.5,77,45,270
19535.0,-7,-10,314
19537.5,18,-8,294
19540.0,10,-28,329
19542.5,5,4,316
19545.0,11,8,344
19547.5,-49,2,258
19550.0,-8,-18,312
19552.5,4,-50,339
19555.0,4,-50,339
19557.5,-84,-20,344
19560.0,34,7,309
19562.5,71,-33,278
19565.0,53,-19,310
19567.5,90,24,211
19570.0,24,18,293
19572.5,-45,-27,327
19575.0,26,16,344
19577.5,-9,23,328
19580.0,0,14,364
19582.5,-11,-26,310
19585.0,10,22,332
19587.5,34,10,310
19590.0,-25,-22,259
19592.5,-49,-23,302
19595.0,-7,-5,283
19597.5,-45,-59,280
19600.0,-17,-18,301
19602.5,52,-14,287
19605.0,52,-14,287
19607.5,-10,-11,310
19610.0,14,5,362
19612.5,78,-29,296
19615.0,-15,1,361
19617.5,8,-6,334
19620.0,-23,-27,260
19622.5,-24,-38,333
19625.0,-17,-16,298
19627.5,125,52,240
19630.0,48,56,204
19632.5,33,-33,109
19635.0,38,20,270
19637.5,2,-65,305
19640.0,-20,-28,388
19642.5,60,20,468
19645.0,24,-63,200
19647.5,122,0,111
19650.0,49,19,211
19652.5,10,-13,301
19655.0,10,-13,301
19657.5,22,-8,318
19660.0,13,-6,289
19662.5,54,48,243
19665.0,34,-32,288
19667.5,3,-30,367
19670.0,64,33,276
19672.5,23,3,334
19675.0,13,47,209
19677.5,39,57,310
19680.0,9,1,277
19682.5,-21,7,305
19685.0,-40,-15,394
19687.5,-37,-19,333
19690.0,97,-10,196
19692.5,7,-27,347
19695.0,-11,4,305
19697.5,58,-1,319
19700.0,31,16,242
19702.5,2,-12,339
19705.0,2,-12,339
19707.5,-46,-4,511
19710.0,-101,-29,371
19712.5,73,26,356
19715.0,26,-32,270
19717.5,-22,-52,306
19720.0,121,18,172
19722.5,-78,45,315
19725.0,34,-12,265
19727.5,-35,-64,380
19730.0,30,-39,274
19732.5,15,-6,317
19735.0,-96,-63,450
19737.5,62,30,322
19740.0,-2,-27,323
19742.5,-1,-3,294
19745.0,50,-13,289
19747.5,-42,-14,286
19750.0,-20,-24,361
19752.5,-20,-24,361
19755.0,59,18,272
19757.5,-1,-27,296
19760.0,37,-11,254
19762.5,28,-21,311
19765.0,-4,4,311
19767.5,-37,-21,261
19770.0,19,-22,375
19772.5,38,7,304
19775.0,60,-14,246
19777.5,18,3,322
19780.0,16,-11,264
19782.5,-30,-33,319
19785.0,4,1,349
19787.5,44,7,299
19790.0,-32,-44,345
19792.5,42,20,318
19795.0,38,-16,229
19797.5,166,66,304
19800.0,41,-64,191
19802.5,41,-64,191
19805.0,-174,-39,330
19807.5,-36,-57,402
19810.0,-5,14,346
19812.5,-22,11,191
19815.0,25,27,282
19817.5,-12,-6,267
19820.0,21,-13,403
19822.5,58,43,224
19825.0,41,26,290
19827.5,-61,-63,318
19830.0,82,29,334
19832.5,-55,5,324
19835.0,5,-8,329
19837.5,74,4,297
19840.0,18,-29,414
19842.5,78,-3,301
19845.0,-98,45,185
19847.5,-38,-31,344
19850.0,52,48,257
19852.5,52,48,257
19855.0,-1,-2,337
19857.5,25,1,312
19860.0,-13,-45,316
19862.5,10,17,319
19865.0,51,52,333
19867.5,55,59,348
19870.0,-62,-31,251
19872.5,-11,8,234
19875.0,-52,6,340
19877.5,-6,-3,274
19880.0,-9,-55,291
19882.5,-40,-32,245
19885.0,-20,9,345
19887.5,133,-38,320
19890.0,8,23,294
19892.5,110,88,249
19895.0,99,11,294
19897.5,-64,-71,336
19900.0,-3,7,290
19902.5,-3,7,290
19905.0,17,43,296
19907.5,37,34,310
19910.0,-10,-27,250
19912.5,-13,17,268
19915.0,-84,-5,381
19917.5,129,1,389
19920.0,-8,-56,376
19922.5,4,-17,355
19925.0,75,19,269
19927.5,-100,-58,410
19930.0,31,-46,251
19932.5,54,-22,279
19935.0,17,-12,329
19937.5,39,-11,276
19940.0,50,15,308
19942.5,-16,-6,318
19945.0,-6,-89,361
19947.5,13,-23,324
19950.0,52,5,340
19952.5,52,5,340
19955.0,23,4,292
19957.5,36,-34,347
19960.0,67,18,273
19962.5,34,-8,265
19965.0,-42,-20,299
19967.5,16,3,258
19970.0,4,1,321
19972.5,-55,-59,334
19975.0,0,-3,283
19977.5,-22,-29,351
19980.0,-37,-30,317
19982.5,26,-29,331
19985.0,-5,-29,343
19987.5,92,60,271
19990.0,23,-95,281
19992.5,18,26,324
19995.0,66,7,231
19997.5,56,-12,203
20000.0,-38,3,303
20002.5,-38,3,303
20005.0,35,21,212
20007.5,-46,-12,307
20010.0,-6,23,229
20012.5,-116,-87,479
20015.0,-52,-21,427
20017.5,-50,-31,425
20020.0,101,57,226
20022.5,-7,-26,279
20025.0,34,13,150
20027.5,44,30,407
20030.0,-15,6,280
20032.5,-29,-7,257
20035.0,26,-7,285
20037.5,-33,-44,357
20040.0,13,-17,245
20042.5,-77,-38,361
20045.0,-37,3,246
20047.5,1,-25,296
20050.0,39,19,-7
20052.5,39,19,-7
20055.0,104,-65,210
20057.5,87,60,300
20060.0,-43,-57,382
20062.5,18,-6,323
20065.0,49,14,284
20067.5,-12,-13,189
20070.0,53,6,256
20072.5,50,14,372
20075.0,-2,-7,320
20077.5,-3,-21,262
20080.0,-3,-23,308
20082.5,5,14,281
20085.0,24,44,215
20087.5,19,-17,304
20090.0,-87,-38,100
20092.5,-76,-32,265
20095.0,43,29,292
20097.5,25,80,337
20100.0,-32,-74,291
20102.5,-32,-74,291
20105.0,8,-3,306
20107.5,32,10,242
20110.0,-36,-72,304
20112.5,1,-48,190
20115.0,-17,-27,353
20117.5,64,1,299
20120.0,19,16,338
20122.5,9,-14,390
20125.0,-15,15,311
20127.5,25,-39,334
20130.0,134,51,321
20132.5,-19,-40,277
20135.0,22,-2,234
20137.5,43,-27,283
20140.0,-55,-84,270
20142.5,1,-52,238
20145.0,-46,-76,307
20147.5,-11,7,314
20150.0,-11,7,314
20152.5,63,39,253
20155.0,94,56,280
20157.5,-44,-32,318
20160.0,54,6,247
20162.5,-25,-16,335
20165.0,-70,-33,335
20167.5,-9,15,296
20170.0,-14,-2,346
20172.5,9,-30,247
20175.0,38,0,310
20177.5,-9,-27,391
20180.0,85,13,308
20182.5,63,56,139
20185.0,-54,214,246
20187.5,-155,-91,471
20190.0,27,6,432
20192.5,-10,-16,238
20195.0,43,-4,210
20197.5,4,-3,328
20200.0,4,-3,328
20202.5,-4,-9,365
20205.0,-27,34,290
20207.5,-100,-39,252
20210.0,22,9,308
20212.5,-37,-46,371
20215.0,2,-50,347
20217.5,74,40,283
20220.0,-60,-8,283
20222.5,36,9,248
20225.0,2,-19,298
20227.5,1,-24,260
20230.0,-80,-45,252
20232.5,-11,66,266
20235.0,326,216,333
20237.5,76,-11,359
20240.0,-20,-22,368
20242.5,37,24,146
20245.0,106,22,199
20247.5,-55,-30,368
20250.0,-55,-30,368
20252.5,51,27,302
20255.0,-18,-43,236
20257.5,-17,7,204
20260.0,4,-13,339
20262.5,-50,-55,294
20265.0,-62,-23,380
20267.5,-46,-55,294
20270.0,9,32,327
20272.5,43,-42,264
20275.0,56,36,302
20277.5,68,-20,282
20280.0,20,69,241
20282.5,121,100,266
20285.0,37,-4,300
20287.5,-26,-32,275
20290.0,-3,-14,318
20292.5,-65,-69,333
20295.0,31,14,309
20297.5,-27,-26,287
20300.0,-27,-26,287
20302.5,-2,-61,301
20305.0,71,-15,253
20307.5,-37,-24,341
20310.0,39,-20,244
20312.5,22,-18,286
20315.0,11,-28,298
20317.5,-2,8,289
20320.0,34,39,319
20322.5,-37,-68,313
20325.0,104,19,320
20327.5,27,-29,245
20330.0,41,28,326
20332.5,82,17,292
20335.0,-10,23,332
20337.5,15,-10,267
20340.0,37,-8,239
20342.5,-24,-18,297
20345.0,-10,-10,242
20347.5,-36,0,263
20350.0,-36,0,263
20352.5,-50,-48,326
20355.0,34,10,291
20357.5,10,-17,346
20360.0,-1,-23,334
20362.5,51,1,314
20365.0,25,8,344
20367.5,69,34,310
20370.0,53,-4,218
20372.5,-58,-31,296
20375.0,8,5,225
20377.5,28,-23,271
20380.0,13,28,278
20382.5,96,-15,278
20385.0,17,23,252
20387.5,-76,0,193
20390.0,-76,-40,467
20392.5,41,11,410
20395.0,5,-27,337
20397.5,61,32,319
20400.0,61,32,319
20402.5,-38,-28,266
20405.0,12,-12,169
20407.5,10,-26,286
20410.0,8,-20,364
20412.5,-55,-40,299
20415.0,-2,-45,200
20417.5,-44,9,374
20420.0,-25,-29,377
20422.5,75,-1,386
20425.0,-3,-2,249
20427.5,19,2,170
20430.0,-33,-131,414
20432.5,-88,-4,405
20435.0,-17,-25,484
20437.5,19,-9,343
20440.0,32744,-1,-1
20442.5,17,5,284
20445.0,-45,-54,393
20447.5,57,-48,279
20450.0,50,-52,391
20452.5,50,69,117
20455.0,-32,-50,374
20457.5,-27,-15,158
20460.0,59,61,354
20462.5,65,-75,390
20465.0,-8,-11,353
20467.5,85,21,265
20470.0,78,-13,283
20472.5,52,-20,372
20475.0,23,-30,303
20477.5,45,1,330
20480.0,25,-10,279
20482.5,-3,-13,325
20485.0,36,31,339
20487.5,74,29,254
20490.0,37,-10,355
20492.5,29,-3,226
20495.0,20,-51,319
20497.5,20,-51,319
20500.0,-16,-46,429
20502.5,25,20,446
20505.0,-1,-39,278
20507.5,-27,-15,306
20510.0,-46,-23,245
20512.5,-8,-16,307
20515.0,35,53,203
20517.5,-1,-35,471
20520.0,24,-30,334
20522.5,31,16,292
20525.0,8,26,307
20527.5,26,-9,290
20530.0,-34,-24,237
20532.5,21,6,299
20535.0,6,-35,246
20537.5,32,10,318
20540.0,14,-18,351
20542.5,30,34,322
20545.0,30,34,322
20547.5,17,-18,325
20550.0,-11,-42,232
20552.5,85,15,242
20555.0,112,119,341
20557.5,-201,-146,195
20560.0,9,-36,342
20562.5,-32,-39,368
20565.0,74,23,164
20567.5,-35,-23,318
20570.0,-60,-51,328
20572.5,23,-16,350
20575.0,-30,-12,346
20577.5,30,-38,249
20580.0,79,29,296
20582.5,-24,-36,295
20585.0,47,36,248
20587.5,80,67,280
20590.0,-9,-54,266
20592.5,-14,3,339
20595.0,-14,3,339
20597.5,21,16,332
20600.0,85,-92,358
20602.5,211,89,314
20605.0,45,-10,353
20607.5,-1,-7,250
20610.0,49,-15,225
20612.5,-36,29,286
20615.0,21,-8,380
20617.5,-45,-64,363
20620.0,48,-12,255
20622.5,-78,-35,231
20625.0,-120,-51,389
20627.5,-54,-36,333
20630.0,42,-8,214
20632.5,-1,-46,368
20635.0,13,-11,217
20637.5,31,-36,309
20640.0,51,-19,266
20642.5,-1,1,354
20645.0,-1,1,354
20647.5,22,-27,238
20650.0,84,-9,337
20652.5,4,-26,314
20655.0,74,5,356
20657.5,-32,21,242
20660.0,-8,0,317
20662.5,-12,-17,302
20665.0,-29,-44,231
20667.5,24,-38,326
20670.0,-23,-13,285
20672.5,56,-12,237
20675.0,-72,-58,296
20677.5,-6,-12,308
20680.0,-11,-3,351
20682.5,-2,2,305
20685.0,-14,-24,352
20687.5,62,13,235
20690.0,-19,-61,400
20692.5,-32,11,268
20695.0,-32,11,268
20697.5,21,-8,302
20700.0,-15,-14,290
20702.5,11,20,230
20705.0,7,-14,289
20707.5,5,14,316
20710.0,32,12,323
20712.5,8,-15,341
20715.0,20,43,308
20717.5,26,-20,307
20720.0,-8,-15,330
20722.5,22,-16,319
20725.0,62,-20,289
20727.5,-31,-42,318
20730.0,27,-5,240
20732.5,113,24,264
20735.0,-1,9,297
20737.5,1,-21,276
20740.0,45,-10,334
20742.5,-24,-13,368
20745.0,-24,-13,368
20747.5,87,-46,311
20750.0,0,-25,343
20752.5,84,67,282
20755.0,107,40,192
20757.5,-46,-24,215
20760.0,-54,0,101
20762.5,-13,-15,290
20765.0,2,25,377
20767.5,-6,-6,275
20770.0,71,26,366
20772.5,21,-24,234
20775.0,-3,-12,217
20777.5,-113,-84,478
20780.0,58,-24,377
20782.5,-18,-6,316
20785.0,-62,-15,254
20787.5,30,54,215
20790.0,27,-3,309
20792.5,-20,3,272
20795.0,-20,3,272
20797.5,121,27,271
20800.0,16,-2,285
20802.5,-8,0,181
20805.0,123,71,257
20807.5,-28,53,367
20810.0,26,-12,290
20812.5,115,60,259
20815.0,-85,-37,295
20817.5,39,11,255
20820.0,5,-28,362
20822.5,-35,-46,371
20825.0,5,11,316
20827.5,57,12,296
20830.0,28,3,248
20832.5,56,29,321
20835.0,-96,-23,511
20837.5,23,-10,372
20840.0,-22,-6,296
20842.5,-58,58,253
20845.0,-58,58,253
20847.5,-50,-20,237
20850.0,-4,-71,207
20852.5,-67,-3,226
20855.0,44,-36,305
20857.5,-50,-50,358
20860.0,47,-30,141
20862.5,22,42,343
20865.0,-7,-18,377
20867.5,-11,-2,346
20870.0,18,12,347
20872.5,-34,-16,285
20875.0,37,-11,301
20877.5,-59,-46,329
20880.0,64,-11,300
20882.5,25,-9,342
20885.0,-29,-66,324
20887.5,64,1,281
20890.0,-30,-27,347
20892.5,-17,-40,311
20895.0,-17,-40,311
20897.5,32,19,180
20900.0,3,13,353
20902.5,-3,-38,303
20905.0,42,-4,321
20907.5,-29,-6,334
20910.0,38,-9,275
20912.5,-10,12,336
20915.0,-30,-37,263
20917.5,40,39,266
20920.0,2,-4,302
20922.5,54,-16,284
20925.0,77,-26,222
20927.5,67,4,314
20930.0,83,-2,239
20932.5,-25,-131,461
20935.0,50,-19,284
20937.5,-26,-33,298
20940.0,49,29,219
20942.5,49,29,219
20945.0,41,33,286
20947.5,14,3,342
20950.0,5,8,335
20952.5,24,-14,301
20955.0,-60,-12,333
20957.5,-18,-58,320
20960.0,93,13,288
20962.5,4,-17,331
20965.0,35,-16,236
20967.5,-15,-33,304
20970.0,-37,-1,224
20972.5,122,-26,260
20975.0,-53,29,284
20977.5,76,68,394
20980.0,40,-7,382
20982.5,-59,-52,358
20985.0,7,5,143
20987.5,49,42,288
20990.0,-73,-75,397
20992.5,-73,-75,397
20995.0,64,37,271
20997.5,-2,7,286
21000.0,8,41,326
21002.5,-24,-37,382
21005.0,-78,-76,359
21007.5,-14,-15,331
21010.0,42,57,271
21012.5,77,52,387
21015.0,158,-38,299
21017.5,130,50,285
21020.0,-5,-43,262
21022.5,1,-2,269
21025.0,47,25,314
21027.5,-21,-37,307
21030.0,37,-11,365
21032.5,1,2,320
21035.0,-7,-6,387
21037.5,29,4,249
21040.0,-34,31,345
21042.5,-34,31,345
21045.0,-32,-14,354
21047.5,81,2,245
21050.0,-59,-40,226
21052.5,5,-25,223
21055.0,-97,-53,307
21057.5,-51,-50,353
21060.0,4,12,334
21062.5,15,8,339
21065.0,65,25,335
21067.5,20,4,294
21070.0,-11,5,330
21072.5,40,49,334
21075.0,2,-43,277
21077.5,-9,-3,360
21080.0,-8,0,328
21082.5,-12,-13,266
21085.0,25,21,295
21087.5,-6,-22,274
21090.0,17,-16,341
21092.5,17,-16,341
21095.0,-3,-38,370
21097.5,66,13,337
21100.0,18,0,294
21102.5,-50,-75,337
21105.0,13,-36,321
21107.5,-43,-29,384
21110.0,73,24,224
21112.5,65,-13,255
21115.0,-48,-22,307
21117.5,25,-8,274
21120.0,29,-15,327
21122.5,49,14,335
21125.0,43,12,299
21127.5,-3,-17,337
21130.0,0,7,297
21132.5,-104,-36,409
21135.0,153,10,393
21137.5,41,6,281
21140.0,-84,-37,250
21142.5,-84,-37,250
21145.0,-91,-22,347
21147.5,13,-59,448
21150.0,-8,-42,300
21152.5,-38,-30,383
21155.0,80,22,214
21157.5,-23,-22,262
21160.0,96,-9,276
21162.5,15,-2,413
21165.0,-9,7,351
21167.5,-12,-32,187
21170.0,79,-4,299
21172.5,-11,-19,311
21175.0,2,31,330
21177.5,33,2,342
21180.0,76,55,313
21182.5,6,-66,402
21185.0,-11,12,392
21187.5,6,-118,502
21190.0,77,-25,319
21192.5,77,-25,319
21195.0,-15,-24,268
21197.5,-3,39,154
21200.0,47,-12,234
21202.5,-39,25,340
21205.0,-46,4,377
21207.5,0,14,349
21210.0,-52,-24,280
21212.5,30,29,191
21215.0,-81,-80,476
21217.5,27,1,279
21220.0,3,-16,414
21222.5,32,-35,288
21225.0,-19,-8,210
21227.5,-74,-80,324
21230.0,8,55,302
21232.5,45,-25,323
21235.0,-9,-9,258
21237.5,-29,-81,304
21240.0,55,4,212
21242.5,55,4,212
21245.0,54,-7,308
21247.5,33,-10,326
21250.0,16,-19,315
21252.5,-24,-22,235
21255.0,65,40,267
21257.5,-20,-12,415
21260.0,67,57,336
21262.5,-2,-6,349
21265.0,6,-42,317
21267.5,41,0,272
21270.0,52,3,348
21272.5,-59,-16,354
21275.0,38,9,284
21277.5,-40,-29,288
21280.0,20,7,227
21282.5,37,3,363
21285.0,5,-51,335
21287.5,2,-21,297
21290.0,2,-21,297
21292.5,2,16,339
21295.0,-29,-63,257
21297.5,46,17,276
21300.0,-1,-4,261
21302.5,30,-15,286
21305.0,285,-3,314
21307.5,-69,-112,241
21310.0,-79,-21,373
21312.5,-86,-25,403
21315.0,-39,-54,280
21317.5,36,15,196
21320.0,-45,-41,279
21322.5,34,-27,299
21325.0,23,-29,376
21327.5,-12,25,289
21330.0,13,-28,290
21332.5,35,-2,347
21335.0,69,51,288
21337.5,3,-18,245
21340.0,3,-18,245
21342.5,-37,-47,266
21345.0,94,42,243
21347.5,-71,-19,339
21350.0,24,73,308
21352.5,-70,-65,249
21355.0,-194,-59,299
21357.5,-13,54,256
21360.0,-50,-6,434
21362.5,34,-11,413
21365.0,-14,12,169
21367.5,-6,-24,191
21370.0,-36,-31,323
21372.5,-21,-15,331
21375.0,11,-4,281
21377.5,7,-9,401
21380.0,51,25,362
21382.5,43,-26,365
21385.0,-32,-33,266
21387.5,36,-18,317
21390.0,36,-18,317
21392.5,-71,-85,387
21395.0,38,-28,336
21397.5,-65,15,264
21400.0,43,23,303
21402.5,47,-35,283
21405.0,-47,-89,336
21407.5,-15,-34,269
21410.0,12,0,360
21412.5,-5,35,325
21415.0,17,8,399
21417.5,18,-34,301
21420.0,-39,-26,380
21422.5,24,37,242
21425.0,19,-39,266
21427.5,0,67,247
21430.0,-26,29,227
21432.5,79,-10,267
21435.0,-36,-13,407
21437.5,19,46,336
21440.0,19,46,336
21442.5,-80,-47,244
21445.0,82,-22,264
21447.5,69,33,237
21450.0,-40,-26,340
21452.5,56,25,299
21455.0,33,61,232
21457.5,9,-8,275
21460.0,17,-21,255
21462.5,-33,-2,278
21465.0,25,22,290
21467.5,14,-22,255
21470.0,23,-13,342
21472.5,-28,-51,343
21475.0,47,-4,294
21477.5,-10,-14,334
21480.0,-77,-55,298
21482.5,-15,-78,307
21485.0,-20,18,351
21487.5,48,-6,240
21490.0,48,-6,240
21492.5,68,39,243
21495.0,-18,-19,313
21497.5,5,-9,278
21500.0,-11,-6,309
21502.5,-47,-51,347
21505.0,-34,9,349
21507.5,-69,-7,188
21510.0,-61,-71,288
21512.5,16,-37,511
21515.0,33,3,476
21517.5,11,-35,391
21520.0,-8,2,393
21522.5,-7,2,455
21525.0,-4,41,221
21527.5,24,17,168
21530.0,-30,-39,274
21532.5,4,1,361
21535.0,0,-30,371
21537.5,-23,-27,250
21540.0,-23,-27,250
21542.5,-5,-34,263
21545.0,-20,-39,313
21547.5,-36,-24,290
21550.0,30,4,278
21552.5,-34,-39,290
21555.0,88,19,273
21557.5,8,-32,291
21560.0,63,34,328
21562.5,123,118,374
21565.0,118,33,333
21567.5,-38,-59,359
21570.0,21,24,265
21572.5,-35,-36,211
21575.0,59,-10,319
21577.5,4,12,427
21580.0,-9,10,369
21582.5,23,11,271
21585.0,-40,-24,306
21587.5,-24,-58,315
21590.0,-24,-58,315
21592.5,55,9,234
21595.0,26,15,341
21597.5,91,81,290
21600.0,48,52,322
21602.5,18,-78,322
21605.0,-8,19,276
21607.5,-28,-13,352
21610.0,32,-20,231
21612.5,-4,-21,274
21615.0,-60,-3,272
21617.5,2,-55,281
21620.0,-6,-16,438
21622.5,-1,-14,329
21625.0,7,-4,318
21627.5,-23,8,319
21630.0,33,96,278
21632.5,64,29,111
21635.0,-20,-66,355
21637.5,-40,-12,321
21640.0,-40,-12,321
21642.5,38,-5,332
21645.0,-7,-36,328
21647.5,-11,-46,250
21650.0,49,9,511
21652.5,93,-95,354
21655.0,-19,-28,226
21657.5,31,16,311
21660.0,-29,-5,326
21662.5,-26,-26,364
21665.0,48,54,248
21667.5,40,-12,350
21670.0,-13,0,356
21672.5,18,-13,238
21675.0,22,12,302
21677.5,-18,-14,298
21680.0,85,50,335
21682.5,60,-7,367
21685.0,17,3,372
21687.5,17,3,372
21690.0,131,96,298
21692.5,-134,2,353
21695.0,8,13,123
21697.5,-53,20,331
21700.0,-30,-30,386
21702.5,-25,-15,224
21705.0,87,60,173
21707.5,-77,-25,289
21710.0,11,-2,359
21712.5,-28,2,389
21715.0,8,-16,250
21717.5,99,-5,257
21720.0,-74,-44,312
21722.5,42,18,250
21725.0,38,41,330
21727.5,8,-14,247
21730.0,76,9,272
21732.5,-18,-3,342
21735.0,-37,-48,342
21737.5,-37,-48,342
21740.0,-37,-36,262
21742.5,49,45,360
21745.0,66,25,319
21747.5,-23,-134,272
21750.0,-2,-22,384
21752.5,81,26,320
21755.0,1,-15,263
21757.5,-33,-25,317
21760.0,135,40,439
21762.5,45,3,412
21765.0,-64,-17,244
21767.5,40,13,285
21770.0,26,65,361
21772.5,35,-22,266
21775.0,53,-22,265
21777.5,27,14,293
21780.0,102,16,257
21782.5,9,17,127
21785.0,60,18,259
21787.5,60,18,259
21790.0,8,0,367
21792.5,7,5,319
21795.0,-27,-3,300
21797.5,4,-74,240
21800.0,-1,18,292
21802.5,24,13,274
21805.0,-9,-18,326
21807.5,-29,-27,260
21810.0,46,20,273
21812.5,0,-19,350
21815.0,30,3,295
21817.5,-11,-5,251
21820.0,8,12,334
21822.5,-15,-38,336
21825.0,24,-1,341
21827.5,0,-19,332
21830.0,0,-18,333
21832.5,39,-33,241
21835.0,26,-15,334
21837.5,26,-15,334
21840.0,11,-29,289
21842.5,53,22,231
21845.0,36,-7,302
21847.5,56,27,267
21850.0,-7,2,314
21852.5,0,18,308
21855.0,-6,-13,298
21857.5,48,22,354
21860.0,8,-44,324
21862.5,32,11,293
21865.0,34,1,331
21867.5,1,-16,312
21870.0,76,-18,287
21872.5,-35,-73,333
21875.0,14,18,240
21877.5,44,14,286
21880.0,-45,-27,338
21882.5,135,15,365
21885.0,156,-5,277
21887.5,156,-5,277
21890.0,102,28,335
21892.5,-24,-89,272
21895.0,-4,-48,392
21897.5,28,1,312
21900.0,56,35,264
21902.5,-21,19,145
21905.0,62,12,279
21907.5,-4,-26,381
21910.0,6,-9,291
21912.5,72,-25,299
21915.0,60,-23,356
21917.5,-14,-49,358
21920.0,29,24,292
21922.5,-37,-34,371
21925.0,-36,-13,306
21927.5,89,32,371
21930.0,-13,-13,326
21932.5,-14,-1,258
21935.0,12,-34,192
21937.5,12,-34,192
21940.0,43,-17,175
21942.5,44,31,298
21945.0,-54,-29,414
21947.5,34,20,285
21950.0,-7,-109,242
21952.5,40,-1,230
21955.0,7,12,235
21957.5,-8,-26,354
21960.0,86,10,308
21962.5,78,31,311
21965.0,56,64,468
21967.5,52,65,265
21970.0,-59,-36,233
21972.5,-11,-45,329
21975.0,34,-54,193
21977.5,67,52,366
21980.0,14,13,191
21982.5,113,55,258
21985.0,77,5,422
21987.5,77,5,422
21990.0,-44,-36,337
21992.5,100,31,223
21995.0,-8,-15,271
21997.5,51,-32,228
22000.0,-5,-54,377
22002.5,20,-117,350
22005.0,-15,18,309
22007.5,0,-47,283
22010.0,16,-31,272
22012.5,24,-2,232
22015.0,20,-39,323
22017.5,39,23,213
22020.0,9,-30,270
22022.5,0,20,282
22025.0,34,-45,273
22027.5,7,29,279
22030.0,-31,-28,389
22032.5,-4,-5,229
22035.0,-19,-44,307
22037.5,-19,-44,307
22040.0,48,26,251
22042.5,30,1,321
22045.0,9,-33,342
22047.5,-12,6,311
22050.0,21,5,344
22052.5,-28,-42,260
22055.0,72,-8,329
22057.5,109,22,212
22060.0,-86,-3,263
22062.5,123,46,326
22065.0,-46,-26,407
22067.5,48,50,356
22070.0,-18,17,347
22072.5,40,-15,259
22075.0,51,21,290
22077.5,-24,-33,321
22080.0,29,10,267
22082.5,33,26,261
22085.0,33,26,261
22087.5,14,28,306
22090.0,39,24,328
22092.5,12,-20,340
22095.0,-20,-75,329
22097.5,56,-33,278
22100.0,-61,-23,365
22102.5,38,42,391
22105.0,44,13,297
22107.5,106,63,322
22110.0,35,97,269
22112.5,41,13,416
22115.0,-51,5,305
22117.5,-10,-14,211
22120.0,24,-22,244
22122.5,43,48,355
22125.0,-53,-65,324
22127.5,-46,-24,268
22130.0,33,18,227
22132.5,-87,10,321
22135.0,-87,10,321
22137.5,-3,-5,384
22140.0,52,-8,270
22142.5,96,0,312
22145.0,-55,-21,441
22147.5,49,-28,323
22150.0,-125,-78,420
22152.5,-38,-49,270
22155.0,-45,-106,304
22157.5,-68,12,285
22160.0,17,26,258
22162.5,-28,-17,322
22165.0,-32,-11,361
22167.5,27,24,374
22170.0,104,-27,241
22172.5,39,-1,348
22175.0,15,-12,331
22177.5,94,4,300
22180.0,67,-50,366
22182.5,7,9,203
22185.0,7,9,203
22187.5,-17,36,343
22190.0,8,-54,289
22192.5,0,13,291
22195.0,-13,6,310
22197.5,8,57,306
22200.0,36,15,288
22202.5,-30,-37,355
22205.0,5,18,352
22207.5,-10,-11,326
22210.0,-22,-16,346
22212.5,16,-5,263
22215.0,-36,-42,344
22217.5,32,-24,244
22220.0,64,13,260
22222.5,-26,-44,294
22225.0,62,2,264
22227.5,-6,-6,335
22230.0,-8,-19,336
22232.5,19,3,312
22235.0,19,3,312
22237.5,-45,-20,312
22240.0,10,-5,337
22242.5,7,-7,300
22245.0,35,-12,348
22247.5,33,-9,287
22250.0,34,23,215
22252.5,33,43,325
22255.0,-19,-33,263
22257.5,-2,-7,306
22260.0,7,2,342
22262.5,66,1,265
22265.0,-164,-112,316
22267.5,-104,-78,360
22270.0,48,4,192
22272.5,33,-104,365
22275.0,-59,-28,327
22277.5,-59,-73,426
22280.0,-19,-35,490
22282.5,-1,-2,209
22285.0,-1,-2,209
22287.5,-12,-5,162
22290.0,-68,-24,223
22292.5,22,12,335
22295.0,-25,-27,382
22297.5,-24,-7,320
22300.0,-16,-2,238
22302.5,6,-16,295
22305.0,0,-25,278
22307.5,56,40,314
22310.0,-18,-22,293
22312.5,1,3,242
22315.0,25,65,251
22317.5,6,-32,322
22320.0,-66,-23,450
22322.5,-43,-55,360
22325.0,-53,-53,285
22327.5,180,-6,131
22330.0,67,6,263
22332.5,23,40,244
22335.0,23,40,244
22337.5,79,37,373
22340.0,-42,16,369
22342.5,39,35,312
22345.0,68,28,257
22347.5,-39,-10,342
22350.0,24,34,295
22352.5,-37,-20,396
22355.0,-28,-83,293
22357.5,11,36,287
22360.0,-86,-54,342
22362.5,-15,-8,289
22365.0,3,9,357
22367.5,25,28,259
22370.0,78,44,222
22372.5,26,-8,273
22375.0,18,30,322
22377.5,75,32,347
22380.0,-38,-30,317
22382.5,-38,-30,317
22385.0,7,8,283
22387.5,-16,-33,283
22390.0,-7,-47,216
22392.5,94,19,248
22395.0,8,9,333
22397.5,67,19,268
22400.0,45,11,342
22402.5,-32,-14,327
22405.0,7,-14,287
22407.5,73,13,322
22410.0,-45,-59,296
22412.5,22,-20,255
22415.0,21,4,270
22417.5,16,-9,276
22420.0,-6,-1,337
22422.5,19,0,337
22425.0,41,-12,334
22427.5,-9,-19,350
22430.0,-12,-5,271
22432.5,-12,-5,271
22435.0,-3,69,298
22437.5,47,-1,298
22440.0,-5,-56,141
22442.5,130,-17,413
22445.0,-33,33,435
22447.5,-50,-33,358
22450.0,43,-11,244
22452.5,0,38,223
22455.0,23,-12,266
22457.5,-17,-18,314
22460.0,36,25,295
22462.5,-26,-42,254
22465.0,-32,-93,334
22467.5,87,21,353
22470.0,27,4,354
22472.5,40,15,321
22475.0,2,16,325
22477.5,-76,21,254
22480.0,-205,-72,157
22482.5,-205,-72,157
22485.0,-39,-39,306
22487.5,142,-91,328
22490.0,48,20,342
22492.5,-19,-39,351
22495.0,35,-45,257
22497.5,49,63,216
22500.0,-48,-48,440
22502.5,-34,-55,296
22505.0,53,45,252
22507.5,-84,-45,237
22510.0,17,-16,279
22512.5,25,18,305
22515.0,61,34,356
22517.5,71,87,297
22520.0,104,73,406
22522.5,-12,39,289
22525.0,26,10,269
22527.5,-69,-58,418
22530.0,-16,-54,285
22532.5,-16,-54,285
22535.0,67,10,239
22537.5,23,19,278
22540.0,-35,-74,317
22542.5,-31,-46,374
22545.0,4,7,332
22547.5,-15,28,250
22550.0,-30,-1,288
22552.5,3,-13,318
22555.0,53,-3,300
22557.5,6,-48,337
22560.0,26,12,352
22562.5,41,-21,221
22565.0,-43,-42,380
22567.5,23,-25,284
22570.0,-60,-24,331
22572.5,0,12,281
22575.0,15,22,274
22577.5,16,37,285
22580.0,-11,-20,404
22582.5,-11,-20,404
22585.0,17,-15,335
22587.5,7,-20,340
22590.0,-50,-10,332
22592.5,6,-10,286
22595.0,-12,-23,325
22597.5,8,-25,248
22600.0,4,-5,276
22602.5,8,17,326
22605.0,16,-21,271
22607.5,27,2,301
22610.0,-8,-17,318
22612.5,38,-15,291
22615.0,-4,-30,351
22617.5,34,34,315
22620.0,-58,-52,332
22622.5,-18,-59,379
22625.0,-20,-4,338
22627.5,69,-46,299
22630.0,-22,-46,355
22632.5,-22,-46,355
22635.0,40,-10,225
22637.5,58,11,285
22640.0,-9,12,315
22642.5,-8,18,414
22645.0,-27,-68,367
22647.5,64,21,230
22650.0,70,-40,297
22652.5,-81,-89,402
22655.0,-126,4,387
22657.5,-9,-9,289
22660.0,44,26,330
22662.5,34,23,223
22665.0,-45,-19,269
22667.5,22,10,440
22670.0,91,15,263
22672.5,-23,-59,338
22675.0,-40,13,260
22677.5,87,22,272
22680.0,-28,-29,343
22682.5,-28,-29,343
22685.0,-92,-79,268
22687.5,-26,-10,275
22690.0,-8,9,218
22692.5,-121,-158,502
22695.0,71,102,437
22697.5,-34,-34,478
22700.0,56,2,454
22702.5,-13,-24,312
22705.0,-25,-47,175
22707.5,32,-17,264
22710.0,-35,-39,338
22712.5,31,12,240
22715.0,4,-8,290
22717.5,-12,1,286
22720.0,51,-38,279
22722.5,13,16,396
22725.0,72,53,327
22727.5,-8,-26,309
22730.0,1,-34,282
22732.5,1,-34,282
22735.0,29,17,257
22737.5,1,15,401
22740.0,-18,-17,374
22742.5,-8,-42,348
22745.0,-25,-31,291
22747.5,-41,-58,297
22750.0,27,31,181
22752.5,-40,-9,210
22755.0,1,-67,428
22757.5,16,-9,348
22760.0,-10,25,243
22762.5,50,-11,374
22765.0,-40,-27,504
22767.5,51,49,253
22770.0,66,34,327
22772.5,13,-34,302
22775.0,80,-10,280
22777.5,-18,-7,317
22780.0,-18,-7,317
22782.5,-22,-63,364
22785.0,44,-1,271
22787.5,-18,-32,354
22790.0,15,0,223
22792.5,29,15,307
22795.0,-14,-24,314
22797.5,66,-9,275
22800.0,50,-5,315
22802.5,-19,-21,317
22805.0,52,18,303
22807.5,-27,-15,327
22810.0,27,-37,320
22812.5,17,-4,201
22815.0,168,37,205
22817.5,286,151,299
22820.0,-134,-77,392
22822.5,-37,-67,352
22825.0,62,20,193
22827.5,9,-32,292
22830.0,9,-32,292
22832.5,48,15,226
22835.0,7,6,356
22837.5,-11,-24,287
22840.0,5,-8,217
22842.5,-14,-43,318
22845.0,-20,-5,321
22847.5,30,-17,311
22850.0,-31,-20,382
22852.5,3,8,289
22855.0,46,36,273
22857.5,-25,-38,277
22860.0,10,33,214
22862.5,28,-52,366
22865.0,42,71,234
22867.5,56,-6,397
22870.0,0,-30,409
22872.5,11,13,237
22875.0,46,14,218
22877.5,-29,-43,372
22880.0,-29,-43,372
22882.5,23,12,285
22885.0,93,-31,252
22887.5,27,-55,314
22890.0,15,-54,329
22892.5,43,-21,284
22895.0,31,8,328
22897.5,42,-18,341
22900.0,48,8,313
22902.5,40,20,350
22905.0,9,45,238
22907.5,-24,-34,338
22910.0,-70,-68,259
22912.5,55,2,303
22915.0,-48,-59,368
22917.5,-21,-31,304
22920.0,-15,-9,295
22922.5,14,-31,306
22925.0,-51,-38,374
22927.5,-24,-22,355
22930.0,-24,-22,355
22932.5,-28,-43,315
22935.0,83,-31,297
22937.5,9,-24,359
22940.0,4,-47,286
22942.5,44,-70,293
22945.0,-31,-22,343
22947.5,24,22,258
22950.0,-36,-53,327
22952.5,27,22,265
22955.0,-22,2,265
22957.5,-8,-9,287
22960.0,-14,-3,371
22962.5,-1,-8,280
22965.0,-1,8,325
22967.5,30,23,280
22970.0,70,36,259
22972.5,-6,-28,353
22975.0,21,41,278
22977.5,41,35,298
22980.0,41,35,298
22982.5,-15,-9,342
22985.0,29,5,272
22987.5,-38,-25,320
22990.0,-9,-20,304
22992.5,-11,-26,326
22995.0,-9,-43,342
22997.5,4,6,327
23000.0,-4,-3,308
23002.5,-67,-58,351
23005.0,54,25,240
23007.5,-28,-17,219
23010.0,2,46,318
23012.5,2,-3,262
23015.0,9,-37,259
23017.5,-73,-37,334
23020.0,-68,-41,342
23022.5,-2,46,326
23025.0,-32,-55,402
23027.5,-34,52,347
23030.0,-34,52,347
23032.5,44,5,443
23035.0,45,13,254
23037.5,-12,-22,215
23040.0,-40,-15,239
23042.5,45,-29,319
23045.0,57,-12,353
23047.5,1,-17,287
23050.0,35,-16,302
23052.5,51,-67,355
23055.0,6,3,357
23057.5,55,6,264
23060.0,6,-31,331
23062.5,116,16,229
23065.0,5,2,311
23067.5,40,0,400
23070.0,-9,-6,430
23072.5,-26,-64,507
23075.0,-36,-31,500
23077.5,74,-14,324
23080.0,74,-14,324
23082.5,-58,-44,191
23085.0,-10,13,189
23087.5,-40,44,319
23090.0,14,-11,365
23092.5,33,15,323
23095.0,-38,-7,275
23097.5,13,15,405
23100.0,64,16,282
23102.5,-23,-18,375
23105.0,-23,-61,386
23107.5,-42,-22,452
23110.0,-69,-97,289
23112.5,88,46,186
23115.0,26,-17,283
23117.5,42,-65,370
23120.0,-2,-26,292
23122.5,5,0,403
23125.0,70,-2,299
23127.5,14,-7,440
23130.0,14,-7,440
23132.5,-4,-12,254
23135.0,59,41,255
23137.5,-3,6,280
23140.0,82,-23,354
23142.5,82,-45,172
23145.0,-5,113,200
23147.5,52,14,253
23150.0,-2,-32,282
23152.5,68,51,334
23155.0,80,47,272
23157.5,-54,-34,485
23160.0,-27,-25,300
23162.5,14,-46,258
23165.0,-51,-32,287
23167.5,-19,-33,352
23170.0,84,24,285
23172.5,1,4,314
23175.0,33,9,299
23177.5,33,9,299
23180.0,-12,-12,313
23182.5,36,5,305
23185.0,28,-10,253
23187.5,-14,5,311
23190.0,43,5,224
23192.5,9,-42,312
23195.0,54,58,248
23197.5,-69,68,298
23200.0,185,73,434
23202.5,-72,-147,186
23205.0,32,-33,334
23207.5,-43,-23,432
23210.0,-5,-47,108
23212.5,49,30,277
23215.0,-12,-19,354
23217.5,45,8,316
23220.0,1,-32,321
23222.5,16,-46,280
23225.0,-6,-12,366
23227.5,-6,-12,366
23230.0,-16,-18,374
23232.5,34,0,277
23235.0,19,-26,307
23237.5,-30,-19,271
23240.0,6,-14,302
23242.5,-19,61,282
23245.0,-65,-68,314
23247.5,-141,-5,255
23250.0,-22,-51,227
23252.5,231,25,353
23255.0,-3,-18,374
23257.5,-14,-23,277
23260.0,29,30,182
23262.5,42,22,331
23265.0,-29,8,316
23267.5,66,61,243
23270.0,21,30,208
23272.5,6,10,274
23275.0,1,-1,393
23277.5,1,-1,393
23280.0,-63,-23,305
23282.5,82,-3,275
23285.0,65,-35,293
23287.5,49,-20,396
23290.0,67,-3,288
23292.5,9,10,215
23295.0,134,36,248
23297.5,72,-10,373
23300.0,-8,39,227
23302.5,-36,-27,252
23305.0,13,1,339
23307.5,-23,7,330
23310.0,-8,8,339
23312.5,19,-21,296
23315.0,44,-43,342
23317.5,44,-4,359
23320.0,13,-25,256
23322.5,45,-27,221
23325.0,-15,-29,276
23327.5,-15,-29,276
23330.0,30,14,323
23332.5,-82,-44,344
23335.0,40,3,226
23337.5,-8,11,281
23340.0,-23,0,332
23342.5,-44,18,375
23345.0,82,-6,379
23347.5,-4,-19,340
23350.0,9,-5,272
23352.5,24,25,323
23355.0,-18,-20,279
23357.5,45,-8,241
23360.0,28,3,327
23362.5,-44,3,214
23365.0,15,19,309
23367.5,-14,-33,361
23370.0,-4,-30,296
23372.5,-19,-20,336
23375.0,22,4,350
23377.5,22,4,350
23380.0,-12,-42,294
23382.5,-38,-8,312
23385.0,-6,-66,310
23387.5,25,-51,279
23390.0,26,-5,346
23392.5,30,-6,244
23395.0,-11,-10,272
23397.5,-20,-20,296
23400.0,43,-53,364
23402.5,5,-8,309
23405.0,20,-77,236
23407.5,-109,-64,411
23410.0,2,-29,443
23412.5,14,4,310
23415.0,125,50,136
23417.5,-17,7,165
23420.0,40,-25,110
23422.5,36,-10,318
23425.0,83,-4,328
23427.5,83,-4,328
23430.0,-20,-1,293
23432.5,5,7,255
23435.0,25,21,335
23437.5,-4,-27,398
23440.0,-4,-11,365
23442.5,57,32,180
23445.0,33,52,333
23447.5,49,51,292
23450.0,-28,12,249
23452.5,-15,0,385
23455.0,18,-25,322
23457.5,48,28,117
23460.0,23,38,250
23462.5,-20,-24,402
23465.0,61,-13,331
23467.5,-19,-25,307
23470.0,102,2,151
23472.5,106,54,300
23475.0,-28,74,324
23477.5,-28,74,324
23480.0,132,-13,261
23482.5,-5,-21,358
23485.0,41,21,332
23487.5,52,-7,271
23490.0,-44,16,194
23492.5,5,-71,244
23495.0,-42,17,302
23497.5,-26,-52,325
23500.0,54,10,303
23502.5,-51,19,285
23505.0,-40,23,256
23507.5,28,3,285
23510.0,-90,-43,359
23512.5,-7,-25,238
23515.0,20,10,300
23517.5,-67,17,391
23520.0,-18,12,334
23522.5,12,-22,413
23525.0,9,5,304
23527.5,9,5,304
23530.0,73,38,228
23532.5,-30,-5,243
23535.0,-19,-8,250
23537.5,-11,0,305
23540.0,7,4,408
23542.5,9,-21,292
23545.0,26,3,301
23547.5,25,-7,250
23550.0,-6,-38,310
23552.5,-47,-17,295
23555.0,17,-50,294
23557.5,38,-52,339
23560.0,25,8,340
23562.5,1,5,319
23565.0,5,2,355
23567.5,9,-11,338
23570.0,77,-25,190
23572.5,-16,-38,401
23575.0,-16,-38,401
23577.5,108,-54,449
23580.0,22,-45,419
23582.5,24,-13,262
23585.0,34,8,247
23587.5,-73,-30,331
23590.0,-12,-47,324
23592.5,73,-35,328
23595.0,-55,-20,278
23597.5,5,-32,261
23600.0,31,-31,336
23602.5,0,2,306
23605.0,29,3,295
23607.5,-31,-34,378
23610.0,61,-8,283
23612.5,-2,-8,284
23615.0,-85,-134,328
23617.5,83,19,279
23620.0,41,68,329
23622.5,5,10,373
23625.0,5,10,373
23627.5,36,18,258
23630.0,22,-21,346
23632.5,3,25,299
23635.0,3,-36,349
23637.5,13,2,304
23640.0,38,17,214
23642.5,-20,14,324
23645.0,-95,-24,357
23647.5,-93,-23,303
23650.0,-51,-37,327
23652.5,-3,-3,368
23655.0,41,-5,428
23657.5,-28,-41,335
23660.0,69,4,399
23662.5,24,23,252
23665.0,34,-32,375
23667.5,-7,-23,305
23670.0,74,-36,302
23672.5,42,37,339
23675.0,42,37,339
23677.5,68,7,266
23680.0,43,-43,277
23682.5,-13,-36,278
23685.0,54,-15,243
23687.5,4,-11,329
23690.0,7,-60,317
23692.5,29,3,344
23695.0,28,37,274
23697.5,26,-19,330
23700.0,-5,4,319
23702.5,59,-7,269
23705.0,26,48,287
23707.5,16,-1,228
23710.0,33,-27,306
23712.5,59,-2,204
23715.0,38,0,300
23717.5,-19,-31,324
23720.0,33,-5,295
23722.5,7,24,324
23725.0,7,24,324
23727.5,-5,-15,370
23730.0,65,21,311
23732.5,1,-56,369
23735.0,52,-21,286
23737.5,118,76,262
23740.0,-3,-5,321
23742.5,45,-11,242
23745.0,15,-18,267
23747.5,-5,-12,300
23750.0,7,-16,290
23752.5,28,-19,335
23755.0,1,-26,321
23757.5,34,-1,296
23760.0,-8,-25,344
23762.5,-3,-10,299
23765.0,45,27,276
23767.5,-42,-23,343
23770.0,-15,-5,218
23772.5,-7,-12,465
23775.0,-7,-12,465
23777.5,-54,-28,324
23780.0,-31,-57,360
23782.5,15,-29,392
23785.0,-96,-20,447
23787.5,7,0,390
23790.0,44,40,347
23792.5,61,-28,223
23795.0,31,30,250
23797.5,-8,-54,409
23800.0,75,-23,364
23802.5,-8,-15,311
23805.0,-7,3,198
23807.5,44,4,335
23810.0,-51,-14,343
23812.5,-14,-39,415
23815.0,24,4,331
23817.5,-43,-87,363
23820.0,-41,10,245
23822.5,-2,33,221
23825.0,-2,33,221
23827.5,10,-17,270
23830.0,-22,-2,468
23832.5,151,15,152
23835.0,-43,-5,247
23837.5,73,22,271
23840.0,-50,-28,418
23842.5,-2,-47,305
23845.0,35,-13,221
23847.5,46,10,280
23850.0,62,57,307
23852.5,3,46,78
23855.0,-138,-38,278
23857.5,0,-25,361
23860.0,-22,-20,368
23862.5,-19,-7,224
23865.0,25,68,197
23867.5,-23,-14,396
23870.0,-40,-56,248
23872.5,-19,-35,339
23875.0,-19,-35,339
23877.5,-5,12,263
23880.0,48,-17,379
23882.5,-57,-68,273
23885.0,-68,-92,256
23887.5,82,36,321
23890.0,2,-2,317
23892.5,44,-26,252
23895.0,-3,23,306
23897.5,-19,3,355
23900.0,-40,-21,347
23902.5,-33,-6,314
23905.0,-7,-41,299
23907.5,62,-9,240
23910.0,-27,-22,298
23912.5,-24,-31,377
23915.0,62,-4,321
23917.5,-46,-14,316
23920.0,16,-11,216
23922.5,-21,-27,383
23925.0,-21,-27,383
23927.5,-23,-40,277
23930.0,62,-10,235
23932.5,-24,-17,316
23935.0,-43,-33,302
23937.5,-41,-37,324
23940.0,35,12,389
23942.5,32,6,256
23945.0,-227,-121,275
23947.5,-96,-155,266
23950.0,4,103,307
23952.5,-27,31,435
23955.0,-13,-14,323
23957.5,24,9,214
23960.0,-53,-1,276
23962.5,-29,5,317
23965.0,-6,16,376
23967.5,-51,-64,303
23970.0,69,4,229
23972.5,-48,-30,325
23975.0,-48,-30,325
23977.5,51,-21,296
23980.0,31,13,291
23982.5,10,-25,253
23985.0,-25,1,353
23987.5,90,2,300
23990.0,1,-65,310
23992.5,-70,-81,229
23995.0,-6,-102,310
23997.5,60,23,302
24000.0,-3,-13,330
24002.5,10,-35,215
24005.0,24,-19,300
24007.5,-58,-58,402
24010.0,11,-9,318
24012.5,51,8,284
24015.0,-83,-25,366
24017.5,8,-26,365
24020.0,22,-7,273
24022.5,22,-7,273
24025.0,112,34,384
24027.5,30,-5,311
24030.0,-56,-89,382
24032.5,105,-12,297
24035.0,13,13,236
24037.5,56,26,300
24040.0,61,14,321
24042.5,-16,-18,287
24045.0,-70,-6,362
24047.5,-21,-78,284
24050.0,73,49,323
24052.5,51,47,365
24055.0,-41,0,192
24057.5,42,-65,324
24060.0,-16,-12,323
24062.5,26,43,257
24065.0,-13,12,264
24067.5,-4,-15,304
24070.0,59,-23,307
24072.5,59,-23,307
24075.0,-4,-32,287
24077.5,82,9,300
24080.0,41,-22,297
24082.5,16,-6,329
24085.0,49,-55,298
24087.5,59,-43,278
24090.0,18,-2,289
24092.5,-37,-22,212
24095.0,-3,-39,343
24097.5,13,-30,349
24100.0,63,26,238
24102.5,24,-11,330
24105.0,42,34,352
24107.5,-21,-39,291
24110.0,-8,-15,337
24112.5,21,-8,300
24115.0,-43,-42,270
24117.5,34,-38,396
24120.0,86,40,260
24122.5,86,40,260
24125.0,57,-35,283
24127.5,27,-2,312
24130.0,28,1,287
24132.5,-15,-19,326
24135.0,19,-39,335
24137.5,40,7,252
24140.0,-52,-36,312
24142.5,33,11,333
24145.0,42,-25,266
24147.5,9,4,366
24150.0,12,16,175
24152.5,-32,34,428
24155.0,34,-34,222
24157.5,80,7,197
24160.0,-59,-108,398
24162.5,-69,-37,437
24165.0,17,-38,267
24167.5,9,-44,381
24170.0,-30,-54,323
24172.5,-30,-54,323
24175.0,8,-18,226
24177.5,-6,0,389
24180.0,140,-16,233
24182.5,9,-16,338
24185.0,6,9,228
24187.5,28,19,287
24190.0,40,13,293
24192.5,10,-22,363
24195.0,-7,-37,290
24197.5,112,16,284
24200.0,88,12,133
24202.5,-18,-52,299
24205.0,13,-40,321
24207.5,46,-2,345
24210.0,19,12,325
24212.5,5,-8,194
24215.0,-15,-25,298
24217.5,-51,-45,351
24220.0,-1,-40,342
24222.5,-1,-40,342
24225.0,87,-5,257
24227.5,47,24,265
24230.0,41,5,220
24232.5,54,16,171
24235.0,-98,-20,317
24237.5,9,-2,316
24240.0,-55,-61,415
24242.5,-63,-71,307
24245.0,-4,31,375
24247.5,10,-16,293
24250.0,24,-24,279
24252.5,32,-1,336
24255.0,4,-100,444
24257.5,50,16,293
24260.0,-41,-25,390
24262.5,-3,-15,365
24265.0,48,-9,259
24267.5,11,-30,233
24270.0,51,15,294
24272.5,51,15,294
24275.0,-49,-12,389
24277.5,-73,3,297
24280.0,89,51,342
24282.5,-29,-3,328
24285.0,53,13,235
24287.5,-9,-44,252
24290.0,23,-23,247
24292.5,-15,-3,255
24295.0,-11,-47,311
24297.5,-4,-24,308
24300.0,33,5,318
24302.5,-57,-35,328
24305.0,37,-10,252
24307.5,22,10,308
24310.0,-23,-38,325
24312.5,31,-4,273
24315.0,-35,-32,327
24317.5,28,-28,298
24320.0,4,22,281
24322.5,4,22,281
24325.0,240,135,297
24327.5,39,101,383
24330.0,-17,51,357
24332.5,-5,-19,293
24335.0,42,-21,189
24337.5,21,3,293
24340.0,26,-17,352
24342.5,56,19,348
24345.0,-1,2,323
24347.5,-19,-59,244
24350.0,70,-9,287
24352.5,-54,-24,331
24355.0,23,-16,243
24357.5,-4,34,320
24360.0,-51,-33,318
24362.5,-16,-16,317
24365.0,-32,-37,340
24367.5,110,9,318
24370.0,110,9,318
24372.5,-20,23,230
24375.0,33,-44,369
24377.5,17,24,278
24380.0,1,2,268
24382.5,11,-41,246
24385.0,82,-5,332
24387.5,11,18,392
24390.0,-62,-77,271
24392.5,11,29,292
24395.0,-58,-40,274
24397.5,-20,-117,336
24400.0,39,23,221
24402.5,-23,-62,311
24405.0,101,52,289
24407.5,29,-23,277
24410.0,-6,-33,347
24412.5,65,-57,305
24415.0,-5,-53,301
24417.5,62,-18,327
24420.0,62,-18,327
24422.5,0,-8,349
24425.0,34,-1,320
24427.5,3,-42,322
24430.0,112,-24,292
24432.5,-69,8,320
24435.0,36,-45,283
24437.5,46,19,363
24440.0,38,33,286
24442.5,48,16,269
24445.0,-6,-31,314
24447.5,30,0,297
24450.0,43,1,305
24452.5,-16,-51,382
24455.0,-39,-2,246
24457.5,53,27,242
24460.0,-86,-24,375
24462.5,-34,-39,290
24465.0,25,-16,319
24467.5,17,-25,307
24470.0,17,-25,307
24472.5,-3,0,211
24475.0,-101,-33,336
24477.5,-7,-3,350
24480.0,13,1,303
24482.5,-61,-54,353
24485.0,10,-54,327
24487.5,54,-11,283
24490.0,56,7,346
24492.5,45,29,277
24495.0,44,-16,266
24497.5,-23,-39,345
24500.0,64,1,247
24502.5,12,-3,238
24505.0,-16,-15,311
24507.5,38,-16,277
24510.0,9,-4,336
24512.5,2,-46,369
24515.0,26,-36,333
24517.5,-23,-23,337
24520.0,-23,-23,337
24522.5,28,7,348
24525.0,9,29,318
24527.5,-97,-21,485
24530.0,13,35,366
24532.5,-5,-21,285
24535.0,62,-38,336
24537.5,-25,10,395
24540.0,82,46,279
24542.5,-65,-69,353
24545.0,42,31,58
24547.5,4,-17,331
24550.0,-20,8,347
24552.5,-7,22,348
24555.0,-45,-25,285
24557.5,40,-1,201
24560.0,17,23,244
24562.5,-11,1,312
24565.0,2,-48,356
24567.5,64,-2,334
24570.0,64,-2,334
24572.5,115,30,277
24575.0,31,50,335
24577.5,-35,-17,442
24580.0,183,33,388
24582.5,10,12,340
24585.0,-22,-22,373
24587.5,-31,-13,231
24590.0,-46,2,210
24592.5,-46,-9,257
24595.0,-26,-16,443
24597.5,15,11,380
24600.0,6,-33,237
24602.5,34,-39,215
24605.0,-6,5,279
24607.5,-16,32,361
24610.0,-20,8,295
24612.5,79,79,280
24615.0,67,41,237
24617.5,-92,-12,296
24620.0,-92,-12,296
24622.5,50,9,275
24625.0,-23,-29,293
24627.5,12,-9,249
24630.0,106,-14,354
24632.5,32,22,376
24635.0,11,-33,353
24637.5,89,12,235
24640.0,-26,-7,330
24642.5,-44,-56,307
24645.0,72,12,256
24647.5,-6,20,357
24650.0,53,14,214
24652.5,-25,-20,320
24655.0,0,18,318
24657.5,66,-4,332
24660.0,87,-21,330
24662.5,2,-2,251
24665.0,22,-11,239
24667.5,11,-12,173
24670.0,11,-12,173
24672.5,-17,-51,317
24675.0,-2,-10,308
24677.5,-8,35,332
24680.0,-39,-57,299
24682.5,-26,18,397
24685.0,-5,-40,214
24687.5,58,-12,246
24690.0,1,1,312
24692.5,-26,-22,276
24695.0,-5,13,315
24697.5,21,16,329
24700.0,-27,-11,275
24702.5,51,58,369
24705.0,-62,-56,348
24707.5,21,29,151
24710.0,-12,-86,302
24712.5,18,-14,421
24715.0,26,7,399
24717.5,-21,0,297
24720.0,-21,0,297
24722.5,65,23,214
24725.0,-15,-5,387
24727.5,-2,3,331
24730.0,61,11,293
24732.5,-7,-21,259
24735.0,-12,9,240
24737.5,-10,-22,324
24740.0,-41,-10,278
24742.5,7,-22,311
24745.0,2,-24,339
24747.5,-21,-55,357
24750.0,39,20,307
24752.5,-65,-10,379
24755.0,8,31,297
24757.5,-120,12,276
24760.0,-102,-63,377
24762.5,-135,-96,338
24765.0,-49,-17,359
24767.5,2,-32,242
24770.0,2,-32,242
24772.5,39,-9,248
24775.0,-6,4,409
24777.5,-104,-32,427
24780.0,31,28,209
24782.5,-56,-39,324
24785.0,-14,-57,318
24787.5,68,-21,265
24790.0,-43,-35,290
24792.5,1,-20,286
24795.0,43,19,348
24797.5,16,-23,333
24800.0,-62,-58,293
24802.5,179,21,505
24805.0,37,50,369
24807.5,53,-63,360
24810.0,53,27,314
24812.5,-32,-36,315
24815.0,3,34,197
24817.5,-77,-68,343
24820.0,-77,-68,343
24822.5,54,1,281
24825.0,35,74,290
24827.5,-61,-59,308
24830.0,36,-18,294
24832.5,57,25,329
24835.0,-25,-42,341
24837.5,-20,-18,281
24840.0,28,-34,331
24842.5,38,-37,298
24845.0,31,0,259
24847.5,43,12,332
24850.0,113,66,340
24852.5,-17,-19,258
24855.0,-52,-33,339
24857.5,36,12,247
24860.0,3,-17,302
24862.5,25,53,310
24865.0,6,0,294
24867.5,6,0,294
24870.0,-51,-45,345
24872.5,-30,-17,337
24875.0,-43,-65,274
24877.5,13,-11,357
24880.0,-16,-28,296
24882.5,-45,-48,236
24885.0,14,-49,314
24887.5,25,21,245
24890.0,11,-17,277
24892.5,46,18,331
24895.0,2,-13,298
24897.5,27,0,310
24900.0,-5,-7,325
24902.5,93,53,338
24905.0,-23,-19,349
24907.5,24,30,397
24910.0,102,45,342
24912.5,7,16,423
24915.0,91,-73,255
24917.5,91,-73,255
24920.0,-73,-76,364
24922.5,33,-28,450
24925.0,70,35,214
24927.5,69,40,393
24930.0,-10,-27,170
24932.5,-37,-24,267
24935.0,-14,-49,363
24937.5,-20,-56,398
24940.0,12,-22,177
24942.5,4,1,278
24945.0,3,-23,265
24947.5,-28,7,321
24950.0,5,47,326
24952.5,45,-11,381
24955.0,71,63,313
24957.5,42,0,434
24960.0,39,1,373
24962.5,-56,-47,341
24965.0,-44,-100,319
24967.5,-44,-100,319
24970.0,18,17,272
24972.5,13,-29,132
24975.0,12,-22,367
24977.5,48,45,378
24980.0,28,32,293
24982.5,-58,-51,223
24985.0,5,-44,196
24987.5,-10,-19,305
24990.0,45,19,298
24992.5,-5,-10,299
24995.0,-15,-31,303
24997.5,23,19,385
25000.0,113,43,385
25002.5,70,6,212
25005.0,32,-8,348
25007.5,18,-35,221
25010.0,28,20,314
25012.5,-43,-38,181
25015.0,59,-18,190
25017.5,59,-18,190
25020.0,67,9,339
25022.5,-23,2,303
25025.0,27,-28,310
25027.5,-16,1,328
25030.0,19,-31,333
25032.5,112,32,272
25035.0,11,21,331
25037.5,-12,-15,324
25040.0,3,-10,387
25042.5,41,12,330
25045.0,26,6,220
25047.5,39,-28,269
25050.0,20,-26,253
25052.5,4,-1,265
25055.0,-35,12,331
25057.5,-6,-5,286
25060.0,6,14,323
25062.5,21,3,322
25065.0,63,30,229
25067.5,63,30,229
25070.0,-12,-26,317
25072.5,42,51,276
25075.0,-43,0,320
25077.5,79,-4,261
25080.0,-30,93,275
25082.5,-55,-2,309
25085.0,189,116,325
25087.5,46,-7,279
25090.0,2,3,341
25092.5,59,-21,161
25095.0,44,2,356
25097.5,-2,-22,308
25100.0,16,-18,308
25102.5,-17,-12,295
25105.0,4,-38,332
25107.5,25,-19,378
25110.0,0,-14,384
25112.5,34,-38,279
25115.0,49,10,231
25117.5,49,10,231
25120.0,-3,23,268
25122.5,83,9,241
25125.0,34,16,296
25127.5,-30,-55,353
25130.0,108,35,291
25132.5,14,7,419
25135.0,193,77,275
25137.5,73,-5,226
25140.0,-47,-23,242
25142.5,-14,-43,257
25145.0,29,-21,397
25147.5,-80,-66,407
25150.0,7,-15,212
25152.5,72,5,236
25155.0,-100,-19,387
25157.5,-24,-31,337
25160.0,-10,-30,312
25162.5,-5,-43,270
25165.0,32,-40,265
25167.5,32,-40,265
25170.0,4,-48,423
25172.5,-90,-60,293
25175.0,-57,-37,280
25177.5,-1,19,330
25180.0,8,9,277
25182.5,-58,-13,328
25185.0,9,14,297
25187.5,3,6,286
25190.0,82,38,252
25192.5,-1,15,317
25195.0,26,13,290
25197.5,14,6,429
25200.0,50,47,316
25202.5,89,-43,269
25205.0,15,-36,305
25207.5,-25,-6,251
25210.0,18,-5,339
25212.5,37,-9,279
25215.0,-38,-14,297
25217.5,-38,-14,297
25220.0,16,6,284
25222.5,-45,-13,362
25225.0,3,-21,353
25227.5,-9,0,336
25230.0,-27,-31,275
25232.5,33,-35,264
25235.0,-33,-37,340
25237.5,-3,16,261
25240.0,45,-16,240
25242.5,-52,-34,309
25245.0,38,19,289
25247.5,1,-13,315
25250.0,12,3,317
25252.5,15,-7,291
25255.0,-26,-37,336
25257.5,42,-17,335
25260.0,23,-22,300
25262.5,-48,-44,356
25265.0,18,8,287
25267.5,18,8,287
25270.0,43,13,243
25272.5,-55,-58,322
25275.0,22,5,251
25277.5,38,-14,325
25280.0,-15,-20,326
25282.5,-6,-21,333
25285.0,-17,-25,466
25287.5,-63,-49,251
25290.0,33,-58,315
25292.5,-25,-19,418
25295.0,6,-64,400
25297.5,31,-26,298
25300.0,4,-13,369
25302.5,20,14,127
25305.0,-22,12,224
25307.5,-35,14,376
25310.0,49,-10,432
25312.5,41,21,266
25315.0,41,21,266
25317.5,11,-18,243
25320.0,41,-9,312
25322.5,28,-13,369
25325.0,-20,-24,287
25327.5,24,-6,228
25330.0,-35,-13,252
25332.5,113,-44,82
25335.0,-159,-83,275
25337.5,-1,-8,255
25340.0,21,0,423
25342.5,-57,-24,481
25345.0,0,-39,273
25347.5,119,-25,176
25350.0,35,-12,269
25352.5,56,18,335
25355.0,30,-22,357
25357.5,7,6,350
25360.0,86,-5,311
25362.5,-14,-46,390
25365.0,-14,-46,390
25367.5,-19,-29,345
25370.0,132,-25,219
25372.5,12,6,316
25375.0,50,-14,201
25377.5,82,-13,184
25380.0,24,38,375
25382.5,50,14,360
25385.0,39,6,357
25387.5,70,29,220
25390.0,-8,-8,294
25392.5,-7,-25,448
25395.0,75,21,297
25397.5,79,59,316
25400.0,-17,22,325
25402.5,2,-3,384
25405.0,34,9,309
25407.5,17,21,355
25410.0,-32,-11,295
25412.5,-5,41,299
25415.0,-5,41,299
25417.5,7,-32,230
25420.0,-9,-36,331
25422.5,-8,-25,316
25425.0,62,13,234
25427.5,-2,-12,392
25430.0,19,8,315
25432.5,71,-2,297
25435.0,-2,-32,280
25437.5,10,-14,245
25440.0,13,2,322
25442.5,-65,-41,347
25445.0,45,-9,346
25447.5,-14,6,343
25450.0,-1,-60,279
25452.5,-71,-56,264
25455.0,-62,-64,397
25457.5,11,-42,269
25460.0,-17,-44,321
25462.5,-16,-27,386
25465.0,-16,-27,386
25467.5,23,-3,383
25470.0,-31,-4,207
25472.5,-17,-64,308
25475.0,66,6,310
25477.5,-9,-84,356
25480.0,37,1,263
25482.5,-9,-4,286
25485.0,-14,20,308
25487.5,60,-6,327
25490.0,-19,-28,341
25492.5,-32,-66,321
25495.0,10,29,358
25497.5,58,8,404
25500.0,15,53,312
25502.5,-16,116,212
25505.0,293,133,314
25507.5,124,23,316
25510.0,-43,-53,294
25512.5,-63,-72,207
25515.0,-63,-72,207
25517.5,72,2,271
25520.0,0,7,411
25522.5,-46,-74,294
25525.0,66,28,211
25527.5,13,-13,211
25530.0,-33,-4,258
25532.5,-50,25,229
25535.0,13,17,396
25537.5,-56,-42,290
25540.0,-11,-33,373
25542.5,-96,-50,359
25545.0,122,-7,279
25547.5,37,-23,365
25550.0,49,-44,266
25552.5,83,0,225
25555.0,-31,-37,272
25557.5,-8,14,273
25560.0,5,10,358
25562.5,58,80,288
25565.0,58,80,288
25567.5,47,-10,252
25570.0,20,7,301
25572.5,13,2,312
25575.0,16,-7,249
25577.5,146,43,348
25580.0,48,-4,352
25582.5,6,-8,271
25585.0,-23,-34,378
25587.5,69,1,227
25590.0,-16,-35,302
25592.5,-1,-24,362
25595.0,50,29,292
25597.5,5,-26,260
25600.0,-32,-13,331
25602.5,-6,29,318
25605.0,37,10,356
25607.5,-52,-39,408
25610.0,-1,-8,308
25612.5,2,-35,351
25615.0,2,-35,351
25617.5,21,-5,291
25620.0,24,-35,283
25622.5,-20,-1,319
25625.0,23,-1,248
25627.5,17,-24,294
25630.0,35,1,294
25632.5,54,18,316
25635.0,-1,-41,330
25637.5,52,0,327
25640.0,96,-4,320
25642.5,33,-35,366
25645.0,-68,-71,293
25647.5,25,-16,262
25650.0,22,5,334
25652.5,18,30,289
25655.0,51,19,295
25657.5,1,-6,365
25660.0,90,71,148
25662.5,-32,-63,238
25665.0,-32,-63,238
25667.5,-87,-87,331
25670.0,13,-24,344
25672.5,20,-56,400
25675.0,-49,-5,397
25677.5,99,20,331
25680.0,77,-1,271
25682.5,13,-7,180
25685.0,-40,-15,239
25687.5,50,-4,430
25690.0,12,1,340
25692.5,-11,8,294
25695.0,-49,19,308
25697.5,61,-5,299
25700.0,-35,-7,381
25702.5,-60,-44,220
25705.0,19,29,285
25707.5,-40,14,232
25710.0,73,-96,313
25712.5,138,30,324
25715.0,138,30,324
25717.5,32,51,321
25720.0,-2,-1,382
25722.5,-29,-33,340
25725.0,95,29,188
25727.5,117,57,275
25730.0,22,-13,344
25732.5,-2,-16,320
25735.0,-12,-56,257
25737.5,-80,0,315
25740.0,31,-16,448
25742.5,-58,-53,378
25745.0,11,-19,383
25747.5,-62,-51,235
25750.0,-20,-38,262
25752.5,68,-5,197
25755.0,-78,-69,358
25757.5,-93,-20,366
25760.0,58,27,273
25762.5,28,-1,255
25765.0,28,-1,255
25767.5,-32,-16,263
25770.0,25,-45,384
25772.5,33,32,272
25775.0,-38,-52,289
25777.5,-45,-59,317
25780.0,15,-57,334
25782.5,3,15,262
25785.0,-55,-12,258
25787.5,25,-2,310
25790.0,49,-9,261
25792.5,10,11,280
25795.0,18,-19,330
25797.5,6,-12,333
25800.0,-14,-8,245
25802.5,87,8,349
25805.0,28,-19,334
25807.5,44,-27,214
25810.0,-12,-12,324
25812.5,-12,-12,324
25815.0,-58,-40,358
25817.5,31,22,293
25820.0,-33,-21,347
25822.5,27,-28,321
25825.0,57,10,253
25827.5,-47,-10,297
25830.0,-33,21,231
25832.5,-76,-44,394
25835.0,-47,-59,249
25837.5,-33,9,340
25840.0,109,9,399
25842.5,-79,-41,322
25845.0,54,14,155
25847.5,-26,-18,372
25850.0,33,1,270
25852.5,77,21,349
25855.0,-27,-28,279
25857.5,24,3,273
25860.0,17,8,340
25862.5,17,8,340
25865.0,34,-34,345
25867.5,42,0,298
25870.0,-12,-25,349
25872.5,52,-10,269
25875.0,51,57,247
25877.5,-20,-14,329
25880.0,-105,41,128
25882.5,-60,-38,351
25885.0,-45,-81,353
25887.5,13,-16,250
25890.0,22,15,337
25892.5,-19,-47,276
25895.0,42,6,248
25897.5,-4,-40,428
25900.0,45,-18,194
25902.5,48,10,165
25905.0,-28,-15,295
25907.5,35,-11,330
25910.0,27,-28,296
25912.5,27,-28,296
25915.0,24,21,286
25917.5,49,32,242
25920.0,-1,-21,424
25922.5,-4,-46,369
25925.0,98,-12,350
25927.5,-54,-51,266
25930.0,39,-57,293
25932.5,-7,-40,310
25935.0,-10,-83,305
25937.5,63,10,283
25940.0,-57,-41,307
25942.5,71,-25,268
25945.0,22,-16,262
25947.5,-22,-12,318
25950.0,-40,-31,282
25952.5,22,21,319
25955.0,26,6,367
25957.5,33,-39,281
25960.0,86,8,287
25962.5,86,8,287
25965.0,10,-9,264
25967.5,15,6,336
25970.0,-10,-56,352
25972.5,8,-20,332
25975.0,11,-58,363
25977.5,44,-5,350
25980.0,9,-56,344
25982.5,-44,-39,303
25985.0,31,-14,375
25987.5,39,-12,264
25990.0,32,-3,246
25992.5,-40,-46,285
25995.0,37,19,265
25997.5,-43,-46,305
26000.0,-64,-54,313
26002.5,45,17,290
26005.0,65,21,318
26007.5,48,41,306
26010.0,0,-53,309
26012.5,0,-53,309
26015.0,-47,-31,328
26017.5,5,-24,305
26020.0,-4,-13,263
26022.5,-17,-4,315
26025.0,13,-18,246
26027.5,41,22,286
26030.0,-41,-21,331
26032.5,-19,33,339
26035.0,81,15,323
26037.5,-89,-32,155
26040.0,-59,-73,238
26042.5,-18,10,348
26045.0,-109,-44,432
26047.5,-58,41,271
26050.0,-1,-51,424
26052.5,88,47,158
26055.0,2,3,275
26057.5,-81,-54,272
26060.0,48,8,412
26062.5,48,8,412
26065.0,18,20,384
26067.5,34,-21,210
26070.0,38,11,300
26072.5,47,26,344
26075.0,20,22,259
26077.5,66,-18,274
26080.0,-3,-22,232
26082.5,55,-8,313
26085.0,129,59,117
26087.5,128,122,263
26090.0,-75,-99,375
26092.5,-38,-36,283
26095.0,16,-33,350
26097.5,59,20,242
26100.0,-20,-12,204
26102.5,24,-18,233
26105.0,-8,1,396
26107.5,-28,4,409
26110.0,-39,-20,254
26112.5,-39,-20,254
26115.0,112,6,334
26117.5,23,-38,244
26120.0,-40,-12,192
26122.5,45,-18,304
26125.0,-74,-75,399
26127.5,38,16,371
26130.0,16,-56,400
26132.5,-22,7,329
26135.0,78,15,323
26137.5,-24,-5,269
26140.0,-47,-64,223
26142.5,-37,24,297
26145.0,1,-47,190
26147.5,-49,-36,285
26150.0,86,81,341
26152.5,60,42,348
26155.0,-70,-44,376
26157.5,-15,-13,265
26160.0,-17,4,356
26162.5,-17,4,356
26165.0,126,19,258
26167.5,41,36,256
26170.0,20,-15,257
26172.5,4,-8,354
26175.0,71,8,242
26177.5,-12,-43,268
26180.0,-17,-40,346
26182.5,38,55,233
26185.0,15,-4,315
26187.5,42,-9,266
26190.0,-11,-38,334
26192.5,-18,-7,344
26195.0,40,18,271
26197.5,5,-7,329
26200.0,38,19,283
26202.5,37,7,276
26205.0,-8,-15,307
26207.5,8,6,267
26210.0,72,-39,240
26212.5,72,-39,240
26215.0,66,46,386
26217.5,53,-24,255
26220.0,-152,-4,319
26222.5,-89,-84,405
26225.0,24,14,311
26227.5,30,12,176
26230.0,21,-26,203
26232.5,0,10,364
26235.0,-33,-21,374
26237.5,3,-18,305
26240.0,-21,-8,302
26242.5,-25,-60,311
26245.0,37,64,281
26247.5,-55,-57,356
26250.0,74,-29,229
26252.5,24,13,271
26255.0,-2,5,303
26257.5,39,40,365
26260.0,39,40,365
26262.5,-27,32,344
26265.0,-211,-67,332
26267.5,141,63,319
26270.0,-309,-91,426
26272.5,-35,-19,314
26275.0,43,-40,200
26277.5,-13,-23,245
26280.0,63,-30,217
26282.5,91,30,313
26285.0,-13,-15,224
26287.5,-10,-12,246
26290.0,-4,-32,313
26292.5,-73,-84,420
26295.0,-12,23,263
26297.5,38,-34,288
26300.0,-98,-68,372
26302.5,-15,-27,320
26305.0,110,83,189
26307.5,-45,35,302
26310.0,-45,35,302
26312.5,21,-83,329
26315.0,54,50,371
26317.5,6,-58,343
26320.0,-6,4,292
26322.5,37,13,345
26325.0,9,-19,290
26327.5,-60,-24,389
26330.0,-12,-70,298
26332.5,37,-5,242
26335.0,-40,-39,308
26337.5,16,-22,335
26340.0,17,-30,355
26342.5,8,-40,275
26345.0,41,-40,324
26347.5,85,41,270
26350.0,16,-18,314
26352.5,36,-3,294
26355.0,-36,-26,309
26357.5,16,-38,351
26360.0,16,-38,351
26362.5,22,-29,287
26365.0,-15,-27,336
26367.5,20,13,203
26370.0,-25,-68,307
26372.5,-60,-61,318
26375.0,29,-15,267
26377.5,20,14,292
26380.0,3,-37,321
26382.5,70,13,303
26385.0,-6,-33,345
26387.5,31,-9,330
26390.0,73,26,270
26392.5,14,-59,332
26395.0,34,-20,254
26397.5,65,10,219
26400.0,28,25,339
26402.5,-8,-13,246
26405.0,-10,-50,290
26407.5,20,9,319
26410.0,20,9,319
26412.5,4,-39,279
26415.0,-2,17,331
26417.5,30,-9,440
26420.0,63,1,251
26422.5,19,32,247
26425.0,16,-42,343
26427.5,-36,-50,463
26430.0,-26,-16,386
26432.5,4,-19,245
26435.0,113,72,192
26437.5,-47,-29,257
26440.0,69,14,298
26442.5,105,-1,413
26445.0,70,22,313
26447.5,75,-5,186
26450.0,66,-13,310
26452.5,-21,-67,278
26455.0,11,-25,338
26457.5,4,-23,304
26460.0,4,-23,304
26462.5,27,-1,226
26465.0,21,100,316
26467.5,-30,-40,379
26470.0,10,1,451
26472.5,26,11,402
26475.0,-20,-2,260
26477.5,-10,-16,212
26480.0,22,-13,231
26482.5,29,-24,309
26485.0,40,-13,418
26487.5,4,-14,331
26490.0,19,49,192
26492.5,-132,-137,212
26495.0,-72,-41,286
26497.5,64,-35,314
26500.0,-10,-22,331
26502.5,49,19,297
26505.0,126,76,307
26507.5,-32,-6,384
26510.0,-32,-6,384
26512.5,152,58,207
26515.0,-11,-54,369
26517.5,-8,-11,248
26520.0,149,17,335
26522.5,9,8,123
26525.0,53,-20,198
26527.5,-20,34,372
26530.0,-27,-33,292
26532.5,-43,-46,309
26535.0,-27,-15,305
26537.5,-40,-94,343
26540.0,102,24,275
26542.5,6,-17,341
26545.0,23,8,272
26547.5,-42,12,380
26550.0,25,-61,310
26552.5,78,0,324
26555.0,8,-20,328
26557.5,0,11,244
26560.0,0,11,244
26562.5,35,5,218
26565.0,40,-17,319
26567.5,13,-14,317
26570.0,6,-5,344
26572.5,-47,-10,316
26575.0,33,-15,263
26577.5,-45,-37,331
26580.0,60,17,281
26582.5,69,-6,369
26585.0,7,11,212
26587.5,-7,-98,204
26590.0,-83,11,350
26592.5,-120,14,435
26595.0,-55,4,351
26597.5,-2,-9,366
26600.0,26,-9,177
26602.5,21,-53,358
26605.0,-14,-33,318
26607.5,41,7,311
26610.0,41,7,311
26612.5,-17,14,288
26615.0,6,-39,312
26617.5,45,0,371
26620.0,-16,9,370
26622.5,-2,-19,256
26625.0,37,-9,237
26627.5,-99,-42,321
26630.0,-43,-34,333
26632.5,-54,-5,229
26635.0,52,74,370
26637.5,198,50,291
26640.0,-14,-60,438
26642.5,5,-53,345
26645.0,30,-32,275
26647.5,-24,-36,279
26650.0,23,17,287
26652.5,15,7,341
26655.0,-41,-17,256
26657.5,-9,-38,230
26660.0,-9,-38,230
26662.5,12,24,328
26665.0,-9,16,327
26667.5,-33,-58,320
26670.0,17,-28,402
26672.5,-102,-72,271
26675.0,18,30,230
26677.5,-15,-11,331
26680.0,86,68,264
26682.5,-86,-18,293
26685.0,1,-9,313
26687.5,16,-17,302
26690.0,-48,-15,307
26692.5,36,-44,295
26695.0,-57,-33,308
26697.5,4,-13,271
26700.0,-10,-20,271
26702.5,5,-22,262
26705.0,8,3,350
26707.5,39,-3,327
26710.0,39,-3,327
26712.5,-11,-54,330
26715.0,29,-3,315
26717.5,83,-7,216
26720.0,-8,-66,354
26722.5,-83,-39,342
26725.0,-26,-54,358
26727.5,-8,-18,289
26730.0,49,-28,327
26732.5,28,-6,306
26735.0,0,-33,342
26737.5,45,0,283
26740.0,6,-16,219
26742.5,-32,-32,318
26745.0,53,17,230
26747.5,24,-16,304
26750.0,8,16,320
26752.5,22,-4,286
26755.0,-63,-68,289
26757.5,-65,-9,325
26760.0,-65,-9,325
26762.5,-12,-15,302
26765.0,-48,-46,342
26767.5,-4,-28,310
26770.0,81,23,249
26772.5,28,-17,323
26775.0,80,30,272
26777.5,63,-17,302
26780.0,49,13,312
26782.5,22,7,259
26785.0,49,59,311
26787.5,6,-3,306
26790.0,-79,3,473
26792.5,12,46,326
26795.0,155,-14,248
26797.5,66,3,374
26800.0,-32,-64,466
26802.5,5,-6,321
26805.0,108,36,276
26807.5,108,36,276
26810.0,4,-18,135
26812.5,-47,-19,234
26815.0,29,28,293
26817.5,22,32,456
26820.0,24,-15,276
26822.5,-11,-19,324
26825.0,19,-42,233
26827.5,105,43,243
26830.0,3,-10,281
26832.5,-28,-45,283
26835.0,20,-7,291
26837.5,-97,-41,322
26840.0,95,71,368
26842.5,114,18,422
26845.0,50,-6,298
26847.5,5,7,304
26850.0,-5,-41,165
26852.5,2,8,219
26855.0,29,-7,307
26857.5,29,-7,307
26860.0,-14,16,389
26862.5,9,-29,354
26865.0,6,0,312
26867.5,49,-39,302
26870.0,4,19,319
26872.5,-3,-37,268
26875.0,-21,-38,305
26877.5,-6,-67,378
26880.0,-74,-37,359
26882.5,14,-22,436
26885.0,54,-11,326
26887.5,-55,-59,251
26890.0,-10,-30,263
26892.5,-61,-37,291
26895.0,9,40,188
26897.5,-35,-81,342
26900.0,-38,-35,293
26902.5,-54,-32,345
26905.0,4,-10,396
26907.5,4,-10,396
26910.0,-59,-68,341
26912.5,4,46,259
26915.0,-25,-80,337
26917.5,6,-41,230
26920.0,19,-12,314
26922.5,-14,-2,315
26925.0,21,0,354
26927.5,21,-14,309
26930.0,25,-57,382
26932.5,10,-4,250
26935.0,-36,-13,309
26937.5,16,5,255
26940.0,27,17,337
26942.5,-49,-23,363
26945.0,83,18,337
26947.5,5,14,351
26950.0,32,5,296
26952.5,45,-7,243
26955.0,69,-1,314
26957.5,69,-1,314
26960.0,65,16,257
26962.5,16,9,300
26965.0,99,-20,225
26967.5,50,-23,297
26970.0,-208,-64,361
26972.5,-16,64,469
26975.0,144,20,269
26977.5,56,39,222
26980.0,51,12,195
26982.5,-14,-1,272
26985.0,-16,-1,382
26987.5,83,31,351
26990.0,4,-14,292
26992.5,51,25,274
26995.0,-5,-22,364
26997.5,-25,-40,399
27000.0,85,26,260
27002.5,61,96,214
27005.0,-90,-50,284
27007.5,-90,-50,284
27010.0,59,-53,336
27012.5,166,97,315
27015.0,74,67,454
27017.5,-7,6,361
27020.0,-15,4,350
27022.5,29,-8,195
27025.0,95,45,263
27027.5,-1,19,364
27030.0,12,-28,218
27032.5,32,20,340
27035.0,-16,-4,330
27037.5,25,9,260
27040.0,10,-60,399
27042.5,-11,-53,320
27045.0,89,52,345
27047.5,-43,-51,348
27050.0,-21,-59,290
27052.5,3,-23,378
27055.0,54,54,265
27057.5,54,54,265
27060.0,55,17,266
27062.5,-17,-27,338
27065.0,-11,-42,297
27067.5,20,-15,313
27070.0,-26,-21,276
27072.5,35,-42,398
27075.0,83,18,256
27077.5,13,14,418
27080.0,110,8,240
27082.5,82,28,216
27085.0,-73,-8,301
27087.5,-61,-44,287
27090.0,-1,-13,330
27092.5,-14,11,297
27095.0,35,0,277
27097.5,0,-16,307
27100.0,-39,-9,342
27102.5,-74,3,290
27105.0,17,18,323
27107.5,17,18,323
27110.0,32,-35,326
27112.5,23,9,329
27115.0,-42,-24,384
27117.5,35,8,265
27120.0,64,42,274
27122.5,-48,-47,323
27125.0,42,18,253
27127.5,-14,-37,317
27130.0,36,32,318
27132.5,-13,-12,305
27135.0,-34,-40,332
27137.5,-24,-48,312
27140.0,1,7,308
27142.5,-40,-62,365
27145.0,70,30,251
27147.5,25,22,240
27150.0,-59,-39,290
27152.5,3,-4,265
27155.0,33,1,312
27157.5,33,1,312
27160.0,4,32,333
27162.5,-11,-34,305
27165.0,-31,-65,343
27167.5,13,-26,418
27170.0,59,3,124
27172.5,-32,-57,316
27175.0,17,23,236
27177.5,16,28,342
27180.0,4,-44,408
27182.5,19,-33,263
27185.0,-9,2,373
27187.5,-78,-30,350
27190.0,-7,-3,209
27192.5,33,2,348
27195.0,-36,-60,421
27197.5,74,28,314
27200.0,55,19,309
27202.5,-1,-9,229
27205.0,-1,-9,229
27207.5,-46,-27,278
27210.0,-62,-16,285
27212.5,-21,20,278
27215.0,6,-33,305
27217.5,17,-34,217
27220.0,37,36,394
27222.5,-7,-24,461
27225.0,21,-45,336
27227.5,86,15,310
27230.0,25,-14,120
27232.5,16,-2,236
27235.0,32,-10,380
27237.5,38,23,317
27240.0,43,26,304
27242.5,29,37,281
27245.0,-19,-5,233
27247.5,25,2,338
27250.0,-20,3,320
27252.5,64,5,208
27255.0,64,5,208
27257.5,2,-17,412
27260.0,-57,24,339
27262.5,59,16,287
27265.0,62,13,359
27267.5,-26,-2,245
27270.0,-77,-46,294
27272.5,-94,-54,375
27275.0,69,2,186
27277.5,-59,-46,374
27280.0,8,85,334
27282.5,6,-19,370
27285.0,46,18,316
27287.5,11,1,258
27290.0,-79,-10,315
27292.5,75,9,292
27295.0,51,19,341
27297.5,-30,-18,351
27300.0,23,2,299
27302.5,41,9,298
27305.0,41,9,298
27307.5,-90,-42,354
27310.0,25,-76,195
27312.5,71,25,255
27315.0,43,-32,322
27317.5,42,-26,328
27320.0,-16,-24,322
27322.5,-7,-45,334
27325.0,47,-11,282
27327.5,-31,-16,375
27330.0,4,-34,237
27332.5,-7,-1,306
27335.0,4,14,302
27337.5,57,-44,271
27340.0,-221,-129,176
27342.5,40,-31,380
27345.0,61,39,337
27347.5,-3,-4,395
27350.0,17,-51,214
27352.5,58,20,202
27355.0,58,20,202
27357.5,-49,-31,302
27360.0,5,-3,291
27362.5,34,9,324
27365.0,-21,-26,294
27367.5,-19,-19,274
27370.0,7,-36,368
27372.5,18,24,265
27375.0,54,10,320
27377.5,-16,-32,270
27380.0,31,2,275
27382.5,4,26,307
27385.0,37,-3,262
27387.5,34,-44,250
27390.0,140,67,301
27392.5,174,-46,367
27395.0,68,-16,292
27397.5,39,-10,240
27400.0,73,-11,120
27402.5,62,-30,245
27405.0,62,-30,245
27407.5,-34,-20,394
27410.0,15,33,332
27412.5,-56,27,213
27415.0,-1,-19,332
27417.5,92,2,352
27420.0,-28,34,286
27422.5,-3,-17,320
27425.0,-32,-2,206
27427.5,44,-12,316
27430.0,99,11,303
27432.5,-75,3,299
27435.0,-5,-33,315
27437.5,2,-79,361
27440.0,-69,-8,327
27442.5,-23,-65,363
27445.0,81,21,304
27447.5,33,18,302
27450.0,17,-6,317
27452.5,128,15,240
27455.0,128,15,240
27457.5,52,36,283
27460.0,-14,-46,250
27462.5,35,8,295
27465.0,-6,-28,287
27467.5,44,-32,240
27470.0,76,65,340
27472.5,-15,35,333
27475.0,-23,-23,263
27477.5,34,-30,287
27480.0,-61,6,277
27482.5,17,9,256
27485.0,46,41,308
27487.5,12,-39,286
27490.0,29,2,253
27492.5,27,-35,324
27495.0,25,12,260
27497.5,17,-10,318
27500.0,51,19,287
27502.5,55,24,296
27505.0,55,24,296
27507.5,24,25,333
27510.0,27,-2,346
27512.5,73,-7,315
27515.0,-34,-35,332
27517.5,50,35,332
27520.0,34,-46,259
27522.5,31,24,337
27525.0,18,-26,241
27527.5,-36,-25,287
27530.0,12,-7,323
27532.5,22,-2,304
27535.0,15,22,291
27537.5,23,-29,353
27540.0,89,41,280
27542.5,56,16,275
27545.0,78,56,211
27547.5,107,82,245
27550.0,-90,-29,346
27552.5,-48,42,323
27555.0,-48,42,323
27557.5,62,35,318
27560.0,-3,-4,262
27562.5,10,13,197
27565.0,-29,-17,221
27567.5,-110,-28,435
27570.0,-14,-23,296
27572.5,19,-11,295
27575.0,24,1,255
27577.5,78,13,304
27580.0,28,-26,362
27582.5,55,11,276
27585.0,36,56,259
27587.5,-35,-26,200
27590.0,30,-41,282
27592.5,-44,-28,511
27595.0,0,-2,415
27597.5,80,20,337
27600.0,-11,-37,371
27602.5,-11,-37,371
27605.0,46,9,48
27607.5,38,25,223
27610.0,-69,-41,335
27612.5,-47,-55,407
27615.0,28,17,324
27617.5,-2,27,333
27620.0,51,2,257
27622.5,38,24,308
27625.0,-37,-61,341
27627.5,-52,4,271
27630.0,29,-23,286
27632.5,37,0,319
27635.0,-4,7,230
27637.5,21,-49,219
27640.0,12,-1,247
27642.5,-60,-60,295
27645.0,76,-14,267
27647.5,-5,22,327
27650.0,-15,21,299
27652.5,-15,21,299
27655.0,-43,-18,477
27657.5,25,50,391
27660.0,-56,28,277
27662.5,25,-27,217
27665.0,-2,-3,356
27667.5,-30,-15,249
27670.0,-15,-41,242
27672.5,19,-40,343
27675.0,-39,-84,389
27677.5,68,40,302
27680.0,-30,-34,321
27682.5,-40,17,310
27685.0,-5,-38,256
27687.5,29,-11,301
27690.0,20,-14,274
27692.5,-5,4,345
27695.0,-12,23,278
27697.5,-4,-31,313
27700.0,-2,-40,339
27702.5,-2,-40,339
27705.0,4,-12,261
27707.5,-34,-50,338
27710.0,87,-11,252
27712.5,46,-26,319
27715.0,-11,-12,347
27717.5,75,-14,220
27720.0,119,-101,355
27722.5,94,-5,295
27725.0,52,-140,418
27727.5,-29,-22,387
27730.0,53,-20,150
27732.5,25,21,285
27735.0,-66,-34,292
27737.5,32,-2,317
27740.0,35,23,319
27742.5,11,-7,258
27745.0,59,33,230
27747.5,23,3,352
27750.0,22,-6,232
27752.5,22,-6,232
27755.0,23,-39,321
27757.5,-33,-28,298
27760.0,-4,-38,442
27762.5,26,-20,254
27765.0,-53,-61,281
27767.5,-128,-53,284
27770.0,177,1,382
27772.5,101,60,204
27775.0,10,9,156
27777.5,7,-18,265
27780.0,-8,-21,323
27782.5,45,22,332
27785.0,-14,-14,292
27787.5,19,19,292
27790.0,70,2,323
27792.5,30,18,374
27795.0,42,-27,301
27797.5,63,7,344
27800.0,-17,-51,230
27802.5,-17,-51,230
27805.0,64,-26,282
27807.5,4,-79,327
27810.0,44,-6,264
27812.5,12,9,307
27815.0,8,2,329
27817.5,29,6,331
27820.0,-14,-29,323
27822.5,-13,-4,376
27825.0,28,17,346
27827.5,-57,-14,311
27830.0,-23,-65,325
27832.5,0,-13,304
27835.0,22,54,358
27837.5,7,-7,212
27840.0,71,-20,285
27842.5,66,12,354
27845.0,16,-8,250
27847.5,13,31,295
27850.0,13,41,322
27852.5,13,41,322
27855.0,-6,-24,296
27857.5,30,2,331
27860.0,51,-7,310
27862.5,6,-23,312
27865.0,-16,3,312
27867.5,-18,-25,254
27870.0,18,18,285
27872.5,-65,-21,319
27875.0,22,18,255
27877.5,13,-3,328
27880.0,-37,-11,331
27882.5,28,12,279
27885.0,-13,-40,368
27887.5,8,-2,325
27890.0,-13,-26,297
27892.5,2,13,315
27895.0,73,31,288
27897.5,43,31,207
27900.0,-43,-69,349
27902.5,-43,-69,349
27905.0,9,-16,233
27907.5,-52,-21,277
27910.0,17,1,316
27912.5,37,11,302
27915.0,4,-8,339
27917.5,50,-3,367
27920.0,23,-15,286
27922.5,-76,-98,339
27925.0,-78,-14,321
27927.5,71,27,184
27930.0,114,102,297
27932.5,-42,-14,292
27935.0,32,10,336
27937.5,-9,-47,312
27940.0,45,38,278
27942.5,-5,-17,195
27945.0,-103,-38,288
27947.5,11,-20,338
27950.0,-15,1,511
27952.5,-15,1,511
27955.0,-16,8,301
27957.5,-20,-1,269
27960.0,36,-20,253
27962.5,19,-17,307
27965.0,25,-61,273
27967.5,-20,-59,329
27970.0,70,-16,242
27972.5,-2,60,415
27975.0,-1,-5,359
27977.5,122,36,287
27980.0,-30,-29,414
27982.5,81,38,194
27985.0,32,0,269
27987.5,-9,-13,214
27990.0,-16,0,325
27992.5,44,-32,392
27995.0,-91,-50,296
27997.5,54,47,384
28000.0,50,7,404
28002.5,50,7,404
28005.0,29,1,235
28007.5,-13,-5,331
28010.0,-31,-58,265
28012.5,32,33,276
28015.0,57,18,242
28017.5,24,-45,255
28020.0,41,-4,313
28022.5,-20,-2,311
28025.0,49,29,236
28027.5,49,-6,349
28030.0,-66,-60,441
28032.5,6,-10,369
28035.0,-24,-42,341
28037.5,61,35,297
28040.0,5,-52,267
28042.5,-40,-22,263
28045.0,-12,-39,200
28047.5,62,16,376
28050.0,62,16,376
28052.5,35,-35,318
28055.0,-19,47,244
28057.5,1,-33,319
28060.0,13,3,333
28062.5,14,-11,282
28065.0,-28,-2,246
28067.5,10,8,221
28070.0,26,15,312
28072.5,-35,-48,311
28075.0,1,7,240
28077.5,-24,8,364
28080.0,-13,-41,293
28082.5,24,4,270
28085.0,-4,2,313
28087.5,-8,-10,287
28090.0,-14,-5,307
28092.5,-37,-39,252
28095.0,-90,-90,221
28097.5,98,-15,388
28100.0,98,-15,388
28102.5,-102,-117,438
28105.0,9,5,409
28107.5,10,-2,206
28110.0,96,17,200
28112.5,3,-29,314
28115.0,22,-46,341
28117.5,64,26,332
28120.0,17,8,313
28122.5,41,40,269
28125.0,39,20,289
28127.5,-66,-31,322
28130.0,31,-32,252
28132.5,45,2,289
28135.0,5,24,266
28137.5,12,-36,345
28140.0,-9,9,246
28142.5,129,90,311
28145.0,83,6,233
28147.5,-13,-64,306
28150.0,-13,-64,306
28152.5,5,8,268
28155.0,43,-4,393
28157.5,-33,-37,196
28160.0,94,30,238
28162.5,75,24,441
28165.0,11,47,241
28167.5,-22,-32,236
28170.0,25,16,343
28172.5,46,-24,330
28175.0,116,40,236
28177.5,-15,-27,348
28180.0,13,-8,348
28182.5,-99,37,226
28185.0,-48,64,342
28187.5,70,-21,275
28190.0,-34,-57,268
28192.5,-14,2,274
28195.0,41,3,322
28197.5,3,5,340
28200.0,3,5,340
28202.5,45,1,327
28205.0,-1,-30,251
28207.5,-40,-3,349
28210.0,-61,-25,354
28212.5,86,19,316
28215.0,-54,61,288
28217.5,74,26,262
28220.0,18,-23,311
28222.5,-98,-50,400
28225.0,11,8,348
28227.5,-1,-45,342
28230.0,-44,-29,324
28232.5,43,21,274
28235.0,-14,17,322
28237.5,9,-42,271
28240.0,46,28,235
28242.5,-18,-8,327
28245.0,25,-18,275
28247.5,0,-4,263
28250.0,0,-4,263
28252.5,-14,-6,296
28255.0,44,12,286
28257.5,-20,-24,329
28260.0,9,-17,353
28262.5,23,-18,319
28265.0,-14,-66,344
28267.5,13,-29,341
28270.0,31,-24,325
28272.5,-27,-22,347
28275.0,22,7,267
28277.5,60,3,251
28280.0,-21,-10,315
28282.5,11,-3,270
28285.0,-10,-20,300
28287.5,32,6,342
28290.0,-17,14,322
28292.5,27,-27,362
28295.0,6,-29,346
28297.5,93,-4,234
28300.0,93,-4,234
28302.5,23,-27,285
28305.0,-72,-10,175
28307.5,73,-95,368
28310.0,-5,-33,287
28312.5,-70,-100,405
28315.0,41,37,408
28317.5,15,-8,250
28320.0,-20,-18,168
28322.5,-24,-6,250
28325.0,74,-26,365
28327.5,12,16,368
28330.0,-39,-38,357
28332.5,54,13,222
28335.0,84,24,262
28337.5,-17,-58,324
28340.0,2,41,294
28342.5,-11,-32,296
28345.0,34,-43,321
28347.5,19,-23,511
28350.0,19,-23,511
28352.5,48,6,428
28355.0,-29,-34,404
28357.5,-23,-39,338
28360.0,-20,-51,357
28362.5,34,7,222
28365.0,47,8,234
28367.5,-43,-4,358
28370.0,41,-72,359
28372.5,-34,-1,314
28375.0,-21,-54,229
28377.5,90,-18,197
28380.0,28,-1,283
28382.5,-43,-26,318
28385.0,-11,-12,418
28387.5,29,10,309
28390.0,36,-19,220
28392.5,46,-21,189
28395.0,51,60,311
28397.5,79,-41,341
28400.0,79,-41,341
28402.5,34,22,234
28405.0,80,92,297
28407.5,-59,-56,374
28410.0,99,-55,339
28412.5,-4,-12,360
28415.0,13,-28,347
28417.5,-7,-35,241
28420.0,46,-39,238
28422.5,34,18,329
28425.0,6,-22,255
28427.5,-23,-37,348
28430.0,-36,-35,325
28432.5,65,-8,345
28435.0,34,-24,354
28437.5,39,0,271
28440.0,93,15,268
28442.5,61,16,303
28445.0,8,-24,268
28447.5,-5,-27,359
28450.0,-5,-27,359
28452.5,9,-47,351
28455.0,14,-11,310
28457.5,-35,-32,328
28460.0,-11,-11,243
28462.5,35,15,283
28465.0,-33,-23,307
28467.5,7,-13,277
28470.0,232,85,291
28472.5,19,3,211
28475.0,40,22,363
28477.5,-182,-79,455
28480.0,85,28,263
28482.5,24,5,215
28485.0,21,-4,242
28487.5,5,-24,276
28490.0,-25,-15,375
28492.5,-84,2,303
28495.0,-28,-18,288
28497.5,-28,-18,288
28500.0,10,-21,352
28502.5,-30,-53,338
28505.0,42,-3,258
28507.5,-86,-18,268
28510.0,90,33,281
28512.5,28,30,259
28515.0,-5,-63,356
28517.5,-206,-134,262
28520.0,12,14,315
28522.5,5,-66,437
28525.0,6,-84,297
28527.5,19,-1,289
28530.0,-13,-23,280
28532.5,68,8,310
28535.0,19,-36,329
28537.5,65,34,229
28540.0,-50,-24,303
28542.5,-43,-35,326
28545.0,83,4,339
28547.5,83,4,339
28550.0,-87,-15,232
28552.5,-9,-68,291
28555.0,-33,-30,327
28557.5,-27,-47,297
28560.0,79,-34,345
28562.5,22,9,297
28565.0,5,15,384
28567.5,91,26,310
28570.0,-42,-47,361
28572.5,13,30,302
28575.0,54,-15,285
28577.5,-40,-20,360
28580.0,-40,-66,338
28582.5,-21,-5,292
28585.0,-105,-63,395
28587.5,87,16,380
28590.0,52,-29,283
28592.5,30,-31,235
28595.0,44,18,226
28597.5,44,18,226
28600.0,18,4,340
28602.5,-15,-31,321
28605.0,123,25,335
28607.5,-36,-28,342
28610.0,37,17,343
28612.5,-29,3,298
28615.0,26,-1,399
28617.5,-21,-32,269
28620.0,-36,27,266
28622.5,-41,-13,374
28625.0,16,1,240
28627.5,36,-17,283
28630.0,17,-35,274
28632.5,45,15,274
28635.0,2,8,350
28637.5,-62,-7,309
28640.0,20,-9,321
28642.5,-1,-7,309
28645.0,-16,-5,317
28647.5,-16,-5,317
28650.0,-48,-40,255
28652.5,-3,-5,319
28655.0,45,7,230
28657.5,61,-14,262
28660.0,20,-3,297
28662.5,12,21,277
28665.0,26,-2,310
28667.5,-49,23,311
28670.0,30,-12,332
28672.5,6,-44,366
28675.0,113,48,273
28677.5,3,-48,324
28680.0,30,-36,226
28682.5,53,-5,72
28685.0,67,-35,277
28687.5,39,13,404
28690.0,40,-8,309
28692.5,-4,-9,290
28695.0,-18,13,243
28697.5,-18,13,243
28700.0,-17,-18,210
28702.5,25,-25,335
28705.0,-32,-30,376
28707.5,137,2,231
28710.0,-19,-42,241
28712.5,24,-11,255
28715.0,56,6,333
28717.5,-70,5,266
28720.0,13,-2,252
28722.5,4,-62,333
28725.0,-39,-92,474
28727.5,59,9,387
28730.0,22,-45,480
28732.5,28,-15,366
28735.0,43,7,288
28737.5,22,6,110
28740.0,37,-5,225
28742.5,-37,-54,397
28745.0,22,-14,341
28747.5,22,-14,341
28750.0,20,38,251
28752.5,50,-1,327
28755.0,18,-19,256
28757.5,-36,-23,305
28760.0,-34,-39,404
28762.5,-5,36,345
28765.0,-58,-84,255
28767.5,47,26,302
28770.0,89,22,275
28772.5,36,-7,318
28775.0,80,57,241
28777.5,0,-18,224
28780.0,-11,-10,274
28782.5,39,-32,155
28785.0,-33,-6,290
28787.5,-61,-2,440
28790.0,6,-22,267
28792.5,9,-25,281
28795.0,69,9,254
28797.5,69,9,254
28800.0,-44,-62,414
28802.5,26,57,311
28805.0,38,1,350
28807.5,-1,-1,297
28810.0,-36,-42,335
28812.5,55,2,275
28815.0,-38,-34,424
28817.5,78,26,253
28820.0,65,-9,297
28822.5,11,14,271
28825.0,-18,-26,311
28827.5,-37,-20,352
28830.0,22,19,313
28832.5,25,-21,288
28835.0,-7,-30,362
28837.5,14,-16,282
28840.0,48,0,313
28842.5,-48,14,325
28845.0,128,21,354
28847.5,128,21,354
28850.0,-176,-80,255
28852.5,203,62,372
28855.0,118,74,335
28857.5,-26,-15,347
28860.0,57,-33,138
28862.5,18,7,304
28865.0,-54,-51,317
28867.5,70,-11,328
28870.0,34,5,307
28872.5,-2,-14,323
28875.0,34,-3,299
28877.5,4,6,349
28880.0,83,0,239
28882.5,77,27,312
28885.0,-49,-59,296
28887.5,81,34,256
28890.0,49,9,293
28892.5,-60,48,275
28895.0,-115,-64,316
28897.5,-115,-64,316
28900.0,-176,12,372
28902.5,56,39,310
28905.0,-27,-45,315
28907.5,-22,10,206
28910.0,55,3,216
28912.5,94,30,395
28915.0,17,24,294
28917.5,35,-6,298
28920.0,14,50,293
28922.5,-25,-60,382
28925.0,-44,-2,297
28927.5,-185,-161,271
28930.0,6,-26,297
28932.5,17,-36,323
28935.0,4,-74,249
28937.5,-1,7,258
28940.0,31,-3,261
28942.5,20,-14,321
28945.0,35,24,264
28947.5,35,24,264
28950.0,-77,-86,332
28952.5,-17,36,341
28955.0,-30,14,283
28957.5,0,-15,347
28960.0,5,-22,333
28962.5,22,50,274
28965.0,-64,-44,334
28967.5,-3,-37,257
28970.0,1,-80,360
28972.5,-43,-5,266
28975.0,27,-71,302
28977.5,17,23,316
28980.0,-35,-37,302
28982.5,5,-3,335
28985.0,-68,-34,355
28987.5,27,21,325
28990.0,26,0,286
28992.5,-34,-30,365
28995.0,0,-40,246
28997.5,0,-40,246
29000.0,24,14,276
29002.5,-21,-6,301
29005.0,38,26,274
29007.5,28,43,303
29010.0,1,18,325
29012.5,-15,-17,326
29015.0,-21,-12,348
29017.5,32,-16,341
29020.0,-12,-41,350
29022.5,-43,-30,370
29025.0,55,10,260
29027.5,37,-1,252
29030.0,-106,-60,320
29032.5,21,-10,244
29035.0,39,21,311
29037.5,22,-23,330
29040.0,49,6,306
29042.5,47,24,343
29045.0,47,24,343
29047.5,-12,-12,343
29050.0,-131,-63,239
29052.5,-94,-70,364
29055.0,-108,17,411
29057.5,-59,-41,329
29060.0,9,-1,400
29062.5,24,-3,297
29065.0,28,-42,327
29067.5,10,-27,312
29070.0,-9,-36,163
29072.5,-10,-16,277
29075.0,-30,1,379
29077.5,42,8,447
29080.0,-55,-2,253
29082.5,-4,-9,197
29085.0,109,58,231
29087.5,-47,-12,317
29090.0,27,-7,251
29092.5,-16,15,265
29095.0,-16,15,265
29097.5,-58,-85,353
29100.0,76,27,351
29102.5,-81,0,469
29105.0,-119,-85,402
29107.5,68,49,290
29110.0,-21,-5,460
29112.5,-28,-21,289
29115.0,-31,-40,206
29117.5,9,14,265
29120.0,34,2,391
29122.5,56,-30,398
29125.0,50,41,247
29127.5,14,-4,250
29130.0,48,19,300
29132.5,-31,2,324
29135.0,-1,-11,430
29137.5,-59,38,275
29140.0,0,12,131
29142.5,-128,20,351
29145.0,-128,20,351
29147.5,3,-19,325
29150.0,78,3,301
29152.5,10,-5,315
29155.0,19,58,194
29157.5,9,-10,321
29160.0,25,5,287
29162.5,-2,38,313
29165.0,-10,-15,325
29167.5,-40,1,343
29170.0,112,20,248
29172.5,-3,10,340
29175.0,14,-58,159
29177.5,35,-14,264
29180.0,17,-44,356
29182.5,28,10,312
29185.0,29,3,357
29187.5,9,-17,310
29190.0,17,20,414
29192.5,7,16,348
29195.0,7,16,348
29197.5,-22,41,249
29200.0,3,-19,330
29202.5,-51,-10,306
29205.0,15,-38,330
29207.5,-61,-32,292
29210.0,18,3,326
29212.5,93,5,296
29215.0,-4,-33,303
29217.5,50,5,260
29220.0,44,8,335
29222.5,-41,-27,318
29225.0,20,-13,283
29227.5,-40,-36,308
29230.0,38,-79,287
29232.5,-24,74,418
29235.0,-179,0,225
29237.5,173,30,391
29240.0,59,24,318
29242.5,-58,-43,351
29245.0,-58,-43,351
29247.5,127,41,137
29250.0,9,0,376
29252.5,38,-20,270
29255.0,30,12,427
29257.5,-43,-19,371
29260.0,10,-62,210
29262.5,13,0,310
29265.0,-16,-23,248
29267.5,18,-6,300
29270.0,-9,-32,309
29272.5,-28,-12,297
29275.0,41,-14,393
29277.5,-20,-1,359
29280.0,29,10,281
29282.5,-31,-12,329
29285.0,-16,-31,324
29287.5,222,-65,279
29290.0,68,61,300
29292.5,-70,-122,438
29295.0,-70,-122,438
29297.5,-14,2,441
29300.0,-21,-15,199
29302.5,58,-39,234
29305.0,113,12,326
29307.5,-39,-18,439
29310.0,-60,-43,230
29312.5,59,21,249
29315.0,-47,-37,320
29317.5,20,34,285
29320.0,72,-15,326
29322.5,42,-1,264
29325.0,9,2,103
29327.5,44,18,213
29330.0,-104,-110,346
29332.5,142,40,277
29335.0,60,-26,291
29337.5,-30,24,287
29340.0,-41,-24,320
29342.5,12,-4,361
29345.0,12,-4,361
29347.5,11,24,258
29350.0,-13,-27,228
29352.5,-15,-42,280
29355.0,77,44,324
29357.5,-28,11,295
29360.0,-27,-23,299
29362.5,15,-18,334
29365.0,25,-25,340
29367.5,26,-34,260
29370.0,55,12,316
29372.5,-32,-19,349
29375.0,23,12,287
29377.5,41,24,254
29380.0,-32,-27,319
29382.5,-4,1,291
29385.0,14,19,321
29387.5,-42,-57,323
29390.0,86,46,290
29392.5,4,-19,356
29395.0,4,-19,356
29397.5,19,8,319
29400.0,13,-22,313
29402.5,34,-36,366
29405.0,-42,-52,338
29407.5,-7,-19,258
29410.0,-37,-21,340
29412.5,1,-38,255
29415.0,19,18,298
29417.5,7,-25,289
29420.0,7,-82,325
29422.5,50,17,330
29425.0,-15,-58,347
29427.5,32,-14,246
29430.0,33,-3,511
29432.5,-8,-41,333
29435.0,56,-15,227
29437.5,-162,-52,394
29440.0,-25,9,365
29442.5,28,36,296
29445.0,28,36,296
29447.5,28,22,248
29450.0,-1,-5,241
29452.5,-42,-23,273
29455.0,34,-7,408
29457.5,41,-4,374
29460.0,-18,-48,325
29462.5,8,-49,229
29465.0,66,46,221
29467.5,30,-38,322
29470.0,-36,-73,282
29472.5,71,26,246
29475.0,-2,-75,239
29477.5,43,31,186
29480.0,-30,-49,349
29482.5,3,-32,283
29485.0,127,-19,323
29487.5,-48,-28,295
29490.0,33,9,181
29492.5,101,24,289
29495.0,101,24,289
29497.5,4,-26,339
29500.0,10,-29,290
29502.5,-22,-8,285
29505.0,25,21,343
29507.5,-58,-5,456
29510.0,-15,-35,392
29512.5,-5,43,330
29515.0,24,40,341
29517.5,-39,-18,220
29520.0,15,26,263
29522.5,48,-11,204
29525.0,-52,-54,389
29527.5,29,-4,343
29530.0,-2,-40,340
29532.5,38,-55,235
29535.0,96,-5,256
29537.5,12,-83,329
29540.0,-24,-12,344
29542.5,25,17,382
29545.0,25,17,382
29547.5,-30,-39,363
29550.0,68,11,219
29552.5,-28,-9,227
29555.0,-36,-25,175
29557.5,62,50,308
29560.0,-8,-52,331
29562.5,26,38,254
29565.0,16,13,304
29567.5,11,-14,351
29570.0,-5,-30,355
29572.5,-12,-20,330
29575.0,-14,-24,273
29577.5,7,-12,289
29580.0,-1,9,312
29582.5,57,50,277
29585.0,4,19,306
29587.5,7,-17,328
29590.0,85,13,245
29592.5,-56,-40,292
29595.0,-56,-40,292
29597.5,-6,19,255
29600.0,74,18,339
29602.5,-95,46,311
29605.0,33,26,173
29607.5,-77,-90,393
29610.0,-34,81,511
29612.5,31,-10,337
29615.0,16,-18,321
29617.5,22,4,239
29620.0,27,-8,306
29622.5,-23,-46,382
29625.0,68,7,320
29627.5,13,-2,294
29630.0,46,-20,326
29632.5,16,-39,322
29635.0,-25,8,362
29637.5,-60,-42,222
29640.0,63,-17,280
29642.5,63,-17,280
29645.0,-92,-33,291
29647.5,4,44,342
29650.0,8,30,224
29652.5,61,11,374
29655.0,89,-25,333
29657.5,-18,-23,321
29660.0,-23,-17,385
29662.5,53,6,252
29665.0,8,-7,276
29667.5,73,10,302
29670.0,-8,14,275
29672.5,57,-3,137
29675.0,-64,23,188
29677.5,-59,99,328
29680.0,-17,-60,364
29682.5,104,-32,299
29685.0,-58,-11,323
29687.5,-60,5,400
29690.0,-78,-29,294
29692.5,-78,-29,294
29695.0,-85,0,230
29697.5,24,-31,255
29700.0,-2,57,293
29702.5,3,-9,281
29705.0,87,43,435
29707.5,39,31,350
29710.0,7,11,358
29712.5,-39,6,304
29715.0,49,-26,306
29717.5,35,28,297
29720.0,18,-20,305
29722.5,-20,-11,364
29725.0,7,-2,309
29727.5,13,-49,257
29730.0,42,43,328
29732.5,-53,-15,222
29735.0,13,-32,345
29737.5,-58,20,300
29740.0,-39,-5,291
29742.5,-39,-5,291
29745.0,14,-14,296
29747.5,-39,-28,329
29750.0,6,-38,297
29752.5,52,15,339
29755.0,51,0,304
29757.5,96,18,247
29760.0,15,-13,301
29762.5,42,-19,214
29765.0,61,13,295
29767.5,-38,-31,343
29770.0,0,0,297
29772.5,-3,-41,322
29775.0,16,-15,342
29777.5,51,-3,307
29780.0,80,-2,338
29782.5,11,-11,310
29785.0,96,16,254
29787.5,-30,-37,309
29790.0,18,12,272
29792.5,18,12,272
29795.0,-14,0,295
29797.5,-15,-4,331
29800.0,37,-24,283
29802.5,11,-2,330
29805.0,39,31,200
29807.5,3,-20,249
29810.0,-13,15,188
29812.5,-17,11,264
29815.0,-25,-65,362
29817.5,-23,-21,392
29820.0,32,-17,392
29822.5,22,0,214
29825.0,0,-6,180
29827.5,-24,-3,200
29830.0,40,-18,426
29832.5,-82,-24,412
29835.0,23,11,208
29837.5,18,-1,294
29840.0,43,-3,256
29842.5,43,-3,256
29845.0,29,-12,295
29847.5,1,-5,310
29850.0,-3,-1,273
29852.5,65,-11,258
29855.0,85,21,109
29857.5,49,23,233
29860.0,-26,-1,359
29862.5,6,1,409
29865.0,105,61,224
29867.5,-6,-12,191
29870.0,-25,-34,239
29872.5,56,33,362
29875.0,-3,-55,377
29877.5,57,28,339
29880.0,-25,25,311
29882.5,-25,-38,334
29885.0,54,-46,193
29887.5,-2,-34,342
29890.0,-92,-28,336
29892.5,-92,-28,336
29895.0,95,50,317
29897.5,-17,-13,278
29900.0,8,49,290
29902.5,-24,-37,419
29905.0,44,25,269
29907.5,53,-15,326
29910.0,-8,-25,253
29912.5,-8,-32,345
29915.0,11,-33,187
29917.5,-30,-131,247
29920.0,11,-22,264
29922.5,122,41,289
29925.0,16,-43,187
29927.5,71,0,239
29930.0,-96,-59,447
29932.5,37,-32,217
29935.0,42,42,314
29937.5,16,-78,273
29940.0,46,22,287
29942.5,46,22,287
29945.0,-57,-43,317
29947.5,-43,1,291
29950.0,44,21,320
29952.5,-85,0,366
29955.0,-24,-16,242
29957.5,41,8,291
29960.0,-41,-23,345
29962.5,51,4,311
29965.0,-7,-35,328
29967.5,-25,-28,332
29970.0,82,14,267
29972.5,2,37,349
29975.0,-6,-11,273
29977.5,83,26,303
29980.0,-153,-105,292
29982.5,76,-160,294
29985.0,-17,-19,363
29987.5,-56,-27,346
29990.0,35,-16,298
29992.5,35,-16,298
29995.0,70,6,244
29997.5,17,-12,231
30000.0,-56,-32,265
30002.5,41,23,334
30005.0,38,11,280
30007.5,28,-12,297
30010.0,17,8,341
30012.5,-19,-23,342
30015.0,-17,0,354
30017.5,66,45,245
30020.0,27,30,234
30022.5,-107,-71,193
30025.0,43,-70,198
30027.5,-86,25,351
30030.0,155,-66,353
30032.5,-43,-42,363
30035.0,-2,-47,319
30037.5,-13,-32,276
30040.0,110,55,249
30042.5,110,55,249
30045.0,-40,-23,324
30047.5,-60,-75,200
30050.0,-45,20,255
30052.5,39,-63,386
30055.0,55,82,260
30057.5,-65,-34,301
30060.0,25,38,343
30062.5,73,23,301
30065.0,-3,-28,331
30067.5,-55,16,317
30070.0,-36,-20,324
30072.5,22,27,329
30075.0,62,5,284
30077.5,-21,-31,327
30080.0,-24,-17,277
30082.5,31,6,346
30085.0,57,40,269
30087.5,61,33,274
30090.0,61,33,274
30092.5,4,-19,327
30095.0,17,-5,417
30097.5,62,-35,246
30100.0,30,-12,256
30102.5,-59,-31,355
30105.0,36,57,284
30107.5,-43,-13,327
30110.0,7,-23,307
30112.5,68,23,276
30115.0,-34,-13,323
30117.5,18,54,292
30120.0,10,16,298
30122.5,32,-1,355
30125.0,25,-12,339
30127.5,49,-45,280
30130.0,24,27,386
30132.5,-22,-60,278
30135.0,53,3,209
30137.5,11,-13,339
30140.0,11,-13,339
30142.5,-12,-9,265
30145.0,-14,-34,299
30147.5,-33,-4,322
30150.0,62,30,300
30152.5,-6,-2,317
30155.0,-29,5,340
30157.5,-12,-33,291
30160.0,-45,-38,334
30162.5,-1,-50,313
30165.0,34,7,267
30167.5,9,37,323
30170.0,14,-25,289
30172.5,-53,-79,268
30175.0,38,28,302
30177.5,-10,-1,301
30180.0,26,74,283
30182.5,-54,-5,435
30185.0,-33,-74,378
30187.5,69,26,231
30190.0,69,26,231
30192.5,-68,-129,302
30195.0,-5,71,382
30197.5,-7,-39,448
30200.0,32,-11,268
30202.5,90,45,287
30205.0,-3,-9,229
30207.5,-45,-11,222
30210.0,-12,18,345
30212.5,2,-7,432
30215.0,28,5,303
30217.5,80,-14,288
30220.0,79,39,275
30222.5,11,40,327
30225.0,-61,2,285
30227.5,30,-12,293
30230.0,11,-18,326
30232.5,21,-66,449
30235.0,-48,-95,437
30237.5,27,-12,446
30240.0,27,-12,446
30242.5,-6,-17,461
30245.0,21,-15,270
30247.5,33,9,163
30250.0,8,-6,176
30252.5,-6,-3,370
30255.0,-30,-34,310
30257.5,-14,28,351
30260.0,-17,-63,310
30262.5,71,-34,149
30265.0,-49,56,220
30267.5,-25,-55,292
30270.0,32,-10,260
30272.5,120,84,294
30275.0,65,-2,306
30277.5,7,8,440
30280.0,56,-26,331
30282.5,73,39,285
30285.0,152,72,245
30287.5,40,-27,312
30290.0,40,-27,312
30292.5,19,-4,160
30295.0,-9,-70,368
30297.5,-35,-33,447
30300.0,-14,-27,287
30302.5,9,39,295
30305.0,-10,2,276
30307.5,-20,-78,361
30310.0,-1,-31,386
30312.5,-6,-30,283
30315.0,-5,-31,360
30317.5,3,-8,336
30320.0,20,-16,303
30322.5,-62,-38,385
30325.0,-33,-56,257
30327.5,18,-24,293
30330.0,21,24,283
30332.5,39,-5,218
30335.0,54,-5,327
30337.5,35,0,313
30340.0,35,0,313
30342.5,12,3,248
30345.0,21,-29,356
30347.5,29,13,247
30350.0,14,-9,268
30352.5,-176,-39,407
30355.0,13,35,250
30357.5,152,-3,310
30360.0,2,13,413
30362.5,86,-6,331
30365.0,20,21,348
30367.5,43,4,174
30370.0,-22,-56,300
30372.5,-31,-41,346
30375.0,54,-2,303
30377.5,5,2,302
30380.0,-45,-67,335
30382.5,-4,19,366
30385.0,26,-12,356
30387.5,-4,-24,282
30390.0,-4,-24,282
30392.5,51,-2,290
30395.0,-15,7,344
30397.5,-38,-50,283
30400.0,-19,-42,305
30402.5,-123,-24,289
30405.0,22,19,312
30407.5,127,58,298
30410.0,5,-36,381
30412.5,44,30,289
30415.0,-58,-56,216
30417.5,40,-16,214
30420.0,51,2,343
30422.5,-29,-40,341
30425.0,-26,-13,275
30427.5,13,7,290
30430.0,29,55,318
30432.5,24,-40,299
30435.0,29,18,258
30437.5,-16,-56,417
30440.0,-16,-56,417
30442.5,17,-73,314
30445.0,14,-47,339
30447.5,-75,-32,351
30450.0,7,-8,346
30452.5,12,-47,267
30455.0,22,22,262
30457.5,24,13,275
30460.0,-77,8,386
30462.5,17,57,324
30465.0,-5,47,259
30467.5,-39,-36,339
30470.0,102,-5,262
30472.5,-38,-64,335
30475.0,35,-12,233
30477.5,36,-58,299
30480.0,-45,-25,257
30482.5,-4,-33,240
30485.0,-10,-42,352
30487.5,-10,-42,352
30490.0,18,-19,303
30492.5,51,31,277
30495.0,-44,-39,252
30497.5,43,1,285
30500.0,-7,-34,284
30502.5,-4,5,336
30505.0,-33,-51,322
30507.5,41,11,237
30510.0,30,5,302
30512.5,39,9,263
30515.0,-2,-28,306
30517.5,17,-30,285
30520.0,22,4,300
30522.5,38,39,305
30525.0,-51,-32,342
30527.5,42,7,319
30530.0,16,-4,344
30532.5,-29,-38,318
30535.0,28,9,267
30537.5,28,9,267
30540.0,-20,-15,368
30542.5,58,54,244
30545.0,70,6,309
30547.5,25,28,305
30550.0,28,22,259
30552.5,-47,-39,322
30555.0,-49,-32,296
30557.5,7,-52,180
30560.0,24,4,168
30562.5,63,-18,247
30565.0,-87,-107,349
30567.5,-14,-45,420
30570.0,-11,-19,347
30572.5,61,35,372
30575.0,45,-29,122
30577.5,24,-18,248
30580.0,22,-6,291
30582.5,-7,15,434
30585.0,72,6,324
30587.5,72,6,324
30590.0,5,-9,308
30592.5,41,18,256
30595.0,69,20,234
30597.5,-2,-71,357
30600.0,-3,-31,238
30602.5,51,28,267
30605.0,30,-80,380
30607.5,-51,-37,422
30610.0,138,54,423
30612.5,-17,-41,266
30615.0,78,-13,343
30617.5,-55,-6,294
30620.0,3,-21,205
30622.5,54,19,302
30625.0,-48,-37,388
30627.5,25,28,257
30630.0,17,-34,346
30632.5,-2,-56,257
30635.0,59,-51,287
30637.5,59,-51,287
30640.0,40,-6,389
30642.5,93,47,245
30645.0,52,-29,223
30647.5,-63,16,272
30650.0,-63,-12,262
30652.5,25,-3,387
30655.0,-43,-4,377
30657.5,26,-30,269
30660.0,-33,-98,315
30662.5,3,-1,250
30665.0,-45,12,303
30667.5,-82,-26,202
30670.0,2,36,375
30672.5,31,9,417
30675.0,3,37,357
30677.5,-1,-7,280
30680.0,1,17,396
30682.5,42,-47,285
30685.0,0,-19,323
30687.5,0,-19,323
30690.0,8,-33,393
30692.5,31,-4,330
30695.0,72,25,302
30697.5,7,-26,311
30700.0,28,81,416
30702.5,38,17,373
30705.0,-27,-25,240
30707.5,-7,-22,265
30710.0,-7,1,350
30712.5,38,-2,287
30715.0,46,-30,321
30717.5,-45,-58,312
30720.0,32,12,244
30722.5,-31,-33,312
30725.0,38,17,273
30727.5,19,58,328
30730.0,-66,-66,286
30732.5,125,10,262
30735.0,44,-40,412
30737.5,44,-40,412
30740.0,-15,-118,420
30742.5,99,7,290
30745.0,20,2,203
30747.5,-27,-10,245
30750.0,-42,17,313
30752.5,-9,34,281
30755.0,36,-10,310
30757.5,7,-52,308
30760.0,32,10,336
30762.5,80,3,332
30765.0,19,-23,378
30767.5,67,-17,228
30770.0,77,27,258
30772.5,-31,-65,251
30775.0,-47,-30,340
30777.5,-19,42,386
30780.0,-141,-29,330
30782.5,-32,-101,339
30785.0,-11,-58,499
30787.5,-11,-58,499
30790.0,-17,-14,346
30792.5,-26,-50,136
30795.0,67,-7,273
30797.5,15,-36,307
30800.0,41,28,301
30802.5,-32,-1,263
30805.0,-20,-12,270
30807.5,51,37,294
30810.0,-45,-101,367
30812.5,49,0,262
30815.0,65,-19,412
30817.5,-114,-42,278
30820.0,67,-12,319
30822.5,70,19,333
30825.0,-51,-54,310
30827.5,-1,17,302
30830.0,17,8,308
30832.5,75,11,280
30835.0,75,11,280
30837.5,-14,14,258
30840.0,-13,-52,259
30842.5,60,5,241
30845.0,165,7,344
30847.5,60,5,352
30850.0,33,64,169
30852.5,-15,-66,278
30855.0,112,-31,264
30857.5,-24,-1,337
30860.0,37,31,307
30862.5,8,-19,280
30865.0,-24,-58,316
30867.5,10,44,328
30870.0,-6,-41,293
30872.5,-19,-33,342
30875.0,10,-16,371
30877.5,33,0,267
30880.0,28,29,341
30882.5,54,-52,260
30885.0,54,-52,260
30887.5,33,33,282
30890.0,6,-8,306
30892.5,46,39,263
30895.0,47,26,328
30897.5,17,9,321
30900.0,24,-6,304
30902.5,12,-1,350
30905.0,-32,-24,291
30907.5,16,-31,271
30910.0,-26,-24,314
30912.5,16,28,304
30915.0,20,0,252
30917.5,-41,-27,334
30920.0,1,-8,241
30922.5,37,3,288
30925.0,-12,-21,328
30927.5,21,-16,284
30930.0,-20,-48,348
30932.5,-41,-77,352
30935.0,-41,-77,352
30937.5,4,-31,311
30940.0,80,-25,216
30942.5,-47,-22,330
30945.0,139,32,174
30947.5,-4,23,174
30950.0,13,-23,383
30952.5,45,-3,459
30955.0,12,-16,323
30957.5,23,27,375
30960.0,-5,-8,138
30962.5,-8,-9,261
30965.0,106,4,304
30967.5,-3,-5,406
30970.0,-29,-39,231
30972.5,-15,-14,249
30975.0,39,13,253
30977.5,36,-7,283
30980.0,-19,-63,316
30982.5,-8,-26,336
30985.0,-8,-26,336
30987.5,197,80,154
30990.0,-81,-10,405
30992.5,-5,3,336
30995.0,49,15,390
30997.5,-30,-22,396
31000.0,-30,-36,263
31002.5,-57,-42,281
31005.0,-25,5,319
31007.5,15,-14,384
31010.0,131,56,307
31012.5,-79,-34,280
31015.0,74,46,165
31017.5,-87,-26,348
31020.0,98,-11,213
31022.5,-32,-9,292
31025.0,-28,-39,345
31027.5,52,22,389
31030.0,-77,-28,463
31032.5,-95,-60,361
31035.0,-95,-60,361
31037.5,-2,-13,246
31040.0,-11,-24,313
31042.5,6,-7,266
31045.0,-28,27,339
31047.5,-16,-9,296
31050.0,29,0,325
31052.5,67,16,354
31055.0,31,-8,257
31057.5,62,20,293
31060.0,-31,-13,454
31062.5,34,17,319
31065.0,22,-70,380
31067.5,-29,22,274
31070.0,31,-52,331
31072.5,-34,-34,316
31075.0,-62,-4,248
31077.5,44,12,244
31080.0,15,-54,324
31082.5,19,-5,295
31085.0,19,-5,295
31087.5,-10,54,304
31090.0,-66,-26,320
31092.5,44,27,317
31095.0,10,24,345
31097.5,6,-20,243
31100.0,11,3,285
31102.5,-45,-23,314
31105.0,65,9,309
31107.5,64,10,376
31110.0,91,-80,219
31112.5,93,20,162
31115.0,27,76,284
31117.5,-55,-24,435
31120.0,-36,3,320
31122.5,20,-6,170
31125.0,61,0,269
31127.5,-7,4,306
31130.0,-50,-89,368
31132.5,46,32,342
31135.0,46,32,342
31137.5,-33,5,307
31140.0,-23,-65,283
31142.5,125,10,288
31145.0,-58,-50,316
31147.5,19,-37,247
31150.0,1,3,291
31152.5,-55,33,304
31155.0,10,-2,342
31157.5,100,25,331
31160.0,100,5,305
31162.5,96,-56,354
31165.0,-48,-22,273
31167.5,-4,-29,270
31170.0,31,-19,270
31172.5,-17,-43,227
31175.0,53,-3,269
31177.5,-27,17,390
31180.0,-41,-20,402
31182.5,77,21,243
31185.0,77,21,243
31187.5,-75,1,322
31190.0,11,25,346
31192.5,-32,-68,267
31195.0,34,5,261
31197.5,41,27,267
31200.0,51,-11,285
31202.5,38,2,333
31205.0,-11,26,273
31207.5,124,49,370
31210.0,-46,-20,310
31212.5,84,18,300
31215.0,-7,15,323
31217.5,-41,-43,301
31220.0,103,-6,257
31222.5,8,-2,380
31225.0,70,-3,239
31227.5,-12,-3,363
31230.0,55,23,259
31232.5,55,23,259
31235.0,15,-11,285
31237.5,35,20,315
31240.0,16,38,312
31242.5,44,-1,336
31245.0,-56,-10,302
31247.5,-53,-39,292
31250.0,74,10,253
31252.5,-20,-5,356
31255.0,-31,-42,298
31257.5,33,24,272
31260.0,20,43,304
31262.5,5,-5,254
31265.0,15,-2,283
31267.5,-20,-23,296
31270.0,64,24,297
31272.5,17,0,334
31275.0,-59,-66,317
31277.5,1,-39,317
31280.0,31,7,330
31282.5,31,7,330
31285.0,-7,-31,288
31287.5,-6,-35,278
31290.0,19,9,326
31292.5,29,-24,245
31295.0,12,-12,283
31297.5,-49,-43,323
31300.0,66,25,289
31302.5,64,-9,338
31305.0,-9,-70,371
31307.5,43,5,302
31310.0,-14,-1,357
31312.5,13,14,259
31315.0,13,34,176
31317.5,70,27,32
31320.0,108,19,56
31322.5,-18,-69,273
31325.0,-18,2,403
31327.5,38,-11,339
31330.0,-11,39,309
31332.5,-11,39,309
31335.0,12,-7,233
31337.5,52,-4,218
31340.0,57,-26,329
31342.5,-13,-6,422
31345.0,7,-13,258
31347.5,-32,-10,234
31350.0,-8,-56,293
31352.5,-33,-6,334
31355.0,-12,12,356
31357.5,-7,-21,314
31360.0,17,-20,322
31362.5,83,69,222
31365.0,95,52,301
31367.5,8,-47,397
31370.0,-33,8,314
31372.5,37,14,274
31375.0,-40,-42,157
31377.5,26,-9,269
31380.0,-27,-25,367
31382.5,-27,-25,367
31385.0,5,-19,356
31387.5,45,2,300
31390.0,-2,-24,325
31392.5,-2,-16,270
31395.0,-15,-11,329
31397.5,41,32,458
31400.0,-37,-40,324
31402.5,35,13,372
31405.0,43,17,327
31407.5,101,17,227
31410.0,25,10,407
31412.5,-70,-15,244
31415.0,-3,22,293
31417.5,3,-9,313
31420.0,8,-20,256
31422.5,-3,14,449
31425.0,28,16,367
31427.5,35,6,318
31430.0,34,52,303
31432.5,34,52,303
31435.0,25,56,235
31437.5,11,-5,283
31440.0,-33,-6,275
31442.5,41,27,315
31445.0,36,3,318
31447.5,23,-28,310
31450.0,-19,-18,301
31452.5,1,-1,325
31455.0,39,-13,217
31457.5,-10,1,278
31460.0,-78,-8,312
31462.5,60,5,332
31465.0,-26,-54,338
31467.5,-58,-57,313
31470.0,36,14,292
31472.5,-27,-28,369
31475.0,-22,-35,253
31477.5,59,8,327
31480.0,26,-35,378
31482.5,26,-35,378
31485.0,-49,-73,258
31487.5,78,-148,324
31490.0,184,87,313
31492.5,-11,1,297
31495.0,-29,-59,355
31497.5,24,-10,211
31500.0,71,31,275
31502.5,-47,-41,326
31505.0,3,-10,320
31507.5,9,-5,324
31510.0,-8,-19,298
31512.5,2,-28,304
31515.0,-38,-68,379
31517.5,53,10,273
31520.0,1,24,298
31522.5,9,-24,246
31525.0,51,5,243
31527.5,-93,-21,354
31530.0,-41,46,324
31532.5,-41,46,324
31535.0,-6,-46,370
31537.5,68,5,425
31540.0,-48,-69,288
31542.5,65,20,182
31545.0,4,-52,324
31547.5,61,39,298
31550.0,5,-1,341
31552.5,-16,-27,255
31555.0,14,-25,412
31557.5,86,-17,402
31560.0,-26,-2,338
31562.5,90,48,293
31565.0,32,-58,325
31567.5,22,-23,315
31570.0,-54,-24,307
31572.5,-66,-80,292
31575.0,88,12,295
31577.5,6,23,271
31580.0,2,25,247
31582.5,2,25,247
31585.0,-5,-35,369
31587.5,-5,-30,188
31590.0,-105,-61,403
31592.5,-37,-13,356
31595.0,-100,-65,362
31597.5,-28,-6,295
31600.0,66,-1,316
31602.5,-24,22,284
31605.0,29,3,295
31607.5,42,49,341
31610.0,41,-25,329
31612.5,79,-3,283
31615.0,-7,-32,331
31617.5,22,-12,337
31620.0,-37,-2,294
31622.5,13,-38,370
31625.0,40,44,281
31627.5,27,11,216
31630.0,27,11,216
31632.5,-49,-7,328
31635.0,11,-22,326
31637.5,37,31,252
31640.0,35,-9,251
31642.5,13,-19,268
31645.0,30,-25,337
31647.5,-24,4,296
31650.0,9,-33,300
31652.5,-3,-21,306
31655.0,47,-10,319
31657.5,-7,-48,279
31660.0,-8,4,333
31662.5,8,16,235
31665.0,-2,-27,280
31667.5,-34,-30,304
31670.0,13,-29,246
31672.5,-27,-53,312
31675.0,-42,-28,340
31677.5,54,-31,358
31680.0,54,-31,358
31682.5,-12,-27,364
31685.0,-36,-68,350
31687.5,-12,-33,282
31690.0,39,6,359
31692.5,32,-73,273
31695.0,-64,4,287
31697.5,-72,-50,331
31700.0,-15,-60,421
31702.5,-21,-26,451
31705.0,-58,-58,362
31707.5,60,0,345
31710.0,111,85,255
31712.5,-38,-50,230
31715.0,60,49,438
31717.5,25,-32,418
31720.0,16,-57,309
31722.5,11,-27,207
31725.0,57,-9,281
31727.5,67,51,340
31730.0,67,51,340
31732.5,-1,8,374
31735.0,-81,-85,326
31737.5,53,83,286
31740.0,-37,-7,296
31742.5,24,-23,313
31745.0,49,7,286
31747.5,0,-14,384
31750.0,-13,-17,259
31752.5,70,43,192
31755.0,-5,3,405
31757.5,17,-24,406
31760.0,4,-18,379
31762.5,-8,23,249
31765.0,117,-8,254
31767.5,68,-14,211
31770.0,65,74,236
31772.5,4,-66,391
31775.0,-29,6,368
31777.5,132,57,279
31780.0,132,57,279
31782.5,9,16,243
31785.0,-81,-83,285
31787.5,100,31,306
31790.0,-56,-19,295
31792.5,43,-5,222
31795.0,-23,-51,296
31797.5,80,15,233
31800.0,86,-25,511
31802.5,-64,-62,391
31805.0,-27,-20,282
31807.5,62,-22,336
31810.0,49,16,312
31812.5,26,-58,166
31815.0,12,7,281
31817.5,-27,-66,392
31820.0,-4,-26,353
31822.5,2,-87,271
31825.0,5,-53,333
31827.5,95,-6,235
31830.0,95,-6,235
31832.5,54,56,193
31835.0,26,1,264
31837.5,17,31,329
31840.0,-12,9,339
31842.5,19,-22,298
31845.0,18,-13,328
31847.5,34,-1,261
31850.0,7,23,291
31852.5,-21,-20,352
31855.0,22,-20,292
31857.5,24,9,333
31860.0,98,71,166
31862.5,58,-6,281
31865.0,-15,-71,345
31867.5,-52,-68,377
31870.0,41,6,361
31872.5,-15,-29,306
31875.0,52,15,172
31877.5,-62,-15,311
31880.0,-62,-15,311
31882.5,-69,16,270
31885.0,37,-7,340
31887.5,-44,-40,324
31890.0,37,28,238
31892.5,5,-43,281
31895.0,-9,-16,331
31897.5,57,13,251
31900.0,14,-50,303
31902.5,-14,-23,333
31905.0,14,-23,259
31907.5,18,-48,304
31910.0,-30,-104,307
31912.5,-44,-113,270
31915.0,157,-33,390
31917.5,70,6,239
31920.0,20,2,281
31922.5,35,-6,273
31925.0,80,24,243
31927.5,76,18,405
31930.0,76,18,405
31932.5,-25,-56,313
31935.0,38,20,197
31937.5,110,7,275
31940.0,-51,-73,317
31942.5,76,-31,268
31945.0,81,9,318
31947.5,19,-1,216
31950.0,10,21,321
31952.5,-20,28,369
31955.0,40,29,265
31957.5,-60,-36,229
31960.0,59,21,364
31962.5,27,42,317
31965.0,72,-25,318
31967.5,9,-12,334
31970.0,86,-15,302
31972.5,135,15,358
31975.0,0,-28,306
31977.5,-27,-59,325
31980.0,-27,-59,325
31982.5,5,-16,284
31985.0,7,-8,298
31987.5,-12,52,276
31990.0,-68,-43,351
31992.5,50,-15,405
31995.0,-21,-26,272
31997.5,64,27,355
32000.0,-3,-56,248
32002.5,-30,-13,350
32005.0,47,19,337
32007.5,-8,-14,272
32010.0,-29,-24,344
32012.5,-5,-23,258
32015.0,7,-27,301
32017.5,54,-16,298
32020.0,46,15,230
32022.5,-16,-49,327
32025.0,-18,-13,346
32027.5,-18,-13,346
32030.0,91,5,320
32032.5,2,-20,334
32035.0,-49,-52,349
32037.5,-35,-41,273
32040.0,-48,-52,339
32042.5,-13,-41,290
32045.0,54,22,277
32047.5,-3,-19,314
32050.0,-3,14,312
32052.5,38,-5,342
32055.0,24,23,346
32057.5,3,22,299
32060.0,-2,3,325
32062.5,59,46,386
32065.0,84,-6,323
32067.5,72,23,388
32070.0,116,-7,185
32072.5,9,0,244
32075.0,-23,-29,363
32077.5,-23,-29,363
32080.0,42,-19,264
32082.5,21,-41,314
32085.0,30,-36,213
32087.5,38,17,229
32090.0,-15,-40,304
32092.5,-7,-11,384
32095.0,73,-27,217
32097.5,-50,-13,298
32100.0,60,18,243
32102.5,-49,-12,344
32105.0,-47,-44,273
32107.5,93,2,315
32110.0,-2,-16,337
32112.5,-10,-61,363
32115.0,24,-91,226
32117.5,28,10,388
32120.0,-1,-40,241
32122.5,26,-38,253
32125.0,-66,-31,271
32127.5,-66,-31,271
32130.0,76,9,154
32132.5,46,24,318
32135.0,-28,-6,434
32137.5,27,1,332
32140.0,5,-2,320
32142.5,-34,-57,221
32145.0,53,-1,289
32147.5,23,7,292
32150.0,-39,36,242
32152.5,-4,-69,301
32155.0,49,38,196
32157.5,66,30,222
32160.0,66,-20,308
32162.5,5,21,242
32165.0,-13,-38,206
32167.5,-12,29,250
32170.0,72,28,298
32172.5,-8,-11,347
32175.0,-103,-21,241
32177.5,-103,-21,241
32180.0,33,17,279
32182.5,60,15,353
32185.0,68,20,262
32187.5,14,-17,276
32190.0,-8,18,265
32192.5,-40,-75,285
32195.0,207,120,266
32197.5,1,-30,287
32200.0,80,12,282
32202.5,111,15,360
32205.0,-16,-36,279
32207.5,5,-22,228
32210.0,24,6,337
32212.5,38,-8,257
32215.0,51,-28,258
32217.5,-6,-32,304
32220.0,37,-22,295
32222.5,62,-35,330
32225.0,21,-34,212
32227.5,21,-34,212
32230.0,0,-5,287
32232.5,-11,-22,323
32235.0,-1,23,277
32237.5,-16,-11,299
32240.0,-27,-59,321
32242.5,142,-57,317
32245.0,186,80,236
32247.5,110,72,309
32250.0,-164,-143,323
32252.5,-212,-143,488
32255.0,-12,-13,298
32257.5,-31,-15,368
32260.0,46,-1,134
32262.5,66,-4,311
32265.0,-10,4,367
32267.5,22,-15,329
32270.0,48,-1,263
32272.5,34,8,273
32275.0,34,8,273
32277.5,44,11,264
32280.0,43,14,319
32282.5,-35,22,287
32285.0,-22,-18,296
32287.5,35,-8,348
32290.0,-17,-23,333
32292.5,36,-10,331
32295.0,36,-10,258
32297.5,87,-44,307
32300.0,-149,15,230
32302.5,-20,-40,330
32305.0,35,43,425
32307.5,13,-2,357
32310.0,10,10,211
32312.5,92,44,235
32315.0,-23,-45,377
32317.5,28,5,363
32320.0,104,65,325
32322.5,20,28,319
32325.0,20,28,319
32327.5,9,-17,278
32330.0,-47,-68,312
32332.5,-24,-23,292
32335.0,34,4,275
32337.5,40,-46,291
32340.0,-153,-83,478
32342.5,127,60,314
32345.0,151,60,253
32347.5,180,37,293
32350.0,-70,68,232
32352.5,-18,10,429
32355.0,-89,11,300
32357.5,39,13,364
32360.0,38,-4,354
32362.5,25,-14,200
32365.0,90,37,261
32367.5,-37,-60,320
32370.0,27,-1,288
32372.5,-10,3,335
32375.0,-10,3,335
32377.5,22,-5,350
32380.0,48,37,365
32382.5,-17,-21,338
32385.0,16,-50,323
32387.5,17,24,313
32390.0,22,-52,327
32392.5,44,36,223
32395.0,38,-26,286
32397.5,15,-28,329
32400.0,61,4,272
32402.5,37,31,301
32405.0,20,-10,341
32407.5,52,15,323
32410.0,31,-4,278
32412.5,1,7,314
32415.0,53,31,300
32417.5,60,-21,338
32420.0,18,-22,301
32422.5,1,-42,245
32425.0,1,-42,245
32427.5,-27,-14,287
32430.0,8,7,257
32432.5,-3,-2,265
32435.0,33,42,328
32437.5,0,-30,270
32440.0,7,-11,352
32442.5,-42,-62,356
32445.0,16,-2,328
32447.5,50,-9,268
32450.0,-132,-73,400
32452.5,-17,-15,445
32455.0,-32,13,392
32457.5,10,3,339
32460.0,42,-16,273
32462.5,10,-7,186
32465.0,13,-3,219
32467.5,-101,-49,338
32470.0,-54,-86,424
32472.5,38,-3,315
32475.0,38,-3,315
32477.5,-49,-43,327
32480.0,36,21,262
32482.5,67,-43,311
32485.0,28,-53,333
32487.5,92,16,255
32490.0,18,-3,254
32492.5,-47,-69,286
32495.0,-63,1,511
32497.5,-22,12,511
32500.0,24,31,431
32502.5,44,-8,267
32505.0,-7,-31,241
32507.5,63,35,143
32510.0,39,3,319
32512.5,24,-25,328
32515.0,61,15,280
32517.5,4,-34,281
32520.0,125,16,215
32522.5,106,98,258
32525.0,106,98,258
32527.5,-53,42,295
32530.0,13,31,292
32532.5,30,82,250
32535.0,-30,-45,174
32537.5,29,40,302
32540.0,-48,-42,448
32542.5,84,-110,409
32545.0,55,3,296
32547.5,-30,-47,326
32550.0,11,-11,233
32552.5,-25,31,242
32555.0,-73,-45,292
32557.5,-70,-20,352
32560.0,23,2,317
32562.5,-1,-43,335
32565.0,65,34,300
32567.5,-26,3,329
32570.0,-22,-11,335
32572.5,43,-14,390
32575.0,43,-14,390
32577.5,8,32,301
32580.0,41,13,346
32582.5,0,-43,313
32585.0,-87,-71,221
32587.5,16,-12,268
32590.0,-58,-67,408
32592.5,-17,-40,246
32595.0,40,32,323
32597.5,-2,-10,302
32600.0,12,1,274
32602.5,9,-29,357
32605.0,11,-5,328
32607.5,35,9,256
32610.0,-60,-24,339
32612.5,105,47,280
32615.0,14,-11,265
32617.5,-209,-177,203
32620.0,38,-172,271
32622.5,38,-172,271
32625.0,122,17,371
32627.5,-93,-41,352
32630.0,37,5,269
32632.5,78,48,285
32635.0,-28,-46,295
32637.5,43,-4,387
32640.0,34,16,286
32642.5,24,12,249
32645.0,27,25,315
32647.5,-66,-46,311
32650.0,48,47,356
32652.5,-9,-30,363
32655.0,-49,-74,272
32657.5,94,48,261
32660.0,68,10,274
32662.5,244,141,171
32665.0,178,-31,389
32667.5,17,30,235
32670.0,-65,6,389
32672.5,-65,6,389
32675.0,-10,-4,311
32677.5,-35,-41,173
32680.0,68,5,300
32682.5,-5,-25,430
32685.0,-38,-36,239
32687.5,55,41,243
32690.0,-26,-24,233
32692.5,44,7,208
32695.0,40,52,269
32697.5,-65,-99,340
32700.0,64,-8,263
32702.5,15,-13,301
32705.0,65,18,379
32707.5,75,-18,302
32710.0,-71,-19,377
32712.5,82,48,272
32715.0,48,18,245
32717.5,-11,5,282
32720.0,35,41,198
32722.5,35,41,198
32725.0,90,61,273
32727.5,43,49,342
32730.0,58,74,259
32732.5,7,-29,285
32735.0,3,-68,374
32737.5,-48,-25,321
32740.0,-32,-1,304
32742.5,104,56,327
32745.0,40,11,257
32747.5,-50,-50,334
32750.0,46,-5,217
32752.5,42,-13,373
32755.0,24,37,274
32757.5,46,46,278
32760.0,-4,-22,304
32762.5,12,-45,368
32765.0,12,14,268
32767.5,-5,-22,309
32770.0,71,49,342
32772.5,71,49,342
32775.0,7,-5,273
32777.5,-20,-51,388
32780.0,45,3,252
32782.5,22,-15,256
32785.0,-62,-34,311
32787.5,38,16,245
32790.0,48,-2,295
32792.5,53,-7,351
32795.0,19,-25,320
32797.5,29,12,257
32800.0,5,11,340
32802.5,-15,-40,313
32805.0,57,-15,366
32807.5,53,30,281
32810.0,2,1,241
32812.5,-22,-40,317
32815.0,-9,0,252
32817.5,14,-27,253
32820.0,40,-14,134
32822.5,40,-14,134
32825.0,115,64,145
32827.5,215,78,170
32830.0,-10,-28,269
32832.5,-46,-112,414
32835.0,61,-9,342
32837.5,41,11,402
32840.0,120,47,66
32842.5,36,-19,334
32845.0,18,-21,311
32847.5,10,-21,438
32850.0,21,-20,357
32852.5,-10,19,233
32855.0,66,3,286
32857.5,4,1,357
32860.0,31,-8,239
32862.5,-33,-42,370
32865.0,0,-30,188
32867.5,60,40,308
32870.0,-10,-15,252
32872.5,-10,-15,252
32875.0,61,59,430
32877.5,-11,-1,314
32880.0,-30,6,418
32882.5,6,-37,153
32885.0,3,-16,312
32887.5,13,-8,267
32890.0,66,-2,351
32892.5,-52,-22,272
32895.0,8,-31,223
32897.5,56,-5,320
32900.0,-63,-58,331
32902.5,-5,-8,479
32905.0,37,-33,331
32907.5,-23,-40,366
32910.0,49,-15,250
32912.5,30,23,292
32915.0,-16,2,233
32917.5,22,29,230
32920.0,22,29,230
32922.5,36,63,365
32925.0,61,24,305
32927.5,-37,-55,270
32930.0,-18,-5,336
32932.5,-62,-80,392
32935.0,15,-16,228
32937.5,60,-3,243
32940.0,10,29,278
32942.5,-69,-27,385
32945.0,65,23,293
32947.5,-7,-64,385
32950.0,48,-4,207
32952.5,68,25,299
32955.0,-58,-56,231
32957.5,29,23,264
32960.0,30,-2,278
32962.5,-37,-63,208
32965.0,-3,-12,347
32967.5,15,6,379
32970.0,15,6,379
32972.5,3,-37,238
32975.0,61,-4,231
32977.5,-54,-23,314
32980.0,-1,-26,271
32982.5,-43,-33,357
32985.0,-13,-11,342
32987.5,6,-11,263
32990.0,-41,-6,342
32992.5,34,22,353
32995.0,14,-74,324
32997.5,-57,-94,279
33000.0,119,41,425
33002.5,-7,-4,295
33005.0,-96,-17,297
33007.5,36,-46,225
33010.0,-49,-22,372
33012.5,-26,-20,299
33015.0,129,40,339
33017.5,-44,-33,317
33020.0,-44,-33,317
33022.5,-7,8,219
33025.0,30,-36,325
33027.5,-7,20,320
33030.0,52,-1,304
33032.5,5,-44,327
33035.0,23,55,305
33037.5,67,1,324
33040.0,-78,-42,344
33042.5,-45,-96,235
33045.0,87,92,299
33047.5,39,39,366
33050.0,15,-5,254
33052.5,38,16,231
33055.0,6,-51,255
33057.5,-21,-7,402
33060.0,-7,-7,376
33062.5,-3,-10,248
33065.0,29,22,266
33067.5,-89,-55,315
33070.0,-89,-55,315
33072.5,117,4,285
33075.0,18,6,230
33077.5,44,51,294
33080.0,90,29,274
33082.5,17,19,294
33085.0,-64,-16,299
33087.5,9,6,274
33090.0,-75,-50,318
33092.5,50,41,292
33095.0,-16,-48,305
33097.5,10,26,256
33100.0,-19,-21,229
33102.5,-8,1,283
33105.0,19,42,190
33107.5,-14,-13,216
33110.0,-28,-62,349
33112.5,-40,-16,362
33115.0,85,14,247
33117.5,51,0,273
33120.0,51,0,273
33122.5,50,19,250
33125.0,6,-66,317
33127.5,31,-5,365
33130.0,-10,-7,268
33132.5,-29,-32,264
33135.0,-19,-10,263
33137.5,39,17,283
33140.0,75,26,355
33142.5,-14,-28,365
33145.0,36,31,300
33147.5,18,-10,313
33150.0,9,-23,326
33152.5,57,-7,272
33155.0,5,-35,358
33157.5,31,0,281
33160.0,-45,-19,252
33162.5,-16,-2,336
33165.0,35,-21,248
33167.5,79,23,255
33170.0,79,23,255
33172.5,-11,18,308
33175.0,75,24,269
33177.5,6,-21,326
33180.0,-38,-28,370
33182.5,134,16,349
33185.0,-14,-67,359
33187.5,-30,-72,327
33190.0,59,45,301
33192.5,-11,22,359
33195.0,-17,-32,252
33197.5,-51,-39,312
33200.0,-91,3,398
33202.5,-2,45,385
33205.0,75,46,264
33207.5,-99,-21,336
33210.0,-18,-7,460
33212.5,58,-1,506
33215.0,-16,-46,298
33217.5,-16,-46,298
33220.0,49,31,281
33222.5,43,17,281
33225.0,-6,0,197
33227.5,49,13,249
33230.0,-48,-23,452
33232.5,48,32,244
33235.0,-19,-17,261
33237.5,44,-13,319
33240.0,2,10,320
33242.5,45,-18,342
33245.0,-3,-40,286
33247.5,-17,38,216
33250.0,-96,-9,400
33252.5,1,1,379
33255.0,-18,21,442
33257.5,20,-24,447
33260.0,11,-15,353
33262.5,80,15,116
33265.0,-6,-46,239
33267.5,-6,-46,239
33270.0,40,18,334
33272.5,-10,-2,334
33275.0,83,-1,199
33277.5,-4,-33,225
33280.0,-111,-16,247
33282.5,-34,-5,439
33285.0,45,51,327
33287.5,27,10,296
33290.0,-51,-12,238
33292.5,-62,-8,260
33295.0,75,-11,387
33297.5,42,-4,305
33300.0,-1,24,317
33302.5,-18,-10,278
33305.0,-39,-66,407
33307.5,12,10,275
33310.0,-111,20,261
33312.5,-50,-52,369
33315.0,3,-28,274
33317.5,3,-28,274
33320.0,56,12,336
33322.5,-30,10,324
33325.0,37,-4,440
33327.5,24,-52,352
33330.0,72,29,253
33332.5,-15,-30,275
33335.0,-18,-35,334
33337.5,5,-16,257
33340.0,-94,-72,457
33342.5,-40,-18,300
33345.0,37,-5,256
33347.5,15,-48,300
33350.0,12,10,255
33352.5,-21,-15,293
33355.0,32,-2,298
33357.5,54,-5,277
33360.0,-26,-47,360
33362.5,-2,16,310
33365.0,72,53,307
33367.5,72,53,307
33370.0,13,7,330
33372.5,68,-29,270
33375.0,90,-3,242
33377.5,-133,-97,426
33380.0,9,-53,360
33382.5,-18,-44,371
33385.0,37,37,182
33387.5,15,5,277
33390.0,-57,-37,409
33392.5,9,-54,318
33395.0,71,28,333
33397.5,-25,-34,282
33400.0,22,-9,278
33402.5,25,0,300
33405.0,2,-36,342
33407.5,55,-36,318
33410.0,34,-12,344
33412.5,-35,-49,324
33415.0,-77,-91,305
33417.5,-77,-91,305
33420.0,-86,-80,284
33422.5,-26,-32,214
33425.0,110,-14,288
33427.5,40,50,478
33430.0,70,-40,354
33432.5,18,-32,229
33435.0,-1,-27,236
33437.5,41,5,298
33440.0,-20,31,453
33442.5,-63,-48,184
33445.0,-23,29,312
33447.5,-45,-15,312
33450.0,-43,-5,291
33452.5,17,35,218
33455.0,-9,-12,338
33457.5,40,-79,336
33460.0,16,7,348
33462.5,-74,-52,375
33465.0,12,-15,300
33467.5,12,-15,300
33470.0,13,-61,390
33472.5,-83,-58,286
33475.0,-29,27,232
33477.5,-1,41,302
33480.0,-27,-2,303
33482.5,28,-1,258
33485.0,-89,-66,367
33487.5,41,-12,303
33490.0,-26,-25,336
33492.5,-2,2,302
33495.0,83,32,307
33497.5,3,-56,403
33500.0,42,-53,399
33502.5,-14,-13,372
33505.0,15,34,394
33507.5,22,-28,286
33510.0,37,-66,350
33512.5,-1,-14,365
33515.0,-1,-14,365
33517.5,-19,-20,302
33520.0,-27,-55,311
33522.5,28,11,313
33525.0,34,-5,301
33527.5,0,15,378
33530.0,26,-11,313
33532.5,71,19,260
33535.0,-46,-58,330
33537.5,7,-8,273
33540.0,27,16,261
33542.5,-14,-2,328
33545.0,12,8,243
33547.5,68,16,300
33550.0,25,-4,319
33552.5,46,10,296
33555.0,-29,-7,329
33557.5,-9,-12,332
33560.0,-24,-18,311
33562.5,5,2,338
33565.0,5,2,338
33567.5,-31,-24,291
33570.0,55,-7,276
33572.5,28,31,311
33575.0,17,15,211
33577.5,-51,27,143
33580.0,31,22,434
33582.5,69,60,349
33585.0,-100,9,450
33587.5,-12,-3,337
33590.0,41,-8,308
33592.5,43,-11,165
33595.0,24,15,246
33597.5,30,-29,306
33600.0,-3,-35,357
33602.5,69,-7,233
33605.0,27,-10,269
33607.5,-28,-35,292
33610.0,10,-80,313
33612.5,-7,42,320
33615.0,-7,42,320
33617.5,-14,-20,271
33620.0,-77,-76,189
33622.5,-28,-51,369
33625.0,-56,-46,348
33627.5,-61,-73,409
33630.0,51,6,310
33632.5,44,5,260
33635.0,-9,-20,342
33637.5,33,8,432
33640.0,45,31,418
33642.5,-32,8,403
33645.0,73,-58,255
33647.5,43,24,331
33650.0,24,-60,236
33652.5,26,3,297
33655.0,50,-24,401
33657.5,22,-31,330
33660.0,64,-5,235
33662.5,-49,43,233
33665.0,-49,43,233
33667.5,8,-27,201
33670.0,-3,-79,395
33672.5,-35,-21,335
33675.0,-36,-23,324
33677.5,21,-13,354
33680.0,-18,-30,402
33682.5,6,-54,327
33685.0,-33,9,279
33687.5,-56,41,313
33690.0,-12,53,217
33692.5,-2,18,298
33695.0,9,-36,184
33697.5,14,-60,360
33700.0,-8,-15,332
33702.5,113,39,305
33705.0,-40,-12,303
33707.5,5,2,240
33710.0,-6,-3,344
33712.5,1,-41,325
33715.0,1,-41,325
33717.5,-21,-17,414
33720.0,6,9,321
33722.5,-32,-38,344
33725.0,67,33,229
33727.5,23,-1,330
33730.0,31,-19,263
33732.5,57,2,292
33735.0,-31,3,317
33737.5,12,11,303
33740.0,16,-16,338
33742.5,56,8,283
33745.0,5,25,167
33747.5,-94,-110,243
33750.0,9,-51,250
33752.5,-105,-37,346
33755.0,-73,-23,337
33757.5,-8,-10,331
33760.0,-2,-13,270
33762.5,-58,-43,307
33765.0,-58,-43,307
33767.5,113,-18,334
33770.0,-18,-17,367
33772.5,-27,-54,241
33775.0,-7,-30,273
33777.5,-5,-3,316
33780.0,74,26,311
33782.5,10,-12,332
33785.0,0,-30,293
33787.5,92,7,370
33790.0,19,-12,259
33792.5,-27,-15,240
33795.0,-7,-29,240
33797.5,-165,-69,421
33800.0,-35,-15,254
33802.5,-28,-27,342
33805.0,-8,0,233
33807.5,16,-27,264
33810.0,-7,-9,406
33812.5,46,13,373
33815.0,46,13,373
33817.5,127,18,211
33820.0,-68,-54,414
33822.5,-20,-1,443
33825.0,44,48,262
33827.5,-22,-34,292
33830.0,12,-86,297
33832.5,58,-27,314
33835.0,117,21,311
33837.5,58,-22,262
33840.0,45,-63,388
33842.5,65,41,325
33845.0,80,-5,234
33847.5,-34,-38,322
33850.0,84,-18,239
33852.5,73,50,252
33855.0,15,13,236
33857.5,76,-53,219
33860.0,21,-62,354
33862.5,21,-62,354
33865.0,-61,-15,375
33867.5,19,-25,298
33870.0,35,-6,302
33872.5,3,-51,335
33875.0,59,13,265
33877.5,-6,-96,366
33880.0,20,3,255
33882.5,49,-4,245
33885.0,-32,-22,338
33887.5,73,28,294
33890.0,-68,-15,352
33892.5,-12,-8,327
33895.0,38,4,275
33897.5,18,-65,316
33900.0,-38,-20,312
33902.5,-7,-26,314
33905.0,-25,-17,346
33907.5,-45,-64,314
33910.0,12,7,287
33912.5,12,7,287
33915.0,-19,4,337
33917.5,2,-10,268
33920.0,45,-13,269
33922.5,-17,-13,311
33925.0,27,2,318
33927.5,-4,-30,344
33930.0,-53,-55,375
33932.5,38,-7,306
33935.0,-14,-9,357
33937.5,43,38,312
33940.0,63,-46,282
33942.5,56,1,363
33945.0,-47,-46,285
33947.5,65,45,295
33950.0,-21,-19,315
33952.5,53,36,225
33955.0,-20,-14,410
33957.5,-79,-25,280
33960.0,106,37,194
33962.5,106,37,194
33965.0,61,-34,326
33967.5,-7,-57,405
33970.0,-89,5,464
33972.5,-51,-28,444
33975.0,86,20,256
33977.5,-51,-8,204
33980.0,-22,-9,238
33982.5,20,-5,351
33985.0,65,29,318
33987.5,-60,-25,303
33990.0,33,-4,268
33992.5,-5,-32,329
33995.0,-58,-29,312
33997.5,50,4,289
34000.0,24,-46,310
34002.5,38,-34,112
34005.0,-5,-66,352
34007.5,-6,22,382
34010.0,73,-17,407
34012.5,73,-17,407
34015.0,-18,-10,421
34017.5,22,-35,236
34020.0,3,38,247
34022.5,-54,-31,296
34025.0,40,-12,318
34027.5,-7,10,352
34030.0,-103,-30,305
34032.5,134,119,276
34035.0,15,27,232
34037.5,26,29,356
34040.0,180,60,247
34042.5,9,-6,304
34045.0,-33,-30,230
34047.5,12,23,425
34050.0,-128,-2,418
34052.5,-1,-26,398
34055.0,65,68,305
34057.5,16,6,277
34060.0,111,18,263
34062.5,111,18,263
34065.0,1,-55,252
34067.5,25,33,233
34070.0,-13,-46,345
34072.5,-8,-52,266
34075.0,39,33,359
34077.5,-39,21,347
34080.0,30,47,329
34082.5,11,12,377
34085.0,12,-12,321
34087.5,88,28,259
34090.0,22,-4,325
34092.5,-30,-64,382
34095.0,50,-5,283
34097.5,34,-4,347
34100.0,-56,-49,291
34102.5,-4,-19,267
34105.0,-5,16,282
34107.5,-6,-33,260
34110.0,-1,-43,350
34112.5,-1,-43,350
34115.0,-55,-28,335
34117.5,1,-38,316
34120.0,-2,-34,387
34122.5,-5,-16,292
34125.0,100,-12,202
34127.5,68,72,247
34130.0,111,53,323
34132.5,-4,-2,388
34135.0,-44,-62,341
34137.5,33,5,217
34140.0,76,39,297
34142.5,8,-11,229
34145.0,37,-22,324
34147.5,21,-1,296
34150.0,19,-15,229
34152.5,3,-5,313
34155.0,11,-14,322
34157.5,-29,-12,307
34160.0,44,-17,379
34162.5,44,-17,379
34165.0,41,1,259
34167.5,-28,11,265
34170.0,71,-1,307
34172.5,61,97,143
34175.0,72,-6,275
34177.5,-112,-19,273
34180.0,67,85,433
34182.5,90,19,350
34185.0,-7,-44,170
34187.5,12,-17,216
34190.0,2,10,356
34192.5,4,9,351
34195.0,32,12,261
34197.5,-9,-32,274
34200.0,-6,13,224
34202.5,-2,-29,296
34205.0,-19,-61,337
34207.5,37,41,302
34210.0,3,4,249
34212.5,3,4,249
34215.0,16,16,359
34217.5,67,-2,404
34220.0,-11,-86,383
34222.5,19,-31,253
34225.0,59,11,283
34227.5,-73,-28,277
34230.0,56,-3,244
34232.5,-40,-87,310
34235.0,-3,19,284
34237.5,75,35,209
34240.0,-45,-19,301
34242.5,44,25,361
34245.0,52,2,364
34247.5,66,-3,345
34250.0,75,-4,320
34252.5,-15,20,284
34255.0,-9,-11,364
34257.5,84,34,261
34260.0,84,34,261
34262.5,0,-68,268
34265.0,-30,26,252
34267.5,-18,-40,286
34270.0,27,8,312
34272.5,10,-12,373
34275.0,29,49,281
34277.5,-79,-24,305
34280.0,-21,-27,345
34282.5,14,-1,282
34285.0,-27,-31,371
34287.5,33,-8,264
34290.0,-43,7,223
34292.5,-21,-17,309
34295.0,35,3,270
34297.5,-20,-17,303
34300.0,-35,-11,300
34302.5,5,-11,295
34305.0,2,-14,345
34307.5,35,-28,317
34310.0,35,-28,317
34312.5,62,-6,285
34315.0,-9,-44,335
34317.5,37,22,270
34320.0,101,5,255
34322.5,-74,-39,310
34325.0,57,50,207
34327.5,-12,-5,315
34330.0,51,-35,242
34332.5,-64,-2,266
34335.0,66,-25,76
34337.5,29,2,58
34340.0,52,57,333
34342.5,15,-2,450
34345.0,5,-19,374
34347.5,28,-9,297
34350.0,9,-31,235
34352.5,8,-2,150
34355.0,24,-20,342
34357.5,-12,-12,355
34360.0,-12,-12,355
34362.5,-34,-36,305
34365.0,31,37,209
34367.5,43,-11,347
34370.0,35,-23,274
34372.5,21,-5,396
34375.0,-23,-61,251
34377.5,-14,-16,242
34380.0,-13,-12,428
34382.5,-119,64,408
34385.0,124,50,335
34387.5,121,0,383
34390.0,-44,3,334
34392.5,-37,-62,355
34395.0,23,-39,302
34397.5,58,1,168
34400.0,-26,-3,274
34402.5,-45,-50,312
34405.0,16,-6,312
34407.5,60,-19,332
34410.0,60,-19,332
34412.5,-50,-46,331
34415.0,79,-9,289
34417.5,34,-65,330
34420.0,134,-37,298
34422.5,5,-3,275
34425.0,76,-2,186
34427.5,-43,41,282
34430.0,34,27,382
34432.5,24,8,380
34435.0,89,33,325
34437.5,56,19,288
34440.0,51,-44,354
34442.5,-14,26,381
34445.0,31,-5,237
34447.5,38,29,339
34450.0,-119,-116,373
34452.5,23,56,273
34455.0,71,18,241
34457.5,4,-51,288
34460.0,4,-51,288
34462.5,58,-27,288
34465.0,49,61,262
34467.5,11,-33,288
34470.0,25,0,328
34472.5,44,-23,222
34475.0,-37,-46,266
34477.5,5,-5,379
34480.0,11,-39,264
34482.5,92,41,258
34485.0,45,1,272
34487.5,98,21,250
34490.0,-3,-8,327
34492.5,-18,13,316
34495.0,50,-10,258
34497.5,-8,18,359
34500.0,67,15,286
34502.5,1,33,369
34505.0,111,79,327
34507.5,-36,-41,276
34510.0,-36,-41,276
34512.5,-19,-71,478
34515.0,-36,-52,334
34517.5,66,-10,146
34520.0,2,5,301
34522.5,27,-7,221
34525.0,148,67,338
34527.5,47,-8,280
34530.0,6,3,243
34532.5,44,40,302
34535.0,-18,-24,337
34537.5,55,6,333
34540.0,-15,-16,366
34542.5,15,19,218
34545.0,-5,-70,369
34547.5,-49,12,316
34550.0,217,16,235
34552.5,124,37,405
34555.0,-155,-43,391
34557.5,-25,-7,286
34560.0,-25,-7,286
34562.5,25,-110,270
34565.0,33,-24,302
34567.5,-7,-23,385
34570.0,24,12,367
34572.5,-12,-14,219
34575.0,99,-13,277
34577.5,-46,-14,195
34580.0,136,12,222
34582.5,88,-47,261
34585.0,-144,-39,353
34587.5,10,60,295
34590.0,-35,-12,338
34592.5,147,76,312
34595.0,71,-7,252
34597.5,-25,-34,354
34600.0,42,36,264
34602.5,-80,-21,210
34605.0,-67,-107,333
34607.5,-67,-107,333
34610.0,12,-26,295
34612.5,41,35,227
34615.0,-22,-14,319
34617.5,16,-109,378
34620.0,8,-2,310
34622.5,-55,-88,292
34625.0,72,15,268
34627.5,17,-22,348
34630.0,67,37,269
34632.5,-16,-57,234
34635.0,9,-18,293
34637.5,9,7,298
34640.0,-2,10,277
34642.5,23,-12,268
34645.0,26,-5,305
34647.5,-36,-33,346
34650.0,-13,-11,336
34652.5,67,17,292
34655.0,-2,-32,344
34657.5,-2,-32,344
34660.0,5,-68,362
34662.5,18,-19,260
34665.0,-20,-28,344
34667.5,7,-12,210
34670.0,26,-6,263
34672.5,31,-2,304
34675.0,9,-24,287
34677.5,-22,1,315
34680.0,13,0,339
34682.5,21,-22,309
34685.0,36,18,320
34687.5,25,23,328
34690.0,62,37,273
34692.5,-38,-46,323
34695.0,53,9,260
34697.5,2,-37,205
34700.0,-9,0,308
34702.5,20,-16,255
34705.0,35,8,275
34707.5,35,8,275
34710.0,46,12,235
34712.5,-10,25,322
34715.0,92,64,274
34717.5,34,-63,348
34720.0,9,7,308
34722.5,-43,12,428
34725.0,16,-28,376
34727.5,148,-21,101
34730.0,73,6,208
34732.5,51,-7,202
34735.0,49,24,427
34737.5,16,23,277
34740.0,-67,-24,323
34742.5,-31,-24,312
34745.0,-16,-12,359
34747.5,49,12,313
34750.0,-9,28,315
34752.5,-14,-21,199
34755.0,94,-27,231
34757.5,94,-27,231
34760.0,-4,-38,254
34762.5,36,-10,274
34765.0,-4,-2,368
34767.5,20,10,376
34770.0,-8,-24,171
34772.5,45,11,229
34775.0,49,-42,286
34777.5,33,2,365
34780.0,49,-5,284
34782.5,23,-10,330
34785.0,-4,-20,349
34787.5,58,22,373
34790.0,14,30,368
34792.5,42,-2,339
34795.0,-4,-41,216
34797.5,-4,34,248
34800.0,-17,-7,248
34802.5,-35,-86,353
34805.0,1,-44,385
34807.5,1,-44,385
34810.0,0,-40,358
34812.5,63,-4,184
34815.0,7,1,288
34817.5,-51,-54,411
34820.0,7,12,317
34822.5,-15,-48,368
34825.0,24,21,259
34827.5,17,9,410
34830.0,-7,-33,324
34832.5,5,-19,338
34835.0,-4,27,344
34837.5,-16,22,233
34840.0,-18,-37,285
34842.5,8,-4,310
34845.0,51,3,277
34847.5,-1,20,203
34850.0,43,0,373
34852.5,5,-25,309
34855.0,-65,-47,373
34857.5,-65,-47,373
34860.0,8,8,205
34862.5,-17,-4,329
34865.0,-54,-37,352
34867.5,-4,19,295
34870.0,-10,-20,349
34872.5,-11,-32,299
34875.0,23,-9,262
34877.5,34,46,400
34880.0,-124,-116,254
34882.5,-32,-26,227
34885.0,-201,-134,336
34887.5,-11,4,345
34890.0,-34,15,345
34892.5,23,-37,273
34895.0,49,-19,267
34897.5,-18,-25,394
34900.0,38,-12,303
34902.5,49,19,309
34905.0,-30,-35,262
34907.5,-30,-35,262
34910.0,27,9,293
34912.5,-3,0,358
34915.0,-35,-32,333
34917.5,19,35,225
34920.0,-68,-17,313
34922.5,-24,-31,282
34925.0,105,27,284
34927.5,78,-11,201
34930.0,101,17,236
34932.5,17,64,249
34935.0,-70,-81,289
34937.5,9,-9,392
34940.0,-18,-57,307
34942.5,67,17,261
34945.0,44,-18,370
34947.5,7,43,387
34950.0,114,-40,198
34952.5,71,3,185
34955.0,12,-38,309
34957.5,12,-38,309
34960.0,60,32,260
34962.5,4,-10,217
34965.0,-65,-31,314
34967.5,-64,-54,271
34970.0,-5,-11,415
34972.5,31,1,264
34975.0,108,15,242
34977.5,-113,-11,393
34980.0,7,-42,254
34982.5,-84,-55,326
34985.0,32,-33,285
34987.5,-35,-31,324
34990.0,-13,53,228
34992.5,-88,22,390
34995.0,-24,-11,343
34997.5,39,11,370
35000.0,-7,16,361
35002.5,31,-13,298
35005.0,31,-13,298
35007.5,2,-19,342
35010.0,1,-23,419
35012.5,3,-1,234
35015.0,-6,-36,318
35017.5,-13,19,201
35020.0,-14,31,279
35022.5,-31,-48,285
35025.0,-17,-33,288
35027.5,-22,-45,313
35030.0,4,13,351
35032.5,41,-18,322
35035.0,9,-35,345
35037.5,-18,-24,283
35040.0,47,20,261
35042.5,-10,-39,347
35045.0,36,5,234
35047.5,8,-8,271
35050.0,-85,-63,315
35052.5,29,11,270
35055.0,29,11,270
35057.5,-8,-3,317
35060.0,46,21,331
35062.5,16,-12,313
35065.0,-17,-29,343
35067.5,32,-1,326
35070.0,-39,-24,275
35072.5,-5,-6,324
35075.0,36,16,272
35077.5,25,8,245
35080.0,-113,-60,346
35082.5,-69,-70,297
35085.0,19,-22,159
35087.5,-162,-118,299
35090.0,33,15,307
35092.5,6,-41,423
35095.0,-1,24,338
35097.5,37,-28,337
35100.0,48,-21,137
35102.5,-11,-6,200
35105.0,-11,-6,200
35107.5,-2,-19,303
35110.0,47,-12,306
35112.5,27,-14,289
35115.0,-22,-21,279
35117.5,53,-19,282
35120.0,-3,-25,371
35122.5,-4,13,388
35125.0,15,-8,268
35127.5,123,47,231
35130.0,31,-28,355
35132.5,113,-31,192
35135.0,84,12,249
35137.5,19,-33,391
35140.0,10,-40,428
35142.5,2,-1,324
35145.0,-4,-9,96
35147.5,78,-5,261
35150.0,2,-12,364
35152.5,13,-40,284
35155.0,13,-40,284
35157.5,127,37,269
35160.0,16,6,249
35162.5,-26,-48,317
35165.0,-53,-39,376
35167.5,2,-58,262
35170.0,20,-9,326
35172.5,19,4,352
35175.0,14,-25,511
35177.5,91,36,266
35180.0,11,-12,342
35182.5,-23,-37,337
35185.0,17,17,348
35187.5,8,-65,360
35190.0,45,48,239
35192.5,-33,-29,386
35195.0,7,5,215
35197.5,73,-34,264
35200.0,33,-5,321
35202.5,45,26,300
35205.0,45,26,300
35207.5,2,-10,371
35210.0,-53,19,477
35212.5,-45,-73,321
35215.0,34,-10,346
35217.5,42,-1,203
35220.0,22,14,277
35222.5,27,-3,317
35225.0,-46,-53,419
35227.5,9,-4,322
35230.0,-44,-32,347
35232.5,65,9,229
35235.0,-25,-33,337
35237.5,72,1,204
35240.0,-48,-6,236
35242.5,-13,-20,396
35245.0,47,29,321
35247.5,62,23,343
35250.0,26,30,319
35252.5,73,7,285
35255.0,73,7,285
35257.5,-25,-18,355
35260.0,54,4,274
35262.5,18,-12,406
35265.0,-74,-57,218
35267.5,-154,-82,289
35270.0,134,43,277
35272.5,38,38,364
35275.0,28,21,374
35277.5,-29,-32,317
35280.0,96,6,121
35282.5,53,-3,266
35285.0,-17,-16,337
35287.5,36,1,314
35290.0,29,19,241
35292.5,-20,11,318
35295.0,85,-5,342
35297.5,-49,-42,358
35300.0,31,11,315
35302.5,59,15,251
35305.0,59,15,251
35307.5,-36,-28,315
35310.0,1,-28,296
35312.5,31,-17,325
35315.0,53,-41,189
35317.5,85,-4,260
35320.0,46,-56,326
35322.5,57,31,333
35325.0,-83,-28,393
35327.5,21,-58,326
35330.0,-31,-62,248
35332.5,34,-5,244
35335.0,97,30,323
35337.5,19,9,380
35340.0,58,35,251
35342.5,-3,-12,245
35345.0,17,-25,300
35347.5,39,34,278
35350.0,19,-14,352
35352.5,19,-14,352
35355.0,28,-17,351
35357.5,-62,-24,396
35360.0,42,-44,359
35362.5,144,18,163
35365.0,-149,-141,185
35367.5,1,-28,282
35370.0,48,-16,285
35372.5,1,-65,338
35375.0,-35,-32,258
35377.5,27,-37,351
35380.0,-16,-14,331
35382.5,16,13,330
35385.0,-22,-45,326
35387.5,25,33,313
35390.0,1,-50,300
35392.5,26,-30,339
35395.0,51,40,229
35397.5,13,-4,279
35400.0,9,6,268
35402.5,9,6,268
35405.0,24,30,265
35407.5,-71,-4,320
35410.0,-40,4,291
35412.5,21,8,299
35415.0,-32,-38,324
35417.5,-27,-24,325
35420.0,72,1,317
35422.5,-24,-11,325
35425.0,4,-28,312
35427.5,16,4,206
35430.0,-27,-19,343
35432.5,49,8,256
35435.0,28,32,270
35437.5,3,-31,300
35440.0,28,-7,291
35442.5,-17,-52,335
35445.0,15,7,352
35447.5,32,-12,332
35450.0,36,17,367
35452.5,36,17,367
35455.0,-5,-30,325
35457.5,20,16,256
35460.0,22,33,322
35462.5,28,-30,130
35465.0,142,-1,132
35467.5,-57,-127,56
35470.0,89,-13,146
35472.5,-29,-42,319
35475.0,-13,-32,405
35477.5,20,14,316
35480.0,120,90,229
35482.5,24,-23,266
35485.0,-33,-24,301
35487.5,76,39,420
35490.0,1,24,219
35492.5,-41,-15,241
35495.0,8,16,244
35497.5,-3,-26,301
35500.0,90,38,314
35502.5,90,38,314
35505.0,30,15,392
35507.5,17,-24,279
35510.0,-9,7,334
35512.5,-88,-93,285
35515.0,-53,-2,393
35517.5,25,-13,397
35520.0,34,29,214
35522.5,29,-24,149
35525.0,22,-16,267
35527.5,79,-7,408
35530.0,18,16,444
35532.5,52,20,219
35535.0,2,16,219
35537.5,-121,8,418
35540.0,-30,54,279
35542.5,-116,-16,363
35545.0,-43,-17,437
35547.5,48,2,334
35550.0,63,-9,283
35552.5,63,-9,283
35555.0,33,26,281
35557.5,23,-22,244
35560.0,48,-47,324
35562.5,56,11,314
35565.0,3,0,327
35567.5,-42,-17,322
35570.0,60,28,301
35572.5,-44,-73,454
35575.0,15,4,255
35577.5,122,50,259
35580.0,-40,-5,270
35582.5,16,-12,269
35585.0,23,-11,219
35587.5,-2,-116,282
35590.0,61,-19,384
35592.5,8,9,350
35595.0,-32,-35,273
35597.5,117,20,194
35600.0,-41,-54,273
35602.5,-41,-54,273
35605.0,31,12,252
35607.5,4,-1,412
35610.0,-38,-34,351
35612.5,42,-15,306
35615.0,-3,1,335
35617.5,-5,-15,276
35620.0,84,-7,292
35622.5,-21,-13,291
35625.0,20,13,271
35627.5,-3,-16,300
35630.0,-31,-69,347
35632.5,232,63,275
35635.0,-85,-143,372
35637.5,-8,-50,305
35640.0,66,63,294
35642.5,65,2,378
35645.0,16,-34,339
35647.5,35,-3,251
35650.0,-59,-19,317
35652.5,-59,-19,317
35655.0,31,-12,270
35657.5,14,-5,417
35660.0,16,11,338
35662.5,27,4,218
35665.0,9,5,333
35667.5,77,-3,231
35670.0,4,-2,318
35672.5,-73,-43,285
35675.0,-4,-67,323
35677.5,8,2,302
35680.0,2,-29,336
35682.5,89,127,231
35685.0,54,94,331
35687.5,32,13,368
35690.0,87,30,357
35692.5,-14,-17,219
35695.0,20,-12,294
35697.5,0,-49,324
35700.0,0,-49,324
35702.5,-20,19,383
35705.0,41,-3,296
35707.5,37,31,258
35710.0,-7,-74,323
35712.5,11,11,304
35715.0,-41,-13,295
35717.5,31,19,297
35720.0,-15,-41,238
35722.5,8,56,297
35725.0,50,-56,349
35727.5,-16,-57,276
35730.0,40,-47,330
35732.5,-35,6,308
35735.0,3,-14,306
35737.5,66,49,293
35740.0,-31,-12,337
35742.5,9,-9,327
35745.0,16,12,183
35747.5,32,10,269
35750.0,32,10,269
35752.5,36,-3,329
35755.0,0,-4,287
35757.5,14,2,341
35760.0,79,37,299
35762.5,-77,-69,356
35765.0,43,-34,327
35767.5,5,-9,267
35770.0,35,-13,309
35772.5,16,94,419
35775.0,45,36,337
35777.5,22,-23,232
35780.0,-69,-39,315
35782.5,51,0,244
35785.0,8,-4,319
35787.5,8,-9,360
35790.0,22,-22,273
35792.5,-21,-24,321
35795.0,-8,-6,350
35797.5,-38,-35,321
35800.0,-38,-35,321
35802.5,14,-3,349
35805.0,1,-43,302
35807.5,53,4,288
35810.0,-45,-60,315
35812.5,0,0,245
35815.0,0,-40,259
35817.5,-85,-40,320
35820.0,13,-5,270
35822.5,10,4,305
35825.0,-7,2,366
35827.5,93,11,248
35830.0,3,-19,335
35832.5,5,-60,329
35835.0,39,27,311
35837.5,72,55,282
35840.0,-9,-13,301
35842.5,-35,-23,164
35845.0,-21,-8,291
35847.5,19,13,332
35850.0,19,13,332
35852.5,47,-29,288
35855.0,-52,-19,441
35857.5,27,34,229
35860.0,-1,-34,197
35862.5,25,9,240
35865.0,62,6,303
35867.5,-14,-11,423
35870.0,18,-16,175
35872.5,-71,9,291
35875.0,19,-30,205
35877.5,-25,-17,322
35880.0,44,6,366
35882.5,-40,3,289
35885.0,31,-24,298
35887.5,125,30,168
35890.0,-20,-16,192
35892.5,-51,-7,341
35895.0,-55,7,323
35897.5,16,3,264
35900.0,16,3,264
35902.5,-52,9,271
35905.0,-45,-5,299
35907.5,-24,-18,350
35910.0,-20,-25,408
35912.5,30,4,304
35915.0,14,-19,283
35917.5,-12,-19,268
35920.0,18,-19,306
35922.5,39,34,251
35925.0,34,-36,382
35927.5,56,-55,330
35930.0,33,-4,407
35932.5,28,17,247
35935.0,8,-51,273
35937.5,-28,-31,341
35940.0,-30,-14,312
35942.5,12,-21,239
35945.0,7,-15,421
35947.5,-25,-3,380
35950.0,-25,-3,380
35952.5,68,42,244
35955.0,49,-29,286
35957.5,65,3,344
35960.0,-27,13,359
35962.5,25,21,218
35965.0,-64,-41,433
35967.5,6,61,348
35970.0,32,-13,376
35972.5,9,-1,325
35975.0,43,-6,312
35977.5,6,-27,257
35980.0,-1,-3,273
35982.5,1,-14,415
35985.0,-30,-37,342
35987.5,-28,-12,332
35990.0,9,-37,316
35992.5,17,47,320
35995.0,32,33,312
35997.5,44,14,256
36000.0,44,14,256
36002.5,-4,12,321
36005.0,25,-25,287
36007.5,48,37,329
36010.0,40,53,329
36012.5,55,9,346
36015.0,-117,-80,235
36017.5,101,116,340
36020.0,45,28,365
36022.5,20,-23,351
36025.0,38,-31,155
36027.5,23,-16,309
36030.0,-31,-29,307
36032.5,21,9,321
36035.0,12,-28,322
36037.5,-51,-1,266
36040.0,51,-2,264
36042.5,-56,-47,335
36045.0,-35,-17,248
36047.5,-35,-17,248
36050.0,56,24,261
36052.5,-78,-46,296
36055.0,91,23,394
36057.5,72,23,287
36060.0,-6,-14,268
36062.5,35,-47,329
36065.0,-117,-105,465
36067.5,-5,-35,292
36070.0,-7,20,189
36072.5,-57,-50,278
36075.0,-12,-32,294
36077.5,42,11,321
36080.0,-22,7,228
36082.5,-6,10,324
36085.0,-8,-32,341
36087.5,-19,83,350
36090.0,63,9,276
36092.5,-86,-3,272
36095.0,-13,28,274
36097.5,-13,28,274
36100.0,92,36,288
36102.5,4,-33,350
36105.0,46,84,184
36107.5,1,9,328
36110.0,5,-37,315
36112.5,59,19,310
36115.0,8,-8,281
36117.5,79,10,307
36120.0,81,21,328
36122.5,-29,-53,397
36125.0,-29,-63,315
36127.5,38,20,314
36130.0,-39,-9,300
36132.5,47,34,243
36135.0,7,-33,336
36137.5,-10,-3,235
36140.0,59,22,276
36142.5,31,-6,355
36145.0,-39,-23,335
36147.5,-39,-23,335
36150.0,-8,-13,311
36152.5,26,56,298
36155.0,64,-18,293
36157.5,93,33,292
36160.0,-8,-32,380
36162.5,61,21,284
36165.0,-17,-21,320
36167.5,-42,-34,260
36170.0,47,14,283
36172.5,27,13,320
36175.0,0,-31,328
36177.5,-13,1,325
36180.0,-3,17,351
36182.5,52,-3,313
36185.0,46,-17,332
36187.5,45,-7,348
36190.0,1,-52,282
36192.5,60,8,263
36195.0,21,6,335
36197.5,21,6,335
36200.0,33,1,209
36202.5,44,6,307
36205.0,-7,2,339
36207.5,41,16,293
36210.0,51,-10,348
36212.5,36,17,335
36215.0,6,-29,295
36217.5,49,-26,395
36220.0,-49,18,404
36222.5,59,-5,286
36225.0,-58,-29,248
36227.5,69,32,309
36230.0,81,-30,361
36232.5,12,-30,263
36235.0,21,-15,360
36237.5,-15,-6,256
36240.0,-50,-31,251
36242.5,109,23,291
36245.0,105,15,376
36247.5,105,15,376
36250.0,44,71,267
36252.5,11,-40,235
36255.0,43,24,283
36257.5,59,31,259
36260.0,18,26,319
36262.5,-84,-62,350
36265.0,-5,-15,337
36267.5,-47,-10,489
36270.0,-25,-27,413
36272.5,-1,-77,422
36275.0,-6,-22,426
36277.5,10,1,307
36280.0,75,10,128
36282.5,12,8,301
36285.0,30,-23,370
36287.5,13,-1,380
36290.0,20,36,300
36292.5,-23,-40,186
36295.0,34,-23,146
36297.5,34,-23,146
36300.0,-42,-30,281
36302.5,80,63,255
36305.0,-32,-26,364
36307.5,-27,25,294
36310.0,56,25,229
36312.5,90,50,298
36315.0,40,-17,265
36317.5,25,-2,363
36320.0,70,9,334
36322.5,-40,-84,331
36325.0,-75,-92,289
36327.5,-9,-122,292
36330.0,-27,-53,348
36332.5,1,-6,270
36335.0,46,0,221
36337.5,19,9,326
36340.0,12,14,363
36342.5,74,14,374
36345.0,-21,43,315
36347.5,-21,43,315
36350.0,29,18,272
36352.5,51,25,314
36355.0,25,13,262
36357.5,66,22,371
36360.0,35,24,245
36362.5,1,0,258
36365.0,-2,5,273
36367.5,-31,-72,343
36370.0,2,24,299
36372.5,11,-12,335
36375.0,-14,-29,263
36377.5,-71,2,301
36380.0,-17,-15,301
36382.5,37,11,288
36385.0,-55,15,298
36387.5,123,40,307
36390.0,38,34,198
36392.5,72,55,407
36395.0,23,36,293
36397.5,23,36,293
36400.0,-32,4,306
36402.5,10,-30,189
36405.0,-9,-46,250
36407.5,-22,-38,364
36410.0,10,-33,353
36412.5,64,35,301
36415.0,-45,-27,329
36417.5,6,3,261
36420.0,43,1,322
36422.5,-49,-20,312
36425.0,35,-25,263
36427.5,74,49,289
36430.0,-45,-14,313
36432.5,-11,-3,247
36435.0,13,28,290
36437.5,2,26,246
36440.0,4,-10,302
36442.5,15,-137,482
36445.0,15,-137,482
36447.5,35,43,317
36450.0,-1,-7,342
36452.5,-40,-21,181
36455.0,28,9,262
36457.5,36,39,335
36460.0,-59,-32,244
36462.5,7,-1,268
36465.0,19,22,387
36467.5,-67,-2,334
36470.0,84,-21,192
36472.5,-64,-56,326
36475.0,-30,-3,245
36477.5,29,-8,387
36480.0,-8,82,307
36482.5,53,-3,336
36485.0,-18,18,218
36487.5,-51,14,283
36490.0,-24,-34,300
36492.5,-65,-19,359
36495.0,-65,-19,359
36497.5,-46,-71,335
36500.0,-12,37,207
36502.5,-63,-45,377
36505.0,-3,-4,240
36507.5,34,-10,268
36510.0,-2,-22,348
36512.5,23,-50,260
36515.0,4,-82,332
36517.5,-64,-21,325
36520.0,32,3,264
36522.5,48,25,282
36525.0,-14,24,329
36527.5,14,5,258
36530.0,-15,-11,323
36532.5,15,40,260
36535.0,120,46,277
36537.5,-29,0,314
36540.0,10,-2,255
36542.5,13,-18,313
36545.0,13,-18,313
36547.5,-5,0,322
36550.0,15,-35,284
36552.5,-8,-24,347
36555.0,-9,1,300
36557.5,34,7,286
36560.0,-21,-47,394
36562.5,-32,-39,308
36565.0,65,14,259
36567.5,-51,-32,336
36570.0,3,8,262
36572.5,-34,1,256
36575.0,-5,-19,321
36577.5,16,-23,295
36580.0,32,22,320
36582.5,-68,-65,342
36585.0,21,6,305
36587.5,-62,-42,318
36590.0,-17,-28,400
36592.5,-11,-49,406
36595.0,-11,-49,406
36597.5,-77,-41,301
36600.0,-37,-75,353
36602.5,-60,-17,385
36605.0,-7,-24,435
36607.5,4,-39,330
36610.0,76,33,311
36612.5,-2,-24,220
36615.0,-6,-22,228
36617.5,55,-28,368
36620.0,-40,-67,447
36622.5,117,58,203
36625.0,-35,-19,271
36627.5,49,-38,220
36630.0,-36,20,365
36632.5,-32,-23,380
36635.0,72,42,271
36637.5,21,8,277
36640.0,73,-18,261
36642.5,110,1,328
36645.0,110,1,328
36647.5,-12,-30,365
36650.0,-3,-3,379
36652.5,8,-31,347
36655.0,-31,4,159
36657.5,37,47,291
36660.0,-2,-18,397
36662.5,49,-25,405
36665.0,115,50,250
36667.5,41,37,300
36670.0,35,-30,199
36672.5,56,30,278
36675.0,80,-32,202
36677.5,43,-24,350
36680.0,35,-12,338
36682.5,6,0,378
36685.0,89,4,312
36687.5,69,-6,315
36690.0,-15,-41,207
36692.5,3,-47,330
36695.0,3,-47,330
36697.5,54,-29,256
36700.0,-24,13,258
36702.5,-13,-58,380
36705.0,14,-2,384
36707.5,108,29,213
36710.0,-29,-21,330
36712.5,-18,-20,234
36715.0,60,8,350
36717.5,43,37,448
36720.0,62,17,330
36722.5,5,-18,345
36725.0,-12,9,281
36727.5,71,8,307
36730.0,-19,-28,346
36732.5,59,-30,375
36735.0,22,25,424
36737.5,-24,-9,230
36740.0,-31,-35,291
36742.5,61,19,309
36745.0,61,19,309
36747.5,-29,-31,322
36750.0,46,30,215
36752.5,24,-22,396
36755.0,-3,28,243
36757.5,48,0,319
36760.0,-77,-43,306
36762.5,12,-5,283
36765.0,49,-9,345
36767.5,-23,-5,311
36770.0,11,-6,255
36772.5,167,53,371
36775.0,-23,-58,458
36777.5,-26,-55,287
36780.0,8,-1,279
36782.5,16,-39,397
36785.0,-26,22,158
36787.5,-55,-33,321
36790.0,18,-3,380
36792.5,-22,-25,385
36795.0,-22,-25,385
36797.5,15,-53,248
36800.0,78,47,227
36802.5,25,21,288
36805.0,81,8,262
36807.5,16,20,313
36810.0,-80,-47,275
36812.5,46,5,337
36815.0,-21,-14,360
36817.5,8,2,279
36820.0,7,-14,281
36822.5,64,-96,288
36825.0,172,36,228
36827.5,27,12,411
36830.0,-1,23,398
36832.5,-32,-12,287
36835.0,10,14,196
36837.5,53,25,309
36840.0,19,-26,403
36842.5,-28,-41,276
36845.0,-28,-41,276
36847.5,-5,5,255
36850.0,44,47,225
36852.5,-22,11,315
36855.0,59,-17,339
36857.5,-3,6,258
36860.0,-51,-24,304
36862.5,14,-25,342
36865.0,-5,-23,329
36867.5,94,-49,246
36870.0,101,6,277
36872.5,149,-27,320
36875.0,44,26,264
36877.5,42,-29,329
36880.0,20,25,287
36882.5,24,4,266
36885.0,98,-2,306
36887.5,-35,-7,274
36890.0,53,10,277
36892.5,53,10,277
36895.0,-4,8,335
36897.5,-40,-17,350
36900.0,14,-48,301
36902.5,-47,-31,331
36905.0,70,-12,357
36907.5,-11,-57,334
36910.0,65,-3,375
36912.5,11,-54,272
36915.0,83,-14,275
36917.5,23,-25,275
36920.0,-40,-4,231
36922.5,30,-9,308
36925.0,-2,-9,327
36927.5,50,17,283
36930.0,45,4,322
36932.5,-23,-28,359
36935.0,43,-11,331
36937.5,37,16,349
36940.0,-29,-44,299
36942.5,-29,-44,299
36945.0,42,-21,259
36947.5,-7,34,328
36950.0,26,14,248
36952.5,-3,-15,234
36955.0,-32,-47,318
36957.5,38,25,273
36960.0,57,5,279
36962.5,-5,-57,339
36965.0,38,-5,304
36967.5,37,45,323
36970.0,-73,-44,314
36972.5,65,74,260
36975.0,-80,-23,363
36977.5,-12,-9,187
36980.0,32,21,238
36982.5,1,-13,355
36985.0,-62,69,399
36987.5,12,-7,286
36990.0,4,-63,389
36992.5,4,-63,389
36995.0,59,22,197
36997.5,-32,-35,255
37000.0,45,19,334
37002.5,42,39,418
37005.0,-26,-21,366
37007.5,-43,-20,246
37010.0,-1,-10,298
37012.5,-5,-14,309
37015.0,38,18,308
37017.5,22,5,320
37020.0,-25,41,244
37022.5,195,44,282
37025.0,59,-40,239
37027.5,52,33,281
37030.0,32,22,329
37032.5,3,-19,308
37035.0,16,33,113
37037.5,85,-4,199
37040.0,23,-46,306
37042.5,23,-46,306
37045.0,19,25,295
37047.5,-47,-25,335
37050.0,31,11,339
37052.5,-19,-62,305
37055.0,26,-11,361
37057.5,-28,12,302
37060.0,20,24,292
37062.5,41,-19,257
37065.0,41,-31,209
37067.5,7,-12,430
37070.0,-7,-13,315
37072.5,-10,45,271
37075.0,-44,-31,248
37077.5,-2,-30,293
37080.0,-22,30,492
37082.5,-39,-9,310
37085.0,19,1,291
37087.5,-59,-40,315
37090.0,29,-24,245
37092.5,29,-24,245
37095.0,101,18,53
37097.5,18,-37,254
37100.0,15,-46,296
37102.5,6,-7,290
37105.0,-19,-25,306
37107.5,43,2,275
37110.0,10,-32,324
37112.5,51,-5,205
37115.0,-11,-7,316
37117.5,-85,-54,349
37120.0,-14,-7,299
37122.5,68,0,357
37125.0,-25,-42,319
37127.5,41,18,247
37130.0,-2,17,325
37132.5,-22,-12,245
37135.0,34,13,313
37137.5,-76,-57,285
37140.0,12,120,276
37142.5,12,120,276
37145.0,47,39,246
37147.5,-18,-103,270
37150.0,139,47,341
37152.5,-20,8,418
37155.0,-55,-26,280
37157.5,87,29,220
37160.0,-1,18,279
37162.5,-31,-72,293
37165.0,-30,2,365
37167.5,-49,-47,334
37170.0,52,-6,269
37172.5,-32,-10,389
37175.0,43,24,255
37177.5,38,12,270
37180.0,-38,-41,273
37182.5,76,23,276
37185.0,55,1,276
37187.5,69,-3,231
37190.0,203,57,275
37192.5,203,57,275
37195.0,146,4,372
37197.5,36,-28,330
37200.0,59,33,304
37202.5,-54,-41,258
37205.0,-29,-27,256
37207.5,24,-15,307
37210.0,10,23,341
37212.5,21,18,218
37215.0,-45,-46,301
37217.5,-74,3,290
37220.0,-7,-3,283
37222.5,145,32,380
37225.0,27,28,241
37227.5,28,-20,235
37230.0,17,34,365
37232.5,17,-30,300
37235.0,-71,-22,264
37237.5,3,-24,227
37240.0,55,3,315
37242.5,55,3,315
37245.0,-62,-48,300
37247.5,-2,-47,387
37250.0,51,6,328
37252.5,-47,5,329
37255.0,-42,-32,316
37257.5,-10,-24,311
37260.0,-71,-25,405
37262.5,75,-20,300
37265.0,83,16,339
37267.5,30,-45,287
37270.0,-12,-23,250
37272.5,59,-3,282
37275.0,-9,-1,293
37277.5,50,-25,286
37280.0,74,-33,339
37282.5,-30,-41,365
37285.0,91,12,224
37287.5,-61,-53,374
37290.0,-61,-53,374
37292.5,36,30,252
37295.0,42,-12,251
37297.5,36,-33,280
37300.0,67,25,267
37302.5,41,13,318
37305.0,-13,9,310
37307.5,32,5,292
37310.0,6,-36,354
37312.5,-7,21,327
37315.0,15,-6,325
37317.5,38,-17,330
37320.0,55,54,253
37322.5,-23,-54,242
37325.0,0,-14,322
37327.5,-4,-54,235
37330.0,-28,-23,288
37332.5,-32,-47,323
37335.0,20,-4,245
37337.5,28,25,286
37340.0,28,25,286
37342.5,-17,6,338
37345.0,75,22,312
37347.5,32,3,311
37350.0,97,-26,504
37352.5,-48,-12,379
37355.0,-24,-47,289
37357.5,-20,-31,344
37360.0,-66,-87,348
37362.5,-67,-65,358
37365.0,-35,-23,374
37367.5,112,20,180
37370.0,9,-19,219
37372.5,67,-20,244
37375.0,54,-25,397
37377.5,17,-21,329
37380.0,31,14,209
37382.5,31,3,254
37385.0,-5,33,279
37387.5,12,-22,327
37390.0,12,-22,327
37392.5,-21,-22,347
37395.0,-43,-82,298
37397.5,-42,-27,308
37400.0,26,-12,347
37402.5,129,18,348
37405.0,4,-5,372
37407.5,5,3,317
37410.0,-24,20,246
37412.5,-15,-25,158
37415.0,24,12,275
37417.5,-41,-36,355
37420.0,7,-54,332
37422.5,16,-19,265
37425.0,-29,-10,202
37427.5,-13,-34,348
37430.0,78,15,333
37432.5,32,-14,333
37435.0,17,29,284
37437.5,-41,-38,239
37440.0,-41,-38,239
37442.5,46,16,130
37445.0,-6,-45,268
37447.5,94,-1,330
37450.0,50,3,236
37452.5,39,15,209
37455.0,-11,-40,309
37457.5,-125,-20,504
37460.0,44,11,374
37462.5,0,14,284
37465.0,-41,-68,248
37467.5,46,0,351
37470.0,-10,-19,266
37472.5,38,-39,339
37475.0,55,52,272
37477.5,42,-23,291
37480.0,-33,6,256
37482.5,-2,-39,284
37485.0,66,37,175
37487.5,8,-20,270
37490.0,8,-20,270
37492.5,-17,-9,391
37495.0,5,21,286
37497.5,-24,-22,317
37500.0,14,-4,304
37502.5,2,-29,344
37505.0,55,25,299
37507.5,51,40,242
37510.0,-55,-39,323
37512.5,72,-2,306
37515.0,22,32,306
37517.5,-18,0,315
37520.0,118,128,383
37522.5,-77,-60,281
37525.0,-34,-54,302
37527.5,-82,-79,393
37530.0,-33,-48,389
37532.5,37,-22,123
37535.0,46,1,265
37537.5,-57,-17,288
37540.0,-57,-17,288
37542.5,32,3,296
37545.0,46,5,306
37547.5,-40,-51,291
37550.0,85,46,253
37552.5,-14,-47,370
37555.0,5,5,255
37557.5,-2,-30,330
37560.0,-59,-11,275
37562.5,28,25,373
37565.0,65,-29,399
37567.5,55,-61,313
37570.0,-18,-31,360
37572.5,56,25,360
37575.0,24,-3,201
37577.5,81,-16,176
37580.0,4,-27,290
37582.5,36,22,341
37585.0,-43,-84,277
37587.5,23,7,280
37590.0,23,7,280
37592.5,-4,-35,255
37595.0,10,-25,276
37597.5,189,90,267
37600.0,49,17,255
37602.5,-7,22,277
37605.0,16,-22,244
37607.5,40,77,293
37610.0,-30,-19,246
37612.5,7,-42,298
37615.0,28,29,320
37617.5,-1,-64,311
37620.0,72,28,313
37622.5,20,19,261
37625.0,44,19,320
37627.5,-52,-65,326
37630.0,28,37,358
37632.5,0,-19,346
37635.0,-4,-4,288
37637.5,43,21,291
37640.0,43,21,291
37642.5,-15,-45,234
37645.0,15,-16,312
37647.5,-16,-84,268
37650.0,41,20,277
37652.5,-4,1,317
37655.0,-6,-12,366
37657.5,-1,-48,321
37660.0,38,6,312
37662.5,14,-4,323
37665.0,45,4,252
37667.5,18,-7,300
37670.0,30,-2,346
37672.5,0,27,300
37675.0,-27,-10,302
37677.5,-6,-10,281
37680.0,-21,-32,328
37682.5,-31,-25,322
37685.0,33,26,305
37687.5,33,26,305
37690.0,23,0,349
37692.5,-3,-3,320
37695.0,-2,-24,324
37697.5,58,-5,342
37700.0,24,-18,266
37702.5,83,14,261
37705.0,40,32,313
37707.5,26,-10,258
37710.0,12,23,300
37712.5,-51,-57,344
37715.0,21,-13,327
37717.5,-5,22,349
37720.0,4,-60,370
37722.5,-16,-9,274
37725.0,-65,7,336
37727.5,-37,-39,398
37730.0,-70,40,380
37732.5,32,86,343
37735.0,10,-74,302
37737.5,10,-74,302
37740.0,-69,-47,434
37742.5,-19,-7,362
37745.0,116,117,190
37747.5,73,4,145
37750.0,-67,-38,237
37752.5,120,22,358
37755.0,-20,-11,413
37757.5,3,-35,227
37760.0,-13,-38,311
37762.5,43,8,255
37765.0,-28,-26,356
37767.5,-20,-29,348
37770.0,-11,-62,362
37772.5,-25,9,233
37775.0,32,-4,442
37777.5,-24,-86,333
37780.0,1,13,214
37782.5,-12,-12,396
37785.0,-36,8,267
37787.5,-36,8,267
37790.0,38,14,184
37792.5,6,-5,366
37795.0,39,2,386
37797.5,18,-33,355
37800.0,69,25,204
37802.5,112,9,195
37805.0,169,0,261
37807.5,12,-9,277
37810.0,-11,-14,372
37812.5,-24,-15,302
37815.0,82,-64,296
37817.5,60,-3,257
37820.0,-51,4,270
37822.5,125,35,298
37825.0,-32,-5,328
37827.5,-3,5,174
37830.0,-34,24,215
37832.5,-38,-12,415
37835.0,-12,40,375
37837.5,-12,40,375
37840.0,14,26,411
37842.5,-27,-62,245
37845.0,63,8,269
37847.5,-12,-20,298
37850.0,-11,-3,348
37852.5,132,102,237
37855.0,-26,3,240
37857.5,-37,-33,330
37860.0,-43,-33,350
37862.5,-8,-16,232
37865.0,58,-37,339
37867.5,13,-31,298
37870.0,5,-8,276
37872.5,11,-3,320
37875.0,-6,-20,331
37877.5,18,-37,284
37880.0,39,18,321
37882.5,37,-22,245
37885.0,13,21,275
37887.5,13,21,275
37890.0,-56,-52,336
37892.5,52,46,295
37895.0,-44,40,260
37897.5,44,-20,304
37900.0,47,-126,238
37902.5,28,-9,437
37905.0,-5,-24,331
37907.5,82,23,328
37910.0,29,-44,157
37912.5,53,18,274
37915.0,-7,5,300
37917.5,47,7,368
37920.0,44,-17,294
37922.5,-53,-32,335
37925.0,46,19,249
37927.5,76,-23,284
37930.0,-14,-10,266
37932.5,24,-4,210
37935.0,8,25,279
37937.5,8,25,279
37940.0,-74,-63,329
37942.5,72,34,321
37945.0,25,35,334
37947.5,81,0,244
37950.0,86,90,262
37952.5,-103,-40,316
37955.0,67,47,335
37957.5,-46,-20,296
37960.0,14,2,226
37962.5,38,-14,374
37965.0,2,-20,382
37967.5,-31,-83,243
37970.0,38,-19,244
37972.5,105,-28,411
37975.0,-70,-13,239
37977.5,63,-53,271
37980.0,35,1,305
37982.5,-5,33,244
37985.0,-94,-20,366
37987.5,-94,-20,366
37990.0,-26,75,315
37992.5,28,-11,301
37995.0,37,-43,282
37997.5,112,-6,307
38000.0,126,42,258
38002.5,83,53,415
38005.0,-32,50,350
38007.5,-33,-22,228
38010.0,-88,-34,357
38012.5,9,-11,282
38015.0,17,8,325
38017.5,-39,-25,355
38020.0,-31,-53,308
38022.5,14,-9,275
38025.0,-43,-51,374
38027.5,-43,-24,297
38030.0,-16,-13,267
38032.5,34,-16,314
38035.0,7,-5,244
38037.5,7,-5,244
38040.0,-46,-30,404
38042.5,8,10,266
38045.0,143,75,253
38047.5,-74,-37,293
38050.0,26,0,269
38052.5,8,3,285
38055.0,0,1,324
38057.5,35,20,334
38060.0,33,-9,284
38062.5,-67,-38,316
38065.0,-1,0,275
38067.5,-8,-9,328
38070.0,78,68,307
38072.5,69,66,242
38075.0,-49,-62,307
38077.5,35,22,239
38080.0,9,-19,288
38082.5,-19,-18,344
38085.0,-19,-18,344
38087.5,36,26,318
38090.0,1,-25,359
38092.5,51,75,310
38095.0,-23,-17,328
38097.5,13,-22,274
38100.0,39,52,300
38102.5,26,4,54
38105.0,-47,-52,405
38107.5,31,6,279
38110.0,-30,-22,429
38112.5,-19,-7,346
38115.0,-20,-32,402
38117.5,84,62,237
38120.0,14,-20,248
38122.5,-18,-15,288
38125.0,-26,-38,492
38127.5,-26,-2,394
38130.0,10,-13,207
38132.5,-5,33,229
38135.0,-5,33,229
38137.5,29,-8,338
38140.0,-35,-1,360
38142.5,-47,-1,346
38145.0,34,-14,320
38147.5,42,-2,336
38150.0,57,12,99
38152.5,-108,-44,234
38155.0,-6,-4,375
38157.5,-16,-19,343
38160.0,-5,34,348
38162.5,-32,-11,228
38165.0,-24,18,180
38167.5,-84,-25,322
38170.0,-22,-44,430
38172.5,68,19,280
38175.0,6,-12,289
38177.5,24,-15,263
38180.0,109,12,305
38182.5,26,11,196
38185.0,26,11,196
38187.5,-6,9,342
38190.0,23,46,242
38192.5,37,-26,511
38195.0,50,27,298
38197.5,4,17,229
38200.0,-22,-45,282
38202.5,-25,-15,260
38205.0,-43,-53,318
38207.5,14,0,307
38210.0,37,0,340
38212.5,36,12,223
38215.0,22,12,269
38217.5,13,5,303
38220.0,4,-7,293
38222.5,7,45,387
38225.0,-90,-18,477
38227.5,30,-18,238
38230.0,-33,-44,310
38232.5,28,-14,275
38235.0,28,-14,275
38237.5,12,5,268
38240.0,-85,-42,353
38242.5,-68,-96,241
38245.0,30,-10,347
38247.5,-1,-55,344
38250.0,33,0,244
38252.5,17,20,291
38255.0,12,24,260
38257.5,114,4,291
38260.0,-4,-17,366
38262.5,-49,-31,280
38265.0,84,63,329
38267.5,-55,-67,352
38270.0,45,19,306
38272.5,58,14,338
38275.0,-7,-46,273
38277.5,23,9,255
38280.0,-98,-47,296
38282.5,-244,-93,207
38285.0,-244,-93,207
38287.5,-121,-52,404
38290.0,-30,-72,393
38292.5,-31,-32,470
38295.0,2,-6,320
38297.5,19,-7,226
38300.0,19,1,242
38302.5,-50,-34,399
38305.0,-11,-38,277
38307.5,25,-10,240
38310.0,23,10,285
38312.5,27,-20,333
38315.0,-9,-1,367
38317.5,10,-27,345
38320.0,56,18,314
38322.5,-48,0,335
38325.0,23,8,249
38327.5,21,-8,250
38330.0,-10,7,285
38332.5,5,-6,237
38335.0,5,-6,237
38337.5,-148,-56,308
38340.0,-142,-63,447
38342.5,163,-42,359
38345.0,14,77,336
38347.5,40,20,241
38350.0,33,-32,229
38352.5,54,-2,322
38355.0,-20,15,371
38357.5,28,-13,254
38360.0,-32,-57,268
38362.5,18,-13,317
38365.0,27,10,377
38367.5,-48,-19,319
38370.0,42,10,286
38372.5,-51,-79,393
38375.0,-45,-29,336
38377.5,11,13,212
38380.0,89,-70,304
38382.5,4,-37,287
38385.0,4,-37,287
38387.5,-53,-44,363
38390.0,-28,-2,288
38392.5,38,45,278
38395.0,18,68,292
38397.5,-50,-19,266
38400.0,28,9,304
38402.5,-30,-41,371
38405.0,-30,-61,362
38407.5,28,-46,359
38410.0,7,-25,336
38412.5,69,-5,262
38415.0,26,-15,235
38417.5,-9,-14,291
38420.0,12,-9,217
38422.5,-83,18,324
38425.0,0,-8,337
38427.5,-3,-12,228
38430.0,23,19,343
38432.5,-62,-17,356
38435.0,-62,-17,356
38437.5,52,-4,306
38440.0,6,-35,361
38442.5,-16,-16,314
38445.0,72,34,252
38447.5,18,-23,343
38450.0,23,30,221
38452.5,15,24,243
38455.0,0,5,302
38457.5,26,3,276
38460.0,6,-2,306
38462.5,-3,26,345
38465.0,49,8,333
38467.5,-18,-23,331
38470.0,57,-1,357
38472.5,88,4,321
38475.0,-1,-25,303
38477.5,10,-98,246
38480.0,45,-58,351
38482.5,-70,-44,360
38485.0,-70,-44,360
38487.5,-91,-51,426
38490.0,76,7,404
38492.5,-44,5,355
38495.0,6,-21,316
38497.5,14,7,189
38500.0,-62,-36,199
38502.5,28,-15,348
38505.0,28,-19,442
38507.5,61,-29,225
38510.0,-35,-8,276
38512.5,48,7,277
38515.0,26,-5,345
38517.5,34,5,368
38520.0,-33,63,225
38522.5,-42,-26,178
38525.0,0,-25,304
38527.5,-45,-17,465
38530.0,-34,-27,377
38532.5,-34,-27,377
38535.0,-30,-29,495
38537.5,-30,-8,313
38540.0,42,4,230
38542.5,51,-11,407
38545.0,18,-33,382
38547.5,65,10,340
38550.0,-2,-1,237
38552.5,43,-11,198
38555.0,-136,-98,225
38557.5,144,15,140
38560.0,75,2,441
38562.5,-8,-2,323
38565.0,-17,-36,295
38567.5,27,12,313
38570.0,32,36,320
38572.5,78,34,409
38575.0,38,-29,311
38577.5,49,12,257
38580.0,15,-20,287
38582.5,15,-20,287
38585.0,-18,-16,368
38587.5,49,10,220
38590.0,66,46,192
38592.5,63,22,343
38595.0,-2,-20,270
38597.5,-43,-8,272
38600.0,6,10,318
38602.5,-18,26,511
38605.0,-8,-98,352
38607.5,47,-9,329
38610.0,49,26,300
38612.5,-29,-42,292
38615.0,-5,-28,265
38617.5,-64,-26,424
38620.0,82,10,268
38622.5,-10,-28,301
38625.0,-51,-70,314
38627.5,75,-3,280
38630.0,-51,-45,334
38632.5,-51,-45,334
38635.0,-61,-54,244
38637.5,12,-12,274
38640.0,-30,-26,307
38642.5,13,7,327
38645.0,-41,-22,319
38647.5,14,-55,335
38650.0,142,100,226
38652.5,-25,17,198
38655.0,-105,-116,325
38657.5,56,19,358
38660.0,-15,-39,323
38662.5,35,19,204
38665.0,103,58,279
38667.5,-56,-50,288
38670.0,74,12,359
38672.5,0,-6,350
38675.0,23,9,258
38677.5,22,-10,228
38680.0,-35,-72,330
38682.5,-35,-72,330
38685.0,57,2,258
38687.5,26,-31,304
38690.0,-7,-70,328
38692.5,52,-5,259
38695.0,64,2,303
38697.5,-27,-31,310
38700.0,63,-30,227
38702.5,59,-55,437
38705.0,22,-2,325
38707.5,-33,1,300
38710.0,-8,-38,254
38712.5,46,-14,215
38715.0,-30,-63,395
38717.5,-6,10,318
38720.0,-3,-8,296
38722.5,45,-27,286
38725.0,-30,-37,268
38727.5,-79,-50,228
38730.0,-53,-124,333
38732.5,-53,-124,333
38735.0,11,-28,326
38737.5,28,-77,381
38740.0,28,-49,257
38742.5,60,-24,344
38745.0,22,-69,350
38747.5,23,-13,337
38750.0,-37,-25,350
38752.5,-1,-6,282
38755.0,-16,-9,335
38757.5,84,-11,321
38760.0,-70,1,336
38762.5,6,-34,289
38765.0,39,36,320
38767.5,-29,-19,303
38770.0,77,-28,285
38772.5,6,-37,273
38775.0,11,-34,336
38777.5,-25,-69,299
38780.0,14,-37,342
38782.5,14,-37,342
38785.0,81,33,319
38787.5,-24,-24,300
38790.0,67,18,369
38792.5,18,19,274
38795.0,50,6,328
38797.5,18,47,347
38800.0,8,-11,272
38802.5,59,28,310
38805.0,-37,-22,323
38807.5,24,2,320
38810.0,-5,-42,364
38812.5,-13,-6,321
38815.0,51,2,289
38817.5,5,-11,321
38820.0,63,17,295
38822.5,64,10,263
38825.0,-25,-28,345
38827.5,-17,-37,244
38830.0,24,13,260
38832.5,24,13,260
38835.0,-12,16,323
38837.5,22,-18,262
38840.0,12,-24,347
38842.5,-62,-41,365
38845.0,9,16,279
38847.5,8,40,338
38850.0,-4,2,309
38852.5,-7,-48,311
38855.0,34,-36,222
38857.5,-20,-61,245
38860.0,27,-14,322
38862.5,-61,-58,349
38865.0,-21,-97,426
38867.5,3,-17,296
38870.0,29,4,369
38872.5,134,33,87
38875.0,-69,-28,291
38877.5,9,-36,315
38880.0,20,18,409
38882.5,20,18,409
38885.0,-68,1,304
38887.5,-49,-20,209
38890.0,19,0,233
38892.5,77,-1,269
38895.0,78,-32,282
38897.5,-20,14,331
38900.0,48,38,259
38902.5,18,57,245
38905.0,98,23,511
38907.5,21,3,382
38910.0,51,-39,254
38912.5,-6,-13,399
38915.0,16,8,270
38917.5,19,-16,220
38920.0,-8,21,269
38922.5,-69,-8,383
38925.0,-4,-56,390
38927.5,-4,-21,243
38930.0,-4,-21,243
38932.5,40,-3,227
38935.0,-7,-2,277
38937.5,-13,11,292
38940.0,35,11,374
38942.5,-34,22,496
38945.0,0,-68,220
38947.5,53,-26,321
38950.0,30,-36,210
38952.5,64,-22,170
38955.0,50,-16,342
38957.5,39,34,313
38960.0,-11,2,299
38962.5,-18,-52,331
38965.0,19,30,430
38967.5,36,-61,438
38970.0,8,-25,315
38972.5,96,57,197
38975.0,-4,52,365
38977.5,-43,-28,235
38980.0,-43,-28,235
38982.5,59,39,329
38985.0,-82,-1,343
38987.5,37,-19,277
38990.0,31,-50,304
38992.5,-1,-35,271
38995.0,64,18,364
38997.5,31,-5,279
39000.0,5,23,220
39002.5,-15,-53,300
39005.0,-4,-14,353
39007.5,17,-26,319
39010.0,13,-25,361
39012.5,33,25,275
39015.0,101,36,275
39017.5,32,9,310
39020.0,64,33,257
39022.5,19,-53,322
39025.0,-73,-8,276
39027.5,67,44,268
39030.0,67,44,268
39032.5,43,72,268
39035.0,-148,-84,273
39037.5,109,51,366
39040.0,-30,-24,351
39042.5,32,-28,166
39045.0,10,7,288
39047.5,-51,-10,326
39050.0,66,1,362
39052.5,50,22,339
39055.0,-20,-25,230
39057.5,55,3,252
39060.0,11,-47,338
39062.5,24,-40,235
39065.0,-12,4,307
39067.5,7,-43,269
39070.0,65,42,325
39072.5,-275,-60,308
39075.0,-194,-159,248
39077.5,5,-78,354
39080.0,5,-78,354
39082.5,-51,-41,388
39085.0,-63,-61,238
39087.5,21,7,208
39090.0,8,-18,304
39092.5,45,31,360
39095.0,33,37,314
39097.5,-28,-23,302
39100.0,-8,-18,306
39102.5,9,63,363
39105.0,66,-11,271
39107.5,100,35,268
39110.0,-7,-29,336
39112.5,5,-2,251
39115.0,-27,-68,358
39117.5,-5,14,274
39120.0,75,-26,322
39122.5,6,-10,284
39125.0,8,27,369
39127.5,75,-10,333
39130.0,75,-10,333
39132.5,-30,-38,378
39135.0,-80,-60,329
39137.5,62,-14,231
39140.0,-88,-44,339
39142.5,0,22,267
39145.0,21,-4,264
39147.5,133,-17,310
39150.0,105,7,302
39152.5,31,1,321
39155.0,37,-37,368
39157.5,66,-17,329
39160.0,15,-6,323
39162.5,-21,-6,352
39165.0,13,-15,359
39167.5,47,23,341
39170.0,11,-46,264
39172.5,36,4,223
39175.0,35,-15,351
39177.5,69,-14,223
39180.0,69,-14,223
39182.5,17,18,264
39185.0,4,-24,299
39187.5,78,27,294
39190.0,-11,-34,323
39192.5,70,38,328
39195.0,49,23,310
39197.5,-7,-10,408
39200.0,-41,-94,315
39202.5,34,-7,266
39205.0,-9,-10,327
39207.5,52,8,256
39210.0,23,24,264
39212.5,56,49,314
39215.0,38,2,270
39217.5,-3,-5,321
39220.0,3,-29,365
39222.5,35,-35,312
39225.0,-16,-60,340
39227.5,79,45,293
39230.0,79,45,293
39232.5,-7,-8,263
39235.0,-11,20,310
39237.5,7,-2,271
39240.0,26,-55,113
39242.5,153,9,377
39245.0,-8,-9,381
39247.5,-72,29,442
39250.0,14,7,395
39252.5,170,70,154
39255.0,15,-9,186
39257.5,4,-24,196
39260.0,108,45,359
39262.5,11,-22,326
39265.0,20,-9,186
39267.5,-22,-4,252
39270.0,-27,-25,351
39272.5,-8,12,328
39275.0,-33,-29,347
39277.5,-17,-48,241
39280.0,-17,-48,241
39282.5,159,96,44
39285.0,-14,-40,289
39287.5,140,-20,268
39290.0,-2,-33,249
39292.5,16,-26,315
39295.0,50,4,230
39297.5,-10,-10,267
39300.0,13,-14,353
39302.5,52,34,338
39305.0,52,-2,322
39307.5,13,19,162
39310.0,23,-31,299
39312.5,4,2,489
39315.0,8,58,177
39317.5,79,53,316
39320.0,-18,-29,344
39322.5,1,-25,279
39325.0,32,2,304
39327.5,-20,-22,290
39330.0,-20,-22,290
39332.5,-17,-8,327
39335.0,-7,-39,292
39337.5,-6,-2,227
39340.0,43,21,275
39342.5,-74,-9,411
39345.0,65,-59,257
39347.5,-71,14,300
39350.0,28,-13,197
39352.5,26,-24,367
39355.0,-6,16,200
39357.5,12,-26,261
39360.0,86,34,345
39362.5,15,4,306
39365.0,101,22,240
39367.5,8,-19,367
39370.0,36,11,178
39372.5,62,21,256
39375.0,26,-12,386
39377.5,-36,-38,301
39380.0,-36,-38,301
39382.5,66,-23,310
39385.0,-26,-32,289
39387.5,42,-3,248
39390.0,20,16,322
39392.5,-5,-20,261
39395.0,14,28,297
39397.5,10,-12,329
39400.0,8,33,241
39402.5,136,67,251
39405.0,143,8,315
39407.5,162,90,237
39410.0,-189,-132,403
39412.5,-57,-38,334
39415.0,-3,11,355
39417.5,16,16,212
39420.0,-9,17,297
39422.5,-16,-31,378
39425.0,-13,-7,330
39427.5,-13,-7,330
39430.0,55,-25,287
39432.5,-27,-54,357
39435.0,14,14,246
39437.5,-35,-34,300
39440.0,5,23,270
39442.5,53,-10,262
39445.0,2,-11,334
39447.5,-21,23,338
39450.0,20,-35,275
39452.5,61,75,371
39455.0,-10,-53,317
39457.5,288,133,247
39460.0,114,-40,333
39462.5,80,54,308
39465.0,17,4,320
39467.5,12,-19,234
39470.0,66,0,347
39472.5,-20,-25,494
39475.0,4,15,238
39477.5,4,15,238
39480.0,21,-3,220
39482.5,-27,-56,426
39485.0,80,-2,335
39487.5,25,20,316
39490.0,16,-40,326
39492.5,1,12,212
39495.0,-15,35,280
39497.5,160,61,349
39500.0,51,-49,271
39502.5,-25,-67,371
39505.0,19,26,369
39507.5,84,-24,288
39510.0,36,35,344
39512.5,-5,-70,347
39515.0,131,28,247
39517.5,-57,-36,358
39520.0,34,-39,263
39522.5,20,24,300
39525.0,-56,-8,365
39527.5,-56,-8,365
39530.0,-10,-12,263
39532.5,77,-16,278
39535.0,-93,-73,346
39537.5,-37,-40,287
39540.0,9,-16,325
39542.5,-2,1,308
39545.0,-32,-24,283
39547.5,-56,-33,326
39550.0,6,39,232
39552.5,-28,-30,289
39555.0,-30,-36,341
39557.5,78,4,311
39560.0,30,-1,328
39562.5,14,10,286
39565.0,49,18,247
39567.5,35,25,302
39570.0,-3,-30,346
39572.5,62,-9,287
39575.0,-29,-48,357
39577.5,-29,-48,357
39580.0,59,23,286
39582.5,9,-6,249
39585.0,6,16,317
39587.5,15,-10,269
39590.0,4,-45,286
39592.5,44,15,309
39595.0,45,20,207
39597.5,-26,-44,303
39600.0,-68,-13,337
39602.5,63,-12,314
39605.0,-9,-26,312
39607.5,17,-14,354
39610.0,-5,26,166
39612.5,56,38,226
39615.0,143,47,219
39617.5,-5,-45,328
39620.0,-16,-54,326
39622.5,-8,-21,390
39625.0,159,32,244
39627.5,159,32,244
39630.0,13,4,244
39632.5,-36,-15,262
39635.0,-11,-42,482
39637.5,0,-30,412
39640.0,-33,-14,142
39642.5,54,3,295
39645.0,35,18,231
39647.5,12,-53,354
39650.0,-11,12,376
39652.5,-2,-3,320
39655.0,63,13,347
39657.5,61,-74,102
39660.0,-31,-21,288
39662.5,-1,-21,290
39665.0,-20,-28,371
39667.5,97,26,268
39670.0,-13,-52,224
39672.5,19,13,213
39675.0,3,2,350
39677.5,3,2,350
39680.0,55,47,377
39682.5,5,-29,254
39685.0,-34,-29,287
39687.5,-11,11,314
39690.0,85,58,245
39692.5,-42,-8,197
39695.0,26,56,229
39697.5,-40,0,332
39700.0,-12,-38,349
39702.5,63,29,323
39705.0,-43,-50,358
39707.5,-2,-41,211
39710.0,-40,-11,256
39712.5,12,6,314
39715.0,-17,12,307
39717.5,36,-48,276
39720.0,3,-1,237
39722.5,76,4,319
39725.0,34,8,370
39727.5,34,8,370
39730.0,3,-5,277
39732.5,27,7,331
39735.0,-48,-62,417
39737.5,34,-38,348
39740.0,-14,-22,299
39742.5,-21,-60,272
39745.0,56,2,297
39747.5,-60,-27,302
39750.0,-31,-27,149
39752.5,30,22,333
39755.0,-20,-42,344
39757.5,51,17,235
39760.0,6,-1,299
39762.5,-28,-13,306
39765.0,48,4,291
39767.5,25,8,353
39770.0,38,28,210
39772.5,26,-8,309
39775.0,12,4,327
39777.5,12,4,327
39780.0,27,35,259
39782.5,-37,-53,308
39785.0,17,28,300
39787.5,407,71,370
39790.0,64,-124,345
39792.5,-100,-65,290
39795.0,-24,79,408
39797.5,-12,-23,349
39800.0,-16,13,349
39802.5,22,-11,226
39805.0,15,12,320
39807.5,19,-7,378
39810.0,-54,-53,364
39812.5,52,-7,223
39815.0,85,20,287
39817.5,-33,4,279
39820.0,39,7,268
39822.5,7,-33,321
39825.0,37,-14,321
39827.5,37,-14,321
39830.0,22,8,361
39832.5,-1,-17,334
39835.0,66,73,293
39837.5,-37,-108,367
39840.0,-138,-191,399
39842.5,53,-1,306
39845.0,39,12,379
39847.5,-45,-18,259
39850.0,17,-9,243
39852.5,14,-27,325
39855.0,-39,-77,464
39857.5,32,7,337
39860.0,-9,15,335
39862.5,-9,-37,280
39865.0,78,-26,359
39867.5,-31,-13,306
39870.0,5,5,263
39872.5,-1,-30,320
39875.0,-1,-30,320
39877.5,-25,-65,298
39880.0,31,10,293
39882.5,-31,-69,247
39885.0,8,-38,355
39887.5,-25,30,276
39890.0,64,41,290
39892.5,-12,2,266
39895.0,23,5,249
39897.5,-43,-15,280
39900.0,-23,-5,259
39902.5,24,30,264
39905.0,55,25,285
39907.5,37,-6,266
39910.0,-25,-48,312
39912.5,-72,-26,367
39915.0,19,-46,290
39917.5,49,-41,312
39920.0,23,-2,289
39922.5,32,10,206
39925.0,32,10,206
39927.5,-6,-10,370
39930.0,13,-15,267
39932.5,53,8,236
39935.0,-2,15,263
39937.5,28,14,281
39940.0,30,7,302
39942.5,-20,-2,330
39945.0,1,26,311
39947.5,-35,-15,357
39950.0,-15,-16,312
39952.5,57,-15,302
39955.0,-1,-14,334
39957.5,25,-4,335
39960.0,9,6,258
39962.5,-48,-33,303
39965.0,-24,-13,257
39967.5,87,54,302
39970.0,-9,-45,377
39972.5,46,15,219
39975.0,46,15,219
39977.5,27,7,345
39980.0,22,22,348
39982.5,51,-4,313
39985.0,9,-13,355
39987.5,79,21,320
39990.0,-27,-43,229
39992.5,-95,-53,220
39995.0,-4,-37,93
39997.5,-30,-22,387
40000.0,-14,-50,407
40002.5,-55,-31,393
40005.0,91,50,380
40007.5,4,6,227
40010.0,-30,-45,269
40012.5,-39,-54,387
40015.0,72,15,372
40017.5,28,1,256
40020.0,8,-26,206
40022.5,61,-15,275
40025.0,61,-15,275
40027.5,12,-6,333
40030.0,2,-39,335
40032.5,-7,-52,314
40035.0,29,15,305
40037.5,-43,-40,496
40040.0,45,35,389
40042.5,-49,-13,386
40045.0,7,1,356
40047.5,-22,-12,312
40050.0,11,-7,169
40052.5,40,11,312
40055.0,22,11,377
40057.5,21,-14,424
40060.0,85,13,192
40062.5,-15,-34,122
40065.0,-38,-83,215
40067.5,46,51,303
40070.0,-52,-37,328
40072.5,11,6,325
40075.0,11,6,325
40077.5,-72,-46,276
40080.0,-5,-74,377
40082.5,75,8,359
40085.0,132,47,308
40087.5,31,-27,255
40090.0,23,33,219
40092.5,-7,-32,277
40095.0,56,-4,144
40097.5,-20,-64,291
40100.0,-99,-84,436
40102.5,34,-5,330
40105.0,9,-37,259
40107.5,64,25,261
40110.0,-75,10,424
40112.5,24,18,356
40115.0,92,25,328
40117.5,24,-26,351
40120.0,-5,-51,378
40122.5,49,20,249
40125.0,49,20,249
40127.5,-28,-7,422
40130.0,65,8,189
40132.5,11,-14,312
40135.0,9,17,319
40137.5,36,15,307
40140.0,16,-30,349
40142.5,-6,-13,327
40145.0,3,8,283
40147.5,-85,-44,309
40150.0,22,2,260
40152.5,47,8,349
40155.0,-12,-19,355
40157.5,121,-15,252
40160.0,79,-16,273
40162.5,215,87,312
40165.0,148,-58,391
40167.5,-51,-19,381
40170.0,-5,24,242
40172.5,50,-22,266
40175.0,50,-22,266
40177.5,-46,-24,277
40180.0,-16,-12,318
40182.5,-16,-24,327
40185.0,-56,-27,309
40187.5,44,-17,260
40190.0,-23,-11,375
40192.5,22,39,241
40195.0,-12,-38,299
40197.5,-16,-18,251
40200.0,-15,-41,314
40202.5,40,4,320
40205.0,-79,-17,343
40207.5,-2,93,252
40210.0,-103,12,387
40212.5,191,-48,468
40215.0,158,16,333
40217.5,43,10,241
40220.0,-29,-33,166
40222.5,32,-4,334
40225.0,32,-4,334
40227.5,7,5,369
40230.0,-87,-39,330
40232.5,29,-5,292
40235.0,56,-25,379
40237.5,-5,-40,338
40240.0,6,-44,372
40242.5,25,10,327
40245.0,33,-1,255
40247.5,-4,-22,243
40250.0,1,-15,323
40252.5,13,39,327
40255.0,-22,17,286
40257.5,46,27,281
40260.0,-38,-41,320
40262.5,17,-4,386
40265.0,55,-43,327
40267.5,2,-32,323
40270.0,-44,31,276
40272.5,-44,31,276
40275.0,39,-16,292
40277.5,-16,-4,306
40280.0,57,-10,289
40282.5,8,47,294
40285.0,45,10,306
40287.5,-27,-29,282
40290.0,38,36,305
40292.5,-1,-34,316
40295.0,13,-38,310
40297.5,48,62,292
40300.0,-32,-11,287
40302.5,13,-51,272
40305.0,-22,-35,318
40307.5,57,2,261
40310.0,59,-34,314
40312.5,23,14,276
40315.0,47,11,270
40317.5,38,10,305
40320.0,11,-23,300
40322.5,11,-23,300
40325.0,21,14,295
40327.5,-6,-36,328
40330.0,14,14,319
40332.5,29,-73,324
40335.0,-7,11,323
40337.5,-4,-22,310
40340.0,19,-27,257
40342.5,3,38,319
40345.0,42,0,240
40347.5,-13,-28,272
40350.0,31,4,311
40352.5,67,50,287
40355.0,8,-49,354
40357.5,-37,-10,333
40360.0,36,-11,325
40362.5,-122,-34,439
40365.0,146,100,334
40367.5,111,101,147
40370.0,28,72,248
40372.5,28,72,248
40375.0,91,-79,363
40377.5,24,-8,417
40380.0,-6,-13,343
40382.5,-21,-4,342
40385.0,31,33,146
40387.5,-48,-12,238
40390.0,15,8,296
40392.5,-66,-83,511
40395.0,-12,25,252
40397.5,38,-29,242
40400.0,18,-10,258
40402.5,19,-24,296
40405.0,-3,-23,347
40407.5,7,-48,296
40410.0,56,56,224
40412.5,10,10,216
40415.0,13,30,243
40417.5,1,27,312
40420.0,-40,-15,332
40422.5,-40,-15,332
40425.0,23,-21,270
40427.5,26,-25,226
40430.0,12,-3,261
40432.5,41,47,257
40435.0,18,-17,412
40437.5,-51,-46,341
40440.0,12,-45,295
40442.5,40,28,216
40445.0,38,42,381
40447.5,22,22,213
40450.0,53,-25,349
40452.5,10,-33,298
40455.0,64,28,296
40457.5,55,2,386
40460.0,-15,-17,433
40462.5,-132,-44,380
40465.0,37,-2,265
40467.5,36,-31,262
40470.0,18,9,233
40472.5,18,9,233
40475.0,2,-16,299
40477.5,121,12,327
40480.0,5,-42,349
40482.5,40,33,294
40485.0,-35,-50,313
40487.5,-76,-99,223
40490.0,-25,-53,255
40492.5,-31,13,346
40495.0,76,28,328
40497.5,39,18,326
40500.0,15,-1,320
40502.5,77,-22,313
40505.0,51,36,282
40507.5,28,-14,196
40510.0,-28,-45,329
40512.5,-42,-32,359
40515.0,-3,-39,297
40517.5,-31,-20,347
40520.0,47,12,277
40522.5,47,12,277
40525.0,46,18,223
40527.5,-7,29,339
40530.0,29,-15,286
40532.5,24,40,301
40535.0,53,-36,315
40537.5,126,57,358
40540.0,166,44,373
40542.5,-68,19,310
40545.0,54,22,297
40547.5,-28,-26,361
40550.0,69,-20,153
40552.5,45,17,306
40555.0,-47,-37,314
40557.5,53,22,304
40560.0,24,-7,297
40562.5,-67,-48,298
40565.0,43,-16,365
40567.5,-2,-11,406
40570.0,23,-9,250
40572.5,23,-9,250
40575.0,63,32,264
40577.5,6,-64,341
40580.0,24,33,228
40582.5,-67,17,297
40585.0,-39,-28,359
40587.5,-43,-60,343
40590.0,32,-32,383
40592.5,-35,-42,194
40595.0,85,53,156
40597.5,16,-25,305
40600.0,-12,-18,294
40602.5,44,-16,262
40605.0,-72,-6,311
40607.5,-39,-12,374
40610.0,-12,-13,341
40612.5,7,42,288
40615.0,48,-3,234
40617.5,6,-51,368
40620.0,14,-26,252
40622.5,14,-26,252
40625.0,-58,2,299
40627.5,10,-61,354
40630.0,54,10,269
40632.5,1,-17,297
40635.0,37,48,345
40637.5,18,-22,310
40640.0,5,3,241
40642.5,19,-103,389
40645.0,-43,-56,260
40647.5,-27,29,376
40650.0,-49,-84,353
40652.5,-21,-30,285
40655.0,-80,-43,297
40657.5,12,-47,252
40660.0,6,-19,333
40662.5,-36,-36,278
40665.0,68,15,298
40667.5,3,-32,343
40670.0,3,-32,343
40672.5,-1,-11,328
40675.0,29,-54,330
40677.5,-36,-41,366
40680.0,14,-18,347
40682.5,19,7,236
40685.0,-28,-6,289
40687.5,-12,-1,194
40690.0,18,-25,279
40692.5,18,-25,294
40695.0,29,15,304
40697.5,30,-9,321
40700.0,-14,-54,330
40702.5,46,34,275
40705.0,-1,-53,327
40707.5,-74,-74,327
40710.0,5,-6,297
40712.5,-58,-66,345
40715.0,43,-20,238
40717.5,10,-13,277
40720.0,10,-13,277
40722.5,27,-2,268
40725.0,54,1,259
40727.5,-29,-33,296
40730.0,-18,5,330
40732.5,43,-15,316
40735.0,-25,-21,342
40737.5,20,62,295
40740.0,55,-27,328
40742.5,14,-16,221
40745.0,-33,1,310
40747.5,167,112,108
40750.0,-31,-25,382
40752.5,10,-2,347
40755.0,-34,-15,337
40757.5,-57,-77,431
40760.0,107,55,222
40762.5,-3,19,266
40765.0,60,-7,337
40767.5,38,-20,381
40770.0,38,-20,381
40772.5,-4,-19,366
40775.0,-4,-10,156
40777.5,-5,22,275
40780.0,-21,-24,333
40782.5,53,18,329
40785.0,23,23,321
40787.5,23,-4,217
40790.0,71,85,133
40792.5,-58,0,338
40795.0,55,18,304
40797.5,89,24,299
40800.0,9,-16,239
40802.5,52,12,140
40805.0,-59,-14,312
40807.5,-60,-58,400
40810.0,23,5,375
40812.5,-17,14,320
40815.0,5,-14,209
40817.5,111,-5,229
40820.0,111,-5,229
40822.5,-5,31,247
40825.0,-21,-22,371
40827.5,15,7,380
40830.0,-19,-100,300
40832.5,124,35,289
40835.0,-36,16,403
40837.5,70,1,256
40840.0,17,3,279
40842.5,7,-25,299
40845.0,47,19,328
40847.5,6,17,324
40850.0,-46,0,269
40852.5,20,14,260
40855.0,-56,-12,376
40857.5,-1,-24,203
40860.0,35,32,325
40862.5,49,18,283
40865.0,-19,-38,299
40867.5,17,-11,441
40870.0,17,-11,441
40872.5,-61,-43,341
40875.0,58,16,261
40877.5,-13,-11,312
40880.0,-16,-8,176
40882.5,29,26,297
40885.0,-98,-23,351
40887.5,-14,12,296
40890.0,17,-28,345
40892.5,19,14,293
40895.0,33,-18,242
40897.5,-7,-26,333
40900.0,59,-19,279
40902.5,10,-4,309
40905.0,-28,-63,368
40907.5,-30,14,371
40910.0,128,0,351
40912.5,-91,-13,286
40915.0,37,-84,362
40917.5,16,-35,387
40920.0,16,-35,387
40922.5,3,-11,327
40925.0,8,17,325
40927.5,-20,40,224
40930.0,18,-12,281
40932.5,-2,-47,400
40935.0,31,11,334
40937.5,45,-2,283
40940.0,-63,-100,368
40942.5,41,34,277
40945.0,90,54,295
40947.5,6,3,273
40950.0,41,26,271
40952.5,-56,-22,344
40955.0,-50,-12,271
40957.5,76,5,289
40960.0,-196,-75,255
40962.5,-27,-30,306
40965.0,124,15,302
40967.5,8,-8,365
40970.0,8,-8,365
40972.5,36,-21,213
40975.0,-34,-85,240
40977.5,6,11,304
40980.0,20,7,340
40982.5,-19,-10,363
40985.0,-19,-49,375
40987.5,93,-17,307
40990.0,-77,1,357
40992.5,15,48,226
40995.0,38,6,250
40997.5,14,-35,266
41000.0,46,32,305
41002.5,46,17,285
41005.0,-37,17,364
41007.5,37,-85,233
41010.0,-3,25,355
41012.5,-57,-75,310
41015.0,31,-29,370
41017.5,-33,86,366
41020.0,-33,86,366
41022.5,37,1,288
41025.0,30,-15,323
41027.5,-24,-1,310
41030.0,87,5,296
41032.5,23,26,299
41035.0,48,33,283
41037.5,107,6,302
41040.0,-28,-31,265
41042.5,1,21,310
41045.0,9,-15,304
41047.5,11,-1,419
41050.0,-9,-14,292
41052.5,58,17,296
41055.0,4,-23,336
41057.5,-16,-38,317
41060.0,-25,-61,309
41062.5,6,41,307
41065.0,-1,-29,283
41067.5,-24,-15,357
41070.0,-24,-15,357
41072.5,41,11,338
41075.0,22,3,302
41077.5,-43,-32,339
41080.0,29,-11,307
41082.5,14,-1,271
41085.0,-16,-18,325
41087.5,21,-10,251
41090.0,71,27,259
41092.5,34,-37,312
41095.0,37,21,252
41097.5,5,-4,310
41100.0,-41,-17,338
41102.5,56,-11,307
41105.0,11,13,345
41107.5,-12,-51,341
41110.0,12,-2,312
41112.5,0,11,309
41115.0,-63,5,262
41117.5,-19,37,436
41120.0,-19,37,436
41122.5,11,32,326
41125.0,4,-42,370
41127.5,45,-8,415
41130.0,-8,-41,430
41132.5,-14,41,302
41135.0,-25,7,184
41137.5,-3,-9,192
41140.0,52,21,322
41142.5,-7,-46,415
41145.0,24,-15,215
41147.5,-14,6,254
41150.0,-35,18,294
41152.5,7,0,382
41155.0,12,-6,352
41157.5,-26,49,318
41160.0,55,-11,231
41162.5,48,-34,349
41165.0,-117,-113,266
41167.5,-117,-113,266
41170.0,2,21,381
41172.5,20,11,421
41175.0,-3,-8,422
41177.5,36,7,319
41180.0,-59,-36,231
41182.5,43,10,212
41185.0,-8,15,357
41187.5,23,-3,293
41190.0,48,38,237
41192.5,-56,-27,239
41195.0,5,14,295
41197.5,3,-10,300
41200.0,-69,-33,261
41202.5,-20,13,320
41205.0,161,25,358
41207.5,-50,-76,228
41210.0,66,-4,260
41212.5,6,-23,326
41215.0,-14,-14,159
41217.5,-14,-14,159
41220.0,-1,0,404
41222.5,-67,-60,406
41225.0,18,-29,354
41227.5,7,-15,370
41230.0,-61,-55,269
41232.5,140,-8,243
41235.0,3,-23,291
41237.5,1,-12,273
41240.0,89,78,123
41242.5,66,13,176
41245.0,18,2,347
41247.5,27,-28,339
41250.0,74,53,218
41252.5,67,13,287
41255.0,-41,-73,209
41257.5,51,-19,291
41260.0,16,19,313
41262.5,-42,-38,289
41265.0,35,-5,378
41267.5,35,-5,378
41270.0,-27,-36,393
41272.5,-26,-24,281
41275.0,31,4,312
41277.5,-8,-22,279
41280.0,2,7,276
41282.5,26,40,334
41285.0,-17,-26,326
41287.5,60,21,245
41290.0,-38,-23,375
41292.5,15,-21,277
41295.0,71,67,263
41297.5,94,-25,279
41300.0,160,87,130
41302.5,-72,-18,414
41305.0,-52,-30,404
41307.5,-5,-12,239
41310.0,20,-24,232
41312.5,-24,9,243
41315.0,-22,24,313
41317.5,-22,24,313
41320.0,37,4,295
41322.5,43,-2,201
41325.0,-16,-25,309
41327.5,1,37,329
41330.0,72,26,295
41332.5,33,-23,365
41335.0,-4,-31,274
41337.5,34,13,272
41340.0,-16,-32,321
41342.5,19,-6,204
41345.0,17,-31,162
41347.5,-12,41,234
41350.0,43,27,296
41352.5,14,49,369
41355.0,18,14,402
41357.5,30,-1,244
41360.0,-19,-35,271
41362.5,10,5,294
41365.0,38,43,336
41367.5,38,43,336
41370.0,-62,-34,303
41372.5,61,19,177
41375.0,67,7,301
41377.5,-38,-49,333
41380.0,83,32,324
41382.5,9,-11,242
41385.0,-52,-65,308
41387.5,6,-27,309
41390.0,-58,-27,280
41392.5,39,60,370
41395.0,56,46,302
41397.5,109,52,314
41400.0,-113,-123,240
41402.5,43,20,284
41405.0,-45,-6,335
41407.5,13,-10,315
41410.0,-9,-5,348
41412.5,-39,-12,317
41415.0,22,21,336
41417.5,22,21,336
41420.0,5,-17,345
41422.5,59,-25,261
41425.0,25,-21,238
41427.5,-18,0,362
41430.0,19,8,224
41432.5,-26,-62,311
41435.0,-22,-51,313
41437.5,90,-13,269
41440.0,25,3,225
41442.5,-20,-2,317
41445.0,30,-13,284
41447.5,-30,-20,342
41450.0,31,-11,306
41452.5,-17,-10,267
41455.0,56,5,341
41457.5,28,-18,288
41460.0,60,4,240
41462.5,-3,13,306
41465.0,6,27,244
41467.5,6,27,244
41470.0,31,12,302
41472.5,-39,-56,314
41475.0,-1,-3,291
41477.5,-20,-44,364
41480.0,-3,-48,345
41482.5,-5,-2,332
41485.0,-39,-25,328
41487.5,15,18,330
41490.0,-33,-57,286
41492.5,-4,-9,335
41495.0,48,44,296
41497.5,0,109,299
41500.0,18,-28,246
41502.5,30,-51,168
41505.0,24,26,377
41507.5,5,-27,409
41510.0,-11,-6,241
41512.5,81,1,290
41515.0,10,-61,144
41517.5,10,-61,144
41520.0,-24,-35,277
41522.5,-50,-60,383
41525.0,17,-26,381
41527.5,20,-8,288
41530.0,-9,3,235
41532.5,24,-4,267
41535.0,-83,-30,336
41537.5,-25,-30,339
41540.0,59,41,250
41542.5,-3,9,242
41545.0,-97,-42,238
41547.5,153,226,203
41550.0,-18,-48,372
41552.5,-36,-73,392
41555.0,-21,-9,340
41557.5,-54,12,311
41560.0,12,16,238
41562.5,-26,-20,340
41565.0,-25,-28,334
41567.5,-25,-28,334
41570.0,-22,-19,332
41572.5,11,8,258
41575.0,7,-27,420
41577.5,55,43,279
41580.0,-44,-3,326
41582.5,15,-47,207
41585.0,-12,-24,277
41587.5,45,-25,144
41590.0,94,-11,320
41592.5,6,11,387
41595.0,38,8,316
41597.5,-14,-50,357
41600.0,56,8,317
41602.5,63,28,369
41605.0,-10,-37,296
41607.5,-54,-51,202
41610.0,9,6,362
41612.5,-10,3,287
41615.0,26,-1,185
41617.5,26,-1,185
41620.0,-8,-19,265
41622.5,-36,-58,400
41625.0,36,-21,305
41627.5,-35,-96,281
41630.0,47,16,200
41632.5,22,-6,290
41635.0,-43,-22,265
41637.5,6,10,308
41640.0,-30,-16,325
41642.5,59,4,293
41645.0,58,28,230
41647.5,-36,-49,342
41650.0,52,-13,251
41652.5,-15,-10,323
41655.0,-26,-12,372
41657.5,41,18,332
41660.0,-14,35,372
41662.5,4,-120,347
41665.0,4,-120,347
41667.5,-102,-70,324
41670.0,-125,-126,382
41672.5,152,37,389
41675.0,-12,-66,366
41677.5,-19,23,367
41680.0,49,16,239
41682.5,2,-24,349
41685.0,6,10,301
41687.5,36,-12,347
41690.0,-25,-8,310
41692.5,7,-36,228
41695.0,36,-43,317
41697.5,21,-21,257
41700.0,46,-33,313
41702.5,22,28,277
41705.0,-46,-20,298
41707.5,105,41,306
41710.0,-107,16,460
41712.5,-167,53,238
41715.0,-167,53,238
41717.5,174,-26,300
41720.0,5,-81,433
41722.5,-52,-57,313
41725.0,-23,-17,249
41727.5,-35,-83,301
41730.0,5,-31,415
41732.5,6,-19,345
41735.0,-83,-81,268
41737.5,-9,-17,280
41740.0,-7,-24,412
41742.5,55,-2,285
41745.0,61,-37,203
41747.5,-51,2,289
41750.0,3,-9,181
41752.5,18,44,257
41755.0,39,-34,361
41757.5,-56,6,248
41760.0,-62,-72,335
41762.5,46,21,315
41765.0,46,21,315
41767.5,48,16,281
41770.0,-60,-77,338
41772.5,43,42,275
41775.0,-4,-2,299
41777.5,-7,-9,263
41780.0,60,39,292
41782.5,26,0,358
41785.0,5,-77,355
41787.5,25,7,338
41790.0,19,-16,286
41792.5,73,8,283
41795.0,74,3,300
41797.5,-8,-15,339
41800.0,-30,-26,352
41802.5,12,18,293
41805.0,-34,-10,322
41807.5,73,17,260
41810.0,2,-1,271
41812.5,26,-31,329
41815.0,26,-31,329
41817.5,58,22,337
41820.0,35,1,320
41822.5,19,-33,332
41825.0,0,-25,284
41827.5,41,-3,362
41830.0,5,-32,296
41832.5,71,67,255
41835.0,-73,-42,311
41837.5,-11,-2,269
41840.0,-33,-36,302
41842.5,27,16,351
41845.0,27,17,284
41847.5,13,-15,342
41850.0,24,-40,343
41852.5,30,4,322
41855.0,1,-25,359
41857.5,27,-12,291
41860.0,72,10,233
41862.5,11,0,292
41865.0,11,0,292
41867.5,-14,-20,257
41870.0,-11,-12,287
41872.5,-126,46,395
41875.0,33,-4,332
41877.5,16,-30,374
41880.0,-81,-10,359
41882.5,-4,-58,427
41885.0,16,-2,315
41887.5,-59,-56,378
41890.0,186,21,55
41892.5,-16,-16,271
41895.0,41,-47,243
41897.5,40,-12,403
41900.0,-43,-12,295
41902.5,6,-24,248
41905.0,34,15,337
41907.5,-19,11,323
41910.0,19,9,286
41912.5,-31,-66,345
41915.0,-31,-66,345
41917.5,134,7,234
41920.0,129,28,133
41922.5,-129,-52,272
41925.0,93,-58,282
41927.5,9,29,338
41930.0,26,31,344
41932.5,93,-5,216
41935.0,-10,-24,307
41937.5,38,-7,246
41940.0,78,-21,365
41942.5,39,-9,275
41945.0,-13,-43,289
41947.5,-37,-49,312
41950.0,-27,-43,480
41952.5,-16,-4,511
41955.0,-20,-21,349
41957.5,44,5,244
41960.0,-50,-42,283
41962.5,-55,-36,229
41965.0,-55,-36,229
41967.5,9,-14,272
41970.0,7,1,430
41972.5,-37,-72,335
41975.0,99,108,168
41977.5,94,63,244
41980.0,27,-44,404
41982.5,94,35,336
41985.0,37,15,256
41987.5,84,73,241
41990.0,-62,-47,447
41992.5,1,-32,366
41995.0,-57,-55,457
41997.5,-57,-61,398
42000.0,-17,8,255
42002.5,102,-3,243
42005.0,29,10,335
42007.5,23,30,216
42010.0,14,-19,308
42012.5,-43,-57,420
42015.0,-43,-57,420
42017.5,-16,-39,326
42020.0,-15,9,391
42022.5,41,-10,240
42025.0,29,-3,308
42027.5,-44,9,325
42030.0,8,-26,306
42032.5,-29,23,306
42035.0,-4,-47,344
42037.5,1,16,258
42040.0,57,17,317
42042.5,-32,-114,307
42045.0,-249,-131,197
42047.5,-37,-53,334
42050.0,32,-4,336
42052.5,-16,3,315
42055.0,-23,-49,249
42057.5,51,6,278
42060.0,-11,-9,409
42062.5,13,-80,285
42065.0,13,-80,285
42067.5,50,8,287
42070.0,-16,-17,286
42072.5,47,16,286
42075.0,10,-37,362
42077.5,18,-14,331
42080.0,63,5,330
42082.5,-45,26,394
42085.0,24,30,263
42087.5,71,-17,288
42090.0,-63,-111,290
42092.5,52,-126,298
42095.0,44,-94,409
42097.5,1,-3,325
42100.0,9,-25,256
42102.5,29,-11,326
42105.0,-53,-21,390
42107.5,48,-15,349
42110.0,0,-30,346
42112.5,0,-30,346
42115.0,122,31,201
42117.5,8,16,321
42120.0,-29,-4,205
42122.5,17,56,223
42125.0,112,82,220
42127.5,-31,-29,327
42130.0,11,-15,283
42132.5,99,6,352
42135.0,-34,-44,295
42137.5,0,-81,234
42140.0,66,23,367
42142.5,-63,-73,305
42145.0,68,29,237
42147.5,35,-21,269
42150.0,182,54,244
42152.5,11,-31,282
42155.0,-49,-66,354
42157.5,-4,-49,412
42160.0,33,-33,282
42162.5,33,-33,282
42165.0,11,-54,349
42167.5,-36,-78,257
42170.0,12,19,377
42172.5,9,25,277
42175.0,11,-15,235
42177.5,18,-3,305
42180.0,-25,-32,257
42182.5,-75,-60,311
42185.0,-41,-35,337
42187.5,44,22,303
42190.0,-12,-77,338
42192.5,-25,-22,404
42195.0,-11,5,308
42197.5,11,12,341
42200.0,-12,-19,283
42202.5,20,56,259
42205.0,-16,15,292
42207.5,0,-26,263
42210.0,-10,13,270
42212.5,-10,13,270
42215.0,14,-21,321
42217.5,37,4,277
42220.0,10,-49,336
42222.5,-39,-90,332
42225.0,50,-21,338
42227.5,-15,-21,352
42230.0,-43,-51,358
42232.5,-10,-21,268
42235.0,-17,1,369
42237.5,74,83,226
42240.0,7,-11,294
42242.5,2,27,330
42245.0,1,-24,283
42247.5,142,27,188
42250.0,-12,28,186
42252.5,-10,47,310
42255.0,82,33,356
42257.5,-63,-38,398
42260.0,41,-33,366
42262.5,41,-33,366
42265.0,19,-7,432
42267.5,36,50,201
42270.0,3,23,199
42272.5,-59,-40,247
42275.0,56,26,357
42277.5,17,-9,351
42280.0,6,-38,293
42282.5,6,-31,310
42285.0,56,-2,350
42287.5,30,-11,244
42290.0,45,-18,300
42292.5,5,-89,314
42295.0,52,-14,194
42297.5,112,106,367
42300.0,82,117,227
42302.5,24,13,398
42305.0,-17,-50,421
42307.5,-39,-3,248
42310.0,69,-9,176
42312.5,69,-9,176
42315.0,-40,-42,239
42317.5,9,-2,357
42320.0,0,-23,334
42322.5,-81,-4,341
42325.0,42,-18,363
42327.5,-43,-33,353
42330.0,81,4,312
42332.5,40,9,226
42335.0,13,-5,303
42337.5,20,-4,241
42340.0,-17,-127,244
42342.5,-2,5,306
42345.0,-11,-11,300
42347.5,-18,34,360
42350.0,-51,-42,192
42352.5,44,36,196
42355.0,-122,-54,415
42357.5,51,5,315
42360.0,-1,-18,389
42362.5,-1,-18,389
42365.0,-40,-58,354
42367.5,55,6,354
42370.0,8,14,270
42372.5,-61,-91,228
42375.0,81,-16,291
42377.5,13,3,296
42380.0,24,0,229
42382.5,-30,-21,335
42385.0,-43,-34,320
42387.5,36,-6,355
42390.0,48,1,399
42392.5,3,-34,231
42395.0,-29,-33,326
42397.5,0,29,312
42400.0,91,6,252
42402.5,42,11,308
42405.0,-20,-16,340
42407.5,84,7,264
42410.0,-14,-13,313
42412.5,-14,-13,313
42415.0,88,-17,307
42417.5,35,-24,206
42420.0,-259,-205,265
42422.5,-13,-67,282
42425.0,-82,39,400
42427.5,-52,-8,335
42430.0,57,24,189
42432.5,10,22,284
42435.0,25,-15,240
42437.5,38,-3,340
42440.0,-43,-37,299
42442.5,12,-15,232
42445.0,15,-10,287
42447.5,27,-6,353
42450.0,60,10,326
42452.5,-26,-34,330
42455.0,46,-5,233
42457.5,13,-32,333
42460.0,33,-21,273
42462.5,33,-21,273
42465.0,-56,37,213
42467.5,-123,8,340
42470.0,129,42,361
42472.5,125,71,345
42475.0,-34,-39,376
42477.5,-23,-11,244
42480.0,33,16,288
42482.5,-26,-40,352
42485.0,-2,-13,288
42487.5,53,36,268
42490.0,0,-23,192
42492.5,116,14,242
42495.0,-12,31,298
42497.5,-22,-27,323
42500.0,32,-2,319
42502.5,3,-3,273
42505.0,31,-8,417
42507.5,8,45,298
42510.0,8,45,298
42512.5,-102,-74,302
42515.0,32,39,245
42517.5,-44,-49,326
42520.0,-3,-27,334
42522.5,29,-7,256
42525.0,-19,-3,269
42527.5,39,30,378
42530.0,-66,55,329
42532.5,52,-20,355
42535.0,62,44,329
42537.5,17,-33,273
42540.0,38,-22,308
42542.5,43,44,278
42545.0,36,-64,288
42547.5,8,-26,333
42550.0,-25,-43,294
42552.5,12,-5,369
42555.0,26,-20,342
42557.5,-56,-8,319
42560.0,-56,-8,319
42562.5,25,-14,310
42565.0,35,22,335
42567.5,6,-27,329
42570.0,11,14,336
42572.5,24,-19,262
42575.0,47,-1,270
42577.5,-76,-49,286
42580.0,73,33,277
42582.5,37,1,327
42585.0,-20,-58,329
42587.5,15,-3,310
42590.0,-7,6,307
42592.5,-19,-66,340
42595.0,-8,-41,284
42597.5,-1,-10,339
42600.0,-23,-44,260
42602.5,51,8,237
42605.0,-5,-6,331
42607.5,53,5,272
42610.0,53,5,272
42612.5,34,59,288
42615.0,-37,-47,354
42617.5,97,41,306
42620.0,-30,-46,398
42622.5,-98,-11,504
42625.0,-1,-35,363
42627.5,-13,-24,354
42630.0,25,-35,260
42632.5,2,6,429
42635.0,105,32,395
42637.5,56,-4,219
42640.0,11,21,162
42642.5,-48,-14,257
42645.0,99,-13,240
42647.5,9,-26,461
42650.0,-19,-21,301
42652.5,44,27,248
42655.0,62,7,342
42657.5,-36,27,313
42660.0,-36,27,313
42662.5,0,47,315
42665.0,4,-29,285
42667.5,80,45,209
42670.0,18,-36,331
42672.5,9,-8,383
42675.0,18,-6,444
42677.5,41,16,423
42680.0,-34,-48,232
42682.5,45,15,163
42685.0,-14,-40,246
42687.5,-8,22,391
42690.0,-11,-16,277
42692.5,47,-11,302
42695.0,5,-13,328
42697.5,2,3,279
42700.0,-16,-8,270
42702.5,57,-9,279
42705.0,38,33,377
42707.5,-42,-65,335
42710.0,-42,-65,335
42712.5,14,-2,319
42715.0,88,18,196
42717.5,56,54,235
42720.0,-29,-35,327
42722.5,-44,-19,330
42725.0,70,0,280
42727.5,94,44,295
42730.0,-59,-37,253
42732.5,-59,-21,511
42735.0,59,21,413
42737.5,40,-20,278
42740.0,-13,-75,284
42742.5,21,-54,309
42745.0,-25,-14,141
42747.5,-8,-54,284
42750.0,17,-3,304
42752.5,42,45,272
42755.0,79,63,264
42757.5,68,0,299
42760.0,68,0,299
42762.5,-16,33,322
42765.0,13,-19,186
42767.5,4,-33,353
42770.0,-21,-35,328
42772.5,48,6,271
42775.0,-19,2,336
42777.5,9,5,303
42780.0,70,12,254
42782.5,46,4,318
42785.0,3,-26,257
42787.5,53,34,288
42790.0,-20,71,317
42792.5,-13,-58,126
42795.0,-74,-212,306
42797.5,6,50,316
42800.0,79,67,351
42802.5,-11,-12,350
42805.0,8,-16,198
42807.5,59,28,279
42810.0,59,28,279
42812.5,-12,-8,335
42815.0,41,15,298
42817.5,19,-10,298
42820.0,-31,-7,303
42822.5,149,16,243
42825.0,-40,-35,401
42827.5,37,37,218
42830.0,-20,-15,296
42832.5,-23,-11,286
42835.0,-24,19,235
42837.5,5,38,357
42840.0,-42,49,410
42842.5,-64,-81,287
42845.0,-100,-71,452
42847.5,118,21,343
42850.0,52,-34,291
42852.5,-13,32,130
42855.0,30,-9,236
42857.5,55,17,393
42860.0,55,17,393
42862.5,-23,-66,331
42865.0,23,8,275
42867.5,-27,10,315
42870.0,-63,-15,413
42872.5,28,4,300
42875.0,-91,-34,368
42877.5,-26,8,244
42880.0,12,-21,328
42882.5,-33,-88,281
42885.0,-8,-60,331
42887.5,56,-88,311
42890.0,5,14,342
42892.5,-8,0,321
42895.0,-79,-5,335
42897.5,-69,-100,306
42900.0,120,15,288
42902.5,-143,-39,396
42905.0,-12,53,325
42907.5,17,29,297
42910.0,17,29,297
42912.5,17,-39,279
42915.0,-27,44,271
42917.5,-33,-2,290
42920.0,9,-6,332
42922.5,22,-14,224
42925.0,2,-5,328
42927.5,-19,-39,327
42930.0,-4,-7,317
42932.5,-32,-25,328
42935.0,45,-34,327
42937.5,67,43,213
42940.0,-56,-22,297
42942.5,95,-3,259
42945.0,-18,-46,298
42947.5,40,1,281
42950.0,49,25,336
42952.5,-5,-28,336
42955.0,11,-5,353
42957.5,11,-5,353
42960.0,12,-22,285
42962.5,-48,16,341
42965.0,19,17,306
42967.5,26,15,255
42970.0,21,-22,342
42972.5,28,-6,288
42975.0,11,-1,290
42977.5,0,-28,308
42980.0,65,-4,294
42982.5,53,7,305
42985.0,-31,-22,379
42987.5,-24,-28,304
42990.0,34,25,347
42992.5,2,37,340
42995.0,12,39,295
42997.5,-57,-42,404
43000.0,73,-19,288
43002.5,49,9,205
43005.0,-37,-27,356
43007.5,-37,-27,356
43010.0,64,5,217
43012.5,-16,-44,364
43015.0,22,-100,501
43017.5,21,-16,311
43020.0,90,-53,270
43022.5,29,-3,124
43025.0,-13,20,160
43027.5,-28,-19,304
43030.0,-21,-35,399
43032.5,3,12,241
43035.0,-6,-62,301
43037.5,90,51,330
43040.0,55,-29,399
43042.5,15,-54,349
43045.0,-51,-47,287
43047.5,30,-18,209
43050.0,-92,-42,223
43052.5,43,4,238
43055.0,8,-4,318
43057.5,8,-4,318
43060.0,-28,-58,347
43062.5,104,38,274
43065.0,3,25,255
43067.5,-19,-19,312
43070.0,-39,-60,380
43072.5,49,-26,237
43075.0,48,16,423
43077.5,-1,-55,349
43080.0,65,67,283
43082.5,-5,-28,411
43085.0,-75,-38,323
43087.5,21,4,189
43090.0,-35,-42,275
43092.5,17,22,332
43095.0,-5,-66,324
43097.5,-58,-45,370
43100.0,0,-18,321
43102.5,13,24,281
43105.0,-2,-16,280
43107.5,-2,-16,280
43110.0,92,75,403
43112.5,-28,3,231
43115.0,8,13,238
43117.5,7,5,297
43120.0,7,-2,329
43122.5,64,-39,230
43125.0,71,20,286
43127.5,108,69,353
43130.0,21,32,310
43132.5,3,-40,339
43135.0,9,-7,253
43137.5,119,-32,417
43140.0,9,-17,306
43142.5,26,-43,242
43145.0,-1,-18,285
43147.5,16,6,290
43150.0,23,-1,251
43152.5,-9,-8,325
43155.0,28,-6,277
43157.5,28,-6,277
43160.0,47,7,302
43162.5,-18,-27,341
43165.0,12,-4,298
43167.5,22,-1,369
43170.0,-2,15,294
43172.5,153,24,261
43175.0,-86,13,319
43177.5,-83,-11,272
43180.0,-8,9,349
43182.5,-31,11,372
43185.0,47,-21,182
43187.5,7,-14,332
43190.0,-28,-30,327
43192.5,50,18,367
43195.0,16,43,337
43197.5,-16,-7,206
43200.0,72,48,307
43202.5,-27,-26,309
43205.0,42,-19,315
43207.5,42,-19,315
43210.0,19,-3,325
43212.5,0,-38,346
43215.0,76,-4,270
43217.5,16,-55,428
43220.0,98,60,201
43222.5,2,-154,324
43225.0,-15,-84,377
43227.5,33,19,272
43230.0,-26,-65,219
43232.5,8,0,225
43235.0,84,-32,280
43237.5,60,27,412
43240.0,10,30,375
43242.5,-65,-39,296
43245.0,81,34,234
43247.5,15,2,259
43250.0,-46,-54,240
43252.5,-28,-82,327
43255.0,-32,-21,246
43257.5,-32,-21,246
43260.0,25,-56,225
43262.5,-38,-110,413
43265.0,5,-3,318
43267.5,35,29,320
43270.0,-8,-3,317
43272.5,-1,5,263
43275.0,-47,-88,278
43277.5,36,24,246
43280.0,-8,20,280
43282.5,-70,-48,378
43285.0,-16,-55,356
43287.5,14,27,357
43290.0,0,6,348
43292.5,-7,21,317
43295.0,43,-37,368
43297.5,28,-57,371
43300.0,-7,-8,255
43302.5,11,-3,302
43305.0,20,-30,322
43307.5,20,-30,322
43310.0,26,-28,357
43312.5,-11,-1,362
43315.0,29,-14,262
43317.5,-104,-50,262
43320.0,-4,-21,304
43322.5,8,-1,298
43325.0,-22,-13,330
43327.5,-2,9,357
43330.0,-26,-20,236
43332.5,-44,-69,341
43335.0,-6,-37,265
43337.5,53,25,219
43340.0,37,-12,311
43342.5,33,-13,275
43345.0,51,5,294
43347.5,-18,-58,324
43350.0,28,-25,314
43352.5,-8,-21,355
43355.0,-12,-39,339
43357.5,-12,-39,339
43360.0,53,0,292
43362.5,64,0,334
43365.0,1,-31,273
43367.5,28,27,240
43370.0,22,4,327
43372.5,1,-26,266
43375.0,-60,-57,234
43377.5,-26,-45,222
43380.0,106,59,123
43382.5,126,-11,105
43385.0,65,-22,282
43387.5,10,0,432
43390.0,46,20,445
43392.5,34,9,304
43395.0,82,2,138
43397.5,-15,-15,203
43400.0,28,13,303
43402.5,59,-10,296
43405.0,-40,-28,365
43407.5,-40,-28,365
43410.0,10,-21,265
43412.5,14,-8,330
43415.0,-19,0,318
43417.5,-14,-7,280
43420.0,-51,-5,290
43422.5,5,-22,186
43425.0,-51,-1,426
43427.5,6,68,280
43430.0,131,-30,323
43432.5,-89,-132,443
43435.0,-31,61,388
43437.5,78,-25,273
43440.0,-10,-55,295
43442.5,14,13,266
43445.0,-4,-24,266
43447.5,21,-38,300
43450.0,10,-3,343
43452.5,54,51,279
43455.0,54,51,279
43457.5,-62,-55,103
43460.0,-42,-10,323
43462.5,-19,-3,445
43465.0,30,0,295
43467.5,74,15,227
43470.0,9,-15,396
43472.5,-39,46,393
43475.0,-7,31,426
43477.5,-21,17,318
43480.0,-15,-47,276
43482.5,14,1,296
43485.0,25,-37,218
43487.5,4,-37,257
43490.0,-45,-19,331
43492.5,35,26,339
43495.0,29,-11,306
43497.5,-19,-47,369
43500.0,75,79,284
43502.5,40,-19,281
43505.0,40,-19,281
43507.5,39,-11,194
43510.0,61,2,294
43512.5,-21,-13,313
43515.0,26,-11,257
43517.5,52,1,300
43520.0,68,12,353
43522.5,4,26,277
43525.0,-2,-34,380
43527.5,13,8,263
43530.0,-19,5,289
43532.5,-32,-20,345
43535.0,53,-10,300
43537.5,22,0,329
43540.0,25,7,330
43542.5,23,-21,229
43545.0,-67,17,252
43547.5,110,-36,253
43550.0,285,108,305
43552.5,159,-1,386
43555.0,159,-1,386
43557.5,-31,4,350
43560.0,-21,-38,394
43562.5,-6,-24,204
43565.0,85,-16,302
43567.5,-47,-33,391
43570.0,-15,-48,281
43572.5,26,30,271
43575.0,-2,-34,310
43577.5,45,-57,306
43580.0,48,12,322
43582.5,-49,-42,308
43585.0,96,15,285
43587.5,9,17,254
43590.0,69,63,297
43592.5,-22,-159,319
43595.0,109,61,336
43597.5,95,79,327
43600.0,50,-7,352
43602.5,-47,10,193
43605.0,-47,10,193
43607.5,34,-11,239
43610.0,54,6,363
43612.5,-64,-75,361
43615.0,49,12,184
43617.5,-98,-71,364
43620.0,-56,17,354
43622.5,90,-1,320
43625.0,6,20,348
43627.5,99,17,208
43630.0,59,-35,313
43632.5,-4,-99,327
43635.0,72,-4,294
43637.5,-24,8,345
43640.0,-4,-57,294
43642.5,9,55,214
43645.0,-65,-41,360
43647.5,-3,27,248
43650.0,0,1,317
43652.5,0,15,317
43655.0,0,15,317
43657.5,1,-37,288
43660.0,57,-12,270
43662.5,-13,-40,350
43665.0,-1,1,342
43667.5,-14,-35,366
43670.0,6,-6,302
43672.5,95,50,242
43675.0,-21,8,340
43677.5,-22,-23,224
43680.0,40,1,287
43682.5,37,-4,307
43685.0,24,23,272
43687.5,7,-26,330
43690.0,27,-3,341
43692.5,3,-33,319
43695.0,36,-2,302
43697.5,29,5,323
43700.0,23,11,308
43702.5,-48,-16,338
43705.0,-48,-16,338
43707.5,-19,-38,302
43710.0,-20,-3,233
43712.5,-5,-16,327
43715.0,9,-11,263
43717.5,15,2,313
43720.0,-19,-11,346
43722.5,-5,-16,335
43725.0,-8,-27,323
43727.5,68,27,346
43730.0,-18,-13,291
43732.5,-64,-64,354
43735.0,58,24,270
43737.5,61,20,247
43740.0,36,22,314
43742.5,-28,-67,288
43745.0,-3,-32,320
43747.5,61,58,295
43750.0,115,37,217
43752.5,-18,-41,434
43755.0,-18,-41,434
43757.5,22,65,280
43760.0,-77,-124,281
43762.5,20,-3,414
43765.0,14,-8,425
43767.5,-95,-27,278
43770.0,-21,-24,395
43772.5,119,-36,96
43775.0,54,19,241
43777.5,7,-39,332
43780.0,57,-11,381
43782.5,36,-21,274
43785.0,11,-44,245
43787.5,109,12,283
43790.0,0,-18,372
43792.5,10,7,322
43795.0,28,16,266
43797.5,-11,28,185
43800.0,71,50,77
43802.5,-93,-60,381
43805.0,-93,-60,381
43807.5,-32,-61,378
43810.0,47,-34,444
43812.5,0,-7,434
43815.0,63,21,147
43817.5,-71,-9,297
43820.0,7,-22,343
43822.5,-6,-4,331
43825.0,-16,-15,350
43827.5,-30,-7,264
43830.0,101,67,225
43832.5,-33,-24,275
43835.0,-58,-68,320
43837.5,-49,-79,272
43840.0,62,-25,330
43842.5,85,20,307
43845.0,-23,10,438
43847.5,65,76,336
43850.0,75,-17,317
43852.5,-33,-26,327
43855.0,-33,-26,327
43857.5,67,-20,285
43860.0,32,2,345
43862.5,-42,-71,294
43865.0,8,14,299
43867.5,34,27,357
43870.0,-29,20,255
43872.5,93,20,324
43875.0,7,-32,321
43877.5,70,14,162
43880.0,64,-13,377
43882.5,0,-16,307
43885.0,22,4,258
43887.5,4,-16,344
43890.0,-55,-51,277
43892.5,22,-18,260
43895.0,-8,-48,381
43897.5,44,19,230
43900.0,77,5,344
43902.5,-21,7,297
43905.0,-21,7,297
43907.5,8,-21,290
43910.0,10,-36,340
43912.5,0,-27,283
43915.0,61,7,237
43917.5,-42,-21,275
43920.0,67,30,258
43922.5,72,36,190
43925.0,50,31,408
43927.5,135,94,295
43930.0,-85,-9,384
43932.5,-63,-59,338
43935.0,25,9,294
43937.5,27,22,223
43940.0,13,4,259
43942.5,-22,-20,332
43945.0,11,-2,253
43947.5,3,-28,332
43950.0,33,-12,320
43952.5,-11,-16,308
43955.0,-11,-16,308
43957.5,65,26,331
43960.0,-25,-29,350
43962.5,-3,-64,286
43965.0,-23,23,307
43967.5,-58,-30,266
43970.0,89,21,349
43972.5,-126,-26,298
43975.0,-110,-14,311
43977.5,-35,-116,257
43980.0,-27,-22,280
43982.5,14,-34,250
43985.0,50,-13,249
43987.5,-9,-28,291
43990.0,30,6,318
43992.5,-17,56,332
43995.0,-39,-53,365
43997.5,94,33,281
44000.0,60,30,309
44002.5,60,30,309
44005.0,-36,35,304
44007.5,72,-25,298
44010.0,-24,-19,317
44012.5,35,-20,359
44015.0,-15,37,297
44017.5,26,69,233
44020.0,40,-1,227
44022.5,0,3,353
44025.0,-91,-45,261
44027.5,71,6,208
44030.0,-51,7,295
44032.5,-18,-23,398
44035.0,-22,-19,353
44037.5,-15,-20,395
44040.0,54,41,247
44042.5,43,-10,292
44045.0,-65,-38,214
44047.5,90,14,241
44050.0,12,-46,234
44052.5,12,-46,234
44055.0,25,-6,326
44057.5,27,-31,346
44060.0,27,36,280
44062.5,-4,40,337
44065.0,-48,15,295
44067.5,-71,-31,357
44070.0,-15,-48,344
44072.5,8,-25,288
44075.0,18,5,323
44077.5,30,18,248
44080.0,1,-37,273
44082.5,22,10,291
44085.0,9,4,277
44087.5,-31,-53,331
44090.0,-10,-27,355
44092.5,34,19,330
44095.0,-19,-22,321
44097.5,-33,-48,345
44100.0,46,28,273
44102.5,46,28,273
44105.0,21,-14,352
44107.5,16,-42,264
44110.0,66,38,292
44112.5,-38,-15,293
44115.0,-8,-21,273
44117.5,31,7,314
44120.0,-55,-14,322
44122.5,29,16,328
44125.0,164,49,289
44127.5,40,10,291
44130.0,81,1,334
44132.5,-45,-55,298
44135.0,89,6,330
44137.5,2,-4,417
44140.0,-15,-39,399
44142.5,25,-18,281
44145.0,36,5,97
44147.5,-53,5,225
44150.0,74,-27,336
44152.5,74,-27,336
44155.0,3,10,454
44157.5,-22,-49,283
44160.0,68,8,206
44162.5,38,-32,283
44165.0,32,12,284
44167.5,28,-7,342
44170.0,31,-32,280
44172.5,59,23,243
44175.0,26,19,335
44177.5,-6,-85,511
44180.0,81,10,449
44182.5,13,-45,415
44185.0,25,-22,363
44187.5,17,0,224
44190.0,-32,-34,252
44192.5,65,12,282
44195.0,-3,-12,422
44197.5,43,-2,373
44200.0,78,-2,248
44202.5,78,-2,248
44205.0,24,-8,318
44207.5,5,-22,262
44210.0,51,9,207
44212.5,-58,-12,355
44215.0,-45,-30,385
44217.5,-19,9,375
44220.0,21,-12,227
44222.5,98,-41,224
44225.0,-26,-16,357
44227.5,-56,-32,268
44230.0,4,-59,339
44232.5,23,3,315
44235.0,8,-7,302
44237.5,-37,-41,483
44240.0,30,48,254
44242.5,-4,-37,266
44245.0,-22,34,331
44247.5,57,1,328
44250.0,84,-12,183
44252.5,84,-12,183
44255.0,20,-28,302
44257.5,32,31,269
44260.0,59,42,292
44262.5,59,-23,320
44265.0,-2,-22,275
44267.5,-51,-95,511
44270.0,-34,-10,247
44272.5,7,11,238
44275.0,-22,-1,293
44277.5,-28,-63,341
44280.0,-21,-19,323
44282.5,-9,-24,335
44285.0,41,12,270
44287.5,36,47,322
44290.0,-9,-32,251
44292.5,-14,-25,327
44295.0,6,-15,338
44297.5,-58,-40,258
44300.0,13,37,306
44302.5,13,37,306
44305.0,84,55,271
44307.5,62,-3,329
44310.0,37,-1,415
44312.5,122,-53,213
44315.0,-90,-52,312
44317.5,-57,-39,418
44320.0,-48,-33,262
44322.5,97,30,227
44325.0,-24,-9,276
44327.5,91,0,362
44330.0,29,48,360
44332.5,18,-4,163
44335.0,2,-2,302
44337.5,9,-10,275
44340.0,29,3,222
44342.5,54,22,290
44345.0,-70,-45,271
44347.5,25,11,316
44350.0,39,4,381
44352.5,39,4,381
44355.0,21,-76,292
44357.5,36,46,141
44360.0,16,0,285
44362.5,168,-92,271
44365.0,-27,-99,331
44367.5,-14,-17,398
44370.0,-1,-12,277
44372.5,-25,-35,270
44375.0,6,12,318
44377.5,28,-27,386
44380.0,-30,-29,357
44382.5,43,-10,202
44385.0,76,39,246
44387.5,-97,-58,321
44390.0,-38,-78,275
44392.5,47,-3,252
44395.0,32,-15,250
44397.5,49,-50,303
44400.0,-135,-86,267
44402.5,-135,-86,267
44405.0,22,10,362
44407.5,-20,9,333
44410.0,-49,-79,405
44412.5,41,59,272
44415.0,13,6,269
44417.5,-60,-16,319
44420.0,16,5,270
44422.5,-29,-39,307
44425.0,40,-2,280
44427.5,48,10,289
44430.0,14,7,312
44432.5,-24,-41,374
44435.0,19,-6,322
44437.5,-3,-21,348
44440.0,21,38,315
44442.5,15,-14,294
44445.0,-16,-34,361
44447.5,40,35,291
44450.0,22,-19,233
44452.5,22,-19,233
44455.0,20,18,256
44457.5,16,-17,260
44460.0,-13,-39,341
44462.5,-24,-6,330
44465.0,18,20,260
44467.5,10,4,319
44470.0,22,-44,335
44472.5,14,-20,307
44475.0,9,-75,347
44477.5,78,42,309
44480.0,60,16,249
44482.5,-53,-32,311
44485.0,69,-3,257
44487.5,26,-25,301
44490.0,80,17,283
44492.5,37,13,274
44495.0,8,-9,332
44497.5,-6,-11,348
44500.0,-6,-11,348
44502.5,44,5,297
44505.0,-8,-6,331
44507.5,39,-22,346
44510.0,-76,50,332
44512.5,22,-65,243
44515.0,41,36,206
44517.5,-93,-10,313
44520.0,-43,13,449
44522.5,31,19,279
44525.0,96,-10,241
44527.5,42,-25,186
44530.0,20,-22,236
44532.5,61,16,397
44535.0,-24,-89,355
44537.5,67,10,259
44540.0,-30,-45,225
44542.5,-1,-12,299
44545.0,12,-27,340
44547.5,-50,-32,353
44550.0,-50,-32,353
44552.5,93,3,274
44555.0,10,-9,250
44557.5,-35,-10,410
44560.0,-52,-18,308
44562.5,98,42,340
44565.0,16,-18,342
44567.5,-5,-29,344
44570.0,-28,9,220
44572.5,57,-5,268
44575.0,65,8,379
44577.5,47,5,318
44580.0,-77,-35,380
44582.5,-22,-24,298
44585.0,44,64,291
44587.5,44,87,338
44590.0,-43,-28,371
44592.5,41,53,245
44595.0,5,-18,265
44597.5,-112,-75,260
44600.0,-112,-75,260
44602.5,-25,-35,455
44605.0,147,31,416
44607.5,76,70,245
44610.0,2,-8,312
44612.5,-15,-30,334
44615.0,33,36,461
44617.5,-8,-68,323
44620.0,-24,2,368
44622.5,-2,-40,293
44625.0,56,-1,321
44627.5,105,42,177
44630.0,-21,-36,337
44632.5,-12,-29,368
44635.0,-22,-12,306
44637.5,41,-44,328
44640.0,95,0,270
44642.5,45,-17,234
44645.0,15,-19,298
44647.5,71,32,286
44650.0,71,32,286
44652.5,-23,-92,338
44655.0,26,14,296
44657.5,-28,-36,307
44660.0,29,19,381
44662.5,7,18,262
44665.0,39,-14,233
44667.5,7,4,317
44670.0,-4,-28,295
44672.5,25,-23,302
44675.0,-95,-66,288
44677.5,-142,-74,333
44680.0,-131,-129,336
44682.5,-6,-69,361
44685.0,-51,1,280
44687.5,-10,-28,314
44690.0,63,21,217
44692.5,-4,33,337
44695.0,-12,-3,314
44697.5,18,-24,340
44700.0,18,-24,340
44702.5,-18,10,328
44705.0,-3,-46,235
44707.5,13,-36,276
44710.0,-23,-25,339
44712.5,66,8,268
44715.0,31,-2,302
44717.5,-49,-46,280
44720.0,-37,-18,430
44722.5,104,49,456
44725.0,-127,-36,275
44727.5,-32,-46,246
44730.0,22,34,371
44732.5,4,-48,212
44735.0,-30,-30,212
44737.5,17,-16,264
44740.0,-15,21,359
44742.5,-23,-35,315
44745.0,-70,-2,279
44747.5,63,-8,390
44750.0,63,-8,390
44752.5,108,-3,342
44755.0,123,10,322
44757.5,44,-25,227
44760.0,-63,-61,307
44762.5,-25,-17,139
44765.0,-22,-16,321
44767.5,52,-9,322
44770.0,33,-18,329
44772.5,-30,-9,199
44775.0,21,-98,407
44777.5,54,15,280
44780.0,45,57,377
44782.5,23,5,341
44785.0,62,-3,279
44787.5,-110,-58,307
44790.0,19,0,230
44792.5,64,47,302
44795.0,1,-13,272
44797.5,14,-28,286
44800.0,14,-28,286
44802.5,-29,-87,344
44805.0,16,-17,370
44807.5,18,-8,337
44810.0,5,15,349
44812.5,8,46,385
44815.0,5,6,236
44817.5,-44,-35,382
44820.0,-1,-14,296
44822.5,80,32,264
44825.0,-11,-4,288
44827.5,43,44,258
44830.0,10,-23,339
44832.5,-13,1,341
44835.0,33,-7,316
44837.5,20,10,315
44840.0,-6,-27,331
44842.5,9,-6,299
44845.0,-31,-28,324
44847.5,35,12,289
44850.0,35,12,289
44852.5,-30,-40,254
44855.0,-13,-21,286
44857.5,27,10,262
44860.0,74,35,315
44862.5,18,-5,308
44865.0,32,22,296
44867.5,-10,-69,328
44870.0,31,1,335
44872.5,-1,-17,322
44875.0,36,-24,351
44877.5,31,-16,284
44880.0,143,41,214
44882.5,45,-21,235
44885.0,26,-3,119
44887.5,30,81,230
44890.0,-122,-103,298
44892.5,-111,-73,375
44895.0,-52,-59,363
44897.5,35,38,384
44900.0,35,38,384
44902.5,131,60,110
44905.0,-3,-18,274
44907.5,-5,-14,366
44910.0,74,7,481
44912.5,-50,-31,233
44915.0,26,18,264
44917.5,38,-6,307
44920.0,1,14,372
44922.5,-7,19,348
44925.0,-59,-69,290
44927.5,-18,6,275
44930.0,40,-9,248
44932.5,-62,-119,368
44935.0,19,12,348
44937.5,9,-17,368
44940.0,-32,-19,301
44942.5,26,8,70
44945.0,15,21,318
44947.5,-40,-13,342
44950.0,-40,-13,342
44952.5,-28,-4,378
44955.0,-23,-50,388
44957.5,41,-1,226
44960.0,39,35,241
44962.5,-13,-72,382
44965.0,-17,12,338
44967.5,-44,-77,423
44970.0,-59,-50,312
44972.5,46,-8,274
44975.0,0,-23,264
44977.5,31,-21,211
44980.0,73,24,383
44982.5,-26,4,360
44985.0,108,2,343
44987.5,54,-5,360
44990.0,12,1,430
44992.5,113,21,319
44995.0,-32,-8,381
44997.5,17,-29,166
45000.0,17,-29,166
45002.5,22,16,447
45005.0,-47,2,344
45007.5,-28,17,317
45010.0,23,-1,317
45012.5,-30,-60,272
45015.0,141,51,242
45017.5,-20,-44,369
45020.0,-2,30,122
45022.5,20,-9,315
45025.0,-49,-44,387
45027.5,-16,1,276
45030.0,5,-26,339
45032.5,-31,-36,295
45035.0,13,10,267
45037.5,-1,-39,325
45040.0,71,41,280
45042.5,19,-4,306
45045.0,-43,-16,317
45047.5,-43,-16,317
45050.0,42,-13,344
45052.5,-108,-30,330
45055.0,-76,-134,265
45057.5,1,53,264
45060.0,-54,30,352
45062.5,181,94,334
45065.0,-31,-28,333
45067.5,-61,-43,183
45070.0,14,23,280
45072.5,-42,-40,382
45075.0,62,48,280
45077.5,61,21,263
45080.0,-85,-51,295
45082.5,-8,-39,261
45085.0,11,-25,343
45087.5,-34,-61,324
45090.0,54,-14,290
45092.5,26,-25,338
45095.0,14,-5,357
45097.5,14,-5,357
45100.0,-3,26,339
45102.5,-28,-140,333
45105.0,50,37,332
45107.5,138,106,272
45110.0,-1,-38,261
45112.5,23,8,181
45115.0,7,-15,338
45117.5,-18,22,376
45120.0,-18,-43,342
45122.5,-32,-42,309
45125.0,26,3,198
45127.5,-11,77,220
45130.0,-35,45,270
45132.5,35,22,274
45135.0,63,-16,280
45137.5,-40,-52,296
45140.0,-58,-7,230
45142.5,43,41,302
45145.0,19,-59,269
45147.5,19,-59,269
45150.0,3,-31,295
45152.5,-29,18,360
45155.0,19,-33,356
45157.5,50,51,293
45160.0,35,24,334
45162.5,76,12,234
45165.0,80,7,327
45167.5,-8,-18,318
45170.0,11,18,224
45172.5,27,-19,259
45175.0,10,21,331
45177.5,-1,-29,354
45180.0,32,-55,308
45182.5,50,33,289
45185.0,-21,-51,284
45187.5,30,-11,337
45190.0,10,-39,275
45192.5,30,3,318
45195.0,4,0,314
45197.5,4,0,314
45200.0,8,-1,264
45202.5,1,-11,303
45205.0,14,20,295
45207.5,-13,-20,348
45210.0,-35,-31,352
45212.5,-12,-2,323
45215.0,18,14,311
45217.5,58,-14,334
45220.0,-35,-67,330
45222.5,87,34,262
45225.0,-3,-14,324
45227.5,49,12,225
45230.0,-35,-39,302
45232.5,-17,-28,318
45235.0,-9,-5,288
45237.5,-28,-40,335
45240.0,-13,0,326
45242.5,79,-18,332
45245.0,17,-67,365
45247.5,17,-67,365
45250.0,-13,-35,295
45252.5,34,6,251
45255.0,11,4,325
45257.5,70,-12,237
45260.0,-18,-32,364
45262.5,-42,-79,329
45265.0,14,5,142
45267.5,7,-81,315
45270.0,-34,-65,350
45272.5,-84,-43,450
45275.0,26,-18,438
45277.5,-34,-39,304
45280.0,-2,43,124
45282.5,-77,-21,241
45285.0,12,-13,355
45287.5,-8,0,461
45290.0,-63,-77,279
45292.5,48,9,283
45295.0,45,-11,307
45297.5,45,-11,307
45300.0,-24,-27,355
45302.5,52,6,342
45305.0,-33,-1,331
45307.5,73,21,141
45310.0,88,-15,330
45312.5,62,-41,263
45315.0,27,-32,316
45317.5,51,20,359
45320.0,-32,-76,355
45322.5,66,70,185
45325.0,-28,-12,270
45327.5,14,-38,309
45330.0,-26,3,364
45332.5,-47,-12,299
45335.0,44,33,280
45337.5,23,41,326
45340.0,140,83,211
45342.5,14,-81,343
45345.0,-14,-87,334
45347.5,-14,-87,334
45350.0,-11,-66,254
45352.5,117,54,181
45355.0,93,-72,349
45357.5,53,-4,264
45360.0,67,-20,345
45362.5,45,-47,264
45365.0,13,-16,244
45367.5,24,-22,484
45370.0,-5,-18,337
45372.5,-8,9,321
45375.0,-32,-57,269
45377.5,19,-30,342
45380.0,-13,7,195
45382.5,6,-17,322
45385.0,94,17,305
45387.5,-26,-39,302
45390.0,21,-19,241
45392.5,-10,16,265
45395.0,-3,-13,238
45397.5,-3,-13,238
45400.0,55,21,264
45402.5,4,-17,316
45405.0,-25,-48,326
45407.5,20,-21,299
45410.0,-7,-12,328
45412.5,-32,-40,226
45415.0,-16,-46,326
45417.5,-9,-16,355
45420.0,48,-4,264
45422.5,-5,4,336
45425.0,-24,-46,349
45427.5,246,170,241
45430.0,-44,-103,213
45432.5,78,-27,224
45435.0,-119,-45,370
45437.5,-14,-32,282
45440.0,46,15,248
45442.5,61,2,263
45445.0,13,0,300
45447.5,13,0,300
45450.0,118,30,290
45452.5,4,-9,330
45455.0,12,-16,230
45457.5,3,-12,267
45460.0,-10,-31,263
45462.5,82,56,257
45465.0,12,-31,320
45467.5,-6,-40,309
45470.0,-17,10,292
45472.5,-3,10,347
45475.0,177,189,234
45477.5,14,-2,250
45480.0,153,60,418
45482.5,5,-12,347
45485.0,32,-31,318
45487.5,-20,-52,237
45490.0,63,-46,332
45492.5,5,-28,426
45495.0,54,31,343
45497.5,54,31,343
45500.0,44,73,274
45502.5,-59,-27,291
45505.0,34,-7,357
45507.5,28,21,298
45510.0,55,-12,271
45512.5,3,-8,261
45515.0,75,34,295
45517.5,-85,-71,327
45520.0,-4,-23,338
45522.5,57,-39,301
45525.0,22,18,254
45527.5,56,-16,278
45530.0,-66,-75,336
45532.5,10,-27,347
45535.0,66,68,293
45537.5,34,-25,278
45540.0,77,20,234
45542.5,-12,-24,328
45545.0,-12,-24,328
45547.5,0,12,298
45550.0,38,17,305
45552.5,-1,14,331
45555.0,82,18,300
45557.5,62,12,305
45560.0,52,19,312
45562.5,7,12,235
45565.0,62,35,337
45567.5,2,29,360
45570.0,-7,-14,326
45572.5,1,-14,313
45575.0,5,18,285
45577.5,-9,-6,313
45580.0,-20,-24,330
45582.5,-5,-20,333
45585.0,17,-5,317
45587.5,30,-1,315
45590.0,-4,-16,299
45592.5,55,69,343
45595.0,55,69,343
45597.5,-9,-7,331
45600.0,18,5,260
45602.5,4,-26,255
45605.0,-2,6,323
45607.5,35,4,259
45610.0,73,21,307
45612.5,12,-22,319
45615.0,50,15,301
45617.5,8,13,345
45620.0,-22,-8,338
45622.5,0,-4,281
45625.0,26,13,339
45627.5,21,11,267
45630.0,90,47,215
45632.5,-40,-45,104
45635.0,32,-17,108
45637.5,164,0,168
45640.0,-5,-1,258
45642.5,58,0,341
45645.0,58,0,341
45647.5,-22,-9,376
45650.0,-25,-46,450
45652.5,58,-24,252
45655.0,15,17,246
45657.5,-26,-34,184
45660.0,36,-9,440
45662.5,-32,-16,420
45665.0,61,-12,192
45667.5,8,-15,292
45670.0,12,-4,382
45672.5,40,7,363
45675.0,-12,2,405
45677.5,53,34,243
45680.0,98,25,311
45682.5,-38,-37,95
45685.0,2,19,257
45687.5,54,9,308
45690.0,-23,-22,445
45692.5,2,5,300
45695.0,2,5,300
45697.5,-50,-14,235
45700.0,14,-22,265
45702.5,9,-17,370
45705.0,18,10,395
45707.5,24,3,247
45710.0,50,25,242
45712.5,-38,-5,277
45715.0,39,22,274
45717.5,23,-1,448
45720.0,83,5,320
45722.5,86,-41,183
45725.0,12,10,366
45727.5,77,10,233
45730.0,-2,-33,340
45732.5,23,5,223
45735.0,11,-8,254
45737.5,20,2,342
45740.0,-10,-7,322
45742.5,60,15,214
45745.0,60,15,214
45747.5,-37,-16,257
45750.0,-20,-7,274
45752.5,-5,43,255
45755.0,34,75,381
45757.5,53,-14,352
45760.0,18,1,357
45762.5,-46,28,382
45765.0,24,3,228
45767.5,-29,-83,284
45770.0,42,31,277
45772.5,62,11,236
45775.0,-8,-24,327
45777.5,39,-12,344
45780.0,-39,-26,302
45782.5,-8,-47,266
45785.0,125,18,243
45787.5,-20,-7,406
45790.0,13,-9,229
45792.5,-36,-44,317
45795.0,-36,-44,317
45797.5,-3,-41,326
45800.0,91,39,303
45802.5,-20,-33,358
45805.0,30,26,287
45807.5,68,14,280
45810.0,20,2,303
45812.5,50,45,138
45815.0,-120,-92,349
45817.5,-209,21,319
45820.0,-124,-33,423
45822.5,31,-59,410
45825.0,-59,-16,384
45827.5,123,65,67
45830.0,8,42,360
45832.5,-23,-17,250
45835.0,10,8,363
45837.5,-30,-6,230
45840.0,-6,-47,246
45842.5,51,-21,363
45845.0,51,-21,363
45847.5,5,-11,321
45850.0,26,33,322
45852.5,-55,-38,331
45855.0,58,21,259
45857.5,59,2,301
45860.0,-48,-47,277
45862.5,22,51,263
45865.0,-113,19,254
45867.5,25,-52,354
45870.0,0,-45,322
45872.5,-39,-18,486
45875.0,-16,-11,343
45877.5,18,27,177
45880.0,27,-21,239
45882.5,155,30,246
45885.0,15,16,384
45887.5,-23,-26,263
45890.0,12,33,324
45892.5,-7,-1,336
45895.0,-7,-1,336
45897.5,11,-30,409
45900.0,53,33,331
45902.5,-67,-27,345
45905.0,36,19,273
45907.5,87,6,201
45910.0,-35,-8,380
45912.5,91,-77,321
45915.0,-46,-69,313
45917.5,17,-13,283
45920.0,133,98,198
45922.5,-13,-5,440
45925.0,88,-34,390
45927.5,22,-23,328
45930.0,-26,-4,248
45932.5,24,-4,264
45935.0,40,18,278
45937.5,-14,-14,332
45940.0,34,-21,267
45942.5,34,-21,267
45945.0,43,15,360
45947.5,-40,-44,295
45950.0,24,10,177
45952.5,23,-50,294
45955.0,3,-16,310
45957.5,35,10,295
45960.0,-20,-2,340
45962.5,-19,-7,319
45965.0,4,17,251
45967.5,-38,-47,326
45970.0,34,-26,269
45972.5,71,18,247
45975.0,35,38,300
45977.5,6,-42,287
45980.0,72,42,306
45982.5,0,-31,303
45985.0,12,1,325
45987.5,-40,-33,352
45990.0,10,-37,324
45992.5,10,-37,324
45995.0,-4,24,298
45997.5,4,7,332
46000.0,-1,-14,289
46002.5,-18,-25,250
46005.0,28,32,325
46007.5,-7,16,230
46010.0,154,83,324
46012.5,33,-13,283
46015.0,113,12,292
46017.5,27,-44,368
46020.0,-23,-29,359
46022.5,18,-5,347
46025.0,8,-10,352
46027.5,-7,17,233
46030.0,-44,22,246
46032.5,-24,-21,362
46035.0,14,-25,284
46037.5,-24,-21,243
46040.0,-15,-74,349
46042.5,-15,-74,349
46045.0,-7,15,311
46047.5,-10,-41,381
46050.0,42,-62,389
46052.5,44,-62,317
46055.0,-70,-34,384
46057.5,48,-29,312
46060.0,-7,5,289
46062.5,-2,22,246
46065.0,93,21,193
46067.5,-29,14,342
46070.0,-27,-15,332
46072.5,0,1,325
46075.0,14,-13,349
46077.5,0,-61,207
46080.0,26,-7,232
46082.5,22,-10,350
46085.0,56,-13,292
46087.5,19,-68,282
46090.0,18,-26,384
46092.5,18,-26,384
46095.0,68,27,221
46097.5,-92,-49,315
46100.0,8,64,262
46102.5,-15,-95,341
46105.0,-1,-52,236
46107.5,-66,-33,366
46110.0,103,70,334
46112.5,-55,-92,350
46115.0,87,29,250
46117.5,19,1,308
46120.0,31,22,252
46122.5,47,41,350
46125.0,-15,-18,364
46127.5,-11,-32,299
46130.0,14,10,346
46132.5,9,-2,312
46135.0,111,108,236
46137.5,-3,-45,334
46140.0,-45,-12,249
46142.5,-45,-12,249
46145.0,92,31,289
46147.5,-23,15,342
46150.0,-19,5,248
46152.5,-76,-72,275
46155.0,37,42,308
46157.5,3,-36,286
46160.0,1,6,336
46162.5,20,-37,277
46165.0,41,39,340
46167.5,-52,-10,351
46170.0,-32,-26,296
46172.5,35,-30,316
46175.0,35,21,299
46177.5,29,11,248
46180.0,-11,-62,296
46182.5,58,21,303
46185.0,-5,-98,286
46187.5,38,-112,418
46190.0,-59,-39,400
46192.5,-59,-39,400
46195.0,-88,-22,383
46197.5,-26,-4,180
46200.0,41,43,288
46202.5,-33,-28,350
46205.0,16,-30,313
46207.5,34,18,283
46210.0,-51,-29,333
46212.5,24,10,322
46215.0,-29,-17,359
46217.5,42,-12,323
46220.0,105,44,269
46222.5,-45,-37,355
46225.0,41,-34,312
46227.5,-25,-56,327
46230.0,-37,-33,351
46232.5,39,10,348
46235.0,-8,-42,396
46237.5,-40,-18,249
46240.0,14,-8,386
46242.5,14,-8,386
46245.0,-25,-30,361
46247.5,-7,7,242
46250.0,22,-15,333
46252.5,-13,-36,334
46255.0,7,-15,204
46257.5,69,24,299
46260.0,-38,-4,379
46262.5,6,-28,291
46265.0,130,59,297
46267.5,21,33,324
46270.0,-25,-36,398
46272.5,35,17,365
46275.0,-24,-8,278
46277.5,-7,-20,253
46280.0,54,18,349
46282.5,22,-3,275
46285.0,38,23,308
46287.5,17,23,338
46290.0,39,19,349
46292.5,39,19,349
46295.0,67,31,213
46297.5,32,15,317
46300.0,31,-18,287
46302.5,-3,-15,296
46305.0,94,53,255
46307.5,1,-39,169
46310.0,-42,-22,285
46312.5,69,-13,266
46315.0,38,51,354
46317.5,2,25,344
46320.0,56,39,273
46322.5,-21,14,250
46325.0,58,9,292
46327.5,65,23,356
46330.0,-5,-15,349
46332.5,8,0,336
46335.0,42,13,244
46337.5,-49,11,314
46340.0,19,-15,220
46342.5,19,-15,220
46345.0,35,-6,281
46347.5,-35,-52,319
46350.0,37,42,255
46352.5,6,-20,312
46355.0,15,25,322
46357.5,58,44,279
46360.0,-4,-52,324
46362.5,-9,-21,341
46365.0,22,-10,316
46367.5,80,10,346
46370.0,-6,-22,268
46372.5,79,38,244
46375.0,-22,-1,289
46377.5,30,11,274
46380.0,59,10,321
46382.5,33,29,332
46385.0,-63,-120,367
46387.5,44,12,396
46390.0,44,12,396
46392.5,17,-13,292
46395.0,92,-106,326
46397.5,0,-56,446
46400.0,-85,-49,358
46402.5,68,-2,301
46405.0,81,14,342
46407.5,68,-28,137
46410.0,-41,-7,223
46412.5,-38,-8,327
46415.0,88,8,392
46417.5,7,-18,352
46420.0,15,48,232
46422.5,7,-42,224
46425.0,-54,-33,346
46427.5,4,-10,285
46430.0,5,35,301
46432.5,12,15,273
46435.0,34,38,313
46437.5,-121,-130,477
46440.0,-121,-130,477
46442.5,47,-48,381
46445.0,125,-13,380
46447.5,-35,-34,313
46450.0,-42,-80,274
46452.5,15,-19,218
46455.0,-37,7,189
46457.5,-17,-5,332
46460.0,67,24,338
46462.5,25,22,327
46465.0,41,-8,265
46467.5,-56,-11,397
46470.0,12,61,285
46472.5,-63,-62,310
46475.0,52,60,376
46477.5,97,32,317
46480.0,56,-41,141
46482.5,-1,35,217
46485.0,66,42,251
46487.5,4,-5,354
46490.0,4,-5,354
46492.5,-21,-50,236
46495.0,55,31,347
46497.5,-103,-83,475
46500.0,2,-2,353
46502.5,28,-27,350
46505.0,-21,-16,336
46507.5,64,7,330
46510.0,80,1,298
46512.5,21,26,242
46515.0,71,32,304
46517.5,-11,-41,307
46520.0,38,22,291
46522.5,29,-2,305
46525.0,-46,-48,292
46527.5,32,14,179
46530.0,-88,-74,413
46532.5,18,-8,224
46535.0,9,48,301
46537.5,-47,-37,371
46540.0,-47,-37,371
46542.5,-4,-48,329
46545.0,26,18,313
46547.5,-9,24,251
46550.0,14,-39,251
46552.5,-9,-11,319
46555.0,54,25,271
46557.5,-7,-8,316
46560.0,47,-70,412
46562.5,32,-103,260
46565.0,25,11,387
46567.5,-6,-25,403
46570.0,33,-49,305
46572.5,2,16,225
46575.0,24,43,193
46577.5,-2,-18,295
46580.0,-1,-57,351
46582.5,27,17,303
46585.0,-37,-36,304
46587.5,10,38,284
46590.0,10,38,284
46592.5,54,7,320
46595.0,-29,-36,369
46597.5,33,-7,248
46600.0,46,4,291
46602.5,-3,53,315
46605.0,48,5,245
46607.5,28,13,246
46610.0,-29,-65,377
46612.5,-75,-36,352
46615.0,1,-46,296
46617.5,-20,-20,187
46620.0,135,54,255
46622.5,-1,16,373
46625.0,8,-14,239
46627.5,27,6,290
46630.0,3,4,232
46632.5,1,-55,299
46635.0,61,-59,326
46637.5,32,-55,306
46640.0,32,-55,306
46642.5,78,12,237
46645.0,-6,-17,291
46647.5,10,-38,302
46650.0,60,-94,307
46652.5,44,39,228
46655.0,24,-44,295
46657.5,33,-8,305
46660.0,46,-29,319
46662.5,-34,36,295
46665.0,55,57,322
46667.5,73,61,345
46670.0,70,-26,285
46672.5,14,-6,367
46675.0,-31,-37,276
46677.5,51,51,267
46680.0,98,21,227
46682.5,35,-20,248
46685.0,-23,-41,340
46687.5,-43,-4,329
46690.0,-43,-4,329
46692.5,25,-12,318
46695.0,0,-30,338
46697.5,22,-32,365
46700.0,34,-7,329
46702.5,62,20,307
46705.0,50,7,283
46707.5,-17,-35,245
46710.0,3,-8,341
46712.5,-11,-31,287
46715.0,24,7,283
46717.5,9,-15,313
46720.0,31,9,282
46722.5,40,33,313
46725.0,-59,-57,361
46727.5,9,-30,303
46730.0,-57,-18,320
46732.5,10,-15,343
46735.0,89,59,278
46737.5,-54,-38,347
46740.0,-54,-38,347
46742.5,0,-18,234
46745.0,9,-36,262
46747.5,-6,7,297
46750.0,30,-10,263
46752.5,6,2,321
46755.0,59,13,364
46757.5,11,-14,330
46760.0,-24,-26,371
46762.5,-24,-34,284
46765.0,108,66,80
46767.5,-6,-28,303
46770.0,-39,-24,129
46772.5,-43,-36,335
46775.0,15,-21,310
46777.5,-17,-30,371
46780.0,-2,-31,423
46782.5,41,-91,135
46785.0,70,-28,221
46787.5,26,3,282
46790.0,26,3,282
46792.5,-29,-69,362
46795.0,78,26,276
46797.5,-37,-24,305
46800.0,0,-6,251
46802.5,27,-10,312
46805.0,-77,9,313
46807.5,-20,-25,322
46810.0,9,-14,331
46812.5,33,-14,188
46815.0,99,1,260
46817.5,1,-79,297
46820.0,41,-9,298
46822.5,-14,-8,313
46825.0,-57,-63,140
46827.5,34,37,311
46830.0,25,-22,344
46832.5,34,33,397
46835.0,61,17,298
46837.5,-9,7,268
46840.0,-9,7,268
46842.5,-6,1,207
46845.0,-139,17,392
46847.5,-9,34,304
46850.0,-28,-29,395
46852.5,42,51,310
46855.0,16,26,243
46857.5,42,-40,126
46860.0,-31,-15,293
46862.5,74,-19,334
46865.0,92,71,226
46867.5,75,26,258
46870.0,115,17,337
46872.5,-68,5,511
46875.0,-33,-73,363
46877.5,67,-20,323
46880.0,-1,-4,336
46882.5,-29,-39,266
46885.0,36,5,231
46887.5,-69,-61,263
46890.0,-69,-61,263
46892.5,65,3,250
46895.0,51,-8,307
46897.5,50,11,268
46900.0,23,-21,261
46902.5,5,-14,283
46905.0,4,24,246
46907.5,17,23,407
46910.0,-19,-14,291
46912.5,29,18,271
46915.0,-4,-31,377
46917.5,-26,-10,300
46920.0,52,40,249
46922.5,-58,-36,326
46925.0,23,4,268
46927.5,25,-13,326
46930.0,-20,-16,335
46932.5,128,3,264
46935.0,-145,-34,451
46937.5,-145,-34,451
46940.0,-126,53,313
46942.5,-92,-54,391
46945.0,35,-34,436
46947.5,-6,-1,318
46950.0,56,13,218
46952.5,3,-28,319
46955.0,46,8,299
46957.5,52,-7,431
46960.0,38,-19,309
46962.5,58,-9,234
46965.0,-29,-4,312
46967.5,27,25,247
46970.0,60,12,320
46972.5,-43,-34,274
46975.0,48,-4,261
46977.5,5,54,301
46980.0,15,-94,456
46982.5,130,33,235
46985.0,128,150,305
46987.5,128,150,305
46990.0,-31,-87,313
46992.5,-109,-78,301
46995.0,-42,-35,341
46997.5,34,-13,266
47000.0,41,31,329
47002.5,1,16,393
47005.0,85,20,331
47007.5,71,50,230
47010.0,-69,-1,305
47012.5,18,68,289
47015.0,7,52,313
47017.5,72,32,264
47020.0,42,23,236
47022.5,-24,-27,278
47025.0,-5,31,266
47027.5,134,85,209
47030.0,19,-22,246
47032.5,14,52,254
47035.0,24,-11,300
47037.5,24,-11,300
47040.0,-38,-49,369
47042.5,76,12,278
47045.0,-92,-60,358
47047.5,11,16,273
47050.0,9,-16,280
47052.5,2,-28,333
47055.0,7,-21,300
47057.5,-6,-45,304
47060.0,9,-16,335
47062.5,-11,-14,294
47065.0,-18,20,274
47067.5,60,-17,299
47070.0,23,-31,281
47072.5,45,-29,437
47075.0,46,13,314
47077.5,25,46,198
47080.0,-50,-23,271
47082.5,13,-20,261
47085.0,-15,-52,348
47087.5,-15,-52,348
47090.0,-31,-48,319
47092.5,51,-7,280
47095.0,13,5,304
47097.5,-42,-14,325
47100.0,7,-10,304
47102.5,-59,-38,335
47105.0,9,-27,307
47107.5,-25,-16,249
47110.0,8,2,312
47112.5,72,9,258
47115.0,19,-7,264
47117.5,-22,-27,322
47120.0,16,5,285
47122.5,-2,10,317
47125.0,25,31,307
47127.5,20,-4,290
47130.0,44,4,353
47132.5,-25,-17,329
47135.0,-43,38,368
47137.5,-43,38,368
47140.0,-22,8,367
47142.5,18,-6,163
47145.0,138,80,95
47147.5,38,-17,276
47150.0,-85,-20,384
47152.5,72,7,267
47155.0,-19,-1,377
47157.5,94,35,70
47160.0,50,11,293
47162.5,29,1,297
47165.0,67,10,442
47167.5,31,-16,405
47170.0,16,-4,187
47172.5,34,-26,296
47175.0,43,25,305
47177.5,20,-23,307
47180.0,66,-15,340
47182.5,-35,7,300
47185.0,15,-14,373
47187.5,15,-14,373
47190.0,66,20,20
47192.5,202,32,114
47195.0,123,-87,260
47197.5,-49,-63,283
47200.0,-51,-66,373
47202.5,64,41,336
47205.0,-48,1,221
47207.5,72,36,257
47210.0,22,14,440
47212.5,83,13,303
47215.0,8,45,254
47217.5,-10,5,292
47220.0,40,17,256
47222.5,112,15,297
47225.0,28,-16,389
47227.5,226,35,160
47230.0,11,10,305
47232.5,38,3,319
47235.0,-24,-20,312
47237.5,-24,-20,312
47240.0,-1,-14,239
47242.5,33,-8,283
47245.0,-28,-45,280
47247.5,-50,12,324
47250.0,10,27,395
47252.5,34,-14,374
47255.0,49,49,292
47257.5,49,-4,277
47260.0,47,29,274
47262.5,40,-46,272
47265.0,-28,-20,393
47267.5,-15,60,311
47270.0,3,-56,284
47272.5,50,33,323
47275.0,21,-61,226
47277.5,40,16,212
47280.0,38,-28,253
47282.5,15,-24,323
47285.0,-15,-33,373
47287.5,-15,-33,373
47290.0,19,16,297
47292.5,25,-16,277
47295.0,-2,-9,337
47297.5,6,-20,277
47300.0,73,-3,293
47302.5,3,-13,311
47305.0,65,27,280
47307.5,3,-9,321
47310.0,35,33,312
47312.5,59,22,289
47315.0,2,-17,269
47317.5,-34,26,269
47320.0,-89,-36,153
47322.5,-134,-145,235
47325.0,-56,20,464
47327.5,44,19,398
47330.0,-26,-16,236
47332.5,79,-13,265
47335.0,-43,-20,369
47337.5,-43,-20,369
47340.0,20,1,319
47342.5,2,5,278
47345.0,2,-35,267
47347.5,33,-22,259
47350.0,35,21,309
47352.5,-85,-78,298
47355.0,75,27,339
47357.5,27,24,354
47360.0,-47,-55,328
47362.5,60,63,333
47365.0,-108,-112,324
47367.5,124,122,170
47370.0,18,58,239
47372.5,-139,-180,364
47375.0,4,18,436
47377.5,-40,-11,323
47380.0,34,10,232
47382.5,34,-5,314
47385.0,44,15,461
47387.5,44,15,461
47390.0,36,-14,263
47392.5,34,-15,178
47395.0,-30,-21,279
47397.5,-3,-10,302
47400.0,12,-12,328
47402.5,-5,-25,279
47405.0,37,14,293
47407.5,-7,-66,278
47410.0,-14,19,279
47412.5,-136,-67,237
47415.0,-151,39,395
47417.5,21,-129,314
47420.0,100,-69,339
47422.5,-61,79,236
47425.0,60,25,255
47427.5,-13,-44,309
47430.0,45,5,320
47432.5,21,-8,307
47435.0,34,30,303
47437.5,34,30,303
47440.0,15,9,359
47442.5,-26,-23,330
47445.0,24,19,335
47447.5,58,-14,333
47450.0,72,-15,275
47452.5,-25,-32,286
47455.0,-27,-48,276
47457.5,52,7,300
47460.0,26,12,292
47462.5,27,16,286
47465.0,22,52,297
47467.5,-4,-8,323
47470.0,21,10,336
47472.5,-11,30,324
47475.0,-8,13,302
47477.5,-23,-39,304
47480.0,-29,-15,349
47482.5,32,8,287
47485.0,62,15,246
47487.5,62,15,246
47490.0,16,27,324
47492.5,-23,-28,245
47495.0,5,-3,272
47497.5,51,16,310
47500.0,16,-1,291
47502.5,45,19,329
47505.0,38,41,318
47507.5,-17,-48,324
47510.0,-37,-21,334
47512.5,30,-21,311
47515.0,43,3,264
47517.5,-22,8,341
47520.0,101,-16,190
47522.5,127,100,131
47525.0,43,2,140
47527.5,-14,-32,418
47530.0,-4,-63,391
47532.5,-38,-48,368
47535.0,31,44,364
47537.5,31,44,364
47540.0,50,61,269
47542.5,-28,-41,252
47545.0,54,6,313
47547.5,58,28,448
47550.0,22,-7,277
47552.5,68,-22,182
47555.0,-6,-11,299
47557.5,27,1,298
47560.0,5,22,319
47562.5,34,-25,399
47565.0,-43,-26,316
47567.5,-129,-66,511
47570.0,-73,-39,351
47572.5,3,-41,380
47575.0,-9,-8,330
47577.5,31,-12,264
47580.0,35,12,272
47582.5,90,149,269
47585.0,71,40,346
47587.5,71,40,346
47590.0,-14,-7,364
47592.5,18,-10,228
47595.0,67,108,216
47597.5,-58,-47,230
47600.0,-99,-41,331
47602.5,2,51,371
47605.0,-1,13,323
47607.5,-30,-32,332
47610.0,-30,-56,310
47612.5,-3,31,379
47615.0,-25,17,196
47617.5,-24,-13,245
47620.0,67,4,241
47622.5,42,-23,313
47625.0,-77,-36,318
47627.5,9,-7,314
47630.0,25,-11,306
47632.5,-91,-65,283
47635.0,-91,-65,283
47637.5,-44,14,257
47640.0,-45,-27,291
47642.5,-13,47,463
47645.0,147,123,209
47647.5,-41,18,296
47650.0,68,30,242
47652.5,44,16,370
47655.0,-4,-7,267
47657.5,84,9,394
47660.0,63,19,290
47662.5,8,-3,282
47665.0,20,-25,298
47667.5,-71,-40,368
47670.0,13,-49,346
47672.5,32,12,350
47675.0,63,34,248
47677.5,-27,-11,275
47680.0,-10,-17,309
47682.5,26,17,290
47685.0,26,17,290
47687.5,-32,10,373
47690.0,103,-53,260
47692.5,237,31,218
47695.0,24,30,375
47697.5,41,-41,331
47700.0,-11,5,257
47702.5,2,-15,251
47705.0,46,20,220
47707.5,12,-17,314
47710.0,-35,-31,322
47712.5,36,-2,312
47715.0,0,-20,325
47717.5,-42,-61,257
47720.0,35,-22,344
47722.5,4,6,312
47725.0,33,-11,255
47727.5,27,1,278
47730.0,15,-4,218
47732.5,-27,10,258
47735.0,-27,10,258
47737.5,70,70,401
47740.0,-45,-79,302
47742.5,45,-79,330
47745.0,11,10,467
47747.5,101,17,245
47750.0,42,-19,203
47752.5,11,-40,217
47755.0,-15,-42,344
47757.5,46,19,334
47760.0,-54,-60,312
47762.5,113,31,303
47765.0,248,28,418
47767.5,-95,29,311
47770.0,45,-28,287
47772.5,-60,-123,347
47775.0,-48,-1,279
47777.5,77,63,331
47780.0,97,-3,227
47782.5,26,-27,346
47785.0,26,-27,346
47787.5,52,65,210
47790.0,-19,-59,323
47792.5,-6,-39,284
47795.0,93,14,339
47797.5,-60,-69,337
47800.0,45,-45,272
47802.5,92,27,370
47805.0,27,-11,276
47807.5,2,-1,329
47810.0,-35,-29,260
47812.5,4,-25,264
47815.0,-28,37,307
47817.5,4,7,330
47820.0,-9,-8,275
47822.5,-12,-54,324
47825.0,-2,-3,294
47827.5,-12,-25,239
47830.0,-2,-54,393
47832.5,-46,-47,325
47835.0,-46,-47,325
47837.5,43,33,293
47840.0,31,-24,317
47842.5,75,26,261
47845.0,-39,-44,286
47847.5,62,8,260
47850.0,13,-19,241
47852.5,16,-7,351
47855.0,-19,-50,349
47857.5,93,3,343
47860.0,-25,-8,325
47862.5,-1,-27,302
47865.0,-14,-2,280
47867.5,-20,-16,320
47870.0,-41,-2,252
47872.5,76,-14,285
47875.0,48,26,301
47877.5,16,13,291
47880.0,29,-10,309
47882.5,-3,-28,329
47885.0,-3,-28,329
47887.5,46,-4,303
47890.0,8,-9,393
47892.5,-5,3,405
47895.0,-47,17,499
47897.5,82,22,388
47900.0,-85,-17,387
47902.5,52,-44,337
47905.0,2,-32,397
47907.5,48,-7,311
47910.0,16,10,302
47912.5,-4,-14,252
47915.0,-55,-63,290
47917.5,59,-33,358
47920.0,30,24,373
47922.5,54,5,254
47925.0,-24,-29,260
47927.5,27,22,241
47930.0,21,-14,402
47932.5,-34,4,337
47935.0,-34,4,337
47937.5,32,11,270
47940.0,60,39,351
47942.5,-13,-15,308
47945.0,60,-100,427
47947.5,5,-37,364
47950.0,76,41,379
47952.5,-34,-47,284
47955.0,8,-43,108
47957.5,13,5,274
47960.0,-75,10,381
47962.5,-35,-14,398
47965.0,-26,-13,315
47967.5,2,6,272
47970.0,52,-41,251
47972.5,38,12,298
47975.0,32,-48,384
47977.5,-12,-31,345
47980.0,-1,46,374
47982.5,-79,-31,332
47985.0,-79,-31,332
47987.5,4,-20,314
47990.0,10,21,511
47992.5,49,75,326
47995.0,-14,-26,341
47997.5,34,21,263
48000.0,3,4,253
48002.5,-20,-58,295
48005.0,-56,-46,261
48007.5,-16,-5,379
48010.0,-42,1,366
48012.5,3,-23,243
48015.0,44,13,281
48017.5,-14,-29,393
48020.0,-9,29,328
48022.5,45,8,320
48025.0,7,-50,301
48027.5,102,29,284
48030.0,-14,-18,364
48032.5,39,-20,329
48035.0,39,-20,329
48037.5,57,-8,315
48040.0,-9,-19,255
48042.5,44,24,308
48045.0,18,-23,324
48047.5,-6,-55,319
48050.0,59,28,271
48052.5,1,-13,334
48055.0,12,-20,236
48057.5,18,15,282
48060.0,36,17,356
48062.5,36,50,301
48065.0,35,-12,308
48067.5,-12,-36,234
48070.0,26,21,228
48072.5,-51,-25,298
48075.0,-47,-30,231
48077.5,60,-3,324
48080.0,20,8,215
48082.5,-28,-84,294
48085.0,-28,-84,294
48087.5,-17,-22,357
48090.0,77,23,363
48092.5,50,-11,239
48095.0,11,-14,362
48097.5,11,-24,257
48100.0,25,-10,279
48102.5,-11,-25,287
48105.0,37,11,240
48107.5,76,49,280
48110.0,-71,-29,426
48112.5,-38,64,289
48115.0,-113,-31,331
48117.5,-31,-11,355
48120.0,56,-6,353
48122.5,59,-14,317
48125.0,41,7,152
48127.5,76,42,250
48130.0,10,4,381
48132.5,61,11,314
48135.0,61,11,314
48137.5,-7,-5,302
48140.0,-58,19,363
48142.5,2,22,333
48145.0,-113,-87,404
48147.5,11,-22,284
48150.0,10,-25,302
48152.5,-36,-19,235
48155.0,61,28,272
48157.5,63,-44,312
48160.0,-3,27,314
48162.5,-7,1,312
48165.0,3,-20,323
48167.5,25,5,325
48170.0,27,32,239
48172.5,-63,-2,397
48175.0,138,39,287
48177.5,66,6,202
48180.0,-1,-20,336
48182.5,-1,-20,336
48185.0,34,24,279
48187.5,8,18,352
48190.0,47,8,306
48192.5,9,-52,330
48195.0,53,29,296
48197.5,-34,-43,323
48200.0,38,-2,339
48202.5,13,-5,340
48205.0,-38,-60,324
48207.5,20,1,279
48210.0,-69,-49,335
48212.5,0,10,226
48215.0,35,13,319
48217.5,22,5,306
48220.0,-38,-59,280
48222.5,-26,-7,335
48225.0,-12,-36,352
48227.5,30,-2,331
48230.0,-33,-17,338
48232.5,-33,-17,338
48235.0,15,13,310
48237.5,40,-7,255
48240.0,-22,-11,335
48242.5,14,-8,230
48245.0,2,26,277
48247.5,-35,-22,311
48250.0,67,58,226
48252.5,-29,-46,319
48255.0,29,24,365
48257.5,15,-5,297
48260.0,-30,-62,349
48262.5,-22,1,339
48265.0,-16,11,326
48267.5,12,-2,379
48270.0,75,-18,202
48272.5,59,18,363
48275.0,-64,-12,277
48277.5,-89,-60,196
48280.0,-10,39,372
48282.5,-10,39,372
48285.0,-29,-58,397
48287.5,-10,19,329
48290.0,7,5,421
48292.5,-38,-36,364
48295.0,10,11,156
48297.5,4,28,322
48300.0,9,-13,467
48302.5,13,6,279
48305.0,-1,-48,245
48307.5,38,0,231
48310.0,38,29,328
48312.5,-15,55,343
48315.0,74,-8,309
48317.5,34,22,281
48320.0,-17,-37,146
48322.5,-11,-34,215
48325.0,128,75,305
48327.5,6,-31,336
48330.0,-5,-19,373
48332.5,-5,-19,373
48335.0,38,-6,231
48337.5,13,24,283
48340.0,2,2,377
48342.5,-60,-64,347
48345.0,8,-26,250
48347.5,-70,-39,208
48350.0,23,-37,190
48352.5,-15,28,323
48355.0,-99,-50,484
48357.5,49,-16,299
48360.0,7,-1,346
48362.5,28,40,311
48365.0,86,36,348
48367.5,46,3,313
48370.0,-24,-22,278
48372.5,-52,-60,330
48375.0,-87,-12,405
48377.5,-14,16,310
48380.0,-23,7,348
48382.5,-23,7,348
48385.0,81,15,355
48387.5,23,32,276
48390.0,23,15,250
48392.5,63,25,334
48395.0,-37,-53,367
48397.5,62,17,287
48400.0,44,26,367
48402.5,-3,-25,392
48405.0,39,40,217
48407.5,-18,-40,311
48410.0,14,-42,307
48412.5,60,-5,292
48415.0,14,-6,327
48417.5,25,18,295
48420.0,107,23,279
48422.5,-12,-10,308
48425.0,22,18,241
48427.5,-3,-23,333
48430.0,-4,-25,315
48432.5,-4,-25,315
48435.0,31,12,283
48437.5,26,18,331
48440.0,9,-24,365
48442.5,58,-74,280
48445.0,-84,-82,296
48447.5,-57,-138,319
48450.0,7,13,381
48452.5,-35,-25,346
48455.0,28,-19,288
48457.5,69,30,234
48460.0,7,1,308
48462.5,10,-3,351
48465.0,-4,-21,388
48467.5,37,47,245
48470.0,82,60,255
48472.5,-41,-10,259
48475.0,27,-30,281
48477.5,-1,0,274
48480.0,-88,16,260
48482.5,-88,16,260
48485.0,-10,-6,329
48487.5,34,31,303
48490.0,-7,-21,294
48492.5,-67,-120,237
48495.0,91,33,372
48497.5,126,44,301
48500.0,46,-41,327
48502.5,-42,-37,221
48505.0,-34,12,234
48507.5,6,6,313
48510.0,10,-6,450
48512.5,-8,-9,283
48515.0,-130,-125,466
48517.5,-70,-93,322
48520.0,-31,-15,309
48522.5,68,41,243
48525.0,13,30,223
48527.5,36,-62,295
48530.0,8,-2,357
48532.5,8,-2,357
48535.0,96,0,315
48537.5,37,-23,367
48540.0,-48,-12,297
48542.5,49,-28,295
48545.0,-43,-34,287
48547.5,-18,-96,385
48550.0,62,-3,297
48552.5,-65,-26,261
48555.0,28,1,295
48557.5,9,8,332
48560.0,44,36,321
48562.5,94,11,275
48565.0,-13,-108,357
48567.5,27,14,294
48570.0,40,6,272
48572.5,-70,-7,429
48575.0,2,-57,324
48577.5,70,31,236
48580.0,37,11,360
48582.5,37,11,360
48585.0,7,-19,326
48587.5,18,41,294
48590.0,5,-28,315
48592.5,120,33,264
48595.0,32,10,337
48597.5,-30,-55,357
48600.0,31,16,300
48602.5,-26,-29,341
48605.0,57,-15,317
48607.5,12,-15,272
48610.0,-47,-42,326
48612.5,22,3,243
48615.0,24,-3,270
48617.5,-45,-26,296
48620.0,29,5,270
48622.5,59,46,296
48625.0,-16,-13,303
48627.5,56,-6,307
48630.0,56,-6,307
48632.5,30,18,297
48635.0,20,-36,329
48637.5,55,-7,301
48640.0,-7,-25,350
48642.5,81,-12,226
48645.0,10,41,250
48647.5,32,-6,182
48650.0,44,17,221
48652.5,-100,-60,407
48655.0,-94,-86,468
48657.5,31,-11,332
48660.0,110,34,404
48662.5,-50,-46,256
48665.0,41,18,208
48667.5,-45,-3,295
48670.0,-11,-30,341
48672.5,12,-2,339
48675.0,6,-15,238
48677.5,-7,-27,285
48680.0,-7,-27,285
48682.5,29,-3,333
48685.0,-70,-11,316
48687.5,55,-36,333
48690.0,38,-1,302
48692.5,-9,-26,218
48695.0,-23,17,300
48697.5,-145,-84,455
48700.0,-112,8,433
48702.5,63,35,367
48705.0,-33,-52,378
48707.5,38,47,163
48710.0,-5,-20,222
48712.5,0,-16,303
48715.0,-20,-19,327
48717.5,-53,-41,326
48720.0,-16,-28,229
48722.5,8,9,311
48725.0,7,-2,298
48727.5,26,-16,338
48730.0,26,-16,338
48732.5,-30,-59,381
48735.0,-37,-115,237
48737.5,34,22,93
48740.0,15,-42,267
48742.5,-36,-27,293
48745.0,32,7,274
48747.5,0,-24,322
48750.0,19,-35,331
48752.5,44,14,319
48755.0,37,-5,317
48757.5,-9,12,430
48760.0,-33,-28,305
48762.5,28,-33,202
48765.0,-14,21,270
48767.5,-21,-54,346
48770.0,-36,8,199
48772.5,-6,-44,286
48775.0,-30,-31,373
48777.5,61,3,309
48780.0,61,3,309
48782.5,11,-8,283
48785.0,60,41,267
48787.5,45,11,428
48790.0,-24,-19,321
48792.5,-17,-32,303
48795.0,-67,-23,346
48797.5,-27,-34,388
48800.0,13,-1,246
48802.5,-10,-9,331
48805.0,27,33,265
48807.5,-21,-11,357
48810.0,-44,-33,331
48812.5,-10,-8,281
48815.0,-23,-13,339
48817.5,-2,-28,261
48820.0,-14,67,201
48822.5,-142,-33,320
48825.0,-78,-67,242
48827.5,-128,65,383
48830.0,-128,65,383
48832.5,-152,-54,232
48835.0,25,-18,302
48837.5,9,10,406
48840.0,-8,-7,146
48842.5,61,22,287
48845.0,-10,-1,384
48847.5,53,-4,260
48850.0,48,-10,266
48852.5,-30,7,233
48855.0,23,8,309
48857.5,-8,-11,333
48860.0,-44,-33,311
48862.5,75,6,298
48865.0,-53,-66,353
48867.5,16,26,273
48870.0,8,11,265
48872.5,164,58,211
48875.0,131,34,253
48877.5,148,53,297
48880.0,148,53,297
48882.5,-134,-72,395
48885.0,-56,-20,410
48887.5,8,7,268
48890.0,25,41,296
48892.5,50,3,363
48895.0,-16,-13,402
48897.5,46,37,237
48900.0,-23,-38,286
48902.5,32,-4,296
48905.0,55,-10,333
48907.5,21,-18,245
48910.0,-14,4,347
48912.5,1,-26,314
48915.0,38,-39,343
48917.5,-4,-111,286
48920.0,-59,22,225
48922.5,-33,141,282
48925.0,-39,-9,418
48927.5,-15,-3,298
48930.0,-15,-3,298
48932.5,-27,-7,259
48935.0,38,8,253
48937.5,-25,-54,339
48940.0,-8,14,348
48942.5,23,13,285
48945.0,17,8,320
48947.5,83,3,329
48950.0,81,40,215
48952.5,55,-24,301
48955.0,50,-44,354
48957.5,65,-20,264
48960.0,61,-10,323
48962.5,18,16,244
48965.0,9,3,272
48967.5,-13,-27,305
48970.0,31,-7,307
48972.5,-2,-5,349
48975.0,-11,-23,364
48977.5,40,24,303
48980.0,40,24,303
48982.5,-3,0,294
48985.0,-19,-24,306
48987.5,-23,-6,245
48990.0,59,12,329
48992.5,45,-11,251
48995.0,11,-12,280
48997.5,10,-4,306
49000.0,35,22,274
49002.5,19,8,307
49005.0,-2,0,362
49007.5,38,-17,304
49010.0,14,-18,348
49012.5,25,-19,308
49015.0,50,-11,251
49017.5,53,3,355
49020.0,-1,-29,270
49022.5,46,47,263
49025.0,-10,-3,264
49027.5,15,-12,257
49030.0,15,-12,257
49032.5,-68,-80,371
49035.0,6,-12,381
49037.5,-48,-96,392
49040.0,-21,-52,376
49042.5,-38,-7,350
49045.0,121,39,155
49047.5,26,4,166
49050.0,-25,-27,196
49052.5,45,16,286
49055.0,6,-56,373
49057.5,6,-26,275
49060.0,27,-13,276
49062.5,15,-13,276
49065.0,0,-14,362
49067.5,1,-23,316
49070.0,35,28,233
49072.5,122,8,154
49075.0,-56,-62,192
49077.5,0,3,228
49080.0,0,3,228
49082.5,23,55,351
49085.0,-15,-5,303
49087.5,9,12,197
49090.0,78,-35,259
49092.5,14,-12,366
49095.0,26,-24,324
49097.5,-31,0,298
49100.0,-7,24,249
49102.5,37,3,241
49105.0,-13,-3,418
49107.5,8,-9,433
49110.0,27,7,383
49112.5,-64,-8,264
49115.0,5,6,305
49117.5,68,-37,225
49120.0,-36,-92,269
49122.5,100,80,288
49125.0,-52,-51,350
49127.5,-89,-55,172
49130.0,-89,-55,172
49132.5,24,-20,308
49135.0,-108,-39,511
49137.5,39,62,387
49140.0,-21,-22,402
49142.5,4,-1,212
49145.0,83,35,305
49147.5,-89,-21,292
49150.0,-49,-27,351
49152.5,6,1,370
49155.0,-53,-37,310
49157.5,-26,-47,229
49160.0,-33,-21,352
49162.5,22,-4,262
49165.0,-25,-28,330
49167.5,-5,-56,346
49170.0,51,-7,287
49172.5,8,0,296
49175.0,-27,-49,264
49177.5,-27,-49,264
49180.0,59,-8,249
49182.5,7,-10,301
49185.0,-5,-12,272
49187.5,15,0,329
49190.0,2,1,346
49192.5,54,23,307
49195.0,26,22,308
49197.5,106,42,281
49200.0,10,0,228
49202.5,17,-73,455
49205.0,-87,-59,337
49207.5,14,2,332
49210.0,41,2,244
49212.5,29,-5,243
49215.0,-69,1,360
49217.5,13,-58,372
49220.0,57,1,314
49222.5,-34,7,307
49225.0,-19,-32,253
49227.5,-19,-32,253
49230.0,62,-11,354
49232.5,-61,-23,287
49235.0,57,13,287
49237.5,-7,-51,350
49240.0,77,1,319
49242.5,37,49,289
49245.0,-38,-82,329
49247.5,-71,-79,270
49250.0,-51,87,284
49252.5,-69,-73,448
49255.0,-50,-14,415
49257.5,35,35,348
49260.0,-35,-52,243
49262.5,36,21,297
49265.0,70,15,431
49267.5,-31,-27,227
49270.0,65,17,281
49272.5,20,1,439
49275.0,30,-1,290
49277.5,30,-1,290
49280.0,-7,12,286
49282.5,-21,29,307
49285.0,39,13,212
49287.5,-61,-16,271
49290.0,14,7,351
49292.5,74,-31,332
49295.0,82,18,309
49297.5,4,42,262
49300.0,36,-4,323
49302.5,25,17,374
49305.0,-22,-23,268
49307.5,7,33,263
49310.0,20,4,335
49312.5,-24,-38,318
49315.0,40,-6,319
49317.5,-182,-60,273
49320.0,56,45,218
49322.5,12,56,247
49325.0,1,-32,327
49327.5,1,-32,327
49330.0,-19,-2,326
49332.5,-37,-70,334
49335.0,-42,-28,298
49337.5,82,2,295
49340.0,2,-27,320
49342.5,-23,4,263
49345.0,-5,-16,285
49347.5,-41,-25,340
49350.0,79,31,262
49352.5,8,-16,296
49355.0,-13,-12,321
49357.5,-19,-37,323
49360.0,-1,-10,358
49362.5,48,-1,317
49365.0,36,-38,308
49367.5,-57,-27,323
49370.0,40,0,281
49372.5,50,-6,249
49375.0,-70,-61,314
49377.5,-70,-61,314
49380.0,20,14,263
49382.5,25,-15,271
49385.0,-45,-37,325
49387.5,0,13,316
49390.0,7,-18,323
49392.5,-43,-99,348
49395.0,1,-40,331
49397.5,-19,-33,336
49400.0,-81,-88,314
49402.5,412,157,178
49405.0,11,9,306
49407.5,-9,25,108
49410.0,73,-15,239
49412.5,-67,-118,328
49415.0,-72,-15,424
49417.5,7,-30,445
49420.0,-35,2,291
49422.5,-8,-4,228
49425.0,12,9,298
49427.5,12,9,298
49430.0,28,-41,242
49432.5,65,2,371
49435.0,-36,11,259
49437.5,41,-1,209
49440.0,34,0,302
49442.5,3,-21,374
49445.0,58,-4,358
49447.5,56,-17,316
49450.0,0,-29,376
49452.5,67,11,317
49455.0,-88,-79,396
49457.5,140,19,455
49460.0,110,-12,312
49462.5,6,-17,219
49465.0,33,3,265
49467.5,67,7,278
49470.0,-44,-11,355
49472.5,77,22,358
49475.0,33,25,311
49477.5,33,25,311
49480.0,32,12,223
49482.5,15,46,225
49485.0,-5,20,426
49487.5,9,2,301
49490.0,18,-15,337
49492.5,-26,-6,286
49495.0,-15,-42,268
49497.5,16,-8,373
49500.0,-2,32,285
49502.5,0,17,331
49505.0,-26,-34,250
49507.5,27,-9,297
49510.0,-7,-70,227
49512.5,-62,-16,252
49515.0,-10,-18,303
49517.5,-57,-46,377
49520.0,64,8,191
49522.5,109,-16,241
49525.0,-77,17,275
49527.5,-77,17,275
49530.0,21,-76,299
49532.5,21,-42,351
49535.0,21,-19,337
49537.5,58,12,264
49540.0,-13,-50,340
49542.5,25,-26,337
49545.0,62,30,325
49547.5,-15,-16,290
49550.0,48,30,225
49552.5,-2,-1,359
49555.0,-33,-7,320
49557.5,5,-14,294
49560.0,5,-16,365
49562.5,-14,-30,258
49565.0,67,57,302
49567.5,-17,-11,327
49570.0,36,-15,261
49572.5,25,63,253
49575.0,-213,-125,226
49577.5,-213,-125,226
49580.0,172,7,336
49582.5,59,-37,396
49585.0,37,17,223
49587.5,14,-20,284
49590.0,24,19,255
49592.5,45,39,264
49595.0,-55,-30,374
49597.5,9,-25,313
49600.0,-5,-8,302
49602.5,-48,-17,342
49605.0,46,43,262
49607.5,48,37,306
49610.0,3,-57,304
49612.5,53,6,229
49615.0,50,20,272
49617.5,-49,-116,437
49620.0,81,48,349
49622.5,-294,-89,271
49625.0,-294,-89,271
49627.5,-22,-10,304
49630.0,54,-27,407
49632.5,-24,-13,311
49635.0,59,-19,140
49637.5,95,37,236
49640.0,-59,-80,386
49642.5,80,51,296
49645.0,-30,-25,373
49647.5,-36,2,414
49650.0,-3,41,347
49652.5,-83,-48,422
49655.0,68,-4,292
49657.5,102,-84,296
49660.0,-13,43,242
49662.5,29,-30,315
49665.0,118,41,325
49667.5,-103,-6,322
49670.0,45,0,267
49672.5,15,13,350
49675.0,15,13,350
49677.5,-12,6,260
49680.0,73,45,251
49682.5,67,-26,366
49685.0,58,52,319
49687.5,-24,-52,313
49690.0,10,25,381
49692.5,41,-62,209
49695.0,42,-67,271
49697.5,1,41,305
49700.0,28,20,333
49702.5,17,-13,314
49705.0,-61,-100,350
49707.5,26,0,334
49710.0,-12,-40,329
49712.5,62,-67,341
49715.0,9,-8,271
49717.5,43,7,374
49720.0,-23,-24,235
49722.5,46,23,290
49725.0,46,23,290
49727.5,14,-24,296
49730.0,-42,-59,272
49732.5,-42,-58,338
49735.0,22,33,288
49737.5,17,21,266
49740.0,-6,-21,324
49742.5,7,-31,332
49745.0,34,23,295
49747.5,55,0,352
49750.0,-28,-25,328
49752.5,-17,-63,259
49755.0,34,27,313
49757.5,6,-6,241
49760.0,-32,-42,283
49762.5,6,4,308
49765.0,51,1,303
49767.5,-24,-13,335
49770.0,-8,-41,338
49772.5,43,33,317
49775.0,43,33,317
49777.5,-11,-45,419
49780.0,51,51,217
49782.5,134,130,390
49785.0,-72,-51,322
49787.5,1,-30,196
49790.0,32,36,319
49792.5,-59,-53,412
49795.0,19,4,300
49797.5,11,-69,405
49800.0,-79,-65,220
49802.5,-21,-14,242
49805.0,-32,-8,377
49807.5,3,21,413
49810.0,94,-9,249
49812.5,4,20,232
49815.0,24,-1,254
49817.5,31,13,354
49820.0,-89,-43,366
49822.5,18,2,313
49825.0,18,2,313
49827.5,3,-32,274
49830.0,-20,-47,216
49832.5,18,3,373
49835.0,-1,13,397
49837.5,29,24,312
49840.0,7,4,289
49842.5,-55,-40,189
49845.0,57,-8,252
49847.5,-4,-13,364
49850.0,15,9,375
49852.5,41,-27,277
49855.0,2,-30,356
49857.5,101,-1,176
49860.0,-71,-47,281
49862.5,-2,-8,412
49865.0,3,0,345
49867.5,11,-80,378
49870.0,104,33,302
49872.5,90,19,404
49875.0,90,19,404
49877.5,-95,-121,272
49880.0,30,-64,221
49882.5,-1,5,274
49885.0,11,-99,410
49887.5,45,16,260
49890.0,-38,-42,349
49892.5,93,22,293
49895.0,-4,-16,347
49897.5,9,-4,277
49900.0,71,52,258
49902.5,2,8,434
49905.0,24,118,288
49907.5,86,7,366
49910.0,23,-51,336
49912.5,0,-50,294
49915.0,27,-24,239
49917.5,13,-38,333
49920.0,11,22,211
49922.5,-40,-53,275
49925.0,-40,-53,275
49927.5,-10,-11,337
49930.0,64,20,292
49932.5,-36,-2,330
49935.0,3,-53,294
49937.5,103,15,245
49940.0,3,-13,332
49942.5,21,-36,287
49945.0,3,-44,335
49947.5,-10,-9,380
49950.0,73,67,220
49952.5,-115,68,198
49955.0,-111,-92,380
49957.5,120,84,330
49960.0,-37,-17,327
49962.5,2,-28,260
49965.0,84,39,288
49967.5,-31,-29,328
49970.0,7,0,305
49972.5,47,42,362
49975.0,47,42,362
49977.5,0,-10,297
49980.0,180,-1,276
49982.5,3,-33,356
49985.0,-3,-20,273
49987.5,5,29,293
49990.0,-15,-28,271
49992.5,39,5,292
49995.0,-6,-46,296
49997.5,23,121,311
50000.0,193,51,229
50002.5,-36,47,370
50005.0,24,19,375
50007.5,-11,2,372
50010.0,-37,-44,185
50012.5,0,-15,237
50015.0,25,-19,323
50017.5,-53,-51,402
50020.0,-3,12,351
50022.5,-5,7,292
50025.0,-5,7,292
50027.5,-6,-71,305
50030.0,15,36,290
50032.5,-7,-31,323
50035.0,49,1,257
50037.5,158,15,324
50040.0,63,25,293
50042.5,98,-33,333
50045.0,-47,23,231
50047.5,45,-40,333
50050.0,44,40,366
50052.5,-71,-31,243
50055.0,52,12,279
50057.5,75,33,282
50060.0,-78,-98,362
50062.5,-34,-7,286
50065.0,57,12,296
50067.5,-29,-18,306
50070.0,64,-49,260
50072.5,-15,-12,263
50075.0,-15,-12,263
50077.5,31,24,323
50080.0,-2,-8,296
50082.5,19,-5,401
50085.0,-45,-44,317
50087.5,20,9,311
50090.0,68,17,326
50092.5,-19,29,322
50095.0,15,-20,254
50097.5,-63,-73,333
50100.0,-27,-37,260
50102.5,29,13,310
50105.0,-30,-63,287
50107.5,3,-8,304
50110.0,35,-20,338
50112.5,-18,-10,351
50115.0,-23,-22,282
50117.5,-32,-16,287
50120.0,36,21,313
50122.5,36,21,313
50125.0,88,73,281
50127.5,-55,-79,368
50130.0,-1,-10,229
50132.5,68,5,258
50135.0,21,0,316
50137.5,10,19,263
50140.0,-25,-10,294
50142.5,-5,27,331
50145.0,30,-14,308
50147.5,62,31,356
50150.0,12,-59,324
50152.5,158,75,208
50155.0,-2,-19,335
50157.5,-20,-2,231
50160.0,20,-2,250
50162.5,-87,-39,299
50165.0,-34,-53,413
50167.5,29,15,406
50170.0,2,5,333
50172.5,2,5,333
50175.0,26,20,121
50177.5,-2,30,299
50180.0,60,-22,337
50182.5,73,-29,378
50185.0,39,-7,325
50187.5,23,-30,195
50190.0,57,22,228
50192.5,31,-27,372
50195.0,34,1,292
50197.5,-48,-22,331
50200.0,-6,10,289
50202.5,34,0,372
50205.0,-59,5,511
50207.5,-38,5,428
50210.0,-10,9,376
50212.5,-14,-16,403
50215.0,21,-10,341
50217.5,-42,24,194
50220.0,-56,12,204
50222.5,-56,12,204
50225.0,3,-25,430
50227.5,10,-6,406
50230.0,-5,21,232
50232.5,11,-3,217
50235.0,-4,-4,286
50237.5,30,-1,268
50240.0,34,-53,435
50242.5,-63,-38,314
50245.0,-12,-14,223
50247.5,28,-67,511
50250.0,11,-70,301
50252.5,62,67,243
50255.0,-22,-22,301
50257.5,21,-30,175
50260.0,10,-9,400
50262.5,-41,-84,398
50265.0,26,24,478
50267.5,57,13,274
50270.0,-16,-65,226
50272.5,-16,-65,226
50275.0,37,-8,275
50277.5,59,-46,290
50280.0,4,0,159
50282.5,72,4,236
50285.0,-8,52,380
50287.5,29,11,295
50290.0,107,22,334
50292.5,23,-23,280
50295.0,74,-1,335
50297.5,25,-28,289
50300.0,28,5,211
50302.5,40,31,277
50305.0,-71,-47,376
50307.5,82,56,332
50310.0,-34,-21,505
50312.5,20,-19,244
50315.0,31,24,262
50317.5,-15,-1,294
50320.0,32,-11,296
50322.5,32,-11,296
50325.0,32,28,316
50327.5,18,-11,314
50330.0,4,-20,275
50332.5,-23,-3,359
50335.0,20,-13,270
50337.5,224,116,253
50340.0,-103,-74,206
50342.5,34,-11,425
50345.0,116,46,340
50347.5,-91,-23,345
50350.0,102,49,157
50352.5,27,-14,373
50355.0,4,-1,223
50357.5,28,-15,361
50360.0,-37,-24,323
50362.5,-10,-28,216
50365.0,48,-6,313
50367.5,-27,-43,307
50370.0,30,-42,332
50372.5,30,-42,332
50375.0,38,-17,345
50377.5,7,43,309
50380.0,8,-10,359
50382.5,-19,-5,352
50385.0,38,-40,325
50387.5,17,8,342
50390.0,-201,-30,265
50392.5,23,70,224
50395.0,27,-2,413
50397.5,159,117,367
50400.0,36,-31,381
50402.5,-10,1,173
50405.0,-82,-21,224
50407.5,96,22,285
50410.0,-11,-17,485
50412.5,-4,34,189
50415.0,30,23,255
50417.5,-38,-52,283
50420.0,23,-4,266
50422.5,23,-4,266
50425.0,19,-25,301
50427.5,22,-29,293
50430.0,73,41,341
50432.5,31,-2,443
50435.0,0,-11,350
50437.5,-9,52,249
50440.0,-33,-17,388
50442.5,1,-54,267
50445.0,60,-22,277
50447.5,-16,-57,369
50450.0,23,6,305
50452.5,4,20,300
50455.0,3,-15,299
50457.5,33,11,313
50460.0,-17,-22,345
50462.5,-21,-10,323
50465.0,6,54,303
50467.5,-54,-66,393
50470.0,32,-40,364
50472.5,32,-40,364
50475.0,88,-1,268
50477.5,50,5,321
50480.0,32,-42,368
50482.5,-12,-46,260
50485.0,2,-10,291
50487.5,16,-7,307
50490.0,23,2,311
50492.5,45,23,334
50495.0,-10,5,312
50497.5,-49,-31,329
50500.0,26,-1,330
50502.5,3,-9,311
50505.0,46,-32,342
50507.5,33,48,290
50510.0,99,13,276
50512.5,-13,7,332
50515.0,12,2,231
50517.5,18,8,299
50520.0,18,-2,283
50522.5,18,-2,283
50525.0,78,34,258
50527.5,-5,-29,300
50530.0,-46,-75,354
50532.5,39,9,295
50535.0,-9,-96,420
50537.5,68,95,499
50540.0,113,53,356
50542.5,43,-28,504
50545.0,3,-40,365
50547.5,24,7,286
50550.0,16,-7,331
50552.5,-9,-7,218
50555.0,-18,-9,188
50557.5,17,25,371
50560.0,25,-8,375
50562.5,21,-13,354
50565.0,3,-2,223
50567.5,143,20,276
50570.0,2,-1,333
50572.5,2,-1,333
50575.0,-38,-20,296
50577.5,3,-27,310
50580.0,29,-40,249
50582.5,50,55,360
50585.0,-22,-33,338
50587.5,9,10,234
50590.0,-56,-62,326
50592.5,-83,-25,340
50595.0,47,-22,130
50597.5,15,-10,343
50600.0,-9,6,362
50602.5,33,30,313
50605.0,5,-43,282
50607.5,-62,-49,241
50610.0,66,-4,324
50612.5,-53,-3,436
50615.0,100,7,298
50617.5,48,64,240
50620.0,48,64,240
50622.5,-92,-53,322
50625.0,-35,-28,307
50627.5,-41,-5,288
50630.0,41,-98,406
50632.5,56,-3,346
50635.0,-18,14,399
50637.5,30,-18,231
50640.0,49,12,284
50642.5,19,-11,326
50645.0,13,-12,324
50647.5,-24,-63,368
50650.0,-12,-10,275
50652.5,-2,-42,300
50655.0,19,-6,296
50657.5,16,-32,238
50660.0,12,11,311
50662.5,-20,-23,301
50665.0,55,10,351
50667.5,21,18,371
50670.0,21,18,371
50672.5,-32,-41,327
50675.0,59,45,337
50677.5,-33,-32,292
50680.0,19,-13,228
50682.5,34,-5,276
50685.0,-2,19,358
50687.5,2,41,296
50690.0,23,10,341
50692.5,16,15,317
50695.0,96,26,235
50697.5,-25,-41,326
50700.0,-19,-20,255
50702.5,70,-13,359
50705.0,12,-63,147
50707.5,4,-110,252
50710.0,3,-47,387
50712.5,173,48,366
50715.0,44,4,301
50717.5,-7,-3,302
50720.0,-7,-3,302
50722.5,50,13,158
50725.0,-48,20,272
50727.5,-13,2,303
50730.0,89,47,297
50732.5,-31,-40,298
50735.0,2,-19,315
50737.5,39,8,290
50740.0,-8,-13,380
50742.5,62,-10,248
50745.0,72,4,268
50747.5,-19,-19,277
50750.0,-21,-37,343
50752.5,-94,8,237
50755.0,94,-30,350
50757.5,189,-25,354
50760.0,-188,-92,419
50762.5,-30,0,385
50765.0,-35,-20,208
50767.5,-23,-13,261
50770.0,-23,-13,261
50772.5,7,5,315
50775.0,-7,-7,330
50777.5,8,0,238
50780.0,-7,-83,258
50782.5,13,37,352
50785.0,-9,-7,383
50787.5,118,0,297
50790.0,35,-12,346
50792.5,22,-61,277
50795.0,-7,-3,260
50797.5,-22,-41,293
50800.0,159,61,318
50802.5,-31,61,243
50805.0,16,8,298
50807.5,15,-13,327
50810.0,-4,-73,340
50812.5,9,-6,323
50815.0,-2,-73,307
50817.5,76,30,287
50820.0,76,30,287
50822.5,40,-35,287
50825.0,10,-8,287
50827.5,-67,-66,376
50830.0,69,28,291
50832.5,-17,34,289
50835.0,-53,-77,266
50837.5,29,-35,278
50840.0,34,2,329
50842.5,59,-80,358
50845.0,-4,-8,302
50847.5,31,18,272
50850.0,33,-20,320
50852.5,20,-26,319
50855.0,25,39,366
50857.5,0,0,296
50860.0,35,43,218
50862.5,-62,-47,268
50865.0,46,28,241
50867.5,5,10,293
50870.0,5,10,293
50872.5,-21,-35,300
50875.0,17,-14,274
50877.5,4,13,287
50880.0,28,-1,339
50882.5,-17,-31,302
50885.0,15,4,343
50887.5,42,41,304
50890.0,14,-34,266
50892.5,-30,-49,353
50895.0,54,18,253
50897.5,80,29,279
50900.0,36,25,327
50902.5,19,6,264
50905.0,1,-21,333
50907.5,-103,-53,437
50910.0,-54,-16,322
50912.5,77,80,245
50915.0,-28,-86,424
50917.5,26,14,380
50920.0,26,14,380
50922.5,6,22,502
50925.0,11,-40,306
50927.5,73,-66,278
50930.0,45,-34,89
50932.5,15,9,231
50935.0,31,-27,371
50937.5,-23,7,440
50940.0,117,-8,322
50942.5,18,32,286
50945.0,64,-22,330
50947.5,19,1,336
50950.0,12,-16,349
50952.5,-5,-1,239
50955.0,-3,-20,209
50957.5,-41,1,276
50960.0,19,-104,369
50962.5,101,-57,428
50965.0,3,-2,372
50967.5,6,-7,434
50970.0,6,-7,434
50972.5,17,-26,415
50975.0,23,-12,136
50977.5,18,8,257
50980.0,-29,-17,358
50982.5,-46,-38,334
50985.0,-1,10,305
50987.5,-41,-29,310
50990.0,36,-4,338
50992.5,51,-4,348
50995.0,49,39,290
50997.5,45,-57,65
51000.0,73,-46,313
51002.5,15,-16,390
51005.0,-4,-44,314
51007.5,-74,-74,309
51010.0,42,-43,325
51012.5,83,-10,368
51015.0,7,29,215
51017.5,28,-41,254
51020.0,28,-41,254
51022.5,10,-3,395
51025.0,12,13,274
51027.5,-16,-36,435
51030.0,-155,-37,324
51032.5,-6,-25,383
51035.0,-103,-63,365
51037.5,-87,-140,278
51040.0,95,43,294
51042.5,-11,-35,285
51045.0,63,26,255
51047.5,63,31,316
51050.0,-88,-31,354
51052.5,22,3,315
51055.0,66,4,341
51057.5,-45,-48,243
51060.0,19,11,307
51062.5,-15,-29,281
51065.0,46,36,291
51067.5,28,3,361
51070.0,28,3,361
51072.5,-7,-51,345
51075.0,40,62,251
51077.5,2,-25,341
51080.0,48,38,281
51082.5,-1,-57,330
51085.0,-159,-49,241
51087.5,19,-55,222
51090.0,73,-47,310
51092.5,-17,-9,511
51095.0,-5,-8,375
51097.5,25,-15,252
51100.0,10,-64,242
51102.5,15,-35,254
51105.0,14,9,339
51107.5,21,-7,294
51110.0,5,-66,303
51112.5,-18,-21,308
51115.0,74,22,382
51117.5,74,22,382
51120.0,13,-12,357
51122.5,29,-33,347
51125.0,62,-9,253
51127.5,94,22,357
51130.0,-16,-2,257
51132.5,33,85,213
51135.0,144,72,355
51137.5,21,34,334
51140.0,14,23,288
51142.5,-29,-45,238
51145.0,-38,-10,285
51147.5,9,-19,439
51150.0,-13,-30,300
51152.5,33,-3,223
51155.0,-30,-44,256
51157.5,-1,7,298
51160.0,-15,27,284
51162.5,132,-5,369
51165.0,30,-7,254
51167.5,30,-7,254
51170.0,-12,-31,318
51172.5,0,-25,312
51175.0,10,-17,342
51177.5,46,-9,349
51180.0,-12,-15,298
51182.5,58,10,277
51185.0,26,51,230
51187.5,49,12,291
51190.0,3,49,330
51192.5,-39,-70,341
51195.0,21,15,272
51197.5,9,-21,375
51200.0,-34,-43,371
51202.5,26,4,337
51205.0,32,-50,348
51207.5,-46,-39,396
51210.0,65,53,215
51212.5,-5,-4,335
51215.0,64,28,228
51217.5,64,28,228
51220.0,34,-25,261
51222.5,22,38,269
51225.0,68,-8,292
51227.5,-5,-23,344
51230.0,-18,-36,376
51232.5,61,-6,307
51235.0,-6,-38,312
51237.5,49,10,351
51240.0,16,-11,309
51242.5,-2,-34,331
51245.0,22,-13,282
51247.5,29,-34,235
51250.0,13,-29,307
51252.5,48,-5,242
51255.0,22,-32,304
51257.5,-61,-43,320
51260.0,27,-7,286
51262.5,11,-25,331
51265.0,-18,-25,374
51267.5,-18,-25,374
51270.0,41,7,306
51272.5,-7,-13,351
51275.0,61,27,313
51277.5,79,17,250
51280.0,-23,-16,341
51282.5,-10,-12,211
51285.0,52,17,274
51287.5,-24,-21,318
51290.0,67,46,354
51292.5,26,21,359
51295.0,29,-47,273
51297.5,140,102,214
51300.0,-33,-9,382
51302.5,-62,-30,502
51305.0,70,5,358
51307.5,150,18,247
51310.0,1,33,79
51312.5,57,9,235
51315.0,59,27,372
51317.5,59,27,372
51320.0,62,30,330
51322.5,-29,-33,296
51325.0,0,2,320
51327.5,59,3,309
51330.0,5,5,354
51332.5,17,42,275
51335.0,0,-38,230
51337.5,-22,16,75
51340.0,-16,31,269
51342.5,6,24,281
51345.0,46,8,334
51347.5,59,2,276
51350.0,-36,-14,208
51352.5,-3,-34,253
51355.0,20,-32,353
51357.5,19,7,423
51360.0,-3,-25,269
51362.5,39,15,273
51365.0,-84,-77,397
51367.5,-84,-77,397
51370.0,60,28,483
51372.5,-52,-78,254
51375.0,45,20,353
51377.5,44,-24,242
51380.0,0,7,249
51382.5,19,-27,250
51385.0,-9,-6,294
51387.5,-38,-89,448
51390.0,44,46,279
51392.5,18,42,254
51395.0,23,-14,300
51397.5,29,35,255
51400.0,-90,-92,295
51402.5,7,-20,287
51405.0,67,64,289
51407.5,-12,6,400
51410.0,15,-6,240
51412.5,-29,-8,257
51415.0,34,48,305
51417.5,34,48,305
51420.0,-6,2,245
51422.5,46,8,261
51425.0,24,12,273
51427.5,-42,-25,275
51430.0,-71,-4,277
51432.5,-8,-51,381
51435.0,-20,-11,373
51437.5,13,-17,220
51440.0,49,-8,289
51442.5,-36,-47,322
51445.0,22,7,292
51447.5,29,5,352
51450.0,-17,-6,284
51452.5,98,18,278
51455.0,13,25,375
51457.5,-49,-14,321
51460.0,-124,-107,314
51462.5,20,-13,336
51465.0,-71,17,378
51467.5,-71,17,378
51470.0,-42,-23,309
51472.5,-108,-33,304
51475.0,63,37,206
51477.5,-35,-10,360
51480.0,-37,-51,275
51482.5,67,5,348
51485.0,-24,-64,301
51487.5,45,-9,255
51490.0,47,17,314
51492.5,-47,2,318
51495.0,53,12,319
51497.5,-24,-35,354
51500.0,14,-11,337
51502.5,30,23,294
51505.0,-82,17,281
51507.5,25,-50,227
51510.0,87,11,286
51512.5,189,103,293
51515.0,32,6,227
51517.5,32,6,227
51520.0,31,-12,355
51522.5,-56,-9,265
51525.0,-5,-4,208
51527.5,58,-2,372
51530.0,24,-2,419
51532.5,79,3,232
51535.0,69,11,243
51537.5,44,71,282
51540.0,48,44,327
51542.5,37,-16,290
51545.0,-19,-58,268
51547.5,61,-47,292
51550.0,-58,-105,346
51552.5,30,28,329
51555.0,15,-44,334
51557.5,29,-11,309
51560.0,30,0,266
51562.5,17,13,326
51565.0,-26,15,264
51567.5,-26,15,264
51570.0,20,-10,318
51572.5,-71,-36,323
51575.0,-17,-16,337
51577.5,53,50,337
51580.0,16,-23,354
51582.5,84,74,380
51585.0,-3,-31,367
51587.5,-82,-51,318
51590.0,23,-7,267
51592.5,-40,-14,312
51595.0,3,14,338
51597.5,78,-3,358
51600.0,-3,-19,243
51602.5,30,-22,258
51605.0,33,-2,339
51607.5,-2,-19,346
51610.0,44,30,284
51612.5,24,-5,312
51615.0,11,-7,349
51617.5,11,-7,349
51620.0,-23,-1,282
51622.5,52,10,332
51625.0,5,-18,293
51627.5,19,-23,280
51630.0,29,12,330
51632.5,18,6,219
51635.0,11,29,301
51637.5,-22,-41,308
51640.0,38,0,308
51642.5,-2,4,344
51645.0,-11,-27,333
51647.5,30,-16,318
51650.0,20,-19,357
51652.5,1,-27,310
51655.0,108,-1,266
51657.5,28,-1,330
51660.0,-9,6,290
51662.5,-28,44,403
51665.0,-44,-10,303
51667.5,-44,-10,303
51670.0,-12,103,317
51672.5,-105,-40,345
51675.0,5,-67,451
51677.5,70,7,290
51680.0,10,-43,435
51682.5,35,-40,121
51685.0,-17,-1,196
51687.5,-35,-37,321
51690.0,40,-23,367
51692.5,69,-3,280
51695.0,-39,-35,249
51697.5,54,5,270
51700.0,-4,31,394
51702.5,-11,-18,353
51705.0,-4,-50,291
51707.5,11,-6,343
51710.0,-12,0,311
51712.5,153,-41,218
51715.0,153,-41,218
51717.5,-11,-20,288
51720.0,-15,-45,295
51722.5,-4,-2,375
51725.0,-88,-28,301
51727.5,88,-2,191
51730.0,-3,-16,378
51732.5,4,-21,344
51735.0,58,3,283
51737.5,20,-36,263
51740.0,48,20,236
51742.5,-11,4,352
51745.0,-102,-19,313
51747.5,28,25,258
51750.0,-58,1,451
51752.5,-58,-14,280
51755.0,70,42,382
51757.5,-12,-30,341
51760.0,-21,-14,308
51762.5,29,-7,358
51765.0,29,-7,358
51767.5,-65,-43,338
51770.0,77,-16,275
51772.5,31,12,272
51775.0,7,-4,149
51777.5,-7,-55,136
51780.0,33,70,314
51782.5,69,48,269
51785.0,46,50,251
51787.5,12,16,322
51790.0,33,-5,439
51792.5,70,48,280
51795.0,16,-34,292
51797.5,50,61,224
51800.0,35,16,344
51802.5,27,-11,285
51805.0,-58,-25,288
51807.5,-22,4,358
51810.0,-10,-11,311
51812.5,12,0,304
51815.0,12,0,304
51817.5,10,28,247
51820.0,-6,-15,314
51822.5,20,12,274
51825.0,15,-24,273
51827.5,23,33,324
51830.0,-9,-36,331
51832.5,132,61,335
51835.0,22,-32,313
51837.5,-10,25,230
51840.0,317,142,164
51842.5,-69,56,295
51845.0,-47,-23,250
51847.5,-274,-51,412
51850.0,-87,-30,457
51852.5,-59,-50,277
51855.0,-13,-10,349
51857.5,-24,-53,267
51860.0,62,44,352
51862.5,-42,-25,352
51865.0,-42,-25,352
51867.5,55,-14,226
51870.0,64,-17,244
51872.5,-1,-35,360
51875.0,6,-26,319
51877.5,2,28,339
51880.0,33,35,286
51882.5,115,11,247
51885.0,39,24,294
51887.5,52,-55,234
51890.0,110,3,271
51892.5,-224,-31,511
51895.0,7,70,264
51897.5,72,5,287
51900.0,-51,-35,258
51902.5,-22,-16,242
51905.0,9,-15,375
51907.5,-40,-60,330
51910.0,81,-26,361
51912.5,-22,-9,298
51915.0,-22,-9,298
51917.5,39,-10,302
51920.0,-27,-61,346
51922.5,-7,-4,347
51925.0,5,-10,148
51927.5,-81,15,308
51930.0,124,9,339
51932.5,50,70,292
51935.0,-15,-62,318
51937.5,26,-14,288
51940.0,8,-25,284
51942.5,-34,-23,331
51945.0,49,8,193
51947.5,77,15,263
51950.0,16,-13,270
51952.5,-41,-13,345
51955.0,56,22,226
51957.5,-43,15,368
51960.0,41,74,323
51962.5,-3,-34,282
51965.0,-3,-34,282
51967.5,16,-11,296
51970.0,67,8,293
51972.5,32,-13,349
51975.0,66,-27,324
51977.5,112,11,290
51980.0,-4,-33,323
51982.5,29,-34,323
51985.0,38,29,286
51987.5,0,17,314
51990.0,17,-1,281
51992.5,-52,29,322
51995.0,-14,-9,358
51997.5,-11,11,295
52000.0,-63,-17,308
52002.5,-42,4,321
52005.0,77,34,242
52007.5,-7,11,338
52010.0,-65,-11,262
52012.5,-5,11,295
52015.0,-5,11,295
52017.5,-5,-49,323
52020.0,27,-2,281
52022.5,14,-29,285
52025.0,0,-16,318
52027.5,27,-11,321
52030.0,-9,-13,332
52032.5,51,37,339
52035.0,39,-57,286
52037.5,-31,-59,345
52040.0,-41,-56,294
52042.5,94,11,213
52045.0,-137,-75,389
52047.5,26,3,169
52050.0,-164,-136,170
52052.5,11,-28,267
52055.0,-35,-110,378
52057.5,11,-3,470
52060.0,-54,-58,430
52062.5,51,13,139
52065.0,51,13,139
52067.5,61,18,192
52070.0,-14,4,164
52072.5,83,9,375
52075.0,59,23,338
52077.5,-53,-19,292
52080.0,18,5,328
52082.5,-71,-33,347
52085.0,31,-64,402
52087.5,19,6,354
52090.0,-28,-36,244
52092.5,-47,-11,195
52095.0,-140,-89,317
52097.5,68,5,367
52100.0,34,-28,336
52102.5,-41,-65,240
52105.0,90,46,198
52107.5,13,0,319
52110.0,-6,-6,322
52112.5,3,-18,332
52115.0,3,-18,332
52117.5,44,20,343
52120.0,-79,-21,282
52122.5,-19,-34,250
52125.0,-64,17,385
52127.5,30,12,325
52130.0,-3,4,328
52132.5,-36,-55,286
52135.0,71,27,265
52137.5,-32,-53,413
52140.0,-3,-45,331
52142.5,-12,-113,384
52145.0,-45,-56,344
52147.5,15,17,316
52150.0,34,12,317
52152.5,-50,-78,374
52155.0,19,8,224
52157.5,-2,-13,305
52160.0,35,17,250
52162.5,40,22,342
52165.0,40,22,342
52167.5,-39,-96,345
52170.0,7,-17,331
52172.5,4,35,325
52175.0,-14,-80,294
52177.5,132,57,220
52180.0,-7,-26,339
52182.5,17,-25,165
52185.0,67,52,223
52187.5,25,1,388
52190.0,-21,23,315
52192.5,-24,-21,350
52195.0,22,21,262
52197.5,96,15,253
52200.0,-21,-31,335
52202.5,7,-37,258
52205.0,-25,-34,339
52207.5,-23,-2,350
52210.0,33,-3,307
52212.5,132,-10,378
52215.0,132,-10,378
52217.5,183,-62,315
52220.0,132,71,207
52222.5,-205,-62,374
52225.0,46,37,425
52227.5,-11,-10,371
52230.0,-9,-9,230
52232.5,77,38,233
52235.0,-66,3,252
52237.5,19,-3,317
52240.0,0,-22,307
52242.5,-33,2,332
52245.0,13,-5,237
52247.5,54,30,322
52250.0,-66,-79,307
52252.5,56,22,293
52255.0,-5,-16,341
52257.5,-52,17,294
52260.0,99,2,362
52262.5,99,2,362
52265.0,-14,24,345
52267.5,-20,4,230
52270.0,88,-28,197
52272.5,-25,-54,321
52275.0,-16,-56,262
52277.5,-42,-13,288
52280.0,-28,2,264
52282.5,44,0,282
52285.0,-100,-42,453
52287.5,-28,2,248
52290.0,110,40,234
52292.5,-26,4,426
52295.0,-23,-21,317
52297.5,14,19,302
52300.0,0,-42,223
52302.5,109,-9,272
52305.0,56,4,334
52307.5,-86,7,306
52310.0,72,27,243
52312.5,72,27,243
52315.0,58,-13,298
52317.5,86,36,278
52320.0,48,11,289
52322.5,42,10,353
52325.0,47,49,239
52327.5,-13,0,237
52330.0,-67,-64,349
52332.5,-5,-38,250
52335.0,0,-7,313
52337.5,-70,-44,298
52340.0,9,66,241
52342.5,13,-55,271
52345.0,-30,-37,358
52347.5,23,-34,343
52350.0,-27,37,315
52352.5,-18,-30,308
52355.0,21,37,263
52357.5,-7,8,329
52360.0,-4,-28,284
52362.5,-4,-28,284
52365.0,12,1,288
52367.5,-49,-28,289
52370.0,18,10,278
52372.5,53,32,309
52375.0,-9,-35,360
52377.5,6,3,271
52380.0,27,-11,344
52382.5,20,10,336
52385.0,-3,-5,299
52387.5,40,-48,364
52390.0,21,-10,243
52392.5,6,-27,227
52395.0,-16,-25,296
52397.5,36,14,264
52400.0,20,-10,310
52402.5,40,26,333
52405.0,55,21,250
52407.5,-22,9,332
52410.0,-29,-65,342
52412.5,-29,-65,342
52415.0,12,6,340
52417.5,49,-1,356
52420.0,-35,-40,280
52422.5,70,14,427
52425.0,-53,-55,321
52427.5,-7,-42,284
52430.0,41,0,363
52432.5,-66,-9,414
52435.0,-9,-66,317
52437.5,31,-45,448
52440.0,36,9,164
52442.5,9,17,212
52445.0,-7,-9,308
52447.5,108,4,223
52450.0,-4,-34,352
52452.5,-16,-17,267
52455.0,27,-10,248
52457.5,54,4,319
52460.0,-43,0,345
52462.5,-43,0,345
52465.0,11,20,305
52467.5,9,20,288
52470.0,-14,-22,335
52472.5,-81,-54,511
52475.0,69,-5,380
52477.5,33,20,320
52480.0,-7,-1,344
52482.5,-5,-10,260
52485.0,-22,-27,229
52487.5,58,11,265
52490.0,9,-26,349
52492.5,22,0,286
52495.0,-20,1,286
52497.5,28,-23,202
52500.0,-20,-17,425
52502.5,50,-56,428
52505.0,34,63,282
52507.5,-35,7,419
52510.0,-111,-69,332
52512.5,-111,-69,332
52515.0,14,35,70
52517.5,152,92,292
52520.0,37,20,295
52522.5,-25,-4,335
52525.0,-63,-51,262
52527.5,-36,-43,354
52530.0,-88,-38,511
52532.5,28,-68,332
52535.0,36,-17,310
52537.5,21,11,352
52540.0,38,69,273
52542.5,12,-4,284
52545.0,-52,-24,386
52547.5,16,-33,299
52550.0,25,19,303
52552.5,-29,-51,297
52555.0,51,3,285
52557.5,-48,-111,293
52560.0,35,33,125
52562.5,35,33,125
52565.0,19,51,382
52567.5,-44,-3,367
52570.0,2,-6,293
52572.5,-25,-27,347
52575.0,-30,-62,302
52577.5,81,13,254
52580.0,18,10,316
52582.5,16,-13,250
52585.0,6,15,320
52587.5,38,-19,378
52590.0,67,63,275
52592.5,258,104,380
52595.0,94,-95,237
52597.5,5,11,288
52600.0,-109,5,398
52602.5,-11,1,320
52605.0,54,23,212
52607.5,2,-59,271
52610.0,-4,-10,288
52612.5,-4,-10,288
52615.0,33,1,383
52617.5,-2,-19,300
52620.0,9,13,244
52622.5,-15,-72,382
52625.0,80,-24,303
52627.5,-2,23,378
52630.0,-38,-44,282
52632.5,42,28,318
52635.0,4,-70,414
52637.5,-83,23,382
52640.0,-59,-32,238
52642.5,-175,-124,432
52645.0,40,-60,332
52647.5,29,0,275
52650.0,-10,-12,206
52652.5,59,-9,248
52655.0,45,12,348
52657.5,21,37,336
52660.0,21,37,336
52662.5,15,-1,263
52665.0,89,48,218
52667.5,-20,-83,378
52670.0,24,7,282
52672.5,50,-34,367
52675.0,25,53,252
52677.5,-29,8,223
52680.0,-69,-94,417
52682.5,10,37,290
52685.0,-23,5,269
52687.5,19,-30,367
52690.0,61,-9,349
52692.5,-4,-31,342
52695.0,-17,13,274
52697.5,-6,-7,324
52700.0,-70,-52,353
52702.5,32,-58,279
52705.0,76,-22,338
52707.5,-43,-45,338
52710.0,-43,-45,338
52712.5,-7,-38,348
52715.0,16,-49,398
52717.5,-88,-7,310
52720.0,51,48,292
52722.5,45,-18,346
52725.0,25,22,336
52727.5,18,7,359
52730.0,-36,-37,380
52732.5,-15,-31,330
52735.0,45,14,205
52737.5,-10,3,364
52740.0,-2,-9,225
52742.5,43,9,289
52745.0,-19,-79,312
52747.5,73,20,277
52750.0,46,-3,295
52752.5,-20,-37,310
52755.0,26,-12,324
52757.5,-32,-26,346
52760.0,-32,-26,346
52762.5,-55,-24,362
52765.0,25,-5,294
52767.5,57,0,316
52770.0,-8,-52,280
52772.5,66,37,254
52775.0,-1,-23,314
52777.5,32,10,261
52780.0,19,-19,304
52782.5,-36,-37,352
52785.0,24,-29,305
52787.5,55,0,329
52790.0,21,-15,335
52792.5,-13,-33,325
52795.0,30,29,387
52797.5,-10,-39,305
52800.0,98,71,238
52802.5,38,-13,193
52805.0,-26,-23,246
52807.5,17,-27,343
52810.0,17,-27,343
52812.5,-51,-56,471
52815.0,27,-14,339
52817.5,27,-2,224
52820.0,10,-10,200
52822.5,-25,-20,258
52825.0,-51,-21,494
52827.5,58,11,283
52830.0,-15,-16,327
52832.5,43,26,191
52835.0,-10,-29,337
52837.5,6,-22,318
52840.0,-11,-59,336
52842.5,19,-10,331
52845.0,-50,-27,265
52847.5,18,44,299
52850.0,-22,-36,363
52852.5,-27,-38,407
52855.0,68,40,304
52857.5,43,17,245
52860.0,43,17,245
52862.5,-29,0,257
52865.0,25,-3,345
52867.5,-10,-6,382
52870.0,48,38,301
52872.5,-16,12,231
52875.0,53,33,260
52877.5,-65,-117,289
52880.0,54,43,247
52882.5,-26,6,324
52885.0,62,32,315
52887.5,-37,-22,271
52890.0,5,12,264
52892.5,1,-88,331
52895.0,33,-13,373
52897.5,-11,-49,280
52900.0,5,29,297
52902.5,-208,-29,201
52905.0,-4,-75,317
52907.5,70,-61,277
52910.0,70,-61,277
52912.5,87,62,265
52915.0,12,17,231
52917.5,32,-12,296
52920.0,48,16,286
52922.5,5,15,472
52925.0,66,9,335
52927.5,26,-20,312
52930.0,-38,-14,296
52932.5,-18,-2,296
52935.0,34,58,230
52937.5,14,-28,279
52940.0,1,-4,411
52942.5,12,27,326
52945.0,13,-10,300
52947.5,46,19,279
52950.0,45,-37,329
52952.5,11,-46,260
52955.0,74,10,273
52957.5,-40,-44,320
52960.0,-40,-44,320
52962.5,45,22,278
52965.0,-16,-39,333
52967.5,70,-3,346
52970.0,-66,-53,319
52972.5,2,29,220
52975.0,86,-15,397
52977.5,57,48,372
52980.0,65,14,277
52982.5,60,6,131
52985.0,23,-43,300
52987.5,-74,-3,301
52990.0,59,22,352
52992.5,40,-4,346
52995.0,14,28,233
52997.5,87,13,257
53000.0,6,-3,333
53002.5,85,-15,218
53005.0,5,-11,265
53007.5,-35,19,276
53010.0,-35,19,276
53012.5,-2,-25,267
53015.0,-22,-5,317
53017.5,8,-46,305
53020.0,119,194,234
53022.5,-8,-80,374
53025.0,-21,21,269
53027.5,-33,-31,339
53030.0,-35,-54,247
53032.5,48,9,282
53035.0,75,6,391
53037.5,-43,16,289
53040.0,21,-22,290
53042.5,-6,-27,329
53045.0,-19,22,328
53047.5,30,-50,259
53050.0,101,30,285
53052.5,65,1,263
53055.0,105,-18,371
53057.5,13,13,304
53060.0,13,13,304
53062.5,48,-22,321
53065.0,-22,-35,311
53067.5,15,-17,360
53070.0,25,-11,280
53072.5,8,10,289
53075.0,46,18,387
53077.5,57,30,318
53080.0,4,-11,330
53082.5,-7,-1,321
53085.0,-22,-19,275
53087.5,-33,5,290
53090.0,45,-21,266
53092.5,22,57,327
53095.0,-79,-1,266
53097.5,16,35,303
53100.0,-17,-42,313
53102.5,120,-2,308
53105.0,23,3,288
53107.5,13,-9,404
53110.0,13,-9,404
53112.5,44,-51,343
53115.0,45,13,237
53117.5,-14,-34,314
53120.0,79,4,245
53122.5,1,-7,296
53125.0,84,44,274
53127.5,-29,-25,215
53130.0,35,-4,292
53132.5,0,-43,351
53135.0,10,29,305
53137.5,26,11,301
53140.0,-13,-52,309
53142.5,62,60,328
53145.0,-34,-50,364
53147.5,4,-57,248
53150.0,16,-25,244
53152.5,1,-3,313
53155.0,37,-14,265
53157.5,26,21,301
53160.0,26,21,301
53162.5,51,9,353
53165.0,55,0,299
53167.5,-40,-42,353
53170.0,9,-27,343
53172.5,-86,6,126
53175.0,9,15,136
53177.5,12,-39,324
53180.0,-11,29,410
53182.5,-74,-84,444
53185.0,8,-46,248
53187.5,113,62,371
53190.0,32,25,206
53192.5,51,-1,232
53195.0,-78,-25,289
53197.5,-45,2,459
53200.0,35,2,260
53202.5,-10,-18,310
53205.0,17,-35,256
53207.5,17,-35,256
53210.0,107,31,243
53212.5,-56,-39,361
53215.0,22,-36,299
53217.5,51,20,312
53220.0,-24,38,269
53222.5,25,28,349
53225.0,-73,-117,367
53227.5,-4,-27,395
53230.0,68,-1,420
53232.5,-32,-36,389
53235.0,41,-57,106
53237.5,48,23,282
53240.0,-105,-43,384
53242.5,-9,-17,353
53245.0,40,40,323
53247.5,59,45,277
53250.0,23,28,241
53252.5,-16,2,273
53255.0,28,-3,327
53257.5,28,-3,327
53260.0,-24,-12,324
53262.5,-95,-19,434
53265.0,-3,55,441
53267.5,-61,-16,257
53270.0,93,11,214
53272.5,62,-11,264
53275.0,-24,-10,332
53277.5,-64,-55,296
53280.0,-3,14,324
53282.5,-99,-52,337
53285.0,13,-4,395
53287.5,-37,-49,247
53290.0,-20,-73,346
53292.5,45,7,250
53295.0,-15,-88,403
53297.5,32,-13,260
53300.0,57,-43,307
53302.5,3,49,310
53305.0,-24,-67,343
53307.5,-24,-67,343
53310.0,68,-10,345
53312.5,-10,-43,297
53315.0,-14,-13,391
53317.5,-29,-2,290
53320.0,29,-12,200
53322.5,41,65,313
53325.0,-18,-42,361
53327.5,23,34,325
53330.0,40,19,286
53332.5,6,-22,327
53335.0,65,27,249
53337.5,-21,-38,312
53340.0,39,-1,273
53342.5,-13,-30,334
53345.0,5,-16,335
53347.5,57,-9,249
53350.0,-34,-79,356
53352.5,-108,-76,375
53355.0,-134,-137,511
53357.5,-134,-137,511
53360.0,36,-120,344
53362.5,29,14,313
53365.0,3,-8,358
53367.5,-13,2,158
53370.0,39,13,254
53372.5,-10,-10,366
53375.0,6,14,331
53377.5,22,3,267
53380.0,-37,-43,325
53382.5,96,60,244
53385.0,33,-15,352
53387.5,-4,-26,267
53390.0,43,-11,274
53392.5,-55,-3,271
53395.0,-73,-28,349
53397.5,30,1,334
53400.0,22,-23,248
53402.5,-128,-135,196
53405.0,84,12,264
53407.5,84,12,264
53410.0,233,46,384
53412.5,-106,-32,366
53415.0,2,22,280
53417.5,12,2,187
53420.0,28,61,240
53422.5,-48,-1,382
53425.0,-58,-74,335
53427.5,-33,21,218
53430.0,-26,-46,361
53432.5,49,17,320
53435.0,-5,13,327
53437.5,84,40,306
53440.0,-58,-16,150
53442.5,-50,-40,339
53445.0,-35,17,434
53447.5,11,41,170
53450.0,-5,-25,340
53452.5,139,72,398
53455.0,-16,-30,269
53457.5,-16,-30,269
53460.0,-55,-13,356
53462.5,36,38,321
53465.0,-52,-65,272
53467.5,-14,-14,335
53470.0,-44,-79,251
53472.5,37,-12,256
53475.0,45,27,303
53477.5,17,-23,288
53480.0,44,38,348
53482.5,-31,-42,317
53485.0,44,-4,307
53487.5,-24,-52,365
53490.0,-21,2,316
53492.5,-19,-36,312
53495.0,91,0,342
53497.5,-72,12,333
53500.0,-14,-54,224
53502.5,-16,23,312
53505.0,48,22,291
53507.5,48,22,291
53510.0,-22,-21,296
53512.5,-3,-10,303
53515.0,46,1,284
53517.5,59,10,312
53520.0,7,-8,344
53522.5,-1,30,284
53525.0,10,-40,332
53527.5,13,-8,323
53530.0,-18,-48,313
53532.5,-48,-35,335
53535.0,-11,-46,295
53537.5,67,24,226
53540.0,-48,-37,313
53542.5,22,10,244
53545.0,47,16,291
53547.5,-43,-25,330
53550.0,55,70,282
53552.5,-3,-10,332
53555.0,71,48,314
53557.5,71,48,314
53560.0,2,-28,251
53562.5,66,54,232
53565.0,-140,-47,390
53567.5,-2,-66,373
53570.0,-27,-20,348
53572.5,-7,-5,341
53575.0,68,18,152
53577.5,-84,-24,264
53580.0,45,6,397
53582.5,111,23,421
53585.0,-58,-52,351
53587.5,4,-8,275
53590.0,36,0,350
53592.5,-18,6,264
53595.0,42,23,356
53597.5,-1,-41,361
53600.0,29,-18,244
53602.5,-69,-83,382
53605.0,46,30,329
53607.5,46,30,329
53610.0,-60,44,345
53612.5,23,27,351
53615.0,-21,-30,335
53617.5,13,-29,197
53620.0,11,-41,265
53622.5,23,10,253
53625.0,18,14,380
53627.5,-47,-4,286
53630.0,102,0,326
53632.5,-83,-34,390
53635.0,56,-9,313
53637.5,59,17,312
53640.0,-50,-31,328
53642.5,102,32,263
53645.0,64,9,231
53647.5,-17,18,222
53650.0,31,3,359
53652.5,8,-22,350
53655.0,46,-4,292
53657.5,46,-4,292
53660.0,38,-5,168
53662.5,-26,22,262
53665.0,43,-12,308
53667.5,21,-18,384
53670.0,-16,-71,379
53672.5,42,58,306
53675.0,-5,-22,327
53677.5,-6,-2,326
53680.0,62,31,359
53682.5,-20,-13,286
53685.0,29,-3,200
53687.5,35,19,312
53690.0,-11,16,338
53692.5,-11,-33,426
53695.0,47,-5,305
53697.5,31,-25,257
53700.0,113,23,218
53702.5,-12,6,328
53705.0,-20,-24,252
53707.5,-20,-24,252
53710.0,-6,-38,334
53712.5,-33,-41,334
53715.0,24,-51,321
53717.5,16,6,340
53720.0,22,3,312
53722.5,-1,-55,253
53725.0,-43,7,222
53727.5,-26,-1,272
53730.0,193,94,382
53732.5,215,179,364
53735.0,94,32,375
53737.5,6,-5,371
53740.0,91,51,207
53742.5,-24,4,234
53745.0,-5,11,324
53747.5,39,-38,326
53750.0,17,-2,264
53752.5,-23,-37,268
53755.0,6,-61,316
53757.5,6,-61,316
53760.0,-29,-33,318
53762.5,-6,-16,341
53765.0,1,-18,331
53767.5,-9,-33,373
53770.0,49,9,323
53772.5,37,-29,288
53775.0,-73,-94,342
53777.5,42,-39,285
53780.0,-5,-24,402
53782.5,14,-23,385
53785.0,-20,1,247
53787.5,-23,-36,278
53790.0,15,-31,370
53792.5,2,-46,384
53795.0,32,-13,196
53797.5,83,-69,283
53800.0,99,-60,395
53802.5,-95,-102,282
53805.0,-95,-102,282
53807.5,91,9,248
53810.0,50,2,354
53812.5,-76,-3,305
53815.0,8,32,297
53817.5,51,38,306
53820.0,-10,-34,374
53822.5,107,26,270
53825.0,-47,-34,327
53827.5,-20,-54,235
53830.0,104,18,234
53832.5,34,-36,250
53835.0,53,-13,213
53837.5,1,31,291
53840.0,-7,-40,314
53842.5,66,63,289
53845.0,7,-27,294
53847.5,-50,16,328
53850.0,13,25,331
53852.5,26,19,294
53855.0,26,19,294
53857.5,68,5,268
53860.0,-9,-72,300
53862.5,35,-6,384
53865.0,-24,-38,250
53867.5,-3,-92,338
53870.0,1,23,344
53872.5,68,28,279
53875.0,-40,-15,306
53877.5,17,6,307
53880.0,-5,14,300
53882.5,-37,-17,343
53885.0,-14,-54,310
53887.5,46,21,300
53890.0,-3,-5,367
53892.5,31,-24,285
53895.0,19,-28,246
53897.5,7,12,301
53900.0,-18,-29,254
53902.5,-14,-32,262
53905.0,-14,-32,262
53907.5,-51,-50,307
53910.0,63,7,251
53912.5,44,23,308
53915.0,-46,-36,328
53917.5,28,-16,296
53920.0,-15,-12,352
53922.5,68,23,316
53925.0,20,7,273
53927.5,-20,-43,384
53930.0,-45,-94,337
53932.5,-56,-30,324
53935.0,-82,2,308
53937.5,-16,-41,334
53940.0,-15,-19,399
53942.5,-12,-40,311
53945.0,21,-11,367
53947.5,5,22,157
53950.0,-20,-15,313
53952.5,98,26,259
53955.0,98,26,259
53957.5,-35,-22,510
53960.0,24,-34,219
53962.5,-23,-70,331
53965.0,43,18,253
53967.5,33,19,374
53970.0,-26,-37,351
53972.5,13,17,307
53975.0,-41,-13,268
53977.5,-38,-47,361
53980.0,-94,-12,389
53982.5,-40,-34,449
53985.0,-41,24,400
53987.5,16,3,396
53990.0,58,-22,340
53992.5,-22,-41,204
53995.0,70,24,245
53997.5,55,-16,358
54000.0,-2,-61,385
54002.5,38,12,248
54005.0,38,12,248
54007.5,14,27,209
54010.0,71,5,222
54012.5,11,-17,312
54015.0,-66,-58,333
54017.5,90,58,368
54020.0,44,-15,287
54022.5,-23,-44,321
54025.0,60,16,177
54027.5,-34,-51,355
54030.0,-32,-32,284
54032.5,-35,-24,378
54035.0,58,-41,350
54037.5,161,92,289
54040.0,-81,-4,487
54042.5,19,-80,400
54045.0,5,9,238
54047.5,-39,-44,267
54050.0,17,-62,315
54052.5,22,3,294
54055.0,22,3,294
54057.5,-57,-98,310
54060.0,76,45,275
54062.5,2,-9,315
54065.0,67,-16,254
54067.5,-13,-26,270
54070.0,35,23,268
54072.5,56,13,220
54075.0,-21,-19,369
54077.5,-2,23,324
54080.0,32,8,275
54082.5,39,9,307
54085.0,15,16,292
54087.5,40,35,229
54090.0,-2,-43,313
54092.5,1,-6,254
54095.0,-2,-10,321
54097.5,-58,28,312
54100.0,4,-36,334
54102.5,-75,-31,402
54105.0,-75,-31,402
54107.5,59,-29,331
54110.0,118,-13,308
54112.5,-31,-64,413
54115.0,-47,-51,271
54117.5,44,-10,174
54120.0,-26,-41,297
54122.5,9,-13,313
54125.0,15,-7,400
54127.5,13,-20,311
54130.0,48,10,233
54132.5,-37,-40,346
54135.0,43,-2,256
54137.5,104,27,278
54140.0,-19,-53,266
54142.5,24,11,243
54145.0,45,27,279
54147.5,-122,11,288
54150.0,-16,12,243
54152.5,13,13,356
54155.0,13,13,356
54157.5,67,56,334
54160.0,5,-34,295
54162.5,-11,-45,254
54165.0,-53,-46,307
54167.5,4,-26,307
54170.0,18,4,383
54172.5,25,-29,227
54175.0,-10,12,244
54177.5,-48,-8,401
54180.0,4,-32,312
54182.5,86,-48,336
54185.0,33,5,234
54187.5,75,47,209
54190.0,-124,-94,269
54192.5,79,-13,287
54195.0,6,6,216
54197.5,-15,-23,293
54200.0,-3,-16,272
54202.5,-45,-41,318
54205.0,-45,-41,318
54207.5,14,-32,313
54210.0,-1,-88,324
54212.5,43,-16,309
54215.0,-32,6,370
54217.5,61,27,301
54220.0,-37,-13,409
54222.5,70,-16,326
54225.0,79,24,256
54227.5,0,-22,249
54230.0,9,3,210
54232.5,-10,-31,357
54235.0,-48,-57,349
54237.5,13,3,290
54240.0,15,-5,350
54242.5,-34,2,295
54245.0,-20,-57,318
54247.5,-63,-51,382
54250.0,7,30,283
54252.5,7,30,283
54255.0,110,64,266
54257.5,-10,-17,368
54260.0,-21,-51,243
54262.5,59,53,272
54265.0,-64,-38,295
54267.5,35,4,298
54270.0,-12,-29,335
54272.5,56,13,348
54275.0,49,-3,308
54277.5,-7,10,295
54280.0,22,-30,322
54282.5,32,16,293
54285.0,8,28,360
54287.5,41,13,239
54290.0,8,-7,234
54292.5,-21,-32,298
54295.0,38,44,241
54297.5,39,45,297
54300.0,23,-20,339
54302.5,23,-20,339
54305.0,24,13,266
54307.5,8,-4,288
54310.0,-135,-54,464
54312.5,121,35,355
54315.0,24,-10,255
54317.5,-40,-66,285
54320.0,-80,-19,358
54322.5,-35,-3,435
54325.0,-29,-44,265
54327.5,16,9,276
54330.0,-11,-12,205
54332.5,-9,11,231
54335.0,56,6,406
54337.5,57,0,424
54340.0,99,26,238
54342.5,-37,-48,258
54345.0,38,-18,229
54347.5,37,-43,296
54350.0,-7,16,255
54352.5,-7,16,255
54355.0,24,-41,290
54357.5,34,24,262
54360.0,-17,-2,462
54362.5,3,-32,442
54365.0,-54,-48,437
54367.5,-52,-41,470
54370.0,50,13,286
54372.5,-28,-30,157
54375.0,35,13,246
54377.5,43,34,357
54380.0,13,-8,369
54382.5,33,37,365
54385.0,69,14,245
54387.5,10,-3,230
54390.0,-4,-34,271
54392.5,6,26,272
54395.0,-7,-33,291
54397.5,-11,-52,340
54400.0,25,9,329
54402.5,25,9,329
54405.0,-3,-47,463
54407.5,-22,-56,297
54410.0,-7,-42,312
54412.5,16,-34,302
54415.0,104,46,282
54417.5,68,-34,125
54420.0,-55,-10,160
54422.5,-19,-77,378
54425.0,-1,18,347
54427.5,20,2,339
54430.0,18,9,319
54432.5,-121,-52,379
54435.0,28,47,258
54437.5,36,26,181
54440.0,-5,-3,321
54442.5,-45,-51,364
54445.0,63,-9,312
54447.5,-50,-23,476
54450.0,3,-11,232
54452.5,3,-11,232
54455.0,-27,-48,249
54457.5,-5,-9,323
54460.0,-4,18,279
54462.5,18,-29,323
54465.0,-12,3,334
54467.5,71,20,289
54470.0,14,-2,347
54472.5,17,13,305
54475.0,-4,24,249
54477.5,-96,-4,333
54480.0,-2,11,205
54482.5,-119,-74,203
54485.0,-221,-60,430
54487.5,199,132,374
54490.0,27,40,351
54492.5,0,-24,218
54495.0,28,43,223
54497.5,-45,-12,304
54500.0,27,-23,276
54502.5,27,-23,276
54505.0,54,55,296
54507.5,-61,-42,263
54510.0,39,23,278
54512.5,58,17,388
54515.0,-18,-40,347
54517.5,28,-9,303
54520.0,-45,-32,353
54522.5,93,34,291
54525.0,-16,-16,268
54527.5,-20,-4,236
54530.0,176,46,164
54532.5,-1,92,322
54535.0,-198,-92,477
54537.5,67,-40,365
54540.0,34,-5,285
54542.5,-28,-31,224
54545.0,30,38,247
54547.5,7,28,334
54550.0,-43,-53,203
54552.5,-43,-53,203
54555.0,16,-4,269
54557.5,-43,-47,390
54560.0,-12,13,333
54562.5,-7,-60,278
54565.0,73,7,355
54567.5,72,47,297
54570.0,-25,-19,285
54572.5,34,-58,312
54575.0,40,-8,278
54577.5,28,-20,240
54580.0,132,9,214
54582.5,8,-40,203
54585.0,-170,-123,301
54587.5,19,-12,267
54590.0,-35,2,281
54592.5,20,7,347
54595.0,-39,-26,343
54597.5,-33,-13,343
54600.0,-20,-34,332
54602.5,-20,-34,332
54605.0,73,25,246
54607.5,9,-13,282
54610.0,-68,-42,293
54612.5,41,26,348
54615.0,-9,-65,382
54617.5,27,-9,261
54620.0,27,28,309
54622.5,-63,-3,385
54625.0,-4,-15,351
54627.5,9,16,340
54630.0,-41,-23,308
54632.5,7,-8,291
54635.0,-20,-27,357
54637.5,28,-5,314
54640.0,-20,-32,298
54642.5,-34,-31,336
54645.0,59,-6,237
54647.5,53,-13,277
54650.0,53,-13,277
54652.5,9,9,303
54655.0,49,8,281
54657.5,-46,-13,310
54660.0,-13,-25,358
54662.5,20,16,299
54665.0,-5,-21,343
54667.5,17,-34,334
54670.0,-44,-22,255
54672.5,-20,-19,322
54675.0,-9,-42,257
54677.5,5,-17,241
54680.0,32,39,326
54682.5,-60,17,342
54685.0,-18,-42,496
54687.5,-34,-74,374
54690.0,19,-7,235
54692.5,25,13,335
54695.0,-17,-34,437
54697.5,47,-15,266
54700.0,47,-15,266
54702.5,0,-12,374
54705.0,69,1,150
54707.5,-16,-12,269
54710.0,-33,-44,284
54712.5,49,33,375
54715.0,53,20,260
54717.5,-44,-34,275
54720.0,33,-12,284
54722.5,32,-21,356
54725.0,49,12,292
54727.5,2,0,252
54730.0,46,-50,262
54732.5,121,39,194
54735.0,-170,-46,449
54737.5,-129,1,439
54740.0,3,13,319
54742.5,6,-11,347
54745.0,-3,-5,205
54747.5,160,48,173
54750.0,160,48,173
54752.5,68,13,320
54755.0,60,-3,402
54757.5,0,-4,281
54760.0,40,-20,296
54762.5,47,-13,230
54765.0,18,-11,296
54767.5,-62,-68,498
54770.0,-54,-30,423
54772.5,31,-6,339
54775.0,42,16,411
54777.5,150,11,169
54780.0,49,24,332
54782.5,-14,-49,341
54785.0,31,32,275
54787.5,32,-64,266
54790.0,65,-42,371
54792.5,48,45,319
54795.0,67,68,236
54797.5,86,24,258
54800.0,86,24,258
54802.5,-9,2,361
54805.0,-14,-25,292
54807.5,52,110,344
54810.0,3,-29,332
54812.5,-6,-6,362
54815.0,142,57,383
54817.5,4,-30,278
54820.0,69,7,233
54822.5,62,25,338
54825.0,-27,-75,238
54827.5,45,28,269
54830.0,-76,-7,295
54832.5,-43,30,270
54835.0,84,34,377
54837.5,7,3,271
54840.0,40,14,300
54842.5,-15,-13,318
54845.0,-21,-1,243
54847.5,60,29,280
54850.0,60,29,280
54852.5,13,34,336
54855.0,94,-4,319
54857.5,-35,-44,334
54860.0,4,-54,255
54862.5,75,25,248
54865.0,-56,-22,356
54867.5,-41,-72,207
54870.0,-313,-74,318
54872.5,74,78,428
54875.0,46,14,351
54877.5,-5,-28,287
54880.0,-5,12,219
54882.5,36,33,349
54885.0,-87,-35,373
54887.5,40,-19,258
54890.0,124,12,234
54892.5,6,-16,312
54895.0,70,-2,330
54897.5,24,3,319
54900.0,24,3,319
54902.5,4,-9,318
54905.0,8,-1,262
54907.5,-102,-19,390
54910.0,-103,-41,431
54912.5,-48,26,276
54915.0,-286,-119,426
54917.5,35,-31,229
54920.0,211,157,397
54922.5,-38,5,392
54925.0,-44,-26,238
54927.5,49,-3,259
54930.0,-85,-75,418
54932.5,64,-6,387
54935.0,26,4,367
54937.5,-21,-8,255
54940.0,69,34,280
54942.5,1,-32,323
54945.0,117,10,192
54947.5,53,10,232
54950.0,53,10,232
54952.5,26,13,330
54955.0,-29,-10,339
54957.5,-74,-42,322
54960.0,75,40,338
54962.5,1,-70,321
54965.0,-48,60,431
54967.5,-32,-50,311
54970.0,25,-5,254
54972.5,-48,-4,332
54975.0,-2,-17,252
54977.5,51,11,311
54980.0,-81,-23,309
54982.5,59,58,277
54985.0,-7,24,333
54987.5,-28,-10,376
54990.0,65,6,253
54992.5,-12,-5,312
54995.0,52,0,343
54997.5,2,-41,283
55000.0,2,-41,283
55002.5,-22,-36,361
55005.0,21,-13,323
55007.5,-4,-16,273
55010.0,-3,0,357
55012.5,-48,-18,250
55015.0,-8,-6,247
55017.5,-8,11,305
55020.0,-8,-32,277
55022.5,-39,-37,325
55025.0,-4,16,320
55027.5,-2,-6,320
55030.0,33,8,345
55032.5,38,-22,363
55035.0,47,12,283
55037.5,-42,-56,342
55040.0,29,8,268
55042.5,33,25,241
55045.0,-28,-27,286
55047.5,13,4,255
55050.0,13,4,255
55052.5,-34,-17,305
55055.0,-31,-41,319
55057.5,48,6,317
55060.0,3,-19,351
55062.5,26,27,349
55065.0,62,-15,301
55067.5,68,28,265
55070.0,-28,-68,117
55072.5,33,-27,93
55075.0,-1,40,271
55077.5,-20,-41,312
55080.0,-5,-32,449
55082.5,-6,1,355
55085.0,59,40,374
55087.5,-25,16,151
55090.0,-48,-33,294
55092.5,14,2,406
55095.0,23,20,423
55097.5,23,20,423
55100.0,-47,-19,235
55102.5,46,21,220
55105.0,0,3,316
55107.5,-13,-29,317
55110.0,2,2,322
55112.5,64,-23,335
55115.0,124,72,135
55117.5,-19,-29,436
55120.0,76,68,364
55122.5,30,21,331
55125.0,-65,-44,356
55127.5,-48,-29,101
55130.0,-7,3,211
55132.5,33,-20,315
55135.0,57,-7,352
55137.5,49,40,276
55140.0,19,-15,328
55142.5,57,28,459
55145.0,-17,0,487
55147.5,-17,0,487
55150.0,-66,-28,371
55152.5,31,-39,309
55155.0,36,-9,212
55157.5,-19,-82,298
55160.0,-25,47,221
55162.5,52,4,332
55165.0,63,8,360
55167.5,40,0,385
55170.0,21,-10,304
55172.5,65,30,290
55175.0,-51,-60,404
55177.5,100,7,315
55180.0,48,12,354
55182.5,-30,-64,299
55185.0,39,10,336
55187.5,-15,-26,232
55190.0,8,-60,320
55192.5,46,16,281
55195.0,-22,-38,300
55197.5,-22,-38,300
55200.0,64,-21,235
55202.5,-12,-9,287
55205.0,-4,-1,310
55207.5,42,-36,248
55210.0,22,11,373
55212.5,-15,-38,316
55215.0,68,1,298
55217.5,-18,-34,300
55220.0,31,5,274
55222.5,11,10,307
55225.0,-36,-66,330
55227.5,60,6,288
55230.0,40,-3,327
55232.5,-63,-11,241
55235.0,32,-5,212
55237.5,-106,57,283
55240.0,-141,-118,256
55242.5,-150,-101,450
55245.0,49,19,316
55247.5,49,19,316
55250.0,77,12,290
55252.5,101,39,220
55255.0,-18,-4,259
55257.5,39,4,280
55260.0,-21,1,354
55262.5,1,-2,229
55265.0,46,39,255
55267.5,5,33,277
55270.0,10,4,309
55272.5,0,-45,328
55275.0,4,6,314
55277.5,57,2,322
55280.0,-98,-18,412
55282.5,102,58,276
55285.0,52,-77,181
55287.5,-180,-94,268
55290.0,67,39,300
55292.5,-3,-13,415
55295.0,-2,3,397
55297.5,-2,3,397
55300.0,-11,-45,322
55302.5,-50,-61,301
55305.0,44,-39,346
55307.5,81,43,361
55310.0,10,-28,188
55312.5,31,24,283
55315.0,40,-28,380
55317.5,12,-20,293
55320.0,26,-33,241
55322.5,16,4,330
55325.0,86,-6,186
55327.5,15,-139,302
55330.0,163,152,325
55332.5,-37,-66,383
55335.0,58,-9,201
55337.5,-41,-7,296
55340.0,-24,-56,314
55342.5,67,42,293
55345.0,-77,-56,287
55347.5,-77,-56,287
55350.0,-15,-5,235
55352.5,-6,-29,340
55355.0,-16,-40,329
55357.5,3,68,280
55360.0,5,-21,292
55362.5,59,-29,329
55365.0,22,13,278
55367.5,6,-41,324
55370.0,35,27,294
55372.5,7,-21,304
55375.0,-19,-16,409
55377.5,-16,-15,313
55380.0,64,-50,304
55382.5,46,30,273
55385.0,-10,10,261
55387.5,49,16,319
55390.0,-42,-18,305
55392.5,25,11,260
55395.0,5,-18,293
55397.5,5,-18,293
55400.0,-52,9,378
55402.5,-25,-38,298
55405.0,5,-12,322
55407.5,-9,-37,329
55410.0,34,2,242
55412.5,28,-9,313
55415.0,49,18,264
55417.5,39,-14,277
55420.0,-65,-71,305
55422.5,28,4,278
55425.0,-24,-36,312
55427.5,-24,-51,357
55430.0,16,21,316
55432.5,-5,0,343
55435.0,11,-5,307
55437.5,100,-14,305
55440.0,-19,-53,350
55442.5,212,16,154
55445.0,212,16,154
55447.5,17,31,212
55450.0,33,45,99
55452.5,-9,-62,179
55455.0,-82,-34,323
55457.5,-39,-32,459
55460.0,22,-31,372
55462.5,38,-7,253
55465.0,30,0,232
55467.5,23,1,214
55470.0,-56,-56,478
55472.5,2,27,284
55475.0,-44,-32,253
55477.5,-11,-10,236
55480.0,19,-46,330
55482.5,-2,-7,348
55485.0,-23,-21,357
55487.5,6,-10,302
55490.0,24,-26,366
55492.5,137,4,97
55495.0,137,4,97
55497.5,-11,-20,210
55500.0,-31,-63,338
55502.5,7,13,261
55505.0,29,-37,220
55507.5,6,-24,149
55510.0,-20,-8,327
55512.5,13,31,307
55515.0,-22,-12,402
55517.5,10,14,305
55520.0,-52,-19,356
55522.5,48,9,217
55525.0,-7,28,216
55527.5,18,-12,247
55530.0,25,-11,302
55532.5,77,58,373
55535.0,-2,-76,284
55537.5,29,-2,346
55540.0,17,14,453
55542.5,-19,-51,305
55545.0,-19,-51,305
55547.5,94,19,264
55550.0,18,49,268
55552.5,29,0,278
55555.0,-72,-5,391
55557.5,-1,-11,354
55560.0,29,47,332
55562.5,-65,-48,401
55565.0,58,16,270
55567.5,24,26,274
55570.0,69,33,256
55572.5,70,14,307
55575.0,-17,-18,313
55577.5,40,-17,297
55580.0,18,-34,315
55582.5,59,42,287
55585.0,28,-2,243
55587.5,14,-13,323
55590.0,-35,-70,331
55592.5,23,32,275
55595.0,23,32,275
55597.5,52,-7,327
55600.0,-61,-32,330
55602.5,75,32,314
55605.0,-45,-58,351
55607.5,34,1,251
55610.0,51,-4,335
55612.5,17,-17,312
55615.0,-100,-44,281
55617.5,72,68,336
55620.0,97,67,422
55622.5,64,-17,364
55625.0,102,34,367
55627.5,-8,-17,282
55630.0,7,-1,213
55632.5,4,12,280
55635.0,6,-6,290
55637.5,53,41,307
55640.0,-24,-6,313
55642.5,111,29,294
55645.0,111,29,294
55647.5,-36,-28,356
55650.0,-12,2,319
55652.5,55,3,265
55655.0,28,-4,300
55657.5,35,-47,243
55660.0,27,94,283
55662.5,-219,-26,312
55665.0,101,112,200
55667.5,98,4,373
55670.0,-30,22,366
55672.5,-37,-30,230
55675.0,7,0,260
55677.5,14,54,256
55680.0,32,-11,387
55682.5,-1,-32,301
55685.0,31,28,236
55687.5,76,-23,232
55690.0,-27,-63,258
55692.5,23,-25,255
55695.0,23,-25,255
55697.5,29,15,354
55700.0,-27,-55,327
55702.5,26,-27,266
55705.0,9,-72,417
55707.5,27,-28,272
55710.0,43,18,278
55712.5,27,8,316
55715.0,43,2,301
55717.5,36,5,303
55720.0,-17,-54,299
55722.5,64,22,285
55725.0,-13,43,330
55727.5,28,59,355
55730.0,52,0,352
55732.5,-34,-28,339
55735.0,11,1,281
55737.5,31,-9,230
55740.0,44,16,364
55742.5,27,-20,260
55745.0,27,-20,260
55747.5,-1,-17,337
55750.0,-18,2,317
55752.5,37,46,290
55755.0,-24,-50,272
55757.5,27,6,332
55760.0,9,-16,346
55762.5,14,-6,318
55765.0,-46,-42,325
55767.5,38,-10,262
55770.0,-16,-55,398
55772.5,25,4,264
55775.0,56,57,220
55777.5,5,-5,333
55780.0,-15,-24,244
55782.5,30,8,311
55785.0,-57,-57,325
55787.5,84,59,325
55790.0,-30,-10,289
55792.5,-59,-3,323
55795.0,-59,-3,323
55797.5,4,-33,310
55800.0,52,-23,337
55802.5,-13,-48,317
55805.0,65,-6,282
55807.5,-26,5,328
55810.0,-3,11,242
55812.5,-33,-1,280
55815.0,52,33,288
55817.5,5,-29,296
55820.0,26,-2,366
55822.5,-11,-118,331
55825.0,-21,30,190
55827.5,59,-32,220
55830.0,-6,-24,283
55832.5,13,38,304
55835.0,-42,-82,480
55837.5,14,-3,328
55840.0,38,21,170
55842.5,10,21,195
55845.0,10,21,195
55847.5,45,-27,193
55850.0,3,-13,442
55852.5,53,16,385
55855.0,-73,4,264
55857.5,19,15,271
55860.0,-25,-32,313
55862.5,50,-14,240
55865.0,44,-34,295
55867.5,60,21,211
55870.0,-41,-58,252
55872.5,73,150,376
55875.0,-27,-82,427
55877.5,-4,-52,385
55880.0,31,-10,363
55882.5,6,23,148
55885.0,34,9,123
55887.5,122,13,256
55890.0,95,36,339
55892.5,43,-32,318
55895.0,43,-32,318
55897.5,-9,-24,310
55900.0,-21,-27,292
55902.5,76,-37,358
55905.0,-3,19,377
55907.5,33,-29,354
55910.0,78,69,251
55912.5,-16,13,263
55915.0,-18,13,300
55917.5,-64,-19,344
55920.0,32,20,368
55922.5,-15,-52,386
55925.0,63,60,286
55927.5,24,-26,331
55930.0,-58,-58,106
55932.5,-17,25,255
55935.0,-9,-11,357
55937.5,34,-2,259
55940.0,-41,0,280
55942.5,-41,0,280
55945.0,43,-19,303
55947.5,78,40,396
55950.0,38,-27,351
55952.5,-2,-1,269
55955.0,18,-3,264
55957.5,28,-65,351
55960.0,55,10,313
55962.5,-32,-58,473
55965.0,80,-38,294
55967.5,51,14,234
55970.0,32,-10,358
55972.5,20,-14,262
55975.0,1,2,356
55977.5,-1,-6,336
55980.0,18,-11,314
55982.5,-22,-22,335
55985.0,-4,14,315
55987.5,56,-12,257
55990.0,-105,-67,302
55992.5,-105,-67,302
55995.0,114,65,194
55997.5,-212,-282,181
56000.0,-158,-152,333
56002.5,-31,-22,357
56005.0,-5,-32,374
56007.5,-30,-36,213
56010.0,58,24,241
56012.5,-33,-31,357
56015.0,-2,-33,277
56017.5,81,11,289
56020.0,-40,-38,267
56022.5,18,-30,299
56025.0,16,-10,354
56027.5,-37,-23,303
56030.0,59,2,332
56032.5,-6,-13,348
56035.0,8,-36,254
56037.5,94,58,285
56040.0,33,-55,274
56042.5,33,-55,274
56045.0,184,55,193
56047.5,-17,18,377
56050.0,46,25,464
56052.5,3,3,318
56055.0,-17,-49,211
56057.5,35,11,261
56060.0,43,-2,343
56062.5,-25,-4,362
56065.0,46,6,210
56067.5,-19,54,298
56070.0,-32,32,250
56072.5,-11,33,243
56075.0,56,-39,249
56077.5,22,30,310
56080.0,-40,-25,324
56082.5,-4,-60,287
56085.0,14,-106,284
56087.5,78,-36,312
56090.0,53,14,367
56092.5,53,14,367
56095.0,-44,-62,311
56097.5,26,28,232
56100.0,57,63,333
56102.5,-28,-22,255
56105.0,15,19,275
56107.5,-19,-30,289
56110.0,13,-37,277
56112.5,-18,-21,346
56115.0,-1,-27,314
56117.5,77,-18,251
56120.0,-25,-60,301
56122.5,60,15,307
56125.0,88,31,240
56127.5,-16,-64,347
56130.0,-15,48,301
56132.5,-20,-37,238
56135.0,-107,-44,277
56137.5,-26,-35,260
56140.0,-10,-5,336
56142.5,-10,-5,336
56145.0,-28,-50,309
56147.5,36,-7,289
56150.0,-44,-33,349
56152.5,63,40,322
56155.0,55,3,306
56157.5,-60,-43,336
56160.0,55,15,292
56162.5,50,14,240
56165.0,-16,10,306
56167.5,8,-25,251
56170.0,62,54,261
56172.5,-70,-78,311
56175.0,61,-7,205
56177.5,-6,3,313
56180.0,52,32,345
56182.5,42,-14,310
56185.0,22,-33,349
56187.5,-41,-38,308
56190.0,18,10,274
56192.5,18,10,274
56195.0,-2,16,342
56197.5,7,-46,275
56200.0,69,27,259
56202.5,-27,16,255
56205.0,-26,-34,116
56207.5,17,21,283
56210.0,15,-61,439
56212.5,42,21,356
56215.0,11,-39,310
56217.5,53,26,165
56220.0,-37,-45,281
56222.5,-67,-85,391
56225.0,20,7,331
56227.5,36,-20,257
56230.0,-36,-34,244
56232.5,59,16,288
56235.0,-18,-2,388
56237.5,-39,-56,329
56240.0,5,-4,304
56242.5,5,-4,304
56245.0,-13,11,271
56247.5,-62,-25,314
56250.0,-136,-26,412
56252.5,-4,20,446
56255.0,29,-3,244
56257.5,-56,-67,401
56260.0,-3,-49,374
56262.5,109,43,207
56265.0,23,11,267
56267.5,-95,-38,394
56270.0,14,5,314
56272.5,20,-13,313
56275.0,42,13,190
56277.5,38,10,333
56280.0,-2,-8,338
56282.5,52,8,474
56285.0,25,39,343
56287.5,30,-47,342
56290.0,19,3,434
56292.5,19,3,434
56295.0,-44,-23,362
56297.5,136,41,186
56300.0,-63,-11,267
56302.5,-25,-8,308
56305.0,-15,1,369
56307.5,22,-66,354
56310.0,-17,-30,189
56312.5,7,2,309
56315.0,8,-20,322
56317.5,4,33,238
56320.0,19,-13,313
56322.5,13,64,319
56325.0,34,29,260
56327.5,86,30,265
56330.0,21,-42,344
56332.5,63,-11,261
56335.0,7,-12,348
56337.5,-45,-57,208
56340.0,-45,-57,208
56342.5,8,18,277
56345.0,-51,-16,319
56347.5,-59,-56,238
56350.0,66,2,309
56352.5,30,24,314
56355.0,38,-2,343
56357.5,-29,-4,330
56360.0,66,5,230
56362.5,-11,12,299
56365.0,-39,-30,311
56367.5,75,42,281
56370.0,-33,-14,345
56372.5,-16,-24,335
56375.0,-28,-51,254
56377.5,65,7,307
56380.0,49,116,310
56382.5,191,281,226
56385.0,139,171,453
56387.5,68,-12,353
56390.0,68,-12,353
56392.5,-54,-46,450
56395.0,-53,-15,151
56397.5,-26,7,280
56400.0,-42,-23,354
56402.5,-42,-56,367
56405.0,91,-6,301
56407.5,80,-12,275
56410.0,77,-13,240
56412.5,37,58,302
56415.0,-18,-26,299
56417.5,83,55,275
56420.0,-43,-28,287
56422.5,-25,-34,341
56425.0,154,25,349
56427.5,-52,-20,355
56430.0,-47,10,291
56432.5,18,22,206
56435.0,-29,-83,298
56437.5,-136,19,346
56440.0,-136,19,346
56442.5,99,33,415
56445.0,1,-5,343
56447.5,8,-8,201
56450.0,23,-1,265
56452.5,79,26,363
56455.0,103,39,328
56457.5,-44,-28,320
56460.0,51,41,224
56462.5,36,30,298
56465.0,-12,-29,327
56467.5,84,20,220
56470.0,38,-2,303
56472.5,0,-23,388
56475.0,7,57,326
56477.5,-34,-35,281
56480.0,-10,10,259
56482.5,59,-62,271
56485.0,-4,-36,459
56487.5,72,28,298
56490.0,72,28,298
56492.5,8,27,267
56495.0,-73,-86,364
56497.5,-3,-28,204
56500.0,51,34,262
56502.5,-37,-57,314
56505.0,-12,-53,316
56507.5,42,14,285
56510.0,-23,17,293
56512.5,-16,-38,320
56515.0,-20,-40,364
56517.5,10,-64,362
56520.0,11,-4,300
56522.5,2,-34,396
56525.0,18,27,277
56527.5,44,7,253
56530.0,-20,-47,355
56532.5,20,2,247
56535.0,-21,-12,294
56537.5,-58,-50,318
56540.0,-58,-50,318
56542.5,27,19,280
56545.0,23,2,331
56547.5,-25,-19,338
56550.0,17,-37,300
56552.5,69,3,325
56555.0,19,-6,342
56557.5,78,21,281
56560.0,-57,-50,331
56562.5,94,47,258
56565.0,-12,-16,275
56567.5,-35,-28,290
56570.0,37,7,278
56572.5,8,12,322
56575.0,-75,-70,311
56577.5,70,2,170
56580.0,116,-48,108
56582.5,17,-12,230
56585.0,55,-53,351
56587.5,-56,-74,398
56590.0,-56,-74,398
56592.5,-35,-10,403
56595.0,-27,-37,352
56597.5,-36,-21,304
56600.0,21,-12,186
56602.5,11,-16,353
56605.0,-13,-67,425
56607.5,13,4,340
56610.0,26,-41,322
56612.5,25,-19,283
56615.0,49,-21,269
56617.5,65,19,370
56620.0,41,-3,252
56622.5,48,-28,281
56625.0,6,-41,365
56627.5,-24,10,501
56630.0,-119,27,489
56632.5,37,10,440
56635.0,25,-9,301
56637.5,5,6,213
56640.0,5,6,213
56642.5,34,-17,224
56645.0,-3,-27,281
56647.5,16,-31,306
56650.0,37,-9,223
56652.5,3,-10,268
56655.0,38,-1,312
56657.5,-32,-12,293
56660.0,58,23,360
56662.5,-15,-14,366
56665.0,2,-26,290
56667.5,-32,-35,246
56670.0,13,-53,226
56672.5,-44,-12,358
56675.0,90,140,358
56677.5,35,-34,388
56680.0,20,23,361
56682.5,-19,-83,279
56685.0,-16,-53,214
56687.5,-74,-19,332
56690.0,-74,-19,332
56692.5,14,-12,237
56695.0,9,-2,334
56697.5,-30,-38,341
56700.0,60,-2,325
56702.5,15,42,208
56705.0,20,-22,276
56707.5,45,-26,341
56710.0,9,41,342
56712.5,35,-31,234
56715.0,52,2,258
56717.5,-23,-29,309
56720.0,-46,-32,268
56722.5,2,-12,402
56725.0,7,-18,279
56727.5,59,9,260
56730.0,-13,11,288
56732.5,41,37,271
56735.0,16,54,271
56737.5,-17,-17,349
56740.0,-17,-17,349
56742.5,59,20,301
56745.0,29,-18,334
56747.5,18,-28,303
56750.0,18,6,246
56752.5,-91,-104,267
56755.0,-147,-122,310
56757.5,-139,-30,404
56760.0,-74,-42,291
56762.5,56,-29,301
56765.0,85,36,260
56767.5,-25,-52,283
56770.0,93,9,299
56772.5,48,3,359
56775.0,72,-15,224
56777.5,-23,-35,329
56780.0,-13,-43,313
56782.5,76,6,305
56785.0,-9,-27,348
56787.5,-9,-27,348
56790.0,19,-26,304
56792.5,60,66,222
56795.0,-6,-2,376
56797.5,45,91,224
56800.0,45,-27,242
56802.5,-28,-9,351
56805.0,79,-13,317
56807.5,20,-24,365
56810.0,-18,-25,224
56812.5,6,-24,252
56815.0,-4,-7,427
56817.5,49,16,346
56820.0,8,-16,248
56822.5,-49,-18,295
56825.0,-39,-50,383
56827.5,-10,-32,289
56830.0,46,38,280
56832.5,65,44,217
56835.0,8,-11,261
56837.5,8,-11,261
56840.0,14,-38,345
56842.5,36,-41,295
56845.0,76,-15,355
56847.5,-72,25,283
56850.0,36,-29,270
56852.5,-1,13,325
56855.0,77,-17,322
56857.5,-5,-12,338
56860.0,-100,-30,273
56862.5,53,-15,233
56865.0,21,25,312
56867.5,-11,-32,355
56870.0,13,-21,316
56872.5,2,-40,316
56875.0,24,3,271
56877.5,10,-3,250
56880.0,78,5,386
56882.5,5,-34,253
56885.0,-47,30,290
56887.5,-47,30,290
56890.0,-19,-25,328
56892.5,6,4,279
56895.0,61,10,303
56897.5,0,-1,310
56900.0,38,15,286
56902.5,-5,-12,333
56905.0,-8,3,366
56907.5,43,-35,341
56910.0,-38,-33,300
56912.5,-16,-33,345
56915.0,37,-88,293
56917.5,62,34,360
56920.0,32,-8,242
56922.5,67,34,267
56925.0,-22,-13,306
56927.5,75,4,290
56930.0,35,31,328
56932.5,47,18,330
56935.0,69,-7,320
56937.5,69,-7,320
56940.0,24,3,318
56942.5,39,-18,340
56945.0,-3,-25,290
56947.5,25,47,343
56950.0,12,-29,287
56952.5,74,41,269
56955.0,32,29,203
56957.5,-28,-16,240
56960.0,93,47,113
56962.5,-14,3,191
56965.0,18,33,326
56967.5,72,-7,376
56970.0,17,-6,454
56972.5,125,17,290
56975.0,-22,-35,210
56977.5,-41,-18,171
56980.0,108,-12,411
56982.5,132,6,322
56985.0,41,22,189
56987.5,41,22,189
56990.0,-11,-53,307
56992.5,22,9,334
56995.0,61,-9,346
56997.5,0,-66,346
57000.0,23,-63,320
57002.5,50,-24,220
57005.0,-78,-26,83
57007.5,6,-20,80
57010.0,-5,49,301
57012.5,21,-12,357
57015.0,38,-32,394
57017.5,137,64,241
57020.0,-9,4,255
57022.5,21,-7,328
57025.0,51,37,401
57027.5,119,49,261
57030.0,32,-13,230
57032.5,13,-6,274
57035.0,67,10,234
57037.5,67,10,234
57040.0,-9,8,397
57042.5,116,13,315
57045.0,-8,6,273
57047.5,18,-25,435
57050.0,9,-55,357
57052.5,-8,-10,330
57055.0,48,-18,232
57057.5,38,-19,284
57060.0,-68,-57,343
57062.5,72,-10,429
57065.0,48,3,187
57067.5,-82,-64,307
57070.0,41,-32,343
57072.5,49,-34,323
57075.0,20,11,240
57077.5,46,7,273
57080.0,-34,-51,511
57082.5,56,62,308
57085.0,-26,-32,345
57087.5,-26,-32,345
57090.0,-17,-52,320
57092.5,51,-36,284
57095.0,63,41,274
57097.5,-40,-1,294
57100.0,17,-24,325
57102.5,-21,4,325
57105.0,-29,-66,325
57107.5,36,22,307
57110.0,11,-5,373
57112.5,-10,-33,262
57115.0,5,-13,290
57117.5,1,-3,330
57120.0,40,33,256
57122.5,33,-3,295
57125.0,-33,-19,295
57127.5,6,-43,215
57130.0,21,122,211
57132.5,-98,-152,341
57135.0,37,6,378
57137.5,37,6,378
57140.0,27,10,286
57142.5,-33,-27,273
57145.0,39,15,200
57147.5,-34,-29,289
57150.0,-38,-16,324
57152.5,65,-5,381
57155.0,14,6,284
57157.5,95,47,270
57160.0,-27,-59,336
57162.5,59,45,248
57165.0,26,-13,271
57167.5,10,18,242
57170.0,19,26,253
57172.5,30,38,255
57175.0,-97,-13,276
57177.5,-17,-38,232
57180.0,67,97,404
57182.5,20,9,266
57185.0,83,16,287
57187.5,83,16,287
57190.0,15,-31,173
57192.5,78,33,257
57195.0,92,66,375
57197.5,-74,-30,301
57200.0,6,-6,352
57202.5,5,0,365
57205.0,4,-60,390
57207.5,-3,-15,296
57210.0,116,81,283
57212.5,16,-25,345
57215.0,41,3,383
57217.5,-6,-93,302
57220.0,0,-46,386
57222.5,15,-34,272
57225.0,-48,-53,285
57227.5,37,0,369
57230.0,37,-23,300
57232.5,-19,-16,400
57235.0,-19,-16,400
57237.5,47,53,315
57240.0,85,52,321
57242.5,0,-47,292
57245.0,56,-20,346
57247.5,65,-17,354
57250.0,18,-26,268
57252.5,-10,18,336
57255.0,-30,-34,340
57257.5,13,-28,319
57260.0,9,6,318
57262.5,15,-31,334
57265.0,-25,-12,353
57267.5,30,46,336
57270.0,-31,-3,295
57272.5,49,-2,272
57275.0,-43,16,313
57277.5,53,14,323
57280.0,-31,-5,285
57282.5,26,22,220
57285.0,26,22,220
57287.5,34,-12,296
57290.0,24,-1,344
57292.5,54,7,327
57295.0,29,22,291
57297.5,0,-46,264
57300.0,-17,-9,310
57302.5,-5,1,305
57305.0,-35,-60,377
57307.5,-23,-45,305
57310.0,38,-43,281
57312.5,4,-3,307
57315.0,-15,-14,266
57317.5,86,12,336
57320.0,27,5,339
57322.5,65,13,308
57325.0,5,-28,347
57327.5,8,-6,348
57330.0,67,33,312
57332.5,-34,-24,352
57335.0,-34,-24,352
57337.5,202,96,87
57340.0,-36,33,166
57342.5,20,-40,194
57345.0,57,20,219
57347.5,116,45,294
57350.0,-45,-42,420
57352.5,56,15,421
57355.0,65,78,368
57357.5,-28,-16,218
57360.0,-22,-5,312
57362.5,114,14,356
57365.0,12,34,288
57367.5,49,11,246
57370.0,-92,-70,235
57372.5,26,7,309
57375.0,15,25,331
57377.5,-7,-24,371
57380.0,87,19,286
57382.5,-22,16,169
57385.0,-22,16,169
57387.5,17,-14,419
57390.0,51,-12,287
57392.5,-40,-33,412
57395.0,24,-5,193
57397.5,-2,-16,177
57400.0,-32,-19,241
57402.5,3,-1,389
57405.0,46,-45,391
57407.5,-58,-14,362
57410.0,-12,9,257
57412.5,34,34,255
57415.0,42,3,266
57417.5,-4,-53,413
57420.0,45,6,368
57422.5,37,23,254
57425.0,-78,-60,342
57427.5,-28,-48,218
57430.0,36,-45,313
57432.5,89,-18,373
57435.0,89,-18,373
57437.5,14,-2,284
57440.0,45,17,216
57442.5,31,36,286
57445.0,-26,-38,404
57447.5,30,-12,220
57450.0,69,31,315
57452.5,102,63,269
57455.0,-12,-19,399
57457.5,112,71,143
57460.0,-13,5,269
57462.5,-12,10,290
57465.0,-9,-59,307
57467.5,6,45,281
57470.0,33,-55,289
57472.5,18,10,288
57475.0,-50,0,303
57477.5,37,2,312
57480.0,40,-5,287
57482.5,-13,-8,357
57485.0,-13,-8,357
57487.5,24,40,280
57490.0,-23,-49,315
57492.5,16,21,338
57495.0,47,-28,304
57497.5,-78,-72,351
57500.0,3,7,255
57502.5,40,26,292
57505.0,-95,-31,250
57507.5,-52,25,313
57510.0,79,60,247
57512.5,79,29,354
57515.0,-7,-35,432
57517.5,-24,-10,441
57520.0,-21,-4,115
57522.5,22,-37,332
57525.0,-19,-20,328
57527.5,19,4,327
57530.0,37,-3,303
57532.5,-112,-79,282
57535.0,-112,-79,282
57537.5,52,-3,311
57540.0,-40,-14,340
57542.5,-20,-50,274
57545.0,141,14,312
57547.5,-97,-70,286
57550.0,36,22,284
57552.5,-84,-52,269
57555.0,20,-1,288
57557.5,-182,-96,263
57560.0,-17,13,273
57562.5,-76,-84,320
57565.0,22,-13,377
57567.5,-39,-15,381
57570.0,-16,-35,181
57572.5,15,0,280
57575.0,-27,-26,439
57577.5,23,-2,131
57580.0,24,0,234
57582.5,24,0,234
57585.0,49,-21,296
57587.5,-18,-32,312
57590.0,70,7,300
57592.5,-77,-62,312
57595.0,94,2,312
57597.5,48,-10,407
57600.0,3,-38,252
57602.5,34,-34,292
57605.0,64,51,249
57607.5,-20,-25,277
57610.0,-25,7,381
57612.5,-95,-9,295
57615.0,47,9,245
57617.5,66,-28,287
57620.0,-38,-10,339
57622.5,57,-3,306
57625.0,21,13,332
57627.5,-7,-17,327
57630.0,-66,-31,215
57632.5,-66,-31,215
57635.0,-40,-91,313
57637.5,104,-11,271
57640.0,-15,-12,244
57642.5,-11,-28,442
57645.0,39,31,296
57647.5,-61,-67,318
57650.0,7,-5,329
57652.5,-2,-45,320
57655.0,49,-17,342
57657.5,61,-15,335
57660.0,19,4,273
57662.5,-90,-69,325
57665.0,-5,4,238
57667.5,25,16,244
57670.0,-4,-4,304
57672.5,-7,3,244
57675.0,72,47,292
57677.5,-26,-13,325
57680.0,48,4,280
57682.5,48,4,280
57685.0,3,14,350
57687.5,48,20,327
57690.0,22,-30,316
57692.5,-3,-55,365
57695.0,4,-24,307
57697.5,77,34,248
57700.0,-50,-60,323
57702.5,69,16,246
57705.0,-34,-2,256
57707.5,-48,-19,312
57710.0,87,29,254
57712.5,-11,-12,209
57715.0,-65,-101,419
57717.5,-23,2,372
57720.0,-74,6,449
57722.5,33,-25,358
57725.0,109,21,353
57727.5,23,-33,305
57730.0,38,3,168
57732.5,38,3,168
57735.0,-51,-14,215
57737.5,58,2,418
57740.0,81,50,416
57742.5,-2,-30,266
57745.0,34,3,277
57747.5,22,-8,267
57750.0,25,6,383
57752.5,15,-25,226
57755.0,44,4,209
57757.5,48,2,277
57760.0,-15,55,172
57762.5,-132,-20,242
57765.0,-81,-27,417
57767.5,6,-6,409
57770.0,-13,-20,375
57772.5,48,-6,163
57775.0,-14,2,175
57777.5,-20,-40,378
57780.0,-2,8,341
57782.5,-2,8,341
57785.0,62,33,294
57787.5,-48,0,270
57790.0,34,12,274
57792.5,34,-15,330
57795.0,12,12,373
57797.5,52,6,294
57800.0,-1,0,340
57802.5,-135,-61,482
57805.0,1,-54,351
57807.5,-38,-9,299
57810.0,-19,-28,355
57812.5,-30,3,376
57815.0,43,12,276
57817.5,-39,-38,313
57820.0,-14,-46,285
57822.5,3,-9,297
57825.0,36,32,247
57827.5,-31,20,278
57830.0,-36,-23,349
57832.5,-36,-23,349
57835.0,40,-2,373
57837.5,-27,11,363
57840.0,61,17,229
57842.5,25,-18,373
57845.0,29,-1,177
57847.5,41,27,365
57850.0,-3,-18,316
57852.5,-41,-7,400
57855.0,-27,-20,296
57857.5,-56,-93,320
57860.0,23,-21,259
57862.5,-27,-3,347
57865.0,2,0,207
57867.5,23,2,271
57870.0,-67,-51,358
57872.5,-4,-13,318
57875.0,-13,8,310
57877.5,-11,-28,309
57880.0,32,-16,270
57882.5,32,-16,270
57885.0,-26,-48,357
57887.5,38,2,256
57890.0,-27,-17,298
57892.5,-128,-67,350
57895.0,63,-42,373
57897.5,95,18,287
57900.0,182,190,361
57902.5,-3,2,390
57905.0,6,-3,258
57907.5,77,-45,173
57910.0,-78,-27,292
57912.5,-57,-42,369
57915.0,30,-10,310
57917.5,-18,-3,253
57920.0,1,-20,322
57922.5,9,27,350
57925.0,10,-33,356
57927.5,78,95,314
57930.0,26,42,227
57932.5,26,42,227
57935.0,-39,-36,302
57937.5,38,-25,287
57940.0,10,54,292
57942.5,-95,-31,215
57945.0,-13,31,219
57947.5,-182,-17,250
57950.0,156,170,289
57952.5,-2,5,392
57955.0,-30,-1,415
57957.5,-39,0,161
57960.0,50,-8,218
57962.5,-32,-43,351
57965.0,41,17,363
57967.5,44,-2,235
57970.0,0,-3,317
57972.5,10,-21,352
57975.0,52,-6,351
57977.5,10,-21,338
57980.0,46,-32,300
57982.5,46,-32,300
57985.0,21,-57,353
57987.5,3,-89,318
57990.0,-32,-22,262
57992.5,-20,-10,321
57995.0,7,7,320
57997.5,-24,-9,244
58000.0,-49,-86,304
58002.5,45,41,271
58005.0,16,-10,237
58007.5,40,48,336
58010.0,12,-20,287
58012.5,60,22,322
58015.0,-62,-64,340
58017.5,-4,-7,307
58020.0,5,-2,334
58022.5,10,-28,291
58025.0,-53,-23,244
58027.5,33,25,255
58030.0,33,25,255
58032.5,34,58,293
58035.0,33,-2,352
58037.5,-53,-10,294
58040.0,26,-10,332
58042.5,-16,-35,353
58045.0,11,11,332
58047.5,22,8,289
58050.0,1,22,335
58052.5,16,-17,320
58055.0,15,-19,252
58057.5,-33,-7,337
58060.0,-3,30,268
58062.5,-9,-31,313
58065.0,-1,-27,298
58067.5,43,18,279
58070.0,20,5,328
58072.5,22,-17,334
58075.0,-69,-55,318
58077.5,1,-12,343
58080.0,1,-12,343
58082.5,47,33,335
58085.0,35,2,303
58087.5,-8,-17,393
58090.0,45,9,247
58092.5,49,2,293
58095.0,12,5,220
58097.5,-94,-1,264
58100.0,-32,33,377
58102.5,-15,12,359
58105.0,-22,18,329
58107.5,45,3,306
58110.0,-48,-14,229
58112.5,45,-5,344
58115.0,56,3,402
58117.5,-14,-23,228
58120.0,-6,-24,319
58122.5,28,16,279
58125.0,-12,-37,375
58127.5,-60,40,303
58130.0,-60,40,303
58132.5,74,-12,326
58135.0,-10,-48,328
58137.5,-7,-11,383
58140.0,38,-14,220
58142.5,4,-36,175
58145.0,0,-27,248
58147.5,-45,-30,209
58150.0,17,-2,302
58152.5,-28,-51,397
58155.0,57,-10,308
58157.5,-4,-15,261
58160.0,49,-20,283
58162.5,9,-33,277
58165.0,-14,-26,367
58167.5,24,-5,308
58170.0,28,-27,377
58172.5,-21,17,295
58175.0,12,-17,334
58177.5,-20,-38,249
58180.0,-20,-38,249
58182.5,34,-5,284
58185.0,65,-27,136
58187.5,17,-16,271
58190.0,57,-2,267
58192.5,1,-6,319
58195.0,-3,-7,243
58197.5,-49,-32,366
58200.0,-95,-41,511
58202.5,43,-59,376
58205.0,51,11,304
58207.5,-15,-29,271
58210.0,104,72,218
58212.5,0,-3,219
58215.0,34,-61,293
58217.5,-8,41,321
58220.0,-57,-40,326
58222.5,-18,-36,245
58225.0,75,39,226
58227.5,-60,-48,374
58230.0,-60,-48,374
58232.5,11,-8,194
58235.0,24,-2,327
58237.5,-28,-51,369
58240.0,81,-2,330
58242.5,40,3,336
58245.0,-4,-5,290
58247.5,57,23,271
58250.0,-2,5,344
58252.5,4,10,286
58255.0,64,13,321
58257.5,-124,-30,300
58260.0,72,116,248
58262.5,-220,64,384
58265.0,-105,-39,314
58267.5,175,89,380
58270.0,99,34,348
58272.5,21,-35,229
58275.0,45,16,238
58277.5,-86,-1,307
58280.0,-86,-1,307
58282.5,-4,-18,302
58285.0,28,-27,402
58287.5,9,14,302
58290.0,15,-13,252
58292.5,-2,-15,330
58295.0,18,-54,284
58297.5,53,-15,303
58300.0,-29,-24,305
58302.5,27,4,293
58305.0,-28,15,290
58307.5,-76,17,429
58310.0,-1,-42,315
58312.5,-68,-72,419
58315.0,64,27,369
58317.5,-1,-56,376
58320.0,-2,4,332
58322.5,45,14,189
58325.0,32,21,285
58327.5,20,18,356
58330.0,20,18,356
58332.5,36,21,292
58335.0,-35,-22,303
58337.5,-43,-102,355
58340.0,22,61,300
58342.5,-34,-38,400
58345.0,65,-25,243
58347.5,-1,-14,285
58350.0,-13,-57,273
58352.5,-4,12,300
58355.0,47,22,216
58357.5,52,34,343
58360.0,16,3,277
58362.5,-5,-19,284
58365.0,-1,-8,357
58367.5,-39,23,288
58370.0,87,77,370
58372.5,39,22,257
58375.0,48,57,246
58377.5,18,-13,359
58380.0,18,-13,359
58382.5,0,57,244
58385.0,-66,-12,309
58387.5,-25,3,209
58390.0,0,-34,262
58392.5,-15,-56,359
58395.0,-23,-48,365
58397.5,55,29,312
58400.0,-45,-37,341
58402.5,10,17,292
58405.0,64,-48,297
58407.5,-36,-43,370
58410.0,-5,-15,255
58412.5,82,28,240
58415.0,11,5,303
58417.5,4,-1,272
58420.0,15,-17,290
58422.5,33,25,289
58425.0,-32,-31,339
58427.5,-17,-33,352
58430.0,-17,-33,352
58432.5,5,34,317
58435.0,3,-29,317
58437.5,-36,-35,320
58440.0,40,14,278
58442.5,45,13,247
58445.0,-21,-16,331
58447.5,47,13,229
58450.0,-3,6,270
58452.5,60,11,325
58455.0,29,-12,290
58457.5,49,3,327
58460.0,-55,-33,349
58462.5,-51,-5,307
58465.0,-18,-37,376
58467.5,-23,-79,404
58470.0,122,82,343
58472.5,28,14,295
58475.0,23,-3,191
58477.5,33,22,345
58480.0,33,22,345
58482.5,2,-31,426
58485.0,-6,-35,250
58487.5,6,13,279
58490.0,4,6,273
58492.5,15,17,210
58495.0,84,3,391
58497.5,17,17,511
58500.0,-2,18,186
58502.5,-51,-36,288
58505.0,34,-20,260
58507.5,25,4,321
58510.0,-14,-47,323
58512.5,79,28,324
58515.0,8,-23,299
58517.5,113,18,108
58520.0,-58,-98,287
58522.5,-27,-21,425
58525.0,-52,-23,318
58527.5,-52,-23,318
58530.0,34,18,295
58532.5,20,-25,157
58535.0,34,21,205
58537.5,7,3,329
58540.0,7,23,376
58542.5,48,15,331
58545.0,37,22,266
58547.5,3,-41,209
58550.0,108,11,231
58552.5,41,-50,365
58555.0,78,-27,316
58557.5,-16,-34,312
58560.0,-7,-42,302
58562.5,-33,-27,413
58565.0,-2,-86,377
58567.5,23,6,246
58570.0,-4,-20,273
58572.5,-14,-28,316
58575.0,36,-96,152
58577.5,36,-96,152
58580.0,34,-38,334
58582.5,-56,-60,417
58585.0,-73,-11,318
58587.5,46,63,276
58590.0,39,37,192
58592.5,37,-64,367
58595.0,72,4,360
58597.5,76,0,282
58600.0,-85,-47,359
58602.5,-31,-49,339
58605.0,61,46,274
58607.5,-74,-51,473
58610.0,78,39,203
58612.5,22,24,203
58615.0,23,-10,290
58617.5,44,7,287
58620.0,22,19,291
58622.5,-54,-24,348
58625.0,18,-12,327
58627.5,18,-12,327
58630.0,-57,-31,373
58632.5,31,-24,249
58635.0,44,18,302
58637.5,-45,-50,336
58640.0,145,190,217
58642.5,150,120,298
58645.0,2,-12,341
58647.5,-9,20,393
58650.0,32,19,343
58652.5,69,-26,218
58655.0,13,1,237
58657.5,-17,-5,339
58660.0,29,21,337
58662.5,1,-13,340
58665.0,-52,-16,299
58667.5,-49,0,355
58670.0,1,-30,438
58672.5,-34,-36,306
58675.0,-44,-48,232
58677.5,-44,-48,232
58680.0,34,17,296
58682.5,-36,18,323
58685.0,-117,-47,319
58687.5,-34,-65,317
58690.0,-83,-43,266
58692.5,-62,-105,342
58695.0,18,-5,283
58697.5,40,5,214
58700.0,-5,-46,319
58702.5,40,52,321
58705.0,31,-19,337
58707.5,-8,21,212
58710.0,-49,0,337
58712.5,-42,-41,435
58715.0,-2,-49,476
58717.5,-56,-34,350
58720.0,-31,-23,266
58722.5,79,8,344
58725.0,25,3,289
58727.5,25,3,289
58730.0,-23,12,353
58732.5,85,-18,280
58735.0,41,16,306
58737.5,-29,-11,241
58740.0,30,0,273
58742.5,-4,38,344
58745.0,58,82,316
58747.5,25,26,298
58750.0,16,-18,235
58752.5,-4,41,271
58755.0,7,16,299
58757.5,75,-5,355
58760.0,43,4,338
58762.5,68,-1,303
58765.0,-45,-38,373
58767.5,84,14,250
58770.0,37,-9,280
58772.5,31,-16,286
58775.0,-8,-9,291
58777.5,-8,-9,291
58780.0,64,-11,321
58782.5,20,-45,366
58785.0,10,-38,287
58787.5,-26,-25,355
58790.0,66,-26,296
58792.5,23,5,259
58795.0,-21,-27,294
58797.5,36,-19,296
58800.0,24,-2,335
58802.5,19,5,296
58805.0,43,2,266
58807.5,-7,-1,301
58810.0,23,-26,335
58812.5,59,14,294
58815.0,4,-26,261
58817.5,5,9,336
58820.0,-13,-11,300
58822.5,31,6,357
58825.0,-3,-20,260
58827.5,-3,-20,260
58830.0,-5,-28,284
58832.5,0,-16,308
58835.0,-2,14,261
58837.5,42,21,293
58840.0,-30,-18,330
58842.5,34,28,294
58845.0,-50,-41,396
58847.5,35,-18,176
58850.0,-10,7,283
58852.5,71,48,229
58855.0,66,-56,379
58857.5,20,8,381
58860.0,-64,-60,382
58862.5,31,-12,335
58865.0,21,58,255
58867.5,-78,-20,268
58870.0,10,12,221
58872.5,-43,-25,473
58875.0,-43,-25,473
58877.5,-28,-9,370
58880.0,-5,-13,236
58882.5,18,-8,266
58885.0,30,-4,302
58887.5,45,34,358
58890.0,1,-24,302
58892.5,48,21,255
58895.0,152,70,203
58897.5,21,-29,322
58900.0,1,-6,368
58902.5,53,17,446
58905.0,-45,-79,187
58907.5,50,8,250
58910.0,-72,-37,266
58912.5,39,-12,310
58915.0,34,13,296
58917.5,-32,16,278
58920.0,-26,2,283
58922.5,-29,1,464
58925.0,-29,1,464
58927.5,-59,-52,340
58930.0,20,48,315
58932.5,7,-28,313
58935.0,7,21,212
58937.5,59,-20,332
58940.0,8,17,369
58942.5,-28,24,326
58945.0,71,2,427
58947.5,-11,-40,240
58950.0,36,12,240
58952.5,-3,-12,399
58955.0,-8,-26,437
58957.5,131,17,326
58960.0,-41,8,333
58962.5,13,32,332
58965.0,43,14,322
58967.5,25,-7,273
58970.0,-34,-32,217
58972.5,-48,-83,384
58975.0,-48,-83,384
58977.5,-27,-54,295
58980.0,9,6,299
58982.5,-32,-57,318
58985.0,20,56,234
58987.5,3,-39,262
58990.0,-15,-7,369
58992.5,39,19,272
58995.0,-14,-10,304
58997.5,33,-1,300
59000.0,-57,-43,341
59002.5,-59,-18,343
59005.0,39,-25,280
59007.5,-23,-10,366
59010.0,-2,-1,245
59012.5,11,26,334
59015.0,-98,-28,245
59017.5,38,8,279
59020.0,95,-2,347
59022.5,20,8,444
59025.0,20,8,444
59027.5,35,34,373
59030.0,-38,-7,334
59032.5,52,30,205
59035.0,-25,2,244
59037.5,-12,-15,319
59040.0,79,21,294
59042.5,-9,1,288
59045.0,-31,26,283
59047.5,38,-32,338
59050.0,-38,-16,365
59052.5,3,-6,295
59055.0,55,6,310
59057.5,-16,14,323
59060.0,63,63,201
59062.5,-54,-9,198
59065.0,83,-32,324
59067.5,136,-9,348
59070.0,36,38,395
59072.5,-1,-55,272
59075.0,-1,-55,272
59077.5,23,-8,318
59080.0,34,3,310
59082.5,62,-6,245
59085.0,35,-20,299
59087.5,-23,-1,361
59090.0,36,21,292
59092.5,74,73,135
59095.0,1,-42,340
59097.5,126,22,267
59100.0,25,18,268
59102.5,25,-20,262
59105.0,-102,-7,278
59107.5,-29,17,458
59110.0,40,30,290
59112.5,151,58,280
59115.0,50,41,281
59117.5,67,-17,237
59120.0,-6,55,279
59122.5,-28,-3,224
59125.0,-28,-3,224
59127.5,15,4,326
59130.0,-44,-31,214
59132.5,-19,-4,353
59135.0,43,4,333
59137.5,-50,-44,340
59140.0,10,-31,359
59142.5,122,42,257
59145.0,88,54,358
59147.5,-31,-89,344
59150.0,37,10,284
59152.5,-77,-73,280
59155.0,59,30,246
59157.5,-40,-47,311
59160.0,-7,-8,308
59162.5,16,-21,348
59165.0,-10,-18,328
59167.5,4,-55,325
59170.0,5,-1,288
59172.5,4,18,368
59175.0,4,18,368
59177.5,-60,-65,279
59180.0,-6,-43,254
59182.5,-41,-8,327
59185.0,1,-28,252
59187.5,12,9,294
59190.0,-27,-28,275
59192.5,31,11,293
59195.0,19,5,324
59197.5,-67,-22,330
59200.0,-31,-37,311
59202.5,-70,-61,353
59205.0,21,-18,325
59207.5,83,17,249
59210.0,3,-38,333
59212.5,45,16,247
59215.0,55,-2,281
59217.5,66,66,361
59220.0,-87,0,352
59222.5,42,61,150
59225.0,42,61,150
59227.5,10,41,231
59230.0,31,34,314
59232.5,-34,-45,480
59235.0,-20,-4,361
59237.5,-7,-33,322
59240.0,-16,-33,135
59242.5,41,24,169
59245.0,-2,-23,303
59247.5,-36,-29,345
59250.0,-7,0,292
59252.5,8,3,291
59255.0,-3,2,304
59257.5,29,-15,315
59260.0,55,-5,352
59262.5,10,-24,279
59265.0,40,-31,253
59267.5,73,4,270
59270.0,105,10,107
59272.5,5,29,293
59275.0,5,29,293
59277.5,-110,20,416
59280.0,21,-4,460
59282.5,-14,-22,412
59285.0,70,-7,121
59287.5,9,-4,166
59290.0,-26,-36,377
59292.5,9,-2,344
59295.0,-55,-32,312
59297.5,-51,-43,297
59300.0,14,-4,336
59302.5,34,-25,314
59305.0,0,6,193
59307.5,14,59,231
59310.0,43,0,301
59312.5,-22,-24,356
59315.0,33,-64,283
59317.5,10,11,343
59320.0,-45,-33,360
59322.5,-45,-33,360
59325.0,-20,-50,300
59327.5,-18,-41,286
59330.0,-25,-16,222
59332.5,-8,-50,228
59335.0,46,-11,132
59337.5,22,-16,343
59340.0,-11,8,323
59342.5,17,-20,283
59345.0,31,9,332
59347.5,9,-30,378
59350.0,49,-3,276
59352.5,-11,-6,378
59355.0,36,29,226
59357.5,49,35,322
59360.0,-34,-11,285
59362.5,-18,-36,347
59365.0,10,-24,340
59367.5,16,16,301
59370.0,56,18,213
59372.5,56,18,213
59375.0,-20,4,334
59377.5,40,-24,202
59380.0,29,50,280
59382.5,-24,-17,376
59385.0,60,-12,329
59387.5,38,-7,333
59390.0,26,15,303
59392.5,54,-8,312
59395.0,17,5,319
59397.5,69,10,256
59400.0,48,46,316
59402.5,48,17,135
59405.0,50,1,355
59407.5,58,-117,434
59410.0,-126,-71,342
59412.5,9,-3,419
59415.0,-33,-34,306
59417.5,89,19,146
59420.0,-51,3,281
59422.5,-51,3,281
59425.0,-22,-10,325
59427.5,75,35,360
59430.0,-45,-11,310
59432.5,50,-10,281
59435.0,77,-3,341
59437.5,-33,-14,380
59440.0,28,-33,307
59442.5,115,5,292
59445.0,-58,-39,274
59447.5,4,-1,288
59450.0,-5,-26,323
59452.5,9,8,290
59455.0,69,20,330
59457.5,-92,-104,329
59460.0,14,-117,290
59462.5,3,-9,313
59465.0,-8,-64,319
59467.5,36,-2,325
59470.0,76,7,243
59472.5,76,7,243
59475.0,22,13,275
59477.5,29,19,380
59480.0,44,18,339
59482.5,-20,10,230
59485.0,56,32,285
59487.5,-17,-9,362
59490.0,64,13,317
59492.5,34,-9,272
59495.0,-28,-5,429
59497.5,97,42,218
59500.0,46,17,176
59502.5,47,-9,298
59505.0,-18,28,300
59507.5,-21,4,321
59510.0,-28,-24,298
59512.5,-53,-2,317
59515.0,-10,48,336
59517.5,-82,-37,319
59520.0,-43,-1,326
59522.5,-43,-1,326
59525.0,-9,-8,344
59527.5,1,-9,325
59530.0,32,26,243
59532.5,-44,-51,317
59535.0,34,-33,262
59537.5,23,23,286
59540.0,-17,-52,241
59542.5,34,1,282
59545.0,-2,6,298
59547.5,6,42,309
59550.0,52,-6,324
59552.5,17,-2,347
59555.0,-45,-73,324
59557.5,63,-4,264
59560.0,-61,-60,330
59562.5,42,58,274
59565.0,38,0,248
59567.5,6,53,300
59570.0,46,1,252
59572.5,46,1,252
59575.0,-15,-20,266
59577.5,2,-4,312
59580.0,12,-45,292
59582.5,19,-13,321
59585.0,10,-10,337
59587.5,44,-16,307
59590.0,-27,-49,344
59592.5,32,22,293
59595.0,-5,-47,263
59597.5,4,1,288
59600.0,-36,-15,187
59602.5,-54,-68,185
59605.0,46,5,106
59607.5,135,21,194
59610.0,-54,-53,331
59612.5,-94,-43,437
59615.0,13,-30,335
59617.5,78,58,198
59620.0,-40,-1,219
59622.5,-40,-1,219
59625.0,25,17,236
59627.5,10,-13,441
59630.0,17,-17,223
59632.5,-40,11,233
59635.0,26,-11,227
59637.5,-7,1,332
59640.0,14,-7,325
59642.5,17,-30,352
59645.0,36,-23,208
59647.5,2,-34,299
59650.0,-158,-4,248
59652.5,39,52,380
59655.0,20,-3,387
59657.5,31,-31,219
59660.0,-81,-38,136
59662.5,26,-37,324
59665.0,61,7,399
59667.5,-5,-5,403
59670.0,-8,-49,233
59672.5,-8,-49,233
59675.0,70,-13,286
59677.5,24,16,322
59680.0,-80,11,304
59682.5,-64,-69,385
59685.0,-27,-38,466
59687.5,-34,-69,329
59690.0,-16,1,273
59692.5,42,5,247
59695.0,-79,-34,233
59697.5,-17,-30,409
59700.0,37,-6,358
59702.5,34,-48,363
59705.0,-57,-35,328
59707.5,94,36,289
59710.0,-66,-32,437
59712.5,-37,-7,327
59715.0,93,24,275
59717.5,-21,-62,298
59720.0,20,4,281
59722.5,20,4,281
59725.0,-22,-39,212
59727.5,43,28,280
59730.0,45,20,374
59732.5,16,11,346
59735.0,29,14,274
59737.5,27,34,204
59740.0,-82,-30,267
59742.5,36,-4,240
59745.0,-6,-37,357
59747.5,-35,-27,375
59750.0,42,3,285
59752.5,6,-15,336
59755.0,1,-33,268
59757.5,3,49,284
59760.0,-75,-39,298
59762.5,-24,-8,263
59765.0,1,-44,341
59767.5,-19,31,327
59770.0,-19,31,327
59772.5,51,-39,198
59775.0,93,104,419
59777.5,-89,144,301
59780.0,-51,-82,330
59782.5,8,-37,384
59785.0,0,-30,323
59787.5,65,36,200
59790.0,-18,-7,284
59792.5,25,0,289
59795.0,-47,15,375
59797.5,-51,-52,334
59800.0,97,18,236
59802.5,-31,2,306
59805.0,-68,-76,276
59807.5,56,58,315
59810.0,-49,-31,263
59812.5,17,-44,300
59815.0,-60,22,396
59817.5,8,78,366
59820.0,8,78,366
59822.5,0,-13,305
59825.0,-2,-49,332
59827.5,-22,-19,364
59830.0,33,-4,326
59832.5,-30,-19,197
59835.0,27,-7,244
59837.5,32,14,334
59840.0,-82,-45,357
59842.5,15,43,324
59845.0,0,-22,234
59847.5,18,-52,418
59850.0,51,7,289
59852.5,-55,-9,371
59855.0,-17,-30,297
59857.5,2,-26,285
59860.0,-54,-8,292
59862.5,74,-6,293
59865.0,4,-8,287
59867.5,-9,-23,332
59870.0,-9,-23,332
59872.5,55,25,358
59875.0,22,-7,321
59877.5,-22,-59,300
59880.0,-22,-9,306
59882.5,-23,0,439
59885.0,-26,32,295
59887.5,-22,-21,312
59890.0,-56,-28,347
59892.5,16,-9,253
59895.0,-47,-54,253
59897.5,35,3,190
59900.0,12,53,234
59902.5,-52,-40,291
59905.0,-61,-10,319
59907.5,-13,-30,293
59910.0,19,-55,403
59912.5,7,-2,373
59915.0,74,-2,228
59917.5,38,-9,347
59920.0,38,-9,347
59922.5,-40,-50,255
59925.0,-6,8,252
59927.5,-39,-30,291
59930.0,10,-45,276
59932.5,-9,-41,318
59935.0,40,-3,313
59937.5,38,8,297
59940.0,-33,-18,338
59942.5,-1,-26,342
59945.0,-10,-19,270
59947.5,3,-6,316
59950.0,-14,-15,286
59952.5,116,27,261
59955.0,16,6,333
59957.5,23,-42,264
59960.0,39,22,336
59962.5,24,-14,313
59965.0,48,15,311
59967.5,4,-16,306
59970.0,4,-16,306
59972.5,-2,-28,322
59975.0,-3,-51,312
59977.5,13,2,293
59980.0,-147,-54,489
59982.5,-54,-28,470
59985.0,26,16,458
59987.5,-29,-68,338
59990.0,57,29,357
59992.5,1,-18,380
59995.0,13,-10,319
59997.5,82,-34,132
60000.0,-29,-16,250
60002.5,80,18,299
60005.0,-40,-38,450
60007.5,25,-39,262
60010.0,-5,3,272
60012.5,64,24,228
60015.0,73,41,353
60017.5,59,3,366
60020.0,59,3,366
60022.5,-18,-29,337
60025.0,4,-15,289
60027.5,107,74,131
60030.0,-31,-44,276
60032.5,54,-33,365
60035.0,-10,-23,475
60037.5,18,32,266
60040.0,-44,-26,235
60042.5,-12,8,298
60045.0,3,-21,313
60047.5,4,-12,359
60050.0,56,-4,348
60052.5,2,-49,223
60055.0,12,-15,407
60057.5,58,-8,232
60060.0,-55,-43,348
60062.5,61,-17,270
60065.0,18,43,254
60067.5,41,11,331
60070.0,41,11,331
60072.5,17,8,318
60075.0,21,25,294
60077.5,-10,-53,309
60080.0,-89,-56,296
60082.5,38,-9,287
60085.0,-31,-2,467
60087.5,67,16,247
60090.0,-43,-22,161
60092.5,15,13,219
60095.0,47,21,283
60097.5,49,-26,340
60100.0,-12,-42,277
60102.5,34,25,488
60105.0,-41,-40,297
60107.5,82,31,318
60110.0,5,-107,368
60112.5,69,16,336
60115.0,-12,-93,333
60117.5,21,-28,265
60120.0,21,-28,265
60122.5,31,11,370
60125.0,-37,-52,323
60127.5,0,1,320
60130.0,46,8,288
60132.5,-17,-19,361
60135.0,-32,-31,339
60137.5,-13,-26,245
60140.0,-57,-21,305
60142.5,6,4,234
60145.0,69,37,310
60147.5,-1,-8,338
60150.0,140,-89,216
60152.5,-52,121,228
60155.0,157,39,343
60157.5,77,7,375
60160.0,-12,-31,366
60162.5,66,26,213
60165.0,80,35,248
60167.5,19,8,324
60170.0,19,8,324
60172.5,21,-1,320
60175.0,30,49,309
60177.5,-64,-81,325
60180.0,52,21,313
60182.5,55,4,370
60185.0,-3,-35,296
60187.5,21,-21,284
60190.0,-20,-50,274
60192.5,63,41,248
60195.0,-60,-38,272
60197.5,82,153,284
60200.0,22,-11,321
60202.5,-25,55,345
60205.0,-15,-2,308
60207.5,21,-36,269
60210.0,-48,-55,338
60212.5,-6,-64,306
60215.0,60,-8,303
60217.5,60,-8,303
60220.0,-51,-40,244
60222.5,-7,6,310
60225.0,-24,-136,375
60227.5,-87,-35,386
60230.0,24,-68,340
60232.5,-52,-9,249
60235.0,1,64,373
60237.5,42,52,265
60240.0,29,-1,326
60242.5,-19,-50,328
60245.0,53,0,269
60247.5,55,-9,313
60250.0,12,-41,273
60252.5,14,-18,313
60255.0,-41,5,354
60257.5,67,12,386
60260.0,5,29,222
60262.5,11,-7,353
60265.0,63,-6,347
60267.5,63,-6,347
60270.0,28,24,377
60272.5,5,35,312
60275.0,37,-29,216
60277.5,-25,-32,278
60280.0,70,54,250
60282.5,13,-8,325
60285.0,-12,-8,296
60287.5,7,-27,265
60290.0,9,11,295
60292.5,9,-30,330
60295.0,-13,-1,337
60297.5,-45,-36,313
60300.0,37,9,354
60302.5,68,9,279
60305.0,-24,-52,371
60307.5,17,-23,239
60310.0,40,29,270
60312.5,-55,-35,299
60315.0,36,10,262
60317.5,36,10,262
60320.0,9,-20,296
60322.5,-29,-32,324
60325.0,11,-41,347
60327.5,-20,-33,328
60330.0,-10,-91,309
60332.5,-29,-25,322
60335.0,25,-39,355
60337.5,57,-26,320
60340.0,16,-1,251
60342.5,7,-39,327
60345.0,21,30,244
60347.5,65,30,305
60350.0,-59,-48,321
60352.5,0,-9,331
60355.0,47,18,333
60357.5,-34,-86,353
60360.0,55,35,212
60362.5,33,-27,204
60365.0,-20,-20,329
60367.5,-20,-20,329
60370.0,-30,-48,428
60372.5,-67,-71,395
60375.0,38,-20,326
60377.5,53,-21,318
60380.0,-51,-22,223
60382.5,9,-4,310
60385.0,-30,-9,420
60387.5,-19,13,339
60390.0,16,22,226
60392.5,-52,-71,356
60395.0,-11,-49,352
60397.5,0,-33,342
60400.0,-4,-38,269
60402.5,36,3,219
60405.0,137,-4,168
60407.5,-69,-46,343
60410.0,-20,-54,486
60412.5,10,-9,435
60415.0,-16,-39,186
60417.5,-16,-39,186
60420.0,2,-2,136
60422.5,-4,-23,211
60425.0,-12,-25,311
60427.5,-6,-23,412
60430.0,-1,27,400
60432.5,-50,13,217
60435.0,92,-15,323
60437.5,75,31,330
60440.0,71,-25,367
60442.5,-3,-78,349
60445.0,49,55,309
60447.5,-13,21,326
60450.0,-42,-30,306
60452.5,-73,-41,314
60455.0,31,-2,342
60457.5,-48,5,315
60460.0,9,11,289
60462.5,71,-22,262
60465.0,36,2,298
60467.5,36,2,298
60470.0,48,-62,304
60472.5,-21,28,324
60475.0,0,26,284
60477.5,47,6,368
60480.0,15,-31,284
60482.5,89,29,232
60485.0,75,-4,404
60487.5,27,-1,225
60490.0,-11,-47,321
60492.5,27,-6,325
60495.0,76,-62,243
60497.5,97,14,223
60500.0,27,1,370
60502.5,33,-5,293
60505.0,13,-15,303
60507.5,-1,-8,233
60510.0,18,26,286
60512.5,-20,-3,343
60515.0,-37,-23,310
60517.5,-37,-23,310
60520.0,6,-2,361
60522.5,18,-20,283
60525.0,102,-9,373
60527.5,-52,15,204
60530.0,-85,-82,230
60532.5,-9,-50,345
60535.0,144,-33,367
60537.5,55,-9,388
60540.0,64,3,265
60542.5,-14,-48,260
60545.0,42,-14,291
60547.5,-5,3,375
60550.0,53,7,268
60552.5,48,28,259
60555.0,-10,-2,254
60557.5,21,-13,297
60560.0,-65,-18,346
60562.5,-43,-31,312
60565.0,23,-4,288
60567.5,23,-4,288
60570.0,15,-34,418
60572.5,11,3,311
60575.0,117,12,307
60577.5,55,-9,312
60580.0,-162,27,271
60582.5,-22,-36,387
60585.0,73,3,274
60587.5,35,5,247
60590.0,51,-37,281
60592.5,43,7,269
60595.0,38,7,369
60597.5,-9,-33,336
60600.0,-22,23,227
60602.5,97,-16,300
60605.0,-88,-51,314
60607.5,53,-34,272
60610.0,88,-11,302
60612.5,44,18,277
60615.0,-6,38,266
60617.5,-6,38,266
60620.0,-24,-1,336
60622.5,-80,-43,312
60625.0,7,7,278
60627.5,29,-35,369
60630.0,-59,-32,287
60632.5,-60,-38,349
60635.0,18,-12,235
60637.5,25,-26,289
60640.0,54,55,302
60642.5,-48,-24,321
60645.0,43,-9,314
60647.5,-104,11,334
60650.0,-7,-12,315
60652.5,10,-7,305
60655.0,78,-4,332
60657.5,-36,-51,372
60660.0,-52,-35,273
60662.5,-96,-103,320
60665.0,32,37,273
60667.5,32,37,273
60670.0,-64,-8,284
60672.5,-23,1,326
60675.0,4,-12,247
60677.5,-24,-11,318
60680.0,-78,-69,335
60682.5,2,-30,328
60685.0,27,-27,356
60687.5,28,-18,323
60690.0,11,-12,262
60692.5,-22,8,325
60695.0,-53,-32,294
60697.5,72,7,239
60700.0,-6,-38,320
60702.5,15,-6,236
60705.0,65,49,282
60707.5,1,-42,305
60710.0,63,10,298
60712.5,12,-6,341
60715.0,12,-6,341
60717.5,83,6,341
60720.0,58,-14,299
60722.5,37,-4,351
60725.0,-4,-36,311
60727.5,-45,-44,260
60730.0,-131,-58,360
60732.5,-50,-4,404
60735.0,-101,-5,351
60737.5,101,3,436
60740.0,-26,89,282
60742.5,-39,-61,415
60745.0,2,-40,382
60747.5,1,33,236
60750.0,47,-9,242
60752.5,-102,-17,306
60755.0,25,4,410
60757.5,21,-5,339
60760.0,35,-3,176
60762.5,-19,13,267
60765.0,-19,13,267
60767.5,33,-2,282
60770.0,98,30,411
60772.5,-32,-6,313
60775.0,-1,-1,239
60777.5,59,72,335
60780.0,-7,-13,447
60782.5,-30,-17,384
60785.0,2,58,352
60787.5,-36,-4,335
60790.0,26,-17,191
60792.5,-15,46,270
60795.0,-20,54,337
60797.5,51,-6,303
60800.0,-34,-49,361
60802.5,36,13,326
60805.0,56,9,214
60807.5,-6,-33,290
60810.0,-57,64,246
60812.5,-54,14,328
60815.0,-54,14,328
60817.5,-10,-45,281
60820.0,28,-27,335
60822.5,56,0,324
60825.0,-25,-95,423
60827.5,69,10,369
60830.0,-49,-61,413
60832.5,37,-3,220
60835.0,1,-19,332
60837.5,-18,-24,309
60840.0,26,58,319
60842.5,-22,-31,215
60845.0,-43,-74,268
60847.5,114,22,263
60850.0,-16,1,320
60852.5,19,-27,192
60855.0,3,-13,381
60857.5,-24,-19,346
60860.0,-31,12,320
60862.5,0,-1,366
60865.0,0,-1,366
60867.5,-49,-89,333
60870.0,49,-20,255
60872.5,-4,-18,283
60875.0,-23,-26,336
60877.5,62,32,291
60880.0,-34,-24,288
60882.5,21,-10,309
60885.0,-17,-28,334
60887.5,-21,-40,312
60890.0,67,-68,301
60892.5,2,10,331
60895.0,5,-20,239
60897.5,20,7,297
60900.0,43,-44,298
60902.5,170,86,195
60905.0,37,-27,435
60907.5,54,-38,316
60910.0,54,-4,434
60912.5,-2,-3,349
60915.0,-2,-3,349
60917.5,42,-10,197
60920.0,48,13,282
60922.5,-2,-4,295
60925.0,20,-40,369
60927.5,16,21,336
60930.0,-5,-44,328
60932.5,31,0,310
60935.0,-32,8,348
60937.5,47,8,255
60940.0,-20,-24,264
60942.5,-24,-17,214
60945.0,33,7,283
60947.5,84,16,250
60950.0,206,-30,279
60952.5,260,42,284
60955.0,102,-4,348
60957.5,-33,-20,373
60960.0,8,7,234
60962.5,36,-21,222
60965.0,36,-21,222
60967.5,40,39,272
60970.0,33,-23,368
60972.5,-10,-26,277
60975.0,-24,-10,271
60977.5,1,-3,406
60980.0,-11,-26,447
60982.5,60,-19,325
60985.0,-69,-44,331
60987.5,20,-11,344
60990.0,45,43,291
60992.5,-33,-78,397
60995.0,59,63,289
60997.5,29,-54,356
61000.0,14,-2,271
61002.5,93,17,220
61005.0,0,-5,283
61007.5,-58,-37,343
61010.0,50,33,337
61012.5,45,2,348
61015.0,45,2,348
61017.5,7,26,454
61020.0,31,30,289
61022.5,2,-5,396
61025.0,-14,3,273
61027.5,60,-26,302
61030.0,-22,-24,330
61032.5,-70,-45,274
61035.0,11,-6,275
61037.5,10,2,263
61040.0,69,89,275
61042.5,38,11,319
61045.0,42,1,364
61047.5,52,-7,328
61050.0,2,-23,297
61052.5,10,-6,330
61055.0,-2,-8,335
61057.5,-32,-17,350
61060.0,19,-12,326
61062.5,21,-37,285
61065.0,21,-37,285
61067.5,5,17,323
61070.0,13,9,240
61072.5,-85,-56,314
61075.0,6,1,288
61077.5,19,-51,341
61080.0,33,54,279
61082.5,-12,-37,365
61085.0,14,-12,304
61087.5,-11,-46,308
61090.0,-43,-39,336
61092.5,-26,-41,275
61095.0,-17,-32,372
61097.5,45,18,237
61100.0,21,-13,255
61102.5,21,36,309
61105.0,23,-8,259
61107.5,4,-2,341
61110.0,29,-3,326
61112.5,146,11,147
61115.0,146,11,147
61117.5,8,10,269
61120.0,49,60,281
61122.5,146,55,247
61125.0,39,-57,395
61127.5,-59,-25,414
61130.0,48,17,328
61132.5,3,-14,327
61135.0,2,-9,158
61137.5,-18,1,274
61140.0,-61,-44,429
61142.5,-52,-24,390
61145.0,-71,-40,284
61147.5,40,-7,279
61150.0,63,-6,301
61152.5,2,0,301
61155.0,-9,-24,217
61157.5,43,-13,266
61160.0,4,-15,271
61162.5,4,-15,271
61165.0,-45,25,379
61167.5,-34,-57,324
61170.0,8,-1,374
61172.5,41,-17,360
61175.0,10,4,251
61177.5,26,29,212
61180.0,51,-1,302
61182.5,-35,1,367
61185.0,-15,-13,298
61187.5,-1,-13,260
61190.0,27,-15,194
61192.5,133,56,145
61195.0,104,-58,376
61197.5,-2,-34,363
61200.0,46,43,273
61202.5,-43,2,267
61205.0,20,0,273
61207.5,28,44,337
61210.0,-35,1,293
61212.5,-35,1,293
61215.0,23,37,306
61217.5,25,66,288
61220.0,26,17,345
61222.5,129,24,75
61225.0,-77,-54,204
61227.5,46,-30,241
61230.0,11,-15,369
61232.5,-34,15,272
61235.0,-29,-27,339
61237.5,18,12,471
61240.0,125,-16,212
61242.5,2,-61,272
61245.0,31,-7,279
61247.5,58,-7,308
61250.0,52,-15,290
61252.5,-8,-18,408
61255.0,58,1,286
61257.5,9,-2,303
61260.0,-67,-41,323
61262.5,-67,-41,323
61265.0,-15,-10,269
61267.5,-35,-19,317
61270.0,-2,-12,252
61272.5,4,-8,335
61275.0,-11,-14,287
61277.5,36,-3,278
61280.0,-1,12,301
61282.5,5,-64,309
61285.0,175,9,280
61287.5,66,-32,229
61290.0,86,41,272
61292.5,40,36,389
61295.0,-43,-91,344
61297.5,3,-23,213
61300.0,24,0,264
61302.5,15,-5,320
61305.0,86,12,346
61307.5,-31,-44,331
61310.0,22,10,223
61312.5,22,10,223
61315.0,114,37,293
61317.5,32,5,327
61320.0,50,5,240
61322.5,4,43,307
61325.0,-17,-37,303
61327.5,-17,-24,359
61330.0,-12,-7,327
61332.5,9,40,376
61335.0,87,-1,235
61337.5,26,22,333
61340.0,84,14,372
61342.5,16,-15,344
61345.0,-31,-24,208
61347.5,36,-10,271
61350.0,21,-25,369
61352.5,-54,-57,399
61355.0,44,10,302
61357.5,-35,-58,387
61360.0,80,30,269
61362.5,80,30,269
61365.0,139,13,318
61367.5,62,-7,261
61370.0,75,-18,229
61372.5,36,-27,275
61375.0,-18,-1,246
61377.5,46,-39,284
61380.0,-28,3,284
61382.5,-21,-41,341
61385.0,-107,-90,313
61387.5,-29,-17,258
61390.0,30,70,291
61392.5,31,10,230
61395.0,32,-4,355
61397.5,-15,-55,224
61400.0,-7,-38,339
61402.5,15,-23,314
61405.0,27,-48,295
61407.5,-11,-43,263
61410.0,83,44,332
61412.5,83,44,332
61415.0,46,-18,324
61417.5,-15,-60,290
61420.0,61,17,316
61422.5,39,19,282
61425.0,15,-20,336
61427.5,-70,-47,386
61430.0,44,36,244
61432.5,2,0,358
61435.0,58,11,243
61437.5,18,2,288
61440.0,35,28,288
61442.5,19,23,301
61445.0,36,22,338
61447.5,-31,-57,327
61450.0,17,3,300
61452.5,29,-13,372
61455.0,1,-42,298
61457.5,116,21,261
61460.0,-27,-50,368
61462.5,-27,-50,368
61465.0,45,14,243
61467.5,11,-4,225
61470.0,-14,-14,318
61472.5,45,7,259
61475.0,-44,-40,329
61477.5,-24,-28,333
61480.0,78,21,278
61482.5,-28,-26,326
61485.0,-5,-42,337
61487.5,10,-16,305
61490.0,-92,-51,290
61492.5,99,89,448
61495.0,13,-2,312
61497.5,-12,-24,352
61500.0,-45,-21,344
61502.5,37,-55,358
61505.0,-17,-15,332
61507.5,21,-54,398
61510.0,47,86,202
61512.5,47,86,202
61515.0,-103,-17,258
61517.5,28,-10,345
61520.0,-41,-6,511
61522.5,40,-10,203
61525.0,23,4,318
61527.5,2,-33,220
61530.0,35,-14,318
61532.5,12,33,349
61535.0,-7,-66,318
61537.5,120,30,256
61540.0,-38,-20,352
61542.5,-168,-194,484
61545.0,42,-78,375
61547.5,26,-38,368
61550.0,-27,-10,406
61552.5,0,2,375
61555.0,0,-23,261
61557.5,19,45,235
61560.0,-4,-5,394
61562.5,-4,-5,394
61565.0,-16,-77,358
61567.5,93,46,233
61570.0,0,-25,325
61572.5,39,49,305
61575.0,-28,-41,245
61577.5,-50,-17,320
61580.0,78,14,263
61582.5,16,-13,322
61585.0,59,-58,185
61587.5,26,36,249
61590.0,97,-22,301
61592.5,-31,-36,307
61595.0,86,28,248
61597.5,19,17,320
61600.0,-12,-47,434
61602.5,92,61,292
61605.0,23,-11,316
61607.5,132,53,253
61610.0,132,53,253
61612.5,30,7,368
61615.0,-19,-68,284
61617.5,-3,-23,291
61620.0,74,51,261
61622.5,-58,-30,346
61625.0,91,17,240
61627.5,-7,-27,346
61630.0,34,2,267
61632.5,46,2,320
61635.0,-7,4,300
61637.5,-3,-15,326
61640.0,-31,-19,307
61642.5,32,19,270
61645.0,-40,-46,344
61647.5,-16,-8,308
61650.0,51,-14,262
61652.5,24,-18,332
61655.0,16,-6,251
61657.5,99,31,325
61660.0,99,31,325
61662.5,-1,7,321
61665.0,44,-63,220
61667.5,119,52,290
61670.0,85,-57,323
61672.5,50,7,401
61675.0,35,20,368
61677.5,-8,-4,157
61680.0,65,24,288
61682.5,-11,-15,315
61685.0,8,-2,304
61687.5,50,4,321
61690.0,-28,-57,303
61692.5,17,13,298
61695.0,26,18,381
61697.5,-3,-15,250
61700.0,81,22,257
61702.5,-32,1,347
61705.0,95,55,231
61707.5,85,104,349
61710.0,85,104,349
61712.5,84,-69,284
61715.0,-14,155,392
61717.5,33,32,377
61720.0,41,13,240
61722.5,82,13,166
61725.0,16,-8,299
61727.5,-74,-82,331
61730.0,-9,-30,285
61732.5,41,11,272
61735.0,47,-40,159
61737.5,66,7,214
61740.0,-40,29,336
61742.5,67,-11,317
61745.0,14,-50,371
61747.5,57,2,351
61750.0,26,-15,277
61752.5,-29,-40,294
61755.0,12,-26,263
61757.5,20,21,292
61760.0,20,21,292
61762.5,2,-43,325
61765.0,23,-14,264
61767.5,-2,-32,326
61770.0,54,38,415
61772.5,-3,-47,370
61775.0,12,17,271
61777.5,34,28,323
61780.0,78,41,289
61782.5,-2,-13,340
61785.0,26,22,233
61787.5,-35,-34,283
61790.0,-43,13,262
61792.5,37,-18,223
61795.0,-22,-42,320
61797.5,7,-6,326
61800.0,44,-5,308
61802.5,-21,-4,331
61805.0,-16,-21,373
61807.5,44,46,307
61810.0,44,46,307
61812.5,-65,-40,306
61815.0,-10,51,336
61817.5,27,-21,267
61820.0,16,8,287
61822.5,-2,-10,191
61825.0,57,67,293
61827.5,16,0,298
61830.0,5,-19,293
61832.5,5,-13,323
61835.0,-33,-38,342
61837.5,17,9,310
61840.0,16,-28,319
61842.5,56,6,328
61845.0,16,-1,272
61847.5,-56,-25,338
61850.0,76,-4,242
61852.5,48,-25,276
61855.0,-11,-35,309
61857.5,63,31,274
61860.0,63,31,274
61862.5,-13,-3,311
61865.0,37,22,344
61867.5,-5,-25,315
61870.0,-19,-38,359
61872.5,16,-13,290
61875.0,-34,15,477
61877.5,-19,-8,365
61880.0,-1,-1,311
61882.5,-18,-15,432
61885.0,-42,-27,332
61887.5,45,4,222
61890.0,26,-46,207
61892.5,-78,-20,266
61895.0,-1,-37,387
61897.5,5,4,345
61900.0,10,12,336
61902.5,9,-8,209
61905.0,26,8,330
61907.5,-59,-9,264
61910.0,-59,-9,264
61912.5,40,7,314
61915.0,9,13,282
61917.5,48,-20,222
61920.0,-83,-33,511
61922.5,52,27,413
61925.0,74,57,376
61927.5,-24,-21,383
61930.0,-39,-41,123
61932.5,56,1,232
61935.0,33,-24,274
61937.5,30,-40,330
61940.0,-5,-12,339
61942.5,-56,-3,342
61945.0,71,-7,244
61947.5,-5,-30,279
61950.0,-4,29,331
61952.5,-13,-9,396
61955.0,38,20,278
61957.5,90,-35,308
61960.0,90,-35,308
61962.5,96,20,302
61965.0,-7,-23,417
61967.5,-36,21,320
61970.0,-23,-22,292
61972.5,-37,-50,217
61975.0,-10,-68,379
61977.5,17,-70,159
61980.0,41,-41,314
61982.5,90,29,362
61985.0,-45,-59,322
61987.5,80,14,257
61990.0,64,29,327
61992.5,-26,-53,293
61995.0,77,33,280
61997.5,1,-39,337
62000.0,-3,-15,236
62002.5,13,17,314
62005.0,-12,-10,291
62007.5,13,-5,364
62010.0,13,-5,364
62012.5,-48,19,208
62015.0,58,14,207
62017.5,58,5,296
62020.0,-20,-31,344
62022.5,-18,-33,297
62025.0,-48,-34,331
62027.5,11,22,346
62030.0,-2,-31,260
62032.5,-18,-11,368
62035.0,26,-15,286
62037.5,40,19,375
62040.0,-54,-94,299
62042.5,58,-72,224
62045.0,27,44,354
62047.5,7,-95,446
62050.0,35,-16,342
62052.5,-33,-32,327
62055.0,8,-35,193
62057.5,20,-30,283
62060.0,20,-30,283
62062.5,-52,-66,345
62065.0,15,-18,268
62067.5,14,-23,312
62070.0,-44,-7,293
62072.5,41,-10,356
62075.0,-33,-30,342
62077.5,38,28,282
62080.0,131,29,272
62082.5,-51,-7,296
62085.0,35,18,251
62087.5,-3,-14,291
62090.0,69,-103,346
62092.5,83,51,293
62095.0,30,-34,499
62097.5,43,-43,401
62100.0,59,-7,223
62102.5,-60,-44,235
62105.0,45,-7,266
62107.5,45,-7,266
62110.0,-1,-25,378
62112.5,-38,11,279
62115.0,-49,-28,270
62117.5,78,-4,305
62120.0,3,1,353
62122.5,13,-9,304
62125.0,-14,-57,270
62127.5,-30,-41,344
62130.0,31,-18,326
62132.5,-55,55,421
62135.0,-20,54,305
62137.5,87,-19,227
62140.0,29,-25,322
62142.5,-42,10,266
62145.0,26,-10,275
62147.5,3,-12,266
62150.0,-14,-4,289
62152.5,-51,-4,262
62155.0,-78,16,360
62157.5,-78,16,360
62160.0,12,22,306
62162.5,-38,-33,351
62165.0,-5,-16,296
62167.5,95,-20,267
62170.0,12,7,347
62172.5,-14,-6,326
62175.0,22,23,324
62177.5,10,-38,272
62180.0,81,16,262
62182.5,-71,-49,335
62185.0,34,-18,377
62187.5,-13,-27,364
62190.0,-24,-9,339
62192.5,-25,-52,300
62195.0,16,-13,279
62197.5,2,11,307
62200.0,39,16,314
62202.5,10,-20,272
62205.0,-39,-22,309
62207.5,-39,-22,309
62210.0,9,-11,250
62212.5,-72,-42,266
62215.0,45,17,326
62217.5,26,14,268
62220.0,2,-45,321
62222.5,-54,2,342
62225.0,47,1,310
62227.5,-53,-63,332
62230.0,4,-33,317
62232.5,46,7,268
62235.0,50,-4,354
62237.5,-17,-32,253
62240.0,17,-8,288
62242.5,-20,-5,405
62245.0,-11,19,287
62247.5,128,45,91
62250.0,105,54,68
62252.5,52,-40,391
62255.0,-47,-35,450
62257.5,-47,-35,450
62260.0,44,12,358
62262.5,53,19,298
62265.0,24,18,193
62267.5,-31,34,138
62270.0,52,-3,311
62272.5,-32,-51,434
62275.0,10,-30,323
62277.5,28,-3,197
62280.0,92,92,283
62282.5,51,38,394
62285.0,4,-1,385
62287.5,54,-30,276
62290.0,87,21,210
62292.5,13,12,329
62295.0,44,32,146
62297.5,-59,-39,422
62300.0,34,0,399
62302.5,20,-29,407
62305.0,-12,-12,409
62307.5,-12,-12,409
62310.0,0,-61,170
62312.5,78,27,194
62315.0,18,-5,402
62317.5,42,-22,308
62320.0,8,-68,312
62322.5,-9,-44,252
62325.0,62,32,340
62327.5,4,13,294
62330.0,-16,-24,359
62332.5,27,67,241
62335.0,-15,3,377
62337.5,-6,-7,343
62340.0,-65,1,212
62342.5,16,-3,295
62345.0,-25,1,335
62347.5,-7,-17,291
62350.0,-11,5,306
62352.5,28,-23,349
62355.0,-4,-54,315
62357.5,-4,-54,315
62360.0,-10,-35,285
62362.5,56,26,308
62365.0,-3,-33,305
62367.5,9,1,279
62370.0,33,5,317
62372.5,33,13,409
62375.0,-13,-19,250
62377.5,-72,-44,341
62380.0,7,-9,181
62382.5,69,-11,306
62385.0,1,-62,244
62387.5,44,-8,314
62390.0,39,29,371
62392.5,-50,-14,301
62395.0,24,18,280
62397.5,-52,-27,299
62400.0,13,-26,352
62402.5,50,-5,304
62405.0,-10,13,289
62407.5,-10,13,289
62410.0,7,-16,303
62412.5,33,-9,361
62415.0,-13,-31,352
62417.5,44,12,250
62420.0,-17,-27,388
62422.5,27,-18,272
62425.0,20,26,294
62427.5,-61,-73,266
62430.0,-27,21,251
62432.5,77,-62,456
62435.0,-105,-29,416
62437.5,-55,-17,425
62440.0,-3,-30,319
62442.5,87,33,181
62445.0,87,9,253
62447.5,8,4,366
62450.0,104,4,301
62452.5,44,-4,249
62455.0,-13,-14,257
62457.5,-13,-14,257
62460.0,59,-1,320
62462.5,-48,5,348
62465.0,-37,-31,327
62467.5,31,-16,315
62470.0,-1,16,317
62472.5,72,-9,286
62475.0,-2,18,296
62477.5,52,0,258
62480.0,28,19,268
62482.5,-9,0,333
62485.0,57,-77,412
62487.5,-82,-58,330
62490.0,-96,-20,304
62492.5,-74,-72,347
62495.0,68,-1,224
62497.5,15,-31,225
62500.0,37,17,369
62502.5,-21,-11,312
62505.0,-12,-28,246
62507.5,-12,-28,246
62510.0,13,-8,256
62512.5,20,21,335
62515.0,22,-8,319
62517.5,34,19,300
62520.0,-54,-52,508
62522.5,-8,-31,371
62525.0,30,18,233
62527.5,4,-30,344
62530.0,-36,-32,306
62532.5,76,-24,362
62535.0,-9,-24,309
62537.5,19,-6,266
62540.0,19,-18,346
62542.5,-9,-16,253
62545.0,35,-19,297
62547.5,12,-12,340
62550.0,-66,-65,340
62552.5,32,3,313
62555.0,19,-33,330
62557.5,19,-33,330
62560.0,39,-15,375
62562.5,-5,-38,250
62565.0,45,2,308
62567.5,-13,-9,335
62570.0,23,13,221
62572.5,2,-36,267
62575.0,40,-10,226
62577.5,23,-3,356
62580.0,53,0,305
62582.5,-18,30,264
62585.0,-18,-23,343
62587.5,-33,-33,329
62590.0,27,-26,341
62592.5,-10,-34,351
62595.0,-39,-22,337
62597.5,11,-2,293
62600.0,-11,-1,373
62602.5,0,-30,256
62605.0,10,-24,218
62607.5,10,-24,218
62610.0,-5,-33,349
62612.5,69,-14,245
62615.0,29,-16,289
62617.5,41,14,317
62620.0,26,-15,279
62622.5,-8,-28,334
62625.0,-31,-81,319
62627.5,-40,74,317
62630.0,-28,-13,267
62632.5,55,-40,139
62635.0,-50,-68,339
62637.5,-18,-20,400
62640.0,18,39,255
62642.5,127,55,157
62645.0,-1,0,286
62647.5,21,-8,312
62650.0,34,-14,384
62652.5,44,8,426
62655.0,44,8,426
62657.5,92,-17,238
62660.0,34,2,303
62662.5,35,40,237
62665.0,-7,-47,308
62667.5,21,9,291
62670.0,16,-10,243
62672.5,101,-15,325
62675.0,37,-64,298
62677.5,-61,32,398
62680.0,96,2,309
62682.5,-46,-32,312
62685.0,36,-34,91
62687.5,79,14,231
62690.0,21,2,344
62692.5,-17,-28,352
62695.0,28,-35,360
62697.5,13,17,318
62700.0,6,20,340
62702.5,124,32,361
62705.0,124,32,361
62707.5,48,60,299
62710.0,-8,-17,426
62712.5,-19,-12,315
62715.0,-26,-19,165
62717.5,-21,7,272
62720.0,-8,-1,167
62722.5,-51,-137,208
62725.0,42,20,276
62727.5,77,5,303
62730.0,50,-3,324
62732.5,56,-25,269
62735.0,29,22,511
62737.5,-119,-5,357
62740.0,26,4,364
62742.5,20,22,334
62745.0,0,-8,265
62747.5,-1,-53,144
62750.0,20,-24,245
62752.5,31,-20,360
62755.0,31,-20,360
62757.5,-72,-59,341
62760.0,13,-1,266
62762.5,6,-24,228
62765.0,91,6,227
62767.5,12,-38,296
62770.0,15,-3,333
62772.5,3,9,355
62775.0,58,-5,225
62777.5,55,22,298
62780.0,-11,-18,325
62782.5,67,38,274
62785.0,-16,-25,325
62787.5,29,3,324
62790.0,23,-49,241
62792.5,-42,-80,344
62795.0,69,12,275
62797.5,29,-11,376
62800.0,-134,-98,242
62802.5,212,80,351
62805.0,212,80,351
62807.5,-15,-16,432
62810.0,-85,-50,378
62812.5,97,54,147
62815.0,-20,-14,320
62817.5,6,15,215
62820.0,26,-20,350
62822.5,2,16,276
62825.0,-1,-15,249
62827.5,22,25,323
62830.0,-65,-94,365
62832.5,6,6,330
62835.0,-14,-14,327
62837.5,-9,-39,332
62840.0,35,42,333
62842.5,-9,10,339
62845.0,-170,6,105
62847.5,136,-48,341
62850.0,102,68,381
62852.5,28,-27,311
62855.0,28,-27,311
62857.5,-35,-56,308
62860.0,6,-10,307
62862.5,39,3,335
62865.0,16,-23,400
62867.5,-6,-20,258
62870.0,-24,-4,248
62872.5,-79,-58,413
62875.0,-3,-84,339
62877.5,73,51,254
62880.0,-33,59,324
62882.5,-53,-37,315
62885.0,26,-31,303
62887.5,-25,-5,365
62890.0,8,-8,303
62892.5,30,-24,350
62895.0,11,-11,264
62897.5,115,46,223
62900.0,97,12,363
62902.5,74,2,348
62905.0,74,2,348
62907.5,8,22,311
62910.0,-14,-25,257
62912.5,31,43,205
62915.0,-25,-38,327
62917.5,-18,-20,307
62920.0,31,3,296
62922.5,31,-21,298
62925.0,-11,-5,322
62927.5,18,70,236
62930.0,-38,-67,419
62932.5,67,32,271
62935.0,24,-11,242
62937.5,35,35,302
62940.0,-11,-34,283
62942.5,42,-4,370
62945.0,3,-2,286
62947.5,-1,-22,280
62950.0,12,-1,312
62952.5,-39,-53,380
62955.0,-39,-53,380
62957.5,11,-40,342
62960.0,-16,-2,330
62962.5,-7,-16,333
62965.0,30,-22,306
62967.5,26,17,366
62970.0,36,27,287
62972.5,63,23,268
62975.0,-41,-40,318
62977.5,-35,-32,219
62980.0,-6,-8,303
62982.5,5,-13,307
62985.0,26,-3,311
62987.5,47,36,334
62990.0,-27,-12,318
62992.5,30,-28,329
62995.0,26,-32,352
62997.5,31,2,294
63000.0,-19,-59,264
63002.5,96,-12,109
63005.0,96,-12,109
63007.5,-60,-51,281
63010.0,66,32,145
63012.5,-20,-15,249
63015.0,-60,-61,376
63017.5,20,12,360
63020.0,-7,-35,432
63022.5,-3,7,176
63025.0,-1,10,300
63027.5,11,8,243
63030.0,35,7,352
63032.5,-82,-38,356
63035.0,-21,-36,192
63037.5,-4,24,260
63040.0,22,21,227
63042.5,46,51,336
63045.0,-37,-53,337
63047.5,33,-38,285
63050.0,10,17,261
63052.5,-162,-115,511
63055.0,-162,-115,511
63057.5,31,0,416
63060.0,107,-45,251
63062.5,-50,-20,394
63065.0,64,-12,229
63067.5,2,-23,177
63070.0,24,13,297
63072.5,42,-12,408
63075.0,-5,-26,367
63077.5,21,-50,276
63080.0,68,22,210
63082.5,18,-3,239
63085.0,47,43,283
63087.5,97,47,297
63090.0,-31,-62,426
63092.5,52,-5,262
63095.0,39,0,330
63097.5,-9,-7,272
63100.0,11,-20,238
63102.5,-23,-42,380
63105.0,-23,-42,380
63107.5,-14,-11,254
63110.0,-55,-51,354
63112.5,-79,-119,371
63115.0,50,28,469
63117.5,7,17,269
63120.0,14,-10,250
63122.5,-14,-12,207
63125.0,-23,27,388
63127.5,-5,2,209
63130.0,0,-14,305
63132.5,23,4,295
63135.0,17,-10,336
63137.5,6,28,265
63140.0,-33,-39,343
63142.5,38,6,225
63145.0,16,37,253
63147.5,37,-38,359
63150.0,12,-10,257
63152.5,28,8,350
63155.0,28,8,350
63157.5,53,7,282
63160.0,4,59,273
63162.5,0,22,321
63165.0,31,83,270
63167.5,-66,-56,371
63170.0,28,-24,244
63172.5,14,-19,284
63175.0,-19,17,299
63177.5,29,60,172
63180.0,-49,14,190
63182.5,-18,-76,369
63185.0,-25,-57,436
63187.5,16,-10,414
63190.0,30,0,139
63192.5,80,26,216
63195.0,-34,-22,288
63197.5,8,-5,270
63200.0,38,1,324
63202.5,38,1,324
63205.0,-42,-35,323
63207.5,48,14,266
63210.0,19,1,372
63212.5,-2,-38,304
63215.0,48,21,278
63217.5,-55,-15,339
63220.0,74,-5,287
63222.5,-85,-30,222
63225.0,-81,-7,202
63227.5,-3,45,372
63230.0,67,-13,455
63232.5,-9,-39,317
63235.0,54,52,223
63237.5,-60,-25,341
63240.0,-29,-6,336
63242.5,29,16,233
63245.0,-28,-31,292
63247.5,35,-7,214
63250.0,-38,-53,320
63252.5,-38,-53,320
63255.0,-20,45,341
63257.5,24,-3,240
63260.0,-14,-35,305
63262.5,49,34,374
63265.0,50,5,307
63267.5,-17,-19,358
63270.0,42,-16,301
63272.5,73,-26,277
63275.0,-72,-33,317
63277.5,-12,-57,244
63280.0,-35,-64,308
63282.5,-48,-78,349
63285.0,-13,24,330
63287.5,66,45,287
63290.0,-46,-91,341
63292.5,-31,-20,360
63295.0,-17,-53,247
63297.5,61,49,300
63300.0,2,8,292
63302.5,2,8,292
63305.0,19,3,322
63307.5,33,9,315
63310.0,2,-25,266
63312.5,-26,-20,321
63315.0,41,22,230
63317.5,23,24,269
63320.0,-42,-70,330
63322.5,22,4,275
63325.0,33,-15,337
63327.5,31,-22,369
63330.0,-3,-1,324
63332.5,-4,-9,327
63335.0,43,-10,346
63337.5,1,-46,325
63340.0,-17,-7,301
63342.5,-42,-42,270
63345.0,2,-24,265
63347.5,-15,-8,316
63350.0,35,-2,254
63352.5,35,-2,254
63355.0,-10,-37,299
63357.5,-44,-39,341
63360.0,23,7,287
63362.5,-7,-37,349
63365.0,13,19,348
63367.5,31,4,284
63370.0,36,-29,353
63372.5,25,-10,292
63375.0,8,-11,261
63377.5,-13,4,323
63380.0,10,22,265
63382.5,-55,-34,283
63385.0,88,76,282
63387.5,-79,-72,306
63390.0,132,100,16
63392.5,-50,-15,207
63395.0,0,-7,363
63397.5,-51,-18,460
63400.0,-5,-15,439
63402.5,-5,-15,439
63405.0,104,-7,193
63407.5,46,6,254
63410.0,92,10,113
63412.5,27,-8,363
63415.0,31,-8,277
63417.5,7,2,233
63420.0,75,14,262
63422.5,-32,4,342
63425.0,21,-12,363
63427.5,39,32,304
63430.0,-20,-2,285
63432.5,20,19,44
63435.0,-32,2,352
63437.5,39,-35,337
63440.0,-14,-49,394
63442.5,3,-21,300
63445.0,5,5,153
63447.5,24,-25,285
63450.0,8,-48,320
63452.5,8,-48,320
63455.0,12,13,287
63457.5,-41,12,291
63460.0,-30,-36,276
63462.5,53,24,406
63465.0,5,-5,256
63467.5,61,-4,386
63470.0,55,25,322
63472.5,-12,-6,184
63475.0,42,7,370
63477.5,-5,-20,293
63480.0,-9,-34,211
63482.5,21,6,324
63485.0,-59,-39,320
63487.5,44,-15,276
63490.0,7,-41,341
63492.5,-7,-50,418
63495.0,117,79,235
63497.5,-39,-23,332
63500.0,22,39,296
63502.5,22,39,296
63505.0,-14,-35,299
63507.5,-28,-13,196
63510.0,8,-20,308
63512.5,48,62,344
63515.0,-29,-69,337
63517.5,80,-13,329
63520.0,5,7,341
63522.5,20,25,250
63525.0,-17,-43,337
63527.5,-9,-5,328
63530.0,-27,-11,304
63532.5,29,-1,288
63535.0,-36,-20,323
63537.5,61,5,278
63540.0,-36,-41,325
63542.5,23,13,214
63545.0,-2,-15,322
63547.5,-7,-22,338
63550.0,50,-4,282
63552.5,50,-4,282
63555.0,68,2,326
63557.5,-11,-98,244
63560.0,84,19,201
63562.5,-118,-168,415
63565.0,-189,-46,457
63567.5,-17,-5,396
63570.0,27,7,232
63572.5,78,16,174
63575.0,18,15,305
63577.5,-23,-15,353
63580.0,86,9,355
63582.5,25,1,314
63585.0,17,-5,279
63587.5,36,-23,315
63590.0,-16,-32,380
63592.5,19,-28,273
63595.0,-10,-40,288
63597.5,-43,-41,283
63600.0,28,-4,309
63602.5,28,-4,309
63605.0,27,-25,282
63607.5,9,-52,276
63610.0,34,68,260
63612.5,-165,-199,385
63615.0,211,126,324
63617.5,-13,-20,356
63620.0,-59,-37,279
63622.5,26,-25,191
63625.0,82,56,265
63627.5,28,-30,315
63630.0,-20,13,309
63632.5,23,16,261
63635.0,2,23,321
63637.5,21,-54,365
63640.0,-39,4,397
63642.5,60,64,187
63645.0,-57,-34,236
63647.5,52,-23,325
63650.0,222,126,314
63652.5,222,126,314
63655.0,59,2,229
63657.5,-27,-4,254
63660.0,58,19,297
63662.5,-91,-65,365
63665.0,-48,-22,310
63667.5,-2,-55,339
63670.0,31,22,277
63672.5,46,54,307
63675.0,-56,28,226
63677.5,-42,-33,368
63680.0,48,32,273
63682.5,49,48,209
63685.0,-40,-45,299
63687.5,23,-7,251
63690.0,-7,-49,302
63692.5,23,-17,286
63695.0,13,-23,254
63697.5,-4,-21,309
63700.0,-10,9,359
63702.5,-10,9,359
63705.0,29,-8,321
63707.5,29,27,328
63710.0,51,5,349
63712.5,-62,-32,287
63715.0,-33,-30,356
63717.5,19,-10,288
63720.0,-6,-47,246
63722.5,-4,13,298
63725.0,-2,9,241
63727.5,-22,-34,268
63730.0,-25,-46,352
63732.5,41,-4,303
63735.0,-30,-71,340
63737.5,43,32,347
63740.0,1,-21,302
63742.5,0,-22,341
63745.0,-26,-44,303
63747.5,88,23,273
63750.0,88,23,273
63752.5,-11,-36,338
63755.0,36,37,226
63757.5,71,12,260
63760.0,-55,-52,301
63762.5,110,19,121
63765.0,6,-8,288
63767.5,8,30,137
63770.0,12,-31,286
63772.5,14,27,337
63775.0,22,-11,402
63777.5,-63,-27,354
63780.0,-70,-38,405
63782.5,-10,16,149
63785.0,22,-14,246
63787.5,69,-6,272
63790.0,-1,12,336
63792.5,55,23,264
63795.0,-18,-46,283
63797.5,32,37,290
63800.0,32,37,290
63802.5,2,15,372
63805.0,-9,-3,321
63807.5,-16,1,236
63810.0,27,-33,286
63812.5,-139,-86,464
63815.0,-1,-28,446
63817.5,-31,-5,317
63820.0,17,-2,397
63822.5,-20,-36,370
63825.0,23,17,202
63827.5,34,40,251
63830.0,-11,-21,443
63832.5,1,-32,288
63835.0,45,8,269
63837.5,19,-12,254
63840.0,14,-8,256
63842.5,-43,8,429
63845.0,-3,-12,348
63847.5,104,-75,153
63850.0,104,-75,153
63852.5,-47,-4,139
63855.0,26,-3,187
63857.5,63,-15,262
63860.0,-55,-26,273
63862.5,64,10,305
63865.0,30,16,352
63867.5,-24,23,379
63870.0,40,14,327
63872.5,25,17,257
63875.0,2,-26,259
63877.5,15,-9,302
63880.0,2,-40,306
63882.5,70,35,289
63885.0,-42,5,328
63887.5,-15,17,244
63890.0,74,-39,282
63892.5,37,0,352
63895.0,46,19,222
63897.5,26,17,239
63900.0,26,17,239
63902.5,-57,-72,252
63905.0,36,41,187
63907.5,-2,-38,338
63910.0,-1,3,303
63912.5,51,23,289
63915.0,-10,-16,357
63917.5,-3,-7,327
63920.0,17,-24,299
63922.5,-17,-14,273
63925.0,-24,-36,256
63927.5,48,78,290
63930.0,-27,-11,331
63932.5,43,1,268
63935.0,100,-19,354
63937.5,16,-53,295
63940.0,0,-101,236
63942.5,-141,-120,345
63945.0,-51,-65,282
63947.5,12,-15,473
63950.0,12,-15,473
63952.5,-39,-37,375
63955.0,31,7,370
63957.5,20,-26,193
63960.0,14,13,304
63962.5,8,-18,353
63965.0,-23,-40,394
63967.5,33,-42,225
63970.0,-5,-19,269
63972.5,26,54,273
63975.0,43,-17,284
63977.5,-6,-12,338
63980.0,26,-58,329
63982.5,76,24,325
63985.0,-89,-56,423
63987.5,19,-59,340
63990.0,128,44,322
63992.5,25,-98,370
63995.0,54,1,214
63997.5,133,137,363
64000.0,133,137,363
64002.5,0,-4,428
64005.0,-29,-18,332
64007.5,-7,-30,256
64010.0,-48,16,277
64012.5,61,31,388
64015.0,26,-65,417
64017.5,13,8,212
64020.0,31,-2,284
64022.5,-28,-49,392
64025.0,6,-37,290
64027.5,43,23,293
64030.0,15,-23,289
64032.5,21,-19,250
64035.0,-59,-42,387
64037.5,97,-34,304
64040.0,57,-42,294
64042.5,-68,21,282
64045.0,105,26,274
64047.5,-8,0,244
64050.0,-8,0,244
64052.5,-34,-35,316
64055.0,28,10,284
64057.5,25,-15,273
64060.0,20,20,316
64062.5,52,-7,231
64065.0,48,41,290
64067.5,3,-45,293
64070.0,34,13,262
64072.5,-1,4,326
64075.0,-37,-48,320
64077.5,5,-2,323
64080.0,-30,-69,357
64082.5,-1,-29,312
64085.0,9,-36,308
64087.5,-19,10,319
64090.0,15,-25,279
64092.5,118,79,213
64095.0,-27,3,328
64097.5,-27,3,328
64100.0,-30,-16,261
64102.5,13,-25,297
64105.0,-16,-37,313
64107.5,24,-16,317
64110.0,-1,-1,323
64112.5,-27,-12,331
64115.0,53,-11,309
64117.5,25,28,338
64120.0,15,3,335
64122.5,2,-14,286
64125.0,4,-56,368
64127.5,71,17,246
64130.0,21,32,277
64132.5,-51,-47,313
64135.0,47,10,269
64137.5,32,6,321
64140.0,-13,-14,327
64142.5,74,2,251
64145.0,18,2,314
64147.5,18,2,314
64150.0,-8,-44,250
64152.5,123,32,210
64155.0,13,13,416
64157.5,-55,14,368
64160.0,-24,-50,208
64162.5,31,-19,377
64165.0,115,39,180
64167.5,-19,-22,191
64170.0,20,-33,324
64172.5,53,37,414
64175.0,6,-6,351
64177.5,-35,-19,295
64180.0,43,-13,234
64182.5,49,32,340
64185.0,-1,-39,254
64187.5,31,29,230
64190.0,-21,-18,132
64192.5,97,-1,168
64195.0,203,109,222
64197.5,203,109,222
64200.0,89,44,307
64202.5,39,5,397
64205.0,7,0,336
64207.5,-37,1,281
64210.0,37,15,176
64212.5,-55,-31,317
64215.0,-39,-19,334
64217.5,29,-15,407
64220.0,-93,-47,445
64222.5,-125,-59,412
64225.0,42,54,360
64227.5,7,36,250
64230.0,54,-11,214
64232.5,-50,-55,327
64235.0,21,-44,145
64237.5,57,-68,286
64240.0,-61,-84,328
64242.5,21,-11,322
64245.0,19,-49,309
64247.5,19,-49,309
64250.0,33,21,232
64252.5,-95,-31,494
64255.0,-38,-3,326
64257.5,64,35,167
64260.0,13,-31,274
64262.5,-56,-11,324
64265.0,21,55,239
64267.5,-36,-78,296
64270.0,-17,9,392
64272.5,67,-31,315
64275.0,-21,-22,332
64277.5,40,-22,245
64280.0,21,6,325
64282.5,17,-7,251
64285.0,-62,-23,345
64287.5,44,-3,341
64290.0,33,23,266
64292.5,94,41,265
64295.0,-2,-10,325
64297.5,-2,-10,325
64300.0,19,-14,269
64302.5,33,34,320
64305.0,-11,-23,304
64307.5,17,-20,305
64310.0,-14,-19,322
64312.5,124,47,274
64315.0,104,66,304
64317.5,-23,11,208
64320.0,-120,-54,350
64322.5,-11,-20,442
64325.0,-35,-19,323
64327.5,54,2,202
64330.0,19,14,296
64332.5,-7,-24,337
64335.0,54,-3,344
64337.5,1,-19,340
64340.0,18,-10,224
64342.5,131,24,289
64345.0,41,-12,299
64347.5,41,-12,299
64350.0,11,-5,249
64352.5,13,20,300
64355.0,-10,-13,305
64357.5,132,35,282
64360.0,42,31,391
64362.5,15,12,237
64365.0,-27,64,231
64367.5,-167,-229,364
64370.0,-49,-32,305
64372.5,-25,-29,386
64375.0,11,-22,220
64377.5,18,-46,245
64380.0,21,-16,383
64382.5,5,-21,303
64385.0,11,16,293
64387.5,27,-50,307
64390.0,39,26,301
64392.5,25,-15,265
64395.0,-27,28,236
64397.5,-27,28,236
64400.0,83,2,308
64402.5,-98,-63,333
64405.0,31,-103,348
64407.5,32,-19,237
64410.0,-42,-23,294
64412.5,44,71,361
64415.0,33,-38,314
64417.5,-2,-12,288
64420.0,71,27,333
64422.5,39,10,306
64425.0,18,-35,241
64427.5,70,15,282
64430.0,22,5,270
64432.5,-45,-40,288
64435.0,26,-2,229
64437.5,28,-32,273
64440.0,5,-5,299
64442.5,26,-9,292
64445.0,7,-49,334
64447.5,7,-49,334
64450.0,-4,28,314
64452.5,19,18,294
64455.0,12,30,345
64457.5,-9,-34,250
64460.0,53,-11,316
64462.5,-11,-50,363
64465.0,22,3,264
64467.5,78,28,303
64470.0,3,-2,296
64472.5,94,13,296
64475.0,21,-6,325
64477.5,-48,-25,335
64480.0,39,-5,276
64482.5,14,6,333
64485.0,18,1,300
64487.5,26,-28,295
64490.0,0,-14,343
64492.5,18,-15,283
64495.0,60,29,254
64497.5,60,29,254
64500.0,-51,-17,299
64502.5,34,16,260
64505.0,35,3,302
64507.5,-26,-45,311
64510.0,3,-32,310
64512.5,-32,-21,339
64515.0,20,22,340
64517.5,45,-20,333
64520.0,91,-56,355
64522.5,-84,-66,245
64525.0,113,86,15
64527.5,30,48,162
64530.0,146,-65,346
64532.5,40,-20,457
64535.0,-8,-4,387
64537.5,14,-19,328
64540.0,60,-57,122
64542.5,-148,-38,244
64545.0,51,-36,335
64547.5,51,-36,335
64550.0,119,12,511
64552.5,-20,-37,253
64555.0,21,24,211
64557.5,10,-26,276
64560.0,-17,-12,303
64562.5,-62,5,314
64565.0,5,-5,264
64567.5,72,-3,255
64570.0,-84,-41,477
64572.5,-186,-27,427
64575.0,-38,-58,353
64577.5,64,-26,425
64580.0,-20,-26,372
64582.5,79,-26,222
64585.0,-61,-22,224
64587.5,-16,-15,227
64590.0,-40,-28,434
64592.5,43,34,374
64595.0,43,34,374
64597.5,12,25,322
64600.0,40,-47,317
64602.5,90,-34,220
64605.0,7,-16,271
64607.5,-1,-52,347
64610.0,42,4,318
64612.5,46,80,281
64615.0,1,-17,240
64617.5,63,56,369
64620.0,48,42,446
64622.5,-35,-48,320
64625.0,57,20,237
64627.5,3,-25,304
64630.0,-45,-80,431
64632.5,-14,-35,281
64635.0,-34,-62,280
64637.5,19,21,362
64640.0,47,-12,431
64642.5,-52,-31,344
64645.0,-52,-31,344
64647.5,-31,-36,320
64650.0,-29,-17,334
64652.5,-22,-91,279
64655.0,32,-14,287
64657.5,-15,6,315
64660.0,7,16,255
64662.5,-12,9,274
64665.0,-47,-35,429
64667.5,1,28,308
64670.0,-19,-28,336
64672.5,4,-23,271
64675.0,-50,-31,349
64677.5,-29,-25,355
64680.0,-15,13,269
64682.5,34,-9,333
64685.0,13,20,304
64687.5,-18,-25,248
64690.0,-68,3,360
64692.5,64,43,223
64695.0,64,43,223
64697.5,61,-50,259
64700.0,35,59,332
64702.5,14,-5,372
64705.0,-57,-29,361
64707.5,2,-33,230
64710.0,83,28,219
64712.5,-25,-23,372
64715.0,18,-29,269
64717.5,48,35,288
64720.0,-8,-25,264
64722.5,44,11,266
64725.0,-11,-9,323
64727.5,-82,-26,284
64730.0,40,50,323
64732.5,-124,-43,360
64735.0,46,-3,291
64737.5,-32,-61,291
64740.0,42,-60,255
64742.5,145,83,301
64745.0,145,83,301
64747.5,12,0,371
64750.0,-36,-16,276
64752.5,-10,-38,279
64755.0,-31,-23,352
64757.5,-24,-48,350
64760.0,51,92,278
64762.5,9,-31,292
64765.0,80,57,158
64767.5,136,-8,303
64770.0,-18,-54,301
64772.5,15,-15,262
64775.0,38,72,285
64777.5,31,10,396
64780.0,30,-54,308
64782.5,-33,8,322
64785.0,32,0,380
64787.5,-15,-65,340
64790.0,22,-11,296
64792.5,-25,-68,301
64795.0,-25,-68,301
64797.5,66,56,213
64800.0,142,96,410
64802.5,9,-13,283
64805.0,8,-29,268
64807.5,-47,-27,274
64810.0,85,52,232
64812.5,-35,-2,340
64815.0,-50,-13,268
64817.5,25,4,308
64820.0,-4,-18,286
64822.5,-27,-28,344
64825.0,38,-12,271
64827.5,21,-7,339
64830.0,49,29,263
64832.5,-37,-9,238
64835.0,-17,-41,316
64837.5,11,-45,299
64840.0,77,53,321
64842.5,2,-3,316
64845.0,2,-3,316
64847.5,36,-4,204
64850.0,-10,12,299
64852.5,-10,8,339
64855.0,57,13,320
64857.5,10,14,324
64860.0,3,5,335
64862.5,21,-26,290
64865.0,-11,-12,332
64867.5,18,-14,281
64870.0,20,-7,249
64872.5,-17,-19,291
64875.0,-25,-24,247
64877.5,15,14,277
64880.0,47,9,313
64882.5,50,0,284
64885.0,26,10,341
64887.5,10,49,331
64890.0,-1,-35,320
64892.5,1,-13,344
64895.0,1,-13,344
64897.5,21,26,326
64900.0,99,-6,286
64902.5,156,71,243
64905.0,4,49,138
64907.5,159,101,26
64910.0,-7,-8,340
64912.5,-27,-17,326
64915.0,-21,-19,287
64917.5,38,3,404
64920.0,173,27,216
64922.5,19,2,284
64925.0,102,46,235
64927.5,95,46,372
64930.0,35,15,398
64932.5,1,-46,191
64935.0,56,9,257
64937.5,-2,-5,319
64940.0,-66,0,365
64942.5,19,-60,341
64945.0,19,-60,341
64947.5,28,-66,277
64950.0,61,-32,185
64952.5,-85,-20,361
64955.0,70,-21,294
64957.5,95,15,305
64960.0,-15,-25,257
64962.5,46,19,133
64965.0,12,2,347
64967.5,-22,-24,426
64970.0,44,-17,339
64972.5,28,-8,291
64975.0,43,40,278
64977.5,43,27,302
64980.0,-85,-5,321
64982.5,28,79,253
64985.0,63,12,312
64987.5,-65,-8,251
64990.0,38,-43,320
64992.5,27,-3,307
64995.0,27,-3,307
64997.5,-50,0,333
65000.0,2,-50,361
65002.5,-25,-11,357
65005.0,86,40,199
65007.5,-7,-37,306
65010.0,-14,11,422
65012.5,37,25,350
65015.0,26,-37,400
65017.5,-4,-11,338
65020.0,46,-29,315
65022.5,-26,-24,291
65025.0,-22,-26,157
65027.5,32,-9,297
65030.0,-32,0,331
65032.5,64,36,293
65035.0,3,-29,326
65037.5,-39,-66,319
65040.0,101,25,237
65042.5,101,25,237
65045.0,35,-1,390
65047.5,23,-22,217
65050.0,39,-8,287
65052.5,2,-6,330
65055.0,35,-10,302
65057.5,30,0,339
65060.0,-45,-11,328
65062.5,2,-14,238
65065.0,-42,-23,310
65067.5,48,-46,266
65070.0,62,46,306
65072.5,-181,-83,368
65075.0,22,45,147
65077.5,-78,18,345
65080.0,23,-3,453
65082.5,-29,-5,312
65085.0,-9,-30,241
65087.5,9,-38,272
65090.0,15,-62,309
65092.5,15,-62,309
65095.0,14,-18,289
65097.5,9,8,276
65100.0,24,-10,292
65102.5,2,-30,310
65105.0,60,16,364
65107.5,24,-18,378
65110.0,44,50,261
65112.5,28,14,263
65115.0,-57,-45,314
65117.5,48,-25,316
65120.0,87,4,247
65122.5,-72,-16,263
65125.0,98,-5,319
65127.5,-21,8,447
65130.0,12,-5,363
65132.5,0,-34,294
65135.0,40,-25,272
65137.5,75,8,354
65140.0,45,23,268
65142.5,45,23,268
65145.0,81,26,164
65147.5,40,-5,188
65150.0,-16,12,294
65152.5,-26,-82,334
65155.0,18,-52,271
65157.5,53,-34,320
65160.0,74,-1,369
65162.5,-18,-18,323
65165.0,-28,-78,444
65167.5,-20,-36,324
65170.0,78,-5,297
65172.5,-74,-53,287
65175.0,26,18,302
65177.5,-74,-46,390
65180.0,16,-29,283
65182.5,44,17,200
65185.0,21,19,291
65187.5,-26,-13,328
65190.0,-2,-5,316
65192.5,-2,-5,316
65195.0,4,-61,357
65197.5,-22,-30,289
65200.0,23,18,281
65202.5,-119,-70,377
65205.0,21,-1,290
65207.5,39,-36,294
65210.0,34,54,269
65212.5,20,-16,255
65215.0,-14,-48,349
65217.5,-48,-24,369
65220.0,12,12,306
65222.5,5,-16,343
65225.0,-13,-1,345
65227.5,35,0,301
65230.0,5,-31,342
65232.5,-24,-63,338
65235.0,-4,-37,260
65237.5,17,-4,350
65240.0,10,-37,265
65242.5,10,-37,265
65245.0,3,-10,263
65247.5,-30,-33,331
65250.0,50,30,299
65252.5,7,-3,316
65255.0,-70,-36,320
65257.5,12,-6,294
65260.0,14,-19,310
65262.5,-13,-31,351
65265.0,-14,-27,301
65267.5,3,11,352
65270.0,31,-8,268
65272.5,19,15,213
65275.0,-15,11,395
65277.5,57,72,290
65280.0,24,-39,142
65282.5,-114,-46,277
65285.0,8,-4,380
65287.5,7,17,416
65290.0,-50,17,406
65292.5,-50,17,406
65295.0,101,23,272
65297.5,46,27,108
65300.0,-29,-7,278
65302.5,40,-14,291
65305.0,-6,-54,330
65307.5,25,-18,285
65310.0,-18,21,282
65312.5,22,16,298
65315.0,48,18,260
65317.5,-13,-45,329
65320.0,-36,-63,283
65322.5,73,5,205
65325.0,15,-39,281
65327.5,-127,-61,416
65330.0,-13,-53,402
65332.5,45,18,323
65335.0,37,-36,336
65337.5,44,-13,200
65340.0,47,6,277
65342.5,47,6,277
65345.0,-11,2,318
65347.5,0,-17,471
65350.0,-29,-46,332
65352.5,-8,16,219
65355.0,-44,-40,253
65357.5,25,28,302
65360.0,-38,-18,388
65362.5,-39,-91,345
65365.0,8,-8,343
65367.5,9,-9,254
65370.0,-60,-42,176
65372.5,19,-20,272
65375.0,86,30,319
65377.5,38,0,199
65380.0,54,29,305
65382.5,-73,-6,370
65385.0,36,-10,322
65387.5,65,-23,283
65390.0,-32,-39,280
65392.5,-32,-39,280
65395.0,15,-25,218
65397.5,21,-36,348
65400.0,41,-11,233
65402.5,59,-21,261
65405.0,-97,-41,236
65407.5,16,6,314
65410.0,15,-2,334
65412.5,25,30,286
65415.0,8,28,228
65417.5,-45,-93,286
65420.0,53,68,220
65422.5,68,32,286
65425.0,-51,-61,275
65427.5,25,67,290
65430.0,-29,-60,317
65432.5,-19,-46,440
65435.0,21,-22,232
65437.5,-43,-31,329
65440.0,-14,-5,244
65442.5,-14,-5,244
65445.0,44,-4,320
65447.5,-35,-51,294
65450.0,22,-7,266
65452.5,68,-9,366
65455.0,-9,-37,326
65457.5,92,91,270
65460.0,215,44,317
65462.5,-138,-115,199
65465.0,261,159,417
65467.5,-74,-1,348
65470.0,-36,-55,384
65472.5,-4,26,217
65475.0,-6,30,276
65477.5,10,12,272
65480.0,-32,-26,430
65482.5,3,-17,342
65485.0,17,-34,244
65487.5,-12,-71,334
65490.0,66,17,297
65492.5,66,17,297
65495.0,64,18,304
65497.5,-21,-16,247
65500.0,20,15,282
65502.5,-76,-24,308
65505.0,-6,-26,326
65507.5,-49,-39,375
65510.0,-54,-28,370
65512.5,-126,-29,201
65515.0,-3,-1,272
65517.5,173,-105,464
65520.0,-20,-60,321
65522.5,-12,-26,351
65525.0,-30,-1,158
65527.5,23,2,258
65530.0,-59,-40,368
65532.5,33,-15,436
65535.0,28,13,215
65537.5,-3,15,312
65540.0,8,-16,325
65542.5,8,-16,325
65545.0,78,36,289
65547.5,-63,-49,327
65550.0,17,1,214
65552.5,-99,-124,362
65555.0,6,-39,261
65557.5,43,13,281
65560.0,9,-24,307
65562.5,-84,-5,320
65565.0,30,-36,338
65567.5,-8,-89,286
65570.0,-20,-2,354
65572.5,3,33,344
65575.0,26,13,310
65577.5,39,0,280
65580.0,-12,-2,270
65582.5,-38,-7,302
65585.0,-25,-22,244
65587.5,43,51,276
65590.0,43,51,276
65592.5,0,-13,342
65595.0,4,-21,268
65597.5,17,-1,328
65600.0,-29,-36,331
65602.5,-1,-42,294
65605.0,28,1,271
65607.5,76,-13,306
65610.0,-21,-40,252
65612.5,33,16,356
65615.0,-50,-45,280
65617.5,88,33,265
65620.0,-23,-45,332
65622.5,-33,-15,276
65625.0,-25,-11,292
65627.5,16,-15,328
65630.0,17,-18,269
65632.5,54,26,305
65635.0,-24,-10,337
65637.5,37,-14,300
65640.0,37,-14,300
65642.5,44,5,351
65645.0,96,43,337
65647.5,25,8,305
65650.0,-47,-37,345
65652.5,35,-3,252
65655.0,40,-28,250
65657.5,-22,-27,314
65660.0,-11,-43,273
65662.5,61,-6,52
65665.0,-9,-39,159
65667.5,18,-21,281
65670.0,68,-20,414
65672.5,-21,-15,404
65675.0,82,9,300
65677.5,19,-12,244
65680.0,-29,-43,175
65682.5,67,-9,361
65685.0,-20,-5,381
65687.5,-54,-24,203
65690.0,-54,-24,203
65692.5,-7,-41,235
65695.0,17,0,297
65697.5,-17,3,307
65700.0,-35,-63,335
65702.5,0,-10,292
65705.0,-45,0,200
65707.5,67,-25,194
65710.0,89,-67,241
65712.5,7,-18,244
65715.0,-3,-10,417
65717.5,-10,-4,323
65720.0,-56,-23,176
65722.5,-50,-15,389
65725.0,-21,-14,389
65727.5,-34,-21,408
65730.0,14,10,195
65732.5,71,-21,362
65735.0,-31,-17,390
65737.5,-35,8,326
65740.0,-35,8,326
65742.5,142,75,342
65745.0,61,-33,341
65747.5,17,-8,259
65750.0,46,5,281
65752.5,-25,-10,216
65755.0,-92,-119,351
65757.5,-59,-52,423
65760.0,-20,-15,244
65762.5,4,-37,343
65765.0,-20,-30,339
65767.5,33,31,290
65770.0,-90,-139,326
65772.5,-63,-40,304
65775.0,46,11,254
65777.5,42,-9,294
65780.0,52,16,284
65782.5,7,2,323
65785.0,-14,18,383
65787.5,-5,24,319
65790.0,-5,24,319
65792.5,-41,-3,329
65795.0,-6,24,316
65797.5,-9,12,312
65800.0,9,-10,249
65802.5,2,-48,374
65805.0,17,-26,294
65807.5,7,-50,339
65810.0,55,4,316
65812.5,-31,-38,357
65815.0,27,-42,302
65817.5,20,-60,231
65820.0,-49,-29,304
65822.5,28,13,271
65825.0,2,37,336
65827.5,-24,-73,281
65830.0,-1,-109,317
65832.5,74,-39,271
65835.0,-273,-222,376
65837.5,-22,-16,387
65840.0,-22,-16,387
65842.5,-48,-36,392
65845.0,14,26,128
65847.5,42,-3,304
65850.0,-11,-6,324
65852.5,53,4,355
65855.0,2,-14,305
65857.5,-42,-5,288
65860.0,33,0,336
65862.5,-5,-19,350
65865.0,-25,-69,265
65867.5,52,-3,240
65870.0,-1,-29,337
65872.5,3,32,215
65875.0,160,67,286
65877.5,23,3,223
65880.0,-44,12,292
65882.5,11,-56,375
65885.0,34,25,290
65887.5,26,7,216
65890.0,26,7,216
65892.5,-25,-40,327
65895.0,6,-11,350
65897.5,85,10,283
65900.0,-16,-9,277
65902.5,8,17,298
65905.0,43,84,263
65907.5,-13,68,306
65910.0,-6,-27,274
65912.5,95,80,360
65915.0,-89,-24,351
65917.5,-4,-9,269
65920.0,-81,-53,379
65922.5,-37,-21,268
65925.0,49,-5,298
65927.5,-43,-62,274
65930.0,58,34,254
65932.5,30,18,320
65935.0,59,24,299
65937.5,-50,-19,287
65940.0,-50,-19,287
65942.5,-46,-68,397
65945.0,27,8,301
65947.5,59,-7,288
65950.0,30,-5,338
65952.5,-23,-36,310
65955.0,40,17,280
65957.5,-62,-40,439
65960.0,27,-24,331
65962.5,60,-2,294
65965.0,-4,-32,328
65967.5,19,-41,283
65970.0,-38,-12,263
65972.5,-56,-53,356
65975.0,44,15,317
65977.5,-1,-6,352
65980.0,38,27,326
65982.5,-13,-24,268
65985.0,55,6,335
65987.5,55,6,335
65990.0,-43,-21,286
65992.5,121,-5,338
65995.0,14,-26,359
65997.5,50,-2,247
66000.0,65,-20,260
66002.5,-40,-43,322
66005.0,41,30,287
66007.5,44,51,292
66010.0,17,17,301
66012.5,38,17,287
66015.0,-24,-32,335
66017.5,4,8,351
66020.0,36,-39,350
66022.5,5,-57,369
66025.0,8,-7,317
66027.5,-12,-8,272
66030.0,25,2,348
66032.5,-29,-33,300
66035.0,-5,-8,449
66037.5,-5,-8,449
66040.0,24,53,301
66042.5,177,73,209
66045.0,-5,-50,297
66047.5,-139,-49,358
66050.0,49,20,345
66052.5,-54,-6,264
66055.0,24,-1,251
66057.5,-17,-9,355
66060.0,27,9,392
66062.5,-6,-10,251
66065.0,-1,-1,223
66067.5,35,-10,240
66070.0,7,14,283
66072.5,65,-8,425
66075.0,-83,-19,285
66077.5,29,-19,264
66080.0,31,115,202
66082.5,57,43,209
66085.0,116,-81,177
66087.5,116,-81,177
66090.0,20,4,315
66092.5,-46,-31,229
66095.0,-4,-38,197
66097.5,-27,-9,265
66100.0,35,22,386
66102.5,26,-12,398
66105.0,-46,-73,313
66107.5,82,36,230
66110.0,75,19,198
66112.5,57,-29,192
66115.0,99,1,365
66117.5,-9,-24,312
66120.0,42,17,208
66122.5,83,40,328
66125.0,19,37,367
66127.5,-14,-6,304
66130.0,-78,-70,286
66132.5,9,-11,186
66135.0,20,1,222
66137.5,20,1,222
66140.0,-105,-34,355
66142.5,-2,-27,214
66145.0,7,15,398
66147.5,12,25,309
66150.0,1,-19,347
66152.5,10,-17,347
66155.0,4,25,243
66157.5,115,7,240
66160.0,-3,-16,253
66162.5,-31,-21,254
66165.0,28,16,315
66167.5,-48,11,299
66170.0,44,-33,315
66172.5,0,-32,329
66175.0,7,-33,303
66177.5,41,-64,390
66180.0,-5,-35,299
66182.5,44,-11,221
66185.0,36,-29,291
66187.5,36,-29,291
66190.0,-19,11,356
66192.5,36,68,330
66195.0,-24,4,380
66197.5,-13,-17,271
66200.0,63,24,278
66202.5,29,0,303
66205.0,13,-1,273
66207.5,31,30,325
66210.0,-234,-32,235
66212.5,-142,-24,296
66215.0,-83,79,328
66217.5,-144,-42,328
66220.0,15,-5,304
66222.5,-64,-46,320
66225.0,-10,-14,162
66227.5,23,54,307
66230.0,-75,-26,298
66232.5,30,-3,329
66235.0,34,0,313
66237.5,34,0,313
66240.0,-62,-52,299
66242.5,44,-17,337
66245.0,0,14,368
66247.5,8,20,216
66250.0,39,-24,310
66252.5,-27,-16,280
66255.0,43,-32,223
66257.5,52,94,381
66260.0,-56,74,416
66262.5,127,49,358
66265.0,-18,-3,307
66267.5,32,37,245
66270.0,84,31,282
66272.5,-15,6,403
66275.0,-40,-58,248
66277.5,-33,-13,236
66280.0,-108,-13,282
66282.5,-10,-10,390
66285.0,90,-3,384
66287.5,90,-3,384
66290.0,58,-34,358
66292.5,99,5,304
66295.0,-40,-87,389
66297.5,-55,1,319
66300.0,108,26,281
66302.5,-28,-93,382
66305.0,53,1,290
66307.5,-22,-19,269
66310.0,20,-29,323
66312.5,12,-6,293
66315.0,-1,20,274
66317.5,-13,42,302
66320.0,-26,28,320
66322.5,-5,31,201
66325.0,36,14,341
66327.5,-54,-18,363
66330.0,5,-39,352
66332.5,11,37,296
66335.0,29,-9,270
66337.5,29,-9,270
66340.0,46,-8,329
66342.5,31,-16,264
66345.0,-2,-25,291
66347.5,-40,-40,311
66350.0,56,23,282
66352.5,57,66,328
66355.0,-11,-21,322
66357.5,-10,-33,323
66360.0,90,-13,288
66362.5,-34,-9,310
66365.0,-28,-26,278
66367.5,-14,2,346
66370.0,0,-45,290
66372.5,75,54,258
66375.0,44,13,319
66377.5,-7,-20,239
66380.0,-24,4,315
66382.5,29,7,328
66385.0,29,7,328
66387.5,-6,-64,308
66390.0,37,3,320
66392.5,18,15,325
66395.0,12,-4,302
66397.5,-44,-37,310
66400.0,-40,-57,291
66402.5,-25,-24,293
66405.0,-65,9,326
66407.5,5,-12,230
66410.0,-10,-6,235
66412.5,-18,-3,276
66415.0,48,32,293
66417.5,23,-26,331
66420.0,68,50,386
66422.5,135,-27,330
66425.0,-54,-27,334
66427.5,52,-7,293
66430.0,-69,-44,511
66432.5,28,-5,486
66435.0,28,-5,486
66437.5,14,-15,237
66440.0,-2,6,210
66442.5,-21,-12,251
66445.0,37,34,486
66447.5,14,-63,326
66450.0,-9,-31,341
66452.5,-35,23,266
66455.0,24,8,287
66457.5,-7,-40,348
66460.0,120,5,310
66462.5,8,-2,357
66465.0,6,-1,168
66467.5,4,35,382
66470.0,-35,-16,326
66472.5,-24,-28,365
66475.0,-18,1,441
66477.5,-43,39,306
66480.0,87,27,271
66482.5,-26,-19,290
66485.0,-26,-19,290
66487.5,-17,-31,283
66490.0,87,1,330
66492.5,-47,-36,292
66495.0,-34,7,347
66497.5,-11,-17,411
66500.0,-13,53,447
66502.5,18,27,321
66505.0,32,6,364
66507.5,25,-23,298
66510.0,2,41,215
66512.5,-52,-152,259
66515.0,19,31,287
66517.5,-80,-2,376
66520.0,-9,-67,286
66522.5,26,35,320
66525.0,25,19,213
66527.5,-6,-24,275
66530.0,59,-26,288
66532.5,2,0,306
66535.0,2,0,306
66537.5,76,61,255
66540.0,47,21,326
66542.5,-61,40,361
66545.0,50,-4,364
66547.5,63,-16,362
66550.0,-59,-70,269
66552.5,46,-14,280
66555.0,8,-4,316
66557.5,8,-1,409
66560.0,50,28,331
66562.5,3,-16,304
66565.0,49,-3,269
66567.5,-14,-4,332
66570.0,-17,-33,284
66572.5,83,2,277
66575.0,-19,-16,294
66577.5,24,17,286
66580.0,33,5,337
66582.5,-62,-46,317
66585.0,-62,-46,317
66587.5,61,30,216
66590.0,-199,-87,285
66592.5,-98,-63,273
66595.0,-109,-3,325
66597.5,-51,-66,363
66600.0,20,5,247
66602.5,25,-28,217
66605.0,-52,-4,290
66607.5,31,8,310
66610.0,0,-13,365
66612.5,-32,-89,316
66615.0,110,40,255
66617.5,12,-27,358
66620.0,-4,-20,224
66622.5,50,6,285
66625.0,24,9,276
66627.5,36,-15,251
66630.0,-6,8,324
66632.5,-90,-48,456
66635.0,-90,-48,456
66637.5,-33,-35,366
66640.0,-30,18,319
66642.5,11,-80,369
66645.0,62,-33,351
66647.5,-44,-54,318
66650.0,-23,-9,161
66652.5,32,-3,290
66655.0,59,36,381
66657.5,23,12,291
66660.0,-10,-52,314
66662.5,63,26,372
66665.0,26,-3,305
66667.5,61,7,323
66670.0,40,-9,258
66672.5,79,40,235
66675.0,-103,-58,306
66677.5,-13,17,318
66680.0,-26,14,313
66682.5,-6,-25,320
66685.0,-6,-25,320
66687.5,42,17,311
66690.0,-42,30,291
66692.5,12,-39,358
66695.0,-4,13,289
66697.5,2,16,339
66700.0,-21,-39,365
66702.5,33,-36,242
66705.0,-33,-21,366
66707.5,38,49,276
66710.0,16,8,247
66712.5,-47,-64,276
66715.0,9,-17,265
66717.5,-8,-53,308
66720.0,2,5,403
66722.5,51,12,329
66725.0,-19,-20,329
66727.5,81,26,358
66730.0,-19,-32,295
66732.5,43,49,310
66735.0,43,49,310
66737.5,65,24,312
66740.0,11,-40,319
66742.5,-20,-35,318
66745.0,63,52,228
66747.5,77,32,271
66750.0,-47,-62,318
66752.5,71,34,256
66755.0,58,16,329
66757.5,-10,-13,299
66760.0,37,-11,325
66762.5,-31,-33,323
66765.0,43,24,343
66767.5,33,-18,296
66770.0,-9,-21,355
66772.5,10,-24,294
66775.0,48,23,258
66777.5,-19,-13,293
66780.0,-4,-8,251
66782.5,-25,-44,292
66785.0,-25,-44,292
66787.5,22,26,322
66790.0,60,5,239
66792.5,7,-7,357
66795.0,87,-31,162
66797.5,-38,-70,245
66800.0,125,52,298
66802.5,46,-47,279
66805.0,6,-29,411
66807.5,-55,-51,336
66810.0,2,-13,322
66812.5,27,16,137
66815.0,-50,25,289
66817.5,30,36,293
66820.0,-5,-2,328
66822.5,-39,-41,383
66825.0,29,-29,294
66827.5,4,-30,315
66830.0,5,23,331
66832.5,5,23,331
66835.0,39,24,292
66837.5,-28,-7,343
66840.0,102,-6,200
66842.5,50,-62,339
66845.0,135,18,255
66847.5,-37,-1,320
66850.0,61,53,250
66852.5,-32,-53,332
66855.0,55,14,193
66857.5,19,13,285
66860.0,31,-39,271
66862.5,8,-28,411
66865.0,37,6,254
66867.5,4,-13,303
66870.0,-13,-9,370
66872.5,-7,30,309
66875.0,34,-21,408
66877.5,25,2,429
66880.0,10,-10,328
66882.5,10,-10,328
66885.0,44,19,277
66887.5,-46,-67,346
66890.0,-9,-57,320
66892.5,33,32,369
66895.0,-84,-21,360
66897.5,-12,-1,260
66900.0,-32,-26,301
66902.5,4,37,299
66905.0,33,32,130
66907.5,-38,-143,273
66910.0,85,62,336
66912.5,25,7,336
66915.0,-20,19,353
66917.5,-14,-17,325
66920.0,-57,-26,449
66922.5,21,-54,258
66925.0,58,1,288
66927.5,-16,-2,297
66930.0,51,46,293
66932.5,51,46,293
66935.0,38,-5,294
66937.5,0,40,368
66940.0,34,-29,347
66942.5,-15,-22,327
66945.0,48,3,246
66947.5,63,18,286
66950.0,-46,-20,310
66952.5,-12,4,271
66955.0,10,-3,333
66957.5,-88,-9,302
66960.0,43,3,304
66962.5,99,-4,311
66965.0,66,32,307
66967.5,37,-56,366
66970.0,-155,-39,306
66972.5,173,-4,372
66975.0,13,-60,367
66977.5,-34,-16,321
66980.0,59,0,186
66982.5,59,0,186
66985.0,21,31,327
66987.5,-44,-50,342
66990.0,36,9,350
66992.5,-42,15,318
66995.0,0,-65,247
66997.5,10,-21,312
67000.0,9,4,330
67002.5,52,26,262
67005.0,-34,-38,290
67007.5,-87,-71,347
67010.0,70,24,230
67012.5,-325,30,243
67015.0,-45,-15,293
67017.5,3,-80,308
67020.0,18,-80,349
67022.5,83,49,251
67025.0,30,9,210
67027.5,29,37,262
67030.0,17,-9,388
67032.5,17,-9,388
67035.0,-25,-31,371
67037.5,-10,13,279
67040.0,-76,1,358
67042.5,50,40,477
67045.0,97,85,260
67047.5,87,64,211
67050.0,-80,-36,285
67052.5,-24,-113,326
67055.0,34,-20,306
67057.5,7,-25,300
67060.0,15,-1,309
67062.5,29,-2,271
67065.0,22,7,308
67067.5,32,33,283
67070.0,61,-57,273
67072.5,-19,59,251
67075.0,-8,-41,323
67077.5,8,-5,419
67080.0,-28,-8,290
67082.5,-28,-8,290
67085.0,27,21,365
67087.5,29,5,283
67090.0,31,4,238
67092.5,2,6,337
67095.0,-36,-18,359
67097.5,28,25,255
67100.0,16,-2,317
67102.5,-16,0,353
67105.0,9,-17,305
67107.5,-55,-26,315
67110.0,-34,-9,356
67112.5,40,0,278
67115.0,5,-18,337
67117.5,46,24,246
67120.0,26,-35,283
67122.5,13,-2,323
67125.0,18,-17,253
67127.5,-8,-14,303
67130.0,-6,13,299
67132.5,-6,13,299
67135.0,38,13,294
67137.5,-32,-34,350
67140.0,19,1,346
67142.5,25,7,285
67145.0,20,9,350
67147.5,-10,-30,299
67150.0,73,6,271
67152.5,25,-3,320
67155.0,-56,-94,267
67157.5,-68,-65,302
67160.0,5,-33,326
67162.5,116,37,259
67165.0,17,23,271
67167.5,-7,-27,346
67170.0,31,25,317
67172.5,47,-32,303
67175.0,43,73,400
67177.5,-23,-38,354
67180.0,-31,-34,276
67182.5,-31,-34,276
67185.0,134,110,189
67187.5,17,9,321
67190.0,-110,-57,415
67192.5,-45,-57,273
67195.0,147,85,294
67197.5,-9,-37,299
67200.0,-60,-3,272
67202.5,5,-34,359
67205.0,-11,-26,455
67207.5,83,25,242
67210.0,-31,-22,332
67212.5,-15,-63,270
67215.0,-6,-21,306
67217.5,31,-20,328
67220.0,35,11,291
67222.5,74,21,250
67225.0,67,98,349
67227.5,67,95,329
67230.0,4,-4,348
67232.5,4,-4,348
67235.0,34,36,391
67237.5,35,-3,292
67240.0,-2,-10,210
67242.5,23,-8,211
67245.0,-15,-45,422
67247.5,-41,-59,345
67250.0,-43,-62,365
67252.5,5,-21,182
67255.0,13,-9,380
67257.5,71,115,167
67260.0,12,-57,324
67262.5,57,8,274
67265.0,41,-9,287
67267.5,-49,-62,367
67270.0,-120,-114,378
67272.5,47,-6,336
67275.0,-39,-58,296
67277.5,94,39,236
67280.0,-37,-30,305
67282.5,-37,-30,305
67285.0,96,55,35
67287.5,-6,-2,281
67290.0,-40,-19,355
67292.5,7,30,303
67295.0,-18,-21,303
67297.5,15,-8,349
67300.0,-2,11,394
67302.5,100,-12,343
67305.0,63,31,256
67307.5,22,11,252
67310.0,-38,-52,388
67312.5,69,30,287
67315.0,-2,-28,410
67317.5,57,-2,267
67320.0,24,-20,254
67322.5,-58,-31,308
67325.0,0,32,240
67327.5,37,17,324
67330.0,37,17,324
67332.5,-11,2,327
67335.0,63,-52,343
67337.5,2,0,341
67340.0,45,30,304
67342.5,43,-6,254
67345.0,-27,-26,351
67347.5,-72,-167,134
67350.0,74,-20,314
67352.5,181,63,375
67355.0,-73,-108,301
67357.5,18,-25,370
67360.0,-19,-30,300
67362.5,85,35,143
67365.0,-31,-21,306
67367.5,-31,-24,246
67370.0,77,51,312
67372.5,-21,-37,263
67375.0,35,-38,230
67377.5,23,-24,357
67380.0,23,-24,357
67382.5,-77,-10,292
67385.0,86,4,360
67387.5,9,-14,362
67390.0,53,20,278
67392.5,-75,-78,318
67395.0,-148,-143,436
67397.5,107,6,206
67400.0,-38,-77,325
67402.5,-30,-28,410
67405.0,6,-27,350
67407.5,-32,-38,233
67410.0,43,40,212
67412.5,64,6,264
67415.0,14,3,427
67417.5,-51,-51,250
67420.0,25,15,255
67422.5,10,-53,243
67425.0,15,50,285
67427.5,86,41,292
67430.0,86,41,292
67432.5,-68,-82,342
67435.0,29,-10,262
67437.5,67,-24,285
67440.0,43,13,288
67442.5,24,-52,288
67445.0,-4,12,386
67447.5,52,38,393
67450.0,24,45,270
67452.5,-99,-84,284
67455.0,125,38,211
67457.5,-30,-92,327
67460.0,-13,-24,204
67462.5,68,56,286
67465.0,39,34,344
67467.5,-17,-62,324
67470.0,-1,15,346
67472.5,61,8,299
67475.0,-30,29,307
67477.5,-36,-48,296
67480.0,-36,-48,296
67482.5,68,-9,330
67485.0,7,13,330
67487.5,11,-41,331
67490.0,-20,-55,364
67492.5,13,28,204
67495.0,33,27,258
67497.5,19,9,281
67500.0,41,-5,290
67502.5,-11,-2,328
67505.0,1,-11,329
67507.5,-2,-22,286
67510.0,52,-16,365
67512.5,19,5,338
67515.0,-17,3,257
67517.5,-12,-45,327
67520.0,59,15,244
67522.5,-8,-27,238
67525.0,6,-44,319
67527.5,28,24,268
67530.0,28,24,268
67532.5,-17,-47,308
67535.0,9,-3,321
67537.5,15,-11,303
67540.0,38,5,275
67542.5,-8,-40,347
67545.0,-4,-23,322
67547.5,-16,6,336
67550.0,21,15,290
67552.5,67,-2,206
67555.0,34,-57,378
67557.5,-27,-36,218
67560.0,-61,-63,324
67562.5,149,-22,370
67565.0,107,102,382
67567.5,23,-4,347
67570.0,-63,-19,394
67572.5,30,48,93
67575.0,45,2,298
67577.5,14,0,278
67580.0,14,0,278
67582.5,188,10,326
67585.0,-4,-17,413
67587.5,18,-5,188
67590.0,15,-10,276
67592.5,25,31,303
67595.0,27,19,363
67597.5,-11,14,327
67600.0,-3,25,264
67602.5,-14,45,283
67605.0,40,-33,459
67607.5,44,8,281
67610.0,-14,-79,382
67612.5,52,20,371
67615.0,-7,9,215
67617.5,-44,-1,267
67620.0,-49,-3,257
67622.5,-3,-11,315
67625.0,-14,-58,369
67627.5,8,-16,258
67630.0,8,-16,258
67632.5,-21,-15,204
67635.0,31,-32,201
67637.5,-35,-106,230
67640.0,-27,22,346
67642.5,101,56,390
67645.0,-5,-28,327
67647.5,88,34,240
67650.0,2,-1,286
67652.5,-30,-30,254
67655.0,16,23,313
67657.5,77,-1,173
67660.0,37,26,307
67662.5,-61,-75,294
67665.0,-5,-20,335
67667.5,7,-19,362
67670.0,-44,-31,334
67672.5,134,45,210
67675.0,-14,10,252
67677.5,-4,-7,162
67680.0,-4,-7,162
67682.5,35,-11,284
67685.0,-15,-3,333
67687.5,3,-1,322
67690.0,-43,-52,298
67692.5,-30,-57,313
67695.0,17,-20,369
67697.5,-12,-6,299
67700.0,4,23,249
67702.5,76,30,260
67705.0,-43,-20,305
67707.5,-24,-44,310
67710.0,25,8,355
67712.5,-19,-35,336
67715.0,42,15,264
67717.5,-10,-17,341
67720.0,52,-4,250
67722.5,59,73,329
67725.0,-82,-6,161
67727.5,-182,-38,221
67730.0,-182,-38,221
67732.5,5,47,377
67735.0,93,134,349
67737.5,93,27,255
67740.0,9,-21,314
67742.5,8,-10,160
67745.0,21,23,307
67747.5,-31,-22,337
67750.0,71,25,266
67752.5,-4,-16,316
67755.0,-6,-16,314
67757.5,82,-29,363
67760.0,15,24,352
67762.5,30,-12,248
67765.0,133,22,278
67767.5,-23,3,223
67770.0,79,15,213
67772.5,-53,-130,331
67775.0,-154,-104,261
67777.5,242,136,391
67780.0,242,136,391
67782.5,-21,-19,279
67785.0,27,27,219
67787.5,-3,-2,304
67790.0,53,-41,382
67792.5,22,-18,286
67795.0,-11,-7,202
67797.5,-125,-45,331
67800.0,-69,71,445
67802.5,116,47,348
67805.0,-18,-24,386
67807.5,33,-37,290
67810.0,-96,1,361
67812.5,7,-53,377
67815.0,-15,-27,305
67817.5,18,-66,373
67820.0,19,-30,315
67822.5,21,-9,220
67825.0,-16,-71,371
67827.5,-18,-59,293
67830.0,-18,-59,293
67832.5,14,-22,319
67835.0,3,-16,252
67837.5,50,-4,268
67840.0,3,4,306
67842.5,-59,-8,395
67845.0,16,1,382
67847.5,-14,-33,310
67850.0,63,24,257
67852.5,26,-9,260
67855.0,15,-22,391
67857.5,-38,-51,285
67860.0,-4,-28,258
67862.5,-1,-9,306
67865.0,58,-11,250
67867.5,40,39,281
67870.0,35,-19,253
67872.5,43,16,254
67875.0,51,2,338
67877.5,51,2,338
67880.0,-24,-32,319
67882.5,-3,13,325
67885.0,-10,-44,356
67887.5,-11,20,361
67890.0,54,-35,290
67892.5,-10,9,335
67895.0,31,9,252
67897.5,50,12,272
67900.0,-39,-30,314
67902.5,15,9,260
67905.0,4,17,304
67907.5,9,9,354
67910.0,40,4,311
67912.5,51,26,251
67915.0,-30,-37,329
67917.5,13,-3,311
67920.0,-19,-3,341
67922.5,16,-3,303
67925.0,-28,-71,257
67927.5,-28,-71,257
67930.0,73,19,328
67932.5,14,5,301
67935.0,-27,42,385
67937.5,-41,-21,414
67940.0,78,31,158
67942.5,65,7,314
67945.0,-46,-20,300
67947.5,-24,-52,343
67950.0,89,19,393
67952.5,2,50,142
67955.0,34,7,164
67957.5,11,-5,268
67960.0,-28,-52,354
67962.5,33,23,357
67965.0,-58,-36,252
67967.5,18,-74,309
67970.0,-10,16,353
67972.5,-9,-68,383
67975.0,23,-31,304
67977.5,23,-31,304
67980.0,41,-4,351
67982.5,22,-8,193
67985.0,10,-64,292
67987.5,7,-17,271
67990.0,120,33,325
67992.5,-61,-59,448
67995.0,-38,-54,270
67997.5,21,-28,273
68000.0,-22,-22,408
68002.5,-16,-45,409
68005.0,58,4,278
68007.5,57,-10,291
68010.0,28,32,267
68012.5,43,75,398
68015.0,47,13,382
68017.5,16,-49,333
68020.0,37,-58,377
68022.5,59,29,259
68025.0,-24,-12,192
68027.5,-24,-12,192
68030.0,-107,-99,324
68032.5,-39,-62,340
68035.0,-40,-72,340
68037.5,-11,-10,260
68040.0,58,-26,263
68042.5,-22,-33,260
68045.0,68,4,294
68047.5,41,26,254
68050.0,-64,-54,328
68052.5,50,35,203
68055.0,53,75,225
68057.5,4,13,368
68060.0,72,-36,319
68062.5,2,32,314
68065.0,0,-9,324
68067.5,3,-38,298
68070.0,-29,-15,327
68072.5,-21,-33,355
68075.0,54,-15,355
68077.5,54,-15,355
68080.0,-45,-64,282
68082.5,80,35,289
68085.0,30,-11,365
68087.5,-16,-31,328
68090.0,37,5,277
68092.5,0,-10,338
68095.0,-44,-80,298
68097.5,43,-12,325
68100.0,-27,-26,346
68102.5,36,-11,279
68105.0,-26,-41,242
68107.5,-302,-181,234
68110.0,-71,-81,286
68112.5,198,69,404
68115.0,-20,-63,265
68117.5,37,2,308
68120.0,36,-11,175
68122.5,35,30,238
68125.0,-52,21,328
68127.5,-52,21,328
68130.0,-30,-39,316
68132.5,5,-15,301
68135.0,10,2,355
68137.5,-23,-15,302
68140.0,65,-3,290
68142.5,-7,-7,317
68145.0,31,19,220
68147.5,57,27,305
68150.0,15,29,233
68152.5,6,-2,243
68155.0,8,74,328
68157.5,99,96,293
68160.0,44,-29,396
68162.5,-37,7,276
68165.0,41,-31,228
68167.5,81,11,218
68170.0,-1,-18,285
68172.5,29,-9,308
68175.0,-44,22,332
68177.5,-44,22,332
68180.0,-10,-16,387
68182.5,34,28,313
68185.0,56,34,332
68187.5,-3,-64,312
68190.0,39,19,283
68192.5,31,-8,334
68195.0,20,-7,306
68197.5,-80,-130,335
68200.0,20,1,296
68202.5,32,5,307
68205.0,47,9,310
68207.5,-36,-30,274
68210.0,162,-19,270
68212.5,-51,-29,286
68215.0,-4,3,330
68217.5,-1,4,275
68220.0,-15,-18,345
68222.5,-24,-28,340
68225.0,120,-17,354
68227.5,120,-17,354
68230.0,-78,-10,351
68232.5,-30,-20,322
68235.0,64,-11,286
68237.5,-21,-1,355
68240.0,23,0,244
68242.5,-15,-17,313
68245.0,-1,-14,283
68247.5,59,39,301
68250.0,46,29,211
68252.5,4,-12,342
68255.0,42,-12,312
68257.5,-16,-14,335
68260.0,64,-9,338
68262.5,58,-9,306
68265.0,-33,-35,327
68267.5,-41,-54,254
68270.0,-3,-8,276
68272.5,-19,-36,324
68275.0,82,36,285
68277.5,82,36,285
68280.0,-19,-35,314
68282.5,24,12,292
68285.0,34,-13,306
68287.5,10,1,323
68290.0,-8,-41,304
68292.5,46,16,307
68295.0,-29,-6,327
68297.5,4,-25,293
68300.0,5,-11,233
68302.5,-53,-13,295
68305.0,7,-10,236
68307.5,39,34,251
68310.0,81,27,224
68312.5,21,-26,167
68315.0,8,-15,292
68317.5,31,58,247
68320.0,-8,18,511
68322.5,34,-26,410
68325.0,-41,-37,456
68327.5,-41,-37,456
68330.0,109,-10,255
68332.5,-17,4,235
68335.0,-43,-6,143
68337.5,34,-52,429
68340.0,15,-9,302
68342.5,-27,-36,230
68345.0,-14,-33,268
68347.5,-43,35,291
68350.0,23,-8,302
68352.5,66,-22,343
68355.0,5,-8,250
68357.5,72,-13,297
68360.0,-17,-72,174
68362.5,-58,-43,260
68365.0,-18,-62,407
68367.5,-52,-23,442
68370.0,46,-4,298
68372.5,25,-1,233
68375.0,-42,8,199
68377.5,-42,8,199
68380.0,-4,-24,286
68382.5,-6,-25,488
68385.0,-49,-34,275
68387.5,-21,0,262
68390.0,26,1,281
68392.5,16,21,301
68395.0,-24,17,290
68397.5,93,-25,360
68400.0,100,28,383
68402.5,84,10,244
68405.0,-55,-24,279
68407.5,14,-14,384
68410.0,51,27,313
68412.5,22,14,286
68415.0,-41,-28,360
68417.5,-10,-13,314
68420.0,16,8,240
68422.5,-32,-40,246
68425.0,31,0,292
68427.5,31,0,292
68430.0,139,9,260
68432.5,-24,-54,274
68435.0,75,63,282
68437.5,-21,36,377
68440.0,5,43,329
68442.5,-48,-33,304
68445.0,-50,-30,378
68447.5,-17,18,267
68450.0,86,-9,222
68452.5,-29,-52,319
68455.0,58,-25,259
68457.5,14,-85,336
68460.0,-21,-37,284
68462.5,53,12,312
68465.0,1,20,337
68467.5,-49,-62,266
68470.0,74,12,330
68472.5,-4,4,301
68475.0,-4,4,301
68477.5,10,-16,275
68480.0,58,9,305
68482.5,4,8,323
68485.0,80,68,319
68487.5,45,-1,340
68490.0,16,-7,233
68492.5,253,97,282
68495.0,-21,24,448
68497.5,-89,-35,129
68500.0,140,27,432
68502.5,-12,-14,377
68505.0,-71,-36,356
68507.5,59,41,223
68510.0,-47,-19,326
68512.5,61,11,262
68515.0,-8,-37,452
68517.5,33,-22,226
68520.0,77,14,271
68522.5,14,7,226
68525.0,14,7,226
68527.5,16,8,252
68530.0,38,8,355
68532.5,17,6,281
68535.0,26,-47,301
68537.5,-39,-34,367
68540.0,42,41,321
68542.5,-7,-59,316
68545.0,-137,-25,333
68547.5,-122,-19,276
68550.0,205,43,303
68552.5,216,152,349
68555.0,52,68,428
68557.5,-16,-18,375
68560.0,-48,-32,195
68562.5,-8,-21,198
68565.0,34,8,383
68567.5,-34,-24,406
68570.0,8,-22,222
68572.5,-23,30,279
68575.0,-23,30,279
68577.5,41,17,255
68580.0,-2,-38,274
68582.5,59,36,278
68585.0,51,6,229
68587.5,-24,-56,310
68590.0,5,30,408
68592.5,104,21,441
68595.0,8,21,364
68597.5,-77,-29,365
68600.0,18,49,363
68602.5,-22,-34,336
68605.0,16,13,361
68607.5,19,57,325
68610.0,-44,-53,309
68612.5,41,-5,251
68615.0,-30,-23,290
68617.5,24,28,320
68620.0,97,59,301
68622.5,21,-11,338
68625.0,21,-11,338
68627.5,-21,-50,347
68630.0,47,35,373
68632.5,-12,-72,377
68635.0,64,-12,251
68637.5,18,13,284
68640.0,-20,-14,349
68642.5,29,21,264
68645.0,31,-24,246
68647.5,42,48,348
68650.0,-31,-5,265
68652.5,11,-2,246
68655.0,-29,-61,311
68657.5,59,18,289
68660.0,32,12,323
68662.5,-30,-64,363
68665.0,93,-35,312
68667.5,23,-4,342
68670.0,34,53,325
68672.5,-24,-25,301
68675.0,-24,-25,301
68677.5,0,3,366
68680.0,-21,-44,273
68682.5,-6,-26,237
68685.0,57,39,314
68687.5,-8,-1,264
68690.0,28,-28,267
68692.5,116,26,323
68695.0,262,106,185
68697.5,57,7,333
68700.0,-7,14,406
68702.5,-46,-50,427
68705.0,-51,-31,394
68707.5,73,18,373
68710.0,116,20,103
68712.5,-7,-20,272
68715.0,-49,-25,328
68717.5,37,28,417
68720.0,34,9,336
68722.5,18,-22,179
68725.0,18,-22,179
68727.5,2,4,253
68730.0,64,-7,422
68732.5,-11,-20,379
68735.0,2,-9,319
68737.5,0,37,151
68740.0,-165,-79,224
68742.5,-146,-3,478
68745.0,11,-72,451
68747.5,-27,-45,473
68750.0,-51,-16,349
68752.5,-28,-46,183
68755.0,32,-17,271
68757.5,5,-55,306
68760.0,-4,-31,327
68762.5,-32,-1,299
68765.0,-21,-5,258
68767.5,55,-81,217
68770.0,46,-35,186
68772.5,-58,1,334
68775.0,-58,1,334
68777.5,32,20,356
68780.0,-72,-54,378
68782.5,139,78,188
68785.0,-59,-54,372
68787.5,-19,-42,336
68790.0,-10,-30,348
68792.5,-32,-81,353
68795.0,-33,-39,313
68797.5,12,-57,374
68800.0,45,-16,290
68802.5,30,12,313
68805.0,-34,48,214
68807.5,-9,-49,224
68810.0,56,-8,305
68812.5,-62,-28,304
68815.0,110,26,274
68817.5,26,10,376
68820.0,88,-18,373
68822.5,25,-7,257
68825.0,25,-7,257
68827.5,60,-1,289
68830.0,36,0,225
68832.5,37,-11,303
68835.0,-23,-13,289
68837.5,53,28,299
68840.0,-3,-26,311
68842.5,8,-27,348
68845.0,21,-15,311
68847.5,-13,2,323
68850.0,7,-23,266
68852.5,71,-1,247
68855.0,-28,-32,298
68857.5,40,2,285
68860.0,57,57,327
68862.5,-56,35,202
68865.0,-118,-82,296
68867.5,-43,32,455
68870.0,95,10,344
68872.5,108,30,346
68875.0,108,30,346
68877.5,6,-7,280
68880.0,46,-7,182
68882.5,-57,-86,350
68885.0,22,-38,336
68887.5,14,-16,331
68890.0,-33,-8,312
68892.5,-22,-47,301
68895.0,50,-9,332
68897.5,38,-32,369
68900.0,7,-20,284
68902.5,38,-19,235
68905.0,44,-13,223
68907.5,2,-7,300
68910.0,-44,-81,390
68912.5,7,-4,330
68915.0,156,-46,374
68917.5,-14,0,432
68920.0,20,5,266
68922.5,16,-4,183
68925.0,16,-4,183
68927.5,-28,8,329
68930.0,-4,-13,327
68932.5,21,-8,262
68935.0,-42,-59,242
68937.5,67,20,244
68940.0,-33,-27,344
68942.5,-33,-1,380
68945.0,-47,-69,312
68947.5,80,27,346
68950.0,18,-42,389
68952.5,87,19,335
68955.0,-96,-127,420
68957.5,-76,2,225
68960.0,-17,37,248
68962.5,51,24,249
68965.0,66,59,195
68967.5,80,-14,299
68970.0,-74,-59,384
68972.5,-15,5,340
68975.0,-15,5,340
68977.5,-38,28,248
68980.0,4,-25,341
68982.5,29,0,330
68985.0,28,-35,346
68987.5,63,-18,276
68990.0,77,22,270
68992.5,-80,-41,346
68995.0,-22,9,228
68997.5,-32,-1,306
69000.0,-58,-65,270
69002.5,-78,-10,215
69005.0,15,-7,273
69007.5,-26,-26,275
69010.0,9,3,349
69012.5,0,12,338
69015.0,-27,-45,367
69017.5,22,7,272
69020.0,-34,-54,324
69022.5,52,26,289
69025.0,52,26,289
69027.5,64,-13,287
69030.0,-45,-30,327
69032.5,-2,14,297
69035.0,-36,-5,294
69037.5,-35,-21,301
69040.0,69,18,265
69042.5,34,5,309
69045.0,15,7,298
69047.5,45,-3,304
69050.0,-8,-39,328
69052.5,-2,-40,323
69055.0,45,10,322
69057.5,-55,-27,341
69060.0,-4,-23,316
69062.5,-52,-3,236
69065.0,-3,-15,343
69067.5,45,-22,308
69070.0,-11,-50,400
69072.5,-11,-50,400
69075.0,59,-7,233
69077.5,-75,-10,373
69080.0,9,-57,406
69082.5,-95,-70,427
69085.0,0,0,389
69087.5,37,19,237
69090.0,22,-14,215
69092.5,88,-1,282
69095.0,11,-1,400
69097.5,86,-32,335
69100.0,-33,-10,221
69102.5,-45,-11,212
69105.0,-13,31,321
69107.5,36,-28,311
69110.0,-55,-25,304
69112.5,58,-5,260
69115.0,-20,-42,291
69117.5,-118,-45,331
69120.0,-78,80,511
69122.5,-78,80,511
69125.0,-4,39,413
69127.5,82,5,374
69130.0,10,-3,270
69132.5,9,-12,212
69135.0,50,7,332
69137.5,6,-41,421
69140.0,-6,-20,366
69142.5,133,5,265
69145.0,1,21,280
69147.5,16,37,243
69150.0,-56,2,280
69152.5,3,-44,496
69155.0,89,37,289
69157.5,-1,9,275
69160.0,-36,-61,297
69162.5,20,-24,260
69165.0,-11,-22,179
69167.5,-2,17,257
69170.0,87,38,262
69172.5,87,38,262
69175.0,-13,-4,329
69177.5,33,-21,249
69180.0,40,5,336
69182.5,-66,-118,446
69185.0,80,16,357
69187.5,74,17,352
69190.0,-25,-20,238
69192.5,80,-1,342
69195.0,13,7,276
69197.5,89,41,263
69200.0,22,-17,375
69202.5,-11,-17,314
69205.0,19,4,267
69207.5,-53,-39,337
69210.0,-31,41,214
69212.5,75,16,185
69215.0,-72,-42,375
69217.5,-46,14,258
69220.0,13,-74,322
69222.5,13,-74,322
69225.0,1,-18,334
69227.5,43,7,283
69230.0,-8,-20,314
69232.5,-23,-44,284
69235.0,13,28,289
69237.5,-13,-9,283
69240.0,125,-14,306
69242.5,-81,-8,179
69245.0,-279,-87,290
69247.5,-45,-40,245
69250.0,80,-3,391
69252.5,42,20,276
69255.0,29,6,170
69257.5,52,-14,260
69260.0,21,17,261
69262.5,25,-26,343
69265.0,-6,-8,320
69267.5,17,22,260
69270.0,16,-21,331
69272.5,16,-21,331
69275.0,-28,-14,326
69277.5,16,23,290
69280.0,-52,-58,398
69282.5,61,-19,341
69285.0,54,-9,354
69287.5,46,-68,307
69290.0,-225,-39,165
69292.5,-184,-93,361
69295.0,183,152,368
69297.5,65,6,344
69300.0,-53,-35,222
69302.5,53,10,302
69305.0,53,31,309
69307.5,-63,-28,369
69310.0,23,-28,205
69312.5,29,-1,233
69315.0,-19,-48,293
69317.5,-31,-36,379
69320.0,-71,-5,363
69322.5,-71,-5,363
69325.0,40,-65,343
69327.5,-18,22,258
69330.0,5,51,389
69332.5,-27,-77,354
69335.0,35,-9,272
69337.5,-2,-40,407
69340.0,54,48,254
69342.5,25,24,229
69345.0,8,-32,401
69347.5,65,79,259
69350.0,7,-6,316
69352.5,22,37,345
69355.0,62,31,275
69357.5,-4,3,316
69360.0,6,-18,346
69362.5,19,-7,314
69365.0,64,-2,322
69367.5,-73,-52,376
69370.0,9,9,248
69372.5,9,9,248
69375.0,32,10,409
69377.5,-29,-6,276
69380.0,53,2,276
69382.5,5,1,287
69385.0,38,24,256
69387.5,2,-1,297
69390.0,23,-9,325
69392.5,22,30,294
69395.0,6,-7,294
69397.5,-36,-42,357
69400.0,33,-5,278
69402.5,-16,-38,348
69405.0,60,27,309
69407.5,-28,-62,250
69410.0,-15,13,353
69412.5,-2,14,216
69415.0,-70,-69,326
69417.5,40,3,301
69420.0,54,18,254
69422.5,54,18,254
69425.0,4,-3,309
69427.5,-9,0,335
69430.0,41,8,282
69432.5,-1,-14,328
69435.0,32,-7,342
69437.5,63,-23,343
69440.0,-17,-44,343
69442.5,49,85,281
69445.0,61,-12,259
69447.5,-32,-30,359
69450.0,-23,-28,216
69452.5,-20,-37,174
69455.0,-37,-80,230
69457.5,-24,-33,125
69460.0,-8,-14,412
69462.5,34,-40,385
69465.0,-47,-73,285
69467.5,63,3,430
69470.0,77,67,102
69472.5,77,67,102
69475.0,75,46,154
69477.5,43,-4,238
69480.0,-57,12,320
69482.5,23,20,311
69485.0,-32,-15,244
69487.5,57,56,265
69490.0,1,-12,301
69492.5,37,-18,359
69495.0,59,-6,299
69497.5,27,-25,311
69500.0,24,31,175
69502.5,19,37,253
69505.0,8,21,186
69507.5,111,-5,251
69510.0,-16,-2,412
69512.5,-45,-21,313
69515.0,53,-4,245
69517.5,8,-36,354
69520.0,21,-9,406
69522.5,21,-9,406
69525.0,-41,-33,248
69527.5,7,-9,250
69530.0,30,7,252
69532.5,2,-3,380
69535.0,-6,-81,215
69537.5,20,-41,255
69540.0,3,-18,353
69542.5,19,13,257
69545.0,56,-103,125
69547.5,-59,-10,259
69550.0,-5,9,328
69552.5,-46,-38,339
69555.0,9,47,207
69557.5,-6,5,201
69560.0,30,-61,351
69562.5,-34,30,332
69565.0,99,15,318
69567.5,-29,-30,320
69570.0,-29,-30,320
69572.5,13,-23,233
69575.0,28,19,225
69577.5,-85,-19,338
69580.0,76,49,289
69582.5,38,8,279
69585.0,38,32,319
69587.5,128,14,344
69590.0,9,-25,343
69592.5,34,-5,321
69595.0,-38,-26,329
69597.5,15,-11,314
69600.0,15,-8,289
69602.5,12,40,313
69605.0,4,-1,306
69607.5,54,8,275
69610.0,24,8,346
69612.5,19,-2,239
69615.0,7,11,260
69617.5,28,-16,325
69620.0,28,-16,325
69622.5,52,27,292
69625.0,102,15,297
69627.5,137,-54,216
69630.0,3,19,326
69632.5,-13,15,457
69635.0,-29,-16,322
69637.5,29,13,214
69640.0,3,-20,246
69642.5,24,12,252
69645.0,30,26,358
69647.5,-42,-33,315
69650.0,56,21,296
69652.5,-5,-43,354
69655.0,69,-11,350
69657.5,90,19,292
69660.0,0,-13,355
69662.5,9,-9,209
69665.0,-2,-23,325
69667.5,22,-18,215
69670.0,22,-18,215
69672.5,-40,-74,214
69675.0,-1,22,262
69677.5,-195,-54,338
69680.0,-19,7,371
69682.5,32,-11,403
69685.0,2,-27,206
69687.5,37,-31,217
69690.0,41,14,363
69692.5,13,32,281
69695.0,-27,-7,372
69697.5,-51,-3,347
69700.0,45,-20,362
69702.5,5,-38,320
69705.0,-29,4,353
69707.5,48,20,281
69710.0,76,16,366
69712.5,21,-5,337
69715.0,6,30,325
69717.5,19,-28,315
69720.0,19,-28,315
69722.5,-23,23,279
69725.0,33,-3,336
69727.5,0,-34,275
69730.0,139,33,284
69732.5,-23,-30,269
69735.0,-97,-12,359
69737.5,21,23,376
69740.0,-9,-7,341
69742.5,15,-6,335
69745.0,-44,-23,298
69747.5,10,-5,347
69750.0,-13,-10,312
69752.5,-21,-8,235
69755.0,-23,-5,400
69757.5,12,16,143
69760.0,62,0,211
69762.5,20,-12,300
69765.0,17,4,259
69767.5,38,30,299
69770.0,38,30,299
69772.5,-41,-58,346
69775.0,32,-7,285
69777.5,27,10,338
69780.0,-13,-34,307
69782.5,37,13,318
69785.0,-3,15,348
69787.5,-27,-38,275
69790.0,6,-18,267
69792.5,-3,4,334
69795.0,-9,-6,263
69797.5,44,-5,313
69800.0,-10,-23,311
69802.5,53,-6,300
69805.0,-6,-29,326
69807.5,39,14,320
69810.0,-39,-75,325
69812.5,5,3,333
69815.0,-9,-25,301
69817.5,17,31,282
69820.0,17,31,282
69822.5,80,50,313
69825.0,-78,-86,264
69827.5,44,36,254
69830.0,-17,18,221
69832.5,-4,-34,145
69835.0,100,14,144
69837.5,-40,-21,314
69840.0,-84,-6,410
69842.5,-26,-30,387
69845.0,0,-17,426
69847.5,79,40,94
69850.0,6,9,312
69852.5,72,22,246
69855.0,62,37,353
69857.5,-36,-14,313
69860.0,74,36,185
69862.5,-37,-13,268
69865.0,108,-25,346
69867.5,-6,-75,314
69870.0,-6,-75,314
69872.5,-41,-19,414
69875.0,-21,-56,278
69877.5,54,0,295
69880.0,25,40,223
69882.5,121,21,334
69885.0,160,13,162
69887.5,14,-6,313
69890.0,-9,36,197
69892.5,37,13,221
69895.0,50,6,346
69897.5,6,-49,383
69900.0,78,11,337
69902.5,70,25,237
69905.0,-1,8,268
69907.5,-58,-8,290
69910.0,75,-9,321
69912.5,233,92,157
69915.0,-34,-38,232
69917.5,67,-42,359
69920.0,67,-42,359
69922.5,35,72,413
69925.0,-12,-30,272
69927.5,84,30,344
69930.0,88,-42,313
69932.5,25,5,215
69935.0,57,20,303
69937.5,29,23,319
69940.0,70,78,171
69942.5,54,-26,289
69945.0,39,66,239
69947.5,-55,-49,369
69950.0,-21,20,294
69952.5,17,5,300
69955.0,-84,-64,474
69957.5,23,-12,340
69960.0,34,3,363
69962.5,-28,-50,312
69965.0,29,2,303
69967.5,28,-14,240
69970.0,28,-14,240
69972.5,-7,3,204
69975.0,21,-18,340
69977.5,-37,-28,360
69980.0,-34,-62,293
69982.5,5,25,268
69985.0,-33,-21,354
69987.5,14,-32,283
69990.0,128,10,313
69992.5,14,48,319
69995.0,18,-6,284
69997.5,3,-28,291
70000.0,14,-25,338
70002.5,127,31,276
70005.0,-19,19,287
70007.5,14,11,318
70010.0,152,3,298
70012.5,25,50,407
70015.0,-33,-50,362
70017.5,76,36,216
70020.0,76,36,216
70022.5,1,38,301
70025.0,-5,-17,284
70027.5,7,29,402
70030.0,23,27,302
70032.5,41,-19,209
70035.0,-10,-34,333
70037.5,35,10,241
70040.0,16,12,306
70042.5,32,-5,261
70045.0,12,11,245
70047.5,47,-3,219
70050.0,45,-64,362
70052.5,87,2,304
70055.0,15,-98,399
70057.5,42,49,343
70060.0,67,10,320
70062.5,-19,-25,194
70065.0,39,-18,263
70067.5,45,17,364
70070.0,45,17,364
70072.5,-61,-20,326
70075.0,-42,7,344
70077.5,-1,42,310
70080.0,8,-12,365
70082.5,24,-22,295
70085.0,-9,4,340
70087.5,10,-29,360
70090.0,25,-26,375
70092.5,23,63,266
70095.0,93,99,258
70097.5,43,-15,298
70100.0,22,-29,262
70102.5,134,55,267
70105.0,-7,-2,283
70107.5,45,-9,311
70110.0,27,5,301
70112.5,62,7,361
70115.0,-19,2,350
70117.5,48,4,376
70120.0,48,4,376
70122.5,2,5,404
70125.0,34,0,276
70127.5,58,-73,335
70130.0,-37,-38,364
70132.5,82,30,257
70135.0,37,10,244
70137.5,-39,-68,314
70140.0,52,25,310
70142.5,6,-34,340
70145.0,13,-7,368
70147.5,-43,-51,305
70150.0,-13,-1,313
70152.5,41,-5,283
70155.0,61,0,254
70157.5,5,19,333
70160.0,25,-18,257
70162.5,8,17,269
70165.0,-4,-28,324
70167.5,45,9,244
70170.0,45,9,244
70172.5,-28,-32,287
70175.0,-8,-37,316
70177.5,54,27,328
70180.0,-11,-12,294
70182.5,52,44,335
70185.0,-47,-56,346
70187.5,24,-27,371
70190.0,-12,-97,289
70192.5,93,70,243
70195.0,-21,-49,310
70197.5,42,4,258
70200.0,45,34,298
70202.5,-51,-58,345
70205.0,59,27,320
70207.5,-18,-21,330
70210.0,-65,-63,354
70212.5,81,48,314
70215.0,55,-2,215
70217.5,-40,15,289
70220.0,-40,15,289
70222.5,-50,-57,349
70225.0,-38,-74,423
70227.5,-3,-5,265
70230.0,114,-5,226
70232.5,55,-1,133
70235.0,-12,-6,160
70237.5,20,10,316
70240.0,12,16,450
70242.5,-27,-13,265
70245.0,-26,8,352
70247.5,52,12,297
70250.0,38,7,293
70252.5,-17,-59,320
70255.0,-10,-13,351
70257.5,69,6,192
70260.0,-83,-107,299
70262.5,-46,-66,312
70265.0,2,5,319
70267.5,5,8,398
70270.0,5,8,398
70272.5,99,37,231
70275.0,19,1,305
70277.5,69,-6,235
70280.0,-59,-10,391
70282.5,11,1,297
70285.0,-33,18,368
70287.5,32,27,266
70290.0,52,63,334
70292.5,46,10,305
70295.0,-48,-22,292
70297.5,38,-23,226
70300.0,-59,-26,295
70302.5,-32,-48,127
70305.0,68,30,271
70307.5,85,44,336
70310.0,-52,-89,342
70312.5,122,77,223
70315.0,-75,-12,296
70317.5,-75,-12,296
70320.0,-25,-58,292
70322.5,21,23,372
70325.0,104,51,376
70327.5,39,-8,300
70330.0,9,-13,328
70332.5,14,-3,295
70335.0,-3,-15,288
70337.5,-19,-8,328
70340.0,-55,-32,298
70342.5,0,-16,293
70345.0,-7,-6,320
70347.5,14,-6,325
70350.0,-11,9,340
70352.5,-17,-14,346
70355.0,-31,28,218
70357.5,-46,-29,335
70360.0,-8,-41,234
70362.5,29,18,281
70365.0,34,16,310
70367.5,34,16,310
70370.0,28,6,278
70372.5,-27,-34,356
70375.0,-14,-24,315
70377.5,29,7,310
70380.0,-51,52,287
70382.5,86,49,270
70385.0,389,250,251
70387.5,74,76,448
70390.0,33,-11,335
70392.5,48,50,332
70395.0,71,-2,222
70397.5,7,21,275
70400.0,-46,-9,355
70402.5,53,-2,301
70405.0,12,10,255
70407.5,1,19,280
70410.0,5,-9,265
70412.5,10,34,306
70415.0,-50,-22,289
70417.5,-50,-22,289
70420.0,53,17,289
70422.5,-27,-21,330
70425.0,51,16,282
70427.5,27,4,271
70430.0,236,119,398
70432.5,126,3,277
70435.0,42,79,319
70437.5,-47,-53,431
70440.0,-14,-42,344
70442.5,20,18,208
70445.0,37,-2,277
70447.5,32,-22,377
70450.0,-41,-15,333
70452.5,9,-29,255
70455.0,-33,-39,300
70457.5,-68,-11,401
70460.0,-30,43,298
70462.5,-27,32,276
70465.0,60,20,285
70467.5,60,20,285
70470.0,-3,29,288
70472.5,-3,-57,243
70475.0,-67,-24,344
70477.5,-32,-36,303
70480.0,7,-23,307
70482.5,-21,17,296
70485.0,-35,-22,236
70487.5,58,6,404
70490.0,72,4,348
70492.5,76,-62,319
70495.0,-51,-30,307
70497.5,24,9,279
70500.0,15,13,349
70502.5,14,-33,292
70505.0,-35,-17,285
70507.5,39,14,284
70510.0,-27,-44,354
70512.5,-25,-16,301
70515.0,-23,-25,322
70517.5,-23,-25,322
70520.0,-98,-70,361
70522.5,62,-32,286
70525.0,-11,2,399
70527.5,51,6,282
70530.0,66,34,256
70532.5,-9,-60,341
70535.0,-26,-42,251
70537.5,-24,-43,334
70540.0,15,-3,306
70542.5,19,-10,249
70545.0,10,-32,306
70547.5,41,17,371
70550.0,-20,-30,316
70552.5,1,-15,344
70555.0,-49,-53,293
70557.5,-19,-22,265
70560.0,-37,-19,336
70562.5,38,-28,247
70565.0,61,22,241
70567.5,61,22,241
70570.0,8,-23,319
70572.5,39,-13,273
70575.0,32,11,314
70577.5,60,31,335
70580.0,29,0,315
70582.5,2,-6,361
70585.0,-1,-7,290
70587.5,64,36,318
70590.0,-58,-51,457
70592.5,-17,5,290
70595.0,-112,-56,324
70597.5,-42,-68,390
70600.0,-2,-6,312
70602.5,44,-5,337
70605.0,32,-4,332
70607.5,47,-20,101
70610.0,-31,-1,269
70612.5,-17,-32,336
70615.0,8,-14,511
70617.5,8,-14,511
70620.0,42,-19,294
70622.5,10,-33,253
70625.0,20,-13,201
70627.5,21,-14,327
70630.0,5,22,300
70632.5,-8,-25,327
70635.0,-11,34,286
70637.5,62,3,286
70640.0,-223,-180,509
70642.5,151,75,366
70645.0,24,-18,291
70647.5,-53,-41,408
70650.0,-59,-76,196
70652.5,12,-15,146
70655.0,-9,-12,198
70657.5,-1,-34,263
70660.0,-25,-47,336
70662.5,1,-31,284
70665.0,19,-7,322
70667.5,19,-7,322
70670.0,14,-13,472
70672.5,-60,-35,403
70675.0,41,65,262
70677.5,11,-15,362
70680.0,-53,-13,267
70682.5,3,-2,237
70685.0,118,136,182
70687.5,74,29,202
70690.0,-38,-81,322
70692.5,-55,-58,219
70695.0,72,39,283
70697.5,-38,-3,235
70700.0,45,7,300
70702.5,42,30,355
70705.0,-33,-82,338
70707.5,84,60,312
70710.0,49,61,275
70712.5,-34,47,312
70715.0,-1,-23,230
70717.5,-1,-23,230
70720.0,-15,-4,286
70722.5,51,41,260
70725.0,10,-22,338
70727.5,-58,-23,313
70730.0,5,-24,410
70732.5,-42,-17,336
70735.0,-33,-49,282
70737.5,77,32,276
70740.0,-11,-4,284
70742.5,-3,-25,266
70745.0,60,29,316
70747.5,-29,-28,353
70750.0,53,20,293
70752.5,-37,-74,342
70755.0,48,-15,287
70757.5,11,27,395
70760.0,-37,-50,240
70762.5,-52,-128,257
70765.0,78,-40,369
70767.5,78,-40,369
70770.0,52,-17,417
70772.5,21,0,373
70775.0,-41,-13,250
70777.5,43,1,259
70780.0,38,-46,305
70782.5,-77,-43,384
70785.0,54,-61,297
70787.5,-50,-19,244
70790.0,-25,-32,294
70792.5,23,-21,287
70795.0,-31,-10,340
70797.5,-30,-23,277
70800.0,-29,-12,351
70802.5,13,26,261
70805.0,-88,-151,350
70807.5,153,-24,280
70810.0,211,-25,411
70812.5,-126,-97,257
70815.0,-28,-34,336
70817.5,-28,-34,336
70820.0,-6,-21,266
70822.5,91,21,336
70825.0,-9,-31,389
70827.5,-20,-22,324
70830.0,51,16,256
70832.5,-36,-41,285
70835.0,-68,-21,407
70837.5,118,9,299
70840.0,-123,31,271
70842.5,32,5,280
70845.0,-67,-52,340
70847.5,18,11,399
70850.0,37,-11,294
70852.5,-8,15,298
70855.0,-6,-22,331
70857.5,61,-11,281
70860.0,-49,-11,293
70862.5,-27,-9,264
70865.0,101,21,276
70867.5,101,21,276
70870.0,21,48,344
70872.5,39,22,223
70875.0,34,47,220
70877.5,-43,-26,300
70880.0,17,1,291
70882.5,5,45,341
70885.0,35,13,294
70887.5,-12,-50,298
70890.0,35,-18,283
70892.5,-3,-31,326
70895.0,31,-22,324
70897.5,-32,-69,372
70900.0,17,-3,321
70902.5,-34,-42,256
70905.0,-32,-15,296
70907.5,12,-19,249
70910.0,100,30,260
70912.5,11,14,270
70915.0,61,54,270
70917.5,61,54,270
70920.0,-2,-15,330
70922.5,12,1,335
70925.0,62,-1,303
70927.5,21,3,324
70930.0,-18,-35,328
70932.5,21,0,300
70935.0,-43,-22,343
70937.5,26,-39,289
70940.0,44,-12,270
70942.5,5,-1,314
70945.0,61,62,233
70947.5,51,22,274
70950.0,-20,-31,331
70952.5,27,-14,273
70955.0,8,-16,320
70957.5,56,44,330
70960.0,28,-27,322
70962.5,46,5,357
70965.0,3,-33,347
70967.5,3,-33,347
70970.0,25,10,366
70972.5,31,4,332
70975.0,6,58,242
70977.5,-79,-83,346
70980.0,-77,-19,254
70982.5,-45,-34,384
70985.0,84,30,373
70987.5,35,26,128
70990.0,48,-12,171
70992.5,3,-6,339
70995.0,-18,-9,381
70997.5,46,-5,370
71000.0,-60,-29,306
71002.5,12,9,243
71005.0,35,53,324
71007.5,-15,-20,317
71010.0,43,32,236
71012.5,25,30,350
71015.0,25,30,350
71017.5,-111,32,178
71020.0,-123,25,343
71022.5,37,20,406
71025.0,74,9,347
71027.5,-10,-41,293
71030.0,-33,-21,139
71032.5,34,19,237
71035.0,1,-45,462
71037.5,-10,-2,345
71040.0,9,7,326
71042.5,-7,-42,287
71045.0,5,8,263
71047.5,53,76,348
71050.0,-80,-125,315
71052.5,10,-53,312
71055.0,11,63,266
71057.5,-36,1,269
71060.0,29,-28,296
71062.5,1,-35,400
71065.0,1,-35,400
71067.5,-33,-74,402
71070.0,-17,-55,352
71072.5,25,4,307
71075.0,70,-22,134
71077.5,12,-26,220
71080.0,-25,-11,291
71082.5,56,11,286
71085.0,-14,17,323
71087.5,-36,-25,303
71090.0,-1,-21,329
71092.5,-25,-34,469
71095.0,38,105,265
71097.5,-9,2,308
71100.0,16,-5,264
71102.5,5,-29,307
71105.0,-49,-52,326
71107.5,-25,-124,444
71110.0,49,-15,282
71112.5,-24,-15,341
71115.0,-24,-15,341
71117.5,-35,-27,265
71120.0,-58,31,325
71122.5,24,-38,297
71125.0,13,-2,261
71127.5,7,-13,329
71130.0,-43,-18,294
71132.5,-17,-35,294
71135.0,-4,-36,339
71137.5,56,5,247
71140.0,-76,-109,334
71142.5,-117,73,292
71145.0,44,53,256
71147.5,91,-33,357
71150.0,-100,-83,381
71152.5,-38,-40,286
71155.0,39,22,190
71157.5,20,-10,263
71160.0,17,-28,292
71162.5,-29,-51,335
71165.0,-29,-51,335
71167.5,13,2,220
71170.0,15,-12,267
71172.5,31,43,265
71175.0,62,1,302
71177.5,-34,-8,298
71180.0,-20,-12,310
71182.5,51,-9,328
71185.0,84,-10,301
71187.5,2,-87,378
71190.0,23,18,216
71192.5,-224,-67,384
71195.0,16,-16,235
71197.5,85,37,281
71200.0,-14,9,238
71202.5,22,-33,277
71205.0,18,-54,336
71207.5,-23,-58,413
71210.0,35,-35,304
71212.5,-43,-53,287
71215.0,-43,-53,287
71217.5,88,71,252
71220.0,10,-17,318
71222.5,10,-50,279
71225.0,12,-32,224
71227.5,-12,-26,313
71230.0,38,-31,399
71232.5,96,-24,347
71235.0,-14,-30,312
71237.5,39,40,314
71240.0,65,5,351
71242.5,-56,-53,273
71245.0,145,72,324
71247.5,36,-40,229
71250.0,-87,5,295
71252.5,55,-22,172
71255.0,3,-10,260
71257.5,-47,-17,291
71260.0,23,37,330
71262.5,4,-3,326
71265.0,4,-3,326
71267.5,44,-4,350
71270.0,38,-10,276
71272.5,-12,-14,364
71275.0,-44,-46,316
71277.5,3,-35,268
71280.0,-25,-38,335
71282.5,-8,-30,348
71285.0,86,-6,285
71287.5,0,-46,310
71290.0,33,17,234
71292.5,30,-9,312
71295.0,3,-8,304
71297.5,31,-3,305
71300.0,21,-2,342
71302.5,-29,11,335
71305.0,48,2,308
71307.5,-62,-54,324
71310.0,4,-6,317
71312.5,12,17,289
71315.0,12,17,289
71317.5,-40,-24,338
71320.0,69,4,246
71322.5,20,-24,276
71325.0,-66,-24,288
71327.5,-12,-27,226
71330.0,24,13,295
71332.5,-10,-37,343
71335.0,55,18,334
71337.5,-23,-29,343
71340.0,13,14,343
71342.5,-6,2,251
71345.0,-41,0,368
71347.5,-67,-40,368
71350.0,-59,-28,260
71352.5,84,50,294
71355.0,19,2,411
71357.5,-4,-41,378
71360.0,39,-14,421
71362.5,15,16,324
71365.0,15,16,324
71367.5,-5,-10,105
71370.0,-65,-29,227
71372.5,20,-24,347
71375.0,-26,-2,448
71377.5,59,-9,265
71380.0,-39,-21,221
71382.5,11,-26,334
71385.0,10,6,304
71387.5,25,-31,315
71390.0,-45,13,261
71392.5,50,40,318
71395.0,37,4,294
71397.5,32,-22,295
71400.0,-44,17,354
71402.5,23,-2,455
71405.0,59,5,317
71407.5,19,-21,162
71410.0,-3,-46,222
71412.5,60,14,381
71415.0,60,14,381
71417.5,62,-7,418
71420.0,15,-1,393
71422.5,59,10,229
71425.0,-23,-55,364
71427.5,25,-47,287
71430.0,-13,-41,283
71432.5,48,-13,220
71435.0,46,-6,264
71437.5,47,-22,340
71440.0,-101,-19,275
71442.5,55,1,386
71445.0,21,-38,373
71447.5,-41,-40,293
71450.0,35,-3,278
71452.5,24,-35,247
71455.0,21,-15,280
71457.5,1,-5,375
71460.0,47,-28,353
71462.5,49,0,305
71465.0,49,0,305
71467.5,-5,-17,323
71470.0,66,13,253
71472.5,15,17,487
71475.0,45,36,378
71477.5,6,-28,302
71480.0,-9,-47,308
71482.5,53,14,340
71485.0,7,9,288
71487.5,37,-8,340
71490.0,42,-55,318
71492.5,-10,-33,288
71495.0,-8,-30,299
71497.5,15,-4,306
71500.0,-31,14,335
71502.5,-32,-18,313
71505.0,47,-9,326
71507.5,30,-19,339
71510.0,27,67,262
71512.5,27,67,262
71515.0,-5,-27,277
71517.5,-12,1,303
71520.0,55,-1,303
71522.5,24,-9,337
71525.0,1,40,293
71527.5,37,-42,207
71530.0,117,57,412
71532.5,-124,-30,218
71535.0,11,-84,423
71537.5,28,54,392
71540.0,23,-4,215
71542.5,121,52,118
71545.0,-37,-44,334
71547.5,30,5,260
71550.0,38,-14,399
71552.5,19,0,312
71555.0,65,-39,264
71557.5,45,-26,359
71560.0,49,-4,262
71562.5,49,-4,262
71565.0,-3,-21,325
71567.5,0,-18,251
71570.0,48,-14,259
71572.5,5,37,307
71575.0,7,8,344
71577.5,35,0,298
71580.0,18,-24,346
71582.5,-117,-116,298
71585.0,34,7,224
71587.5,34,-101,336
71590.0,-132,-79,396
71592.5,8,15,412
71595.0,-40,-28,189
71597.5,-1,12,173
71600.0,34,29,330
71602.5,22,18,434
71605.0,22,-3,238
71607.5,23,-17,316
71610.0,-17,-13,367
71612.5,-17,-13,367
71615.0,43,5,298
71617.5,-6,4,393
71620.0,55,14,222
71622.5,-58,-37,265
71625.0,57,85,292
71627.5,-52,25,262
71630.0,-10,41,234
71632.5,12,19,285
71635.0,-40,-114,368
71637.5,34,15,313
71640.0,1,-28,376
71642.5,-49,-6,300
71645.0,-32,-24,332
71647.5,14,16,275
71650.0,14,0,273
71652.5,21,36,317
71655.0,25,-4,240
71657.5,53,-7,304
71660.0,-25,-22,292
71662.5,-25,-22,292
71665.0,20,42,239
71667.5,40,12,341
71670.0,25,-15,274
71672.5,-8,-48,349
71675.0,19,-56,278
71677.5,-70,-7,324
71680.0,-3,30,335
71682.5,-28,-38,356
71685.0,37,8,289
71687.5,28,0,255
71690.0,44,23,342
71692.5,11,22,245
71695.0,64,10,269
71697.5,-52,-58,310
71700.0,23,2,296
71702.5,16,-18,324
71705.0,-20,-45,349
71707.5,-1,-18,286
71710.0,-6,-10,319
71712.5,-6,-10,319
71715.0,9,-24,339
71717.5,-36,-44,298
71720.0,25,30,330
71722.5,60,47,257
71725.0,10,30,311
71727.5,9,-18,470
71730.0,-196,-69,426
71732.5,191,109,377
71735.0,-80,-23,430
71737.5,34,7,360
71740.0,14,13,377
71742.5,46,36,370
71745.0,-7,-15,100
71747.5,-35,-35,299
71750.0,-20,-27,397
71752.5,23,4,294
71755.0,-28,-28,361
71757.5,-22,-56,228
71760.0,21,-18,254
71762.5,21,-18,254
71765.0,-8,-17,377
71767.5,28,2,335
71770.0,-10,13,309
71772.5,44,34,255
71775.0,4,-80,359
71777.5,-81,-86,314
71780.0,76,30,297
71782.5,67,14,437
71785.0,-35,-16,366
71787.5,-9,-12,160
71790.0,27,-11,319
71792.5,-45,-44,358
71795.0,88,32,281
71797.5,9,-67,321
71800.0,27,31,126
71802.5,56,5,291
71805.0,104,41,207
71807.5,-53,-20,308
71810.0,36,9,335
71812.5,36,9,335
71815.0,-37,-17,338
71817.5,24,-56,219
71820.0,47,-39,307
71822.5,-12,-77,410
71825.0,65,-28,201
71827.5,6,6,250
71830.0,48,2,214
71832.5,21,45,331
71835.0,-75,-82,254
71837.5,31,19,245
71840.0,-11,-11,420
71842.5,-20,-65,293
71845.0,56,26,261
71847.5,53,8,281
71850.0,60,80,277
71852.5,40,-67,348
71855.0,55,-47,339
71857.5,18,-7,293
71860.0,48,-26,363
71862.5,48,-26,363
71865.0,37,-36,298
71867.5,65,-12,419
71870.0,43,9,265
71872.5,26,-18,246
71875.0,-9,-11,312
71877.5,-14,24,381
71880.0,28,-11,332
71882.5,-31,0,312
71885.0,25,12,292
71887.5,112,26,265
71890.0,-29,-40,293
71892.5,26,-16,249
71895.0,-7,28,380
71897.5,-54,-34,224
71900.0,142,36,274
71902.5,102,-26,370
71905.0,-130,-83,296
71907.5,24,24,263
71910.0,-31,4,271
71912.5,-31,4,271
71915.0,-6,19,206
71917.5,-8,22,275
71920.0,-26,-20,284
71922.5,57,14,310
71925.0,-32,-12,290
71927.5,8,-21,311
71930.0,129,25,301
71932.5,-67,-17,380
71935.0,46,-23,257
71937.5,68,3,233
71940.0,-42,-55,267
71942.5,-7,19,300
71945.0,-54,-50,382
71947.5,-147,-106,266
71950.0,314,108,350
71952.5,32,14,331
71955.0,27,7,279
71957.5,54,-1,174
71960.0,54,-1,174
71962.5,0,-11,305
71965.0,39,18,343
71967.5,1,-22,306
71970.0,-11,13,263
71972.5,-34,-52,352
71975.0,-14,-73,320
71977.5,178,21,400
71980.0,-7,13,275
71982.5,7,-39,391
71985.0,22,3,219
71987.5,-28,2,277
71990.0,25,-22,334
71992.5,-39,-9,280
71995.0,33,-63,331
71997.5,87,-9,287
72000.0,25,-21,224
72002.5,4,54,222
72005.0,-36,12,328
72007.5,12,42,364
72010.0,12,42,364
72012.5,-2,-13,260
72015.0,70,22,340
72017.5,50,20,308
72020.0,-15,-11,375
72022.5,48,-13,289
72025.0,12,-8,254
72027.5,18,-77,279
72030.0,29,10,321
72032.5,-63,-12,350
72035.0,-25,24,387
72037.5,12,-22,267
72040.0,7,-17,312
72042.5,57,19,403
72045.0,5,-1,347
72047.5,-30,-1,300
72050.0,40,-18,354
72052.5,53,1,276
72055.0,19,-4,340
72057.5,46,14,276
72060.0,46,14,276
72062.5,-47,-19,262
72065.0,-40,-18,284
72067.5,25,10,275
72070.0,29,50,302
72072.5,-25,-48,311
72075.0,44,11,322
72077.5,-4,-6,341
72080.0,22,9,318
72082.5,30,-3,292
72085.0,-7,-8,325
72087.5,15,0,331
72090.0,51,37,266
72092.5,53,16,346
72095.0,57,37,256
72097.5,29,46,245
72100.0,-46,-42,325
72102.5,29,23,306
72105.0,0,-24,374
72107.5,-73,-18,317
72110.0,-73,-18,317
72112.5,-99,-70,343
72115.0,7,-25,424
72117.5,-31,-13,340
72120.0,45,-6,288
72122.5,19,-17,322
72125.0,152,58,100
72127.5,7,2,261
72130.0,-16,-36,451
72132.5,96,-13,283
72135.0,12,9,295
72137.5,6,-26,258
72140.0,39,-26,296
72142.5,17,-7,338
72145.0,-22,-13,307
72147.5,91,34,242
72150.0,-80,14,248
72152.5,117,4,70
72155.0,17,5,258
72157.5,-12,-5,357
72160.0,-12,-5,357
72162.5,-13,-32,419
72165.0,2,-20,226
72167.5,31,-17,158
72170.0,70,13,310
72172.5,-61,-49,382
72175.0,2,-53,256
72177.5,3,-1,268
72180.0,-21,-3,260
72182.5,50,-4,275
72185.0,-31,25,316
72187.5,58,77,243
72190.0,-55,-34,392
72192.5,-47,-53,404
72195.0,-16,69,290
72197.5,-21,-108,252
72200.0,65,9,284
72202.5,57,49,342
72205.0,-34,-70,410
72207.5,-42,-96,290
72210.0,-42,-96,290
72212.5,98,2,310
72215.0,7,-36,222
72217.5,-2,26,273
72220.0,44,-43,317
72222.5,-32,10,292
72225.0,41,6,217
72227.5,44,20,290
72230.0,-6,34,316
72232.5,69,48,338
72235.0,22,-16,334
72237.5,-71,-84,311
72240.0,74,14,283
72242.5,-36,-31,307
72245.0,-1,-30,323
72247.5,40,10,328
72250.0,-41,-22,308
72252.5,12,-37,299
72255.0,-22,-1,357
72257.5,-57,-31,273
72260.0,-57,-31,273
72262.5,31,-58,289
72265.0,9,-24,314
72267.5,22,-12,267
72270.0,-35,-9,319
72272.5,-29,-28,339
72275.0,60,-40,294
72277.5,-58,-48,312
72280.0,-208,-155,215
72282.5,-162,80,284
72285.0,21,-30,430
72287.5,-37,-39,339
72290.0,43,17,253
72292.5,-30,-14,280
72295.0,-30,-8,303
72297.5,66,9,401
72300.0,35,-26,325
72302.5,38,-5,256
72305.0,23,32,309
72307.5,41,34,210
72310.0,41,34,210
72312.5,3,-28,334
72315.0,17,24,279
72317.5,67,17,271
72320.0,-2,64,275
72322.5,74,26,351
72325.0,9,39,301
72327.5,-86,-60,353
72330.0,-32,-29,352
72332.5,-13,-28,291
72335.0,-45,-38,247
72337.5,51,-8,224
72340.0,35,25,282
72342.5,-10,-7,386
72345.0,8,-31,261
72347.5,39,12,337
72350.0,-104,-47,383
72352.5,26,5,300
72355.0,34,33,388
72357.5,34,33,388
72360.0,23,52,239
72362.5,-20,-10,278
72365.0,22,3,266
72367.5,-6,21,289
72370.0,41,30,321
72372.5,-14,-30,395
72375.0,6,9,326
72377.5,-21,-68,344
72380.0,4,-49,271
72382.5,102,20,323
72385.0,48,33,315
72387.5,-35,1,286
72390.0,29,-44,229
72392.5,-72,-48,407
72395.0,24,19,205
72397.5,-57,-6,336
72400.0,52,26,257
72402.5,-31,-9,230
72405.0,25,-27,284
72407.5,25,-27,284
72410.0,-8,-26,323
72412.5,19,16,289
72415.0,-21,-11,344
72417.5,-35,-81,330
72420.0,11,-1,314
72422.5,23,-3,372
72425.0,35,27,247
72427.5,16,-5,253
72430.0,30,19,321
72432.5,4,0,271
72435.0,-39,-19,324
72437.5,-4,-5,316
72440.0,23,-15,282
72442.5,12,-5,330
72445.0,-14,11,327
72447.5,34,-24,314
72450.0,-27,-29,354
72452.5,-34,-17,309
72455.0,83,21,248
72457.5,83,21,248
72460.0,14,8,330
72462.5,36,12,218
72465.0,-19,-35,282
72467.5,5,39,310
72470.0,45,20,296
72472.5,23,19,308
72475.0,-71,-33,353
72477.5,55,24,323
72480.0,18,25,388
72482.5,-10,-32,345
72485.0,-68,-38,240
72487.5,-66,1,326
72490.0,12,16,179
72492.5,55,-5,200
72495.0,-113,-45,286
72497.5,-51,-62,395
72500.0,67,0,387
72502.5,61,33,242
72505.0,37,28,142
72507.5,37,28,142
72510.0,62,15,268
72512.5,-50,-71,462
72515.0,13,-2,261
72517.5,-19,-15,332
72520.0,24,-65,216
72522.5,136,34,239
72525.0,-9,-1,260
72527.5,-7,-65,290
72530.0,21,-16,317
72532.5,34,140,176
72535.0,11,-10,384
72537.5,103,-9,367
72540.0,82,23,307
72542.5,102,37,328
72545.0,-11,-34,249
72547.5,62,2,141
72550.0,13,24,342
72552.5,-28,-46,422
72555.0,40,-13,321
72557.5,40,-13,321
72560.0,48,22,238
72562.5,19,-30,216
72565.0,39,5,223
72567.5,79,34,262
72570.0,25,18,238
72572.5,53,10,318
72575.0,-52,-104,271
72577.5,30,-7,276
72580.0,-34,-20,379
72582.5,-45,-82,382
72585.0,28,-20,325
72587.5,34,25,232
72590.0,42,-53,208
72592.5,3,-14,267
72595.0,62,33,211
72597.5,28,35,296
72600.0,-67,-42,326
72602.5,58,18,323
72605.0,38,-7,275
72607.5,38,-7,275
72610.0,-28,-4,389
72612.5,56,4,340
72615.0,31,30,206
72617.5,-12,-31,267
72620.0,27,-2,358
72622.5,6,7,332
72625.0,2,-34,362
72627.5,21,4,244
72630.0,-49,-36,300
72632.5,16,-6,258
72635.0,5,-27,341
72637.5,-33,-6,301
72640.0,29,-27,297
72642.5,18,16,344
72645.0,-8,-8,301
72647.5,17,-28,251
72650.0,-5,-19,287
72652.5,-22,28,316
72655.0,210,34,340
72657.5,210,34,340
72660.0,-15,46,281
72662.5,-142,-102,343
72665.0,8,25,310
72667.5,61,2,310
72670.0,80,37,199
72672.5,-13,27,378
72675.0,-56,-52,302
72677.5,99,31,342
72680.0,-22,-34,289
72682.5,26,-33,235
72685.0,48,39,308
72687.5,-31,-5,343
72690.0,21,12,305
72692.5,49,-10,372
72695.0,1,-38,325
72697.5,60,-32,319
72700.0,13,-57,371
72702.5,85,7,259
72705.0,-120,33,193
72707.5,-120,33,193
72710.0,-77,-20,378
72712.5,66,25,328
72715.0,-4,-19,333
72717.5,-46,28,251
72720.0,40,1,295
72722.5,6,10,413
72725.0,-3,8,264
72727.5,1,-16,282
72730.0,-32,-15,404
72732.5,2,-34,332
72735.0,41,-25,311
72737.5,-10,-79,365
72740.0,36,27,278
72742.5,8,-57,316
72745.0,-122,-15,360
72747.5,44,29,348
72750.0,21,4,289
72752.5,16,-72,341
72755.0,53,27,301
72757.5,53,27,301
72760.0,-40,-48,332
72762.5,108,38,275
72765.0,59,-4,302
72767.5,-16,22,301
72770.0,47,-19,225
72772.5,21,5,318
72775.0,29,8,315
72777.5,15,8,284
72780.0,8,-17,301
72782.5,41,28,345
72785.0,-25,-46,309
72787.5,54,-27,360
72790.0,-24,-37,301
72792.5,2,17,338
72795.0,49,29,364
72797.5,-60,-1,347
72800.0,-10,1,284
72802.5,-11,-23,311
72805.0,64,21,228
72807.5,64,21,228
72810.0,-40,-30,293
72812.5,-10,8,323
72815.0,25,18,282
72817.5,5,-4,325
72820.0,-11,12,331
72822.5,-11,-11,317
72825.0,22,-29,349
72827.5,0,1,322
72830.0,6,-30,272
72832.5,12,13,323
72835.0,-28,-17,245
72837.5,46,14,260
72840.0,27,23,325
72842.5,49,-9,267
72845.0,37,9,314
72847.5,5,-20,334
72850.0,96,32,289
72852.5,-9,-15,344
72855.0,86,73,332
72857.5,86,73,332
72860.0,32,32,336
72862.5,-10,47,234
72865.0,-37,-61,-1
72867.5,31,-5,99
72870.0,-17,-50,273
72872.5,-115,-91,338
72875.0,103,52,362
72877.5,44,-3,414
72880.0,36,14,248
72882.5,-10,-36,147
72885.0,-52,-12,235
72887.5,61,2,428
72890.0,3,-19,431
72892.5,-27,-46,141
72895.0,33,13,238
72897.5,-6,-18,349
72900.0,32,28,327
72902.5,4,-13,355
72905.0,4,-13,355
72907.5,-56,-66,285
72910.0,33,12,281
72912.5,86,-19,176
72915.0,15,-63,327
72917.5,32,-64,262
72920.0,7,-13,424
72922.5,16,-22,240
72925.0,25,3,68
72927.5,34,-1,246
72930.0,42,-12,329
72932.5,5,9,357
72935.0,-13,24,330
72937.5,-34,-50,248
72940.0,29,30,314
72942.5,-11,-66,158
72945.0,98,-32,282
72947.5,10,4,294
72950.0,66,-74,152
72952.5,-10,-18,363
72955.0,-10,-18,363
72957.5,34,-7,282
72960.0,44,35,331
72962.5,17,-39,310
72965.0,52,-4,242
72967.5,113,10,184
72970.0,2,-6,284
72972.5,15,16,301
72975.0,7,4,297
72977.5,67,84,385
72980.0,17,8,375
72982.5,-3,-15,349
72985.0,60,10,312
72987.5,-13,-1,450
72990.0,-50,-67,385
72992.5,-20,-31,229
72995.0,17,-36,340
72997.5,41,23,319
73000.0,-45,-30,315
73002.5,-30,-24,312
73005.0,-30,-24,312
73007.5,-6,-9,322
73010.0,38,-7,257
73012.5,-57,-28,286
73015.0,28,-14,249
73017.5,40,-3,310
73020.0,-46,-2,260
73022.5,3,-43,229
73025.0,54,30,361
73027.5,-81,-91,273
73030.0,37,10,232
73032.5,8,7,297
73035.0,56,19,270
73037.5,-30,-54,349
73040.0,110,50,198
73042.5,-119,25,332
73045.0,-186,-47,511
73047.5,-86,-42,369
73050.0,112,41,331
73052.5,-21,-16,430
73055.0,-21,-16,430
73057.5,11,-7,87
73060.0,57,-29,316
73062.5,-49,-27,366
73065.0,17,11,378
73067.5,-9,12,313
73070.0,4,-30,282
73072.5,37,-11,362
73075.0,-81,-54,431
73077.5,7,-15,286
73080.0,24,24,269
73082.5,47,4,264
73085.0,77,16,301
73087.5,50,-29,331
73090.0,-100,-80,402
73092.5,80,37,325
73095.0,-64,-96,342
73097.5,-25,-37,269
73100.0,-17,-50,359
73102.5,49,1,413
73105.0,49,1,413
73107.5,17,-35,104
73110.0,-30,-4,235
73112.5,16,17,321
73115.0,52,26,350
73117.5,81,22,219
73120.0,-80,-66,292
73122.5,56,-7,330
73125.0,80,-10,362
73127.5,31,-6,260
73130.0,8,14,237
73132.5,-70,-40,330
73135.0,-45,-46,330
73137.5,136,36,225
73140.0,-30,-152,258
73142.5,-49,-67,317
73145.0,43,34,254
73147.5,38,-42,386
73150.0,65,74,290
73152.5,-41,-18,238
73155.0,-41,-18,238
73157.5,-38,-18,351
73160.0,49,-3,345
73162.5,-28,-9,340
73165.0,-34,-74,320
73167.5,93,32,287
73170.0,-16,-10,348
73172.5,-21,-13,238
73175.0,36,15,281
73177.5,-31,-3,302
73180.0,41,-24,244
73182.5,-15,-5,302
73185.0,34,-1,319
73187.5,38,65,224
73190.0,-26,-11,335
73192.5,3,-6,358
73195.0,9,1,277
73197.5,5,-8,341
73200.0,-2,-16,290
73202.5,65,0,245
73205.0,65,0,245
73207.5,33,41,330
73210.0,33,-11,242
73212.5,17,11,265
73215.0,-52,-36,314
73217.5,10,-15,307
73220.0,18,-15,314
73222.5,13,-1,312
73225.0,12,16,305
73227.5,-12,-20,354
73230.0,-7,-61,324
73232.5,3,-39,253
73235.0,-11,-8,341
73237.5,-8,3,284
73240.0,110,15,265
73242.5,-43,-57,354
73245.0,-61,-63,262
73247.5,-16,-2,204
73250.0,5,28,278
73252.5,48,-20,325
73255.0,48,-20,325
73257.5,22,37,344
73260.0,-39,-49,348
73262.5,-29,-45,306
73265.0,-43,-21,254
73267.5,-72,-47,191
73270.0,46,11,379
73272.5,0,-3,406
73275.0,6,-10,204
73277.5,-18,-42,261
73280.0,-17,3,327
73282.5,-48,-18,346
73285.0,-54,-52,435
73287.5,6,-76,327
73290.0,-40,-59,227
73292.5,-33,-35,329
73295.0,63,-19,223
73297.5,36,-41,312
73300.0,1,-30,362
73302.5,59,27,295
73305.0,59,27,295
73307.5,33,-14,209
73310.0,18,13,268
73312.5,39,-13,449
73315.0,4,-11,355
73317.5,14,-5,253
73320.0,51,-38,159
73322.5,-108,-37,390
73325.0,36,-13,234
73327.5,-29,8,354
73330.0,3,-53,314
73332.5,4,-11,306
73335.0,-53,-44,307
73337.5,-9,6,330
73340.0,56,43,259
73342.5,-49,-28,348
73345.0,34,13,206
73347.5,7,-30,361
73350.0,-13,8,276
73352.5,47,11,366
73355.0,47,11,366
73357.5,-28,-37,438
73360.0,-48,-63,302
73362.5,38,9,284
73365.0,-13,-40,279
73367.5,37,-15,344
73370.0,20,-5,326
73372.5,7,37,260
73375.0,10,-24,286
73377.5,70,3,360
73380.0,14,12,264
73382.5,-25,-49,316
73385.0,72,-25,388
73387.5,67,25,237
73390.0,42,-2,279
73392.5,-16,22,291
73395.0,31,-11,262
73397.5,-14,-7,373
73400.0,-1,9,247
73402.5,41,-34,246
73405.0,41,-34,246
73407.5,12,14,268
73410.0,66,38,240
73412.5,33,-51,373
73415.0,52,7,235
73417.5,136,20,176
73420.0,-60,-161,398
73422.5,-124,-72,428
73425.0,-16,-16,385
73427.5,8,2,274
73430.0,56,-6,171
73432.5,54,7,319
73435.0,-25,-64,347
73437.5,34,14,343
73440.0,-5,4,334
73442.5,48,22,263
73445.0,114,17,309
73447.5,-49,-42,321
73450.0,40,-1,249
73452.5,40,-1,249
73455.0,69,-16,286
73457.5,6,19,292
73460.0,37,-3,235
73462.5,-38,-10,270
73465.0,115,82,313
73467.5,17,75,281
73470.0,7,-80,511
73472.5,46,-29,335
73475.0,7,-12,193
73477.5,45,3,230
73480.0,52,-9,267
73482.5,24,15,381
73485.0,-91,-53,299
73487.5,4,52,337
73490.0,78,-23,395
73492.5,-105,10,359
73495.0,113,-38,287
73497.5,29,-47,423
73500.0,-45,5,295
73502.5,-45,5,295
73505.0,159,-31,230
73507.5,-93,-29,220
73510.0,-15,-67,302
73512.5,39,-25,329
73515.0,-6,-39,375
73517.5,28,10,312
73520.0,-7,-25,291
73522.5,63,62,328
73525.0,34,38,252
73527.5,26,-18,337
73530.0,4,-22,338
73532.5,85,32,279
73535.0,-37,-21,368
73537.5,-33,19,260
73540.0,5,-7,247
73542.5,33,7,265
73545.0,63,-38,261
73547.5,5,-14,314
73550.0,2,-24,344
73552.5,2,-24,344
73555.0,-21,-72,360
73557.5,9,-16,322
73560.0,-30,-4,344
73562.5,10,20,348
73565.0,-1,-15,355
73567.5,-7,-25,309
73570.0,91,14,326
73572.5,32,4,321
73575.0,88,35,268
73577.5,-20,-31,273
73580.0,-33,-26,300
73582.5,10,-12,301
73585.0,19,-13,313
73587.5,48,19,285
73590.0,7,-13,319
73592.5,-12,-4,329
73595.0,10,-66,333
73597.5,-24,-19,265
73600.0,-14,-22,336
73602.5,-14,-22,336
73605.0,25,7,273
73607.5,78,33,258
73610.0,-30,-27,307
73612.5,-5,32,235
73615.0,4,-27,306
73617.5,29,5,306
73620.0,55,20,300
73622.5,-81,2,214
73625.0,-6,82,208
73627.5,-75,-8,347
73630.0,-55,-39,479
73632.5,-78,-15,421
73635.0,11,-67,323
73637.5,42,-14,387
73640.0,188,106,100
73642.5,38,-9,237
73645.0,-10,-5,277
73647.5,48,9,429
73650.0,14,27,279
73652.5,14,27,279
73655.0,-1,-3,244
73657.5,45,-48,243
73660.0,53,22,375
73662.5,26,-1,249
73665.0,30,29,237
73667.5,-17,-77,274
73670.0,7,-17,281
73672.5,-340,-140,339
73675.0,9,-69,360
73677.5,-35,-26,461
73680.0,-2,-51,428
73682.5,-2,-13,221
73685.0,-23,-51,162
73687.5,-25,-25,249
73690.0,13,0,333
73692.5,-5,-49,386
73695.0,-45,5,342
73697.5,48,19,281
73700.0,32,57,367
73702.5,32,57,367
73705.0,-43,-78,185
73707.5,-2,-11,139
73710.0,-38,-33,316
73712.5,49,-25,222
73715.0,52,-28,159
73717.5,-82,-31,447
73720.0,55,21,280
73722.5,18,-54,395
73725.0,15,5,264
73727.5,94,3,306
73730.0,-86,-62,473
73732.5,109,11,280
73735.0,16,-24,370
73737.5,-9,-19,307
73740.0,20,-9,423
73742.5,22,23,289
73745.0,60,38,289
73747.5,108,57,263
73750.0,-57,-19,343
73752.5,-57,-19,343
73755.0,12,30,206
73757.5,13,-7,340
73760.0,17,-47,305
73762.5,1,-16,249
73765.0,21,-12,418
73767.5,0,-26,309
73770.0,28,-6,283
73772.5,-1,24,337
73775.0,2,-8,283
73777.5,33,0,328
73780.0,-17,-31,368
73782.5,7,10,290
73785.0,26,-4,339
73787.5,15,55,270
73790.0,61,-7,219
73792.5,23,-87,335
73795.0,-1,-74,292
73797.5,164,24,350
73800.0,60,17,438
73802.5,60,17,438
73805.0,22,-3,384
73807.5,8,14,205
73810.0,-31,-37,283
73812.5,-11,-1,275
73815.0,20,-19,389
73817.5,26,15,246
73820.0,-16,-20,263
73822.5,-5,-4,309
73825.0,66,54,329
73827.5,16,-29,341
73830.0,-8,14,308
73832.5,-54,-13,371
73835.0,-54,-23,341
73837.5,-58,-68,244
73840.0,13,63,241
73842.5,-35,-31,393
73845.0,204,89,293
73847.5,1,-26,319
73850.0,7,-28,247
73852.5,7,-28,247
73855.0,-3,-79,255
73857.5,-6,-3,389
73860.0,-14,-29,311
73862.5,-22,17,254
73865.0,35,32,244
73867.5,1,-99,313
73870.0,-29,-78,291
73872.5,28,27,371
73875.0,15,-23,318
73877.5,44,25,331
73880.0,-30,15,312
73882.5,-31,-24,321
73885.0,-8,36,241
73887.5,5,-31,253
73890.0,5,4,290
73892.5,-28,-18,347
73895.0,36,-17,387
73897.5,1,-6,285
73900.0,-47,30,291
73902.5,-47,30,291
73905.0,32,-42,267
73907.5,-34,5,260
73910.0,18,-22,280
73912.5,-10,20,305
73915.0,95,55,207
73917.5,29,34,329
73920.0,-4,-25,290
73922.5,56,-42,346
73925.0,63,12,296
73927.5,53,43,257
73930.0,-20,-40,319
73932.5,63,57,229
73935.0,26,10,273
73937.5,2,-30,347
73940.0,8,16,273
73942.5,-8,-15,287
73945.0,16,-2,259
73947.5,31,-5,281
73950.0,31,-5,281
73952.5,60,24,325
73955.0,-16,2,310
73957.5,51,-4,298
73960.0,19,-2,329
73962.5,-25,-44,325
73965.0,10,4,256
73967.5,19,-20,340
73970.0,90,32,258
73972.5,35,38,285
73975.0,-4,-1,288
73977.5,79,24,283
73980.0,3,-7,304
73982.5,-7,-35,330
73985.0,70,-3,275
73987.5,0,-18,320
73990.0,11,-16,322
73992.5,-32,-40,297
73995.0,-36,-20,351
73997.5,-7,-28,347
74000.0,-7,-28,347
74002.5,-32,-12,396
74005.0,51,-7,248
74007.5,-33,-2,185
74010.0,-2,-69,397
74012.5,-29,-72,441
74015.0,36,11,297
74017.5,47,46,286
74020.0,33,35,281
74022.5,-13,-11,198
74025.0,109,-23,442
74027.5,8,20,279
74030.0,32,-1,251
74032.5,-28,-21,229
74035.0,3,38,272
74037.5,-9,18,327
74040.0,-31,37,310
74042.5,71,-5,266
74045.0,88,10,156
74047.5,57,-1,307
74050.0,57,-1,307
74052.5,40,13,364
74055.0,30,-23,333
74057.5,35,8,292
74060.0,-44,-17,204
74062.5,40,23,233
74065.0,42,3,331
74067.5,-85,-59,392
74070.0,-32,-33,341
74072.5,-26,-37,336
74075.0,-28,1,343
74077.5,36,8,340
74080.0,0,13,265
74082.5,-46,-18,313
74085.0,7,3,255
74087.5,-33,-96,332
74090.0,-6,62,326
74092.5,64,46,371
74095.0,-76,-68,412
74097.5,-38,-44,254
74100.0,-38,-44,254
74102.5,47,-14,184
74105.0,-41,-10,316
74107.5,30,-17,271
74110.0,10,1,495
74112.5,64,54,282
74115.0,57,15,312
74117.5,21,13,299
74120.0,38,-20,281
74122.5,128,52,154
74125.0,10,-44,313
74127.5,115,79,217
74130.0,9,-17,308
74132.5,30,-33,319
74135.0,49,12,312
74137.5,11,28,269
74140.0,-18,-18,197
74142.5,29,9,286
74145.0,-20,12,348
74147.5,36,-33,298
74150.0,36,-33,298
74152.5,16,-21,309
74155.0,-40,-25,368
74157.5,35,35,303
74160.0,66,-6,348
74162.5,39,8,277
74165.0,83,12,230
74167.5,-83,-63,261
74170.0,75,13,229
74172.5,-32,-25,386
74175.0,-211,-85,360
74177.5,144,63,350
74180.0,8,-24,394
74182.5,23,27,325
74185.0,30,-37,180
74187.5,-32,-36,352
74190.0,-30,-8,259
74192.5,37,-20,330
74195.0,-16,-53,295
74197.5,10,-28,262
74200.0,10,-28,262
74202.5,32,11,321
74205.0,13,-18,352
74207.5,25,6,346
74210.0,-64,-11,331
74212.5,0,-21,283
74215.0,110,41,310
74217.5,33,-2,360
74220.0,45,14,184
74222.5,-43,136,363
74225.0,95,35,313
74227.5,9,9,356
74230.0,-52,-20,319
74232.5,-21,7,305
74235.0,25,4,279
74237.5,8,8,445
74240.0,21,-32,235
74242.5,65,99,220
74245.0,33,-87,281
74247.5,3,0,260
74250.0,3,0,260
74252.5,117,69,247
74255.0,-12,-30,272
74257.5,-30,-18,298
74260.0,-46,-55,314
74262.5,-1,10,322
74265.0,44,6,290
74267.5,-11,-12,366
74270.0,-26,9,332
74272.5,-43,16,258
74275.0,-28,-46,378
74277.5,55,-13,278
74280.0,-20,-26,336
74282.5,18,10,252
74285.0,42,18,283
74287.5,20,-6,347
74290.0,-72,-29,346
74292.5,-8,-44,269
74295.0,47,10,329
74297.5,-56,-74,321
74300.0,-56,-74,321
74302.5,83,-21,205
74305.0,-99,-103,362
74307.5,85,4,266
74310.0,60,99,212
74312.5,-123,-96,282
74315.0,1,7,261
74317.5,24,9,335
74320.0,19,36,307
74322.5,24,-6,279
74325.0,8,10,345
74327.5,-19,-47,349
74330.0,47,4,323
74332.5,22,-45,341
74335.0,0,-26,332
74337.5,37,1,254
74340.0,38,-14,337
74342.5,65,19,291
74345.0,1,-23,254
74347.5,1,-23,254
74350.0,-55,-50,327
74352.5,-10,-13,247
74355.0,-28,-35,258
74357.5,8,1,320
74360.0,47,33,310
74362.5,-25,-50,350
74365.0,-12,-37,352
74367.5,10,15,323
74370.0,-47,-41,332
74372.5,30,15,316
74375.0,-3,15,280
74377.5,59,39,210
74380.0,29,-64,146
74382.5,17,-7,160
74385.0,-23,-35,265
74387.5,-32,12,398
74390.0,53,-2,366
74392.5,34,-29,435
74395.0,64,30,228
74397.5,64,30,228
74400.0,30,24,261
74402.5,-5,11,235
74405.0,61,-13,432
74407.5,-50,-26,483
74410.0,-14,-15,137
74412.5,32,8,228
74415.0,2,-29,262
74417.5,26,61,385
74420.0,-14,-2,313
74422.5,-18,-97,325
74425.0,-52,38,155
74427.5,-136,-20,484
74430.0,134,1,422
74432.5,15,-55,291
74435.0,-12,-17,408
74437.5,-40,-23,269
74440.0,13,-6,142
74442.5,8,-6,319
74445.0,44,17,377
74447.5,44,17,377
74450.0,74,-27,371
74452.5,27,2,274
74455.0,50,21,195
74457.5,47,-20,307
74460.0,-35,-12,342
74462.5,-7,84,304
74465.0,-30,3,363
74467.5,134,60,245
74470.0,-2,-23,241
74472.5,-38,8,377
74475.0,92,-21,373
74477.5,-39,-37,318
74480.0,-14,-9,200
74482.5,0,0,404
74485.0,-67,-40,431
74487.5,26,13,258
74490.0,-9,-8,277
74492.5,-14,-19,348
74495.0,27,-45,243
74497.5,27,-45,243
74500.0,17,14,286
74502.5,100,32,241
74505.0,0,-6,283
74507.5,39,-16,337
74510.0,40,-24,292
74512.5,7,26,186
74515.0,-4,-2,341
74517.5,34,-27,208
74520.0,41,13,251
74522.5,25,-88,332
74525.0,68,66,242
74527.5,-15,2,330
74530.0,16,5,272
74532.5,-11,-12,386
74535.0,36,21,233
74537.5,64,15,244
74540.0,-34,-29,336
74542.5,29,-29,251
74545.0,47,10,301
74547.5,47,10,301
74550.0,-7,-34,309
74552.5,64,84,266
74555.0,28,-21,340
74557.5,10,-20,313
74560.0,133,121,266
74562.5,19,-1,245
74565.0,236,148,312
74567.5,-86,-1,433
74570.0,-65,-29,405
74572.5,-9,3,232
74575.0,61,21,171
74577.5,-160,-55,273
74580.0,38,-10,378
74582.5,99,4,400
74585.0,45,1,292
74587.5,6,-21,234
74590.0,8,-19,329
74592.5,29,40,190
74595.0,14,-20,355
74597.5,14,-20,355
74600.0,8,-24,253
74602.5,68,4,295
74605.0,18,24,337
74607.5,-29,-18,334
74610.0,84,-13,329
74612.5,73,18,309
74615.0,2,-17,187
74617.5,-137,61,278
74620.0,-132,-79,393
74622.5,-5,63,216
74625.0,34,19,390
74627.5,-20,-3,305
74630.0,27,14,232
74632.5,-3,8,398
74635.0,-75,-87,416
74637.5,49,34,221
74640.0,17,29,298
74642.5,32,-12,317
74645.0,12,-57,279
74647.5,12,-57,279
74650.0,23,19,302
74652.5,-52,-51,384
74655.0,116,-30,267
74657.5,56,18,301
74660.0,65,31,282
74662.5,80,12,221
74665.0,8,-5,277
74667.5,82,15,308
74670.0,9,24,291
74672.5,37,-19,341
74675.0,47,23,222
74677.5,-18,-12,301
74680.0,-23,-17,279
74682.5,19,66,340
74685.0,-43,-30,260
74687.5,44,33,293
74690.0,-5,-65,306
74692.5,27,-25,340
74695.0,27,-25,340
74697.5,55,-5,319
74700.0,15,-9,345
74702.5,84,39,247
74705.0,86,16,294
74707.5,3,-2,339
74710.0,-16,-22,317
74712.5,57,-17,236
74715.0,-19,9,309
74717.5,40,26,233
74720.0,26,17,265
74722.5,9,8,269
74725.0,42,0,288
74727.5,10,16,308
74730.0,60,55,326
74732.5,26,-30,312
74735.0,6,-46,327
74737.5,44,36,335
74740.0,16,-19,301
74742.5,-27,0,326
74745.0,-27,0,326
74747.5,26,-33,245
74750.0,58,2,247
74752.5,-35,-28,317
74755.0,42,-7,247
74757.5,55,-40,265
74760.0,-66,-47,282
74762.5,58,18,69
74765.0,77,-15,228
74767.5,-17,-8,306
74770.0,-12,-3,440
74772.5,11,-16,404
74775.0,61,71,237
74777.5,1,38,165
74780.0,-74,-35,265
74782.5,19,-3,317
74785.0,7,-55,333
74787.5,-23,-26,257
74790.0,-3,-30,269
74792.5,86,10,298
74795.0,86,10,298
74797.5,19,-48,339
74800.0,36,-24,310
74802.5,24,65,292
74805.0,-1,-37,215
74807.5,16,-1,374
74810.0,1,-44,399
74812.5,17,4,381
74815.0,-19,-5,381
74817.5,-1,-22,265
74820.0,103,18,194
74822.5,7,-6,251
74825.0,-64,-39,296
74827.5,45,18,294
74830.0,-6,5,268
74832.5,-29,-25,253
74835.0,-43,-29,451
74837.5,-77,-113,417
74840.0,-40,-30,390
74842.5,43,0,338
74845.0,43,0,338
74847.5,44,14,178
74850.0,11,7,228
74852.5,-39,-33,290
74855.0,-21,-38,354
74857.5,15,-5,371
74860.0,-33,-3,306
74862.5,46,-26,338
74865.0,35,7,304
74867.5,-9,31,352
74870.0,84,-5,272
74872.5,-8,10,302
74875.0,9,-13,276
74877.5,0,-20,344
74880.0,27,-59,262
74882.5,144,37,309
74885.0,30,26,397
74887.5,19,17,289
74890.0,83,-8,240
74892.5,38,-9,307
74895.0,38,-9,307
74897.5,5,-60,217
74900.0,18,34,259
74902.5,-87,-49,404
74905.0,-34,14,328
74907.5,39,-9,343
74910.0,-29,-30,278
74912.5,12,-1,221
74915.0,29,-20,331
74917.5,-41,-59,302
74920.0,31,14,314
74922.5,7,-16,349
74925.0,-8,-37,293
74927.5,33,21,328
74930.0,-165,24,326
74932.5,-49,-17,311
74935.0,0,-46,428
74937.5,50,4,322
74940.0,-20,-21,342
74942.5,2,21,228
74945.0,2,21,228
74947.5,1,-2,296
74950.0,-30,-5,389
74952.5,-18,-8,372
74955.0,71,11,255
74957.5,-27,6,327
74960.0,12,-40,304
74962.5,-28,-45,294
74965.0,-34,-11,286
74967.5,-7,-22,271
74970.0,-15,-33,357
74972.5,6,28,379
74975.0,100,2,243
74977.5,-123,-7,312
74980.0,-85,-49,339
74982.5,181,41,369
74985.0,5,-21,357
74987.5,-15,-63,200
74990.0,-17,-14,341
74992.5,15,29,352
74995.0,15,29,352
74997.5,26,-12,346
75000.0,16,-12,305
75002.5,7,16,258
75005.0,51,11,366
75007.5,-34,-53,423
75010.0,72,-63,268
75012.5,74,-26,184
75015.0,3,-32,369
75017.5,-27,-6,327
75020.0,-8,-9,344
75022.5,40,-5,274
75025.0,66,-22,280
75027.5,63,-11,227
75030.0,-27,-10,335
75032.5,69,3,229
75035.0,-11,-37,416
75037.5,-75,-51,358
75040.0,126,26,181
75042.5,126,26,181
75045.0,-12,30,385
75047.5,-18,-12,266
75050.0,-4,-7,328
75052.5,52,14,297
75055.0,72,8,197
75057.5,4,-5,288
75060.0,-4,2,388
75062.5,31,-30,300
75065.0,34,-15,317
75067.5,-88,-42,308
75070.0,8,-24,319
75072.5,-41,-18,322
75075.0,64,22,256
75077.5,65,37,251
75080.0,-4,9,330
75082.5,19,6,229
75085.0,-23,-21,287
75087.5,7,18,301
75090.0,30,-19,252
75092.5,30,-19,252
75095.0,24,14,322
75097.5,-24,-63,334
75100.0,39,-16,303
75102.5,-5,-16,334
75105.0,-10,-28,331
75107.5,55,3,298
75110.0,-40,-42,340
75112.5,1,20,302
75115.0,30,-14,276
75117.5,-60,-39,335
75120.0,50,-17,277
75122.5,55,32,288
75125.0,28,4,329
75127.5,1,-11,270
75130.0,22,-8,342
75132.5,-50,8,337
75135.0,-9,42,485
75137.5,-38,19,474
75140.0,-84,-43,469
75142.5,-84,-43,469
75145.0,-68,-86,388
75147.5,-50,4,437
75150.0,12,-3,334
75152.5,20,24,281
75155.0,40,-7,191
75157.5,33,-8,211
75160.0,34,11,339
75162.5,-63,-85,464
75165.0,82,2,290
75167.5,24,12,331
75170.0,91,68,209
75172.5,18,4,369
75175.0,-19,-2,322
75177.5,19,16,209
75180.0,4,-36,290
75182.5,-68,24,290
75185.0,-69,-72,348
75187.5,15,26,414
75190.0,-30,-61,428
75192.5,-30,-61,428
75195.0,2,-25,328
75197.5,-17,-42,262
75200.0,33,20,207
75202.5,29,37,344
75205.0,-18,-7,350
75207.5,25,-15,316
75210.0,-17,-25,337
75212.5,6,-10,372
75215.0,82,5,318
75217.5,-29,-13,285
75220.0,-14,9,442
75222.5,-54,-48,257
75225.0,10,-4,372
75227.5,-22,-45,389
75230.0,-16,-10,400
75232.5,157,68,334
75235.0,49,-24,312
75237.5,-99,-62,359
75240.0,-48,-64,324
75242.5,-48,-64,324
75245.0,26,-15,199
75247.5,-18,-42,239
75250.0,34,7,333
75252.5,21,-6,373
75255.0,34,52,227
75257.5,44,53,271
75260.0,20,-5,313
75262.5,12,-30,248
75265.0,59,47,300
75267.5,-17,-12,325
75270.0,20,33,317
75272.5,20,-18,316
75275.0,-29,0,395
75277.5,50,9,256
75280.0,-60,-30,341
75282.5,-16,-15,245
75285.0,-27,-22,311
75287.5,-28,-13,346
75290.0,22,40,294
75292.5,22,40,294
75295.0,-10,33,312
75297.5,-7,21,338
75300.0,54,-18,258
75302.5,-22,-23,322
75305.0,40,-15,259
75307.5,-31,-98,252
75310.0,-133,-92,276
75312.5,90,-18,272
75315.0,125,88,381
75317.5,-9,-2,323
75320.0,9,-28,239
75322.5,61,36,276
75325.0,26,-2,208
75327.5,-10,-23,337
75330.0,-23,-37,281
75332.5,76,29,215
75335.0,9,-14,314
75337.5,27,7,315
75340.0,51,-20,353
75342.5,51,-20,353
75345.0,-7,-18,357
75347.5,33,26,267
75350.0,30,22,268
75352.5,13,33,367
75355.0,-51,33,205
75357.5,-9,-46,324
75360.0,-54,-130,293
75362.5,82,66,348
75365.0,19,-24,311
75367.5,34,8,199
75370.0,8,22,318
75372.5,-64,-51,356
75375.0,-62,-48,310
75377.5,71,2,236
75380.0,-99,-17,256
75382.5,-8,10,227
75385.0,22,35,259
75387.5,-25,45,375
75390.0,60,8,277
75392.5,60,8,277
75395.0,32,-18,263
75397.5,-22,-104,361
75400.0,52,-1,344
75402.5,-18,16,316
75405.0,43,27,277
75407.5,66,25,256
75410.0,-30,-15,297
75412.5,63,-30,281
75415.0,59,-19,329
75417.5,-80,-45,242
75420.0,47,20,228
75422.5,30,-37,314
75425.0,11,-14,311
75427.5,56,-9,293
75430.0,-29,-57,334
75432.5,71,-45,392
75435.0,80,12,216
75437.5,-1,-4,319
75440.0,-1,-4,319
75442.5,58,51,238
75445.0,-23,-33,271
75447.5,59,-4,291
75450.0,74,16,269
75452.5,44,27,293
75455.0,-28,-33,348
75457.5,7,-19,319
75460.0,5,-3,304
75462.5,12,-6,377
75465.0,23,4,299
75467.5,45,4,333
75470.0,21,-1,300
75472.5,-52,-56,268
75475.0,27,48,328
75477.5,45,24,238
75480.0,39,41,280
75482.5,-7,-39,260
75485.0,89,4,236
75487.5,-3,-40,320
75490.0,-3,-40,320
75492.5,35,-17,360
75495.0,13,-24,320
75497.5,49,51,335
75500.0,-26,-23,336
75502.5,5,-19,291
75505.0,-80,-67,366
75507.5,29,-5,246
75510.0,67,6,276
75512.5,-1,-14,269
75515.0,110,9,169
75517.5,70,41,304
75520.0,-55,-37,183
75522.5,-95,-36,269
75525.0,-3,-41,376
75527.5,12,1,381
75530.0,102,40,308
75532.5,58,31,242
75535.0,1,-30,182
75537.5,-47,-42,206
75540.0,-47,-42,206
75542.5,50,11,405
75545.0,10,3,349
75547.5,-55,-2,321
75550.0,32,31,338
75552.5,52,-13,352
75555.0,48,0,354
75557.5,-62,-79,313
75560.0,39,13,250
75562.5,-58,-66,231
75565.0,-183,29,359
75567.5,-27,110,323
75570.0,-58,-4,397
75572.5,-25,-22,402
75575.0,-32,0,350
75577.5,42,42,207
75580.0,-8,-10,269
75582.5,-15,-20,409
75585.0,54,40,298
75587.5,25,40,346
75590.0,25,40,346
75592.5,-82,-62,384
75595.0,41,-4,426
75597.5,26,-39,492
75600.0,-8,-52,237
75602.5,91,9,241
75605.0,-15,-16,262
75607.5,12,63,170
75610.0,13,-44,264
75612.5,-43,-34,390
75615.0,29,61,290
75617.5,86,93,249
75620.0,169,125,278
75622.5,125,62,235
75625.0,23,25,215
75627.5,-41,-84,256
75630.0,45,30,338
75632.5,10,-13,365
75635.0,-16,10,308
75637.5,-16,19,298
75640.0,-16,19,298
75642.5,74,28,356
75645.0,-22,-16,201
75647.5,50,-1,298
75650.0,47,-21,264
75652.5,35,-2,293
75655.0,-48,-70,404
75657.5,87,18,349
75660.0,40,-21,290
75662.5,49,2,291
75665.0,64,13,274
75667.5,-29,-30,306
75670.0,53,38,269
75672.5,-5,-20,342
75675.0,-11,-13,352
75677.5,53,2,303
75680.0,-27,2,289
75682.5,-71,-144,300
75685.0,32,-117,416
75687.5,17,55,350
75690.0,17,55,350
75692.5,170,62,359
75695.0,10,9,349
75697.5,-35,5,334
75700.0,77,4,231
75702.5,-21,-18,352
75705.0,-42,-50,339
75707.5,122,51,321
75710.0,-22,-24,305
75712.5,1,-25,230
75715.0,40,7,317
75717.5,-101,-31,307
75720.0,17,52,294
75722.5,10,7,298
75725.0,-40,15,311
75727.5,58,5,358
75730.0,20,-24,344
75732.5,161,89,184
75735.0,9,146,299
75737.5,-42,-19,419
75740.0,-42,-19,419
75742.5,29,9,282
75745.0,29,-7,323
75747.5,-46,-24,243
75750.0,7,25,290
75752.5,55,12,402
75755.0,-3,-2,296
75757.5,-6,-7,235
75760.0,76,43,342
75762.5,111,39,306
75765.0,31,-48,288
75767.5,28,46,188
75770.0,18,23,288
75772.5,38,17,315
75775.0,-29,-35,368
75777.5,6,-46,355
75780.0,1,15,306
75782.5,-68,-30,350
75785.0,-20,19,304
75787.5,72,29,380
75790.0,72,29,380
75792.5,110,-82,329
75795.0,106,52,273
75797.5,-89,-75,276
75800.0,14,-52,310
75802.5,6,-13,355
75805.0,18,-4,318
75807.5,73,36,269
75810.0,-44,-9,281
75812.5,12,21,329
75815.0,-9,6,268
75817.5,-45,-41,365
75820.0,-33,25,378
75822.5,58,-2,275
75825.0,24,6,335
75827.5,13,-12,261
75830.0,22,-26,310
75832.5,13,9,313
75835.0,19,2,281
75837.5,19,2,281
75840.0,3,27,308
75842.5,22,-15,353
75845.0,16,-21,297
75847.5,-38,-27,356
75850.0,6,-14,325
75852.5,54,16,325
75855.0,-27,-21,334
75857.5,-59,-68,283
75860.0,-32,-29,278
75862.5,-24,-8,332
75865.0,34,26,248
75867.5,31,-9,291
75870.0,11,11,303
75872.5,39,20,294
75875.0,-11,1,312
75877.5,15,-5,333
75880.0,3,-12,323
75882.5,31,-23,345
75885.0,18,-20,350
75887.5,18,-20,350
75890.0,-20,-10,331
75892.5,0,-13,390
75895.0,28,-15,291
75897.5,-134,-77,416
75900.0,-37,-94,387
75902.5,20,-43,407
75905.0,72,24,337
75907.5,38,-28,271
75910.0,58,-3,160
75912.5,-117,-47,330
75915.0,55,-44,370
75917.5,49,10,291
75920.0,-37,-17,345
75922.5,18,23,197
75925.0,36,9,168
75927.5,47,-33,301
75930.0,34,0,272
75932.5,32,24,285
75935.0,64,-19,294
75937.5,64,-19,294
75940.0,41,-4,368
75942.5,-108,-56,511
75945.0,1,27,428
75947.5,59,18,362
75950.0,-33,-23,275
75952.5,26,-12,180
75955.0,64,35,335
75957.5,-20,-32,499
75960.0,12,11,334
75962.5,57,5,310
75965.0,-28,-66,272
75967.5,127,28,219
75970.0,129,19,313
75972.5,-14,-23,376
75975.0,26,8,359
75977.5,-46,-42,272
75980.0,50,36,280
75982.5,-34,18,209
75985.0,91,28,243
75987.5,91,28,243
75990.0,-34,-21,276
75992.5,-58,-25,274
75995.0,-17,3,293
75997.5,-7,-65,340
76000.0,5,-16,348
76002.5,-73,-78,511
76005.0,20,13,433
76007.5,-24,-9,339
76010.0,101,61,190
76012.5,8,-27,381
76015.0,96,13,211
76017.5,22,-20,290
76020.0,1,-33,332
76022.5,19,19,353
76025.0,27,1,301
76027.5,-35,-60,351
76030.0,75,27,317
76032.5,48,29,303
76035.0,17,9,254
76037.5,17,9,254
76040.0,26,18,339
76042.5,-77,-1,373
76045.0,-14,-5,299
76047.5,-44,-24,279
76050.0,23,22,279
76052.5,48,30,218
76055.0,17,-25,303
76057.5,28,9,269
76060.0,30,-15,311
76062.5,-40,-55,331
76065.0,117,20,350
76067.5,-66,-109,400
76070.0,56,21,334
76072.5,43,28,350
76075.0,-29,2,358
76077.5,1,-41,173
76080.0,26,42,322
76082.5,-64,-59,374
76085.0,31,-6,311
76087.5,31,-6,311
76090.0,26,4,271
76092.5,56,16,278
76095.0,37,-92,367
76097.5,43,26,384
76100.0,56,-58,276
76102.5,22,-9,252
76105.0,-56,-38,361
76107.5,68,69,327
76110.0,-7,3,313
76112.5,-105,52,245
76115.0,23,-37,267
76117.5,183,-19,360
76120.0,9,-4,269
76122.5,-1,-23,149
76125.0,40,31,242
76127.5,29,-17,300
76130.0,-13,-19,346
76132.5,13,12,264
76135.0,27,41,221
76137.5,27,41,221
76140.0,10,-52,264
76142.5,41,3,382
76145.0,120,36,338
76147.5,57,8,329
76150.0,49,30,243
76152.5,-111,-14,274
76155.0,-91,-26,309
76157.5,-33,-8,307
76160.0,55,22,283
76162.5,29,14,270
76165.0,68,-5,298
76167.5,51,-10,388
76170.0,-102,-44,361
76172.5,64,-13,314
76175.0,-11,29,338
76177.5,41,46,320
76180.0,-44,-35,269
76182.5,9,13,421
76185.0,-59,-65,307
76187.5,-59,-65,307
76190.0,6,-14,260
76192.5,40,18,302
76195.0,71,-12,226
76197.5,-13,-33,302
76200.0,20,-2,310
76202.5,58,-11,273
76205.0,13,25,313
76207.5,40,-19,361
76210.0,62,-1,301
76212.5,36,-54,344
76215.0,65,34,341
76217.5,22,-13,259
76220.0,-3,-18,282
76222.5,51,-4,250
76225.0,-18,-28,261
76227.5,-2,7,302
76230.0,43,16,275
76232.5,-14,-3,322
76235.0,-6,-27,311
76237.5,-6,-27,311
76240.0,41,0,341
76242.5,5,-4,340
76245.0,1,-38,328
76247.5,-7,-16,292
76250.0,48,-20,332
76252.5,-2,-3,278
76255.0,42,30,223
76257.5,-12,9,328
76260.0,28,19,250
76262.5,13,-8,279
76265.0,-66,-56,309
76267.5,75,20,296
76270.0,-85,28,393
76272.5,-75,-96,455
76275.0,-31,-99,393
76277.5,24,39,377
76280.0,-20,-3,346
76282.5,-78,-64,402
76285.0,-78,-64,402
76287.5,-43,-41,353
76290.0,-27,-24,302
76292.5,80,55,269
76295.0,-66,-28,235
76297.5,45,22,302
76300.0,81,22,412
76302.5,11,-2,395
76305.0,50,14,129
76307.5,32,-6,333
76310.0,39,11,237
76312.5,46,-3,286
76315.0,-12,-34,305
76317.5,72,31,240
76320.0,-54,-67,356
76322.5,106,-53,390
76325.0,33,35,401
76327.5,-70,-29,456
76330.0,-38,-46,332
76332.5,58,39,235
76335.0,58,39,235
76337.5,12,-15,227
76340.0,-28,-22,333
76342.5,-1,29,325
76345.0,5,-44,352
76347.5,64,46,176
76350.0,120,19,269
76352.5,-19,-40,318
76355.0,37,-42,355
76357.5,40,-20,382
76360.0,-15,-7,246
76362.5,-32,-31,395
76365.0,-111,-92,334
76367.5,89,80,269
76370.0,-26,-17,403
76372.5,111,79,258
76375.0,17,-77,277
76377.5,-32,15,125
76380.0,3,-23,231
76382.5,-2,-103,402
76385.0,-2,-103,402
76387.5,-53,-92,326
76390.0,60,20,351
76392.5,-30,-13,293
76395.0,-21,-59,389
76397.5,89,7,263
76400.0,-7,-15,268
76402.5,17,-62,251
76405.0,-1,-15,398
76407.5,1,-26,333
76410.0,-23,-26,359
76412.5,-35,-43,327
76415.0,-22,-47,262
76417.5,24,33,262
76420.0,-27,-29,287
76422.5,41,9,264
76425.0,55,-7,321
76427.5,-47,-33,327
76430.0,31,15,299
76432.5,42,-47,355
76435.0,42,-47,355
76437.5,43,-6,316
76440.0,-27,52,279
76442.5,-107,35,316
76445.0,2,49,173
76447.5,-114,-88,399
76450.0,-11,-11,433
76452.5,27,-2,379
76455.0,48,11,257
76457.5,-45,-33,302
76460.0,86,-14,290
76462.5,34,-2,367
76465.0,7,-4,245
76467.5,18,-25,293
76470.0,-71,-55,319
76472.5,60,41,301
76475.0,10,-8,332
76477.5,-60,1,285
76480.0,60,45,399
76482.5,-10,-23,386
76485.0,-10,-23,386
76487.5,-28,-24,383
76490.0,64,23,354
76492.5,-173,-96,327
76495.0,-41,13,308
76497.5,93,73,475
76500.0,-28,-37,366
76502.5,-4,-11,213
76505.0,8,-2,314
76507.5,-17,-39,355
76510.0,87,-1,269
76512.5,-40,8,275
76515.0,-27,-106,293
76517.5,24,50,280
76520.0,-80,-75,323
76522.5,28,31,222
76525.0,22,48,275
76527.5,-14,-3,274
76530.0,113,-53,327
76532.5,68,-42,333
76535.0,68,-42,333
76537.5,43,-8,288
76540.0,14,14,229
76542.5,32,-42,380
76545.0,52,-18,275
76547.5,60,-53,349
76550.0,30,21,270
76552.5,5,6,269
76555.0,-3,-54,235
76557.5,-50,-28,334
76560.0,-23,-23,328
76562.5,22,-13,333
76565.0,-2,-3,373
76567.5,-42,-58,314
76570.0,8,49,369
76572.5,4,15,273
76575.0,83,29,237
76577.5,-23,25,294
76580.0,24,5,223
76582.5,-2,63,300
76585.0,-2,63,300
76587.5,16,-15,312
76590.0,19,-17,298
76592.5,23,18,340
76595.0,24,-10,356
76597.5,42,-14,296
76600.0,13,15,276
76602.5,22,12,319
76605.0,23,13,270
76607.5,-18,-18,331
76610.0,10,4,239
76612.5,23,2,279
76615.0,-3,-18,298
76617.5,11,6,268
76620.0,-19,-26,331
76622.5,-8,-15,349
76625.0,5,-8,285
76627.5,-8,-5,335
76630.0,-17,-29,323
76632.5,12,-1,267
76635.0,12,-1,267
76637.5,-37,-42,330
76640.0,21,2,274
76642.5,66,12,293
76645.0,-1,8,301
76647.5,56,-33,191
76650.0,-88,-19,426
76652.5,34,34,197
76655.0,71,-25,201
76657.5,0,-28,274
76660.0,54,2,411
76662.5,75,6,291
76665.0,37,24,353
76667.5,-26,16,195
76670.0,-37,-6,219
76672.5,7,-12,363
76675.0,-54,-13,458
76677.5,39,15,259
76680.0,-13,-51,302
76682.5,140,44,320
76685.0,140,44,320
76687.5,-5,-27,330
76690.0,-41,-51,364
76692.5,55,-34,269
76695.0,39,9,303
76697.5,0,-42,102
76700.0,-76,-120,179
76702.5,82,33,291
76705.0,50,-7,286
76707.5,-28,-12,385
76710.0,36,-7,208
76712.5,-13,-31,247
76715.0,-8,-28,318
76717.5,61,24,327
76720.0,87,16,262
76722.5,-4,-1,231
76725.0,36,3,270
76727.5,79,56,225
76730.0,29,13,253
76732.5,29,13,253
76735.0,36,19,288
76737.5,-12,-12,378
76740.0,34,-22,222
76742.5,-6,-74,375
76745.0,29,30,337
76747.5,72,9,288
76750.0,-70,-62,368
76752.5,76,-12,347
76755.0,50,16,276
76757.5,6,24,341
76760.0,4,-25,317
76762.5,-19,-16,382
76765.0,15,-20,294
76767.5,80,47,304
76770.0,-4,21,342
76772.5,-108,-72,304
76775.0,54,57,305
76777.5,2,-14,314
76780.0,19,0,205
76782.5,19,0,205
76785.0,42,-6,315
76787.5,-5,-49,288
76790.0,46,14,298
76792.5,28,16,347
76795.0,12,-20,294
76797.5,52,4,238
76800.0,-1,1,349
76802.5,48,-14,241
76805.0,4,-35,342
76807.5,-32,-26,314
76810.0,20,9,280
76812.5,-25,-52,297
76815.0,-53,0,291
76817.5,167,95,248
76820.0,11,11,351
76822.5,-54,-45,210
76825.0,-6,-64,327
76827.5,5,10,312
76830.0,16,19,344
76832.5,16,19,344
76835.0,18,15,248
76837.5,-17,59,285
76840.0,-19,-28,381
76842.5,0,10,381
76845.0,9,-13,236
76847.5,-4,-14,288
76850.0,-18,-22,309
76852.5,25,-32,299
76855.0,-28,-56,327
76857.5,-78,-26,270
76860.0,-17,13,272
76862.5,64,-45,469
76865.0,-154,46,312
76867.5,18,-113,297
76870.0,-59,-68,443
76872.5,-20,-43,344
76875.0,-39,-54,260
76877.5,-37,-9,213
76880.0,37,-5,325
76882.5,37,-5,325
76885.0,-7,-32,415
76887.5,-19,-29,305
76890.0,11,0,303
76892.5,46,21,288
76895.0,61,-14,285
76897.5,-33,29,254
76900.0,25,-38,278
76902.5,41,61,215
76905.0,-23,-29,297
76907.5,-20,15,323
76910.0,66,-28,342
76912.5,-28,-11,300
76915.0,-22,-24,328
76917.5,57,-47,317
76920.0,-39,-46,347
76922.5,-24,-13,194
76925.0,6,-52,326
76927.5,39,-5,272
76930.0,40,4,213
76932.5,40,4,213
76935.0,-6,-21,350
76937.5,-46,15,279
76940.0,65,-16,304
76942.5,10,12,304
76945.0,-12,-5,379
76947.5,94,40,281
76950.0,5,8,358
76952.5,-50,-37,274
76955.0,20,-16,246
76957.5,70,-5,364
76960.0,94,7,186
76962.5,9,-2,277
76965.0,27,1,267
76967.5,3,49,258
76970.0,-18,-51,268
76972.5,37,7,349
76975.0,53,-6,333
76977.5,-29,-44,370
76980.0,-4,-15,318
76982.5,-4,-15,318
76985.0,70,44,251
76987.5,-13,-28,340
76990.0,2,23,295
76992.5,-10,-3,293
76995.0,-13,-27,312
76997.5,19,-17,287
77000.0,-11,0,320
77002.5,-30,-46,340
77005.0,30,27,300
77007.5,56,5,328
77010.0,19,6,290
77012.5,21,-65,350
77015.0,-16,-10,338
77017.5,-11,-7,241
77020.0,-71,-58,244
77022.5,-21,-46,329
77025.0,125,91,142
77027.5,-5,24,329
77030.0,-46,8,223
77032.5,-46,8,223
77035.0,15,-6,374
77037.5,14,-28,395
77040.0,-89,-65,368
77042.5,12,-12,398
77045.0,88,-42,272
77047.5,-18,-11,164
77050.0,-10,-2,336
77052.5,66,-5,352
77055.0,25,-22,331
77057.5,-70,-25,242
77060.0,7,-28,307
77062.5,17,2,352
77065.0,-49,-25,347
77067.5,-69,-60,328
77070.0,73,-13,232
77072.5,12,-14,213
77075.0,-5,-148,324
77077.5,16,-10,277
77080.0,-15,-32,367
77082.5,-15,-32,367
77085.0,-23,12,269
77087.5,57,-1,150
77090.0,61,37,215
77092.5,3,-14,337
77095.0,4,27,319
77097.5,98,-17,168
77100.0,-26,16,283
77102.5,-80,2,387
77105.0,32,-24,390
77107.5,-8,-48,399
77110.0,1,-42,301
77112.5,66,24,178
77115.0,-79,-17,297
77117.5,27,-18,211
77120.0,-52,32,322
77122.5,60,70,292
77125.0,24,-9,221
77127.5,21,-14,308
77130.0,93,-49,305
77132.5,93,-49,305
77135.0,-12,-18,406
77137.5,-94,-16,288
77140.0,-21,-15,261
77142.5,-17,-32,346
77145.0,3,-24,375
77147.5,23,-34,250
77150.0,72,23,319
77152.5,59,0,291
77155.0,14,-40,190
77157.5,-48,-3,260
77160.0,-19,-27,275
77162.5,37,33,282
77165.0,0,21,286
77167.5,16,-25,330
77170.0,25,-9,325
77172.5,-7,-42,267
77175.0,36,26,299
77177.5,-43,-39,318
77180.0,64,22,311
77182.5,64,22,311
77185.0,4,-29,347
77187.5,-65,-9,324
77190.0,-16,-16,262
77192.5,-26,0,313
77195.0,122,69,193
77197.5,67,71,311
77200.0,111,52,317
77202.5,6,-38,340
77205.0,66,37,447
77207.5,21,10,389
77210.0,50,11,193
77212.5,-51,-49,378
77215.0,-25,-64,284
77217.5,65,-9,326
77220.0,19,20,291
77222.5,-2,-35,220
77225.0,48,51,281
77227.5,-12,-18,339
77230.0,-12,-18,339
77232.5,39,-4,309
77235.0,-80,-36,332
77237.5,5,-29,310
77240.0,-3,-27,305
77242.5,-8,49,400
77245.0,-72,-5,208
77247.5,9,-31,297
77250.0,109,77,355
77252.5,13,-37,333
77255.0,5,14,282
77257.5,-27,-39,287
77260.0,-13,-51,274
77262.5,-42,-11,420
77265.0,-9,1,275
77267.5,102,14,228
77270.0,41,-33,256
77272.5,50,12,297
77275.0,-32,-38,242
77277.5,-10,-22,274
77280.0,-10,-22,274
77282.5,50,-6,259
77285.0,3,-29,246
77287.5,73,52,278
77290.0,116,24,285
77292.5,31,7,329
77295.0,44,-26,315
77297.5,-5,-15,237
77300.0,-16,-42,327
77302.5,72,-5,283
77305.0,-33,7,321
77307.5,51,-7,267
77310.0,50,14,236
77312.5,44,24,335
77315.0,-6,-28,334
77317.5,54,-4,323
77320.0,-22,-14,394
77322.5,-30,-33,363
77325.0,19,-15,355
77327.5,47,-15,341
77330.0,47,-15,341
77332.5,108,48,320
77335.0,-16,-30,297
77337.5,0,-57,276
77340.0,34,1,227
77342.5,-27,-9,325
77345.0,49,26,340
77347.5,46,37,308
77350.0,-4,-5,339
77352.5,6,-30,337
77355.0,125,5,305
77357.5,-4,-9,333
77360.0,16,12,274
77362.5,73,2,261
77365.0,-8,-8,343
77367.5,-15,-16,263
77370.0,28,-18,270
77372.5,49,4,321
77375.0,21,-29,297
77377.5,-43,-68,317
77380.0,-43,-68,317
77382.5,3,-22,330
77385.0,41,-11,309
77387.5,-39,-41,337
77390.0,54,37,298
77392.5,-39,-35,237
77395.0,-84,-23,325
77397.5,-20,-46,244
77400.0,-31,1,362
77402.5,-30,16,389
77405.0,40,24,157
77407.5,99,17,282
77410.0,-73,-60,409
77412.5,-80,-11,394
77415.0,21,-28,401
77417.5,-2,2,376
77420.0,77,30,116
77422.5,-20,-34,309
77425.0,-4,-2,305
77427.5,7,8,395
77430.0,7,8,395
77432.5,-5,-11,299
77435.0,5,6,261
77437.5,30,-5,332
77440.0,-54,11,364
77442.5,53,-39,383
77445.0,26,30,272
77447.5,26,39,138
77450.0,-41,-24,23
77452.5,2,-19,245
77455.0,4,-48,333
77457.5,7,-44,443
77460.0,-3,-13,332
77462.5,68,-16,112
77465.0,34,18,247
77467.5,17,-31,292
77470.0,31,-1,352
77472.5,18,5,300
77475.0,27,-13,269
77477.5,0,-41,313
77480.0,0,-41,313
77482.5,4,16,303
77485.0,46,-7,353
77487.5,58,29,349
77490.0,44,-8,307
77492.5,71,65,349
77495.0,30,-24,240
77497.5,115,-35,225
77500.0,53,8,309
77502.5,-33,-48,296
77505.0,57,-38,285
77507.5,53,19,324
77510.0,-13,-35,207
77512.5,78,-8,235
77515.0,-134,-73,348
77517.5,55,14,243
77520.0,7,43,346
77522.5,119,89,344
77525.0,-15,-57,453
77527.5,75,32,225
77530.0,75,32,225
77532.5,21,22,261
77535.0,90,11,237
77537.5,-15,-20,310
77540.0,13,-21,262
77542.5,-20,-41,309
77545.0,-51,-83,398
77547.5,34,-7,309
77550.0,-8,-9,328
77552.5,-20,-32,320
77555.0,53,35,236
77557.5,6,8,305
77560.0,13,26,296
77562.5,36,19,305
77565.0,1,-51,302
77567.5,95,16,240
77570.0,59,4,328
77572.5,36,-1,287
77575.0,-17,-2,330
77577.5,16,-11,295
77580.0,16,-11,295
77582.5,-37,-51,217
77585.0,-143,-147,297
77587.5,-23,43,357
77590.0,-174,-2,370
77592.5,-47,3,488
77595.0,-79,-52,250
77597.5,130,20,162
77600.0,-46,-9,310
77602.5,53,24,262
77605.0,-17,-4,376
77607.5,3,-4,276
77610.0,67,20,232
77612.5,-18,20,312
77615.0,-20,-8,318
77617.5,21,-9,308
77620.0,-24,-21,345
77622.5,13,7,258
77625.0,22,4,303
77627.5,22,4,303
77630.0,36,27,247
77632.5,28,-13,227
77635.0,-49,7,270
77637.5,-126,28,295
77640.0,9,-74,363
77642.5,-2,-68,393
77645.0,6,-24,275
77647.5,-25,-18,299
77650.0,-46,2,303
77652.5,14,0,250
77655.0,36,41,354
77657.5,0,0,295
77660.0,59,35,219
77662.5,91,27,291
77665.0,19,25,373
77667.5,45,60,275
77670.0,6,-1,257
77672.5,47,1,363
77675.0,64,-11,243
77677.5,64,-11,243
77680.0,-120,-90,361
77682.5,-40,-38,291
77685.0,68,-60,359
77687.5,-29,-1,266
77690.0,-25,13,274
77692.5,28,-6,236
77695.0,-17,-38,318
77697.5,38,-9,306
77700.0,-19,-3,310
77702.5,15,-43,342
77705.0,54,-7,332
77707.5,-15,-13,342
77710.0,24,10,261
77712.5,41,44,237
77715.0,-69,-13,291
77717.5,-26,-30,345
77720.0,6,-35,326
77722.5,-5,-48,326
77725.0,48,26,344
77727.5,48,26,344
77730.0,2,1,315
77732.5,6,-3,335
77735.0,-11,0,291
77737.5,-23,-31,322
77740.0,1,-36,315
77742.5,61,8,260
77745.0,-37,8,305
77747.5,-3,11,291
77750.0,17,28,265
77752.5,23,28,293
77755.0,23,-12,284
77757.5,46,3,317
77760.0,-15,5,304
77762.5,-14,-34,315
77765.0,29,-29,322
77767.5,6,-23,336
77770.0,28,-34,268
77772.5,41,-4,298
77775.0,-37,-20,247
77777.5,-37,-20,247
77780.0,-115,-50,176
77782.5,41,-102,74
77785.0,88,29,175
77787.5,59,30,329
77790.0,-37,-10,341
77792.5,-8,-26,344
77795.0,52,-4,418
77797.5,2,-37,201
77800.0,18,-11,213
77802.5,-54,-21,377
77805.0,48,-27,302
77807.5,-10,-11,297
77810.0,-36,-17,199
77812.5,43,18,227
77815.0,24,-7,349
77817.5,-9,-79,372
77820.0,14,-11,327
77822.5,-25,-30,309
77825.0,111,-10,263
77827.5,111,-10,263
77830.0,-57,133,511
77832.5,-49,-11,365
77835.0,76,80,275
77837.5,36,25,391
77840.0,-80,-32,192
77842.5,57,32,276
77845.0,-30,-30,369
77847.5,-29,-29,373
77850.0,24,17,301
77852.5,30,17,329
77855.0,29,-51,192
77857.5,195,19,162
77860.0,-49,10,386
77862.5,-3,-13,341
77865.0,-5,-38,387
77867.5,89,14,244
77870.0,56,-1,253
77872.5,49,-7,342
77875.0,83,-67,274
77877.5,83,-67,274
77880.0,17,-40,314
77882.5,-35,-60,280
77885.0,11,-8,391
77887.5,13,7,168
77890.0,37,22,158
77892.5,16,-59,382
77895.0,-74,3,293
77897.5,39,31,274
77900.0,-13,21,336
77902.5,-15,-1,394
77905.0,118,95,278
77907.5,-22,-32,335
77910.0,71,5,246
77912.5,42,76,315
77915.0,-7,22,324
77917.5,54,-52,161
77920.0,106,37,255
77922.5,-37,-43,411
77925.0,48,-3,301
77927.5,48,-3,301
77930.0,-38,3,369
77932.5,15,19,237
77935.0,61,-11,320
77937.5,37,-35,325
77940.0,94,36,255
77942.5,-18,-30,319
77945.0,0,-53,329
77947.5,-18,-37,262
77950.0,99,28,345
77952.5,-58,74,261
77955.0,-168,-31,304
77957.5,54,-8,431
77960.0,51,11,321
77962.5,0,12,247
77965.0,-8,-48,293
77967.5,-24,10,283
77970.0,16,-3,410
77972.5,-17,-63,307
77975.0,74,28,278
77977.5,74,28,278
77980.0,15,-24,306
77982.5,49,11,273
77985.0,-42,-35,334
77987.5,-41,-25,304
77990.0,33,16,287
77992.5,40,2,287
77995.0,-13,1,341
77997.5,109,73,307
78000.0,27,-39,361
78002.5,166,92,317
78005.0,32,4,355
78007.5,11,-29,269
78010.0,47,12,229
78012.5,55,8,282
78015.0,-41,-23,381
78017.5,89,25,279
78020.0,-51,-57,319
78022.5,-21,-11,389
78025.0,77,7,293
78027.5,77,7,293
78030.0,-32,-50,248
78032.5,23,-27,272
78035.0,-16,-39,312
78037.5,-14,-19,347
78040.0,4,-46,350
78042.5,23,-66,216
78045.0,-66,-23,358
78047.5,88,-31,209
78050.0,17,-12,326
78052.5,110,12,246
78055.0,76,26,275
78057.5,-17,11,297
78060.0,-85,-11,266
78062.5,-54,-5,266
78065.0,10,8,307
78067.5,68,39,287
78070.0,1,8,306
78072.5,16,-19,393
78075.0,16,-19,393
78077.5,39,-8,330
78080.0,65,-6,336
78082.5,54,13,327
78085.0,42,-35,287
78087.5,50,-19,376
78090.0,-24,30,253
78092.5,-23,21,273
78095.0,6,13,315
78097.5,66,26,318
78100.0,16,1,324
78102.5,-6,-16,337
78105.0,43,53,321
78107.5,46,-9,324
78110.0,-35,-40,357
78112.5,40,3,269
78115.0,-16,-8,327
78117.5,26,-35,277
78120.0,42,52,251
78122.5,60,36,321
78125.0,60,36,321
78127.5,42,-4,277
78130.0,36,2,299
78132.5,40,-2,332
78135.0,23,-29,283
78137.5,40,-11,316
78140.0,-15,8,319
78142.5,0,3,314
78145.0,17,-34,313
78147.5,8,-25,246
78150.0,14,-2,204
78152.5,99,55,275
78155.0,48,-57,325
78157.5,-74,-40,291
78160.0,-21,-62,433
78162.5,21,-26,358
78165.0,-70,-39,454
78167.5,-35,-13,376
78170.0,78,15,370
78172.5,62,-20,177
78175.0,62,-20,177
78177.5,-30,-46,130
78180.0,13,4,286
78182.5,37,-24,447
78185.0,50,-35,294
78187.5,-30,-24,290
78190.0,0,24,254
78192.5,15,-50,362
78195.0,-45,-6,326
78197.5,27,43,287
78200.0,40,1,211
78202.5,-68,-25,335
78205.0,104,-14,345
78207.5,84,-12,400
78210.0,78,21,321
78212.5,5,22,372
78215.0,-19,-15,351
78217.5,47,-53,189
78220.0,49,1,310
78222.5,-56,-54,412
78225.0,-56,-54,412
78227.5,2,-7,254
78230.0,22,4,268
78232.5,-56,-7,311
78235.0,77,41,291
78237.5,-7,0,198
78240.0,16,9,411
78242.5,94,-4,312
78245.0,-11,-46,379
78247.5,77,11,287
78250.0,-20,-18,337
78252.5,-18,-58,369
78255.0,50,13,281
78257.5,-47,21,369
78260.0,-67,-74,357
78262.5,10,15,232
78265.0,-53,-31,310
78267.5,128,114,288
78270.0,-36,27,332
78272.5,56,39,252
78275.0,56,39,252
78277.5,-41,-68,302
78280.0,-6,-49,352
78282.5,-1,44,280
78285.0,45,-20,340
78287.5,-29,3,329
78290.0,54,-28,265
78292.5,41,33,279
78295.0,7,-15,397
78297.5,98,41,314
78300.0,-53,-45,272
78302.5,-59,-67,293
78305.0,109,50,332
78307.5,-19,-18,350
78310.0,24,-28,235
78312.5,34,41,310
78315.0,-33,5,313
78317.5,23,-21,299
78320.0,26,0,345
78322.5,28,-28,329
78325.0,28,-28,329
78327.5,28,66,232
78330.0,-78,3,247
78332.5,-139,-73,206
78335.0,22,-38,350
78337.5,-48,-32,355
78340.0,-62,-42,310
78342.5,62,-6,258
78345.0,-36,-8,316
78347.5,11,2,285
78350.0,26,1,360
78352.5,34,21,226
78355.0,-41,-11,265
78357.5,34,27,296
78360.0,63,11,282
78362.5,29,7,322
78365.0,8,32,298
78367.5,11,12,323
78370.0,-32,-61,347
78372.5,83,82,297
78375.0,83,82,297
78377.5,-17,-47,247
78380.0,139,-53,438
78382.5,-103,-104,330
78385.0,0,39,264
78387.5,-4,-22,215
78390.0,51,-9,314
78392.5,28,-6,380
78395.0,59,9,332
78397.5,14,-49,314
78400.0,31,-34,331
78402.5,-32,-12,269
78405.0,13,-38,326
78407.5,-68,-19,294
78410.0,108,9,315
78412.5,-44,6,280
78415.0,29,22,308
78417.5,10,-30,283
78420.0,61,20,321
78422.5,-24,11,299
78425.0,-24,11,299
78427.5,62,51,237
78430.0,-22,-22,260
78432.5,34,-21,341
78435.0,-29,-68,236
78437.5,-36,30,297
78440.0,38,-1,251
78442.5,20,-23,324
78445.0,-30,2,241
78447.5,24,-13,302
78450.0,37,22,292
78452.5,-34,8,363
78455.0,3,0,306
78457.5,35,-28,334
78460.0,3,-23,331
78462.5,80,43,255
78465.0,-56,-28,308
78467.5,-12,8,278
78470.0,-3,-20,311
78472.5,-71,-52,297
78475.0,-71,-52,297
78477.5,24,-23,331
78480.0,-46,-20,294
78482.5,-39,-65,331
78485.0,34,11,308
78487.5,-36,-42,344
78490.0,62,41,331
78492.5,-17,-34,261
78495.0,-37,5,323
78497.5,6,-33,277
78500.0,-4,-7,243
78502.5,-31,-29,322
78505.0,23,12,250
78507.5,-21,-24,300
78510.0,-2,-18,321
78512.5,45,-2,326
78515.0,-37,-22,334
78517.5,25,-12,326
78520.0,-1,-24,333
78522.5,-1,-24,333
78525.0,7,-33,366
78527.5,-7,-16,285
78530.0,10,-31,233
78532.5,20,-23,282
78535.0,93,16,229
78537.5,98,33,193
78540.0,36,23,222
78542.5,27,-55,397
78545.0,9,-48,400
78547.5,-76,-66,398
78550.0,10,-7,351
78552.5,93,-16,233
78555.0,9,-24,170
78557.5,129,-23,239
78560.0,-36,-60,416
78562.5,38,4,275
78565.0,-3,-6,265
78567.5,20,22,296
78570.0,30,-6,378
78572.5,30,-6,378
78575.0,-47,-33,339
78577.5,5,-15,277
78580.0,103,48,198
78582.5,48,8,86
78585.0,31,-45,223
78587.5,-40,-47,322
78590.0,6,-11,315
78592.5,33,-33,290
78595.0,-16,-41,200
78597.5,1,-36,270
78600.0,29,6,332
78602.5,-7,-11,401
78605.0,44,32,243
78607.5,39,29,251
78610.0,3,-21,355
78612.5,10,9,303
78615.0,11,46,394
78617.5,-23,-39,311
78620.0,66,-2,323
78622.5,66,-2,323
78625.0,-26,-13,330
78627.5,60,-21,189
78630.0,21,-18,328
78632.5,-8,-22,337
78635.0,-16,-38,298
78637.5,63,26,339
78640.0,-31,-33,280
78642.5,-5,-1,423
78645.0,-75,-72,350
78647.5,-11,-8,235
78650.0,65,19,256
78652.5,-24,-13,386
78655.0,-1,-26,239
78657.5,12,-66,314
78660.0,35,23,366
78662.5,41,20,307
78665.0,-13,-75,357
78667.5,64,-43,272
78670.0,32,3,294
78672.5,32,3,294
78675.0,27,2,256
78677.5,29,-17,308
78680.0,21,-34,360
78682.5,41,16,275
78685.0,36,-1,238
78687.5,58,-7,309
78690.0,56,32,240
78692.5,13,-9,319
78695.0,10,-5,340
78697.5,48,6,288
78700.0,79,42,308
78702.5,-56,-78,269
78705.0,-82,-183,301
78707.5,-119,-57,412
78710.0,-21,3,316
78712.5,85,53,296
78715.0,7,2,288
78717.5,78,21,236
78720.0,-17,-3,357
78722.5,-17,-3,357
78725.0,45,2,334
78727.5,30,-4,311
78730.0,-23,-25,343
78732.5,-14,1,218
78735.0,54,22,333
78737.5,-13,-12,295
78740.0,49,2,264
78742.5,-14,-24,314
78745.0,-17,-23,356
78747.5,-87,3,404
78750.0,86,22,379
78752.5,-32,4,280
78755.0,-64,-73,259
78757.5,-35,-13,384
78760.0,64,-20,310
78762.5,14,-12,237
78765.0,-19,-42,316
78767.5,27,21,350
78770.0,42,19,385
78772.5,42,19,385
78775.0,-1,-14,273
78777.5,120,46,278
78780.0,-12,-11,361
78782.5,-20,17,249
78785.0,59,-28,234
78787.5,-34,-118,331
78790.0,57,1,216
78792.5,-2,-14,273
78795.0,-35,-24,288
78797.5,65,9,278
78800.0,40,12,317
78802.5,109,23,314
78805.0,35,-7,289
78807.5,-84,-113,362
78810.0,-59,-51,282
78812.5,-9,-27,282
78815.0,-11,-44,254
78817.5,53,18,222
78820.0,4,-11,335
78822.5,4,-11,335
78825.0,-27,-19,328
78827.5,34,8,319
78830.0,-31,-30,301
78832.5,-61,-21,333
78835.0,24,51,298
78837.5,92,31,318
78840.0,37,38,360
78842.5,63,23,240
78845.0,-5,-13,312
78847.5,19,14,250
78850.0,-21,-2,318
78852.5,20,-18,290
78855.0,-14,4,285
78857.5,-6,-30,358
78860.0,-60,-64,347
78862.5,-7,3,282
78865.0,14,11,312
78867.5,-53,-54,339
78870.0,78,16,278
78872.5,78,16,278
78875.0,7,-6,327
78877.5,76,42,258
78880.0,36,49,270
78882.5,-4,-19,316
78885.0,63,27,269
78887.5,25,-16,305
78890.0,-22,-59,354
78892.5,38,7,311
78895.0,2,-9,340
78897.5,0,-52,336
78900.0,37,36,264
78902.5,-79,-52,329
78905.0,74,24,278
78907.5,166,13,144
78910.0,44,20,162
78912.5,172,31,88
78915.0,-56,-59,324
78917.5,-23,-39,446
78920.0,-23,-39,446
78922.5,-49,-69,370
78925.0,-20,-32,447
78927.5,12,-27,323
78930.0,-9,-55,163
78932.5,-59,-31,299
78935.0,116,-31,256
78937.5,-8,-31,324
78940.0,10,-12,227
78942.5,8,5,253
78945.0,80,62,324
78947.5,-3,-50,338
78950.0,-5,-26,344
78952.5,62,7,304
78955.0,-12,-74,269
78957.5,46,21,113
78960.0,44,-128,331
78962.5,27,-53,270
78965.0,24,-4,378
78967.5,-24,-13,277
78970.0,-24,-13,277
78972.5,52,-16,131
78975.0,-42,-50,274
78977.5,-5,-27,343
78980.0,35,-5,322
78982.5,2,4,317
78985.0,6,29,220
78987.5,22,0,290
78990.0,-95,-62,366
78992.5,67,86,358
78995.0,-50,-52,361
78997.5,-12,-7,450
79000.0,125,81,255
79002.5,-29,-30,324
79005.0,-11,-12,246
79007.5,81,66,298
79010.0,49,-21,281
79012.5,-35,-1,296
79015.0,32,-42,360
79017.5,85,13,188
79020.0,85,13,188
79022.5,73,20,224
79025.0,39,11,377
79027.5,45,-1,198
79030.0,4,-12,299
79032.5,-20,-62,321
79035.0,45,37,382
79037.5,53,-30,376
79040.0,-21,-63,312
79042.5,63,6,220
79045.0,-17,3,312
79047.5,85,72,191
79050.0,94,26,231
79052.5,-66,-108,378
79055.0,17,-23,333
79057.5,60,13,332
79060.0,-3,6,302
79062.5,26,-41,350
79065.0,2,-45,312
79067.5,28,-15,231
79070.0,28,-15,231
79072.5,-23,-49,335
79075.0,4,-70,366
79077.5,39,-22,304
79080.0,-62,-35,347
79082.5,12,4,275
79085.0,70,8,272
79087.5,-19,-62,200
79090.0,-77,25,182
79092.5,-200,-121,305
79095.0,-146,-13,485
79097.5,27,5,342
79100.0,-21,-30,420
79102.5,46,-9,80
79105.0,76,11,282
79107.5,-81,-57,381
79110.0,41,13,320
79112.5,33,12,257
79115.0,-37,-64,251
79117.5,33,22,327
79120.0,33,22,327
79122.5,24,3,375
79125.0,-35,-39,336
79127.5,2,-9,258
79130.0,-38,4,322
79132.5,-1,-20,263
79135.0,-72,-21,207
79137.5,10,-23,309
79140.0,134,7,241
79142.5,-37,103,274
79145.0,-139,-32,346
79147.5,147,-21,420
79150.0,-15,-16,428
79152.5,22,-11,236
79155.0,5,27,248
79157.5,-24,-7,368
79160.0,35,-30,239
79162.5,-10,-17,270
79165.0,-21,-11,246
79167.5,34,22,326
79170.0,34,22,326
79172.5,-35,-42,318
79175.0,-35,-24,360
79177.5,-16,10,297
79180.0,-3,-32,374
79182.5,-43,17,326
79185.0,94,68,363
79187.5,144,58,259
79190.0,20,15,208
79192.5,-47,-33,244
79195.0,44,-76,375
79197.5,5,-6,336
79200.0,16,43,325
79202.5,6,-1,335
79205.0,-1,-14,281
79207.5,13,-23,329
79210.0,2,7,318
79212.5,-19,49,257
79215.0,-10,7,345
79217.5,-4,-40,276
79220.0,-4,-40,276
79222.5,49,-18,290
79225.0,5,-16,281
79227.5,-6,-13,252
79230.0,-42,-40,314
79232.5,-20,1,265
79235.0,46,13,263
79237.5,-17,-19,302
79240.0,-43,-46,363
79242.5,18,0,273
79245.0,27,17,321
79247.5,11,-9,321
79250.0,15,-1,317
79252.5,-1,-8,333
79255.0,38,-13,266
79257.5,39,11,243
79260.0,13,-24,324
79262.5,37,-17,234
79265.0,-10,-43,335
79267.5,-10,-43,335
79270.0,-16,-31,327
79272.5,53,12,314
79275.0,2,11,347
79277.5,14,2,308
79280.0,-23,-53,292
79282.5,-11,19,348
79285.0,-3,-46,330
79287.5,-60,-27,356
79290.0,90,14,312
79292.5,76,-24,267
79295.0,78,-68,442
79297.5,-25,-59,411
79300.0,-16,-27,341
79302.5,95,2,366
79305.0,0,-22,202
79307.5,27,10,210
79310.0,38,12,390
79312.5,26,-36,298
79315.0,49,-17,207
79317.5,49,-17,207
79320.0,53,28,270
79322.5,74,32,277
79325.0,26,12,365
79327.5,-22,-57,371
79330.0,92,9,275
79332.5,-18,-5,304
79335.0,-86,24,393
79337.5,-85,2,435
79340.0,11,5,324
79342.5,37,25,281
79345.0,-46,-45,279
79347.5,-6,-17,271
79350.0,-34,-13,385
79352.5,-31,21,384
79355.0,84,3,272
79357.5,135,43,253
79360.0,-58,-18,251
79362.5,21,104,119
79365.0,25,4,231
79367.5,25,4,231
79370.0,-65,-19,297
79372.5,10,44,325
79375.0,28,-10,372
79377.5,41,-24,325
79380.0,145,112,274
79382.5,84,27,372
79385.0,25,-47,222
79387.5,17,-50,306
79390.0,-5,-5,285
79392.5,36,-5,341
79395.0,-6,-17,266
79397.5,-58,-57,277
79400.0,115,73,227
79402.5,-16,-22,361
79405.0,11,-13,211
79407.5,1,-63,327
79410.0,-36,-68,403
79412.5,93,54,266
79415.0,-54,-38,310
79417.5,-54,-38,310
79420.0,-1,-57,310
79422.5,41,-4,362
79425.0,-15,-35,331
79427.5,-40,-32,290
79430.0,41,9,289
79432.5,-56,-4,320
79435.0,8,-37,272
79437.5,36,-26,373
79440.0,12,18,291
79442.5,22,-4,230
79445.0,27,-14,312
79447.5,15,-23,274
79450.0,6,-24,329
79452.5,5,9,372
79455.0,49,16,368
79457.5,-39,104,403
79460.0,-69,-15,252
79462.5,-168,-63,363
79465.0,106,76,439
79467.5,106,76,439
79470.0,-3,-45,339
79472.5,63,22,259
79475.0,-12,-36,296
79477.5,-14,-29,301
79480.0,30,8,414
79482.5,3,-21,321
79485.0,-10,-21,232
79487.5,-9,-18,326
79490.0,39,38,252
79492.5,91,-3,296
79495.0,-14,-25,272
79497.5,8,-27,271
79500.0,-26,-36,372
79502.5,-18,-31,339
79505.0,112,9,243
79507.5,150,72,292
79510.0,-163,-98,304
79512.5,-32,-46,439
79515.0,57,-18,408
79517.5,57,-18,408
79520.0,22,7,256
79522.5,-25,-22,275
79525.0,-11,31,323
79527.5,43,-1,375
79530.0,-93,-45,398
79532.5,63,28,322
79535.0,113,-11,293
79537.5,1,-5,367
79540.0,21,58,270
79542.5,-15,-22,331
79545.0,-31,-76,203
79547.5,20,14,231
79550.0,30,17,310
79552.5,157,-5,301
79555.0,-14,-11,253
79557.5,3,13,368
79560.0,-39,-66,331
79562.5,-12,7,340
79565.0,-73,-63,422
79567.5,-73,-63,422
79570.0,59,3,252
79572.5,2,-31,319
79575.0,0,-14,317
79577.5,-6,9,256
79580.0,-23,-24,297
79582.5,-49,-25,362
79585.0,25,12,319
79587.5,-27,-32,296
79590.0,57,-20,306
79592.5,75,55,248
79595.0,-36,-11,331
79597.5,2,0,302
79600.0,39,-2,236
79602.5,-1,10,311
79605.0,-82,-44,243
79607.5,-12,4,307
79610.0,-13,-20,325
79612.5,78,-2,259
79615.0,-36,-64,333
79617.5,-36,-64,333
79620.0,43,26,331
79622.5,5,-28,291
79625.0,-64,-49,337
79627.5,45,-6,315
79630.0,-12,-28,244
79632.5,-2,16,300
79635.0,-4,-40,274
79637.5,42,19,274
79640.0,28,-8,299
79642.5,28,0,310
79645.0,46,23,314
79647.5,-47,-11,342
79650.0,-10,39,315
79652.5,-46,-40,312
79655.0,40,12,331
79657.5,89,37,266
79660.0,-38,-56,348
79662.5,26,-14,222
79665.0,-46,27,456
79667.5,-46,27,456
79670.0,3,-54,207
79672.5,73,28,157
79675.0,-15,-92,362
79677.5,-12,-61,440
79680.0,41,-1,282
79682.5,5,4,362
79685.0,21,-24,207
79687.5,13,15,203
79690.0,25,-42,321
79692.5,-3,24,331
79695.0,64,23,300
79697.5,-70,-18,219
79700.0,-5,-2,293
79702.5,-15,-20,326
79705.0,-73,18,358
79707.5,57,-5,318
79710.0,16,8,288
79712.5,-56,-46,104
79715.0,-56,-46,104
79717.5,-35,-42,270
79720.0,14,-39,413
79722.5,6,-49,289
79725.0,31,52,295
79727.5,32,1,225
79730.0,41,1,274
79732.5,41,-24,350
79735.0,11,-8,311
79737.5,7,-25,255
79740.0,-9,13,253
79742.5,40,27,223
79745.0,74,42,114
79747.5,55,-26,318
79750.0,63,29,357
79752.5,-91,-54,388
79755.0,-9,46,232
79757.5,-63,-17,416
79760.0,-59,-106,294
79762.5,1,-33,344
79765.0,1,-33,344
79767.5,6,-46,369
79770.0,32,67,283
79772.5,55,-52,191
79775.0,34,-4,294
79777.5,-26,11,319
79780.0,-10,-10,345
79782.5,26,19,264
79785.0,77,21,241
79787.5,1,-25,319
79790.0,19,-62,323
79792.5,16,-21,275
79795.0,-55,-52,383
79797.5,16,-51,273
79800.0,-9,-78,271
79802.5,-29,-17,422
79805.0,-18,-14,283
79807.5,20,-5,309
79810.0,28,22,270
79812.5,56,23,258
79815.0,56,23,258
79817.5,-75,-26,325
79820.0,-29,-41,254
79822.5,78,23,313
79825.0,7,-2,303
79827.5,44,-10,288
79830.0,26,-5,331
79832.5,-9,-44,324
79835.0,53,38,286
79837.5,2,-28,314
79840.0,193,-35,228
79842.5,-71,49,333
79845.0,-46,-54,340
79847.5,67,4,255
79850.0,10,1,307
79852.5,-16,-29,293
79855.0,48,13,410
79857.5,21,-9,380
79860.0,34,-14,217
79862.5,65,-3,256
79865.0,65,-3,256
79867.5,64,19,272
79870.0,23,-18,307
79872.5,0,-11,325
79875.0,22,-29,308
79877.5,11,-26,200
79880.0,31,-1,423
79882.5,-36,-19,305
79885.0,40,-35,294
79887.5,58,-110,330
79890.0,-7,-45,284
79892.5,-18,-33,238
79895.0,26,19,328
79897.5,9,29,353
79900.0,-45,-21,376
79902.5,11,10,255
79905.0,-12,-9,270
79907.5,-30,34,506
79910.0,21,-70,398
79912.5,36,65,280
79915.0,36,65,280
79917.5,-17,47,281
79920.0,51,18,307
79922.5,-13,-25,260
79925.0,9,34,315
79927.5,18,-1,357
79930.0,-5,-3,314
79932.5,-30,-7,329
79935.0,-9,-53,273
79937.5,-20,17,421
79940.0,-52,-58,292
79942.5,33,21,334
79945.0,-31,-45,291
79947.5,32,-1,217
79950.0,15,-4,337
79952.5,-40,-15,274
79955.0,-18,-29,287
79957.5,25,-13,279
79960.0,-21,-10,298
79962.5,40,-30,282
79965.0,40,-30,282
79967.5,22,7,321
79970.0,44,28,280
79972.5,4,-37,232
79975.0,56,-32,309
79977.5,34,-34,219
79980.0,2,17,312
79982.5,-48,-38,270
79985.0,-16,-21,299
79987.5,34,2,285
79990.0,-3,10,369
79992.5,39,-11,311
79995.0,-26,31,373
79997.5,10,8,351
80000.0,52,2,242
80002.5,7,-1,323
80005.0,78,65,241
80007.5,58,6,252
80010.0,6,-2,313
80012.5,26,2,297
80015.0,26,2,297
80017.5,18,-9,310
80020.0,-6,-37,335
80022.5,41,28,233
80025.0,-4,-22,286
80027.5,-66,-108,314
80030.0,11,-28,288
80032.5,-14,-12,352
80035.0,53,-17,246
80037.5,83,-7,261
80040.0,-6,-37,291
80042.5,-13,-33,173
80045.0,-30,-10,249
80047.5,-39,9,239
80050.0,-4,-73,423
80052.5,35,-75,418
80055.0,-28,12,292
80057.5,45,-22,392
80060.0,59,-8,266
80062.5,-37,-15,182
80065.0,-37,-15,182
80067.5,-31,-19,301
80070.0,-5,-21,370
80072.5,26,4,281
80075.0,-40,-5,230
80077.5,16,-30,325
80080.0,52,-24,337
80082.5,14,31,352
80085.0,62,61,261
80087.5,-51,-68,156
80090.0,-73,-63,334
80092.5,-150,-85,359
80095.0,36,-26,428
80097.5,-37,-9,479
80100.0,-19,-22,314
80102.5,54,-30,278
80105.0,61,14,303
80107.5,123,32,377
80110.0,82,-4,313
80112.5,82,-4,313
80115.0,24,-23,208
80117.5,82,31,204
80120.0,7,-60,348
80122.5,20,-10,237
80125.0,34,6,416
80127.5,25,26,341
80130.0,-23,-107,279
80132.5,15,4,388
80135.0,32,-27,278
80137.5,16,-26,289
80140.0,-3,9,316
80142.5,-38,-41,324
80145.0,32,18,456
80147.5,-28,-63,268
80150.0,42,21,341
80152.5,21,-13,379
80155.0,-79,-44,299
80157.5,13,10,264
80160.0,-57,-21,346
80162.5,-57,-21,346
80165.0,53,-71,341
80167.5,57,-16,261
80170.0,11,17,328
80172.5,53,-5,296
80175.0,38,-38,331
80177.5,77,22,211
80180.0,46,-77,415
80182.5,-1,-12,291
80185.0,30,12,323
80187.5,-11,-31,342
80190.0,5,-47,308
80192.5,22,-62,333
80195.0,2,13,313
80197.5,27,7,229
80200.0,37,14,295
80202.5,3,-54,370
80205.0,87,13,314
80207.5,65,19,357
80210.0,127,-28,248
80212.5,127,-28,248
80215.0,99,-32,216
80217.5,124,-29,426
80220.0,-87,-126,320
80222.5,1,-10,312
80225.0,29,-48,260
80227.5,5,-25,270
80230.0,0,-36,363
80232.5,-36,-77,355
80235.0,69,7,273
80237.5,-39,-34,343
80240.0,42,-44,244
80242.5,16,-4,305
80245.0,-27,-16,277
80247.5,32,0,270
80250.0,42,28,313
80252.5,-65,2,299
80255.0,-4,22,279
80257.5,-3,25,410
80260.0,-154,6,305
80262.5,-154,6,305
80265.0,-227,-120,306
80267.5,89,65,271
80270.0,44,-35,303
80272.5,12,0,196
80275.0,39,-4,229
80277.5,66,16,368
80280.0,-14,6,380
80282.5,-63,-17,326
80285.0,8,11,218
80287.5,23,15,366
80290.0,-10,-104,360
80292.5,76,-56,267
80295.0,35,-43,304
80297.5,-8,-31,237
80300.0,25,-9,342
80302.5,19,-5,352
80305.0,78,-21,295
80307.5,-86,-14,275
80310.0,16,-52,345
80312.5,16,-52,345
80315.0,43,-27,291
80317.5,15,-16,403
80320.0,-26,-131,356
80322.5,-30,-3,302
80325.0,-58,-12,309
80327.5,-27,-19,232
80330.0,7,9,343
80332.5,25,0,281
80335.0,-7,50,257
80337.5,-31,-48,274
80340.0,66,22,363
80342.5,-12,18,324
80345.0,1,-48,313
80347.5,6,-18,346
80350.0,36,-26,292
80352.5,6,19,417
80355.0,37,-18,297
80357.5,42,-3,250
80360.0,6,27,295
80362.5,6,27,295
80365.0,64,32,274
80367.5,20,26,308
80370.0,16,23,306
80372.5,-6,-21,288
80375.0,-75,-42,340
80377.5,25,-15,341
80380.0,23,-3,323
80382.5,-25,-7,350
80385.0,-27,-36,310
80387.5,11,-23,277
80390.0,-49,-56,331
80392.5,-1,48,283
80395.0,-39,-19,306
80397.5,24,12,325
80400.0,-2,-16,305
80402.5,45,0,304
80405.0,-62,-20,359
80407.5,67,-24,306
80410.0,27,-10,333
80412.5,27,-10,333
80415.0,3,20,353
80417.5,133,54,222
80420.0,-36,1,349
80422.5,116,31,104
80425.0,-23,-104,170
80427.5,8,-14,338
80430.0,-73,-42,391
80432.5,101,2,399
80435.0,35,-58,373
80437.5,37,-22,156
80440.0,-65,1,296
80442.5,7,0,303
80445.0,40,42,262
80447.5,12,2,294
80450.0,73,33,248
80452.5,-31,-92,300
80455.0,-9,-20,341
80457.5,31,4,313
80460.0,0,19,271
80462.5,0,19,271
80465.0,-26,-65,324
80467.5,228,97,139
80470.0,-4,-52,363
80472.5,40,-50,287
80475.0,-17,-66,375
80477.5,10,-13,325
80480.0,-17,10,115
80482.5,45,7,284
80485.0,4,-6,367
80487.5,16,2,378
80490.0,57,27,322
80492.5,-30,-8,215
80495.0,19,13,267
80497.5,-2,-9,290
80500.0,14,13,374
80502.5,33,-4,324
80505.0,8,-48,309
80507.5,84,40,380
80510.0,43,30,284
80512.5,43,30,284
80515.0,49,-49,270
80517.5,77,24,293
80520.0,-24,-5,253
80522.5,-12,12,332
80525.0,13,-1,381
80527.5,120,82,219
80530.0,-23,-27,246
80532.5,-45,-29,342
80535.0,6,11,226
80537.5,57,-29,258
80540.0,-39,-49,293
80542.5,-3,-6,305
80545.0,140,99,304
80547.5,3,-11,309
80550.0,54,-7,249
80552.5,38,23,345
80555.0,48,-50,213
80557.5,93,69,239
80560.0,93,69,239
80562.5,35,15,337
80565.0,32,17,278
80567.5,46,6,336
80570.0,24,-34,339
80572.5,-8,16,265
80575.0,-33,-66,350
80577.5,-28,8,256
80580.0,-18,0,319
80582.5,-41,-10,321
80585.0,7,-19,278
80587.5,55,-21,356
80590.0,-9,-52,323
80592.5,85,32,294
80595.0,-2,17,262
80597.5,-42,-58,315
80600.0,40,14,250
80602.5,135,105,365
80605.0,-76,-90,302
80607.5,-5,19,441
80610.0,-5,19,441
80612.5,52,26,191
80615.0,169,54,188
80617.5,-61,-36,352
80620.0,-34,-67,317
80622.5,-17,14,381
80625.0,11,-25,265
80627.5,84,-16,225
80630.0,-18,-17,329
80632.5,-33,-19,307
80635.0,-51,-5,338
80637.5,-42,-46,341
80640.0,-14,-18,275
80642.5,1,26,264
80645.0,-67,-22,272
80647.5,46,11,245
80650.0,-123,7,185
80652.5,-48,-4,251
80655.0,-71,-46,320
80657.5,96,-28,337
80660.0,96,-28,337
80662.5,9,48,330
80665.0,32,-30,253
80667.5,-40,-54,323
80670.0,53,40,237
80672.5,31,52,437
80675.0,-6,-31,323
80677.5,-3,-30,210
80680.0,19,-3,289
80682.5,-16,18,342
80685.0,-7,-28,323
80687.5,94,13,280
80690.0,-50,-46,302
80692.5,-124,-103,416
80695.0,145,-80,350
80697.5,124,31,273
80700.0,97,-7,231
80702.5,-42,-60,300
80705.0,-25,-35,321
80707.5,58,-18,318
80710.0,58,-18,318
80712.5,-33,-13,287
80715.0,8,5,249
80717.5,-8,-9,335
80720.0,-12,6,354
80722.5,42,-2,328
80725.0,52,15,311
80727.5,-9,-37,330
80730.0,53,-7,233
80732.5,-47,-38,329
80735.0,-29,-45,335
80737.5,-47,-44,320
80740.0,-35,-6,265
80742.5,-37,-71,269
80745.0,0,9,329
80747.5,-17,-30,322
80750.0,26,31,268
80752.5,-29,-23,295
80755.0,-3,-22,354
80757.5,37,-12,300
80760.0,37,-12,300
80762.5,9,2,344
80765.0,-14,-48,280
80767.5,91,32,248
80770.0,-5,-31,289
80772.5,-18,-1,243
80775.0,18,-12,297
80777.5,-18,-28,333
80780.0,50,-14,311
80782.5,16,8,335
80785.0,-33,-34,326
80787.5,62,3,309
80790.0,26,-12,343
80792.5,-16,-60,287
80795.0,86,-49,362
80797.5,-19,-58,379
80800.0,74,10,331
80802.5,112,-49,511
80805.0,-35,-102,452
80807.5,-34,-4,354
80810.0,-34,-4,354
80812.5,20,29,400
80815.0,-11,-9,226
80817.5,-23,2,182
80820.0,39,-38,385
80822.5,-16,-33,406
80825.0,46,-10,288
80827.5,-26,-14,239
80830.0,1,-6,240
80832.5,3,-16,358
80835.0,-10,-6,357
80837.5,99,42,304
80840.0,4,-3,212
80842.5,-116,39,284
80845.0,-123,-32,251
80847.5,-53,-25,250
80850.0,5,27,379
80852.5,4,47,333
80855.0,40,17,211
80857.5,77,31,223
80860.0,77,31,223
80862.5,-105,-46,374
80865.0,-17,-58,368
80867.5,58,2,227
80870.0,-87,-33,244
80872.5,82,-65,326
80875.0,-157,12,445
80877.5,-104,-87,418
80880.0,-18,-50,323
80882.5,-9,-25,355
80885.0,-56,-33,297
80887.5,40,13,151
80890.0,-68,-38,396
80892.5,120,27,180
80895.0,-6,-16,346
80897.5,22,35,259
80900.0,34,-29,320
80902.5,-16,-41,352
80905.0,40,8,384
80907.5,40,8,384
80910.0,55,-20,264
80912.5,-67,-31,277
80915.0,15,-27,239
80917.5,18,18,314
80920.0,-56,-26,352
80922.5,60,-18,290
80925.0,45,-3,324
80927.5,-18,-24,273
80930.0,123,52,269
80932.5,-9,-20,359
80935.0,8,19,325
80937.5,27,9,287
80940.0,6,-29,303
80942.5,39,13,265
80945.0,40,-6,347
80947.5,-29,-25,259
80950.0,65,-9,283
80952.5,-4,-2,310
80955.0,26,19,265
80957.5,26,19,265
80960.0,-22,-7,348
80962.5,-13,30,334
80965.0,83,-4,189
80967.5,-136,-27,371
80970.0,60,65,221
80972.5,59,-41,321
80975.0,-20,-55,461
80977.5,63,37,357
80980.0,29,0,240
80982.5,6,9,290
80985.0,-37,-36,323
80987.5,-63,-48,390
80990.0,-12,-30,338
80992.5,69,-23,230
80995.0,-20,-24,301
80997.5,20,-8,250
81000.0,60,-24,306
81002.5,-8,-58,293
81005.0,56,34,287
81007.5,56,34,287
81010.0,16,-45,327
81012.5,12,34,409
81015.0,14,-14,253
81017.5,95,35,353
81020.0,210,68,306
81022.5,-27,58,332
81025.0,-16,2,357
81027.5,33,-1,270
81030.0,10,0,286
81032.5,-19,-77,393
81035.0,32,9,315
81037.5,64,34,256
81040.0,111,51,368
81042.5,58,-18,356
81045.0,-64,-18,293
81047.5,-5,-40,243
81050.0,-20,9,336
81052.5,-5,-6,301
81055.0,-11,32,317
81057.5,-11,32,317
81060.0,-36,19,302
81062.5,-6,-95,333
81065.0,70,1,308
81067.5,-76,-2,305
81070.0,-30,-14,381
81072.5,1,-61,333
81075.0,-5,32,355
81077.5,-54,16,220
81080.0,26,55,306
81082.5,-3,-5,336
81085.0,29,31,233
81087.5,-32,-3,218
81090.0,27,-69,341
81092.5,14,-40,328
81095.0,34,-41,305
81097.5,-13,-32,308
81100.0,27,4,275
81102.5,127,90,435
81105.0,-79,-69,251
81107.5,-79,-69,251
81110.0,35,0,327
81112.5,8,-7,309
81115.0,40,6,297
81117.5,0,8,303
81120.0,40,17,291
81122.5,50,4,295
81125.0,-8,-7,347
81127.5,-22,-24,313
81130.0,23,-51,332
81132.5,-52,-30,339
81135.0,38,3,290
81137.5,7,-60,279
81140.0,-4,-40,332
81142.5,4,-9,278
81145.0,59,13,273
81147.5,31,52,267
81150.0,51,-19,297
81152.5,30,-11,305
81155.0,-41,21,301
81157.5,-41,21,301
81160.0,47,48,316
81162.5,16,7,332
81165.0,9,-13,312
81167.5,8,-26,271
81170.0,-81,-44,290
81172.5,-123,6,511
81175.0,-18,-13,398
81177.5,131,45,328
81180.0,112,11,347
81182.5,-40,19,369
81185.0,-20,-11,380
81187.5,-18,-31,306
81190.0,23,-43,203
81192.5,-5,-46,199
81195.0,42,-16,279
81197.5,-51,-31,511
81200.0,-10,-16,200
81202.5,-54,-21,299
81205.0,19,11,249
81207.5,19,11,249
81210.0,34,-2,317
81212.5,-6,-10,337
81215.0,-32,-32,325
81217.5,39,0,207
81220.0,-6,-20,163
81222.5,-54,-51,203
81225.0,-9,28,327
81227.5,40,-52,362
81230.0,-18,-23,350
81232.5,-42,-40,357
81235.0,43,-11,260
81237.5,98,35,280
81240.0,-42,-60,431
81242.5,23,-5,278
81245.0,51,-1,252
81247.5,-3,-5,274
81250.0,-50,-46,316
81252.5,54,30,352
81255.0,54,30,352
81257.5,17,31,409
81260.0,11,-14,314
81262.5,-42,-14,337
81265.0,45,42,235
81267.5,27,44,347
81270.0,-6,-20,240
81272.5,7,32,277
81275.0,79,59,300
81277.5,16,21,414
81280.0,56,-39,273
81282.5,63,-12,233
81285.0,-42,-34,242
81287.5,-78,-25,303
81290.0,47,26,287
81292.5,-5,-4,308
81295.0,-11,-7,470
81297.5,-39,-73,314
81300.0,53,-29,337
81302.5,-13,15,368
81305.0,-13,15,368
81307.5,2,35,193
81310.0,-30,-59,305
81312.5,-9,9,294
81315.0,31,58,327
81317.5,19,-40,309
81320.0,19,1,318
81322.5,-33,-45,267
81325.0,23,-8,349
81327.5,-7,-1,243
81330.0,-1,-10,305
81332.5,-9,-25,335
81335.0,31,32,278
81337.5,27,-17,345
81340.0,83,22,325
81342.5,121,44,288
81345.0,-16,14,163
81347.5,-178,-267,223
81350.0,105,-24,402
81352.5,-27,-49,382
81355.0,-27,-49,382
81357.5,12,-1,301
81360.0,13,8,281
81362.5,-32,-27,340
81365.0,21,-10,306
81367.5,18,2,357
81370.0,29,28,217
81372.5,20,24,238
81375.0,-1,-21,270
81377.5,6,-13,316
81380.0,-21,-59,317
81382.5,-16,15,336
81385.0,67,42,224
81387.5,-6,-31,326
81390.0,-11,-20,254
81392.5,-120,-73,290
81395.0,146,79,428
81397.5,6,-11,294
81400.0,30,16,249
81402.5,7,-3,347
81405.0,7,-3,347
81407.5,16,1,308
81410.0,41,-3,348
81412.5,-4,-21,256
81415.0,-7,-13,309
81417.5,-15,-31,505
81420.0,51,-55,339
81422.5,104,-24,301
81425.0,74,1,308
81427.5,100,43,315
81430.0,-15,28,302
81432.5,-3,-25,401
81435.0,-1,-3,308
81437.5,12,-35,276
81440.0,7,-29,343
81442.5,-84,-41,272
81445.0,-23,-3,366
81447.5,-13,15,288
81450.0,-56,-20,268
81452.5,-11,-1,263
81455.0,-11,-1,263
81457.5,-8,-38,216
81460.0,28,-14,385
81462.5,-142,-49,321
81465.0,26,5,232
81467.5,11,-14,235
81470.0,5,-77,296
81472.5,74,8,320
81475.0,56,8,364
81477.5,34,-11,339
81480.0,25,-23,266
81482.5,-69,-28,300
81485.0,44,43,215
81487.5,9,4,270
81490.0,6,19,291
81492.5,92,44,311
81495.0,-22,-63,327
81497.5,5,-6,329
81500.0,17,-11,288
81502.5,17,1,339
81505.0,17,1,339
81507.5,-58,-39,351
81510.0,70,34,252
81512.5,-23,-21,388
81515.0,-33,-49,291
81517.5,-30,-54,246
81520.0,33,21,314
81522.5,14,12,259
81525.0,-25,-40,315
81527.5,24,33,323
81530.0,-5,-40,326
81532.5,-42,-47,348
81535.0,3,-27,354
81537.5,-2,-14,313
81540.0,-35,-8,324
81542.5,18,-12,265
81545.0,60,51,263
81547.5,-30,-21,272
81550.0,146,29,117
81552.5,-33,35,218
81555.0,-33,35,218
81557.5,-89,-12,122
81560.0,-49,-41,435
81562.5,1,-29,352
81565.0,20,-6,379
81567.5,-34,-15,402
81570.0,31,-7,363
81572.5,-6,-15,167
81575.0,45,-5,293
81577.5,32,-9,454
81580.0,0,-12,274
81582.5,56,45,239
81585.0,-13,-44,339
81587.5,56,-23,349
81590.0,-45,-15,313
81592.5,-54,-38,313
81595.0,70,52,179
81597.5,-5,50,377
81600.0,-9,-16,391
81602.5,-70,-41,316
81605.0,-70,-41,316
81607.5,-23,-32,401
81610.0,-26,-21,274
81612.5,-21,-65,231
81615.0,-29,-20,311
81617.5,41,13,365
81620.0,-10,-22,324
81622.5,16,-6,263
81625.0,67,-5,387
81627.5,-33,-50,339
81630.0,29,28,341
81632.5,17,-9,362
81635.0,-21,21,315
81637.5,47,47,245
81640.0,72,16,314
81642.5,15,-59,317
81645.0,10,37,276
81647.5,31,-15,302
81650.0,85,18,332
81652.5,85,18,332
81655.0,13,-40,374
81657.5,37,-11,322
81660.0,-25,0,289
81662.5,67,15,343
81665.0,26,0,280
81667.5,57,60,238
81670.0,-30,-30,355
81672.5,13,31,464
81675.0,-15,-21,358
81677.5,56,-41,303
81680.0,23,26,295
81682.5,-67,-37,387
81685.0,42,6,170
81687.5,25,-26,301
81690.0,-27,-27,279
81692.5,24,-52,348
81695.0,-11,-16,254
81697.5,39,20,333
81700.0,-2,-74,267
81702.5,-2,-74,267
81705.0,3,-1,304
81707.5,-8,-39,262
81710.0,-29,-36,320
81712.5,-29,2,343
81715.0,62,-1,295
81717.5,24,-5,304
81720.0,68,51,291
81722.5,74,-76,286
81725.0,31,-20,322
81727.5,29,-81,278
81730.0,47,-16,449
81732.5,-34,-35,371
81735.0,24,-2,264
81737.5,21,30,282
81740.0,8,28,251
81742.5,89,41,343
81745.0,40,21,374
81747.5,3,-8,234
81750.0,18,-10,332
81752.5,18,-10,332
81755.0,20,9,324
81757.5,12,2,283
81760.0,4,5,304
81762.5,8,-25,316
81765.0,46,25,310
81767.5,-76,-58,352
81770.0,43,27,402
81772.5,-30,-51,298
81775.0,-96,-11,464
81777.5,65,0,202
81780.0,104,-62,380
81782.5,-34,-83,307
81785.0,-30,-21,218
81787.5,-26,10,260
81790.0,-79,4,361
81792.5,47,-8,326
81795.0,103,37,392
81797.5,37,-7,279
81800.0,-21,24,254
81802.5,-21,24,254
81805.0,10,23,336
81807.5,-8,-32,310
81810.0,18,39,232
81812.5,27,37,381
81815.0,103,18,275
81817.5,-8,-52,340
81820.0,-4,-31,308
81822.5,76,0,240
81825.0,22,38,328
81827.5,11,-22,286
81830.0,-32,-17,249
81832.5,35,26,316
81835.0,3,7,234
81837.5,-10,-28,301
81840.0,5,15,322
81842.5,-25,-20,294
81845.0,8,-30,248
81847.5,135,23,366
81850.0,41,16,387
81852.5,41,16,387
81855.0,-6,-14,304
81857.5,-7,-1,306
81860.0,88,72,232
81862.5,-6,-24,348
81865.0,89,-18,282
81867.5,-2,-22,299
81870.0,-3,0,299
81872.5,46,-7,277
81875.0,-10,-10,327
81877.5,-91,-56,350
81880.0,42,25,299
81882.5,-53,-25,325
81885.0,11,-21,340
81887.5,26,-2,306
81890.0,8,-7,341
81892.5,41,33,237
81895.0,50,19,231
81897.5,-2,-44,327
81900.0,9,-1,244
81902.5,9,-1,244
81905.0,6,41,275
81907.5,14,23,317
81910.0,31,-12,289
81912.5,11,-9,344
81915.0,-20,-9,335
81917.5,38,3,319
81920.0,0,-40,360
81922.5,20,-1,317
81925.0,9,8,248
81927.5,-19,-7,495
81930.0,-96,-123,295
81932.5,110,11,270
81935.0,10,-80,352
81937.5,17,-10,420
81940.0,15,7,331
81942.5,-71,-5,401
81945.0,42,25,121
81947.5,37,3,270
81950.0,65,18,258
81952.5,65,18,258
81955.0,97,15,362
81957.5,-16,-23,320
81960.0,-22,-29,220
81962.5,42,37,314
81965.0,-8,-62,381
81967.5,35,-6,369
81970.0,0,-54,338
81972.5,-11,-58,257
81975.0,17,-10,178
81977.5,-109,-52,392
81980.0,56,-17,340
81982.5,45,-7,399
81985.0,19,-11,309
81987.5,40,6,59
81990.0,-31,-55,221
81992.5,37,-4,342
81995.0,46,-11,392
81997.5,16,14,334
82000.0,16,14,334
82002.5,11,-29,279
82005.0,16,-17,258
82007.5,-118,-59,446
82010.0,-1,-34,413
82012.5,220,12,201
82015.0,30,-11,223
82017.5,50,-8,329
82020.0,-18,-5,393
82022.5,-16,18,232
82025.0,27,28,242
82027.5,-19,-54,309
82030.0,24,-8,342
82032.5,-16,-63,284
82035.0,59,-4,317
82037.5,27,-5,334
82040.0,8,1,272
82042.5,21,42,189
82045.0,-51,-5,310
82047.5,-82,-30,263
82050.0,-82,-30,263
82052.5,36,29,219
82055.0,62,22,317
82057.5,-14,-58,337
82060.0,100,36,290
82062.5,-12,-33,341
82065.0,7,32,159
82067.5,101,5,322
82070.0,-30,8,295
82072.5,7,7,300
82075.0,27,-38,389
82077.5,-8,-5,309
82080.0,-12,10,356
82082.5,-28,-37,415
82085.0,18,13,214
82087.5,31,47,321
82090.0,-8,-6,321
82092.5,30,-10,280
82095.0,-46,19,324
82097.5,-21,-22,316
82100.0,-21,-22,316
82102.5,17,-76,271
82105.0,-102,-119,193
82107.5,-136,-12,154
82110.0,-202,-166,154
82112.5,-51,-185,330
82115.0,6,-9,407
82117.5,-41,-48,419
82120.0,45,20,151
82122.5,16,-11,354
82125.0,-12,24,394
82127.5,34,-15,300
82130.0,12,6,260
82132.5,-6,-37,235
82135.0,35,4,258
82137.5,28,-16,306
82140.0,-87,-17,310
82142.5,17,-24,311
82145.0,-34,-66,350
82147.5,4,-23,331
82150.0,4,-23,331
82152.5,128,32,280
82155.0,9,-1,171
82157.5,-73,-86,247
82160.0,22,-15,291
82162.5,93,-25,270
82165.0,23,-18,364
82167.5,45,13,354
82170.0,-16,-51,285
82172.5,22,0,227
82175.0,-1,32,313
82177.5,-2,-26,368
82180.0,10,-19,278
82182.5,7,26,290
82185.0,8,-8,294
82187.5,18,7,335
82190.0,-8,-37,345
82192.5,32,5,290
82195.0,23,3,287
82197.5,25,-13,386
82200.0,25,-13,386
82202.5,-63,-78,377
82205.0,51,-6,318
82207.5,79,7,349
82210.0,15,7,256
82212.5,4,-13,383
82215.0,-53,-64,298
82217.5,0,6,322
82220.0,-30,-53,292
82222.5,-21,-38,279
82225.0,27,24,333
82227.5,-69,-75,354
82230.0,45,7,318
82232.5,56,1,341
82235.0,-11,-12,308
82237.5,-52,-26,312
82240.0,-30,10,372
82242.5,51,-38,274
82245.0,58,-26,243
82247.5,26,10,299
82250.0,26,10,299
82252.5,40,-34,215
82255.0,46,37,296
82257.5,-65,-65,354
82260.0,67,11,298
82262.5,-31,-9,331
82265.0,-20,-11,337
82267.5,56,-35,325
82270.0,4,-16,330
82272.5,7,-57,333
82275.0,85,-32,243
82277.5,-34,-36,327
82280.0,52,3,247
82282.5,-35,-33,283
82285.0,22,-18,262
82287.5,51,19,275
82290.0,1,3,324
82292.5,-29,-61,346
82295.0,16,-19,315
82297.5,16,-19,315
82300.0,-4,-20,341
82302.5,-100,-53,364
82305.0,150,15,346
82307.5,15,-5,382
82310.0,33,20,267
82312.5,70,-37,419
82315.0,39,41,402
82317.5,23,2,290
82320.0,105,1,375
82322.5,40,-35,228
82325.0,7,11,249
82327.5,-42,-40,346
82330.0,25,-2,396
82332.5,8,-58,194
82335.0,2,1,227
82337.5,-25,-24,309
82340.0,7,-31,338
82342.5,-34,-9,388
82345.0,11,-26,257
82347.5,11,-26,257
82350.0,9,-19,291
82352.5,95,-46,392
82355.0,-69,-38,218
82357.5,47,-3,230
82360.0,40,43,248
82362.5,1,0,186
82365.0,-1,-12,248
82367.5,107,-22,364
82370.0,27,-24,410
82372.5,15,-50,331
82375.0,91,2,341
82377.5,-16,-20,339
82380.0,44,-21,284
82382.5,13,2,395
82385.0,-64,-15,380
82387.5,-50,-33,363
82390.0,60,54,262
82392.5,56,52,277
82395.0,49,-18,136
82397.5,49,-18,136
82400.0,-106,-16,322
82402.5,50,-8,256
82405.0,-5,-61,298
82407.5,-15,-27,235
82410.0,83,25,368
82412.5,-1,3,392
82415.0,57,27,333
82417.5,53,-21,298
82420.0,-32,-8,326
82422.5,45,27,195
82425.0,59,16,254
82427.5,-104,-62,261
82430.0,-7,16,332
82432.5,17,-16,325
82435.0,49,22,284
82437.5,22,-2,263
82440.0,-55,-29,328
82442.5,8,-19,238
82445.0,55,43,363
82447.5,55,43,363
82450.0,-97,-42,305
82452.5,-17,-20,303
82455.0,35,-20,330
82457.5,-7,-36,303
82460.0,101,40,238
82462.5,-64,-19,286
82465.0,-8,10,244
82467.5,30,-5,340
82470.0,-65,-76,305
82472.5,38,18,277
82475.0,-326,32,431
82477.5,-176,-64,347
82480.0,117,61,337
82482.5,-3,-19,315
82485.0,-30,-30,254
82487.5,48,31,230
82490.0,-76,-5,303
82492.5,-22,-28,310
82495.0,34,12,371
82497.5,34,12,371
82500.0,-21,7,307
82502.5,90,3,226
82505.0,-13,-17,334
82507.5,47,-11,267
82510.0,28,28,280
82512.5,-1,-5,272
82515.0,78,-5,234
82517.5,11,28,327
82520.0,-3,-3,398
82522.5,101,11,288
82525.0,-9,71,343
82527.5,-137,-69,375
82530.0,-28,39,341
82532.5,1,1,344
82535.0,7,3,223
82537.5,16,-4,273
82540.0,-24,26,379
82542.5,19,1,324
82545.0,2,-14,282
82547.5,2,-14,282
82550.0,8,-30,355
82552.5,2,13,288
82555.0,51,-1,308
82557.5,104,-37,290
82560.0,-34,-43,305
82562.5,-82,-94,372
82565.0,-1,38,269
82567.5,-29,-57,306
82570.0,61,-102,273
82572.5,53,34,276
82575.0,-48,-20,292
82577.5,-57,-46,336
82580.0,49,-2,250
82582.5,-14,4,276
82585.0,-30,-41,199
82587.5,37,13,270
82590.0,10,15,275
82592.5,24,-48,325
82595.0,24,-48,325
82597.5,30,-47,322
82600.0,18,-73,338
82602.5,66,3,271
82605.0,0,-33,336
82607.5,-15,-70,320
82610.0,80,13,262
82612.5,-71,-73,354
82615.0,55,12,303
82617.5,2,-1,282
82620.0,9,12,293
82622.5,-8,-27,269
82625.0,-13,-21,346
82627.5,-13,-13,336
82630.0,40,33,263
82632.5,-53,-28,295
82635.0,-12,-38,358
82637.5,-27,-18,281
82640.0,-5,-26,335
82642.5,56,18,251
82645.0,56,18,251
82647.5,63,21,241
82650.0,-46,-21,334
82652.5,6,-32,282
82655.0,50,48,286
82657.5,-49,-52,322
82660.0,45,-18,313
82662.5,-23,-38,337
82665.0,43,31,320
82667.5,30,7,292
82670.0,-26,-42,331
82672.5,32,-27,282
82675.0,-4,-28,263
82677.5,-2,-37,310
82680.0,-45,-30,318
82682.5,106,35,367
82685.0,-65,55,238
82687.5,90,-52,281
82690.0,-26,-34,319
82692.5,-84,-12,455
82695.0,-84,-12,455
82697.5,33,-16,293
82700.0,85,85,257
82702.5,13,-12,140
82705.0,79,34,163
82707.5,-14,-17,415
82710.0,66,57,346
82712.5,18,-4,291
82715.0,-5,-28,283
82717.5,36,4,314
82720.0,-7,25,366
82722.5,38,1,336
82725.0,1,10,243
82727.5,4,-45,209
82730.0,-93,-122,379
82732.5,125,26,368
82735.0,13,18,379
82737.5,52,9,390
82740.0,26,-28,313
82742.5,0,-35,183
82745.0,0,-35,183
82747.5,82,-9,331
82750.0,-19,-22,400
82752.5,31,18,270
82755.0,55,-9,346
82757.5,-4,3,337
82760.0,11,27,438
82762.5,-30,59,344
82765.0,-59,-53,340
82767.5,-5,-51,354
82770.0,69,11,260
82772.5,-36,-61,86
82775.0,66,15,274
82777.5,29,1,328
82780.0,-33,-52,337
82782.5,70,86,272
82785.0,-25,-71,352
82787.5,-7,-37,462
82790.0,28,-114,255
82792.5,8,-4,171
82795.0,8,-4,171
82797.5,17,28,266
82800.0,-10,-16,365
82802.5,63,42,261
82805.0,-61,-62,464
82807.5,27,-23,318
82810.0,42,8,256
82812.5,-33,-75,287
82815.0,33,-17,242
82817.5,-26,2,237
82820.0,-30,-65,214
82822.5,10,-41,371
82825.0,18,15,345
82827.5,-7,-8,260
82830.0,70,7,255
82832.5,14,-23,319
82835.0,11,-1,240
82837.5,-7,-55,323
82840.0,8,22,355
82842.5,12,6,314
82845.0,12,6,314
82847.5,28,-5,344
82850.0,-30,-60,338
82852.5,-44,3,306
82855.0,-107,6,264
82857.5,14,21,304
82860.0,47,12,386
82862.5,-8,-13,359
82865.0,62,44,235
82867.5,21,12,312
82870.0,4,-31,337
82872.5,57,-9,338
82875.0,5,23,350
82877.5,34,7,240
82880.0,63,27,361
82882.5,-6,-16,273
82885.0,16,-22,296
82887.5,-2,0,317
82890.0,-15,-17,347
82892.5,120,33,294
82895.0,120,33,294
82897.5,-86,-46,441
82900.0,55,2,282
82902.5,101,108,308
82905.0,170,34,368
82907.5,86,58,249
82910.0,-21,-20,252
82912.5,-15,-5,303
82915.0,6,9,354
82917.5,13,-5,361
82920.0,41,-2,314
82922.5,14,16,224
82925.0,-45,-32,374
82927.5,18,11,286
82930.0,58,-33,293
82932.5,-13,-32,283
82935.0,35,-13,318
82937.5,-20,-59,322
82940.0,17,24,356
82942.5,17,24,356
82945.0,18,-9,321
82947.5,28,-37,291
82950.0,61,-57,294
82952.5,18,11,301
82955.0,-4,-23,430
82957.5,-35,-36,363
82960.0,-34,8,349
82962.5,-40,-62,313
82965.0,54,20,217
82967.5,35,-13,346
82970.0,-54,-28,254
82972.5,48,-33,217
82975.0,0,-16,277
82977.5,-19,-10,318
82980.0,-7,-35,320
82982.5,-59,-18,362
82985.0,3,14,346
82987.5,34,14,242
82990.0,6,45,355
82992.5,6,45,355
82995.0,42,-6,291
82997.5,-1,-39,298
83000.0,-16,-25,270
83002.5,24,-29,349
83005.0,-7,55,296
83007.5,-48,-7,324
83010.0,22,31,285
83012.5,1,22,313
83015.0,-30,-66,333
83017.5,72,-23,287
83020.0,-43,-20,338
83022.5,39,11,251
83025.0,56,11,258
83027.5,-13,-39,337
83030.0,1,11,242
83032.5,-30,-47,304
83035.0,-51,-40,318
83037.5,-6,13,301
83040.0,-4,-52,337
83042.5,-4,-52,337
83045.0,4,-5,352
83047.5,-8,-22,313
83050.0,-19,-21,350
83052.5,16,30,334
83055.0,44,-13,296
83057.5,14,35,442
83060.0,31,14,405
83062.5,-106,25,306
83065.0,49,-25,303
83067.5,8,-61,315
83070.0,-25,18,425
83072.5,0,-24,366
83075.0,24,-4,267
83077.5,32,5,276
83080.0,-20,-3,190
83082.5,76,29,319
83085.0,-22,-22,376
83087.5,0,3,210
83090.0,39,-27,279
83092.5,39,-27,279
83095.0,0,-7,328
83097.5,45,16,365
83100.0,-24,-25,316
83102.5,13,-54,345
83105.0,-3,-58,236
83107.5,-3,20,507
83110.0,-63,-46,337
83112.5,-114,-73,325
83115.0,-12,-14,400
83117.5,50,-9,229
83120.0,76,-15,229
83122.5,16,29,342
83125.0,-14,-23,322
83127.5,43,43,363
83130.0,14,-9,190
83132.5,34,-16,233
83135.0,24,-18,293
83137.5,43,51,229
83140.0,78,24,312
83142.5,78,24,312
83145.0,-52,-58,297
83147.5,-12,-113,220
83150.0,-6,35,248
83152.5,24,-13,291
83155.0,38,13,326
83157.5,-49,-42,324
83160.0,58,58,305
83162.5,19,-22,339
83165.0,21,-50,268
83167.5,21,57,308
83170.0,-65,-18,313
83172.5,58,-13,171
83175.0,52,21,251
83177.5,36,17,312
83180.0,61,11,405
83182.5,81,-66,358
83185.0,31,-26,364
83187.5,82,59,300
83190.0,-61,-61,381
83192.5,-61,-61,381
83195.0,9,-8,208
83197.5,11,-22,385
83200.0,-32,11,274
83202.5,6,9,231
83205.0,-13,-8,334
83207.5,22,-10,282
83210.0,115,14,241
83212.5,39,12,322
83215.0,7,-26,287
83217.5,-14,-22,333
83220.0,13,25,339
83222.5,30,25,278
83225.0,25,-41,327
83227.5,80,-32,255
83230.0,8,-4,177
83232.5,122,-43,449
83235.0,21,22,316
83237.5,17,10,321
83240.0,23,-42,206
83242.5,23,-42,206
83245.0,46,9,297
83247.5,16,-21,355
83250.0,64,51,331
83252.5,8,13,295
83255.0,-43,-11,335
83257.5,77,11,236
83260.0,61,13,327
83262.5,-8,16,287
83265.0,41,7,323
83267.5,-38,21,295
83270.0,-72,-67,353
83272.5,40,89,370
83275.0,-60,-11,319
83277.5,-71,12,211
83280.0,40,100,287
83282.5,-74,-1,470
83285.0,77,38,358
83287.5,-35,-18,271
83290.0,-92,-50,254
83292.5,-92,-50,254
83295.0,29,4,323
83297.5,18,12,392
83300.0,0,-44,198
83302.5,72,12,232
83305.0,0,-164,472
83307.5,-80,-60,335
83310.0,95,48,292
83312.5,-15,-37,302
83315.0,2,-40,293
83317.5,28,-82,326
83320.0,-81,-89,347
83322.5,24,59,292
83325.0,-1,-35,292
83327.5,-62,-88,269
83330.0,22,-14,255
83332.5,-112,-36,425
83335.0,-13,44,270
83337.5,22,-26,261
83340.0,65,1,254
83342.5,65,1,254
83345.0,25,23,225
83347.5,-43,-2,344
83350.0,-10,1,290
83352.5,31,-3,276
83355.0,44,-4,224
83357.5,-38,-66,316
83360.0,88,-9,308
83362.5,40,0,340
83365.0,56,66,261
83367.5,-69,-35,283
83370.0,26,100,239
83372.5,-36,-66,234
83375.0,92,36,281
83377.5,67,11,283
83380.0,9,-21,287
83382.5,36,16,317
83385.0,22,2,379
83387.5,-34,-31,312
83390.0,-34,-31,312
83392.5,10,-17,331
83395.0,44,49,275
83397.5,53,19,243
83400.0,7,-18,322
83402.5,45,8,250
83405.0,41,-16,264
83407.5,-47,-20,297
83410.0,63,22,284
83412.5,11,46,301
83415.0,-22,-30,326
83417.5,19,-11,326
83420.0,29,-22,354
83422.5,43,-13,337
83425.0,-12,-23,265
83427.5,-31,-21,315
83430.0,72,35,333
83432.5,149,54,417
83435.0,8,56,359
83437.5,-72,13,283
83440.0,-72,13,283
83442.5,1,20,411
83445.0,-7,-38,432
83447.5,-1,-7,336
83450.0,58,32,348
83452.5,11,15,145
83455.0,89,22,175
83457.5,61,-11,376
83460.0,17,-32,360
83462.5,3,-20,328
83465.0,6,-14,201
83467.5,49,56,280
83470.0,14,-23,337
83472.5,-47,-36,367
83475.0,38,-24,311
83477.5,71,-13,301
83480.0,-2,1,359
83482.5,-40,-82,313
83485.0,13,-80,341
83487.5,-30,-34,251
83490.0,-30,-34,251
83492.5,-5,2,350
83495.0,-21,16,337
83497.5,27,-20,181
83500.0,-14,0,313
83502.5,12,-3,382
83505.0,60,30,286
83507.5,-58,-50,310
83510.0,-4,20,226
83512.5,43,35,318
83515.0,-23,-6,311
83517.5,75,12,332
83520.0,-57,-15,313
83522.5,-68,-58,275
83525.0,17,-13,511
83527.5,1,-14,232
83530.0,48,-1,245
83532.5,64,13,373
83535.0,-35,-44,406
83537.5,58,10,331
83540.0,58,10,331
83542.5,-30,16,310
83545.0,-70,-41,287
83547.5,52,26,213
83550.0,-33,-11,318
83552.5,-16,-27,257
83555.0,7,13,340
83557.5,-35,-71,263
83560.0,-9,-32,315
83562.5,-19,7,372
83565.0,23,-42,330
83567.5,28,15,267
83570.0,9,-9,279
83572.5,-76,-88,393
83575.0,35,9,312
83577.5,-32,-17,227
83580.0,25,-35,361
83582.5,-8,-24,345
83585.0,11,34,293
83587.5,98,53,311
83590.0,98,53,311
83592.5,4,-26,320
83595.0,11,-38,230
83597.5,-18,-5,277
83600.0,-66,-16,353
83602.5,21,-12,304
83605.0,29,2,349
83607.5,39,27,306
83610.0,43,22,218
83612.5,14,-1,298
83615.0,-29,51,387
83617.5,-15,21,187
83620.0,-121,-41,436
83622.5,34,26,402
83625.0,-79,-40,413
83627.5,76,44,134
83630.0,14,-11,299
83632.5,-45,11,308
83635.0,41,-2,333
83637.5,11,29,257
83640.0,11,29,257
83642.5,-29,-11,210
83645.0,83,11,304
83647.5,30,-10,324
83650.0,13,-4,332
83652.5,66,7,275
83655.0,14,-7,308
83657.5,18,-11,255
83660.0,3,-18,233
83662.5,-126,-15,264
83665.0,4,-10,324
83667.5,9,-112,326
83670.0,-13,-119,283
83672.5,139,-24,300
83675.0,-281,-184,466
83677.5,11,33,424
83680.0,20,-21,237
83682.5,18,-6,237
83685.0,55,29,245
83687.5,32,-20,351
83690.0,32,-20,351
83692.5,17,8,284
83695.0,40,17,232
83697.5,12,8,334
83700.0,-57,-4,373
83702.5,14,12,315
83705.0,142,-10,293
83707.5,67,22,177
83710.0,72,-16,258
83712.5,-39,-9,437
83715.0,57,3,292
83717.5,28,-45,341
83720.0,19,-52,264
83722.5,-61,-25,282
83725.0,9,9,318
83727.5,-8,-8,293
83730.0,-16,-45,329
83732.5,38,-5,360
83735.0,28,12,329
83737.5,28,12,329
83740.0,-38,-51,301
83742.5,92,32,334
83745.0,-8,-51,350
83747.5,93,22,254
83750.0,-8,-22,345
83752.5,43,1,276
83755.0,6,-88,260
83757.5,25,-12,263
83760.0,34,12,267
83762.5,20,-29,300
83765.0,3,-14,328
83767.5,32,-4,298
83770.0,-9,-43,336
83772.5,19,-8,306
83775.0,6,-53,305
83777.5,18,-24,342
83780.0,35,-2,249
83782.5,40,3,223
83785.0,-6,0,283
83787.5,-6,0,283
83790.0,41,43,257
83792.5,-42,-54,321
83795.0,-3,-45,341
83797.5,17,-7,328
83800.0,1,-26,297
83802.5,16,-54,354
83805.0,-118,-68,348
83807.5,49,2,333
83810.0,-4,-1,339
83812.5,44,-108,299
83815.0,32,45,116
83817.5,80,-52,98
83820.0,-115,-77,354
83822.5,-25,-50,404
83825.0,15,-30,327
83827.5,57,22,311
83830.0,-7,6,260
83832.5,-17,3,266
83835.0,21,-25,446
83837.5,21,-25,446
83840.0,69,0,270
83842.5,25,33,241
83845.0,-12,-22,212
83847.5,-3,-41,327
83850.0,15,-26,352
83852.5,-36,-69,326
83855.0,9,-25,312
83857.5,-41,-30,318
83860.0,24,22,257
83862.5,18,11,350
83865.0,56,14,311
83867.5,19,8,243
83870.0,-25,-16,173
83872.5,-14,35,291
83875.0,13,-20,322
83877.5,-25,8,389
83880.0,26,8,294
83882.5,17,29,204
83885.0,-32,-71,307
83887.5,-32,-71,307
83890.0,-16,-19,339
83892.5,-107,-68,305
83895.0,-31,-9,458
83897.5,29,-10,358
83900.0,-32,-76,277
83902.5,-1,-7,274
83905.0,68,55,224
83907.5,-6,-40,369
83910.0,95,18,340
83912.5,-55,-48,350
83915.0,-15,-4,359
83917.5,32,-6,294
83920.0,42,-35,454
83922.5,34,-2,252
83925.0,32,-2,310
83927.5,18,-3,276
83930.0,0,-26,272
83932.5,26,9,254
83935.0,-49,-43,229
83937.5,-49,-43,229
83940.0,38,-21,356
83942.5,-10,-49,367
83945.0,-9,-64,213
83947.5,50,-14,200
83950.0,5,-49,265
83952.5,55,42,268
83955.0,24,2,368
83957.5,-69,-49,303
83960.0,38,21,292
83962.5,-21,-67,373
83965.0,-9,-49,257
83967.5,47,0,258
83970.0,9,-21,295
83972.5,24,-1,287
83975.0,-13,-6,311
83977.5,-63,-3,364
83980.0,155,-31,229
83982.5,-41,95,278
83985.0,88,184,373
83987.5,88,184,373
83990.0,-128,-94,342
83992.5,35,28,370
83995.0,-28,-28,365
83997.5,7,-13,247
84000.0,-18,-31,338
84002.5,-28,-39,342
84005.0,-8,-21,401
84007.5,-15,-55,287
84010.0,60,-17,227
84012.5,-14,-34,315
84015.0,55,-22,283
84017.5,0,1,361
84020.0,-48,-48,330
84022.5,26,-19,342
84025.0,-79,-46,366
84027.5,-27,-28,315
84030.0,20,-48,253
84032.5,-10,-59,406
84035.0,-70,28,293
84037.5,-70,28,293
84040.0,-2,23,304
84042.5,-12,-2,254
84045.0,29,2,311
84047.5,26,-45,332
84050.0,-4,-10,363
84052.5,42,8,335
84055.0,16,21,294
84057.5,-93,-12,233
84060.0,-20,-18,290
84062.5,37,60,218
84065.0,92,33,200
84067.5,3,-41,264
84070.0,17,10,303
84072.5,85,-90,352
84075.0,10,20,338
84077.5,-88,-11,280
84080.0,49,2,322
84082.5,-61,-31,289
84085.0,19,34,302
84087.5,19,34,302
84090.0,91,74,317
84092.5,-6,-6,351
84095.0,11,-32,256
84097.5,-18,-46,343
84100.0,-46,-6,285
84102.5,-46,-41,420
84105.0,7,35,300
84107.5,-17,26,323
84110.0,24,0,273
84112.5,-35,-33,366
84115.0,50,28,245
84117.5,-27,-24,282
84120.0,-42,-63,352
84122.5,12,-3,330
84125.0,-8,1,319
84127.5,19,12,306
84130.0,18,7,298
84132.5,-5,-9,328
84135.0,1,-19,361
84137.5,1,-19,361
84140.0,32,-40,387
84142.5,-31,4,292
84145.0,14,-10,321
84147.5,-23,-47,299
84150.0,-43,-19,342
84152.5,13,0,285
84155.0,13,-21,275
84157.5,-8,-12,310
84160.0,32,10,264
84162.5,15,-11,304
84165.0,7,18,328
84167.5,25,-18,340
84170.0,-18,-15,317
84172.5,7,37,330
84175.0,71,-22,332
84177.5,-1,-31,341
84180.0,44,-1,266
84182.5,-38,-53,240
84185.0,-51,-11,321
84187.5,-51,-11,321
84190.0,83,13,374
84192.5,40,-30,241
84195.0,14,-34,237
84197.5,-4,13,345
84200.0,67,27,414
84202.5,-19,-8,404
84205.0,49,31,335
84207.5,46,56,222
84210.0,-41,-33,203
84212.5,90,-2,340
84215.0,-14,1,392
84217.5,26,-15,256
84220.0,-25,-26,255
84222.5,8,-25,285
84225.0,5,18,361
84227.5,31,3,358
84230.0,69,28,288
84232.5,38,17,225
84235.0,38,17,225
84237.5,-110,-71,361
84240.0,3,-89,425
84242.5,-12,-67,384
84245.0,-35,-38,409
84247.5,-9,3,341
84250.0,41,-4,149
84252.5,4,-18,235
84255.0,35,-9,338
84257.5,-40,-10,388
84260.0,79,55,205
84262.5,15,-15,350
84265.0,39,0,305
84267.5,10,-19,415
84270.0,10,-8,372
84272.5,-96,-35,290
84275.0,28,-32,290
84277.5,-50,13,318
84280.0,11,-28,135
84282.5,32,19,336
84285.0,32,19,336
84287.5,9,5,321
84290.0,-33,-56,285
84292.5,80,29,364
84295.0,22,-63,325
84297.5,66,27,337
84300.0,-33,-116,261
84302.5,18,-68,220
84305.0,2,22,319
84307.5,-107,6,400
84310.0,13,23,291
84312.5,23,-37,317
84315.0,-35,-40,392
84317.5,143,93,229
84320.0,10,-19,337
84322.5,33,-18,230
84325.0,66,31,389
84327.5,-5,-30,315
84330.0,10,-32,332
84332.5,-18,-4,350
84335.0,-18,-4,350
84337.5,6,6,284
84340.0,18,12,304
84342.5,9,-20,320
84345.0,-2,-13,317
84347.5,10,4,323
84350.0,4,-8,302
84352.5,13,-21,273
84355.0,25,8,332
84357.5,-35,-27,301
84360.0,54,-1,284
84362.5,32,19,241
84365.0,-57,-102,246
84367.5,-163,-94,465
84370.0,-71,-29,310
84372.5,-77,-36,227
84375.0,8,-12,254
84377.5,-10,-14,239
84380.0,28,-2,272
84382.5,20,-25,379
84385.0,20,-25,379
84387.5,18,-13,266
84390.0,33,35,239
84392.5,-31,-14,335
84395.0,77,2,270
84397.5,-11,-36,347
84400.0,-5,-21,303
84402.5,120,-18,308
84405.0,78,49,288
84407.5,-14,-5,248
84410.0,75,20,274
84412.5,-50,43,355
84415.0,21,-32,270
84417.5,-7,-15,216
84420.0,69,19,266
84422.5,54,-18,319
84425.0,4,-23,413
84427.5,-82,-36,226
84430.0,43,40,291
84432.5,-39,-31,246
84435.0,-39,-31,246
84437.5,-15,15,249
84440.0,40,33,234
84442.5,-22,-17,309
84445.0,17,25,271
84447.5,-7,-71,381
84450.0,46,8,326
84452.5,-7,-43,237
84455.0,9,-13,411
84457.5,-11,-61,336
84460.0,-36,30,265
84462.5,86,-20,265
84465.0,66,7,256
84467.5,-28,-13,264
84470.0,-9,-22,336
84472.5,105,34,325
84475.0,-43,-31,308
84477.5,104,-2,392
84480.0,64,18,316
84482.5,-42,-61,357
84485.0,-42,-61,357
84487.5,70,13,312
84490.0,26,-5,244
84492.5,7,16,280
84495.0,8,-32,258
84497.5,7,-15,302
84500.0,39,32,318
84502.5,36,3,340
84505.0,-43,-52,341
84507.5,15,-28,330
84510.0,61,1,238
84512.5,-16,-33,327
84515.0,23,44,253
84517.5,68,-1,244
84520.0,12,5,333
84522.5,32,20,254
84525.0,-5,-22,271
84527.5,-46,-26,334
84530.0,34,-7,314
84532.5,6,-36,337
84535.0,6,-36,337
84537.5,25,2,358
84540.0,0,-34,287
84542.5,36,3,332
84545.0,4,-20,344
84547.5,99,13,257
84550.0,-42,-37,309
84552.5,42,7,240
84555.0,65,51,287
84557.5,60,34,339
84560.0,24,-46,240
84562.5,6,-8,293
84565.0,59,24,460
84567.5,25,30,507
84570.0,-94,-55,211
84572.5,-84,-48,270
84575.0,-63,-87,367
84577.5,-53,-50,435
84580.0,3,-28,260
84582.5,3,-28,260
84585.0,97,36,264
84587.5,-21,-35,158
84590.0,14,-5,210
84592.5,50,32,340
84595.0,-13,-34,410
84597.5,40,18,283
84600.0,26,-17,285
84602.5,57,4,273
84605.0,14,13,255
84607.5,-16,-8,316
84610.0,-17,-57,274
84612.5,-95,-24,308
84615.0,30,-6,423
84617.5,-5,-19,456
84620.0,2,13,466
84622.5,20,-17,244
84625.0,-15,-48,129
84627.5,25,11,199
84630.0,14,-15,405
84632.5,14,-15,405
84635.0,-20,-55,345
84637.5,53,20,285
84640.0,18,-38,260
84642.5,-43,-11,332
84645.0,16,-2,269
84647.5,-20,-41,297
84650.0,-2,-16,299
84652.5,48,12,309
84655.0,138,90,227
84657.5,45,-56,343
84660.0,92,20,242
84662.5,-7,-34,292
84665.0,-9,-54,287
84667.5,-12,12,341
84670.0,6,-1,267
84672.5,-54,6,342
84675.0,26,-32,376
84677.5,-1,-46,326
84680.0,37,4,225
84682.5,37,4,225
84685.0,-14,-4,315
84687.5,80,8,285
84690.0,59,55,248
84692.5,-101,-22,399
84695.0,-34,-37,320
84697.5,23,14,349
84700.0,-16,-6,319
84702.5,24,-42,346
84705.0,-12,-57,302
84707.5,64,20,245
84710.0,59,48,286
84712.5,-34,-16,327
84715.0,1,-14,301
84717.5,-49,-40,311
84720.0,-5,-37,313
84722.5,57,-21,299
84725.0,43,7,349
84727.5,26,4,271
84730.0,-15,-5,308
84732.5,-15,-5,308
84735.0,87,-48,348
84737.5,277,87,366
84740.0,-86,4,417
84742.5,28,20,303
84745.0,64,46,335
84747.5,-11,-20,312
84750.0,47,-16,118
84752.5,33,29,333
84755.0,7,-26,340
84757.5,78,7,308
84760.0,48,13,279
84762.5,-38,-67,288
84765.0,57,-4,299
84767.5,-8,-9,359
84770.0,12,4,248
84772.5,25,2,274
84775.0,-10,-6,252
84777.5,1,-12,346
84780.0,21,17,352
84782.5,21,17,352
84785.0,70,21,246
84787.5,55,-3,287
84790.0,-38,33,427
84792.5,63,24,311
84795.0,120,22,400
84797.5,-42,-16,276
84800.0,24,-3,155
84802.5,62,15,281
84805.0,-44,-64,341
84807.5,61,11,377
84810.0,68,-16,261
84812.5,35,30,313
84815.0,26,26,256
84817.5,-1,-3,352
84820.0,56,-59,240
84822.5,9,-25,359
84825.0,-81,-146,363
84827.5,0,23,299
84830.0,45,-77,257
84832.5,45,-77,257
84835.0,4,-17,288
84837.5,64,-8,337
84840.0,16,-47,337
84842.5,-21,-32,349
84845.0,56,13,280
84847.5,16,27,371
84850.0,28,-3,253
84852.5,80,55,255
84855.0,-11,-67,289
84857.5,37,-43,269
84860.0,65,-3,233
84862.5,88,-22,282
84865.0,101,9,271
84867.5,15,-8,311
84870.0,19,10,352
84872.5,51,30,279
84875.0,-12,6,276
84877.5,-11,-42,255
84880.0,86,22,260
84882.5,86,22,260
84885.0,-39,-71,342
84887.5,3,8,240
84890.0,9,5,314
84892.5,24,25,311
84895.0,-8,-41,339
84897.5,-38,-40,333
84900.0,-34,-25,333
84902.5,65,30,333
84905.0,0,-20,352
84907.5,14,-19,282
84910.0,26,-27,266
84912.5,-21,9,331
84915.0,48,-15,258
84917.5,28,2,274
84920.0,42,6,314
84922.5,23,-28,276
84925.0,2,-45,340
84927.5,44,22,337
84930.0,18,-38,307
84932.5,18,-38,307
84935.0,-3,-33,344
84937.5,47,3,286
84940.0,97,56,127
84942.5,53,28,309
84945.0,-154,-62,145
84947.5,26,48,267
84950.0,-98,-63,296
84952.5,15,44,384
84955.0,46,-10,396
84957.5,7,45,298
84960.0,33,52,225
84962.5,-79,-29,219
84965.0,31,-31,327
84967.5,21,-42,459
84970.0,-17,-15,229
84972.5,77,-4,248
84975.0,27,-37,300
84977.5,5,22,350
84980.0,8,2,352
84982.5,8,2,352
84985.0,50,17,323
84987.5,-23,24,197
84990.0,-97,-9,297
84992.5,-4,-69,353
84995.0,130,48,249
84997.5,116,83,322
85000.0,-18,-2,310
85002.5,72,-9,203
85005.0,-20,-43,309
85007.5,-28,-43,386
85010.0,43,-11,324
85012.5,-33,-31,290
85015.0,-30,-16,197
85017.5,-27,38,326
85020.0,-111,-55,266
85022.5,45,-51,273
85025.0,-10,-44,307
85027.5,6,44,363
85030.0,52,-18,386
85032.5,52,-18,386
85035.0,-52,-11,286
85037.5,53,18,273
85040.0,-18,-10,352
85042.5,-53,-14,315
85045.0,94,-11,322
85047.5,32,-18,310
85050.0,50,25,215
85052.5,45,9,271
85055.0,-4,-38,362
85057.5,24,-35,266
85060.0,-39,7,408
85062.5,-71,49,511
85065.0,79,49,328
85067.5,8,-21,347
85070.0,-54,-65,274
85072.5,84,44,273
85075.0,13,-17,303
85077.5,45,40,258
85080.0,45,40,258
85082.5,5,7,312
85085.0,-9,-24,336
85087.5,40,14,258
85090.0,-11,5,301
85092.5,32,-13,233
85095.0,16,5,266
85097.5,-20,-34,366
85100.0,-3,-16,269
85102.5,32,11,322
85105.0,0,-30,334
85107.5,45,-13,261
85110.0,21,7,333
85112.5,34,17,219
85115.0,-72,-113,221
85117.5,-180,-87,403
85120.0,-3,-108,284
85122.5,0,-39,463
85125.0,-115,-99,412
85127.5,-30,-37,409
85130.0,-30,-37,409
85132.5,-23,-25,226
85135.0,40,-9,242
85137.5,29,19,236
85140.0,9,-6,326
85142.5,4,5,295
85145.0,-21,-36,260
85147.5,52,13,305
85150.0,89,-13,378
85152.5,60,5,362
85155.0,15,-25,270
85157.5,63,47,277
85160.0,-84,-59,298
85162.5,82,25,281
85165.0,-64,17,328
85167.5,-38,-32,436
85170.0,-152,-58,260
85172.5,-100,-61,260
85175.0,54,30,334
85177.5,2,2,399
85180.0,2,2,399
85182.5,-46,-23,342
85185.0,51,14,133
85187.5,1,8,263
85190.0,-87,4,351
85192.5,31,40,291
85195.0,52,34,248
85197.5,14,2,336
85200.0,8,-30,344
85202.5,-59,-41,341
85205.0,-17,-25,319
85207.5,20,-13,295
85210.0,15,-7,311
85212.5,32,-3,319
85215.0,16,22,255
85217.5,74,2,273
85220.0,10,-51,290
85222.5,36,29,199
85225.0,-9,-17,395
85227.5,-18,-12,306
85230.0,-18,-12,306
85232.5,-65,-31,343
85235.0,0,27,291
85237.5,74,12,276
85240.0,0,-4,354
85242.5,65,23,296
85245.0,7,-20,238
85247.5,68,25,314
85250.0,41,36,253
85252.5,-2,20,312
85255.0,13,7,341
85257.5,4,14,316
85260.0,10,-42,330
85262.5,68,-28,246
85265.0,21,13,294
85267.5,-38,-39,345
85270.0,5,-22,300
85272.5,68,20,253
85275.0,6,13,320
85277.5,28,-6,265
85280.0,28,-6,265
85282.5,18,-3,346
85285.0,27,17,281
85287.5,1,-3,321
85290.0,76,15,265
85292.5,-11,-20,357
85295.0,81,55,276
85297.5,23,-6,314
85300.0,-9,-30,319
85302.5,119,10,285
85305.0,-24,-25,321
85307.5,76,7,254
85310.0,-26,-42,258
85312.5,-45,-14,354
85315.0,-37,-51,399
85317.5,-44,-27,356
85320.0,-63,-88,404
85322.5,-70,44,405
85325.0,-14,-40,456
85327.5,21,9,366
85330.0,21,9,366
85332.5,8,-47,298
85335.0,49,45,160
85337.5,-23,15,125
85340.0,-4,-37,346
85342.5,37,19,364
85345.0,43,14,220
85347.5,6,-1,271
85350.0,-19,-11,296
85352.5,19,-19,335
85355.0,0,-93,373
85357.5,-60,-15,250
85360.0,37,83,223
85362.5,2,0,436
85365.0,19,-81,384
85367.5,-18,46,307
85370.0,-38,32,329
85372.5,-33,-10,277
85375.0,1,-29,356
85377.5,-58,-13,383
85380.0,-58,-13,383
85382.5,77,-26,229
85385.0,7,-47,224
85387.5,-1,19,268
85390.0,50,2,311
85392.5,4,-62,306
85395.0,11,-2,312
85397.5,29,-31,274
85400.0,18,-19,288
85402.5,-30,-1,236
85405.0,-35,48,287
85407.5,1,7,240
85410.0,-21,39,255
85412.5,29,2,361
85415.0,63,47,292
85417.5,-14,-36,298
85420.0,48,-37,278
85422.5,49,-70,339
85425.0,-1,-27,347
85427.5,-1,-27,347
85430.0,7,-19,276
85432.5,-41,-40,320
85435.0,-11,-50,297
85437.5,48,47,293
85440.0,-55,13,271
85442.5,-18,-10,283
85445.0,18,31,242
85447.5,-33,-34,280
85450.0,68,15,348
85452.5,2,9,346
85455.0,-51,-59,293
85457.5,66,1,290
85460.0,-37,-10,322
85462.5,29,-24,230
85465.0,64,10,286
85467.5,0,-26,357
85470.0,38,12,307
85472.5,-40,-67,331
85475.0,7,-41,287
85477.5,7,-41,287
85480.0,91,23,220
85482.5,-23,-50,306
85485.0,25,52,225
85487.5,35,23,386
85490.0,108,-24,267
85492.5,35,-47,382
85495.0,1,-1,440
85497.5,3,-31,369
85500.0,90,-21,247
85502.5,39,34,357
85505.0,-22,-36,212
85507.5,30,15,363
85510.0,8,1,290
85512.5,18,1,290
85515.0,56,30,270
85517.5,12,-2,313
85520.0,15,-6,286
85522.5,-9,-27,326
85525.0,-1,-38,258
85527.5,-1,-38,258
85530.0,51,42,280
85532.5,20,18,283
85535.0,82,67,150
85537.5,0,55,275
85540.0,-126,-99,391
85542.5,-99,-112,295
85545.0,68,13,471
85547.5,16,-5,267
85550.0,87,-24,195
85552.5,-42,-58,364
85555.0,17,-7,299
85557.5,22,41,259
85560.0,-103,-67,359
85562.5,19,16,371
85565.0,37,-21,253
85567.5,-1,-22,347
85570.0,-16,10,304
85572.5,-56,8,427
85575.0,-26,-105,303
85577.5,-26,-105,303
85580.0,4,-28,210
85582.5,11,-64,280
85585.0,-66,-39,282
85587.5,-41,-9,279
85590.0,11,13,284
85592.5,33,-25,348
85595.0,-6,-5,335
85597.5,-54,-113,362
85600.0,52,1,312
85602.5,-30,-19,414
85605.0,55,-44,317
85607.5,87,91,287
85610.0,80,-59,269
85612.5,50,-11,232
85615.0,-7,-66,342
85617.5,-2,-55,316
85620.0,49,-45,327
85622.5,34,-8,304
85625.0,30,16,278
85627.5,30,16,278
85630.0,58,-5,298
85632.5,15,6,330
85635.0,-29,-39,299
85637.5,23,-15,300
85640.0,-72,-42,340
85642.5,49,11,235
85645.0,23,-7,280
85647.5,-7,-11,302
85650.0,31,6,291
85652.5,20,-13,322
85655.0,-10,-49,349
85657.5,17,-22,334
85660.0,16,-22,353
85662.5,-11,-18,316
85665.0,68,-20,248
85667.5,52,15,329
85670.0,5,-33,242
85672.5,74,18,262
85675.0,-19,-2,288
85677.5,-19,-2,288
85680.0,20,4,282
85682.5,-27,-25,327
85685.0,-19,-42,343
85687.5,27,-1,298
85690.0,-5,-4,341
85692.5,106,87,240
85695.0,34,12,315
85697.5,60,46,243
85700.0,116,-41,264
85702.5,85,-31,308
85705.0,-63,-68,426
85707.5,9,-20,422
85710.0,2,40,237
85712.5,-35,-13,240
85715.0,18,-19,255
85717.5,16,-39,383
85720.0,-32,34,339
85722.5,38,43,229
85725.0,14,2,242
85727.5,14,2,242
85730.0,50,14,239
85732.5,33,49,323
85735.0,23,-63,361
85737.5,75,12,316
85740.0,-21,-18,324
85742.5,-141,-102,511
85745.0,26,40,379
85747.5,37,-38,395
85750.0,20,12,371
85752.5,-10,-42,306
85755.0,-16,16,182
85757.5,47,6,301
85760.0,3,-2,418
85762.5,28,-46,369
85765.0,-52,-24,320
85767.5,-8,-35,324
85770.0,-46,-13,347
85772.5,-36,37,392
85775.0,-36,37,392
85777.5,-8,-25,226
85780.0,3,5,351
85782.5,68,4,315
85785.0,30,-25,123
85787.5,77,103,226
85790.0,-3,3,358
85792.5,92,16,266
85795.0,37,-14,312
85797.5,-24,-80,341
85800.0,-18,-10,466
85802.5,26,47,277
85805.0,-22,-20,307
85807.5,63,13,257
85810.0,-50,-6,393
85812.5,24,39,275
85815.0,83,59,221
85817.5,-3,-61,365
85820.0,32,-49,328
85822.5,-1,-24,317
85825.0,-1,-24,317
85827.5,6,-55,273
85830.0,-48,-101,216
85832.5,45,-18,178
85835.0,-10,-26,309
85837.5,8,-12,339
85840.0,-33,-42,337
85842.5,35,33,264
85845.0,34,-22,378
85847.5,46,-10,248
85850.0,21,20,297
85852.5,24,-18,300
85855.0,70,8,248
85857.5,53,41,281
85860.0,117,51,246
85862.5,7,-7,235
85865.0,125,-36,290
85867.5,-15,13,233
85870.0,42,47,381
85872.5,-51,-31,368
85875.0,-51,-31,368
85877.5,27,22,191
85880.0,31,-21,328
85882.5,-51,-45,356
85885.0,42,8,357
85887.5,-6,-3,357
85890.0,-16,-37,229
85892.5,51,11,299
85895.0,10,31,297
85897.5,70,32,269
85900.0,-23,-2,291
85902.5,-29,-40,273
85905.0,71,61,270
85907.5,-14,30,500
85910.0,-17,-25,299
85912.5,75,-35,303
85915.0,18,12,355
85917.5,24,-26,266
85920.0,11,0,221
85922.5,-13,-35,355
85925.0,-13,-35,355
85927.5,9,-6,327
85930.0,-19,-36,326
85932.5,-84,-40,338
85935.0,-117,22,344
85937.5,-95,-61,387
85940.0,75,-32,255
85942.5,6,57,210
85945.0,-47,-70,397
85947.5,-3,-53,268
85950.0,-15,-42,274
85952.5,50,-15,389
85955.0,-26,-19,322
85957.5,-19,23,317
85960.0,8,-1,334
85962.5,53,-2,235
85965.0,124,94,367
85967.5,59,16,271
85970.0,-23,-26,290
85972.5,-33,-15,229
85975.0,-33,-15,229
85977.5,38,-16,226
85980.0,-25,-16,356
85982.5,50,63,354
85985.0,23,-29,363
85987.5,12,-12,323
85990.0,53,-4,307
85992.5,47,-46,232
85995.0,13,-40,338
85997.5,32,11,275
86000.0,-24,-5,262
86002.5,24,-42,326
86005.0,45,22,261
86007.5,7,-7,325
86010.0,-10,-21,316
86012.5,40,19,238
86015.0,36,-26,327
86017.5,-8,-32,362
86020.0,23,-14,278
86022.5,-29,-12,328
86025.0,-29,-12,328
86027.5,41,19,274
86030.0,49,8,249
86032.5,11,-26,335
86035.0,17,32,252
86037.5,-45,-47,304
86040.0,-22,-41,320
86042.5,2,30,259
86045.0,-19,-13,298
86047.5,-20,-60,366
86050.0,48,3,320
86052.5,-39,-23,319
86055.0,-4,-44,285
86057.5,2,-41,224
86060.0,-37,12,336
86062.5,68,39,226
86065.0,73,45,267
86067.5,20,-5,260
86070.0,7,-18,220
86072.5,-10,37,228
86075.0,-10,37,228
86077.5,24,1,369
86080.0,-1,-26,456
86082.5,-5,-32,361
86085.0,-10,-30,391
86087.5,121,19,242
86090.0,-59,-17,256
86092.5,41,8,275
86095.0,-21,-29,511
86097.5,-41,-46,294
86100.0,-36,-25,250
86102.5,25,52,255
86105.0,75,48,320
86107.5,41,1,267
86110.0,-19,-68,361
86112.5,72,16,184
86115.0,123,49,106
86117.5,34,-43,367
86120.0,12,-26,330
86122.5,-11,-17,389
86125.0,-11,-17,389
86127.5,-61,-81,273
86130.0,15,-19,231
86132.5,-15,-2,316
86135.0,17,-66,296
86137.5,-1,-13,397
86140.0,-3,-34,317
86142.5,30,8,310
86145.0,29,25,337
86147.5,-8,-20,277
86150.0,36,27,387
86152.5,-61,-17,356
86155.0,-25,-59,222
86157.5,20,-42,352
86160.0,36,59,319
86162.5,-20,-63,286
86165.0,34,37,355
86167.5,-101,-63,273
86170.0,28,5,408
86172.5,-3,-15,318
86175.0,-3,-15,318
86177.5,-57,-78,254
86180.0,66,9,289
86182.5,-45,-18,372
86185.0,47,53,265
86187.5,48,-24,364
86190.0,-61,-80,350
86192.5,83,15,222
86195.0,19,-44,404
86197.5,6,-1,230
86200.0,10,3,324
86202.5,14,-42,287
86205.0,48,-89,337
86207.5,34,-15,340
86210.0,-3,-45,272
86212.5,47,-14,259
86215.0,28,1,336
86217.5,34,-1,271
86220.0,23,-6,314
86222.5,23,-6,314
86225.0,-8,-42,350
86227.5,27,-4,301
86230.0,-10,0,354
86232.5,1,-17,281
86235.0,130,14,294
86237.5,-38,-18,188
86240.0,-90,31,211
86242.5,14,6,341
86245.0,-149,-102,362
86247.5,36,-7,356
86250.0,67,16,334
86252.5,77,4,194
86255.0,97,-10,250
86257.5,16,-5,338
86260.0,20,10,305
86262.5,26,24,260
86265.0,-64,-41,295
86267.5,69,18,295
86270.0,6,1,416
86272.5,6,1,416
86275.0,-93,-109,348
86277.5,51,19,292
86280.0,-14,-33,335
86282.5,36,-25,241
86285.0,16,4,283
86287.5,37,-20,270
86290.0,37,-24,312
86292.5,120,52,420
86295.0,-103,-33,338
86297.5,47,-41,333
86300.0,-49,-50,304
86302.5,28,-17,205
86305.0,75,4,279
86307.5,-20,18,334
86310.0,13,-20,270
86312.5,-2,-33,284
86315.0,9,23,351
86317.5,48,26,344
86320.0,55,-38,365
86322.5,55,-38,365
86325.0,61,-43,274
86327.5,113,26,275
86330.0,24,15,343
86332.5,8,13,319
86335.0,60,-44,258
86337.5,-43,-58,288
86340.0,29,5,286
86342.5,-32,12,320
86345.0,-26,-53,335
86347.5,-15,14,257
86350.0,46,27,268
86352.5,-48,-52,321
86355.0,34,-1,253
86357.5,-29,-36,348
86360.0,-37,-32,295
86362.5,68,49,237
86365.0,18,20,219
86367.5,32,22,188
86370.0,37,49,337
86372.5,37,49,337
86375.0,33,42,278
86377.5,39,-24,279
86380.0,51,7,279
86382.5,-33,2,362
86385.0,23,-2,310
86387.5,-40,-4,330
86390.0,25,25,281
86392.5,67,52,253
86395.0,9,-39,362
86397.5,22,0,272
86400.0,24,-4,297
86402.5,-4,-7,308
86405.0,41,-42,334
86407.5,-1,-15,350
86410.0,19,-19,320
86412.5,35,-18,293
86415.0,-24,1,322
86417.5,-2,-20,299
86420.0,31,8,248
86422.5,31,8,248
86425.0,46,-43,306
86427.5,10,18,249
86430.0,25,-4,283
86432.5,-26,-43,324
86435.0,62,24,293
86437.5,0,-10,346
86440.0,38,-5,274
86442.5,53,41,384
86445.0,-32,-89,236
86447.5,-48,-2,360
86450.0,-67,-81,345
86452.5,-23,-45,386
86455.0,-57,-45,293
86457.5,46,-65,377
86460.0,24,0,157
86462.5,35,-6,236
86465.0,3,-15,309
86467.5,22,-40,441
86470.0,68,-5,324
86472.5,68,-5,324
86475.0,-6,3,294
86477.5,53,-37,181
86480.0,21,42,259
86482.5,-14,-9,269
86485.0,0,25,326
86487.5,-31,-41,269
86490.0,-2,-53,281
86492.5,30,40,318
86495.0,22,-62,449
86497.5,38,15,366
86500.0,-1,-35,296
86502.5,18,-36,171
86505.0,41,-6,179
86507.5,9,5,328
86510.0,-38,-5,403
86512.5,30,-3,315
86515.0,111,15,313
86517.5,22,-35,278
86520.0,-14,-13,245
86522.5,-14,-13,245
86525.0,7,19,353
86527.5,-67,-22,377
86530.0,-9,-47,295
86532.5,1,25,467
86535.0,14,-58,370
86537.5,117,39,355
86540.0,5,-19,249
86542.5,36,10,272
86545.0,6,-3,291
86547.5,14,-55,219
86550.0,28,5,387
86552.5,-25,17,382
86555.0,-27,20,360
86557.5,21,16,362
86560.0,-24,-22,267
86562.5,16,-17,295
86565.0,3,13,428
86567.5,52,-21,328
86570.0,40,5,380
86572.5,40,5,380
86575.0,16,-34,282
86577.5,57,1,315
86580.0,-37,-60,315
86582.5,-62,-12,255
86585.0,46,27,314
86587.5,-50,-42,299
86590.0,-23,8,263
86592.5,-3,-12,296
86595.0,-15,-43,365
86597.5,148,40,270
86600.0,-1,4,371
86602.5,4,-16,233
86605.0,112,76,276
86607.5,-22,-17,300
86610.0,58,-4,276
86612.5,-1,0,357
86615.0,19,52,315
86617.5,39,8,245
86620.0,28,-49,326
86622.5,28,-49,326
86625.0,-179,-61,293
86627.5,-54,-57,162
86630.0,10,-66,389
86632.5,26,12,441
86635.0,-52,-33,395
86637.5,70,29,187
86640.0,0,31,282
86642.5,-57,-44,393
86645.0,25,-37,345
86647.5,6,-1,309
86650.0,-27,-65,271
86652.5,30,-20,280
86655.0,-28,-24,345
86657.5,-53,-4,319
86660.0,88,2,310
86662.5,-33,-17,313
86665.0,3,4,296
86667.5,11,-9,284
86670.0,-21,-14,330
86672.5,-21,-14,330
86675.0,1,10,203
86677.5,60,14,160
86680.0,-23,-38,249
86682.5,-97,17,224
86685.0,80,36,383
86687.5,49,-8,485
86690.0,5,23,331
86692.5,-18,-5,250
86695.0,89,28,225
86697.5,45,0,384
86700.0,12,5,347
86702.5,9,-28,238
86705.0,-16,5,322
86707.5,-61,20,380
86710.0,55,10,250
86712.5,-28,-44,367
86715.0,120,-32,384
86717.5,3,-11,280
86720.0,48,29,364
86722.5,48,29,364
86725.0,-47,23,315
86727.5,-152,-33,245
86730.0,57,-24,416
86732.5,-12,-1,221
86735.0,-4,-36,334
86737.5,-10,-20,308
86740.0,32,9,273
86742.5,12,5,342
86745.0,28,-14,370
86747.5,-20,-32,310
86750.0,-2,-56,360
86752.5,71,43,286
86755.0,19,-58,284
86757.5,-11,-2,300
86760.0,15,16,240
86762.5,24,36,258
86765.0,-12,17,300
86767.5,73,-5,260
86770.0,73,-5,260
86772.5,18,-5,345
86775.0,23,2,351
86777.5,16,-6,278
86780.0,-31,-37,349
86782.5,-24,-14,310
86785.0,-6,-7,278
86787.5,-49,-17,329
86790.0,79,35,239
86792.5,-2,-18,276
86795.0,13,-40,330
86797.5,-1,-22,351
86800.0,59,33,305
86802.5,-22,-25,315
86805.0,18,-33,332
86807.5,-15,-37,338
86810.0,15,-11,341
86812.5,-36,-35,281
86815.0,55,-9,344
86817.5,-86,-77,191
86820.0,-86,-77,191
86822.5,1,30,238
86825.0,-104,-73,365
86827.5,82,33,290
86830.0,-50,-64,355
86832.5,-80,-69,484
86835.0,32,33,387
86837.5,17,35,310
86840.0,-10,5,164
86842.5,-27,-20,239
86845.0,26,4,400
86847.5,36,-20,293
86850.0,50,16,248
86852.5,-17,4,257
86855.0,13,28,281
86857.5,-13,0,376
86860.0,-29,6,356
86862.5,64,2,294
86865.0,-47,76,266
86867.5,-19,44,319
86870.0,-19,44,319
86872.5,10,-47,361
86875.0,10,-47,362
86877.5,-19,-20,401
86880.0,-5,54,342
86882.5,-45,-16,260
86885.0,36,46,237
86887.5,-42,-50,436
86890.0,87,12,261
86892.5,-78,-48,222
86895.0,120,-52,219
86897.5,88,33,121
86900.0,39,-15,189
86902.5,82,59,294
86905.0,15,-34,317
86907.5,39,15,361
86910.0,-50,-27,290
86912.5,-22,66,318
86915.0,-63,-50,332
86917.5,11,10,347
86920.0,11,10,347
86922.5,-15,-25,281
86925.0,-28,5,301
86927.5,78,23,93
86930.0,10,-38,164
86932.5,71,-17,301
86935.0,1,-25,260
86937.5,-1,-7,290
86940.0,37,28,300
86942.5,-64,-35,409
86945.0,-9,16,261
86947.5,52,-12,285
86950.0,-15,-16,304
86952.5,-3,-16,325
86955.0,68,15,264
86957.5,-29,-15,347
86960.0,28,10,356
86962.5,40,28,272
86965.0,56,-4,300
86967.5,20,-7,261
86970.0,20,-7,261
86972.5,-51,-10,329
86975.0,11,12,236
86977.5,30,-5,320
86980.0,-6,20,304
86982.5,45,-19,302
86985.0,33,-30,367
86987.5,-6,2,330
86990.0,74,-100,235
86992.5,-41,-73,204
86995.0,86,50,275
86997.5,90,37,372
87000.0,-46,-56,310
87002.5,24,-3,254
87005.0,59,23,294
87007.5,-10,-4,282
87010.0,38,-14,331
87012.5,-27,-22,316
87015.0,60,7,228
87017.5,-5,-3,277
87020.0,-5,-3,277
87022.5,-48,-25,309
87025.0,86,38,297
87027.5,-6,9,304
87030.0,-11,-35,322
87032.5,-5,-54,216
87035.0,-190,-147,451
87037.5,90,-8,335
87040.0,0,56,245
87042.5,-33,25,425
87045.0,32,-54,292
87047.5,-13,-17,359
87050.0,-33,-5,272
87052.5,44,6,260
87055.0,-5,6,404
87057.5,-19,-36,312
87060.0,73,41,174
87062.5,-73,-39,340
87065.0,-5,-21,320
87067.5,13,41,296
87070.0,13,41,296
87072.5,0,60,262
87075.0,-7,-1,341
87077.5,-36,-40,235
87080.0,-3,-20,380
87082.5,116,-6,301
87085.0,-12,-50,357
87087.5,5,41,324
87090.0,-25,-36,282
87092.5,3,-34,343
87095.0,-11,-30,338
87097.5,-10,28,331
87100.0,-62,-59,277
87102.5,45,-20,259
87105.0,24,0,335
87107.5,-22,-48,336
87110.0,43,-23,285
87112.5,97,4,331
87115.0,76,48,240
87117.5,102,-6,190
87120.0,102,-6,190
87122.5,-56,-68,302
87125.0,10,-23,303
87127.5,74,79,289
87130.0,-22,7,243
87132.5,51,-8,253
87135.0,15,-17,330
87137.5,3,-16,338
87140.0,3,-2,302
87142.5,-25,-28,357
87145.0,6,-64,349
87147.5,42,-3,286
87150.0,-12,-19,316
87152.5,29,-6,281
87155.0,41,-20,244
87157.5,-30,-50,313
87160.0,17,22,235
87162.5,27,-11,297
87165.0,-53,-58,311
87167.5,75,16,275
87170.0,75,16,275
87172.5,-7,-15,344
87175.0,8,-12,340
87177.5,34,14,330
87180.0,-9,19,342
87182.5,-18,-41,281
87185.0,-10,-61,242
87187.5,30,-24,319
87190.0,51,11,249
87192.5,-23,-59,295
87195.0,-75,-132,488
87197.5,27,-35,325
87200.0,-11,8,386
87202.5,1,-47,347
87205.0,-65,-19,436
87207.5,32,-4,319
87210.0,-7,-20,378
87212.5,32,40,134
87215.0,-11,11,261
87217.5,65,-27,295
87220.0,65,-27,295
87222.5,-26,-26,410
87225.0,23,10,298
87227.5,22,-17,259
87230.0,66,11,258
87232.5,5,2,357
87235.0,23,-1,280
87237.5,-64,-52,326
87240.0,7,27,201
87242.5,-19,-24,81
87245.0,-54,3,199
87247.5,-26,-57,313
87250.0,31,-8,388
87252.5,32,10,393
87255.0,71,-4,226
87257.5,28,10,231
87260.0,34,-28,270
87262.5,29,-13,412
87265.0,-9,-17,286
87267.5,-9,-17,286
87270.0,18,5,253
87272.5,9,15,313
87275.0,23,-29,299
87277.5,36,-18,387
87280.0,48,3,315
87282.5,40,1,170
87285.0,-28,-67,345
87287.5,24,-3,260
87290.0,28,0,333
87292.5,17,-39,350
87295.0,67,-5,297
87297.5,7,-13,246
87300.0,11,58,356
87302.5,-30,-68,202
87305.0,-45,-38,247
87307.5,10,36,355
87310.0,113,101,342
87312.5,144,-38,342
87315.0,-16,-15,306
87317.5,-16,-15,306
87320.0,153,104,425
87322.5,27,36,361
87325.0,12,7,209
87327.5,1,-34,339
87330.0,-21,-39,340
87332.5,41,-11,290
87335.0,-56,-44,324
87337.5,-2,-37,374
87340.0,-24,5,232
87342.5,-6,-46,316
87345.0,-7,-24,242
87347.5,-38,-28,334
87350.0,20,20,316
87352.5,15,19,293
87355.0,-61,-21,308
87357.5,7,11,293
87360.0,83,13,281
87362.5,-10,2,278
87365.0,24,36,258
87367.5,24,36,258
87370.0,-16,-34,323
87372.5,-104,-11,348
87375.0,146,-33,286
87377.5,1,31,311
87380.0,-81,-88,454
87382.5,99,44,243
87385.0,18,4,336
87387.5,61,13,214
87390.0,12,9,374
87392.5,11,-2,299
87395.0,-20,-21,269
87397.5,44,-27,334
87400.0,-59,-19,308
87402.5,38,-5,276
87405.0,-96,-27,375
87407.5,-2,50,204
87410.0,25,-13,262
87412.5,-87,-17,350
87415.0,49,-47,290
87417.5,49,-47,290
87420.0,-32,-28,427
87422.5,-14,-38,345
87425.0,33,6,289
87427.5,-5,22,310
87430.0,-17,-14,298
87432.5,107,6,333
87435.0,-18,-26,351
87437.5,24,-24,147
87440.0,-13,30,297
87442.5,-54,-19,407
87445.0,20,33,354
87447.5,63,46,289
87450.0,-5,-17,307
87452.5,75,-38,291
87455.0,-88,-47,430
87457.5,-39,-9,302
87460.0,21,-13,269
87462.5,-35,23,268
87465.0,45,12,268
87467.5,45,12,268
87470.0,-2,-10,318
87472.5,-2,13,312
87475.0,-74,-50,397
87477.5,10,-18,222
87480.0,-39,-80,330
87482.5,10,-15,316
87485.0,-96,-8,358
87487.5,18,-43,271
87490.0,-6,17,225
87492.5,16,-5,286
87495.0,14,-9,238
87497.5,44,-17,337
87500.0,23,-1,320
87502.5,51,11,268
87505.0,-13,-40,364
87507.5,9,1,349
87510.0,-12,-1,322
87512.5,47,-4,335
87515.0,50,-7,343
87517.5,50,-7,343
87520.0,77,15,282
87522.5,14,-1,339
87525.0,24,-25,269
87527.5,3,-13,287
87530.0,-4,-15,314
87532.5,45,4,270
87535.0,-14,-30,328
87537.5,-9,27,329
87540.0,-33,-50,358
87542.5,-6,-5,343
87545.0,60,34,328
87547.5,-72,-63,281
87550.0,-30,-39,336
87552.5,31,-3,232
87555.0,21,-21,272
87557.5,-77,-45,305
87560.0,43,-17,283
87562.5,31,13,326
87565.0,-31,-36,316
87567.5,-31,-36,316
87570.0,16,1,305
87572.5,44,-16,336
87575.0,25,-91,315
87577.5,10,-25,195
87580.0,-4,-37,68
87582.5,-21,-39,200
87585.0,-38,-39,347
87587.5,-29,-29,328
87590.0,37,13,353
87592.5,-24,-26,282
87595.0,-57,-26,247
87597.5,87,-22,331
87600.0,69,-6,432
87602.5,-20,-19,345
87605.0,-17,13,260
87607.5,-9,2,333
87610.0,2,-48,276
87612.5,-8,-43,374
87615.0,-47,-80,310
87617.5,-47,-80,310
87620.0,59,34,277
87622.5,-29,-53,418
87625.0,48,-10,376
87627.5,78,13,286
87630.0,52,36,429
87632.5,24,-6,203
87635.0,62,-6,213
87637.5,30,-4,308
87640.0,84,20,387
87642.5,-3,-23,342
87645.0,8,-40,243
87647.5,51,-13,318
87650.0,-10,9,352
87652.5,71,16,251
87655.0,-27,-14,328
87657.5,-9,0,281
87660.0,20,-17,274
87662.5,41,-2,367
87665.0,41,-2,367
87667.5,-14,-34,313
87670.0,-7,-23,273
87672.5,-48,-3,264
87675.0,37,11,199
87677.5,30,-13,285
87680.0,-26,-45,302
87682.5,-18,-6,324
87685.0,-58,-57,298
87687.5,81,24,290
87690.0,4,36,287
87692.5,7,3,340
87695.0,42,37,348
87697.5,44,16,249
87700.0,-30,-14,299
87702.5,102,46,289
87705.0,-20,-17,336
87707.5,-3,-23,252
87710.0,87,59,269
87712.5,-22,-45,333
87715.0,-22,-45,333
87717.5,66,51,263
87720.0,50,-22,298
87722.5,-58,-21,303
87725.0,35,6,294
87727.5,29,26,339
87730.0,-17,-18,275
87732.5,81,24,281
87735.0,56,-6,342
87737.5,0,-23,271
87740.0,53,47,346
87742.5,11,49,249
87745.0,104,23,234
87747.5,-117,2,369
87750.0,-21,-23,363
87752.5,55,31,306
87755.0,-49,-47,336
87757.5,129,61,196
87760.0,-13,1,339
87762.5,-39,2,253
87765.0,-39,2,253
87767.5,36,15,399
87770.0,-44,-50,342
87772.5,21,5,259
87775.0,36,-2,247
87777.5,6,57,266
87780.0,30,-8,261
87782.5,-12,-27,322
87785.0,7,-1,267
87787.5,-3,-45,335
87790.0,-114,-66,350
87792.5,-93,-71,358
87795.0,-124,-62,337
87797.5,-423,-215,263
87800.0,-48,-78,281
87802.5,29,-27,394
87805.0,2,-2,486
87807.5,3,-3,207
87810.0,7,5,295
87812.5,-98,-1,411
87815.0,-98,-1,411
87817.5,-75,-20,339
87820.0,-3,35,345
87822.5,58,36,286
87825.0,77,19,302
87827.5,-3,-39,374
87830.0,47,31,276
87832.5,-50,-64,294
87835.0,87,-29,315
87837.5,57,8,225
87840.0,-32,25,360
87842.5,-73,-51,332
87845.0,92,34,391
87847.5,-39,-22,337
87850.0,5,-28,275
87852.5,63,23,218
87855.0,5,8,339
87857.5,-19,-17,251
87860.0,-21,6,235
87862.5,26,10,284
87865.0,26,10,284
87867.5,-9,6,293
87870.0,1,-49,245
87872.5,-25,-54,319
87875.0,41,13,229
87877.5,23,-43,350
87880.0,137,22,296
87882.5,56,-1,245
87885.0,-20,-40,302
87887.5,-14,-57,290
87890.0,50,40,219
87892.5,14,26,322
87895.0,3,-7,264
87897.5,-1,7,338
87900.0,11,-5,310
87902.5,17,11,275
87905.0,-63,-9,315
87907.5,30,19,345
87910.0,-13,-17,284
87912.5,-30,15,320
87915.0,-30,15,320
87917.5,-11,-31,276
87920.0,86,54,264
87922.5,-17,-7,340
87925.0,0,-7,264
87927.5,62,31,310
87930.0,20,43,341
87932.5,32,5,311
87935.0,-41,-44,350
87937.5,30,60,328
87940.0,-93,-50,314
87942.5,-11,-28,359
87945.0,120,33,91
87947.5,50,24,182
87950.0,59,-71,154
87952.5,-50,-14,213
87955.0,64,-70,381
87957.5,-43,-53,416
87960.0,-6,-30,384
87962.5,73,57,315
87965.0,73,57,315
87967.5,-3,0,151
87970.0,-27,-16,194
87972.5,40,-25,452
87975.0,68,13,394
87977.5,-24,-29,205
87980.0,3,-21,216
87982.5,25,-8,346
87985.0,-7,20,319
87987.5,-51,-28,412
87990.0,54,4,306
87992.5,-14,6,363
87995.0,-24,-25,242
87997.5,-67,-84,358
88000.0,-72,-67,266
88002.5,3,-23,378
88005.0,-47,-67,348
88007.5,29,-6,169
88010.0,72,22,251
88012.5,72,22,251
88015.0,-45,-73,406
88017.5,13,-13,353
88020.0,5,-7,229
88022.5,-3,0,250
88025.0,55,3,290
88027.5,9,-2,308
88030.0,-30,-53,422
88032.5,229,84,249
88035.0,27,-28,236
88037.5,1,-17,269
88040.0,23,-49,302
88042.5,2,-32,312
88045.0,-12,-23,224
88047.5,48,-13,300
88050.0,-51,-25,386
88052.5,21,21,307
88055.0,-17,-39,211
88057.5,-17,2,294
88060.0,49,-22,252
88062.5,49,-22,252
88065.0,-51,-38,281
88067.5,-19,-32,266
88070.0,-4,9,301
88072.5,-8,-61,288
88075.0,69,45,315
88077.5,10,7,347
88080.0,-3,-4,233
88082.5,94,34,279
88085.0,-39,-56,235
88087.5,35,32,280
88090.0,49,-15,380
88092.5,-101,-34,257
88095.0,22,1,333
88097.5,64,3,319
88100.0,-21,-38,292
88102.5,67,47,276
88105.0,-69,-61,310
88107.5,46,-6,248
88110.0,59,-2,339
88112.5,59,-2,339
88115.0,-19,-33,309
88117.5,71,-5,317
88120.0,0,13,349
88122.5,55,21,248
88125.0,45,1,217
88127.5,149,97,310
88130.0,-29,-72,192
88132.5,110,57,441
88135.0,97,-8,455
88137.5,-30,-24,383
88140.0,83,9,178
88142.5,33,15,282
88145.0,-29,-13,302
88147.5,5,-21,324
88150.0,32,-11,239
88152.5,24,-10,261
88155.0,6,10,313
88157.5,95,12,318
88160.0,11,1,362
88162.5,11,1,362
88165.0,28,17,291
88167.5,46,-8,262
88170.0,-59,-64,326
88172.5,52,32,253
88175.0,-9,-15,288
88177.5,-145,8,331
88180.0,-87,-7,257
88182.5,-19,47,274
88185.0,132,123,391
88187.5,23,20,333
88190.0,-46,-45,257
88192.5,32,40,181
88195.0,79,22,318
88197.5,-11,-24,379
88200.0,8,1,275
88202.5,19,-7,258
88205.0,-37,-39,333
88207.5,50,-16,361
88210.0,26,-2,332
88212.5,26,-2,332
88215.0,55,1,338
88217.5,-18,-24,219
88220.0,-42,-41,354
88222.5,39,-41,339
88225.0,2,-42,304
88227.5,0,-78,278
88230.0,21,-15,232
88232.5,14,20,247
88235.0,-38,-29,212
88237.5,53,17,275
88240.0,-74,-37,361
88242.5,-19,-44,319
88245.0,-9,-4,333
88247.5,45,4,366
88250.0,43,12,269
88252.5,20,-13,218
88255.0,-20,-42,318
88257.5,48,20,252
88260.0,13,-34,320
88262.5,13,-34,320
88265.0,-25,-68,302
88267.5,-39,-64,337
88270.0,-10,-56,317
88272.5,-38,-28,340
88275.0,-5,-24,331
88277.5,10,-37,337
88280.0,-38,-58,326
88282.5,-35,-8,279
88285.0,28,-22,365
88287.5,-9,-1,240
88290.0,-40,-30,286
88292.5,8,-12,262
88295.0,46,14,275
88297.5,3,-31,312
88300.0,-13,-44,339
88302.5,26,27,295
88305.0,-20,-25,342
88307.5,15,7,326
88310.0,21,-44,263
88312.5,21,-44,263
88315.0,-17,-6,300
88317.5,75,12,252
88320.0,45,-7,275
88322.5,6,4,284
88325.0,6,110,315
88327.5,150,-13,130
88330.0,81,74,180
88332.5,-109,-27,350
88335.0,42,12,401
88337.5,45,12,388
88340.0,104,35,306
88342.5,63,11,293
88345.0,-2,-1,165
88347.5,44,5,331
88350.0,-8,-25,355
88352.5,15,0,247
88355.0,-17,-37,269
88357.5,50,-8,369
88360.0,50,-8,369
88362.5,6,-22,279
88365.0,-27,32,290
88367.5,34,25,231
88370.0,46,24,254
88372.5,14,-5,265
88375.0,-42,-25,233
88377.5,34,14,255
88380.0,7,3,272
88382.5,-25,-32,192
88385.0,92,32,376
88387.5,24,34,321
88390.0,-2,-65,239
88392.5,35,-13,300
88395.0,41,8,270
88397.5,25,17,381
88400.0,-60,-33,401
88402.5,10,0,472
88405.0,63,-16,340
88407.5,12,18,262
88410.0,12,18,262
88412.5,79,-37,276
88415.0,-33,-88,288
88417.5,29,-13,208
88420.0,8,-116,287
88422.5,23,9,382
88425.0,-4,-25,336
88427.5,-30,-34,300
88430.0,-44,-92,296
88432.5,-18,1,511
88435.0,-44,-27,334
88437.5,-24,-78,276
88440.0,-31,-35,310
88442.5,-27,18,338
88445.0,-54,-78,256
88447.5,34,39,271
88450.0,43,17,307
88452.5,-5,-6,262
88455.0,44,5,280
88457.5,15,-19,268
88460.0,15,-19,268
88462.5,27,27,317
88465.0,7,-20,333
88467.5,95,1,278
88470.0,-20,-47,367
88472.5,14,-26,261
88475.0,3,21,342
88477.5,5,19,336
88480.0,41,9,269
88482.5,22,-15,337
88485.0,-4,-11,320
88487.5,93,-32,255
88490.0,-48,-42,321
88492.5,165,90,199
88495.0,43,-5,329
88497.5,3,18,270
88500.0,4,81,301
88502.5,144,58,394
88505.0,-10,-17,343
88507.5,17,-17,164
88510.0,17,-17,164
88512.5,-2,41,304
88515.0,5,-21,231
88517.5,20,-13,342
88520.0,7,-1,264
88522.5,56,-7,231
88525.0,21,16,325
88527.5,-32,-12,276
88530.0,-20,-27,332
88532.5,-77,-35,354
88535.0,32,-23,280
88537.5,73,94,381
88540.0,-7,-103,425
88542.5,31,-19,305
88545.0,-84,-62,341
88547.5,112,-3,358
88550.0,2,-19,276
88552.5,-55,-40,256
88555.0,-81,-123,260
88557.5,49,-21,233
88560.0,49,-21,233
88562.5,-8,-9,426
88565.0,73,13,246
88567.5,-51,-22,249
88570.0,-26,-15,292
88572.5,-38,-35,333
88575.0,41,15,307
88577.5,-23,4,307
88580.0,-12,-7,264
88582.5,-16,9,409
88585.0,-62,-86,265
88587.5,86,57,312
88590.0,-75,-139,305
88592.5,-14,-19,313
88595.0,-19,-14,312
88597.5,-31,-67,301
88600.0,5,32,323
88602.5,12,37,352
88605.0,-35,4,342
88607.5,13,-2,328
88610.0,13,-2,328
88612.5,-37,-18,368
88615.0,19,-29,336
88617.5,70,3,274
88620.0,-8,27,344
88622.5,47,-68,256
88625.0,36,-1,300
88627.5,57,1,289
88630.0,1,-25,307
88632.5,-41,-11,257
88635.0,-78,-39,362
88637.5,-3,17,359
88640.0,-66,-17,341
88642.5,12,-20,329
88645.0,60,33,266
88647.5,20,-28,362
88650.0,4,-22,264
88652.5,-27,-43,288
88655.0,-59,-49,308
88657.5,42,-12,273
88660.0,42,-12,273
88662.5,-23,-41,309
88665.0,-25,-46,319
88667.5,22,-22,321
88670.0,7,1,329
88672.5,-63,-43,319
88675.0,12,-9,330
88677.5,-33,-38,376
88680.0,48,2,280
88682.5,63,-8,291
88685.0,6,-27,315
88687.5,69,8,269
88690.0,-7,8,299
88692.5,2,-34,310
88695.0,49,5,270
88697.5,16,-9,321
88700.0,-2,-31,313
88702.5,48,-34,133
88705.0,57,-46,218
88707.5,57,-46,218
88710.0,-78,2,339
88712.5,9,-10,396
88715.0,-53,-6,348
88717.5,-6,-62,391
88720.0,78,5,257
88722.5,-57,-9,249
88725.0,80,42,291
88727.5,21,-66,492
88730.0,-42,14,310
88732.5,-37,2,235
88735.0,14,-11,324
88737.5,6,-25,297
88740.0,9,15,316
88742.5,16,-16,318
88745.0,7,-8,224
88747.5,40,-31,342
88750.0,-12,52,330
88752.5,-111,-112,317
88755.0,-33,-27,346
88757.5,-33,-27,346
88760.0,46,-28,247
88762.5,36,16,254
88765.0,-5,-19,238
88767.5,33,30,328
88770.0,-6,16,382
88772.5,-36,8,381
88775.0,61,6,188
88777.5,90,-55,329
88780.0,-11,49,234
88782.5,17,-27,273
88785.0,-50,-52,371
88787.5,28,22,339
88790.0,-28,-107,334
88792.5,18,42,311
88795.0,59,-77,336
88797.5,43,-8,336
88800.0,48,-9,265
88802.5,-14,-54,261
88805.0,-23,-13,271
88807.5,-23,-13,271
88810.0,31,-8,372
88812.5,-3,5,363
88815.0,-21,-48,332
88817.5,33,2,257
88820.0,-70,-65,310
88822.5,33,10,201
88825.0,-9,-62,293
88827.5,-96,-18,328
88830.0,-3,-28,307
88832.5,71,10,333
88835.0,9,-53,275
88837.5,-14,-76,366
88840.0,10,39,294
88842.5,27,-16,193
88845.0,-23,-61,329
88847.5,-26,-9,410
88850.0,48,-14,322
88852.5,-11,-9,324
88855.0,37,35,295
88857.5,37,35,295
88860.0,81,7,333
88862.5,-10,-23,288
88865.0,23,-12,257
88867.5,6,-40,354
88870.0,89,23,327
88872.5,44,-66,296
88875.0,-5,-165,363
88877.5,53,20,372
88880.0,66,21,304
88882.5,-25,-11,350
88885.0,50,10,181
88887.5,33,17,314
88890.0,-52,-27,336
88892.5,91,16,336
88895.0,34,16,324
88897.5,-18,-9,254
88900.0,47,-16,312
88902.5,-10,-12,310
88905.0,31,14,269
88907.5,31,14,269
88910.0,39,2,254
88912.5,-10,12,258
88915.0,54,-34,315
88917.5,-59,-65,280
88920.0,-113,-90,284
88922.5,18,-63,393
88925.0,-54,-24,369
88927.5,-18,-28,148
88930.0,-16,-21,253
88932.5,12,-19,310
88935.0,13,-17,402
88937.5,-23,14,243
88940.0,-36,-28,362
88942.5,44,31,407
88945.0,21,69,422
88947.5,46,1,314
88950.0,81,-52,254
88952.5,42,48,325
88955.0,23,-39,265
88957.5,23,-39,265
88960.0,32,-1,318
88962.5,-26,-23,353
88965.0,-41,6,345
88967.5,-11,-59,306
88970.0,2,-42,334
88972.5,66,-38,281
88975.0,-46,-42,453
88977.5,-63,-7,279
88980.0,81,59,209
88982.5,-27,-40,314
88985.0,36,8,212
88987.5,26,30,293
88990.0,-78,-93,357
88992.5,1,-28,262
88995.0,-35,-86,381
88997.5,74,58,301
89000.0,-14,-77,321
89002.5,24,-30,323
89005.0,6,-39,307
89007.5,6,-39,307
89010.0,76,35,227
89012.5,37,34,291
89015.0,-14,-28,311
89017.5,33,39,325
89020.0,-29,-56,313
89022.5,96,36,205
89025.0,23,-33,297
89027.5,-3,-37,352
89030.0,53,7,358
89032.5,-23,-58,312
89035.0,22,-15,334
89037.5,37,-24,300
89040.0,-29,17,335
89042.5,38,-10,244
89045.0,47,10,276
89047.5,-26,-14,300
89050.0,42,2,283
89052.5,-2,37,307
89055.0,33,24,336
89057.5,33,24,336
89060.0,46,-7,320
89062.5,35,36,339
89065.0,40,6,351
89067.5,65,-6,296
89070.0,70,-5,343
89072.5,-11,-1,263
89075.0,78,-6,232
89077.5,3,-18,234
89080.0,40,54,205
89082.5,19,-96,258
89085.0,-53,-46,408
89087.5,13,-18,453
89090.0,-14,-20,325
89092.5,-56,-74,389
89095.0,105,28,304
89097.5,-13,-3,264
89100.0,19,-33,290
89102.5,55,-2,445
89105.0,55,-2,445
89107.5,18,9,323
89110.0,3,-9,287
89112.5,51,25,280
89115.0,4,-29,403
89117.5,20,10,276
89120.0,68,12,318
89122.5,-17,-57,249
89125.0,184,57,254
89127.5,62,-8,342
89130.0,23,6,435
89132.5,3,21,398
89135.0,-46,-64,324
89137.5,-20,-15,188
89140.0,54,-4,294
89142.5,9,-5,332
89145.0,-21,-33,283
89147.5,4,-50,247
89150.0,24,-36,149
89152.5,39,23,297
89155.0,39,23,297
89157.5,48,37,307
89160.0,4,-2,429
89162.5,-63,-30,395
89165.0,22,-36,276
89167.5,96,-13,283
89170.0,-49,6,413
89172.5,23,-4,264
89175.0,7,21,326
89177.5,-117,-62,346
89180.0,102,104,272
89182.5,67,16,284
89185.0,-27,0,235
89187.5,4,46,276
89190.0,-56,-36,292
89192.5,0,17,254
89195.0,17,-16,330
89197.5,13,5,419
89200.0,75,-26,296
89202.5,-51,5,337
89205.0,-51,5,337
89207.5,-13,21,279
89210.0,-5,-27,339
89212.5,-33,-19,298
89215.0,35,31,393
89217.5,36,-23,334
89220.0,45,2,282
89222.5,-6,46,235
89225.0,-28,-11,374
89227.5,4,8,262
89230.0,4,-8,314
89232.5,-12,-4,312
89235.0,0,-18,296
89237.5,30,-19,345
89240.0,21,24,315
89242.5,128,14,318
89245.0,148,76,209
89247.5,145,85,166
89250.0,-16,39,319
89252.5,-9,-58,404
89255.0,-9,-58,404
89257.5,3,-14,364
89260.0,35,-15,310
89262.5,27,21,269
89265.0,29,24,240
89267.5,-22,-46,368
89270.0,-10,-5,237
89272.5,7,8,272
89275.0,-32,-11,270
89277.5,43,3,292
89280.0,6,-18,310
89282.5,-36,-7,296
89285.0,38,27,273
89287.5,-52,-48,381
89290.0,7,-10,255
89292.5,79,70,278
89295.0,-41,38,228
89297.5,-20,-6,289
89300.0,-113,-37,511
89302.5,5,1,370
89305.0,5,1,370
89307.5,23,-2,298
89310.0,7,-21,256
89312.5,28,-30,314
89315.0,15,-6,300
89317.5,77,-22,236
89320.0,115,53,211
89322.5,36,20,323
89325.0,9,-47,333
89327.5,16,15,316
89330.0,12,3,346
89332.5,-9,26,306
89335.0,92,24,306
89337.5,10,-50,371
89340.0,-11,-38,271
89342.5,80,16,245
89345.0,-3,21,287
89347.5,-17,2,348
89350.0,-45,-20,383
89352.5,-25,-22,296
89355.0,-25,-22,296
89357.5,8,9,292
89360.0,4,-50,272
89362.5,-56,-41,317
89365.0,-3,-14,360
89367.5,47,-29,333
89370.0,82,-43,334
89372.5,2,-7,276
89375.0,6,-29,350
89377.5,7,-56,274
89380.0,47,1,302
89382.5,-3,16,301
89385.0,27,-12,254
89387.5,-28,-11,271
89390.0,18,-33,383
89392.5,26,-10,320
89395.0,-19,-15,331
89397.5,50,-21,317
89400.0,32,-6,242
89402.5,27,4,360
89405.0,27,4,360
89407.5,-15,-21,248
89410.0,32,-11,299
89412.5,-2,3,308
89415.0,32,9,261
89417.5,12,22,308
89420.0,9,5,280
89422.5,10,-38,320
89425.0,-16,-9,330
89427.5,-3,-23,326
89430.0,79,31,271
89432.5,-18,-22,359
89435.0,38,10,269
89437.5,13,-22,284
89440.0,43,25,329
89442.5,-11,-48,282
89445.0,97,72,288
89447.5,-17,23,313
89450.0,83,49,450
89452.5,83,49,450
89455.0,50,78,300
89457.5,-6,-88,407
89460.0,43,42,359
89462.5,-43,19,427
89465.0,17,-46,315
89467.5,54,-20,332
89470.0,20,-23,157
89472.5,-21,-31,142
89475.0,54,2,361
89477.5,-25,-18,399
89480.0,-5,-35,252
89482.5,-9,26,281
89485.0,-13,36,305
89487.5,46,30,369
89490.0,-25,11,342
89492.5,-30,-3,280
89495.0,-41,-64,276
89497.5,95,-2,278
89500.0,55,-60,340
89502.5,55,-60,340
89505.0,-41,-17,433
89507.5,-20,-16,509
89510.0,-7,-22,302
89512.5,-32,-42,179
89515.0,45,4,163
89517.5,45,3,375
89520.0,61,8,344
89522.5,12,4,294
89525.0,16,-10,276
89527.5,-21,-42,291
89530.0,81,28,260
89532.5,25,-29,243
89535.0,-13,49,381
89537.5,11,-25,316
89540.0,-63,-46,394
89542.5,34,8,303
89545.0,-27,-13,405
89547.5,-67,-18,235
89550.0,90,20,263
89552.5,90,20,263
89555.0,11,-54,251
89557.5,-7,5,260
89560.0,3,16,358
89562.5,-50,-39,313
89565.0,56,-18,357
89567.5,46,2,359
89570.0,-13,-48,359
89572.5,28,-4,307
89575.0,-64,-97,468
89577.5,41,-6,287
89580.0,-15,-41,347
89582.5,32,18,240
89585.0,-8,-35,283
89587.5,-25,-34,345
89590.0,-10,-55,339
89592.5,54,5,292
89595.0,-49,-44,312
89597.5,16,-4,195
89600.0,-2,-51,322
89602.5,-2,-51,322
89605.0,31,24,305
89607.5,55,1,267
89610.0,-20,13,358
89612.5,-11,9,288
89615.0,23,1,265
89617.5,-81,-9,295
89620.0,44,17,272
89622.5,25,-2,330
89625.0,2,-23,316
89627.5,79,60,272
89630.0,42,15,345
89632.5,-134,49,299
89635.0,-4,35,332
89637.5,-150,-74,448
89640.0,15,2,397
89642.5,-27,-36,355
89645.0,74,50,190
89647.5,-19,-4,312
89650.0,-43,18,395
89652.5,-43,18,395
89655.0,60,11,415
89657.5,31,8,236
89660.0,11,-15,318
89662.5,46,-2,271
89665.0,23,-28,307
89667.5,8,-19,278
89670.0,26,7,310
89672.5,38,4,259
89675.0,-13,-29,358
89677.5,60,-15,342
89680.0,20,-16,356
89682.5,19,-1,285
89685.0,53,0,239
89687.5,-237,-85,388
89690.0,-44,-115,317
89692.5,85,-37,344
89695.0,57,26,365
89697.5,-21,-2,290
89700.0,-20,15,276
89702.5,-20,15,276
89705.0,19,-31,350
89707.5,8,-19,356
89710.0,-52,-40,303
89712.5,-16,-25,248
89715.0,39,14,294
89717.5,20,-43,235
89720.0,47,13,187
89722.5,-41,-40,379
89725.0,34,46,363
89727.5,22,-16,240
89730.0,10,-81,350
89732.5,-1,16,323
89735.0,-30,-23,330
89737.5,-47,2,440
89740.0,-12,-21,326
89742.5,23,56,279
89745.0,-21,-25,287
89747.5,10,52,237
89750.0,5,-2,310
89752.5,5,-2,310
89755.0,-22,-41,333
89757.5,102,17,281
89760.0,9,-16,345
89762.5,27,15,240
89765.0,-20,-61,245
89767.5,58,18,349
89770.0,-10,-22,306
89772.5,48,-26,358
89775.0,-37,-71,308
89777.5,12,4,217
89780.0,-37,-20,323
89782.5,34,19,266
89785.0,10,-5,265
89787.5,13,9,318
89790.0,-26,-41,361
89792.5,37,-9,299
89795.0,18,20,336
89797.5,3,-10,300
89800.0,3,-10,300
89802.5,14,-22,291
89805.0,-14,-1,393
89807.5,25,-24,225
89810.0,48,0,288
89812.5,72,65,315
89815.0,58,-4,285
89817.5,28,18,310
89820.0,5,-22,331
89822.5,48,-15,333
89825.0,-8,-39,341
89827.5,165,107,255
89830.0,-33,-8,252
89832.5,-8,-11,398
89835.0,17,-24,232
89837.5,-9,-45,330
89840.0,6,-13,427
89842.5,-31,-46,318
89845.0,-59,-14,260
89847.5,11,7,208
89850.0,11,7,208
89852.5,-27,-18,261
89855.0,86,13,362
89857.5,46,19,414
89860.0,35,-8,206
89862.5,-29,-15,258
89865.0,57,8,197
89867.5,61,38,367
89870.0,-30,-52,349
89872.5,48,-12,285
89875.0,2,47,324
89877.5,34,-3,297
89880.0,-161,-111,342
89882.5,11,-27,371
89885.0,38,-20,305
89887.5,-10,12,278
89890.0,15,-42,195
89892.5,23,44,212
89895.0,-6,-7,340
89897.5,0,-30,392
89900.0,0,-30,392
89902.5,42,6,229
89905.0,-6,-50,228
89907.5,75,-37,281
89910.0,29,20,288
89912.5,-46,-34,368
89915.0,10,-16,320
89917.5,-99,-62,304
89920.0,-32,-131,292
89922.5,-3,-101,266
89925.0,54,61,272
89927.5,-20,-61,247
89930.0,71,65,254
89932.5,-8,6,296
89935.0,42,-59,164
89937.5,30,45,330
89940.0,-62,-23,330
89942.5,7,-23,220
89945.0,-60,-52,291
89947.5,83,47,256
89950.0,83,47,256
89952.5,4,-63,372
89955.0,-58,-109,325
89957.5,4,22,326
89960.0,47,35,294
89962.5,-21,-40,377
89965.0,42,-10,306
89967.5,-3,8,337
89970.0,-9,-14,295
89972.5,11,13,313
89975.0,-28,-36,325
89977.5,39,10,322
89980.0,21,2,355
89982.5,43,25,290
89985.0,67,21,222
89987.5,-29,-34,295
89990.0,-8,-50,262
89992.5,27,-20,334
89995.0,-47,-50,359
89997.5,95,-30,260
90000.0,95,-30,260
90002.5,20,38,267
90005.0,113,30,342
90007.5,-32,1,354
90010.0,-35,-23,400
90012.5,30,17,195
90015.0,22,-2,258
90017.5,-98,-49,309
90020.0,-2,16,320
90022.5,30,-6,369
90025.0,-64,-51,290
90027.5,5,-30,335
90030.0,24,15,369
90032.5,28,1,265
90035.0,12,-24,228
90037.5,29,-20,296
90040.0,64,79,213
90042.5,-29,-10,240
90045.0,-179,-99,262
90047.5,-150,-80,319
90050.0,-150,-80,319
90052.5,-87,-33,407
90055.0,121,74,370
90057.5,8,-29,359
90060.0,43,15,205
90062.5,63,16,233
90065.0,-10,-15,359
90067.5,30,43,319
90070.0,11,15,242
90072.5,-5,47,335
90075.0,53,31,391
90077.5,22,29,307
90080.0,-19,-5,263
90082.5,-46,-44,296
90085.0,80,42,286
90087.5,-30,-30,324
90090.0,5,-43,245
90092.5,-47,5,282
90095.0,-4,-68,313
90097.5,30,-25,282
90100.0,30,-25,282
90102.5,-1,-33,214
90105.0,24,-29,388
90107.5,99,16,287
90110.0,-33,-54,275
90112.5,12,30,305
90115.0,15,-54,285
90117.5,-51,-18,313
90120.0,-2,-20,307
90122.5,26,16,335
90125.0,18,-58,274
90127.5,-3,-46,280
90130.0,-78,-12,301
90132.5,-55,-67,396
90135.0,66,4,284
90137.5,-19,-9,301
90140.0,40,-31,277
90142.5,45,17,293
90145.0,-38,8,354
90147.5,27,22,232
90150.0,27,22,232
90152.5,42,31,280
90155.0,-55,-76,296
90157.5,24,15,281
90160.0,44,26,316
90162.5,-15,-15,349
90165.0,62,5,323
90167.5,46,23,334
90170.0,25,-46,352
90172.5,27,-6,304
90175.0,12,5,329
90177.5,-12,-19,252
90180.0,-2,-4,277
90182.5,-20,-16,311
90185.0,42,20,248
90187.5,6,12,274
90190.0,-24,5,317
90192.5,41,21,263
90195.0,35,7,343
90197.5,35,7,343
90200.0,21,5,324
90202.5,-11,-8,293
90205.0,-132,-1,205
90207.5,-81,-48,382
90210.0,-29,-34,223
90212.5,-29,-42,412
90215.0,-45,-71,393
90217.5,24,-45,341
90220.0,15,-69,428
90222.5,66,44,147
90225.0,50,29,260
90227.5,3,-6,240
90230.0,94,26,262
90232.5,-75,-28,373
90235.0,30,36,192
90237.5,45,21,220
90240.0,28,4,279
90242.5,35,-13,254
90245.0,11,-37,326
90247.5,11,-37,326
90250.0,46,-8,281
90252.5,35,-3,256
90255.0,-126,-46,478
90257.5,-87,-53,381
90260.0,48,55,264
90262.5,-14,-21,405
90265.0,11,-27,288
90267.5,16,3,131
90270.0,6,-3,325
90272.5,4,-20,403
90275.0,-10,-70,370
90277.5,-1,-10,239
90280.0,-6,13,208
90282.5,70,-21,186
90285.0,167,71,69
90287.5,-34,-56,411
90290.0,-38,12,375
90292.5,7,-32,357
90295.0,10,-16,257
90297.5,10,-16,257
90300.0,10,-6,361
90302.5,106,-50,213
90305.0,17,-15,289
90307.5,53,35,283
90310.0,72,-5,286
90312.5,-61,12,254
90315.0,92,63,230
90317.5,48,24,358
90320.0,11,19,305
90322.5,80,68,174
90325.0,30,4,243
90327.5,8,-6,309
90330.0,47,47,334
90332.5,19,-23,326
90335.0,28,6,332
90337.5,-3,-8,333
90340.0,-46,-52,263
90342.5,-25,-28,351
90345.0,-36,-45,280
90347.5,-36,-45,280
90350.0,1,-35,275
90352.5,-11,-29,259
90355.0,20,-19,361
90357.5,24,-25,322
90360.0,-15,-25,343
90362.5,23,-17,249
90365.0,14,-15,321
90367.5,-8,-33,330
90370.0,16,-14,308
90372.5,14,-2,325
90375.0,21,28,244
90377.5,-23,-113,261
90380.0,234,230,285
90382.5,62,-31,355
90385.0,-34,-9,227
90387.5,-52,-21,294
90390.0,97,15,189
90392.5,-17,0,311
90395.0,-2,-28,324
90397.5,-2,-28,324
90400.0,20,-46,338
90402.5,-5,-14,380
90405.0,9,20,207
90407.5,53,-36,349
90410.0,-16,-4,295
90412.5,29,-13,234
90415.0,-12,9,364
90417.5,-13,-8,287
90420.0,123,37,260
90422.5,25,26,375
90425.0,-7,-164,360
90427.5,-10,-63,378
90430.0,-52,-51,336
90432.5,17,-28,199
90435.0,28,10,293
90437.5,2,36,318
90440.0,29,10,341
90442.5,63,-9,294
90445.0,15,-23,228
90447.5,15,-23,228
90450.0,5,-5,362
90452.5,-32,-70,434
90455.0,2,-34,314
90457.5,35,-45,315
90460.0,59,-25,378
90462.5,104,5,293
90465.0,-70,-46,255
90467.5,-22,-89,261
90470.0,-5,10,360
90472.5,38,-14,243
90475.0,27,1,294
90477.5,55,38,257
90480.0,-75,-64,363
90482.5,-14,-11,330
90485.0,47,14,287
90487.5,31,36,249
90490.0,-16,-19,266
90492.5,-31,-28,351
90495.0,-28,-6,332
90497.5,-28,-6,332
90500.0,11,-31,333
90502.5,5,22,252
90505.0,4,18,364
90507.5,15,-20,306
90510.0,-3,-19,324
90512.5,37,10,282
90515.0,14,-30,257
90517.5,-28,-33,322
90520.0,45,19,233
90522.5,-2,14,287
90525.0,1,22,320
90527.5,-39,-46,303
90530.0,29,9,257
90532.5,31,3,329
90535.0,19,2,286
90537.5,8,-10,330
90540.0,-31,-54,310
90542.5,17,-16,274
90545.0,-36,-20,348
90547.5,-36,-20,348
90550.0,56,18,251
90552.5,46,28,259
90555.0,-1,11,330
90557.5,40,21,251
90560.0,23,3,310
90562.5,-20,7,354
90565.0,39,-13,307
90567.5,-14,-24,349
90570.0,20,6,317
90572.5,27,9,274
90575.0,-53,-32,316
90577.5,38,-28,258
90580.0,27,-19,239
90582.5,-17,-11,146
90585.0,-63,-109,257
90587.5,55,123,146
90590.0,-12,-60,348
90592.5,-66,-39,387
90595.0,-66,-39,387
90597.5,-82,-31,367
90600.0,-30,-58,417
90602.5,31,96,233
90605.0,-19,-37,252
90607.5,55,44,223
90610.0,9,26,434
90612.5,-21,-16,328
90615.0,-53,-56,284
90617.5,2,-7,281
90620.0,-68,-23,327
90622.5,57,41,347
90625.0,12,-5,364
90627.5,26,-1,235
90630.0,-69,-71,366
90632.5,-53,-35,356
90635.0,49,29,295
90637.5,-58,-56,388
90640.0,9,-9,356
90642.5,7,-42,164
90645.0,7,-42,164
90647.5,-36,-57,367
90650.0,17,-50,315
90652.5,47,16,280
90655.0,-55,-12,292
90657.5,-1,-76,286
90660.0,90,0,317
90662.5,-7,-57,403
90665.0,12,-51,281
90667.5,10,-24,261
90670.0,48,63,194
90672.5,-29,12,221
90675.0,45,-34,305
90677.5,61,5,370
90680.0,2,17,398
90682.5,-26,-44,232
90685.0,68,51,219
90687.5,11,-18,323
90690.0,16,-26,347
90692.5,-31,1,327
90695.0,-31,1,327
90697.5,-40,-4,299
90700.0,8,3,321
90702.5,-6,-29,276
90705.0,-29,16,372
90707.5,75,19,368
90710.0,-27,-23,304
90712.5,-39,-24,224
90715.0,68,3,297
90717.5,-18,15,284
90720.0,33,-9,333
90722.5,-18,-31,366
90725.0,-44,-54,281
90727.5,55,-43,247
90730.0,27,14,313
90732.5,17,-1,281
90735.0,-8,5,331
90737.5,-23,-50,367
90740.0,63,-22,309
90742.5,-43,-31,320
90745.0,-43,-31,320
90747.5,1,-42,289
90750.0,-17,6,297
90752.5,-9,84,435
90755.0,-24,-17,203
90757.5,-40,-100,417
90760.0,55,27,349
90762.5,8,-42,341
90765.0,86,19,250
90767.5,-17,-40,281
90770.0,52,48,263
90772.5,-20,-20,355
90775.0,-11,2,244
90777.5,19,-24,268
90780.0,-47,-87,337
90782.5,28,21,330
90785.0,-41,-10,339
90787.5,-17,-54,308
90790.0,-7,-16,272
90792.5,-10,-6,328
90795.0,-10,-6,328
90797.5,-29,43,180
90800.0,135,80,203
90802.5,84,11,391
90805.0,77,-11,357
90807.5,-70,-134,395
90810.0,32,0,359
90812.5,-26,-37,250
90815.0,63,-8,325
90817.5,11,3,362
90820.0,39,-1,251
90822.5,-100,36,147
90825.0,9,26,205
90827.5,52,3,294
90830.0,-33,-73,282
90832.5,59,16,306
90835.0,45,26,300
90837.5,130,1,314
90840.0,23,-10,274
90842.5,35,-13,285
90845.0,35,-13,285
90847.5,41,21,297
90850.0,24,-43,246
90852.5,-25,-6,321
90855.0,20,-4,336
90857.5,19,9,274
90860.0,3,31,341
90862.5,41,27,246
90865.0,3,-9,314
90867.5,62,32,328
90870.0,50,-31,281
90872.5,20,-40,375
90875.0,51,27,262
90877.5,124,30,273
90880.0,9,2,295
90882.5,22,9,288
90885.0,12,-4,323
90887.5,-5,-13,359
90890.0,12,19,294
90892.5,-44,-29,306
90895.0,-44,-29,306
90897.5,33,-37,354
90900.0,58,5,323
90902.5,-26,-11,353
90905.0,40,40,256
90907.5,57,14,240
90910.0,-21,-3,350
90912.5,65,11,210
90915.0,46,12,310
90917.5,24,-2,308
90920.0,27,6,296
90922.5,-8,-18,330
90925.0,8,-12,326
90927.5,25,-31,339
90930.0,-22,-17,357
90932.5,33,-32,284
90935.0,7,-19,247
90937.5,-2,-7,314
90940.0,89,0,254
90942.5,50,12,286
90945.0,50,12,286
90947.5,16,8,302
90950.0,-5,11,311
90952.5,-33,-10,310
90955.0,-30,-28,409
90957.5,0,8,169
90960.0,45,83,323
90962.5,-31,-26,285
90965.0,-63,-71,400
90967.5,-14,5,403
90970.0,-47,-45,354
90972.5,13,-18,248
90975.0,-27,21,182
90977.5,7,3,258
90980.0,30,-19,455
90982.5,4,-24,440
90985.0,-21,-15,167
90987.5,10,6,304
90990.0,24,-30,299
90992.5,47,-28,352
90995.0,47,-28,352
90997.5,-5,-72,337
91000.0,75,26,241
91002.5,44,16,293
91005.0,-75,-35,215
91007.5,95,71,347
91010.0,39,-9,462
91012.5,-38,-7,348
91015.0,6,-1,357
91017.5,10,-5,131
91020.0,30,6,192
91022.5,13,-19,394
91025.0,53,5,416
91027.5,9,-16,311
91030.0,-30,-21,263
91032.5,21,-6,242
91035.0,64,19,249
91037.5,-46,-18,302
91040.0,20,32,259
91042.5,118,51,156
91045.0,118,51,156
91047.5,68,17,152
91050.0,-40,-43,376
91052.5,-53,7,394
91055.0,18,-1,208
91057.5,-7,-15,311
91060.0,-15,-65,400
91062.5,41,26,328
91065.0,13,-16,403
91067.5,-22,-119,398
91070.0,28,17,255
91072.5,-32,2,288
91075.0,27,55,297
91077.5,32,5,101
91080.0,91,-6,176
91082.5,81,49,253
91085.0,39,-9,254
91087.5,14,3,323
91090.0,105,9,245
91092.5,105,9,245
91095.0,-57,-20,398
91097.5,54,70,231
91100.0,18,16,304
91102.5,-37,-31,320
91105.0,-28,-3,360
91107.5,-3,-22,324
91110.0,4,-40,288
91112.5,-45,-22,282
91115.0,3,-2,316
91117.5,18,-19,244
91120.0,65,21,320
91122.5,-32,-49,357
91125.0,56,1,310
91127.5,-21,-54,353
91130.0,11,6,348
91132.5,-53,56,300
91135.0,-72,-25,354
91137.5,56,-37,128
91140.0,-111,-78,333
91142.5,-111,-78,333
91145.0,-107,-56,328
91147.5,-52,-41,346
91150.0,41,-21,206
91152.5,-12,-13,290
91155.0,49,66,309
91157.5,-20,-33,350
91160.0,40,41,229
91162.5,6,11,306
91165.0,-74,-72,302
91167.5,79,17,325
91170.0,24,7,330
91172.5,30,-10,310
91175.0,110,14,323
91177.5,-122,-74,373
91180.0,58,26,292
91182.5,23,-31,146
91185.0,101,9,328
91187.5,-66,34,209
91190.0,72,15,318
91192.5,72,15,318
91195.0,108,18,398
91197.5,2,-38,295
91200.0,-9,-20,271
91202.5,-34,-24,348
91205.0,12,5,390
91207.5,39,-3,388
91210.0,42,8,170
91212.5,83,24,278
91215.0,16,-3,351
91217.5,45,15,293
91220.0,-28,-38,320
91222.5,-50,-40,279
91225.0,135,77,343
91227.5,22,-27,273
91230.0,46,-53,266
91232.5,29,54,248
91235.0,-29,92,271
91237.5,-6,-32,257
91240.0,29,-41,293
91242.5,29,-41,293
91245.0,-28,-52,240
91247.5,28,-30,284
91250.0,21,25,312
91252.5,26,6,312
91255.0,55,13,304
91257.5,-43,-53,338
91260.0,-32,-66,316
91262.5,25,1,306
91265.0,38,-16,355
91267.5,-43,-40,248
91270.0,18,-15,225
91272.5,19,-8,332
91275.0,38,47,320
91277.5,81,42,318
91280.0,-10,-13,295
91282.5,41,18,301
91285.0,-16,-28,352
91287.5,-25,-88,336
91290.0,2,43,313
91292.5,2,43,313
91295.0,19,-13,348
91297.5,81,51,322
91300.0,46,-5,273
91302.5,36,-16,349
91305.0,-18,-15,198
91307.5,34,30,315
91310.0,35,12,325
91312.5,45,18,261
91315.0,38,-4,303
91317.5,28,-9,345
91320.0,-28,-20,298
91322.5,0,14,356
91325.0,42,-17,311
91327.5,100,12,269
91330.0,44,-17,311
91332.5,62,29,300
91335.0,-55,32,214
91337.5,58,41,174
91340.0,-7,-55,345
91342.5,-7,-55,345
91345.0,-6,-49,409
91347.5,-9,-17,449
91350.0,10,0,357
91352.5,51,-27,272
91355.0,-9,-15,173
91357.5,11,-25,286
91360.0,36,9,399
91362.5,32,-25,273
91365.0,2,-30,230
91367.5,27,10,284
91370.0,20,-6,328
91372.5,-13,-31,304
91375.0,95,50,294
91377.5,59,-62,199
91380.0,126,41,194
91382.5,28,-28,376
91385.0,70,59,184
91387.5,-6,-25,334
91390.0,-23,23,259
91392.5,-23,23,259
91395.0,116,15,216
91397.5,46,-3,340
91400.0,18,-9,368
91402.5,-43,-54,383
91405.0,-27,-35,361
91407.5,-52,-46,405
91410.0,11,-3,374
91412.5,-12,9,363
91415.0,-37,10,396
91417.5,60,-35,257
91420.0,92,70,260
91422.5,-109,-63,307
91425.0,-7,-86,225
91427.5,26,73,300
91430.0,-69,-26,328
91432.5,41,64,317
91435.0,24,37,375
91437.5,50,45,312
91440.0,-59,-42,427
91442.5,-59,-42,427
91445.0,97,29,379
91447.5,-4,-64,246
91450.0,19,-17,271
91452.5,4,-20,322
91455.0,44,-11,248
91457.5,-17,30,317
91460.0,-7,-49,324
91462.5,38,-36,284
91465.0,32,27,264
91467.5,-26,-46,232
91470.0,2,-15,349
91472.5,-11,5,273
91475.0,-8,5,297
91477.5,54,2,343
91480.0,22,2,261
91482.5,35,17,248
91485.0,9,30,282
91487.5,40,24,261
91490.0,14,-37,323
91492.5,14,-37,323
91495.0,-34,-23,336
91497.5,52,-27,302
91500.0,-27,44,359
91502.5,51,-25,314
91505.0,118,74,224
91507.5,-38,-97,430
91510.0,-84,15,344
91512.5,21,26,365
91515.0,-97,-48,283
91517.5,58,54,233
91520.0,-10,3,323
91522.5,-51,-49,306
91525.0,29,-28,273
91527.5,-33,-50,312
91530.0,35,-7,212
91532.5,56,6,321
91535.0,-31,-42,318
91537.5,73,30,243
91540.0,73,30,243
91542.5,30,4,337
91545.0,78,3,325
91547.5,72,9,244
91550.0,64,42,313
91552.5,42,-43,198
91555.0,32,-39,336
91557.5,220,36,340
91560.0,179,65,292
91562.5,20,32,314
91565.0,-17,-69,222
91567.5,27,-7,272
91570.0,-12,4,436
91572.5,-62,-22,363
91575.0,61,20,281
91577.5,10,9,210
91580.0,-17,-67,261
91582.5,15,34,308
91585.0,-8,-14,363
91587.5,39,-6,232
91590.0,39,-6,232
91592.5,-27,-49,259
91595.0,-70,-97,379
91597.5,-37,10,288
91600.0,-153,-85,401
91602.5,44,-1,339
91605.0,4,-44,261
91607.5,56,17,319
91610.0,28,-11,224
91612.5,-14,-1,259
91615.0,57,-11,236
91617.5,65,13,280
91620.0,-16,6,308
91622.5,-43,-74,415
91625.0,47,-13,313
91627.5,-4,-22,370
91630.0,40,-39,320
91632.5,15,-48,277
91635.0,-9,-8,321
91637.5,-53,-20,270
91640.0,-53,-20,270
91642.5,-45,-27,291
91645.0,36,46,306
91647.5,48,28,278
91650.0,35,11,362
91652.5,-31,5,340
91655.0,40,1,324
91657.5,-9,-44,341
91660.0,20,-32,327
91662.5,60,11,285
91665.0,53,39,331
91667.5,13,-18,248
91670.0,84,32,270
91672.5,9,-23,302
91675.0,46,17,279
91677.5,-16,-13,309
91680.0,-34,-29,369
91682.5,61,30,307
91685.0,-34,-61,334
91687.5,-39,-43,341
91690.0,-39,-43,341
91692.5,41,34,262
91695.0,-52,-41,331
91697.5,39,14,228
91700.0,54,3,260
91702.5,-50,-31,295
91705.0,10,-7,265
91707.5,-21,-41,334
91710.0,-12,-122,294
91712.5,52,26,268
91715.0,26,-32,143
91717.5,-18,47,288
91720.0,-7,-44,364
91722.5,-57,-32,441
91725.0,-36,-33,358
91727.5,146,40,324
91730.0,-38,-27,223
91732.5,-22,-27,289
91735.0,29,33,388
91737.5,28,10,429
91740.0,28,10,429
91742.5,25,-8,208
91745.0,1,-52,334
91747.5,28,-21,274
91750.0,44,1,340
91752.5,-19,-14,293
91755.0,-3,27,228
91757.5,-5,-30,146
91760.0,-49,-60,241
91762.5,13,11,369
91765.0,107,22,324
91767.5,36,14,354
91770.0,-6,-41,115
91772.5,-66,-23,252
91775.0,53,-15,283
91777.5,-21,-59,399
91780.0,3,-71,361
91782.5,70,48,269
91785.0,-85,-39,316
91787.5,12,-17,171
91790.0,12,-17,171
91792.5,103,24,454
91795.0,31,12,293
91797.5,31,2,267
91800.0,18,-9,308
91802.5,-40,-20,328
91805.0,61,48,325
91807.5,21,58,375
91810.0,4,11,293
91812.5,-35,47,243
91815.0,-25,-17,205
91817.5,-48,-116,326
91820.0,75,39,318
91822.5,-86,-45,400
91825.0,10,-27,271
91827.5,12,0,271
91830.0,-43,-46,241
91832.5,50,-2,212
91835.0,-64,-57,323
91837.5,-13,-5,282
91840.0,-13,-5,282
91842.5,10,-20,336
91845.0,12,-21,316
91847.5,35,-32,263
91850.0,4,-36,298
91852.5,1,-13,255
91855.0,-26,-15,277
91857.5,17,-3,352
91860.0,-1,9,315
91862.5,-5,-43,346
91865.0,17,12,317
91867.5,55,-27,264
91870.0,11,-13,346
91872.5,50,20,235
91875.0,-38,-89,303
91877.5,72,-47,277
91880.0,358,150,353
91882.5,-7,-47,262
91885.0,135,-15,358
91887.5,51,17,309
91890.0,51,17,309
91892.5,-39,-41,417
91895.0,66,-31,172
91897.5,0,43,307
91900.0,-89,-75,298
91902.5,54,5,323
91905.0,27,33,308
91907.5,-78,-59,276
91910.0,63,86,291
91912.5,-43,-60,392
91915.0,0,0,233
91917.5,118,-17,300
91920.0,55,26,192
91922.5,-11,-40,290
91925.0,-68,79,392
91927.5,-46,-87,305
91930.0,274,77,351
91932.5,-2,-25,437
91935.0,1,-23,251
91937.5,1,-23,251
91940.0,80,8,230
91942.5,-17,-41,294
91945.0,-14,-35,330
91947.5,29,34,238
91950.0,-29,-23,238
91952.5,-68,-32,309
91955.0,43,8,414
91957.5,-16,-14,364
91960.0,-6,22,290
91962.5,-33,-17,409
91965.0,15,12,263
91967.5,-55,-19,246
91970.0,-59,-49,316
91972.5,36,23,276
91975.0,21,-12,335
91977.5,6,19,310
91980.0,85,-20,294
91982.5,70,2,274
91985.0,48,35,325
91987.5,48,35,325
91990.0,-32,-28,268
91992.5,25,0,295
91995.0,18,39,308
91997.5,-26,-53,241
92000.0,-63,6,254
92002.5,9,23,231
92005.0,-19,-73,311
92007.5,-6,-30,311
92010.0,49,13,291
92012.5,1,-7,345
92015.0,-26,-6,324
92017.5,0,-11,277
92020.0,0,3,328
92022.5,43,-3,334
92025.0,21,-22,284
92027.5,0,-27,336
92030.0,-13,7,299
92032.5,8,9,256
92035.0,12,-8,267
92037.5,12,-8,267
92040.0,2,-34,286
92042.5,9,-23,319
92045.0,-14,-30,310
92047.5,66,6,285
92050.0,35,-35,323
92052.5,42,28,323
92055.0,-30,-27,286
92057.5,-14,-33,345
92060.0,21,-19,244
92062.5,-45,-36,218
92065.0,-16,-23,325
92067.5,12,7,266
92070.0,19,-17,302
92072.5,-14,-33,317
92075.0,48,15,309
92077.5,-15,-5,326
92080.0,-1,-23,338
92082.5,8,-16,292
92085.0,-49,-12,417
92087.5,-49,-12,417
92090.0,12,19,294
92092.5,52,51,224
92095.0,-58,42,319
92097.5,-104,-51,439
92100.0,-17,39,300
92102.5,-7,21,291
92105.0,42,20,265
92107.5,-10,9,278
92110.0,27,15,251
92112.5,65,15,379
92115.0,14,6,379
92117.5,7,36,147
92120.0,52,27,260
92122.5,0,0,302
92125.0,2,2,367
92127.5,74,-29,316
92130.0,57,81,245
92132.5,57,29,464
92135.0,-39,-27,423
92137.5,-39,-27,423
92140.0,-7,-14,404
92142.5,-20,-14,408
92145.0,-19,-66,254
92147.5,-42,-31,203
92150.0,105,-31,338
92152.5,31,-19,412
92155.0,-19,-1,325
92157.5,-42,-28,288
92160.0,24,-12,255
92162.5,12,-27,325
92165.0,-39,-9,318
92167.5,70,54,274
92170.0,34,7,323
92172.5,24,-6,261
92175.0,16,5,209
92177.5,-11,-48,383
92180.0,2,-77,304
92182.5,2,-22,366
92185.0,-30,-21,254
92187.5,-30,-21,254
92190.0,68,24,280
92192.5,52,-17,189
92195.0,125,73,263
92197.5,116,14,269
92200.0,-4,36,299
92202.5,24,13,237
92205.0,-6,-31,308
92207.5,-59,-44,355
92210.0,90,-4,311
92212.5,35,-5,288
92215.0,30,6,290
92217.5,70,30,277
92220.0,-14,-8,325
92222.5,51,1,304
92225.0,12,-5,300
92227.5,-63,-69,323
92230.0,28,-15,299
92232.5,-22,-13,341
92235.0,9,-9,298
92237.5,9,-9,298
92240.0,23,-33,280
92242.5,-3,-31,292
92245.0,7,-33,308
92247.5,-23,-29,321
92250.0,-22,-11,357
92252.5,3,42,352
92255.0,-81,-55,410
92257.5,-177,-89,300
92260.0,176,-31,323
92262.5,-9,-8,445
92265.0,-5,-15,334
92267.5,67,9,264
92270.0,-8,-12,284
92272.5,-4,-28,311
92275.0,-55,-2,407
92277.5,24,34,287
92280.0,32,25,196
92282.5,-62,-41,272
92285.0,-62,-41,272
92287.5,59,31,237
92290.0,11,-5,321
92292.5,19,20,287
92295.0,23,6,290
92297.5,-60,-15,387
92300.0,-47,-47,322
92302.5,-49,-40,212
92305.0,-164,-76,250
92307.5,-27,-10,265
92310.0,4,-38,343
92312.5,41,8,391
92315.0,28,-1,321
92317.5,-65,-64,308
92320.0,4,-16,349
92322.5,54,-24,411
92325.0,44,-2,312
92327.5,-12,-29,244
92330.0,115,37,316
92332.5,-26,-6,236
92335.0,-26,-6,236
92337.5,58,-20,223
92340.0,73,9,317
92342.5,77,23,264
92345.0,50,-9,338
92347.5,-52,-75,368
92350.0,-30,6,345
92352.5,70,-20,282
92355.0,-31,-45,337
92357.5,34,-23,300
92360.0,120,-5,311
92362.5,11,40,275
92365.0,-44,-37,263
92367.5,-44,-5,379
92370.0,42,15,333
92372.5,75,12,314
92375.0,-21,29,261
92377.5,-25,-106,406
92380.0,1,16,316
92382.5,-14,-6,420
92385.0,-14,-6,420
92387.5,15,-6,281
92390.0,-24,10,291
92392.5,-42,-77,387
92395.0,4,10,293
92397.5,37,-28,307
92400.0,3,-7,264
92402.5,95,36,293
92405.0,-36,-53,336
92407.5,21,-2,321
92410.0,-15,-20,295
92412.5,-18,-49,333
92415.0,77,20,305
92417.5,-4,0,281
92420.0,-63,-69,366
92422.5,17,2,280
92425.0,37,10,240
92427.5,13,19,287
92430.0,4,-3,273
92432.5,7,17,320
92435.0,7,17,320
92437.5,-53,-36,375
92440.0,10,-30,310
92442.5,-41,-35,324
92445.0,-34,-55,311
92447.5,-2,-11,240
92450.0,-14,-26,324
92452.5,85,59,236
92455.0,-25,-5,283
92457.5,-5,-14,305
92460.0,-32,-64,390
92462.5,4,-50,279
92465.0,43,20,411
92467.5,-2,33,469
92470.0,-7,-22,487
92472.5,-19,-1,313
92475.0,29,-53,359
92477.5,109,24,167
92480.0,53,5,145
92482.5,28,-10,284
92485.0,28,-10,284
92487.5,-22,15,420
92490.0,16,-24,296
92492.5,10,7,211
92495.0,-7,-44,350
92497.5,44,4,342
92500.0,26,-20,378
92502.5,34,8,199
92505.0,66,6,307
92507.5,-15,-55,120
92510.0,111,22,333
92512.5,31,20,298
92515.0,-52,-34,443
92517.5,-64,-33,327
92520.0,58,2,155
92522.5,90,25,157
92525.0,132,3,376
92527.5,2,7,301
92530.0,-40,-17,263
92532.5,31,3,258
92535.0,31,3,258
92537.5,-9,-9,328
92540.0,32,53,361
92542.5,10,15,319
92545.0,-27,-22,287
92547.5,39,14,275
92550.0,54,3,307
92552.5,-1,5,266
92555.0,-6,7,330
92557.5,-15,-66,332
92560.0,63,7,284
92562.5,23,-55,334
92565.0,0,-58,309
92567.5,53,32,253
92570.0,-76,-54,323
92572.5,49,18,312
92575.0,-19,-36,330
92577.5,-6,-9,303
92580.0,-5,25,273
92582.5,42,-24,343
92585.0,42,-24,343
92587.5,3,11,302
92590.0,-9,-70,318
92592.5,14,-17,273
92595.0,4,-47,284
92597.5,-23,-30,301
92600.0,-8,13,272
92602.5,114,45,281
92605.0,11,3,292
92607.5,74,44,257
92610.0,-6,-24,309
92612.5,-49,-10,315
92615.0,30,13,226
92617.5,-34,-26,330
92620.0,39,40,279
92622.5,82,5,267
92625.0,-12,11,312
92627.5,36,-16,301
92630.0,18,-9,341
92632.5,-1,-27,329
92635.0,-1,-27,329
92637.5,44,-28,291
92640.0,147,60,393
92642.5,-58,-78,211
92645.0,-39,-29,326
92647.5,17,-43,357
92650.0,-34,-2,380
92652.5,17,-37,298
92655.0,32,-10,237
92657.5,-70,-5,240
92660.0,-26,-45,437
92662.5,15,-47,377
92665.0,40,-7,234
92667.5,-20,-43,335
92670.0,36,-3,246
92672.5,-21,-10,297
92675.0,-64,-54,305
92677.5,56,18,250
92680.0,-10,-41,331
92682.5,8,-39,345
92685.0,8,-39,345
92687.5,47,3,292
92690.0,17,-23,360
92692.5,-46,-79,367
92695.0,43,64,196
92697.5,-171,-6,342
92700.0,-107,-2,340
92702.5,104,22,331
92705.0,11,37,277
92707.5,-27,-32,258
92710.0,-22,-14,318
92712.5,-50,-72,418
92715.0,62,49,297
92717.5,1,9,276
92720.0,40,-19,195
92722.5,44,41,231
92725.0,9,4,313
92727.5,-15,-25,253
92730.0,89,8,192
92732.5,89,8,192
92735.0,13,-19,470
92737.5,-21,-14,368
92740.0,-37,-16,314
92742.5,66,27,322
92745.0,47,25,290
92747.5,53,17,355
92750.0,8,27,292
92752.5,4,88,319
92755.0,9,-5,293
92757.5,28,44,266
92760.0,77,55,317
92762.5,-3,8,303
92765.0,45,-18,296
92767.5,43,-47,332
92770.0,2,7,390
92772.5,-10,-30,257
92775.0,-11,-19,317
92777.5,50,26,230
92780.0,40,3,268
92782.5,40,3,268
92785.0,-35,-38,346
92787.5,18,15,272
92790.0,-14,-25,310
92792.5,-16,-2,340
92795.0,-5,1,297
92797.5,-18,-33,350
92800.0,46,13,324
92802.5,-29,-43,296
92805.0,-4,-8,374
92807.5,75,118,287
92810.0,35,-16,250
92812.5,-50,-66,340
92815.0,13,-11,265
92817.5,32,-8,303
92820.0,27,-5,316
92822.5,1,-4,301
92825.0,6,-12,350
92827.5,6,-21,330
92830.0,-4,-40,282
92832.5,-4,-40,282
92835.0,25,23,306
92837.5,22,-19,326
92840.0,107,-12,282
92842.5,15,-60,197
92845.0,53,37,315
92847.5,33,-65,376
92850.0,5,1,452
92852.5,0,9,385
92855.0,8,38,227
92857.5,-43,-49,176
92860.0,86,1,235
92862.5,19,38,408
92865.0,-49,-39,356
92867.5,32,3,255
92870.0,49,-15,274
92872.5,-12,-24,342
92875.0,26,16,347
92877.5,-4,13,298
92880.0,17,-21,268
92882.5,17,-21,268
92885.0,-23,-42,250
92887.5,-32,-33,365
92890.0,-19,-57,341
92892.5,-96,-49,345
92895.0,-19,-15,369
92897.5,95,46,260
92900.0,-91,7,233
92902.5,30,5,278
92905.0,-35,-38,391
92907.5,52,36,311
92910.0,9,-22,326
92912.5,-17,-6,215
92915.0,109,-32,297
92917.5,42,-15,339
92920.0,79,22,327
92922.5,72,53,240
92925.0,-50,-39,315
92927.5,-57,-29,275
92930.0,11,-103,304
92932.5,11,-103,304
92935.0,-73,-28,393
92937.5,41,35,259
92940.0,-25,-24,343
92942.5,-63,-25,291
92945.0,61,-31,450
92947.5,49,43,291
92950.0,3,0,296
92952.5,-5,-34,263
92955.0,-82,-34,259
92957.5,63,11,250
92960.0,36,7,361
92962.5,-58,-6,345
92965.0,64,1,255
92967.5,4,2,274
92970.0,105,54,243
92972.5,20,-13,379
92975.0,30,-25,293
92977.5,61,19,284
92980.0,86,15,314
92982.5,86,15,314
92985.0,-1,40,311
92987.5,23,-15,280
92990.0,20,19,328
92992.5,22,-20,249
92995.0,-15,-8,305
92997.5,41,32,327
93000.0,37,2,268
93002.5,46,-43,382
93005.0,-57,-51,208
93007.5,-189,-32,182
93010.0,-201,-144,338
93012.5,72,54,293
93015.0,12,26,296
93017.5,-29,-5,264
93020.0,38,4,182
93022.5,-44,7,331
93025.0,-66,-61,346
93027.5,96,31,338
93030.0,-48,-34,344
93032.5,-48,-34,344
93035.0,22,-48,227
93037.5,81,35,285
93040.0,8,-16,278
93042.5,24,-8,278
93045.0,33,7,279
93047.5,-33,-34,266
93050.0,-33,-2,310
93052.5,-63,-114,437
93055.0,-23,-77,302
93057.5,-81,-20,317
93060.0,-5,-57,392
93062.5,41,-10,254
93065.0,-38,-77,192
93067.5,33,-48,314
93070.0,-27,-42,386
93072.5,-19,-31,306
93075.0,5,-28,241
93077.5,68,30,292
93080.0,29,-48,412
93082.5,29,-48,412
93085.0,-52,-36,305
93087.5,-43,-55,262
93090.0,64,3,299
93092.5,31,40,259
93095.0,43,-16,286
93097.5,-52,-76,240
93100.0,34,-14,298
93102.5,53,0,381
93105.0,44,-48,359
93107.5,15,22,275
93110.0,23,64,325
93112.5,-15,-74,246
93115.0,40,63,327
93117.5,3,-11,316
93120.0,5,-38,223
93122.5,25,-8,347
93125.0,-50,-26,321
93127.5,-6,-35,347
93130.0,-6,-35,347
93132.5,55,-44,362
93135.0,17,-22,312
93137.5,74,-1,282
93140.0,-4,-38,323
93142.5,60,-36,295
93145.0,82,-22,288
93147.5,-47,-37,278
93150.0,64,24,278
93152.5,31,30,324
93155.0,9,19,334
93157.5,-5,5,283
93160.0,-26,21,315
93162.5,24,-26,342
93165.0,0,-26,312
93167.5,1,-17,359
93170.0,-26,-60,268
93172.5,63,12,279
93175.0,-24,-16,305
93177.5,14,6,237
93180.0,14,6,237
93182.5,0,-17,287
93185.0,-17,-22,340
93187.5,62,22,300
93190.0,4,-27,344
93192.5,-15,-38,336
93195.0,51,26,254
93197.5,-29,-18,359
93200.0,2,-10,280
93202.5,13,8,245
93205.0,24,-9,329
93207.5,76,27,273
93210.0,-93,-19,448
93212.5,19,55,395
93215.0,51,23,228
93217.5,91,55,198
93220.0,-14,-87,322
93222.5,-7,-47,411
93225.0,-36,-47,339
93227.5,-41,-26,230
93230.0,-41,-26,230
93232.5,50,10,227
93235.0,-71,-22,190
93237.5,78,35,339
93240.0,166,-5,331
93242.5,-13,20,318
93245.0,44,-56,251
93247.5,69,16,349
93250.0,-9,-53,298
93252.5,24,18,313
93255.0,-12,-107,324
93257.5,-3,-14,177
93260.0,-62,-77,392
93262.5,40,-23,379
93265.0,9,17,403
93267.5,24,20,321
93270.0,-39,-47,115
93272.5,-30,-41,253
93275.0,28,-1,360
93277.5,28,-1,360
93280.0,2,13,358
93282.5,-24,-5,281
93285.0,-33,-52,321
93287.5,75,38,273
93290.0,-16,-51,212
93292.5,-109,-65,406
93295.0,38,13,380
93297.5,3,9,207
93300.0,13,0,353
93302.5,155,31,376
93305.0,27,-48,292
93307.5,-63,-49,348
93310.0,-46,-53,242
93312.5,28,-3,271
93315.0,-1,-53,214
93317.5,17,59,260
93320.0,45,-57,348
93322.5,11,-46,333
93325.0,118,84,191
93327.5,118,84,191
93330.0,80,38,290
93332.5,43,42,249
93335.0,44,9,234
93337.5,3,-1,300
93340.0,9,-39,322
93342.5,36,2,347
93345.0,15,-19,337
93347.5,-1,-23,344
93350.0,-8,17,254
93352.5,-20,-30,320
93355.0,52,-8,290
93357.5,-18,-33,320
93360.0,48,-2,322
93362.5,-11,29,320
93365.0,30,-27,326
93367.5,12,-20,283
93370.0,-14,-30,336
93372.5,52,-2,251
93375.0,-15,26,300
93377.5,-15,26,300
93380.0,33,-41,322
93382.5,163,138,328
93385.0,-42,76,384
93387.5,270,62,364
93390.0,128,72,339
93392.5,-29,-17,346
93395.0,52,14,184
93397.5,-9,13,332
93400.0,-20,-68,352
93402.5,62,23,349
93405.0,-4,-6,294
93407.5,-93,-58,277
93410.0,123,28,325
93412.5,-74,-36,343
93415.0,17,-18,242
93417.5,-24,29,314
93420.0,42,-4,275
93422.5,113,5,215
93425.0,-136,-80,297
93427.5,-136,-80,297
93430.0,93,41,349
93432.5,31,127,311
93435.0,74,3,307
93437.5,-24,-57,178
93440.0,19,-5,343
93442.5,27,6,323
93445.0,31,18,302
93447.5,23,6,317
93450.0,-43,-1,191
93452.5,73,-25,234
93455.0,48,-17,396
93457.5,129,7,334
93460.0,80,32,259
93462.5,43,-10,307
93465.0,47,-49,327
93467.5,-3,17,310
93470.0,25,-23,274
93472.5,58,11,282
93475.0,-6,-43,296
93477.5,-6,-43,296
93480.0,-56,-41,390
93482.5,-76,-57,268
93485.0,40,18,442
93487.5,63,51,317
93490.0,78,54,280
93492.5,-90,-68,330
93495.0,-7,-28,218
93497.5,0,24,291
93500.0,-44,-44,310
93502.5,-21,-8,310
93505.0,0,-9,269
93507.5,52,24,339
93510.0,28,8,337
93512.5,-39,-24,323
93515.0,21,-4,296
93517.5,34,22,281
93520.0,-47,-37,315
93522.5,39,10,247
93525.0,39,10,247
93527.5,28,50,227
93530.0,-17,-6,267
93532.5,0,-41,285
93535.0,24,-10,348
93537.5,9,-23,353
93540.0,-10,-18,306
93542.5,27,-40,349
93545.0,12,-16,326
93547.5,-25,-36,264
93550.0,30,14,348
93552.5,32,-47,213
93555.0,-63,-32,273
93557.5,54,18,302
93560.0,24,31,279
93562.5,11,-27,321
93565.0,-41,-22,306
93567.5,-49,-29,293
93570.0,73,10,350
93572.5,53,2,310
93575.0,53,2,310
93577.5,5,-49,247
93580.0,47,6,335
93582.5,43,5,212
93585.0,-41,7,407
93587.5,59,52,382
93590.0,7,31,309
93592.5,29,77,417
93595.0,19,-18,363
93597.5,-13,25,458
93600.0,66,7,332
93602.5,63,34,270
93605.0,52,21,175
93607.5,-38,-11,221
93610.0,43,-1,279
93612.5,61,51,391
93615.0,9,-7,336
93617.5,-59,-21,247
93620.0,10,-22,286
93622.5,67,31,316
93625.0,67,31,316
93627.5,102,38,217
93630.0,-18,-44,243
93632.5,117,88,36
93635.0,-139,14,294
93637.5,-156,-6,382
93640.0,3,-44,332
93642.5,-10,-41,336
93645.0,49,1,190
93647.5,3,-39,196
93650.0,36,-19,324
93652.5,2,0,308
93655.0,-25,-32,312
93657.5,0,-57,330
93660.0,17,-17,293
93662.5,68,-8,226
93665.0,-39,-54,344
93667.5,95,92,212
93670.0,41,-66,337
93672.5,35,-13,256
93675.0,35,-13,256
93677.5,-68,42,365
93680.0,-66,-71,352
93682.5,-10,-33,302
93685.0,11,3,355
93687.5,21,22,360
93690.0,3,48,260
93692.5,-74,-84,258
93695.0,-8,-15,284
93697.5,-8,-17,347
93700.0,-49,-6,257
93702.5,31,-15,323
93705.0,-30,24,329
93707.5,120,60,154
93710.0,71,-33,373
93712.5,6,-23,312
93715.0,61,10,268
93717.5,10,-57,323
93720.0,33,-14,381
93722.5,102,17,277
93725.0,102,17,277
93727.5,-4,-44,322
93730.0,11,-13,257
93732.5,-10,4,343
93735.0,5,22,320
93737.5,19,-8,288
93740.0,19,-12,357
93742.5,71,-8,315
93745.0,79,18,242
93747.5,-2,-25,313
93750.0,62,25,316
93752.5,11,-29,306
93755.0,48,28,300
93757.5,280,134,291
93760.0,1,-82,365
93762.5,9,-16,368
93765.0,65,1,208
93767.5,51,-4,275
93770.0,12,43,216
93772.5,88,36,369
93775.0,88,36,369
93777.5,-50,-38,274
93780.0,32,31,267
93782.5,7,-5,300
93785.0,2,-25,332
93787.5,79,0,262
93790.0,12,18,311
93792.5,45,-4,232
93795.0,44,13,301
93797.5,-16,-34,281
93800.0,17,8,253
93802.5,105,-62,341
93805.0,76,-78,330
93807.5,54,17,482
93810.0,11,-5,376
93812.5,-5,-34,240
93815.0,52,30,196
93817.5,18,5,281
93820.0,41,35,312
93822.5,35,17,237
93825.0,35,17,237
93827.5,10,6,344
93830.0,25,-18,315
93832.5,52,-42,387
93835.0,9,47,329
93837.5,9,-4,344
93840.0,-33,-96,289
93842.5,137,37,279
93845.0,-104,15,304
93847.5,31,31,243
93850.0,17,-38,281
93852.5,0,-49,298
93855.0,54,20,321
93857.5,-2,17,297
93860.0,107,33,315
93862.5,26,21,336
93865.0,40,-15,245
93867.5,-21,-17,359
93870.0,50,-11,252
93872.5,-6,14,278
93875.0,-6,14,278
93877.5,21,-14,225
93880.0,3,-16,252
93882.5,-42,-18,261
93885.0,-114,-36,340
93887.5,-86,-62,346
93890.0,-20,-5,352
93892.5,-29,-15,298
93895.0,18,44,279
93897.5,-23,-57,387
93900.0,27,-4,276
93902.5,37,26,233
93905.0,8,-22,288
93907.5,61,13,265
93910.0,18,20,327
93912.5,-84,-47,331
93915.0,-10,-6,327
93917.5,23,10,330
93920.0,36,-9,312
93922.5,36,-9,312
93925.0,-50,-18,338
93927.5,-2,2,335
93930.0,7,-30,274
93932.5,6,-19,226
93935.0,27,-17,318
93937.5,39,11,261
93940.0,25,-18,296
93942.5,-13,-1,323
93945.0,84,26,311
93947.5,11,-25,339
93950.0,38,-8,343
93952.5,37,16,322
93955.0,49,-65,300
93957.5,-15,-83,444
93960.0,-51,-75,213
93962.5,77,-25,311
93965.0,-42,-59,306
93967.5,-35,-53,332
93970.0,-16,-29,381
93972.5,-16,-29,381
93975.0,-12,-2,354
93977.5,62,6,223
93980.0,-24,-29,259
93982.5,12,-6,228
93985.0,32,-18,405
93987.5,-61,-81,317
93990.0,7,22,250
93992.5,44,2,247
93995.0,31,10,301
93997.5,-25,-22,287
94000.0,-27,-47,408
94002.5,40,46,209
94005.0,45,25,150
94007.5,158,66,230
94010.0,119,35,340
94012.5,-52,-22,325
94015.0,30,-23,291
94017.5,32,13,212
94020.0,1,-21,247
94022.5,1,-21,247
94025.0,50,-27,306
94027.5,-45,-58,427
94030.0,-7,-54,263
94032.5,61,1,306
94035.0,9,-21,290
94037.5,41,8,214
94040.0,0,13,347
94042.5,-110,-8,382
94045.0,-43,-55,421
94047.5,-30,-76,471
94050.0,-2,-20,324
94052.5,-51,-28,296
94055.0,24,8,229
94057.5,30,-16,292
94060.0,-74,-47,318
94062.5,-27,-101,304
94065.0,29,-27,364
94067.5,-15,-7,259
94070.0,101,41,238
94072.5,101,41,238
94075.0,-39,12,326
94077.5,9,-1,286
94080.0,-9,-6,314
94082.5,-4,-58,511
94085.0,167,111,239
94087.5,117,80,281
94090.0,14,11,341
94092.5,36,53,235
94095.0,-45,-96,253
94097.5,-32,-83,217
94100.0,45,-28,307
94102.5,44,-21,341
94105.0,18,34,294
94107.5,16,-30,247
94110.0,-28,15,334
94112.5,-1,4,218
94115.0,-44,-60,336
94117.5,-16,55,302
94120.0,-2,27,311
94122.5,-2,27,311
94125.0,-8,-3,325
94127.5,31,12,296
94130.0,71,-19,264
94132.5,-68,-3,310
94135.0,66,34,216
94137.5,113,25,359
94140.0,-223,-141,304
94142.5,-28,-40,377
94145.0,208,29,409
94147.5,-75,-32,455
94150.0,84,7,173
94152.5,75,52,279
94155.0,-37,-17,223
94157.5,23,15,384
94160.0,-23,-22,285
94162.5,28,-10,258
94165.0,-23,-31,335
94167.5,-34,-37,361
94170.0,51,-24,335
94172.5,51,-24,335
94175.0,-41,-46,355
94177.5,8,-14,237
94180.0,-13,17,282
94182.5,-11,8,291
94185.0,-15,39,327
94187.5,152,58,232
94190.0,-152,-54,334
94192.5,-16,-19,274
94195.0,-19,-14,436
94197.5,19,-29,347
94200.0,92,13,304
94202.5,-24,-11,188
94205.0,-20,-33,210
94207.5,54,5,329
94210.0,-29,-23,404
94212.5,-26,-6,245
94215.0,-2,-11,266
94217.5,-45,-38,367
94220.0,40,-17,306
94222.5,40,-17,306
94225.0,8,-1,359
94227.5,42,9,229
94230.0,29,30,269
94232.5,55,-10,278
94235.0,-64,-66,260
94237.5,15,-39,251
94240.0,-15,-19,320
94242.5,6,12,330
94245.0,-14,53,343
94247.5,-6,-32,370
94250.0,65,61,307
94252.5,-46,-34,340
94255.0,6,-35,264
94257.5,37,-26,291
94260.0,7,22,320
94262.5,-20,-47,261
94265.0,-28,7,318
94267.5,-33,-54,315
94270.0,7,-44,325
94272.5,7,-44,325
94275.0,-7,-6,376
94277.5,19,-7,324
94280.0,12,-2,312
94282.5,20,-49,313
94285.0,-19,-4,337
94287.5,10,-40,295
94290.0,19,22,300
94292.5,55,-12,250
94295.0,53,21,287
94297.5,-7,-25,304
94300.0,38,13,274
94302.5,10,-4,283
94305.0,-29,-5,337
94307.5,4,-17,303
94310.0,36,4,357
94312.5,-47,-56,335
94315.0,58,-24,274
94317.5,3,17,331
94320.0,-3,-26,261
94322.5,-3,-26,261
94325.0,-47,-24,268
94327.5,55,52,304
94330.0,-15,-52,254
94332.5,42,-23,293
94335.0,-51,-87,253
94337.5,26,-27,283
94340.0,-52,-18,353
94342.5,-85,-72,403
94345.0,-18,-28,355
94347.5,12,0,379
94350.0,-32,-64,309
94352.5,85,50,180
94355.0,-55,-21,167
94357.5,11,-9,244
94360.0,17,-8,449
94362.5,-26,-43,345
94365.0,69,12,244
94367.5,-56,-77,285
94370.0,54,-41,314
94372.5,54,-41,314
94375.0,103,71,282
94377.5,-61,-41,271
94380.0,-112,-51,227
94382.5,81,-6,88
94385.0,10,-5,290
94387.5,-19,-54,365
94390.0,-29,-44,459
94392.5,-16,-2,276
94395.0,35,46,215
94397.5,-6,-26,213
94400.0,64,-7,317
94402.5,74,52,323
94405.0,-51,-27,300
94407.5,46,36,314
94410.0,-23,-25,483
94412.5,35,13,401
94415.0,5,-7,322
94417.5,2,-22,247
94420.0,2,-22,247
94422.5,112,32,234
94425.0,49,63,303
94427.5,33,-12,222
94430.0,16,38,278
94432.5,58,-8,421
94435.0,-54,-86,289
94437.5,37,66,232
94440.0,-46,-9,356
94442.5,-24,-45,434
94445.0,-23,73,277
94447.5,-14,3,293
94450.0,8,-12,301
94452.5,-68,-73,363
94455.0,73,59,147
94457.5,30,-7,282
94460.0,20,56,338
94462.5,-11,5,290
94465.0,-2,-10,302
94467.5,25,7,282
94470.0,25,7,282
94472.5,102,50,236
94475.0,67,23,276
94477.5,1,14,278
94480.0,-54,-50,320
94482.5,8,-10,312
94485.0,-34,-53,325
94487.5,-30,-27,339
94490.0,58,50,317
94492.5,9,-6,280
94495.0,10,-1,320
94497.5,75,10,261
94500.0,-14,-70,298
94502.5,3,68,229
94505.0,85,18,367
94507.5,-27,-69,389
94510.0,128,78,323
94512.5,71,-3,371
94515.0,-31,-16,326
94517.5,49,22,159
94520.0,49,22,159
94522.5,-6,-37,335
94525.0,-48,-69,328
94527.5,5,9,319
94530.0,62,8,326
94532.5,32,-23,283
94535.0,74,34,344
94537.5,24,24,347
94540.0,4,-14,266
94542.5,2,-27,293
94545.0,-39,-51,284
94547.5,54,2,226
94550.0,-13,-36,343
94552.5,91,23,341
94555.0,191,29,275
94557.5,77,70,314
94560.0,34,8,232
94562.5,4,-51,220
94565.0,-28,-27,223
94567.5,21,-4,260
94570.0,21,-4,260
94572.5,16,21,327
94575.0,-58,-27,451
94577.5,-4,-28,262
94580.0,47,-1,304
94582.5,-83,-3,380
94585.0,66,-12,358
94587.5,-16,22,374
94590.0,-2,-8,191
94592.5,-28,-75,319
94595.0,11,23,352
94597.5,48,21,312
94600.0,87,70,267
94602.5,-20,16,369
94605.0,-82,-58,339
94607.5,-34,-62,337
94610.0,20,-10,381
94612.5,8,-24,287
94615.0,-26,-53,266
94617.5,45,-7,225
94620.0,45,-7,225
94622.5,78,14,259
94625.0,-55,-49,279
94627.5,-13,-35,307
94630.0,20,0,263
94632.5,55,-25,330
94635.0,39,-8,349
94637.5,5,-23,311
94640.0,21,9,305
94642.5,-22,-33,254
94645.0,-23,-63,348
94647.5,44,10,323
94650.0,-3,-10,266
94652.5,1,26,304
94655.0,26,62,283
94657.5,-7,26,308
94660.0,30,6,316
94662.5,16,-22,305
94665.0,-2,-20,343
94667.5,-38,-89,286
94670.0,-38,-89,286
94672.5,23,-4,305
94675.0,-28,-52,338
94677.5,22,10,284
94680.0,-9,-43,275
94682.5,-37,-70,350
94685.0,34,29,249
94687.5,-42,-14,269
94690.0,-2,-2,320
94692.5,39,-13,320
94695.0,-3,-19,358
94697.5,-21,15,342
94700.0,0,-5,330
94702.5,12,-43,363
94705.0,6,10,270
94707.5,47,15,296
94710.0,30,-84,175
94712.5,26,-41,201
94715.0,69,25,72
94717.5,6,-85,295
94720.0,6,-85,295
94722.5,104,45,318
94725.0,-6,52,421
94727.5,18,6,453
94730.0,77,32,270
94732.5,-23,-3,249
94735.0,15,22,140
94737.5,38,-10,276
94740.0,6,-6,343
94742.5,12,-20,237
94745.0,5,1,271
94747.5,-5,18,303
94750.0,1,-21,323
94752.5,90,-7,364
94755.0,57,15,223
94757.5,149,42,93
94760.0,-56,-10,231
94762.5,-92,-14,356
94765.0,64,-83,304
94767.5,6,8,378
94770.0,6,8,378
94772.5,11,-17,236
94775.0,-63,-17,266
94777.5,17,-14,295
94780.0,37,9,405
94782.5,-5,-34,278
94785.0,4,-31,230
94787.5,10,7,272
94790.0,91,-18,168
94792.5,60,0,237
94795.0,-9,-9,424
94797.5,-28,-33,325
94800.0,70,9,243
94802.5,-14,34,425
94805.0,29,35,317
94807.5,49,11,324
94810.0,-32,6,312
94812.5,12,-27,305
94815.0,1,-39,246
94817.5,1,-39,246
94820.0,-75,-90,307
94822.5,-7,-37,345
94825.0,-26,-35,285
94827.5,-13,-97,251
94830.0,21,50,289
94832.5,-66,-21,303
94835.0,30,-1,321
94837.5,31,32,326
94840.0,-7,-68,273
94842.5,65,15,334
94845.0,-16,-41,294
94847.5,-30,-6,375
94850.0,57,-14,351
94852.5,-42,-59,268
94855.0,92,-1,248
94857.5,19,-4,343
94860.0,-33,-23,267
94862.5,-3,-28,312
94865.0,-42,-29,305
94867.5,-42,-29,305
94870.0,-3,3,317
94872.5,9,-6,350
94875.0,-22,-15,312
94877.5,-10,-44,276
94880.0,-67,-24,339
94882.5,26,35,196
94885.0,-158,-107,294
94887.5,-58,-41,346
94890.0,48,21,306
94892.5,24,36,320
94895.0,56,-1,243
94897.5,40,12,297
94900.0,-60,-53,392
94902.5,74,-42,300
94905.0,-5,-40,284
94907.5,-13,-28,283
94910.0,91,-5,301
94912.5,1,-32,305
94915.0,-54,-21,294
94917.5,-54,-21,294
94920.0,39,35,356
94922.5,-115,-73,395
94925.0,-32,-5,327
94927.5,-13,-62,283
94930.0,-164,-124,373
94932.5,-38,-116,259
94935.0,-29,-50,368
94937.5,-52,5,218
94940.0,3,15,262
94942.5,61,1,338
94945.0,25,3,321
94947.5,26,-12,240
94950.0,-31,-39,228
94952.5,22,50,349
94955.0,18,-7,308
94957.5,2,23,295
94960.0,81,34,252
94962.5,-22,-15,334
94965.0,7,-61,316
94967.5,7,-61,316
94970.0,18,-46,337
94972.5,42,-21,390
94975.0,37,-49,313
94977.5,113,-21,292
94980.0,-20,-16,244
94982.5,66,26,341
94985.0,-10,-20,364
94987.5,-49,-43,317
94990.0,-8,-18,264
94992.5,32,5,293
94995.0,-48,17,316
94997.5,3,-35,338
95000.0,-31,-88,383
95002.5,6,-11,361
95005.0,19,0,244
95007.5,-59,-45,395
95010.0,12,-41,268
95012.5,-52,-19,289
95015.0,44,26,277
95017.5,44,26,277
95020.0,73,29,268
95022.5,-24,-3,278
95025.0,-33,-20,414
95027.5,-23,-57,351
95030.0,20,33,339
95032.5,19,-18,315
95035.0,56,16,244
95037.5,-18,-32,337
95040.0,52,-19,281
95042.5,12,24,289
95045.0,-22,-37,325
95047.5,45,9,277
95050.0,9,-10,311
95052.5,-28,-14,332
95055.0,-27,-61,340
95057.5,28,-13,328
95060.0,7,-35,342
95062.5,41,-21,306
95065.0,-16,-37,348
95067.5,-16,-37,348
95070.0,44,7,267
95072.5,70,-13,282
95075.0,-15,-36,324
95077.5,50,29,272
95080.0,-102,-98,290
95082.5,0,7,321
95085.0,-41,-49,401
95087.5,81,35,269
95090.0,123,15,247
95092.5,31,-13,315
95095.0,-55,-83,364
95097.5,-32,-10,379
95100.0,80,8,289
95102.5,23,-1,294
95105.0,-15,21,165
95107.5,-2,-42,217
95110.0,61,-66,344
95112.5,45,34,358
95115.0,-36,-50,252
95117.5,-36,-50,252
95120.0,-39,-63,286
95122.5,46,4,264
95125.0,-19,-3,365
95127.5,3,35,259
95130.0,-37,-13,331
95132.5,25,35,274
95135.0,-40,-33,511
95137.5,13,-27,472
95140.0,-71,-104,388
95142.5,20,-26,353
95145.0,13,27,299
95147.5,37,5,134
95150.0,8,56,302
95152.5,-102,-64,404
95155.0,-6,16,345
95157.5,-15,10,265
95160.0,-23,-18,263
95162.5,0,-40,305
95165.0,-40,17,432
95167.5,-40,17,432
95170.0,-18,-93,299
95172.5,-9,14,311
95175.0,-66,-77,315
95177.5,24,22,264
95180.0,-23,-44,353
95182.5,-49,-6,272
95185.0,10,35,243
95187.5,-45,33,226
95190.0,18,82,241
95192.5,-3,-63,286
95195.0,-60,-43,376
95197.5,47,18,359
95200.0,-31,-77,335
95202.5,21,-19,250
95205.0,48,-15,270
95207.5,-37,-22,350
95210.0,115,46,299
95212.5,62,-7,290
95215.0,-36,14,266
95217.5,-36,14,266
95220.0,5,-10,330
95222.5,33,-11,369
95225.0,-7,-24,286
95227.5,114,34,343
95230.0,54,-29,355
95232.5,63,3,267
95235.0,21,-12,374
95237.5,-22,-28,386
95240.0,51,20,311
95242.5,-14,-27,354
95245.0,-14,8,249
95247.5,14,-4,284
95250.0,18,-7,322
95252.5,33,53,309
95255.0,-3,47,293
95257.5,152,49,212
95260.0,79,34,322
95262.5,-29,-55,454
95265.0,-29,-55,454
95267.5,75,6,274
95270.0,66,39,180
95272.5,-3,-16,246
95275.0,3,12,241
95277.5,7,-22,401
95280.0,-7,-9,325
95282.5,13,-28,307
95285.0,5,-2,366
95287.5,24,-28,285
95290.0,3,-55,282
95292.5,-8,-6,270
95295.0,7,7,246
95297.5,-40,6,294
95300.0,-73,-40,330
95302.5,111,45,261
95305.0,77,1,372
95307.5,86,36,259
95310.0,-35,0,342
95312.5,-29,-7,369
95315.0,-29,-7,369
95317.5,-11,-47,265
95320.0,20,14,300
95322.5,15,37,359
95325.0,23,1,346
95327.5,92,-28,211
95330.0,-8,-10,293
95332.5,-37,-25,354
95335.0,55,-57,369
95337.5,23,-20,310
95340.0,28,-23,238
95342.5,-51,5,206
95345.0,14,-30,308
95347.5,33,-25,216
95350.0,-24,-39,301
95352.5,-10,-17,306
95355.0,-14,-7,308
95357.5,120,113,293
95360.0,117,5,268
95362.5,29,-31,270
95365.0,29,-31,270
95367.5,55,5,219
95370.0,112,75,220
95372.5,-53,-19,314
95375.0,-21,-8,292
95377.5,-7,0,388
95380.0,51,-28,327
95382.5,-6,-9,265
95385.0,104,11,280
95387.5,4,23,282
95390.0,21,81,250
95392.5,-7,33,320
95395.0,1,-21,379
95397.5,59,49,178
95400.0,-19,-8,346
95402.5,17,-25,249
95405.0,4,7,306
95407.5,5,-10,260
95410.0,3,-14,289
95412.5,30,-4,327
95415.0,30,-4,327
95417.5,19,7,379
95420.0,-18,-12,299
95422.5,56,-17,363
95425.0,27,27,322
95427.5,-5,-6,286
95430.0,-37,-63,322
95432.5,86,26,252
95435.0,6,16,288
95437.5,-4,6,288
95440.0,2,-8,294
95442.5,62,65,296
95445.0,-11,-58,365
95447.5,22,23,292
95450.0,-30,-34,355
95452.5,-7,-3,333
95455.0,46,-19,309
95457.5,-57,-51,352
95460.0,-17,-26,316
95462.5,64,39,230
95465.0,64,39,230
95467.5,-57,-54,242
95470.0,-15,33,364
95472.5,-95,-18,429
95475.0,4,-31,394
95477.5,121,-3,340
95480.0,-12,15,110
95482.5,-15,-45,208
95485.0,20,-15,317
95487.5,9,-5,446
95490.0,32,9,233
95492.5,-40,-36,244
95495.0,22,25,312
95497.5,-22,-61,393
95500.0,-8,-14,389
95502.5,72,8,310
95505.0,-41,-31,241
95507.5,178,49,108
95510.0,95,55,254
95512.5,123,13,274
95515.0,123,13,274
95517.5,-20,-52,389
95520.0,25,20,309
95522.5,34,3,129
95525.0,43,-43,277
95527.5,39,15,342
95530.0,-15,-4,456
95532.5,37,53,242
95535.0,-60,-26,269
95537.5,49,29,263
95540.0,-26,-24,298
95542.5,86,58,384
95545.0,48,62,286
95547.5,-61,21,308
95550.0,-33,-17,511
95552.5,12,4,286
95555.0,97,-25,300
95557.5,3,-27,313
95560.0,60,-9,200
95562.5,17,-41,341
95565.0,17,-41,341
95567.5,-81,-40,347
95570.0,20,6,317
95572.5,-21,-12,285
95575.0,-51,-59,235
95577.5,56,63,309
95580.0,27,-29,339
95582.5,16,26,326
95585.0,-35,53,320
95587.5,27,23,280
95590.0,17,-28,279
95592.5,-59,-30,273
95595.0,41,-35,264
95597.5,-3,-46,281
95600.0,36,-53,235
95602.5,61,11,359
95605.0,12,50,332
95607.5,18,12,354
95610.0,31,-2,270
95612.5,-89,-76,456
95615.0,-89,-76,456
95617.5,51,4,204
95620.0,36,-29,319
95622.5,-44,-21,318
95625.0,27,53,258
95627.5,-16,-43,322
95630.0,-4,-48,331
95632.5,33,4,262
95635.0,1,-29,322
95637.5,140,49,298
95640.0,102,-50,324
95642.5,58,17,247
95645.0,39,-17,351
95647.5,58,-47,384
95650.0,-63,-24,443
95652.5,18,-49,195
95655.0,57,-11,246
95657.5,-47,-40,204
95660.0,-34,-61,362
95662.5,-34,-61,362
95665.0,9,-14,324
95667.5,53,-32,247
95670.0,-10,-50,327
95672.5,47,-5,357
95675.0,0,7,270
95677.5,-51,-36,393
95680.0,48,48,212
95682.5,33,-10,302
95685.0,-32,-41,293
95687.5,64,47,281
95690.0,-1,-42,245
95692.5,51,28,253
95695.0,137,-1,274
95697.5,34,-112,451
95700.0,-64,-33,257
95702.5,89,-25,312
95705.0,-32,-39,262
95707.5,94,44,169
95710.0,88,16,215
95712.5,88,16,215
95715.0,-23,-9,434
95717.5,16,18,299
95720.0,-15,-35,264
95722.5,-20,-54,345
95725.0,51,19,307
95727.5,-66,-38,305
95730.0,-10,-23,343
95732.5,68,27,202
95735.0,-25,23,479
95737.5,23,27,379
95740.0,-3,10,277
95742.5,19,26,244
95745.0,36,-7,325
95747.5,-51,-62,280
95750.0,13,55,293
95752.5,-27,-52,312
95755.0,18,-31,326
95757.5,5,-39,333
95760.0,14,28,345
95762.5,14,28,345
95765.0,2,-33,346
95767.5,47,54,266
95770.0,-33,-28,297
95772.5,6,-43,310
95775.0,36,-48,251
95777.5,-16,-68,295
95780.0,45,-10,277
95782.5,5,-46,329
95785.0,51,18,317
95787.5,0,4,375
95790.0,13,-1,330
95792.5,-66,-29,356
95795.0,49,30,280
95797.5,34,-29,272
95800.0,9,-3,332
95802.5,90,39,246
95805.0,34,14,315
95807.5,48,31,327
95810.0,7,21,314
95812.5,7,21,314
95815.0,8,-43,349
95817.5,-2,25,306
95820.0,27,40,320
95822.5,-85,-61,331
95825.0,48,41,291
95827.5,88,32,255
95830.0,-50,-42,342
95832.5,5,-28,254
95835.0,125,78,214
95837.5,21,3,384
95840.0,-32,-36,315
95842.5,28,29,301
95845.0,39,54,364
95847.5,-29,11,393
95850.0,23,2,311
95852.5,-3,-6,423
95855.0,77,38,128
95857.5,29,17,245
95860.0,68,-16,240
95862.5,68,-16,240
95865.0,-1,-34,511
95867.5,-11,-8,269
95870.0,34,0,225
95872.5,73,-35,292
95875.0,-21,-3,377
95877.5,38,1,302
95880.0,-25,-10,286
95882.5,33,6,192
95885.0,-40,27,63
95887.5,-143,-46,186
95890.0,88,22,237
95892.5,19,-10,331
95895.0,-33,13,382
95897.5,-10,0,354
95900.0,31,-19,301
95902.5,37,-9,265
95905.0,31,-7,362
95907.5,1,11,394
95910.0,52,27,289
95912.5,52,27,289
95915.0,-3,-19,302
95917.5,89,33,491
95920.0,53,-60,301
95922.5,62,-9,352
95925.0,78,20,251
95927.5,100,29,305
95930.0,64,50,192
95932.5,65,46,332
95935.0,23,59,392
95937.5,30,-11,343
95940.0,-15,-55,190
95942.5,41,-1,292
95945.0,-44,23,500
95947.5,23,48,298
95950.0,18,-10,291
95952.5,-37,-19,334
95955.0,-9,-17,345
95957.5,-13,-16,305
95960.0,3,-30,267
95962.5,3,-30,267
95965.0,136,44,405
95967.5,-11,-13,235
95970.0,33,-19,277
95972.5,7,-25,310
95975.0,18,-18,313
95977.5,-15,-11,311
95980.0,-4,-47,331
95982.5,31,1,264
95985.0,-22,-2,293
95987.5,53,21,272
95990.0,1,-13,338
95992.5,7,-2,340
95995.0,17,-23,284
95997.5,11,-54,331
96000.0,-14,-2,305
96002.5,76,0,285
96005.0,-13,-42,264
96007.5,-41,-42,363
96010.0,-41,-42,363
96012.5,58,135,285
96015.0,62,-118,448
96017.5,-22,34,342
96020.0,-12,-1,415
96022.5,-38,-21,188
96025.0,28,43,232
96027.5,-65,-15,341
96030.0,19,2,291
96032.5,16,-29,306
96035.0,-18,12,317
96037.5,61,-9,313
96040.0,-4,-19,367
96042.5,-57,-49,288
96045.0,104,50,284
96047.5,-52,-50,379
96050.0,57,-10,314
96052.5,17,-60,309
96055.0,-15,94,321
96057.5,91,30,269
96060.0,91,30,269
96062.5,100,-27,372
96065.0,66,19,283
96067.5,-31,-13,228
96070.0,-9,-36,348
96072.5,56,49,302
96075.0,54,-10,330
96077.5,-89,-25,317
96080.0,51,30,326
96082.5,75,58,271
96085.0,0,-24,377
96087.5,85,22,220
96090.0,82,3,251
96092.5,-17,-17,232
96095.0,180,37,241
96097.5,-50,-86,446
96100.0,-22,-57,333
96102.5,-83,37,249
96105.0,0,14,282
96107.5,-20,-35,280
96110.0,-20,-35,280
96112.5,-13,-35,273
96115.0,-13,-26,316
96117.5,29,24,294
96120.0,16,-2,217
96122.5,83,39,358
96125.0,4,17,275
96127.5,-2,-17,328
96130.0,-20,-39,309
96132.5,132,-13,273
96135.0,-75,-15,254
96137.5,28,47,277
96140.0,-41,-11,362
96142.5,-6,-33,333
96145.0,45,-21,329
96147.5,-29,12,284
96150.0,16,-41,309
96152.5,25,-57,315
96155.0,16,19,324
96157.5,56,16,318
96160.0,56,16,318
96162.5,59,66,247
96165.0,12,11,320
96167.5,52,2,257
96170.0,-12,-13,319
96172.5,-27,-13,301
96175.0,5,-3,294
96177.5,-9,-25,337
96180.0,-12,-58,371
96182.5,24,-3,331
96185.0,-24,-61,326
96187.5,83,47,322
96190.0,157,-26,326
96192.5,-86,-51,332
96195.0,-5,7,240
96197.5,77,-21,272
96200.0,30,13,293
96202.5,100,8,254
96205.0,-33,-26,303
96207.5,-22,20,327
96210.0,-22,20,327
96212.5,110,5,343
96215.0,136,64,264
96217.5,134,38,-96
96220.0,111,62,172
96222.5,-16,18,374
96225.0,34,-11,312
96227.5,59,-11,336
96230.0,26,10,280
96232.5,-32,-11,222
96235.0,-31,6,286
96237.5,-36,-54,420
96240.0,-15,5,323
96242.5,-12,-23,335
96245.0,20,28,248
96247.5,-36,-49,314
96250.0,-7,-34,355
96252.5,14,3,311
96255.0,-8,-13,287
96257.5,-19,-15,353
96260.0,-19,-15,353
96262.5,-146,55,511
96265.0,-28,31,511
96267.5,2,-48,462
96270.0,-12,-36,363
96272.5,-58,-41,329
96275.0,31,9,101
96277.5,11,0,253
96280.0,-53,-22,351
96282.5,39,-8,337
96285.0,21,-11,328
96287.5,-25,-20,266
96290.0,-13,21,284
96292.5,8,-23,374
96295.0,-1,-23,286
96297.5,-38,-29,416
96300.0,-119,-22,324
96302.5,67,-16,384
96305.0,26,-8,268
96307.5,53,6,255
96310.0,53,6,255
96312.5,53,54,239
96315.0,-46,-35,331
96317.5,15,16,303
96320.0,25,25,310
96322.5,-56,-39,393
96325.0,48,-5,262
96327.5,20,61,353
96330.0,-77,-93,304
96332.5,25,4,288
96335.0,-55,-38,318
96337.5,79,50,292
96340.0,36,9,352
96342.5,-55,47,282
96345.0,66,15,305
96347.5,23,-11,320
96350.0,1,34,254
96352.5,69,-25,255
96355.0,70,-24,316
96357.5,-21,-43,255
96360.0,-21,-43,255
96362.5,-18,-42,351
96365.0,-63,-60,314
96367.5,40,16,278
96370.0,-26,-39,343
96372.5,27,-9,277
96375.0,30,17,333
96377.5,-54,-9,303
96380.0,31,23,309
96382.5,38,18,356
96385.0,24,-53,317
96387.5,-42,-33,194
96390.0,33,-7,267
96392.5,-140,-34,448
96395.0,-69,-15,421
96397.5,-24,-27,228
96400.0,47,36,223
96402.5,-69,-6,255
96405.0,-40,-38,373
96407.5,-40,-38,373
96410.0,107,33,264
96412.5,-55,-45,337
96415.0,27,-13,215
96417.5,68,-1,317
96420.0,-25,-4,259
96422.5,47,-11,253
96425.0,76,2,262
96427.5,6,-22,263
96430.0,-18,-32,266
96432.5,-131,-39,294
96435.0,-42,-47,351
96437.5,21,-47,356
96440.0,-4,-39,254
96442.5,-11,-16,187
96445.0,18,9,301
96447.5,-47,-76,426
96450.0,46,-25,302
96452.5,27,15,292
96455.0,-71,53,446
96457.5,-71,53,446
96460.0,81,62,353
96462.5,62,34,417
96465.0,-7,48,225
96467.5,-23,-14,299
96470.0,-37,12,291
96472.5,43,5,294
96475.0,-13,28,269
96477.5,-6,-2,336
96480.0,22,-5,285
96482.5,11,35,300
96485.0,49,-33,277
96487.5,105,0,299
96490.0,-39,-40,373
96492.5,69,10,339
96495.0,-9,-47,250
96497.5,-4,-63,351
96500.0,45,24,265
96502.5,-15,-31,315
96505.0,20,26,338
96507.5,20,26,338
96510.0,25,-2,348
96512.5,41,-1,349
96515.0,32,6,318
96517.5,8,-23,319
96520.0,22,-2,343
96522.5,28,5,249
96525.0,25,-14,274
96527.5,27,19,293
96530.0,31,10,263
96532.5,25,39,330
96535.0,9,-2,301
96537.5,37,-22,291
96540.0,34,-11,311
96542.5,-28,-83,390
96545.0,28,10,286
96547.5,5,14,353
96550.0,-39,-67,269
96552.5,40,-7,267
96555.0,-15,-16,304
96557.5,-15,-16,304
96560.0,41,33,274
96562.5,34,24,313
96565.0,25,31,330
96567.5,36,-12,313
96570.0,47,1,296
96572.5,-39,-34,351
96575.0,-40,3,308
96577.5,65,33,342
96580.0,-48,-70,272
96582.5,131,8,254
96585.0,6,-9,325
96587.5,10,-23,246
96590.0,94,8,205
96592.5,93,77,266
96595.0,71,-40,59
96597.5,-81,-56,268
96600.0,16,-14,344
96602.5,-21,-28,471
96605.0,36,29,475
96607.5,36,29,475
96610.0,13,-37,215
96612.5,21,-45,211
96615.0,1,1,196
96617.5,34,-14,370
96620.0,2,20,308
96622.5,-55,-27,306
96625.0,21,18,262
96627.5,71,22,353
96630.0,-50,-49,287
96632.5,24,-2,347
96635.0,8,8,201
96637.5,119,-41,185
96640.0,-14,-44,383
96642.5,-33,-21,444
96645.0,2,-15,405
96647.5,22,10,359
96650.0,-30,-62,177
96652.5,130,8,215
96655.0,-38,-36,347
96657.5,-38,-36,347
96660.0,40,25,334
96662.5,97,1,260
96665.0,-81,14,257
96667.5,64,64,307
96670.0,-14,-56,258
96672.5,23,-70,293
96675.0,60,0,277
96677.5,27,-7,270
96680.0,54,23,325
96682.5,-11,-15,347
96685.0,-43,-53,363
96687.5,-61,-41,339
96690.0,-3,-76,300
96692.5,-96,-2,349
96695.0,-30,-45,301
96697.5,-78,-95,300
96700.0,-12,-30,312
96702.5,23,15,331
96705.0,23,15,331
96707.5,-32,-17,316
96710.0,20,25,303
96712.5,-53,-22,412
96715.0,34,6,336
96717.5,9,27,265
96720.0,-44,-20,275
96722.5,49,27,318
96725.0,-17,-37,344
96727.5,0,32,350
96730.0,-21,-14,283
96732.5,-43,-35,306
96735.0,-11,35,212
96737.5,-46,4,322
96740.0,28,25,311
96742.5,-12,-49,299
96745.0,-25,-60,353
96747.5,-11,-12,315
96750.0,82,30,258
96752.5,-1,-26,314
96755.0,-1,-26,314
96757.5,73,55,242
96760.0,23,-14,395
96762.5,-67,-58,251
96765.0,21,5,356
96767.5,64,26,409
96770.0,-23,-51,317
96772.5,42,-27,199
96775.0,3,-19,321
96777.5,25,11,245
96780.0,0,-15,364
96782.5,1,-35,354
96785.0,63,-2,295
96787.5,37,3,356
96790.0,38,30,335
96792.5,67,14,327
96795.0,11,-5,336
96797.5,47,4,275
96800.0,35,1,348
96802.5,-47,34,368
96805.0,-47,34,368
96807.5,117,-13,267
96810.0,-93,-160,288
96812.5,111,134,310
96815.0,-15,-64,239
96817.5,49,7,401
96820.0,-21,-78,278
96822.5,15,22,228
96825.0,43,40,309
96827.5,-3,-28,447
96830.0,26,-26,184
96832.5,35,-49,324
96835.0,58,-59,336
96837.5,-28,-11,333
96840.0,-36,-77,356
96842.5,3,-42,243
96845.0,-31,5,338
96847.5,2,-15,314
96850.0,-42,-4,259
96852.5,-18,42,287
96855.0,-18,42,287
96857.5,13,-15,341
96860.0,-18,-24,329
96862.5,13,-38,255
96865.0,74,82,359
96867.5,-14,-49,339
96870.0,19,9,250
96872.5,-18,-32,291
96875.0,9,22,329
96877.5,-20,-27,252
96880.0,-27,-42,320
96882.5,-32,35,312
96885.0,-35,-93,299
96887.5,91,68,292
96890.0,-16,-47,288
96892.5,16,39,275
96895.0,-76,-8,332
96897.5,13,22,331
96900.0,-18,-24,235
96902.5,-37,-45,345
96905.0,-37,-45,345
96907.5,94,49,237
96910.0,-21,-56,290
96912.5,12,-1,304
96915.0,31,-9,273
96917.5,-10,-35,300
96920.0,-29,-34,369
96922.5,30,9,334
96925.0,48,51,329
96927.5,2,17,311
96930.0,-14,-38,254
96932.5,-14,-61,363
96935.0,56,18,245
96937.5,29,68,278
96940.0,12,-29,316
96942.5,24,9,292
96945.0,-24,-47,318
96947.5,13,9,330
96950.0,-7,-26,292
96952.5,39,-15,356
96955.0,39,-15,356
96957.5,-57,-63,318
96960.0,53,40,264
96962.5,15,17,315
96965.0,-6,13,105
96967.5,-13,-45,185
96970.0,18,-25,270
96972.5,-19,-55,338
96975.0,7,3,435
96977.5,-31,-21,414
96980.0,31,-8,316
96982.5,-1,-4,223
96985.0,-3,-2,141
96987.5,85,4,363
96990.0,7,-18,384
96992.5,-5,-29,225
96995.0,-20,-7,259
96997.5,51,-40,346
97000.0,-10,-1,326
97002.5,56,-23,355
97005.0,56,-23,355
97007.5,-53,-65,303
97010.0,123,30,245
97012.5,-45,-43,350
97015.0,16,-18,305
97017.5,33,3,373
97020.0,-16,-24,397
97022.5,-37,-9,322
97025.0,-48,-44,260
97027.5,-45,3,186
97030.0,85,26,393
97032.5,-61,-10,422
97035.0,-15,0,244
97037.5,0,11,290
97040.0,-50,-3,288
97042.5,36,73,338
97045.0,-52,-3,418
97047.5,69,-39,339
97050.0,158,42,347
97052.5,158,42,347
97055.0,80,-21,126
97057.5,79,-15,239
97060.0,-24,-44,280
97062.5,38,16,312
97065.0,16,-38,379
97067.5,9,-31,386
97070.0,-34,22,342
97072.5,-34,-39,436
97075.0,-114,-45,306
97077.5,81,57,128
97080.0,54,44,315
97082.5,-3,0,338
97085.0,25,34,154
97087.5,50,24,248
97090.0,-59,-70,387
97092.5,85,53,252
97095.0,-8,7,304
97097.5,-18,-21,275
97100.0,-73,-87,484
97102.5,-73,-87,484
97105.0,-82,-70,270
97107.5,14,15,285
97110.0,20,8,318
97112.5,-93,-111,322
97115.0,-26,-71,280
97117.5,24,10,305
97120.0,47,-2,268
97122.5,40,41,317
97125.0,4,-60,354
97127.5,55,20,278
97130.0,-11,0,346
97132.5,-1,-14,241
97135.0,145,43,258
97137.5,31,-61,307
97140.0,2,40,254
97142.5,-10,-23,511
97145.0,108,39,294
97147.5,13,-21,251
97150.0,36,14,366
97152.5,36,14,366
97155.0,10,42,87
97157.5,11,8,266
97160.0,-29,-17,339
97162.5,38,13,308
97165.0,58,73,304
97167.5,-19,-17,293
97170.0,52,-7,338
97172.5,-48,-42,359
97175.0,23,-15,284
97177.5,75,27,249
97180.0,-42,-24,327
97182.5,70,-3,295
97185.0,67,-23,284
97187.5,-4,38,196
97190.0,-80,-72,219
97192.5,85,46,323
97195.0,-8,23,343
97197.5,31,4,254
97200.0,33,18,225
97202.5,33,18,225
97205.0,36,-25,240
97207.5,57,-1,322
97210.0,30,-3,327
97212.5,13,-23,197
97215.0,-2,-9,259
97217.5,26,27,365
97220.0,-70,-28,350
97222.5,-8,-33,356
97225.0,56,28,263
97227.5,106,24,220
97230.0,-119,-200,407
97232.5,10,-4,332
97235.0,3,-18,311
97237.5,203,125,267
97240.0,-1,-45,266
97242.5,8,4,300
97245.0,-19,-9,327
97247.5,-1,-3,360
97250.0,-62,-37,366
97252.5,-62,-37,366
97255.0,62,42,287
97257.5,31,7,247
97260.0,-89,-47,408
97262.5,-7,-4,353
97265.0,9,-23,234
97267.5,38,27,305
97270.0,29,-25,293
97272.5,-2,-9,318
97275.0,-1,-39,320
97277.5,41,3,312
97280.0,29,34,299
97282.5,-9,-2,313
97285.0,28,-11,258
97287.5,12,13,332
97290.0,0,-17,310
97292.5,-43,-46,257
97295.0,-64,-36,329
97297.5,-17,-13,232
97300.0,-21,-15,331
97302.5,-21,-15,331
97305.0,-26,-40,317
97307.5,15,-8,313
97310.0,-4,13,295
97312.5,5,-38,344
97315.0,-2,-22,300
97317.5,44,2,341
97320.0,15,-5,285
97322.5,30,-40,256
97325.0,-15,15,306
97327.5,63,4,249
97330.0,0,-26,288
97332.5,71,12,304
97335.0,41,11,290
97337.5,33,21,330
97340.0,-146,-61,442
97342.5,-29,-40,139
97345.0,-36,-75,60
97347.5,-56,-43,406
97350.0,-20,-25,379
97352.5,-20,-25,379
97355.0,17,2,511
97357.5,-29,-55,300
97360.0,54,16,394
97362.5,-9,-11,172
97365.0,-2,-18,274
97367.5,35,27,350
97370.0,10,-15,470
97372.5,48,23,219
97375.0,-25,-23,318
97377.5,-2,-9,273
97380.0,32,-30,282
97382.5,25,3,274
97385.0,47,20,251
97387.5,3,68,285
97390.0,47,47,364
97392.5,-23,-47,487
97395.0,37,2,372
97397.5,1,-26,279
97400.0,-8,41,186
97402.5,-8,41,186
97405.0,-21,-9,192
97407.5,12,-5,344
97410.0,-42,-49,431
97412.5,-99,-45,392
97415.0,66,-27,194
97417.5,-8,7,197
97420.0,24,15,297
97422.5,157,63,248
97425.0,-37,-39,344
97427.5,-13,-4,198
97430.0,9,-49,335
97432.5,-121,-39,358
97435.0,164,66,251
97437.5,19,-51,361
97440.0,-17,-41,205
97442.5,14,18,348
97445.0,-39,-45,285
97447.5,-10,-1,321
97450.0,87,83,286
97452.5,87,83,286
97455.0,25,-44,318
97457.5,30,-36,327
97460.0,41,-2,311
97462.5,43,24,178
97465.0,20,14,203
97467.5,-45,1,397
97470.0,6,27,263
97472.5,-21,-52,382
97475.0,22,-16,292
97477.5,-39,31,423
97480.0,15,44,338
97482.5,-18,8,254
97485.0,28,-16,372
97487.5,-11,-20,335
97490.0,49,3,294
97492.5,-23,-13,330
97495.0,-38,-53,327
97497.5,81,23,227
97500.0,81,23,227
97502.5,-30,-45,340
97505.0,12,13,226
97507.5,3,-80,384
97510.0,-60,-115,253
97512.5,117,-44,223
97515.0,107,-7,397
97517.5,-45,-57,372
97520.0,-36,-36,299
97522.5,-42,-20,303
97525.0,77,10,206
97527.5,35,39,286
97530.0,4,-35,347
97532.5,41,9,301
97535.0,29,-13,315
97537.5,-5,-24,296
97540.0,14,-44,312
97542.5,13,5,358
97545.0,2,-10,231
97547.5,43,27,263
97550.0,43,27,263
97552.5,-28,2,269
97555.0,6,-2,320
97557.5,12,-46,323
97560.0,-49,-64,313
97562.5,-38,12,330
97565.0,-63,22,455
97567.5,-35,-26,353
97570.0,53,-10,184
97572.5,24,9,201
97575.0,-13,-31,301
97577.5,-12,-12,342
97580.0,-69,-15,305
97582.5,29,59,350
97585.0,29,-44,418
97587.5,47,-3,393
97590.0,9,-39,304
97592.5,53,-8,392
97595.0,43,12,280
97597.5,-21,17,253
97600.0,-21,17,253
97602.5,5,-113,296
97605.0,8,15,320
97607.5,46,-21,286
97610.0,-40,16,356
97612.5,-10,-18,316
97615.0,19,-11,307
97617.5,13,13,323
97620.0,-35,-13,231
97622.5,-29,-56,402
97625.0,-18,-27,264
97627.5,78,-1,293
97630.0,27,-88,359
97632.5,21,38,245
97635.0,9,27,257
97637.5,-21,-23,333
97640.0,-24,-17,321
97642.5,57,-35,349
97645.0,4,-37,364
97647.5,38,2,283
97650.0,38,2,283
97652.5,-25,-11,380
97655.0,37,-18,280
97657.5,-20,-42,248
97660.0,-61,-32,305
97662.5,42,34,270
97665.0,16,-14,306
97667.5,22,14,298
97670.0,66,33,308
97672.5,-9,-6,335
97675.0,-3,-30,327
97677.5,18,-21,307
97680.0,56,5,325
97682.5,44,2,320
97685.0,21,-17,242
97687.5,36,13,314
97690.0,4,-8,254
97692.5,16,-7,284
97695.0,-17,-45,326
97697.5,28,9,312
97700.0,28,9,312
97702.5,-30,-39,345
97705.0,11,-4,341
97707.5,21,-29,328
97710.0,-14,-15,360
97712.5,-20,-56,300
97715.0,156,-18,296
97717.5,71,19,328
97720.0,33,0,163
97722.5,-90,40,224
97725.0,-85,-98,360
97727.5,-23,-5,382
97730.0,63,26,349
97732.5,104,24,364
97735.0,28,-3,183
97737.5,-84,-24,231
97740.0,29,-78,253
97742.5,16,-18,364
97745.0,16,12,275
97747.5,-33,-8,225
97750.0,-33,-8,225
97752.5,29,-15,298
97755.0,-119,-31,333
97757.5,27,3,319
97760.0,10,-7,308
97762.5,6,-72,259
97765.0,163,26,47
97767.5,-102,16,253
97770.0,-7,13,377
97772.5,-30,-81,318
97775.0,-63,-81,346
97777.5,60,9,129
97780.0,-66,-16,288
97782.5,-42,-47,322
97785.0,76,3,363
97787.5,-11,-2,286
97790.0,-27,-24,285
97792.5,10,29,300
97795.0,-68,24,423
97797.5,-106,-56,410
97800.0,-106,-56,410
97802.5,-2,-24,415
97805.0,-154,-103,310
97807.5,37,-40,196
97810.0,-103,2,166
97812.5,150,-5,283
97815.0,13,12,367
97817.5,22,37,328
97820.0,32,-28,402
97822.5,-4,-31,295
97825.0,53,14,357
97827.5,65,14,298
97830.0,-7,25,254
97832.5,-18,-31,290
97835.0,-11,4,310
97837.5,-15,0,305
97840.0,55,2,278
97842.5,36,-40,389
97845.0,28,33,267
97847.5,51,-21,307
97850.0,51,-21,307
97852.5,-15,-9,312
97855.0,-18,-17,231
97857.5,48,23,350
97860.0,-80,-44,325
97862.5,58,26,227
97865.0,-16,-19,380
97867.5,-11,-57,265
97870.0,36,44,308
97872.5,20,-30,325
97875.0,36,26,285
97877.5,51,-33,344
97880.0,26,5,345
97882.5,35,-66,287
97885.0,62,22,304
97887.5,-37,-81,211
97890.0,219,45,327
97892.5,197,145,397
97895.0,27,24,319
97897.5,27,24,319
97900.0,62,18,255
97902.5,35,30,276
97905.0,5,-31,263
97907.5,-34,-29,373
97910.0,55,62,283
97912.5,-43,-64,263
97915.0,-50,-41,269
97917.5,10,-3,292
97920.0,-24,-24,349
97922.5,13,-17,309
97925.0,8,-74,385
97927.5,-21,-12,318
97930.0,-93,-65,265
97932.5,-24,97,203
97935.0,77,59,511
97937.5,41,-43,333
97940.0,19,-21,295
97942.5,-17,-4,244
97945.0,78,12,294
97947.5,78,12,294
97950.0,-44,-36,421
97952.5,29,28,341
97955.0,41,-21,274
97957.5,14,-80,237
97960.0,71,21,250
97962.5,10,-84,277
97965.0,-104,-57,406
97967.5,-3,-3,295
97970.0,-11,25,285
97972.5,-9,26,388
97975.0,-35,-32,312
97977.5,-49,-57,356
97980.0,139,37,295
97982.5,-32,-52,277
97985.0,-46,-51,329
97987.5,26,12,312
97990.0,-21,10,320
97992.5,-23,29,264
97995.0,33,17,290
97997.5,33,17,290
98000.0,8,-5,319
98002.5,-45,6,323
98005.0,-5,-23,301
98007.5,21,11,323
98010.0,-28,-36,316
98012.5,6,-26,244
98015.0,-30,-35,357
98017.5,3,-28,259
98020.0,62,21,289
98022.5,-5,-26,284
98025.0,23,-9,232
98027.5,36,25,267
98030.0,-17,-31,351
98032.5,47,-34,350
98035.0,-15,-19,339
98037.5,-23,-21,335
98040.0,11,-10,247
98042.5,-19,-44,362
98045.0,43,3,246
98047.5,43,3,246
98050.0,-31,-29,220
98052.5,-33,-14,306
98055.0,-21,-40,281
98057.5,36,44,303
98060.0,-24,-2,337
98062.5,17,-10,290
98065.0,52,16,337
98067.5,-38,-32,314
98070.0,-31,-32,290
98072.5,86,7,333
98075.0,-12,-4,230
98077.5,-19,-39,262
98080.0,-25,8,290
98082.5,58,6,239
98085.0,52,36,288
98087.5,8,2,294
98090.0,52,-62,398
98092.5,67,-8,327
98095.0,34,-16,277
98097.5,34,-16,277
98100.0,75,-85,345
98102.5,-1,-62,314
98105.0,5,-27,385
98107.5,-21,-47,274
98110.0,42,0,271
98112.5,26,-4,115
98115.0,-41,-6,250
98117.5,-58,-43,385
98120.0,51,15,355
98122.5,-51,-13,356
98125.0,44,-1,237
98127.5,25,-12,275
98130.0,-21,-34,338
98132.5,20,11,306
98135.0,61,-9,307
98137.5,112,-31,197
98140.0,51,18,301
98142.5,-7,42,270
98145.0,96,27,274
98147.5,96,27,274
98150.0,38,21,239
98152.5,17,-21,222
98155.0,57,-10,161
98157.5,22,13,294
98160.0,-20,-7,377
98162.5,-3,17,322
98165.0,95,13,337
98167.5,-78,-47,427
98170.0,150,32,304
98172.5,41,50,287
98175.0,21,1,260
98177.5,-11,-13,268
98180.0,-22,-1,316
98182.5,76,-11,267
98185.0,85,55,411
98187.5,10,-4,278
98190.0,10,-27,241
98192.5,41,59,290
98195.0,28,-4,269
98197.5,28,-4,269
98200.0,0,16,491
98202.5,-72,-94,275
98205.0,11,-5,345
98207.5,-36,-43,284
98210.0,1,-47,281
98212.5,76,19,145
98215.0,0,-3,331
98217.5,35,13,271
98220.0,6,-41,300
98222.5,12,-47,333
98225.0,53,13,292
98227.5,11,-37,314
98230.0,64,8,175
98232.5,41,-27,321
98235.0,18,8,324
98237.5,47,15,296
98240.0,7,-45,356
98242.5,-32,1,300
98245.0,103,30,247
98247.5,103,30,247
98250.0,3,2,327
98252.5,-10,-54,252
98255.0,30,-9,327
98257.5,-61,-37,305
98260.0,-14,47,242
98262.5,-204,-101,277
98265.0,-176,-171,324
98267.5,25,106,320
98270.0,-25,-24,365
98272.5,-3,-23,261
98275.0,69,-1,216
98277.5,-4,-7,299
98280.0,0,-56,338
98282.5,39,8,365
98285.0,-12,-16,326
98287.5,41,5,263
98290.0,30,-14,352
98292.5,63,46,222
98295.0,-46,-29,290
98297.5,-46,-29,290
98300.0,-41,-9,270
98302.5,32,33,276
98305.0,2,-31,288
98307.5,-74,-44,257
98310.0,79,-76,250
98312.5,-6,-21,328
98315.0,169,71,292
98317.5,113,30,376
98320.0,-30,-41,253
98322.5,-58,-37,169
98325.0,10,-20,294
98327.5,-49,-23,367
98330.0,-106,-61,334
98332.5,-46,37,266
98335.0,95,-2,332
98337.5,62,73,251
98340.0,-51,-41,364
98342.5,8,12,317
98345.0,44,13,320
98347.5,44,13,320
98350.0,26,9,297
98352.5,20,-59,229
98355.0,-21,10,346
98357.5,78,-6,365
98360.0,10,-31,370
98362.5,-113,-119,290
98365.0,-64,-99,385
98367.5,-21,-26,327
98370.0,-100,-19,406
98372.5,52,25,313
98375.0,9,3,288
98377.5,-38,-32,301
98380.0,12,55,326
98382.5,-50,-15,282
98385.0,66,8,315
98387.5,-21,-45,318
98390.0,-19,-16,275
98392.5,15,-14,302
98395.0,37,-44,259
98397.5,37,-44,259
98400.0,17,5,315
98402.5,32,-9,243
98405.0,48,18,242
98407.5,-14,-32,282
98410.0,20,22,261
98412.5,40,31,337
98415.0,-30,-43,296
98417.5,41,9,312
98420.0,-24,-80,366
98422.5,11,-23,334
98425.0,58,-51,321
98427.5,28,2,323
98430.0,49,-3,305
98432.5,1,-8,266
98435.0,-68,-28,291
98437.5,57,-1,267
98440.0,-5,-1,284
98442.5,-72,-60,335
98445.0,-72,-60,335
98447.5,55,34,292
98450.0,12,0,334
98452.5,-7,-25,332
98455.0,-22,-21,306
98457.5,11,-2,358
98460.0,-10,-29,318
98462.5,106,-10,199
98465.0,15,-41,439
98467.5,-5,-61,197
98470.0,37,-25,128
98472.5,34,9,197
98475.0,-4,-42,347
98477.5,-66,-26,360
98480.0,-13,-21,436
98482.5,136,66,199
98485.0,12,37,312
98487.5,-24,-4,203
98490.0,47,-35,430
98492.5,106,38,316
98495.0,106,38,316
98497.5,-61,-17,240
98500.0,16,10,272
98502.5,16,5,347
98505.0,58,-7,347
98507.5,-57,-17,340
98510.0,43,6,259
98512.5,91,29,235
98515.0,-42,-28,417
98517.5,-40,6,358
98520.0,44,33,364
98522.5,-18,-27,412
98525.0,-21,-34,315
98527.5,31,-8,170
98530.0,-35,-15,219
98532.5,18,-28,344
98535.0,-17,-38,364
98537.5,6,40,213
98540.0,-50,-45,263
98542.5,-16,-10,279
98545.0,-16,-10,279
98547.5,6,9,396
98550.0,-47,-84,328
98552.5,-10,13,354
98555.0,85,17,147
98557.5,-28,30,361
98560.0,-22,-23,257
98562.5,37,-13,283
98565.0,-27,-78,397
98567.5,-1,0,378
98570.0,-1,-53,390
98572.5,-41,-10,268
98575.0,-45,-16,289
98577.5,67,27,246
98580.0,37,33,227
98582.5,56,-11,327
98585.0,-89,-28,311
98587.5,51,-23,281
98590.0,112,33,279
98592.5,-25,5,315
98595.0,-25,5,315
98597.5,105,107,259
98600.0,-30,-63,312
98602.5,26,0,273
98605.0,-50,-71,426
98607.5,9,-25,344
98610.0,98,51,312
98612.5,52,5,287
98615.0,37,24,253
98617.5,7,48,216
98620.0,4,0,232
98622.5,8,6,327
98625.0,21,4,331
98627.5,-2,14,272
98630.0,-33,-30,297
98632.5,-12,-37,357
98635.0,-67,-28,265
98637.5,18,44,331
98640.0,49,-9,321
98642.5,62,8,215
98645.0,62,8,215
98647.5,65,34,391
98650.0,-219,-97,191
98652.5,21,32,395
98655.0,5,-9,451
98657.5,-61,-36,315
98660.0,55,27,130
98662.5,-91,-33,328
98665.0,38,-11,222
98667.5,38,22,400
98670.0,-47,-67,311
98672.5,-25,20,236
98675.0,-5,-17,338
98677.5,-11,-28,315
98680.0,60,-31,315
98682.5,29,-55,326
98685.0,75,36,266
98687.5,-6,-42,342
98690.0,-38,-15,283
98692.5,32,-1,321
98695.0,32,-1,321
98697.5,80,26,443
98700.0,89,125,310
98702.5,120,176,260
98705.0,60,84,358
98707.5,78,7,275
98710.0,31,30,354
98712.5,24,18,226
98715.0,-17,-3,256
98717.5,21,2,359
98720.0,-52,-31,345
98722.5,-37,-46,283
98725.0,21,-6,299
98727.5,-47,-48,382
98730.0,89,-64,310
98732.5,11,-21,301
98735.0,-57,2,344
98737.5,66,14,226
98740.0,41,-44,330
98742.5,25,-27,275
98745.0,25,-27,275
98747.5,4,-21,275
98750.0,-61,-28,343
98752.5,-15,-40,303
98755.0,-4,28,280
98757.5,57,7,353
98760.0,4,-4,233
98762.5,-41,-31,309
98765.0,-34,-20,311
98767.5,-3,-14,309
98770.0,-72,-33,308
98772.5,45,7,209
98775.0,4,-9,345
98777.5,-37,-54,374
98780.0,-9,17,329
98782.5,-40,-31,337
98785.0,20,-89,315
98787.5,54,-14,298
98790.0,-2,-25,337
98792.5,65,8,283
98795.0,65,8,283
98797.5,33,-5,264
98800.0,-44,-10,289
98802.5,-8,-4,259
98805.0,28,59,290
98807.5,22,23,338
98810.0,-8,-35,313
98812.5,39,-11,304
98815.0,-56,12,343
98817.5,28,-21,316
98820.0,-13,-17,348
98822.5,24,-11,325
98825.0,35,6,251
98827.5,-1,-2,315
98830.0,81,51,257
98832.5,-15,-45,303
98835.0,-3,-7,294
98837.5,-13,-7,288
98840.0,19,-15,280
98842.5,-89,-45,126
98845.0,-89,-45,126
98847.5,-92,-35,160
98850.0,50,-7,397
98852.5,6,-12,369
98855.0,30,40,398
98857.5,-32,-48,490
98860.0,77,89,195
98862.5,-43,-5,228
98865.0,-36,-29,212
98867.5,61,20,411
98870.0,35,-16,281
98872.5,-30,-36,272
98875.0,35,15,214
98877.5,22,0,311
98880.0,7,24,300
98882.5,34,-2,306
98885.0,49,-39,331
98887.5,23,15,217
98890.0,-83,-13,511
98892.5,-83,-13,511
98895.0,-26,-22,470
98897.5,61,50,501
98900.0,25,-11,480
98902.5,0,1,221
98905.0,96,4,157
98907.5,-48,-35,262
98910.0,-32,-6,336
98912.5,10,-35,329
98915.0,-40,22,279
98917.5,58,41,151
98920.0,43,-10,276
98922.5,37,-20,227
98925.0,-4,-8,356
98927.5,-9,-9,351
98930.0,-16,-65,237
98932.5,97,42,294
98935.0,-39,-114,435
98937.5,69,11,276
98940.0,8,50,355
98942.5,8,50,355
98945.0,-15,-31,263
98947.5,94,-4,308
98950.0,20,-61,152
98952.5,48,32,176
98955.0,-22,-78,412
98957.5,-12,5,328
98960.0,43,-14,299
98962.5,6,-11,314
98965.0,7,-39,341
98967.5,174,40,219
98970.0,-3,-11,248
98972.5,-12,-25,276
98975.0,-12,-17,368
98977.5,-3,-12,322
98980.0,37,-16,294
98982.5,50,8,292
98985.0,22,50,238
98987.5,30,-8,270
98990.0,-61,-56,326
98992.5,-61,-56,326
98995.0,71,25,301
98997.5,0,-19,320
99000.0,-35,-36,312
99002.5,72,-14,269
99005.0,10,0,345
99007.5,11,-61,271
99010.0,122,91,380
99012.5,-49,-118,321
99015.0,-53,-76,189
99017.5,14,-32,405
99020.0,-56,51,464
99022.5,21,12,282
99025.0,32,27,253
99027.5,9,-14,194
99030.0,12,13,245
99032.5,-17,-28,318
99035.0,70,37,291
99037.5,7,-40,292
99040.0,92,45,300
99042.5,92,45,300
99045.0,12,-33,347
99047.5,-48,-29,366
99050.0,-22,-43,260
99052.5,56,25,261
99055.0,59,18,201
99057.5,-52,-41,309
99060.0,-61,-42,374
99062.5,-275,-134,380
99065.0,316,115,333
99067.5,38,-12,384
99070.0,-61,-56,336
99072.5,21,-63,231
99075.0,66,52,314
99077.5,30,-14,306
99080.0,-60,-55,275
99082.5,-2,7,219
99085.0,71,-42,277
99087.5,-66,-43,353
99090.0,-27,18,368
99092.5,-27,18,368
99095.0,33,18,230
99097.5,-36,-40,374
99100.0,42,-50,263
99102.5,79,17,307
99105.0,44,17,206
99107.5,-85,-38,290
99110.0,-2,-18,302
99112.5,-33,-28,314
99115.0,-5,6,364
99117.5,-6,-33,308
99120.0,-1,25,343
99122.5,67,43,207
99125.0,26,-1,326
99127.5,-41,-60,282
99130.0,43,-9,251
99132.5,-4,18,282
99135.0,42,-41,226
99137.5,26,0,274
99140.0,54,33,288
99142.5,54,33,288
99145.0,40,-15,258
99147.5,36,9,306
99150.0,107,48,265
99152.5,18,-14,293
99155.0,-35,-48,316
99157.5,-16,21,280
99160.0,-9,-20,256
99162.5,-64,-13,296
99165.0,66,-13,263
99167.5,14,-23,282
99170.0,-26,4,322
99172.5,-2,-37,279
99175.0,14,3,323
99177.5,7,-13,356
99180.0,13,-21,302
99182.5,40,7,342
99185.0,12,-2,313
99187.5,-14,-33,307
99190.0,-1,-9,317
99192.5,-1,-9,317
99195.0,-3,-26,232
99197.5,77,36,264
99200.0,-57,-48,296
99202.5,45,16,272
99205.0,6,-10,306
99207.5,-47,-1,321
99210.0,20,1,333
99212.5,35,-31,307
99215.0,-99,-45,409
99217.5,67,88,439
99220.0,-7,54,363
99222.5,46,69,218
99225.0,-25,-70,392
99227.5,-44,-87,402
99230.0,6,3,299
99232.5,-5,15,307
99235.0,21,-32,213
99237.5,-26,11,226
99240.0,6,19,488
99242.5,6,19,488
99245.0,-1,-38,297
99247.5,-15,-3,200
99250.0,-57,-10,254
99252.5,41,7,235
99255.0,42,-42,371
99257.5,-6,-5,351
99260.0,41,-41,305
99262.5,54,1,303
99265.0,78,91,96
99267.5,121,-23,244
99270.0,21,-36,362
99272.5,33,-47,343
99275.0,-18,-40,366
99277.5,58,-14,370
99280.0,89,23,210
99282.5,30,6,340
99285.0,43,25,396
99287.5,-17,-28,294
99290.0,-46,-53,348
99292.5,-46,-53,348
99295.0,39,-3,225
99297.5,-18,43,202
99300.0,-53,-31,425
99302.5,1,-42,397
99305.0,-19,-48,390
99307.5,36,5,262
99310.0,63,-31,208
99312.5,-57,-66,376
99315.0,4,-53,162
99317.5,-77,-53,267
99320.0,-35,31,324
99322.5,55,77,327
99325.0,27,-61,286
99327.5,2,-10,236
99330.0,137,-8,288
99332.5,26,-24,284
99335.0,14,23,184
99337.5,-30,-34,352
99340.0,-9,20,350
99342.5,-9,20,350
99345.0,84,-45,291
99347.5,33,7,343
99350.0,8,5,297
99352.5,44,0,341
99355.0,-27,-9,299
99357.5,51,-10,208
99360.0,115,3,341
99362.5,-6,-16,355
99365.0,-17,5,258
99367.5,-58,16,313
99370.0,13,-3,262
99372.5,19,15,288
99375.0,-33,-10,298
99377.5,28,4,273
99380.0,19,3,323
99382.5,-62,-72,352
99385.0,23,-4,284
99387.5,-79,57,280
99390.0,-159,2,304
99392.5,-159,2,304
99395.0,-93,-33,330
99397.5,-57,-35,422
99400.0,11,11,295
99402.5,-28,1,341
99405.0,57,19,206
99407.5,-6,-9,267
99410.0,3,-49,407
99412.5,78,18,339
99415.0,22,-53,251
99417.5,-32,-49,296
99420.0,81,23,275
99422.5,18,8,315
99425.0,-23,-32,274
99427.5,-76,-45,323
99430.0,22,-41,300
99432.5,-24,-54,391
99435.0,8,-51,250
99437.5,28,-28,352
99440.0,28,-28,352
99442.5,-29,-59,425
99445.0,43,-9,347
99447.5,-14,-24,199
99450.0,32,34,303
99452.5,-1,-24,349
99455.0,-24,0,350
99457.5,53,3,231
99460.0,-59,-5,283
99462.5,11,-11,267
99465.0,37,77,230
99467.5,132,-43,306
99470.0,114,100,243
99472.5,-46,-9,298
99475.0,32,-17,351
99477.5,41,13,309
99480.0,-28,-17,226
99482.5,-24,-75,328
99485.0,47,-10,253
99487.5,10,9,362
99490.0,10,9,362
99492.5,-38,-3,388
99495.0,-17,-60,252
99497.5,-66,-60,358
99500.0,58,51,264
99502.5,56,1,283
99505.0,-35,15,322
99507.5,124,34,281
99510.0,-48,-46,330
99512.5,96,35,385
99515.0,-16,-65,319
99517.5,-27,-25,304
99520.0,-6,-7,309
99522.5,33,29,257
99525.0,14,-21,306
99527.5,-7,19,288
99530.0,-8,-14,312
99532.5,6,4,297
99535.0,39,37,289
99537.5,0,7,311
99540.0,0,7,311
99542.5,-37,27,352
99545.0,14,-11,310
99547.5,4,2,338
99550.0,2,6,339
99552.5,-27,-24,309
99555.0,-46,1,333
99557.5,11,-7,271
99560.0,79,14,268
99562.5,-93,-70,308
99565.0,35,20,284
99567.5,-9,-48,320
99570.0,-24,-45,331
99572.5,28,-5,307
99575.0,60,-9,339
99577.5,7,-27,299
99580.0,14,-16,283
99582.5,-49,-56,327
99585.0,40,5,247
99587.5,54,1,268
99590.0,54,1,268
99592.5,13,6,297
99595.0,-106,-16,363
99597.5,66,101,422
99600.0,114,71,336
99602.5,69,64,236
99605.0,15,-12,418
99607.5,32,-57,477
99610.0,10,-31,274
99612.5,-39,-34,373
99615.0,42,-10,192
99617.5,30,6,281
99620.0,-41,-26,462
99622.5,50,17,336
99625.0,0,-6,327
99627.5,-65,3,215
99630.0,24,8,305
99632.5,-7,-56,342
99635.0,-56,-93,320
99637.5,79,106,235
99640.0,79,106,235
99642.5,35,1,192
99645.0,43,39,336
99647.5,-14,-53,297
99650.0,7,8,352
99652.5,41,-18,289
99655.0,-30,-16,282
99657.5,-20,5,175
99660.0,-12,-17,272
99662.5,16,-38,356
99665.0,42,31,271
99667.5,4,20,280
99670.0,-87,1,318
99672.5,-60,-4,487
99675.0,80,20,367
99677.5,7,-33,333
99680.0,54,32,176
99682.5,-55,-36,228
99685.0,52,-28,206
99687.5,16,-43,312
99690.0,16,-43,312
99692.5,5,-6,422
99695.0,77,-18,297
99697.5,15,-46,314
99700.0,-123,-49,331
99702.5,-13,-68,342
99705.0,52,-88,204
99707.5,-56,-78,250
99710.0,-22,-36,340
99712.5,68,19,346
99715.0,-32,14,166
99717.5,-50,-66,284
99720.0,75,27,261
99722.5,48,19,318
99725.0,-21,-17,321
99727.5,-3,-27,276
99730.0,16,-25,302
99732.5,33,-17,373
99735.0,43,3,354
99737.5,-31,-18,342
99740.0,-31,-18,342
99742.5,-12,-23,276
99745.0,-2,-21,306
99747.5,-7,-23,303
99750.0,70,44,277
99752.5,22,11,337
99755.0,16,32,328
99757.5,-52,5,229
99760.0,13,-31,323
99762.5,48,52,233
99765.0,140,-102,448
99767.5,36,-76,258
99770.0,91,-11,314
99772.5,14,-10,482
99775.0,-14,-25,405
99777.5,103,5,186
99780.0,28,2,326
99782.5,40,-39,266
99785.0,62,19,355
99787.5,-12,-28,316
99790.0,-12,-28,316
99792.5,27,-2,252
99795.0,26,-34,313
99797.5,30,33,345
99800.0,73,16,294
99802.5,-23,-1,361
99805.0,34,44,228
99807.5,-1,12,299
99810.0,38,36,258
99812.5,-21,-18,282
99815.0,-18,2,299
99817.5,39,-34,370
99820.0,-59,-42,213
99822.5,95,-11,356
99825.0,-4,-25,278
99827.5,33,-5,173
99830.0,56,-39,339
99832.5,-6,8,349
99835.0,72,35,225
99837.5,25,-41,282
99840.0,25,-41,282
99842.5,29,20,332
99845.0,16,-9,223
99847.5,-18,-10,349
99850.0,36,15,235
99852.5,-35,-32,415
99855.0,5,23,298
99857.5,5,-73,296
99860.0,-23,-71,226
99862.5,23,-1,284
99865.0,-61,-9,335
99867.5,-40,-32,366
99870.0,67,13,306
99872.5,41,-13,292
99875.0,1,35,295
99877.5,42,5,324
99880.0,54,-9,361
99882.5,38,4,235
99885.0,-8,37,286
99887.5,51,2,264
99890.0,51,2,264
99892.5,18,-33,281
99895.0,4,19,368
99897.5,-17,-39,358
99900.0,23,42,285
99902.5,11,6,236
99905.0,32,-4,364
99907.5,-13,-22,302
99910.0,25,-6,353
99912.5,5,-14,301
99915.0,23,-18,258
99917.5,-77,-12,301
99920.0,47,15,241
99922.5,8,-22,322
99925.0,22,-1,289
99927.5,12,-2,305
99930.0,2,13,321
99932.5,17,13,308
99935.0,38,-24,304
99937.5,-12,-20,319
99940.0,-12,-20,319
99942.5,11,-1,310
99945.0,28,1,248
99947.5,-15,17,320
99950.0,65,3,259
99952.5,11,-62,300
99955.0,-13,8,310
99957.5,-2,-2,279
99960.0,13,-19,321
99962.5,12,-34,357
99965.0,55,8,330
99967.5,-72,-41,406
99970.0,10,-43,383
99972.5,134,40,90
99975.0,-69,-23,146
99977.5,159,-1,367
99980.0,24,-56,424
99982.5,-6,-9,358
99985.0,11,11,337
99987.5,11,11,337
99990.0,69,9,96
99992.5,-13,-16,250
99995.0,40,-16,326
99997.5,29,-34,511
100000.0,41,-28,264
100002.5,66,-2,224
100005.0,30,13,255
100007.5,-9,13,330
100010.0,-24,11,318
100012.5,-45,-26,319
100015.0,44,25,216
100017.5,-108,19,370
100020.0,-99,-102,397
100022.5,93,70,368
100025.0,-39,-27,483
100027.5,0,5,287
100030.0,23,3,106
100032.5,-11,-15,240
100035.0,39,-28,388
100037.5,39,-28,388
100040.0,-12,-39,420
100042.5,35,-28,361
100045.0,33,27,252
100047.5,-13,-6,299
100050.0,79,25,302
100052.5,16,-11,428
100055.0,-95,-32,377
100057.5,11,23,411
100060.0,101,-27,156
100062.5,69,9,168
100065.0,-54,-69,279
100067.5,71,-6,308
100070.0,-69,7,223
100072.5,14,5,337
100075.0,-54,-29,343
100077.5,24,12,448
100080.0,29,-53,305
100082.5,18,21,223
100085.0,79,12,236
100087.5,79,12,236
100090.0,41,20,281
100092.5,-21,-88,126
100095.0,44,-29,283
100097.5,-22,-10,373
100100.0,24,-11,322
100102.5,11,1,333
100105.0,26,1,294
100107.5,-17,-59,379
100110.0,41,41,373
100112.5,50,12,234
100115.0,-1,-22,336
100117.5,-54,11,361
100120.0,-35,-33,289
100122.5,-6,9,336
100125.0,6,-32,270
100127.5,44,-15,284
100130.0,16,-13,298
100132.5,44,54,276
100135.0,-8,40,269
100137.5,-8,40,269
100140.0,4,-38,340
100142.5,51,19,281
100145.0,-237,-154,425
100147.5,-32,76,362
100150.0,-119,-158,453
100152.5,124,76,205
100155.0,-18,18,305
100157.5,-59,5,399
100160.0,-14,20,247
100162.5,116,48,225
100165.0,-50,-8,346
100167.5,-6,-22,335
100170.0,62,-24,314
100172.5,17,-11,265
100175.0,-8,-27,210
100177.5,23,35,315
100180.0,-67,-33,319
100182.5,51,17,319
100185.0,-24,-25,340
100187.5,-24,-25,340
100190.0,23,33,314
100192.5,69,-14,296
100195.0,-36,-42,366
100197.5,11,47,202
100200.0,-136,-83,306
100202.5,52,-96,294
100205.0,61,29,332
100207.5,56,-1,372
100210.0,35,11,180
100212.5,8,-10,259
100215.0,-29,-32,363
100217.5,5,16,377
100220.0,97,8,191
100222.5,-36,6,278
100225.0,-17,-17,262
100227.5,61,20,357
100230.0,-100,-27,257
100232.5,6,-8,262
100235.0,41,-31,268
100237.5,41,-31,268
100240.0,14,-80,402
100242.5,68,13,275
100245.0,184,175,274
100247.5,127,-14,279
100250.0,161,36,245
100252.5,16,27,416
100255.0,-31,14,232
100257.5,-16,-24,271
100260.0,10,6,309
100262.5,61,35,296
100265.0,-5,-34,356
100267.5,-8,5,353
100270.0,32,11,295
100272.5,25,-23,314
100275.0,8,-34,301
100277.5,13,3,304
100280.0,-28,-42,353
100282.5,28,-11,239
100285.0,52,-1,294
100287.5,52,-1,294
100290.0,20,-13,310
100292.5,45,-7,257
100295.0,28,3,289
100297.5,-14,-47,359
100300.0,73,29,339
100302.5,24,11,328
100305.0,13,-2,357
100307.5,7,-30,280
100310.0,9,25,336
100312.5,-18,-33,254
100315.0,34,24,236
100317.5,28,14,328
100320.0,10,-10,276
100322.5,-32,-23,323
100325.0,11,-9,335
100327.5,57,-19,257
100330.0,9,6,326
100332.5,-8,-19,301
100335.0,73,-23,333
100337.5,73,-23,333
100340.0,-70,-61,329
100342.5,19,5,284
100345.0,9,-12,232
100347.5,3,12,227
100350.0,-82,-23,239
100352.5,-8,21,223
100355.0,38,-19,259
100357.5,-16,35,296
100360.0,43,59,468
100362.5,-13,4,386
100365.0,49,-17,312
100367.5,24,16,181
100370.0,3,-18,154
100372.5,70,-10,310
100375.0,-20,-61,365
100377.5,-3,-4,246
100380.0,16,8,210
100382.5,42,-16,358
100385.0,69,6,352
100387.5,69,6,352
100390.0,-52,-33,391
100392.5,6,-18,301
100395.0,96,46,61
100397.5,-13,-88,332
100400.0,18,3,350
100402.5,-41,-67,382
100405.0,-47,-55,372
100407.5,150,20,162
100410.0,-24,-52,336
100412.5,-10,-34,258
100415.0,31,-20,381
100417.5,4,-27,420
100420.0,-46,54,222
100422.5,-59,-69,212
100425.0,-67,-26,369
100427.5,16,1,316
100430.0,36,19,382
100432.5,12,-21,292
100435.0,90,45,211
100437.5,90,45,211
100440.0,-132,-52,455
100442.5,24,-52,268
100445.0,28,18,341
100447.5,-34,-11,251
100450.0,5,-10,292
100452.5,-27,-39,261
100455.0,-19,-4,306
100457.5,81,-13,246
100460.0,-22,9,317
100462.5,13,-8,253
100465.0,-21,13,363
100467.5,-19,-37,367
100470.0,21,17,291
100472.5,-42,-2,398
100475.0,-4,2,301
100477.5,37,-40,261
100480.0,-36,-5,306
100482.5,-17,-43,229
100485.0,-17,-43,229
100487.5,33,0,300
100490.0,-3,4,365
100492.5,52,-4,282
100495.0,33,-21,368
100497.5,-13,-23,258
100500.0,-14,-40,288
100502.5,13,5,313
100505.0,24,-34,249
100507.5,37,-13,332
100510.0,16,-33,326
100512.5,33,8,256
100515.0,62,-3,282
100517.5,174,-19,275
100520.0,82,79,229
100522.5,-174,-117,362
100525.0,-35,-35,306
100527.5,-36,-6,331
100530.0,92,5,229
100532.5,35,20,301
100535.0,35,20,301
100537.5,-59,-44,391
100540.0,23,-20,303
100542.5,55,-16,263
100545.0,-3,-29,282
100547.5,19,-59,286
100550.0,34,21,330
100552.5,-27,2,333
100555.0,57,32,317
100557.5,45,-28,356
100560.0,105,19,246
100562.5,68,25,274
100565.0,-136,-76,318
100567.5,-179,-211,241
100570.0,51,-7,393
100572.5,17,-27,300
100575.0,35,26,222
100577.5,-35,-15,217
100580.0,35,-29,297
100582.5,28,20,381
100585.0,28,20,381
100587.5,-76,-22,423
100590.0,-4,23,306
100592.5,95,85,241
100595.0,-105,12,263
100597.5,28,23,221
100600.0,37,21,288
100602.5,-38,8,247
100605.0,25,-86,307
100607.5,-16,-6,392
100610.0,-55,6,464
100612.5,29,-40,321
100615.0,-30,-38,394
100617.5,-1,3,252
100620.0,33,26,255
100622.5,24,3,286
100625.0,37,12,259
100627.5,1,-9,291
100630.0,-35,-42,379
100632.5,37,-8,348
100635.0,37,-8,348
100637.5,-13,31,258
100640.0,7,26,294
100642.5,51,13,329
100645.0,72,-4,310
100647.5,64,-3,269
100650.0,71,7,258
100652.5,32,-40,302
100655.0,46,5,246
100657.5,-13,-10,322
100660.0,-6,-1,305
100662.5,55,-15,308
100665.0,27,19,341
100667.5,19,-8,317
100670.0,76,2,271
100672.5,-45,-61,354
100675.0,-18,-13,330
100677.5,-16,-24,250
100680.0,-5,12,295
100682.5,85,20,248
100685.0,85,20,248
100687.5,58,42,264
100690.0,-9,-29,310
100692.5,13,-14,303
100695.0,-22,7,332
100697.5,-17,-44,334
100700.0,40,23,300
100702.5,29,-39,356
100705.0,38,-27,288
100707.5,53,6,256
100710.0,6,-1,336
100712.5,16,-10,235
100715.0,-43,-7,295
100717.5,6,10,295
100720.0,21,1,219
100722.5,-126,7,491
100725.0,-101,-79,189
100727.5,95,69,196
100730.0,-22,-16,444
100732.5,-1,-51,480
100735.0,-1,-51,480
100737.5,-17,-3,239
100740.0,-32,-19,400
100742.5,39,24,206
100745.0,-56,-10,196
100747.5,39,8,247
100750.0,-6,-27,415
100752.5,20,23,331
100755.0,-19,-31,262
100757.5,27,11,337
100760.0,17,0,340
100762.5,41,12,242
100765.0,45,-23,289
100767.5,9,-30,245
100770.0,142,31,120
100772.5,-122,-28,179
100775.0,-87,-76,337
100777.5,74,24,381
100780.0,-41,-26,404
100782.5,8,-44,156
100785.0,8,-44,156
100787.5,29,40,300
100790.0,-11,-15,285
100792.5,-18,-17,379
100795.0,-6,40,332
100797.5,-79,-24,326
100800.0,42,37,265
100802.5,86,-38,192
100805.0,-30,-56,283
100807.5,61,52,357
100810.0,54,-28,331
100812.5,66,47,272
100815.0,5,-7,511
100817.5,-17,-104,391
100820.0,-9,-34,363
100822.5,16,23,305
100825.0,-71,-61,179
100827.5,143,34,108
100830.0,-13,-60,294
100832.5,89,25,322
100835.0,89,25,322
100837.5,9,19,364
100840.0,-45,5,288
100842.5,67,9,269
100845.0,-37,-43,318
100847.5,23,5,313
100850.0,79,-14,291
100852.5,-13,-36,273
100855.0,58,6,286
100857.5,10,22,271
100860.0,-49,-36,391
100862.5,98,55,339
100865.0,31,8,307
100867.5,-25,-34,248
100870.0,12,13,308
100872.5,-36,-19,338
100875.0,19,-1,349
100877.5,18,11,355
100880.0,15,-22,326
100882.5,11,-6,197
100885.0,11,-6,197
100887.5,-19,-15,304
100890.0,58,1,233
100892.5,59,-57,303
100895.0,-99,34,338
100897.5,109,40,307
100900.0,119,75,385
100902.5,-14,-20,319
100905.0,0,-25,288
100907.5,-31,-25,275
100910.0,52,-6,248
100912.5,-14,-51,374
100915.0,51,34,297
100917.5,7,-5,254
100920.0,12,13,308
100922.5,-29,-49,307
100925.0,26,6,304
100927.5,18,5,370
100930.0,27,29,267
100932.5,27,29,267
100935.0,92,-13,257
100937.5,36,-45,241
100940.0,-163,-54,236
100942.5,-133,-58,347
100945.0,59,-90,326
100947.5,78,4,338
100950.0,-16,-52,292
100952.5,4,2,268
100955.0,82,27,249
100957.5,-13,-27,380
100960.0,14,-16,210
100962.5,45,-17,244
100965.0,-93,-25,444
100967.5,-11,-3,327
100970.0,-37,-68,368
100972.5,26,46,346
100975.0,68,38,335
100977.5,-31,-43,311
100980.0,104,74,340
100982.5,104,74,340
100985.0,49,-21,289
100987.5,27,-24,312
100990.0,69,17,250
100992.5,10,2,295
100995.0,-41,-10,347
100997.5,96,26,241
101000.0,120,25,246
101002.5,-60,-22,353
101005.0,12,-20,298
101007.5,-32,-29,352
101010.0,65,4,300
101012.5,35,24,255
101015.0,-57,-30,371
101017.5,17,27,207
101020.0,38,1,308
101022.5,-13,-24,279
101025.0,36,-4,286
101027.5,-9,10,265
101030.0,-28,-17,346
101032.5,-28,-17,346
101035.0,-28,-21,289
101037.5,18,7,375
101040.0,-10,0,302
101042.5,45,16,228
101045.0,13,-4,323
101047.5,27,-13,244
101050.0,6,-23,274
101052.5,2,-7,310
101055.0,19,20,275
101057.5,6,-20,313
101060.0,-11,-6,349
101062.5,21,31,310
101065.0,14,10,337
101067.5,-11,-18,329
101070.0,17,-24,290
101072.5,-3,-15,347
101075.0,-5,-5,240
101077.5,47,-6,252
101080.0,-49,-30,291
101082.5,-49,-30,291
101085.0,23,29,267
101087.5,-8,-43,310
101090.0,30,15,354
